x,y,rho,ux,uy
0,0,1,0,0
0,1,1,0.00343474,0
0,2,1,0.0068612,0
0,3,1,0.0102711,0
0,4,1,0.0136563,0
0,5,1,0.0170086,0
0,6,1,0.0203199,0
0,7,1,0.0235823,0
0,8,1,0.0267878,0
0,9,1,0.0299289,0
0,10,1,0.0329978,0
0,11,1,0.0359872,0
0,12,1,0.0388899,0
0,13,1,0.041699,0
0,14,1,0.0444075,0
0,15,1,0.0470091,0
0,16,1,0.0494975,0
0,17,1,0.0518666,0
0,18,1,0.0541107,0
0,19,1,0.0562245,0
0,20,1,0.0582029,0
0,21,1,0.060041,0
0,22,1,0.0617345,0
0,23,1,0.0632793,0
0,24,1,0.0646716,0
0,25,1,0.0659081,0
0,26,1,0.0669858,0
0,27,1,0.0679022,0
0,28,1,0.068655,0
0,29,1,0.0692424,0
0,30,1,0.0696629,0
0,31,1,0.0699157,0
0,32,1,0.07,0
0,33,1,0.0699157,0
0,34,1,0.0696629,0
0,35,1,0.0692424,0
0,36,1,0.068655,0
0,37,1,0.0679022,0
0,38,1,0.0669858,0
0,39,1,0.0659081,0
0,40,1,0.0646716,0
0,41,1,0.0632793,0
0,42,1,0.0617345,0
0,43,1,0.060041,0
0,44,1,0.0582029,0
0,45,1,0.0562245,0
0,46,1,0.0541107,0
0,47,1,0.0518666,0
0,48,1,0.0494975,0
0,49,1,0.0470091,0
0,50,1,0.0444075,0
0,51,1,0.041699,0
0,52,1,0.0388899,0
0,53,1,0.0359872,0
0,54,1,0.0329978,0
0,55,1,0.0299289,0
0,56,1,0.0267878,0
0,57,1,0.0235823,0
0,58,1,0.0203199,0
0,59,1,0.0170086,0
0,60,1,0.0136563,0
0,61,1,0.0102711,0
0,62,1,0.0068612,0
0,63,1,0.00343474,0
0,64,1,8.57253e-18,0
0,65,1,-0.00343474,0
0,66,1,-0.0068612,0
0,67,1,-0.0102711,0
0,68,1,-0.0136563,0
0,69,1,-0.0170086,0
0,70,1,-0.0203199,0
0,71,1,-0.0235823,0
0,72,1,-0.0267878,0
0,73,1,-0.0299289,0
0,74,1,-0.0329978,0
0,75,1,-0.0359872,0
0,76,1,-0.0388899,0
0,77,1,-0.041699,0
0,78,1,-0.0444075,0
0,79,1,-0.0470091,0
0,80,1,-0.0494975,0
0,81,1,-0.0518666,0
0,82,1,-0.0541107,0
0,83,1,-0.0562245,0
0,84,1,-0.0582029,0
0,85,1,-0.060041,0
0,86,1,-0.0617345,0
0,87,1,-0.0632793,0
0,88,1,-0.0646716,0
0,89,1,-0.0659081,0
0,90,1,-0.0669858,0
0,91,1,-0.0679022,0
0,92,1,-0.068655,0
0,93,1,-0.0692424,0
0,94,1,-0.0696629,0
0,95,1,-0.0699157,0
0,96,1,-0.07,0
0,97,1,-0.0699157,0
0,98,1,-0.0696629,0
0,99,1,-0.0692424,0
0,100,1,-0.068655,0
0,101,1,-0.0679022,0
0,102,1,-0.0669858,0
0,103,1,-0.0659081,0
0,104,1,-0.0646716,0
0,105,1,-0.0632793,0
0,106,1,-0.0617345,0
0,107,1,-0.060041,0
0,108,1,-0.0582029,0
0,109,1,-0.0562245,0
0,110,1,-0.0541107,0
0,111,1,-0.0518666,0
0,112,1,-0.0494975,0
0,113,1,-0.0470091,0
0,114,1,-0.0444075,0
0,115,1,-0.041699,0
0,116,1,-0.0388899,0
0,117,1,-0.0359872,0
0,118,1,-0.0329978,0
0,119,1,-0.0299289,0
0,120,1,-0.0267878,0
0,121,1,-0.0235823,0
0,122,1,-0.0203199,0
0,123,1,-0.0170086,0
0,124,1,-0.0136563,0
0,125,1,-0.0102711,0
0,126,1,-0.0068612,0
0,127,1,-0.00343474,0
1,0,1,0,0
1,1,1.03563,0.000572146,0.000144068
1,2,1.03548,0.000625623,0.000300984
1,3,1.03537,0.000625381,0.000398699
1,4,1.0353,0.000622407,0.000498256
1,5,1.03525,0.000622466,0.000598029
1,6,1.03518,0.000623208,0.000700504
1,7,1.0351,0.000623672,0.00080336
1,8,1.03501,0.00062387,0.000910987
1,9,1.0349,0.000623895,0.00101891
1,10,1.03478,0.000623623,0.00112917
1,11,1.03463,0.000622903,0.00123652
1,12,1.03447,0.000621499,0.00134311
1,13,1.03428,0.000619247,0.0014446
1,14,1.03408,0.000615916,0.00154391
1,15,1.03386,0.000611368,0.00163765
1,16,1.03363,0.000605394,0.00172915
1,17,1.03337,0.000597888,0.00181554
1,18,1.0331,0.000588662,0.00190012
1,19,1.0328,0.000577646,0.0019802
1,20,1.03249,0.000564679,0.00205879
1,21,1.03216,0.000549731,0.00213329
1,22,1.0318,0.00053268,0.00220634
1,23,1.03142,0.000513535,0.00227541
1,24,1.03102,0.000492218,0.00234279
1,25,1.0306,0.00046878,0.00240608
1,26,1.03015,0.000443184,0.00246722
1,27,1.02967,0.000415522,0.00252394
1,28,1.02917,0.000385797,0.00257788
1,29,1.02863,0.000354141,0.00262694
1,30,1.02807,0.000320594,0.00267244
1,31,1.02748,0.000285326,0.00271248
1,32,1.02686,0.000248416,0.0027481
1,33,1.0262,0.000210065,0.00277761
1,34,1.02551,0.000170388,0.0028018
1,35,1.02479,0.000129615,0.00281923
1,36,1.02404,8.78946e-05,0.00283047
1,37,1.02326,4.5476e-05,0.00283434
1,38,1.02244,2.53436e-06,0.00283127
1,39,1.02159,-4.0668e-05,0.00282034
1,40,1.02072,-8.39394e-05,0.0028019
1,41,1.01981,-0.000127015,0.00277532
1,42,1.01888,-0.000169696,0.00274089
1,43,1.01792,-0.000211728,0.00269831
1,44,1.01694,-0.000252916,0.00264786
1,45,1.01595,-0.000293025,0.00258956
1,46,1.01493,-0.000331879,0.00252371
1,47,1.0139,-0.000369268,0.00245067
1,48,1.01286,-0.000405044,0.00237078
1,49,1.01182,-0.000439033,0.00228471
1,50,1.01077,-0.000471117,0.00219286
1,51,1.00972,-0.000501166,0.0020962
1,52,1.00867,-0.000529096,0.00199516
1,53,1.00763,-0.000554819,0.00189097
1,54,1.0066,-0.000578289,0.00178411
1,55,1.00558,-0.000599458,0.00167599
1,56,1.00458,-0.000618318,0.00156711
1,57,1.0036,-0.000634858,0.00145904
1,58,1.00264,-0.000649106,0.00135223
1,59,1.0017,-0.000661085,0.00124836
1,60,1.00079,-0.000670858,0.00114778
1,61,0.999907,-0.000678477,0.00105224
1,62,0.999049,-0.000684034,0.000961951
1,63,0.998218,-0.00068761,0.000878632
1,64,0.997414,-0.000689321,0.000802314
1,65,0.996638,-0.000689274,0.000734663
1,66,0.995888,-0.000687606,0.000675469
1,67,0.995163,-0.000684443,0.000626298
1,68,0.994462,-0.000679939,0.000586665
1,69,0.993783,-0.000674234,0.000558003
1,70,0.993124,-0.000667498,0.000539522
1,71,0.992482,-0.000659877,0.000532509
1,72,0.991855,-0.000651547,0.000535852
1,73,0.99124,-0.00064266,0.000550693
1,74,0.990634,-0.000633392,0.000575595
1,75,0.990035,-0.000623889,0.000611567
1,76,0.989439,-0.000614324,0.000656854
1,77,0.988843,-0.000604832,0.000712364
1,78,0.988244,-0.000595571,0.000776038
1,79,0.987639,-0.000586658,0.000848718
1,80,0.987027,-0.000578231,0.000928068
1,81,0.986403,-0.000570382,0.00101491
1,82,0.985765,-0.00056322,0.00110664
1,83,0.985112,-0.000556804,0.00120413
1,84,0.98444,-0.00055121,0.00130453
1,85,0.983749,-0.000546458,0.00140878
1,86,0.983035,-0.000542584,0.00151384
1,87,0.982298,-0.000539567,0.00162077
1,88,0.981537,-0.000537398,0.00172634
1,89,0.980751,-0.000536015,0.00183177
1,90,0.979938,-0.000535368,0.00193368
1,91,0.979098,-0.000535353,0.00203349
1,92,0.978232,-0.000535881,0.00212767
1,93,0.977339,-0.000536816,0.00221791
1,94,0.97642,-0.00053804,0.00230052
1,95,0.975475,-0.000539392,0.0023775
1,96,0.974506,-0.000540737,0.00244503
1,97,0.973514,-0.000541905,0.00250546
1,98,0.972502,-0.000542759,0.00255485
1,99,0.97147,-0.000543136,0.00259592
1,100,0.970422,-0.000542911,0.00262462
1,101,0.96936,-0.000541944,0.0026441
1,102,0.968287,-0.000540137,0.00265022
1,103,0.967207,-0.000537388,0.00264653
1,104,0.966125,-0.000533637,0.00262879
1,105,0.965043,-0.000528826,0.00260103
1,106,0.963966,-0.000522944,0.00255888
1,107,0.9629,-0.000515986,0.00250678
1,108,0.961848,-0.000507994,0.00244027
1,109,0.960816,-0.000499029,0.00236419
1,110,0.959809,-0.000489199,0.00227394
1,111,0.958832,-0.000478644,0.00217479
1,112,0.957892,-0.000467561,0.00206207
1,113,0.956992,-0.000456189,0.0019415
1,114,0.956139,-0.000444825,0.00180845
1,115,0.955338,-0.000433802,0.00166921
1,116,0.954594,-0.000423482,0.00151934
1,117,0.953912,-0.000414212,0.00136574
1,118,0.953296,-0.000406282,0.00120419
1,119,0.95275,-0.000399852,0.0010419
1,120,0.952278,-0.000394913,0.000874332
1,121,0.951883,-0.000391294,0.000708201
1,122,0.951569,-0.000388816,0.000537988
1,123,0.951341,-0.000387697,0.000370481
1,124,0.951205,-0.000390785,0.00020473
1,125,0.951165,-0.000405295,6.63434e-05
1,126,0.951197,-0.000442925,-4.05487e-06
1,127,1,-0.00343474,0
2,0,1,0,0
2,1,1.03542,-0.000223486,0.000233836
2,2,1.03537,-5.22515e-05,0.000658919
2,3,1.03532,-1.1072e-05,0.00101236
2,4,1.03527,-6.31091e-06,0.00132014
2,5,1.03521,-8.74961e-06,0.00160423
2,6,1.03514,-1.72498e-05,0.00188395
2,7,1.03506,-2.97701e-05,0.00216309
2,8,1.03497,-4.27712e-05,0.00244786
2,9,1.03486,-5.35142e-05,0.0027337
2,10,1.03473,-6.08074e-05,0.00302112
2,11,1.03459,-6.47083e-05,0.0033028
2,12,1.03443,-6.5952e-05,0.00357886
2,13,1.03424,-6.54937e-05,0.00384351
2,14,1.03404,-6.41777e-05,0.00409874
2,15,1.03383,-6.26206e-05,0.00434083
2,16,1.03359,-6.11597e-05,0.00457311
2,17,1.03334,-5.99259e-05,0.00479293
2,18,1.03306,-5.88816e-05,0.00500387
2,19,1.03277,-5.79236e-05,0.00520354
2,20,1.03246,-5.69025e-05,0.00539513
2,21,1.03212,-5.56962e-05,0.00557617
2,22,1.03177,-5.41909e-05,0.00574928
2,23,1.03139,-5.23287e-05,0.00591186
2,24,1.03099,-5.00644e-05,0.00606599
2,25,1.03057,-4.74035e-05,0.00620903
2,26,1.03012,-4.43509e-05,0.00634258
2,27,1.02965,-4.09497e-05,0.00646403
2,28,1.02914,-3.72288e-05,0.00657458
2,29,1.02861,-3.32458e-05,0.0066717
2,30,1.02805,-2.90345e-05,0.00675624
2,31,1.02747,-2.46509e-05,0.00682586
2,32,1.02685,-2.01222e-05,0.00688109
2,33,1.02619,-1.54924e-05,0.00691982
2,34,1.02551,-1.07739e-05,0.0069424
2,35,1.0248,-5.99234e-06,0.00694702
2,36,1.02405,-1.14014e-06,0.00693391
2,37,1.02327,3.77928e-06,0.00690165
2,38,1.02246,8.79548e-06,0.00685045
2,39,1.02162,1.3928e-05,0.00677932
2,40,1.02075,1.92272e-05,0.00668858
2,41,1.01985,2.47329e-05,0.00657773
2,42,1.01892,3.05118e-05,0.00644727
2,43,1.01797,3.66189e-05,0.00629724
2,44,1.017,4.31311e-05,0.00612836
2,45,1.01601,5.01112e-05,0.00594126
2,46,1.015,5.7639e-05,0.00573691
2,47,1.01398,6.57784e-05,0.00551653
2,48,1.01295,7.4605e-05,0.00528136
2,49,1.01191,8.41775e-05,0.00503315
2,50,1.01086,9.45618e-05,0.00477343
2,51,1.00982,0.000105806,0.00450441
2,52,1.00877,0.000117962,0.00422783
2,53,1.00774,0.000131065,0.00394632
2,54,1.00671,0.000145148,0.00366176
2,55,1.0057,0.000160228,0.00337706
2,56,1.0047,0.000176321,0.00309419
2,57,1.00372,0.000193423,0.00281621
2,58,1.00276,0.000211529,0.00254506
2,59,1.00182,0.000230612,0.00228387
2,60,1.0009,0.000250643,0.00203439
2,61,1.00002,0.000271575,0.00179969
2,62,0.999153,0.000293354,0.00158125
2,63,0.998318,0.00031591,0.00138197
2,64,0.997509,0.000339169,0.00120291
2,65,0.996727,0.000363039,0.00104668
2,66,0.995971,0.000387429,0.000913868
2,67,0.995239,0.000412232,0.000806698
2,68,0.994531,0.000437343,0.000725187
2,69,0.993844,0.000462644,0.000671121
2,70,0.993177,0.000488027,0.000643895
2,71,0.992527,0.00051337,0.000644825
2,72,0.991892,0.000538565,0.000672661
2,73,0.991268,0.000563497,0.000728249
2,74,0.990654,0.000588064,0.0008097
2,75,0.990046,0.000612161,0.000917422
2,76,0.989442,0.0006357,0.00104891
2,77,0.988838,0.000658591,0.0012042
2,78,0.988232,0.000680763,0.00138023
2,79,0.98762,0.000702141,0.00157672
2,80,0.987,0.000722672,0.00179012
2,81,0.98637,0.000742298,0.00201993
2,82,0.985727,0.000760985,0.00226218
2,83,0.985068,0.000778688,0.00251627
2,84,0.984392,0.000795387,0.00277788
2,85,0.983696,0.000811051,0.00304639
2,86,0.982979,0.000825673,0.00331722
2,87,0.98224,0.000839229,0.00358983
2,88,0.981476,0.000851723,0.00385945
2,89,0.980688,0.000863139,0.00412574
2,90,0.979874,0.000873487,0.00438378
2,91,0.979035,0.000882761,0.00463353
2,92,0.978169,0.000890978,0.00487002
2,93,0.977277,0.00089814,0.00509356
2,94,0.97636,0.000904275,0.0052992
2,95,0.975418,0.000909394,0.00548771
2,96,0.974452,0.000913541,0.0056542
2,97,0.973464,0.000916738,0.00579997
2,98,0.972456,0.000919047,0.00592024
2,99,0.971429,0.000920508,0.00601696
2,100,0.970386,0.000921199,0.00608546
2,101,0.96933,0.000921181,0.00612837
2,102,0.968263,0.000920552,0.00614119
2,103,0.96719,0.00091939,0.00612726
2,104,0.966114,0.000917815,0.00608224
2,105,0.965039,0.000915923,0.00601013
2,106,0.96397,0.000913847,0.00590675
2,107,0.96291,0.000911692,0.00577675
2,108,0.961865,0.000909592,0.00561601
2,109,0.96084,0.000907636,0.00542978
2,110,0.95984,0.000905922,0.00521401
2,111,0.958871,0.000904475,0.00497457
2,112,0.957936,0.000903295,0.00470757
2,113,0.957043,0.000902279,0.00441966
2,114,0.956196,0.000901266,0.00410741
2,115,0.9554,0.000899993,0.00377853
2,116,0.95466,0.000898171,0.00343039
2,117,0.953981,0.000895516,0.00307193
2,118,0.953367,0.000891907,0.00270121
2,119,0.952823,0.000887516,0.00232769
2,120,0.952352,0.000882934,0.00194883
2,121,0.951957,0.000878947,0.00157273
2,122,0.951643,0.000875371,0.00119511
2,123,0.951412,0.000867721,0.000826118
2,124,0.951266,0.000839498,0.000474677
2,125,0.951206,0.000756524,0.00018472
2,126,0.951221,0.000579534,1.84745e-05
2,127,1,-0.00343474,0
3,0,1,0,0
3,1,1.03528,0.000589427,0.000255398
3,2,1.03531,0.000786066,0.000816422
3,3,1.0353,0.000882447,0.00134928
3,4,1.03526,0.000932011,0.00182612
3,5,1.03521,0.000954207,0.00225699
3,6,1.03514,0.000955833,0.00266615
3,7,1.03507,0.000945719,0.00306498
3,8,1.03497,0.000932476,0.0034645
3,9,1.03486,0.000922218,0.0038621
3,10,1.03473,0.000917683,0.00425832
3,11,1.03459,0.000918836,0.00464513
3,12,1.03442,0.000924022,0.00502158
3,13,1.03424,0.000931014,0.0053809
3,14,1.03404,0.000937704,0.00572435
3,15,1.03382,0.000942436,0.00604777
3,16,1.03359,0.000944092,0.00635424
3,17,1.03333,0.00094203,0.0066411
3,18,1.03306,0.000935963,0.00691195
3,19,1.03277,0.000925828,0.0071645
3,20,1.03245,0.000911692,0.00740199
3,21,1.03212,0.000893668,0.00762201
3,22,1.03177,0.000871884,0.00782715
3,23,1.03139,0.000846458,0.0080148
3,24,1.03099,0.000817498,0.00818694
3,25,1.03057,0.000785104,0.00834085
3,26,1.03012,0.000749379,0.00847799
3,27,1.02965,0.000710426,0.00859564
3,28,1.02915,0.000668369,0.00869485
3,29,1.02862,0.000623342,0.00877301
3,30,1.02806,0.000575503,0.00883084
3,31,1.02748,0.000525026,0.00886595
3,32,1.02686,0.000472113,0.00887882
3,33,1.02621,0.000416979,0.00886738
3,34,1.02553,0.000359869,0.00883198
3,35,1.02482,0.00030104,0.00877095
3,36,1.02408,0.000240776,0.00868465
3,37,1.02331,0.00017937,0.00857191
3,38,1.02251,0.000117137,0.0084332
3,39,1.02167,5.43979e-05,0.00826791
3,40,1.02081,-8.51418e-06,0.00807674
3,41,1.01992,-7.12655e-05,0.00785971
3,42,1.019,-0.000133519,0.00761781
3,43,1.01806,-0.000194944,0.00735174
3,44,1.01709,-0.000255217,0.00706282
3,45,1.01611,-0.000314028,0.00675245
3,46,1.01511,-0.000371083,0.0064223
3,47,1.01409,-0.000426108,0.00607441
3,48,1.01307,-0.00047885,0.00571083
3,49,1.01203,-0.000529079,0.00533416
3,50,1.01099,-0.000576593,0.00494677
3,51,1.00995,-0.000621214,0.00455175
3,52,1.00891,-0.00066279,0.00415169
3,53,1.00788,-0.000701198,0.00375008
3,54,1.00686,-0.000736335,0.00334961
3,55,1.00585,-0.000768129,0.00295403
3,56,1.00485,-0.000796526,0.00256602
3,57,1.00387,-0.000821499,0.00218943
3,58,1.00291,-0.000843042,0.00182681
3,59,1.00197,-0.000861167,0.00148194
3,60,1.00105,-0.00087591,0.00115712
3,61,1.00016,-0.000887325,0.000855934
3,62,0.999295,-0.000895484,0.00058025
3,63,0.998455,-0.000900477,0.000333324
3,64,0.997641,-0.000902412,0.000116495
3,65,0.996853,-0.000901412,-6.74278e-05
3,66,0.99609,-0.000897618,-0.00021775
3,67,0.995351,-0.000891181,-0.0003322
3,68,0.994634,-0.000882268,-0.000410804
3,69,0.993939,-0.000871056,-0.000451888
3,70,0.993263,-0.000857734,-0.000456247
3,71,0.992604,-0.000842496,-0.000422827
3,72,0.991959,-0.000825544,-0.00035321
3,73,0.991326,-0.000807083,-0.000246951
3,74,0.990702,-0.000787321,-0.000106401
3,75,0.990085,-0.000766464,6.83201e-05
3,76,0.989471,-0.000744714,0.000274137
3,77,0.988857,-0.000722269,0.000510437
3,78,0.988242,-0.000699316,0.000773489
3,79,0.987621,-0.000676033,0.00106228
3,80,0.986993,-0.000652584,0.00137251
3,81,0.986354,-0.000629114,0.00170289
3,82,0.985703,-0.000605751,0.00204863
3,83,0.985037,-0.000582603,0.00240828
3,84,0.984353,-0.000559753,0.00277668
3,85,0.983651,-0.00053726,0.00315234
3,86,0.982929,-0.000515157,0.00352984
3,87,0.982184,-0.000493452,0.00390778
3,88,0.981416,-0.000472123,0.00428057
3,89,0.980624,-0.000451124,0.00464702
3,90,0.979807,-0.000430383,0.00500147
3,91,0.978965,-0.000409804,0.0053431
3,92,0.978097,-0.000389269,0.00566626
3,93,0.977205,-0.000368643,0.00597058
3,94,0.976287,-0.000347776,0.00625054
3,95,0.975345,-0.000326508,0.00650634
3,96,0.974381,-0.000304675,0.00673266
3,97,0.973394,-0.000282113,0.00693038
3,98,0.972388,-0.000258662,0.00709442
3,99,0.971364,-0.000234174,0.00722644
3,100,0.970324,-0.000208516,0.00732168
3,101,0.969272,-0.000181571,0.0073826
3,102,0.96821,-0.000153244,0.00740477
3,103,0.967141,-0.000123462,0.00739151
3,104,0.96607,-9.21746e-05,0.00733867
3,105,0.965,-5.93532e-05,0.00725038
3,106,0.963936,-2.4999e-05,0.00712274
3,107,0.962882,1.08537e-05,0.00696063
3,108,0.961843,4.81188e-05,0.0067603
3,109,0.960824,8.66373e-05,0.00652732
3,110,0.95983,0.000126138,0.0062581
3,111,0.958865,0.000166194,0.00595892
3,112,0.957936,0.00020617,0.00562654
3,113,0.957047,0.000245187,0.00526821
3,114,0.956204,0.000282092,0.00488145
3,115,0.955412,0.000315509,0.00447494
3,116,0.954675,0.000343944,0.00404739
3,117,0.953998,0.000366033,0.0036091
3,118,0.953386,0.000380899,0.00315982
3,119,0.952842,0.000388612,0.00271054
3,120,0.952371,0.000390463,0.0022603
3,121,0.951975,0.000388402,0.00181844
3,122,0.951658,0.000382154,0.00138189
3,123,0.951422,0.000362037,0.000961358
3,124,0.951269,0.000296335,0.000565127
3,125,0.951198,0.000121452,0.000234121
3,126,0.951209,-0.000233641,3.02428e-05
3,127,1,-0.00343474,0
4,0,1,0,0
4,1,1.03526,-0.000372814,0.000263132
4,2,1.0353,-0.000231694,0.000870236
4,3,1.03531,-9.44343e-05,0.00149154
4,4,1.03528,1.03179e-05,0.00206439
4,5,1.03524,6.7482e-05,0.00258062
4,6,1.03518,8.24068e-05,0.00306203
4,7,1.0351,7.12554e-05,0.00352299
4,8,1.035,5.13881e-05,0.0039777
4,9,1.03489,3.55904e-05,0.00442566
4,10,1.03476,3.02918e-05,0.00486828
4,11,1.03461,3.66245e-05,0.00529759
4,12,1.03444,5.24877e-05,0.0057122
4,13,1.03426,7.44859e-05,0.00610482
4,14,1.03406,9.92483e-05,0.00647611
4,15,1.03384,0.000124127,0.00682156
4,16,1.0336,0.000147399,0.00714393
4,17,1.03335,0.000168192,0.00744046
4,18,1.03307,0.000186264,0.00771467
4,19,1.03278,0.000201777,0.00796434
4,20,1.03246,0.00021509,0.00819269
4,21,1.03213,0.000226618,0.00839744
4,22,1.03178,0.000236746,0.0085812
4,23,1.0314,0.000245791,0.00874147
4,24,1.031,0.000253985,0.00888026
4,25,1.03058,0.00026149,0.00899497
4,26,1.03013,0.000268403,0.00908709
4,27,1.02966,0.000274777,0.00915407
4,28,1.02916,0.00028063,0.009197
4,29,1.02864,0.000285956,0.00921349
4,30,1.02809,0.000290732,0.00920435
4,31,1.0275,0.000294925,0.00916747
4,32,1.02689,0.000298493,0.0091035
4,33,1.02625,0.000301394,0.00901069
4,34,1.02558,0.000303582,0.00888966
4,35,1.02487,0.000305017,0.00873915
4,36,1.02414,0.000305662,0.00855985
4,37,1.02337,0.000305493,0.00835107
4,38,1.02257,0.000304491,0.00811368
4,39,1.02175,0.000302652,0.00784763
4,40,1.02089,0.000299985,0.00755407
4,41,1.02001,0.00029651,0.00723365
4,42,1.0191,0.000292261,0.00688786
4,43,1.01817,0.000287284,0.00651802
4,44,1.01721,0.000281637,0.00612602
4,45,1.01623,0.000275387,0.00571387
4,46,1.01524,0.00026861,0.0052838
4,47,1.01423,0.000261391,0.00483848
4,48,1.01321,0.00025382,0.00438046
4,49,1.01219,0.000245995,0.00391296
4,50,1.01115,0.000238016,0.0034388
4,51,1.01012,0.000229991,0.00296161
4,52,1.00909,0.000222027,0.00248441
4,53,1.00806,0.000214239,0.00201111
4,54,1.00704,0.000206739,0.00154478
4,55,1.00603,0.000199646,0.00108948
4,56,1.00504,0.000193074,0.000648192
4,57,1.00406,0.000187141,0.000224983
4,58,1.0031,0.000181959,-0.000177417
4,59,1.00216,0.000177641,-0.000555083
4,60,1.00124,0.000174291,-0.000905663
4,61,1.00035,0.000172012,-0.00122553
4,62,0.999476,0.000170894,-0.00151284
4,63,0.998632,0.000171025,-0.00176439
4,64,0.997814,0.000172478,-0.00197896
4,65,0.99702,0.000175321,-0.00215389
4,66,0.996251,0.000179608,-0.00228866
4,67,0.995505,0.000185386,-0.00238124
4,68,0.994781,0.000192689,-0.00243191
4,69,0.994078,0.000201546,-0.00243926
4,70,0.993393,0.000211974,-0.0024044
4,71,0.992724,0.000223986,-0.00232661
4,72,0.99207,0.000237585,-0.00220783
4,73,0.991427,0.000252772,-0.00204796
4,74,0.990794,0.000269542,-0.00184975
4,75,0.990166,0.000287889,-0.00161372
4,76,0.989542,0.000307801,-0.00134333
4,77,0.988918,0.00032927,-0.00103962
4,78,0.988292,0.000352281,-0.000706728
4,79,0.987661,0.000376823,-0.00034611
4,80,0.987023,0.000402878,3.75241e-05
4,81,0.986375,0.000430432,0.000442431
4,82,0.985714,0.000459464,0.000863429
4,83,0.985039,0.000489955,0.00129861
4,84,0.984347,0.000521877,0.00174243
4,85,0.983636,0.000555202,0.00219295
4,86,0.982906,0.000589892,0.00264439
4,87,0.982154,0.000625907,0.00309492
4,88,0.981379,0.000663196,0.00353862
4,89,0.980581,0.000701703,0.00397391
4,90,0.979759,0.00074136,0.00439485
4,91,0.978911,0.000782096,0.00480023
4,92,0.978039,0.000823822,0.0051842
4,93,0.977143,0.000866452,0.00554608
4,94,0.976222,0.00090988,0.00588018
4,95,0.975278,0.000954002,0.00618646
4,96,0.974312,0.000998701,0.00645949
4,97,0.973324,0.00104386,0.00669999
4,98,0.972318,0.00108935,0.00690286
4,99,0.971294,0.00113506,0.00706964
4,100,0.970255,0.00118085,0.00719563
4,101,0.969204,0.00122662,0.00728326
4,102,0.968144,0.00127226,0.00732821
4,103,0.967078,0.00131769,0.0073338
4,104,0.966009,0.00136285,0.0072961
4,105,0.964943,0.00140769,0.00721927
4,106,0.963882,0.00145219,0.00709965
4,107,0.962832,0.00149636,0.0069422
4,108,0.961796,0.00154015,0.00674347
4,109,0.960781,0.00158348,0.00650913
4,110,0.95979,0.00162616,0.00623595
4,111,0.95883,0.00166779,0.00593043
4,112,0.957904,0.00170771,0.00558983
4,113,0.957018,0.00174491,0.00522179
4,114,0.956178,0.001778,0.00482456
4,115,0.955388,0.00180529,0.00440749
4,116,0.954652,0.00182491,0.00397036
4,117,0.953976,0.00183521,0.00352447
4,118,0.953364,0.0018353,0.00307087
4,119,0.952819,0.00182574,0.00262163
4,120,0.952346,0.00180885,0.00217696
4,121,0.951947,0.00178785,0.00174675
4,122,0.951626,0.00176256,0.00132804
4,123,0.951384,0.00171899,0.000929865
4,124,0.951223,0.00161265,0.000555925
4,125,0.951145,0.00135385,0.000239251
4,126,0.951149,0.00082841,3.66133e-05
4,127,1,-0.00343474,0
5,0,1,0,0
5,1,1.03531,0.00039604,0.000263488
5,2,1.03536,0.000449352,0.000877965
5,3,1.03537,0.000610165,0.00151689
5,4,1.03535,0.000772008,0.00211559
5,5,1.03531,0.000879304,0.00265692
5,6,1.03525,0.000926609,0.00315698
5,7,1.03517,0.000932938,0.00362939
5,8,1.03507,0.00092271,0.00408944
5,9,1.03495,0.00091475,0.00453799
5,10,1.03482,0.000919023,0.00497728
5,11,1.03467,0.000937831,0.00539973
5,12,1.0345,0.000968638,0.00580379
5,13,1.03432,0.00100679,0.00618198
5,14,1.03411,0.00104743,0.00653455
5,15,1.03389,0.00108657,0.00685675
5,16,1.03365,0.00112143,0.00715106
5,17,1.03339,0.00115043,0.00741464
5,18,1.03312,0.00117285,0.0076509
5,19,1.03282,0.00118863,0.00785767
5,20,1.03251,0.00119801,0.00803823
5,21,1.03217,0.00120141,0.00819042
5,22,1.03182,0.00119924,0.00831696
5,23,1.03144,0.00119188,0.00841556
5,24,1.03104,0.00117965,0.00848835
5,25,1.03062,0.0011628,0.00853299
5,26,1.03018,0.00114154,0.00855113
5,27,1.02971,0.00111603,0.00854051
5,28,1.02921,0.00108642,0.00850243
5,29,1.02869,0.00105283,0.00843485
5,30,1.02814,0.00101539,0.00833881
5,31,1.02756,0.000974226,0.0082126
5,32,1.02695,0.000929462,0.00805715
5,33,1.02631,0.000881228,0.00787118
5,34,1.02564,0.000829668,0.00765561
5,35,1.02495,0.000774934,0.00740969
5,36,1.02422,0.000717193,0.00713446
5,37,1.02346,0.000656627,0.00682977
5,38,1.02267,0.000593438,0.00649687
5,39,1.02185,0.000527843,0.00613627
5,40,1.021,0.00046008,0.0057495
5,41,1.02013,0.000390401,0.00533776
5,42,1.01923,0.000319076,0.00490292
5,43,1.0183,0.000246385,0.00444685
5,44,1.01736,0.000172619,0.00397178
5,45,1.01639,9.80786e-05,0.00348021
5,46,1.0154,2.30658e-05,0.00297471
5,47,1.0144,-5.21139e-05,0.00245836
5,48,1.01339,-0.000127156,0.001934
5,49,1.01237,-0.000201759,0.00140517
5,50,1.01135,-0.000275626,0.000874941
5,51,1.01032,-0.000348465,0.000347199
5,52,1.00929,-0.000419991,-0.000174906
5,53,1.00827,-0.000489926,-0.000687264
5,54,1.00725,-0.000558003,-0.00118676
5,55,1.00625,-0.000623961,-0.00166921
5,56,1.00526,-0.00068755,-0.00213168
5,57,1.00428,-0.000748529,-0.00257006
5,58,1.00332,-0.000806671,-0.00298173
5,59,1.00238,-0.00086176,-0.00336282
5,60,1.00146,-0.000913596,-0.00371113
5,61,1.00056,-0.000961993,-0.00402317
5,62,0.999691,-0.00100678,-0.0042973
5,63,0.998843,-0.00104781,-0.00453052
5,64,0.998019,-0.00108496,-0.00472186
5,65,0.997219,-0.00111811,-0.00486889
5,66,0.996443,-0.00114717,-0.00497138
5,67,0.995689,-0.00117209,-0.00502755
5,68,0.994957,-0.00119282,-0.00503798
5,69,0.994245,-0.00120934,-0.00500156
5,70,0.99355,-0.00122165,-0.0049197
5,71,0.992872,-0.00122976,-0.00479197
5,72,0.992207,-0.00123373,-0.00462059
5,73,0.991553,-0.0012336,-0.00440579
5,74,0.990908,-0.00122945,-0.00415056
5,75,0.990268,-0.00122136,-0.00385573
5,76,0.989632,-0.00120943,-0.00352503
5,77,0.988996,-0.00119375,-0.00315977
5,78,0.988358,-0.00117444,-0.00276434
5,79,0.987715,-0.00115161,-0.00234045
5,80,0.987065,-0.00112537,-0.00189302
5,81,0.986405,-0.00109582,-0.00142407
5,82,0.985733,-0.00106309,-0.000938952
5,83,0.985046,-0.00102726,-0.000439826
5,84,0.984343,-0.000988429,6.76053e-05
5,85,0.983622,-0.000946687,0.000581182
5,86,0.982881,-0.000902108,0.00109498
5,87,0.98212,-0.000854757,0.00160696
5,88,0.981336,-0.000804693,0.0021111
5,89,0.980529,-0.000751961,0.00260563
5,90,0.979699,-0.000696604,0.00308451
5,91,0.978845,-0.000638653,0.00354641
5,92,0.977966,-0.000578142,0.00398538
5,93,0.977064,-0.000515101,0.00440062
5,94,0.976138,-0.000449567,0.0047864
5,95,0.975189,-0.000381579,0.00514258
5,96,0.974219,-0.000311196,0.00546373
5,97,0.973228,-0.000238484,0.00575046
5,98,0.972219,-0.000163533,0.00599774
5,99,0.971194,-8.64487e-05,0.006207
5,100,0.970154,-7.35964e-06,0.00637364
5,101,0.969103,7.35911e-05,0.0065
5,102,0.968043,0.000156244,0.00658189
5,103,0.966977,0.000240434,0.00662258
5,104,0.96591,0.000325989,0.00661825
5,105,0.964845,0.000412739,0.00657303
5,106,0.963787,0.000500503,0.00648342
5,107,0.962738,0.000589072,0.00635436
5,108,0.961706,0.000678166,0.00618258
5,109,0.960693,0.000767372,0.00597379
5,110,0.959704,0.000856045,0.00572503
5,111,0.958746,0.000943196,0.0054429
5,112,0.957823,0.00102736,0.00512508
5,113,0.956939,0.0011065,0.00477947
5,114,0.9561,0.00117797,0.00440497
5,115,0.955311,0.00123862,0.00401142
5,116,0.954577,0.00128508,0.00359949
5,117,0.953901,0.0013144,0.00318118
5,118,0.953288,0.00132485,0.00275857
5,119,0.952741,0.00131703,0.00234443
5,120,0.952265,0.00129451,0.00193972
5,121,0.951863,0.00126266,0.00155429
5,122,0.951537,0.0012232,0.00118435
5,123,0.951289,0.00116089,0.000835969
5,124,0.951121,0.00102177,0.000508227
5,125,0.951036,0.000691203,0.000226206
5,126,0.951034,1.17758e-05,3.61947e-05
5,127,1,-0.00343474,0
6,0,1,0,0
6,1,1.03543,-0.000547272,0.000265628
6,2,1.03547,-0.000574366,0.000863073
6,3,1.03547,-0.000396034,0.00148102
6,4,1.03545,-0.000182952,0.00205985
6,5,1.03541,-2.8642e-05,0.00258152
6,6,1.03535,4.75772e-05,0.00305951
6,7,1.03526,6.65774e-05,0.0035058
6,8,1.03516,6.03962e-05,0.00393542
6,9,1.03504,5.52425e-05,0.00434976
6,10,1.03491,6.59424e-05,0.00475149
6,11,1.03475,9.69354e-05,0.0051334
6,12,1.03458,0.000145831,0.00549397
6,13,1.03439,0.000207043,0.00582569
6,14,1.03418,0.000274465,0.00612858
6,15,1.03396,0.000342974,0.00639775
6,16,1.03372,0.000409007,0.00663546
6,17,1.03345,0.000470544,0.00683886
6,18,1.03318,0.000526783,0.00701122
6,19,1.03288,0.000577736,0.00715051
6,20,1.03256,0.000623864,0.00726
6,21,1.03223,0.000665798,0.00733776
6,22,1.03187,0.000704169,0.00738659
6,23,1.03149,0.00073951,0.00740452
6,24,1.03109,0.00077223,0.0073938
6,25,1.03067,0.000802603,0.00735248
6,26,1.03023,0.000830797,0.00728237
6,27,1.02976,0.000856881,0.00718164
6,28,1.02926,0.000880857,0.00705179
6,29,1.02874,0.000902668,0.00689122
6,30,1.02819,0.000922215,0.00670124
6,31,1.02762,0.000939361,0.0064806
6,32,1.02702,0.000953949,0.00623053
6,33,1.02638,0.000965799,0.00595021
6,34,1.02572,0.000974725,0.0056409
6,35,1.02503,0.000980536,0.00530234
6,36,1.02431,0.000983051,0.00493587
6,37,1.02356,0.000982099,0.00454185
6,38,1.02278,0.000977529,0.00412185
6,39,1.02197,0.000969218,0.00367684
6,40,1.02113,0.000957073,0.00320866
6,41,1.02026,0.000941038,0.00271894
6,42,1.01937,0.000921092,0.00220983
6,43,1.01846,0.000897255,0.00168358
6,44,1.01752,0.000869586,0.00114264
6,45,1.01656,0.000838184,0.00058985
6,46,1.01559,0.000803187,2.79391e-05
6,47,1.0146,0.000764768,-0.000539762
6,48,1.0136,0.000723138,-0.00111029
6,49,1.01259,0.00067854,-0.00167992
6,50,1.01157,0.000631248,-0.00224555
6,51,1.01055,0.000581565,-0.00280318
6,52,1.00953,0.000529817,-0.00334967
6,53,1.00851,0.000476358,-0.00388088
6,54,1.0075,0.000421556,-0.00439378
6,55,1.0065,0.0003658,-0.00488421
6,56,1.00551,0.000309487,-0.00534937
6,57,1.00453,0.000253027,-0.00578526
6,58,1.00358,0.000196832,-0.00618941
6,59,1.00264,0.000141314,-0.00655811
6,60,1.00172,8.68835e-05,-0.00688939
6,61,1.00082,3.39423e-05,-0.00717994
6,62,0.999947,-1.71199e-05,-0.00742835
6,63,0.999095,-6.59256e-05,-0.00763186
6,64,0.998267,-0.000112117,-0.00778974
6,65,0.997463,-0.000155355,-0.00789982
6,66,0.99668,-0.000195323,-0.00796211
6,67,0.99592,-0.000231725,-0.00797511
6,68,0.99518,-0.000264291,-0.00793962
6,69,0.994459,-0.000292772,-0.00785482
6,70,0.993756,-0.000316945,-0.00772233
6,71,0.993068,-0.000336605,-0.00754198
6,72,0.992392,-0.000351573,-0.0073162
6,73,0.991727,-0.000361688,-0.00704546
6,74,0.991071,-0.000366809,-0.00673295
6,75,0.990419,-0.000366813,-0.00637972
6,76,0.989771,-0.000361596,-0.00598965
6,77,0.989123,-0.00035107,-0.00556427
6,78,0.988472,-0.000335164,-0.0051081
6,79,0.987816,-0.000313824,-0.00462304
6,80,0.987153,-0.000287016,-0.00411413
6,81,0.98648,-0.000254723,-0.00358354
6,82,0.985795,-0.000216947,-0.00303673
6,83,0.985096,-0.000173711,-0.00247601
6,84,0.984381,-0.000125064,-0.00190714
6,85,0.983647,-7.10744e-05,-0.00133244
6,86,0.982895,-1.18408e-05,-0.000757879
6,87,0.982122,5.25145e-05,-0.000185619
6,88,0.981327,0.000121837,0.000378281
6,89,0.980509,0.000195944,0.000931922
6,90,0.979669,0.000274622,0.00146927
6,91,0.978805,0.000357626,0.00198884
6,92,0.977917,0.000444677,0.00248472
6,93,0.977006,0.000535469,0.00295596
6,94,0.976072,0.000629661,0.00339689
6,95,0.975117,0.000726888,0.0038072
6,96,0.97414,0.000826756,0.00418154
6,97,0.973144,0.000928852,0.00452037
6,98,0.97213,0.00103274,0.00481872
6,99,0.9711,0.00113799,0.00507791
6,100,0.970057,0.00124415,0.00529339
6,101,0.969003,0.00135079,0.00546739
6,102,0.967941,0.0014575,0.0055958
6,103,0.966874,0.0015639,0.00568175
6,104,0.965806,0.00166968,0.00572155
6,105,0.96474,0.00177453,0.0057192
6,106,0.963682,0.00187823,0.00567134
6,107,0.962634,0.00198053,0.00558278
6,108,0.961602,0.00208117,0.00545046
6,109,0.960589,0.00217974,0.00528002
6,110,0.959602,0.00227557,0.00506877
6,111,0.958644,0.00236758,0.00482334
6,112,0.957722,0.00245411,0.00454182
6,113,0.956839,0.00253282,0.00423228
6,114,0.956,0.0026006,0.00389421
6,115,0.955211,0.00265372,0.00353778
6,116,0.954475,0.00268824,0.00316443
6,117,0.953797,0.00270077,0.00278658
6,118,0.953182,0.00268959,0.00240713
6,119,0.952633,0.002656,0.00203908
6,120,0.952153,0.00260528,0.00168378
6,121,0.951746,0.00254541,0.00135047
6,122,0.951414,0.00248065,0.00103436
6,123,0.95116,0.00239562,0.000738813
6,124,0.950985,0.00222862,0.000458357
6,125,0.95089,0.00184317,0.000212219
6,126,0.950874,0.0010379,4.10236e-05
6,127,1,-0.00343474,0
7,0,1,0,0
7,1,1.0356,0.000239892,0.000263607
7,2,1.03563,0.000153433,0.000842348
7,3,1.03563,0.000353564,0.00142121
7,4,1.0356,0.000620197,0.00195649
7,5,1.03556,0.000827465,0.00243367
7,6,1.03549,0.000942993,0.00286549
7,7,1.0354,0.000987562,0.00326322
7,8,1.0353,0.00099837,0.00364132
7,9,1.03517,0.00100725,0.00400121
7,10,1.03503,0.00103286,0.00434574
7,11,1.03487,0.0010813,0.00466802
7,12,1.0347,0.00115011,0.00496658
7,13,1.0345,0.00123269,0.00523401
7,14,1.03429,0.00132152,0.00547021
7,15,1.03406,0.00141009,0.00567025
7,16,1.03382,0.00149369,0.00583623
7,17,1.03355,0.00156947,0.00596533
7,18,1.03327,0.00163604,0.00606072
7,19,1.03297,0.00169308,0.00612051
7,20,1.03265,0.00174086,0.00614796
7,21,1.03231,0.00177993,0.00614138
7,22,1.03195,0.00181089,0.00610367
7,23,1.03157,0.00183431,0.00603317
7,24,1.03117,0.00185063,0.0059323
7,25,1.03075,0.00186019,0.00579948
7,26,1.03031,0.00186323,0.00563674
7,27,1.02984,0.00185989,0.00544265
7,28,1.02935,0.00185028,0.00521896
7,29,1.02883,0.00183444,0.00496453
7,30,1.02828,0.0018124,0.00468091
7,31,1.02771,0.00178415,0.00436735
7,32,1.02711,0.00174966,0.0040253
7,33,1.02648,0.00170893,0.00365448
7,34,1.02583,0.00166192,0.00325638
7,35,1.02514,0.00160863,0.00283122
7,36,1.02443,0.00154909,0.00238063
7,37,1.02368,0.00148332,0.00190539
7,38,1.02291,0.00141141,0.00140731
7,39,1.02211,0.00133347,0.000887794
7,40,1.02128,0.00124967,0.000348887
7,41,1.02042,0.00116022,-0.000207424
7,42,1.01954,0.00106537,-0.000778823
7,43,1.01864,0.000965435,-0.00136276
7,44,1.01771,0.000860755,-0.00195666
7,45,1.01676,0.000751727,-0.00255748
7,46,1.0158,0.00063878,-0.00316239
7,47,1.01482,0.00052238,-0.00376793
7,48,1.01382,0.000403023,-0.00437112
7,49,1.01282,0.000281231,-0.00496816
7,50,1.01181,0.000157547,-0.00555598
7,51,1.0108,3.2532e-05,-0.00613057
7,52,1.00979,-9.32398e-05,-0.00668888
7,53,1.00878,-0.000219185,-0.00722683
7,54,1.00777,-0.000344715,-0.0077415
7,55,1.00677,-0.00046924,-0.00822886
7,56,1.00579,-0.000592175,-0.00868625
7,57,1.00482,-0.000712937,-0.00910984
7,58,1.00386,-0.000830961,-0.00949735
7,59,1.00292,-0.00094569,-0.00984526
7,60,1.002,-0.00105659,-0.0101518
7,61,1.00111,-0.00116316,-0.0104138
7,62,1.00023,-0.0012649,-0.0106303
7,63,0.999374,-0.00136136,-0.0107985
7,64,0.998542,-0.00145213,-0.010918
7,65,0.997732,-0.00153682,-0.0109869
7,66,0.996943,-0.00161509,-0.0110054
7,67,0.996176,-0.00168662,-0.0109722
7,68,0.995428,-0.00175116,-0.0108884
7,69,0.994698,-0.00180846,-0.0107533
7,70,0.993984,-0.00185835,-0.0105687
7,71,0.993285,-0.00190068,-0.0103347
7,72,0.992597,-0.00193532,-0.0100538
7,73,0.99192,-0.0019622,-0.00972684
7,74,0.991251,-0.00198127,-0.00935699
7,75,0.990586,-0.00199251,-0.00894552
7,76,0.989924,-0.00199592,-0.00849642
7,77,0.989261,-0.00199155,-0.0080114
7,78,0.988596,-0.00197944,-0.00749503
7,79,0.987925,-0.00195966,-0.00694938
7,80,0.987247,-0.00193232,-0.00637955
7,81,0.986559,-0.0018975,-0.00578785
7,82,0.985859,-0.00185533,-0.00517977
7,83,0.985145,-0.00180594,-0.00455776
7,84,0.984415,-0.00174946,-0.0039276
7,85,0.983667,-0.00168605,-0.00329173
7,86,0.982901,-0.00161586,-0.00265612
7,87,0.982114,-0.00153905,-0.00202309
7,88,0.981305,-0.00145581,-0.00139866
7,89,0.980475,-0.00136631,-0.000784871
7,90,0.979622,-0.00127076,-0.00018774
7,91,0.978746,-0.00116936,0.000391103
7,92,0.977848,-0.00106236,0.000945787
7,93,0.976926,-0.000949991,0.00147521
7,94,0.975983,-0.000832541,0.00197373
7,95,0.975018,-0.000710305,0.0024409
7,96,0.974034,-0.000583616,0.0028714
7,97,0.97303,-0.000452835,0.00326554
7,98,0.97201,-0.000318357,0.0036184
7,99,0.970974,-0.000180602,0.00393112
7,100,0.969926,-4.00171e-05,0.00419923
7,101,0.968867,0.000102939,0.00442477
7,102,0.967802,0.000247799,0.00460371
7,103,0.966732,0.000394105,0.00473901
7,104,0.965662,0.000541412,0.00482707
7,105,0.964594,0.000689294,0.00487171
7,106,0.963534,0.000837323,0.00486971
7,107,0.962486,0.000985038,0.00482573
7,108,0.961453,0.00113186,0.0047369
7,109,0.96044,0.00127697,0.00460874
7,110,0.959453,0.00141918,0.00443886
7,111,0.958495,0.00155667,0.00423386
7,112,0.957572,0.00168686,0.00399221
7,113,0.956689,0.00180617,0.00372209
7,114,0.955849,0.00191009,0.00342349
7,115,0.955059,0.00199328,0.0031068
7,116,0.954322,0.0020502,0.00277406
7,117,0.953643,0.00207611,0.00243789
7,118,0.953025,0.00206864,0.00210169
7,119,0.952473,0.00202958,0.00177842
7,120,0.951989,0.00196622,0.00146946
7,121,0.951577,0.00189008,0.00118327
7,122,0.951239,0.00180946,0.000914042
7,123,0.950978,0.00171081,0.000662856
7,124,0.950795,0.00152658,0.000422083
7,125,0.950692,0.00109963,0.000205366
7,126,0.95067,0.000191453,4.15498e-05
7,127,1,-0.00343474,0
8,0,1,0,0
8,1,1.03581,-0.000649042,0.000266702
8,2,1.03582,-0.000765351,0.000821537
8,3,1.03581,-0.000531126,0.00135953
8,4,1.03578,-0.000208887,0.00184436
8,5,1.03573,4.82233e-05,0.00226726
8,6,1.03565,0.000197457,0.00264301
8,7,1.03556,0.000260906,0.00298269
8,8,1.03545,0.000282116,0.00330032
8,9,1.03532,0.000299596,0.00359733
8,10,1.03517,0.000336733,0.00387659
8,11,1.03501,0.000401944,0.00413145
8,12,1.03482,0.000493216,0.00436055
8,13,1.03462,0.000603233,0.00455664
8,14,1.03441,0.000723348,0.00471956
8,15,1.03417,0.000845957,0.00484447
8,16,1.03392,0.000965521,0.00493335
8,17,1.03365,0.00107867,0.00498344
8,18,1.03337,0.0011838,0.00499785
8,19,1.03306,0.00128057,0.00497482
8,20,1.03274,0.00136933,0.00491762
8,21,1.0324,0.00145078,0.00482481
8,22,1.03204,0.00152563,0.00469936
8,23,1.03165,0.00159453,0.00453994
8,24,1.03125,0.00165795,0.00434913
8,25,1.03083,0.00171621,0.00412573
8,26,1.03038,0.00176946,0.00387196
8,27,1.02992,0.00181774,0.00358684
8,28,1.02942,0.00186096,0.00327233
8,29,1.02891,0.00189897,0.00292776
8,30,1.02837,0.00193154,0.00255491
8,31,1.0278,0.00195841,0.00215349
8,32,1.0272,0.00197925,0.00172524
8,33,1.02658,0.00199375,0.00127029
8,34,1.02593,0.00200155,0.00079041
8,35,1.02525,0.00200232,0.000286251
8,36,1.02454,0.00199573,-0.000240344
8,37,1.02381,0.00198151,-0.000788169
8,38,1.02305,0.0019594,-0.00135522
8,39,1.02225,0.00192921,-0.00193975
8,40,1.02143,0.00189082,-0.00253955
8,41,1.02059,0.00184418,-0.00315235
8,42,1.01972,0.0017893,-0.00377571
8,43,1.01882,0.00172628,-0.00440686
8,44,1.01791,0.00165529,-0.00504318
8,45,1.01697,0.0015766,-0.00568145
8,46,1.01602,0.00149052,-0.00631887
8,47,1.01505,0.00139747,-0.00695189
8,48,1.01407,0.0012979,-0.00757756
8,49,1.01308,0.00119235,-0.00819209
8,50,1.01208,0.00108141,-0.00879249
8,51,1.01107,0.0009657,-0.0093748
8,52,1.01007,0.000845909,-0.00993611
8,53,1.00907,0.00072275,-0.0104724
8,54,1.00807,0.000596965,-0.010981
8,55,1.00708,0.000469322,-0.011458
8,56,1.0061,0.0003406,-0.0119008
8,57,1.00513,0.000211588,-0.0123059
8,58,1.00418,8.30731e-05,-0.0126711
8,59,1.00324,-4.41618e-05,-0.0129932
8,60,1.00233,-0.00016935,-0.0132705
8,61,1.00143,-0.00029174,-0.0135002
8,62,1.00055,-0.000410612,-0.0136813
8,63,0.999695,-0.00052527,-0.0138115
8,64,0.99886,-0.000635055,-0.0138905
8,65,0.998046,-0.000739346,-0.0139166
8,66,0.997252,-0.00083756,-0.0138902
8,67,0.996478,-0.000929156,-0.0138101
8,68,0.995723,-0.00101364,-0.0136777
8,69,0.994985,-0.00109054,-0.0134925
8,70,0.994262,-0.00115946,-0.0132563
8,71,0.993552,-0.00122,-0.0129696
8,72,0.992854,-0.00127185,-0.012635
8,73,0.992166,-0.00131469,-0.0122532
8,74,0.991483,-0.00134827,-0.0118278
8,75,0.990806,-0.00137235,-0.01136
8,76,0.99013,-0.00138674,-0.0108541
8,77,0.989453,-0.00139127,-0.0103117
8,78,0.988773,-0.00138581,-0.00973751
8,79,0.988087,-0.00137028,-0.00913376
8,80,0.987394,-0.00134459,-0.00850553
8,81,0.98669,-0.00130874,-0.00785528
8,82,0.985975,-0.00126271,-0.00718849
8,83,0.985245,-0.00120657,-0.00650772
8,84,0.984499,-0.0011404,-0.00581875
8,85,0.983735,-0.00106433,-0.00512415
8,86,0.982953,-0.000978543,-0.00442985
8,87,0.982151,-0.000883268,-0.0037383
8,88,0.981327,-0.000778785,-0.00305551
8,89,0.980482,-0.000665424,-0.00238364
8,90,0.979615,-0.000543575,-0.00172866
8,91,0.978725,-0.000413681,-0.00109237
8,92,0.977813,-0.000276241,-0.000480587
8,93,0.97688,-0.000131812,0.000105425
8,94,0.975924,1.89967e-05,0.000660078
8,95,0.974948,0.000175523,0.00118274
8,96,0.973953,0.000337057,0.00166816
8,97,0.97294,0.00050285,0.00211644
8,98,0.971911,0.000672119,0.00252274
8,99,0.970867,0.000844062,0.00288799
8,100,0.969811,0.00101787,0.00320779
8,101,0.968746,0.00119274,0.00348397
8,102,0.967675,0.00136792,0.00371259
8,103,0.9666,0.00154268,0.00389638
8,104,0.965525,0.00171637,0.00403187
8,105,0.964454,0.00188839,0.00412265
8,106,0.963391,0.00205821,0.00416565
8,107,0.96234,0.00222527,0.00416535
8,108,0.961304,0.00238892,0.00411906
8,109,0.96029,0.00254828,0.00403217
8,110,0.959301,0.00270202,0.00390256
8,111,0.958341,0.00284816,0.00373675
8,112,0.957417,0.00298378,0.00353358
8,113,0.956531,0.00310489,0.00330123
8,114,0.95569,0.0032064,0.00304016
8,115,0.954897,0.00328232,0.00276078
8,116,0.954157,0.00332653,0.00246557
8,117,0.953475,0.00333395,0.00216713
8,118,0.952853,0.00330241,0.00186913
8,119,0.952296,0.00323485,0.00158421
8,120,0.951807,0.00314097,0.0013136
8,121,0.951389,0.0030359,0.00106493
8,122,0.951045,0.00293186,0.000831793
8,123,0.950776,0.00281694,0.000613981
8,124,0.950585,0.00261853,0.000401524
8,125,0.950472,0.00216241,0.000204943
8,126,0.950436,0.00117575,5.07779e-05
8,127,1,-0.00343474,0
9,0,1,0,0
9,1,1.03606,0.000162764,0.000266671
9,2,1.03606,4.37867e-05,0.000807646
9,3,1.03604,0.000325315,0.00130659
9,4,1.036,0.000710356,0.00174259
9,5,1.03594,0.00102392,0.00211235
9,6,1.03586,0.00121539,0.00243202
9,7,1.03576,0.00130798,0.00271336
9,8,1.03564,0.00135018,0.00297026
9,9,1.03551,0.00138561,0.00320418
9,10,1.03535,0.0014412,0.003418
9,11,1.03518,0.00152699,0.00360539
9,12,1.03499,0.00164101,0.00376508
9,13,1.03479,0.00177503,0.00389006
9,14,1.03456,0.00191911,0.00398018
9,15,1.03432,0.00206429,0.00403075
9,16,1.03406,0.0022039,0.00404365
9,17,1.03379,0.00233368,0.00401626
9,18,1.0335,0.00245142,0.00395161
9,19,1.03319,0.00255634,0.0038481
9,20,1.03286,0.00264855,0.00370901
9,21,1.03252,0.00272857,0.00353314
9,22,1.03215,0.00279706,0.00332352
9,23,1.03177,0.00285463,0.00307917
9,24,1.03136,0.00290174,0.00280279
9,25,1.03094,0.00293874,0.00249356
9,26,1.03049,0.00296581,0.00215389
9,27,1.03002,0.00298306,0.00178324
9,28,1.02953,0.00299048,0.00138378
9,29,1.02902,0.002988,0.000955272
9,30,1.02848,0.00297551,0.000499755
9,31,1.02791,0.00295287,1.73887e-05
9,32,1.02732,0.00291991,-0.000489871
9,33,1.0267,0.00287645,-0.00102142
9,34,1.02606,0.00282235,-0.00157529
9,35,1.02538,0.00275747,-0.00215039
9,36,1.02468,0.00268171,-0.0027447
9,37,1.02395,0.00259504,-0.00335662
9,38,1.0232,0.00249748,-0.003984
9,39,1.02242,0.00238914,-0.00462475
9,40,1.02161,0.00227019,-0.00527657
9,41,1.02077,0.00214092,-0.00593692
9,42,1.01991,0.00200167,-0.0066033
9,43,1.01903,0.0018529,-0.00727277
9,44,1.01812,0.00169515,-0.00794268
9,45,1.0172,0.00152902,-0.00860973
9,46,1.01625,0.00135521,-0.00927114
9,47,1.0153,0.00117448,-0.00992333
9,48,1.01433,0.000987648,-0.0105634
9,49,1.01334,0.000795576,-0.0111877
9,50,1.01236,0.000599176,-0.0117933
9,51,1.01136,0.000399392,-0.0123763
9,52,1.01037,0.000197191,-0.012934
9,53,1.00937,-6.44128e-06,-0.0134626
9,54,1.00838,-0.000210514,-0.0139593
9,55,1.0074,-0.000414032,-0.0144207
9,56,1.00643,-0.000616011,-0.0148442
9,57,1.00546,-0.000815477,-0.0152266
9,58,1.00452,-0.00101148,-0.0155659
9,59,1.00358,-0.0012031,-0.015859
9,60,1.00267,-0.00138944,-0.0161045
9,61,1.00177,-0.00156966,-0.0162999
9,62,1.00089,-0.00174295,-0.0164442
9,63,1.00003,-0.00190856,-0.0165355
9,64,0.999196,-0.00206578,-0.0165736
9,65,0.998378,-0.00221397,-0.0165569
9,66,0.997579,-0.00235254,-0.0164861
9,67,0.996799,-0.00248096,-0.0163603
9,68,0.996036,-0.00259876,-0.0161809
9,69,0.995288,-0.00270553,-0.0159475
9,70,0.994556,-0.00280092,-0.0156623
9,71,0.993835,-0.00288462,-0.0153257
9,72,0.993125,-0.00295641,-0.0149404
9,73,0.992423,-0.00301608,-0.0145074
9,74,0.991727,-0.00306348,-0.0140303
9,75,0.991035,-0.00309854,-0.0135104
9,76,0.990343,-0.00312117,-0.012952
9,77,0.989651,-0.00313138,-0.0123569
9,78,0.988954,-0.00312919,-0.0117298
9,79,0.988252,-0.00311464,-0.0110731
9,80,0.987541,-0.00308782,-0.0103917
9,81,0.98682,-0.00304885,-0.00968819
9,82,0.986086,-0.00299788,-0.00896812
9,83,0.985338,-0.00293508,-0.00823412
9,84,0.984574,-0.00286064,-0.0074919
9,85,0.983793,-0.0027748,-0.00674415
9,86,0.982993,-0.0026778,-0.00599676
9,87,0.982173,-0.00256991,-0.00525228
9,88,0.981333,-0.00245146,-0.00451665
9,89,0.980471,-0.00232276,-0.00379217
9,90,0.979588,-0.00218419,-0.00308476
9,91,0.978683,-0.00203615,-0.00239634
9,92,0.977756,-0.00187909,-0.00173267
9,93,0.976808,-0.00171348,-0.00109517
9,94,0.975839,-0.00153986,-0.000489355
9,95,0.974851,-0.0013588,8.39592e-05
9,96,0.973844,-0.00117093,0.000619591
9,97,0.972819,-0.000976913,0.00111746
9,98,0.97178,-0.000777484,0.00157278
9,99,0.970727,-0.000573398,0.00198629
9,100,0.969662,-0.000365448,0.00235366
9,101,0.96859,-0.000154443,0.0026765
9,102,0.967511,5.88071e-05,0.00295096
9,103,0.96643,0.000273508,0.00317955
9,104,0.96535,0.000488888,0.00335888
9,105,0.964274,0.000704201,0.00349234
9,106,0.963207,0.000918697,0.00357699
9,107,0.962152,0.00113156,0.00361708
9,108,0.961114,0.00134178,0.00361015
9,109,0.960096,0.00154802,0.00356137
9,110,0.959104,0.00174834,0.0034689
9,111,0.958143,0.00193993,0.00333911
9,112,0.957215,0.00211887,0.00317118
9,113,0.956328,0.0022799,0.0029732
9,114,0.955484,0.00241644,0.00274595
9,115,0.954688,0.00252094,0.00249976
9,116,0.953946,0.00258573,0.00223741
9,117,0.95326,0.00260459,0.00197127
9,118,0.952634,0.002575,0.00170509
9,119,0.952073,0.00250082,0.00145102
9,120,0.951579,0.00239427,0.00121014
9,121,0.951155,0.00227458,0.000989378
9,122,0.950804,0.00215856,0.000782029
9,123,0.950529,0.002037,0.000587016
9,124,0.95033,0.00183356,0.000394539
9,125,0.950208,0.00135833,0.000211605
9,126,0.950168,0.000310839,5.30836e-05
9,127,1,-0.00343474,0
10,0,1,0,0
10,1,1.03633,-0.000669075,0.00027298
10,2,1.03632,-0.000761518,0.000798224
10,3,1.03629,-0.000416501,0.00126592
10,4,1.03624,3.76555e-05,0.00165947
10,5,1.03617,0.000407741,0.00198108
10,6,1.03608,0.000637751,0.00224957
10,7,1.03597,0.000754,0.00247722
10,8,1.03584,0.000811479,0.00267784
10,9,1.0357,0.000860154,0.00285304
10,10,1.03554,0.00093142,0.00300573
10,11,1.03536,0.00103758,0.00312989
10,12,1.03516,0.00117718,0.00322438
10,13,1.03495,0.00134144,0.00328251
10,14,1.03471,0.00151942,0.00330414
10,15,1.03447,0.00170116,0.00328481
10,16,1.0342,0.00187918,0.00322635
10,17,1.03392,0.0020487,0.00312629
10,18,1.03362,0.00220722,0.00298762
10,19,1.03331,0.00235388,0.00280894
10,20,1.03297,0.00248878,0.0025935
10,21,1.03262,0.0026125,0.00234037
10,22,1.03226,0.00272571,0.00205265
10,23,1.03187,0.00282904,0.00172966
10,24,1.03146,0.00292293,0.00137426
10,25,1.03103,0.00300762,0.000985997
10,26,1.03059,0.00308321,0.000567473
10,27,1.03012,0.00314963,0.000118554
10,28,1.02962,0.00320668,-0.000358373
10,29,1.02911,0.00325408,-0.00086309
10,30,1.02857,0.00329148,-0.00139335
10,31,1.02801,0.00331845,-0.00194854
10,32,1.02742,0.00333455,-0.00252647
10,33,1.02681,0.00333931,-0.00312613
10,34,1.02617,0.00333229,-0.00374533
10,35,1.0255,0.00331303,-0.00438259
10,36,1.02481,0.00328114,-0.0050357
10,37,1.02409,0.00323629,-0.00570273
10,38,1.02335,0.00317823,-0.00638138
10,39,1.02257,0.0031068,-0.0070693
10,40,1.02177,0.00302193,-0.00776407
10,41,1.02095,0.0029237,-0.00846297
10,42,1.0201,0.00281226,-0.00916346
10,43,1.01923,0.00268793,-0.00986248
10,44,1.01834,0.00255112,-0.0105574
10,45,1.01743,0.00240236,-0.0112448
10,46,1.0165,0.00224231,-0.0119221
10,47,1.01555,0.0020717,-0.0125857
10,48,1.01459,0.00189138,-0.0132328
10,49,1.01363,0.00170227,-0.0138597
10,50,1.01265,0.00150539,-0.0144638
10,51,1.01167,0.00130179,-0.0150413
10,52,1.01068,0.00109258,-0.0155896
10,53,1.0097,0.000878932,-0.0161051
10,54,1.00872,0.000662018,-0.0165854
10,55,1.00775,0.000443043,-0.017027
10,56,1.00678,0.000223213,-0.0174277
10,57,1.00582,3.73362e-06,-0.0177844
10,58,1.00488,-0.000214207,-0.0180953
10,59,1.00395,-0.00042944,-0.0183577
10,60,1.00304,-0.00064083,-0.0185703
10,61,1.00215,-0.000847282,-0.0187306
10,62,1.00127,-0.00104774,-0.0188382
10,63,1.00041,-0.00124122,-0.0188912
10,64,0.999572,-0.00142675,-0.0188894
10,65,0.998752,-0.00160347,-0.0188318
10,66,0.997949,-0.00177054,-0.018719
10,67,0.997164,-0.00192719,-0.0185503
10,68,0.996394,-0.00207273,-0.0183272
10,69,0.99564,-0.00220652,-0.0180496
10,70,0.994898,-0.00232797,-0.0177196
10,71,0.994168,-0.00243654,-0.0173379
10,72,0.993447,-0.00253179,-0.0169072
10,73,0.992733,-0.00261327,-0.0164287
10,74,0.992025,-0.00268064,-0.0159058
10,75,0.991318,-0.00273356,-0.0153403
10,76,0.990612,-0.00277176,-0.0147361
10,77,0.989904,-0.00279503,-0.0140953
10,78,0.989192,-0.00280319,-0.0134225
10,79,0.988472,-0.00279609,-0.0127201
10,80,0.987744,-0.00277367,-0.0119931
10,81,0.987005,-0.00273588,-0.0112442
10,82,0.986254,-0.00268275,-0.0104788
10,83,0.985488,-0.00261435,-0.00969956
10,84,0.984705,-0.00253081,-0.00891219
10,85,0.983906,-0.00243234,-0.00811943
10,86,0.983087,-0.00231919,-0.00732709
10,87,0.982249,-0.0021917,-0.0065378
10,88,0.98139,-0.00205028,-0.00575743
10,89,0.980511,-0.00189541,-0.00498838
10,90,0.97961,-0.00172766,-0.00423646
10,91,0.978688,-0.00154768,-0.00350373
10,92,0.977744,-0.00135618,-0.00279584
10,93,0.97678,-0.001154,-0.00211437
10,94,0.975796,-0.000942019,-0.00146474
10,95,0.974793,-0.000721214,-0.000847931
10,96,0.973772,-0.000492632,-0.000269019
10,97,0.972734,-0.00025738,0.000271714
10,98,0.971682,-1.66187e-05,0.000769588
10,99,0.970617,0.000228456,0.00122512
10,100,0.969543,0.000476632,0.00163409
10,101,0.96846,0.000726707,0.00199786
10,102,0.967373,0.000977511,0.0023127
10,103,0.966284,0.00122793,0.00258087
10,104,0.965197,0.00147692,0.00279909
10,105,0.964114,0.0017235,0.00297052
10,106,0.963041,0.00196675,0.00309234
10,107,0.961981,0.00220569,0.00316859
10,108,0.960938,0.00243919,0.00319695
10,109,0.959916,0.00266574,0.0031824
10,110,0.95892,0.00288322,0.00312332
10,111,0.957955,0.00308859,0.00302589
10,112,0.957024,0.00327754,0.00288956
10,113,0.956132,0.00344435,0.00272221
10,114,0.955285,0.00358189,0.00252491
10,115,0.954485,0.00368201,0.00230774
10,116,0.953738,0.00373657,0.00207364
10,117,0.953047,0.00373919,0.0018346
10,118,0.952416,0.00368783,0.00159438
10,119,0.951849,0.00358779,0.00136451
10,120,0.951349,0.00345395,0.00114596
10,121,0.950918,0.00330926,0.000945073
10,122,0.95056,0.00317448,0.00075541
10,123,0.950276,0.0030424,0.000575917
10,124,0.950068,0.00283346,0.000395863
10,125,0.949938,0.00234592,0.0002207
10,126,0.949882,0.0012556,6.56137e-05
10,127,1,-0.00343474,0
11,0,1,0,0
11,1,1.03663,0.000158557,0.000275318
11,2,1.03661,0.000115479,0.000795977
11,3,1.03657,0.000535562,0.00123637
11,4,1.03651,0.00106583,0.00159368
11,5,1.03643,0.00149899,0.00187451
11,6,1.03633,0.00177558,0.00209869
11,7,1.03622,0.0019249,0.00227932
11,8,1.03608,0.00200729,0.00243017
11,9,1.03593,0.00207768,0.00255303
11,10,1.03576,0.00217079,0.00265084
11,11,1.03557,0.00230043,0.00271796
11,12,1.03536,0.0024652,0.0027534
11,13,1.03514,0.00265549,0.00275081
11,14,1.0349,0.00285913,0.00271015
11,15,1.03465,0.0030649,0.00262716
11,16,1.03438,0.00326422,0.0025037
11,17,1.03409,0.00345144,0.00233747
11,18,1.03378,0.00362343,0.00213142
11,19,1.03346,0.00377886,0.00188435
11,20,1.03312,0.00391755,0.00159954
11,21,1.03277,0.00403986,0.00127629
11,22,1.03239,0.00414635,0.00091778
11,23,1.032,0.00423754,0.000523657
11,24,1.03159,0.00431384,9.68833e-05
11,25,1.03116,0.0043755,-0.000362587
11,26,1.03071,0.00442259,-0.000851996
11,27,1.03024,0.0044551,-0.00137106
11,28,1.02974,0.0044729,-0.00191718
11,29,1.02923,0.00447578,-0.00248972
11,30,1.02869,0.0044635,-0.00308619
11,31,1.02813,0.00443577,-0.00370558
11,32,1.02755,0.00439232,-0.00434548
11,33,1.02694,0.00433285,-0.00500445
11,34,1.0263,0.00425713,-0.00568011
11,35,1.02564,0.00416495,-0.00637065
11,36,1.02495,0.00405621,-0.00707365
11,37,1.02424,0.00393086,-0.00778691
11,38,1.0235,0.00378898,-0.00850799
11,39,1.02274,0.00363076,-0.00923431
11,40,1.02195,0.00345653,-0.00996339
11,41,1.02114,0.00326673,-0.0106923
11,42,1.0203,0.00306197,-0.0114186
11,43,1.01944,0.00284296,-0.0121391
11,44,1.01856,0.00261054,-0.0128511
11,45,1.01766,0.00236568,-0.0135514
11,46,1.01674,0.00210945,-0.0142373
11,47,1.01581,0.00184302,-0.0149054
11,48,1.01486,0.00156764,-0.0155529
11,49,1.01391,0.00128461,-0.0161765
11,50,1.01294,0.000995301,-0.0167735
11,51,1.01197,0.000701123,-0.0173404
11,52,1.011,0.000403503,-0.0178748
11,53,1.01003,0.000103886,-0.0183732
11,54,1.00906,-0.000196286,-0.0188335
11,55,1.00809,-0.00049558,-0.0192523
11,56,1.00714,-0.000792584,-0.0196278
11,57,1.00619,-0.00108592,-0.0199571
11,58,1.00525,-0.00137425,-0.0202385
11,59,1.00433,-0.00165628,-0.0204696
11,60,1.00342,-0.00193078,-0.0206492
11,61,1.00253,-0.00219658,-0.0207753
11,62,1.00166,-0.00245257,-0.0208474
11,63,1.0008,-0.00269772,-0.0208638
11,64,0.999958,-0.00293107,-0.0208248
11,65,0.999135,-0.00315174,-0.0207292
11,66,0.998329,-0.00335894,-0.0205778
11,67,0.997538,-0.00355194,-0.0203703
11,68,0.996762,-0.0037301,-0.0201081
11,69,0.996,-0.00389285,-0.0197914
11,70,0.995249,-0.00403971,-0.0194223
11,71,0.994509,-0.00417025,-0.0190015
11,72,0.993776,-0.00428413,-0.0185318
11,73,0.993049,-0.00438107,-0.0180146
11,74,0.992326,-0.00446085,-0.0174532
11,75,0.991605,-0.0045233,-0.0168494
11,76,0.990882,-0.00456834,-0.0162073
11,77,0.990157,-0.0045959,-0.0155288
11,78,0.989427,-0.00460598,-0.0148187
11,79,0.988689,-0.00459864,-0.0140792
11,80,0.987942,-0.00457397,-0.0133154
11,81,0.987184,-0.0045321,-0.01253
11,82,0.986413,-0.00447321,-0.0117282
11,83,0.985626,-0.00439752,-0.0109129
11,84,0.984824,-0.0043053,-0.0100895
11,85,0.984004,-0.00419684,-0.00926087
11,86,0.983166,-0.0040725,-0.0084327
11,87,0.982307,-0.00393266,-0.00760772
11,88,0.981429,-0.00377776,-0.00679163
11,89,0.98053,-0.0036083,-0.00598694
11,90,0.97961,-0.00342479,-0.00519931
11,91,0.97867,-0.00322785,-0.00443092
11,92,0.977708,-0.00301812,-0.00368729
11,93,0.976727,-0.00279633,-0.00297012
11,94,0.975727,-0.00256326,-0.00228472
11,95,0.974708,-0.00231976,-0.00163221
11,96,0.973672,-0.00206677,-0.00101755
11,97,0.97262,-0.00180528,-0.000441214
11,98,0.971555,-0.00153635,9.22455e-05
11,99,0.970478,-0.0012611,0.000583134
11,100,0.969392,-0.000980681,0.00102734
11,101,0.968299,-0.000696282,0.00142601
11,102,0.967202,-0.000409083,0.00177552
11,103,0.966104,-0.000120253,0.00207786
11,104,0.965009,0.000169066,0.00232991
11,105,0.963919,0.000457753,0.00253453
11,106,0.96284,0.000744664,0.00268907
11,107,0.961773,0.00102855,0.00279727
11,108,0.960725,0.00130789,0.002857
11,109,0.959698,0.00158071,0.00287298
11,110,0.958698,0.00184424,0.00284377
11,111,0.957728,0.00209458,0.00277531
11,112,0.956793,0.00232642,0.00266725
11,113,0.955897,0.00253279,0.00252721
11,114,0.955045,0.00270514,0.00235643
11,115,0.954242,0.00283383,0.00216464
11,116,0.95349,0.00290938,0.00195488
11,117,0.952794,0.00292447,0.00173862
11,118,0.952159,0.00287693,0.00151958
11,119,0.951586,0.00277313,0.00130868
11,120,0.95108,0.00263045,0.00110689
11,121,0.950643,0.00247563,0.000920227
11,122,0.950278,0.00233354,0.000742682
11,123,0.949987,0.00219954,0.000573262
11,124,0.949771,0.00199216,0.000402736
11,125,0.949632,0.00149974,0.00023381
11,126,0.949573,0.000381435,6.8497e-05
11,127,1,-0.00343474,0
12,0,1,0,0
12,1,1.03694,-0.000620784,0.000284078
12,2,1.03691,-0.000589132,0.000795988
12,3,1.03686,-7.90389e-05,0.00121579
12,4,1.03679,0.000533955,0.00154299
12,5,1.0367,0.00103127,0.00178869
12,6,1.03659,0.00135207,0.0019749
12,7,1.03646,0.00153035,0.00211501
12,8,1.03632,0.0016332,0.00222261
12,9,1.03615,0.00172167,0.00229965
12,10,1.03597,0.00183471,0.0023491
12,11,1.03577,0.00198832,0.00236568
12,12,1.03556,0.00218164,0.00234854
12,13,1.03533,0.00240464,0.00229172
12,14,1.03508,0.00264427,0.00219525
12,15,1.03482,0.00288842,0.00205518
12,16,1.03453,0.00312778,0.00187335
12,17,1.03424,0.00335619,0.00164771
12,18,1.03392,0.00357022,0.00138117
12,19,1.03359,0.00376841,0.00107277
12,20,1.03325,0.00395049,0.000725769
12,21,1.03289,0.00411681,0.000339774
12,22,1.0325,0.00426788,-8.19884e-05
12,23,1.03211,0.00440418,-0.000539541
12,24,1.03169,0.00452601,-0.0010298
12,25,1.03126,0.00463349,-0.00155243
12,26,1.0308,0.00472656,-0.0021045
12,27,1.03033,0.00480501,-0.00268534
12,28,1.02984,0.0048685,-0.00329214
12,29,1.02932,0.00491661,-0.00392384
12,30,1.02879,0.00494884,-0.00457775
12,31,1.02823,0.00496465,-0.00525245
12,32,1.02765,0.00496349,-0.00594532
12,33,1.02704,0.00494482,-0.00665457
12,34,1.02641,0.00490811,-0.00737761
12,35,1.02576,0.0048529,-0.00811231
12,36,1.02508,0.00477881,-0.00885611
12,37,1.02437,0.00468556,-0.00960656
12,38,1.02364,0.00457298,-0.0103611
12,39,1.02289,0.00444106,-0.011117
12,40,1.02211,0.00428993,-0.0118717
12,41,1.02131,0.00411987,-0.0126222
12,42,1.02049,0.00393136,-0.013366
12,43,1.01964,0.003725,-0.0141
12,44,1.01877,0.00350159,-0.0148216
12,45,1.01789,0.00326204,-0.0155274
12,46,1.01698,0.00300743,-0.0162151
12,47,1.01607,0.00273897,-0.0168813
12,48,1.01514,0.00245797,-0.0175234
12,49,1.01419,0.00216584,-0.0181382
12,50,1.01324,0.00186408,-0.0187232
12,51,1.01229,0.00155424,-0.0192752
12,52,1.01133,0.00123794,-0.0197919
12,53,1.01037,0.000916827,-0.0202701
12,54,1.00941,0.000592549,-0.0207078
12,55,1.00846,0.000266773,-0.0211021
12,56,1.00751,-5.88508e-05,-0.0214511
12,57,1.00657,-0.000382696,-0.0217523
12,58,1.00565,-0.000703174,-0.0220042
12,59,1.00473,-0.00101874,-0.0222046
12,60,1.00383,-0.00132791,-0.0223525
12,61,1.00294,-0.00162926,-0.0224462
12,62,1.00207,-0.00192143,-0.0224851
12,63,1.00122,-0.00220316,-0.0224681
12,64,1.00038,-0.00247323,-0.0223953
12,65,0.999553,-0.00273053,-0.0222658
12,66,0.998745,-0.00297403,-0.0220806
12,67,0.997952,-0.00320278,-0.0218395
12,68,0.997171,-0.00341588,-0.0215438
12,69,0.996403,-0.00361256,-0.0211939
12,70,0.995645,-0.00379208,-0.020792
12,71,0.994895,-0.0039538,-0.020339
12,72,0.994152,-0.00409713,-0.0198376
12,73,0.993414,-0.00422157,-0.0192891
12,74,0.992678,-0.00432665,-0.018697
12,75,0.991943,-0.00441199,-0.0180631
12,76,0.991206,-0.00447725,-0.0173913
12,77,0.990466,-0.00452216,-0.0166838
12,78,0.989719,-0.0045465,-0.0159449
12,79,0.988964,-0.0045501,-0.0151773
12,80,0.988199,-0.00453287,-0.0143856
12,81,0.987421,-0.00449478,-0.0135727
12,82,0.986631,-0.00443584,-0.0127437
12,83,0.985825,-0.00435617,-0.0119014
12,84,0.985003,-0.00425593,-0.0110511
12,85,0.984162,-0.00413537,-0.0101957
12,86,0.983304,-0.00399485,-0.00934085
12,87,0.982425,-0.00383479,-0.00848918
12,88,0.981526,-0.00365572,-0.00764627
12,89,0.980607,-0.00345826,-0.00681471
12,90,0.979668,-0.00324316,-0.006
12,91,0.978707,-0.00301126,-0.00520441
12,92,0.977727,-0.00276351,-0.00443329
12,93,0.976727,-0.00250099,-0.00368848
12,94,0.975709,-0.00222486,-0.00297511
12,95,0.974672,-0.00193643,-0.00229446
12,96,0.97362,-0.00163708,-0.00165135
12,97,0.972553,-0.00132828,-0.00104641
12,98,0.971473,-0.0010116,-0.000484064
12,99,0.970382,-0.000688624,3.57901e-05
12,100,0.969283,-0.000361,0.000509174
12,101,0.968178,-3.03622e-05,0.000937
12,102,0.967069,0.000301684,0.00131576
12,103,0.965961,0.000633588,0.00164722
12,104,0.964856,0.000963874,0.00192835
12,105,0.963758,0.00129113,0.00216175
12,106,0.96267,0.00161397,0.0023449
12,107,0.961597,0.00193094,0.00248126
12,108,0.960542,0.00224032,0.00256885
12,109,0.959509,0.00253994,0.00261209
12,110,0.958502,0.00282681,0.0026097
12,111,0.957527,0.00309675,0.00256733
12,112,0.956587,0.00334409,0.00248476
12,113,0.955686,0.00356142,0.00236931
12,114,0.954829,0.00373967,0.0022223
12,115,0.95402,0.00386874,0.00205306
12,116,0.953263,0.00393877,0.00186463
12,117,0.952561,0.00394245,0.00166794
12,118,0.951919,0.00387822,0.00146662
12,119,0.95134,0.00375393,0.00127105
12,120,0.950826,0.00358941,0.00108223
12,121,0.950382,0.00341466,0.000905987
12,122,0.950008,0.0032579,0.000737162
12,123,0.949708,0.00311643,0.000575515
12,124,0.949483,0.00290751,0.000411319
12,125,0.949334,0.00241374,0.000246035
12,126,0.949259,0.00128313,8.29851e-05
12,127,1,-0.00343474,0
13,0,1,0,0
13,1,1.03728,0.000215807,0.000287599
13,2,1.03724,0.000340845,0.000800435
13,3,1.03717,0.000949278,0.00120079
13,4,1.03709,0.00164975,0.00150156
13,5,1.03699,0.00221623,0.00171757
13,6,1.03688,0.00258802,0.00187125
13,7,1.03674,0.00280356,0.00197646
13,8,1.03658,0.00293553,0.00204662
13,9,1.03641,0.00304974,0.00208373
13,10,1.03622,0.00318826,0.00209077
13,11,1.03601,0.00336842,0.00206282
13,12,1.03579,0.00358943,0.00199918
13,13,1.03555,0.00384045,0.0018943
13,14,1.03529,0.00410729,0.00174828
13,15,1.03502,0.00437666,0.0015575
13,16,1.03473,0.00463819,0.0013238
13,17,1.03442,0.00488491,0.00104537
13,18,1.0341,0.00511275,0.00072513
13,19,1.03376,0.00531979,0.000362337
13,20,1.03341,0.00550543,-3.97226e-05
13,21,1.03304,0.00566978,-0.000481179
13,22,1.03265,0.00581319,-0.000958732
13,23,1.03225,0.005936,-0.00147208
13,24,1.03182,0.00603845,-0.00201802
13,25,1.03138,0.00612061,-0.00259586
13,26,1.03093,0.00618242,-0.0032025
13,27,1.03045,0.00622368,-0.00383687
13,28,1.02995,0.00624411,-0.00449597
13,29,1.02944,0.00624337,-0.00517837
13,30,1.0289,0.00622108,-0.00588117
13,31,1.02834,0.00617685,-0.00660256
13,32,1.02776,0.00611033,-0.00733975
13,33,1.02716,0.00602117,-0.0080906
13,34,1.02653,0.00590913,-0.00885236
13,35,1.02588,0.00577402,-0.00962263
13,36,1.0252,0.0056158,-0.0103987
13,37,1.02451,0.00543455,-0.011178
13,38,1.02378,0.0052305,-0.0119577
13,39,1.02304,0.00500407,-0.0127351
13,40,1.02227,0.00475583,-0.0135076
13,41,1.02148,0.00448656,-0.0142722
13,42,1.02066,0.00419718,-0.0150263
13,43,1.01983,0.00388883,-0.0157668
13,44,1.01898,0.00356277,-0.0164914
13,45,1.0181,0.00322044,-0.0171967
13,46,1.01721,0.00286338,-0.0178805
13,47,1.01631,0.00249326,-0.0185396
13,48,1.01539,0.00211185,-0.0191716
13,49,1.01447,0.00172096,-0.0197733
13,50,1.01353,0.0013225,-0.0203427
13,51,1.01259,0.000918363,-0.0208767
13,52,1.01164,0.000510492,-0.0213731
13,53,1.0107,0.000100814,-0.0218291
13,54,1.00975,-0.000308763,-0.0222429
13,55,1.00881,-0.000716362,-0.0226117
13,56,1.00788,-0.00112015,-0.0229341
13,57,1.00695,-0.00151836,-0.0232075
13,58,1.00603,-0.00190928,-0.0234308
13,59,1.00512,-0.00229128,-0.023602
13,60,1.00423,-0.00266282,-0.0237203
13,61,1.00335,-0.00302242,-0.023784
13,62,1.00248,-0.00336874,-0.0237931
13,63,1.00163,-0.00370049,-0.0237461
13,64,1.00079,-0.0040165,-0.0236436
13,65,0.999971,-0.00431569,-0.0234849
13,66,0.999161,-0.0045971,-0.0232708
13,67,0.998364,-0.00485985,-0.0230013
13,68,0.997579,-0.00510315,-0.022678
13,69,0.996804,-0.00532631,-0.0223012
13,70,0.996039,-0.00552873,-0.021873
13,71,0.99528,-0.00570991,-0.0213945
13,72,0.994526,-0.0058694,-0.0208684
13,73,0.993776,-0.00600686,-0.0202961
13,74,0.993027,-0.00612201,-0.0196808
13,75,0.992277,-0.00621465,-0.0190245
13,76,0.991524,-0.00628462,-0.018331
13,77,0.990766,-0.00633186,-0.0176024
13,78,0.990001,-0.00635635,-0.0168431
13,79,0.989228,-0.00635813,-0.0160555
13,80,0.988443,-0.00633731,-0.0152444
13,81,0.987646,-0.00629404,-0.0144124
13,82,0.986835,-0.00622853,-0.0135644
13,83,0.986008,-0.00614105,-0.0127035
13,84,0.985164,-0.00603193,-0.0118347
13,85,0.984303,-0.00590154,-0.010961
13,86,0.983422,-0.00575032,-0.0100875
13,87,0.982522,-0.00557877,-0.00921728
13,88,0.981603,-0.00538745,-0.00835555
13,89,0.980663,-0.00517699,-0.00750498
13,90,0.979703,-0.00494811,-0.00667088
13,91,0.978722,-0.00470157,-0.0058556
13,92,0.977722,-0.00443824,-0.00506431
13,93,0.976704,-0.00415908,-0.00429895
13,94,0.975667,-0.00386511,-0.00356448
13,95,0.974613,-0.00355747,-0.00286231
13,96,0.973544,-0.0032374,-0.0021971
13,97,0.972461,-0.0029062,-0.00156964
13,98,0.971366,-0.00256528,-0.000984216
13,99,0.970261,-0.00221611,-0.000440911
13,100,0.969148,-0.00186022,5.64333e-05
13,101,0.968031,-0.00149917,0.000508501
13,102,0.966911,-0.00113453,0.00091192
13,103,0.965792,-0.000767861,0.00126818
13,104,0.964677,-0.000400691,0.0015744
13,105,0.96357,-3.45489e-05,0.00183289
13,106,0.962474,0.000328993,0.00204124
13,107,0.961392,0.000688212,0.00220262
13,108,0.96033,0.00104105,0.00231518
13,109,0.95929,0.00138483,0.00238301
13,110,0.958278,0.00171594,0.00240497
13,111,0.957297,0.00202941,0.00238637
13,112,0.956351,0.00231856,0.0023271
13,113,0.955445,0.00257482,0.00223407
13,114,0.954582,0.00278779,0.0021087
13,115,0.953768,0.00294602,0.00195981
13,116,0.953005,0.00303845,0.00179044
13,117,0.952298,0.00305697,0.00161096
13,118,0.95165,0.00299992,0.00142494
13,119,0.951065,0.00287611,0.00124221
13,120,0.950545,0.00270745,0.00106399
13,121,0.950094,0.00252698,0.000896116
13,122,0.949713,0.00236617,0.000734255
13,123,0.949405,0.00222465,0.000578576
13,124,0.949171,0.00201989,0.000421304
13,125,0.949013,0.00153148,0.00026105
13,126,0.948934,0.000403907,8.58116e-05
13,127,1,-0.00343474,0
14,0,1,0,0
14,1,1.03762,-0.000513391,0.000297659
14,2,1.03756,-0.000271734,0.000804598
14,3,1.03749,0.000448487,0.00118958
14,4,1.03739,0.00124209,0.0014672
14,5,1.03728,0.00187841,0.00165635
14,6,1.03715,0.00229896,0.0017813
14,7,1.037,0.00254809,0.00185593
14,8,1.03684,0.00270527,0.00189324
14,9,1.03665,0.00284212,0.00189529
14,10,1.03645,0.00300461,0.00186499
14,11,1.03623,0.00321211,0.00179773
14,12,1.036,0.00346439,0.00169293
14,13,1.03574,0.00375027,0.00154543
14,14,1.03548,0.00405481,0.00135544
14,15,1.03519,0.00436392,0.00111965
14,16,1.03489,0.00466659,0.000839922
14,17,1.03457,0.00495535,0.00051471
14,18,1.03424,0.00522585,0.000146926
14,19,1.03389,0.00547598,-0.000263912
14,20,1.03353,0.00570505,-0.000714502
14,21,1.03315,0.00591306,-0.00120469
14,22,1.03276,0.00610028,-0.00173112
14,23,1.03235,0.00626692,-0.00229315
14,24,1.03192,0.0064131,-0.00288748
14,25,1.03147,0.00653871,-0.00351304
14,26,1.03101,0.00664351,-0.00416659
14,27,1.03053,0.0067271,-0.0048467
14,28,1.03003,0.00678898,-0.00555017
14,29,1.02951,0.00682858,-0.00627521
14,30,1.02898,0.0068453,-0.00701873
14,31,1.02842,0.00683851,-0.0077786
14,32,1.02784,0.00680761,-0.00855183
14,33,1.02724,0.00675203,-0.009336
14,34,1.02662,0.00667126,-0.0101282
14,35,1.02597,0.00656493,-0.0109259
14,36,1.02531,0.00643274,-0.0117261
14,37,1.02462,0.00627459,-0.0125262
14,38,1.0239,0.00609052,-0.0133234
14,39,1.02317,0.00588077,-0.0141147
14,40,1.02241,0.00564579,-0.0148977
14,41,1.02163,0.00538622,-0.0156693
14,42,1.02083,0.00510291,-0.0164271
14,43,1.02001,0.00479693,-0.017168
14,44,1.01917,0.00446952,-0.0178897
14,45,1.01831,0.0041221,-0.0185891
14,46,1.01744,0.00375627,-0.0192641
14,47,1.01655,0.00337377,-0.0199116
14,48,1.01565,0.00297644,-0.0205296
14,49,1.01474,0.00256624,-0.021115
14,50,1.01382,0.00214522,-0.021666
14,51,1.01289,0.00171546,-0.0221797
14,52,1.01196,0.00127908,-0.0226543
14,53,1.01103,0.000838247,-0.0230871
14,54,1.0101,0.000395082,-0.0234765
14,55,1.00917,-4.82933e-05,-0.02382
14,56,1.00825,-0.0004898,-0.0241163
14,57,1.00734,-0.000927411,-0.0243632
14,58,1.00643,-0.00135917,-0.0245598
14,59,1.00553,-0.00178318,-0.024704
14,60,1.00465,-0.00219765,-0.0247955
14,61,1.00378,-0.00260086,-0.0248326
14,62,1.00291,-0.00299121,-0.0248153
14,63,1.00207,-0.00336717,-0.0247427
14,64,1.00123,-0.00372735,-0.024615
14,65,1.00041,-0.00407042,-0.0244319
14,66,0.999604,-0.00439519,-0.0241942
14,67,0.998806,-0.00470054,-0.023902
14,68,0.998018,-0.00498547,-0.0235569
14,69,0.99724,-0.00524904,-0.0231592
14,70,0.996468,-0.00549043,-0.0227112
14,71,0.995702,-0.0057089,-0.0222139
14,72,0.99494,-0.00590376,-0.0216698
14,73,0.99418,-0.00607443,-0.0210805
14,74,0.99342,-0.00622038,-0.0204491
14,75,0.992657,-0.00634116,-0.0197776
14,76,0.99189,-0.00643637,-0.0190696
14,77,0.991118,-0.00650571,-0.0183273
14,78,0.990337,-0.0065489,-0.0175549
14,79,0.989546,-0.00656576,-0.0167548
14,80,0.988744,-0.00655617,-0.0159315
14,81,0.987928,-0.00652008,-0.0150878
14,82,0.987098,-0.00645752,-0.0142284
14,83,0.986251,-0.00636861,-0.0133561
14,84,0.985388,-0.00625354,-0.012476
14,85,0.984505,-0.00611262,-0.011591
14,86,0.983604,-0.00594625,-0.0107061
14,87,0.982684,-0.00575493,-0.00982422
14,88,0.981743,-0.00553931,-0.00895047
14,89,0.980782,-0.00530014,-0.00808756
14,90,0.979801,-0.00503831,-0.00724059
14,91,0.9788,-0.00475485,-0.00641196
14,92,0.97778,-0.00445091,-0.00560667
14,93,0.976742,-0.00412782,-0.00482674
14,94,0.975686,-0.00378703,-0.00407694
14,95,0.974613,-0.00343013,-0.00335882
14,96,0.973526,-0.00305885,-0.00267686
14,97,0.972426,-0.00267502,-0.002032
14,98,0.971315,-0.00228058,-0.00142837
14,99,0.970194,-0.00187756,-0.000866231
14,100,0.969067,-0.00146803,-0.000349293
14,101,0.967936,-0.00105405,0.000122913
14,102,0.966803,-0.000637679,0.000547143
14,103,0.965673,-0.000220925,0.000924639
14,104,0.964547,0.000194283,0.00125263
14,105,0.963429,0.000606072,0.00153314
14,106,0.962324,0.00101257,0.0017639
14,107,0.961234,0.0014118,0.00194775
14,108,0.960163,0.00180146,0.00208293
14,109,0.959116,0.00217866,0.00217323
14,110,0.958097,0.00253953,0.00221759
14,111,0.957109,0.00287882,0.00222095
14,112,0.956156,0.00318952,0.0021833
14,113,0.955244,0.00346262,0.00211111
14,114,0.954375,0.00368731,0.00200582
14,115,0.953555,0.00385172,0.00187578
14,116,0.952785,0.00394451,0.00172397
14,117,0.952072,0.00395764,0.0015602
14,118,0.951416,0.00389005,0.00138798
14,119,0.950824,0.00375183,0.0012167
14,120,0.950296,0.00356696,0.00104782
14,121,0.949836,0.00337106,0.000887194
14,122,0.949446,0.00319825,0.000731612
14,123,0.949129,0.00305017,0.000582216
14,124,0.948886,0.00284536,0.000430579
14,125,0.948718,0.00236474,0.000273758
14,126,0.948622,0.00125602,0.000101527
14,127,1,-0.00343474,0
15,0,1,0,0
15,1,1.03797,0.000329324,0.000301245
15,2,1.0379,0.000704259,0.000811145
15,3,1.03782,0.00154241,0.00117973
15,4,1.03772,0.00243199,0.00143536
15,5,1.0376,0.0031415,0.00160062
15,6,1.03746,0.00361608,0.00169983
15,7,1.0373,0.00390575,0.00174722
15,8,1.03712,0.00409564,0.00175538
15,9,1.03693,0.00426183,0.00172635
15,10,1.03671,0.00445309,0.00166289
15,11,1.03648,0.00468998,0.00156074
15,12,1.03624,0.00497223,0.0014194
15,13,1.03597,0.00528787,0.00123409
15,14,1.03569,0.00562089,0.00100512
15,15,1.0354,0.00595607,0.000729492
15,16,1.03509,0.00628143,0.000409103
15,17,1.03476,0.0065887,4.26628e-05
15,18,1.03442,0.00687291,-0.000366914
15,19,1.03406,0.00713151,-0.000819855
15,20,1.03369,0.00736344,-0.00131283
15,21,1.0333,0.00756845,-0.00184543
15,22,1.03289,0.00774661,-0.0024142
15,23,1.03248,0.00789801,-0.00301822
15,24,1.03204,0.00802263,-0.00365404
15,25,1.03159,0.00812033,-0.0043203
15,26,1.03112,0.00819083,-0.00501358
15,27,1.03063,0.00823375,-0.00573212
15,28,1.03013,0.00824866,-0.00647255
15,29,1.02961,0.00823507,-0.00723275
15,30,1.02907,0.00819253,-0.00800947
15,31,1.02851,0.00812058,-0.00880027
15,32,1.02793,0.00801884,-0.00960201
15,33,1.02733,0.00788701,-0.010412
15,34,1.0267,0.00772491,-0.0112273
15,35,1.02606,0.00753249,-0.0120451
15,36,1.0254,0.00730988,-0.0128624
15,37,1.02471,0.0070574,-0.0136764
15,38,1.02401,0.00677555,-0.0144843
15,39,1.02328,0.0064651,-0.0152832
15,40,1.02253,0.006127,-0.0160706
15,41,1.02176,0.00576244,-0.0168435
15,42,1.02097,0.00537284,-0.0175995
15,43,1.02016,0.00495981,-0.0183358
15,44,1.01934,0.00452515,-0.01905
15,45,1.01849,0.00407083,-0.0197395
15,46,1.01763,0.00359896,-0.020402
15,47,1.01676,0.00311176,-0.0210348
15,48,1.01587,0.00261157,-0.0216361
15,49,1.01498,0.00210076,-0.022203
15,50,1.01407,0.00158176,-0.022734
15,51,1.01316,0.00105701,-0.0232263
15,52,1.01225,0.000528929,-0.0236783
15,53,1.01134,-6.97031e-08,-0.0240877
15,54,1.01042,-0.000527633,-0.0244531
15,55,1.00951,-0.00105147,-0.0247721
15,56,1.0086,-0.00156936,-0.0250437
15,57,1.0077,-0.00207918,-0.0252659
15,58,1.00681,-0.0025789,-0.0254378
15,59,1.00592,-0.0030666,-0.0255577
15,60,1.00505,-0.00354045,-0.0256253
15,61,1.00418,-0.00399877,-0.0256392
15,62,1.00333,-0.00443997,-0.0255994
15,63,1.00249,-0.00486258,-0.0255051
15,64,1.00166,-0.00526526,-0.0253568
15,65,1.00084,-0.00564679,-0.0251539
15,66,1.00003,-0.00600604,-0.0248976
15,67,0.999235,-0.00634202,-0.0245879
15,68,0.998445,-0.00665383,-0.0242263
15,69,0.997663,-0.00694069,-0.0238135
15,70,0.996885,-0.0072019,-0.0233513
15,71,0.996112,-0.00743687,-0.022841
15,72,0.995341,-0.0076451,-0.022285
15,73,0.99457,-0.00782617,-0.0216849
15,74,0.993798,-0.00797975,-0.0210437
15,75,0.993022,-0.00810558,-0.0203632
15,76,0.992241,-0.00820348,-0.0196471
15,77,0.991452,-0.00827336,-0.0188974
15,78,0.990655,-0.00831516,-0.0181182
15,79,0.989846,-0.00832893,-0.0173119
15,80,0.989025,-0.00831477,-0.0164828
15,81,0.98819,-0.00827283,-0.0156337
15,82,0.98734,-0.00820336,-0.014769
15,83,0.986473,-0.00810666,-0.0138916
15,84,0.985588,-0.0079831,-0.0130063
15,85,0.984685,-0.00783312,-0.0121159
15,86,0.983763,-0.00765725,-0.0112254
15,87,0.982821,-0.00745607,-0.0103376
15,88,0.981859,-0.00723028,-0.00945753
15,89,0.980877,-0.00698062,-0.00858776
15,90,0.979876,-0.00670796,-0.00773326
15,91,0.978855,-0.00641326,-0.00689648
15,92,0.977815,-0.00609758,-0.00608222
15,93,0.976757,-0.00576208,-0.00529258
15,94,0.975683,-0.00540806,-0.00453214
15,95,0.974593,-0.0050369,-0.00380255
15,96,0.973488,-0.00465013,-0.00310813
15,97,0.972372,-0.00424938,-0.00244996
15,98,0.971245,-0.00383637,-0.00183201
15,99,0.970109,-0.00341294,-0.00125472
15,100,0.968968,-0.00298097,-0.000721658
15,101,0.967824,-0.00254239,-0.000232566
15,102,0.966679,-0.00209916,0.000209441
15,103,0.965536,-0.00165322,0.000605352
15,104,0.9644,-0.0012065,0.000952509
15,105,0.963272,-0.000760937,0.00125266
15,106,0.962157,-0.000318529,0.00150362
15,107,0.961058,0.000118525,0.00170793
15,108,0.959979,0.00054761,0.00186392
15,109,0.958925,0.000965393,0.00197503
15,110,0.957898,0.00136742,0.00204027
15,111,0.956903,0.0017477,0.0020642
15,112,0.955944,0.00209828,0.00204685
15,113,0.955025,0.00240908,0.00199426
15,114,0.95415,0.00266806,0.00190789
15,115,0.953324,0.00286209,0.00179554
15,116,0.952548,0.00297873,0.00166019
15,117,0.951828,0.00300917,0.00151106
15,118,0.951167,0.00295219,0.00135169
15,119,0.950568,0.00281851,0.00119103
15,120,0.950033,0.00263364,0.00103088
15,121,0.949566,0.00243536,0.000877305
15,122,0.949169,0.00226018,0.00072801
15,123,0.948843,0.00211212,0.000584534
15,124,0.948591,0.00191245,0.000440385
15,125,0.948413,0.00144677,0.000289429
15,126,0.948313,0.000373921,0.000104264
15,127,1,-0.00343474,0
16,0,1,0,0
16,1,1.03831,-0.000350186,0.000311783
16,2,1.03823,0.00018044,0.000816047
16,3,1.03814,0.001149,0.00117093
16,4,1.03802,0.00213915,0.00140624
16,5,1.03789,0.00292168,0.00154852
16,6,1.03773,0.00344752,0.0016239
16,7,1.03756,0.00377374,0.0016465
16,8,1.03737,0.00399228,0.00162836
16,9,1.03717,0.00418458,0.00157148
16,10,1.03694,0.00440297,0.00147841
16,11,1.0367,0.00466982,0.00134516
16,12,1.03644,0.00498537,0.00117129
16,13,1.03616,0.00533737,0.000952377
16,14,1.03587,0.00570914,0.000688807
16,15,1.03556,0.00608478,0.000377902
16,16,1.03524,0.00645169,2.15905e-05
16,17,1.0349,0.00680118,-0.000381153
16,18,1.03455,0.00712799,-0.000827403
16,19,1.03418,0.00742935,-0.00131714
16,20,1.03379,0.00770408,-0.001847
16,21,1.0334,0.00795178,-0.00241629
16,22,1.03298,0.00817238,-0.00302151
16,23,1.03255,0.0083658,-0.00366143
16,24,1.03211,0.00853188,-0.00433251
16,25,1.03165,0.00867026,-0.00503305
16,26,1.03118,0.00878046,-0.00575951
16,27,1.03069,0.0088619,-0.0065098
16,28,1.03018,0.00891393,-0.00728041
16,29,1.02965,0.00893586,-0.00806893
16,30,1.02911,0.008927,-0.00887193
16,31,1.02855,0.0088867,-0.00968676
16,32,1.02797,0.00881436,-0.0105101
16,33,1.02737,0.00870949,-0.0113392
16,34,1.02676,0.00857171,-0.0121708
16,35,1.02612,0.00840079,-0.013002
16,36,1.02546,0.00819668,-0.0138299
16,37,1.02478,0.00795953,-0.0146516
16,38,1.02409,0.00768972,-0.0154643
16,39,1.02337,0.00738787,-0.016265
16,40,1.02263,0.00705484,-0.0170514
16,41,1.02187,0.00669173,-0.0178206
16,42,1.02109,0.00629989,-0.0185702
16,43,1.0203,0.00588091,-0.0192976
16,44,1.01949,0.00543658,-0.0200006
16,45,1.01866,0.00496889,-0.0206766
16,46,1.01781,0.00448,-0.0213238
16,47,1.01696,0.00397222,-0.0219396
16,48,1.01609,0.00344798,-0.0225223
16,49,1.01521,0.00290981,-0.0230694
16,50,1.01433,0.00236027,-0.0235793
16,51,1.01343,0.00180199,-0.0240498
16,52,1.01254,0.00123762,-0.0244794
16,53,1.01164,0.000669759,-0.024866
16,54,1.01074,0.000101007,-0.0252083
16,55,1.00984,-0.000466104,-0.0255044
16,56,1.00895,-0.00102911,-0.0257531
16,57,1.00807,-0.00158562,-0.0259528
16,58,1.00719,-0.00213337,-0.0261027
16,59,1.00631,-0.00267016,-0.0262014
16,60,1.00545,-0.00319393,-0.0262485
16,61,1.0046,-0.00370275,-0.0262429
16,62,1.00375,-0.00419478,-0.0261845
16,63,1.00292,-0.00466833,-0.0260728
16,64,1.0021,-0.00512181,-0.0259081
16,65,1.00128,-0.00555377,-0.0256902
16,66,1.00048,-0.00596287,-0.02542
16,67,0.999681,-0.00634788,-0.0250978
16,68,0.998891,-0.00670767,-0.0247249
16,69,0.998107,-0.00704123,-0.024302
16,70,0.997326,-0.00734763,-0.023831
16,71,0.996548,-0.00762605,-0.0233131
16,72,0.995771,-0.00787572,-0.0227506
16,73,0.994992,-0.008096,-0.0221451
16,74,0.994211,-0.00828627,-0.0214995
16,75,0.993425,-0.00844604,-0.0208155
16,76,0.992632,-0.00857484,-0.0200967
16,77,0.99183,-0.00867231,-0.0193451
16,78,0.991019,-0.00873813,-0.0185644
16,79,0.990195,-0.00877208,-0.0177573
16,80,0.989358,-0.008774,-0.0169276
16,81,0.988506,-0.00874382,-0.0160782
16,82,0.987638,-0.00868154,-0.0152133
16,83,0.986753,-0.00858727,-0.0143358
16,84,0.98585,-0.00846123,-0.0134502
16,85,0.984927,-0.00830372,-0.0125594
16,86,0.983986,-0.0081152,-0.0116681
16,87,0.983024,-0.00789623,-0.010779
16,88,0.982042,-0.00764752,-0.00989704
16,89,0.98104,-0.00736993,-0.00902481
16,90,0.980019,-0.00706449,-0.00816706
16,91,0.978978,-0.00673236,-0.00732628
16,92,0.977919,-0.00637492,-0.00650706
16,93,0.976842,-0.00599369,-0.00571157
16,94,0.975749,-0.00559038,-0.00494422
16,95,0.97464,-0.00516687,-0.00420675
16,96,0.973518,-0.00472519,-0.00350331
16,97,0.972384,-0.00426755,-0.00283512
16,98,0.971241,-0.00379625,-0.00220597
16,99,0.97009,-0.00331372,-0.00161649
16,100,0.968934,-0.00282245,-0.0010701
16,101,0.967775,-0.00232494,-0.000566744
16,102,0.966617,-0.0018237,-0.000109417
16,103,0.965462,-0.00132118,0.000302628
16,104,0.964314,-0.000819758,0.00066684
16,105,0.963176,-0.000321788,0.000984689
16,106,0.962051,0.000170381,0.00125408
16,107,0.960943,0.000654241,0.00147724
16,108,0.959855,0.00112691,0.00165257
16,109,0.958792,0.00158478,0.00178316
16,110,0.957758,0.00202316,0.00186809
16,111,0.956756,0.00243575,0.00191151
16,112,0.95579,0.00281426,0.00191349
16,113,0.954864,0.00314824,0.00187963
16,114,0.953982,0.00342524,0.00181137
16,115,0.953148,0.00363176,0.00171601
16,116,0.952366,0.00375513,0.00159646
16,117,0.951639,0.00378658,0.00146144
16,118,0.95097,0.00372537,0.00131448
16,119,0.950362,0.00358327,0.00116418
16,120,0.949819,0.00338733,0.00101267
16,121,0.949344,0.00317731,0.000866132
16,122,0.948937,0.0029918,0.000723436
16,123,0.948602,0.00283716,0.000587036
16,124,0.94834,0.0026385,0.000449411
16,125,0.948151,0.0021903,0.000302425
16,126,0.948034,0.00116991,0.000120918
16,127,1,-0.00343474,0
17,0,1,0,0
17,1,1.03866,0.000497457,0.000314638
17,2,1.03857,0.00119939,0.000822311
17,3,1.03847,0.00230337,0.00116174
17,4,1.03834,0.00339592,0.00137691
17,5,1.0382,0.0042538,0.00149811
17,6,1.03804,0.00483509,0.00155148
17,7,1.03786,0.00520375,0.00155139
17,8,1.03765,0.00545743,0.00150945
17,9,1.03744,0.00568174,0.00142749
17,10,1.0372,0.00593144,0.00130789
17,11,1.03694,0.00622987,0.00114689
17,12,1.03667,0.0065771,0.000944088
17,13,1.03638,0.0069601,0.000695413
17,14,1.03608,0.00736115,0.000401309
17,15,1.03576,0.00776325,5.94077e-05
17,16,1.03543,0.0081529,-0.000328339
17,17,1.03507,0.00852062,-0.000762699
17,18,1.03471,0.00886058,-0.00124074
17,19,1.03433,0.00916956,-0.00176219
17,20,1.03393,0.009446,-0.00232367
17,21,1.03352,0.00968925,-0.00292423
17,22,1.0331,0.00989903,-0.00356029
17,23,1.03266,0.0100751,-0.00423036
17,24,1.03221,0.0102172,-0.00493078
17,25,1.03174,0.0103249,-0.00565958
17,26,1.03126,0.0103977,-0.0064131
17,27,1.03076,0.010435,-0.00718895
17,28,1.03024,0.0104362,-0.00798351
17,29,1.02971,0.0104009,-0.00879409
17,30,1.02916,0.0103284,-0.00961716
17,31,1.0286,0.0102184,-0.0104498
17,32,1.02802,0.0100704,-0.0112887
17,33,1.02742,0.0098844,-0.0121308
17,34,1.0268,0.00966031,-0.0129729
17,35,1.02616,0.00939834,-0.0138119
17,36,1.02551,0.00909891,-0.0146451
17,37,1.02483,0.00876267,-0.0154692
17,38,1.02414,0.00839056,-0.0162818
17,39,1.02343,0.00798374,-0.0170799
17,40,1.0227,0.00754369,-0.0178611
17,41,1.02195,0.00707211,-0.0186226
17,42,1.02118,0.00657096,-0.0193624
17,43,1.0204,0.00604244,-0.0200778
17,44,1.0196,0.00548892,-0.020767
17,45,1.01878,0.00491296,-0.0214275
17,46,1.01795,0.00431727,-0.0220575
17,47,1.01711,0.00370466,-0.0226549
17,48,1.01626,0.00307801,-0.023218
17,49,1.0154,0.00244026,-0.0237447
17,50,1.01453,0.00179435,-0.0242335
17,51,1.01366,0.00114321,-0.0246825
17,52,1.01278,0.000489745,-0.0250904
17,53,1.0119,-0.000163225,-0.0254552
17,54,1.01102,-0.000812945,-0.0257759
17,55,1.01014,-0.00145676,-0.0260507
17,56,1.00926,-0.00209213,-0.0262787
17,57,1.00839,-0.00271664,-0.0264583
17,58,1.00753,-0.00332798,-0.026589
17,59,1.00667,-0.003924,-0.0266694
17,60,1.00582,-0.00450268,-0.0266992
17,61,1.00498,-0.00506213,-0.0266775
17,62,1.00415,-0.0056006,-0.0266042
17,63,1.00332,-0.0061165,-0.0264789
17,64,1.0025,-0.00660832,-0.0263019
17,65,1.0017,-0.00707474,-0.0260731
17,66,1.0009,-0.00751452,-0.0257933
17,67,1.0001,-0.00792656,-0.0254629
17,68,0.999311,-0.00830988,-0.0250832
17,69,0.998525,-0.0086636,-0.0246548
17,70,0.997742,-0.00898693,-0.0241797
17,71,0.996959,-0.00927922,-0.0236588
17,72,0.996175,-0.00953988,-0.0230945
17,73,0.995389,-0.00976842,-0.0224883
17,74,0.994598,-0.00996445,-0.0218429
17,75,0.9938,-0.0101276,-0.0211601
17,76,0.992995,-0.0102578,-0.0204431
17,77,0.99218,-0.0103547,-0.0196941
17,78,0.991354,-0.0104183,-0.0189166
17,79,0.990515,-0.0104486,-0.018113
17,80,0.989661,-0.0104457,-0.0172872
17,81,0.988792,-0.0104097,-0.0164419
17,82,0.987906,-0.0103409,-0.0155811
17,83,0.987003,-0.0102396,-0.0147076
17,84,0.986081,-0.0101061,-0.0138258
17,85,0.985139,-0.00994108,-0.0129384
17,86,0.984179,-0.00974495,-0.0120501
17,87,0.983198,-0.00951845,-0.0111636
17,88,0.982197,-0.00926235,-0.0102834
17,89,0.981176,-0.00897753,-0.00941226
17,90,0.980136,-0.00866499,-0.00855469
17,91,0.979077,-0.00832585,-0.00771321
17,92,0.977999,-0.00796134,-0.00689223
17,93,0.976905,-0.00757285,-0.00609397
17,94,0.975794,-0.00716189,-0.00532267
17,95,0.974669,-0.00673012,-0.00458015
17,96,0.973531,-0.00627932,-0.0038704
17,97,0.972382,-0.00581142,-0.00319474
17,98,0.971224,-0.00532848,-0.00255684
17,99,0.970059,-0.00483265,-0.00195748
17,100,0.96889,-0.00432617,-0.00139994
17,101,0.967719,-0.00381133,-0.000884368
17,102,0.966548,-0.00329046,-0.000413638
17,103,0.965382,-0.00276586,1.27594e-05
17,104,0.964223,-0.00223984,0.000392373
17,105,0.963075,-0.00171474,0.000726394
17,106,0.96194,-0.00119296,0.00101281
17,107,0.960823,-0.000677158,0.00125353
17,108,0.959727,-0.000170479,0.00144703
17,109,0.958656,0.00032311,0.00159603
17,110,0.957614,0.000798379,0.00169967
17,111,0.956605,0.00124836,0.00176169
17,112,0.955632,0.00166392,0.00178219
17,113,0.954699,0.00203358,0.0017663
17,114,0.953811,0.00234377,0.00171545
17,115,0.95297,0.00257982,0.00163645
17,116,0.952182,0.00272798,0.00153216
17,117,0.951448,0.0027787,0.00141079
17,118,0.950772,0.00273092,0.00127592
17,119,0.950158,0.00259669,0.0011358
17,120,0.949608,0.00240397,0.000992967
17,121,0.949125,0.00219387,0.000853856
17,122,0.948711,0.0020067,0.000718222
17,123,0.948367,0.00185148,0.000588725
17,124,0.948095,0.00165897,0.000459579
17,125,0.947896,0.00123626,0.000319169
17,126,0.947775,0.000286983,0.000123863
17,127,1,-0.00343474,0
18,0,1,0,0
18,1,1.03899,-0.000132918,0.000325131
18,2,1.03889,0.000761812,0.000826426
18,3,1.03877,0.00201274,0.00115282
18,4,1.03863,0.00321119,0.00134923
18,5,1.03848,0.00414323,0.00144975
18,6,1.0383,0.0047763,0.0014824
18,7,1.03811,0.00518269,0.00146141
18,8,1.03789,0.00546683,0.00139781
18,9,1.03766,0.00571932,0.00129333
18,10,1.03741,0.00599807,0.00115007
18,11,1.03714,0.00632802,0.000964456
18,12,1.03686,0.00670966,0.000736092
18,13,1.03656,0.00712968,0.000461226
18,14,1.03624,0.00756975,0.00014035
18,15,1.0359,0.00801228,-0.000228607
18,16,1.03555,0.00844319,-0.000643673
18,17,1.03519,0.00885263,-0.00110536
18,18,1.03481,0.00923446,-0.00161073
18,19,1.03442,0.00958525,-0.00215927
18,20,1.03401,0.00990327,-0.00274756
18,21,1.03359,0.0101877,-0.00337442
18,22,1.03316,0.0104381,-0.0040362
18,23,1.03271,0.010654,-0.00473116
18,24,1.03224,0.010835,-0.00545554
18,25,1.03177,0.0109804,-0.00620712
18,26,1.03128,0.0110895,-0.00698211
18,27,1.03077,0.0111616,-0.0077779
18,28,1.03025,0.0111959,-0.00859072
18,29,1.02972,0.0111915,-0.00941768
18,30,1.02916,0.0111479,-0.0102551
18,31,1.0286,0.0110643,-0.0111
18,32,1.02802,0.0109404,-0.0119489
18,33,1.02742,0.0107757,-0.0127986
18,34,1.0268,0.01057,-0.0136459
18,35,1.02617,0.0103236,-0.0144878
18,36,1.02552,0.0100365,-0.0153213
18,37,1.02485,0.00970942,-0.0161434
18,38,1.02416,0.00934309,-0.0169516
18,39,1.02346,0.00893862,-0.017743
18,40,1.02274,0.00849736,-0.0185154
18,41,1.022,0.00802097,-0.0192661
18,42,1.02125,0.00751137,-0.0199931
18,43,1.02048,0.00697071,-0.0206942
18,44,1.01969,0.00640137,-0.0213674
18,45,1.01889,0.00580595,-0.0220106
18,46,1.01808,0.00518719,-0.0226223
18,47,1.01725,0.00454798,-0.0232005
18,48,1.01642,0.00389131,-0.0237437
18,49,1.01558,0.00322025,-0.02425
18,50,1.01473,0.00253789,-0.0247183
18,51,1.01387,0.00184735,-0.0251466
18,52,1.01301,0.00115172,-0.0255339
18,53,1.01215,0.000454039,-0.0258785
18,54,1.01129,-0.000242701,-0.0261795
18,55,1.01042,-0.000935612,-0.0264352
18,56,1.00957,-0.0016219,-0.026645
18,57,1.00871,-0.0022989,-0.0268073
18,58,1.00786,-0.00296406,-0.0269217
18,59,1.00702,-0.00361498,-0.026987
18,60,1.00618,-0.00424937,-0.027003
18,61,1.00535,-0.00486513,-0.0269687
18,62,1.00453,-0.00546026,-0.0268843
18,63,1.00372,-0.00603292,-0.0267492
18,64,1.00291,-0.0065814,-0.0265638
18,65,1.00211,-0.00710414,-0.0263281
18,66,1.00131,-0.00759968,-0.0260429
18,67,1.00052,-0.00806671,-0.0257085
18,68,0.999735,-0.00850401,-0.0253261
18,69,0.99895,-0.00891048,-0.0248964
18,70,0.998167,-0.00928511,-0.0244212
18,71,0.997382,-0.00962698,-0.0239015
18,72,0.996595,-0.00993528,-0.0233395
18,73,0.995804,-0.0102093,-0.0227366
18,74,0.995007,-0.0104482,-0.0220954
18,75,0.994202,-0.0106516,-0.0214178
18,76,0.993388,-0.0108189,-0.0207066
18,77,0.992563,-0.0109496,-0.019964
18,78,0.991726,-0.0110434,-0.0191934
18,79,0.990875,-0.0111,-0.018397
18,80,0.990009,-0.0111191,-0.0175786
18,81,0.989126,-0.0111006,-0.0167408
18,82,0.988226,-0.0110446,-0.0158875
18,83,0.987308,-0.0109509,-0.0150213
18,84,0.98637,-0.01082,-0.0141465
18,85,0.985413,-0.010652,-0.0132658
18,86,0.984435,-0.0104473,-0.0123835
18,87,0.983438,-0.0102067,-0.0115024
18,88,0.98242,-0.00993085,-0.0106269
18,89,0.981382,-0.00962066,-0.0097596
18,90,0.980324,-0.00927726,-0.00890488
18,91,0.979248,-0.00890198,-0.00806529
18,92,0.978154,-0.00849632,-0.00724505
18,93,0.977042,-0.00806199,-0.00644642
18,94,0.975915,-0.00760095,-0.00567349
18,95,0.974774,-0.00711531,-0.00492814
18,96,0.97362,-0.00660742,-0.00421421
18,97,0.972456,-0.00607978,-0.00353315
18,98,0.971283,-0.00553508,-0.00288846
18,99,0.970103,-0.00497612,-0.00228109
18,100,0.96892,-0.00440577,-0.00171417
18,101,0.967736,-0.00382697,-0.00118806
18,102,0.966554,-0.00324264,-0.000705518
18,103,0.965376,-0.00265568,-0.000266257
18,104,0.964206,-0.00206892,0.000127362
18,105,0.963047,-0.00148515,0.00047626
18,106,0.961903,-0.000907188,0.0007785
18,107,0.960777,-0.000338063,0.00103568
18,108,0.959673,0.000218772,0.00124633
18,109,0.958594,0.000759053,0.00141282
18,110,0.957544,0.00127726,0.00153433
18,111,0.956527,0.00176612,0.0016142
18,112,0.955547,0.00221615,0.00165255
18,113,0.954607,0.00261551,0.00165405
18,114,0.953712,0.00295023,0.00162011
18,115,0.952865,0.00320527,0.00155706
18,116,0.952069,0.00336664,0.00146771
18,117,0.951327,0.00342477,0.00135979
18,118,0.950644,0.00337894,0.0012369
18,119,0.950022,0.00324194,0.00110701
18,120,0.949464,0.00304285,0.000973034
18,121,0.948972,0.00282416,0.000841527
18,122,0.948548,0.00262795,0.000713326
18,123,0.948195,0.00246616,0.000591857
18,124,0.947913,0.00227642,0.000469875
18,125,0.947704,0.00188231,0.00033335
18,126,0.947564,0.00102141,0.000141432
18,127,1,-0.00343474,0
19,0,1,0,0
19,1,1.03931,0.000718126,0.000326682
19,2,1.03921,0.00182004,0.000831417
19,3,1.03908,0.00322225,0.00114314
19,4,1.03894,0.00452814,0.00132095
19,5,1.03877,0.00553637,0.00140269
19,6,1.03858,0.006225,0.00141631
19,7,1.03838,0.00667447,0.00137632
19,8,1.03815,0.00699506,0.0012933
19,9,1.03791,0.00728121,0.00116878
19,10,1.03765,0.00759296,0.00100462
19,11,1.03737,0.00795593,0.000797424
19,12,1.03707,0.00837034,0.000546779
19,13,1.03676,0.00882204,0.000249236
19,14,1.03643,0.00929167,-9.46769e-05
19,15,1.03608,0.0097606,-0.000486755
19,16,1.03572,0.0102138,-0.000925013
19,17,1.03534,0.0106408,-0.00140972
19,18,1.03495,0.0110349,-0.00193794
19,19,1.03454,0.0113921,-0.00250893
19,20,1.03412,0.0117103,-0.00311927
19,21,1.03369,0.0119886,-0.00376751
19,22,1.03324,0.0122262,-0.00444999
19,23,1.03278,0.0124226,-0.0051647
19,24,1.0323,0.0125771,-0.00590784
19,25,1.03182,0.012689,-0.00667693
19,26,1.03132,0.0127578,-0.0074681
19,27,1.0308,0.0127825,-0.00827852
19,28,1.03027,0.0127626,-0.00910434
19,29,1.02973,0.0126975,-0.00994248
19,30,1.02917,0.0125865,-0.0107892
19,31,1.0286,0.0124295,-0.0116413
19,32,1.02801,0.0122262,-0.0124953
19,33,1.0274,0.0119766,-0.013348
19,34,1.02679,0.011681,-0.0141962
19,35,1.02615,0.0113401,-0.0150367
19,36,1.0255,0.0109545,-0.0158666
19,37,1.02483,0.0105253,-0.0166831
19,38,1.02415,0.0100541,-0.0174836
19,39,1.02345,0.00954258,-0.0182654
19,40,1.02274,0.00899266,-0.0190263
19,41,1.02201,0.00840668,-0.019764
19,42,1.02126,0.00778722,-0.0204764
19,43,1.0205,0.00713705,-0.0211616
19,44,1.01973,0.00645919,-0.0218177
19,45,1.01894,0.00575679,-0.022443
19,46,1.01815,0.00503312,-0.023036
19,47,1.01734,0.00429157,-0.0235949
19,48,1.01652,0.00353555,-0.0241185
19,49,1.01569,0.0027685,-0.0246051
19,50,1.01486,0.00199384,-0.0250537
19,51,1.01403,0.00121493,-0.0254626
19,52,1.01318,0.000435058,-0.0258309
19,53,1.01234,-0.00034258,-0.0261571
19,54,1.0115,-0.00111491,-0.0264404
19,55,1.01066,-0.001879,-0.0266794
19,56,1.00982,-0.00263204,-0.0268733
19,57,1.00898,-0.00337139,-0.0270211
19,58,1.00815,-0.00409456,-0.027122
19,59,1.00732,-0.00479922,-0.0271753
19,60,1.0065,-0.0054832,-0.0271805
19,61,1.00568,-0.00614448,-0.0271369
19,62,1.00487,-0.00678119,-0.0270447
19,63,1.00407,-0.00739161,-0.0269033
19,64,1.00327,-0.00797416,-0.0267131
19,65,1.00248,-0.0085274,-0.0264741
19,66,1.00169,-0.00905002,-0.026187
19,67,1.0009,-0.00954082,-0.0258522
19,68,1.00012,-0.00999872,-0.0254707
19,69,0.999337,-0.0104228,-0.0250434
19,70,0.998553,-0.0108121,-0.0245717
19,71,0.997766,-0.0111659,-0.0240568
19,72,0.996975,-0.0114836,-0.0235006
19,73,0.996179,-0.0117645,-0.0229046
19,74,0.995375,-0.0120082,-0.0222711
19,75,0.994563,-0.0122143,-0.0216019
19,76,0.99374,-0.0123824,-0.0208999
19,77,0.992905,-0.0125123,-0.020167
19,78,0.992057,-0.0126039,-0.0194064
19,79,0.991193,-0.0126571,-0.0186204
19,80,0.990314,-0.0126719,-0.0178125
19,81,0.989418,-0.0126485,-0.0169851
19,82,0.988504,-0.012587,-0.0161421
19,83,0.987571,-0.0124877,-0.015286
19,84,0.986618,-0.012351,-0.0144209
19,85,0.985645,-0.0121775,-0.0135494
19,86,0.984653,-0.0119677,-0.0126756
19,87,0.98364,-0.0117224,-0.0118024
19,88,0.982607,-0.0114423,-0.0109338
19,89,0.981554,-0.0111286,-0.0100726
19,90,0.980481,-0.0107823,-0.00922285
19,91,0.97939,-0.0104047,-0.0083872
19,92,0.978281,-0.00999712,-0.00756966
19,93,0.977156,-0.00956119,-0.00677257
19,94,0.976015,-0.00909862,-0.00599982
19,95,0.974861,-0.00861132,-0.00525338
19,96,0.973694,-0.00810133,-0.00453694
19,97,0.972517,-0.00757085,-0.00385205
19,98,0.971332,-0.00702224,-0.0032021
19,99,0.970142,-0.00645797,-0.00258815
19,100,0.968948,-0.0058806,-0.00201324
19,101,0.967753,-0.00529277,-0.0014779
19,102,0.966561,-0.00469713,-0.000984777
19,103,0.965374,-0.00409635,-0.000533823
19,104,0.964195,-0.00349309,-0.00012731
19,105,0.963027,-0.00289003,0.000235422
19,106,0.961875,-0.00228998,0.000552498
19,107,0.96074,-0.00169602,0.000825212
19,108,0.959628,-0.00111178,0.00105215
19,109,0.958542,-0.000541821,0.00123532
19,110,0.957485,7.90258e-06,0.00137393
19,111,0.956461,0.000529512,0.00147095
19,112,0.955474,0.00101277,0.00152647
19,113,0.954528,0.0014449,0.00154474
19,114,0.953626,0.00181087,0.00152715
19,115,0.952773,0.00209453,0.00147953
19,116,0.95197,0.00228087,0.00140467
19,117,0.951223,0.00235945,0.00130982
19,118,0.950533,0.00232907,0.00119866
19,119,0.949904,0.00220242,0.00107887
19,120,0.949339,0.00200889,0.000953766
19,121,0.948839,0.00179163,0.000830173
19,122,0.948408,0.00159399,0.000709685
19,123,0.948046,0.00143115,0.000595709
19,124,0.947755,0.00124942,0.000482472
19,125,0.947535,0.000892827,0.000352296
19,126,0.94739,0.000140162,0.000145053
19,127,1,-0.00343474,0
20,0,1,0,0
20,1,1.03961,0.000135088,0.000336752
20,2,1.03949,0.00146383,0.000834116
20,3,1.03935,0.00302745,0.00113374
20,4,1.03919,0.00444297,0.0012947
20,5,1.03901,0.00552494,0.00135824
20,6,1.03882,0.00626431,0.00135425
20,7,1.0386,0.00675109,0.00129713
20,8,1.03836,0.00710244,0.00119686
20,9,1.0381,0.00741746,0.00105484
20,10,1.03783,0.00775897,0.000872614
20,11,1.03753,0.00815395,0.000646907
20,12,1.03722,0.00860293,0.000377271
20,13,1.03689,0.00909147,6.05208e-05
20,14,1.03655,0.00959966,-0.000302793
20,15,1.03618,0.0101083,-0.000714204
20,16,1.03581,0.0106019,-0.00117172
20,17,1.03542,0.0110695,-0.00167537
20,18,1.03501,0.0115042,-0.00222223
20,19,1.03459,0.0119018,-0.00281134
20,20,1.03416,0.01226,-0.00343925
20,21,1.03371,0.0125776,-0.00410431
20,22,1.03325,0.0128537,-0.00480281
20,23,1.03278,0.0130876,-0.00553254
20,24,1.03229,0.0132784,-0.00628961
20,25,1.0318,0.0134252,-0.00707137
20,26,1.03129,0.0135271,-0.00787384
20,27,1.03076,0.0135833,-0.00869404
20,28,1.03023,0.0135927,-0.00952802
20,29,1.02968,0.0135547,-0.0103726
20,30,1.02911,0.0134685,-0.0112239
20,31,1.02854,0.0133338,-0.0120787
20,32,1.02795,0.0131501,-0.0129335
20,33,1.02735,0.0129174,-0.0137849
20,34,1.02673,0.0126358,-0.0146299
20,35,1.02609,0.0123058,-0.0154652
20,36,1.02545,0.0119281,-0.0162881
20,37,1.02479,0.0115037,-0.0170958
20,38,1.02411,0.0110338,-0.0178857
20,39,1.02342,0.0105202,-0.0186554
20,40,1.02271,0.00996482,-0.0194027
20,41,1.02199,0.00936981,-0.0201254
20,42,1.02126,0.00873773,-0.0208218
20,43,1.02051,0.00807133,-0.02149
20,44,1.01975,0.0073736,-0.0221284
20,45,1.01898,0.00664771,-0.0227354
20,46,1.0182,0.00589699,-0.0233096
20,47,1.01741,0.00512486,-0.0238497
20,48,1.0166,0.00433484,-0.0243544
20,49,1.0158,0.00353048,-0.0248224
20,50,1.01498,0.00271535,-0.0252526
20,51,1.01416,0.00189297,-0.0256438
20,52,1.01334,0.00106684,-0.025995
20,53,1.01252,0.000240355,-0.026305
20,54,1.01169,-0.000583193,-0.0265731
20,55,1.01087,-0.00140062,-0.0267979
20,56,1.01005,-0.0022089,-0.0269788
20,57,1.00923,-0.00300512,-0.0271149
20,58,1.00841,-0.00378655,-0.0272055
20,59,1.0076,-0.00455061,-0.0272499
20,60,1.0068,-0.00529489,-0.0272476
20,61,1.00599,-0.00601712,-0.0271982
20,62,1.0052,-0.00671522,-0.0271015
20,63,1.00441,-0.00738724,-0.0269572
20,64,1.00362,-0.00803138,-0.0267657
20,65,1.00283,-0.00864597,-0.0265268
20,66,1.00205,-0.00922951,-0.0262414
20,67,1.00127,-0.00978056,-0.0259095
20,68,1.0005,-0.0102979,-0.0255325
20,69,0.999716,-0.0107802,-0.0251108
20,70,0.998934,-0.0112265,-0.0246459
20,71,0.998148,-0.0116357,-0.024139
20,72,0.997357,-0.012007,-0.0235918
20,73,0.99656,-0.0123395,-0.0230056
20,74,0.995753,-0.0126325,-0.0223828
20,75,0.994937,-0.0128852,-0.0217251
20,76,0.994109,-0.013097,-0.0210349
20,77,0.993269,-0.0132674,-0.0203144
20,78,0.992414,-0.0133959,-0.0195664
20,79,0.991543,-0.0134821,-0.0187933
20,80,0.990656,-0.0135257,-0.0179982
20,81,0.98975,-0.0135265,-0.0171837
20,82,0.988826,-0.0134844,-0.0163531
20,83,0.987883,-0.0133993,-0.0155093
20,84,0.98692,-0.0132714,-0.0146559
20,85,0.985936,-0.013101,-0.0137955
20,86,0.984932,-0.0128885,-0.0129322
20,87,0.983907,-0.0126345,-0.0120686
20,88,0.982862,-0.0123396,-0.0112087
20,89,0.981796,-0.012005,-0.0103553
20,90,0.980711,-0.0116317,-0.00951215
20,91,0.979608,-0.0112211,-0.00868198
20,92,0.978486,-0.010775,-0.00786865
20,93,0.977348,-0.0102951,-0.00707452
20,94,0.976195,-0.0097836,-0.00630333
20,95,0.975028,-0.00924285,-0.00555715
20,96,0.973849,-0.00867542,-0.00483949
20,97,0.972661,-0.00808414,-0.00415203
20,98,0.971465,-0.00747198,-0.00349803
20,99,0.970263,-0.0068421,-0.00287868
20,100,0.969058,-0.00619775,-0.00229692
20,101,0.967853,-0.00554226,-0.00175343
20,102,0.966651,-0.00487894,-0.0012508
20,103,0.965455,-0.0042111,-0.000789177
20,104,0.964267,-0.00354199,-0.000370756
20,105,0.963091,-0.00287482,4.8664e-06
20,106,0.96193,-0.00221287,0.000335873
20,107,0.960789,-0.00155963,0.000623264
20,108,0.959669,-0.000919116,0.000865659
20,109,0.958576,-0.00029622,0.00106475
20,110,0.957512,0.000302767,0.00121974
20,111,0.956482,0.000869634,0.00133323
20,112,0.955489,0.00139378,0.0014053
20,113,0.954537,0.00186204,0.0014398
20,114,0.953628,0.00225897,0.00143805
20,115,0.952768,0.00256806,0.00140544
20,116,0.951959,0.00277398,0.00134472
20,117,0.951204,0.00286623,0.00126269
20,118,0.950507,0.00284373,0.00116307
20,119,0.94987,0.00271966,0.0010533
20,120,0.949297,0.00252412,0.000937055
20,121,0.948789,0.00230118,0.000821292
20,122,0.948348,0.0020958,0.000708541
20,123,0.947976,0.00192693,0.0006028
20,124,0.947675,0.00175088,0.000496445
20,125,0.947446,0.00143566,0.000368995
20,126,0.947283,0.00080887,0.000163678
20,127,1,-0.00343474,0
21,0,1,0,0
21,1,1.0399,0.000986922,0.000336557
21,2,1.03977,0.00255501,0.000837374
21,3,1.03963,0.00428383,0.00112365
21,4,1.03946,0.00581064,0.00126818
21,5,1.03927,0.00696869,0.00131583
21,6,1.03906,0.00776277,0.00129625
21,7,1.03884,0.0082923,0.00122413
21,8,1.03859,0.00868046,0.00110904
21,9,1.03832,0.00902994,0.000952171
21,10,1.03803,0.00940537,0.000754761
21,11,1.03772,0.00983417,0.000513668
21,12,1.0374,0.0103164,0.000228393
21,13,1.03706,0.0108369,-0.000104003
21,14,1.0367,0.0113745,-0.000482959
21,15,1.03632,0.0119091,-0.000909769
21,16,1.03593,0.0124243,-0.00138244
21,17,1.03553,0.0129086,-0.00190081
21,18,1.03511,0.0133542,-0.00246194
21,19,1.03467,0.0137568,-0.00306468
21,20,1.03423,0.0141137,-0.00370558
21,21,1.03377,0.0144234,-0.00438281
21,22,1.03329,0.0146848,-0.00509261
21,23,1.03281,0.014897,-0.0058326
21,24,1.03231,0.015059,-0.00659885
21,25,1.0318,0.0151699,-0.00738852
21,26,1.03127,0.0152289,-0.00819759
21,27,1.03074,0.0152351,-0.00902293
21,28,1.03019,0.0151877,-0.00986054
21,29,1.02963,0.0150861,-0.0107071
21,30,1.02906,0.0149299,-0.0115588
21,31,1.02848,0.014719,-0.0124123
21,32,1.02788,0.0144535,-0.013264
21,33,1.02727,0.0141336,-0.0141106
21,34,1.02665,0.01376,-0.0149491
21,35,1.02601,0.0133337,-0.0157763
21,36,1.02536,0.012856,-0.0165895
21,37,1.0247,0.0123286,-0.0173859
21,38,1.02403,0.0117534,-0.0181633
21,39,1.02334,0.0111327,-0.0189191
21,40,1.02264,0.0104691,-0.0196515
21,41,1.02192,0.00976571,-0.0203583
21,42,1.0212,0.00902553,-0.0210381
21,43,1.02046,0.00825203,-0.021689
21,44,1.01971,0.00744878,-0.0223097
21,45,1.01895,0.00661952,-0.0228987
21,46,1.01818,0.00576808,-0.0234549
21,47,1.01741,0.00489833,-0.023977
21,48,1.01662,0.00401417,-0.0244641
21,49,1.01583,0.00311948,-0.0249148
21,50,1.01504,0.00221805,-0.0253285
21,51,1.01424,0.0013136,-0.0257038
21,52,1.01343,0.000409755,-0.02604
21,53,1.01263,-0.000490037,-0.026336
21,54,1.01182,-0.00138246,-0.0265912
21,55,1.01102,-0.00226436,-0.0268044
21,56,1.01022,-0.00313277,-0.026975
21,57,1.00942,-0.00398489,-0.0271022
21,58,1.00862,-0.00481811,-0.0271853
21,59,1.00783,-0.00562997,-0.0272237
21,60,1.00704,-0.0064182,-0.027217
21,61,1.00625,-0.0071807,-0.0271647
21,62,1.00547,-0.00791552,-0.0270667
21,63,1.00469,-0.00862086,-0.0269226
21,64,1.00391,-0.00929506,-0.0267328
21,65,1.00314,-0.00993661,-0.0264971
21,66,1.00237,-0.0105441,-0.0262163
21,67,1.00159,-0.0111162,-0.0258905
21,68,1.00082,-0.0116519,-0.0255208
21,69,1.00004,-0.01215,-0.0251077
21,70,0.999263,-0.0126095,-0.0246526
21,71,0.998478,-0.0130296,-0.0241565
21,72,0.997687,-0.0134095,-0.023621
21,73,0.996887,-0.0137485,-0.0230474
21,74,0.996078,-0.014046,-0.0224379
21,75,0.995257,-0.0143014,-0.0217941
21,76,0.994424,-0.0145144,-0.0211183
21,77,0.993577,-0.0146845,-0.0204125
21,78,0.992715,-0.0148116,-0.0196794
21,79,0.991836,-0.0148954,-0.0189213
21,80,0.99094,-0.0149359,-0.0181412
21,81,0.990026,-0.0149331,-0.0173414
21,82,0.989093,-0.0148871,-0.0165253
21,83,0.98814,-0.0147982,-0.0156956
21,84,0.987167,-0.0146667,-0.0148556
21,85,0.986173,-0.0144931,-0.0140081
21,86,0.985159,-0.0142781,-0.0131567
21,87,0.984124,-0.0140223,-0.0123043
21,88,0.983069,-0.0137268,-0.0114545
21,89,0.981995,-0.0133924,-0.0106101
21,90,0.9809,-0.0130205,-0.00977486
21,91,0.979788,-0.0126123,-0.00895139
21,92,0.978658,-0.0121695,-0.00814341
21,93,0.977511,-0.0116938,-0.00735334
21,94,0.97635,-0.011187,-0.00658477
21,95,0.975175,-0.0106514,-0.00583983
21,96,0.973989,-0.0100891,-0.00512191
21,97,0.972793,-0.0095027,-0.0044328
21,98,0.97159,-0.00889476,-0.00377563
21,99,0.970381,-0.00826805,-0.00315173
21,100,0.96917,-0.00762544,-0.00256394
21,101,0.967959,-0.00696987,-0.00201313
21,102,0.96675,-0.0063043,-0.00150178
21,103,0.965548,-0.00563171,-0.00103025
21,104,0.964354,-0.00495509,-0.000600681
21,105,0.963172,-0.00427745,-0.000212908
21,106,0.962006,-0.00360194,0.000131292
21,107,0.960859,-0.00293202,0.000432643
21,108,0.959734,-0.00227177,0.000689785
21,109,0.958635,-0.00162631,0.000904091
21,110,0.957566,-0.00100225,0.00107477
21,111,0.95653,-0.000408325,0.00120406
21,112,0.955532,0.000144198,0.00129201
21,113,0.954574,0.000641303,0.00134208
21,114,0.95366,0.00106659,0.00135554
21,115,0.952794,0.00140248,0.00133733
21,116,0.951979,0.00163264,0.00129016
21,117,0.951219,0.00174564,0.00122042
21,118,0.950516,0.00173972,0.00113187
21,119,0.949873,0.00162761,0.00103173
21,120,0.949293,0.00143916,0.000924065
21,121,0.948777,0.00121858,0.000816083
21,122,0.948329,0.00101179,0.000710935
21,123,0.94795,0.000841814,0.000612378
21,124,0.947639,0.00067678,0.000513972
21,125,0.947398,0.000412606,0.000391518
21,126,0.947231,-6.76925e-05,0.000168512
21,127,1,-0.00343474,0
22,0,1,0,0
22,1,1.04015,0.000447961,0.000345904
22,2,1.04001,0.00227215,0.000838306
22,3,1.03985,0.00417424,0.00111398
22,4,1.03967,0.00581285,0.00124433
22,5,1.03947,0.00704297,0.00127698
22,6,1.03925,0.00788547,0.00124354
22,7,1.03901,0.00845056,0.00115862
22,8,1.03875,0.00886849,0.00103116
22,9,1.03846,0.00924631,0.000862186
22,10,1.03816,0.00965112,0.000652629
22,11,1.03784,0.0101115,0.000399396
22,12,1.0375,0.0106276,0.00010191
22,13,1.03715,0.011184,-0.000242552
22,14,1.03677,0.011759,-0.000633433
22,15,1.03638,0.0123321,-0.00107181
22,16,1.03598,0.0128863,-0.00155569
22,17,1.03556,0.0134097,-0.00208472
22,18,1.03512,0.0138944,-0.00265597
22,19,1.03467,0.0143356,-0.00326813
22,20,1.03421,0.0147307,-0.00391773
22,21,1.03374,0.0150778,-0.00460278
22,22,1.03325,0.0153756,-0.00531949
22,23,1.03275,0.015623,-0.00606534
22,24,1.03224,0.0158189,-0.00683634
22,25,1.03172,0.0159622,-0.00762954
22,26,1.03119,0.0160517,-0.00844089
22,27,1.03064,0.0160865,-0.00926711
22,28,1.03009,0.0160655,-0.0101042
22,29,1.02952,0.0159881,-0.0109487
22,30,1.02894,0.0158537,-0.0117969
22,31,1.02836,0.015662,-0.0126454
22,32,1.02776,0.015413,-0.0134905
22,33,1.02714,0.015107,-0.0143292
22,34,1.02652,0.0147444,-0.0151582
22,35,1.02589,0.0143262,-0.0159745
22,36,1.02524,0.0138536,-0.0167756
22,37,1.02458,0.0133281,-0.0175588
22,38,1.02391,0.0127517,-0.0183217
22,39,1.02323,0.0121265,-0.0190623
22,40,1.02254,0.011455,-0.0197787
22,41,1.02183,0.0107403,-0.0204689
22,42,1.02112,0.00998524,-0.0211316
22,43,1.02039,0.00919331,-0.0217652
22,44,1.01965,0.00836806,-0.0223684
22,45,1.01891,0.00751318,-0.0229401
22,46,1.01815,0.00663254,-0.0234792
22,47,1.01739,0.00573005,-0.0239846
22,48,1.01662,0.00480968,-0.0244555
22,49,1.01585,0.00387541,-0.0248908
22,50,1.01507,0.00293117,-0.0252898
22,51,1.01429,0.00198086,-0.0256514
22,52,1.0135,0.00102825,-0.025975
22,53,1.01272,7.70111e-05,-0.0262596
22,54,1.01193,-0.000869312,-0.0265046
22,55,1.01115,-0.00180734,-0.026709
22,56,1.01036,-0.00273386,-0.0268722
22,57,1.00958,-0.00364583,-0.0269935
22,58,1.0088,-0.00454038,-0.0270722
22,59,1.00802,-0.00541482,-0.0271077
22,60,1.00725,-0.00626664,-0.0270997
22,61,1.00648,-0.0070935,-0.0270476
22,62,1.00571,-0.00789324,-0.0269513
22,63,1.00494,-0.00866383,-0.0268105
22,64,1.00418,-0.00940341,-0.0266255
22,65,1.00341,-0.0101103,-0.0263961
22,66,1.00265,-0.0107828,-0.0261228
22,67,1.00189,-0.0114195,-0.025806
22,68,1.00112,-0.012019,-0.0254464
22,69,1.00035,-0.0125801,-0.0250446
22,70,0.999574,-0.0131015,-0.0246019
22,71,0.998793,-0.0135822,-0.0241191
22,72,0.998005,-0.0140211,-0.0235977
22,73,0.997207,-0.0144173,-0.0230391
22,74,0.996399,-0.01477,-0.0224451
22,75,0.995579,-0.0150782,-0.0218173
22,76,0.994745,-0.0153412,-0.0211579
22,77,0.993897,-0.0155585,-0.0204688
22,78,0.993033,-0.0157293,-0.0197524
22,79,0.992152,-0.0158532,-0.0190111
22,80,0.991253,-0.0159296,-0.0182475
22,81,0.990335,-0.0159584,-0.017464
22,82,0.989398,-0.0159392,-0.0166638
22,83,0.988441,-0.015872,-0.0158494
22,84,0.987463,-0.0157567,-0.0150242
22,85,0.986464,-0.0155936,-0.0141906
22,86,0.985445,-0.015383,-0.0133524
22,87,0.984405,-0.0151254,-0.0125122
22,88,0.983344,-0.0148216,-0.0116735
22,89,0.982263,-0.0144725,-0.0108391
22,90,0.981163,-0.0140793,-0.0100126
22,91,0.980044,-0.0136435,-0.00919668
22,92,0.978908,-0.0131667,-0.00839486
22,93,0.977755,-0.012651,-0.0076096
22,94,0.976587,-0.0120986,-0.00684439
22,95,0.975406,-0.0115121,-0.00610141
22,96,0.974213,-0.0108941,-0.00538395
22,97,0.973011,-0.0102479,-0.00469387
22,98,0.971802,-0.00957661,-0.00403422
22,99,0.970587,-0.00888374,-0.00340645
22,100,0.96937,-0.00817286,-0.00281333
22,101,0.968153,-0.00744763,-0.00225586
22,102,0.966939,-0.00671174,-0.00173648
22,103,0.965731,-0.00596885,-0.00125573
22,104,0.964532,-0.00522259,-0.000815713
22,105,0.963346,-0.00447658,-0.000416485
22,106,0.962175,-0.00373449,-5.97933e-05
22,107,0.961023,-0.00300028,0.000254819
22,108,0.959894,-0.00227845,0.000526006
22,109,0.95879,-0.0015745,0.000754839
22,110,0.957717,-0.000895449,0.000940518
22,111,0.956677,-0.000250388,0.00108494
22,112,0.955673,0.000349012,0.00118813
22,113,0.954711,0.000888315,0.00125315
22,114,0.953792,0.00135069,0.00128122
22,115,0.952921,0.00171814,0.00127687
22,116,0.9521,0.00197399,0.00124274
22,117,0.951333,0.0021066,0.00118481
22,118,0.950624,0.00211422,0.00110691
22,119,0.949974,0.00200972,0.00101604
22,120,0.949386,0.00182332,0.000916617
22,121,0.948863,0.0015998,0.000815957
22,122,0.948406,0.00138673,0.000718004
22,123,0.948017,0.00121195,0.000626937
22,124,0.947697,0.00105679,0.000534106
22,125,0.947447,0.000848323,0.000412138
22,126,0.947263,0.000532271,0.000188418
22,127,1,-0.00343474,0
23,0,1,0,0
23,1,1.04037,0.00129691,0.000343626
23,2,1.04023,0.00338728,0.000839511
23,3,1.04007,0.00546586,0.00110369
23,4,1.03988,0.00721838,0.00122049
23,5,1.03968,0.00852365,0.00124084
23,6,1.03945,0.00941927,0.00119592
23,7,1.0392,0.010026,0.0011006
23,8,1.03893,0.0104803,0.000963461
23,9,1.03863,0.0108927,0.000785281
23,10,1.03832,0.0113317,0.000566662
23,11,1.03799,0.0118262,0.000304585
23,12,1.03763,0.0123757,-1.60799e-06
23,13,1.03727,0.0129638,-0.000354451
23,14,1.03688,0.0135679,-0.000753399
23,15,1.03647,0.0141662,-0.00119933
23,16,1.03605,0.0147412,-0.00169029
23,17,1.03562,0.0152801,-0.00222574
23,18,1.03517,0.0157746,-0.00280278
23,19,1.03471,0.0162195,-0.00341995
23,20,1.03423,0.0166117,-0.00407379
23,21,1.03374,0.0169492,-0.00476218
23,22,1.03324,0.0172306,-0.00548132
23,23,1.03273,0.0174545,-0.00622856
23,24,1.0322,0.0176198,-0.00699992
23,25,1.03167,0.0177253,-0.00779233
23,26,1.03112,0.01777,-0.00860171
23,27,1.03056,0.0177529,-0.00942474
23,28,1.02999,0.0176733,-0.0102574
23,29,1.02942,0.0175306,-0.0110962
23,30,1.02883,0.0173247,-0.0119374
23,31,1.02823,0.0170555,-0.0127776
23,32,1.02762,0.0167235,-0.0136132
23,33,1.027,0.0163294,-0.0144412
23,34,1.02637,0.0158744,-0.0152584
23,35,1.02573,0.0153599,-0.0160619
23,36,1.02508,0.0147877,-0.0168492
23,37,1.02442,0.0141602,-0.0176177
23,38,1.02375,0.0134798,-0.0183653
23,39,1.02307,0.0127495,-0.01909
23,40,1.02238,0.0119726,-0.01979
23,41,1.02168,0.0111526,-0.0204637
23,42,1.02097,0.0102933,-0.0211096
23,43,1.02025,0.0093987,-0.0217264
23,44,1.01953,0.00847292,-0.0223132
23,45,1.01879,0.0075202,-0.0228686
23,46,1.01805,0.00654487,-0.023392
23,47,1.0173,0.00555122,-0.0238823
23,48,1.01655,0.00454356,-0.0243388
23,49,1.0158,0.0035261,-0.0247606
23,50,1.01503,0.00250294,-0.0251471
23,51,1.01427,0.00147809,-0.0254973
23,52,1.01351,0.000455348,-0.0258107
23,53,1.01274,-0.000561613,-0.0260863
23,54,1.01197,-0.00156933,-0.0263237
23,55,1.0112,-0.00256453,-0.0265219
23,56,1.01044,-0.00354413,-0.0266804
23,57,1.00968,-0.00450525,-0.0267984
23,58,1.00891,-0.00544519,-0.0268755
23,59,1.00815,-0.00636146,-0.0269109
23,60,1.0074,-0.00725172,-0.0269043
23,61,1.00664,-0.00811381,-0.0268552
23,62,1.00589,-0.00894574,-0.0267634
23,63,1.00513,-0.00974564,-0.0266287
23,64,1.00438,-0.0105118,-0.0264511
23,65,1.00363,-0.0112426,-0.0262305
23,66,1.00287,-0.0119366,-0.0259675
23,67,1.00212,-0.0125924,-0.0256621
23,68,1.00136,-0.0132087,-0.0253151
23,69,1.00059,-0.0137844,-0.0249271
23,70,0.999823,-0.0143184,-0.0244991
23,71,0.999045,-0.0148095,-0.0240319
23,72,0.998259,-0.015257,-0.0235269
23,73,0.997462,-0.01566,-0.0229853
23,74,0.996654,-0.0160177,-0.0224088
23,75,0.995833,-0.0163295,-0.021799
23,76,0.994998,-0.0165946,-0.0211578
23,77,0.994147,-0.0168127,-0.020487
23,78,0.993281,-0.0169834,-0.019789
23,79,0.992396,-0.0171063,-0.0190659
23,80,0.991494,-0.0171811,-0.0183204
23,81,0.990573,-0.0172079,-0.0175546
23,82,0.989632,-0.0171867,-0.0167716
23,83,0.988671,-0.0171176,-0.0159737
23,84,0.98769,-0.0170008,-0.0151643
23,85,0.986688,-0.0168369,-0.0143458
23,86,0.985665,-0.0166264,-0.0135216
23,87,0.984622,-0.01637,-0.0126944
23,88,0.983558,-0.0160686,-0.0118677
23,89,0.982475,-0.0157234,-0.011044
23,90,0.981372,-0.0153356,-0.010227
23,91,0.980252,-0.0149066,-0.00941922
23,92,0.979114,-0.0144381,-0.00862414
23,93,0.97796,-0.013932,-0.00784425
23,94,0.976791,-0.0133903,-0.0070829
23,95,0.975609,-0.0128154,-0.00634235
23,96,0.974416,-0.0122097,-0.00562579
23,97,0.973214,-0.011576,-0.00493518
23,98,0.972004,-0.010917,-0.00427347
23,99,0.970789,-0.0102359,-0.00364224
23,100,0.969572,-0.00953569,-0.00304419
23,101,0.968355,-0.00881963,-0.00248049
23,102,0.96714,-0.00809096,-0.00195351
23,103,0.965932,-0.00735292,-0.00146399
23,104,0.964732,-0.00660877,-0.00101399
23,105,0.963545,-0.00586182,-0.000603792
23,106,0.962373,-0.00511552,-0.000235125
23,107,0.961219,-0.00437366,9.22138e-05
23,108,0.960088,-0.00364073,0.000376877
23,109,0.958983,-0.00292232,0.000619644
23,110,0.957907,-0.00222569,0.000819699
23,111,0.956864,-0.00156032,0.000978608
23,112,0.955857,-0.000938463,0.00109636
23,113,0.954891,-0.000375283,0.00117563
23,114,0.953969,0.000111501,0.00121759
23,115,0.953094,0.000502925,0.00122636
23,116,0.952269,0.000781289,0.00120451
23,117,0.951498,0.000933991,0.00115767
23,118,0.950783,0.000958375,0.00108971
23,119,0.950128,0.000866534,0.00100744
23,120,0.949535,0.000687983,0.000915646
23,121,0.949005,0.000467152,0.000821895
23,122,0.948541,0.000252558,0.000730607
23,123,0.948145,7.70851e-05,0.000645517
23,124,0.947816,-6.29095e-05,0.000558863
23,125,0.947556,-0.000205398,0.000439539
23,126,0.947367,-0.000336224,0.000194979
23,127,1,-0.00343474,0
24,0,1,0,0
24,1,1.04056,0.000797592,0.000352014
24,2,1.0404,0.00316713,0.000838393
24,3,1.04023,0.00542764,0.00109386
24,4,1.04003,0.0072925,0.00119972
24,5,1.03981,0.00866702,0.0012089
24,6,1.03957,0.00960763,0.00115447
24,7,1.03931,0.010247,0.00105118
24,8,1.03902,0.010729,0.000907017
24,9,1.03872,0.0111681,0.000722569
24,10,1.03839,0.0116352,0.000498085
24,11,1.03804,0.0121599,0.000230545
24,12,1.03768,0.0127419,-8.08211e-05
24,13,1.03729,0.0133644,-0.000438386
24,14,1.03689,0.0140043,-0.000841634
24,15,1.03647,0.0146394,-0.00129127
24,16,1.03604,0.0152516,-0.00178537
24,17,1.03559,0.0158278,-0.00232324
24,18,1.03512,0.0163596,-0.00290202
24,19,1.03464,0.0168414,-0.00352011
24,20,1.03415,0.0172699,-0.00417407
24,21,1.03365,0.017643,-0.00486167
24,22,1.03313,0.0179589,-0.00557913
24,23,1.03261,0.0182162,-0.00632369
24,24,1.03207,0.0184134,-0.00709138
24,25,1.03152,0.0185493,-0.00787905
24,26,1.03097,0.0186226,-0.00868265
24,27,1.0304,0.0186321,-0.00949878
24,28,1.02982,0.0185769,-0.0103234
24,29,1.02924,0.0184565,-0.0111532
24,30,1.02864,0.0182705,-0.0119842
24,31,1.02804,0.0180188,-0.0128132
24,32,1.02743,0.0177017,-0.0136367
24,33,1.0268,0.0173199,-0.0144516
24,34,1.02617,0.0168745,-0.0152548
24,35,1.02553,0.0163668,-0.0160436
24,36,1.02488,0.0157986,-0.0168156
24,37,1.02423,0.015172,-0.0175683
24,38,1.02356,0.0144895,-0.0182997
24,39,1.02288,0.013754,-0.0190079
24,40,1.0222,0.0129685,-0.0196914
24,41,1.02151,0.0121366,-0.0203485
24,42,1.02081,0.011262,-0.0209781
24,43,1.0201,0.0103485,-0.0215789
24,44,1.01938,0.0094002,-0.0221501
24,45,1.01866,0.00842137,-0.0226906
24,46,1.01793,0.00741628,-0.0231998
24,47,1.0172,0.00638928,-0.0236767
24,48,1.01646,0.00534472,-0.0241208
24,49,1.01572,0.0042869,-0.0245312
24,50,1.01498,0.00322006,-0.0249074
24,51,1.01423,0.00214834,-0.0252487
24,52,1.01348,0.00107574,-0.0255544
24,53,1.01273,6.12997e-06,-0.0258238
24,54,1.01198,-0.00105681,-0.0260563
24,55,1.01123,-0.00210956,-0.0262512
24,56,1.01049,-0.00314881,-0.0264078
24,57,1.00974,-0.00417141,-0.0265255
24,58,1.00899,-0.00517444,-0.0266038
24,59,1.00825,-0.00615515,-0.026642
24,60,1.00751,-0.00711098,-0.0266397
24,61,1.00677,-0.00803953,-0.0265964
24,62,1.00603,-0.00893861,-0.0265119
24,63,1.00529,-0.00980614,-0.0263859
24,64,1.00455,-0.0106402,-0.0262184
24,65,1.0038,-0.011439,-0.0260093
24,66,1.00306,-0.012201,-0.0257589
24,67,1.00231,-0.0129244,-0.0254674
24,68,1.00156,-0.013608,-0.0251354
24,69,1.00081,-0.0142502,-0.0247633
24,70,1.00004,-0.0148499,-0.0243521
24,71,0.999273,-0.0154059,-0.0239024
24,72,0.998492,-0.0159168,-0.0234157
24,73,0.9977,-0.0163818,-0.0228929
24,74,0.996896,-0.0167998,-0.0223357
24,75,0.996079,-0.0171698,-0.0217454
24,76,0.995248,-0.0174909,-0.0211238
24,77,0.994401,-0.0177622,-0.0204728
24,78,0.993537,-0.0179832,-0.0197945
24,79,0.992656,-0.0181529,-0.0190909
24,80,0.991756,-0.018271,-0.0183644
24,81,0.990837,-0.0183368,-0.0176173
24,82,0.989899,-0.0183501,-0.0168523
24,83,0.98894,-0.0183105,-0.0160719
24,84,0.987961,-0.018218,-0.015279
24,85,0.986961,-0.0180727,-0.0144762
24,86,0.98594,-0.0178747,-0.0136667
24,87,0.984899,-0.0176246,-0.0128531
24,88,0.983837,-0.017323,-0.0120388
24,89,0.982756,-0.0169707,-0.0112263
24,90,0.981655,-0.0165691,-0.0104192
24,91,0.980536,-0.0161194,-0.00961991
24,92,0.979399,-0.0156235,-0.00883191
24,93,0.978247,-0.0150834,-0.00805769
24,94,0.977079,-0.0145015,-0.00730051
24,95,0.975899,-0.0138803,-0.00656268
24,96,0.974707,-0.0132229,-0.00584732
24,97,0.973505,-0.0125325,-0.00515646
24,98,0.972296,-0.0118126,-0.00449299
24,99,0.971082,-0.0110668,-0.00385863
24,100,0.969866,-0.0102991,-0.003256
24,101,0.968649,-0.00951339,-0.00268642
24,102,0.967436,-0.00871362,-0.00215223
24,103,0.966227,-0.00790381,-0.00165434
24,104,0.965028,-0.0070879,-0.00119481
24,105,0.963841,-0.00626984,-0.000774115
24,106,0.962669,-0.00545369,-0.000393984
24,107,0.961515,-0.0046438,-5.44564e-05
24,108,0.960384,-0.00384513,0.000243111
24,109,0.959278,-0.00306373,0.000499224
24,110,0.958201,-0.00230728,0.000713037
24,111,0.957157,-0.00158572,0.000885805
24,112,0.956149,-0.000911719,0.00101746
24,113,0.955181,-0.000300911,0.00111035
24,114,0.954256,0.000228512,0.00116554
24,115,0.953378,0.000657125,0.00118678
24,116,0.95255,0.000966816,0.00117657
24,117,0.951774,0.00114466,0.00114019
24,118,0.951055,0.00118779,0.00108153
24,119,0.950394,0.0011082,0.00100727
24,120,0.949794,0.000935393,0.000922512
24,121,0.949257,0.000714182,0.000834912
24,122,0.948786,0.000494887,0.000749546
24,123,0.948381,0.000316479,0.000670408
24,124,0.948044,0.000191782,0.000587201
24,125,0.947775,0.000120771,0.000465269
24,126,0.94757,0.000192893,0.000216381
24,127,1,-0.00343474,0
25,0,1,0,0
25,1,1.04071,0.00163927,0.000347436
25,2,1.04056,0.00429526,0.000837279
25,3,1.04038,0.0067404,0.00108339
25,4,1.04018,0.0087204,0.001179
25,5,1.03996,0.0101684,0.00117993
25,6,1.03971,0.0111598,0.00111854
25,7,1.03944,0.0118391,0.00100984
25,8,1.03914,0.0123564,0.000861482
25,9,1.03883,0.0128296,0.000673758
25,10,1.03849,0.0133307,0.000446576
25,11,1.03813,0.0138894,0.000176931
25,12,1.03775,0.0145046,-0.000136066
25,13,1.03736,0.0151584,-0.000494649
25,14,1.03694,0.0158268,-0.000898344
25,15,1.03651,0.0164864,-0.00134771
25,16,1.03606,0.0171184,-0.00184086
25,17,1.03559,0.0177092,-0.002377
25,18,1.03512,0.0182496,-0.0029533
25,19,1.03462,0.0187338,-0.00356806
25,20,1.03412,0.0191582,-0.0042179
25,21,1.0336,0.0195203,-0.00490047
25,22,1.03306,0.0198185,-0.00561205
25,23,1.03252,0.0200509,-0.00634981
25,24,1.03197,0.0202163,-0.00710981
25,25,1.03141,0.0203133,-0.00788886
25,26,1.03084,0.0203407,-0.00868294
25,27,1.03025,0.0202974,-0.00948863
25,28,1.02966,0.0201829,-0.010302
25,29,1.02906,0.0199967,-0.0111196
25,30,1.02846,0.0197388,-0.0119377
25,31,1.02784,0.0194096,-0.012753
25,32,1.02722,0.01901,-0.0135621
25,33,1.02659,0.018541,-0.014362
25,34,1.02595,0.0180043,-0.0151497
25,35,1.0253,0.0174019,-0.0159227
25,36,1.02465,0.0167363,-0.0166784
25,37,1.02399,0.0160103,-0.0174148
25,38,1.02332,0.0152271,-0.0181298
25,39,1.02264,0.0143903,-0.0188217
25,40,1.02196,0.0135038,-0.0194889
25,41,1.02127,0.0125716,-0.0201302
25,42,1.02058,0.0115982,-0.0207445
25,43,1.01988,0.010588,-0.0213305
25,44,1.01917,0.00954576,-0.0218876
25,45,1.01846,0.00847606,-0.0224148
25,46,1.01774,0.00738363,-0.0229115
25,47,1.01702,0.00627315,-0.023377
25,48,1.0163,0.00514921,-0.0238108
25,49,1.01557,0.00401629,-0.0242121
25,50,1.01485,0.0028787,-0.0245804
25,51,1.01412,0.00174061,-0.0249151
25,52,1.01339,0.000605989,-0.0252156
25,53,1.01266,-0.000521413,-0.0254812
25,54,1.01192,-0.00163804,-0.0257114
25,55,1.01119,-0.00274057,-0.0259054
25,56,1.01046,-0.00382586,-0.0260627
25,57,1.00973,-0.00489102,-0.0261826
25,58,1.00901,-0.00593332,-0.0262646
25,59,1.00828,-0.00695023,-0.026308
25,60,1.00755,-0.00793941,-0.0263125
25,61,1.00683,-0.00889866,-0.0262775
25,62,1.0061,-0.00982595,-0.0262027
25,63,1.00538,-0.0107194,-0.0260877
25,64,1.00465,-0.0115772,-0.0259326
25,65,1.00392,-0.0123976,-0.0257372
25,66,1.00318,-0.0131792,-0.0255017
25,67,1.00245,-0.0139204,-0.0252262
25,68,1.0017,-0.0146199,-0.0249112
25,69,1.00095,-0.0152763,-0.024557
25,70,1.0002,-0.0158884,-0.0241644
25,71,0.999429,-0.0164551,-0.0237342
25,72,0.998652,-0.0169752,-0.0232675
25,73,0.997864,-0.0174477,-0.0227652
25,74,0.997063,-0.0178718,-0.0222287
25,75,0.996248,-0.0182464,-0.0216594
25,76,0.995419,-0.018571,-0.0210589
25,77,0.994574,-0.0188446,-0.0204289
25,78,0.993712,-0.0190669,-0.0197715
25,79,0.992832,-0.0192372,-0.0190884
25,80,0.991934,-0.0193553,-0.0183821
25,81,0.991017,-0.0194209,-0.0176546
25,82,0.990081,-0.0194338,-0.0169086
25,83,0.989124,-0.0193942,-0.0161463
25,84,0.988148,-0.0193022,-0.0153707
25,85,0.987151,-0.019158,-0.0145843
25,86,0.986134,-0.0189624,-0.01379
25,87,0.985097,-0.0187158,-0.0129905
25,88,0.98404,-0.0184193,-0.012189
25,89,0.982964,-0.0180739,-0.0113881
25,90,0.981869,-0.017681,-0.0105912
25,91,0.980756,-0.0172419,-0.0098007
25,92,0.979627,-0.0167585,-0.00902002
25,93,0.978482,-0.0162328,-0.00825167
25,94,0.977322,-0.0156669,-0.00749882
25,95,0.976149,-0.0150633,-0.00676385
25,96,0.974965,-0.0144247,-0.00604979
25,97,0.973772,-0.0137539,-0.00535879
25,98,0.972571,-0.013054,-0.00469367
25,99,0.971365,-0.0123283,-0.00405626
25,100,0.970157,-0.01158,-0.00344915
25,101,0.968948,-0.0108126,-0.00287381
25,102,0.967741,-0.0100295,-0.00233256
25,103,0.96654,-0.00923437,-0.00182648
25,104,0.965347,-0.00843052,-0.00135763
25,105,0.964165,-0.00762153,-0.000926681
25,106,0.962998,-0.00681109,-0.000535382
25,107,0.961849,-0.0060033,-0.000184002
25,108,0.960722,-0.00520297,0.000126076
25,109,0.959619,-0.00441612,0.000395093
25,110,0.958544,-0.00365055,0.00062216
25,111,0.957502,-0.00291646,0.000808235
25,112,0.956495,-0.00222698,0.000953188
25,113,0.955527,-0.00159836,0.00105901
25,114,0.954602,-0.00104955,0.00112671
25,115,0.953723,-0.000600894,0.00115965
25,116,0.952893,-0.000271484,0.00116026
25,117,0.952115,-7.52839e-05,0.0011335
25,118,0.951393,-1.62317e-05,0.00108331
25,119,0.950728,-8.34588e-05,0.00101622
25,120,0.950124,-0.000248544,0.000937668
25,121,0.949583,-0.000467366,0.000855572
25,122,0.949106,-0.000688523,0.000775344
25,123,0.948695,-0.000866807,0.000700346
25,124,0.948349,-0.000971147,0.000620862
25,125,0.94807,-0.000959998,0.000498508
25,126,0.94786,-0.000663899,0.000225059
25,127,1,-0.00343474,0
26,0,1,0,0
26,1,1.04082,0.00117444,0.000354715
26,2,1.04065,0.00412558,0.000833887
26,3,1.04046,0.00675772,0.00107333
26,4,1.04025,0.00884885,0.00116149
26,5,1.04002,0.0103622,0.00115532
26,6,1.03976,0.0113942,0.00108901
26,7,1.03948,0.0121022,0.000977387
26,8,1.03917,0.012644,0.000827523
26,9,1.03884,0.0131414,0.000639485
26,10,1.03849,0.0136684,0.000412801
26,11,1.03812,0.0142552,0.000144404
26,12,1.03773,0.0149009,-0.00016674
26,13,1.03732,0.0155871,-0.000522758
26,14,1.03689,0.0162893,-0.000923235
26,15,1.03644,0.0169836,-0.00136861
26,16,1.03597,0.0176509,-0.00185704
26,17,1.03549,0.0182771,-0.00238763
26,18,1.035,0.0188529,-0.00295761
26,19,1.03449,0.0193722,-0.0035652
26,20,1.03397,0.0198312,-0.00420707
26,21,1.03344,0.0202274,-0.00488082
26,22,1.03289,0.0205586,-0.00558278
26,23,1.03234,0.020823,-0.00631007
26,24,1.03177,0.021019,-0.00705881
26,25,1.0312,0.0211451,-0.00782578
26,26,1.03061,0.0211999,-0.00860703
26,27,1.03002,0.0211822,-0.00939916
26,28,1.02942,0.0210913,-0.0101983
26,29,1.02882,0.0209267,-0.011001
26,30,1.0282,0.0206881,-0.0118036
26,31,1.02758,0.020376,-0.012603
26,32,1.02696,0.019991,-0.0133957
26,33,1.02632,0.0195343,-0.0141789
26,34,1.02568,0.0190073,-0.0149498
26,35,1.02503,0.018412,-0.0157057
26,36,1.02438,0.0177508,-0.0164445
26,37,1.02372,0.0170263,-0.017164
26,38,1.02305,0.0162418,-0.0178623
26,39,1.02238,0.0154005,-0.0185379
26,40,1.0217,0.0145063,-0.0191895
26,41,1.02102,0.0135632,-0.0198156
26,42,1.02033,0.0125754,-0.0204153
26,43,1.01964,0.0115472,-0.0209877
26,44,1.01895,0.0104833,-0.0215321
26,45,1.01824,0.00938836,-0.0220476
26,46,1.01754,0.00826694,-0.0225337
26,47,1.01683,0.00712377,-0.0229898
26,48,1.01612,0.00596348,-0.0234153
26,49,1.01541,0.00479063,-0.0238098
26,50,1.0147,0.00360968,-0.0241726
26,51,1.01398,0.00242493,-0.0245031
26,52,1.01327,0.00124052,-0.024801
26,53,1.01255,6.04399e-05,-0.0250654
26,54,1.01184,-0.00111155,-0.0252958
26,55,1.01112,-0.00227187,-0.0254916
26,56,1.01041,-0.00341715,-0.0256523
26,57,1.0097,-0.00454423,-0.025777
26,58,1.00898,-0.00565014,-0.0258653
26,59,1.00827,-0.00673213,-0.0259166
26,60,1.00756,-0.0077876,-0.0259303
26,61,1.00685,-0.00881415,-0.0259059
26,62,1.00613,-0.00980955,-0.0258432
26,63,1.00542,-0.0107717,-0.0257416
26,64,1.0047,-0.0116986,-0.0256012
26,65,1.00399,-0.0125885,-0.0254216
26,66,1.00326,-0.0134396,-0.025203
26,67,1.00254,-0.0142503,-0.0249454
26,68,1.0018,-0.0150191,-0.0246492
26,69,1.00106,-0.0157445,-0.0243147
26,70,1.00031,-0.016425,-0.0239425
26,71,0.999553,-0.0170593,-0.0235333
26,72,0.998784,-0.0176462,-0.023088
26,73,0.998004,-0.0181844,-0.0226075
26,74,0.997211,-0.0186728,-0.0220931
26,75,0.996403,-0.0191102,-0.0215459
26,76,0.995581,-0.0194955,-0.0209677
26,77,0.994744,-0.0198279,-0.0203597
26,78,0.993889,-0.0201062,-0.019724
26,79,0.993018,-0.0203297,-0.0190623
26,80,0.992128,-0.0204977,-0.0183769
26,81,0.991219,-0.0206094,-0.0176697
26,82,0.990291,-0.0206643,-0.0169431
26,83,0.989344,-0.0206621,-0.0161996
26,84,0.988377,-0.0206025,-0.0154417
26,85,0.987389,-0.0204854,-0.014672
26,86,0.986382,-0.020311,-0.0138933
26,87,0.985355,-0.0200795,-0.0131082
26,88,0.984308,-0.0197915,-0.0123197
26,89,0.983242,-0.0194479,-0.0115306
26,90,0.982157,-0.0190498,-0.0107439
26,91,0.981055,-0.0185985,-0.00996237
26,92,0.979935,-0.0180959,-0.00918909
26,93,0.9788,-0.0175439,-0.00842666
26,94,0.97765,-0.0169449,-0.00767819
26,95,0.976487,-0.0163017,-0.00694612
26,96,0.975313,-0.0156173,-0.00623343
26,97,0.974129,-0.0148951,-0.00554233
26,98,0.972938,-0.0141387,-0.00487562
26,99,0.971741,-0.013352,-0.00423525
26,100,0.970541,-0.0125391,-0.00362377
26,101,0.969341,-0.0117041,-0.0030428
26,102,0.968143,-0.0108512,-0.00249466
26,103,0.966949,-0.00998475,-0.0019806
26,104,0.965764,-0.00910885,-0.00150267
26,105,0.964589,-0.00822778,-0.00106176
26,106,0.963429,-0.00734587,-0.000659629
26,107,0.962286,-0.00646783,-0.000296769
26,108,0.961164,-0.00559902,2.53968e-05
26,109,0.960066,-0.00474597,0.000306861
26,110,0.958996,-0.00391698,0.00054668
26,111,0.957958,-0.00312273,0.000745527
26,112,0.956954,-0.00237683,0.000903199
26,113,0.955988,-0.00169605,0.00102137
26,114,0.955064,-0.00109986,0.00110094
26,115,0.954186,-0.000609113,0.00114494
26,116,0.953355,-0.000243413,0.00115571
26,117,0.952576,-1.71749e-05,0.00113791
26,118,0.951851,6.52463e-05,0.00109548
26,119,0.951184,1.43346e-05,0.00103488
26,120,0.950575,-0.000141776,0.000961843
26,121,0.950029,-0.000358733,0.000884362
26,122,0.949546,-0.000582979,0.000808362
26,123,0.949127,-0.000761799,0.000737312
26,124,0.948774,-0.000844311,0.00065866
26,125,0.948488,-0.00074459,0.000530081
26,126,0.948264,-0.00020692,0.000248062
26,127,1,-0.00343474,0
27,0,1,0,0
27,1,1.04089,0.00200414,0.000347748
27,2,1.04073,0.00525487,0.000830272
27,3,1.04054,0.00807633,0.00106251
27,4,1.04033,0.0102823,0.00114381
27,5,1.04009,0.0118667,0.00113349
27,6,1.03983,0.0129467,0.0010648
27,7,1.03954,0.0136922,0.00095278
27,8,1.03922,0.0142677,0.000804178
27,9,1.03889,0.0147982,0.000618737
27,10,1.03852,0.0153586,0.000395616
27,11,1.03814,0.0159789,0.000131701
27,12,1.03774,0.0166574,-0.000174188
27,13,1.03731,0.0173744,-0.000524098
27,14,1.03687,0.0181043,-0.000917682
27,15,1.03641,0.0188224,-0.00135528
27,16,1.03593,0.0195086,-0.00183513
27,17,1.03544,0.0201484,-0.00235626
27,18,1.03493,0.0207319,-0.00291598
27,19,1.0344,0.0212527,-0.00351245
27,20,1.03387,0.0217067,-0.00414243
27,21,1.03332,0.0220911,-0.00480349
27,22,1.03276,0.0224037,-0.00549201
27,23,1.03219,0.0226427,-0.00620514
27,24,1.03161,0.0228063,-0.00693905
27,25,1.03102,0.0228932,-0.00769056
27,26,1.03042,0.0229019,-0.00845579
27,27,1.02981,0.0228317,-0.00923138
27,28,1.0292,0.0226817,-0.0100135
27,29,1.02858,0.022452,-0.0107989
27,30,1.02795,0.0221427,-0.0115839
27,31,1.02732,0.0217545,-0.0123654
27,32,1.02668,0.0212888,-0.0131403
27,33,1.02603,0.020747,-0.0139056
27,34,1.02538,0.0201315,-0.0146586
27,35,1.02473,0.0194448,-0.015397
27,36,1.02407,0.0186899,-0.0161185
27,37,1.0234,0.0178703,-0.0168212
27,38,1.02273,0.0169898,-0.0175033
27,39,1.02206,0.0160526,-0.0181633
27,40,1.02139,0.0150631,-0.0187999
27,41,1.02071,0.014026,-0.019412
27,42,1.02002,0.0129462,-0.0199986
27,43,1.01934,0.0118286,-0.0205589
27,44,1.01865,0.0106783,-0.0210922
27,45,1.01795,0.00950036,-0.0215978
27,46,1.01726,0.00829976,-0.0220753
27,47,1.01656,0.00708144,-0.022524
27,48,1.01587,0.00585022,-0.0229435
27,49,1.01517,0.00461075,-0.0233333
27,50,1.01447,0.00336748,-0.0236928
27,51,1.01377,0.00212465,-0.0240215
27,52,1.01308,0.000886314,-0.0243189
27,53,1.01238,-0.000343748,-0.0245844
27,54,1.01168,-0.00156196,-0.0248174
27,55,1.01098,-0.00276499,-0.0250173
27,56,1.01029,-0.00394972,-0.0251834
27,57,1.00959,-0.00511325,-0.0253152
27,58,1.00889,-0.00625286,-0.025412
27,59,1.0082,-0.00736603,-0.0254732
27,60,1.0075,-0.00845041,-0.0254983
27,61,1.0068,-0.00950379,-0.0254866
27,62,1.0061,-0.0105241,-0.025438
27,63,1.0054,-0.0115094,-0.0253517
27,64,1.0047,-0.0124579,-0.0252278
27,65,1.00399,-0.0133677,-0.0250659
27,66,1.00328,-0.0142373,-0.0248659
27,67,1.00256,-0.0150651,-0.024628
27,68,1.00183,-0.0158495,-0.0243523
27,69,1.0011,-0.016589,-0.024039
27,70,1.00036,-0.0172823,-0.0236887
27,71,0.999603,-0.0179281,-0.0233019
27,72,0.99884,-0.018525,-0.0228794
27,73,0.998065,-0.0190719,-0.022422
27,74,0.997277,-0.0195676,-0.0219309
27,75,0.996475,-0.0200111,-0.021407
27,76,0.995658,-0.0204013,-0.020852
27,77,0.994826,-0.0207374,-0.020267
27,78,0.993977,-0.0210186,-0.019654
27,79,0.993111,-0.0212443,-0.0190146
27,80,0.992228,-0.0214137,-0.0183508
27,81,0.991326,-0.0215267,-0.0176645
27,82,0.990406,-0.0215828,-0.0169581
27,83,0.989467,-0.021582,-0.0162338
27,84,0.988508,-0.0215242,-0.0154942
27,85,0.987531,-0.0214099,-0.0147416
27,86,0.986534,-0.0212393,-0.0139788
27,87,0.985519,-0.0210131,-0.0132084
27,88,0.984484,-0.0207322,-0.0124333
27,89,0.983431,-0.0203975,-0.0116562
27,90,0.982361,-0.0200105,-0.01088
27,91,0.981273,-0.0195727,-0.0101075
27,92,0.980169,-0.0190858,-0.00934167
27,93,0.97905,-0.0185519,-0.00858521
27,94,0.977917,-0.0179733,-0.00784115
27,95,0.976771,-0.0173526,-0.00711196
27,96,0.975615,-0.0166925,-0.00640059
27,97,0.974448,-0.0159961,-0.00570934
27,98,0.973275,-0.0152666,-0.00504098
27,99,0.972095,-0.0145074,-0.00439757
27,100,0.970913,-0.013722,-0.00378166
27,101,0.969729,-0.012914,-0.00319501
27,102,0.968548,-0.0120871,-0.00263994
27,103,0.96737,-0.0112449,-0.00211788
27,104,0.9662,-0.010391,-0.00163089
27,105,0.965039,-0.00952909,-0.00118007
27,106,0.963892,-0.00866313,-0.000767206
27,107,0.962762,-0.0077974,-0.000393015
27,108,0.961651,-0.00693697,-5.89707e-05
27,109,0.960563,-0.00608821,0.000234676
27,110,0.959502,-0.0052594,0.00048691
27,111,0.958471,-0.00446135,0.000698133
27,112,0.957474,-0.00370798,0.000868049
27,113,0.956514,-0.00301651,0.000998025
27,114,0.955595,-0.00240708,0.00108885
27,115,0.95472,-0.00190136,0.00114323
27,116,0.953892,-0.00151989,0.0011634
27,117,0.953114,-0.00127818,0.00115375
27,118,0.95239,-0.00118184,0.00111827
27,119,0.951721,-0.00122178,0.00106331
27,120,0.951112,-0.00137129,0.000994925
27,121,0.950563,-0.00158691,0.000921352
27,122,0.950076,-0.00181369,0.000848725
27,123,0.949652,-0.00199128,0.000779699
27,124,0.949293,-0.00204731,0.000701991
27,125,0.948997,-0.00184814,0.000569562
27,126,0.948768,-0.00104816,0.000259024
27,127,1,-0.00343474,0
28,0,1,0,0
28,1,1.04091,0.00156845,0.000353866
28,2,1.04074,0.00512296,0.000824479
28,3,1.04054,0.00813278,0.001052
28,4,1.04032,0.010447,0.00112923
28,5,1.04007,0.0120917,0.00111579
28,6,1.0398,0.0132069,0.00104664
28,7,1.0395,0.0139763,0.00093659
28,8,1.03917,0.0145722,0.000791799
28,9,1.03882,0.0151235,0.000611751
28,10,1.03845,0.0157068,0.000395198
28,11,1.03805,0.0163527,0.000138908
28,12,1.03764,0.0170591,-0.000158476
28,13,1.0372,0.017806,-0.000498952
28,14,1.03674,0.0185673,-0.000882256
28,15,1.03627,0.0193178,-0.00130866
28,16,1.03577,0.0200372,-0.00177647
28,17,1.03526,0.0207105,-0.00228467
28,18,1.03474,0.0213276,-0.00283066
28,19,1.0342,0.0218819,-0.00341257
28,20,1.03365,0.0223691,-0.00402725
28,21,1.03309,0.0227862,-0.00467225
28,22,1.03251,0.0231309,-0.00534408
28,23,1.03193,0.0234009,-0.00603986
28,24,1.03133,0.0235946,-0.0067559
28,25,1.03073,0.0237101,-0.00748903
28,26,1.03012,0.0237461,-0.00823549
28,27,1.02951,0.0237014,-0.00899197
28,28,1.02889,0.0235754,-0.00975479
28,29,1.02826,0.0233676,-0.0105207
28,30,1.02762,0.0230783,-0.0112862
28,31,1.02699,0.0227081,-0.0120482
28,32,1.02634,0.0222581,-0.0128038
28,33,1.02569,0.02173,-0.0135501
28,34,1.02504,0.0211257,-0.0142845
28,35,1.02439,0.0204477,-0.0150047
28,36,1.02373,0.019699,-0.0157086
28,37,1.02306,0.0188829,-0.0163944
28,38,1.0224,0.0180031,-0.0170604
28,39,1.02173,0.0170636,-0.0177052
28,40,1.02105,0.0160686,-0.0183277
28,41,1.02038,0.0150227,-0.0189266
28,42,1.0197,0.0139305,-0.0195013
28,43,1.01902,0.012797,-0.0200508
28,44,1.01834,0.0116271,-0.0205746
28,45,1.01766,0.0104257,-0.0210721
28,46,1.01697,0.00919789,-0.0215427
28,47,1.01629,0.00794852,-0.021986
28,48,1.0156,0.00668247,-0.0224015
28,49,1.01492,0.00540446,-0.0227886
28,50,1.01423,0.00411908,-0.0231471
28,51,1.01355,0.00283074,-0.0234762
28,52,1.01286,0.00154365,-0.0237754
28,53,1.01218,0.000261833,-0.0240443
28,54,1.0115,-0.00101091,-0.0242822
28,55,1.01081,-0.00227098,-0.0244884
28,56,1.01013,-0.00351503,-0.0246623
28,57,1.00945,-0.00473987,-0.0248034
28,58,1.00876,-0.00594257,-0.0249109
28,59,1.00808,-0.00712036,-0.0249841
28,60,1.0074,-0.00827066,-0.0250226
28,61,1.00671,-0.00939105,-0.0250258
28,62,1.00603,-0.0104793,-0.0249931
28,63,1.00534,-0.0115332,-0.024924
28,64,1.00464,-0.0125509,-0.0248184
28,65,1.00395,-0.0135304,-0.0246758
28,66,1.00324,-0.0144699,-0.0244962
28,67,1.00253,-0.0153677,-0.0242794
28,68,1.00182,-0.0162222,-0.0240257
28,69,1.00109,-0.0170318,-0.023735
28,70,1.00036,-0.0177949,-0.0234079
28,71,0.999619,-0.01851,-0.0230447
28,72,0.998865,-0.0191758,-0.0226461
28,73,0.9981,-0.0197908,-0.0222129
28,74,0.997322,-0.0203538,-0.021746
28,75,0.99653,-0.0208633,-0.0212463
28,76,0.995724,-0.0213181,-0.0207153
28,77,0.994903,-0.0217172,-0.0201541
28,78,0.994066,-0.0220592,-0.0195644
28,79,0.993213,-0.0223434,-0.0189478
28,80,0.992342,-0.0225686,-0.0183061
28,81,0.991454,-0.0227341,-0.0176413
28,82,0.990548,-0.0228391,-0.0169555
28,83,0.989624,-0.0228831,-0.0162508
28,84,0.988682,-0.0228657,-0.0155297
28,85,0.987721,-0.0227867,-0.0147945
28,86,0.986741,-0.022646,-0.0140479
28,87,0.985743,-0.0224438,-0.0132923
28,88,0.984726,-0.0221806,-0.0125306
28,89,0.983692,-0.0218571,-0.0117655
28,90,0.98264,-0.0214744,-0.0109999
28,91,0.981571,-0.0210337,-0.0102364
28,92,0.980486,-0.0205367,-0.00947813
28,93,0.979386,-0.0199855,-0.00872763
28,94,0.978272,-0.0193825,-0.00798794
28,95,0.977146,-0.0187303,-0.00726161
28,96,0.976008,-0.0180322,-0.00655154
28,97,0.97486,-0.0172914,-0.00586011
28,98,0.973705,-0.0165118,-0.00519009
28,99,0.972544,-0.0156973,-0.00454363
28,100,0.97138,-0.0148521,-0.00392331
28,101,0.970214,-0.0139806,-0.00333101
28,102,0.969049,-0.013087,-0.00276909
28,103,0.967888,-0.0121759,-0.00223911
28,104,0.966734,-0.0112515,-0.0017432
28,105,0.965589,-0.0103184,-0.00128263
28,106,0.964456,-0.0093811,-0.000859242
28,107,0.96334,-0.00844456,-0.000473961
28,108,0.962242,-0.00751448,-0.000128324
28,109,0.961167,-0.0065978,0.000177183
28,110,0.960117,-0.00570333,0.000441466
28,111,0.959097,-0.00484243,0.000664664
28,112,0.958109,-0.00402956,0.00084638
28,113,0.957157,-0.0032825,0.000987688
28,114,0.956245,-0.00262196,0.00108925
28,115,0.955375,-0.00207018,0.00115348
28,116,0.954551,-0.00164833,0.00118249
28,117,0.953777,-0.00137251,0.00118042
28,118,0.953054,-0.00124896,0.00115128
28,119,0.952386,-0.00126923,0.00110136
28,120,0.951775,-0.00140717,0.00103699
28,121,0.951223,-0.00161912,0.000966475
28,122,0.950732,-0.00184746,0.000896319
28,123,0.950304,-0.00202277,0.000829124
28,124,0.949938,-0.00204943,0.000749493
28,125,0.949637,-0.0017434,0.000607065
28,126,0.949396,-0.000663765,0.000283528
28,127,1,-0.00343474,0
29,0,1,0,0
29,1,1.0409,0.00238154,0.000344556
29,2,1.04073,0.00624166,0.000818302
29,3,1.04054,0.00944204,0.00104059
29,4,1.04031,0.0118693,0.00111409
29,5,1.04006,0.0135818,0.00110036
29,6,1.03978,0.0147415,0.00103312
29,7,1.03948,0.0155456,0.000927351
29,8,1.03915,0.016173,0.000788906
29,9,1.03879,0.016756,0.000616904
29,10,1.03841,0.0173718,0.000409707
29,11,1.038,0.0180505,0.000163977
29,12,1.03757,0.018789,-0.000121821
29,13,1.03712,0.0195661,-0.000449653
29,14,1.03665,0.0203544,-0.000819351
29,15,1.03617,0.0211281,-0.00123115
29,16,1.03566,0.0218657,-0.00168344
29,17,1.03514,0.0225519,-0.0021752
29,18,1.0346,0.023176,-0.00270392
29,19,1.03405,0.0237312,-0.00326776
29,20,1.03348,0.0242129,-0.00386365
29,21,1.0329,0.024618,-0.0044892
29,22,1.03231,0.0249438,-0.00514101
29,23,1.03171,0.0251885,-0.00581626
29,24,1.0311,0.02535,-0.00651138
29,25,1.03048,0.0254268,-0.00722329
29,26,1.02986,0.0254177,-0.00794832
29,27,1.02923,0.0253215,-0.00868327
29,28,1.02859,0.025138,-0.00942459
29,29,1.02795,0.0248671,-0.0101691
29,30,1.0273,0.0245093,-0.0109135
29,31,1.02665,0.0240658,-0.0116547
29,32,1.02599,0.0235382,-0.0123899
29,33,1.02533,0.0229286,-0.0131165
29,34,1.02467,0.0222398,-0.0138318
29,35,1.02401,0.021475,-0.0145337
29,36,1.02334,0.0206377,-0.0152203
29,37,1.02267,0.0197319,-0.0158896
29,38,1.022,0.0187622,-0.0165402
29,39,1.02133,0.0177331,-0.0171708
29,40,1.02066,0.0166497,-0.0177801
29,41,1.01998,0.0155171,-0.0183673
29,42,1.01931,0.0143406,-0.0189314
29,43,1.01863,0.0131255,-0.0194717
29,44,1.01796,0.0118773,-0.0199877
29,45,1.01728,0.0106013,-0.0204788
29,46,1.01661,0.00930279,-0.0209445
29,47,1.01594,0.0079868,-0.0213842
29,48,1.01526,0.00665832,-0.0217976
29,49,1.01459,0.00532209,-0.0221842
29,50,1.01392,0.00398262,-0.0225435
29,51,1.01325,0.0026442,-0.0228749
29,52,1.01258,0.00131085,-0.023178
29,53,1.01191,-1.36282e-05,-0.0234521
29,54,1.01124,-0.0013257,-0.0236968
29,55,1.01058,-0.00262207,-0.0239112
29,56,1.00991,-0.00389965,-0.0240948
29,57,1.00924,-0.00515557,-0.0242468
29,58,1.00857,-0.00638714,-0.0243668
29,59,1.0079,-0.00759186,-0.0244538
29,60,1.00723,-0.00876738,-0.0245074
29,61,1.00656,-0.00991148,-0.0245269
29,62,1.00589,-0.0110221,-0.0245118
29,63,1.00521,-0.0120971,-0.0244614
29,64,1.00453,-0.0131348,-0.0243756
29,65,1.00384,-0.0141332,-0.0242538
29,66,1.00314,-0.0150905,-0.0240958
29,67,1.00244,-0.0160052,-0.0239016
29,68,1.00174,-0.0168754,-0.023671
29,69,1.00102,-0.0176996,-0.0234042
29,70,1.0003,-0.0184763,-0.0231014
29,71,0.99956,-0.0192038,-0.0227629
29,72,0.998813,-0.0198808,-0.0223893
29,73,0.998055,-0.0205058,-0.0219812
29,74,0.997284,-0.0210774,-0.0215395
29,75,0.9965,-0.0215944,-0.0210649
29,76,0.995702,-0.0220556,-0.0205587
29,77,0.994889,-0.0224599,-0.0200221
29,78,0.994061,-0.0228063,-0.0194564
29,79,0.993217,-0.0230938,-0.0188633
29,80,0.992357,-0.0233219,-0.0182444
29,81,0.991481,-0.0234897,-0.0176016
29,82,0.990587,-0.023597,-0.0169369
29,83,0.989677,-0.0236433,-0.0162523
29,84,0.988749,-0.0236287,-0.0155501
29,85,0.987803,-0.0235533,-0.0148327
29,86,0.986841,-0.0234173,-0.0141025
29,87,0.985861,-0.0232213,-0.0133621
29,88,0.984863,-0.0229661,-0.0126142
29,89,0.98385,-0.0226528,-0.0118613
29,90,0.982819,-0.0222825,-0.0111064
29,91,0.981773,-0.0218569,-0.0103522
29,92,0.980712,-0.0213777,-0.00960145
29,93,0.979637,-0.0208471,-0.00885699
29,94,0.978549,-0.0202675,-0.00812172
29,95,0.977449,-0.0196414,-0.00739825
29,96,0.976338,-0.0189717,-0.00668945
29,97,0.975218,-0.0182617,-0.0059978
29,98,0.97409,-0.0175146,-0.00532605
29,99,0.972957,-0.016734,-0.00467647
29,100,0.971819,-0.0159234,-0.00405165
29,101,0.97068,-0.0150867,-0.0034536
29,102,0.969542,-0.0142275,-0.00288472
29,103,0.968407,-0.0133495,-0.00234675
29,104,0.967278,-0.0124567,-0.00184185
29,105,0.966157,-0.0115527,-0.00137147
29,106,0.965048,-0.0106415,-0.000937539
29,107,0.963953,-0.00972756,-0.000541179
29,108,0.962875,-0.0088162,-0.000184011
29,109,0.961819,-0.00791402,0.000133253
29,110,0.960787,-0.00702967,0.000409419
29,111,0.959782,-0.00617446,0.000644372
29,112,0.958809,-0.00536299,0.000837596
29,113,0.95787,-0.00461337,0.000989879
29,114,0.956968,-0.0039468,0.00110175
29,115,0.956108,-0.00338625,0.00117532
29,116,0.955293,-0.00295376,0.0012126
29,117,0.954524,-0.00266659,0.00121748
29,118,0.953807,-0.00253234,0.00119401
29,119,0.953142,-0.00254423,0.00114844
29,120,0.952534,-0.00267777,0.00108735
29,121,0.951983,-0.00289027,0.00101929
29,122,0.951491,-0.00312223,0.000950847
29,123,0.95106,-0.00329503,0.000883621
29,124,0.95069,-0.00328828,0.000802172
29,125,0.95038,-0.00286458,0.000652464
29,126,0.950135,-0.00148529,0.000296628
29,127,1,-0.00343474,0
30,0,1,0,0
30,1,1.04082,0.00196984,0.000349556
30,2,1.04065,0.00613536,0.00081011
30,3,1.04044,0.00952186,0.00102935
30,4,1.04021,0.0120527,0.00110183
30,5,1.03995,0.0138196,0.00108856
30,6,1.03966,0.0150083,0.00102489
30,7,1.03935,0.0158305,0.000925508
30,8,1.03901,0.0164735,0.000795667
30,9,1.03864,0.0170731,0.00063419
30,10,1.03825,0.0177083,0.000439008
30,11,1.03783,0.0184092,0.000206613
30,12,1.03739,0.0191726,-6.47378e-05
30,13,1.03693,0.0199768,-0.00037701
30,14,1.03644,0.0207939,-0.000730147
30,15,1.03594,0.0215975,-0.00112435
30,16,1.03542,0.022366,-0.00155814
30,17,1.03488,0.0230837,-0.00203047
30,18,1.03433,0.0237397,-0.00253896
30,19,1.03376,0.024327,-0.00308178
30,20,1.03318,0.0248408,-0.00365601
30,21,1.03259,0.0252777,-0.00425929
30,22,1.03199,0.0256351,-0.00488835
30,23,1.03138,0.0259106,-0.00554046
30,24,1.03076,0.0261022,-0.00621217
30,25,1.03013,0.0262081,-0.00690048
30,26,1.02949,0.0262268,-0.0076019
30,27,1.02885,0.0261573,-0.00831332
30,28,1.02821,0.0259989,-0.00903131
30,29,1.02756,0.0257516,-0.00975282
30,30,1.0269,0.0254156,-0.0104747
30,31,1.02625,0.0249922,-0.011194
30,32,1.02559,0.0244827,-0.0119079
30,33,1.02492,0.0238892,-0.012614
30,34,1.02426,0.0232144,-0.0133098
30,35,1.02359,0.0224612,-0.0139932
30,36,1.02293,0.021633,-0.0146623
30,37,1.02226,0.0207339,-0.0153154
30,38,1.02159,0.0197679,-0.015951
30,39,1.02092,0.0187396,-0.0165679
30,40,1.02025,0.0176538,-0.0171649
30,41,1.01958,0.0165154,-0.0177412
30,42,1.01891,0.0153296,-0.0182959
30,43,1.01824,0.0141015,-0.0188284
30,44,1.01758,0.0128365,-0.019338
30,45,1.01691,0.0115398,-0.0198242
30,46,1.01624,0.0102165,-0.0202865
30,47,1.01558,0.00887181,-0.0207244
30,48,1.01492,0.00751072,-0.0211375
30,49,1.01425,0.00613805,-0.0215253
30,50,1.01359,0.00475845,-0.0218873
30,51,1.01293,0.00337636,-0.0222229
30,52,1.01228,0.00199604,-0.0225317
30,53,1.01162,0.00062148,-0.022813
30,54,1.01096,-0.000743514,-0.0230663
30,55,1.01031,-0.00209538,-0.0232907
30,56,1.00965,-0.00343078,-0.0234858
30,57,1.009,-0.00474657,-0.0236507
30,58,1.00834,-0.00603983,-0.0237847
30,59,1.00769,-0.00730781,-0.0238872
30,60,1.00703,-0.00854794,-0.0239576
30,61,1.00637,-0.0097578,-0.023995
30,62,1.0057,-0.0109351,-0.0239989
30,63,1.00504,-0.0120777,-0.0239687
30,64,1.00436,-0.0131836,-0.023904
30,65,1.00369,-0.0142508,-0.0238042
30,66,1.003,-0.0152773,-0.0236692
30,67,1.00231,-0.0162615,-0.0234986
30,68,1.00161,-0.0172015,-0.0232923
30,69,1.00091,-0.0180957,-0.0230504
30,70,1.00019,-0.0189423,-0.0227729
30,71,0.999467,-0.0197398,-0.02246
30,72,0.998731,-0.0204865,-0.0221122
30,73,0.997984,-0.0211808,-0.02173
30,74,0.997225,-0.0218214,-0.0213141
30,75,0.996454,-0.0224066,-0.0208653
30,76,0.995669,-0.022935,-0.0203846
30,77,0.99487,-0.0234054,-0.019873
30,78,0.994058,-0.0238163,-0.0193319
30,79,0.99323,-0.0241666,-0.0187627
30,80,0.992388,-0.0244552,-0.0181671
30,81,0.99153,-0.024681,-0.0175466
30,82,0.990656,-0.0248432,-0.0169033
30,83,0.989766,-0.0249411,-0.016239
30,84,0.98886,-0.024974,-0.0155561
30,85,0.987937,-0.0249416,-0.0148567
30,86,0.986998,-0.0248438,-0.0141432
30,87,0.986042,-0.0246805,-0.0134181
30,88,0.98507,-0.0244522,-0.012684
30,89,0.984082,-0.0241594,-0.0119436
30,90,0.983078,-0.023803,-0.0111995
30,91,0.98206,-0.0233844,-0.0104545
30,92,0.981026,-0.022905,-0.00971148
30,93,0.979979,-0.0223669,-0.00897311
30,94,0.978918,-0.0217724,-0.00824232
30,95,0.977846,-0.0211242,-0.00752174
30,96,0.976763,-0.0204254,-0.00681428
30,97,0.975671,-0.0196794,-0.00612244
30,98,0.974571,-0.0188901,-0.00544902
30,99,0.973465,-0.0180613,-0.00479636
30,100,0.972355,-0.0171975,-0.0041671
30,101,0.971244,-0.0163029,-0.00356338
30,102,0.970132,-0.015382,-0.00298763
30,103,0.969023,-0.0144393,-0.00244176
30,104,0.967919,-0.0134793,-0.00192798
30,105,0.966823,-0.0125066,-0.00144794
30,106,0.965738,-0.0115258,-0.00100363
30,107,0.964666,-0.0105421,-0.000596367
30,108,0.963611,-0.00956152,-0.000227872
30,109,0.962575,-0.00859118,0.000100923
30,110,0.961563,-0.00764036,0.00038872
30,111,0.960577,-0.00672096,0.000635154
30,112,0.959621,-0.00584819,0.000839586
30,113,0.958697,-0.00504073,0.00100253
30,114,0.95781,-0.00432045,0.00112437
30,115,0.956962,-0.00371095,0.00120693
30,116,0.956157,-0.003235,0.00125211
30,117,0.955398,-0.00291059,0.00126357
30,118,0.954687,-0.00274619,0.00124536
30,119,0.954027,-0.00273592,0.00120371
30,120,0.953422,-0.00285603,0.00114547
30,121,0.952872,-0.00306356,0.00107921
30,122,0.95238,-0.00329574,0.00101173
30,123,0.951947,-0.00346308,0.000944414
30,124,0.951573,-0.0034185,0.000858465
30,125,0.951261,-0.00286865,0.000695187
30,126,0.951006,-0.00117287,0.000322252
30,127,1,-0.00343474,0
31,0,1,0,0
31,1,1.04072,0.00276206,0.000338066
31,2,1.04055,0.00723265,0.000801447
31,3,1.04035,0.0108077,0.00101708
31,4,1.04012,0.0134484,0.00108852
31,5,1.03986,0.0152791,0.00107831
31,6,1.03957,0.0165084,0.0010203
31,7,1.03925,0.0173618,0.000929274
31,8,1.0389,0.0180337,0.000810212
31,9,1.03852,0.0186632,0.000661524
31,10,1.03812,0.0193297,0.00048073
31,11,1.0377,0.0200626,0.000264169
31,12,1.03725,0.0208574,9.89676e-06
31,13,1.03678,0.0216911,-0.000284073
31,14,1.03628,0.0225346,-0.000617803
31,15,1.03577,0.0233607,-0.0009915
31,16,1.03524,0.024147,-0.0014038
31,17,1.03469,0.0248771,-0.00185369
31,18,1.03412,0.0255398,-0.00233894
31,19,1.03354,0.0261278,-0.00285777
31,20,1.03294,0.026636,-0.00340739
31,21,1.03234,0.0270611,-0.00398552
31,22,1.03172,0.0274001,-0.00458907
31,23,1.03109,0.0276509,-0.00521539
31,24,1.03045,0.0278114,-0.00586119
31,25,1.02981,0.02788,-0.0065236
31,26,1.02916,0.0278553,-0.00719928
31,27,1.0285,0.0277365,-0.00788525
31,28,1.02784,0.0275231,-0.00857824
31,29,1.02718,0.0272156,-0.00927533
31,30,1.02651,0.0268146,-0.00997346
31,31,1.02584,0.0263216,-0.0106699
31,32,1.02517,0.0257388,-0.0113619
31,33,1.0245,0.0250687,-0.0120472
31,34,1.02382,0.0243146,-0.0127233
31,35,1.02315,0.02348,-0.0133883
31,36,1.02247,0.0225693,-0.0140403
31,37,1.0218,0.021587,-0.0146778
31,38,1.02113,0.0205379,-0.0152992
31,39,1.02045,0.0194273,-0.0159034
31,40,1.01978,0.0182606,-0.0164893
31,41,1.01911,0.0170433,-0.0170559
31,42,1.01845,0.0157811,-0.0176026
31,43,1.01778,0.0144798,-0.0181285
31,44,1.01712,0.0131448,-0.0186332
31,45,1.01646,0.0117818,-0.0191161
31,46,1.0158,0.0103963,-0.0195766
31,47,1.01515,0.00899329,-0.0200143
31,48,1.01449,0.00757797,-0.0204287
31,49,1.01384,0.00615505,-0.0208192
31,50,1.0132,0.00472908,-0.0211855
31,51,1.01255,0.0033043,-0.0215269
31,52,1.01191,0.00188472,-0.021843
31,53,1.01126,0.000474082,-0.0221329
31,54,1.01062,-0.000924138,-0.0223962
31,55,1.00998,-0.00230668,-0.0226321
31,56,1.00934,-0.00367053,-0.02284
31,57,1.0087,-0.00501284,-0.023019
31,58,1.00806,-0.00633097,-0.0231685
31,59,1.00741,-0.00762242,-0.0232878
31,60,1.00676,-0.00888485,-0.023376
31,61,1.00612,-0.010116,-0.0234325
31,62,1.00546,-0.0113138,-0.0234566
31,63,1.0048,-0.0124761,-0.0234477
31,64,1.00414,-0.013601,-0.0234052
31,65,1.00347,-0.0146865,-0.0233286
31,66,1.0028,-0.0157308,-0.0232175
31,67,1.00212,-0.0167319,-0.0230715
31,68,1.00143,-0.0176882,-0.0228904
31,69,1.00073,-0.0185977,-0.0226742
31,70,1.00002,-0.0194588,-0.0224228
31,71,0.999303,-0.0202698,-0.0221364
31,72,0.998575,-0.0210289,-0.0218152
31,73,0.997836,-0.0217346,-0.0214597
31,74,0.997086,-0.0223853,-0.0210704
31,75,0.996324,-0.0229794,-0.020648
31,76,0.995549,-0.0235156,-0.0201933
31,77,0.994762,-0.0239925,-0.0197075
31,78,0.993961,-0.024409,-0.0191916
31,79,0.993147,-0.0247639,-0.0186469
31,80,0.992318,-0.0250563,-0.0180749
31,81,0.991475,-0.0252853,-0.0174774
31,82,0.990618,-0.0254505,-0.0168559
31,83,0.989746,-0.0255512,-0.0162125
31,84,0.988859,-0.0255873,-0.0155492
31,85,0.987957,-0.0255588,-0.0148682
31,86,0.98704,-0.0254658,-0.0141718
31,87,0.986108,-0.0253089,-0.0134624
31,88,0.985162,-0.0250887,-0.0127426
31,89,0.984201,-0.0248061,-0.0120148
31,90,0.983225,-0.0244625,-0.0112819
31,91,0.982236,-0.0240594,-0.0105465
31,92,0.981234,-0.0235986,-0.00981137
31,93,0.980219,-0.0230822,-0.0090793
31,94,0.979193,-0.0225126,-0.00835318
31,95,0.978155,-0.0218926,-0.00763568
31,96,0.977108,-0.021225,-0.00692967
31,97,0.976052,-0.0205131,-0.00623775
31,98,0.974989,-0.0197604,-0.00556272
31,99,0.973921,-0.0189704,-0.00490704
31,100,0.972848,-0.0181468,-0.00427336
31,101,0.971773,-0.0172935,-0.00366396
31,102,0.970699,-0.0164142,-0.00308133
31,103,0.969626,-0.0155127,-0.00252752
31,104,0.968558,-0.0145928,-0.00200484
31,105,0.967496,-0.0136583,-0.00151508
31,106,0.966444,-0.0127133,-0.00106035
31,107,0.965405,-0.0117623,-0.000642156
31,108,0.96438,-0.0108106,-0.000262321
31,109,0.963374,-0.00986505,7.80025e-05
31,110,0.962389,-0.00893454,0.000377393
31,111,0.961428,-0.00803079,0.000635242
31,112,0.960495,-0.00716892,0.000850767
31,113,0.959593,-0.00636781,0.00102421
31,114,0.958726,-0.00564963,0.0011558
31,115,0.957895,-0.00503857,0.00124708
31,116,0.957106,-0.00455823,0.00129983
31,117,0.95636,-0.00422776,0.0013175
31,118,0.95566,-0.00405712,0.00130416
31,119,0.95501,-0.00404225,0.00126601
31,120,0.954412,-0.00416127,0.00121013
31,121,0.953868,-0.00437208,0.00114529
31,122,0.953379,-0.00460939,0.00107824
31,123,0.952946,-0.0047728,0.00100918
31,124,0.952571,-0.00468717,0.000918966
31,125,0.952252,-0.00400081,0.000745319
31,126,0.951994,-0.00196996,0.000336966
31,127,1,-0.00343474,0
32,0,1,0,0
32,1,1.04055,0.00236977,0.000342077
32,2,1.04037,0.00714114,0.000790981
32,3,1.04016,0.0108969,0.00100486
32,4,1.03992,0.0136349,0.00107776
32,5,1.03965,0.0155131,0.00107102
32,6,1.03936,0.0167645,0.00101997
32,7,1.03903,0.0176296,0.00093907
32,8,1.03867,0.0183114,0.000832652
32,9,1.03829,0.0189528,0.000698809
32,10,1.03788,0.0196344,0.000534615
32,11,1.03744,0.0203859,0.000336187
32,12,1.03698,0.0212021,0.000101355
32,13,1.03649,0.0220596,-0.000171911
32,14,1.03599,0.022929,-0.000483808
32,15,1.03546,0.0237824,-0.000834564
32,16,1.03491,0.0245972,-0.00122294
32,17,1.03435,0.0253568,-0.00164799
32,18,1.03377,0.0260498,-0.00210759
32,19,1.03318,0.0266686,-0.00260007
32,20,1.03257,0.0272081,-0.00312278
32,21,1.03195,0.0276645,-0.00367354
32,22,1.03132,0.028035,-0.00424942
32,23,1.03068,0.028317,-0.0048479
32,24,1.03003,0.0285083,-0.00546586
32,25,1.02938,0.0286071,-0.00610057
32,26,1.02872,0.0286118,-0.00674884
32,27,1.02806,0.0285215,-0.00740786
32,28,1.02739,0.0283355,-0.0080745
32,29,1.02672,0.028054,-0.008746
32,30,1.02605,0.0276777,-0.00941943
32,31,1.02537,0.0272079,-0.0100922
32,32,1.02469,0.0266466,-0.0107617
32,33,1.02402,0.0259961,-0.0114257
32,34,1.02334,0.0252596,-0.0120819
32,35,1.02267,0.0244405,-0.0127284
32,36,1.02199,0.0235429,-0.0133634
32,37,1.02132,0.022571,-0.0139855
32,38,1.02065,0.0215297,-0.0145931
32,39,1.01998,0.0204238,-0.0151851
32,40,1.01931,0.0192585,-0.0157605
32,41,1.01864,0.0180392,-0.0163184
32,42,1.01798,0.0167713,-0.016858
32,43,1.01732,0.0154604,-0.0173785
32,44,1.01666,0.0141119,-0.0178794
32,45,1.01601,0.0127314,-0.0183601
32,46,1.01536,0.0113241,-0.0188201
32,47,1.01471,0.00989537,-0.0192588
32,48,1.01407,0.00845018,-0.0196759
32,49,1.01343,0.00699344,-0.0200706
32,50,1.01279,0.00552984,-0.0204426
32,51,1.01215,0.00406381,-0.0207912
32,52,1.01152,0.00259958,-0.0211159
32,53,1.01089,0.00114112,-0.0214159
32,54,1.01026,-0.000307798,-0.0216906
32,55,1.00963,-0.00174367,-0.0219394
32,56,1.009,-0.00316319,-0.0221614
32,57,1.00836,-0.00456325,-0.0223559
32,58,1.00773,-0.00594096,-0.0225221
32,59,1.0071,-0.00729359,-0.0226593
32,60,1.00646,-0.00861856,-0.0227666
32,61,1.00582,-0.00991346,-0.0228433
32,62,1.00518,-0.011176,-0.0228887
32,63,1.00453,-0.0124039,-0.0229021
32,64,1.00388,-0.0135952,-0.0228828
32,65,1.00322,-0.0147477,-0.0228302
32,66,1.00255,-0.0158596,-0.0227438
32,67,1.00188,-0.0169288,-0.0226233
32,68,1.0012,-0.0179536,-0.0224682
32,69,1.00051,-0.018932,-0.0222785
32,70,0.999814,-0.0198623,-0.0220539
32,71,0.999108,-0.0207427,-0.0217945
32,72,0.998392,-0.0215713,-0.0215006
32,73,0.997666,-0.0223466,-0.0211722
32,74,0.996929,-0.0230667,-0.02081
32,75,0.996182,-0.02373,-0.0204145
32,76,0.995423,-0.0243349,-0.0199864
32,77,0.994652,-0.02488,-0.0195267
32,78,0.99387,-0.0253635,-0.0190363
32,79,0.993075,-0.0257843,-0.0185165
32,80,0.992268,-0.026141,-0.0179687
32,81,0.991448,-0.0264324,-0.0173943
32,82,0.990614,-0.0266575,-0.016795
32,83,0.989767,-0.0268154,-0.0161728
32,84,0.988907,-0.0269054,-0.0155294
32,85,0.988033,-0.0269269,-0.0148671
32,86,0.987146,-0.0268796,-0.0141881
32,87,0.986244,-0.0267636,-0.0134946
32,88,0.985329,-0.0265788,-0.0127892
32,89,0.984401,-0.026326,-0.0120744
32,90,0.983459,-0.0260058,-0.0113529
32,91,0.982504,-0.0256194,-0.0106272
32,92,0.981536,-0.0251684,-0.0099003
32,93,0.980557,-0.0246545,-0.00917477
32,94,0.979566,-0.0240802,-0.00845355
32,95,0.978565,-0.0234479,-0.00773933
32,96,0.977554,-0.0227609,-0.007035
32,97,0.976535,-0.0220225,-0.00634322
32,98,0.975508,-0.0212364,-0.00566681
32,99,0.974476,-0.0204067,-0.00500831
32,100,0.97344,-0.0195375,-0.00437045
32,101,0.972402,-0.0186334,-0.00375559
32,102,0.971363,-0.0176987,-0.0031663
32,103,0.970326,-0.0167379,-0.00260477
32,104,0.969293,-0.0157556,-0.0020734
32,105,0.968266,-0.0147564,-0.00157414
32,106,0.967247,-0.0137451,-0.0011092
32,107,0.966241,-0.0127268,-0.000680282
32,108,0.965248,-0.0117076,-0.000289315
32,109,0.964272,-0.010695,6.23363e-05
32,110,0.963316,-0.0096985,0.00037312
32,111,0.962384,-0.00873048,0.000642192
32,112,0.961477,-0.0078067,0.000868621
32,113,0.9606,-0.00694668,0.00105239
32,114,0.959754,-0.00617328,0.00119356
32,115,0.958945,-0.00551145,0.00129341
32,116,0.958173,-0.00498557,0.00135358
32,117,0.957444,-0.00461573,0.00137732
32,118,0.956758,-0.00441295,0.00136871
32,119,0.956119,-0.0043743,0.00133393
32,120,0.95553,-0.00447875,0.00128026
32,121,0.954992,-0.00468385,0.00121647
32,122,0.954507,-0.00492019,0.00114935
32,123,0.954076,-0.00507461,0.00107874
32,124,0.953701,-0.00494185,0.000981899
32,125,0.953382,-0.0041094,0.000791661
32,126,0.953118,-0.00172757,0.000362998
32,127,1,-0.00343474,0
33,0,1,0,0
33,1,1.04034,0.00313749,0.000328662
33,2,1.04018,0.00820774,0.000780029
33,3,1.03997,0.0121471,0.00099149
33,4,1.03974,0.0149905,0.00106545
33,5,1.03947,0.0169278,0.00106445
33,6,1.03917,0.0182152,0.0010221
33,7,1.03884,0.0191078,0.000952877
33,8,1.03848,0.0198157,0.000860838
33,9,1.03809,0.0204849,0.000743634
33,10,1.03767,0.0211964,0.000597912
33,11,1.03723,0.0219788,0.000419597
33,12,1.03676,0.0228256,0.000206301
33,13,1.03626,0.023712,-4.40687e-05
33,14,1.03575,0.0246073,-0.000331847
33,15,1.03521,0.0254827,-0.000657307
33,16,1.03465,0.0263149,-0.00101936
33,17,1.03408,0.0270867,-0.00141712
33,18,1.03349,0.0277864,-0.00184866
33,19,1.03288,0.0284061,-0.00231237
33,20,1.03226,0.0289404,-0.00280581
33,21,1.03162,0.0293857,-0.0033269
33,22,1.03098,0.0297388,-0.0038729
33,23,1.03033,0.0299974,-0.00444144
33,24,1.02966,0.0301594,-0.00502959
33,25,1.029,0.030223,-0.00563477
33,26,1.02832,0.0301868,-0.00625399
33,27,1.02764,0.0300501,-0.00688459
33,28,1.02696,0.0298126,-0.00752363
33,29,1.02627,0.0294747,-0.00816848
33,30,1.02559,0.0290376,-0.00881638
33,31,1.0249,0.0285031,-0.00946487
33,32,1.02421,0.0278735,-0.0101115
33,33,1.02352,0.027152,-0.010754
33,34,1.02284,0.0263422,-0.0113903
33,35,1.02215,0.0254482,-0.0120185
33,36,1.02147,0.0244747,-0.012637
33,37,1.02079,0.0234268,-0.0132442
33,38,1.02011,0.0223097,-0.0138387
33,39,1.01944,0.021129,-0.0144195
33,40,1.01877,0.0198907,-0.0149853
33,41,1.0181,0.0186005,-0.0155354
33,42,1.01744,0.0172645,-0.0160689
33,43,1.01679,0.0158884,-0.0165852
33,44,1.01614,0.0144783,-0.0170835
33,45,1.01549,0.0130397,-0.0175632
33,46,1.01485,0.0115781,-0.0180239
33,47,1.01421,0.0100989,-0.0184649
33,48,1.01357,0.00860715,-0.0188858
33,49,1.01294,0.00710752,-0.0192859
33,50,1.01231,0.00560455,-0.0196646
33,51,1.01169,0.00410246,-0.0200215
33,52,1.01107,0.00260518,-0.0203558
33,53,1.01045,0.00111639,-0.0206669
33,54,1.00983,-0.000360495,-0.0209541
33,55,1.00921,-0.00182228,-0.0212166
33,56,1.00859,-0.00326599,-0.0214537
33,57,1.00797,-0.00468883,-0.0216646
33,58,1.00735,-0.00608818,-0.0218484
33,59,1.00673,-0.00746156,-0.0220043
33,60,1.0061,-0.00880659,-0.0221316
33,61,1.00548,-0.010121,-0.0222293
33,62,1.00484,-0.0114027,-0.0222967
33,63,1.0042,-0.0126494,-0.0223331
33,64,1.00356,-0.0138592,-0.0223376
33,65,1.00291,-0.0150299,-0.0223097
33,66,1.00225,-0.0161596,-0.0222488
33,67,1.00159,-0.0172462,-0.0221543
33,68,1.00091,-0.0182879,-0.0220259
33,69,1.00023,-0.0192826,-0.0218632
33,70,0.999545,-0.0202285,-0.0216661
33,71,0.998847,-0.0211235,-0.0214343
33,72,0.99814,-0.0219659,-0.0211681
33,73,0.997424,-0.0227538,-0.0208675
33,74,0.996698,-0.0234854,-0.0205329
33,75,0.995962,-0.0241591,-0.0201648
33,76,0.995215,-0.0247731,-0.0197638
33,77,0.994458,-0.0253259,-0.0193307
33,78,0.99369,-0.0258162,-0.0188663
33,79,0.99291,-0.0262426,-0.0183719
33,80,0.99212,-0.0266039,-0.0178487
33,81,0.991318,-0.0268992,-0.017298
33,82,0.990505,-0.0271277,-0.0167215
33,83,0.98968,-0.0272887,-0.0161208
33,84,0.988843,-0.0273819,-0.0154979
33,85,0.987994,-0.0274071,-0.0148548
33,86,0.987133,-0.0273644,-0.0141936
33,87,0.98626,-0.0272541,-0.0135166
33,88,0.985375,-0.0270769,-0.0128262
33,89,0.984478,-0.0268336,-0.0121248
33,90,0.98357,-0.0265255,-0.0114151
33,91,0.982651,-0.0261541,-0.0106997
33,92,0.981721,-0.0257212,-0.0099814
33,93,0.98078,-0.0252289,-0.00926285
33,94,0.97983,-0.0246796,-0.00854694
33,95,0.978871,-0.0240761,-0.00783641
33,96,0.977903,-0.0234215,-0.00713413
33,97,0.976928,-0.0227189,-0.00644283
33,98,0.975947,-0.0219719,-0.00576535
33,99,0.974961,-0.021184,-0.00510432
33,100,0.973971,-0.0203591,-0.0044625
33,101,0.97298,-0.019501,-0.00384239
33,102,0.971987,-0.0186135,-0.00324661
33,103,0.970997,-0.0177004,-0.00267751
33,104,0.970009,-0.0167655,-0.00213755
33,105,0.969027,-0.0158126,-0.00162887
33,106,0.968053,-0.0148456,-0.00115377
33,107,0.967089,-0.0138691,-0.000714148
33,108,0.966138,-0.0128885,-0.000312056
33,109,0.965202,-0.0119106,5.09319e-05
33,110,0.964285,-0.0109445,0.000373123
33,111,0.963388,-0.0100021,0.000653439
33,112,0.962515,-0.00909896,0.000890784
33,113,0.961669,-0.00825459,0.00108488
33,114,0.960853,-0.00749202,0.00123561
33,115,0.96007,-0.00683661,0.00134399
33,116,0.959323,-0.0063135,0.00141152
33,117,0.958615,-0.00594389,0.00144127
33,118,0.957949,-0.00574039,0.00143729
33,119,0.957326,-0.005702,0.00140577
33,120,0.956751,-0.00580963,0.00135416
33,121,0.956224,-0.00602149,0.00129135
33,122,0.955747,-0.00626482,0.00122396
33,123,0.955322,-0.00641372,0.00115044
33,124,0.954949,-0.00623168,0.00104745
33,125,0.954627,-0.00524369,0.000844434
33,126,0.954361,-0.00249466,0.000378394
33,127,1,-0.00343474,0
34,0,1,0,0
34,1,1.04008,0.00276087,0.000331871
34,2,1.0399,0.00812216,0.00076751
34,3,1.03969,0.0122341,0.000978055
34,4,1.03945,0.0151671,0.00105534
34,5,1.03917,0.0171443,0.0010601
34,6,1.03887,0.0184461,0.00102736
34,7,1.03853,0.0193433,0.000971167
34,8,1.03816,0.0200549,0.000894931
34,9,1.03776,0.0207306,0.000795942
34,10,1.03734,0.0214525,0.000670394
34,11,1.03688,0.0222493,0.00051396
34,12,1.0364,0.0231137,0.000324008
34,13,1.0359,0.0240205,9.83658e-05
34,14,1.03537,0.0249384,-0.000163452
34,15,1.03482,0.0258382,-0.000461776
34,16,1.03425,0.0266965,-0.000795673
34,17,1.03366,0.0274959,-0.00116434
34,18,1.03306,0.0282243,-0.00156602
34,19,1.03244,0.0288737,-0.00199922
34,20,1.0318,0.0294386,-0.00246167
34,21,1.03116,0.029915,-0.00295145
34,22,1.0305,0.0302998,-0.00346601
34,23,1.02984,0.0305904,-0.00400311
34,24,1.02917,0.0307845,-0.00456005
34,25,1.02849,0.0308799,-0.0051344
34,26,1.02781,0.0308753,-0.00572338
34,27,1.02712,0.0307697,-0.00632449
34,28,1.02643,0.0305625,-0.00693498
34,29,1.02574,0.030254,-0.00755236
34,30,1.02505,0.0298452,-0.00817404
34,31,1.02436,0.0293377,-0.00879768
34,32,1.02367,0.0287337,-0.00942092
34,33,1.02298,0.0280362,-0.0100417
34,34,1.02229,0.0272484,-0.0106579
34,35,1.0216,0.0263744,-0.0112679
34,36,1.02092,0.0254185,-0.0118698
34,37,1.02024,0.0243856,-0.0124624
34,38,1.01957,0.0232807,-0.0130441
34,39,1.0189,0.0221092,-0.0136139
34,40,1.01823,0.0208767,-0.0141707
34,41,1.01757,0.0195887,-0.0147136
34,42,1.01691,0.018251,-0.0152417
34,43,1.01626,0.0168693,-0.0157543
34,44,1.01561,0.0154494,-0.0162507
34,45,1.01497,0.0139968,-0.0167303
34,46,1.01433,0.012517,-0.0171925
34,47,1.0137,0.0110153,-0.0176367
34,48,1.01307,0.00949673,-0.0180623
34,49,1.01245,0.0079663,-0.0184686
34,50,1.01183,0.00642862,-0.0188552
34,51,1.01122,0.00488811,-0.0192213
34,52,1.0106,0.00334894,-0.0195662
34,53,1.00999,0.00181506,-0.0198893
34,54,1.00938,0.000290167,-0.0201899
34,55,1.00877,-0.00122227,-0.0204671
34,56,1.00816,-0.00271898,-0.0207201
34,57,1.00755,-0.00419691,-0.0209482
34,58,1.00694,-0.00565318,-0.0211504
34,59,1.00633,-0.00708507,-0.0213259
34,60,1.00571,-0.00849,-0.0214738
34,61,1.00509,-0.00986553,-0.0215933
34,62,1.00447,-0.0112093,-0.0216834
34,63,1.00384,-0.0125191,-0.0217434
34,64,1.0032,-0.0137927,-0.0217724
34,65,1.00256,-0.015028,-0.0217698
34,66,1.00191,-0.016223,-0.0217349
34,67,1.00126,-0.0173756,-0.021667
34,68,1.00059,-0.0184837,-0.0215657
34,69,0.999924,-0.0195455,-0.0214305
34,70,0.999247,-0.0205588,-0.0212611
34,71,0.998561,-0.0215219,-0.0210574
34,72,0.997867,-0.0224328,-0.0208193
34,73,0.997165,-0.0232895,-0.0205468
34,74,0.996454,-0.0240902,-0.0202402
34,75,0.995734,-0.0248331,-0.0198998
34,76,0.995005,-0.0255163,-0.0195262
34,77,0.994267,-0.0261382,-0.01912
34,78,0.99352,-0.0266971,-0.018682
34,79,0.992764,-0.0271915,-0.0182133
34,80,0.991998,-0.0276199,-0.017715
34,81,0.991222,-0.0279809,-0.0171883
34,82,0.990436,-0.0282733,-0.0166348
34,83,0.98964,-0.0284962,-0.0160561
34,84,0.988834,-0.0286486,-0.0154541
34,85,0.988017,-0.0287298,-0.0148305
34,86,0.98719,-0.0287395,-0.0141875
34,87,0.986353,-0.0286775,-0.0135273
34,88,0.985505,-0.0285437,-0.0128522
34,89,0.984646,-0.0283387,-0.0121647
34,90,0.983777,-0.028063,-0.0114673
34,91,0.982898,-0.0277178,-0.0107625
34,92,0.982009,-0.0273044,-0.0100533
34,93,0.98111,-0.0268247,-0.00934212
34,94,0.980202,-0.0262808,-0.00863196
34,95,0.979286,-0.0256753,-0.00792556
34,96,0.978362,-0.0250112,-0.00722579
34,97,0.977431,-0.0242919,-0.00653542
34,98,0.976494,-0.023521,-0.00585733
34,99,0.975553,-0.0227025,-0.00519422
34,100,0.974608,-0.0218406,-0.00454891
34,101,0.973661,-0.0209397,-0.00392398
34,102,0.972713,-0.0200041,-0.00332216
34,103,0.971767,-0.0190383,-0.00274589
34,104,0.970823,-0.0180468,-0.00219775
34,105,0.969885,-0.0170342,-0.00168003
34,106,0.968954,-0.0160052,-0.00119514
34,107,0.968033,-0.014965,-0.000745142
34,108,0.967123,-0.0139197,-0.000332226
34,109,0.966228,-0.0128769,4.18372e-05
34,110,0.965349,-0.0118464,0.000375208
34,111,0.96449,-0.0108406,0.000666584
34,112,0.963653,-0.00987598,0.000914701
34,113,0.962841,-0.00897258,0.00111903
34,114,0.962058,-0.00815423,0.00127928
34,115,0.961304,-0.0074471,0.00139621
34,116,0.960585,-0.00687727,0.00147116
34,117,0.959901,-0.00646702,0.00150702
34,118,0.959257,-0.0062302,0.00150781
34,119,0.958653,-0.00616716,0.00147973
34,120,0.958094,-0.00625974,0.00143034
34,121,0.95758,-0.00646552,0.00136849
34,122,0.957113,-0.00670671,0.00130065
34,123,0.956694,-0.00684267,0.00122475
34,124,0.956325,-0.00660345,0.00111366
34,125,0.956007,-0.00544928,0.000891895
34,126,0.955738,-0.00231871,0.000403795
34,127,1,-0.00343474,0
35,0,1,0,0
35,1,1.03977,0.00350115,0.000316842
35,2,1.03961,0.00915072,0.000754537
35,3,1.03941,0.0134391,0.000963365
35,4,1.03917,0.0164717,0.00104314
35,5,1.0389,0.0185026,0.0010556
35,6,1.03859,0.0198356,0.0010338
35,7,1.03825,0.020756,0.000991759
35,8,1.03788,0.0214905,0.000932582
35,9,1.03748,0.0221918,0.000853093
35,10,1.03705,0.0229421,0.000749054
35,11,1.03659,0.0237687,0.000615921
35,12,1.0361,0.0246629,0.000450833
35,13,1.03559,0.0255979,0.000251527
35,14,1.03505,0.0265413,1.73636e-05
35,15,1.03449,0.0274628,-0.000252068
35,16,1.03391,0.0283384,-0.000556002
35,17,1.03331,0.02915,-0.000893747
35,18,1.0327,0.0298853,-0.00126373
35,19,1.03207,0.030536,-0.00166458
35,20,1.03142,0.0310966,-0.00209426
35,21,1.03076,0.031563,-0.00255099
35,22,1.03009,0.031932,-0.00303242
35,23,1.02942,0.032201,-0.0035365
35,24,1.02873,0.0323679,-0.00406074
35,25,1.02804,0.0324309,-0.0046029
35,26,1.02734,0.0323885,-0.00516041
35,27,1.02664,0.03224,-0.00573095
35,28,1.02594,0.0319853,-0.00631195
35,29,1.02523,0.031625,-0.0069011
35,30,1.02453,0.0311604,-0.00749595
35,31,1.02382,0.0305935,-0.00809431
35,32,1.02312,0.0299271,-0.00869393
35,33,1.02242,0.0291646,-0.00929283
35,34,1.02172,0.0283101,-0.00988906
35,35,1.02102,0.027368,-0.0104809
35,36,1.02033,0.0263434,-0.0110667
35,37,1.01965,0.0252418,-0.011645
35,38,1.01897,0.0240688,-0.0122144
35,39,1.01829,0.0228304,-0.0127739
35,40,1.01763,0.0215327,-0.0133223
35,41,1.01696,0.0201818,-0.0138587
35,42,1.01631,0.0187838,-0.0143822
35,43,1.01566,0.017345,-0.0148919
35,44,1.01502,0.0158712,-0.0153873
35,45,1.01438,0.0143683,-0.0158676
35,46,1.01375,0.0128417,-0.016332
35,47,1.01313,0.0112968,-0.0167801
35,48,1.01251,0.00973865,-0.0172111
35,49,1.01189,0.00817194,-0.0176244
35,50,1.01128,0.00660113,-0.0180194
35,51,1.01068,0.00503038,-0.0183953
35,52,1.01008,0.00346356,-0.0187515
35,53,1.00948,0.00190428,-0.0190873
35,54,1.00888,0.000355883,-0.0194017
35,55,1.00828,-0.00117848,-0.0196941
35,56,1.00768,-0.00269588,-0.0199637
35,57,1.00708,-0.00419355,-0.0202094
35,58,1.00648,-0.00566889,-0.0204305
35,59,1.00588,-0.0071194,-0.020626
35,60,1.00527,-0.00854269,-0.020795
35,61,1.00466,-0.00993646,-0.0209366
35,62,1.00404,-0.0112985,-0.0210498
35,63,1.00342,-0.0126265,-0.0211338
35,64,1.00279,-0.0139183,-0.0211877
35,65,1.00216,-0.0151719,-0.0212108
35,66,1.00152,-0.016385,-0.0212022
35,67,1.00088,-0.0175555,-0.0211612
35,68,1.00022,-0.0186813,-0.0210873
35,69,0.999561,-0.0197603,-0.0209799
35,70,0.998893,-0.0207904,-0.0208387
35,71,0.998217,-0.0217693,-0.0206634
35,72,0.997533,-0.0226952,-0.0204537
35,73,0.996842,-0.0235659,-0.0202097
35,74,0.996143,-0.0243795,-0.0199315
35,75,0.995437,-0.025134,-0.0196192
35,76,0.994722,-0.0258276,-0.0192734
35,77,0.994,-0.0264586,-0.0188945
35,78,0.993269,-0.0270253,-0.0184833
35,79,0.992531,-0.0275262,-0.0180407
35,80,0.991784,-0.02796,-0.0175677
35,81,0.99103,-0.0283255,-0.0170656
35,82,0.990267,-0.0286217,-0.0165357
35,83,0.989495,-0.0288478,-0.0159795
35,84,0.988716,-0.0290033,-0.0153987
35,85,0.987927,-0.0290879,-0.0147953
35,86,0.98713,-0.0291016,-0.0141711
35,87,0.986325,-0.0290445,-0.0135283
35,88,0.985511,-0.0289172,-0.0128693
35,89,0.984688,-0.0287205,-0.0121962
35,90,0.983857,-0.0284556,-0.0115118
35,91,0.983018,-0.028124,-0.0108184
35,92,0.982171,-0.0277274,-0.0101188
35,93,0.981316,-0.0272679,-0.00941579
35,94,0.980454,-0.0267481,-0.00871207
35,95,0.979586,-0.0261706,-0.00801045
35,96,0.978711,-0.0255386,-0.00731384
35,97,0.97783,-0.0248553,-0.00662502
35,98,0.976946,-0.0241242,-0.00594692
35,99,0.976057,-0.023349,-0.00528229
35,100,0.975166,-0.0225335,-0.004634
35,101,0.974274,-0.0216816,-0.00400474
35,102,0.973381,-0.0207971,-0.0033973
35,103,0.97249,-0.0198837,-0.00281426
35,104,0.971602,-0.0189451,-0.00225828
35,105,0.970719,-0.0179852,-0.0017318
35,106,0.969842,-0.0170078,-0.00123734
35,107,0.968974,-0.0160173,-0.000777149
35,108,0.968116,-0.0150191,-0.000353536
35,109,0.967271,-0.01402,3.1529e-05
35,110,0.966441,-0.0130291,0.000376052
35,111,0.965629,-0.0120585,0.000678509
35,112,0.964837,-0.0111239,0.000937458
35,113,0.964067,-0.0102454,0.00115212
35,114,0.963323,-0.0094468,0.00132201
35,115,0.962607,-0.0087544,0.00144763
35,116,0.961921,-0.00819499,0.00153018
35,117,0.961269,-0.00779193,0.00157234
35,118,0.960652,-0.00756065,0.00157813
35,119,0.960074,-0.00750352,0.0015537
35,120,0.959536,-0.00760426,0.00150673
35,121,0.95904,-0.00782075,0.00144612
35,122,0.958587,-0.00807094,0.00137799
35,123,0.95818,-0.00819949,0.00129871
35,124,0.957817,-0.00790224,0.00118036
35,125,0.9575,-0.00657398,0.000944362
35,126,0.957232,-0.00304916,0.000418566
35,127,1,-0.00343474,0
36,0,1,0,0
36,1,1.03941,0.00313745,0.000319462
36,2,1.03924,0.00906448,0.000740227
36,3,1.03903,0.013515,0.000948509
36,4,1.03879,0.0166285,0.00103278
36,5,1.03851,0.0186908,0.00105254
36,6,1.0382,0.02003,0.00104219
36,7,1.03785,0.0209475,0.00101523
36,8,1.03747,0.021679,0.000974076
36,9,1.03706,0.0223809,0.000915168
36,10,1.03662,0.0231365,0.000833816
36,11,1.03615,0.0239729,0.0007252
36,12,1.03565,0.0248806,0.000586218
36,13,1.03513,0.0258321,0.000414498
36,14,1.03458,0.0267945,0.000209238
36,15,1.03401,0.0277375,-3.00609e-05
36,16,1.03342,0.0286365,-0.000302802
36,17,1.03281,0.0294735,-0.000608411
36,18,1.03218,0.0302359,-0.000945503
36,19,1.03154,0.0309153,-0.00131286
36,20,1.03089,0.0315059,-0.00170865
36,21,1.03022,0.0320034,-0.00213123
36,22,1.02954,0.0324047,-0.00257851
36,23,1.02885,0.0327068,-0.0030486
36,24,1.02816,0.0329074,-0.00353922
36,25,1.02746,0.0330043,-0.00404835
36,26,1.02676,0.0329961,-0.00457361
36,27,1.02605,0.0328817,-0.00511286
36,28,1.02534,0.0326608,-0.00566374
36,29,1.02463,0.0323337,-0.0062241
36,30,1.02392,0.0319016,-0.00679165
36,31,1.02321,0.0313662,-0.00736432
36,32,1.02251,0.03073,-0.00794
36,33,1.02181,0.0299962,-0.00851679
36,34,1.02111,0.0291687,-0.00909281
36,35,1.02041,0.0282515,-0.0096664
36,36,1.01972,0.0272496,-0.0102359
36,37,1.01904,0.026168,-0.0108
36,38,1.01836,0.0250121,-0.0113573
36,39,1.01769,0.0237876,-0.0119066
36,40,1.01702,0.0225003,-0.0124467
36,41,1.01636,0.0211561,-0.0129768
36,42,1.01571,0.0197609,-0.0134959
36,43,1.01506,0.0183206,-0.0140032
36,44,1.01443,0.0168411,-0.0144978
36,45,1.0138,0.015328,-0.0149791
36,46,1.01317,0.0137869,-0.0154463
36,47,1.01255,0.012223,-0.0158987
36,48,1.01194,0.0106416,-0.0163356
36,49,1.01133,0.00904738,-0.0167564
36,50,1.01073,0.00744511,-0.0171603
36,51,1.01013,0.00583913,-0.0175466
36,52,1.00954,0.00423356,-0.0179145
36,53,1.00895,0.0026323,-0.0182634
36,54,1.00836,0.00103899,-0.0185922
36,55,1.00777,-0.000542933,-0.0189004
36,56,1.00718,-0.00211024,-0.0191868
36,57,1.00658,-0.00365991,-0.0194507
36,58,1.00599,-0.00518905,-0.0196911
36,59,1.0054,-0.00669494,-0.019907
36,60,1.0048,-0.008175,-0.0200974
36,61,1.00419,-0.00962674,-0.0202615
36,62,1.00359,-0.0110478,-0.0203982
36,63,1.00297,-0.0124358,-0.0205065
36,64,1.00236,-0.0137885,-0.0205856
36,65,1.00173,-0.0151037,-0.0206345
36,66,1.0011,-0.0163792,-0.0206525
36,67,1.00046,-0.0176128,-0.0206387
36,68,0.999821,-0.0188025,-0.0205924
36,69,0.999171,-0.019946,-0.0205131
36,70,0.998515,-0.0210413,-0.0204003
36,71,0.997853,-0.0220863,-0.0202535
36,72,0.997183,-0.0230788,-0.0200725
36,73,0.996508,-0.0240169,-0.0198571
36,74,0.995826,-0.0248984,-0.0196074
36,75,0.995138,-0.0257214,-0.0193235
36,76,0.994443,-0.0264839,-0.0190056
36,77,0.993743,-0.0271841,-0.0186543
36,78,0.993036,-0.0278201,-0.0182702
36,79,0.992323,-0.0283902,-0.017854
36,80,0.991603,-0.0288928,-0.0174067
36,81,0.990877,-0.0293264,-0.0169294
36,82,0.990145,-0.0296897,-0.0164233
36,83,0.989406,-0.0299814,-0.01589
36,84,0.988661,-0.0302005,-0.015331
36,85,0.987909,-0.0303463,-0.0147481
36,86,0.987149,-0.0304182,-0.0141432
36,87,0.986383,-0.0304158,-0.0135184
36,88,0.98561,-0.0303392,-0.0128758
36,89,0.98483,-0.0301886,-0.0122178
36,90,0.984042,-0.0299645,-0.0115469
36,91,0.983248,-0.029668,-0.0108655
36,92,0.982447,-0.0293003,-0.0101762
36,93,0.981639,-0.0288631,-0.00948192
36,94,0.980825,-0.0283585,-0.0087853
36,95,0.980005,-0.0277891,-0.00808915
36,96,0.97918,-0.0271577,-0.00739638
36,97,0.97835,-0.0264677,-0.00670982
36,98,0.977516,-0.0257225,-0.00603241
36,99,0.976678,-0.0249261,-0.00536697
36,100,0.975839,-0.0240827,-0.00471642
36,101,0.974998,-0.0231964,-0.00408354
36,102,0.974158,-0.0222717,-0.00347118
36,103,0.973319,-0.0213128,-0.00288203
36,104,0.972483,-0.0203242,-0.00231886
36,105,0.971651,-0.0193104,-0.00178423
36,106,0.970826,-0.018276,-0.00128077
36,107,0.970009,-0.0172261,-0.000810903
36,108,0.969202,-0.0161669,-0.00037706
36,109,0.968406,-0.0151058,1.86042e-05
36,110,0.967625,-0.0140527,0.000373945
36,111,0.96686,-0.0130203,0.000687226
36,112,0.966114,-0.0120253,0.00095683
36,113,0.965388,-0.0110883,0.00118174
36,114,0.964685,-0.010234,0.00136128
36,115,0.964009,-0.00948952,0.00149572
36,116,0.96336,-0.00888279,0.00158606
36,117,0.962741,-0.00843839,0.00163485
36,118,0.962155,-0.00817317,0.00164602
36,119,0.961603,-0.00809099,0.00162569
36,120,0.961089,-0.00817654,0.00158164
36,121,0.960613,-0.00838671,0.00152256
36,122,0.960177,-0.00863339,0.00145433
36,123,0.959782,-0.00874447,0.00137255
36,124,0.959429,-0.00837929,0.00124543
36,125,0.95912,-0.00686534,0.000989677
36,126,0.958853,-0.00293429,0.000442029
36,127,1,-0.00343474,0
37,0,1,0,0
37,1,1.03902,0.00384819,0.000303145
37,2,1.03886,0.0100497,0.00072552
37,3,1.03866,0.0146677,0.000932284
37,4,1.03842,0.0178739,0.0010198
37,5,1.03815,0.019984,0.00104846
37,6,1.03784,0.0213491,0.00105049
37,7,1.03749,0.0222855,0.00103929
37,8,1.03711,0.0230365,0.00101693
37,9,1.03669,0.0237616,0.000979373
37,10,1.03625,0.0245439,0.000921498
37,11,1.03577,0.0254089,0.00083826
37,12,1.03527,0.0263456,0.000726326
37,13,1.03474,0.0273248,0.000583217
37,14,1.03419,0.0283123,0.000407965
37,15,1.03361,0.0292768,0.000199966
37,16,1.03301,0.030193,-4.03636e-05
37,17,1.03239,0.0310425,-0.000312588
37,18,1.03175,0.0318123,-0.000615526
37,19,1.0311,0.0324939,-0.000948127
37,20,1.03043,0.0330812,-0.00130876
37,21,1.02975,0.0335701,-0.00169599
37,22,1.02906,0.0339573,-0.00210794
37,23,1.02836,0.0342401,-0.00254291
37,24,1.02765,0.0344161,-0.00299888
37,25,1.02694,0.0344836,-0.003474
37,26,1.02622,0.0344412,-0.00396612
37,27,1.0255,0.034288,-0.00447332
37,28,1.02478,0.034024,-0.00499341
37,29,1.02406,0.03365,-0.00552442
37,30,1.02333,0.0331673,-0.00606421
37,31,1.02261,0.0325783,-0.00661087
37,32,1.0219,0.0318858,-0.00716238
37,33,1.02118,0.0310936,-0.00771694
37,34,1.02047,0.0302061,-0.00827275
37,35,1.01977,0.029228,-0.00882818
37,36,1.01907,0.0281646,-0.00938164
37,37,1.01838,0.0270218,-0.00993173
37,38,1.0177,0.0258054,-0.0104771
37,39,1.01702,0.0245217,-0.0110165
37,40,1.01636,0.023177,-0.0115488
37,41,1.0157,0.0217776,-0.0120731
37,42,1.01504,0.0203298,-0.0125882
37,43,1.0144,0.0188399,-0.0130933
37,44,1.01377,0.0173139,-0.0135876
37,45,1.01314,0.0157576,-0.0140703
37,46,1.01252,0.0141766,-0.0145405
37,47,1.01191,0.0125762,-0.0149976
37,48,1.01131,0.0109614,-0.0154407
37,49,1.01071,0.0093368,-0.0158692
37,50,1.01012,0.00770691,-0.0162823
37,51,1.00953,0.00607578,-0.0166792
37,52,1.00894,0.00444721,-0.0170591
37,53,1.00836,0.00282476,-0.0174212
37,54,1.00778,0.00121173,-0.0177647
37,55,1.0072,-0.000388783,-0.0180886
37,56,1.00662,-0.00197387,-0.0183921
37,57,1.00604,-0.00354079,-0.0186742
37,58,1.00546,-0.00508691,-0.018934
37,59,1.00487,-0.00660972,-0.0191704
37,60,1.00428,-0.00810681,-0.0193824
37,61,1.00369,-0.00957579,-0.0195691
37,62,1.00309,-0.0110144,-0.0197293
37,63,1.00248,-0.0124202,-0.019862
37,64,1.00187,-0.013791,-0.0199663
37,65,1.00126,-0.0151246,-0.0200413
37,66,1.00064,-0.0164186,-0.0200859
37,67,1.00001,-0.0176708,-0.0200993
37,68,0.999376,-0.0188789,-0.0200808
37,69,0.998737,-0.0200405,-0.0200296
37,70,0.998091,-0.0211535,-0.0199452
37,71,0.99744,-0.0222155,-0.0198271
37,72,0.996783,-0.0232243,-0.0196749
37,73,0.99612,-0.0241777,-0.0194884
37,74,0.995453,-0.0250734,-0.0192674
37,75,0.99478,-0.0259094,-0.019012
37,76,0.994101,-0.0266836,-0.0187225
37,77,0.993418,-0.0273941,-0.0183991
37,78,0.992731,-0.028039,-0.0180423
37,79,0.992038,-0.0286167,-0.0176529
37,80,0.99134,-0.0291256,-0.0172317
37,81,0.990638,-0.0295643,-0.0167797
37,82,0.989931,-0.0299318,-0.0162981
37,83,0.98922,-0.0302269,-0.0157882
37,84,0.988503,-0.0304492,-0.0152516
37,85,0.987782,-0.030598,-0.0146899
37,86,0.987055,-0.0306732,-0.014105
37,87,0.986324,-0.0306749,-0.0134988
37,88,0.985588,-0.0306035,-0.0128735
37,89,0.984846,-0.0304599,-0.0122314
37,90,0.9841,-0.0302449,-0.0115748
37,91,0.983349,-0.0299601,-0.0109062
37,92,0.982593,-0.0296072,-0.0102282
37,93,0.981833,-0.0291884,-0.00954354
37,94,0.981069,-0.028706,-0.00885492
37,95,0.9803,-0.0281628,-0.00816516
37,96,0.979529,-0.0275619,-0.00747714
37,97,0.978754,-0.0269066,-0.00679374
37,98,0.977977,-0.0262005,-0.0061179
37,99,0.977198,-0.0254473,-0.0054525
37,100,0.976419,-0.0246507,-0.00480051
37,101,0.975639,-0.0238147,-0.00416477
37,102,0.974861,-0.0229429,-0.00354821
37,103,0.974085,-0.0220393,-0.00295363
37,104,0.973311,-0.0211073,-0.00238387
37,105,0.972543,-0.0201507,-0.00184164
37,106,0.971781,-0.0191733,-0.00132967
37,107,0.971026,-0.0181794,-0.000850516
37,108,0.97028,-0.0171742,-0.000406761
37,109,0.969545,-0.0161644,-7.29373e-07
37,110,0.968822,-0.015159,0.000365279
37,111,0.968114,-0.0141702,0.000689323
37,112,0.967422,-0.013214,0.000969605
37,113,0.966749,-0.0123106,0.00120487
37,114,0.966097,-0.0114843,0.00139425
37,115,0.965467,-0.0107628,0.00153776
37,116,0.964862,-0.0101741,0.00163624
37,117,0.964284,-0.00974399,0.00169206
37,118,0.963735,-0.00949088,0.00170907
37,119,0.963217,-0.00942058,0.00169338
37,120,0.962732,-0.00951952,0.00165274
37,121,0.962282,-0.00974446,0.00159583
37,122,0.961867,-0.0100019,0.00152799
37,123,0.961489,-0.0101032,0.00144311
37,124,0.961148,-0.00967085,0.00130847
37,125,0.960844,-0.00796553,0.00103824
37,126,0.960582,-0.00362033,0.000454593
37,127,1,-0.00343474,0
38,0,1,0,0
38,1,1.03857,0.00349571,0.000305379
38,2,1.03839,0.00995865,0.00070966
38,3,1.03819,0.0147269,0.000915774
38,4,1.03795,0.0180041,0.00100827
38,5,1.03767,0.0201365,0.00104503
38,6,1.03735,0.0214991,0.00105958
38,7,1.037,0.0224246,0.00106464
38,8,1.03661,0.0231656,0.0010616
38,9,1.03619,0.0238851,0.00104599
38,10,1.03574,0.0246673,0.00101226
38,11,1.03525,0.0255371,0.000955085
38,12,1.03474,0.0264827,0.000870892
38,13,1.0342,0.0274741,0.00075708
38,14,1.03364,0.028477,0.000612515
38,15,1.03305,0.0294596,0.000436483
38,16,1.03244,0.0303965,0.000229218
38,17,1.03181,0.0312691,-8.98403e-06
38,18,1.03116,0.0320643,-0.000277146
38,19,1.0305,0.0327733,-0.000574382
38,20,1.02982,0.03339,-0.000899283
38,21,1.02913,0.0339102,-0.0012506
38,22,1.02843,0.0343302,-0.00162668
38,23,1.02773,0.0346472,-0.00202603
38,24,1.02701,0.0348587,-0.00244686
38,25,1.02629,0.0349625,-0.00288751
38,26,1.02557,0.0349571,-0.00334607
38,27,1.02484,0.0348413,-0.0038208
38,28,1.02412,0.0346149,-0.00430972
38,29,1.02339,0.0342782,-0.00481102
38,30,1.02266,0.0338325,-0.00532274
38,31,1.02194,0.0332796,-0.00584306
38,32,1.02122,0.0326224,-0.00637012
38,33,1.02051,0.031864,-0.00690219
38,34,1.0198,0.0310086,-0.00743753
38,35,1.0191,0.0300607,-0.00797456
38,36,1.0184,0.0290253,-0.00851173
38,37,1.01771,0.0279076,-0.00904763
38,38,1.01703,0.0267135,-0.0095809
38,39,1.01635,0.0254487,-0.0101103
38,40,1.01569,0.0241193,-0.0106346
38,41,1.01503,0.0227313,-0.0111529
38,42,1.01439,0.0212908,-0.0116639
38,43,1.01375,0.0198039,-0.0121669
38,44,1.01312,0.0182764,-0.0126608
38,45,1.0125,0.016714,-0.0131448
38,46,1.01188,0.0151224,-0.0136181
38,47,1.01128,0.0135068,-0.0140799
38,48,1.01068,0.0118724,-0.0145293
38,49,1.01009,0.010224,-0.0149656
38,50,1.0095,0.00856623,-0.0153879
38,51,1.00892,0.00690337,-0.0157954
38,52,1.00834,0.00523953,-0.0161874
38,53,1.00776,0.00357856,-0.0165629
38,54,1.00719,0.00192406,-0.0169211
38,55,1.00662,0.000279446,-0.0172609
38,56,1.00604,-0.00135209,-0.0175816
38,57,1.00547,-0.00296751,-0.0178821
38,58,1.0049,-0.00456393,-0.0181613
38,59,1.00432,-0.00613863,-0.0184183
38,60,1.00374,-0.00768896,-0.018652
38,61,1.00315,-0.00921239,-0.0188612
38,62,1.00256,-0.0107065,-0.0190449
38,63,1.00196,-0.0121688,-0.0192021
38,64,1.00136,-0.013597,-0.0193316
38,65,1.00076,-0.0149889,-0.0194325
38,66,1.00015,-0.0163419,-0.0195037
38,67,0.99953,-0.017654,-0.0195444
38,68,0.998909,-0.0189229,-0.0195536
38,69,0.998282,-0.0201461,-0.0195305
38,70,0.99765,-0.0213216,-0.0194746
38,71,0.997013,-0.0224471,-0.0193852
38,72,0.996372,-0.0235202,-0.0192618
38,73,0.995727,-0.0245389,-0.0191042
38,74,0.995079,-0.0255009,-0.018912
38,75,0.994426,-0.026404,-0.0186853
38,76,0.99377,-0.0272461,-0.0184241
38,77,0.993111,-0.0280253,-0.0181287
38,78,0.992449,-0.0287395,-0.0177996
38,79,0.991784,-0.0293868,-0.0174372
38,80,0.991117,-0.0299655,-0.0170424
38,81,0.990446,-0.030474,-0.016616
38,82,0.989772,-0.0309107,-0.0161592
38,83,0.989096,-0.0312744,-0.0156731
38,84,0.988417,-0.0315639,-0.0151593
38,85,0.987734,-0.0317782,-0.0146194
38,86,0.987049,-0.0319166,-0.014055
38,87,0.98636,-0.0319788,-0.0134681
38,88,0.985668,-0.0319645,-0.0128607
38,89,0.984973,-0.0318739,-0.0122351
38,90,0.984273,-0.0317075,-0.0115936
38,91,0.983571,-0.031466,-0.0109385
38,92,0.982865,-0.0311508,-0.0102726
38,93,0.982156,-0.0307634,-0.00959836
38,94,0.981444,-0.0303058,-0.0089186
38,95,0.980728,-0.0297805,-0.0082361
38,96,0.980011,-0.0291901,-0.00755374
38,97,0.979291,-0.028538,-0.00687441
38,98,0.978569,-0.0278276,-0.00620108
38,99,0.977847,-0.0270627,-0.00553668
38,100,0.977124,-0.0262474,-0.0048842
38,101,0.976402,-0.0253858,-0.00424656
38,102,0.975682,-0.0244821,-0.00362675
38,103,0.974964,-0.0235406,-0.00302766
38,104,0.974249,-0.0225656,-0.00245221
38,105,0.973539,-0.0215613,-0.00190322
38,106,0.972835,-0.0205324,-0.00138354
38,107,0.972139,-0.0194839,-0.000895853
38,108,0.971451,-0.0184216,-0.000442862
38,109,0.970773,-0.0173531,-2.70556e-05
38,110,0.970107,-0.0162881,0.000349121
38,111,0.969455,-0.0152396,0.000683535
38,112,0.968818,-0.0142242,0.000974216
38,113,0.968197,-0.0132631,0.00121969
38,114,0.967595,-0.0123814,0.0014189
38,115,0.967014,-0.0116077,0.00157162
38,116,0.966454,-0.0109713,0.00167853
38,117,0.965919,-0.0104993,0.0017418
38,118,0.965409,-0.0102118,0.00176523
38,119,0.964927,-0.0101161,0.00175484
38,120,0.964474,-0.0101997,0.00171837
38,121,0.964051,-0.0104178,0.00166423
38,122,0.963659,-0.0106698,0.00159728
38,123,0.9633,-0.0107483,0.00151051
38,124,0.962974,-0.0102367,0.00136732
38,125,0.962683,-0.0083276,0.00107766
38,126,0.962427,-0.00355944,0.000474677
38,127,1,-0.00343474,0
39,0,1,0,0
39,1,1.03808,0.00417557,0.000288074
39,2,1.03793,0.0108975,0.000693456
39,3,1.03773,0.0158229,0.00089776
39,4,1.03749,0.0191852,0.000993611
39,5,1.03722,0.0213588,0.00103973
39,6,1.0369,0.0227416,0.00106734
39,7,1.03655,0.0236813,0.00108893
39,8,1.03616,0.0244384,0.00110551
39,9,1.03574,0.0251787,0.00111213
39,10,1.03528,0.0259858,0.00110282
39,11,1.0348,0.0268832,0.00107202
39,12,1.03428,0.0278569,0.00101596
39,13,1.03374,0.0288755,0.000931914
39,14,1.03316,0.029903,0.000818581
39,15,1.03257,0.030907,0.000675124
39,16,1.03195,0.0318613,0.000501588
39,17,1.03131,0.0327467,0.000298111
39,18,1.03066,0.03355,6.54569e-05
39,19,1.02999,0.0342621,-0.000195671
39,20,1.0293,0.0348769,-0.000484091
39,21,1.0286,0.03539,-0.000798754
39,22,1.02789,0.035798,-0.00113823
39,23,1.02717,0.0360981,-0.00150127
39,24,1.02644,0.0362879,-0.00188628
39,25,1.02571,0.0363655,-0.00229184
39,26,1.02497,0.0363296,-0.00271626
39,27,1.02423,0.0361792,-0.00315799
39,28,1.02349,0.0359143,-0.00361527
39,29,1.02275,0.0355358,-0.00408645
39,30,1.02202,0.035045,-0.00456973
39,31,1.02128,0.0344444,-0.00506344
39,32,1.02055,0.0337371,-0.00556581
39,33,1.01983,0.0329269,-0.00607521
39,34,1.01911,0.0320184,-0.00658997
39,35,1.0184,0.0310165,-0.00710855
39,36,1.01769,0.0299269,-0.0076294
39,37,1.017,0.0287554,-0.00815112
39,38,1.01631,0.0275082,-0.00867233
39,39,1.01563,0.0261916,-0.00919176
39,40,1.01497,0.0248122,-0.00970818
39,41,1.01431,0.0233765,-0.0102205
39,42,1.01366,0.0218907,-0.0107275
39,43,1.01303,0.0203612,-0.0112283
39,44,1.0124,0.018794,-0.0117219
39,45,1.01178,0.0171951,-0.0122073
39,46,1.01117,0.0155699,-0.0126836
39,47,1.01058,0.0139237,-0.01315
39,48,1.00998,0.0122616,-0.0136056
39,49,1.0094,0.0105881,-0.0140495
39,50,1.00882,0.0089075,-0.014481
39,51,1.00825,0.00722395,-0.0148991
39,52,1.00768,0.00554117,-0.0153029
39,53,1.00711,0.00386266,-0.0156917
39,54,1.00655,0.00219169,-0.0160643
39,55,1.00599,0.000531352,-0.01642
39,56,1.00543,-0.00111547,-0.0167576
39,57,1.00486,-0.00274602,-0.0170762
39,58,1.00429,-0.00435764,-0.0173747
39,59,1.00373,-0.0059478,-0.017652
39,60,1.00315,-0.007514,-0.017907
39,61,1.00258,-0.00905382,-0.0181386
39,62,1.002,-0.0105648,-0.0183457
39,63,1.00141,-0.0120447,-0.0185271
39,64,1.00082,-0.0134909,-0.0186816
39,65,1.00022,-0.0149012,-0.0188083
39,66,0.999623,-0.0162731,-0.018906
39,67,0.999017,-0.0176042,-0.0189737
39,68,0.998406,-0.018892,-0.0190105
39,69,0.997791,-0.0201342,-0.0190155
39,70,0.997172,-0.0213283,-0.0189879
39,71,0.996549,-0.0224718,-0.0189271
39,72,0.995922,-0.0235623,-0.0188326
39,73,0.995292,-0.0245975,-0.0187038
39,74,0.99466,-0.0255749,-0.0185405
39,75,0.994025,-0.0264923,-0.0183426
39,76,0.993388,-0.0273475,-0.01811
39,77,0.992749,-0.0281382,-0.0178429
39,78,0.992108,-0.0288626,-0.0175416
39,79,0.991466,-0.0295186,-0.0172065
39,80,0.990823,-0.0301047,-0.0168385
39,81,0.990178,-0.0306192,-0.0164382
39,82,0.989532,-0.0310609,-0.0160067
39,83,0.988885,-0.0314285,-0.0155451
39,84,0.988237,-0.0317212,-0.0150547
39,85,0.987587,-0.0319385,-0.0145372
39,86,0.986937,-0.0320798,-0.0139941
39,87,0.986285,-0.0321454,-0.0134273
39,88,0.985632,-0.0321353,-0.0128387
39,89,0.984977,-0.0320503,-0.0122306
39,90,0.984322,-0.0318913,-0.0116051
39,91,0.983665,-0.0316597,-0.0109647
39,92,0.983006,-0.0313572,-0.0103118
39,93,0.982347,-0.0309857,-0.00964912
39,94,0.981687,-0.0305478,-0.00897933
39,95,0.981026,-0.0300462,-0.00830522
39,96,0.980365,-0.0294839,-0.00762966
39,97,0.979704,-0.0288644,-0.00695555
39,98,0.979043,-0.0281911,-0.00628586
39,99,0.978383,-0.0274678,-0.00562356
39,100,0.977725,-0.0266982,-0.00497167
39,101,0.977068,-0.0258864,-0.00433318
39,102,0.976415,-0.0250359,-0.00371112
39,103,0.975765,-0.0241506,-0.00310846
39,104,0.975119,-0.0232339,-0.00252821
39,105,0.974478,-0.0222896,-0.00197328
39,106,0.973844,-0.0213212,-0.00144662
39,107,0.973217,-0.0203329,-0.000951035
39,108,0.972598,-0.0193297,-0.00048935
39,109,0.971989,-0.0183184,-6.42037e-05
39,110,0.97139,-0.0173076,0.000321817
39,111,0.970803,-0.0163095,0.000666399
39,112,0.97023,-0.0153402,0.000967399
39,113,0.969671,-0.0144201,0.00122313
39,114,0.969128,-0.0135741,0.00143233
39,115,0.968602,-0.0128306,0.00159457
39,116,0.968096,-0.0122194,0.00171032
39,117,0.96761,-0.0117684,0.0017816
39,118,0.967146,-0.0114992,0.00181209
39,119,0.966706,-0.0114212,0.00180773
39,120,0.96629,-0.0115231,0.00177619
39,121,0.965901,-0.0117597,0.00172572
39,122,0.965537,-0.0120236,0.00166048
39,123,0.965202,-0.0120891,0.00157159
39,124,0.964893,-0.0115009,0.00142151
39,125,0.964612,-0.00938541,0.00111843
39,126,0.964364,-0.00419241,0.000483346
39,127,1,-0.00343474,0
40,0,1,0,0
40,1,1.03754,0.00383365,0.000290082
40,2,1.03737,0.0107996,0.000676206
40,3,1.03717,0.0158625,0.000879304
40,4,1.03693,0.0192851,0.000979985
40,5,1.03665,0.0214711,0.00103434
40,6,1.03633,0.0228424,0.00107476
40,7,1.03597,0.0237631,0.00111301
40,8,1.03558,0.0245029,0.00114933
40,9,1.03515,0.0252312,0.00117832
40,10,1.03469,0.0260325,0.00119362
40,11,1.03419,0.0269292,0.00118939
40,12,1.03367,0.0279069,0.00116165
40,13,1.03311,0.0289333,0.00110753
40,14,1.03253,0.0299722,0.00102558
40,15,1.03193,0.0309906,0.000914837
40,16,1.0313,0.0319624,0.000775154
40,17,1.03066,0.0328684,0.000606517
40,18,1.02999,0.033695,0.000409477
40,19,1.02931,0.0344332,0.000184557
40,20,1.02861,0.0350767,-6.72851e-05
40,21,1.0279,0.035621,-0.000345198
40,22,1.02719,0.0360623,-0.000647989
40,23,1.02646,0.0363978,-0.0009746
40,24,1.02573,0.0366248,-0.00132369
40,25,1.02499,0.036741,-0.00169404
40,26,1.02425,0.0367449,-0.00208418
40,27,1.02351,0.0366353,-0.00249277
40,28,1.02276,0.0364118,-0.00291823
40,29,1.02202,0.0360748,-0.00335909
40,30,1.02128,0.0356256,-0.0038137
40,31,1.02055,0.035066,-0.00428054
40,32,1.01982,0.0343989,-0.00475795
40,33,1.01909,0.0336278,-0.00524437
40,34,1.01837,0.0327567,-0.0057382
40,35,1.01766,0.0317904,-0.00623795
40,36,1.01696,0.030734,-0.00674209
40,37,1.01627,0.029593,-0.00724922
40,38,1.01558,0.0283733,-0.00775795
40,39,1.01491,0.0270808,-0.00826696
40,40,1.01424,0.0257218,-0.00877501
40,41,1.01359,0.0243023,-0.0092809
40,42,1.01295,0.0228285,-0.00978349
40,43,1.01231,0.0213065,-0.0102817
40,44,1.01169,0.0197423,-0.0107745
40,45,1.01108,0.0181416,-0.0112609
40,46,1.01048,0.0165099,-0.0117399
40,47,1.00988,0.0148527,-0.0122106
40,48,1.0093,0.0131749,-0.0126721
40,49,1.00872,0.0114815,-0.0131234
40,50,1.00814,0.00977685,-0.0135637
40,51,1.00758,0.0080654,-0.0139921
40,52,1.00702,0.00635114,-0.0144076
40,53,1.00646,0.0046379,-0.0148093
40,54,1.0059,0.00292926,-0.0151962
40,55,1.00534,0.00122861,-0.0155674
40,56,1.00479,-0.000460849,-0.0159217
40,57,1.00423,-0.00213607,-0.0162582
40,58,1.00367,-0.00379416,-0.0165757
40,59,1.00311,-0.00543234,-0.0168731
40,60,1.00255,-0.00704794,-0.0171493
40,61,1.00198,-0.00863835,-0.0174031
40,62,1.00141,-0.010201,-0.0176332
40,63,1.00083,-0.0117336,-0.0178385
40,64,1.00025,-0.0132334,-0.0180178
40,65,0.999668,-0.0146982,-0.01817
40,66,0.999079,-0.0161255,-0.0182939
40,67,0.998485,-0.017513,-0.0183884
40,68,0.997888,-0.0188582,-0.0184525
40,69,0.997287,-0.0201587,-0.0184853
40,70,0.996683,-0.0214122,-0.0184859
40,71,0.996077,-0.0226162,-0.0184536
40,72,0.995469,-0.0237684,-0.0183878
40,73,0.994859,-0.0248664,-0.0182878
40,74,0.994247,-0.0259079,-0.0181533
40,75,0.993635,-0.0268906,-0.0179841
40,76,0.993023,-0.0278122,-0.0177801
40,77,0.99241,-0.0286706,-0.0175414
40,78,0.991797,-0.0294636,-0.0172681
40,79,0.991185,-0.0301892,-0.0169606
40,80,0.990574,-0.0308455,-0.0166196
40,81,0.989963,-0.0314308,-0.0162457
40,82,0.989353,-0.0319432,-0.0158399
40,83,0.988744,-0.0323815,-0.0154031
40,84,0.988136,-0.0327444,-0.0149368
40,85,0.987528,-0.0330306,-0.0144422
40,86,0.986921,-0.0332395,-0.013921
40,87,0.986314,-0.0333704,-0.013375
40,88,0.985708,-0.033423,-0.012806
40,89,0.985102,-0.0333974,-0.012216
40,90,0.984496,-0.0332939,-0.0116074
40,91,0.98389,-0.0331133,-0.0109824
40,92,0.983285,-0.0328565,-0.0103436
40,93,0.98268,-0.0325252,-0.00969339
40,94,0.982075,-0.0321211,-0.00903457
40,95,0.98147,-0.0316467,-0.00836988
40,96,0.980866,-0.0311045,-0.00770218
40,97,0.980263,-0.0304978,-0.00703438
40,98,0.979662,-0.0298298,-0.00636946
40,99,0.979062,-0.0291043,-0.00571039
40,100,0.978464,-0.0283252,-0.00506025
40,101,0.977869,-0.0274966,-0.00442206
40,102,0.977278,-0.0266225,-0.0037989
40,103,0.97669,-0.0257072,-0.00319382
40,104,0.976108,-0.0247546,-0.00260988
40,105,0.975531,-0.0237691,-0.00205009
40,106,0.97496,-0.0227549,-0.00151747
40,107,0.974397,-0.0217169,-0.00101495
40,108,0.973842,-0.0206609,-0.000545458
40,109,0.973296,-0.0195942,-0.000111762
40,110,0.97276,-0.0185266,0.000283419
40,111,0.972236,-0.0174707,0.000637611
40,112,0.971723,-0.0164436,0.000948509
40,113,0.971224,-0.0154665,0.00121424
40,114,0.970739,-0.0145652,0.00143334
40,115,0.97027,-0.0137693,0.00160518
40,116,0.969816,-0.0131098,0.00173007
40,117,0.969381,-0.0126162,0.00180982
40,118,0.968964,-0.0123118,0.00184803
40,119,0.968566,-0.0122078,0.0018505
40,120,0.968189,-0.0122936,0.00182483
40,121,0.967834,-0.0125221,0.00177883
40,122,0.9675,-0.0127777,0.00171603
40,123,0.967189,-0.0128139,0.0016265
40,124,0.966901,-0.0121348,0.00146894
40,125,0.966638,-0.00979984,0.00114815
40,126,0.966401,-0.00417706,0.000498666
40,127,1,-0.00343474,0
41,0,1,0,0
41,1,1.03697,0.00448198,0.00027203
41,2,1.03682,0.0116906,0.000658636
41,3,1.03663,0.0168997,0.000859165
41,4,1.03639,0.0203988,0.000962711
41,5,1.03612,0.022619,0.00102624
41,6,1.0358,0.0240045,0.0010797
41,7,1.03544,0.0249348,0.00113448
41,8,1.03505,0.0256871,0.00119042
41,9,1.03462,0.0264337,0.00124161
41,10,1.03415,0.0272583,0.00128131
41,11,1.03366,0.0281814,0.00130347
41,12,1.03313,0.0291865,0.00130393
41,13,1.03257,0.0302394,0.0012797
41,14,1.03199,0.0313027,0.00122917
41,15,1.03138,0.0323425,0.00115123
41,16,1.03074,0.0333319,0.00104556
41,17,1.03009,0.0342512,0.000911972
41,18,1.02942,0.0350867,0.000750792
41,19,1.02873,0.035829,0.000562357
41,20,1.02802,0.0364719,0.000347394
41,21,1.0273,0.0370108,0.000106548
41,22,1.02658,0.0374422,-0.000159223
41,23,1.02584,0.0377632,-0.000449075
41,24,1.02509,0.0379714,-0.000761903
41,25,1.02434,0.0380648,-0.0010967
41,26,1.02359,0.0380419,-0.00145224
41,27,1.02284,0.0379018,-0.00182735
41,28,1.02208,0.0376445,-0.00222068
41,29,1.02133,0.0372707,-0.00263091
41,30,1.02058,0.0367818,-0.00305658
41,31,1.01983,0.0361803,-0.00349627
41,32,1.01909,0.0354693,-0.00394845
41,33,1.01835,0.0346527,-0.00441165
41,34,1.01763,0.0337352,-0.00488432
41,35,1.01691,0.0327218,-0.00536502
41,36,1.0162,0.0316182,-0.00585223
41,37,1.0155,0.0304305,-0.00634456
41,38,1.01481,0.0291649,-0.00684058
41,39,1.01413,0.0278278,-0.00733897
41,40,1.01347,0.0264258,-0.00783841
41,41,1.01281,0.0249654,-0.00833767
41,42,1.01217,0.0234531,-0.00883555
41,43,1.01154,0.0218952,-0.0093309
41,44,1.01092,0.0202976,-0.00982262
41,45,1.01031,0.0186664,-0.0103097
41,46,1.00972,0.0170069,-0.010791
41,47,1.00913,0.0153245,-0.0112656
41,48,1.00855,0.0136241,-0.0117325
41,49,1.00798,0.0119102,-0.0121908
41,50,1.00741,0.0101872,-0.0126395
41,51,1.00686,0.00845903,-0.0130777
41,52,1.0063,0.00672945,-0.0135044
41,53,1.00575,0.00500192,-0.0139186
41,54,1.0052,0.00327972,-0.0143193
41,55,1.00466,0.00156591,-0.0147054
41,56,1.00411,-0.000136592,-0.015076
41,57,1.00357,-0.001825,-0.0154299
41,58,1.00302,-0.00349663,-0.0157659
41,59,1.00247,-0.00514889,-0.016083
41,60,1.00191,-0.00677922,-0.0163798
41,61,1.00136,-0.00838512,-0.0166552
41,62,1.00079,-0.00996407,-0.0169079
41,63,1.00023,-0.0115136,-0.0171367
41,64,0.99966,-0.0130312,-0.0173403
41,65,0.999086,-0.0145144,-0.0175176
41,66,0.998509,-0.0159606,-0.0176673
41,67,0.997928,-0.0173673,-0.0177882
41,68,0.997344,-0.018732,-0.0178794
41,69,0.996758,-0.020052,-0.0179397
41,70,0.996169,-0.0213248,-0.0179682
41,71,0.995578,-0.0225477,-0.0179642
41,72,0.994986,-0.0237183,-0.0179268
41,73,0.994394,-0.024834,-0.0178555
41,74,0.993802,-0.0258922,-0.0177498
41,75,0.993209,-0.0268904,-0.0176094
41,76,0.992618,-0.0278264,-0.0174341
41,77,0.992028,-0.0286977,-0.0172238
41,78,0.991439,-0.0295023,-0.0169787
41,79,0.990853,-0.030238,-0.0166991
41,80,0.990268,-0.0309029,-0.0163855
41,81,0.989685,-0.0314953,-0.0160384
41,82,0.989105,-0.0320137,-0.0156588
41,83,0.988527,-0.0324568,-0.0152475
41,84,0.987952,-0.0328234,-0.0148058
41,85,0.987379,-0.0331129,-0.0143349
41,86,0.986809,-0.0333247,-0.0138364
41,87,0.98624,-0.0334586,-0.013312
41,88,0.985675,-0.0335148,-0.0127635
41,89,0.985111,-0.0334938,-0.0121928
41,90,0.98455,-0.0333963,-0.0116021
41,91,0.983991,-0.0332236,-0.0109937
41,92,0.983435,-0.0329774,-0.01037
41,93,0.982881,-0.0326596,-0.00973358
41,94,0.98233,-0.0322726,-0.00908699
41,95,0.981781,-0.0318191,-0.00843302
41,96,0.981236,-0.0313021,-0.00777449
41,97,0.980693,-0.030725,-0.00711432
41,98,0.980154,-0.0300913,-0.00645548
41,99,0.979619,-0.0294048,-0.00580097
41,100,0.979088,-0.0286693,-0.00515387
41,101,0.978562,-0.0278885,-0.00451725
41,102,0.978041,-0.0270664,-0.00389422
41,103,0.977525,-0.0262064,-0.00328789
41,104,0.977015,-0.0253123,-0.00270137
41,105,0.976511,-0.0243873,-0.00213776
41,106,0.976015,-0.0234351,-0.00160015
41,107,0.975526,-0.0224597,-0.00109157
41,108,0.975046,-0.0214659,-0.000615022
41,109,0.974574,-0.0204602,-0.000173415
41,110,0.974111,-0.0194513,0.00023042
41,111,0.973659,-0.0184511,0.000593854
41,112,0.973217,-0.0174756,0.000914434
41,113,0.972786,-0.0165454,0.0011901
41,114,0.972368,-0.0156859,0.00141921
41,115,0.971962,-0.0149262,0.00160092
41,116,0.971569,-0.0142978,0.00173537
41,117,0.97119,-0.013831,0.00182419
41,118,0.970826,-0.0135505,0.00187086
41,119,0.970478,-0.013469,0.00188103
41,120,0.970145,-0.0135774,0.00186213
41,121,0.969829,-0.0138269,0.0018217
41,122,0.96953,-0.0140945,0.00176236
41,123,0.969248,-0.0141135,0.00167224
41,124,0.968983,-0.0133484,0.00150925
41,125,0.968735,-0.0107952,0.00117744
41,126,0.96851,-0.00474785,0.000501872
41,127,1,-0.00343474,0
42,0,1,0,0
42,1,1.03634,0.00415088,0.000273902
42,2,1.03618,0.0115862,0.000640025
42,3,1.03599,0.0169191,0.000838374
42,4,1.03575,0.0204672,0.000946041
42,5,1.03546,0.0226895,0.00101731
42,6,1.03514,0.0240543,0.00108324
42,7,1.03478,0.0249572,0.00115436
42,8,1.03438,0.025685,0.00122966
42,9,1.03395,0.0264131,0.00130281
42,10,1.03348,0.0272257,0.00136667
42,11,1.03297,0.0281427,0.00141498
42,12,1.03244,0.0291465,0.00144336
42,13,1.03187,0.0302024,0.00144873
42,14,1.03128,0.0312724,0.00142929
42,15,1.03066,0.0323226,0.00138383
42,16,1.03002,0.0333261,0.00131183
42,17,1.02936,0.034263,0.00121293
42,18,1.02867,0.0351195,0.00108726
42,19,1.02798,0.0358863,0.000934966
42,20,1.02726,0.0365569,0.000756548
42,21,1.02654,0.0371265,0.000552455
42,22,1.0258,0.0375916,0.000323414
42,23,1.02506,0.0379488,7.00605e-05
42,24,1.02431,0.0381957,-0.000206727
42,25,1.02356,0.0383298,-0.000506153
42,26,1.0228,0.0383494,-0.000827199
42,27,1.02204,0.0382534,-0.0011689
42,28,1.02129,0.0380411,-0.00153009
42,29,1.02053,0.0377129,-0.00190963
42,30,1.01978,0.03727,-0.0023062
42,31,1.01903,0.0367142,-0.00271853
42,32,1.01829,0.0360484,-0.00314519
42,33,1.01756,0.0352761,-0.00358479
42,34,1.01683,0.0344013,-0.00403588
42,35,1.01612,0.0334288,-0.00449703
42,36,1.01541,0.0323638,-0.00496676
42,37,1.01471,0.0312119,-0.00544368
42,38,1.01403,0.029979,-0.00592635
42,39,1.01335,0.0286712,-0.00641342
42,40,1.01269,0.0272946,-0.00690355
42,41,1.01204,0.0258555,-0.00739546
42,42,1.0114,0.02436,-0.00788789
42,43,1.01078,0.0228143,-0.00837965
42,44,1.01016,0.0212244,-0.00886957
42,45,1.00956,0.0195958,-0.00935655
42,46,1.00896,0.0179344,-0.00983949
42,47,1.00838,0.0162452,-0.0103174
42,48,1.00781,0.0145334,-0.0107891
42,49,1.00724,0.0128038,-0.0112537
42,50,1.00668,0.0110609,-0.0117103
42,51,1.00613,0.00930895,-0.0121577
42,52,1.00559,0.00755202,-0.012595
42,53,1.00504,0.00579388,-0.0130211
42,54,1.0045,0.00403812,-0.013435
42,55,1.00396,0.00228814,-0.0138357
42,56,1.00342,0.000547156,-0.014222
42,57,1.00289,-0.00118177,-0.0145927
42,58,1.00235,-0.00289571,-0.0149468
42,59,1.0018,-0.00459183,-0.0152829
42,60,1.00126,-0.00626739,-0.0155999
42,61,1.00071,-0.00791973,-0.0158964
42,62,1.00016,-0.00954625,-0.0161712
42,63,0.999608,-0.0111444,-0.016423
42,64,0.999051,-0.0127116,-0.0166504
42,65,0.99849,-0.0142453,-0.0168523
42,66,0.997927,-0.015743,-0.0170273
42,67,0.99736,-0.0172023,-0.0171743
42,68,0.996792,-0.0186206,-0.017292
42,69,0.996222,-0.0199954,-0.0173794
42,70,0.995651,-0.0213242,-0.0174355
42,71,0.99508,-0.0226044,-0.0174594
42,72,0.994508,-0.0238337,-0.0174503
42,73,0.993938,-0.0250094,-0.0174075
42,74,0.993369,-0.0261292,-0.0173304
42,75,0.992802,-0.0271906,-0.0172186
42,76,0.992238,-0.0281912,-0.0170719
42,77,0.991676,-0.0291288,-0.0168902
42,78,0.991118,-0.0300009,-0.0166734
42,79,0.990564,-0.0308056,-0.0164218
42,80,0.990013,-0.0315406,-0.0161358
42,81,0.989467,-0.0322042,-0.0158159
42,82,0.988925,-0.0327944,-0.0154628
42,83,0.988387,-0.0333098,-0.0150774
42,84,0.987853,-0.0337488,-0.0146608
42,85,0.987324,-0.0341102,-0.0142142
42,86,0.986799,-0.034393,-0.0137391
42,87,0.986278,-0.0345965,-0.013237
42,88,0.985761,-0.0347203,-0.0127097
42,89,0.985249,-0.0347643,-0.0121591
42,90,0.98474,-0.0347285,-0.0115873
42,91,0.984234,-0.0346137,-0.0109965
42,92,0.983733,-0.0344208,-0.0103889
42,93,0.983235,-0.0341511,-0.00976724
42,94,0.982742,-0.0338064,-0.00913397
42,95,0.982252,-0.0333888,-0.00849184
42,96,0.981766,-0.0329011,-0.00784367
42,97,0.981284,-0.032346,-0.00719233
42,98,0.980807,-0.031727,-0.00654081
42,99,0.980334,-0.0310476,-0.00589213
42,100,0.979867,-0.0303115,-0.00524935
42,101,0.979404,-0.0295228,-0.0046156
42,102,0.978948,-0.0286854,-0.00399401
42,103,0.978497,-0.0278032,-0.00338772
42,104,0.978053,-0.0268804,-0.00279991
42,105,0.977617,-0.0259207,-0.00223371
42,106,0.977187,-0.0249285,-0.0016923
42,107,0.976766,-0.0239084,-0.00117878
42,108,0.976352,-0.022866,-0.000696238
42,109,0.975948,-0.0218084,-0.000247677
42,110,0.975552,-0.0207451,0.000163964
42,111,0.975166,-0.0196889,0.000535927
42,112,0.97479,-0.0186567,0.000865624
42,113,0.974424,-0.0176699,0.00115083
42,114,0.974068,-0.0167549,0.00138974
42,115,0.973723,-0.0159421,0.00158134
42,116,0.973389,-0.0152643,0.00172557
42,117,0.973066,-0.0147535,0.00182391
42,118,0.972754,-0.0144364,0.00187968
42,119,0.972454,-0.0143274,0.00189839
42,120,0.972166,-0.0144181,0.00188727
42,121,0.971889,-0.0146573,0.00185329
42,122,0.971625,-0.0149123,0.0017983
42,123,0.971373,-0.0148943,0.00170926
42,124,0.971133,-0.0140263,0.00154058
42,125,0.970908,-0.0112415,0.00119409
42,126,0.970697,-0.0047689,0.000511305
42,127,1,-0.00343474,0
43,0,1,0,0
43,1,1.03569,0.0047676,0.000255256
43,2,1.03555,0.0124296,0.000621069
43,3,1.03537,0.0178973,0.000815668
43,4,1.03513,0.0215128,0.000925205
43,5,1.03485,0.0237615,0.00100492
43,6,1.03454,0.0251344,0.00108325
43,7,1.03418,0.0260421,0.00117022
43,8,1.03378,0.026779,0.0012644
43,9,1.03334,0.027523,0.00135892
43,10,1.03287,0.0283573,0.00144631
43,11,1.03236,0.0292995,0.00152015
43,12,1.03183,0.0303298,0.0015759
43,13,1.03126,0.0314117,0.00161035
43,14,1.03066,0.0325059,0.0016216
43,15,1.03004,0.0335774,0.00160826
43,16,1.02939,0.0345987,0.00156963
43,17,1.02872,0.0355495,0.00150519
43,18,1.02804,0.0364157,0.00141485
43,19,1.02733,0.0371877,0.00129857
43,20,1.02661,0.0378591,0.0011566
43,21,1.02588,0.0384251,0.000989211
43,22,1.02513,0.0388822,0.000796885
43,23,1.02438,0.0392274,0.000580054
43,24,1.02362,0.0394583,0.000339364
43,25,1.02286,0.0395727,7.54028e-05
43,26,1.02209,0.0395692,-0.000211029
43,27,1.02132,0.0394466,-0.000519165
43,28,1.02055,0.039205,-0.000848028
43,29,1.01978,0.0388448,-0.00119665
43,30,1.01902,0.0383674,-0.00156389
43,31,1.01826,0.0377753,-0.00194858
43,32,1.01751,0.0370715,-0.00234942
43,33,1.01677,0.0362598,-0.00276512
43,34,1.01604,0.0353449,-0.00319427
43,35,1.01531,0.0343318,-0.00363551
43,36,1.0146,0.0332264,-0.00408737
43,37,1.0139,0.0320344,-0.00454846
43,38,1.01321,0.0307624,-0.00501735
43,39,1.01253,0.0294166,-0.00549265
43,40,1.01187,0.0280038,-0.00597298
43,41,1.01122,0.0265303,-0.00645703
43,42,1.01058,0.0250026,-0.00694347
43,43,1.00995,0.023427,-0.00743107
43,44,1.00934,0.0218096,-0.0079186
43,45,1.00874,0.0201562,-0.0084049
43,46,1.00816,0.0184721,-0.00888882
43,47,1.00758,0.0167628,-0.00936926
43,48,1.00701,0.015033,-0.00984515
43,49,1.00646,0.0132873,-0.0103154
43,50,1.00591,0.0115299,-0.010779
43,51,1.00536,0.0097649,-0.0112349
43,52,1.00482,0.00799595,-0.011682
43,53,1.00429,0.00622654,-0.0121194
43,54,1.00376,0.00445993,-0.0125458
43,55,1.00323,0.00269922,-0.0129602
43,56,1.0027,0.000947354,-0.0133614
43,57,1.00218,-0.000792849,-0.0137483
43,58,1.00165,-0.00251865,-0.0141196
43,59,1.00112,-0.00422739,-0.014474
43,60,1.00058,-0.00591644,-0.0148104
43,61,1.00005,-0.00758322,-0.0151274
43,62,0.99951,-0.00922513,-0.0154236
43,63,0.998969,-0.0108396,-0.0156976
43,64,0.998425,-0.012424,-0.0159483
43,65,0.997878,-0.0139758,-0.0161741
43,66,0.997329,-0.0154923,-0.0163739
43,67,0.996777,-0.0169708,-0.0165463
43,68,0.996225,-0.0184088,-0.0166901
43,69,0.995671,-0.0198034,-0.0168041
43,70,0.995118,-0.021152,-0.0168874
43,71,0.994565,-0.022452,-0.0169389
43,72,0.994013,-0.0237004,-0.0169577
43,73,0.993463,-0.0248948,-0.0169431
43,74,0.992916,-0.0260324,-0.0168944
43,75,0.992372,-0.0271107,-0.0168112
43,76,0.991831,-0.028127,-0.0166932
43,77,0.991295,-0.0290789,-0.01654
43,78,0.990763,-0.0299641,-0.0163516
43,79,0.990236,-0.0307803,-0.0161283
43,80,0.989715,-0.0315255,-0.0158701
43,81,0.989199,-0.0321977,-0.0155778
43,82,0.988688,-0.0327951,-0.0152517
43,83,0.988184,-0.0333164,-0.0148928
43,84,0.987685,-0.0337602,-0.014502
43,85,0.987192,-0.0341256,-0.0140805
43,86,0.986705,-0.0344118,-0.0136295
43,87,0.986224,-0.0346185,-0.0131507
43,88,0.985749,-0.0347456,-0.0126456
43,89,0.98528,-0.0347935,-0.0121162
43,90,0.984816,-0.0347627,-0.0115643
43,91,0.984359,-0.0346545,-0.0109922
43,92,0.983907,-0.0344703,-0.0104021
43,93,0.983462,-0.034212,-0.00979644
43,94,0.983022,-0.0338817,-0.00917785
43,95,0.982589,-0.0334823,-0.00854895
43,96,0.982162,-0.0330166,-0.00791254
43,97,0.981741,-0.0324879,-0.00727148
43,98,0.981328,-0.0318998,-0.00662873
43,99,0.980921,-0.031256,-0.00598731
43,100,0.980521,-0.0305603,-0.00535031
43,101,0.980128,-0.0298166,-0.00472084
43,102,0.979743,-0.0290285,-0.00410206
43,103,0.979366,-0.0281996,-0.00349716
43,104,0.978997,-0.0273335,-0.00290933
43,105,0.978636,-0.0264334,-0.00234178
43,106,0.978283,-0.0255029,-0.00179771
43,107,0.977939,-0.0245458,-0.00128028
43,108,0.977603,-0.0235667,-0.000792672
43,109,0.977276,-0.0225719,-0.000337961
43,110,0.976957,-0.0215699,8.0821e-05
43,111,0.976647,-0.0205725,0.000460801
43,112,0.976345,-0.0195955,0.000799266
43,113,0.976052,-0.0186597,0.00109384
43,114,0.975767,-0.0177907,0.00134257
43,115,0.97549,-0.0170186,0.00154424
43,116,0.975222,-0.0163764,0.00169865
43,117,0.97496,-0.0158968,0.00180708
43,118,0.974707,-0.0156076,0.00187271
43,119,0.974461,-0.0155249,0.00190086
43,120,0.974222,-0.015641,0.00189847
43,121,0.97399,-0.0159026,0.00187211
43,122,0.973764,-0.0161682,0.00182259
43,123,0.973546,-0.0161277,0.00173484
43,124,0.973333,-0.0151645,0.00156283
43,125,0.973127,-0.0121539,0.00120888
43,126,0.972933,-0.00526875,0.000507826
43,127,1,-0.00343474,0
44,0,1,0,0
44,1,1.03499,0.00444838,0.000256991
44,2,1.03484,0.0123202,0.00060096
44,3,1.03464,0.0178982,0.000792032
44,4,1.03441,0.0215506,0.000904517
44,5,1.03412,0.0237908,0.000990989
44,6,1.0338,0.0251334,0.0010809
44,7,1.03344,0.0260056,0.00118327
44,8,1.03303,0.0267107,0.00129574
44,9,1.03259,0.0274296,0.00141104
44,10,1.03212,0.0282458,0.00152138
44,11,1.0316,0.0291761,0.00162011
44,12,1.03106,0.0301995,0.00170255
44,13,1.03048,0.0312791,0.00176541
44,14,1.02988,0.0323751,0.00180661
44,15,1.02925,0.0334527,0.00182465
44,16,1.02859,0.0344841,0.00181865
44,17,1.02792,0.0354492,0.00178793
44,18,1.02722,0.0363337,0.00173217
44,19,1.02651,0.0371281,0.00165116
44,20,1.02578,0.0378257,0.00154496
44,21,1.02504,0.0384217,0.0014136
44,22,1.02429,0.0389122,0.00125737
44,23,1.02354,0.0392942,0.00107649
44,24,1.02277,0.0395649,0.0008714
44,25,1.02201,0.0397218,0.00064248
44,26,1.02124,0.0397631,0.000390323
44,27,1.02047,0.0396874,0.000115509
44,28,1.0197,0.0394942,-0.000181175
44,29,1.01893,0.0391834,-0.000498927
44,30,1.01817,0.0387562,-0.00083675
44,31,1.01741,0.0382143,-0.00119362
44,32,1.01666,0.0375605,-0.00156836
44,33,1.01592,0.036798,-0.00195975
44,34,1.01519,0.0359309,-0.00236646
44,35,1.01447,0.034964,-0.00278718
44,36,1.01376,0.0339024,-0.00322049
44,37,1.01306,0.0327516,-0.00366499
44,38,1.01237,0.0315175,-0.00411926
44,39,1.0117,0.0302062,-0.0045819
44,40,1.01104,0.0288239,-0.00505151
44,41,1.01039,0.0273767,-0.00552673
44,42,1.00976,0.0258708,-0.00600621
44,43,1.00914,0.0243124,-0.00648866
44,44,1.00854,0.0227073,-0.00697282
44,45,1.00794,0.0210613,-0.00745746
44,46,1.00736,0.0193799,-0.00794139
44,47,1.00679,0.0176684,-0.00842347
44,48,1.00623,0.0159317,-0.00890256
44,49,1.00568,0.0141748,-0.00937756
44,50,1.00513,0.012402,-0.00984737
44,51,1.0046,0.0106177,-0.0103109
44,52,1.00407,0.00882592,-0.0107671
44,53,1.00354,0.00703036,-0.0112148
44,54,1.00302,0.00523466,-0.0116528
44,55,1.0025,0.00344225,-0.0120802
44,56,1.00198,0.00165636,-0.0124955
44,57,1.00146,-0.000119893,-0.0128978
44,58,1.00094,-0.00188353,-0.0132856
44,59,1.00042,-0.00363168,-0.0136577
44,60,0.999898,-0.00536152,-0.0140127
44,61,0.999374,-0.00707033,-0.0143493
44,62,0.998848,-0.00875543,-0.0146662
44,63,0.99832,-0.0104142,-0.0149618
44,64,0.99779,-0.0120439,-0.0152349
44,65,0.997258,-0.013642,-0.0154841
44,66,0.996725,-0.0152059,-0.0157079
44,67,0.996191,-0.0167331,-0.0159051
44,68,0.995656,-0.0182208,-0.0160744
44,69,0.995122,-0.0196664,-0.0162146
44,70,0.994589,-0.0210675,-0.0163245
44,71,0.994058,-0.0224213,-0.0164031
44,72,0.993529,-0.0237252,-0.0164495
44,73,0.993004,-0.0249767,-0.0164628
44,74,0.992482,-0.0261732,-0.0164424
44,75,0.991966,-0.0273122,-0.0163876
44,76,0.991455,-0.028391,-0.016298
44,77,0.990949,-0.0294074,-0.0161733
44,78,0.99045,-0.0303588,-0.0160135
44,79,0.989958,-0.0312431,-0.0158185
44,80,0.989473,-0.0320579,-0.0155885
44,81,0.988995,-0.0328012,-0.0153239
44,82,0.988524,-0.0334711,-0.0150252
44,83,0.988061,-0.0340657,-0.0146932
44,84,0.987606,-0.0345835,-0.0143287
44,85,0.987159,-0.0350231,-0.0139328
44,86,0.986719,-0.0353832,-0.0135067
44,87,0.986287,-0.0356631,-0.0130519
44,88,0.985862,-0.0358621,-0.0125698
44,89,0.985445,-0.0359798,-0.0120624
44,90,0.985035,-0.0360164,-0.0115314
44,91,0.984633,-0.0359722,-0.0109789
44,92,0.984238,-0.035848,-0.0104073
44,93,0.98385,-0.0356451,-0.00981883
44,94,0.98347,-0.035365,-0.00921604
44,95,0.983096,-0.0350097,-0.00860155
44,96,0.982731,-0.0345818,-0.00797812
44,97,0.982372,-0.034084,-0.0073486
44,98,0.982022,-0.0335195,-0.00671592
44,99,0.981679,-0.0328917,-0.0060831
44,100,0.981343,-0.0322043,-0.00545321
44,101,0.981016,-0.0314611,-0.00482939
44,102,0.980698,-0.0306659,-0.00421481
44,103,0.980387,-0.0298226,-0.00361266
44,104,0.980085,-0.0289349,-0.00302617
44,105,0.979792,-0.0280067,-0.00245858
44,106,0.979508,-0.0270419,-0.00191313
44,107,0.979232,-0.026045,-0.00139304
44,108,0.978965,-0.0250214,-0.000901517
44,109,0.978706,-0.0239779,-0.000441722
44,110,0.978456,-0.022924,-1.67563e-05
44,111,0.978214,-0.0218721,0.000370411
44,112,0.97798,-0.0208391,0.000716967
44,113,0.977753,-0.0198466,0.0010204
44,114,0.977534,-0.0189214,0.00127863
44,115,0.97732,-0.0180949,0.00149028
44,116,0.977112,-0.0174015,0.00165499
44,117,0.976909,-0.0168758,0.00177387
44,118,0.976711,-0.0165478,0.00184994
44,119,0.976516,-0.0164351,0.00188831
44,120,0.976325,-0.0165307,0.00189562
44,121,0.976136,-0.016778,0.00187776
44,122,0.975949,-0.0170252,0.00183459
44,123,0.975763,-0.0169388,0.0017499
44,124,0.97558,-0.015861,0.00157452
44,125,0.975399,-0.0126111,0.00121004
44,126,0.975223,-0.00531716,0.000510709
44,127,1,-0.00343474,0
45,0,1,0,0
45,1,1.03427,0.00503378,0.000237806
45,2,1.03414,0.0131172,0.000580427
45,3,1.03395,0.0188182,0.000766196
45,4,1.03372,0.0225283,0.000879151
45,5,1.03344,0.0247868,0.000972889
45,6,1.03312,0.0261311,0.00107405
45,7,1.03276,0.0270035,0.00119105
45,8,1.03236,0.0277145,0.00132102
45,9,1.03191,0.028447,0.00145619
45,10,1.03144,0.0292833,0.00158846
45,11,1.03092,0.0302376,0.0017111
45,12,1.03038,0.0312868,0.00181929
45,13,1.0298,0.0323918,0.00190966
45,14,1.02919,0.0335118,0.00198
45,15,1.02856,0.0346106,0.00202868
45,16,1.0279,0.0356602,0.00205464
45,17,1.02722,0.0366396,0.00205701
45,18,1.02652,0.0375346,0.0020353
45,19,1.0258,0.0383353,0.00198909
45,20,1.02507,0.039035,0.00191821
45,21,1.02432,0.039629,0.00182252
45,22,1.02357,0.0401136,0.00170208
45,23,1.0228,0.0404859,0.00155691
45,24,1.02203,0.0407431,0.00138724
45,25,1.02125,0.0408833,0.00119324
45,26,1.02047,0.0409048,0.000975304
45,27,1.01969,0.0408064,0.000733825
45,28,1.01891,0.0405878,0.0004694
45,29,1.01813,0.0402495,0.000182664
45,30,1.01736,0.0397927,-0.000125541
45,31,1.01659,0.0392196,-0.000454327
45,32,1.01583,0.0385332,-0.000802624
45,33,1.01509,0.0377371,-0.00116932
45,34,1.01435,0.0368359,-0.00155317
45,35,1.01362,0.0358345,-0.00195289
45,36,1.0129,0.0347386,-0.0023671
45,37,1.0122,0.0335541,-0.00279444
45,38,1.01151,0.0322871,-0.00323348
45,39,1.01083,0.0309442,-0.0036828
45,40,1.01017,0.0295318,-0.00414099
45,41,1.00953,0.0280563,-0.00460665
45,42,1.0089,0.0265241,-0.00507841
45,43,1.00828,0.0249414,-0.00555491
45,44,1.00768,0.0233144,-0.00603486
45,45,1.00709,0.0216486,-0.00651699
45,46,1.00651,0.0199495,-0.00700005
45,47,1.00595,0.0182224,-0.00748286
45,48,1.0054,0.0164721,-0.00796422
45,49,1.00485,0.0147031,-0.008443
45,50,1.00432,0.0129196,-0.00891805
45,51,1.00379,0.0111257,-0.00938824
45,52,1.00327,0.00932501,-0.00985245
45,53,1.00275,0.00752108,-0.0103095
45,54,1.00224,0.00571719,-0.0107583
45,55,1.00173,0.00391647,-0.0111976
45,56,1.00123,0.0021219,-0.0116261
45,57,1.00072,0.000336371,-0.0120427
45,58,1.00021,-0.00143733,-0.012446
45,59,0.999705,-0.00319647,-0.0128348
45,60,0.999197,-0.00493836,-0.0132075
45,61,0.998687,-0.00666032,-0.0135629
45,62,0.998175,-0.00835969,-0.0138995
45,63,0.997662,-0.0100338,-0.0142159
45,64,0.997147,-0.01168,-0.0145107
45,65,0.996632,-0.0132956,-0.0147823
45,66,0.996115,-0.0148778,-0.0150295
45,67,0.995599,-0.0164239,-0.0152508
45,68,0.995083,-0.0179312,-0.0154449
45,69,0.994568,-0.0193968,-0.0156106
45,70,0.994056,-0.0208179,-0.0157466
45,71,0.993546,-0.0221919,-0.0158519
45,72,0.993039,-0.0235157,-0.0159254
45,73,0.992538,-0.0247867,-0.0159662
45,74,0.992041,-0.0260021,-0.0159737
45,75,0.99155,-0.0271591,-0.0159471
45,76,0.991065,-0.028255,-0.0158859
45,77,0.990587,-0.0292872,-0.0157897
45,78,0.990117,-0.0302533,-0.0156584
45,79,0.989654,-0.0311507,-0.0154919
45,80,0.9892,-0.0319773,-0.0152903
45,81,0.988754,-0.0327309,-0.0150539
45,82,0.988318,-0.0334096,-0.0147831
45,83,0.98789,-0.0340117,-0.0144785
45,84,0.987471,-0.0345357,-0.0141409
45,85,0.987061,-0.0349803,-0.0137713
45,86,0.98666,-0.0353448,-0.0133709
45,87,0.986269,-0.0356284,-0.0129409
45,88,0.985887,-0.035831,-0.0124829
45,89,0.985514,-0.0359525,-0.0119985
45,90,0.98515,-0.0359936,-0.0114895
45,91,0.984796,-0.035955,-0.010958
45,92,0.984451,-0.0358382,-0.010406
45,93,0.984115,-0.0356447,-0.00983607
45,94,0.983789,-0.0353768,-0.00925046
45,95,0.983472,-0.0350369,-0.00865181
45,96,0.983165,-0.034628,-0.00804284
45,97,0.982868,-0.0341532,-0.00742634
45,98,0.98258,-0.033616,-0.00680524
45,99,0.982303,-0.0330201,-0.00618252
45,100,0.982035,-0.0323693,-0.00556126
45,101,0.981778,-0.0316674,-0.00494458
45,102,0.981531,-0.0309179,-0.00433566
45,103,0.981293,-0.0301246,-0.00373769
45,104,0.981066,-0.0292907,-0.00315393
45,105,0.980849,-0.0284196,-0.00258762
45,106,0.980641,-0.0275146,-0.00204202
45,107,0.980443,-0.0265793,-0.0015204
45,108,0.980255,-0.0256183,-0.001026
45,109,0.980074,-0.0246376,-0.000562032
45,110,0.979902,-0.0236455,-0.000131653
45,111,0.979737,-0.0226535,0.000262088
45,112,0.979579,-0.0216774,0.000616287
45,113,0.979427,-0.020738,0.000928322
45,114,0.97928,-0.0198612,0.00119598
45,115,0.979136,-0.0190781,0.00141773
45,116,0.978995,-0.0184231,0.00159305
45,117,0.978857,-0.0179312,0.0017229
45,118,0.978719,-0.0176337,0.00181011
45,119,0.97858,-0.0175495,0.00185955
45,120,0.97844,-0.0176717,0.00187747
45,121,0.978298,-0.0179411,0.00186923
45,122,0.978153,-0.0181959,0.00183351
45,123,0.978004,-0.0180806,0.00175213
45,124,0.97785,-0.0168991,0.00157597
45,125,0.977692,-0.0134207,0.00120848
45,126,0.977536,-0.00573844,0.000499858
45,127,1,-0.00343474,0
46,0,1,0,0
46,1,1.0335,0.00472807,0.000239304
46,2,1.03335,0.0130057,0.000558508
46,3,1.03316,0.0188033,0.000739083
46,4,1.03292,0.0225378,0.000853457
46,5,1.03264,0.0247768,0.000952577
46,6,1.03231,0.0260814,0.001064
46,7,1.03195,0.0269103,0.00119493
46,8,1.03154,0.0275824,0.00134157
46,9,1.0311,0.0282834,0.00149573
46,10,1.03061,0.0290954,0.00164906
46,11,1.03009,0.0300317,0.00179465
46,12,1.02954,0.0310682,0.00192761
46,13,1.02895,0.0321653,0.00204447
46,14,1.02834,0.0332817,0.00214289
46,15,1.0277,0.0343817,0.00222114
46,16,1.02703,0.035437,0.00227797
46,17,1.02635,0.036427,0.00231237
46,18,1.02564,0.0373371,0.00232363
46,19,1.02492,0.0381575,0.00231117
46,20,1.02418,0.0388815,0.00227461
46,21,1.02342,0.0395042,0.00221363
46,22,1.02266,0.0400216,0.00212808
46,23,1.02189,0.0404306,0.00201781
46,24,1.02112,0.0407284,0.00188281
46,25,1.02034,0.0409123,0.0017231
46,26,1.01956,0.0409805,0.00153886
46,27,1.01877,0.0409313,0.00133032
46,28,1.018,0.0407641,0.00109787
46,29,1.01722,0.0404786,0.000842016
46,30,1.01645,0.0400758,0.000563429
46,31,1.01569,0.0395571,0.00026287
46,32,1.01493,0.038925,-5.87099e-05
46,33,1.01418,0.0381828,-0.000400298
46,34,1.01345,0.0373343,-0.000760722
46,35,1.01273,0.0363841,-0.00113877
46,36,1.01201,0.0353371,-0.00153311
46,37,1.01132,0.0341989,-0.00194241
46,38,1.01063,0.0329751,-0.00236524
46,39,1.00996,0.0316718,-0.00280021
46,40,1.00931,0.030295,-0.00324588
46,41,1.00867,0.0288509,-0.00370084
46,42,1.00804,0.0273457,-0.00416369
46,43,1.00743,0.0257852,-0.00463306
46,44,1.00683,0.0241754,-0.0051076
46,45,1.00625,0.022522,-0.00558601
46,46,1.00568,0.0208305,-0.00606702
46,47,1.00512,0.0191061,-0.00654937
46,48,1.00458,0.0173538,-0.00703185
46,49,1.00404,0.0155784,-0.00751328
46,50,1.00351,0.0137843,-0.00799246
46,51,1.00299,0.0119759,-0.00846823
46,52,1.00248,0.0101571,-0.00893941
46,53,1.00197,0.00833187,-0.00940481
46,54,1.00147,0.00650369,-0.00986323
46,55,1.00097,0.00467605,-0.0103134
46,56,1.00047,0.00285224,-0.0107542
46,57,0.999978,0.00103543,-0.0111842
46,58,0.999483,-0.000771367,-0.011602
46,59,0.998988,-0.00256519,-0.0120064
46,60,0.998492,-0.00434319,-0.012396
46,61,0.997996,-0.00610255,-0.0127692
46,62,0.9975,-0.00784052,-0.0131246
46,63,0.997002,-0.00955438,-0.0134609
46,64,0.996504,-0.0112414,-0.0137764
46,65,0.996006,-0.012899,-0.0140697
46,66,0.995508,-0.0145244,-0.0143394
46,67,0.995012,-0.0161149,-0.014584
46,68,0.994517,-0.0176679,-0.0148023
46,69,0.994024,-0.0191807,-0.0149928
46,70,0.993534,-0.0206505,-0.0151543
46,71,0.993049,-0.0220748,-0.0152857
46,72,0.992568,-0.0234508,-0.0153858
46,73,0.992094,-0.0247758,-0.0154538
46,74,0.991625,-0.0260472,-0.0154889
46,75,0.991164,-0.0272622,-0.0154902
46,76,0.990711,-0.0284184,-0.0154572
46,77,0.990266,-0.029513,-0.0153895
46,78,0.98983,-0.0305437,-0.0152867
46,79,0.989404,-0.0315079,-0.0151488
46,80,0.988988,-0.0324033,-0.0149758
46,81,0.988582,-0.0332276,-0.0147677
46,82,0.988187,-0.0339788,-0.0145251
46,83,0.987802,-0.0346549,-0.0142484
46,84,0.987428,-0.035254,-0.0139382
46,85,0.987065,-0.0357747,-0.0135956
46,86,0.986713,-0.0362154,-0.0132214
46,87,0.986372,-0.0365752,-0.012817
46,88,0.986041,-0.0368532,-0.0123838
46,89,0.985722,-0.0370488,-0.0119232
46,90,0.985413,-0.037162,-0.0114372
46,91,0.985114,-0.0371929,-0.0109275
46,92,0.984827,-0.0371421,-0.0103964
46,93,0.98455,-0.0370107,-0.00984596
46,94,0.984284,-0.0367999,-0.00927867
46,95,0.984028,-0.0365118,-0.00869704
46,96,0.983783,-0.0361486,-0.00810373
46,97,0.983548,-0.0357128,-0.00750152
46,98,0.983324,-0.0352076,-0.00689328
46,99,0.983111,-0.0346362,-0.00628199
46,100,0.982908,-0.0340021,-0.00567071
46,101,0.982717,-0.0333089,-0.00506253
46,102,0.982536,-0.0325603,-0.00446063
46,103,0.982365,-0.03176,-0.00386822
46,104,0.982205,-0.0309116,-0.00328854
46,105,0.982055,-0.0300187,-0.00272484
46,106,0.981916,-0.029085,-0.0021804
46,107,0.981786,-0.0281148,-0.0016585
46,108,0.981665,-0.0271133,-0.00116241
46,109,0.981553,-0.026087,-0.000695362
46,110,0.981448,-0.0250452,-0.00026057
46,111,0.981351,-0.024,0.000138861
46,112,0.981259,-0.0229683,0.000499959
46,113,0.981172,-0.0219718,0.000820007
46,114,0.981089,-0.0210376,0.00109668
46,115,0.981009,-0.0201982,0.00132833
46,116,0.980929,-0.0194895,0.00151429
46,117,0.980848,-0.0189487,0.00165536
46,118,0.980765,-0.018609,0.00175415
46,119,0.980679,-0.0184913,0.00181531
46,120,0.980587,-0.0185889,0.00184467
46,121,0.980489,-0.0188387,0.0018468
46,122,0.980383,-0.0190676,0.00181933
46,123,0.980268,-0.0188963,0.00174301
46,124,0.980145,-0.0175896,0.00156611
46,125,0.980015,-0.0138691,0.001193
46,126,0.979878,-0.00580614,0.000496101
46,127,1,-0.00343474,0
47,0,1,0,0
47,1,1.0327,0.00528263,0.000219528
47,2,1.03257,0.0137581,0.000536032
47,3,1.03239,0.0196669,0.000709436
47,4,1.03216,0.0234486,0.000822586
47,5,1.03188,0.0256974,0.000927464
47,6,1.03156,0.0269974,0.00104862
47,7,1.0312,0.0278218,0.0011925
47,8,1.03079,0.0284968,0.00135475
47,9,1.03035,0.0292093,0.0015267
47,10,1.02986,0.0300398,0.00169978
47,11,1.02935,0.0309991,0.00186703
47,12,1.02879,0.0320605,0.00202349
47,13,1.02821,0.0331826,0.00216563
47,14,1.02759,0.0343227,0.00229101
47,15,1.02695,0.0354441,0.00239775
47,16,1.02628,0.0365178,0.00248447
47,17,1.02559,0.0375226,0.00254997
47,18,1.02488,0.0384439,0.00259336
47,19,1.02415,0.0392717,0.00261387
47,20,1.02341,0.0399992,0.00261094
47,21,1.02265,0.0406214,0.00258404
47,22,1.02188,0.0411347,0.00253284
47,23,1.0211,0.041536,0.00245699
47,24,1.02032,0.0418227,0.00235629
47,25,1.01953,0.0419926,0.00223058
47,26,1.01874,0.042044,0.00207984
47,27,1.01795,0.0419755,0.00190412
47,28,1.01716,0.0417866,0.00170364
47,29,1.01638,0.0414777,0.00147874
47,30,1.0156,0.0410496,0.00122994
47,31,1.01482,0.0405044,0.000957871
47,32,1.01406,0.0398448,0.000663353
47,33,1.01331,0.0390742,0.000347301
47,34,1.01257,0.038197,1.07988e-05
47,35,1.01184,0.0372179,-0.000345006
47,36,1.01112,0.0361424,-0.000718837
47,37,1.01042,0.0349762,-0.00110939
47,38,1.00973,0.0337255,-0.00151526
47,39,1.00906,0.0323963,-0.00193506
47,40,1.00841,0.0309952,-0.00236735
47,41,1.00777,0.0295284,-0.00281071
47,42,1.00715,0.0280022,-0.00326371
47,43,1.00654,0.0264228,-0.00372496
47,44,1.00595,0.0247961,-0.00419308
47,45,1.00537,0.0231278,-0.00466673
47,46,1.00481,0.0214233,-0.00514459
47,47,1.00425,0.0196876,-0.00562539
47,48,1.00372,0.0179257,-0.00610787
47,49,1.00319,0.016142,-0.00659079
47,50,1.00267,0.0143408,-0.00707294
47,51,1.00216,0.0125261,-0.00755311
47,52,1.00166,0.0107016,-0.00803008
47,53,1.00117,0.00887089,-0.00850263
47,54,1.00068,0.0070372,-0.00896952
47,55,1.00019,0.00520376,-0.00942948
47,56,0.999705,0.00337361,-0.00988122
47,57,0.999223,0.00154967,-0.0103234
47,58,0.998742,-0.000265185,-0.0107547
47,59,0.998262,-0.00206816,-0.0111736
47,60,0.997782,-0.0038565,-0.0115788
47,61,0.997302,-0.00562746,-0.0119688
47,62,0.996822,-0.00737831,-0.012342
47,63,0.996342,-0.00910632,-0.012697
47,64,0.995863,-0.0108087,-0.0130323
47,65,0.995384,-0.0124828,-0.0133464
47,66,0.994906,-0.0141257,-0.0136377
47,67,0.99443,-0.0157347,-0.0139049
47,68,0.993956,-0.0173069,-0.0141464
47,69,0.993486,-0.0188395,-0.014361
47,70,0.99302,-0.0203295,-0.0145473
47,71,0.992559,-0.0217742,-0.0147042
47,72,0.992103,-0.0231706,-0.0148305
47,73,0.991655,-0.0245157,-0.0149253
47,74,0.991213,-0.0258069,-0.0149875
47,75,0.99078,-0.0270411,-0.0150165
47,76,0.990356,-0.0282155,-0.0150115
47,77,0.989941,-0.0293276,-0.0149721
47,78,0.989536,-0.0303744,-0.0148979
47,79,0.989142,-0.0313535,-0.0147887
47,80,0.988759,-0.0322625,-0.0146443
47,81,0.988387,-0.0330989,-0.014465
47,82,0.988027,-0.0338608,-0.0142509
47,83,0.987679,-0.034546,-0.0140025
47,84,0.987342,-0.035153,-0.0137203
47,85,0.987018,-0.0356802,-0.0134052
47,86,0.986706,-0.0361266,-0.0130581
47,87,0.986406,-0.0364911,-0.0126802
47,88,0.986118,-0.0367734,-0.0122726
47,89,0.985843,-0.0369732,-0.011837
47,90,0.98558,-0.0370908,-0.011375
47,91,0.98533,-0.0371268,-0.0108884
47,92,0.985092,-0.0370824,-0.0103793
47,93,0.984867,-0.0369589,-0.00984975
47,94,0.984654,-0.0367585,-0.00930214
47,95,0.984454,-0.0364833,-0.00873893
47,96,0.984266,-0.0361361,-0.00816274
47,97,0.984092,-0.0357201,-0.00757629
47,98,0.98393,-0.0352386,-0.00698243
47,99,0.983781,-0.0346952,-0.00638408
47,100,0.983645,-0.0340935,-0.00578428
47,101,0.983521,-0.0334373,-0.00518611
47,102,0.98341,-0.0327303,-0.00459272
47,103,0.983311,-0.0319758,-0.00400731
47,104,0.983224,-0.0311772,-0.0034331
47,105,0.983149,-0.0303377,-0.00287335
47,106,0.983085,-0.0294605,-0.00233133
47,107,0.983031,-0.0285491,-0.00181032
47,108,0.982987,-0.0276078,-0.0013136
47,109,0.982951,-0.0266425,-0.000844427
47,110,0.982923,-0.0256611,-0.000406037
47,111,0.982901,-0.0246752,-1.57898e-06
47,112,0.982884,-0.0237002,0.000365916
47,113,0.982871,-0.0227569,0.000693652
47,114,0.982859,-0.0218718,0.000979208
47,115,0.982847,-0.0210766,0.00122081
47,116,0.982834,-0.0204074,0.00141765
47,117,0.982816,-0.0199016,0.00157035
47,118,0.982793,-0.0195935,0.00168133
47,119,0.982762,-0.0195048,0.00175493
47,120,0.982722,-0.0196286,0.00179653
47,121,0.98267,-0.0198986,0.00181001
47,122,0.982607,-0.0201305,0.00179176
47,123,0.982529,-0.0199229,0.00172065
47,124,0.982437,-0.0185052,0.00154573
47,125,0.982331,-0.0145593,0.0011746
47,126,0.982217,-0.00614313,0.000477818
47,127,1,-0.00343474,0
48,0,1,0,0
48,1,1.03186,0.0049924,0.000220591
48,2,1.03172,0.0136478,0.000511821
48,3,1.03153,0.0196393,0.000678108
48,4,1.03129,0.0234326,0.000790901
48,5,1.03101,0.0256507,0.000899528
48,6,1.03069,0.0269018,0.00102928
48,7,1.03032,0.0276752,0.00118526
48,8,1.02991,0.0283046,0.0013621
48,9,1.02946,0.0289793,0.00155076
48,10,1.02897,0.0297795,0.00174247
48,11,1.02845,0.0307146,0.00193019
48,12,1.02789,0.0317572,0.00210892
48,13,1.0273,0.0328653,0.00227505
48,14,1.02667,0.0339963,0.00242607
48,15,1.02602,0.0351135,0.00255998
48,16,1.02535,0.036188,0.00267524
48,17,1.02465,0.037199,0.0027705
48,18,1.02393,0.0381318,0.0028447
48,19,1.0232,0.0389762,0.00289689
48,20,1.02245,0.0397254,0.00292633
48,21,1.02169,0.0403743,0.00293233
48,22,1.02092,0.0409192,0.00291436
48,23,1.02014,0.0413568,0.0028719
48,24,1.01935,0.041684,0.00280458
48,25,1.01856,0.0418984,0.00271206
48,26,1.01777,0.0419977,0.00259414
48,27,1.01698,0.0419803,0.00245069
48,28,1.01619,0.0418452,0.0022818
48,29,1.01541,0.041592,0.00208762
48,30,1.01464,0.0412212,0.00186854
48,31,1.01387,0.0407341,0.00162505
48,32,1.01311,0.0401329,0.00135785
48,33,1.01236,0.0394205,0.00106774
48,34,1.01163,0.0386006,0.000755728
48,35,1.0109,0.0376774,0.000422873
48,36,1.01019,0.0366558,7.03907e-05
48,37,1.0095,0.0355409,-0.000300456
48,38,1.00882,0.0343383,-0.000688311
48,39,1.00815,0.0330539,-0.0010918
48,40,1.00751,0.0316936,-0.00150949
48,41,1.00687,0.0302634,-0.00193997
48,42,1.00626,0.0287693,-0.0023818
48,43,1.00566,0.0272173,-0.00283358
48,44,1.00507,0.025613,-0.00329391
48,45,1.0045,0.0239622,-0.00376143
48,46,1.00395,0.0222703,-0.00423478
48,47,1.0034,0.0205425,-0.00471267
48,48,1.00287,0.0187838,-0.00519379
48,49,1.00236,0.0169989,-0.00567689
48,50,1.00185,0.0151922,-0.00616071
48,51,1.00135,0.0133682,-0.00664399
48,52,1.00085,0.0115307,-0.00712549
48,53,1.00037,0.00968375,-0.00760394
48,54,0.99989,0.00783087,-0.00807807
48,55,0.999414,0.0059756,-0.00854658
48,56,0.998943,0.00412127,-0.00900813
48,57,0.998474,0.00227108,-0.00946136
48,58,0.998007,0.000428121,-0.00990487
48,59,0.997541,-0.0014046,-0.0103372
48,60,0.997077,-0.00322416,-0.010757
48,61,0.996614,-0.00502769,-0.0111626
48,62,0.996151,-0.00681239,-0.0115525
48,63,0.99569,-0.00857547,-0.0119253
48,64,0.99523,-0.0103142,-0.0122794
48,65,0.994771,-0.0120258,-0.0126132
48,66,0.994315,-0.0137075,-0.0129252
48,67,0.993861,-0.0153566,-0.013214
48,68,0.993411,-0.0169705,-0.013478
48,69,0.992965,-0.0185462,-0.013716
48,70,0.992525,-0.0200811,-0.0139264
48,71,0.992091,-0.0215725,-0.0141082
48,72,0.991664,-0.0230175,-0.0142601
48,73,0.991244,-0.0244135,-0.0143811
48,74,0.990834,-0.0257576,-0.0144701
48,75,0.990433,-0.0270471,-0.0145264
48,76,0.990042,-0.0282793,-0.0145492
48,77,0.989662,-0.0294515,-0.014538
48,78,0.989294,-0.0305611,-0.0144923
48,79,0.988938,-0.0316054,-0.0144118
48,80,0.988594,-0.032582,-0.0142963
48,81,0.988263,-0.0334885,-0.0141458
48,82,0.987946,-0.0343225,-0.0139606
48,83,0.987641,-0.0350819,-0.0137408
48,84,0.987351,-0.0357647,-0.0134871
48,85,0.987074,-0.0363691,-0.0132002
48,86,0.986811,-0.0368935,-0.0128807
48,87,0.986562,-0.0373365,-0.0125299
48,88,0.986327,-0.0376971,-0.0121488
48,89,0.986106,-0.0379745,-0.0117389
48,90,0.985898,-0.0381683,-0.0113018
48,91,0.985704,-0.0382784,-0.0108392
48,92,0.985524,-0.0383053,-0.0103531
48,93,0.985358,-0.0382497,-0.00984543
48,94,0.985205,-0.0381128,-0.00931858
48,95,0.985066,-0.0378961,-0.00877493
48,96,0.98494,-0.0376018,-0.00821702
48,97,0.984828,-0.0372324,-0.00764754
48,98,0.98473,-0.0367905,-0.00706928
48,99,0.984645,-0.0362794,-0.00648513
48,100,0.984573,-0.0357023,-0.00589809
48,101,0.984514,-0.0350626,-0.00531123
48,102,0.984468,-0.0343639,-0.00472765
48,103,0.984435,-0.0336097,-0.00415053
48,104,0.984413,-0.0328033,-0.00358309
48,105,0.984404,-0.0319481,-0.00302856
48,106,0.984405,-0.0310478,-0.0024902
48,107,0.984417,-0.0301062,-0.00197127
48,108,0.984438,-0.0291283,-0.00147506
48,109,0.984468,-0.0281205,-0.00100484
48,110,0.984504,-0.0270915,-0.00056383
48,111,0.984547,-0.0260535,-0.000155223
48,112,0.984593,-0.0250231,0.00021791
48,113,0.984642,-0.0240221,0.000552714
48,114,0.984691,-0.023078,0.000846688
48,115,0.984739,-0.0222242,0.00109795
48,116,0.984782,-0.0214984,0.00130557
48,117,0.98482,-0.0209402,0.00147001
48,118,0.984849,-0.0205859,0.00159348
48,119,0.984868,-0.0204592,0.00167999
48,120,0.984874,-0.020553,0.00173444
48,121,0.984865,-0.0207967,0.00175981
48,122,0.98484,-0.0209939,0.00175141
48,123,0.984796,-0.0207196,0.00168718
48,124,0.984735,-0.0191673,0.00151421
48,125,0.984657,-0.0149824,0.00114279
48,126,0.984561,-0.00622372,0.000467929
48,127,1,-0.00343474,0
49,0,1,0,0
49,1,1.031,0.00551658,0.000200077
49,2,1.03088,0.0143572,0.000486879
49,3,1.0307,0.0204479,0.000643878
49,4,1.03047,0.0242773,0.000753571
49,5,1.03019,0.0264963,0.000866239
49,6,1.02987,0.0277364,0.00100394
49,7,1.0295,0.0285011,0.00117084
49,8,1.0291,0.0291307,0.00136101
49,9,1.02865,0.0298151,0.00156495
49,10,1.02816,0.0306324,0.00177377
49,11,1.02764,0.0315894,0.00198043
49,12,1.02708,0.0326562,0.0021799
49,13,1.02649,0.0337888,0.00236858
49,14,1.02586,0.0349432,0.00254385
49,15,1.02521,0.0360818,0.00270361
49,16,1.02454,0.037175,0.00284617
49,17,1.02384,0.0382015,0.00297003
49,18,1.02312,0.0391462,0.00307395
49,19,1.02238,0.039999,0.00315682
49,20,1.02162,0.0407528,0.00321771
49,21,1.02086,0.0414028,0.00325578
49,22,1.02008,0.0419452,0.00327031
49,23,1.01929,0.042377,0.00326061
49,24,1.0185,0.0426954,0.00322614
49,25,1.01771,0.0428981,0.00316637
49,26,1.01691,0.0429833,0.00308095
49,27,1.01611,0.0429496,0.00296959
49,28,1.01532,0.0427962,0.00283218
49,29,1.01453,0.042523,0.00266875
49,30,1.01374,0.042131,0.00247952
49,31,1.01297,0.0416215,0.00226484
49,32,1.0122,0.0409972,0.0020253
49,33,1.01145,0.0402612,0.0017616
49,34,1.01071,0.0394175,0.00147461
49,35,1.00998,0.0384706,0.00116533
49,36,1.00927,0.0374256,0.000834906
49,37,1.00857,0.0362881,0.000484545
49,38,1.00789,0.0350638,0.000115563
49,39,1.00723,0.0337589,-0.000270693
49,40,1.00658,0.0323796,-0.000672814
49,41,1.00595,0.0309319,-0.00108939
49,42,1.00534,0.029422,-0.00151898
49,43,1.00474,0.0278559,-0.00196017
49,44,1.00416,0.0262395,-0.00241155
49,45,1.0036,0.0245784,-0.00287174
49,46,1.00305,0.0228778,-0.00333936
49,47,1.00252,0.0211429,-0.00381308
49,48,1.002,0.0193784,-0.00429157
49,49,1.00149,0.017589,-0.00477354
49,50,1.00099,0.0157787,-0.0052577
49,51,1.00051,0.0139517,-0.00574276
49,52,1.00003,0.0121116,-0.00622745
49,53,0.999555,0.0102621,-0.00671046
49,54,0.999089,0.0084065,-0.00719049
49,55,0.998629,0.00654805,-0.00766621
49,56,0.998173,0.00468984,-0.00813624
49,57,0.99772,0.00283488,-0.0085992
49,58,0.99727,0.000986074,-0.00905366
49,59,0.996822,-0.000853715,-0.00949815
49,60,0.996376,-0.00268167,-0.00993117
49,61,0.995931,-0.00449499,-0.0103512
49,62,0.995488,-0.00629089,-0.0107567
49,63,0.995047,-0.00806659,-0.0111461
49,64,0.994608,-0.00981929,-0.0115179
49,65,0.994171,-0.0115462,-0.0118704
49,66,0.993738,-0.0132444,-0.0122021
49,67,0.993308,-0.0149112,-0.0125116
49,68,0.992882,-0.0165436,-0.0127972
49,69,0.992462,-0.0181387,-0.0130576
49,70,0.992047,-0.0196937,-0.0132915
49,71,0.99164,-0.0212055,-0.0134974
49,72,0.991241,-0.0226712,-0.0136743
49,73,0.99085,-0.0240878,-0.0138209
49,74,0.990469,-0.0254524,-0.0139364
49,75,0.990098,-0.0267621,-0.0140196
49,76,0.989739,-0.0280138,-0.01407
49,77,0.989391,-0.0292047,-0.0140868
49,78,0.989056,-0.030332,-0.0140694
49,79,0.988733,-0.031393,-0.0140176
49,80,0.988424,-0.0323849,-0.013931
49,81,0.988129,-0.0333054,-0.0138097
49,82,0.987848,-0.0341519,-0.0136535
49,83,0.987581,-0.0349224,-0.0134629
49,84,0.987329,-0.0356149,-0.0132381
49,85,0.987091,-0.0362275,-0.0129798
49,86,0.986869,-0.036759,-0.0126887
49,87,0.986661,-0.0372081,-0.0123658
49,88,0.986469,-0.037574,-0.0120121
49,89,0.986292,-0.0378562,-0.0116289
49,90,0.98613,-0.0380548,-0.0112177
49,91,0.985984,-0.03817,-0.0107802
49,92,0.985852,-0.0382026,-0.0103182
49,93,0.985737,-0.0381539,-0.00983372
49,94,0.985636,-0.0380256,-0.00932894
49,95,0.985551,-0.0378198,-0.0088062
49,96,0.985482,-0.037539,-0.00826797
49,97,0.985428,-0.0371861,-0.00771688
49,98,0.98539,-0.0367644,-0.00715566
49,99,0.985366,-0.0362773,-0.00658718
49,100,0.985358,-0.0357283,-0.00601437
49,101,0.985365,-0.0351211,-0.00544025
49,102,0.985386,-0.0344592,-0.00486792
49,103,0.985421,-0.033746,-0.0043005
49,104,0.98547,-0.0329846,-0.00374117
49,105,0.985532,-0.0321783,-0.00319315
49,106,0.985606,-0.03133,-0.00265967
49,107,0.98569,-0.0304431,-0.00214398
49,108,0.985784,-0.0295218,-0.00164933
49,109,0.985887,-0.0285715,-0.00117897
49,110,0.985997,-0.0276003,-0.000736154
49,111,0.986111,-0.0266191,-0.000324067
49,112,0.986228,-0.0256436,5.41881e-05
49,113,0.986346,-0.0246946,0.000395704
49,114,0.986463,-0.0237986,0.000697908
49,115,0.986576,-0.0229884,0.00095882
49,116,0.986682,-0.0223016,0.00117738
49,117,0.98678,-0.0217781,0.00135388
49,118,0.986865,-0.0214549,0.00149029
49,119,0.986937,-0.0213563,0.00159028
49,120,0.986991,-0.0214747,0.00165819
49,121,0.987027,-0.0217348,0.00169623
49,122,0.987042,-0.0219292,0.00169843
49,123,0.987034,-0.0216109,0.00164106
49,124,0.987003,-0.0199424,0.0014728
49,125,0.986949,-0.0155408,0.00110849
49,126,0.986878,-0.00647313,0.000442772
49,127,1,-0.00343474,0
50,0,1,0,0
50,1,1.0301,0.00524395,0.00020042
50,2,1.02996,0.0142513,0.000459753
50,3,1.02977,0.0204109,0.00060752
50,4,1.02954,0.0242386,0.000714948
50,5,1.02926,0.0264157,0.00082958
50,6,1.02893,0.0275981,0.000974004
50,7,1.02856,0.0283047,0.00115088
50,8,1.02815,0.0288825,0.00135321
50,9,1.0277,0.0295233,0.0015712
50,10,1.0272,0.0303041,0.00179584
50,11,1.02667,0.0312308,0.00202007
50,12,1.02611,0.0322725,0.00223888
50,13,1.02551,0.0333849,0.00244864
50,14,1.02488,0.0345242,0.00264667
50,15,1.02422,0.0356528,0.00283075
50,16,1.02354,0.0367417,0.00299908
50,17,1.02284,0.0377695,0.00315
50,18,1.02211,0.0387214,0.00328213
50,19,1.02137,0.039587,0.00339421
50,20,1.02061,0.0403596,0.00348514
50,21,1.01984,0.0410339,0.00355391
50,22,1.01906,0.041606,0.00359966
50,23,1.01827,0.0420728,0.00362154
50,24,1.01748,0.0424311,0.00361884
50,25,1.01668,0.0426784,0.00359089
50,26,1.01589,0.0428123,0.00353717
50,27,1.01509,0.0428309,0.00345723
50,28,1.0143,0.042733,0.00335083
50,29,1.01352,0.042518,0.00321782
50,30,1.01274,0.0421859,0.0030583
50,31,1.01197,0.0417379,0.00287248
50,32,1.01121,0.0411756,0.00266082
50,33,1.01046,0.0405017,0.00242389
50,34,1.00973,0.0397195,0.00216248
50,35,1.00901,0.0388329,0.00187749
50,36,1.00831,0.0378464,0.00156998
50,37,1.00762,0.036765,0.00124109
50,38,1.00695,0.035594,0.000892078
50,39,1.00629,0.0343388,0.000524256
50,40,1.00565,0.0330054,0.000138995
50,41,1.00503,0.0315995,-0.000262315
50,42,1.00443,0.0301269,-0.000678252
50,43,1.00384,0.0285935,-0.00110741
50,44,1.00327,0.0270049,-0.00154836
50,45,1.00272,0.0253666,-0.00199972
50,46,1.00218,0.0236841,-0.00246011
50,47,1.00166,0.0219624,-0.00292816
50,48,1.00115,0.0202066,-0.00340254
50,49,1.00065,0.0184213,-0.0038819
50,50,1.00016,0.016611,-0.00436495
50,51,0.999686,0.01478,-0.00485036
50,52,0.999218,0.0129324,-0.00533681
50,53,0.998759,0.0110721,-0.00582299
50,54,0.998306,0.00920264,-0.00630754
50,55,0.997859,0.0073277,-0.0067891
50,56,0.997418,0.00545061,-0.00726629
50,57,0.99698,0.00357464,-0.00773766
50,58,0.996546,0.00170292,-0.00820177
50,59,0.996116,-0.000161494,-0.00865713
50,60,0.995688,-0.00201562,-0.00910221
50,61,0.995263,-0.00385656,-0.00953546
50,62,0.99484,-0.00568145,-0.00995532
50,63,0.99442,-0.00748745,-0.0103602
50,64,0.994003,-0.00927178,-0.0107485
50,65,0.99359,-0.0110316,-0.0111187
50,66,0.99318,-0.0127643,-0.0114691
50,67,0.992776,-0.0144669,-0.0117982
50,68,0.992376,-0.0161368,-0.0121046
50,69,0.991983,-0.017771,-0.0123867
50,70,0.991597,-0.019367,-0.0126431
50,71,0.991219,-0.0209218,-0.0128726
50,72,0.99085,-0.0224326,-0.0130738
50,73,0.990491,-0.0238966,-0.0132456
50,74,0.990143,-0.0253111,-0.0133869
50,75,0.989806,-0.0266731,-0.0134967
50,76,0.989481,-0.0279798,-0.0135743
50,77,0.98917,-0.0292285,-0.0136189
50,78,0.988872,-0.0304164,-0.0136298
50,79,0.988589,-0.0315408,-0.0136066
50,80,0.98832,-0.0325989,-0.0135491
50,81,0.988067,-0.0335883,-0.0134569
50,82,0.987829,-0.0345063,-0.0133302
50,83,0.987607,-0.0353507,-0.0131689
50,84,0.987401,-0.0361191,-0.0129735
50,85,0.987212,-0.0368096,-0.0127443
50,86,0.987039,-0.0374202,-0.0124821
50,87,0.986883,-0.0379494,-0.0121876
50,88,0.986743,-0.0383958,-0.0118619
50,89,0.986619,-0.0387584,-0.0115062
50,90,0.986513,-0.0390365,-0.0111217
50,91,0.986422,-0.0392296,-0.0107102
50,92,0.986349,-0.039338,-0.0102732
50,93,0.986292,-0.0393621,-0.00981287
50,94,0.986251,-0.0393028,-0.00933115
50,95,0.986226,-0.0391614,-0.00883034
50,96,0.986218,-0.0389398,-0.00831286
50,97,0.986226,-0.0386401,-0.00778126
50,98,0.986249,-0.038265,-0.00723823
50,99,0.986288,-0.0378173,-0.00668655
50,100,0.986343,-0.0373001,-0.00612914
50,101,0.986413,-0.0367165,-0.00556895
50,102,0.986497,-0.0360701,-0.00500904
50,103,0.986595,-0.0353638,-0.0044525
50,104,0.986707,-0.0346011,-0.00390247
50,105,0.986831,-0.033785,-0.00336212
50,106,0.986967,-0.0329189,-0.00283465
50,107,0.987113,-0.0320064,-0.00232327
50,108,0.987269,-0.0310523,-0.00183122
50,109,0.987432,-0.0300625,-0.00136172
50,110,0.987601,-0.0290457,-0.000918013
50,111,0.987775,-0.0280138,-0.00050328
50,112,0.98795,-0.0269831,-0.000120642
50,113,0.988125,-0.0259755,0.000226959
50,114,0.988297,-0.025019,0.000536892
50,115,0.988464,-0.0241478,0.000807092
50,116,0.988622,-0.0234012,0.00103638
50,117,0.988769,-0.0228215,0.00122489
50,118,0.988903,-0.0224478,0.00137434
50,119,0.989019,-0.022306,0.00148805
50,120,0.989115,-0.0223882,0.00156979
50,121,0.98919,-0.0226143,0.00162078
50,122,0.98924,-0.0227643,0.00163396
50,123,0.989264,-0.0223685,0.00158498
50,124,0.989262,-0.0205581,0.00142125
50,125,0.989234,-0.0159263,0.00106196
50,126,0.98918,-0.0065623,0.000427767
50,127,1,-0.00343474,0
51,0,1,0,0
51,1,1.02918,0.00573798,0.000178939
51,2,1.02905,0.0149189,0.0004317
51,3,1.02888,0.0211651,0.000567886
51,4,1.02865,0.0250172,0.00067026
51,5,1.02837,0.0271861,0.000787114
51,6,1.02805,0.0283513,0.000937521
51,7,1.02768,0.0290455,0.00112306
51,8,1.02727,0.0296211,0.00133616
51,9,1.02682,0.0302699,0.00156662
51,10,1.02633,0.0310667,0.00180538
51,11,1.0258,0.0320144,0.00204546
51,12,1.02524,0.0330795,0.00228192
51,13,1.02464,0.0342159,0.00251113
51,14,1.02401,0.0353784,0.00273034
51,15,1.02335,0.0365285,0.00293726
51,16,1.02267,0.0376364,0.00312993
51,17,1.02197,0.0386803,0.00330658
51,18,1.02124,0.039645,0.00346567
51,19,1.02049,0.0405201,0.00360578
51,20,1.01973,0.0412985,0.00372568
51,21,1.01896,0.0419752,0.00382419
51,22,1.01818,0.0425465,0.00390029
51,23,1.01738,0.0430092,0.00395298
51,24,1.01659,0.0433606,0.00398141
51,25,1.01578,0.0435985,0.00398475
51,26,1.01498,0.0437206,0.00396232
51,27,1.01418,0.0437256,0.00391353
51,28,1.01339,0.0436123,0.00383798
51,29,1.0126,0.0433805,0.00373537
51,30,1.01181,0.0430306,0.00360565
51,31,1.01104,0.0425639,0.00344891
51,32,1.01027,0.0419825,0.00326545
51,33,1.00952,0.0412892,0.00305575
51,34,1.00879,0.0404875,0.00282047
51,35,1.00807,0.0395818,0.00256041
51,36,1.00736,0.0385767,0.00227656
51,37,1.00667,0.0374774,0.00196996
51,38,1.006,0.0362895,0.00164184
51,39,1.00535,0.0350188,0.00129342
51,40,1.00471,0.0336711,0.000926066
51,41,1.0041,0.0322525,0.000541122
51,42,1.0035,0.0307688,0.000139996
51,43,1.00292,0.029226,-0.000275913
51,44,1.00236,0.0276297,-0.00070519
51,45,1.00181,0.0259853,-0.00114644
51,46,1.00128,0.0242982,-0.00159826
51,47,1.00077,0.0225734,-0.00205928
51,48,1.00027,0.0208157,-0.00252815
51,49,0.999786,0.0190294,-0.0030035
51,50,0.999313,0.017219,-0.003484
51,51,0.99885,0.0153883,-0.00396831
51,52,0.998397,0.0135413,-0.00445508
51,53,0.997954,0.0116814,-0.00494295
51,54,0.997517,0.00981215,-0.00543057
51,55,0.997088,0.00793678,-0.00591653
51,56,0.996664,0.00605846,-0.00639942
51,57,0.996245,0.00418022,-0.00687778
51,58,0.995831,0.00230506,-0.00735014
51,59,0.99542,0.000435859,-0.00781499
51,60,0.995013,-0.0014245,-0.00827077
51,61,0.994609,-0.00327318,-0.00871593
51,62,0.994209,-0.00510736,-0.00914887
51,63,0.993812,-0.00692422,-0.00956799
51,64,0.993419,-0.00872094,-0.00997168
51,65,0.993031,-0.0104947,-0.0103583
51,66,0.992647,-0.0122426,-0.0107264
51,67,0.992268,-0.0139618,-0.0110742
51,68,0.991896,-0.0156493,-0.0114003
51,69,0.991531,-0.0173024,-0.0117031
51,70,0.991174,-0.0189179,-0.0119814
51,71,0.990825,-0.020493,-0.0122335
51,72,0.990487,-0.0220245,-0.0124584
51,73,0.990158,-0.0235096,-0.0126547
51,74,0.989842,-0.0249451,-0.0128214
51,75,0.989537,-0.026328,-0.0129574
51,76,0.989246,-0.0276552,-0.0130618
51,77,0.988968,-0.0289239,-0.0131339
51,78,0.988705,-0.0301309,-0.0131729
51,79,0.988456,-0.0312734,-0.0131783
51,80,0.988223,-0.0323486,-0.0131497
51,81,0.988007,-0.0333537,-0.0130869
51,82,0.987806,-0.0342861,-0.0129896
51,83,0.987622,-0.0351433,-0.0128581
51,84,0.987455,-0.0359233,-0.0126923
51,85,0.987305,-0.0366238,-0.0124928
51,86,0.987173,-0.0372431,-0.01226
51,87,0.987058,-0.0377799,-0.0119947
51,88,0.986961,-0.0382328,-0.0116978
51,89,0.986881,-0.0386011,-0.0113703
51,90,0.986819,-0.0388845,-0.0110135
51,91,0.986775,-0.0390828,-0.0106289
51,92,0.986749,-0.0391967,-0.0102181
51,93,0.98674,-0.0392269,-0.00978303
51,94,0.98675,-0.0391749,-0.00932557
51,95,0.986777,-0.0390425,-0.00884795
51,96,0.986823,-0.038832,-0.00835252
51,97,0.986886,-0.0385461,-0.00784173
51,98,0.986967,-0.0381876,-0.00731823
51,99,0.987065,-0.03776,-0.00678473
51,100,0.987179,-0.0372665,-0.00624407
51,101,0.987311,-0.0367107,-0.00569917
51,102,0.987459,-0.0360959,-0.00515302
51,103,0.987622,-0.0354256,-0.00460867
51,104,0.987799,-0.0347026,-0.0040692
51,105,0.98799,-0.03393,-0.00353773
51,106,0.988193,-0.0331107,-0.00301742
51,107,0.988407,-0.0322479,-0.00251143
51,108,0.988631,-0.0313455,-0.00202296
51,109,0.988862,-0.030409,-0.0015552
51,110,0.989098,-0.0294459,-0.00111136
51,111,0.989338,-0.0284673,-0.00069463
51,112,0.989578,-0.0274884,-0.000308123
51,113,0.989817,-0.0265301,4.51879e-05
51,114,0.990051,-0.0256195,0.000362621
51,115,0.990277,-0.02479,0.000642027
51,116,0.990492,-0.0240809,0.000882109
51,117,0.990694,-0.0235344,0.00108281
51,118,0.990878,-0.0231903,0.00124562
51,119,0.991042,-0.0230747,0.00137342
51,120,0.991183,-0.0231783,0.00146936
51,121,0.991297,-0.0234162,0.00153384
51,122,0.991384,-0.0235566,0.0015585
51,123,0.991441,-0.0231094,0.00151765
51,124,0.991468,-0.0211799,0.00136118
51,125,0.991464,-0.0163457,0.00101389
51,126,0.991434,-0.00672345,0.000396797
51,127,1,-0.00343474,0
52,0,1,0,0
52,1,1.02821,0.00548498,0.000178205
52,2,1.02807,0.0148204,0.000400941
52,3,1.02789,0.0211209,0.000525661
52,4,1.02765,0.0249577,0.000623828
52,5,1.02737,0.0270736,0.00074081
52,6,1.02705,0.0281729,0.00089595
52,7,1.02668,0.0288027,0.00108914
52,8,1.02626,0.0293211,0.00131176
52,9,1.02581,0.0299208,0.00155335
52,10,1.02531,0.0306754,0.00180483
52,11,1.02478,0.0315866,0.00205931
52,12,1.0242,0.0326202,0.00231189
52,13,1.0236,0.0337301,0.00255897
52,14,1.02297,0.0348712,0.00279774
52,15,1.0223,0.0360054,0.00302585
52,16,1.02162,0.0371032,0.00324122
52,17,1.0209,0.0381432,0.00344195
52,18,1.02017,0.0391102,0.00362638
52,19,1.01942,0.039994,0.00379294
52,20,1.01866,0.0407874,0.00394026
52,21,1.01789,0.0414854,0.00406703
52,22,1.0171,0.042084,0.0041721
52,23,1.01631,0.0425799,0.00425434
52,24,1.01551,0.0429701,0.00431273
52,25,1.01471,0.0432519,0.00434632
52,26,1.01392,0.0434228,0.0043543
52,27,1.01312,0.0434808,0.00433592
52,28,1.01233,0.0434242,0.00429065
52,29,1.01154,0.0432522,0.00421805
52,30,1.01077,0.0429646,0.00411793
52,31,1.01,0.042562,0.00399023
52,32,1.00925,0.0420458,0.00383514
52,33,1.00851,0.0414181,0.003653
52,34,1.00778,0.0406818,0.00344436
52,35,1.00707,0.0398405,0.00320992
52,36,1.00637,0.0388982,0.00295055
52,37,1.0057,0.0378596,0.00266723
52,38,1.00504,0.0367297,0.00236108
52,39,1.00439,0.0355137,0.00203329
52,40,1.00377,0.0342171,0.00168514
52,41,1.00317,0.0328455,0.00131795
52,42,1.00258,0.0314044,0.000933092
52,43,1.00201,0.0298996,0.000531933
52,44,1.00146,0.0283365,0.000115875
52,45,1.00093,0.0267206,-0.00031369
52,46,1.00041,0.0250571,-0.000755368
52,47,0.99991,0.0233511,-0.00120778
52,48,0.999423,0.0216076,-0.00166955
52,49,0.99895,0.0198312,-0.00213931
52,50,0.99849,0.0180263,-0.00261571
52,51,0.998041,0.0161974,-0.00309736
52,52,0.997602,0.0143484,-0.00358292
52,53,0.997173,0.0124833,-0.00407099
52,54,0.996753,0.0106058,-0.00456018
52,55,0.99634,0.00871949,-0.00504908
52,56,0.995933,0.00682775,-0.00553623
52,57,0.995533,0.00493391,-0.00602017
52,58,0.995137,0.00304114,-0.0064994
52,59,0.994747,0.00115255,-0.00697237
52,60,0.994361,-0.00072885,-0.00743753
52,61,0.993979,-0.00260012,-0.00789329
52,62,0.993602,-0.00445836,-0.00833805
52,63,0.99323,-0.00630071,-0.00877019
52,64,0.992861,-0.00812436,-0.00918808
52,65,0.992499,-0.00992649,-0.00959011
52,66,0.992142,-0.0117043,-0.00997465
52,67,0.991791,-0.013455,-0.0103401
52,68,0.991447,-0.0151759,-0.010685
52,69,0.991111,-0.016864,-0.0110077
52,70,0.990785,-0.0185166,-0.0113069
52,71,0.990467,-0.0201308,-0.011581
52,72,0.990161,-0.0217039,-0.0118288
52,73,0.989866,-0.0232329,-0.0120491
52,74,0.989583,-0.0247149,-0.0122406
52,75,0.989314,-0.0261471,-0.0124022
52,76,0.989059,-0.0275265,-0.0125332
52,77,0.988818,-0.0288503,-0.0126324
52,78,0.988594,-0.0301155,-0.0126993
52,79,0.988385,-0.0313193,-0.0127332
52,80,0.988193,-0.0324588,-0.0127336
52,81,0.988019,-0.0335313,-0.0127001
52,82,0.987862,-0.034534,-0.0126325
52,83,0.987723,-0.0354644,-0.0125308
52,84,0.987602,-0.0363199,-0.0123951
52,85,0.9875,-0.0370983,-0.0122256
52,86,0.987417,-0.0377973,-0.0120227
52,87,0.987353,-0.0384151,-0.0117871
52,88,0.987307,-0.03895,-0.0115194
52,89,0.98728,-0.0394007,-0.0112208
52,90,0.987273,-0.039766,-0.0108924
52,91,0.987284,-0.0400454,-0.0105355
52,92,0.987315,-0.0402385,-0.0101517
52,93,0.987364,-0.0403455,-0.00974264
52,94,0.987432,-0.040367,-0.00931032
52,95,0.987518,-0.040304,-0.00885681
52,96,0.987623,-0.0401581,-0.00838435
52,97,0.987746,-0.0399311,-0.00789536
52,98,0.987887,-0.0396253,-0.00739237
52,99,0.988045,-0.0392433,-0.00687806
52,100,0.98822,-0.0387881,-0.00635518
52,101,0.988412,-0.0382624,-0.0058266
52,102,0.988619,-0.0376695,-0.00529525
52,103,0.988841,-0.0370124,-0.00476412
52,104,0.989078,-0.036294,-0.00423623
52,105,0.989327,-0.0355172,-0.00371465
52,106,0.989588,-0.0346852,-0.00320248
52,107,0.989859,-0.0338013,-0.00270285
52,108,0.990138,-0.03287,-0.00221888
52,109,0.990424,-0.031897,-0.00175374
52,110,0.990714,-0.0308906,-0.00131061
52,111,0.991006,-0.0298624,-0.00089265
52,112,0.991297,-0.0288288,-0.000502978
52,113,0.991586,-0.0278116,-0.000144585
52,114,0.991868,-0.0268391,0.000179809
52,115,0.992141,-0.0259465,0.000467983
52,116,0.992401,-0.0251747,0.000718528
52,117,0.992645,-0.0245683,0.000931218
52,118,0.992871,-0.0241692,0.00110727
52,119,0.993073,-0.024005,0.00124915
52,120,0.99325,-0.0240658,0.00135938
52,121,0.993399,-0.0242612,0.00143731
52,122,0.993516,-0.0243472,0.0014736
52,123,0.993601,-0.0238123,0.00144225
52,124,0.993653,-0.0217366,0.00129263
52,125,0.993673,-0.0166864,0.000955295
52,126,0.993657,-0.00681909,0.000378042
52,127,1,-0.00343474,0
53,0,1,0,0
53,1,1.02723,0.00594867,0.000155469
53,2,1.0271,0.0154463,0.00036906
53,3,1.02693,0.0218201,0.000479805
53,4,1.0267,0.0256689,0.000570988
53,5,1.02642,0.0277674,0.000688362
53,6,1.0261,0.0288436,0.000847439
53,7,1.02573,0.0294576,0.00104691
53,8,1.02532,0.0299719,0.00127754
53,9,1.02486,0.0305784,0.00152858
53,10,1.02437,0.031348,0.00179098
53,11,1.02384,0.0322793,0.00205804
53,12,1.02327,0.0333357,0.00232494
53,13,1.02267,0.0344691,0.00258813
53,14,1.02204,0.0356333,0.00284478
53,15,1.02138,0.0367891,0.00309246
53,16,1.02069,0.0379064,0.00332899
53,17,1.01998,0.0389632,0.00355236
53,18,1.01925,0.039944,0.00376076
53,19,1.0185,0.0408383,0.00395251
53,20,1.01773,0.0416389,0.00412609
53,21,1.01696,0.0423407,0.00428007
53,22,1.01617,0.04294,0.00441316
53,23,1.01538,0.0434336,0.00452409
53,24,1.01458,0.0438189,0.00461174
53,25,1.01377,0.0440932,0.004675
53,26,1.01297,0.0442546,0.00471291
53,27,1.01217,0.0443012,0.00472462
53,28,1.01138,0.0442318,0.00470942
53,29,1.01059,0.0440459,0.00466677
53,30,1.00981,0.0437435,0.0045963
53,31,1.00904,0.0433255,0.00449784
53,32,1.00829,0.0427935,0.00437143
53,33,1.00754,0.0421501,0.00421728
53,34,1.00682,0.0413982,0.00403582
53,35,1.00611,0.0405418,0.00382763
53,36,1.00541,0.0395851,0.00359349
53,37,1.00474,0.038533,0.00333427
53,38,1.00408,0.0373906,0.00305102
53,39,1.00344,0.0361634,0.00274485
53,40,1.00283,0.0348569,0.00241697
53,41,1.00223,0.033477,0.00206867
53,42,1.00165,0.0320292,0.00170126
53,43,1.00109,0.0305192,0.0013161
53,44,1.00055,0.0289525,0.000914562
53,45,1.00003,0.0273346,0.000498021
53,46,0.999523,0.0256705,6.78711e-05
53,47,0.999035,0.0239652,-0.000374508
53,48,0.998562,0.0222234,-0.000827733
53,49,0.998104,0.0204496,-0.00129043
53,50,0.997659,0.018648,-0.00176121
53,51,0.997226,0.0168227,-0.0022387
53,52,0.996805,0.0149774,-0.00272152
53,53,0.996394,0.0131158,-0.00320826
53,54,0.995993,0.0112414,-0.0036975
53,55,0.995599,0.00935752,-0.00418781
53,56,0.995213,0.00746728,-0.00467772
53,57,0.994834,0.00557382,-0.00516574
53,58,0.994461,0.00368015,-0.00565036
53,59,0.994093,0.00178921,-0.00613002
53,60,0.993731,-9.60907e-05,-0.00660314
53,61,0.993373,-0.00197289,-0.00706814
53,62,0.993021,-0.00383834,-0.00752339
53,63,0.992675,-0.00568961,-0.00796726
53,64,0.992333,-0.00752386,-0.00839811
53,65,0.991998,-0.00933823,-0.00881432
53,66,0.991669,-0.0111299,-0.00921426
53,67,0.991347,-0.0128959,-0.00959632
53,68,0.991033,-0.0146334,-0.00995893
53,69,0.990727,-0.0163394,-0.0103006
53,70,0.990431,-0.018011,-0.0106197
53,71,0.990146,-0.0196451,-0.010915
53,72,0.989871,-0.0212388,-0.011185
53,73,0.989609,-0.0227888,-0.0114285
53,74,0.98936,-0.0242922,-0.0116442
53,75,0.989124,-0.0257458,-0.011831
53,76,0.988904,-0.0271465,-0.0119879
53,77,0.988698,-0.0284912,-0.012114
53,78,0.988509,-0.0297767,-0.0122085
53,79,0.988336,-0.0309999,-0.0122706
53,80,0.988181,-0.0321579,-0.0122998
53,81,0.988043,-0.0332477,-0.0122957
53,82,0.987924,-0.0342665,-0.0122578
53,83,0.987823,-0.0352115,-0.0121862
53,84,0.987741,-0.0360802,-0.0120807
53,85,0.987679,-0.0368702,-0.0119415
53,86,0.987635,-0.0375795,-0.0117689
53,87,0.987612,-0.0382062,-0.0115635
53,88,0.987608,-0.0387488,-0.0113258
53,89,0.987623,-0.0392062,-0.0110568
53,90,0.987659,-0.0395774,-0.0107575
53,91,0.987715,-0.0398622,-0.0104292
53,92,0.987791,-0.0400606,-0.0100732
53,93,0.987887,-0.0401732,-0.00969128
53,94,0.988002,-0.0402009,-0.00928517
53,95,0.988138,-0.0401453,-0.00885688
53,96,0.988293,-0.0400083,-0.00840857
53,97,0.988468,-0.0397922,-0.00794256
53,98,0.988662,-0.0394998,-0.00746132
53,99,0.988875,-0.0391341,-0.00696742
53,100,0.989106,-0.0386983,-0.00646357
53,101,0.989355,-0.0381956,-0.00595255
53,102,0.989621,-0.0376293,-0.00543721
53,103,0.989903,-0.0370025,-0.00492049
53,104,0.990199,-0.0363182,-0.00440534
53,105,0.99051,-0.0355792,-0.00389476
53,106,0.990832,-0.0347883,-0.00339179
53,107,0.991164,-0.0339484,-0.00289949
53,108,0.991505,-0.0330634,-0.00242094
53,109,0.991852,-0.0321385,-0.00195925
53,110,0.992202,-0.0311809,-0.00151755
53,111,0.992554,-0.0302017,-0.00109899
53,112,0.992904,-0.0292158,-0.00070667
53,113,0.993249,-0.0282444,-0.000343594
53,114,0.993585,-0.0273147,-1.25207e-05
53,115,0.993911,-0.0264612,0.000284257
53,116,0.994221,-0.0257246,0.00054521
53,117,0.994512,-0.0251492,0.000769929
53,118,0.994782,-0.0247774,0.000959341
53,119,0.995026,-0.0246366,0.00111546
53,120,0.995241,-0.024715,0.00124011
53,121,0.995425,-0.0249169,0.00133178
53,122,0.995575,-0.0249862,0.00137992
53,123,0.995689,-0.0243933,0.00135756
53,124,0.995766,-0.0221986,0.00121742
53,125,0.995808,-0.0169651,0.00089644
53,126,0.995817,-0.00689384,0.000342649
53,127,1,-0.00343474,0
54,0,1,0,0
54,1,1.0262,0.00571707,0.000153256
54,2,1.02606,0.0153568,0.000333908
54,3,1.02587,0.0217698,0.000430914
54,4,1.02564,0.0255892,0.000516007
54,5,1.02536,0.027624,0.000631708
54,6,1.02503,0.028627,0.000793482
54,7,1.02466,0.0291712,0.000998177
54,8,1.02425,0.0296236,0.00123553
54,9,1.02379,0.0301761,0.00149463
54,10,1.02329,0.0308982,0.00176653
54,11,1.02275,0.0317871,0.00204463
54,12,1.02218,0.0328057,0.00232428
54,13,1.02157,0.0339061,0.00260196
54,14,1.02093,0.0350424,0.00287483
54,15,1.02027,0.0361761,0.0031404
54,16,1.01957,0.0372774,0.00339639
54,17,1.01886,0.0383246,0.00364069
54,18,1.01812,0.0393025,0.00387139
54,19,1.01737,0.0402008,0.00408668
54,20,1.01661,0.0410122,0.00428494
54,21,1.01583,0.0417318,0.00446461
54,22,1.01504,0.0423554,0.00462429
54,23,1.01425,0.0428798,0.0047626
54,24,1.01345,0.043302,0.00487828
54,25,1.01266,0.0436192,0.00497012
54,26,1.01186,0.0438287,0.00503704
54,27,1.01107,0.0439284,0.00507804
54,28,1.01028,0.0439164,0.0050923
54,29,1.0095,0.0437914,0.00507914
54,30,1.00873,0.043553,0.00503806
54,31,1.00798,0.0432013,0.00496874
54,32,1.00723,0.0427372,0.0048711
54,33,1.0065,0.0421624,0.00474522
54,34,1.00579,0.0414794,0.00459139
54,35,1.00509,0.0406911,0.00441008
54,36,1.00441,0.0398014,0.00420193
54,37,1.00375,0.0388143,0.00396774
54,38,1.00311,0.0377345,0.00370844
54,39,1.00248,0.0365668,0.00342506
54,40,1.00188,0.0353163,0.00311875
54,41,1.0013,0.0339885,0.0027907
54,42,1.00073,0.0325886,0.00244219
54,43,1.00019,0.031122,0.00207453
54,44,0.999662,0.0295941,0.00168906
54,45,0.999154,0.0280102,0.00128713
54,46,0.998664,0.0263754,0.000870118
54,47,0.99819,0.0246947,0.000439394
54,48,0.997732,0.0229729,-3.65721e-06
54,49,0.997289,0.0212147,-0.000457657
54,50,0.996861,0.0194245,-0.000921214
54,51,0.996445,0.0176067,-0.00139294
54,52,0.996041,0.0157653,-0.00187143
54,53,0.995647,0.0139043,-0.00235526
54,54,0.995264,0.0120273,-0.002843
54,55,0.99489,0.0101381,-0.0033332
54,56,0.994524,0.00824001,-0.00382437
54,57,0.994166,0.0063364,-0.004315
54,58,0.993815,0.00443051,-0.00480357
54,59,0.99347,0.00252545,-0.0052885
54,60,0.993132,0.00062426,-0.00576821
54,61,0.992799,-0.00127008,-0.0062411
54,62,0.992473,-0.00315467,-0.00670553
54,63,0.992153,-0.00502663,-0.00715986
54,64,0.991839,-0.00688311,-0.00760246
54,65,0.991532,-0.00872132,-0.00803167
54,66,0.991232,-0.0105384,-0.00844587
54,67,0.99094,-0.0123317,-0.00884343
54,68,0.990656,-0.0140982,-0.00922278
54,69,0.990382,-0.0158352,-0.00958236
54,70,0.990118,-0.0175399,-0.00992066
54,71,0.989866,-0.0192094,-0.0102362
54,72,0.989625,-0.0208408,-0.0105277
54,73,0.989397,-0.0224312,-0.0107937
54,74,0.989183,-0.0239777,-0.011033
54,75,0.988984,-0.0254773,-0.0112444
54,76,0.9888,-0.0269271,-0.0114269
54,77,0.988632,-0.0283239,-0.0115795
54,78,0.988482,-0.0296649,-0.0117012
54,79,0.988349,-0.030947,-0.0117913
54,80,0.988235,-0.0321671,-0.0118492
54,81,0.988139,-0.0333224,-0.0118743
54,82,0.988063,-0.0344098,-0.0118662
54,83,0.988007,-0.0354265,-0.0118247
54,84,0.987971,-0.0363699,-0.0117496
54,85,0.987955,-0.0372372,-0.011641
54,86,0.98796,-0.038026,-0.011499
54,87,0.987986,-0.038734,-0.0113242
54,88,0.988032,-0.0393593,-0.0111169
54,89,0.9881,-0.0399001,-0.010878
54,90,0.988188,-0.0403549,-0.0106084
54,91,0.988298,-0.0407228,-0.0103092
54,92,0.988429,-0.0410031,-0.00998177
54,93,0.98858,-0.0411955,-0.00962761
54,94,0.988752,-0.0413003,-0.00924843
54,95,0.988944,-0.0413181,-0.00884612
54,96,0.989157,-0.04125,-0.00842275
54,97,0.989389,-0.0410977,-0.00798054
54,98,0.98964,-0.0408631,-0.00752187
54,99,0.98991,-0.0405484,-0.00704925
54,100,0.990198,-0.0401564,-0.00656528
54,101,0.990503,-0.0396896,-0.00607268
54,102,0.990825,-0.0391509,-0.00557424
54,103,0.991162,-0.038543,-0.0050728
54,104,0.991512,-0.0378688,-0.00457126
54,105,0.991876,-0.0371308,-0.00407254
54,106,0.99225,-0.036332,-0.00357961
54,107,0.992633,-0.0354755,-0.00309547
54,108,0.993023,-0.0345654,-0.00262314
54,109,0.993418,-0.0336071,-0.00216568
54,110,0.993815,-0.0326088,-0.00172617
54,111,0.994211,-0.0315818,-0.00130773
54,112,0.994604,-0.0305421,-0.000913452
54,113,0.994991,-0.0295118,-0.000546337
54,114,0.995368,-0.0285195,-0.000209176
54,115,0.995732,-0.0276012,9.56712e-05
54,116,0.996079,-0.0267996,0.000366567
54,117,0.996406,-0.0261611,0.000602918
54,118,0.99671,-0.0257303,0.000805356
54,119,0.996986,-0.0255358,0.000975447
54,120,0.997231,-0.0255647,0.00111431
54,121,0.997442,-0.0257158,0.00121939
54,122,0.997617,-0.0257208,0.00127929
54,123,0.997754,-0.0250313,0.00126712
54,124,0.997853,-0.0226892,0.00113578
54,125,0.997914,-0.0172586,0.000829066
54,126,0.997933,-0.00699584,0.000321664
54,127,1,-0.00343474,0
55,0,1,0,0
55,1,1.02515,0.00614966,0.000128951
55,2,1.02502,0.0159397,0.000297476
55,3,1.02485,0.0224114,0.000378095
55,4,1.02462,0.0262298,0.000454382
55,5,1.02434,0.028238,0.000568708
55,6,1.02402,0.0292125,0.00073236
55,7,1.02365,0.0297383,0.000940864
55,8,1.02324,0.0301852,0.00118339
55,9,1.02278,0.0307436,0.00144882
55,10,1.02229,0.0314798,0.00172835
55,11,1.02175,0.0323881,0.00201563
55,12,1.02118,0.0334289,0.00230617
55,13,1.02058,0.0345526,0.00259654
55,14,1.01994,0.035712,0.00288389
55,15,1.01928,0.0368676,0.00316567
55,16,1.01859,0.037989,0.00343954
55,17,1.01788,0.0390539,0.00370329
55,18,1.01715,0.0400467,0.00395488
55,19,1.0164,0.0409568,0.00419242
55,20,1.01563,0.0417769,0.00441415
55,21,1.01485,0.0425019,0.00461842
55,22,1.01407,0.0431279,0.00480371
55,23,1.01328,0.0436518,0.00496853
55,24,1.01248,0.0440709,0.0051115
55,25,1.01168,0.0443826,0.00523131
55,26,1.01088,0.0445847,0.00532674
55,27,1.01009,0.0446753,0.00539668
55,28,1.00931,0.0446528,0.00544017
55,29,1.00853,0.0445164,0.0054564
55,30,1.00776,0.0442659,0.00544473
55,31,1.007,0.0439016,0.00540472
55,32,1.00626,0.0434248,0.00533612
55,33,1.00553,0.0428375,0.00523889
55,34,1.00482,0.0421423,0.0051132
55,35,1.00412,0.0413425,0.00495937
55,36,1.00345,0.040442,0.00477794
55,37,1.00279,0.0394452,0.00456957
55,38,1.00215,0.0383568,0.00433511
55,39,1.00154,0.0371818,0.0040755
55,40,1.00094,0.0359255,0.00379178
55,41,1.00037,0.0345933,0.00348511
55,42,0.999816,0.0331906,0.00315668
55,43,0.999283,0.0317228,0.00280776
55,44,0.998769,0.0301952,0.00243965
55,45,0.998275,0.028613,0.00205368
55,46,0.997799,0.0269813,0.00165119
55,47,0.997341,0.0253048,0.00123355
55,48,0.9969,0.0235883,0.000802142
55,49,0.996475,0.0218361,0.000358333
55,50,0.996064,0.0200525,-9.64805e-05
55,51,0.995667,0.0182415,-0.000560899
55,52,0.995283,0.0164069,-0.00103351
55,53,0.994911,0.0145524,-0.00151288
55,54,0.994549,0.0126815,-0.00199757
55,55,0.994197,0.0107976,-0.00248611
55,56,0.993855,0.00890375,-0.002977
55,57,0.993521,0.00700323,-0.00346873
55,58,0.993194,0.00509903,-0.00395976
55,59,0.992875,0.00319414,-0.0044485
55,60,0.992563,0.00129146,-0.00493337
55,61,0.992257,-0.000606106,-0.00541275
55,62,0.991959,-0.00249571,-0.00588501
55,63,0.991667,-0.00437452,-0.0063485
55,64,0.991382,-0.00623968,-0.00680156
55,65,0.991105,-0.00808835,-0.00724256
55,66,0.990835,-0.00991768,-0.00766985
55,67,0.990574,-0.0117248,-0.0080818
55,68,0.990322,-0.0135067,-0.00847682
55,69,0.99008,-0.0152606,-0.00885334
55,70,0.989849,-0.0169834,-0.00920983
55,71,0.989629,-0.0186722,-0.00954481
55,72,0.989422,-0.0203237,-0.00985687
55,73,0.989229,-0.0219351,-0.0101446
55,74,0.989049,-0.023503,-0.0104068
55,75,0.988884,-0.0250242,-0.0106422
55,76,0.988736,-0.0264957,-0.0108497
55,77,0.988604,-0.0279141,-0.0110282
55,78,0.98849,-0.0292762,-0.0111767
55,79,0.988393,-0.0305787,-0.0112945
55,80,0.988315,-0.0318184,-0.0113808
55,81,0.988257,-0.0329922,-0.011435
55,82,0.988218,-0.034097,-0.0114566
55,83,0.9882,-0.0351297,-0.0114452
55,84,0.988202,-0.0360876,-0.0114005
55,85,0.988224,-0.0369679,-0.0113227
55,86,0.988268,-0.0377683,-0.0112116
55,87,0.988333,-0.0384864,-0.0110676
55,88,0.98842,-0.0391204,-0.0108912
55,89,0.988528,-0.0396687,-0.0106829
55,90,0.988658,-0.04013,-0.0104436
55,91,0.98881,-0.0405035,-0.0101743
55,92,0.988983,-0.040789,-0.00987612
55,93,0.989178,-0.0409864,-0.00955058
55,94,0.989395,-0.0410963,-0.00919924
55,95,0.989633,-0.04112,-0.00882388
55,96,0.989892,-0.0410588,-0.00842645
55,97,0.990172,-0.0409148,-0.00800909
55,98,0.990472,-0.0406904,-0.00757408
55,99,0.990792,-0.0403883,-0.00712382
55,100,0.99113,-0.0400115,-0.00666085
55,101,0.991487,-0.039563,-0.00618778
55,102,0.991862,-0.0390458,-0.00570732
55,103,0.992252,-0.0384629,-0.00522224
55,104,0.992656,-0.037817,-0.00473535
55,105,0.993074,-0.0371109,-0.0042495
55,106,0.993502,-0.0363472,-0.00376758
55,107,0.99394,-0.0355287,-0.00329252
55,108,0.994384,-0.0346591,-0.00282726
55,109,0.994832,-0.0337432,-0.00237482
55,110,0.995282,-0.0327885,-0.00193821
55,111,0.99573,-0.0318054,-0.00152053
55,112,0.996174,-0.030809,-0.00112483
55,113,0.996609,-0.0298205,-0.000754132
55,114,0.997033,-0.0288675,-0.000411249
55,115,0.997442,-0.0279853,-9.86063e-05
55,116,0.997832,-0.027216,0.000182038
55,117,0.998199,-0.0266061,0.000429895
55,118,0.998539,-0.0262,0.000645284
55,119,0.99885,-0.0260257,0.000829266
55,120,0.999127,-0.026068,0.000982225
55,121,0.999368,-0.0262197,0.00110075
55,122,0.99957,-0.0262014,0.00117236
55,123,0.999732,-0.0254487,0.00116963
55,124,0.999853,-0.0229907,0.00104959
55,125,0.999933,-0.0174,0.000762819
55,126,0.999976,-0.00698815,0.000283366
55,127,1,-0.00343474,0
56,0,1,0,0
56,1,1.02405,0.00594076,0.000124835
56,2,1.02391,0.0158596,0.0002572
56,3,1.02373,0.0223543,0.000321854
56,4,1.02349,0.0261289,0.000390311
56,5,1.02321,0.0280633,0.00050126
56,6,1.02289,0.0289582,0.000665587
56,7,1.02252,0.02941,0.000876855
56,8,1.0221,0.0297913,0.00112326
56,9,1.02164,0.0302915,0.00139363
56,10,1.02114,0.0309752,0.00167934
56,11,1.0206,0.0318354,0.0019743
56,12,1.02003,0.0328324,0.00227417
56,13,1.01942,0.0339168,0.0025756
56,14,1.01878,0.0350419,0.00287577
56,15,1.01811,0.0361689,0.0031721
56,16,1.01742,0.0372681,0.00346216
56,17,1.0167,0.0383176,0.00374366
56,18,1.01597,0.0393021,0.00401449
56,19,1.01521,0.0402111,0.00427264
56,20,1.01445,0.0410375,0.00451627
56,21,1.01367,0.0417761,0.00474364
56,22,1.01289,0.0424229,0.00495311
56,23,1.0121,0.0429747,0.00514312
56,24,1.01131,0.0434285,0.00531217
56,25,1.01052,0.0437813,0.00545885
56,26,1.00973,0.0440304,0.00558184
56,27,1.00895,0.0441736,0.0056799
56,28,1.00817,0.0442085,0.00575197
56,29,1.00741,0.0441338,0.00579709
56,30,1.00665,0.0439484,0.00581452
56,31,1.00591,0.0436521,0.00580366
56,32,1.00518,0.0432453,0.00576413
56,33,1.00447,0.0427293,0.00569576
56,34,1.00377,0.0421059,0.00559857
56,35,1.0031,0.0413777,0.00547275
56,36,1.00244,0.0405479,0.00531872
56,37,1.0018,0.0396202,0.00513702
56,38,1.00118,0.0385986,0.00492837
56,39,1.00058,0.0374878,0.00469362
56,40,1.00001,0.0362923,0.00443371
56,41,0.999449,0.0350173,0.00414971
56,42,0.998913,0.0336677,0.00384275
56,43,0.998397,0.0322486,0.00351403
56,44,0.997901,0.0307653,0.00316479
56,45,0.997425,0.0292228,0.00279633
56,46,0.996967,0.027626,0.00240996
56,47,0.996527,0.0259799,0.00200701
56,48,0.996104,0.0242892,0.00158886
56,49,0.995697,0.0225585,0.00115687
56,50,0.995306,0.0207922,0.000712419
56,51,0.994929,0.0189946,0.000256921
56,52,0.994565,0.0171698,-0.000208211
56,53,0.994213,0.0153216,-0.000681541
56,54,0.993873,0.0134539,-0.00116161
56,55,0.993544,0.0115702,-0.00164695
56,56,0.993224,0.00967414,-0.00213606
56,57,0.992914,0.00776894,-0.00262739
56,58,0.992612,0.00585787,-0.00311941
56,59,0.992319,0.0039441,-0.00361054
56,60,0.992033,0.00203066,-0.00409917
56,61,0.991755,0.000120549,-0.00458369
56,62,0.991485,-0.00178331,-0.00506244
56,63,0.991222,-0.00367804,-0.0055338
56,64,0.990966,-0.0055608,-0.00599609
56,65,0.990719,-0.00742877,-0.00644768
56,66,0.990481,-0.00927915,-0.0068869
56,67,0.990251,-0.0111091,-0.00731213
56,68,0.990032,-0.0129159,-0.00772176
56,69,0.989823,-0.0146967,-0.0081142
56,70,0.989625,-0.0164485,-0.00848792
56,71,0.989439,-0.0181687,-0.00884142
56,72,0.989267,-0.0198542,-0.00917325
56,73,0.989108,-0.0215021,-0.009482
56,74,0.988964,-0.0231095,-0.00976637
56,75,0.988836,-0.0246733,-0.0100251
56,76,0.988725,-0.0261904,-0.010257
56,77,0.988631,-0.0276578,-0.0104609
56,78,0.988555,-0.0290723,-0.0106359
56,79,0.988498,-0.0304308,-0.010781
56,80,0.988461,-0.03173,-0.0108954
56,81,0.988443,-0.0329668,-0.0109785
56,82,0.988447,-0.0341381,-0.0110296
56,83,0.988472,-0.0352407,-0.0110482
56,84,0.988518,-0.0362716,-0.0110341
56,85,0.988586,-0.037228,-0.010987
56,86,0.988677,-0.0381069,-0.010907
56,87,0.988789,-0.0389058,-0.0107941
56,88,0.988925,-0.0396224,-0.0106488
56,89,0.989083,-0.0402544,-0.0104714
56,90,0.989263,-0.0408001,-0.0102628
56,91,0.989466,-0.0412579,-0.0100238
56,92,0.989692,-0.0416268,-0.00975544
56,93,0.98994,-0.0419062,-0.00945906
56,94,0.99021,-0.0420957,-0.00913612
56,95,0.990501,-0.0421957,-0.0087883
56,96,0.990814,-0.0422069,-0.00841744
56,97,0.991148,-0.0421305,-0.00802558
56,98,0.991502,-0.041968,-0.00761489
56,99,0.991875,-0.0417215,-0.00718769
56,100,0.992266,-0.0413931,-0.0067464
56,101,0.992675,-0.0409854,-0.00629358
56,102,0.9931,-0.0405008,-0.00583182
56,103,0.99354,-0.0399419,-0.00536382
56,104,0.993993,-0.0393112,-0.00489231
56,105,0.994458,-0.038611,-0.00442005
56,106,0.994932,-0.0378441,-0.00394986
56,107,0.995414,-0.0370133,-0.0034846
56,108,0.9959,-0.0361225,-0.00302713
56,109,0.996389,-0.0351768,-0.00258042
56,110,0.996878,-0.0341841,-0.00214743
56,111,0.997363,-0.0331555,-0.0017312
56,112,0.997842,-0.032107,-0.00133478
56,113,0.998312,-0.0310604,-0.00096119
56,114,0.998768,-0.0300449,-0.000613259
56,115,0.999207,-0.0290972,-0.000293478
56,116,0.999626,-0.0282614,-3.7138e-06
56,117,1.00002,-0.0275861,0.00025505
56,118,1.00039,-0.0271176,0.000482813
56,119,1.00072,-0.026885,0.000680149
56,120,1.00102,-0.0268717,0.000846717
56,121,1.00128,-0.0269647,0.000978096
56,122,1.00151,-0.0268731,0.00106112
56,123,1.00169,-0.0260168,0.00106888
56,124,1.00183,-0.0234135,0.000959187
56,125,1.00192,-0.0176482,0.000690136
56,126,1.00197,-0.00709799,0.000261639
56,127,1,-0.00343474,0
57,0,1,0,0
57,1,1.02293,0.00634077,9.86508e-05
57,2,1.02281,0.0163966,0.000215559
57,3,1.02263,0.0229337,0.000261492
57,4,1.0224,0.0266936,0.000319502
57,5,1.02213,0.0285924,0.000427426
57,6,1.0218,0.0294542,0.000591608
57,7,1.02144,0.0298856,0.000804208
57,8,1.02102,0.0302607,0.00105292
57,9,1.02057,0.0307662,0.00132648
57,10,1.02007,0.0314635,0.00161654
57,11,1.01954,0.0323425,0.0019173
57,12,1.01896,0.0333613,0.00222464
57,13,1.01836,0.0344687,0.00253535
57,14,1.01773,0.0356171,0.00284661
57,15,1.01706,0.0367666,0.00315582
57,16,1.01637,0.0378868,0.00346049
57,17,1.01566,0.0389551,0.00375827
57,18,1.01493,0.0399559,0.00404694
57,19,1.01419,0.0408784,0.00432442
57,20,1.01342,0.0417151,0.00458877
57,21,1.01265,0.042461,0.00483816
57,22,1.01187,0.0431121,0.00507085
57,23,1.01109,0.0436654,0.00528519
57,24,1.0103,0.0441181,0.0054796
57,25,1.00951,0.0444675,0.00565254
57,26,1.00873,0.0447114,0.00580259
57,27,1.00795,0.0448476,0.00592842
57,28,1.00717,0.0448744,0.00602882
57,29,1.00641,0.0447906,0.00610272
57,30,1.00566,0.0445955,0.00614924
57,31,1.00492,0.0442893,0.00616764
57,32,1.0042,0.0438725,0.00615742
57,33,1.00349,0.0433468,0.00611824
57,34,1.0028,0.0427142,0.00605
57,35,1.00213,0.0419776,0.00595275
57,36,1.00148,0.0411402,0.00582676
57,37,1.00085,0.040206,0.00567247
57,38,1.00024,0.0391793,0.00549046
57,39,0.999654,0.0380646,0.00528147
57,40,0.999089,0.0368669,0.00504635
57,41,0.998545,0.035591,0.00478608
57,42,0.998023,0.0342421,0.00450171
57,43,0.997522,0.0328254,0.00419437
57,44,0.997041,0.0313459,0.00386526
57,45,0.996582,0.0298085,0.0035156
57,46,0.996141,0.0282182,0.00314669
57,47,0.99572,0.0265797,0.00275984
57,48,0.995316,0.0248975,0.00235637
57,49,0.99493,0.023176,0.00193766
57,50,0.994559,0.0214194,0.00150507
57,51,0.994204,0.0196317,0.00106
57,52,0.993863,0.0178167,0.000603868
57,53,0.993535,0.015978,0.000138112
57,54,0.993219,0.0141192,-0.000335813
57,55,0.992915,0.0122436,-0.000816425
57,56,0.992621,0.0103545,-0.00130222
57,57,0.992338,0.00845505,-0.00179167
57,58,0.992063,0.00654827,-0.00228321
57,59,0.991798,0.00463718,-0.00277526
57,60,0.991541,0.00272469,-0.00326623
57,61,0.991292,0.000813692,-0.00375449
57,62,0.991052,-0.00109295,-0.0042384
57,63,0.990819,-0.00299241,-0.0047163
57,64,0.990595,-0.00488184,-0.00518655
57,65,0.99038,-0.00675841,-0.00564748
57,66,0.990174,-0.00861927,-0.00609745
57,67,0.989977,-0.0104616,-0.00653481
57,68,0.98979,-0.0122824,-0.00695795
57,69,0.989615,-0.0140787,-0.00736527
57,70,0.989451,-0.0158477,-0.00775522
57,71,0.989299,-0.0175863,-0.00812627
57,72,0.989161,-0.0192913,-0.00847695
57,73,0.989037,-0.0209596,-0.00880584
57,74,0.988929,-0.0225881,-0.00911157
57,75,0.988836,-0.0241735,-0.00939285
57,76,0.98876,-0.0257124,-0.00964844
57,77,0.988702,-0.0272015,-0.00987719
57,78,0.988662,-0.0286375,-0.010078
57,79,0.988641,-0.030017,-0.01025
57,80,0.98864,-0.0313364,-0.0103921
57,81,0.988659,-0.0325926,-0.0105036
57,82,0.9887,-0.033782,-0.0105839
57,83,0.988761,-0.0349015,-0.0106324
57,84,0.988844,-0.035948,-0.0106486
57,85,0.988949,-0.0369183,-0.0106323
57,86,0.989077,-0.0378097,-0.0105834
57,87,0.989227,-0.0386195,-0.0105018
57,88,0.9894,-0.0393454,-0.0103878
57,89,0.989596,-0.0399855,-0.0102418
57,90,0.989816,-0.0405379,-0.0100642
57,91,0.990058,-0.0410014,-0.009856
57,92,0.990323,-0.0413752,-0.00961801
57,93,0.990611,-0.0416589,-0.00935143
57,94,0.990922,-0.0418526,-0.00905762
57,95,0.991255,-0.0419569,-0.00873813
57,96,0.99161,-0.041973,-0.00839469
57,97,0.991986,-0.0419025,-0.00802921
57,98,0.992384,-0.0417472,-0.00764377
57,99,0.992801,-0.0415098,-0.00724057
57,100,0.993238,-0.0411926,-0.00682195
57,101,0.993692,-0.0407987,-0.00639034
57,102,0.994163,-0.0403306,-0.00594827
57,103,0.99465,-0.0397913,-0.00549832
57,104,0.99515,-0.0391833,-0.00504314
57,105,0.995662,-0.0385092,-0.00458542
57,106,0.996183,-0.0377714,-0.00412787
57,107,0.996711,-0.0369726,-0.00367327
57,108,0.997244,-0.0361164,-0.00322444
57,109,0.997779,-0.0352074,-0.00278423
57,110,0.998312,-0.0342529,-0.00235559
57,111,0.998842,-0.0332631,-0.00194149
57,112,0.999363,-0.0322532,-0.00154498
57,113,0.999873,-0.0312442,-0.00116904
57,114,1.00037,-0.0302644,-0.000816545
57,115,1.00084,-0.0293496,-0.000490043
57,116,1.0013,-0.0285435,-0.000191521
57,117,1.00172,-0.0278942,7.78325e-05
57,118,1.00212,-0.0274477,0.000317683
57,119,1.00249,-0.0272321,0.000528067
57,120,1.00281,-0.027228,0.000707891
57,121,1.0031,-0.0273161,0.000851908
57,122,1.00334,-0.0271951,0.000946052
57,123,1.00354,-0.0262723,0.000963321
57,124,1.0037,-0.0235592,0.000866327
57,125,1.00381,-0.0176597,0.000619899
57,126,1.00388,-0.0070134,0.000221908
57,127,1,-0.00343474,0
58,0,1,0,0
58,1,1.02175,0.00615526,9.22244e-05
58,2,1.02162,0.0163248,0.000169539
58,3,1.02144,0.022867,0.000197426
58,4,1.02121,0.0265684,0.000246072
58,5,1.02093,0.0283842,0.000349058
58,6,1.0206,0.0291614,0.000511951
58,7,1.02023,0.0295158,0.000724866
58,8,1.01982,0.0298226,0.000974615
58,9,1.01936,0.0302666,0.00125002
58,10,1.01886,0.030907,0.00154302
58,11,1.01832,0.0317328,0.00184812
58,12,1.01774,0.032702,0.00216143
58,13,1.01714,0.0337639,0.00247985
58,14,1.0165,0.0348717,0.00280062
58,15,1.01583,0.0359864,0.0031211
58,16,1.01514,0.0370782,0.00343877
58,17,1.01443,0.0381252,0.0037512
58,18,1.0137,0.039112,0.00405612
58,19,1.01295,0.0400281,0.00435137
58,20,1.01219,0.0408662,0.00463493
58,21,1.01142,0.0416213,0.00490489
58,22,1.01065,0.0422894,0.00515945
58,23,1.00987,0.0428673,0.00539685
58,24,1.00909,0.0433518,0.00561542
58,25,1.00831,0.0437401,0.00581356
58,26,1.00754,0.0440295,0.00598973
58,27,1.00677,0.0442172,0.00614251
58,28,1.00602,0.0443009,0.00627057
58,29,1.00527,0.0442789,0.00637272
58,30,1.00453,0.0441496,0.00644796
58,31,1.00381,0.0439125,0.00649542
58,32,1.00311,0.0435675,0.00651445
58,33,1.00242,0.0431152,0.00650458
58,34,1.00175,0.042557,0.00646555
58,35,1.0011,0.041895,0.0063973
58,36,1.00047,0.0411317,0.00629994
58,37,0.999866,0.0402703,0.00617377
58,38,0.999279,0.0393145,0.00601925
58,39,0.998713,0.0382683,0.005837
58,40,0.998169,0.0371359,0.00562778
58,41,0.997647,0.035922,0.00539243
58,42,0.997146,0.0346313,0.00513193
58,43,0.996667,0.0332686,0.00484733
58,44,0.996208,0.0318387,0.00453975
58,45,0.995769,0.0303465,0.00421038
58,46,0.995351,0.0287968,0.00386045
58,47,0.994951,0.0271944,0.00349122
58,48,0.994569,0.0255438,0.003104
58,49,0.994204,0.0238496,0.00270014
58,50,0.993856,0.0221162,0.00228098
58,51,0.993524,0.0203477,0.00184792
58,52,0.993206,0.0185482,0.00140235
58,53,0.992902,0.0167215,0.000945722
58,54,0.992611,0.0148716,0.000479481
58,55,0.992332,0.0130019,5.11054e-06
58,56,0.992064,0.011116,-0.000475884
58,57,0.991807,0.00921729,-0.00096197
58,58,0.99156,0.00730892,-0.00145159
58,59,0.991323,0.00539409,-0.00194316
58,60,0.991095,0.00347587,-0.00243509
58,61,0.990876,0.00155725,-0.00292574
58,62,0.990665,-0.000358855,-0.00341347
58,63,0.990464,-0.00226955,-0.00389664
58,64,0.990271,-0.004172,-0.00437359
58,65,0.990088,-0.00606338,-0.00484266
58,66,0.989914,-0.0079409,-0.00530219
58,67,0.98975,-0.00980175,-0.00575054
58,68,0.989597,-0.0116431,-0.00618609
58,69,0.989455,-0.0134622,-0.00660722
58,70,0.989325,-0.0152562,-0.00701238
58,71,0.989208,-0.0170221,-0.00740002
58,72,0.989105,-0.018757,-0.00776864
58,73,0.989017,-0.0204581,-0.0081168
58,74,0.988944,-0.0221222,-0.00844309
58,75,0.988888,-0.0237463,-0.00874618
58,76,0.988848,-0.0253272,-0.0090248
58,77,0.988827,-0.0268617,-0.00927772
58,78,0.988825,-0.0283467,-0.00950382
58,79,0.988843,-0.0297787,-0.00970205
58,80,0.988881,-0.0311545,-0.00987144
58,81,0.98894,-0.0324707,-0.0100111
58,82,0.989021,-0.033724,-0.0101203
58,83,0.989124,-0.0349109,-0.0101984
58,84,0.98925,-0.0360281,-0.0102448
58,85,0.989398,-0.0370725,-0.0102592
58,86,0.98957,-0.0380408,-0.0102413
58,87,0.989766,-0.0389302,-0.0101911
58,88,0.989985,-0.0397378,-0.0101085
58,89,0.990228,-0.040461,-0.00999388
58,90,0.990495,-0.0410976,-0.00984767
58,91,0.990785,-0.0416457,-0.00967048
58,92,0.991099,-0.0421037,-0.00946317
58,93,0.991437,-0.0424704,-0.00922675
58,94,0.991797,-0.0427453,-0.00896246
58,95,0.99218,-0.042928,-0.00867172
58,96,0.992585,-0.0430189,-0.00835615
58,97,0.993011,-0.0430187,-0.00801755
58,98,0.993458,-0.0429286,-0.00765787
58,99,0.993924,-0.0427503,-0.0072792
58,100,0.994408,-0.0424855,-0.00688379
58,101,0.994909,-0.0421365,-0.00647397
58,102,0.995426,-0.0417054,-0.00605216
58,103,0.995957,-0.0411946,-0.00562086
58,104,0.996499,-0.0406063,-0.00518262
58,105,0.997052,-0.0399427,-0.00474005
58,106,0.997612,-0.0392062,-0.00429578
58,107,0.998178,-0.0383995,-0.0038525
58,108,0.998746,-0.0375262,-0.00341296
58,109,0.999314,-0.0365912,-0.00297996
58,110,0.999879,-0.0356021,-0.00255637
58,111,1.00044,-0.0345697,-0.00214514
58,112,1.00099,-0.03351,-0.00174928
58,113,1.00152,-0.0324447,-0.00137177
58,114,1.00204,-0.0314035,-0.0010155
58,115,1.00254,-0.0304237,-0.000683087
58,116,1.00302,-0.0295507,-0.000376621
58,117,1.00346,-0.0288347,-9.74934e-05
58,118,1.00388,-0.0283235,0.000153625
58,119,1.00426,-0.0280459,0.000376261
58,120,1.0046,-0.0279808,0.000568589
58,121,1.00491,-0.0280032,0.000724413
58,122,1.00517,-0.0278013,0.00082922
58,123,1.00538,-0.0267702,0.00085694
58,124,1.00555,-0.0239171,0.000771376
58,125,1.00567,-0.0178679,0.000545207
58,126,1.00574,-0.00713364,0.000200748
58,127,1,-0.00343474,0
59,0,1,0,0
59,1,1.02056,0.00652037,6.38953e-05
59,2,1.02044,0.0168108,0.000122185
59,3,1.02026,0.0233773,0.000129194
59,4,1.02004,0.0270497,0.000165997
59,5,1.01976,0.0288214,0.00026446
59,6,1.01944,0.0295619,0.000425254
59,7,1.01908,0.0298947,0.000637063
59,8,1.01866,0.030195,0.000886304
59,9,1.01821,0.0306442,0.00116183
59,10,1.01771,0.0312979,0.00145596
59,11,1.01718,0.0321422,0.00176359
59,12,1.01661,0.0331329,0.00208108
59,13,1.01601,0.034218,0.00240548
59,14,1.01538,0.0353495,0.00273407
59,15,1.01472,0.0364875,0.00306422
59,16,1.01404,0.0376014,0.00339337
59,17,1.01333,0.0386687,0.00371904
59,18,1.01261,0.0396736,0.00403889
59,19,1.01187,0.0406051,0.00435068
59,20,1.01112,0.0414558,0.00465233
59,21,1.01036,0.0422204,0.00494184
59,22,1.00959,0.0428952,0.00521735
59,23,1.00882,0.0434768,0.005477
59,24,1.00805,0.0439626,0.00571906
59,25,1.00728,0.0443499,0.00594181
59,26,1.00651,0.0446363,0.00614365
59,27,1.00575,0.0448194,0.00632301
59,28,1.005,0.0448973,0.00647849
59,29,1.00426,0.0448684,0.00660876
59,30,1.00353,0.0447319,0.00671269
59,31,1.00282,0.0444872,0.00678928
59,32,1.00213,0.0441346,0.00683774
59,33,1.00145,0.0436752,0.00685746
59,34,1.00079,0.0431104,0.00684803
59,35,1.00015,0.0424426,0.00680923
59,36,0.999535,0.0416745,0.00674105
59,37,0.998939,0.0408096,0.00664365
59,38,0.998365,0.0398515,0.00651736
59,39,0.997814,0.0388045,0.00636266
59,40,0.997285,0.0376728,0.0061802
59,41,0.996779,0.0364612,0.00597073
59,42,0.996295,0.0351743,0.00573513
59,43,0.995834,0.0338169,0.00547436
59,44,0.995394,0.0323939,0.00518948
59,45,0.994975,0.03091,0.00488159
59,46,0.994577,0.0293698,0.00455189
59,47,0.994198,0.0277779,0.0042016
59,48,0.993839,0.0261389,0.00383198
59,49,0.993498,0.0244568,0.00344435
59,50,0.993174,0.0227359,0.00304004
59,51,0.992866,0.0209801,0.00262042
59,52,0.992574,0.0191931,0.00218688
59,53,0.992296,0.0173788,0.00174084
59,54,0.992032,0.0155404,0.00128375
59,55,0.991781,0.0136815,0.000817093
59,56,0.991542,0.0118052,0.000342362
59,57,0.991314,0.00991473,-0.000138914
59,58,0.991097,0.00801315,-0.000625179
59,59,0.990889,0.00610345,-0.00111486
59,60,0.990692,0.00418855,-0.00160634
59,61,0.990504,0.00227135,-0.00209802
59,62,0.990326,0.000354692,-0.00258825
59,63,0.990156,-0.00155859,-0.00307538
59,64,0.989997,-0.00346566,-0.00355776
59,65,0.989846,-0.00536371,-0.00403372
59,66,0.989706,-0.0072499,-0.00450162
59,67,0.989576,-0.00912136,-0.00495979
59,68,0.989457,-0.0109752,-0.00540661
59,69,0.98935,-0.0128085,-0.00584046
59,70,0.989255,-0.0146183,-0.00625976
59,71,0.989173,-0.0164014,-0.00666295
59,72,0.989105,-0.018155,-0.00704851
59,73,0.989051,-0.0198756,-0.00741498
59,74,0.989014,-0.0215602,-0.00776091
59,75,0.988992,-0.0232053,-0.00808493
59,76,0.988989,-0.0248077,-0.00838573
59,77,0.989003,-0.0263638,-0.00866204
59,78,0.989036,-0.0278701,-0.00891267
59,79,0.989089,-0.0293232,-0.00913651
59,80,0.989162,-0.0307194,-0.00933253
59,81,0.989257,-0.0320552,-0.00949978
59,82,0.989373,-0.0333269,-0.00963741
59,83,0.989511,-0.0345311,-0.00974468
59,84,0.989672,-0.0356642,-0.00982097
59,85,0.989855,-0.0367229,-0.00986579
59,86,0.990062,-0.0377041,-0.00987877
59,87,0.990293,-0.0386047,-0.00985972
59,88,0.990547,-0.0394218,-0.00980859
59,89,0.990825,-0.0401532,-0.00972552
59,90,0.991127,-0.0407965,-0.00961081
59,91,0.991453,-0.04135,-0.00946497
59,92,0.991803,-0.0418123,-0.0092887
59,93,0.992177,-0.0421826,-0.00908289
59,94,0.992574,-0.0424605,-0.00884865
59,95,0.992993,-0.042646,-0.00858728
59,96,0.993435,-0.0427399,-0.00830026
59,97,0.993899,-0.0427432,-0.00798925
59,98,0.994383,-0.0426575,-0.0076561
59,99,0.994888,-0.0424849,-0.00730279
59,100,0.995411,-0.0422275,-0.00693144
59,101,0.995951,-0.041888,-0.00654428
59,102,0.996507,-0.0414689,-0.00614362
59,103,0.997077,-0.0409726,-0.00573186
59,104,0.99766,-0.0404017,-0.00531147
59,105,0.998252,-0.0397586,-0.00488495
59,106,0.998851,-0.0390455,-0.00445484
59,107,0.999456,-0.0382651,-0.00402376
59,108,1.00006,-0.0374206,-0.00359437
59,109,1.00067,-0.0365168,-0.0031694
59,110,1.00127,-0.0355605,-0.00275167
59,111,1.00187,-0.0345621,-0.00234408
59,112,1.00245,-0.0335365,-0.00194959
59,113,1.00302,-0.0325049,-0.0015712
59,114,1.00357,-0.0314958,-0.00121181
59,115,1.0041,-0.0305459,-0.000874071
59,116,1.0046,-0.0297,-0.000560213
59,117,1.00507,-0.0290077,-0.000271834
59,118,1.00551,-0.0285161,-9.95311e-06
59,119,1.00592,-0.0282525,0.000224404
59,120,1.00628,-0.0281925,0.000428661
59,121,1.0066,-0.028205,0.000595873
59,122,1.00688,-0.0279689,0.00071084
59,123,1.00711,-0.0268699,0.000747803
59,124,1.00729,-0.023916,0.000675879
59,125,1.00743,-0.0177599,0.000474068
59,126,1.00752,-0.00697859,0.000160876
59,127,1,-0.00343474,0
60,0,1,0,0
60,1,1.0193,0.00635827,5.48052e-05
60,2,1.01917,0.0167443,7.00013e-05
60,3,1.01899,0.0232961,5.71385e-05
60,4,1.01876,0.0268955,8.33076e-05
60,5,1.01849,0.028576,0.000175438
60,6,1.01817,0.0292283,0.000333063
60,7,1.0178,0.0294825,0.000542795
60,8,1.01738,0.029713,0.000790304
60,9,1.01693,0.0300983,0.00106468
60,10,1.01643,0.0306915,0.00135862
60,11,1.0159,0.031478,0.0016674
60,12,1.01532,0.0324138,0.00198766
60,13,1.01472,0.0334477,0.00231659
60,14,1.01409,0.0345327,0.00265153
60,15,1.01343,0.0356298,0.00298985
60,16,1.01274,0.0367094,0.00332898
60,17,1.01204,0.0377495,0.00366639
60,18,1.01132,0.0387347,0.00399968
60,19,1.01058,0.0396544,0.00432657
60,20,1.00984,0.0405015,0.00464491
60,21,1.00908,0.0412707,0.00495264
60,22,1.00832,0.0419582,0.00524781
60,23,1.00756,0.0425607,0.00552853
60,24,1.0068,0.0430752,0.00579296
60,25,1.00605,0.0434988,0.00603932
60,26,1.00529,0.0438286,0.00626589
60,27,1.00455,0.0440617,0.00647106
60,28,1.00382,0.0441956,0.00665327
60,29,1.0031,0.0442281,0.00681111
60,30,1.0024,0.0441576,0.00694331
60,31,1.00171,0.0439827,0.00704876
60,32,1.00104,0.043703,0.00712652
60,33,1.00038,0.0433186,0.00717584
60,34,0.999748,0.0428304,0.00719616
60,35,0.999135,0.0422397,0.00718713
60,36,0.998543,0.0415487,0.00714857
60,37,0.997973,0.0407599,0.00708052
60,38,0.997425,0.0398764,0.00698315
60,39,0.9969,0.0389018,0.00685684
60,40,0.996397,0.0378398,0.00670209
60,41,0.995916,0.0366947,0.00651954
60,42,0.995458,0.0354707,0.00630997
60,43,0.995022,0.0341723,0.00607425
60,44,0.994607,0.0328041,0.00581334
60,45,0.994214,0.0313707,0.00552829
60,46,0.993841,0.0298766,0.00522021
60,47,0.993488,0.0283264,0.00489028
60,48,0.993153,0.0267245,0.00453972
60,49,0.992838,0.0250754,0.0041698
60,50,0.992539,0.0233833,0.00378182
60,51,0.992258,0.0216524,0.00337712
60,52,0.991992,0.0198866,0.00295709
60,53,0.991741,0.0180899,0.00252312
60,54,0.991505,0.0162659,0.00207666
60,55,0.991281,0.0144184,0.00161916
60,56,0.991071,0.0125506,0.00115213
60,57,0.990872,0.0106661,0.000677081
60,58,0.990684,0.00876805,0.000195566
60,59,0.990507,0.00685963,-0.000290842
60,60,0.990341,0.0049439,-0.000780545
60,61,0.990184,0.00302386,-0.00127192
60,62,0.990038,0.00110244,-0.00176335
60,63,0.989901,-0.000817477,-0.00225316
60,64,0.989774,-0.00273306,-0.00273972
60,65,0.989657,-0.00464148,-0.00322135
60,66,0.98955,-0.00653994,-0.00369641
60,67,0.989454,-0.00842565,-0.00416323
60,68,0.989369,-0.0102958,-0.00462017
60,69,0.989296,-0.0121475,-0.00506563
60,70,0.989235,-0.013978,-0.00549799
60,71,0.989188,-0.0157844,-0.00591569
60,72,0.989154,-0.0175637,-0.00631719
60,73,0.989136,-0.0193129,-0.00670099
60,74,0.989134,-0.021029,-0.00706563
60,75,0.989148,-0.0227088,-0.0074097
60,76,0.98918,-0.0243491,-0.00773184
60,77,0.98923,-0.0259466,-0.00803075
60,78,0.9893,-0.0274981,-0.00830519
60,79,0.98939,-0.029,-0.00855397
60,80,0.989501,-0.0304489,-0.008776
60,81,0.989633,-0.0318412,-0.00897027
60,82,0.989787,-0.0331733,-0.00913583
60,83,0.989965,-0.0344417,-0.00927187
60,84,0.990165,-0.0356428,-0.00937766
60,85,0.99039,-0.0367729,-0.00945261
60,86,0.990638,-0.0378287,-0.00949625
60,87,0.990911,-0.0388068,-0.00950826
60,88,0.991208,-0.0397039,-0.00948847
60,89,0.991529,-0.040517,-0.00943688
60,90,0.991876,-0.0412436,-0.00935369
60,91,0.992247,-0.041881,-0.00923926
60,92,0.992642,-0.0424273,-0.00909416
60,93,0.99306,-0.0428809,-0.00891914
60,94,0.993503,-0.0432406,-0.00871517
60,95,0.993968,-0.0435055,-0.00848341
60,96,0.994455,-0.0436757,-0.00822523
60,97,0.994964,-0.0437513,-0.00794216
60,98,0.995492,-0.0437331,-0.0076359
60,99,0.99604,-0.0436223,-0.00730834
60,100,0.996605,-0.0434204,-0.00696146
60,101,0.997187,-0.0431293,-0.0065974
60,102,0.997783,-0.0427509,-0.00621837
60,103,0.998391,-0.0422871,-0.00582667
60,104,0.99901,-0.0417401,-0.00542465
60,105,0.999637,-0.0411118,-0.00501474
60,106,1.00027,-0.0404044,-0.00459939
60,107,1.0009,-0.0396205,-0.00418114
60,108,1.00154,-0.0387632,-0.00376257
60,109,1.00217,-0.0378376,-0.00334635
60,110,1.0028,-0.0368506,-0.00293523
60,111,1.00341,-0.0358132,-0.00253208
60,112,1.00402,-0.034741,-0.00213982
60,113,1.00461,-0.0336559,-0.00176144
60,114,1.00517,-0.0325876,-0.00139986
60,115,1.00572,-0.0315743,-0.00105778
60,116,1.00624,-0.0306624,-0.000737547
60,117,1.00672,-0.0299034,-0.000440954
60,118,1.00718,-0.0293459,-0.000169367
60,119,1.00759,-0.0290176,7.56708e-05
60,120,1.00797,-0.0288923,0.000290871
60,121,1.0083,-0.0288332,0.000468438
60,122,1.00859,-0.0285102,0.000592977
60,123,1.00883,-0.0273008,0.00064004
60,124,1.00902,-0.024215,0.000580192
60,125,1.00916,-0.0179357,0.000400224
60,126,1.00925,-0.00711232,0.000141326
60,127,1,-0.00343474,0
61,0,1,0,0
61,1,1.01802,0.00668526,2.41516e-05
61,2,1.0179,0.0171724,1.66799e-05
61,3,1.01773,0.0237282,-1.89248e-05
61,4,1.01751,0.0272839,-5.70137e-06
61,5,1.01724,0.0289127,8.05778e-05
61,6,1.01692,0.0295255,0.000234242
61,7,1.01656,0.029758,0.000440505
61,8,1.01615,0.0299824,0.000684789
61,9,1.0157,0.0303732,0.000956358
61,10,1.01521,0.0309797,0.0012484
61,11,1.01468,0.0317846,0.00155661
61,12,1.01412,0.0327419,0.00187795
61,13,1.01352,0.0337993,0.00220976
61,14,1.0129,0.0349087,0.00254947
61,15,1.01225,0.0360303,0.00289448
61,16,1.01157,0.0371336,0.00324217
61,17,1.01088,0.0381959,0.00359
61,18,1.01017,0.0392014,0.00393551
61,19,1.00945,0.0401391,0.00427637
61,20,1.00871,0.0410013,0.00461036
61,21,1.00797,0.0417828,0.00493538
61,22,1.00722,0.0424798,0.0052494
61,23,1.00647,0.043089,0.00555044
61,24,1.00573,0.0436075,0.00583661
61,25,1.00498,0.0440328,0.00610604
61,26,1.00424,0.0443622,0.00635694
61,27,1.00351,0.0445933,0.00658755
61,28,1.00279,0.0447238,0.00679626
61,29,1.00209,0.044752,0.00698152
61,30,1.0014,0.0446764,0.00714194
61,31,1.00072,0.0444963,0.00727627
61,32,1.00006,0.0442114,0.00738344
61,33,0.999424,0.0438221,0.00746255
61,34,0.998805,0.0433296,0.00751291
61,35,0.998207,0.0427355,0.00753401
61,36,0.997632,0.042042,0.00752553
61,37,0.997078,0.0412521,0.00748734
61,38,0.996548,0.0403688,0.00741951
61,39,0.996041,0.0393958,0.00732225
61,40,0.995557,0.0383371,0.00719596
61,41,0.995097,0.0371967,0.00704116
61,42,0.994659,0.0359791,0.00685851
61,43,0.994244,0.0346887,0.00664879
61,44,0.993852,0.03333,0.00641287
61,45,0.993482,0.0319074,0.00615173
61,46,0.993132,0.0304253,0.00586641
61,47,0.992804,0.0288883,0.00555802
61,48,0.992495,0.0273005,0.00522773
61,49,0.992205,0.025666,0.00487678
61,50,0.991934,0.023989,0.00450643
61,51,0.99168,0.0222733,0.004118
61,52,0.991443,0.0205226,0.00371282
61,53,0.991221,0.0187405,0.00329229
61,54,0.991013,0.0169306,0.00285782
61,55,0.99082,0.0150961,0.00241087
61,56,0.99064,0.0132404,0.00195292
61,57,0.990472,0.0113665,0.00148547
61,58,0.990316,0.00947763,0.00101007
61,59,0.990172,0.00757664,0.00052829
61,60,0.990038,0.00566652,4.17113e-05
61,61,0.989914,0.00375013,-0.00044805
61,62,0.989801,0.00183033,-0.000939363
61,63,0.989698,-9.00506e-05,-0.00143058
61,64,0.989605,-0.0020082,-0.00192005
61,65,0.989522,-0.00392131,-0.00240612
61,66,0.989449,-0.00582655,-0.00288711
61,67,0.989388,-0.00772106,-0.00336138
61,68,0.989337,-0.00960195,-0.00382729
61,69,0.989299,-0.0114663,-0.00428319
61,70,0.989273,-0.0133111,-0.00472748
61,71,0.989261,-0.0151334,-0.00515857
61,72,0.989262,-0.0169299,-0.00557492
61,73,0.989279,-0.0186976,-0.00597498
61,74,0.989311,-0.0204331,-0.00635729
61,75,0.98936,-0.022133,-0.00672039
61,76,0.989427,-0.0237939,-0.00706289
61,77,0.989511,-0.0254124,-0.00738345
61,78,0.989615,-0.0269846,-0.00768077
61,79,0.989739,-0.028507,-0.00795362
61,80,0.989883,-0.0299759,-0.00820085
61,81,0.990049,-0.0313874,-0.00842136
61,82,0.990237,-0.0327377,-0.00861415
61,83,0.990447,-0.0340231,-0.00877831
61,84,0.990681,-0.0352398,-0.00891303
61,85,0.990937,-0.0363841,-0.00901762
61,86,0.991218,-0.0374525,-0.0090915
61,87,0.991523,-0.0384415,-0.00913424
61,88,0.991852,-0.0393479,-0.00914557
61,89,0.992205,-0.0401688,-0.00912535
61,90,0.992583,-0.0409015,-0.00907364
61,91,0.992985,-0.0415437,-0.00899069
61,92,0.993412,-0.0420935,-0.00887691
61,93,0.993862,-0.0425496,-0.00873293
61,94,0.994336,-0.0429109,-0.00855957
61,95,0.994832,-0.0431771,-0.00835787
61,96,0.995351,-0.0433483,-0.00812903
61,97,0.995892,-0.0434251,-0.00787446
61,98,0.996453,-0.0434086,-0.00759575
61,99,0.997032,-0.0433004,-0.00729463
61,100,0.99763,-0.0431025,-0.00697298
61,101,0.998244,-0.0428169,-0.00663282
61,102,0.998872,-0.0424461,-0.00627625
61,103,0.999513,-0.0419923,-0.00590545
61,104,1.00016,-0.0414578,-0.00552269
61,105,1.00082,-0.0408448,-0.00513028
61,106,1.00149,-0.0401556,-0.00473061
61,107,1.00215,-0.0393926,-0.00432611
61,108,1.00282,-0.038559,-0.00391928
61,109,1.00348,-0.0376594,-0.00351272
61,110,1.00414,-0.0367004,-0.00310913
61,111,1.00478,-0.0356924,-0.00271131
61,112,1.00542,-0.0346502,-0.00232217
61,113,1.00603,-0.0335951,-0.00194466
61,114,1.00662,-0.0325559,-0.00158171
61,115,1.00719,-0.0315699,-0.00123609
61,116,1.00773,-0.0306828,-0.000910233
61,117,1.00824,-0.0299455,-0.000606162
61,118,1.00871,-0.0294054,-0.00032559
61,119,1.00914,-0.0290885,-7.06139e-05
61,120,1.00953,-0.0289648,0.000154757
61,121,1.00988,-0.0288916,0.000342084
61,122,1.01018,-0.0285308,0.000475511
61,123,1.01043,-0.0272543,0.000531271
61,124,1.01063,-0.024079,0.000485547
61,125,1.01079,-0.0177203,0.00033075
61,126,1.0109,-0.00689364,0.000102345
61,127,1,-0.00343474,0
62,0,1,0,0
62,1,1.01667,0.00654578,1.21437e-05
62,2,1.01655,0.0171063,-4.17808e-05
62,3,1.01637,0.0236257,-9.87078e-05
62,4,1.01615,0.027094,-9.70837e-05
62,5,1.01588,0.0286249,-1.83482e-05
62,6,1.01556,0.0291477,0.000130368
62,7,1.0152,0.0293015,0.000332252
62,8,1.01479,0.0294558,0.00057216
62,9,1.01434,0.0297811,0.000839735
62,10,1.01385,0.0303244,0.00112866
62,11,1.01332,0.0310677,0.00143507
62,12,1.01276,0.0319656,0.0017562
62,13,1.01216,0.0329667,0.0020896
62,14,1.01154,0.0340241,0.00243276
62,15,1.01089,0.0350993,0.0027831
62,16,1.01022,0.0361626,0.00313801
62,17,1.00953,0.037192,0.00349491
62,18,1.00882,0.0381724,0.00385132
62,19,1.00811,0.0390929,0.00420484
62,20,1.00738,0.0399465,0.00455324
62,21,1.00665,0.0407279,0.00489432
62,22,1.00591,0.0414333,0.00522602
62,23,1.00518,0.0420594,0.0055463
62,24,1.00445,0.0426032,0.00585319
62,25,1.00372,0.0430618,0.00614474
62,26,1.003,0.0434321,0.00641908
62,27,1.0023,0.0437112,0.00667438
62,28,1.0016,0.0438964,0.0069089
62,29,1.00092,0.0439851,0.00712101
62,30,1.00025,0.0439751,0.00730918
62,31,0.999606,0.043865,0.00747205
62,32,0.998976,0.0436536,0.00760841
62,33,0.998366,0.0433406,0.00771723
62,34,0.997777,0.0429262,0.00779766
62,35,0.99721,0.0424113,0.00784904
62,36,0.996664,0.0417973,0.00787091
62,37,0.996141,0.0410863,0.00786301
62,38,0.995642,0.0402809,0.00782524
62,39,0.995165,0.0393839,0.00775769
62,40,0.994711,0.0383987,0.00766061
62,41,0.99428,0.037329,0.00753442
62,42,0.993873,0.0361787,0.00737964
62,43,0.993487,0.0349519,0.00719696
62,44,0.993124,0.0336528,0.00698715
62,45,0.992783,0.0322857,0.00675109
62,46,0.992463,0.0308549,0.00648975
62,47,0.992163,0.0293647,0.00620417
62,48,0.991883,0.0278195,0.00589548
62,49,0.991622,0.0262234,0.00556483
62,50,0.99138,0.0245806,0.00521347
62,51,0.991155,0.0228952,0.00484265
62,52,0.990947,0.021171,0.0044537
62,53,0.990754,0.019412,0.00404798
62,54,0.990577,0.0176217,0.00362688
62,55,0.990414,0.0158038,0.00319184
62,56,0.990265,0.0139618,0.00274431
62,57,0.990129,0.0120989,0.00228581
62,58,0.990004,0.0102185,0.00181786
62,59,0.989892,0.0083236,0.00134202
62,60,0.98979,0.0064174,0.000859865
62,61,0.9897,0.00450284,0.000373012
62,62,0.989619,0.00258287,-0.000116916
62,63,0.98955,0.000660358,-0.000608277
62,64,0.98949,-0.00126184,-0.00109942
62,65,0.989441,-0.00318091,-0.00158868
62,66,0.989403,-0.00509404,-0.0020744
62,67,0.989375,-0.00699843,-0.00255491
62,68,0.989359,-0.00889127,-0.00302858
62,69,0.989355,-0.0107697,-0.00349376
62,70,0.989363,-0.0126309,-0.00394882
62,71,0.989385,-0.014472,-0.00439218
62,72,0.989421,-0.01629,-0.00482225
62,73,0.989472,-0.0180818,-0.0052375
62,74,0.989538,-0.0198443,-0.00563642
62,75,0.989621,-0.0215745,-0.00601753
62,76,0.989722,-0.023269,-0.00637941
62,77,0.989841,-0.0249245,-0.00672066
62,78,0.989979,-0.0265375,-0.00703997
62,79,0.990138,-0.0281045,-0.00733604
62,80,0.990317,-0.0296219,-0.00760765
62,81,0.990519,-0.0310858,-0.00785366
62,82,0.990742,-0.0324927,-0.00807299
62,83,0.990989,-0.0338386,-0.00826465
62,84,0.991259,-0.0351197,-0.00842774
62,85,0.991553,-0.0363321,-0.00856146
62,86,0.991872,-0.037472,-0.00866515
62,87,0.992215,-0.0385357,-0.00873826
62,88,0.992583,-0.0395195,-0.00878039
62,89,0.992976,-0.0404201,-0.00879129
62,90,0.993394,-0.0412342,-0.00877089
62,91,0.993837,-0.041959,-0.00871929
62,92,0.994304,-0.0425918,-0.00863677
62,93,0.994795,-0.0431305,-0.00852382
62,94,0.99531,-0.0435734,-0.00838113
62,95,0.995847,-0.0439193,-0.00820956
62,96,0.996406,-0.0441674,-0.00801021
62,97,0.996986,-0.0443176,-0.00778434
62,98,0.997586,-0.0443702,-0.0075334
62,99,0.998204,-0.0443258,-0.007259
62,100,0.998838,-0.0441858,-0.00696291
62,101,0.999488,-0.0439514,-0.006647
62,102,1.00015,-0.0436245,-0.00631329
62,103,1.00082,-0.0432067,-0.00596385
62,104,1.0015,-0.0426999,-0.00560084
62,105,1.00219,-0.0421059,-0.00522649
62,106,1.00288,-0.0414266,-0.00484309
62,107,1.00357,-0.0406645,-0.00445299
62,108,1.00426,-0.0398227,-0.00405862
62,109,1.00494,-0.0389057,-0.00366251
62,110,1.00562,-0.0379206,-0.00326729
62,111,1.00628,-0.0368779,-0.00287572
62,112,1.00693,-0.0357931,-0.00249066
62,113,1.00755,-0.0346883,-0.00211507
62,114,1.00816,-0.0335932,-0.00175186
62,115,1.00873,-0.0325465,-0.00140386
62,116,1.00928,-0.0315956,-0.00107361
62,117,1.0098,-0.0307928,-0.000763311
62,118,1.01028,-0.0301869,-0.000475036
62,119,1.01072,-0.0298039,-0.000211382
62,120,1.01111,-0.0296117,2.29731e-05
62,121,1.01147,-0.0294624,0.000218862
62,122,1.01177,-0.0290108,0.000360497
62,123,1.01203,-0.0276242,0.000425733
62,124,1.01224,-0.0243276,0.000392291
62,125,1.0124,-0.0178721,0.000260017
62,126,1.0125,-0.00704402,8.514e-05
62,127,1,-0.00343474,0
63,0,1,0,0
63,1,1.01529,0.00683048,-2.08786e-05
63,2,1.01518,0.0174677,-0.000100968
63,3,1.01501,0.0239682,-0.000182083
63,4,1.0148,0.0273782,-0.000194174
63,5,1.01453,0.0288507,-0.00012244
63,6,1.01422,0.0293327,2.05584e-05
63,7,1.01387,0.0294656,0.000216725
63,8,1.01347,0.0296149,0.000450842
63,9,1.01302,0.0299465,0.000712883
63,10,1.01254,0.0305034,0.000997095
63,11,1.01202,0.0312653,0.00130011
63,12,1.01147,0.0321851,0.00161949
63,13,1.01089,0.0332103,0.00195296
63,14,1.01028,0.0342933,0.00229813
63,15,1.00964,0.0353945,0.00265245
63,16,1.00899,0.0364835,0.0030133
63,17,1.00831,0.0375377,0.00337808
63,18,1.00762,0.0385411,0.00374428
63,19,1.00692,0.0394826,0.00410947
63,20,1.00621,0.0403546,0.00447134
63,21,1.0055,0.0411517,0.00482767
63,22,1.00478,0.0418699,0.00517631
63,23,1.00406,0.042506,0.00551518
63,24,1.00335,0.0430572,0.00584221
63,25,1.00264,0.0435207,0.0061554
63,26,1.00194,0.0438938,0.00645279
63,27,1.00125,0.0441738,0.00673244
63,28,1.00057,0.0443583,0.00699253
63,29,0.999909,0.0444452,0.00723131
63,30,0.999262,0.0444327,0.00744713
63,31,0.998633,0.0443196,0.00763851
63,32,0.998022,0.0441052,0.00780409
63,33,0.997432,0.0437894,0.00794272
63,34,0.996863,0.0433728,0.00805338
63,35,0.996316,0.0428564,0.00813529
63,36,0.995791,0.042242,0.00818784
63,37,0.99529,0.0415318,0.0082106
63,38,0.994812,0.0407285,0.00820334
63,39,0.994358,0.0398351,0.00816602
63,40,0.993927,0.0388551,0.00809875
63,41,0.99352,0.0377923,0.00800181
63,42,0.993137,0.0366504,0.00787564
63,43,0.992777,0.0354336,0.00772078
63,44,0.992439,0.0341459,0.00753792
63,45,0.992124,0.0327917,0.00732785
63,46,0.991831,0.031375,0.00709146
63,47,0.991559,0.0299001,0.00682972
63,48,0.991307,0.0283709,0.00654368
63,49,0.991075,0.0267916,0.00623446
63,50,0.990862,0.0251659,0.00590322
63,51,0.990667,0.0234978,0.00555121
63,52,0.99049,0.0217908,0.00517971
63,53,0.990329,0.0200485,0.00479003
63,54,0.990183,0.0182744,0.00438356
63,55,0.990052,0.0164717,0.00396169
63,56,0.989935,0.0146438,0.00352588
63,57,0.989832,0.0127937,0.00307761
63,58,0.989741,0.0109245,0.00261839
63,59,0.989662,0.00903925,0.00214977
63,60,0.989594,0.00714078,0.00167333
63,61,0.989537,0.00523199,0.00119066
63,62,0.989492,0.00331574,0.00070338
63,63,0.989456,0.00139486,0.000213137
63,64,0.989431,-0.000527863,-0.000278422
63,65,0.989417,-0.0024496,-0.000769637
63,66,0.989413,-0.00436753,-0.00125884
63,67,0.98942,-0.00627881,-0.00174438
63,68,0.989439,-0.00818054,-0.00222459
63,69,0.989469,-0.0100698,-0.00269783
63,70,0.989512,-0.0119436,-0.00316246
63,71,0.989568,-0.0137989,-0.00361688
63,72,0.989638,-0.0156325,-0.0040595
63,73,0.989723,-0.0174413,-0.00448875
63,74,0.989823,-0.0192218,-0.0049031
63,75,0.98994,-0.0209708,-0.00530107
63,76,0.990074,-0.0226846,-0.00568118
63,77,0.990226,-0.0243597,-0.00604202
63,78,0.990397,-0.0259924,-0.00638221
63,79,0.990587,-0.0275788,-0.00670044
63,80,0.990798,-0.0291151,-0.00699542
63,81,0.991031,-0.0305973,-0.00726595
63,82,0.991285,-0.0320214,-0.00751089
63,83,0.991562,-0.0333834,-0.00772917
63,84,0.991862,-0.0346792,-0.00791982
63,85,0.992186,-0.0359049,-0.00808196
63,86,0.992534,-0.0370565,-0.00821481
63,87,0.992905,-0.0381303,-0.00831773
63,88,0.993302,-0.0391225,-0.0083902
63,89,0.993723,-0.0400299,-0.00843187
63,90,0.994168,-0.0408492,-0.00844251
63,91,0.994638,-0.0415776,-0.0084221
63,92,0.995132,-0.0422127,-0.0083708
63,93,0.99565,-0.0427526,-0.00828893
63,94,0.996191,-0.0431956,-0.00817705
63,95,0.996755,-0.043541,-0.00803589
63,96,0.99734,-0.0437881,-0.00786638
63,97,0.997946,-0.0439372,-0.00766965
63,98,0.998572,-0.0439889,-0.007447
63,99,0.999215,-0.0439443,-0.00719993
63,100,0.999876,-0.043805,-0.00693006
63,101,1.00055,-0.0435727,-0.00663915
63,102,1.00124,-0.0432496,-0.00632909
63,103,1.00194,-0.0428376,-0.00600186
63,104,1.00264,-0.042339,-0.0056595
63,105,1.00336,-0.0417557,-0.00530414
63,106,1.00407,-0.0410899,-0.00493798
63,107,1.00479,-0.0403441,-0.00456329
63,108,1.0055,-0.0395212,-0.00418241
63,109,1.0062,-0.0386257,-0.00379779
63,110,1.0069,-0.0376642,-0.003412
63,111,1.00758,-0.0366469,-0.00302774
63,112,1.00825,-0.0355886,-0.00264783
63,113,1.0089,-0.0345106,-0.0022752
63,114,1.00952,-0.0334419,-0.00191276
63,115,1.01012,-0.0324204,-0.00156338
63,116,1.01068,-0.0314925,-0.00122969
63,117,1.01121,-0.0307098,-0.000914116
63,118,1.01171,-0.0301195,-0.000619062
63,119,1.01216,-0.0297456,-0.000347667
63,120,1.01257,-0.0295521,-0.000105275
63,121,1.01293,-0.0293854,9.84351e-05
63,122,1.01325,-0.028894,0.000247439
63,123,1.01352,-0.0274432,0.000320572
63,124,1.01373,-0.0240699,0.000301292
63,125,1.0139,-0.017562,0.000194155
63,126,1.01403,-0.00676838,4.77964e-05
63,127,1,-0.00343474,0
64,0,1,0,0
64,1,1.01385,0.00671203,-3.59071e-05
64,2,1.01372,0.0173953,-0.000165405
64,3,1.01356,0.0238359,-0.00026879
64,4,1.01334,0.0271448,-0.000293105
64,5,1.01308,0.0285145,-0.000229941
64,6,1.01277,0.0289063,-9.35535e-05
64,7,1.01242,0.0289621,9.60599e-05
64,8,1.01202,0.0290422,0.000323331
64,9,1.01158,0.0293079,0.000578768
64,10,1.0111,0.0297999,0.0008572
64,11,1.01058,0.0304973,0.00115573
64,12,1.01003,0.0313538,0.00147224
64,13,1.00945,0.0323185,0.00180466
64,14,1.00885,0.0333449,0.00215069
64,15,1.00822,0.0343948,0.00250782
64,16,1.00757,0.0354386,0.00287344
64,17,1.0069,0.0364548,0.00324493
64,18,1.00622,0.0374278,0.00361977
64,19,1.00553,0.0383472,0.00399548
64,20,1.00484,0.0392055,0.00436972
64,21,1.00414,0.0399978,0.00474022
64,22,1.00344,0.04072,0.00510477
64,23,1.00274,0.041369,0.00546123
64,24,1.00205,0.0419418,0.00580747
64,25,1.00136,0.0424352,0.00614142
64,26,1.00069,0.0428464,0.00646102
64,27,1.00002,0.0431721,0.00676428
64,28,0.999374,0.0434093,0.00704925
64,29,0.998741,0.0435553,0.00731409
64,30,0.998126,0.0436076,0.00755705
64,31,0.997529,0.0435641,0.00777651
64,32,0.996952,0.0434234,0.007971
64,33,0.996395,0.0431844,0.00813921
64,34,0.995861,0.0428469,0.00828001
64,35,0.995349,0.0424112,0.00839245
64,36,0.994859,0.0418782,0.00847577
64,37,0.994393,0.0412492,0.00852942
64,38,0.99395,0.0405264,0.00855302
64,39,0.99353,0.039712,0.00854637
64,40,0.993134,0.0388089,0.00850946
64,41,0.992761,0.0378203,0.00844243
64,42,0.992412,0.0367497,0.00834559
64,43,0.992085,0.0356006,0.00821938
64,44,0.991781,0.034377,0.00806439
64,45,0.991499,0.0330828,0.00788128
64,46,0.991238,0.0317221,0.00767088
64,47,0.990998,0.0302989,0.00743406
64,48,0.990778,0.0288173,0.0071718
64,49,0.990578,0.0272813,0.00688516
64,50,0.990397,0.025695,0.00657526
64,51,0.990234,0.0240622,0.00624327
64,52,0.990089,0.0223868,0.00589044
64,53,0.98996,0.0206726,0.00551805
64,54,0.989846,0.0189232,0.00512745
64,55,0.989748,0.017142,0.00472001
64,56,0.989664,0.0153327,0.00429717
64,57,0.989593,0.0134984,0.00386038
64,58,0.989535,0.0116424,0.00341114
64,59,0.98949,0.00976793,0.002951
64,60,0.989456,0.00787798,0.00248151
64,61,0.989433,0.00597556,0.00200427
64,62,0.989421,0.00406363,0.00152089
64,63,0.989419,0.00214506,0.00103301
64,64,0.989429,0.000222722,0.000542281
64,65,0.989448,-0.00170056,5.0357e-05
64,66,0.989479,-0.00362198,-0.000441094
64,67,0.98952,-0.00553872,-0.000930407
64,68,0.989572,-0.00744795,-0.00141592
64,69,0.989636,-0.00934683,-0.00189598
64,70,0.989713,-0.0112325,-0.00236895
64,71,0.989802,-0.013102,-0.0028332
64,72,0.989905,-0.0149524,-0.00328714
64,73,0.990022,-0.0167806,-0.00372919
64,74,0.990155,-0.0185836,-0.0041578
64,75,0.990304,-0.020358,-0.00457145
64,76,0.99047,-0.0221006,-0.00496866
64,77,0.990655,-0.023808,-0.00534797
64,78,0.990858,-0.0254767,-0.00570798
64,79,0.99108,-0.0271029,-0.00604732
64,80,0.991324,-0.0286831,-0.00636468
64,81,0.991589,-0.0302132,-0.0066588
64,82,0.991876,-0.0316893,-0.00692846
64,83,0.992186,-0.0331075,-0.00717254
64,84,0.992519,-0.0344636,-0.00738999
64,85,0.992876,-0.0357534,-0.00757983
64,86,0.993258,-0.0369729,-0.00774121
64,87,0.993664,-0.0381179,-0.00787337
64,88,0.994096,-0.0391844,-0.00797568
64,89,0.994552,-0.0401686,-0.00804766
64,90,0.995033,-0.0410669,-0.00808897
64,91,0.995539,-0.0418757,-0.00809946
64,92,0.996069,-0.042592,-0.00807913
64,93,0.996623,-0.0432131,-0.00802817
64,94,0.9972,-0.0437368,-0.00794699
64,95,0.997799,-0.0441613,-0.00783617
64,96,0.99842,-0.0444854,-0.00769651
64,97,0.99906,-0.0447083,-0.00752899
64,98,0.999719,-0.0448299,-0.00733477
64,99,1.0004,-0.0448504,-0.00711521
64,100,1.00109,-0.0447707,-0.0068718
64,101,1.00179,-0.0445919,-0.0066062
64,102,1.00251,-0.0443153,-0.00632016
64,103,1.00323,-0.0439425,-0.00601556
64,104,1.00396,-0.043475,-0.00569435
64,105,1.0047,-0.0429146,-0.00535856
64,106,1.00544,-0.042263,-0.00501028
64,107,1.00617,-0.0415225,-0.00465171
64,108,1.0069,-0.0406961,-0.00428511
64,109,1.00762,-0.0397881,-0.00391285
64,110,1.00833,-0.0388054,-0.00353745
64,111,1.00902,-0.0377583,-0.00316154
64,112,1.0097,-0.0366623,-0.00278791
64,113,1.01035,-0.0355391,-0.00241944
64,114,1.01098,-0.0344189,-0.00205906
64,115,1.01158,-0.0333407,-0.00170965
64,116,1.01215,-0.0323522,-0.00137395
64,117,1.01269,-0.0315064,-0.00105455
64,118,1.01318,-0.0308516,-0.000754204
64,119,1.01364,-0.0304113,-0.000476519
64,120,1.01405,-0.0301475,-0.000227444
64,121,1.01442,-0.0299019,-1.724e-05
64,122,1.01474,-0.0293177,0.000138383
64,123,1.01501,-0.0277595,0.00022012
64,124,1.01523,-0.0242775,0.000212899
64,125,1.0154,-0.0176986,0.000128153
64,126,1.01551,-0.00693825,3.33708e-05
64,127,1,-0.00343474,0
65,0,1,0,0
65,1,1.01236,0.00694936,-7.11561e-05
65,2,1.01225,0.0176793,-0.000229893
65,3,1.01209,0.0240761,-0.000358362
65,4,1.01188,0.0273123,-0.000396799
65,5,1.01163,0.0286185,-0.000341606
65,6,1.01133,0.0289695,-0.000212569
65,7,1.01099,0.0290062,-3.07732e-05
65,8,1.0106,0.0290832,0.000188348
65,9,1.01017,0.0293563,0.000435778
65,10,1.0097,0.0298626,0.000706987
65,11,1.0092,0.0305791,0.000999604
65,12,1.00866,0.0314583,0.00131187
65,13,1.0081,0.0324483,0.0016419
65,14,1.00751,0.0335017,0.00198751
65,15,1.0069,0.0345796,0.00234624
65,16,1.00627,0.0356518,0.0027155
65,17,1.00562,0.0366956,0.00309266
65,18,1.00496,0.0376951,0.00347516
65,19,1.00429,0.0386391,0.00386052
65,20,1.00362,0.0395197,0.00424632
65,21,1.00294,0.0403316,0.00463026
65,22,1.00227,0.0410708,0.00501007
65,23,1.00159,0.0417338,0.00538354
65,24,1.00092,0.0423179,0.00574848
65,25,1.00026,0.0428201,0.00610274
65,26,0.999612,0.0432375,0.00644417
65,27,0.998974,0.0435674,0.0067707
65,28,0.99835,0.0438071,0.00708028
65,29,0.997741,0.0439542,0.00737097
65,30,0.997151,0.0440066,0.0076409
65,31,0.996579,0.0439625,0.00788833
65,32,0.996026,0.0438209,0.00811166
65,33,0.995495,0.0435811,0.00830945
65,34,0.994986,0.0432433,0.00848042
65,35,0.994499,0.0428078,0.00862349
65,36,0.994035,0.0422759,0.00873777
65,37,0.993595,0.0416493,0.00882252
65,38,0.993178,0.04093,0.00887725
65,39,0.992785,0.0401207,0.00890162
65,40,0.992416,0.0392243,0.00889547
65,41,0.992071,0.0382439,0.00885882
65,42,0.991749,0.037183,0.00879186
65,43,0.991451,0.0360454,0.0086949
65,44,0.991175,0.0348347,0.00856842
65,45,0.990923,0.0335548,0.00841301
65,46,0.990692,0.0322097,0.00822936
65,47,0.990482,0.0308032,0.0080183
65,48,0.990294,0.0293391,0.00778072
65,49,0.990125,0.0278214,0.0075176
65,50,0.989976,0.0262538,0.00723001
65,51,0.989845,0.0246399,0.00691907
65,52,0.989732,0.0229833,0.00658597
65,53,0.989636,0.0212876,0.00623197
65,54,0.989556,0.019556,0.00585836
65,55,0.989491,0.0177919,0.0054665
65,56,0.989441,0.0159984,0.00505779
65,57,0.989404,0.0141788,0.00463367
65,58,0.989381,0.012336,0.00419562
65,59,0.98937,0.010473,0.00374516
65,60,0.98937,0.00859272,0.00328385
65,61,0.989382,0.00669807,0.00281326
65,62,0.989405,0.00479187,0.00233502
65,63,0.989438,0.00287696,0.00185074
65,64,0.989482,0.000956143,0.00136208
65,65,0.989536,-0.000967766,0.000870693
65,66,0.989601,-0.00289194,0.000378253
65,67,0.989677,-0.00481352,-0.000113574
65,68,0.989763,-0.00672963,-0.000603121
65,69,0.989861,-0.00863732,-0.00108873
65,70,0.989971,-0.0105336,-0.00156875
65,71,0.990094,-0.0124154,-0.00204156
65,72,0.99023,-0.0142796,-0.00250553
65,73,0.99038,-0.0161229,-0.00295908
65,74,0.990545,-0.0179419,-0.00340065
65,75,0.990726,-0.0197334,-0.00382869
65,76,0.990923,-0.0214936,-0.00424171
65,77,0.991138,-0.0232189,-0.00463821
65,78,0.991372,-0.0249055,-0.00501678
65,79,0.991624,-0.0265495,-0.005376
65,80,0.991897,-0.028147,-0.00571452
65,81,0.99219,-0.0296937,-0.00603104
65,82,0.992505,-0.0311855,-0.00632429
65,83,0.992843,-0.0326182,-0.00659309
65,84,0.993203,-0.0339875,-0.00683631
65,85,0.993586,-0.0352892,-0.00705291
65,86,0.993994,-0.0365188,-0.00724194
65,87,0.994425,-0.0376724,-0.00740255
65,88,0.994881,-0.0387459,-0.007534
65,89,0.995361,-0.0397353,-0.00763572
65,90,0.995865,-0.0406372,-0.00770722
65,91,0.996393,-0.0414481,-0.00774823
65,92,0.996946,-0.0421651,-0.00775862
65,93,0.997521,-0.0427857,-0.00773844
65,94,0.99812,-0.0433078,-0.00768794
65,95,0.99874,-0.0437298,-0.00760757
65,96,0.999381,-0.0440508,-0.00749797
65,97,1.00004,-0.0442704,-0.00735997
65,98,1.00072,-0.0443887,-0.00719461
65,99,1.00142,-0.0444064,-0.00700308
65,100,1.00213,-0.0443245,-0.00678676
65,101,1.00285,-0.0441446,-0.00654717
65,102,1.00359,-0.0438684,-0.00628595
65,103,1.00433,-0.0434978,-0.00600485
65,104,1.00508,-0.0430347,-0.00570572
65,105,1.00584,-0.0424811,-0.00539048
65,106,1.00659,-0.0418389,-0.00506115
65,107,1.00734,-0.0411106,-0.00471981
65,108,1.00809,-0.0402991,-0.00436865
65,109,1.00883,-0.0394087,-0.00400995
65,110,1.00955,-0.038446,-0.00364615
65,111,1.01026,-0.0374209,-0.00327984
65,112,1.01095,-0.0363482,-0.00291373
65,113,1.01162,-0.0352493,-0.00255067
65,114,1.01227,-0.0341533,-0.00219357
65,115,1.01288,-0.0330986,-0.00184533
65,116,1.01346,-0.0321319,-0.00150878
65,117,1.01401,-0.0313049,-0.00118671
65,118,1.01452,-0.0306645,-0.00088218
65,119,1.01498,-0.0302316,-0.000599313
65,120,1.01541,-0.0299641,-0.000344649
65,121,1.01578,-0.0296988,-0.000128817
65,122,1.01611,-0.0290743,3.2452e-05
65,123,1.01638,-0.0274565,0.000121053
65,124,1.01661,-0.0239118,0.000127601
65,125,1.01679,-0.0173058,6.72199e-05
65,126,1.01692,-0.00661185,-1.86901e-06
65,127,1,-0.00343474,0
66,0,1,0,0
66,1,1.01079,0.00684958,-8.9102e-05
66,2,1.01068,0.0175927,-0.000299485
66,3,1.01053,0.0239044,-0.000450539
66,4,1.01032,0.0270269,-0.00050146
66,5,1.01007,0.0282273,-0.000455672
66,6,1.00978,0.0284902,-0.000334774
66,7,1.00944,0.0284527,-0.000161538
66,8,1.00906,0.0284627,4.84975e-05
66,9,1.00863,0.0286707,0.000286994
66,10,1.00817,0.0291114,0.000550076
66,11,1.00768,0.0297616,0.00083587
66,12,1.00715,0.0305749,0.00114295
66,13,1.00659,0.031501,0.00146965
66,14,1.00601,0.0324941,0.00181388
66,15,1.00541,0.0335165,0.00217325
66,16,1.00479,0.0345391,0.00254516
66,17,1.00416,0.0355404,0.00292701
66,18,1.00351,0.0365049,0.0033162
66,19,1.00286,0.037422,0.00371022
66,20,1.0022,0.0382843,0.00410663
66,21,1.00155,0.0390868,0.00450306
66,22,1.00089,0.0398255,0.00489721
66,23,1.00025,0.0404972,0.00528679
66,24,0.999604,0.0410989,0.00566956
66,25,0.998972,0.0416275,0.00604328
66,26,0.998353,0.0420798,0.00640575
66,27,0.997747,0.0424527,0.00675479
66,28,0.997157,0.0427427,0.00708828
66,29,0.996584,0.042947,0.00740417
66,30,0.99603,0.0430626,0.00770048
66,31,0.995495,0.0430871,0.00797536
66,32,0.994981,0.0430186,0.00822709
66,33,0.994489,0.0428556,0.0084541
66,34,0.994019,0.0425972,0.00865499
66,35,0.993572,0.0422432,0.00882852
66,36,0.993148,0.0417939,0.00897366
66,37,0.992747,0.0412502,0.00908956
66,38,0.99237,0.0406134,0.00917555
66,39,0.992016,0.0398855,0.00923116
66,40,0.991686,0.0390686,0.0092561
66,41,0.991379,0.0381656,0.00925025
66,42,0.991095,0.0371793,0.00921367
66,43,0.990834,0.036113,0.00914657
66,44,0.990595,0.0349702,0.00904929
66,45,0.990378,0.0337544,0.00892232
66,46,0.990183,0.0324694,0.00876626
66,47,0.990009,0.031119,0.00858183
66,48,0.989855,0.029707,0.00836985
66,49,0.989721,0.0282372,0.00813123
66,50,0.989607,0.0267135,0.00786697
66,51,0.98951,0.0251397,0.00757812
66,52,0.989431,0.0235195,0.00726583
66,53,0.989369,0.0218565,0.00693131
66,54,0.989323,0.0201543,0.00657582
66,55,0.989293,0.0184163,0.00620067
66,56,0.989277,0.0166461,0.00580724
66,57,0.989274,0.0148468,0.00539695
66,58,0.989285,0.0130217,0.00497125
66,59,0.989308,0.011174,0.00453166
66,60,0.989343,0.00930675,0.00407972
66,61,0.989389,0.0074229,0.003617
66,62,0.989446,0.00552543,0.00314511
66,63,0.989513,0.00361725,0.00266567
66,64,0.989591,0.00170123,0.00218032
66,65,0.989679,-0.00021979,0.00169074
66,66,0.989778,-0.00214298,0.00119858
66,67,0.989887,-0.0040655,0.000705525
66,68,0.990006,-0.00598453,0.000213239
66,69,0.990137,-0.0078972,-0.000276611
66,70,0.990279,-0.00980062,-0.000762373
66,71,0.990433,-0.0116919,-0.00124241
66,72,0.990601,-0.0135679,-0.00171509
66,73,0.990782,-0.0154257,-0.00217883
66,74,0.990977,-0.0172622,-0.00263203
66,75,0.991188,-0.019074,-0.00307317
66,76,0.991416,-0.0208579,-0.0035007
66,77,0.99166,-0.0226103,-0.00391314
66,78,0.991923,-0.0243278,-0.00430902
66,79,0.992205,-0.0260065,-0.00468691
66,80,0.992506,-0.0276426,-0.00504543
66,81,0.992829,-0.0292322,-0.00538323
66,82,0.993173,-0.0307712,-0.00569901
66,83,0.99354,-0.0322552,-0.00599151
66,84,0.99393,-0.0336801,-0.00625955
66,85,0.994343,-0.0350414,-0.00650201
66,86,0.99478,-0.0363347,-0.00671786
66,87,0.995242,-0.0375555,-0.00690616
66,88,0.995728,-0.0386995,-0.00706608
66,89,0.996239,-0.0397624,-0.0071969
66,90,0.996774,-0.04074,-0.00729805
66,91,0.997334,-0.0416285,-0.00736911
66,92,0.997917,-0.0424243,-0.00740981
66,93,0.998524,-0.0431242,-0.00742008
66,94,0.999153,-0.0437253,-0.00740001
66,95,0.999804,-0.0442254,-0.0073499
66,96,1.00048,-0.0446226,-0.00727025
66,97,1.00117,-0.0449157,-0.00716174
66,98,1.00187,-0.0451041,-0.00702527
66,99,1.0026,-0.0451876,-0.0068619
66,100,1.00333,-0.0451666,-0.00667286
66,101,1.00408,-0.0450419,-0.00645956
66,102,1.00484,-0.0448145,-0.0062235
66,103,1.00561,-0.0444857,-0.00596635
66,104,1.00638,-0.044057,-0.00568982
66,105,1.00715,-0.0435299,-0.00539577
66,106,1.00792,-0.042906,-0.00508608
66,107,1.00868,-0.0421875,-0.00476277
66,108,1.00944,-0.0413773,-0.00442793
66,109,1.01019,-0.0404795,-0.00408378
66,110,1.01092,-0.0395008,-0.00373267
66,111,1.01164,-0.0384514,-0.00337713
66,112,1.01234,-0.0373464,-0.00301981
66,113,1.01301,-0.0362078,-0.00266352
66,114,1.01365,-0.0350655,-0.00231115
66,115,1.01427,-0.0339588,-0.00196562
66,116,1.01485,-0.0329358,-0.00162981
66,117,1.0154,-0.0320493,-0.0013067
66,118,1.01591,-0.0313467,-0.000999652
66,119,1.01638,-0.0308483,-0.000713215
66,120,1.0168,-0.03051,-0.000454449
66,121,1.01717,-0.0301645,-0.000234414
66,122,1.0175,-0.0294472,-6.83003e-05
66,123,1.01778,-0.027727,2.77972e-05
66,124,1.018,-0.0240875,4.57727e-05
66,125,1.01818,-0.0174349,6.95224e-06
66,126,1.0183,-0.00680346,-1.33491e-05
66,127,1,-0.00343474,0
67,0,1,0,0
67,1,1.00918,0.00703365,-0.0001262
67,2,1.00909,0.0177873,-0.000368147
67,3,1.00894,0.0240285,-0.000544503
67,4,1.00875,0.027065,-0.000609566
67,5,1.00851,0.0281985,-0.000572534
67,6,1.00823,0.028422,-0.000460469
67,7,1.0079,0.0283682,-0.000296954
67,8,1.00753,0.0283776,-9.71666e-05
67,9,1.00713,0.0285947,0.000131164
67,10,1.00668,0.0290509,0.000384862
67,11,1.0062,0.0297212,0.000662599
67,12,1.00569,0.0305583,0.000963303
67,13,1.00516,0.0315111,0.00128551
67,14,1.0046,0.0325332,0.00162726
67,15,1.00402,0.0335863,0.00198621
67,16,1.00342,0.0346402,0.00235981
67,17,1.00282,0.0356727,0.00274544
67,18,1.0022,0.0366676,0.00314048
67,19,1.00158,0.0376135,0.00354239
67,20,1.00095,0.0385027,0.00394869
67,21,1.00032,0.0393295,0.00435698
67,22,0.9997,0.0400898,0.00476487
67,23,0.999081,0.0407802,0.00517003
67,24,0.99847,0.0413978,0.00557014
67,25,0.997869,0.0419394,0.00596289
67,26,0.997281,0.0424021,0.00634599
67,27,0.996706,0.0427829,0.00671719
67,28,0.996147,0.043079,0.00707427
67,29,0.995605,0.0432874,0.00741506
67,30,0.995081,0.0434059,0.0077375
67,31,0.994578,0.0434324,0.00803963
67,32,0.994094,0.0433652,0.00831958
67,33,0.993633,0.0432033,0.00857568
67,34,0.993193,0.0429462,0.00880638
67,35,0.992776,0.0425939,0.00901033
67,36,0.992383,0.042147,0.00918633
67,37,0.992012,0.0416067,0.0093334
67,38,0.991665,0.0409746,0.00945075
67,39,0.991342,0.0402526,0.00953776
67,40,0.991043,0.0394432,0.009594
67,41,0.990767,0.0385492,0.00961923
67,42,0.990514,0.0375735,0.00961337
67,43,0.990284,0.0365193,0.00957651
67,44,0.990077,0.0353902,0.00950889
67,45,0.989893,0.0341895,0.00941088
67,46,0.98973,0.0329209,0.00928299
67,47,0.989589,0.0315881,0.00912584
67,48,0.989468,0.0301945,0.00894016
67,49,0.989368,0.028744,0.0087268
67,50,0.989286,0.02724,0.00848666
67,51,0.989224,0.0256862,0.00822077
67,52,0.989179,0.0240859,0.0079302
67,53,0.989152,0.0224426,0.0076161
67,54,0.98914,0.0207595,0.00727971
67,55,0.989144,0.01904,0.00692229
67,56,0.989163,0.0172871,0.0065452
67,57,0.989195,0.015504,0.00614982
67,58,0.989241,0.0136938,0.00573759
67,59,0.989299,0.0118593,0.00531001
67,60,0.989369,0.0100035,0.0048686
67,61,0.98945,0.00812924,0.00441493
67,62,0.989541,0.00623944,0.00395059
67,63,0.989643,0.00433689,0.0034772
67,64,0.989756,0.00242442,0.00299642
67,65,0.989878,0.000504852,0.00250989
67,66,0.99001,-0.00141898,0.0020193
67,67,0.990152,-0.00334421,0.00152631
67,68,0.990305,-0.00526795,0.0010326
67,69,0.990468,-0.00718724,0.000539842
67,70,0.990643,-0.00909909,4.96933e-05
67,71,0.990829,-0.0110004,-0.000436201
67,72,0.991028,-0.012888,-0.000916212
67,73,0.99124,-0.0147587,-0.00138873
67,74,0.991465,-0.0166091,-0.00185217
67,75,0.991706,-0.0184358,-0.00230498
67,76,0.991962,-0.020235,-0.00274561
67,77,0.992235,-0.0220032,-0.00317255
67,78,0.992526,-0.0237364,-0.00358433
67,79,0.992835,-0.0254308,-0.0039795
67,80,0.993163,-0.0270821,-0.00435664
67,81,0.993511,-0.0286861,-0.00471436
67,82,0.99388,-0.0302386,-0.00505134
67,83,0.994271,-0.0317351,-0.00536626
67,84,0.994684,-0.033171,-0.0056579
67,85,0.99512,-0.034542,-0.00592507
67,86,0.995579,-0.0358434,-0.00616666
67,87,0.996062,-0.0370707,-0.00638166
67,88,0.996569,-0.0382195,-0.00656914
67,89,0.997099,-0.0392855,-0.00672828
67,90,0.997654,-0.0402648,-0.00685839
67,91,0.998231,-0.0411533,-0.00695893
67,92,0.998833,-0.0419478,-0.00702951
67,93,0.999456,-0.042645,-0.00706992
67,94,1.0001,-0.0432425,-0.00708009
67,95,1.00077,-0.0437379,-0.0070602
67,96,1.00146,-0.0441299,-0.00701059
67,97,1.00216,-0.0444175,-0.00693179
67,98,1.00288,-0.0446002,-0.00682455
67,99,1.00362,-0.0446783,-0.0066898
67,100,1.00437,-0.0446525,-0.00652863
67,101,1.00513,-0.0445239,-0.0063423
67,102,1.0059,-0.0442939,-0.00613221
67,103,1.00668,-0.0439643,-0.0058999
67,104,1.00747,-0.0435367,-0.00564697
67,105,1.00825,-0.0430131,-0.00537516
67,106,1.00903,-0.0423953,-0.00508628
67,107,1.00981,-0.0416856,-0.00478223
67,108,1.01058,-0.0408869,-0.004465
67,109,1.01134,-0.0400035,-0.00413674
67,110,1.01209,-0.0390417,-0.00379971
67,111,1.01281,-0.0380114,-0.00345634
67,112,1.01352,-0.0369274,-0.00310924
67,113,1.01421,-0.0358109,-0.00276115
67,114,1.01486,-0.0346912,-0.00241492
67,115,1.01549,-0.0336068,-0.00207348
67,116,1.01608,-0.0326046,-0.00173978
67,117,1.01664,-0.0317362,-0.00141695
67,118,1.01715,-0.0310471,-0.00110865
67,119,1.01763,-0.0305548,-0.000819902
67,120,1.01805,-0.0302113,-0.000558254
67,121,1.01844,-0.0298447,-0.000334984
67,122,1.01877,-0.029088,-0.00016512
67,123,1.01905,-0.0273144,-6.34153e-05
67,124,1.01929,-0.0236267,-3.24723e-05
67,125,1.01947,-0.0169706,-4.8311e-05
67,126,1.01961,-0.00643171,-4.62642e-05
67,127,1,-0.00343474,0
68,0,1,0,0
68,1,1.0075,0.00694954,-0.000146702
68,2,1.0074,0.0176775,-0.000441465
68,3,1.00726,0.0238074,-0.000639966
68,4,1.00708,0.0267191,-0.000717388
68,5,1.00685,0.0277463,-0.000690397
68,6,1.00657,0.0278856,-0.000587833
68,7,1.00625,0.0277623,-0.000434665
68,8,1.00589,0.0277081,-0.000245918
68,9,1.0055,0.027862,-2.85101e-05
68,10,1.00506,0.028253,0.00021508
68,11,1.00459,0.0288564,0.000484036
68,12,1.0041,0.0296261,0.000777629
68,13,1.00357,0.0305129,0.0010946
68,14,1.00303,0.031472,0.00143311
68,15,1.00247,0.0324664,0.00179087
68,16,1.00189,0.0334674,0.00216535
68,17,1.0013,0.0344534,0.00255393
68,18,1.0007,0.0354092,0.00295399
68,19,1.0001,0.036324,0.00336297
68,20,0.999503,0.0371905,0.00377833
68,21,0.998903,0.0380035,0.00419763
68,22,0.998309,0.038759,0.00461843
68,23,0.997721,0.0394539,0.00503833
68,24,0.997143,0.040085,0.00545495
68,25,0.996577,0.0406491,0.00586591
68,26,0.996025,0.0411431,0.00626885
68,27,0.995488,0.0415635,0.00666142
68,28,0.994969,0.0419069,0.00704133
68,29,0.994468,0.04217,0.00740632
68,30,0.993986,0.0423496,0.00775422
68,31,0.993525,0.0424429,0.00808295
68,32,0.993085,0.0424475,0.00839056
68,33,0.992668,0.0423615,0.00867524
68,34,0.992272,0.0421835,0.00893533
68,35,0.991899,0.0419127,0.00916932
68,36,0.99155,0.0415489,0.00937592
68,37,0.991223,0.0410924,0.009554
68,38,0.99092,0.040544,0.00970261
68,39,0.99064,0.039905,0.00982102
68,40,0.990383,0.0391773,0.00990866
68,41,0.990149,0.0383629,0.00996515
68,42,0.989937,0.0374644,0.00999029
68,43,0.989748,0.0364846,0.00998405
68,44,0.989581,0.0354265,0.00994653
68,45,0.989436,0.0342934,0.00987801
68,46,0.989312,0.0330886,0.00977888
68,47,0.989208,0.0318157,0.00964967
68,48,0.989125,0.0304781,0.00949102
68,49,0.989062,0.0290797,0.00930369
68,50,0.989017,0.0276238,0.00908852
68,51,0.988991,0.0261143,0.00884645
68,52,0.988982,0.0245546,0.00857851
68,53,0.98899,0.0229484,0.00828579
68,54,0.989014,0.0212991,0.00796948
68,55,0.989053,0.0196101,0.00763081
68,56,0.989107,0.0178848,0.00727109
68,57,0.989175,0.0161264,0.00689169
68,58,0.989255,0.0143383,0.00649403
68,59,0.989347,0.0125234,0.00607958
68,60,0.989452,0.0106849,0.00564985
68,61,0.989567,0.00882584,0.00520639
68,62,0.989692,0.00694913,0.0047508
68,63,0.989828,0.00505771,0.0042847
68,64,0.989974,0.00315448,0.00380972
68,65,0.990129,0.00124229,0.00332754
68,66,0.990294,-0.000676001,0.00283981
68,67,0.990468,-0.00259754,0.00234822
68,68,0.990652,-0.00451948,0.00185444
68,69,0.990847,-0.00643894,0.00136014
68,70,0.991052,-0.00835301,0.000867001
68,71,0.991268,-0.0102588,0.000376654
68,72,0.991496,-0.0121532,-0.000109264
68,73,0.991736,-0.0140332,-0.000589142
68,74,0.99199,-0.0158956,-0.00106139
68,75,0.992258,-0.0177373,-0.00152444
68,76,0.992542,-0.0195548,-0.00197675
68,77,0.992841,-0.0213446,-0.0024168
68,78,0.993158,-0.0231031,-0.00284311
68,79,0.993493,-0.0248266,-0.0032542
68,80,0.993847,-0.0265112,-0.00364863
68,81,0.994221,-0.0281527,-0.00402501
68,82,0.994615,-0.0297469,-0.00438195
68,83,0.995032,-0.0312895,-0.00471813
68,84,0.99547,-0.032776,-0.00503225
68,85,0.995932,-0.0342017,-0.00532307
68,86,0.996417,-0.0355619,-0.00558941
68,87,0.996926,-0.0368519,-0.00583019
68,88,0.997459,-0.0380671,-0.00604437
68,89,0.998016,-0.0392026,-0.00623104
68,90,0.998597,-0.040254,-0.00638941
68,91,0.999201,-0.0412169,-0.00651882
68,92,0.999829,-0.0420872,-0.00661873
68,93,1.00048,-0.0428611,-0.0066888
68,94,1.00115,-0.0435354,-0.00672885
68,95,1.00184,-0.0441072,-0.00673888
68,96,1.00255,-0.0445741,-0.00671909
68,97,1.00328,-0.0449344,-0.00666989
68,98,1.00403,-0.0451869,-0.00659186
68,99,1.00479,-0.0453311,-0.00648579
68,100,1.00556,-0.0453668,-0.00635264
68,101,1.00634,-0.0452946,-0.00619356
68,102,1.00713,-0.0451153,-0.0060098
68,103,1.00793,-0.0448298,-0.00580278
68,104,1.00873,-0.0444395,-0.00557402
68,105,1.00952,-0.0439457,-0.00532514
68,106,1.01032,-0.0433501,-0.00505783
68,107,1.0111,-0.0426546,-0.00477392
68,108,1.01188,-0.041862,-0.0044753
68,109,1.01265,-0.0409763,-0.00416402
68,110,1.0134,-0.0400041,-0.00384226
68,111,1.01413,-0.0389552,-0.00351237
68,112,1.01484,-0.0378448,-0.00317689
68,113,1.01552,-0.0366945,-0.0028385
68,114,1.01618,-0.0355344,-0.00250001
68,115,1.0168,-0.0344037,-0.00216434
68,116,1.01739,-0.0333504,-0.00183448
68,117,1.01795,-0.0324269,-0.00151372
68,118,1.01846,-0.0316788,-0.00120598
68,119,1.01893,-0.0311232,-0.000916648
68,120,1.01936,-0.0307095,-0.000653704
68,121,1.01974,-0.0302631,-0.000428699
68,122,1.02007,-0.0294157,-0.000255927
68,123,1.02036,-0.0275465,-0.000148061
68,124,1.02059,-0.0237788,-0.000106706
68,125,1.02077,-0.0170988,-0.000102382
68,126,1.02089,-0.00664658,-5.4851e-05
68,127,1,-0.00343474,0
69,0,1,0,0
69,1,1.00576,0.00707389,-0.000184998
69,2,1.00568,0.0177701,-0.000512544
69,3,1.00555,0.0238018,-0.00073577
69,4,1.00538,0.0266157,-0.000826952
69,5,1.00517,0.0275745,-0.0008093
69,6,1.00491,0.0276774,-0.000716862
69,7,1.0046,0.0275416,-0.000575065
69,8,1.00426,0.0274899,-0.000398344
69,9,1.00388,0.027655,-0.000192894
69,10,1.00347,0.0280632,3.95415e-05
69,11,1.00303,0.028688,0.00029869
69,12,1.00255,0.029483,0.000584169
69,13,1.00206,0.0303985,0.000894936
69,14,1.00154,0.0313891,0.00122927
69,15,1.00101,0.0324171,0.00158494
69,16,1.00046,0.0334529,0.00195947
69,17,0.999907,0.0344743,0.00235022
69,18,0.999345,0.0354649,0.00275457
69,19,0.99878,0.0364133,0.00316992
69,20,0.998215,0.0373117,0.0035937
69,21,0.997652,0.0381542,0.00402341
69,22,0.997095,0.0389366,0.00445655
69,23,0.996545,0.0396554,0.00489067
69,24,0.996005,0.0403073,0.0053233
69,25,0.995477,0.0408894,0.005752
69,26,0.994963,0.0413983,0.00617432
69,27,0.994464,0.041831,0.00658785
69,28,0.993983,0.0421842,0.00699018
69,29,0.993519,0.042455,0.00737898
69,30,0.993074,0.0426405,0.00775198
69,31,0.99265,0.0427384,0.00810699
69,32,0.992246,0.0427466,0.00844195
69,33,0.991864,0.0426635,0.00875492
69,34,0.991504,0.0424883,0.00904414
69,35,0.991166,0.0422204,0.00930797
69,36,0.990851,0.04186,0.00954499
69,37,0.990559,0.0414076,0.00975392
69,38,0.99029,0.0408644,0.00993372
69,39,0.990044,0.0402318,0.0100835
69,40,0.989821,0.0395118,0.0102025
69,41,0.989621,0.0387067,0.0102904
69,42,0.989444,0.0378189,0.0103466
69,43,0.989289,0.0368514,0.0103712
69,44,0.989157,0.0358071,0.010364
69,45,0.989046,0.0346892,0.0103253
69,46,0.988956,0.033501,0.0102553
69,47,0.988888,0.0322458,0.0101545
69,48,0.988839,0.0309271,0.0100234
69,49,0.988811,0.0295482,0.00986268
69,50,0.988801,0.0281125,0.00967311
69,51,0.98881,0.0266235,0.00945556
69,52,0.988836,0.0250844,0.00921099
69,53,0.988879,0.0234986,0.00894046
69,54,0.988939,0.0218694,0.00864508
69,55,0.989013,0.0201998,0.00832606
69,56,0.989102,0.018493,0.00798467
69,57,0.989205,0.0167521,0.00762224
69,58,0.98932,0.0149801,0.00724018
69,59,0.989447,0.0131799,0.00683992
69,60,0.989586,0.0113545,0.00642297
69,61,0.989736,0.0095068,0.00599088
69,62,0.989895,0.00763958,0.00554522
69,63,0.990065,0.00575572,0.00508761
69,64,0.990244,0.00385805,0.00461968
69,65,0.990432,0.00194942,0.0041431
69,66,0.990629,3.26575e-05,0.00365954
69,67,0.990836,-0.00188935,0.00317068
69,68,0.991052,-0.0038137,0.00267819
69,69,0.991277,-0.00573744,0.00218375
69,70,0.991513,-0.00765756,0.00168902
69,71,0.991759,-0.00957097,0.00119566
69,72,0.992016,-0.0114745,0.000705298
69,73,0.992285,-0.0133649,0.000219546
69,74,0.992567,-0.0152388,-0.000260004
69,75,0.992862,-0.0170927,-0.000731782
69,76,0.993172,-0.0189231,-0.00119424
69,77,0.993497,-0.020726,-0.00164587
69,78,0.993839,-0.0224978,-0.00208515
69,79,0.994198,-0.0242343,-0.00251063
69,80,0.994575,-0.0259314,-0.00292085
69,81,0.994972,-0.0275847,-0.00331437
69,82,0.995388,-0.0291898,-0.00368981
69,83,0.995825,-0.0307421,-0.00404581
69,84,0.996284,-0.032237,-0.00438102
69,85,0.996765,-0.0336697,-0.00469416
69,86,0.997268,-0.0350354,-0.004984
69,87,0.997795,-0.0363292,-0.00524938
69,88,0.998344,-0.0375466,-0.00548918
69,89,0.998917,-0.0386827,-0.00570242
69,90,0.999512,-0.0397331,-0.00588819
69,91,1.00013,-0.0406935,-0.00604572
69,92,1.00077,-0.04156,-0.00617436
69,93,1.00143,-0.0423289,-0.00627364
69,94,1.00212,-0.0429971,-0.00634323
69,95,1.00282,-0.0435619,-0.00638301
69,96,1.00354,-0.0440212,-0.00639302
69,97,1.00428,-0.0443736,-0.00637353
69,98,1.00504,-0.044618,-0.00632497
69,99,1.00581,-0.0447544,-0.006248
69,100,1.00659,-0.0447829,-0.00614342
69,101,1.00738,-0.0447043,-0.00601226
69,102,1.00818,-0.0445198,-0.00585564
69,103,1.00898,-0.0442308,-0.00567486
69,104,1.00978,-0.0438389,-0.00547131
69,105,1.01059,-0.0433458,-0.0052465
69,106,1.01139,-0.0427534,-0.00500202
69,107,1.01218,-0.0420639,-0.00473958
69,108,1.01297,-0.0412801,-0.00446097
69,109,1.01374,-0.0404061,-0.00416815
69,110,1.0145,-0.0394483,-0.00386318
69,111,1.01524,-0.0384164,-0.00354835
69,112,1.01596,-0.037325,-0.00322607
69,113,1.01665,-0.0361953,-0.00289897
69,114,1.01731,-0.0350565,-0.00256979
69,115,1.01795,-0.0339472,-0.00224142
69,116,1.01854,-0.0329142,-0.00191692
69,117,1.0191,-0.0320084,-0.0015997
69,118,1.01962,-0.0312734,-0.00129392
69,119,1.0201,-0.030723,-0.00100539
69,120,1.02053,-0.0303032,-0.000742471
69,121,1.02092,-0.0298356,-0.000516785
69,122,1.02125,-0.028951,-0.000342307
69,123,1.02154,-0.0270356,-0.000230307
69,124,1.02178,-0.0232345,-0.000177164
69,125,1.02197,-0.0165722,-0.000151723
69,126,1.02211,-0.006234,-8.54199e-05
69,127,1,-0.00343474,0
70,0,1,0,0
70,1,1.00394,0.00700204,-0.000207393
70,2,1.00386,0.0176279,-0.000587508
70,3,1.00375,0.0235219,-0.000831581
70,4,1.00359,0.0262024,-0.000934598
70,5,1.00338,0.0270566,-0.000927407
70,6,1.00314,0.0270813,-0.000845616
70,7,1.00285,0.026882,-0.000715671
70,8,1.00252,0.0267713,-0.000551597
70,9,1.00216,0.0268763,-0.000358673
70,10,1.00176,0.0272209,-0.000137921
70,11,1.00133,0.0277794,0.000110892
70,12,1.00088,0.0285069,0.000387722
70,13,1.0004,0.0293554,0.000691726
70,14,0.999909,0.0302815,0.00102129
70,15,0.999399,0.0312488,0.00137427
70,16,0.998878,0.0322291,0.0017482
70,17,0.998349,0.033201,0.00214045
70,18,0.997815,0.0341491,0.00254839
70,19,0.997279,0.0350627,0.00296938
70,20,0.996746,0.0359344,0.00340083
70,21,0.996217,0.0367589,0.00384017
70,22,0.995695,0.0375322,0.00428486
70,23,0.995182,0.0382511,0.00473238
70,24,0.994682,0.0389123,0.00518021
70,25,0.994195,0.0395126,0.00562582
70,26,0.993723,0.0400488,0.00606669
70,27,0.993268,0.0405172,0.00650033
70,28,0.992831,0.0409142,0.00692426
70,29,0.992413,0.0412363,0.00733606
70,30,0.992015,0.0414801,0.00773336
70,31,0.991638,0.0416423,0.00811389
70,32,0.991283,0.0417201,0.00847548
70,33,0.990949,0.0417113,0.00881609
70,34,0.990637,0.0416139,0.00913383
70,35,0.990348,0.0414267,0.00942697
70,36,0.990081,0.041149,0.00969393
70,37,0.989836,0.0407804,0.00993334
70,38,0.989615,0.0403213,0.010144
70,39,0.989415,0.0397726,0.0103249
70,40,0.989238,0.0391355,0.0104753
70,41,0.989083,0.0384116,0.0105944
70,42,0.98895,0.037603,0.0106818
70,43,0.988839,0.036712,0.0107373
70,44,0.988749,0.0357413,0.0107607
70,45,0.988679,0.0346938,0.0107521
70,46,0.988631,0.0335724,0.0107117
70,47,0.988602,0.0323804,0.0106397
70,48,0.988593,0.031121,0.0105367
70,49,0.988604,0.0297977,0.0104031
70,50,0.988632,0.0284139,0.0102398
70,51,0.988679,0.026973,0.0100475
70,52,0.988742,0.0254785,0.00982703
70,53,0.988822,0.0239338,0.00957948
70,54,0.988918,0.0223423,0.00930589
70,55,0.989028,0.0207074,0.00900742
70,56,0.989152,0.0190322,0.0086853
70,57,0.98929,0.0173202,0.00834083
70,58,0.98944,0.0155745,0.00797538
70,59,0.989602,0.0137982,0.00759039
70,60,0.989775,0.0119944,0.00718733
70,61,0.989958,0.0101661,0.00676774
70,62,0.990151,0.00831634,0.00633319
70,63,0.990353,0.00644803,0.00588529
70,64,0.990564,0.00456408,0.00542567
70,65,0.990784,0.00266739,0.00495599
70,66,0.991013,0.000760832,0.00447793
70,67,0.99125,-0.00115273,0.00399316
70,68,0.991495,-0.00307041,0.00350336
70,69,0.99175,-0.00498934,0.0030102
70,70,0.992014,-0.00690658,0.00251535
70,71,0.992287,-0.00881921,0.00202045
70,72,0.992571,-0.0107242,0.00152714
70,73,0.992866,-0.0126185,0.00103703
70,74,0.993174,-0.0144989,0.000551697
70,75,0.993494,-0.0163622,7.27115e-05
70,76,0.993828,-0.0182051,-0.000398385
70,77,0.994176,-0.020024,-0.000860074
70,78,0.994541,-0.0218153,-0.00131086
70,79,0.994922,-0.0235752,-0.00174926
70,80,0.995322,-0.0252997,-0.00217382
70,81,0.99574,-0.0269848,-0.0025831
70,82,0.996179,-0.028626,-0.00297569
70,83,0.996638,-0.030219,-0.0033502
70,84,0.997118,-0.0317589,-0.00370526
70,85,0.997621,-0.0332411,-0.00403954
70,86,0.998146,-0.0346606,-0.00435175
70,87,0.998694,-0.0360124,-0.00464067
70,88,0.999265,-0.0372914,-0.00490512
70,89,0.99986,-0.0384926,-0.00514401
70,90,1.00048,-0.0396111,-0.00535634
70,91,1.00112,-0.0406421,-0.00554124
70,92,1.00178,-0.041581,-0.00569795
70,93,1.00247,-0.0424236,-0.00582585
70,94,1.00317,-0.043166,-0.0059245
70,95,1.0039,-0.0438049,-0.00599364
70,96,1.00464,-0.0443373,-0.00603316
70,97,1.0054,-0.0447611,-0.00604319
70,98,1.00617,-0.0450746,-0.00602403
70,99,1.00696,-0.0452767,-0.00597618
70,100,1.00776,-0.045367,-0.00590032
70,101,1.00856,-0.0453456,-0.00579733
70,102,1.00937,-0.045213,-0.00566822
70,103,1.01019,-0.0449701,-0.00551416
70,104,1.011,-0.0446179,-0.00533642
70,105,1.01182,-0.0441578,-0.0051364
70,106,1.01263,-0.0435912,-0.00491558
70,107,1.01343,-0.04292,-0.00467557
70,108,1.01422,-0.0421469,-0.00441805
70,109,1.015,-0.0412759,-0.00414487
70,110,1.01576,-0.0403132,-0.003858
70,111,1.01649,-0.0392686,-0.00355961
70,112,1.01721,-0.038157,-0.00325205
70,113,1.0179,-0.0369998,-0.00293784
70,114,1.01856,-0.0358269,-0.00261967
70,115,1.01919,-0.0346775,-0.00230041
70,116,1.01978,-0.0335992,-0.00198311
70,117,1.02034,-0.0326434,-0.00167132
70,118,1.02086,-0.0318537,-0.00136942
70,119,1.02133,-0.031243,-0.00108351
70,120,1.02176,-0.0307551,-0.000822267
70,121,1.02214,-0.0302095,-0.000597447
70,122,1.02248,-0.029238,-0.000422138
70,123,1.02276,-0.0272354,-0.000305533
70,124,1.023,-0.0233696,-0.000243342
70,125,1.02318,-0.0167044,-0.000199574
70,126,1.0233,-0.00647284,-9.13297e-05
70,127,1,-0.00343474,0
71,0,1,0,0
71,1,1.00207,0.00705996,-0.000245941
71,2,1.00201,0.0176061,-0.000658605
71,3,1.00191,0.0233742,-0.000925944
71,4,1.00176,0.0259472,-0.00104193
71,5,1.00158,0.0267337,-0.00104443
71,6,1.00135,0.0267265,-0.000973805
71,7,1.00109,0.0265193,-0.000856561
71,8,1.00078,0.0264147,-0.00070591
71,9,1.00044,0.0265335,-0.000526322
71,10,1.00007,0.0268971,-0.000318076
71,11,0.999676,0.0274788,-8.04097e-05
71,12,0.999254,0.0282335,0.000186964
71,13,0.998811,0.0291131,0.000483408
71,14,0.998352,0.0300734,0.000807438
71,15,0.997879,0.0310778,0.00115697
71,16,0.997397,0.0320968,0.00152956
71,17,0.996908,0.0331083,0.00192261
71,18,0.996416,0.0340961,0.00233346
71,19,0.995923,0.0350486,0.00275945
71,20,0.995434,0.0359575,0.00319794
71,21,0.994949,0.0368172,0.00364631
71,22,0.994472,0.037623,0.00410197
71,23,0.994005,0.0383715,0.00456232
71,24,0.99355,0.0390591,0.00502477
71,25,0.993108,0.0396826,0.00548674
71,26,0.992681,0.0402387,0.00594563
71,27,0.992271,0.040724,0.00639886
71,28,0.991878,0.041135,0.00684388
71,29,0.991503,0.0414685,0.00727817
71,30,0.991148,0.0417214,0.00769929
71,31,0.990813,0.0418909,0.00810486
71,32,0.990499,0.0419746,0.00849262
71,33,0.990206,0.0419706,0.00886042
71,34,0.989934,0.0418774,0.00920627
71,35,0.989684,0.0416942,0.00952831
71,36,0.989456,0.0414205,0.00982487
71,37,0.98925,0.0410565,0.0100944
71,38,0.989066,0.0406028,0.0103357
71,39,0.988904,0.0400604,0.0105475
71,40,0.988764,0.0394308,0.010729
71,41,0.988645,0.0387158,0.0108793
71,42,0.988549,0.0379175,0.0109978
71,43,0.988474,0.0370383,0.0110843
71,44,0.98842,0.036081,0.0111383
71,45,0.988387,0.0350482,0.01116
71,46,0.988374,0.0339429,0.0111492
71,47,0.988382,0.0327683,0.0111063
71,48,0.988409,0.0315274,0.0110317
71,49,0.988455,0.0302235,0.0109258
71,50,0.98852,0.0288598,0.0107892
71,51,0.988602,0.0274394,0.0106226
71,52,0.988701,0.0259657,0.0104269
71,53,0.988816,0.0244417,0.010203
71,54,0.988947,0.0228707,0.00995194
71,55,0.989093,0.0212558,0.0096748
71,56,0.989252,0.0196,0.0093728
71,57,0.989425,0.0179064,0.0090472
71,58,0.989609,0.016178,0.00869933
71,59,0.989805,0.0144177,0.00833061
71,60,0.990012,0.0126284,0.0079425
71,61,0.990229,0.010813,0.00753652
71,62,0.990455,0.0089745,0.00711423
71,63,0.990689,0.00711561,0.00667724
71,64,0.990933,0.00523922,0.00622717
71,65,0.991184,0.00334819,0.00576568
71,66,0.991443,0.00144537,0.00529444
71,67,0.99171,-0.00046635,0.00481511
71,68,0.991986,-0.00238406,0.00432939
71,69,0.992269,-0.0043048,0.00383894
71,70,0.992561,-0.00622555,0.00334542
71,71,0.992862,-0.00814324,0.00285048
71,72,0.993173,-0.0100547,0.00235574
71,73,0.993494,-0.0119567,0.0018628
71,74,0.993827,-0.0138458,0.00137325
71,75,0.994171,-0.0157186,0.000888646
71,76,0.994529,-0.0175715,0.000410517
71,77,0.9949,-0.0194007,-5.96229e-05
71,78,0.995287,-0.0212023,-0.00052028
71,79,0.99569,-0.0229722,-0.000969982
71,80,0.99611,-0.0247063,-0.00140727
71,81,0.996548,-0.0264001,-0.0018307
71,82,0.997005,-0.0280491,-0.00223886
71,83,0.997481,-0.0296487,-0.00263033
71,84,0.997978,-0.0311939,-0.00300372
71,85,0.998497,-0.03268,-0.00335768
71,86,0.999037,-0.0341017,-0.00369087
71,87,0.999599,-0.0354542,-0.00400202
71,88,1.00018,-0.0367323,-0.00428988
71,89,1.00079,-0.037931,-0.0045533
71,90,1.00142,-0.0390455,-0.0047912
71,91,1.00207,-0.040071,-0.00500259
71,92,1.00274,-0.0410032,-0.00518661
71,93,1.00343,-0.0418379,-0.00534254
71,94,1.00415,-0.0425714,-0.0054698
71,95,1.00488,-0.0432006,-0.005568
71,96,1.00563,-0.0437229,-0.00563691
71,97,1.00639,-0.0441362,-0.00567649
71,98,1.00717,-0.0444392,-0.00568692
71,99,1.00796,-0.0446311,-0.00566855
71,100,1.00876,-0.0447118,-0.00562193
71,101,1.00957,-0.0446816,-0.00554779
71,102,1.01039,-0.0445415,-0.005447
71,103,1.01121,-0.0442927,-0.00532061
71,104,1.01203,-0.0439366,-0.00516977
71,105,1.01284,-0.0434748,-0.00499575
71,106,1.01366,-0.042909,-0.00479992
71,107,1.01446,-0.0422415,-0.00458375
71,108,1.01526,-0.041475,-0.00434882
71,109,1.01604,-0.0406136,-0.00409685
71,110,1.0168,-0.0396634,-0.00382971
71,111,1.01755,-0.038634,-0.00354945
71,112,1.01827,-0.0375398,-0.0032583
71,113,1.01896,-0.036402,-0.00295869
71,114,1.01963,-0.0352497,-0.00265323
71,115,1.02026,-0.0341212,-0.00234473
71,116,1.02086,-0.033063,-0.00203628
71,117,1.02142,-0.0321248,-0.00173149
71,118,1.02194,-0.0313479,-0.00143497
71,119,1.02242,-0.0307422,-0.00115315
71,120,1.02285,-0.030248,-0.000894983
71,121,1.02324,-0.0296818,-0.000672153
71,122,1.02358,-0.0286764,-0.00049731
71,123,1.02387,-0.026636,-0.000378249
71,124,1.02411,-0.0227513,-0.000305786
71,125,1.0243,-0.0161229,-0.000243122
71,126,1.02444,-0.00602302,-0.00011968
71,127,1,-0.00343474,0
72,0,1,0,0
72,1,1.00012,0.00699689,-0.000269254
72,2,1.00007,0.0174233,-0.000732504
72,3,0.999978,0.0230281,-0.00101848
72,4,0.99985,0.0254617,-0.00114536
72,5,0.999681,0.026148,-0.00115849
72,6,0.999473,0.02607,-0.00109938
72,7,0.999226,0.0258066,-0.000995143
72,8,0.998942,0.0256488,-0.000858336
72,9,0.998626,0.0257116,-0.000692447
72,10,0.998279,0.0260146,-0.000497036
72,11,0.997906,0.0265318,-0.00027085
72,12,0.99751,0.02722,-1.32877e-05
72,13,0.997095,0.0280329,0.000275209
72,14,0.996664,0.0289284,0.000593269
72,15,0.996222,0.0298711,0.000938871
72,16,0.995772,0.030833,0.00130961
72,17,0.995316,0.0317929,0.00170288
72,18,0.99486,0.0327355,0.00211602
72,19,0.994405,0.0336499,0.00254633
72,20,0.993954,0.0345287,0.00299115
72,21,0.99351,0.0353663,0.00344779
72,22,0.993075,0.0361588,0.00391362
72,23,0.992652,0.0369028,0.00438597
72,24,0.992242,0.0375951,0.0048622
72,25,0.991847,0.0382323,0.00533964
72,26,0.991468,0.038811,0.00581563
72,27,0.991106,0.0393275,0.00628753
72,28,0.990763,0.0397781,0.0067527
72,29,0.99044,0.0401589,0.00720856
72,30,0.990136,0.0404662,0.00765257
72,31,0.989853,0.0406967,0.00808229
72,32,0.98959,0.040847,0.00849535
72,33,0.989349,0.0409146,0.00888952
72,34,0.989129,0.0408971,0.0092627
72,35,0.988931,0.0407928,0.00961293
72,36,0.988754,0.0406005,0.00993843
72,37,0.988599,0.0403194,0.0102376
72,38,0.988465,0.0399494,0.0105089
72,39,0.988352,0.0394909,0.0107512
72,40,0.98826,0.0389445,0.0109634
72,41,0.98819,0.0383115,0.0111446
72,42,0.98814,0.0375935,0.0112942
72,43,0.988111,0.0367924,0.0114114
72,44,0.988101,0.0359105,0.0114962
72,45,0.988112,0.0349501,0.0115481
72,46,0.988142,0.0339141,0.0115673
72,47,0.988192,0.0328053,0.0115538
72,48,0.98826,0.0316267,0.0115078
72,49,0.988346,0.0303815,0.0114299
72,50,0.988449,0.0290728,0.0113205
72,51,0.98857,0.0277041,0.0111803
72,52,0.988707,0.0262784,0.0110099
72,53,0.988859,0.0247992,0.0108104
72,54,0.989027,0.0232697,0.0105825
72,55,0.989208,0.0216932,0.0103276
72,56,0.989403,0.020073,0.0100465
72,57,0.98961,0.0184123,0.00974068
72,58,0.989829,0.0167142,0.00941136
72,59,0.990059,0.0149819,0.00905992
72,60,0.990299,0.0132184,0.00868783
72,61,0.990548,0.0114268,0.00829657
72,62,0.990806,0.00961007,0.00788771
72,63,0.991072,0.00777118,0.00746284
72,64,0.991346,0.00591306,0.00702358
72,65,0.991627,0.00403863,0.00657158
72,66,0.991915,0.00215078,0.0061085
72,67,0.992211,0.000252387,0.00563602
72,68,0.992514,-0.00165365,0.00515581
72,69,0.992824,-0.00356445,0.00466953
72,70,0.993142,-0.00547709,0.00417884
72,71,0.993468,-0.00738862,0.00368538
72,72,0.993803,-0.00929605,0.00319076
72,73,0.994147,-0.0111963,0.00269657
72,74,0.994502,-0.0130863,0.00220438
72,75,0.994868,-0.0149627,0.00171573
72,76,0.995247,-0.0168223,0.00123215
72,77,0.995639,-0.0186615,0.00075513
72,78,0.996045,-0.0204767,0.000286156
72,79,0.996467,-0.0222641,-0.000173314
72,80,0.996905,-0.0240198,-0.000621823
72,81,0.997362,-0.0257395,-0.00105794
72,82,0.997837,-0.0274188,-0.00148023
72,83,0.998332,-0.0290533,-0.00188727
72,84,0.998847,-0.030638,-0.00227767
72,85,0.999383,-0.0321681,-0.00265003
72,86,0.999941,-0.0336384,-0.00300299
72,87,1.00052,-0.0350436,-0.00333521
72,88,1.00112,-0.0363785,-0.00364541
72,89,1.00175,-0.0376377,-0.00393235
72,90,1.0024,-0.0388159,-0.00419487
72,91,1.00307,-0.0399079,-0.00443191
72,92,1.00376,-0.0409087,-0.00464249
72,93,1.00447,-0.0418136,-0.00482578
72,94,1.0052,-0.0426183,-0.00498109
72,95,1.00594,-0.0433189,-0.00510789
72,96,1.00671,-0.043912,-0.00520581
72,97,1.00749,-0.044395,-0.00527472
72,98,1.00828,-0.0447656,-0.0053146
72,99,1.00909,-0.0450224,-0.00532571
72,100,1.0099,-0.0451646,-0.00530843
72,101,1.01072,-0.045192,-0.00526338
72,102,1.01155,-0.0451047,-0.00519129
72,103,1.01238,-0.0449034,-0.00509307
72,104,1.01321,-0.0445891,-0.00496975
72,105,1.01403,-0.0441629,-0.00482249
72,106,1.01485,-0.0436262,-0.00465251
72,107,1.01566,-0.0429809,-0.00446119
72,108,1.01645,-0.0422296,-0.00424997
72,109,1.01723,-0.041376,-0.00402046
72,110,1.018,-0.0404263,-0.0037744
72,111,1.01874,-0.0393901,-0.00351373
72,112,1.01946,-0.0382819,-0.00324056
72,113,1.02015,-0.0371231,-0.00295722
72,114,1.02081,-0.0359433,-0.00266623
72,115,1.02144,-0.0347812,-0.00237035
72,116,1.02203,-0.033684,-0.00207265
72,117,1.02259,-0.0327015,-0.00177683
72,118,1.02311,-0.0318749,-0.00148767
72,119,1.02358,-0.0312128,-0.0012118
72,120,1.02401,-0.0306536,-0.000958402
72,121,1.02439,-0.030013,-0.000739131
72,122,1.02473,-0.0289261,-0.000565652
72,123,1.02501,-0.0268081,-0.000443745
72,124,1.02525,-0.022874,-0.000363901
72,125,1.02543,-0.0162619,-0.000285063
72,126,1.02556,-0.00628574,-0.00012324
72,127,1,-0.00343474,0
73,0,1,0,0
73,1,0.998111,0.00698189,-0.000306833
73,2,0.998083,0.0172761,-0.000800651
73,3,0.998013,0.0227284,-0.0011075
73,4,0.997905,0.0250476,-0.00124614
73,5,0.997759,0.0256691,-0.00126903
73,6,0.997575,0.0255649,-0.00122182
73,7,0.997354,0.0252988,-0.00113122
73,8,0.9971,0.0251509,-0.00100879
73,9,0.996815,0.0252304,-0.000857172
73,10,0.996502,0.0255546,-0.000675184
73,11,0.996165,0.0260971,-0.000461082
73,12,0.995808,0.0268147,-0.000213952
73,13,0.995433,0.0276612,6.5957e-05
73,14,0.995046,0.028594,0.000377394
73,15,0.994649,0.0295772,0.000718407
73,16,0.994246,0.0305819,0.00108662
73,17,0.993839,0.031586,0.00147946
73,18,0.993432,0.0325733,0.00189422
73,19,0.993028,0.0335319,0.0023282
73,20,0.992629,0.0344535,0.00277868
73,21,0.992237,0.0353321,0.00324294
73,22,0.991855,0.0361631,0.00371827
73,23,0.991484,0.0369426,0.00420197
73,24,0.991126,0.037667,0.0046913
73,25,0.990783,0.0383329,0.00518355
73,26,0.990456,0.0389368,0.00567598
73,27,0.990145,0.0394751,0.00616588
73,28,0.989852,0.0399441,0.00665055
73,29,0.989577,0.0403402,0.00712733
73,30,0.989322,0.0406602,0.0075936
73,31,0.989085,0.0409008,0.00804682
73,32,0.988869,0.0410594,0.00848457
73,33,0.988673,0.0411336,0.00890451
73,34,0.988497,0.0411217,0.00930444
73,35,0.988342,0.0410223,0.00968231
73,36,0.988207,0.0408345,0.0100362
73,37,0.988093,0.0405582,0.0103644
73,38,0.988,0.0401934,0.0106654
73,39,0.987927,0.0397408,0.0109378
73,40,0.987875,0.0392013,0.0111804
73,41,0.987843,0.0385764,0.0113923
73,42,0.987832,0.0378678,0.0115725
73,43,0.98784,0.0370775,0.0117205
73,44,0.987869,0.0362079,0.0118357
73,45,0.987917,0.0352613,0.011918
73,46,0.987984,0.0342404,0.011967
73,47,0.98807,0.033148,0.011983
73,48,0.988175,0.0319871,0.011966
73,49,0.988297,0.0307605,0.0119163
73,50,0.988437,0.0294713,0.0118344
73,51,0.988593,0.0281226,0.0117209
73,52,0.988766,0.0267175,0.0115764
73,53,0.988954,0.0252589,0.0114017
73,54,0.989156,0.0237501,0.0111978
73,55,0.989372,0.0221939,0.0109656
73,56,0.989601,0.0205935,0.0107063
73,57,0.989842,0.0189519,0.0104211
73,58,0.990094,0.017272,0.0101112
73,59,0.990357,0.0155567,0.00977804
73,60,0.990629,0.0138091,0.00942297
73,61,0.990911,0.0120318,0.00904752
73,62,0.9912,0.010228,0.00865323
73,63,0.991497,0.00840029,0.00824166
73,64,0.991801,0.00655168,0.00781444
73,65,0.992111,0.004685,0.0073732
73,66,0.992428,0.0028031,0.00691962
73,67,0.992752,0.000908875,0.00645534
73,68,0.993082,-0.000994755,0.00598205
73,69,0.993419,-0.00290484,0.00550138
73,70,0.993762,-0.00481836,0.005015
73,71,0.994113,-0.00673226,0.00452453
73,72,0.994472,-0.00864339,0.00403156
73,73,0.99484,-0.0105485,0.00353768
73,74,0.995217,-0.0124443,0.00304444
73,75,0.995605,-0.0143272,0.00255337
73,76,0.996004,-0.0161938,0.00206597
73,77,0.996416,-0.0180402,0.00158372
73,78,0.996842,-0.0198625,0.00110808
73,79,0.997282,-0.0216568,0.000640511
73,80,0.997738,-0.0234187,0.000182445
73,81,0.998211,-0.0251438,-0.000264691
73,82,0.998702,-0.0268276,-0.000699466
73,83,0.999211,-0.0284652,-0.00112047
73,84,0.99974,-0.0300517,-0.00152628
73,85,1.00029,-0.031582,-0.0019155
73,86,1.00086,-0.033051,-0.00228673
73,87,1.00145,-0.0344534,-0.00263862
73,88,1.00206,-0.0357837,-0.00296982
73,89,1.0027,-0.0370368,-0.00327906
73,90,1.00335,-0.0382075,-0.00356508
73,91,1.00403,-0.0392905,-0.00382677
73,92,1.00472,-0.0402812,-0.00406304
73,93,1.00544,-0.041175,-0.00427298
73,94,1.00617,-0.0419676,-0.00445577
73,95,1.00692,-0.0426555,-0.00461078
73,96,1.00769,-0.0432356,-0.00473751
73,97,1.00847,-0.0437053,-0.00483568
73,98,1.00927,-0.0440628,-0.00490516
73,99,1.01007,-0.0443068,-0.00494605
73,100,1.01089,-0.044437,-0.0049586
73,101,1.01171,-0.0444532,-0.00494327
73,102,1.01253,-0.0443562,-0.00490068
73,103,1.01336,-0.0441468,-0.00483159
73,104,1.01419,-0.0438264,-0.0047369
73,105,1.01501,-0.0433964,-0.00461762
73,106,1.01583,-0.0428586,-0.00447485
73,107,1.01664,-0.042215,-0.00430984
73,108,1.01744,-0.0414684,-0.00412388
73,109,1.01822,-0.0406227,-0.00391847
73,110,1.01899,-0.0396839,-0.00369518
73,111,1.01973,-0.0386615,-0.00345585
73,112,1.02045,-0.0375697,-0.00320243
73,113,1.02115,-0.0364295,-0.00293714
73,114,1.02181,-0.0352697,-0.00266239
73,115,1.02244,-0.0341284,-0.00238088
73,116,1.02304,-0.0330512,-0.00209563
73,117,1.0236,-0.0320866,-0.00181043
73,118,1.02412,-0.031273,-0.00153018
73,119,1.0246,-0.0306161,-0.0012618
73,120,1.02503,-0.0300509,-0.0010146
73,121,1.02542,-0.0293913,-0.000800058
73,122,1.02576,-0.0282748,-0.000629317
73,123,1.02605,-0.0261278,-0.000506815
73,124,1.02629,-0.0221889,-0.0004185
73,125,1.02648,-0.0156309,-0.000323221
73,126,1.02662,-0.00580132,-0.000149598
73,127,1,-0.00343474,0
74,0,1,0,0
74,1,0.996033,0.00692454,-0.000329798
74,2,0.996015,0.0170461,-0.000870272
74,3,0.995964,0.0223118,-0.00119263
74,4,0.995876,0.0244887,-0.00134083
74,5,0.995751,0.0250167,-0.00137421
74,6,0.995591,0.0248507,-0.00133903
74,7,0.995396,0.0245366,-0.00126215
74,8,0.995169,0.0243421,-0.00115431
74,9,0.994913,0.0243705,-0.0010171
74,10,0.994631,0.0246379,-0.000848662
74,11,0.994326,0.0251189,-0.000646797
74,12,0.994003,0.0257722,-0.000410295
74,13,0.993664,0.0265535,-0.000139224
74,14,0.993314,0.0274223,0.000165275
74,15,0.992956,0.0283439,0.000501314
74,16,0.992592,0.0292908,0.000866557
74,17,0.992227,0.0302419,0.00125842
74,18,0.991864,0.031182,0.00167422
74,19,0.991504,0.0320998,0.0021112
74,20,0.991151,0.0329879,0.00256661
74,21,0.990806,0.0338407,0.0030377
74,22,0.990473,0.0346541,0.0035217
74,23,0.990152,0.0354246,0.00401584
74,24,0.989845,0.0361487,0.00451734
74,25,0.989554,0.0368233,0.00502341
74,26,0.98928,0.0374447,0.00553128
74,27,0.989023,0.038009,0.00603815
74,28,0.988784,0.0385125,0.00654126
74,29,0.988564,0.038951,0.0070379
74,30,0.988363,0.0393208,0.00752536
74,31,0.988183,0.039618,0.00800106
74,32,0.988022,0.0398392,0.00846248
74,33,0.987881,0.0399814,0.00890719
74,34,0.98776,0.040042,0.00933293
74,35,0.987659,0.0400188,0.00973754
74,36,0.987578,0.0399101,0.010119
74,37,0.987517,0.0397149,0.0104756
74,38,0.987476,0.0394325,0.0108055
74,39,0.987455,0.0390627,0.0111074
74,40,0.987453,0.0386061,0.0113799
74,41,0.987471,0.0380632,0.0116218
74,42,0.987508,0.0374352,0.0118324
74,43,0.987564,0.0367238,0.0120108
74,44,0.987638,0.0359307,0.0121564
74,45,0.987731,0.035058,0.0122688
74,46,0.987842,0.0341081,0.0123478
74,47,0.987971,0.0330837,0.0123934
74,48,0.988117,0.0319873,0.0124054
74,49,0.98828,0.0308221,0.0123843
74,50,0.98846,0.0295908,0.0123302
74,51,0.988655,0.0282967,0.0122438
74,52,0.988865,0.0269428,0.0121256
74,53,0.98909,0.0255323,0.0119764
74,54,0.989329,0.0240685,0.011797
74,55,0.98958,0.0225545,0.0115884
74,56,0.989844,0.0209934,0.0113516
74,57,0.990119,0.0193885,0.0110878
74,58,0.990404,0.0177429,0.0107983
74,59,0.9907,0.0160597,0.0104843
74,60,0.991004,0.014342,0.0101473
74,61,0.991316,0.0125928,0.00978873
74,62,0.991635,0.0108151,0.00941013
74,63,0.991961,0.00901196,0.00901307
74,64,0.992294,0.00718624,0.00859914
74,65,0.992632,0.00534089,0.00816998
74,66,0.992976,0.00347881,0.00772724
74,67,0.993326,0.0016029,0.00727257
74,68,0.993681,-0.000283951,0.00680762
74,69,0.994041,-0.00217886,0.00633406
74,70,0.994408,-0.00407892,0.00585349
74,71,0.994781,-0.0059812,0.00536754
74,72,0.995161,-0.00788272,0.0048778
74,73,0.995549,-0.00978045,0.00438581
74,74,0.995946,-0.0116713,0.00389312
74,75,0.996353,-0.013552,0.00340122
74,76,0.99677,-0.0154194,0.00291159
74,77,0.997199,-0.0172699,0.0024257
74,78,0.997641,-0.0190999,0.00194499
74,79,0.998097,-0.0209057,0.00147087
74,80,0.998569,-0.0226832,0.00100478
74,81,0.999057,-0.0244283,0.000548126
74,82,0.999562,-0.0261365,0.000102325
74,83,1.00009,-0.0278032,-0.000331213
74,84,1.00063,-0.0294236,-0.000751064
74,85,1.00119,-0.0309924,-0.00115582
74,86,1.00178,-0.0325045,-0.00154407
74,87,1.00238,-0.0339544,-0.00191442
74,88,1.00301,-0.0353365,-0.00226549
74,89,1.00366,-0.0366452,-0.00259594
74,90,1.00433,-0.0378749,-0.00290448
74,91,1.00502,-0.0390201,-0.0031899
74,92,1.00573,-0.0400753,-0.00345105
74,93,1.00646,-0.0410354,-0.00368691
74,94,1.00721,-0.0418957,-0.00389656
74,95,1.00797,-0.0426519,-0.00407925
74,96,1.00875,-0.0433001,-0.00423438
74,97,1.00955,-0.0438371,-0.00436152
74,98,1.01035,-0.0442604,-0.00446042
74,99,1.01117,-0.0445682,-0.00453105
74,100,1.01199,-0.044759,-0.00457351
74,101,1.01282,-0.0448326,-0.00458814
74,102,1.01366,-0.0447886,-0.0045754
74,103,1.01449,-0.0446277,-0.00453593
74,104,1.01532,-0.0443507,-0.00447048
74,105,1.01615,-0.0439585,-0.00437994
74,106,1.01697,-0.0434525,-0.00426526
74,107,1.01778,-0.0428346,-0.00412757
74,108,1.01858,-0.0421072,-0.003968
74,109,1.01936,-0.0412739,-0.00378793
74,110,1.02012,-0.0403409,-0.00358879
74,111,1.02086,-0.0393173,-0.00337226
74,112,1.02158,-0.0382176,-0.00314017
74,113,1.02227,-0.0370628,-0.00289462
74,114,1.02293,-0.0358822,-0.00263788
74,115,1.02356,-0.034714,-0.00237259
74,116,1.02415,-0.0336044,-0.00210173
74,117,1.0247,-0.0326017,-0.00182912
74,118,1.02522,-0.0317439,-0.00155977
74,119,1.02569,-0.0310353,-0.00130074
74,120,1.02612,-0.0304095,-0.00106143
74,121,1.0265,-0.02968,-0.000853185
74,122,1.02684,-0.0284887,-0.000686086
74,123,1.02712,-0.0262749,-0.000562668
74,124,1.02736,-0.0223019,-0.000468885
74,125,1.02754,-0.0157781,-0.000359786
74,126,1.02767,-0.00608709,-0.000151199
74,127,1,-0.00343474,0
75,0,1,0,0
75,1,0.993907,0.00683093,-0.000364973
75,2,0.993912,0.0167655,-0.000932109
75,3,0.99388,0.0218545,-0.00127206
75,4,0.993816,0.023913,-0.00143039
75,5,0.993719,0.0243809,-0.00147329
75,6,0.993588,0.0241953,-0.00145033
75,7,0.993426,0.023884,-0.00138756
75,8,0.993234,0.0237035,-0.00129457
75,9,0.993016,0.0237515,-0.00117208
75,10,0.992775,0.0240424,-0.00101756
75,11,0.992514,0.0245508,-0.000828332
75,12,0.992237,0.0252357,-0.000602919
75,13,0.991947,0.0260532,-0.000341201
75,14,0.991648,0.0269623,-4.42058e-05
75,15,0.991342,0.0279279,0.000286254
75,16,0.991034,0.0289215,0.00064788
75,17,0.990725,0.0299213,0.0010381
75,18,0.990419,0.0309108,0.00145423
75,19,0.990118,0.0318781,0.00189349
75,20,0.989824,0.0328146,0.00235309
75,21,0.989539,0.0337142,0.00283025
75,22,0.989265,0.0345719,0.00332213
75,23,0.989003,0.0353837,0.00382592
75,24,0.988756,0.0361458,0.00433878
75,25,0.988523,0.0368548,0.00485788
75,26,0.988305,0.0375067,0.00538036
75,27,0.988105,0.0380978,0.00590338
75,28,0.987921,0.0386243,0.00642413
75,29,0.987756,0.0390822,0.00693981
75,30,0.987608,0.0394682,0.00744767
75,31,0.987478,0.0397786,0.00794505
75,32,0.987367,0.0400105,0.00842935
75,33,0.987275,0.0401614,0.00889809
75,34,0.987202,0.0402289,0.00934889
75,35,0.987147,0.0402114,0.00977954
75,36,0.987111,0.0401078,0.0101879
75,37,0.987094,0.0399173,0.0105722
75,38,0.987096,0.0396397,0.0109304
75,39,0.987117,0.0392753,0.0112612
75,40,0.987156,0.0388245,0.0115631
75,41,0.987214,0.0382886,0.0118348
75,42,0.987291,0.0376688,0.0120753
75,43,0.987386,0.0369668,0.0122838
75,44,0.987499,0.0361845,0.0124595
75,45,0.98763,0.0353241,0.0126019
75,46,0.987778,0.0343879,0.0127107
75,47,0.987944,0.0333785,0.0127858
75,48,0.988127,0.0322986,0.012827
75,49,0.988326,0.0311508,0.0128344
75,50,0.988541,0.029938,0.0128085
75,51,0.988772,0.0286631,0.0127495
75,52,0.989017,0.0273291,0.012658
75,53,0.989276,0.0259388,0.0125347
75,54,0.989549,0.0244954,0.0123804
75,55,0.989834,0.0230016,0.0121959
75,56,0.99013,0.0214606,0.0119823
75,57,0.990438,0.0198753,0.0117407
75,58,0.990755,0.0182485,0.0114724
75,59,0.991081,0.0165833,0.0111785
75,60,0.991416,0.0148825,0.0108605
75,61,0.991758,0.013149,0.0105199
75,62,0.992107,0.0113857,0.0101581
75,63,0.992462,0.00959542,0.00977672
75,64,0.992822,0.00778107,0.00937729
75,65,0.993187,0.00594548,0.00896147
75,66,0.993557,0.00409153,0.00853088
75,67,0.993932,0.00222209,0.00808716
75,68,0.994312,0.000340064,0.00763197
75,69,0.994696,-0.0015516,0.00716692
75,70,0.995086,-0.00344992,0.00669363
75,71,0.995481,-0.00535186,0.0062137
75,72,0.995883,-0.00725428,0.0057287
75,73,0.996291,-0.00915398,0.00524015
75,74,0.996708,-0.0110477,0.00474957
75,75,0.997133,-0.0129319,0.00425844
75,76,0.997568,-0.0148031,0.0037682
75,77,0.998014,-0.0166576,0.0032803
75,78,0.998473,-0.0184915,0.00279615
75,79,0.998945,-0.0203007,0.00231715
75,80,0.999431,-0.022081,0.0018447
75,81,0.999933,-0.0238279,0.00138018
75,82,1.00045,-0.0255369,0.000925012
75,83,1.00099,-0.027203,0.000480578
75,84,1.00154,-0.0288213,4.82995e-05
75,85,1.00212,-0.0303865,-0.000370418
75,86,1.00271,-0.0318933,-0.000774147
75,87,1.00332,-0.0333363,-0.00116149
75,88,1.00396,-0.0347099,-0.00153102
75,89,1.00461,-0.0360085,-0.00188139
75,90,1.00529,-0.0372266,-0.00221125
75,91,1.00598,-0.0383589,-0.00251933
75,92,1.00669,-0.0394001,-0.0028044
75,93,1.00742,-0.0403454,-0.00306538
75,94,1.00817,-0.04119,-0.00330125
75,95,1.00894,-0.0419301,-0.00351116
75,96,1.00972,-0.0425619,-0.00369437
75,97,1.01051,-0.0430826,-0.00385037
75,98,1.01131,-0.0434898,-0.00397875
75,99,1.01213,-0.043782,-0.00407937
75,100,1.01295,-0.0439582,-0.00415216
75,101,1.01378,-0.0440182,-0.00419735
75,102,1.01461,-0.0439622,-0.00421523
75,103,1.01544,-0.043791,-0.00420632
75,104,1.01627,-0.0435058,-0.00417119
75,105,1.01709,-0.0431079,-0.00411061
75,106,1.01791,-0.042599,-0.00402537
75,107,1.01872,-0.0419811,-0.00391644
75,108,1.01951,-0.0412568,-0.00378483
75,109,1.02029,-0.0404299,-0.00363174
75,110,1.02106,-0.0395065,-0.00345844
75,111,1.0218,-0.0384957,-0.00326647
75,112,1.02252,-0.0374116,-0.00305749
75,113,1.02321,-0.0362747,-0.00283347
75,114,1.02387,-0.0351138,-0.00259653
75,115,1.0245,-0.0339664,-0.00234922
75,116,1.02509,-0.0328771,-0.00209447
75,117,1.02565,-0.0318926,-0.0018361
75,118,1.02617,-0.0310483,-0.00157925
75,119,1.02664,-0.0303454,-0.00133109
75,120,1.02707,-0.0297147,-0.00110112
75,121,1.02746,-0.0289687,-0.000900364
75,122,1.02779,-0.0277528,-0.000738334
75,123,1.02809,-0.0255192,-0.000616322
75,124,1.02833,-0.021555,-0.000516089
75,125,1.02852,-0.0151009,-0.000393131
75,126,1.02866,-0.00556985,-0.000175844
75,127,1,-0.00343474,0
76,0,1,0,0
76,1,0.991716,0.00677716,-0.000386114
76,2,0.991735,0.016485,-0.000993973
76,3,0.991727,0.0213674,-0.00134544
76,4,0.991688,0.0232842,-0.0015116
76,5,0.991616,0.0236671,-0.0015645
76,6,0.991514,0.0234297,-0.00155365
76,7,0.991383,0.023079,-0.00150485
76,8,0.991225,0.0228588,-0.00142667
76,9,0.991044,0.0228615,-0.00131884
76,10,0.990841,0.0231002,-0.00117817
76,11,0.99062,0.0235509,-0.00100158
76,12,0.990385,0.0241747,-0.000787315
76,13,0.990139,0.0249295,-0.000535099
76,14,0.989885,0.0257762,-0.000245846
76,15,0.989627,0.0266811,7.86983e-05
76,16,0.989366,0.0276171,0.000436274
76,17,0.989107,0.0285632,0.000824332
76,18,0.988852,0.029504,0.00124017
76,19,0.988602,0.0304282,0.001681
76,20,0.988361,0.0313282,0.00214402
76,21,0.98813,0.0321982,0.00262637
76,22,0.98791,0.0330341,0.00312521
76,23,0.987704,0.033832,0.00363766
76,24,0.987513,0.0345888,0.00416084
76,25,0.987336,0.0353008,0.00469186
76,26,0.987176,0.0359644,0.00522783
76,27,0.987033,0.0365758,0.00576584
76,28,0.986908,0.0371309,0.00630304
76,29,0.9868,0.0376255,0.00683657
76,30,0.98671,0.0380557,0.00736365
76,31,0.986639,0.0384174,0.00788152
76,32,0.986586,0.038707,0.00838755
76,33,0.986551,0.0389212,0.00887918
76,34,0.986535,0.039057,0.00935396
76,35,0.986536,0.039112,0.00980959
76,36,0.986556,0.0390841,0.0102439
76,37,0.986594,0.038972,0.0106549
76,38,0.98665,0.0387745,0.0110406
76,39,0.986724,0.0384912,0.0113996
76,40,0.986815,0.0381219,0.0117301
76,41,0.986923,0.0376671,0.0120309
76,42,0.987049,0.0371276,0.0123008
76,43,0.987192,0.0365044,0.0125389
76,44,0.987352,0.0357992,0.0127444
76,45,0.987529,0.0350135,0.0129166
76,46,0.987721,0.0341496,0.0130551
76,47,0.98793,0.0332097,0.0131596
76,48,0.988155,0.0321962,0.0132299
76,49,0.988395,0.0311119,0.0132662
76,50,0.98865,0.0299595,0.0132685
76,51,0.988918,0.0287418,0.0132372
76,52,0.989201,0.027462,0.0131728
76,53,0.989497,0.0261229,0.0130759
76,54,0.989805,0.0247277,0.0129471
76,55,0.990124,0.0232796,0.0127874
76,56,0.990454,0.0217815,0.0125977
76,57,0.990794,0.0202367,0.0123792
76,58,0.991143,0.0186481,0.0121328
76,59,0.9915,0.017019,0.01186
76,60,0.991864,0.0153523,0.0115621
76,61,0.992235,0.0136511,0.0112404
76,62,0.992612,0.0119184,0.0108965
76,63,0.992994,0.0101572,0.010532
76,64,0.99338,0.00837044,0.0101483
76,65,0.993771,0.00656099,0.00974708
76,66,0.994165,0.00473178,0.00932997
76,67,0.994563,0.00288569,0.00889859
76,68,0.994965,0.0010256,0.00845456
76,69,0.995371,-0.000845617,0.00799948
76,70,0.99578,-0.00272508,0.00753496
76,71,0.996195,-0.0046099,0.00706257
76,72,0.996615,-0.00649713,0.00658384
76,73,0.997041,-0.00838378,0.00610029
76,74,0.997473,-0.0102668,0.00561339
76,75,0.997914,-0.012143,0.00512459
76,76,0.998365,-0.0140092,0.00463532
76,77,0.998825,-0.0158619,0.00414697
76,78,0.999297,-0.0176975,0.00366094
76,79,0.999782,-0.0195124,0.00317858
76,80,1.00028,-0.0213024,0.00270128
76,81,1.0008,-0.0230635,0.00223039
76,82,1.00133,-0.0247911,0.00176729
76,83,1.00187,-0.0264807,0.00131337
76,84,1.00244,-0.0281271,0.000870032
76,85,1.00303,-0.0297253,0.000438674
76,86,1.00363,-0.0312698,2.07308e-05
76,87,1.00426,-0.0327549,-0.000382387
76,88,1.0049,-0.0341751,-0.000769243
76,89,1.00557,-0.0355243,-0.00113845
76,90,1.00625,-0.0367966,-0.00148861
76,91,1.00696,-0.0379864,-0.0018184
76,92,1.00768,-0.0390877,-0.00212655
76,93,1.00843,-0.0400952,-0.00241189
76,94,1.00919,-0.0410037,-0.00267331
76,95,1.00996,-0.0418085,-0.00290987
76,96,1.01075,-0.0425053,-0.00312072
76,97,1.01155,-0.0430906,-0.00330525
76,98,1.01236,-0.0435613,-0.00346291
76,99,1.01319,-0.0439153,-0.00359342
76,100,1.01401,-0.0441509,-0.00369661
76,101,1.01485,-0.0442674,-0.00377254
76,102,1.01568,-0.0442643,-0.00382136
76,103,1.01652,-0.044142,-0.00384345
76,104,1.01735,-0.0439011,-0.00383923
76,105,1.01818,-0.0435427,-0.00380932
76,106,1.01899,-0.0430679,-0.00375437
76,107,1.0198,-0.0424785,-0.00367518
76,108,1.0206,-0.0417769,-0.00357261
76,109,1.02137,-0.0409667,-0.0034477
76,110,1.02213,-0.0400538,-0.00330157
76,111,1.02287,-0.0390472,-0.00313558
76,112,1.02358,-0.0379609,-0.00295124
76,113,1.02427,-0.0368158,-0.00275037
76,114,1.02492,-0.0356406,-0.00253496
76,115,1.02555,-0.034473,-0.00230744
76,116,1.02614,-0.033358,-0.00207068
76,117,1.02669,-0.0323418,-0.00182849
76,118,1.0272,-0.0314592,-0.00158606
76,119,1.02767,-0.0307101,-0.00135061
76,120,1.02809,-0.0300239,-0.00113162
76,121,1.02848,-0.0292139,-0.000939875
76,122,1.02881,-0.0279312,-0.000783801
76,123,1.0291,-0.0256421,-0.000662924
76,124,1.02933,-0.0216589,-0.000559309
76,125,1.02952,-0.0152556,-0.000424983
76,126,1.02964,-0.00587722,-0.000175898
76,127,1,-0.00343474,0
77,0,1,0,0
77,1,0.989488,0.0066007,-0.000417358
77,2,0.98953,0.0160664,-0.00104605
77,3,0.989544,0.0207519,-0.00141103
77,4,0.989532,0.0225494,-0.00158532
77,5,0.989492,0.0228786,-0.0016471
77,6,0.989424,0.0226285,-0.00164833
77,7,0.989331,0.0222862,-0.00161359
77,8,0.989215,0.0220838,-0.00155022
77,9,0.989078,0.0221087,-0.00145711
77,10,0.988923,0.022373,-0.00133042
77,11,0.988753,0.022853,-0.00116669
77,12,0.988572,0.0235105,-0.000963903
77,13,0.988382,0.0243037,-0.000721609
77,14,0.988186,0.0251934,-0.000440611
77,15,0.987988,0.0261453,-0.000122573
77,16,0.98779,0.0271316,0.000230292
77,17,0.987594,0.0281303,0.00061546
77,18,0.987403,0.0291249,0.00103023
77,19,0.987219,0.0301033,0.00147182
77,20,0.987044,0.0310569,0.00193737
77,21,0.986878,0.031979,0.00242403
77,22,0.986725,0.0328647,0.0029289
77,23,0.986584,0.0337097,0.00344906
77,24,0.986457,0.03451,0.0039816
77,25,0.986344,0.0352619,0.00452357
77,26,0.986247,0.0359615,0.00507204
77,27,0.986165,0.0366046,0.00562407
77,28,0.986099,0.0371873,0.00617674
77,29,0.98605,0.0377056,0.00672716
77,30,0.986017,0.0381556,0.00727248
77,31,0.986,0.0385338,0.00780991
77,32,0.986001,0.0388367,0.00833674
77,33,0.986018,0.0390615,0.00885035
77,34,0.986051,0.0392058,0.00934823
77,35,0.986102,0.0392675,0.00982801
77,36,0.986169,0.0392452,0.0102874
77,37,0.986253,0.0391378,0.0107244
77,38,0.986353,0.0389447,0.0111369
77,39,0.98647,0.0386659,0.0115233
77,40,0.986603,0.0383015,0.0118818
77,41,0.986753,0.0378524,0.0122112
77,42,0.986919,0.0373195,0.0125101
77,43,0.987102,0.0367041,0.0127774
77,44,0.9873,0.036008,0.0130122
77,45,0.987514,0.0352328,0.0132139
77,46,0.987745,0.0343809,0.0133818
77,47,0.98799,0.0334543,0.0135156
77,48,0.988251,0.0324556,0.0136151
77,49,0.988526,0.0313872,0.0136801
77,50,0.988816,0.0302519,0.0137108
77,51,0.989119,0.0290524,0.0137074
77,52,0.989435,0.0277914,0.0136704
77,53,0.989764,0.0264718,0.0136002
77,54,0.990104,0.0250965,0.0134975
77,55,0.990455,0.0236684,0.0133632
77,56,0.990816,0.0221903,0.013198
77,57,0.991187,0.0206652,0.0130031
77,58,0.991565,0.019096,0.0127796
77,59,0.991952,0.0174855,0.0125287
77,60,0.992344,0.0158367,0.0122517
77,61,0.992743,0.0141523,0.0119501
77,62,0.993146,0.0124354,0.0116252
77,63,0.993554,0.0106886,0.0112786
77,64,0.993965,0.00891495,0.0109118
77,65,0.99438,0.00711717,0.0105264
77,66,0.994798,0.00529814,0.0101241
77,67,0.995218,0.00346072,0.00970632
77,68,0.995642,0.00160779,0.00927479
77,69,0.996068,-0.000257745,0.00883107
77,70,0.996498,-0.00213293,0.00837672
77,71,0.996932,-0.00401475,0.0079133
77,72,0.997371,-0.00590013,0.0074423
77,73,0.997814,-0.00778591,0.00696523
77,74,0.998264,-0.00966883,0.00648351
77,75,0.998721,-0.0115455,0.00599858
77,76,0.999187,-0.0134124,0.00551181
77,77,0.999662,-0.0152658,0.00502459
77,78,1.00015,-0.017102,0.00453825
77,79,1.00065,-0.0189168,0.00405413
77,80,1.00116,-0.020706,0.00357358
77,81,1.00168,-0.0224652,0.00309792
77,82,1.00223,-0.0241898,0.00262851
77,83,1.00278,-0.0258747,0.00216671
77,84,1.00336,-0.027515,0.0017139
77,85,1.00395,-0.0291054,0.00127147
77,86,1.00456,-0.0306403,0.000840838
77,87,1.0052,-0.0321142,0.000423418
77,88,1.00585,-0.0335213,2.06531e-05
77,89,1.00651,-0.034856,-0.000366053
77,90,1.0072,-0.0361124,-0.000735278
77,91,1.00791,-0.0372848,-0.00108567
77,92,1.00863,-0.0383678,-0.0014159
77,93,1.00938,-0.0393562,-0.00172474
77,94,1.01013,-0.040245,-0.002011
77,95,1.01091,-0.0410297,-0.00227368
77,96,1.01169,-0.0417063,-0.00251181
77,97,1.01249,-0.0422717,-0.00272467
77,98,1.0133,-0.042723,-0.00291161
77,99,1.01411,-0.0430583,-0.0030722
77,100,1.01494,-0.0432764,-0.00320614
77,101,1.01576,-0.0433766,-0.00331335
77,102,1.01659,-0.0433591,-0.00339382
77,103,1.01742,-0.0432242,-0.00344778
77,104,1.01825,-0.0429731,-0.00347549
77,105,1.01907,-0.042607,-0.00347742
77,106,1.01989,-0.0421274,-0.00345403
77,107,1.02069,-0.0415364,-0.003406
77,108,1.02148,-0.0408365,-0.00333396
77,109,1.02226,-0.0400315,-0.00323882
77,110,1.02301,-0.039127,-0.00312148
77,111,1.02375,-0.0381322,-0.00298318
77,112,1.02446,-0.0370609,-0.00282521
77,113,1.02515,-0.0359333,-0.00264923
77,114,1.0258,-0.0347778,-0.00245708
77,115,1.02643,-0.033631,-0.00225107
77,116,1.02701,-0.0325367,-0.00203397
77,117,1.02757,-0.0315392,-0.00180959
77,118,1.02808,-0.0306709,-0.00158311
77,119,1.02855,-0.0299286,-0.00136188
77,120,1.02898,-0.0292392,-0.00115527
77,121,1.02936,-0.0284155,-0.000973718
77,122,1.0297,-0.027114,-0.000825045
77,123,1.02999,-0.0248144,-0.000707658
77,124,1.03023,-0.0208529,-0.000599753
77,125,1.03043,-0.0145338,-0.000454175
77,126,1.03057,-0.00532816,-0.000199121
77,127,1,-0.00343474,0
78,0,1,0,0
78,1,0.98721,0.00654983,-0.000435123
78,2,0.98727,0.0157364,-0.00109676
78,3,0.98731,0.0201996,-0.0014686
78,4,0.987325,0.0218592,-0.00164862
78,5,0.987315,0.0221135,-0.00171954
78,6,0.987282,0.0218218,-0.00173247
78,7,0.987226,0.0214488,-0.00171139
78,8,0.987149,0.0212138,-0.00166256
78,9,0.987055,0.0211992,-0.00158388
78,10,0.986945,0.0214165,-0.00147095
78,11,0.986823,0.0218433,-0.00131993
78,12,0.986691,0.0224434,-0.00112858
78,13,0.986552,0.023177,-0.000896288
78,14,0.98641,0.0240066,-0.000623743
78,15,0.986266,0.0248995,-0.000312535
78,16,0.986123,0.0258287,3.51744e-05
78,17,0.985984,0.0267735,0.000416892
78,18,0.98585,0.0277182,0.000829928
78,19,0.985724,0.0286516,0.00127149
78,20,0.985608,0.0295657,0.00173872
78,21,0.985502,0.0304547,0.00222873
78,22,0.985408,0.0313142,0.0027386
78,23,0.985327,0.0321403,0.00326537
78,24,0.98526,0.0329297,0.0038061
78,25,0.985208,0.0336787,0.00435781
78,26,0.985171,0.0343837,0.00491754
78,27,0.98515,0.0350406,0.00548229
78,28,0.985145,0.0356454,0.00604913
78,29,0.985156,0.0361938,0.00661512
78,30,0.985183,0.0366816,0.00717738
78,31,0.985227,0.0371047,0.00773306
78,32,0.985287,0.0374594,0.0082794
78,33,0.985363,0.037742,0.00881375
78,34,0.985455,0.0379494,0.00933352
78,35,0.985563,0.0380788,0.00983626
78,36,0.985687,0.038128,0.0103197
78,37,0.985826,0.0380952,0.0107815
78,38,0.985981,0.0379791,0.0112199
78,39,0.986152,0.0377787,0.0116328
78,40,0.986337,0.0374937,0.0120186
78,41,0.986538,0.0371241,0.0123757
78,42,0.986754,0.0366703,0.0127028
78,43,0.986985,0.0361332,0.0129988
78,44,0.98723,0.0355138,0.0132626
78,45,0.987491,0.0348138,0.0134933
78,46,0.987765,0.0340347,0.0136904
78,47,0.988053,0.0331787,0.0138533
78,48,0.988355,0.0322479,0.0139818
78,49,0.988671,0.0312448,0.0140756
78,50,0.988999,0.030172,0.0141348
78,51,0.98934,0.029032,0.0141596
78,52,0.989692,0.0278279,0.0141502
78,53,0.990056,0.0265624,0.0141071
78,54,0.99043,0.0252385,0.014031
78,55,0.990814,0.0238592,0.0139225
78,56,0.991207,0.0224276,0.0137825
78,57,0.991608,0.0209467,0.0136121
78,58,0.992016,0.0194195,0.0134121
78,59,0.992431,0.0178492,0.013184
78,60,0.992851,0.0162386,0.0129289
78,61,0.993276,0.0145909,0.0126483
78,62,0.993705,0.012909,0.0123434
78,63,0.994137,0.0111959,0.0120159
78,64,0.994572,0.00945445,0.0116672
78,65,0.995009,0.00768762,0.0112989
78,66,0.995448,0.00589827,0.0109125
78,67,0.995889,0.00408925,0.0105098
78,68,0.996332,0.0022634,0.0100921
78,69,0.996777,0.000423572,0.00966111
78,70,0.997224,-0.00142741,0.00921836
78,71,0.997674,-0.00328669,0.00876535
78,72,0.998128,-0.00515137,0.00830356
78,73,0.998586,-0.00701853,0.00783444
78,74,0.99905,-0.00888516,0.0073594
78,75,0.99952,-0.0107482,0.00687983
78,76,0.999998,-0.0126043,0.00639707
78,77,1.00049,-0.0144502,0.00591244
78,78,1.00098,-0.0162824,0.00542727
78,79,1.00149,-0.0180972,0.00494286
78,80,1.00201,-0.0198904,0.00446049
78,81,1.00255,-0.0216581,0.00398148
78,82,1.0031,-0.0233957,0.00350715
78,83,1.00367,-0.0250984,0.00303881
78,84,1.00425,-0.0267613,0.00257785
78,85,1.00486,-0.0283791,0.00212561
78,86,1.00548,-0.0299463,0.00168352
78,87,1.00612,-0.0314571,0.00125297
78,88,1.00678,-0.0329056,0.000835413
78,89,1.00745,-0.0342857,0.000432266
78,90,1.00815,-0.0355914,4.497e-05
78,91,1.00887,-0.0368164,-0.000325099
78,92,1.0096,-0.037955,-0.000676555
78,93,1.01035,-0.0390012,-0.00100813
78,94,1.01112,-0.0399496,-0.00131857
78,95,1.0119,-0.0407951,-0.00160678
78,96,1.01269,-0.0415332,-0.00187172
78,97,1.01349,-0.0421599,-0.00211256
78,98,1.01431,-0.0426719,-0.00232852
78,99,1.01513,-0.0430667,-0.00251908
78,100,1.01596,-0.0433423,-0.00268377
78,101,1.01679,-0.0434976,-0.00282239
78,102,1.01762,-0.0435321,-0.00293477
78,103,1.01845,-0.0434459,-0.00302099
78,104,1.01928,-0.0432394,-0.00308115
78,105,1.0201,-0.0429137,-0.00311556
78,106,1.02092,-0.04247,-0.0031245
78,107,1.02172,-0.0419098,-0.00310848
78,108,1.02251,-0.0412356,-0.00306797
78,109,1.02328,-0.0404509,-0.00300369
78,110,1.02403,-0.0395612,-0.00291638
78,111,1.02476,-0.0385755,-0.00280707
78,112,1.02547,-0.0375075,-0.00267688
78,113,1.02614,-0.0363776,-0.00252731
78,114,1.02679,-0.035214,-0.00236003
78,115,1.02741,-0.0340537,-0.00217722
78,116,1.02799,-0.0329402,-0.00198155
78,117,1.02854,-0.0319177,-0.0017768
78,118,1.02905,-0.0310173,-0.00156811
78,119,1.02952,-0.0302347,-0.0013628
78,120,1.02994,-0.0294958,-0.00117013
78,121,1.03032,-0.028615,-0.00100022
78,122,1.03065,-0.0272554,-0.000859781
78,123,1.03094,-0.0249122,-0.000745629
78,124,1.03118,-0.0209464,-0.000636514
78,125,1.03136,-0.0146942,-0.000482021
78,126,1.03149,-0.00565522,-0.000198024
78,127,1,-0.00343474,0
79,0,1,0,0
79,1,0.984909,0.0062883,-0.000460988
79,2,0.984992,0.0151805,-0.00113593
79,3,0.985055,0.0194311,-0.0015166
79,4,0.9851,0.0209738,-0.00170243
79,5,0.985125,0.0211818,-0.00178118
79,6,0.98513,0.0208843,-0.00180555
79,7,0.985117,0.0205245,-0.00179795
79,8,0.985087,0.0203104,-0.00176338
79,9,0.985043,0.0203202,-0.00169895
79,10,0.984987,0.0205646,-0.0015997
79,11,0.984921,0.0210221,-0.00146146
79,12,0.984849,0.0216572,-0.00128176
79,13,0.984773,0.0224309,-0.00105981
79,14,0.984695,0.0233054,-0.000796204
79,15,0.984618,0.0242475,-0.000492425
79,16,0.984544,0.0252297,-0.000150573
79,17,0.984474,0.0262302,0.0002269
79,18,0.984411,0.0272324,0.00063733
79,19,0.984356,0.028224,0.00107793
79,20,0.984311,0.029196,0.00154584
79,21,0.984276,0.0301418,0.00203816
79,22,0.984253,0.0310561,0.00255194
79,23,0.984242,0.0319344,0.00308423
79,24,0.984244,0.0327726,0.00363202
79,25,0.98426,0.0335667,0.00419234
79,26,0.98429,0.0343127,0.00476217
79,27,0.984334,0.0350063,0.00533853
79,28,0.984392,0.0356433,0.00591841
79,29,0.984465,0.0362196,0.00649885
79,30,0.984552,0.036731,0.00707694
79,31,0.984653,0.0371739,0.00764979
79,32,0.984769,0.0375446,0.00821461
79,33,0.984899,0.0378401,0.00876866
79,34,0.985043,0.0380577,0.00930933
79,35,0.985202,0.038195,0.00983409
79,36,0.985374,0.0382504,0.0103406
79,37,0.985561,0.0382225,0.0108265
79,38,0.985761,0.0381105,0.0112898
79,39,0.985976,0.0379139,0.0117285
79,40,0.986205,0.0376328,0.0121408
79,41,0.986447,0.0372675,0.012525
79,42,0.986703,0.0368188,0.0128798
79,43,0.986974,0.0362877,0.0132039
79,44,0.987258,0.0356757,0.0134962
79,45,0.987555,0.0349842,0.0137556
79,46,0.987866,0.0342152,0.0139816
79,47,0.98819,0.0333706,0.0141734
79,48,0.988527,0.0324528,0.0143307
79,49,0.988877,0.0314639,0.0144533
79,50,0.989239,0.0304066,0.0145411
79,51,0.989612,0.0292834,0.0145941
79,52,0.989996,0.0280969,0.0146126
79,53,0.990391,0.0268499,0.014597
79,54,0.990796,0.0255452,0.0145478
79,55,0.991209,0.0241854,0.0144657
79,56,0.991631,0.0227736,0.0143514
79,57,0.99206,0.0213124,0.014206
79,58,0.992496,0.0198048,0.0140305
79,59,0.992936,0.0182536,0.0138259
79,60,0.993382,0.0166616,0.0135936
79,61,0.993832,0.0150317,0.0133348
79,62,0.994284,0.0133667,0.013051
79,63,0.994739,0.0116694,0.0127436
79,64,0.995196,0.00994266,0.0124141
79,65,0.995655,0.00818922,0.0120641
79,66,0.996114,0.00641193,0.0116949
79,67,0.996575,0.0046136,0.0113083
79,68,0.997037,0.00279707,0.0109058
79,69,0.9975,0.000965203,0.0104889
79,70,0.997964,-0.000879096,0.010059
79,71,0.998431,-0.00273287,0.00961775
79,72,0.998901,-0.0045931,0.00916652
79,73,0.999375,-0.00645666,0.00870673
79,74,0.999853,-0.00832036,0.00823976
79,75,1.00034,-0.0101808,0.00776695
79,76,1.00083,-0.0120346,0.00728961
79,77,1.00133,-0.0138781,0.00680904
79,78,1.00184,-0.0157074,0.00632651
79,79,1.00236,-0.0175186,0.00584328
79,80,1.00289,-0.0193074,0.0053606
79,81,1.00344,-0.0210694,0.00487975
79,82,1.004,-0.0227998,0.00440201
79,83,1.00457,-0.0244938,0.00392866
79,84,1.00516,-0.0261463,0.00346105
79,85,1.00577,-0.0277517,0.00300051
79,86,1.0064,-0.0293047,0.00254842
79,87,1.00704,-0.0307995,0.00210618
79,88,1.00771,-0.0322302,0.00167522
79,89,1.00839,-0.0335909,0.00125694
79,90,1.00908,-0.0348756,0.0008528
79,91,1.0098,-0.0360785,0.000464185
79,92,1.01053,-0.0371939,9.25085e-05
79,93,1.01128,-0.0382162,-0.000260922
79,94,1.01204,-0.0391402,-0.000594799
79,95,1.01281,-0.0399612,-0.00090797
79,96,1.0136,-0.0406749,-0.0011993
79,97,1.0144,-0.0412777,-0.00146788
79,98,1.01521,-0.0417665,-0.0017128
79,99,1.01602,-0.0421391,-0.00193343
79,100,1.01684,-0.0423938,-0.00212916
79,101,1.01767,-0.0425299,-0.00229964
79,102,1.01849,-0.0425472,-0.00244455
79,103,1.01931,-0.0424459,-0.00256381
79,104,1.02014,-0.042227,-0.00265734
79,105,1.02095,-0.0418916,-0.00272528
79,106,1.02176,-0.0414413,-0.00276772
79,107,1.02255,-0.0408779,-0.00278501
79,108,1.02334,-0.0402039,-0.00277741
79,109,1.0241,-0.039423,-0.00274546
79,110,1.02485,-0.0385408,-0.00268968
79,111,1.02558,-0.0375661,-0.00261093
79,112,1.02628,-0.0365125,-0.00251012
79,113,1.02696,-0.0353998,-0.00238858
79,114,1.02761,-0.0342558,-0.00224778
79,115,1.02823,-0.0331166,-0.00208978
79,116,1.02881,-0.0320243,-0.00191711
79,117,1.02936,-0.0310212,-0.00173349
79,118,1.02987,-0.0301361,-0.00154404
79,119,1.03033,-0.0293616,-0.00135605
79,120,1.03076,-0.0286216,-0.00117865
79,121,1.03114,-0.0277308,-0.00102149
79,122,1.03148,-0.0263584,-0.000890707
79,123,1.03177,-0.024014,-0.000782131
79,124,1.03201,-0.0200823,-0.000670928
79,125,1.03221,-0.0139279,-0.000507724
79,126,1.03236,-0.00507473,-0.000220091
79,127,1,-0.00343474,0
80,0,1,0,0
80,1,0.982577,0.00624164,-0.000473932
80,2,0.98268,0.0148066,-0.00117262
80,3,0.982771,0.0188248,-0.00155506
80,4,0.982846,0.020236,-0.00174423
80,5,0.982905,0.02038,-0.00183085
80,6,0.982947,0.020051,-0.00186602
80,7,0.982975,0.0196687,-0.00187126
80,8,0.982989,0.0194287,-0.00185044
80,9,0.982993,0.0194047,-0.00179978
80,10,0.982988,0.0196071,-0.00171384
80,11,0.982976,0.020016,-0.00158812
80,12,0.98296,0.0205978,-0.00141994
80,13,0.982942,0.0213152,-0.00120838
80,14,0.982923,0.0221323,-0.000953882
80,15,0.982906,0.0230172,-0.00065786
80,16,0.982893,0.0239433,-0.000322337
80,17,0.982886,0.02489,5.02863e-05
80,18,0.982886,0.0258414,0.000457377
80,19,0.982894,0.0267861,0.00089617
80,20,0.982912,0.027716,0.00136381
80,21,0.982941,0.028625,0.00185739
80,22,0.982981,0.0295086,0.00237396
80,23,0.983034,0.0303629,0.00291055
80,24,0.9831,0.0311843,0.00346415
80,25,0.983179,0.0319692,0.00403176
80,26,0.983272,0.0327138,0.00461036
80,27,0.983379,0.0334141,0.00519692
80,28,0.9835,0.0340659,0.00578844
80,29,0.983635,0.0346649,0.00638193
80,30,0.983783,0.0352069,0.00697444
80,31,0.983946,0.0356877,0.00756307
80,32,0.984122,0.0361033,0.00814497
80,33,0.984311,0.0364501,0.00871739
80,34,0.984515,0.0367246,0.00927764
80,35,0.984731,0.0369241,0.00982316
80,36,0.984961,0.0370458,0.0103515
80,37,0.985203,0.0370879,0.0108603
80,38,0.985459,0.0370488,0.0113475
80,39,0.985727,0.0369272,0.0118109
80,40,0.986008,0.0367225,0.0122488
80,41,0.986301,0.0364344,0.0126594
80,42,0.986607,0.036063,0.0130411
80,43,0.986925,0.0356089,0.0133927
80,44,0.987256,0.0350729,0.0137128
80,45,0.987598,0.0344562,0.0140005
80,46,0.987953,0.0337603,0.0142549
80,47,0.988319,0.032987,0.0144754
80,48,0.988696,0.0321381,0.0146615
80,49,0.989085,0.031216,0.0148127
80,50,0.989484,0.0302229,0.0149291
80,51,0.989894,0.0291614,0.0150104
80,52,0.990313,0.0280342,0.015057
80,53,0.990741,0.026844,0.0150692
80,54,0.991178,0.0255936,0.0150473
80,55,0.991622,0.024286,0.014992
80,56,0.992073,0.022924,0.0149041
80,57,0.992531,0.0215106,0.0147844
80,58,0.992993,0.0200489,0.0146339
80,59,0.99346,0.0185418,0.0144538
80,60,0.993931,0.0169922,0.0142451
80,61,0.994404,0.0154032,0.0140092
80,62,0.994879,0.0137777,0.0137474
80,63,0.995355,0.0121186,0.0134612
80,64,0.995833,0.0104287,0.013152
80,65,0.996311,0.00871101,0.0128213
80,66,0.996789,0.00696829,0.0124706
80,67,0.997267,0.00520335,0.0121014
80,68,0.997745,0.00341898,0.0117153
80,69,0.998224,0.00161798,0.0113136
80,70,0.998703,-0.000196892,0.010898
80,71,0.999184,-0.00202283,0.0104698
80,72,0.999666,-0.00385701,0.0100305
80,73,1.00015,-0.00569656,0.00958141
80,74,1.00064,-0.00753854,0.00912388
80,75,1.00114,-0.00937991,0.00865921
80,76,1.00164,-0.0112175,0.00818868
80,77,1.00215,-0.013048,0.00771353
80,78,1.00267,-0.0148679,0.00723499
80,79,1.0032,-0.0166735,0.00675427
80,80,1.00374,-0.0184609,0.00627261
80,81,1.00429,-0.0202258,0.00579122
80,82,1.00486,-0.0219639,0.00531134
80,83,1.00544,-0.0236703,0.00483423
80,84,1.00604,-0.02534,0.00436118
80,85,1.00666,-0.0269676,0.00389351
80,86,1.00729,-0.0285475,0.00343257
80,87,1.00794,-0.0300739,0.00297972
80,88,1.00861,-0.0315407,0.00253639
80,89,1.0093,-0.0329417,0.00210397
80,90,1.01,-0.0342706,0.00168392
80,91,1.01072,-0.0355212,0.00127763
80,92,1.01146,-0.0366872,0.000886541
80,93,1.01222,-0.0377626,0.000511985
80,94,1.01298,-0.0387418,0.000155322
80,95,1.01377,-0.0396194,-0.000182242
80,96,1.01456,-0.0403905,-0.000499495
80,97,1.01536,-0.0410509,-0.000795428
80,98,1.01617,-0.0415971,-0.00106904
80,99,1.01699,-0.0420261,-0.00131958
80,100,1.01782,-0.042336,-0.0015463
80,101,1.01864,-0.0425252,-0.00174871
80,102,1.01947,-0.0425931,-0.00192632
80,103,1.02029,-0.0425396,-0.00207892
80,104,1.02111,-0.0423652,-0.00220622
80,105,1.02192,-0.0420706,-0.0023082
80,106,1.02273,-0.041657,-0.00238479
80,107,1.02352,-0.0411262,-0.00243611
80,108,1.0243,-0.0404803,-0.00246225
80,109,1.02506,-0.0397227,-0.00246357
80,110,1.02581,-0.038859,-0.00244036
80,111,1.02653,-0.0378978,-0.00239331
80,112,1.02723,-0.0368524,-0.00232312
80,113,1.0279,-0.0357428,-0.00223093
80,114,1.02854,-0.0345968,-0.00211803
80,115,1.02915,-0.0334504,-0.00198634
80,116,1.02972,-0.0323455,-0.00183826
80,117,1.03027,-0.0313238,-0.00167742
80,118,1.03077,-0.030413,-0.00150885
80,119,1.03123,-0.0296047,-0.00133975
80,120,1.03165,-0.0288219,-0.00117902
80,121,1.03203,-0.0278816,-0.00103592
80,122,1.03236,-0.0264606,-0.000915538
80,123,1.03265,-0.0240845,-0.000812252
80,124,1.03289,-0.020163,-0.000701995
80,125,1.03308,-0.014091,-0.00053224
80,126,1.03321,-0.00541924,-0.000218195
80,127,1,-0.00343474,0
81,0,1,0,0
81,1,0.980243,0.0058953,-0.000493245
81,2,0.980368,0.0141195,-0.00119647
81,3,0.980483,0.0179151,-0.00158275
81,4,0.980589,0.0192143,-0.00177519
81,5,0.980683,0.0193197,-0.00186823
81,6,0.980767,0.0189911,-0.0019137
81,7,0.98084,0.0186259,-0.00193131
81,8,0.980905,0.0184091,-0.00192371
81,9,0.980963,0.0184105,-0.00188642
81,10,0.981015,0.0186406,-0.00181353
81,11,0.981065,0.0190805,-0.00170025
81,12,0.981113,0.0196978,-0.00154371
81,13,0.981161,0.0204558,-0.00134281
81,14,0.981212,0.0213186,-0.00109789
81,15,0.981267,0.0222539,-0.000810232
81,16,0.981326,0.0232345,-0.00048178
81,17,0.981393,0.0242388,-0.000114865
81,18,0.981467,0.02525,0.000287929
81,19,0.981551,0.0262558,0.000723871
81,20,0.981644,0.0272469,0.00119013
81,21,0.981748,0.0282165,0.0016838
81,22,0.981863,0.029159,0.00220195
81,23,0.981989,0.0300698,0.00274161
81,24,0.982128,0.0309446,0.00329976
81,25,0.982278,0.0317793,0.00387339
81,26,0.98244,0.0325696,0.00445947
81,27,0.982615,0.0333112,0.00505498
81,28,0.982802,0.0339997,0.00565688
81,29,0.983,0.0346308,0.00626219
81,30,0.983211,0.0352003,0.00686792
81,31,0.983433,0.0357043,0.00747115
81,32,0.983667,0.0361389,0.00806899
81,33,0.983912,0.0365011,0.00865866
81,34,0.984169,0.0367878,0.00923742
81,35,0.984437,0.0369965,0.00980267
81,36,0.984716,0.0371254,0.0103519
81,37,0.985007,0.0371729,0.0108827
81,38,0.985308,0.0371378,0.0113929
81,39,0.985621,0.0370196,0.0118802
81,40,0.985945,0.0368179,0.0123429
81,41,0.98628,0.036533,0.0127791
81,42,0.986626,0.0361653,0.0131871
81,43,0.986983,0.0357156,0.0135655
81,44,0.987351,0.0351851,0.013913
81,45,0.98773,0.0345751,0.0142286
81,46,0.98812,0.0338873,0.0145111
81,47,0.98852,0.0331235,0.01476
81,48,0.988931,0.0322856,0.0149746
81,49,0.989352,0.0313759,0.0151544
81,50,0.989783,0.0303967,0.0152993
81,51,0.990223,0.0293504,0.0154091
81,52,0.990672,0.0282396,0.015484
81,53,0.991129,0.0270667,0.0155241
81,54,0.991594,0.0258345,0.01553
81,55,0.992065,0.0245457,0.015502
81,56,0.992543,0.0232031,0.0154409
81,57,0.993025,0.0218093,0.0153475
81,58,0.993512,0.0203671,0.0152228
81,59,0.994002,0.0188795,0.0150677
81,60,0.994495,0.017349,0.0148835
81,61,0.99499,0.0157785,0.0146713
81,62,0.995486,0.0141708,0.0144325
81,63,0.995982,0.0125287,0.0141685
81,64,0.996479,0.0108548,0.0138806
81,65,0.996975,0.00915198,0.0135703
81,66,0.99747,0.00742295,0.013239
81,67,0.997965,0.00567049,0.0128884
81,68,0.99846,0.00389736,0.0125197
81,69,0.998954,0.00210637,0.0121346
81,70,0.999448,0.000300354,0.0117344
81,71,0.999943,-0.00151778,0.0113205
81,72,1.00044,-0.00334508,0.0108942
81,73,1.00094,-0.00517848,0.0104571
81,74,1.00144,-0.00701483,0.0100102
81,75,1.00195,-0.00885083,0.00955492
81,76,1.00246,-0.0106831,0.00909246
81,77,1.00298,-0.0125079,0.00862402
81,78,1.00351,-0.0143216,0.00815077
81,79,1.00405,-0.0161201,0.00767391
81,80,1.0046,-0.0178993,0.00719461
81,81,1.00516,-0.0196546,0.00671403
81,82,1.00574,-0.0213813,0.0062334
81,83,1.00633,-0.0230746,0.00575391
81,84,1.00693,-0.0247292,0.00527682
81,85,1.00755,-0.0263397,0.0048034
81,86,1.00819,-0.0279005,0.00433497
81,87,1.00884,-0.0294058,0.00387286
81,88,1.00952,-0.0308495,0.00341846
81,89,1.0102,-0.0322258,0.00297315
81,90,1.01091,-0.0335284,0.00253836
81,91,1.01163,-0.0347515,0.00211548
81,92,1.01236,-0.0358889,0.00170595
81,93,1.01311,-0.0369352,0.00131114
81,94,1.01387,-0.0378849,0.000932421
81,95,1.01465,-0.0387329,0.00057106
81,96,1.01543,-0.0394749,0.000228333
81,97,1.01623,-0.0401068,-9.46721e-05
81,98,1.01703,-0.0406255,-0.000396851
81,99,1.01784,-0.0410284,-0.000677334
81,100,1.01866,-0.0413137,-0.000935235
81,101,1.01947,-0.0414803,-0.00116993
81,102,1.02029,-0.0415279,-0.00138076
81,103,1.0211,-0.0414566,-0.00156733
81,104,1.02192,-0.0412671,-0.00172919
81,105,1.02272,-0.0409606,-0.00186613
81,106,1.02352,-0.0405384,-0.00197786
81,107,1.0243,-0.0400026,-0.00206434
81,108,1.02508,-0.0393554,-0.00212542
81,109,1.02583,-0.0386005,-0.00216127
81,110,1.02657,-0.0377432,-0.00217197
81,111,1.02729,-0.0367922,-0.00215799
81,112,1.02798,-0.0357607,-0.00211982
81,113,1.02865,-0.0346681,-0.0020584
81,114,1.02929,-0.0335417,-0.00197483
81,115,1.0299,-0.0324166,-0.00187086
81,116,1.03048,-0.0313335,-0.00174874
81,117,1.03102,-0.0303321,-0.00161201
81,118,1.03152,-0.0294377,-0.0014656
81,119,1.03198,-0.0286391,-0.00131663
81,120,1.0324,-0.0278578,-0.00117375
81,121,1.03278,-0.0269116,-0.00104573
81,122,1.03312,-0.0254842,-0.000937074
81,123,1.03341,-0.023116,-0.000841345
81,124,1.03366,-0.0192403,-0.000731139
81,125,1.03385,-0.0132793,-0.000555059
81,126,1.03401,-0.00480727,-0.00023932
81,127,1,-0.00343474,0
82,0,1,0,0
82,1,0.977902,0.00585633,-0.000500231
82,2,0.978046,0.0137126,-0.0012172
82,3,0.97819,0.0172712,-0.00160006
82,4,0.978326,0.0184479,-0.00179331
82,5,0.978455,0.0185002,-0.00189262
82,6,0.978578,0.0181493,-0.00194752
82,7,0.978695,0.0177687,-0.00197665
82,8,0.978807,0.0175319,-0.00198157
82,9,0.978916,0.0175046,-0.00195702
82,10,0.979023,0.0176975,-0.00189667
82,11,0.97913,0.018093,-0.00179548
82,12,0.979238,0.0186608,-0.00165038
82,13,0.979348,0.019366,-0.00146014
82,14,0.979462,0.020174,-0.00122495
82,15,0.979581,0.0210539,-0.000945988
82,16,0.979707,0.0219795,-0.000625096
82,17,0.979839,0.02293,-0.000264525
82,18,0.97998,0.0238896,0.000133199
82,19,0.980131,0.0248467,0.000565393
82,20,0.980291,0.0257929,0.00102926
82,21,0.980461,0.026722,0.00152192
82,22,0.980642,0.0276293,0.00204046
82,23,0.980835,0.0285108,0.00258191
82,24,0.981039,0.0293627,0.00314328
82,25,0.981254,0.0301816,0.00372155
82,26,0.981481,0.0309634,0.00431371
82,27,0.98172,0.0317041,0.00491672
82,28,0.98197,0.0323996,0.00552755
82,29,0.982231,0.0330456,0.0061432
82,30,0.982504,0.0336377,0.00676069
82,31,0.982788,0.0341717,0.00737705
82,32,0.983082,0.0346436,0.00798941
82,33,0.983387,0.0350497,0.00859492
82,34,0.983703,0.0353864,0.00919083
82,35,0.984028,0.0356508,0.00977449
82,36,0.984364,0.0358401,0.0103433
82,37,0.98471,0.0359521,0.0108949
82,38,0.985066,0.0359851,0.0114269
82,39,0.985432,0.0359376,0.0119372
82,40,0.985807,0.0358087,0.0124237
82,41,0.986192,0.0355979,0.0128845
82,42,0.986587,0.0353051,0.013318
82,43,0.986991,0.0349305,0.0137226
82,44,0.987405,0.0344748,0.0140969
82,45,0.987828,0.0339388,0.0144397
82,46,0.98826,0.0333239,0.01475
82,47,0.988701,0.0326315,0.0150269
82,48,0.989151,0.0318634,0.0152697
82,49,0.98961,0.0310215,0.015478
82,50,0.990077,0.0301081,0.0156514
82,51,0.990551,0.0291254,0.0157898
82,52,0.991033,0.028076,0.015893
82,53,0.991521,0.0269625,0.0159614
82,54,0.992015,0.0257875,0.0159953
82,55,0.992515,0.0245539,0.015995
82,56,0.993019,0.0232644,0.0159612
82,57,0.993527,0.021922,0.0158947
82,58,0.994039,0.0205295,0.0157964
82,59,0.994552,0.0190898,0.0156671
82,60,0.995067,0.0176058,0.0155081
82,61,0.995582,0.0160805,0.0153205
82,62,0.996098,0.0145166,0.0151056
82,63,0.996613,0.0129171,0.0148646
82,64,0.997127,0.0112848,0.014599
82,65,0.99764,0.00962239,0.0143101
82,66,0.998151,0.00793272,0.0139995
82,67,0.998661,0.0062185,0.0136684
82,68,0.999169,0.00448247,0.0133185
82,69,0.999676,0.00272734,0.0129509
82,70,1.00018,0.000955798,0.0125673
82,71,1.00069,-0.000829417,0.0121688
82,72,1.0012,-0.00262555,0.0117569
82,73,1.00171,-0.0044298,0.0113328
82,74,1.00222,-0.00623928,0.0108979
82,75,1.00273,-0.008051,0.0104532
82,76,1.00325,-0.00986184,0.01
82,77,1.00378,-0.0116685,0.00953947
82,78,1.00432,-0.0134676,0.00907272
82,79,1.00487,-0.0152554,0.00860089
82,80,1.00542,-0.017028,0.0081251
82,81,1.00599,-0.0187811,0.00764649
82,82,1.00657,-0.0205103,0.00716622
82,83,1.00717,-0.0222108,0.00668544
82,84,1.00778,-0.0238775,0.00620537
82,85,1.00841,-0.0255049,0.00572724
82,86,1.00905,-0.0270875,0.00525232
82,87,1.00971,-0.0286191,0.0047819
82,88,1.01039,-0.0300938,0.00431735
82,89,1.01108,-0.0315052,0.00386002
82,90,1.01179,-0.0328469,0.00341132
82,91,1.01252,-0.0341125,0.00297262
82,92,1.01326,-0.0352956,0.00254539
82,93,1.01401,-0.0363901,0.00213097
82,94,1.01478,-0.0373901,0.00173081
82,95,1.01556,-0.0382901,0.00134618
82,96,1.01635,-0.039085,0.000978429
82,97,1.01714,-0.0397705,0.000628726
82,98,1.01795,-0.0403428,0.000298274
82,99,1.01876,-0.0407987,-1.1952e-05
82,100,1.01958,-0.0411361,-0.000300925
82,101,1.02039,-0.0413533,-0.000567886
82,102,1.02121,-0.0414495,-0.000812002
82,103,1.02202,-0.0414245,-0.00103273
82,104,1.02283,-0.0412786,-0.0012294
82,105,1.02363,-0.0410126,-0.00140166
82,106,1.02443,-0.0406277,-0.00154898
82,107,1.02521,-0.0401255,-0.00167115
82,108,1.02598,-0.0395081,-0.0017678
82,109,1.02673,-0.038779,-0.0018389
82,110,1.02746,-0.0379433,-0.0018843
82,111,1.02817,-0.0370096,-0.00190428
82,112,1.02886,-0.0359908,-0.0018991
82,113,1.02952,-0.0349063,-0.00186953
82,114,1.03015,-0.0337834,-0.00181644
82,115,1.03075,-0.032657,-0.00174144
82,116,1.03132,-0.0315675,-0.00164661
82,117,1.03186,-0.030554,-0.00153539
82,118,1.03235,-0.0296405,-0.00141255
82,119,1.03281,-0.0288148,-0.00128504
82,120,1.03323,-0.0279979,-0.00116119
82,121,1.03361,-0.0270103,-0.00104937
82,122,1.03394,-0.0255441,-0.000953049
82,123,1.03422,-0.0231564,-0.000864511
82,124,1.03446,-0.019305,-0.000757277
82,125,1.03465,-0.0134416,-0.000576838
82,126,1.03479,-0.00516694,-0.000236905
82,127,1,-0.00343474,0
83,0,1,0,0
83,1,0.975581,0.00542814,-0.000512288
83,2,0.975746,0.0129059,-0.00122446
83,3,0.975912,0.0162377,-0.00160623
83,4,0.976078,0.0173093,-0.00180013
83,5,0.976244,0.0173306,-0.00190414
83,6,0.976408,0.0169851,-0.00196778
83,7,0.976571,0.0166242,-0.00200774
83,8,0.976734,0.0164112,-0.00202444
83,9,0.976899,0.0164092,-0.00201204
83,10,0.977066,0.016629,-0.00196382
83,11,0.977236,0.0170547,-0.00187451
83,12,0.97741,0.0176571,-0.00174087
83,13,0.977589,0.018402,-0.00156151
83,14,0.977775,0.0192551,-0.00133647
83,15,0.977967,0.020185,-0.0010668
83,16,0.978167,0.021165,-0.000754219
83,17,0.978376,0.0221736,-0.000400881
83,18,0.978594,0.023194,-9.23315e-06
83,19,0.978821,0.0242136,0.000418111
83,20,0.979059,0.025223,0.0008784
83,21,0.979306,0.026215,0.00136881
83,22,0.979564,0.0271841,0.00188644
83,23,0.979832,0.0281255,0.00242836
83,24,0.98011,0.0290346,0.00299159
83,25,0.980398,0.0299071,0.00357316
83,26,0.980697,0.0307388,0.00417003
83,27,0.981005,0.031525,0.00477919
83,28,0.981322,0.0322614,0.00539762
83,29,0.981649,0.0329434,0.00602232
83,30,0.981985,0.0335669,0.00665028
83,31,0.98233,0.0341276,0.00727855
83,32,0.982683,0.0346218,0.00790421
83,33,0.983045,0.035046,0.0085244
83,34,0.983415,0.0353971,0.00913635
83,35,0.983793,0.0356726,0.00973734
83,36,0.984179,0.0358704,0.0103248
83,37,0.984573,0.0359886,0.0108962
83,38,0.984975,0.036026,0.0114491
83,39,0.985385,0.0359818,0.0119814
83,40,0.985803,0.0358555,0.0124909
83,41,0.986229,0.0356471,0.0129757
83,42,0.986663,0.0353568,0.013434
83,43,0.987105,0.0349853,0.0138641
83,44,0.987555,0.0345335,0.0142647
83,45,0.988013,0.0340025,0.0146343
83,46,0.988479,0.0333938,0.0149719
83,47,0.988953,0.0327091,0.0152766
83,48,0.989435,0.0319501,0.0155475
83,49,0.989924,0.031119,0.0157841
83,50,0.99042,0.0302177,0.015986
83,51,0.990922,0.0292486,0.0161529
83,52,0.991431,0.0282142,0.0162847
83,53,0.991946,0.0271168,0.0163815
83,54,0.992465,0.025959,0.0164437
83,55,0.992989,0.0247433,0.0164715
83,56,0.993516,0.0234726,0.0164655
83,57,0.994046,0.0221493,0.0164264
83,58,0.994579,0.0207762,0.016355
83,59,0.995112,0.019356,0.0162522
83,60,0.995646,0.0178914,0.0161192
83,61,0.99618,0.016385,0.0159569
83,62,0.996714,0.0148397,0.0157666
83,63,0.997246,0.013258,0.0155496
83,64,0.997776,0.0116426,0.0153071
83,65,0.998304,0.00999632,0.0150406
83,66,0.99883,0.00832169,0.0147515
83,67,0.999354,0.00662145,0.014441
83,68,0.999876,0.0048983,0.0141106
83,69,1.0004,0.00315495,0.0137617
83,70,1.00092,0.0013942,0.0133956
83,71,1.00143,-0.000381147,0.0130136
83,72,1.00195,-0.00216817,0.012617
83,73,1.00247,-0.00396389,0.0122071
83,74,1.003,-0.00576518,0.011785
83,75,1.00352,-0.00756881,0.011352
83,76,1.00406,-0.00937137,0.0109092
83,77,1.00459,-0.0111693,0.0104576
83,78,1.00514,-0.0129588,0.00999849
83,79,1.00569,-0.0147359,0.00953281
83,80,1.00626,-0.0164964,0.0090617
83,81,1.00684,-0.0182357,0.00858622
83,82,1.00743,-0.0199493,0.0081075
83,83,1.00803,-0.021632,0.00762665
83,84,1.00864,-0.0232788,0.00714482
83,85,1.00928,-0.024884,0.00666319
83,86,1.00992,-0.0264421,0.00618299
83,87,1.01058,-0.0279472,0.00570547
83,88,1.01126,-0.0293932,0.00523194
83,89,1.01195,-0.0307741,0.00476371
83,90,1.01266,-0.0320837,0.00430216
83,91,1.01338,-0.0333158,0.00384865
83,92,1.01412,-0.0344646,0.00340461
83,93,1.01487,-0.0355241,0.00297141
83,94,1.01563,-0.0364889,0.00255049
83,95,1.0164,-0.0373539,0.00214317
83,96,1.01718,-0.0381144,0.00175085
83,97,1.01797,-0.0387663,0.00137477
83,98,1.01876,-0.0393063,0.00101622
83,99,1.01956,-0.0397316,0.000676289
83,100,1.02037,-0.0400403,0.000356141
83,101,1.02118,-0.0402311,5.66766e-05
83,102,1.02198,-0.0403035,-0.000221095
83,103,1.02278,-0.0402575,-0.000476461
83,104,1.02358,-0.0400939,-0.000708559
83,105,1.02438,-0.0398135,-0.000916836
83,106,1.02516,-0.0394178,-0.00110055
83,107,1.02593,-0.0389087,-0.0012593
83,108,1.02669,-0.0382885,-0.00139247
83,109,1.02744,-0.0375606,-0.00149984
83,110,1.02816,-0.0367304,-0.00158101
83,111,1.02887,-0.0358061,-0.00163607
83,112,1.02955,-0.0348006,-0.00166501
83,113,1.03021,-0.0337329,-0.00166843
83,114,1.03084,-0.0326297,-0.00164697
83,115,1.03144,-0.0315249,-0.00160208
83,116,1.03201,-0.0304578,-0.00153566
83,117,1.03254,-0.0294654,-0.00145102
83,118,1.03304,-0.0285697,-0.00135278
83,119,1.03349,-0.0277557,-0.00124775
83,120,1.03391,-0.0269431,-0.00114392
83,121,1.03429,-0.0259541,-0.00104914
83,122,1.03462,-0.0244879,-0.000966332
83,123,1.03492,-0.0221169,-0.000887112
83,124,1.03516,-0.0183223,-0.000781881
83,125,1.03536,-0.0125829,-0.000597264
83,126,1.03552,-0.00452316,-0.000257222
83,127,1,-0.00343474,0
84,0,1,0,0
84,1,0.973279,0.00540252,-0.000512668
84,2,0.973463,0.0124814,-0.0012286
84,3,0.973655,0.0155775,-0.00160204
84,4,0.973851,0.0165371,-0.00179425
84,5,0.97405,0.0165156,-0.00190268
84,6,0.974253,0.0161557,-0.00197404
84,7,0.97446,0.0157852,-0.00202384
84,8,0.974671,0.0155568,-0.00205148
84,9,0.974887,0.0155304,-0.00205047
84,10,0.975109,0.0157168,-0.00201377
84,11,0.975338,0.0161018,-0.00193591
84,12,0.975573,0.0166581,-0.00181348
84,13,0.975816,0.017353,-0.00164494
84,14,0.976066,0.0181536,-0.00143018
84,15,0.976325,0.0190297,-0.0011701
84,16,0.976593,0.0199556,-0.000866304
84,17,0.97687,0.0209104,-0.000520826
84,18,0.977156,0.0218782,-0.000136023
84,19,0.977452,0.0228472,0.000285574
84,20,0.977757,0.0238089,0.000741274
84,21,0.978072,0.0247569,0.00122831
84,22,0.978398,0.0256862,0.00174383
84,23,0.978732,0.0265928,0.00228495
84,24,0.979077,0.0274729,0.00284872
84,25,0.979431,0.0283227,0.00343219
84,26,0.979794,0.0291384,0.00403235
84,27,0.980167,0.0299159,0.00464622
84,28,0.980547,0.0306511,0.00527078
84,29,0.980937,0.0313396,0.00590304
84,30,0.981335,0.0319771,0.00654
84,31,0.98174,0.0325595,0.00717871
84,32,0.982153,0.0330826,0.00781624
84,33,0.982574,0.0335427,0.00844971
84,34,0.983002,0.0339363,0.00907631
84,35,0.983437,0.0342602,0.00969331
84,36,0.983879,0.0345116,0.0102981
84,37,0.984327,0.0346882,0.010888
84,38,0.984782,0.034788,0.0114608
84,39,0.985244,0.0348096,0.012014
84,40,0.985713,0.0347518,0.0125455
84,41,0.986188,0.0346138,0.0130534
84,42,0.986669,0.0343954,0.0135356
84,43,0.987157,0.0340965,0.0139906
84,44,0.987651,0.0337177,0.0144167
84,45,0.988152,0.0332595,0.0148126
84,46,0.988659,0.0327231,0.015177
84,47,0.989171,0.0321096,0.0155091
84,48,0.98969,0.0314207,0.0158078
84,49,0.990215,0.0306582,0.0160725
84,50,0.990744,0.029824,0.0163028
84,51,0.991279,0.0289202,0.0164982
84,52,0.991818,0.0279493,0.0166586
84,53,0.992362,0.0269136,0.0167841
84,54,0.992908,0.0258156,0.0168748
84,55,0.993458,0.0246582,0.0169309
84,56,0.994009,0.0234438,0.0169531
84,57,0.994562,0.0221753,0.0169419
84,58,0.995116,0.0208555,0.0168981
84,59,0.99567,0.0194871,0.0168224
84,60,0.996223,0.018073,0.0167159
84,61,0.996775,0.0166159,0.0165797
84,62,0.997325,0.0151186,0.0164148
84,63,0.997873,0.013584,0.0162225
84,64,0.998418,0.0120146,0.0160041
84,65,0.99896,0.0104133,0.0157609
84,66,0.999499,0.00878263,0.0154941
84,67,1.00004,0.00712532,0.0152051
84,68,1.00057,0.005444,0.0148953
84,69,1.0011,0.00374128,0.014566
84,70,1.00163,0.00201979,0.0142184
84,71,1.00216,0.00028219,0.0138539
84,72,1.00269,-0.00146884,0.0134736
84,73,1.00321,-0.00323057,0.0130788
84,74,1.00375,-0.00500015,0.0126707
84,75,1.00428,-0.00677464,0.0122503
84,76,1.00482,-0.00855098,0.0118189
84,77,1.00537,-0.0103259,0.0113773
84,78,1.00592,-0.012096,0.0109267
84,79,1.00648,-0.0138575,0.0104682
84,80,1.00705,-0.0156065,0.0100027
84,81,1.00763,-0.0173389,0.00953132
84,82,1.00823,-0.01905,0.00905508
84,83,1.00883,-0.020735,0.00857504
84,84,1.00946,-0.0223889,0.00809232
84,85,1.01009,-0.0240061,0.00760804
84,86,1.01074,-0.0255809,0.00712338
84,87,1.01141,-0.0271073,0.00663953
84,88,1.01209,-0.0285791,0.00615777
84,89,1.01279,-0.0299899,0.00567935
84,90,1.0135,-0.0313334,0.00520563
84,91,1.01423,-0.0326029,0.00473794
84,92,1.01497,-0.033792,0.0042777
84,93,1.01572,-0.0348947,0.00382627
84,94,1.01648,-0.0359048,0.00338511
84,95,1.01725,-0.0368167,0.00295556
84,96,1.01804,-0.0376255,0.00253909
84,97,1.01883,-0.0383265,0.00213698
84,98,1.01963,-0.0389158,0.00175063
84,99,1.02043,-0.0393904,0.00138124
84,100,1.02123,-0.0397476,0.00103009
84,101,1.02204,-0.039986,0.000698237
84,102,1.02284,-0.0401044,0.000386857
84,103,1.02364,-0.0401028,9.68293e-05
84,104,1.02444,-0.0399813,-0.000170778
84,105,1.02523,-0.0397407,-0.00041523
84,106,1.02601,-0.0393821,-0.000635564
84,107,1.02677,-0.0389071,-0.000831179
84,108,1.02753,-0.0383179,-0.00100123
84,109,1.02827,-0.0376176,-0.00114529
84,110,1.02899,-0.0368115,-0.00126273
84,111,1.02968,-0.0359077,-0.00135343
84,112,1.03036,-0.0349188,-0.00141716
84,113,1.03101,-0.0338638,-0.00145431
84,114,1.03163,-0.0327691,-0.00146531
84,115,1.03222,-0.0316686,-0.00145145
84,116,1.03278,-0.030601,-0.00141443
84,117,1.03331,-0.0296027,-0.00135744
84,118,1.0338,-0.0286944,-0.00128489
84,119,1.03425,-0.0278601,-0.00120336
84,120,1.03466,-0.0270195,-0.00112046
84,121,1.03504,-0.0259977,-0.0010436
84,122,1.03537,-0.0245029,-0.0009747
84,123,1.03565,-0.0221242,-0.000904289
84,124,1.0359,-0.0183676,-0.000803802
84,125,1.03609,-0.012741,-0.000616767
84,126,1.03623,-0.00489583,-0.000254483
84,127,1,-0.00343474,0
85,0,1,0,0
85,1,0.971023,0.00489797,-0.000517365
85,2,0.971223,0.0115713,-0.00121939
85,3,0.971436,0.014442,-0.00158724
85,4,0.97166,0.0153051,-0.00177763
85,5,0.971893,0.0152595,-0.00188889
85,6,0.972135,0.0149084,-0.00196716
85,7,0.972387,0.0145584,-0.00202595
85,8,0.972648,0.0143531,-0.00206365
85,9,0.972919,0.0143502,-0.00207329
85,10,0.973199,0.0145615,-0.00204759
85,11,0.97349,0.0149742,-0.00198086
85,12,0.97379,0.0155626,-0.00186957
85,13,0.974101,0.0162947,-0.00171199
85,14,0.974423,0.017138,-0.00150786
85,15,0.974754,0.0180621,-0.00125792
85,16,0.975096,0.0190406,-0.000963627
85,17,0.975449,0.0200521,-0.000626874
85,18,0.975812,0.0210798,-0.000249907
85,19,0.976184,0.022111,0.000164844
85,20,0.976567,0.0231362,0.00061477
85,21,0.976959,0.0241481,0.00109718
85,22,0.977361,0.0251407,0.00160929
85,23,0.977772,0.0261092,0.00214826
85,24,0.978191,0.027049,0.00271119
85,25,0.978618,0.0279556,0.00329517
85,26,0.979053,0.0288244,0.00389725
85,27,0.979495,0.029651,0.00451445
85,28,0.979944,0.0304308,0.00514379
85,29,0.980399,0.0311591,0.0057823
85,30,0.980861,0.0318317,0.00642697
85,31,0.981328,0.0324442,0.00707487
85,32,0.9818,0.0329929,0.00772305
85,33,0.982278,0.0334741,0.00836863
85,34,0.98276,0.0338847,0.00900876
85,35,0.983247,0.0342219,0.0096407
85,36,0.983739,0.0344835,0.0102617
85,37,0.984236,0.0346676,0.0108693
85,38,0.984737,0.0347728,0.0114609
85,39,0.985242,0.0347981,0.0120343
85,40,0.985752,0.0347429,0.012587
85,41,0.986267,0.0346069,0.0131171
85,42,0.986787,0.0343903,0.0136227
85,43,0.987312,0.0340936,0.0141018
85,44,0.987841,0.0337174,0.014553
85,45,0.988375,0.0332628,0.0149747
85,46,0.988914,0.0327311,0.0153657
85,47,0.989457,0.0321237,0.0157247
85,48,0.990005,0.0314423,0.016051
85,49,0.990558,0.0306888,0.0163437
85,50,0.991114,0.0298651,0.0166023
85,51,0.991675,0.0289734,0.0168262
85,52,0.992238,0.0280159,0.0170154
85,53,0.992805,0.026995,0.0171696
85,54,0.993374,0.0259131,0.0172891
85,55,0.993944,0.0247727,0.017374
85,56,0.994516,0.0235762,0.0174247
85,57,0.995088,0.0223263,0.0174418
85,58,0.995659,0.0210255,0.017426
85,59,0.99623,0.0196764,0.0173779
85,60,0.9968,0.0182816,0.0172986
85,61,0.997367,0.0168437,0.0171891
85,62,0.997932,0.0153653,0.0170503
85,63,0.998494,0.013849,0.0168834
85,64,0.999052,0.0122973,0.0166898
85,65,0.999607,0.0107129,0.0164705
85,66,1.00016,0.00909838,0.0162268
85,67,1.00071,0.00745623,0.0159601
85,68,1.00125,0.00578912,0.0156716
85,69,1.00179,0.00409971,0.0153627
85,70,1.00233,0.00239068,0.0150344
85,71,1.00287,0.000664792,0.0146881
85,72,1.00341,-0.0010751,0.014325
85,73,1.00395,-0.00282606,0.0139461
85,74,1.00449,-0.004585,0.0135527
85,75,1.00504,-0.00634873,0.0131459
85,76,1.00559,-0.00811387,0.0127266
85,77,1.00614,-0.00987683,0.0122958
85,78,1.0067,-0.0116339,0.0118547
85,79,1.00727,-0.013381,0.0114042
85,80,1.00785,-0.0151139,0.0109453
85,81,1.00844,-0.0168281,0.0104789
85,82,1.00904,-0.0185189,0.0100061
85,83,1.00966,-0.0201814,0.00952787
85,84,1.01028,-0.0218101,0.00904526
85,85,1.01092,-0.0233996,0.00855934
85,86,1.01158,-0.0249443,0.00807122
85,87,1.01224,-0.0264382,0.00758205
85,88,1.01292,-0.0278753,0.00709303
85,89,1.01362,-0.0292494,0.00660538
85,90,1.01433,-0.0305544,0.0061204
85,91,1.01505,-0.0317842,0.00563939
85,92,1.01578,-0.0329326,0.00516375
85,93,1.01653,-0.033994,0.0046948
85,94,1.01729,-0.0349628,0.00423403
85,95,1.01805,-0.0358338,0.00378279
85,96,1.01882,-0.0366023,0.00334259
85,97,1.0196,-0.0372643,0.00291478
85,98,1.02039,-0.0378161,0.00250086
85,99,1.02118,-0.0382551,0.0021021
85,100,1.02197,-0.0385791,0.00171996
85,101,1.02277,-0.0387869,0.00135561
85,102,1.02356,-0.0388778,0.00101041
85,103,1.02435,-0.0388517,0.000685423
85,104,1.02513,-0.0387094,0.000381917
85,105,1.02591,-0.0384516,0.00010082
85,106,1.02668,-0.0380799,-0.000156669
85,107,1.02744,-0.037596,-0.000389753
85,108,1.02818,-0.0370022,-0.000597338
85,109,1.02891,-0.0363019,-0.000778798
85,110,1.02963,-0.0355001,-0.000933245
85,111,1.03032,-0.0346049,-0.00106036
85,112,1.03099,-0.0336288,-0.00115966
85,113,1.03163,-0.0325903,-0.00123134
85,114,1.03225,-0.0315153,-0.00127559
85,115,1.03284,-0.0304368,-0.00129355
85,116,1.0334,-0.0293921,-0.00128671
85,117,1.03392,-0.028416,-0.00125812
85,118,1.03441,-0.0275269,-0.00121198
85,119,1.03486,-0.0267065,-0.00115467
85,120,1.03527,-0.0258734,-0.00109342
85,121,1.03565,-0.0248548,-0.00103506
85,122,1.03598,-0.0233664,-0.000981059
85,123,1.03627,-0.021013,-0.000921374
85,124,1.03652,-0.0173236,-0.000824533
85,125,1.03673,-0.0118337,-0.000635149
85,126,1.03689,-0.00421987,-0.000274031
85,127,1,-0.00343474,0
86,0,1,0,0
86,1,0.968812,0.00489323,-0.000511084
86,2,0.969028,0.0111482,-0.00120773
86,3,0.969265,0.0137898,-0.00156304
86,4,0.969515,0.0145524,-0.00174945
86,5,0.969779,0.0144732,-0.00186327
86,6,0.970057,0.0141138,-0.00194737
86,7,0.97035,0.0137586,-0.00201408
86,8,0.970656,0.0135413,-0.00206094
86,9,0.970976,0.0135168,-0.00208044
86,10,0.97131,0.0136977,-0.00206506
86,11,0.971658,0.0140726,-0.00200898
86,12,0.972018,0.0146174,-0.00190852
86,13,0.972391,0.0153018,-0.00176179
86,14,0.972776,0.0160944,-0.00156836
86,15,0.973173,0.0169657,-0.0013288
86,16,0.973582,0.0178905,-0.00104442
86,17,0.974001,0.0188478,-0.000716951
86,18,0.974432,0.0198219,-0.000348524
86,19,0.974872,0.0208006,5.85477e-05
86,20,0.975323,0.0217753,0.000501753
86,21,0.975782,0.0227393,0.000978492
86,22,0.976251,0.0236875,0.00148605
86,23,0.976728,0.0246159,0.00202165
86,24,0.977212,0.0255204,0.00258248
86,25,0.977704,0.0263973,0.00316566
86,26,0.978203,0.0272427,0.00376828
86,27,0.978709,0.0280526,0.00438743
86,28,0.97922,0.0288227,0.00502014
86,29,0.979737,0.0295488,0.00566347
86,30,0.980259,0.0302266,0.00631444
86,31,0.980786,0.0308519,0.00697011
86,32,0.981317,0.0314207,0.00762755
86,33,0.981852,0.0319292,0.00828386
86,34,0.982391,0.0323739,0.0089362
86,35,0.982933,0.0327516,0.00958178
86,36,0.98348,0.0330595,0.0102179
86,37,0.984029,0.0332951,0.0108419
86,38,0.984582,0.0334565,0.0114513
86,39,0.985138,0.0335419,0.0120436
86,40,0.985697,0.0335502,0.0126166
86,41,0.986259,0.0334804,0.0131681
86,42,0.986824,0.033332,0.0136961
86,43,0.987393,0.033105,0.0141987
86,44,0.987964,0.0327994,0.0146742
86,45,0.988539,0.0324159,0.0151212
86,46,0.989116,0.0319553,0.0155381
86,47,0.989697,0.0314187,0.0159238
86,48,0.99028,0.0308074,0.0162773
86,49,0.990865,0.030123,0.0165978
86,50,0.991453,0.0293673,0.0168845
86,51,0.992043,0.0285423,0.0171369
86,52,0.992635,0.0276502,0.0173548
86,53,0.993227,0.0266932,0.0175379
86,54,0.993821,0.0256737,0.0176863
86,55,0.994414,0.0245941,0.0178001
86,56,0.995007,0.0234571,0.0178797
86,57,0.995599,0.0222653,0.0179255
86,58,0.996189,0.0210213,0.0179381
86,59,0.996778,0.0197277,0.0179181
86,60,0.997363,0.0183872,0.0178666
86,61,0.997946,0.0170026,0.0177842
86,62,0.998525,0.0155764,0.0176721
86,63,0.9991,0.0141113,0.0175314
86,64,0.999671,0.0126099,0.0173631
86,65,1.00024,0.0110748,0.0171684
86,66,1.0008,0.00950865,0.0169486
86,67,1.00136,0.00791389,0.0167049
86,68,1.00191,0.0062931,0.0164385
86,69,1.00246,0.0046488,0.0161506
86,70,1.00301,0.00298356,0.0158425
86,71,1.00356,0.00129993,0.0155152
86,72,1.00411,-0.000399454,0.0151699
86,73,1.00465,-0.00211191,0.0148078
86,74,1.0052,-0.00383464,0.0144299
86,75,1.00576,-0.00556475,0.0140373
86,76,1.00631,-0.00729917,0.013631
86,77,1.00687,-0.00903466,0.0132119
86,78,1.00744,-0.0107678,0.012781
86,79,1.00801,-0.0124948,0.0123392
86,80,1.0086,-0.0142117,0.0118875
86,81,1.00919,-0.0159144,0.0114269
86,82,1.0098,-0.0175982,0.0109582
86,83,1.01042,-0.0192582,0.0104824
86,84,1.01105,-0.0208893,0.0100006
86,85,1.01169,-0.022486,0.00951359
86,86,1.01235,-0.0240425,0.0090226
86,87,1.01302,-0.0255528,0.00852866
86,88,1.01371,-0.0270106,0.00803292
86,89,1.01441,-0.0284096,0.00753654
86,90,1.01512,-0.0297432,0.00704079
86,91,1.01584,-0.031005,0.00654691
86,92,1.01658,-0.0321886,0.00605629
86,93,1.01733,-0.0332878,0.00557024
86,94,1.01809,-0.0342967,0.00509025
86,95,1.01885,-0.0352095,0.00461769
86,96,1.01963,-0.0360213,0.00415412
86,97,1.02041,-0.0367275,0.00370094
86,98,1.0212,-0.0373241,0.00325974
86,99,1.02198,-0.0378081,0.00283191
86,100,1.02278,-0.0381768,0.00241902
86,101,1.02357,-0.0384287,0.00202239
86,102,1.02436,-0.0385627,0.00164357
86,103,1.02514,-0.0385785,0.00128377
86,104,1.02592,-0.0384765,0.000944493
86,105,1.0267,-0.0382572,0.00062684
86,106,1.02746,-0.0379219,0.000332246
86,107,1.02821,-0.0374721,6.17039e-05
86,108,1.02895,-0.03691,-0.000183448
86,109,1.02967,-0.0362386,-0.00040239
86,110,1.03037,-0.035463,-0.000593979
86,111,1.03106,-0.034591,-0.000757709
86,112,1.03172,-0.0336349,-0.000892831
86,113,1.03235,-0.0326131,-0.000999385
86,114,1.03296,-0.0315512,-0.00107731
86,115,1.03354,-0.0304821,-0.0011276
86,116,1.03409,-0.0294425,-0.00115154
86,117,1.03461,-0.0284663,-0.00115202
86,118,1.03509,-0.027571,-0.00113298
86,119,1.03554,-0.0267374,-0.00110055
86,120,1.03595,-0.0258839,-0.00106151
86,121,1.03632,-0.0248414,-0.00102224
86,122,1.03665,-0.0233345,-0.000983252
86,123,1.03693,-0.020985,-0.000933577
86,124,1.03718,-0.0173467,-0.00084287
86,125,1.03738,-0.0119848,-0.000652682
86,126,1.03753,-0.00460375,-0.000271066
86,127,1,-0.00343474,0
87,0,1,0,0
87,1,0.966671,0.00431989,-0.000508959
87,2,0.966901,0.0101543,-0.00118361
87,3,0.967153,0.0125772,-0.00152963
87,4,0.967427,0.0132525,-0.00171212
87,5,0.967722,0.013155,-0.00182696
87,6,0.968036,0.0128064,-0.00191606
87,7,0.968369,0.0124708,-0.00198983
87,8,0.968721,0.0122742,-0.00204489
87,9,0.969092,0.0122701,-0.00207345
87,10,0.96948,0.0124721,-0.00206779
87,11,0.969886,0.0128708,-0.00202197
87,12,0.970308,0.0134435,-0.00193217
87,13,0.970745,0.014161,-0.00179634
87,14,0.971198,0.0149921,-0.00161388
87,15,0.971664,0.0159074,-0.00138516
87,16,0.972144,0.0168811,-0.00111131
87,17,0.972636,0.0178919,-0.000793904
87,18,0.97314,0.0189231,-0.000434927
87,19,0.973655,0.0199618,-3.65531e-05
87,20,0.97418,0.0209984,0.00039882
87,21,0.974715,0.0220255,0.0008687
87,22,0.975258,0.0230369,0.00137046
87,23,0.975809,0.0240278,0.00190142
87,24,0.976367,0.0249932,0.00245883
87,25,0.976931,0.0259286,0.00303988
87,26,0.9775,0.0268295,0.00364173
87,27,0.978075,0.0276911,0.0042615
87,28,0.978653,0.0285087,0.00489627
87,29,0.979235,0.0292779,0.00554314
87,30,0.97982,0.0299941,0.00619916
87,31,0.980408,0.0306529,0.00686139
87,32,0.980998,0.0312506,0.00752692
87,33,0.981589,0.0317833,0.00819285
87,34,0.982182,0.0322478,0.00885631
87,35,0.982777,0.0326414,0.0095145
87,36,0.983372,0.0329616,0.0101647
87,37,0.983969,0.0332065,0.0108042
87,38,0.984567,0.0333746,0.0114304
87,39,0.985165,0.0334647,0.012041
87,40,0.985765,0.0334761,0.0126334
87,41,0.986366,0.0334085,0.0132056
87,42,0.986968,0.0332618,0.0137554
87,43,0.987572,0.0330363,0.0142809
87,44,0.988176,0.0327327,0.0147803
87,45,0.988783,0.0323518,0.0152521
87,46,0.98939,0.0318947,0.0156946
87,47,0.989999,0.0313628,0.0161067
87,48,0.990609,0.0307575,0.0164872
87,49,0.99122,0.0300807,0.0168352
87,50,0.991832,0.0293341,0.0171499
87,51,0.992445,0.0285197,0.0174308
87,52,0.993058,0.0276396,0.0176774
87,53,0.993671,0.0266961,0.0178895
87,54,0.994283,0.0256914,0.018067
87,55,0.994895,0.0246278,0.01821
87,56,0.995505,0.0235078,0.0183187
87,57,0.996113,0.0223337,0.0183935
87,58,0.996718,0.0211081,0.0184349
87,59,0.997321,0.0198333,0.0184434
87,60,0.99792,0.0185119,0.01842
87,61,0.998515,0.0171464,0.0183653
87,62,0.999106,0.0157391,0.0182804
87,63,0.999692,0.0142926,0.0181662
87,64,1.00027,0.0128093,0.0180239
87,65,1.00085,0.0112917,0.0178544
87,66,1.00142,0.00974233,0.017659
87,67,1.00199,0.00816363,0.0174388
87,68,1.00256,0.00655814,0.017195
87,69,1.00312,0.00492842,0.0169288
87,70,1.00368,0.0032771,0.0166412
87,71,1.00424,0.00160689,0.0163335
87,72,1.00479,-7.94351e-05,0.0160066
87,73,1.00535,-0.00177895,0.0156618
87,74,1.00591,-0.00348863,0.0152999
87,75,1.00647,-0.00520526,0.0149221
87,76,1.00703,-0.00692546,0.0145293
87,77,1.0076,-0.00864568,0.0141224
87,78,1.00818,-0.0103621,0.0137023
87,79,1.00876,-0.0120707,0.0132699
87,80,1.00936,-0.0137672,0.0128261
87,81,1.00996,-0.0154472,0.0123719
87,82,1.01057,-0.0171057,0.011908
87,83,1.0112,-0.0187378,0.0114354
87,84,1.01183,-0.0203383,0.010955
87,85,1.01248,-0.0219015,0.0104677
87,86,1.01314,-0.0234217,0.0099746
87,87,1.01381,-0.0248931,0.00947664
87,88,1.0145,-0.0263097,0.00897493
87,89,1.01519,-0.0276653,0.00847056
87,90,1.0159,-0.0289537,0.00796474
87,91,1.01662,-0.030169,0.00745868
87,92,1.01735,-0.0313052,0.00695372
87,93,1.01809,-0.0323565,0.00645115
87,94,1.01884,-0.0333174,0.00595247
87,95,1.0196,-0.0341829,0.00545905
87,96,1.02036,-0.0349483,0.0049725
87,97,1.02113,-0.0356095,0.00449428
87,98,1.02191,-0.0361631,0.00402606
87,99,1.02268,-0.0366062,0.00356932
87,100,1.02346,-0.0369369,0.00312579
87,101,1.02424,-0.0371537,0.00269692
87,102,1.02502,-0.037256,0.00228446
87,103,1.02579,-0.0372438,0.00188977
87,104,1.02656,-0.0371176,0.00151458
87,105,1.02732,-0.0368784,0.00116019
87,106,1.02807,-0.0365275,0.000828261
87,107,1.02881,-0.0360667,0.000519994
87,108,1.02954,-0.0354982,0.000236978
87,109,1.03025,-0.0348253,-1.97678e-05
87,110,1.03095,-0.0340529,-0.000248842
87,111,1.03162,-0.0331887,-0.000449546
87,112,1.03228,-0.0322449,-0.00062087
87,113,1.03291,-0.0312394,-0.000762673
87,114,1.03351,-0.0301972,-0.000874653
87,115,1.03409,-0.0291504,-0.000957647
87,116,1.03463,-0.0281344,-0.00101271
87,117,1.03515,-0.0271814,-0.0010426
87,118,1.03563,-0.0263068,-0.001051
87,119,1.03607,-0.0254893,-0.00104381
87,120,1.03648,-0.0246468,-0.00102735
87,121,1.03685,-0.0236122,-0.00100746
87,122,1.03718,-0.0221182,-0.000984188
87,123,1.03748,-0.0198019,-0.000946163
87,124,1.03773,-0.0162406,-0.000860309
87,125,1.03793,-0.0110278,-0.000669206
87,126,1.0381,-0.0038954,-0.000289783
87,127,1,-0.00343474,0
88,0,1,0,0
88,1,0.9646,0.0043447,-0.000496564
88,2,0.964842,0.00975317,-0.00115831
88,3,0.965114,0.0119583,-0.00148861
88,4,0.96541,0.0125449,-0.00166529
88,5,0.965731,0.0124217,-0.001781
88,6,0.966076,0.0120695,-0.00187411
88,7,0.966446,0.0117313,-0.00195389
88,8,0.966838,0.0115246,-0.0020163
88,9,0.967254,0.0115009,-0.00205312
88,10,0.967691,0.0116744,-0.00205653
88,11,0.968149,0.0120372,-0.00202046
88,12,0.968626,0.0125682,-0.00194098
88,13,0.969121,0.0132394,-0.00181588
88,14,0.969633,0.0140209,-0.00164438
88,15,0.970161,0.0148841,-0.00142665
88,16,0.970704,0.015804,-0.00116364
88,17,0.97126,0.01676,-0.000856754
88,18,0.971829,0.0177361,-0.000507807
88,19,0.972408,0.0187203,-0.000118831
88,20,0.972998,0.0197034,0.000307898
88,21,0.973598,0.0206788,0.000770012
88,22,0.974205,0.0216413,0.00126498
88,23,0.97482,0.0225866,0.00179023
88,24,0.975441,0.0235106,0.00234308
88,25,0.976068,0.0244095,0.00292082
88,26,0.9767,0.0252794,0.00352066
88,27,0.977335,0.0261161,0.0041398
88,28,0.977974,0.0269156,0.00477536
88,29,0.978615,0.0276736,0.00542447
88,30,0.979259,0.0283859,0.00608423
88,31,0.979904,0.0290483,0.00675173
88,32,0.98055,0.0296569,0.00742406
88,33,0.981198,0.0302078,0.00809833
88,34,0.981845,0.0306977,0.00877167
88,35,0.982493,0.0311234,0.00944127
88,36,0.983141,0.0314819,0.0101043
88,37,0.983788,0.0317709,0.0107582
88,38,0.984435,0.0319883,0.0114003
88,39,0.985082,0.0321323,0.012028
88,40,0.985729,0.0322016,0.012639
88,41,0.986375,0.0321952,0.013231
88,42,0.98702,0.0321124,0.0138018
88,43,0.987666,0.0319531,0.0143495
88,44,0.98831,0.0317173,0.0148721
88,45,0.988955,0.0314053,0.015368
88,46,0.989598,0.0310177,0.0158356
88,47,0.990242,0.0305556,0.0162736
88,48,0.990884,0.03002,0.0166808
88,49,0.991526,0.0294125,0.0170561
88,50,0.992167,0.0287345,0.0173987
88,51,0.992807,0.0279879,0.0177079
88,52,0.993445,0.0271747,0.0179832
88,53,0.994081,0.026297,0.0182243
88,54,0.994716,0.0253569,0.018431
88,55,0.995347,0.0243568,0.0186032
88,56,0.995976,0.0232991,0.0187412
88,57,0.996601,0.0221862,0.0188452
88,58,0.997223,0.0210206,0.0189157
88,59,0.99784,0.0198049,0.0189531
88,60,0.998453,0.0185414,0.0189581
88,61,0.999061,0.0172329,0.0189315
88,62,0.999664,0.0158817,0.0188742
88,63,1.00026,0.0144904,0.018787
88,64,1.00085,0.0130614,0.018671
88,65,1.00144,0.0115973,0.0185272
88,66,1.00202,0.0101004,0.0183567
88,67,1.0026,0.00857328,0.0181605
88,68,1.00317,0.00701829,0.0179398
88,69,1.00374,0.0054379,0.0176957
88,70,1.00431,0.00383456,0.0174293
88,71,1.00488,0.00221079,0.0171416
88,72,1.00544,0.000569158,0.0168337
88,73,1.006,-0.0010877,0.0165066
88,74,1.00657,-0.00275701,0.0161613
88,75,1.00714,-0.00443588,0.0157988
88,76,1.00771,-0.00612124,0.01542
88,77,1.00828,-0.00780984,0.0150257
88,78,1.00887,-0.00949819,0.0146169
88,79,1.00946,-0.0111826,0.0141944
88,80,1.01006,-0.0128589,0.013759
88,81,1.01066,-0.014523,0.0133115
88,82,1.01128,-0.0161702,0.0128528
88,83,1.01191,-0.0177955,0.0123837
88,84,1.01255,-0.0193938,0.0119052
88,85,1.0132,-0.0209596,0.0114179
88,86,1.01386,-0.0224869,0.010923
88,87,1.01454,-0.0239699,0.0104213
88,88,1.01523,-0.0254022,0.00991389
88,89,1.01593,-0.0267775,0.00940178
88,90,1.01664,-0.0280894,0.00888613
88,91,1.01736,-0.0293315,0.00836812
88,92,1.01809,-0.0304975,0.00784905
88,93,1.01884,-0.0315812,0.00733021
88,94,1.01959,-0.0325769,0.00681308
88,95,1.02034,-0.0334789,0.00629907
88,96,1.02111,-0.0342824,0.00578982
88,97,1.02188,-0.0349829,0.00528683
88,98,1.02265,-0.0355765,0.00479189
88,99,1.02342,-0.0360601,0.00430657
88,100,1.0242,-0.0364313,0.00383274
88,101,1.02498,-0.0366885,0.00337199
88,102,1.02575,-0.0368307,0.00292623
88,103,1.02652,-0.0368577,0.00249702
88,104,1.02728,-0.0367696,0.0020863
88,105,1.02803,-0.0365672,0.00169554
88,106,1.02878,-0.0362517,0.00132665
88,107,1.02951,-0.0358247,0.000981018
88,108,1.03023,-0.0352881,0.000660485
88,109,1.03094,-0.0346451,0.000366254
88,110,1.03162,-0.0339005,9.99823e-05
88,111,1.03229,-0.0330617,-0.000137451
88,112,1.03293,-0.0321408,-0.000344784
88,113,1.03355,-0.0311556,-0.000521711
88,114,1.03415,-0.0301307,-0.000667692
88,115,1.03472,-0.0290979,-0.000783425
88,116,1.03525,-0.0280922,-0.000869731
88,117,1.03576,-0.0271449,-0.000929235
88,118,1.03623,-0.0262703,-0.000965316
88,119,1.03667,-0.0254463,-0.000983582
88,120,1.03707,-0.0245913,-0.000989861
88,121,1.03744,-0.0235416,-0.00098955
88,122,1.03777,-0.0220391,-0.000981798
88,123,1.03805,-0.0197378,-0.000954438
88,124,1.0383,-0.0162401,-0.000875604
88,125,1.0385,-0.0111699,-0.000684914
88,126,1.03866,-0.00428936,-0.000286594
88,127,1,-0.00343474,0
89,0,1,0,0
89,1,0.962623,0.00371148,-0.000488722
89,2,0.962873,0.00869643,-0.00112206
89,3,0.963156,0.010694,-0.00144049
89,4,0.963472,0.011203,-0.00161174
89,5,0.963817,0.011066,-0.00172694
89,6,0.964193,0.010725,-0.00182332
89,7,0.964597,0.0104043,-0.00190832
89,8,0.96503,0.0102147,-0.00197717
89,9,0.965489,0.0102068,-0.00202148
89,10,0.965974,0.0103964,-0.00203334
89,11,0.966484,0.0107776,-0.0020066
89,12,0.967016,0.0113309,-0.00193722
89,13,0.967569,0.0120293,-0.00182282
89,14,0.968142,0.0128434,-0.00166244
89,15,0.968734,0.0137447,-0.00145604
89,16,0.969342,0.014708,-0.00120437
89,17,0.969965,0.0157123,-0.000908635
89,18,0.970602,0.0167408,-0.000570483
89,19,0.971251,0.0177807,-0.000191778
89,20,0.971912,0.0188224,0.000225345
89,21,0.972581,0.0198581,0.000678655
89,22,0.973259,0.0208819,0.00116574
89,23,0.973945,0.0218884,0.00168413
89,24,0.974636,0.0228729,0.00223126
89,25,0.975331,0.0238306,0.00280449
89,26,0.976031,0.0247569,0.00340113
89,27,0.976733,0.025647,0.00401843
89,28,0.977436,0.0264961,0.00465358
89,29,0.978141,0.0272996,0.00530378
89,30,0.978846,0.028053,0.00596614
89,31,0.979551,0.0287519,0.0066378
89,32,0.980254,0.0293923,0.00731586
89,33,0.980956,0.0299705,0.00799744
89,34,0.981657,0.0304831,0.00867968
89,35,0.982355,0.0309273,0.00935974
89,36,0.983051,0.0313006,0.0100348
89,37,0.983744,0.031601,0.0107022
89,38,0.984435,0.0318269,0.0113593
89,39,0.985123,0.031977,0.0120035
89,40,0.985809,0.0320505,0.0126323
89,41,0.986492,0.032047,0.0132435
89,42,0.987173,0.0319663,0.0138347
89,43,0.987851,0.0318085,0.014404
89,44,0.988527,0.0315743,0.0149494
89,45,0.989201,0.0312643,0.0154691
89,46,0.989873,0.0308795,0.0159614
89,47,0.990542,0.0304211,0.016425
89,48,0.991209,0.0298905,0.0168586
89,49,0.991874,0.0292892,0.017261
89,50,0.992536,0.028619,0.0176313
89,51,0.993196,0.0278817,0.0179688
89,52,0.993853,0.0270792,0.0182728
89,53,0.994507,0.0262137,0.0185428
89,54,0.995157,0.0252872,0.0187788
89,55,0.995804,0.0243019,0.0189804
89,56,0.996447,0.0232601,0.0191479
89,57,0.997086,0.0221641,0.0192813
89,58,0.99772,0.0210161,0.019381
89,59,0.998349,0.0198184,0.0194474
89,60,0.998972,0.0185735,0.0194812
89,61,0.999591,0.0172836,0.019483
89,62,1.0002,0.0159511,0.0194535
89,63,1.00081,0.0145783,0.0193937
89,64,1.00141,0.0131675,0.0193043
89,65,1.00201,0.0117212,0.0191865
89,66,1.0026,0.0102416,0.0190411
89,67,1.00319,0.0087312,0.0188692
89,68,1.00377,0.00719241,0.0186719
89,69,1.00435,0.00562772,0.0184502
89,70,1.00492,0.00403969,0.0182051
89,71,1.0055,0.00243097,0.0179377
89,72,1.00607,0.000804318,0.017649
89,73,1.00665,-0.000837378,0.01734
89,74,1.00722,-0.00249108,0.0170115
89,75,1.0078,-0.0041536,0.0166645
89,76,1.00838,-0.00582152,0.0163
89,77,1.00896,-0.00749126,0.0159186
89,78,1.00956,-0.00915898,0.0155214
89,79,1.01015,-0.0108206,0.015109
89,80,1.01076,-0.0124719,0.0146822
89,81,1.01138,-0.0141082,0.0142419
89,82,1.012,-0.0157247,0.0137888
89,83,1.01263,-0.0173164,0.0133236
89,84,1.01328,-0.0188779,0.0128473
89,85,1.01393,-0.0204038,0.0123605
89,86,1.0146,-0.0218883,0.0118642
89,87,1.01528,-0.0233256,0.0113592
89,88,1.01596,-0.0247097,0.0108466
89,89,1.01666,-0.0260346,0.0103272
89,90,1.01737,-0.0272943,0.00980218
89,91,1.01809,-0.0284827,0.00927267
89,92,1.01881,-0.0295941,0.00873994
89,93,1.01955,-0.0306229,0.00820525
89,94,1.02029,-0.0315638,0.00767007
89,95,1.02103,-0.0324118,0.00713584
89,96,1.02179,-0.0331624,0.00660422
89,97,1.02254,-0.0338118,0.00607679
89,98,1.0233,-0.0343565,0.00555542
89,99,1.02407,-0.0347939,0.00504178
89,100,1.02483,-0.035122,0.00453788
89,101,1.02559,-0.0353396,0.00404545
89,102,1.02635,-0.0354459,0.00356659
89,103,1.0271,-0.035441,0.00310304
89,104,1.02785,-0.0353254,0.00265693
89,105,1.02859,-0.0351001,0.00222994
89,106,1.02933,-0.0347666,0.00182423
89,107,1.03005,-0.0343263,0.00144136
89,108,1.03076,-0.0337817,0.00108343
89,109,1.03145,-0.0331357,0.00075183
89,110,1.03213,-0.0323932,0.000448477
89,111,1.03278,-0.0315615,0.000174424
89,112,1.03342,-0.0306523,-6.88048e-05
89,113,1.03403,-0.0296832,-0.000280746
89,114,1.03462,-0.0286781,-0.00046061
89,115,1.03518,-0.0276679,-0.000608961
89,116,1.03572,-0.0266864,-0.000726385
89,117,1.03622,-0.0257634,-0.000815371
89,118,1.03669,-0.0249111,-0.000879005
89,119,1.03713,-0.0241057,-0.000922652
89,120,1.03753,-0.0232651,-0.000951649
89,121,1.03789,-0.0222281,-0.000970846
89,122,1.03822,-0.0207447,-0.000978969
89,123,1.03851,-0.0184841,-0.000963571
89,124,1.03876,-0.0150724,-0.000890243
89,125,1.03897,-0.0101633,-0.000699613
89,126,1.03915,-0.00354877,-0.000304322
89,127,1,-0.00343474,0
90,0,1,0,0
90,1,0.960735,0.00377486,-0.00047126
90,2,0.960994,0.00833806,-0.00108631
90,3,0.961292,0.0101327,-0.00138711
90,4,0.961624,0.0105647,-0.00155142
90,5,0.96199,0.0104086,-0.00166621
90,6,0.962391,0.0100671,-0.00176504
90,7,0.962825,0.0097452,-0.00185438
90,8,0.963291,0.00954649,-0.00192894
90,9,0.963789,0.00951997,-0.00198006
90,10,0.964315,0.00968219,-0.00199979
90,11,0.96487,0.0100286,-0.00198191
90,12,0.96545,0.0105412,-0.0019223
90,13,0.966055,0.0111943,-0.00181841
90,14,0.966681,0.0119593,-0.00166908
90,15,0.967328,0.0128087,-0.00147407
90,16,0.967993,0.0137178,-0.00123392
90,17,0.968674,0.0146663,-0.000949642
90,18,0.96937,0.0156381,-0.000622702
90,19,0.970079,0.0166212,-0.000254787
90,20,0.970799,0.0176064,0.000152109
90,21,0.971529,0.0185868,0.000595907
90,22,0.972267,0.0195571,0.00107431
90,23,0.973012,0.0205128,0.001585
90,24,0.973763,0.0214498,0.00212547
90,25,0.974517,0.0223643,0.00269323
90,26,0.975275,0.0232521,0.00328563
90,27,0.976035,0.0241093,0.00390004
90,28,0.976795,0.0249318,0.00453371
90,29,0.977556,0.0257152,0.00518388
90,30,0.978317,0.0264555,0.00584773
90,31,0.979076,0.0271485,0.00652242
90,32,0.979833,0.0277904,0.00720508
90,33,0.980588,0.0283775,0.00789287
90,34,0.98134,0.0289062,0.0085829
90,35,0.982089,0.0293736,0.00927235
90,36,0.982834,0.0297768,0.00995841
90,37,0.983575,0.0301132,0.0106384
90,38,0.984313,0.0303809,0.0113095
90,39,0.985047,0.030578,0.0119692
90,40,0.985777,0.0307032,0.012615
90,41,0.986502,0.0307554,0.0132445
90,42,0.987224,0.0307338,0.0138555
90,43,0.987941,0.0306381,0.0144457
90,44,0.988655,0.0304682,0.0150131
90,45,0.989364,0.0302243,0.015556
90,46,0.990069,0.0299069,0.0160726
90,47,0.990771,0.0295168,0.0165614
90,48,0.991468,0.029055,0.017021
90,49,0.99216,0.0285227,0.0174502
90,50,0.992849,0.0279214,0.017848
90,51,0.993533,0.0272526,0.0182135
90,52,0.994213,0.0265182,0.018546
90,53,0.994887,0.0257199,0.018845
90,54,0.995557,0.02486,0.0191101
90,55,0.996222,0.0239405,0.0193412
90,56,0.996881,0.0229635,0.0195381
90,57,0.997535,0.0219314,0.019701
90,58,0.998182,0.0208465,0.0198301
90,59,0.998824,0.019711,0.0199257
90,60,0.999459,0.0185274,0.0199884
90,61,1.00009,0.0172981,0.0200187
90,62,1.00071,0.0160252,0.0200173
90,63,1.00133,0.0147113,0.0199849
90,64,1.00194,0.0133586,0.0199224
90,65,1.00254,0.0119695,0.0198307
90,66,1.00314,0.0105463,0.0197107
90,67,1.00374,0.00909135,0.0195634
90,68,1.00433,0.00760694,0.0193897
90,69,1.00491,0.00609544,0.0191906
90,70,1.0055,0.00455926,0.0189672
90,71,1.00608,0.00300083,0.0187203
90,72,1.00666,0.0014227,0.018451
90,73,1.00724,-0.000172525,0.0181602
90,74,1.00782,-0.00178208,0.0178487
90,75,1.00841,-0.00340305,0.0175175
90,76,1.009,-0.00503235,0.0171674
90,77,1.00959,-0.00666669,0.0167992
90,78,1.01019,-0.00830253,0.0164136
90,79,1.01079,-0.00993609,0.0160115
90,80,1.0114,-0.0115633,0.0155935
90,81,1.01202,-0.0131798,0.0151604
90,82,1.01265,-0.0147809,0.0147129
90,83,1.01329,-0.0163616,0.0142517
90,84,1.01394,-0.0179168,0.0137776
90,85,1.0146,-0.0194408,0.0132913
90,86,1.01527,-0.0209278,0.0127936
90,87,1.01595,-0.0223719,0.0122853
90,88,1.01664,-0.0237669,0.0117674
90,89,1.01734,-0.0251066,0.0112407
90,90,1.01805,-0.0263845,0.0107063
90,91,1.01877,-0.0275945,0.0101653
90,92,1.0195,-0.0287305,0.0096189
90,93,1.02023,-0.0297864,0.0090684
90,94,1.02097,-0.0307566,0.00851527
90,95,1.02172,-0.0316359,0.00796094
90,96,1.02247,-0.0324194,0.00740716
90,97,1.02323,-0.033103,0.00685555
90,98,1.02398,-0.0336829,0.00630806
90,99,1.02474,-0.0341562,0.00576648
90,100,1.0255,-0.0345207,0.00523295
90,101,1.02626,-0.0347748,0.00470935
90,102,1.02701,-0.0349176,0.00419796
90,103,1.02776,-0.034949,0.00370066
90,104,1.0285,-0.0348691,0.00321984
90,105,1.02924,-0.034679,0.00275733
90,106,1.02996,-0.0343796,0.00231554
90,107,1.03067,-0.0339725,0.00189619
90,108,1.03137,-0.0334598,0.00150164
90,109,1.03206,-0.0328444,0.00113345
90,110,1.03272,-0.032131,0.000793783
90,111,1.03337,-0.0313267,0.000483855
90,112,1.034,-0.030443,0.000205438
90,113,1.0346,-0.0294973,-4.08661e-05
90,114,1.03518,-0.0285133,-0.000254028
90,115,1.03573,-0.0275213,-0.000434496
90,116,1.03625,-0.0265549,-0.00058262
90,117,1.03675,-0.0256428,-0.000700753
90,118,1.03721,-0.0247964,-0.000791667
90,119,1.03764,-0.0239913,-0.000860426
90,120,1.03803,-0.0231459,-0.000911835
90,121,1.03839,-0.0221026,-0.000950315
90,122,1.03872,-0.0206204,-0.000973735
90,123,1.039,-0.0183854,-0.000968992
90,124,1.03925,-0.015049,-0.000902955
90,125,1.03945,-0.0102965,-0.000713496
90,126,1.03961,-0.00395249,-0.000300825
90,127,1,-0.00343474,0
91,0,1,0,0
91,1,0.95896,0.00309117,-0.000459206
91,2,0.959223,0.0072392,-0.00104153
91,3,0.959528,0.00884086,-0.00132916
91,4,0.959873,0.00920485,-0.0014873
91,5,0.960258,0.0090386,-0.00160057
91,6,0.960682,0.0087075,-0.00170134
91,7,0.961144,0.00839981,-0.0017944
91,8,0.961643,0.00821353,-0.00187393
91,9,0.962176,0.0081975,-0.00193119
91,10,0.962743,0.00836999,-0.00195825
91,11,0.963341,0.00872853,-0.00194884
91,12,0.963968,0.00925667,-0.00189876
91,13,0.964622,0.00992983,-0.00180529
91,14,0.965301,0.0107201,-0.0016671
91,15,0.966003,0.0116002,-0.0014837
91,16,0.966725,0.0125453,-0.00125544
91,17,0.967466,0.013535,-0.000983087
91,18,0.968222,0.0145526,-0.000667946
91,19,0.968994,0.0155854,-0.000311504
91,20,0.969777,0.0166236,8.44023e-05
91,21,0.970571,0.0176596,0.000517856
91,22,0.971374,0.0186873,0.000986696
91,23,0.972183,0.0197012,0.00148873
91,24,0.972998,0.0206965,0.00202159
91,25,0.973817,0.0216683,0.00258288
91,26,0.974638,0.022612,0.00317005
91,27,0.97546,0.0235226,0.00378057
91,28,0.976282,0.0243954,0.00441175
91,29,0.977103,0.0252258,0.00506091
91,30,0.977921,0.026009,0.00572527
91,31,0.978737,0.0267407,0.00640206
91,32,0.979549,0.0274169,0.00708841
91,33,0.980356,0.0280338,0.00778152
91,34,0.981159,0.0285879,0.00847849
91,35,0.981956,0.0290765,0.00917653
91,36,0.982747,0.029497,0.00987279
91,37,0.983533,0.0298471,0.0105645
91,38,0.984312,0.0301254,0.011249
91,39,0.985085,0.0303304,0.0119236
91,40,0.985852,0.0304612,0.0125858
91,41,0.986613,0.0305174,0.0132331
91,42,0.987367,0.0304986,0.0138632
91,43,0.988116,0.0304049,0.0144739
91,44,0.988858,0.0302368,0.0150631
91,45,0.989595,0.0299948,0.0156288
91,46,0.990325,0.0296798,0.0161693
91,47,0.99105,0.0292928,0.016683
91,48,0.991769,0.0288351,0.0171684
91,49,0.992482,0.0283081,0.0176242
91,50,0.99319,0.0277134,0.0180492
91,51,0.993891,0.0270527,0.0184426
91,52,0.994587,0.0263278,0.0188036
91,53,0.995277,0.0255405,0.0191314
91,54,0.99596,0.0246928,0.0194257
91,55,0.996637,0.0237869,0.0196861
91,56,0.997308,0.0228247,0.0199126
91,57,0.997973,0.0218083,0.020105
91,58,0.998631,0.0207399,0.0202635
91,59,0.999282,0.0196218,0.0203884
91,60,0.999926,0.0184559,0.02048
91,61,1.00056,0.0172446,0.0205389
91,62,1.0012,0.01599,0.0205656
91,63,1.00182,0.0146943,0.0205607
91,64,1.00244,0.0133597,0.0205252
91,65,1.00305,0.0119885,0.0204597
91,66,1.00366,0.0105829,0.020365
91,67,1.00426,0.00914524,0.0202422
91,68,1.00486,0.00767786,0.0200921
91,69,1.00546,0.00618318,0.0199156
91,70,1.00605,0.00466372,0.0197138
91,71,1.00664,0.00312208,0.0194874
91,72,1.00723,0.00156101,0.0192374
91,73,1.00782,-1.66177e-05,0.0189647
91,74,1.00842,-0.00160775,0.0186701
91,75,1.00901,-0.00320916,0.0183546
91,76,1.00961,-0.00481741,0.0180188
91,77,1.01021,-0.00642887,0.0176636
91,78,1.01082,-0.00803967,0.0172896
91,79,1.01143,-0.00964567,0.0168977
91,80,1.01205,-0.0112425,0.0164884
91,81,1.01268,-0.0128256,0.0160625
91,82,1.01332,-0.0143901,0.0156207
91,83,1.01396,-0.0159309,0.0151635
91,84,1.01462,-0.0174428,0.0146917
91,85,1.01528,-0.0189201,0.0142059
91,86,1.01595,-0.0203573,0.0137069
91,87,1.01663,-0.0217485,0.0131954
91,88,1.01732,-0.0230879,0.0126723
91,89,1.01802,-0.0243697,0.0121385
91,90,1.01872,-0.0255879,0.0115949
91,91,1.01944,-0.0267369,0.0110426
91,92,1.02016,-0.0278109,0.0104828
91,93,1.02088,-0.0288046,0.00991672
91,94,1.02162,-0.029713,0.0093459
91,95,1.02235,-0.0305314,0.00877177
91,96,1.02309,-0.0312556,0.00819612
91,97,1.02383,-0.0318818,0.00762063
91,98,1.02458,-0.032407,0.00704737
91,99,1.02532,-0.0328287,0.00647821
91,100,1.02607,-0.033145,0.00591544
91,101,1.02681,-0.0333548,0.00536108
91,102,1.02755,-0.0334575,0.00481759
91,103,1.02828,-0.0334533,0.00428703
91,104,1.02901,-0.0333427,0.00377199
91,105,1.02973,-0.0331268,0.00327448
91,106,1.03044,-0.0328069,0.00279714
91,107,1.03114,-0.0323847,0.00234189
91,108,1.03183,-0.0318622,0.00191132
91,109,1.0325,-0.0312425,0.00150715
91,110,1.03315,-0.0305302,0.0011318
91,111,1.03379,-0.0297322,0.000786645
91,112,1.03441,-0.02886,0.000473695
91,113,1.035,-0.0279301,0.00019369
91,114,1.03557,-0.0269661,-5.20992e-05
91,115,1.03612,-0.0259971,-0.000264012
91,116,1.03664,-0.0250556,-0.000442162
91,117,1.03712,-0.0241687,-0.000588783
91,118,1.03758,-0.0233463,-0.000706335
91,119,1.03801,-0.0225622,-0.00079964
91,120,1.0384,-0.0217346,-0.000872984
91,121,1.03876,-0.0207088,-0.000930261
91,122,1.03908,-0.0192516,-0.000968938
91,123,1.03937,-0.0170643,-0.000975748
91,124,1.03962,-0.0138222,-0.000915214
91,125,1.03984,-0.00924165,-0.000726272
91,126,1.04002,-0.00318036,-0.000317328
91,127,1,-0.00343474,0
92,0,1,0,0
92,1,0.957291,0.00320165,-0.000438043
92,2,0.957558,0.00694241,-0.000999117
92,3,0.957872,0.00835868,-0.0012686
92,4,0.958229,0.00865702,-0.00141946
92,5,0.958628,0.00847714,-0.00153164
92,6,0.959071,0.00814748,-0.00163382
92,7,0.959555,0.0078392,-0.00172998
92,8,0.96008,0.00764408,-0.00181397
92,9,0.960643,0.0076098,-0.00187689
92,10,0.961244,0.00775549,-0.00191085
92,11,0.961878,0.00807999,-0.00190957
92,12,0.962545,0.00856815,-0.00186876
92,13,0.963242,0.00919644,-0.00178554
92,14,0.963966,0.00993788,-0.00165839
92,15,0.964714,0.0107658,-0.00148659
92,16,0.965485,0.0116561,-0.00127029
92,17,0.966276,0.0125889,-0.00101003
92,18,0.967084,0.0135482,-0.000706937
92,19,0.967908,0.0145218,-0.000362293
92,20,0.968745,0.0155007,2.22197e-05
92,21,0.969592,0.0164778,0.000444855
92,22,0.970448,0.0174476,0.000903586
92,23,0.971312,0.0184057,0.00139637
92,24,0.97218,0.0193477,0.00192095
92,25,0.973053,0.0202698,0.00247505
92,26,0.973927,0.0211678,0.00305624
92,27,0.974802,0.0220378,0.00366206
92,28,0.975676,0.0228756,0.00428991
92,29,0.976549,0.0236769,0.00493721
92,30,0.977418,0.0244378,0.0056012
92,31,0.978284,0.0251543,0.00627919
92,32,0.979146,0.0258224,0.00696833
92,33,0.980002,0.0264386,0.00766585
92,34,0.980852,0.0269994,0.00836888
92,35,0.981696,0.0275019,0.00907461
92,36,0.982533,0.0279432,0.0097802
92,37,0.983363,0.0283209,0.0104829
92,38,0.984186,0.0286329,0.0111799
92,39,0.985001,0.0288775,0.0118687
92,40,0.985809,0.0290532,0.0125465
92,41,0.986609,0.0291588,0.0132109
92,42,0.987401,0.0291937,0.0138594
92,43,0.988186,0.0291572,0.01449
92,44,0.988963,0.0290493,0.0151002
92,45,0.989732,0.02887,0.0156883
92,46,0.990493,0.0286196,0.0162522
92,47,0.991247,0.0282988,0.0167903
92,48,0.991993,0.0279085,0.0173011
92,49,0.992732,0.0274496,0.0177831
92,50,0.993462,0.0269235,0.0182352
92,51,0.994186,0.0263315,0.0186562
92,52,0.994902,0.0256752,0.0190454
92,53,0.99561,0.0249564,0.0194019
92,54,0.99631,0.0241768,0.0197251
92,55,0.997003,0.0233384,0.0200148
92,56,0.997688,0.0224431,0.0202706
92,57,0.998366,0.0214931,0.0204924
92,58,0.999035,0.0204905,0.0206802
92,59,0.999698,0.0194373,0.0208343
92,60,1.00035,0.0183358,0.0209548
92,61,1.001,0.0171881,0.0210422
92,62,1.00164,0.0159964,0.0210969
92,63,1.00227,0.014763,0.0211196
92,64,1.0029,0.0134899,0.0211109
92,65,1.00352,0.0121794,0.0210715
92,66,1.00414,0.0108337,0.0210022
92,67,1.00475,0.00945497,0.0209038
92,68,1.00536,0.00804549,0.0207772
92,69,1.00596,0.00660752,0.0206233
92,70,1.00656,0.0051434,0.0204429
92,71,1.00716,0.00365554,0.0202368
92,72,1.00776,0.00214644,0.0200061
92,73,1.00836,0.000618742,0.0197514
92,74,1.00896,-0.000924798,0.0194736
92,75,1.00956,-0.00248124,0.0191736
92,76,1.01016,-0.00404744,0.018852
92,77,1.01077,-0.00562006,0.0185096
92,78,1.01139,-0.00719549,0.018147
92,79,1.01201,-0.00876988,0.0177651
92,80,1.01264,-0.0103391,0.0173643
92,81,1.01327,-0.0118987,0.0169453
92,82,1.01391,-0.013444,0.0165087
92,83,1.01456,-0.0149699,0.0160552
92,84,1.01522,-0.0164713,0.0155853
92,85,1.01589,-0.0179425,0.0150997
92,86,1.01657,-0.0193778,0.014599
92,87,1.01725,-0.0207713,0.014084
92,88,1.01794,-0.022117,0.0135554
92,89,1.01864,-0.0234087,0.013014
92,90,1.01935,-0.0246402,0.0124609
92,91,1.02006,-0.0258056,0.011897
92,92,1.02078,-0.026899,0.0113236
92,93,1.02151,-0.0279146,0.0107418
92,94,1.02224,-0.0288471,0.0101532
92,95,1.02297,-0.0296917,0.00955935
92,96,1.02371,-0.0304437,0.00896197
92,97,1.02445,-0.0310992,0.00836285
92,98,1.02519,-0.0316549,0.00776418
92,99,1.02593,-0.0321081,0.0071679
92,100,1.02667,-0.0324566,0.00657649
92,101,1.02741,-0.0326993,0.00599206
92,102,1.02814,-0.0328353,0.00541729
92,103,1.02887,-0.0328645,0.00485437
92,104,1.02959,-0.0327874,0.00430612
92,105,1.0303,-0.0326048,0.00377469
92,106,1.031,-0.0323178,0.00326298
92,107,1.03169,-0.0319281,0.00277304
92,108,1.03236,-0.0314375,0.00230771
92,109,1.03302,-0.030849,0.00186885
92,110,1.03367,-0.0301668,0.00145913
92,111,1.03429,-0.029398,0.00108003
92,112,1.0349,-0.0285535,0.000733823
92,113,1.03548,-0.02765,0.000421344
92,114,1.03604,-0.0267103,0.000144096
92,115,1.03658,-0.0257636,-9.81749e-05
92,116,1.03708,-0.0248415,-0.000305347
92,117,1.03756,-0.0239705,-0.000479545
92,118,1.03801,-0.0231596,-0.000622899
92,119,1.03843,-0.0223823,-0.000739944
92,120,1.03882,-0.0215573,-0.000834411
92,121,1.03917,-0.0205336,-0.00090979
92,122,1.03949,-0.0190869,-0.000962726
92,123,1.03977,-0.0169353,-0.000979418
92,124,1.04002,-0.0137791,-0.000925742
92,125,1.04022,-0.00936815,-0.000738221
92,126,1.04039,-0.00359453,-0.000313372
92,127,1,-0.00343474,0
93,0,1,0,0
93,1,0.955748,0.0024766,-0.000423454
93,2,0.956016,0.00582024,-0.0009497
93,3,0.956331,0.00706056,-0.00120606
93,4,0.956696,0.00730023,-0.00135089
93,5,0.957109,0.00711285,-0.00146118
93,6,0.957568,0.00679214,-0.00156456
93,7,0.958073,0.00649431,-0.00166349
93,8,0.958621,0.0063067,-0.00175143
93,9,0.959212,0.00627725,-0.00181956
93,10,0.959843,0.00642696,-0.00186005
93,11,0.960512,0.00675671,-0.0018666
93,12,0.961216,0.007253,-0.00183489
93,13,0.961953,0.00789346,-0.00176184
93,14,0.962719,0.00865185,-0.00164577
93,15,0.963513,0.00950185,-0.00148572
93,16,0.964332,0.0104196,-0.00128162
93,17,0.965172,0.0113849,-0.00103379
93,18,0.966032,0.0123817,-0.000743157
93,19,0.966909,0.0133972,-0.000410796
93,20,0.9678,0.0144218,-3.82273e-05
93,21,0.968703,0.0154479,0.000372985
93,22,0.969616,0.0164692,0.000820954
93,23,0.970536,0.0174805,0.0013038
93,24,0.971462,0.0184766,0.00181937
93,25,0.972392,0.0194528,0.00236555
93,26,0.973323,0.0204042,0.00293999
93,27,0.974255,0.0213261,0.00354036
93,28,0.975185,0.0222135,0.00416414
93,29,0.976112,0.0230617,0.0048088
93,30,0.977035,0.0238661,0.00547169
93,31,0.977953,0.0246224,0.00615015
93,32,0.978865,0.0253263,0.00684137
93,33,0.97977,0.0259742,0.00754262
93,34,0.980667,0.0265625,0.00825104
93,35,0.981556,0.0270884,0.00896384
93,36,0.982437,0.0275493,0.00967816
93,37,0.983308,0.0279429,0.0103912
93,38,0.984169,0.0282676,0.0111003
93,39,0.985021,0.0285219,0.0118026
93,40,0.985864,0.0287049,0.0124955
93,41,0.986696,0.0288159,0.0131766
93,42,0.987519,0.0288546,0.0138432
93,43,0.988332,0.028821,0.0144932
93,44,0.989135,0.0287153,0.0151242
93,45,0.989929,0.028538,0.0157342
93,46,0.990713,0.0282899,0.0163212
93,47,0.991488,0.0279719,0.0168835
93,48,0.992253,0.0275851,0.0174194
93,49,0.993009,0.0271308,0.0179275
93,50,0.993757,0.0266104,0.0184063
93,51,0.994495,0.0260254,0.0188548
93,52,0.995224,0.0253775,0.0192719
93,53,0.995945,0.0246683,0.0196569
93,54,0.996657,0.0238997,0.020009
93,55,0.99736,0.0230736,0.0203278
93,56,0.998055,0.0221919,0.0206128
93,57,0.998742,0.0212564,0.0208638
93,58,0.99942,0.0202692,0.0210808
93,59,1.00009,0.0192323,0.0212639
93,60,1.00075,0.0181476,0.0214131
93,61,1.00141,0.0170172,0.0215288
93,62,1.00206,0.0158432,0.0216114
93,63,1.0027,0.0146276,0.0216613
93,64,1.00333,0.0133724,0.0216792
93,65,1.00396,0.0120799,0.0216657
93,66,1.00458,0.0107521,0.0216214
93,67,1.0052,0.00939132,0.0215472
93,68,1.00582,0.0079998,0.0214438
93,69,1.00643,0.00657992,0.021312
93,70,1.00704,0.00513416,0.0211526
93,71,1.00765,0.0036651,0.0209665
93,72,1.00826,0.00217549,0.0207545
93,73,1.00887,0.00066823,0.0205174
93,74,1.00948,-0.000853617,0.0202559
93,75,1.0101,-0.00238678,0.0199709
93,76,1.01071,-0.00392778,0.019663
93,77,1.01133,-0.00547293,0.0193329
93,78,1.01196,-0.00701828,0.0189813
93,79,1.01259,-0.00855967,0.0186088
93,80,1.01323,-0.0100927,0.018216
93,81,1.01387,-0.0116127,0.0178035
93,82,1.01452,-0.0131148,0.0173718
93,83,1.01517,-0.014594,0.0169215
93,84,1.01584,-0.0160449,0.0164532
93,85,1.01651,-0.0174621,0.0159674
93,86,1.01719,-0.01884,0.0154648
93,87,1.01787,-0.020173,0.014946
93,88,1.01856,-0.0214554,0.0144117
93,89,1.01926,-0.0226815,0.0138627
93,90,1.01996,-0.0238457,0.0132999
93,91,1.02067,-0.0249424,0.0127244
93,92,1.02138,-0.0259664,0.0121374
93,93,1.0221,-0.0269126,0.01154
93,94,1.02282,-0.0277763,0.0109338
93,95,1.02355,-0.0285532,0.0103203
93,96,1.02427,-0.0292394,0.0097015
93,97,1.025,-0.0298316,0.00907911
93,98,1.02572,-0.0303269,0.00845545
93,99,1.02645,-0.0307231,0.00783258
93,100,1.02717,-0.0310186,0.0072131
93,101,1.02789,-0.0312126,0.00659927
93,102,1.02861,-0.0313046,0.00599396
93,103,1.02932,-0.0312948,0.00539949
93,104,1.03003,-0.0311839,0.00481891
93,105,1.03072,-0.0309729,0.00425452
93,106,1.03141,-0.0306632,0.00370945
93,107,1.03208,-0.0302565,0.00318589
93,108,1.03275,-0.0297548,0.00268692
93,109,1.03339,-0.0291608,0.00221454
93,110,1.03403,-0.028479,0.00177165
93,111,1.03464,-0.027716,0.00135984
93,112,1.03523,-0.0268827,0.000981618
93,113,1.03581,-0.025995,0.000637924
93,114,1.03636,-0.0250755,0.000330489
93,115,1.03688,-0.0241522,5.91284e-05
93,116,1.03738,-0.0232556,-0.000175803
93,117,1.03786,-0.022411,-0.000376342
93,118,1.0383,-0.0216256,-0.000544301
93,119,1.03872,-0.0208716,-0.000683991
93,120,1.0391,-0.0200679,-0.00079861
93,121,1.03945,-0.0190664,-0.000891152
93,122,1.03977,-0.0176502,-0.000957869
93,123,1.04005,-0.0155525,-0.000984904
93,124,1.0403,-0.012498,-0.000936002
93,125,1.04052,-0.00826849,-0.000748893
93,126,1.0407,-0.00279227,-0.000328359
93,127,1,-0.00343474,0
94,0,1,0,0
94,1,0.954321,0.00264151,-0.000400055
94,2,0.954588,0.00560086,-0.000904445
94,3,0.954909,0.00667494,-0.00114348
94,4,0.955279,0.00685969,-0.00128158
94,5,0.9557,0.00666321,-0.00139081
94,6,0.956171,0.00634528,-0.0014952
94,7,0.956691,0.00604702,-0.00159659
94,8,0.957258,0.00585061,-0.00168829
94,9,0.957871,0.00580324,-0.0017614
94,10,0.958527,0.00592673,-0.00180823
94,11,0.959224,0.00622315,-0.00182246
94,12,0.959958,0.00668013,-0.00179972
94,13,0.960728,0.00727622,-0.00173676
94,14,0.96153,0.00798595,-0.00163173
94,15,0.962361,0.00878365,-0.0014834
94,16,0.96322,0.00964605,-0.00129153
94,17,0.964101,0.0105535,-0.00105619
94,18,0.965004,0.0114905,-0.000778126
94,19,0.965924,0.0124448,-0.000458203
94,20,0.96686,0.0134074,-9.77824e-05
94,21,0.967808,0.0143712,0.000301756
94,22,0.968767,0.0153308,0.000738664
94,23,0.969734,0.0162815,0.00121122
94,24,0.970706,0.017219,0.0017174
94,25,0.971682,0.0181393,0.00225523
94,26,0.97266,0.0190383,0.00282245
94,27,0.973638,0.019912,0.00341686
94,28,0.974614,0.0207563,0.004036
94,29,0.975587,0.021567,0.00467747
94,30,0.976556,0.0223401,0.00533865
94,31,0.977519,0.0230717,0.00601695
94,32,0.978475,0.023758,0.00670961
94,33,0.979423,0.0243955,0.00741394
94,34,0.980364,0.0249808,0.00812709
94,35,0.981295,0.0255111,0.00884628
94,36,0.982216,0.0259835,0.00956866
94,37,0.983127,0.0263957,0.0102915
94,38,0.984028,0.0267456,0.0110118
94,39,0.984918,0.0270314,0.0117271
94,40,0.985797,0.0272517,0.0124346
94,41,0.986665,0.0274054,0.0131317
94,42,0.987521,0.0274915,0.0138158
94,43,0.988367,0.0275095,0.0144847
94,44,0.989201,0.0274592,0.0151359
94,45,0.990024,0.0273405,0.0157674
94,46,0.990835,0.0271536,0.0163771
94,47,0.991636,0.026899,0.0169631
94,48,0.992426,0.0265774,0.0175238
94,49,0.993204,0.0261896,0.0180574
94,50,0.993973,0.0257367,0.0185626
94,51,0.99473,0.02522,0.0190382
94,52,0.995477,0.0246408,0.019483
94,53,0.996214,0.0240005,0.0198961
94,54,0.996941,0.0233009,0.0202767
94,55,0.997658,0.0225436,0.0206242
94,56,0.998365,0.0217304,0.0209382
94,57,0.999063,0.0208632,0.0212182
94,58,0.999752,0.0199438,0.021464
94,59,1.00043,0.0189743,0.0216758
94,60,1.0011,0.0179565,0.0218534
94,61,1.00177,0.0168924,0.0219971
94,62,1.00242,0.0157842,0.0221072
94,63,1.00307,0.0146337,0.0221841
94,64,1.00372,0.013443,0.0222282
94,65,1.00435,0.0122143,0.0222401
94,66,1.00499,0.0109494,0.0222205
94,67,1.00561,0.00965071,0.02217
94,68,1.00624,0.0083202,0.0220894
94,69,1.00686,0.00696014,0.0219793
94,70,1.00748,0.00557282,0.0218406
94,71,1.0081,0.00416064,0.0216739
94,72,1.00871,0.00272609,0.0214802
94,73,1.00933,0.00127181,0.0212602
94,74,1.00995,-0.000199396,0.0210145
94,75,1.01057,-0.00168453,0.0207439
94,76,1.0112,-0.00318041,0.0204491
94,77,1.01183,-0.00468361,0.0201308
94,78,1.01246,-0.00619046,0.0197895
94,79,1.0131,-0.00769702,0.0194258
94,80,1.01375,-0.0091991,0.0190404
94,81,1.0144,-0.0106922,0.0186336
94,82,1.01505,-0.0121716,0.0182061
94,83,1.01571,-0.0136322,0.0177583
94,84,1.01638,-0.0150688,0.0172908
94,85,1.01706,-0.0164759,0.0168041
94,86,1.01774,-0.0178479,0.0162987
94,87,1.01843,-0.0191789,0.0157753
94,88,1.01912,-0.020463,0.0152346
94,89,1.01982,-0.0216944,0.0146773
94,90,1.02053,-0.0228671,0.0141044
94,91,1.02123,-0.0239755,0.0135167
94,92,1.02195,-0.0250139,0.0129156
94,93,1.02266,-0.0259771,0.0123023
94,94,1.02338,-0.0268601,0.0116784
94,95,1.0241,-0.0276582,0.0110453
94,96,1.02483,-0.0283676,0.0104051
94,97,1.02555,-0.0289845,0.00975976
94,98,1.02627,-0.0295059,0.00911157
94,99,1.02699,-0.0299296,0.00846271
94,100,1.02771,-0.0302537,0.00781597
94,101,1.02842,-0.0304771,0.0071737
94,102,1.02913,-0.0305993,0.00653895
94,103,1.02983,-0.0306205,0.00591421
94,104,1.03053,-0.030541,0.0053027
94,105,1.03121,-0.0303617,0.00470688
94,106,1.03189,-0.030084,0.00413007
94,107,1.03255,-0.0297093,0.00357461
94,108,1.0332,-0.0292394,0.00304381
94,109,1.03384,-0.0286771,0.00253974
94,110,1.03446,-0.0280265,0.00206555
94,111,1.03506,-0.0272943,0.00162291
94,112,1.03564,-0.0264908,0.00121456
94,113,1.0362,-0.0256321,0.000841493
94,114,1.03674,-0.0247401,0.000505655
94,115,1.03725,-0.0238426,0.000206909
94,116,1.03774,-0.0229695,-5.41642e-05
94,117,1.03821,-0.0221454,-0.000279529
94,118,1.03864,-0.0213767,-0.000470668
94,119,1.03905,-0.0206355,-0.000631636
94,120,1.03942,-0.0198414,-0.000765065
94,121,1.03976,-0.0188501,-0.00087358
94,122,1.04007,-0.0174535,-0.000952639
94,123,1.04035,-0.0154006,-0.000987958
94,124,1.0406,-0.0124416,-0.000944718
94,125,1.0408,-0.00839273,-0.000758739
94,126,1.04097,-0.00321869,-0.000323758
94,127,1,-0.00343474,0
95,0,1,0,0
95,1,0.953027,0.00188336,-0.00038455
95,2,0.953293,0.00447129,-0.000854102
95,3,0.953611,0.00538789,-0.00108129
95,4,0.953985,0.00552291,-0.00121438
95,5,0.954413,0.00532107,-0.0013221
95,6,0.954894,0.00501031,-0.00142763
95,7,0.955428,0.00471877,-0.00153147
95,8,0.956011,0.00452512,-0.00162674
95,9,0.956643,0.00447717,-0.00170465
95,10,0.957321,0.00459863,-0.00175767
95,11,0.958043,0.00489355,-0.00177948
95,12,0.958804,0.00535116,-0.00176566
95,13,0.959604,0.00595122,-0.0017128
95,14,0.960439,0.00666909,-0.00161887
95,15,0.961305,0.00747965,-0.0014824
95,16,0.9622,0.00835992,-0.00130294
95,17,0.963121,0.00929034,-0.00108033
95,18,0.964064,0.0102552,-0.000815108
95,19,0.965028,0.0112421,-0.000507945
95,20,0.966008,0.0122416,-0.000160035
95,21,0.967002,0.0132461,0.000227435
95,22,0.968008,0.0142496,0.000652856
95,23,0.969022,0.0152466,0.00111468
95,24,0.970043,0.0162321,0.001611
95,25,0.971068,0.0172013,0.00213999
95,26,0.972095,0.0181495,0.0026995
95,27,0.973122,0.0190716,0.00328744
95,28,0.974147,0.019963,0.00390146
95,29,0.975168,0.0208188,0.00453923
95,30,0.976184,0.0216345,0.00519821
95,31,0.977193,0.0224056,0.00587587
95,32,0.978194,0.0231281,0.00656951
95,33,0.979187,0.023798,0.00727646
95,34,0.980169,0.0244121,0.00799389
95,35,0.981141,0.0249672,0.00871905
95,36,0.982101,0.0254608,0.00944908
95,37,0.983049,0.0258907,0.0101812
95,38,0.983985,0.0262549,0.0109126
95,39,0.984907,0.0265522,0.0116404
95,40,0.985817,0.0267814,0.0123621
95,41,0.986714,0.0269417,0.0130748
95,42,0.987598,0.0270328,0.0137762
95,43,0.988469,0.0270546,0.0144636
95,44,0.989326,0.0270071,0.0151348
95,45,0.990171,0.0268908,0.0157875
95,46,0.991002,0.0267062,0.0164195
95,47,0.991821,0.0264542,0.017029
95,48,0.992627,0.0261357,0.0176141
95,49,0.993421,0.0257519,0.0181731
95,50,0.994203,0.0253039,0.0187044
95,51,0.994973,0.0247932,0.0192068
95,52,0.995732,0.0242212,0.019679
95,53,0.99648,0.0235894,0.02012
95,54,0.997216,0.0228996,0.0205288
95,55,0.997942,0.0221533,0.0209048
95,56,0.998657,0.0213523,0.0212472
95,57,0.999363,0.0204984,0.0215558
95,58,1.00006,0.0195933,0.0218302
95,59,1.00075,0.0186389,0.0220702
95,60,1.00143,0.017637,0.0222758
95,61,1.0021,0.0165895,0.022447
95,62,1.00276,0.0154982,0.0225841
95,63,1.00342,0.0143652,0.0226874
95,64,1.00407,0.0131924,0.0227572
95,65,1.00471,0.0119817,0.022794
95,66,1.00535,0.0107354,0.0227984
95,67,1.00599,0.0094554,0.022771
95,68,1.00662,0.00814407,0.0227124
95,69,1.00726,0.00680373,0.0226233
95,70,1.00789,0.00543681,0.0225044
95,71,1.00851,0.00404592,0.0223564
95,72,1.00914,0.00263381,0.0221802
95,73,1.00977,0.00120339,0.0219763
95,74,1.01041,-0.000242215,0.0217455
95,75,1.01104,-0.00169969,0.0214885
95,76,1.01168,-0.00316552,0.0212059
95,77,1.01232,-0.00463593,0.0208983
95,78,1.01296,-0.00610694,0.0205664
95,79,1.01361,-0.00757433,0.0202106
95,80,1.01427,-0.00903367,0.0198315
95,81,1.01493,-0.0104803,0.0194297
95,82,1.01559,-0.0119093,0.0190054
95,83,1.01626,-0.0133157,0.0185593
95,84,1.01694,-0.0146942,0.0180919
95,85,1.01761,-0.0160395,0.0176035
95,86,1.0183,-0.0173462,0.0170947
95,87,1.01899,-0.0186087,0.0165662
95,88,1.01968,-0.0198217,0.0160185
95,89,1.02038,-0.0209796,0.0154525
95,90,1.02108,-0.0220773,0.014869
95,91,1.02178,-0.0231094,0.014269
95,92,1.02249,-0.0240711,0.0136537
95,93,1.02319,-0.0249578,0.0130244
95,94,1.0239,-0.0257652,0.0123827
95,95,1.02461,-0.0264893,0.0117302
95,96,1.02532,-0.0271268,0.0110691
95,97,1.02603,-0.0276746,0.0104012
95,98,1.02674,-0.0281304,0.00972901
95,99,1.02744,-0.0284923,0.0090549
95,100,1.02814,-0.0287589,0.00838173
95,101,1.02884,-0.0289297,0.00771199
95,102,1.02953,-0.0290045,0.00704892
95,103,1.03022,-0.0289836,0.00639512
95,104,1.0309,-0.0288677,0.00575402
95,105,1.03157,-0.028658,0.0051282
95,106,1.03223,-0.0283557,0.0045212
95,107,1.03288,-0.0279625,0.00393547
95,108,1.03351,-0.0274804,0.00337451
95,109,1.03413,-0.0269119,0.00284052
95,110,1.03474,-0.0262611,0.00233684
95,111,1.03533,-0.0255345,0.00186522
95,112,1.0359,-0.0247421,0.0014286
95,113,1.03645,-0.0238994,0.00102804
95,114,1.03698,-0.0230278,0.000665698
95,115,1.03748,-0.0221542,0.000341453
95,116,1.03796,-0.0213074,5.61117e-05
95,117,1.03842,-0.0205105,-0.000192249
95,118,1.03884,-0.0197689,-0.000404795
95,119,1.03924,-0.0190533,-0.000585401
95,120,1.03961,-0.0182839,-0.000736158
95,121,1.03995,-0.017319,-0.00085924
95,122,1.04026,-0.0159581,-0.000949705
95,123,1.04054,-0.0139649,-0.000993314
95,124,1.04079,-0.0111136,-0.000953354
95,125,1.041,-0.00725385,-0.0007671
95,126,1.04119,-0.00238848,-0.000336923
95,127,1,-0.00343474,0
96,0,1,0,0
96,1,0.951855,0.0021084,-0.000360279
96,2,0.952115,0.00434141,-0.000809421
96,3,0.952435,0.00511164,-0.00102131
96,4,0.95281,0.00520178,-0.00114903
96,5,0.953241,0.00499473,-0.00125644
96,6,0.953729,0.00468777,-0.00136327
96,7,0.954271,0.00439599,-0.00146962
96,8,0.954865,0.00419384,-0.00156857
96,9,0.955511,0.00412862,-0.00165139
96,10,0.956206,0.00422483,-0.00171069
96,11,0.956946,0.00448753,-0.00174017
96,12,0.957729,0.00490689,-0.00173536
96,13,0.958553,0.00546346,-0.00169267
96,14,0.959413,0.00613327,-0.00160989
96,15,0.960308,0.00689179,-0.00148533
96,16,0.961233,0.00771657,-0.00131833
96,17,0.962185,0.00858859,-0.00110847
96,18,0.963161,0.00949258,-0.000856145
96,19,0.964159,0.0104168,-0.00056179
96,20,0.965174,0.0113521,-0.000226454
96,21,0.966205,0.0122917,0.000148871
96,22,0.967247,0.01323,0.000562706
96,23,0.968299,0.0141624,0.00101368
96,24,0.969358,0.0150845,0.00149999
96,25,0.970422,0.0159924,0.00201997
96,26,0.971487,0.0168819,0.00257156
96,27,0.972552,0.0177491,0.00315281
96,28,0.973616,0.0185898,0.00376144
96,29,0.974675,0.0194,0.00439523
96,30,0.975729,0.0201757,0.00505168
96,31,0.976777,0.0209131,0.00572837
96,32,0.977816,0.0216085,0.0064226
96,33,0.978845,0.0222586,0.00713178
96,34,0.979864,0.0228599,0.00785308
96,35,0.980872,0.0234098,0.00858379
96,36,0.981867,0.0239054,0.00932103
96,37,0.98285,0.0243445,0.010062
96,38,0.983819,0.024725,0.0108039
96,39,0.984775,0.0250452,0.0115439
96,40,0.985717,0.0253036,0.0122793
96,41,0.986644,0.0254991,0.0130073
96,42,0.987558,0.0256307,0.0137253
96,43,0.988456,0.0256978,0.0144309
96,44,0.98934,0.0257,0.0151216
96,45,0.99021,0.0256373,0.015795
96,46,0.991066,0.0255096,0.016449
96,47,0.991907,0.0253173,0.0170814
96,48,0.992734,0.025061,0.0176905
96,49,0.993548,0.0247413,0.0182744
96,50,0.994348,0.024359,0.0188314
96,51,0.995135,0.0239153,0.0193601
96,52,0.995909,0.0234112,0.0198593
96,53,0.99667,0.0228481,0.0203276
96,54,0.99742,0.0222274,0.0207642
96,55,0.998158,0.0215505,0.0211681
96,56,0.998884,0.0208189,0.0215386
96,57,0.9996,0.0200345,0.0218753
96,58,1.00031,0.0191987,0.0221776
96,59,1.001,0.0183134,0.0224453
96,60,1.00169,0.0173803,0.0226782
96,61,1.00237,0.0164013,0.0228764
96,62,1.00304,0.015378,0.0230399
96,63,1.00371,0.0143126,0.0231689
96,64,1.00437,0.0132067,0.0232637
96,65,1.00502,0.0120623,0.0233247
96,66,1.00567,0.0108815,0.0233524
96,67,1.00632,0.00966621,0.0233472
96,68,1.00696,0.00841853,0.0233099
96,69,1.0076,0.00714065,0.0232409
96,70,1.00824,0.00583482,0.023141
96,71,1.00888,0.00450344,0.0230109
96,72,1.00952,0.00314901,0.0228512
96,73,1.01016,0.00177421,0.0226625
96,74,1.0108,0.000381884,0.0224457
96,75,1.01145,-0.00102492,0.0222012
96,76,1.0121,-0.00244294,0.0219298
96,77,1.01275,-0.00386868,0.021632
96,78,1.0134,-0.0052984,0.0213084
96,79,1.01406,-0.00672811,0.0209594
96,80,1.01472,-0.00815354,0.0205856
96,81,1.01539,-0.00957017,0.0201875
96,82,1.01606,-0.0109732,0.0197654
96,83,1.01674,-0.0123577,0.0193198
96,84,1.01742,-0.0137185,0.0188511
96,85,1.0181,-0.01505,0.0183599
96,86,1.01879,-0.0163469,0.0178467
96,87,1.01948,-0.0176034,0.0173119
96,88,1.02018,-0.018814,0.0167563
96,89,1.02087,-0.0199729,0.0161806
96,90,1.02158,-0.0210748,0.0155857
96,91,1.02228,-0.0221142,0.0149726
96,92,1.02298,-0.0230859,0.0143425
96,93,1.02369,-0.0239851,0.0136969
96,94,1.0244,-0.0248073,0.0130373
96,95,1.0251,-0.0255484,0.0123654
96,96,1.02581,-0.0262048,0.0116834
96,97,1.02651,-0.0267734,0.0109934
96,98,1.02721,-0.0272516,0.0102979
96,99,1.02791,-0.0276374,0.00959943
96,100,1.0286,-0.0279295,0.00890091
96,101,1.02929,-0.0281269,0.008205
96,102,1.02998,-0.0282295,0.00751509
96,103,1.03065,-0.0282375,0.00683391
96,104,1.03132,-0.0281514,0.00616508
96,105,1.03198,-0.0279723,0.00551127
96,106,1.03263,-0.0277013,0.00487623
96,107,1.03326,-0.0273399,0.00426248
96,108,1.03389,-0.0268898,0.00367373
96,109,1.03449,-0.0263537,0.00311224
96,110,1.03509,-0.0257353,0.00258154
96,111,1.03566,-0.0250409,0.00208343
96,112,1.03622,-0.0242805,0.00162105
96,113,1.03676,-0.0234692,0.00119545
96,114,1.03727,-0.0226281,0.000809008
96,115,1.03776,-0.0217836,0.000461588
96,116,1.03823,-0.0209639,0.000154211
96,117,1.03867,-0.0201917,-0.000115027
96,118,1.03909,-0.0194715,-0.000346969
96,119,1.03948,-0.0187743,-0.000545285
96,120,1.03984,-0.0180211,-0.000711502
96,121,1.04017,-0.017074,-0.000847464
96,122,1.04048,-0.0157408,-0.000947458
96,123,1.04075,-0.0138009,-0.000996912
96,124,1.04098,-0.0110534,-0.000960647
96,125,1.04119,-0.00738291,-0.000774674
96,126,1.04136,-0.0028301,-0.000331486
96,127,1,-0.00343474,0
97,0,1,0,0
97,1,0.950818,0.00132426,-0.000345229
97,2,0.951074,0.00321712,-0.000761265
97,3,0.951389,0.00384893,-0.000963613
97,4,0.951763,0.00389777,-0.00108811
97,5,0.952197,0.00368714,-0.0011951
97,6,0.952689,0.00338568,-0.00130369
97,7,0.953238,0.00309731,-0.00141287
97,8,0.953843,0.00289383,-0.00151564
97,9,0.9545,0.00282334,-0.00160348
97,10,0.955209,0.00291217,-0.00166918
97,11,0.955965,0.00316721,-0.00170644
97,12,0.956767,0.00358015,-0.00171078
97,13,0.957611,0.00413278,-0.0016784
97,14,0.958494,0.00480202,-0.00160696
97,15,0.959413,0.00556403,-0.00149448
97,16,0.960365,0.00639683,-0.00134012
97,17,0.961346,0.00728164,-0.00114324
97,18,0.962353,0.00820328,-0.000904024
97,19,0.963383,0.00914985,-0.000622706
97,20,0.964432,0.0101121,-0.000300181
97,21,0.965498,0.0110828,6.27552e-05
97,22,0.966577,0.0120559,0.000464755
97,23,0.967667,0.0130261,0.000904616
97,24,0.968764,0.0139885,0.00138067
97,25,0.969867,0.0149383,0.00189137
97,26,0.970972,0.0158708,0.00243479
97,27,0.972077,0.0167811,0.0030091
97,28,0.973181,0.0176645,0.00361208
97,29,0.97428,0.0185163,0.00424163
97,30,0.975374,0.0193319,0.00489532
97,31,0.97646,0.0201069,0.00557079
97,32,0.977536,0.0208373,0.00626538
97,33,0.978603,0.0215191,0.00697656
97,34,0.979658,0.0221491,0.0077015
97,35,0.9807,0.0227242,0.00843754
97,36,0.981728,0.0232417,0.00918176
97,37,0.982743,0.0236994,0.00993141
97,38,0.983742,0.0240953,0.0106836
97,39,0.984726,0.0244281,0.0114355
97,40,0.985694,0.0246964,0.0121843
97,41,0.986646,0.0248996,0.0129274
97,42,0.987582,0.0250371,0.0136619
97,43,0.988502,0.0251086,0.0143854
97,44,0.989406,0.0251143,0.0150953
97,45,0.990294,0.0250542,0.0157892
97,46,0.991166,0.0249289,0.0164648
97,47,0.992022,0.024739,0.01712
97,48,0.992863,0.0244854,0.0177528
97,49,0.993689,0.024169,0.0183612
97,50,0.994501,0.0237909,0.0189436
97,51,0.995298,0.0233522,0.0194983
97,52,0.996081,0.0228543,0.0200239
97,53,0.996851,0.0222985,0.0205192
97,54,0.997609,0.0216862,0.020983
97,55,0.998354,0.021019,0.0214144
97,56,0.999088,0.0202984,0.0218125
97,57,0.999811,0.019526,0.0221766
97,58,1.00052,0.0187034,0.0225062
97,59,1.00123,0.0178322,0.0228009
97,60,1.00192,0.0169141,0.0230605
97,61,1.00261,0.0159509,0.0232849
97,62,1.00329,0.0149443,0.0234739
97,63,1.00396,0.0138961,0.0236278
97,64,1.00463,0.0128081,0.0237466
97,65,1.00529,0.0116824,0.0238308
97,66,1.00595,0.0105209,0.0238807
97,67,1.00661,0.00932562,0.0238968
97,68,1.00726,0.00809883,0.0238796
97,69,1.00791,0.00684282,0.0238296
97,70,1.00857,0.00556004,0.0237475
97,71,1.00922,0.0042531,0.0236339
97,72,1.00987,0.00292477,0.0234895
97,73,1.01052,0.001578,0.0233148
97,74,1.01118,0.000215952,0.0231105
97,75,1.01184,-0.00115801,0.0228772
97,76,1.0125,-0.00254031,0.0226156
97,77,1.01316,-0.00392714,0.0223261
97,78,1.01383,-0.00531448,0.0220094
97,79,1.0145,-0.00669809,0.0216658
97,80,1.01517,-0.0080735,0.0212959
97,81,1.01585,-0.00943609,0.0209001
97,82,1.01653,-0.010781,0.0204788
97,83,1.01721,-0.0121033,0.0200325
97,84,1.0179,-0.0133978,0.0195616
97,85,1.01859,-0.0146594,0.0190664
97,86,1.01928,-0.0158829,0.0185476
97,87,1.01997,-0.0170629,0.0180057
97,88,1.02067,-0.0181944,0.0174414
97,89,1.02136,-0.0192722,0.0168553
97,90,1.02206,-0.0202914,0.0162485
97,91,1.02276,-0.0212473,0.0156219
97,92,1.02346,-0.0221353,0.0149769
97,93,1.02415,-0.0229514,0.0143148
97,94,1.02485,-0.0236918,0.0136374
97,95,1.02554,-0.024353,0.0129464
97,96,1.02624,-0.024932,0.0122441
97,97,1.02693,-0.0254265,0.0115326
97,98,1.02761,-0.0258345,0.0108146
97,99,1.02829,-0.0261544,0.0100927
97,100,1.02897,-0.0263853,0.00937001
97,101,1.02965,-0.0265269,0.00864929
97,102,1.03031,-0.0265793,0.00793409
97,103,1.03097,-0.0265428,0.00722722
97,104,1.03162,-0.0264183,0.00653249
97,105,1.03226,-0.0262071,0.00585267
97,106,1.0329,-0.0259103,0.00519168
97,107,1.03352,-0.0255295,0.00455211
97,108,1.03412,-0.0250666,0.00393787
97,109,1.03472,-0.0245238,0.00335124
97,110,1.03529,-0.0239051,0.00279595
97,111,1.03585,-0.0232163,0.00227381
97,112,1.0364,-0.0224672,0.00178815
97,113,1.03692,-0.0216722,0.00134002
97,114,1.03743,-0.0208519,0.000931994
97,115,1.03791,-0.0200318,0.000563896
97,116,1.03837,-0.0192391,0.000236954
97,117,1.0388,-0.0184952,-5.07498e-05
97,118,1.03921,-0.0178034,-0.000299759
97,119,1.03959,-0.0171339,-0.000513614
97,120,1.03995,-0.0164083,-0.000693312
97,121,1.04027,-0.0154917,-0.000840292
97,122,1.04057,-0.0141991,-0.000948434
97,123,1.04084,-0.0123239,-0.0010033
97,124,1.04108,-0.00968886,-0.000968065
97,125,1.04129,-0.00621253,-0.000780554
97,126,1.04148,-0.00197494,-0.000342545
97,127,1,-0.00343474,0
98,0,1,0,0
98,1,0.9499,0.0016134,-0.0003212
98,2,0.950149,0.00318508,-0.000719836
98,3,0.950461,0.00369036,-0.000909822
98,4,0.950833,0.00370359,-0.00103102
98,5,0.951266,0.00349118,-0.00113909
98,6,0.951759,0.00319454,-0.00124993
98,7,0.952312,0.00290647,-0.00136229
98,8,0.952921,0.00269532,-0.00146933
98,9,0.953586,0.00260889,-0.00156259
98,10,0.954304,0.00267415,-0.00163508
98,11,0.955072,0.00289881,-0.00168048
98,12,0.955887,0.00327529,-0.00169429
98,13,0.956746,0.00378602,-0.00167251
98,14,0.957647,0.00440853,-0.00161262
98,15,0.958585,0.0051195,-0.0015124
98,16,0.959557,0.00589744,-0.00137083
98,17,0.96056,0.00672406,-0.001187
98,18,0.96159,0.00758464,-0.000960954
98,19,0.962644,0.00846774,-0.000692698
98,20,0.963719,0.00936462,-0.000382992
98,21,0.964811,0.0102685,-3.24332e-05
98,22,0.965918,0.011174,0.000357749
98,23,0.967036,0.0120764,0.000786528
98,24,0.968162,0.0129716,0.00125233
98,25,0.969294,0.0138555,0.00175379
98,26,0.970428,0.0147241,0.00228904
98,27,0.971564,0.0155734,0.00285639
98,28,0.972697,0.0163994,0.0034537
98,29,0.973826,0.0171982,0.00407897
98,30,0.97495,0.0179659,0.00472981
98,31,0.976066,0.0186987,0.00540396
98,32,0.977173,0.0193932,0.0060988
98,33,0.978269,0.0200459,0.00681182
98,34,0.979353,0.0206538,0.00754024
98,35,0.980424,0.021214,0.00828139
98,36,0.981481,0.021724,0.00903237
98,37,0.982523,0.0221814,0.00979043
98,38,0.98355,0.0225844,0.0105526
98,39,0.98456,0.0229311,0.0113162
98,40,0.985554,0.0232201,0.0120782
98,41,0.986531,0.0234503,0.0128359
98,42,0.987491,0.0236206,0.0135866
98,43,0.988434,0.0237304,0.0143276
98,44,0.98936,0.0237793,0.0150563
98,45,0.990269,0.0237669,0.0157702
98,46,0.99116,0.0236933,0.0164671
98,47,0.992035,0.0235586,0.0171445
98,48,0.992893,0.0233631,0.0178005
98,49,0.993735,0.0231075,0.0184329
98,50,0.994562,0.0227923,0.0190401
98,51,0.995373,0.0224184,0.0196202
98,52,0.996169,0.0219867,0.0201718
98,53,0.996952,0.0214984,0.0206934
98,54,0.99772,0.0209545,0.0211838
98,55,0.998476,0.0203563,0.0216419
98,56,0.99922,0.0197053,0.0220667
98,57,0.999952,0.0190027,0.0224575
98,58,1.00067,0.0182501,0.0228136
98,59,1.00139,0.017449,0.0231345
98,60,1.00209,0.0166009,0.0234199
98,61,1.00279,0.0157075,0.0236694
98,62,1.00347,0.0147705,0.023883
98,63,1.00416,0.0137915,0.0240607
98,64,1.00483,0.0127723,0.0242026
98,65,1.00551,0.0117148,0.0243089
98,66,1.00617,0.0106207,0.02438
98,67,1.00684,0.00949216,0.0244161
98,68,1.00751,0.00833106,0.0244178
98,69,1.00817,0.00713958,0.0243856
98,70,1.00883,0.00591997,0.02432
98,71,1.0095,0.00467463,0.0242216
98,72,1.01016,0.00340608,0.0240911
98,73,1.01083,0.00211705,0.0239289
98,74,1.0115,0.000810425,0.0237358
98,75,1.01217,-0.00051069,0.0235123
98,76,1.01284,-0.00184297,0.023259
98,77,1.01351,-0.00318286,0.0229763
98,78,1.01419,-0.00452655,0.0226649
98,79,1.01487,-0.00587002,0.0223252
98,80,1.01555,-0.00720898,0.0219576
98,81,1.01624,-0.0085389,0.0215627
98,82,1.01693,-0.00985506,0.0211406
98,83,1.01762,-0.0111525,0.020692
98,84,1.01831,-0.0124261,0.0202172
98,85,1.01901,-0.0136707,0.0197167
98,86,1.0197,-0.014881,0.0191909
98,87,1.0204,-0.0160515,0.0186405
98,88,1.0211,-0.0171769,0.0180662
98,89,1.0218,-0.018252,0.0174687
98,90,1.02249,-0.0192716,0.016849
98,91,1.02319,-0.0202309,0.0162082
98,92,1.02389,-0.0211251,0.0155476
98,93,1.02458,-0.02195,0.0148688
98,94,1.02528,-0.0227015,0.0141734
98,95,1.02597,-0.0233761,0.0134634
98,96,1.02665,-0.0239708,0.0127411
98,97,1.02734,-0.0244829,0.0120088
98,98,1.02802,-0.0249103,0.0112693
98,99,1.02869,-0.0252515,0.0105251
98,100,1.02936,-0.0255055,0.00977976
98,101,1.03002,-0.0256718,0.00903593
98,102,1.03068,-0.0257503,0.00829737
98,103,1.03133,-0.0257413,0.00756698
98,104,1.03197,-0.0256458,0.00684872
98,105,1.0326,-0.0254645,0.00614542
98,106,1.03322,-0.0251988,0.00546118
98,107,1.03382,-0.02485,0.00479862
98,108,1.03442,-0.0244197,0.00416181
98,109,1.03499,-0.0239102,0.00355305
98,110,1.03556,-0.0233252,0.00297623
98,111,1.0361,-0.0226704,0.00243314
98,112,1.03663,-0.0219552,0.0019273
98,113,1.03714,-0.021194,0.00145969
98,114,1.03763,-0.0204069,0.00103308
98,115,1.0381,-0.0196189,0.000647208
98,116,1.03855,-0.0188566,0.000303509
98,117,1.03897,-0.018141,2.12737e-08
98,118,1.03937,-0.017475,-0.000263497
98,119,1.03974,-0.0168288,-0.000490444
98,120,1.04008,-0.0161254,-0.000681264
98,121,1.0404,-0.0152335,-0.000837117
98,122,1.04069,-0.0139761,-0.000951124
98,123,1.04095,-0.0121617,-0.0010086
98,124,1.04118,-0.00963718,-0.000974362
98,125,1.04138,-0.00635588,-0.000785749
98,126,1.04155,-0.00243576,-0.000336113
98,127,1,-0.00343474,0
99,0,1,0,0
99,1,0.949116,0.000809237,-0.000307611
99,2,0.949359,0.00207572,-0.000676136
99,3,0.949664,0.00246152,-0.000859618
99,4,0.950032,0.00244128,-0.000979977
99,5,0.950464,0.00222688,-0.00108927
99,6,0.950958,0.00193439,-0.00120309
99,7,0.951512,0.00164717,-0.00131924
99,8,0.952126,0.00143156,-0.00143096
99,9,0.952797,0.00133622,-0.00153003
99,10,0.953522,0.00138979,-0.00160968
99,11,0.954299,0.00160159,-0.00166358
99,12,0.955125,0.00196549,-0.00168719
99,13,0.955997,0.00246508,-0.00167633
99,14,0.956911,0.00307889,-0.00162831
99,15,0.957864,0.00378439,-0.00154063
99,16,0.958854,0.00456071,-0.00141212
99,17,0.959876,0.00538998,-0.0012416
99,18,0.960927,0.00625773,-0.00102896
99,19,0.962003,0.00715263,-0.000773987
99,20,0.963101,0.00806584,-0.000477297
99,21,0.964218,0.00899038,-0.000139292
99,22,0.965351,0.00992047,0.000238912
99,23,0.966496,0.010851,0.000656468
99,24,0.967651,0.0117773,0.0011119
99,25,0.968811,0.0126946,0.001604
99,26,0.969976,0.0135984,0.00213098
99,27,0.971141,0.0144839,0.00269129
99,28,0.972304,0.0153465,0.00328285
99,29,0.973464,0.0161816,0.00390378
99,30,0.974618,0.0169847,0.00455173
99,31,0.975764,0.0177514,0.00522451
99,32,0.976901,0.0184779,0.00591953
99,33,0.978026,0.0191603,0.00663435
99,34,0.979138,0.0197952,0.00736619
99,35,0.980236,0.0203796,0.0081124
99,36,0.981319,0.0209108,0.00887008
99,37,0.982386,0.0213866,0.00963647
99,38,0.983436,0.0218051,0.0104086
99,39,0.984469,0.0221646,0.0111837
99,40,0.985484,0.022464,0.0119587
99,41,0.98648,0.0227023,0.012731
99,42,0.987458,0.0228789,0.0134976
99,43,0.988418,0.0229934,0.014256
99,44,0.989359,0.0230458,0.0150033
99,45,0.990281,0.0230361,0.015737
99,46,0.991185,0.0229647,0.0164548
99,47,0.992072,0.0228321,0.0171541
99,48,0.99294,0.0226388,0.0178329
99,49,0.993792,0.0223858,0.018489
99,50,0.994627,0.0220738,0.0191205
99,51,0.995446,0.021704,0.0197255
99,52,0.996249,0.0212773,0.0203024
99,53,0.997038,0.0207951,0.0208497
99,54,0.997814,0.0202584,0.021366
99,55,0.998575,0.0196688,0.0218501
99,56,0.999325,0.0190274,0.0223009
99,57,1.00006,0.0183357,0.0227176
99,58,1.00079,0.0175952,0.0230993
99,59,1.00151,0.0168073,0.0234454
99,60,1.00222,0.0159735,0.0237554
99,61,1.00292,0.0150956,0.024029
99,62,1.00362,0.014175,0.024266
99,63,1.00431,0.0132135,0.0244664
99,64,1.005,0.0122128,0.0246299
99,65,1.00568,0.0111748,0.024757
99,66,1.00636,0.0101015,0.0248477
99,67,1.00704,0.00899477,0.0249024
99,68,1.00772,0.0078569,0.0249215
99,69,1.00839,0.00669017,0.0249054
99,70,1.00907,0.00549701,0.0248546
99,71,1.00975,0.00428005,0.0247698
99,72,1.01043,0.00304209,0.0246513
99,73,1.01111,0.0017861,0.0244999
99,74,1.01179,0.000515292,0.0243161
99,75,1.01248,-0.000766947,0.0241005
99,76,1.01316,-0.002057,0.0238536
99,77,1.01385,-0.00335105,0.0235759
99,78,1.01454,-0.00464506,0.023268
99,79,1.01524,-0.00593479,0.0229303
99,80,1.01593,-0.00721584,0.0225632
99,81,1.01663,-0.00848361,0.0221673
99,82,1.01733,-0.00973337,0.0217428
99,83,1.01803,-0.0109603,0.0212903
99,84,1.01873,-0.0121594,0.0208101
99,85,1.01942,-0.0133258,0.0203028
99,86,1.02012,-0.0144545,0.0197689
99,87,1.02082,-0.0155406,0.0192089
99,88,1.02152,-0.0165792,0.0186236
99,89,1.02222,-0.0175658,0.0180139
99,90,1.02291,-0.0184957,0.0173808
99,91,1.0236,-0.0193647,0.0167253
99,92,1.02429,-0.020169,0.0160491
99,93,1.02498,-0.0209049,0.0153534
99,94,1.02566,-0.0215691,0.0146404
99,95,1.02634,-0.0221588,0.0139119
99,96,1.02701,-0.0226715,0.0131704
99,97,1.02768,-0.0231054,0.0124182
99,98,1.02835,-0.0234589,0.0116583
99,99,1.02901,-0.023731,0.0108933
99,100,1.02966,-0.0239212,0.0101269
99,101,1.03031,-0.0240292,0.0093618
99,102,1.03095,-0.0240554,0.00860192
99,103,1.03158,-0.0240005,0.00785022
99,104,1.0322,-0.0238653,0.00711081
99,105,1.03281,-0.0236511,0.00638658
99,106,1.03341,-0.023359,0.00568176
99,107,1.034,-0.0229905,0.00499899
99,108,1.03458,-0.0225471,0.0043425
99,109,1.03514,-0.0220312,0.00371455
99,110,1.03569,-0.021446,0.00311922
99,111,1.03622,-0.0207971,0.00255823
99,112,1.03674,-0.0200936,0.00203528
99,113,1.03723,-0.0193493,0.00155128
99,114,1.03771,-0.0185836,0.00110915
99,115,1.03817,-0.0178206,0.000708568
99,116,1.0386,-0.017086,0.000351123
99,117,1.03901,-0.0163995,3.47835e-05
99,118,1.0394,-0.015763,-0.000240415
99,119,1.03976,-0.0151464,-0.00047781
99,120,1.0401,-0.0144733,-0.000677332
99,121,1.04041,-0.0136155,-0.000839794
99,122,1.0407,-0.0124029,-0.000957888
99,123,1.04095,-0.0106574,-0.00101714
99,124,1.04119,-0.00824886,-0.000981012
99,125,1.04139,-0.00516372,-0.00078907
99,126,1.04157,-0.00155939,-0.000344848
99,127,1,-0.00343474,0
100,0,1,0,0
100,1,0.948445,0.0011648,-0.000284605
100,2,0.948678,0.00214658,-0.000639736
100,3,0.948978,0.00242512,-0.000814396
100,4,0.949341,0.00237769,-0.000933985
100,5,0.949769,0.00216458,-0.00104622
100,6,0.95026,0.00187807,-0.00116372
100,7,0.950813,0.00159218,-0.00128426
100,8,0.951427,0.00137049,-0.00140134
100,9,0.9521,0.00126138,-0.00150688
100,10,0.952829,0.00129394,-0.00159432
100,11,0.953611,0.00147809,-0.00165731
100,12,0.954444,0.00180823,-0.00169128
100,13,0.955324,0.00226848,-0.00169181
100,14,0.956247,0.00283785,-0.00165607
100,15,0.957212,0.00349429,-0.00158129
100,16,0.958214,0.0042174,-0.0014661
100,17,0.959249,0.00498975,-0.00130909
100,18,0.960314,0.0057973,-0.00111002
100,19,0.961406,0.00662912,-0.000868405
100,20,0.962521,0.00747683,-0.000584776
100,21,0.963656,0.00833394,-0.000259325
100,22,0.964807,0.00919519,0.000106933
100,23,0.96597,0.0100561,0.000513331
100,24,0.967144,0.0109125,0.000958481
100,25,0.968324,0.0117606,0.00144132
100,26,0.969509,0.0125964,0.00196015
100,27,0.970695,0.0134161,0.00251353
100,28,0.971879,0.0142158,0.00309945
100,29,0.97306,0.0149916,0.00371614
100,30,0.974235,0.0157399,0.00436127
100,31,0.975402,0.0164569,0.00503275
100,32,0.976559,0.0171394,0.005728
100,33,0.977705,0.0177841,0.00644464
100,34,0.978838,0.018388,0.00717987
100,35,0.979957,0.0189484,0.00793111
100,36,0.981061,0.0194629,0.0086954
100,37,0.982148,0.0199292,0.00947001
100,38,0.983218,0.0203453,0.0102519
100,39,0.98427,0.0207097,0.0110383
100,40,0.985304,0.0210208,0.0118262
100,41,0.986319,0.0212775,0.0126128
100,42,0.987315,0.0214788,0.013395
100,43,0.988291,0.0216239,0.0141704
100,44,0.989248,0.0217123,0.0149359
100,45,0.990186,0.0217436,0.015689
100,46,0.991105,0.0217178,0.0164271
100,47,0.992005,0.0216347,0.0171479
100,48,0.992887,0.0214947,0.0178489
100,49,0.993751,0.021298,0.0185281
100,50,0.994598,0.0210452,0.0191832
100,51,0.995428,0.0207369,0.0198124
100,52,0.996242,0.0203738,0.0204138
100,53,0.997041,0.0199567,0.020986
100,54,0.997825,0.0194866,0.0215273
100,55,0.998596,0.0189646,0.0220364
100,56,0.999355,0.0183918,0.0225122
100,57,1.0001,0.0177694,0.0229536
100,58,1.00084,0.0170986,0.0233597
100,59,1.00157,0.0163808,0.0237298
100,60,1.00228,0.0156173,0.0240633
100,61,1.003,0.0148096,0.0243598
100,62,1.0037,0.0139593,0.0246188
100,63,1.0044,0.0130679,0.0248403
100,64,1.0051,0.0121369,0.0250242
100,65,1.00579,0.0111682,0.0251704
100,66,1.00649,0.0101636,0.0252793
100,67,1.00718,0.00912479,0.0253509
100,68,1.00786,0.00805392,0.0253857
100,69,1.00855,0.00695306,0.0253841
100,70,1.00924,0.00582447,0.0253464
100,71,1.00994,0.00467053,0.0252733
100,72,1.01063,0.00349381,0.0251652
100,73,1.01132,0.00229705,0.0250227
100,74,1.01202,0.00108319,0.0248463
100,75,1.01272,-0.000144616,0.0246367
100,76,1.01342,-0.00138301,0.0243943
100,77,1.01412,-0.00262839,0.0241196
100,78,1.01482,-0.00387694,0.0238132
100,79,1.01553,-0.00512463,0.0234756
100,80,1.01624,-0.00636718,0.0231071
100,81,1.01694,-0.00760014,0.0227083
100,82,1.01765,-0.00881885,0.0222795
100,83,1.01836,-0.0100185,0.0218212
100,84,1.01906,-0.0111942,0.0213339
100,85,1.01977,-0.0123409,0.0208181
100,86,1.02048,-0.0134536,0.0202744
100,87,1.02118,-0.0145272,0.0197034
100,88,1.02188,-0.0155569,0.0191059
100,89,1.02258,-0.0165377,0.0184829
100,90,1.02327,-0.0174651,0.0178354
100,91,1.02396,-0.0183346,0.0171647
100,92,1.02465,-0.0191421,0.0164722
100,93,1.02534,-0.0198839,0.0157597
100,94,1.02602,-0.0205566,0.0150291
100,95,1.02669,-0.0211572,0.0142825
100,96,1.02736,-0.0216832,0.0135225
100,97,1.02802,-0.0221326,0.0127515
100,98,1.02868,-0.0225037,0.0119725
100,99,1.02933,-0.0227955,0.0111885
100,100,1.02998,-0.0230073,0.0104029
100,101,1.03061,-0.0231389,0.0096187
100,102,1.03124,-0.0231906,0.00883996
100,103,1.03186,-0.0231627,0.00806963
100,104,1.03247,-0.0230563,0.00731198
100,105,1.03307,-0.0228722,0.00656989
100,106,1.03365,-0.0226115,0.00584773
100,107,1.03423,-0.0222757,0.00514812
100,108,1.03479,-0.021866,0.00447542
100,109,1.03534,-0.0213845,0.00383185
100,110,1.03587,-0.0208346,0.0032216
100,111,1.03639,-0.0202215,0.00264634
100,112,1.03689,-0.019554,0.00210989
100,113,1.03737,-0.0188457,0.00161307
100,114,1.03783,-0.0181156,0.00115894
100,115,1.03827,-0.0173874,0.000747044
100,116,1.0387,-0.0166863,0.000379153
100,117,1.03909,-0.0160313,5.31186e-05
100,118,1.03947,-0.0154243,-0.000230745
100,119,1.03982,-0.0148353,-0.000475706
100,120,1.04015,-0.0141895,-0.000681166
100,121,1.04045,-0.0133625,-0.000847711
100,122,1.04072,-0.012192,-0.000967284
100,123,1.04097,-0.0105137,-0.00102524
100,124,1.04119,-0.00822073,-0.000986785
100,125,1.04139,-0.0053329,-0.000791887
100,126,1.04155,-0.00204434,-0.000337326
100,127,1,-0.00343474,0
101,0,1,0,0
101,1,0.9479,0.000345611,-0.000273071
101,2,0.948127,0.00105936,-0.000601825
101,3,0.948418,0.00123678,-0.000773409
101,4,0.948776,0.00116297,-0.000894882
101,5,0.949199,0.000949327,-0.00101034
101,6,0.949688,0.000666063,-0.00113241
101,7,0.95024,0.000379311,-0.00125813
101,8,0.950854,0.000151124,-0.00138119
101,9,0.951528,3.06859e-05,-0.00149377
101,10,0.952259,4.84702e-05,-0.00158955
101,11,0.953045,0.000215779,-0.00166216
101,12,0.953882,0.000528275,-0.001707
101,13,0.954767,0.000971227,-0.0017194
101,14,0.955698,0.00152467,-0.00169639
101,15,0.956671,0.00216747,-0.00163491
101,16,0.957682,0.00287995,-0.00153345
101,17,0.958728,0.00364529,-0.0013903
101,18,0.959805,0.00444985,-0.0012051
101,19,0.96091,0.00528295,-0.000977129
101,20,0.962039,0.00613627,-0.000706802
101,21,0.963189,0.00700326,-0.000394106
101,22,0.964356,0.00787846,-3.9961e-05
101,23,0.965537,0.00875705,0.000355147
101,24,0.966728,0.00963453,0.00078991
101,25,0.967928,0.0105065,0.00126343
101,26,0.969132,0.0113684,0.00177405
101,27,0.970337,0.0122159,0.00232049
101,28,0.971542,0.0130445,0.00290077
101,29,0.972744,0.0138497,0.00351323
101,30,0.973939,0.0146273,0.00415557
101,31,0.975127,0.0153729,0.00482579
101,32,0.976304,0.0160828,0.00552131
101,33,0.97747,0.0167534,0.00623981
101,34,0.978623,0.0173812,0.00697847
101,35,0.979761,0.0179633,0.00773476
101,36,0.980882,0.018497,0.00850568
101,37,0.981986,0.0189801,0.0092885
101,38,0.983073,0.0194106,0.0100802
101,39,0.98414,0.019787,0.0108778
101,40,0.985188,0.0201078,0.0116784
101,41,0.986216,0.0203722,0.0124792
101,42,0.987223,0.0205793,0.0132769
101,43,0.988211,0.0207288,0.014069
101,44,0.989178,0.0208203,0.0148525
101,45,0.990125,0.0208539,0.0156247
101,46,0.991052,0.0208297,0.0163829
101,47,0.99196,0.0207481,0.0171246
101,48,0.992848,0.0206094,0.0178474
101,49,0.993718,0.0204145,0.0185489
101,50,0.99457,0.0201639,0.019227
101,51,0.995405,0.0198585,0.0198797
101,52,0.996224,0.0194992,0.020505
101,53,0.997027,0.019087,0.0211011
101,54,0.997816,0.018623,0.0216665
101,55,0.998592,0.0181083,0.0221997
101,56,0.999356,0.0175441,0.0226994
101,57,1.00011,0.0169316,0.0231644
101,58,1.00085,0.016272,0.0235936
101,59,1.00158,0.0155668,0.0239864
101,60,1.00231,0.0148174,0.024342
101,61,1.00303,0.0140251,0.0246597
101,62,1.00374,0.0131915,0.0249392
101,63,1.00445,0.0123182,0.0251803
101,64,1.00516,0.0114069,0.0253826
101,65,1.00587,0.0104593,0.0255463
101,66,1.00657,0.0094774,0.0256713
101,67,1.00727,0.00846311,0.025758
101,68,1.00798,0.0074186,0.0258065
101,69,1.00868,0.00634617,0.0258172
101,70,1.00939,0.00524826,0.0257905
101,71,1.01009,0.0041275,0.0257269
101,72,1.0108,0.0029867,0.0256268
101,73,1.01151,0.00182887,0.025491
101,74,1.01223,0.000657203,0.0253198
101,75,1.01294,-0.000524887,0.0251138
101,76,1.01366,-0.00171379,0.0248736
101,77,1.01438,-0.00290571,0.0245997
101,78,1.01509,-0.00409665,0.0242925
101,79,1.01581,-0.00528244,0.0239528
101,80,1.01653,-0.00645875,0.0235807
101,81,1.01725,-0.00762113,0.023177
101,82,1.01797,-0.008765,0.0227419
101,83,1.01869,-0.00988575,0.0222761
101,84,1.0194,-0.0109787,0.02178
101,85,1.02011,-0.0120391,0.0212543
101,86,1.02082,-0.0130625,0.0206994
101,87,1.02153,-0.0140442,0.0201163
101,88,1.02223,-0.01498,0.0195057
101,89,1.02292,-0.0158655,0.0188687
101,90,1.02362,-0.0166968,0.0182064
101,91,1.0243,-0.0174703,0.0175201
101,92,1.02498,-0.0181825,0.0168116
101,93,1.02566,-0.0188305,0.0160825
101,94,1.02633,-0.0194115,0.015335
101,95,1.02699,-0.0199233,0.0145712
101,96,1.02765,-0.020364,0.0137938
101,97,1.0283,-0.0207322,0.0130054
101,98,1.02894,-0.0210269,0.0122091
101,99,1.02958,-0.0212475,0.0114077
101,100,1.03021,-0.0213938,0.0106052
101,101,1.03083,-0.0214659,0.0098043
101,102,1.03144,-0.0214643,0.00900928
101,103,1.03204,-0.0213898,0.00822311
101,104,1.03263,-0.0212434,0.00745016
101,105,1.03321,-0.0210262,0.00669331
101,106,1.03378,-0.0207393,0.00595704
101,107,1.03434,-0.020384,0.00524392
101,108,1.03488,-0.0199617,0.00455844
101,109,1.03542,-0.0194743,0.00390271
101,110,1.03593,-0.0189249,0.00328109
101,111,1.03644,-0.0183184,0.0026951
101,112,1.03692,-0.0176633,0.00214873
101,113,1.03739,-0.0169726,0.00164264
101,114,1.03784,-0.0162645,0.00118006
101,115,1.03827,-0.015562,0.000760354
101,116,1.03867,-0.0148891,0.000385457
101,117,1.03906,-0.0142639,5.30714e-05
101,118,1.03943,-0.0136874,-0.00023624
101,119,1.03977,-0.0131295,-0.000485761
101,120,1.04008,-0.0125163,-0.000694401
101,121,1.04038,-0.0117264,-0.00086246
101,122,1.04065,-0.0106044,-0.000981432
101,123,1.04089,-0.0089986,-0.00103696
101,124,1.04111,-0.00682336,-0.000993151
101,125,1.0413,-0.00413024,-0.000792702
101,126,1.04148,-0.00115112,-0.000343618
101,127,1,-0.00343474,0
102,0,1,0,0
102,1,0.94746,0.000768582,-0.000251524
102,2,0.947674,0.00123561,-0.000571301
102,3,0.947958,0.00132405,-0.000737834
102,4,0.948309,0.00123056,-0.00086126
102,5,0.948726,0.00102092,-0.000981722
102,6,0.949209,0.000744994,-0.00110916
102,7,0.949757,0.000461169,-0.00124074
102,8,0.950368,0.000229223,-0.00137057
102,9,0.95104,9.8029e-05,-0.00149098
102,10,0.95177,9.82821e-05,-0.00159589
102,11,0.952556,0.000241607,-0.00167887
102,12,0.953395,0.000524015,-0.00173527
102,13,0.954283,0.00093116,-0.00176018
102,14,0.955217,0.0014435,-0.00175047
102,15,0.956195,0.00204032,-0.00170279
102,16,0.957211,0.00270239,-0.00161547
102,17,0.958264,0.00341328,-0.00148653
102,18,0.959348,0.00415973,-0.00131548
102,19,0.960461,0.00493146,-0.00110137
102,20,0.961598,0.00572055,-0.000844507
102,21,0.962757,0.00652086,-0.000544667
102,22,0.963934,0.00732742,-0.000202689
102,23,0.965125,0.00813594,0.000181124
102,24,0.966327,0.00894254,0.000605528
102,25,0.967537,0.00974345,0.00106978
102,26,0.968752,0.010535,0.00157229
102,27,0.969969,0.0113134,0.00211189
102,28,0.971186,0.012075,0.00268663
102,29,0.972399,0.0128162,0.00329498
102,30,0.973606,0.0135334,0.00393464
102,31,0.974806,0.0142232,0.00460369
102,32,0.975996,0.0148823,0.00529955
102,33,0.977174,0.0155077,0.00601996
102,34,0.978338,0.0160967,0.00676209
102,35,0.979488,0.0166464,0.00752341
102,36,0.980622,0.0171548,0.0083009
102,37,0.981738,0.0176195,0.00909185
102,38,0.982836,0.0180388,0.00989312
102,39,0.983915,0.018411,0.0107019
102,40,0.984974,0.0187348,0.011515
102,41,0.986013,0.0190088,0.0123296
102,42,0.987031,0.0192322,0.0131425
102,43,0.988029,0.019404,0.0139509
102,44,0.989006,0.0195238,0.0147518
102,45,0.989963,0.0195911,0.0155425
102,46,0.990899,0.0196055,0.0163202
102,47,0.991815,0.0195671,0.0170822
102,48,0.992712,0.0194758,0.017826
102,49,0.99359,0.0193318,0.0185492
102,50,0.99445,0.0191355,0.0192495
102,51,0.995293,0.0188872,0.0199247
102,52,0.996119,0.0185876,0.0205727
102,53,0.996929,0.0182372,0.0211917
102,54,0.997726,0.0178368,0.02178
102,55,0.998509,0.0173873,0.022336
102,56,0.99928,0.0168896,0.0228582
102,57,1.00004,0.0163445,0.0233454
102,58,1.00079,0.0157534,0.0237964
102,59,1.00153,0.0151172,0.0242103
102,60,1.00227,0.0144371,0.0245862
102,61,1.003,0.0137146,0.0249236
102,62,1.00372,0.0129509,0.0252218
102,63,1.00444,0.0121475,0.0254805
102,64,1.00516,0.0113059,0.0256995
102,65,1.00588,0.0104277,0.0258787
102,66,1.00659,0.0095147,0.026018
102,67,1.00731,0.00856865,0.0261176
102,68,1.00803,0.00759154,0.0261776
102,69,1.00874,0.00658546,0.0261986
102,70,1.00946,0.00555265,0.0261806
102,71,1.01019,0.0044955,0.0261244
102,72,1.01091,0.00341659,0.0260302
102,73,1.01164,0.00231869,0.0258987
102,74,1.01236,0.00120475,0.0257304
102,75,1.01309,7.79336e-05,0.0255258
102,76,1.01383,-0.00105839,0.0252855
102,77,1.01456,-0.00220063,0.02501
102,78,1.01529,-0.003345,0.0246999
102,79,1.01602,-0.00448752,0.0243558
102,80,1.01675,-0.00562401,0.023978
102,81,1.01748,-0.00675013,0.0235672
102,82,1.01821,-0.00786139,0.0231238
102,83,1.01894,-0.00895321,0.0226485
102,84,1.01966,-0.0100209,0.0221418
102,85,1.02038,-0.0110598,0.0216043
102,86,1.0211,-0.0120652,0.0210369
102,87,1.02181,-0.0130325,0.0204402
102,88,1.02251,-0.0139573,0.0198154
102,89,1.02321,-0.0148351,0.0191635
102,90,1.0239,-0.015662,0.0184857
102,91,1.02459,-0.016434,0.0177837
102,92,1.02527,-0.0171477,0.017059
102,93,1.02595,-0.0178,0.0163136
102,94,1.02661,-0.018388,0.0155498
102,95,1.02727,-0.0189094,0.0147696
102,96,1.02792,-0.0193623,0.0139761
102,97,1.02857,-0.0197451,0.0131718
102,98,1.0292,-0.0200568,0.01236
102,99,1.02983,-0.0202966,0.0115436
102,100,1.03045,-0.0204643,0.0107265
102,101,1.03106,-0.02056,0.00991173
102,102,1.03166,-0.0205841,0.00910344
102,103,1.03225,-0.0205372,0.00830465
102,104,1.03283,-0.0204202,0.00751985
102,105,1.03339,-0.020234,0.00675183
102,106,1.03395,-0.0199796,0.0060052
102,107,1.03449,-0.0196582,0.00528243
102,108,1.03502,-0.019271,0.00458811
102,109,1.03554,-0.0188197,0.00392425
102,110,1.03604,-0.0183072,0.00329529
102,111,1.03652,-0.0177383,0.00270262
102,112,1.03699,-0.0171213,0.00215034
102,113,1.03745,-0.0164688,0.00163896
102,114,1.03788,-0.0157987,0.0011718
102,115,1.03829,-0.0151334,0.000748064
102,116,1.03869,-0.0144965,0.000369812
102,117,1.03906,-0.0139056,3.45677e-05
102,118,1.03941,-0.0133615,-0.000256858
102,119,1.03974,-0.0128347,-0.000507762
102,120,1.04005,-0.0122531,-0.000716546
102,121,1.04033,-0.0114993,-0.000883345
102,122,1.04058,-0.0104252,-0.000998906
102,123,1.04082,-0.00889203,-0.00104877
102,124,1.04102,-0.00683552,-0.000998883
102,125,1.04121,-0.00433819,-0.000793274
102,126,1.04136,-0.00166574,-0.000335
102,127,1,-0.00343474,0
103,0,1,0,0
103,1,0.947134,-6.13295e-05,-0.000242247
103,2,0.947342,0.000176037,-0.000539608
103,3,0.947616,0.000180763,-0.000706514
103,4,0.947959,6.7158e-05,-0.00083457
103,5,0.94837,-0.00014176,-0.00096032
103,6,0.948849,-0.000414925,-0.00109401
103,7,0.949393,-0.000700462,-0.00123227
103,8,0.950001,-0.000939821,-0.00136952
103,9,0.950671,-0.00108354,-0.00149839
103,10,0.9514,-0.00109989,-0.00161305
103,11,0.952185,-0.000976142,-0.001707
103,12,0.953024,-0.000715204,-0.00177555
103,13,0.953913,-0.000330336,-0.00181354
103,14,0.954849,0.000159974,-0.00181767
103,15,0.955829,0.000736006,-0.00178431
103,16,0.956849,0.00137939,-0.00171162
103,17,0.957905,0.00207442,-0.00159734
103,18,0.958994,0.0028084,-0.00144087
103,19,0.960112,0.0035714,-0.001241
103,20,0.961256,0.00435573,-0.000997937
103,21,0.962422,0.00515531,-0.000711253
103,22,0.963606,0.0059651,-0.000381706
103,23,0.964806,0.00678064,-9.41054e-06
103,24,0.966017,0.00759775,0.000404448
103,25,0.967237,0.00841229,0.000859291
103,26,0.968462,0.00922011,0.00135356
103,27,0.969689,0.010017,0.00188623
103,28,0.970916,0.0107988,0.00245538
103,29,0.97214,0.0115612,0.00305958
103,30,0.973359,0.0123002,0.00369653
103,31,0.97457,0.0130119,0.0043644
103,32,0.97577,0.0136924,0.00506059
103,33,0.976959,0.0143384,0.0057829
103,34,0.978134,0.0149466,0.00652847
103,35,0.979294,0.0155141,0.00729479
103,36,0.980436,0.0160383,0.0080788
103,37,0.981561,0.016517,0.0088778
103,38,0.982667,0.0169483,0.00968857
103,39,0.983754,0.0173305,0.0105083
103,40,0.98482,0.0176623,0.0113337
103,41,0.985865,0.0179425,0.0121619
103,42,0.986888,0.0181705,0.0129896
103,43,0.987891,0.0183456,0.0138141
103,44,0.988872,0.0184675,0.0146321
103,45,0.989832,0.0185359,0.0154408
103,46,0.990771,0.018551,0.0162374
103,47,0.99169,0.0185129,0.0170191
103,48,0.992589,0.018422,0.0177832
103,49,0.993469,0.0182786,0.0185273
103,50,0.994331,0.0180833,0.0192488
103,51,0.995176,0.0178368,0.0199455
103,52,0.996004,0.0175398,0.0206152
103,53,0.996817,0.0171932,0.021256
103,54,0.997616,0.0167978,0.021866
103,55,0.998402,0.0163545,0.0224434
103,56,0.999176,0.0158645,0.0229867
103,57,0.999941,0.0153287,0.0234945
103,58,1.0007,0.0147483,0.0239656
103,59,1.00144,0.0141246,0.0243989
103,60,1.00219,0.0134586,0.0247934
103,61,1.00292,0.0127519,0.0251484
103,62,1.00366,0.0120059,0.0254633
103,63,1.00439,0.0112219,0.0257377
103,64,1.00512,0.0104017,0.0259711
103,65,1.00584,0.00954696,0.0261634
103,66,1.00657,0.00865951,0.0263146
103,67,1.0073,0.00774132,0.0264247
103,68,1.00804,0.0067945,0.0264939
103,69,1.00877,0.00582135,0.0265225
103,70,1.00951,0.00482428,0.0265108
103,71,1.01025,0.00380592,0.0264592
103,72,1.01099,0.00276906,0.0263683
103,73,1.01173,0.00171671,0.0262385
103,74,1.01248,0.000652026,0.0260703
103,75,1.01323,-0.000421611,0.0258645
103,76,1.01397,-0.00150065,0.0256215
103,77,1.01472,-0.00258136,0.025342
103,78,1.01547,-0.00365985,0.0250264
103,79,1.01622,-0.00473209,0.0246755
103,80,1.01697,-0.0057939,0.0242897
103,81,1.01771,-0.00684105,0.0238697
103,82,1.01845,-0.00786921,0.023416
103,83,1.01918,-0.00887403,0.0229294
103,84,1.01992,-0.00985117,0.0224105
103,85,1.02064,-0.0107963,0.0218599
103,86,1.02136,-0.0117053,0.0212787
103,87,1.02207,-0.0125741,0.0206677
103,88,1.02278,-0.0133987,0.020028
103,89,1.02348,-0.0141756,0.0193608
103,90,1.02417,-0.0149013,0.0186675
103,91,1.02485,-0.0155727,0.0179499
103,92,1.02553,-0.016187,0.0172096
103,93,1.02619,-0.0167419,0.0164487
103,94,1.02685,-0.0172352,0.0156696
103,95,1.0275,-0.0176653,0.0148746
103,96,1.02814,-0.0180308,0.0140667
103,97,1.02877,-0.0183309,0.0132485
103,98,1.02939,-0.018565,0.0124235
103,99,1.03001,-0.0187328,0.0115946
103,100,1.03061,-0.0188345,0.0107657
103,101,1.0312,-0.0188705,0.00993994
103,102,1.03178,-0.0188415,0.00912154
103,103,1.03236,-0.0187483,0.00831346
103,104,1.03292,-0.0185918,0.00752029
103,105,1.03347,-0.0183732,0.00674472
103,106,1.03401,-0.0180934,0.00599146
103,107,1.03453,-0.0177535,0.00526284
103,108,1.03505,-0.0173547,0.00456356
103,109,1.03555,-0.0168984,0.00389546
103,110,1.03603,-0.0163874,0.00326309
103,111,1.0365,-0.0158261,0.00266768
103,112,1.03696,-0.0152224,0.00211342
103,113,1.03739,-0.0145883,0.00160063
103,114,1.03781,-0.0139409,0.00113277
103,115,1.03821,-0.0133018,0.000708783
103,116,1.03859,-0.0126936,0.000330888
103,117,1.03896,-0.012133,-3.6226e-06
103,118,1.03929,-0.0116201,-0.000293719
103,119,1.03961,-0.0111254,-0.000542795
103,120,1.03991,-0.0105781,-0.000748787
103,121,1.04018,-0.00986402,-0.000911603
103,122,1.04043,-0.00884146,-0.00102152
103,123,1.04066,-0.00738342,-0.00106441
103,124,1.04086,-0.00544496,-0.00100542
103,125,1.04104,-0.00313725,-0.000791776
103,126,1.0412,-0.000760408,-0.000338853
103,127,1,-0.00343474,0
104,0,1,0,0
104,1,0.946899,0.000428973,-0.000222293
104,2,0.947093,0.000458295,-0.000514957
104,3,0.947359,0.000391138,-0.00068043
104,4,0.947694,0.000264301,-0.000813013
104,5,0.948097,6.16861e-05,-0.000945698
104,6,0.948568,-0.000202661,-0.00108635
104,7,0.949106,-0.000483203,-0.0012319
104,8,0.949709,-0.000723325,-0.00137732
104,9,0.950374,-0.00087402,-0.00151541
104,10,0.951099,-0.000903619,-0.0016406
104,11,0.951882,-0.000799348,-0.00174627
104,12,0.952718,-0.00056395,-0.00182772
104,13,0.953606,-0.00021042,-0.00187946
104,14,0.954541,0.000243104,-0.00189809
104,15,0.955521,0.000777295,-0.00187962
104,16,0.956541,0.00137418,-0.00182209
104,17,0.957598,0.00201843,-0.00172295
104,18,0.958689,0.00269769,-0.00158147
104,19,0.959808,0.00340237,-0.0013962
104,20,0.960954,0.00412515,-0.00116726
104,21,0.962123,0.00486031,-0.000893992
104,22,0.96331,0.00560323,-0.00057709
104,23,0.964512,0.00634994,-0.000216481
104,24,0.965726,0.00709679,0.0001867
104,25,0.966948,0.00784029,0.000632034
104,26,0.968177,0.00857695,0.00111799
104,27,0.969407,0.00930331,0.00164369
104,28,0.970638,0.0100159,0.00220721
104,29,0.971865,0.0107114,0.00280721
104,30,0.973087,0.0113863,0.00344142
104,31,0.974301,0.0120376,0.00410807
104,32,0.975505,0.0126621,0.00480454
104,33,0.976697,0.0132571,0.00552867
104,34,0.977875,0.0138199,0.00627756
104,35,0.979038,0.0143481,0.00704874
104,36,0.980185,0.0148394,0.00783909
104,37,0.981313,0.0152919,0.0086459
104,38,0.982423,0.0157038,0.00946589
104,39,0.983512,0.0160736,0.0102962
104,40,0.984582,0.0163998,0.0111335
104,41,0.98563,0.0166813,0.0119749
104,42,0.986657,0.0169171,0.0128169
104,43,0.987663,0.0171063,0.0136568
104,44,0.988647,0.0172484,0.0144912
104,45,0.989611,0.0173428,0.0153172
104,46,0.990553,0.0173891,0.0161318
104,47,0.991475,0.0173872,0.0169323
104,48,0.992378,0.0173368,0.0177157
104,49,0.993261,0.0172382,0.0184796
104,50,0.994126,0.0170914,0.0192211
104,51,0.994975,0.0168967,0.0199381
104,52,0.995807,0.0166544,0.0206282
104,53,0.996624,0.0163651,0.0212893
104,54,0.997427,0.0160292,0.0219193
104,55,0.998218,0.0156475,0.0225166
104,56,0.998998,0.0152206,0.0230792
104,57,0.999769,0.0147494,0.0236059
104,58,1.00053,0.0142348,0.0240952
104,59,1.00129,0.0136777,0.0245459
104,60,1.00204,0.0130792,0.0249569
104,61,1.00278,0.0124405,0.0253276
104,62,1.00353,0.0117628,0.0256569
104,63,1.00427,0.0110474,0.0259446
104,64,1.00501,0.0102957,0.0261902
104,65,1.00575,0.00950933,0.0263934
104,66,1.00649,0.0086899,0.026554
104,67,1.00724,0.00783919,0.0266722
104,68,1.00798,0.00695911,0.026748
104,69,1.00873,0.00605173,0.0267817
104,70,1.00949,0.00511927,0.0267736
104,71,1.01024,0.00416411,0.0267242
104,72,1.011,0.00318881,0.0266339
104,73,1.01176,0.00219613,0.0265032
104,74,1.01252,0.001189,0.0263328
104,75,1.01329,0.000170549,0.0261231
104,76,1.01405,-0.0008559,0.0258749
104,77,1.01482,-0.00188683,0.0255888
104,78,1.01558,-0.00291856,0.0252654
104,79,1.01634,-0.00394723,0.0249054
104,80,1.0171,-0.00496882,0.0245094
104,81,1.01786,-0.0059792,0.0240781
104,82,1.01861,-0.00697414,0.0236121
104,83,1.01936,-0.00794935,0.0231124
104,84,1.0201,-0.00890051,0.0225795
104,85,1.02083,-0.00982332,0.0220145
104,86,1.02156,-0.0107135,0.0214183
104,87,1.02228,-0.0115671,0.0207919
104,88,1.02299,-0.0123799,0.0201366
104,89,1.02369,-0.0131484,0.0194537
104,90,1.02439,-0.0138689,0.0187449
104,91,1.02507,-0.0145384,0.0180118
104,92,1.02574,-0.0151538,0.0172564
104,93,1.02641,-0.0157127,0.0164809
104,94,1.02706,-0.016213,0.0156878
104,95,1.02771,-0.0166528,0.0148795
104,96,1.02834,-0.0170308,0.014059
104,97,1.02897,-0.017346,0.0132292
104,98,1.02958,-0.0175976,0.0123934
104,99,1.03019,-0.0177856,0.0115548
104,100,1.03078,-0.0179098,0.0107173
104,101,1.03136,-0.0179705,0.00988387
104,102,1.03193,-0.0179684,0.00905893
104,103,1.03249,-0.0179042,0.00824533
104,104,1.03304,-0.0177786,0.00744771
104,105,1.03358,-0.0175926,0.00666866
104,106,1.0341,-0.017347,0.00591294
104,107,1.03462,-0.0170427,0.00518273
104,108,1.03511,-0.0166807,0.00448279
104,109,1.0356,-0.0162624,0.00381479
104,110,1.03607,-0.0157902,0.00318336
104,111,1.03652,-0.0152686,0.00258951
104,112,1.03696,-0.0147049,0.00203755
104,113,1.03738,-0.0141111,0.00152754
104,114,1.03778,-0.0135037,0.00106307
104,115,1.03817,-0.012904,0.000642806
104,116,1.03853,-0.0123337,0.000269089
104,117,1.03888,-0.0118095,-6.1043e-05
104,118,1.03921,-0.0113313,-0.000346345
104,119,1.03951,-0.0108704,-0.000590304
104,120,1.03979,-0.0103581,-0.000790377
104,121,1.04005,-0.00968429,-0.000946363
104,122,1.04029,-0.00871438,-0.00104779
104,123,1.04051,-0.00733324,-0.0010805
104,124,1.0407,-0.00551484,-0.00101154
104,125,1.04087,-0.00339748,-0.00079036
104,126,1.04101,-0.00131052,-0.000329232
104,127,1,-0.00343474,0
105,0,1,0,0
105,1,0.946765,-0.00040782,-0.000215144
105,2,0.946953,-0.000569282,-0.000489125
105,3,0.947209,-0.000703904,-0.000658055
105,4,0.947535,-0.000845561,-0.000797669
105,5,0.947931,-0.00104649,-0.00093739
105,6,0.948396,-0.00130824,-0.00108569
105,7,0.948929,-0.00159057,-0.0012392
105,8,0.949527,-0.001838,-0.00139331
105,9,0.950188,-0.00200128,-0.00154114
105,10,0.950909,-0.00204811,-0.00167738
105,11,0.951689,-0.00196495,-0.00179531
105,12,0.952522,-0.00175364,-0.00189019
105,13,0.953408,-0.00142616,-0.00195624
105,14,0.954341,-0.000999574,-0.00198991
105,15,0.955319,-0.000492153,-0.00198688
105,16,0.956337,7.90973e-05,-0.00194505
105,17,0.957393,0.000699671,-0.00186157
105,18,0.958483,0.00135789,-0.00173558
105,19,0.959603,0.00204466,-0.0015654
105,20,0.960749,0.00275298,-0.00135104
105,21,0.961918,0.00347734,-0.00109163
105,22,0.963106,0.00421316,-0.000787786
105,23,0.964309,0.00495641,-0.000439246
105,24,0.965524,0.00570329,-4.71032e-05
105,25,0.966749,0.00645003,0.000388393
105,26,0.967979,0.00719282,0.000865731
105,27,0.969212,0.00792782,0.00138417
105,28,0.970444,0.00865113,0.00194179
105,29,0.971674,0.00935889,0.00253736
105,30,0.972898,0.0100473,0.00316858
105,31,0.974114,0.0107126,0.00383378
105,32,0.97532,0.0113515,0.00453028
105,33,0.976514,0.0119605,0.00525599
105,34,0.977694,0.0125368,0.00600795
105,35,0.978858,0.0130775,0.00678373
105,36,0.980006,0.0135802,0.00758011
105,37,0.981135,0.0140426,0.00839441
105,38,0.982244,0.014463,0.00922326
105,39,0.983334,0.0148396,0.0100638
105,40,0.984402,0.0151712,0.0109125
105,41,0.985449,0.0154566,0.0117665
105,42,0.986475,0.0156949,0.0126223
105,43,0.987479,0.0158855,0.0134769
105,44,0.988461,0.016028,0.014327
105,45,0.989422,0.016122,0.0151695
105,46,0.990362,0.0161675,0.0160014
105,47,0.991282,0.0161645,0.0168196
105,48,0.992182,0.0161132,0.0176213
105,49,0.993063,0.0160139,0.0184037
105,50,0.993926,0.0158669,0.0191641
105,51,0.994773,0.0156727,0.0199
105,52,0.995603,0.015432,0.020609
105,53,0.99642,0.0151454,0.0212888
105,54,0.997223,0.0148137,0.0219373
105,55,0.998015,0.0144375,0.0225526
105,56,0.998797,0.0140178,0.0231328
105,57,0.999571,0.0135556,0.0236763
105,58,1.00034,0.0130517,0.0241816
105,59,1.0011,0.0125074,0.0246476
105,60,1.00185,0.0119238,0.0250729
105,61,1.00261,0.011302,0.0254567
105,62,1.00336,0.0106434,0.0257981
105,63,1.00411,0.00994947,0.0260966
105,64,1.00486,0.00922173,0.0263515
105,65,1.00562,0.00846183,0.0265628
105,66,1.00637,0.00767154,0.0267302
105,67,1.00713,0.00685282,0.0268536
105,68,1.00789,0.00600771,0.0269331
105,69,1.00866,0.00513848,0.0269691
105,70,1.00943,0.0042475,0.0269617
105,71,1.0102,0.00333737,0.0269115
105,72,1.01098,0.00241083,0.0268188
105,73,1.01176,0.0014708,0.0266844
105,74,1.01254,0.000520399,0.0265087
105,75,1.01332,-0.000437113,0.0262925
105,76,1.01411,-0.0013983,0.0260364
105,77,1.01489,-0.00235957,0.0257411
105,78,1.01567,-0.00331722,0.0254073
105,79,1.01645,-0.00426742,0.0250359
105,80,1.01722,-0.00520627,0.0246274
105,81,1.01799,-0.00612979,0.0241829
105,82,1.01876,-0.00703399,0.0237029
105,83,1.01952,-0.0079149,0.0231885
105,84,1.02027,-0.0087686,0.0226405
105,85,1.02101,-0.00959123,0.02206
105,86,1.02174,-0.0103791,0.021448
105,87,1.02246,-0.0111287,0.0208059
105,88,1.02318,-0.0118366,0.0201349
105,89,1.02388,-0.0124998,0.0194366
105,90,1.02457,-0.0131156,0.0187127
105,91,1.02525,-0.0136813,0.0179651
105,92,1.02592,-0.0141949,0.0171959
105,93,1.02658,-0.0146544,0.0164073
105,94,1.02723,-0.0150585,0.015602
105,95,1.02786,-0.015406,0.0147824
105,96,1.02849,-0.0156961,0.0139519
105,97,1.0291,-0.0159284,0.013113
105,98,1.0297,-0.0161027,0.0122695
105,99,1.03029,-0.0162191,0.0114243
105,100,1.03087,-0.016278,0.0105815
105,101,1.03144,-0.0162801,0.00974404
105,102,1.032,-0.016226,0.00891628
105,103,1.03254,-0.0161167,0.00810102
105,104,1.03307,-0.0159531,0.00730293
105,105,1.03359,-0.0157361,0.00652446
105,106,1.0341,-0.0154666,0.00577041
105,107,1.0346,-0.0151453,0.00504278
105,108,1.03508,-0.0147731,0.00434638
105,109,1.03555,-0.0143512,0.00368267
105,110,1.036,-0.0138817,0.00305637
105,111,1.03644,-0.0133689,0.00246824
105,112,1.03686,-0.0128195,0.00192269
105,113,1.03727,-0.0122449,0.00141952
105,114,1.03766,-0.0116609,0.00096242
105,115,1.03803,-0.0110878,0.000549777
105,116,1.03838,-0.0105467,0.000184032
105,117,1.03871,-0.0100528,-0.000138072
105,118,1.03903,-0.00960605,-0.000415104
105,119,1.03932,-0.00917778,-0.000650724
105,120,1.03959,-0.00870091,-0.000841953
105,121,1.03984,-0.00806869,-0.000988423
105,122,1.04007,-0.00715279,-0.00107916
105,123,1.04028,-0.0058486,-0.00110039
105,124,1.04046,-0.00414693,-0.00101859
105,125,1.04063,-0.00221053,-0.000786857
105,126,1.04077,-0.00039786,-0.000330788
105,127,1,-0.00343474,0
106,0,1,0,0
106,1,0.946707,0.000148873,-0.000196685
106,2,0.946879,-0.000181801,-0.000469637
106,3,0.947126,-0.000372587,-0.000640209
106,4,0.947443,-0.000522166,-0.000786402
106,5,0.947831,-0.000715042,-0.000934486
106,6,0.948288,-0.00096649,-0.00109087
106,7,0.948813,-0.00124141,-0.00125268
106,8,0.949404,-0.00148608,-0.00141599
106,9,0.950058,-0.00165194,-0.00157411
106,10,0.950774,-0.00170709,-0.001722
106,11,0.951548,-0.00163822,-0.00185282
106,12,0.952377,-0.00144718,-0.00196177
106,13,0.953258,-0.0011458,-0.00204275
106,14,0.954188,-0.00075085,-0.00209206
106,15,0.955162,-0.000280234,-0.00210505
106,16,0.956178,0.000249412,-0.00207948
106,17,0.957231,0.000823933,-0.00201219
106,18,0.958318,0.00143197,-0.00190223
106,19,0.959435,0.00206474,-0.00174761
106,20,0.960578,0.00271553,-0.0015483
106,21,0.961744,0.00337915,-0.00130316
106,22,0.962929,0.00405141,-0.00101279
106,23,0.964129,0.00472868,-0.000676703
106,24,0.965342,0.00540765,-0.000295963
106,25,0.966563,0.00608511,0.000129349
106,26,0.96779,0.0067579,0.000597734
106,27,0.969019,0.00742283,0.00110859
106,28,0.970247,0.00807674,0.00165998
106,29,0.971473,0.00871652,0.00225079
106,30,0.972693,0.0093391,0.00287869
106,31,0.973905,0.00994158,0.00354208
106,32,0.975107,0.0105212,0.00423824
106,33,0.976296,0.0110752,0.00496514
106,34,0.977472,0.0116014,0.00571973
106,35,0.978631,0.0120974,0.00649962
106,36,0.979774,0.0125612,0.00730152
106,37,0.980899,0.0129909,0.00812273
106,38,0.982004,0.013385,0.0089598
106,39,0.983089,0.0137419,0.00980982
106,40,0.984154,0.0140604,0.0106692
106,41,0.985197,0.0143393,0.0115351
106,42,0.986219,0.0145776,0.0124037
106,43,0.987219,0.0147745,0.0132721
106,44,0.988198,0.0149293,0.0141367
106,45,0.989156,0.0150415,0.0149946
106,46,0.990093,0.0151106,0.0158424
106,47,0.99101,0.0151364,0.0166771
106,48,0.991908,0.0151186,0.0174956
106,49,0.992788,0.0150572,0.0182951
106,50,0.99365,0.0149522,0.0190727
106,51,0.994496,0.0148037,0.0198258
106,52,0.995326,0.0146119,0.0205518
106,53,0.996144,0.0143772,0.0212485
106,54,0.996949,0.0140998,0.0219134
106,55,0.997743,0.0137804,0.0225446
106,56,0.998528,0.0134195,0.0231401
106,57,0.999306,0.0130178,0.0236983
106,58,1.00008,0.0125759,0.0242173
106,59,1.00084,0.0120947,0.024696
106,60,1.00161,0.0115753,0.0251331
106,61,1.00237,0.0110185,0.0255275
106,62,1.00313,0.0104255,0.0258783
106,63,1.00389,0.00979748,0.0261848
106,64,1.00466,0.00913587,0.0264466
106,65,1.00542,0.00844209,0.0266632
106,66,1.00619,0.00771773,0.0268344
106,67,1.00697,0.0069645,0.0269602
106,68,1.00774,0.00618426,0.0270406
106,69,1.00853,0.00537904,0.027076
106,70,1.00931,0.00455101,0.0270664
106,71,1.0101,0.00370251,0.0270126
106,72,1.0109,0.00283604,0.0269149
106,73,1.01169,0.0019543,0.0267739
106,74,1.01249,0.00106013,0.0265903
106,75,1.01329,0.000156592,0.0263649
106,76,1.01409,-0.000753127,0.0260983
106,77,1.01489,-0.00166566,0.0257915
106,78,1.01569,-0.00257749,0.0254451
106,79,1.01648,-0.00348498,0.02506
106,80,1.01727,-0.00438436,0.0246372
106,81,1.01806,-0.00527182,0.0241775
106,82,1.01883,-0.00614344,0.0236819
106,83,1.0196,-0.00699534,0.0231514
106,84,1.02036,-0.00782362,0.0225871
106,85,1.02112,-0.00862446,0.0219902
106,86,1.02186,-0.00939414,0.0213619
106,87,1.02259,-0.0101291,0.0207036
106,88,1.02331,-0.0108259,0.0200169
106,89,1.02402,-0.0114816,0.0193035
106,90,1.02471,-0.012093,0.0185652
106,91,1.02539,-0.0126578,0.017804
106,92,1.02606,-0.0131736,0.0170223
106,93,1.02672,-0.0136386,0.0162223
106,94,1.02737,-0.0140511,0.0154068
106,95,1.028,-0.01441,0.0145784
106,96,1.02862,-0.0147143,0.0137404
106,97,1.02923,-0.0149636,0.0128955
106,98,1.02982,-0.0151575,0.0120475
106,99,1.03041,-0.0152961,0.0111993
106,100,1.03098,-0.0153797,0.0103549
106,101,1.03153,-0.0154087,0.00951729
106,102,1.03208,-0.0153839,0.00869083
106,103,1.03261,-0.0153058,0.00787815
106,104,1.03313,-0.0151753,0.00708396
106,105,1.03364,-0.0149931,0.00631051
106,106,1.03413,-0.0147599,0.00556265
106,107,1.03461,-0.0144763,0.00484213
106,108,1.03508,-0.014143,0.00415383
106,109,1.03553,-0.0137611,0.00349895
106,110,1.03597,-0.0133325,0.00288227
106,111,1.03639,-0.0128611,0.00230429
106,112,1.0368,-0.0123538,0.00176951
106,113,1.03719,-0.0118212,0.00127743
106,114,1.03756,-0.0112791,0.000831839
106,115,1.03792,-0.0107469,0.000430788
106,116,1.03825,-0.0102452,7.6822e-05
106,117,1.03857,-0.00978909,-0.000233647
106,118,1.03887,-0.00937841,-0.000499003
106,119,1.03915,-0.00898566,-0.00072308
106,120,1.03941,-0.00854608,-0.000902448
106,121,1.03965,-0.00795724,-0.00103668
106,122,1.03986,-0.00709768,-0.00111405
106,123,1.04006,-0.00587344,-0.0011208
106,124,1.04023,-0.00429129,-0.00102534
106,125,1.04038,-0.00253607,-0.0007838
106,126,1.04051,-0.000989046,-0.000320352
106,127,1,-0.00343474,0
107,0,1,0,0
107,1,0.946734,-0.000691305,-0.000191294
107,2,0.946901,-0.00117388,-0.000448699
107,3,0.947137,-0.00141722,-0.000625066
107,4,0.947444,-0.00157746,-0.000779963
107,5,0.947824,-0.00176813,-0.000936145
107,6,0.948274,-0.00201692,-0.00110094
107,7,0.948793,-0.00229307,-0.00127138
107,8,0.949378,-0.00254405,-0.0014441
107,9,0.950027,-0.00272153,-0.00161277
107,10,0.950738,-0.00279346,-0.00177261
107,11,0.951507,-0.00274611,-0.00191666
107,12,0.952332,-0.00258064,-0.00204005
107,13,0.953208,-0.00230792,-0.00213637
107,14,0.954133,-0.00194364,-0.00220178
107,15,0.955103,-0.00150459,-0.00223127
107,16,0.956115,-0.00100636,-0.00222247
107,17,0.957164,-0.000462186,-0.0021719
107,18,0.958246,0.000117342,-0.0020785
107,19,0.959359,0.000724031,-0.00194002
107,20,0.960498,0.00135161,-0.00175631
107,21,0.96166,0.00199518,-0.00152604
107,22,0.962841,0.0026507,-0.00124972
107,23,0.964037,0.00331461,-0.00092666
107,24,0.965245,0.00398352,-0.000557907
107,25,0.966462,0.00465411,-0.00014336
107,26,0.967684,0.00532297,0.000315485
107,27,0.968909,0.00598665,0.000818166
107,28,0.970133,0.00664165,0.00136274
107,29,0.971354,0.00728447,0.0019482
107,30,0.972569,0.00791165,0.00257217
107,31,0.973775,0.00851988,0.00323314
107,32,0.974972,0.00910595,0.00392833
107,33,0.976155,0.00966686,0.00465575
107,34,0.977325,0.0101998,0.0054123
107,35,0.978478,0.0107023,0.0061956
107,36,0.979614,0.011172,0.00700227
107,37,0.980732,0.0116068,0.00782962
107,38,0.98183,0.012005,0.00867407
107,39,0.982908,0.0123649,0.00953271
107,40,0.983964,0.0126853,0.0104019
107,41,0.985,0.012965,0.0112785
107,42,0.986014,0.0132031,0.0121589
107,43,0.987006,0.013399,0.0130399
107,44,0.987977,0.0135521,0.0139179
107,45,0.988926,0.013662,0.0147898
107,46,0.989856,0.0137286,0.0156521
107,47,0.990765,0.0137517,0.0165017
107,48,0.991656,0.0137315,0.0173354
107,49,0.992528,0.0136681,0.0181503
107,50,0.993384,0.0135618,0.0189433
107,51,0.994225,0.0134128,0.0197118
107,52,0.995051,0.0132218,0.0204529
107,53,0.995864,0.0129891,0.0211643
107,54,0.996667,0.0127153,0.0218434
107,55,0.997459,0.0124012,0.0224882
107,56,0.998244,0.0120475,0.0230966
107,57,0.999022,0.011655,0.0236668
107,58,0.999796,0.0112246,0.024197
107,59,1.00057,0.0107572,0.0246857
107,60,1.00133,0.0102539,0.0251317
107,61,1.0021,0.00971579,0.0255338
107,62,1.00287,0.0091442,0.025891
107,63,1.00364,0.00854044,0.0262026
107,64,1.00442,0.00790597,0.026468
107,65,1.0052,0.00724239,0.0266868
107,66,1.00598,0.00655141,0.0268587
107,67,1.00677,0.00583491,0.0269837
107,68,1.00756,0.0050949,0.0270618
107,69,1.00836,0.00433354,0.0270933
107,70,1.00916,0.00355316,0.0270785
107,71,1.00997,0.00275625,0.0270179
107,72,1.01078,0.00194545,0.026912
107,73,1.0116,0.00112358,0.0267616
107,74,1.01242,0.000293589,0.0265672
107,75,1.01324,-0.000541407,0.0263298
107,76,1.01406,-0.00137817,0.0260502
107,77,1.01487,-0.00221336,0.0257293
107,78,1.01569,-0.0030435,0.025368
107,79,1.0165,-0.00386509,0.0249674
107,80,1.0173,-0.00467454,0.0245283
107,81,1.0181,-0.00546826,0.024052
107,82,1.01889,-0.00624267,0.0235395
107,83,1.01967,-0.00699426,0.022992
107,84,1.02045,-0.00771957,0.0224107
107,85,1.02121,-0.0084153,0.0217971
107,86,1.02195,-0.00907827,0.0211525
107,87,1.02269,-0.00970553,0.0204785
107,88,1.02341,-0.0102943,0.0197769
107,89,1.02412,-0.0108422,0.0190494
107,90,1.02482,-0.011347,0.0182981
107,91,1.0255,-0.0118068,0.0175251
107,92,1.02617,-0.01222,0.0167329
107,93,1.02682,-0.0125853,0.0159239
107,94,1.02746,-0.0129019,0.015101
107,95,1.02809,-0.0131691,0.0142667
107,96,1.0287,-0.0133866,0.0134245
107,97,1.02929,-0.0135542,0.0125771
107,98,1.02988,-0.0136723,0.0117283
107,99,1.03045,-0.0137412,0.0108809
107,100,1.03101,-0.0137614,0.010039
107,101,1.03155,-0.0137338,0.00920536
107,102,1.03208,-0.013659,0.00838447
107,103,1.0326,-0.013538,0.00757873
107,104,1.0331,-0.0133715,0.00679286
107,105,1.0336,-0.0131604,0.00602889
107,106,1.03407,-0.0129052,0.00529166
107,107,1.03454,-0.0126065,0.00458271
107,108,1.03499,-0.0122647,0.00390692
107,109,1.03543,-0.0118808,0.00326524
107,110,1.03585,-0.0114564,0.0026625
107,111,1.03626,-0.0109951,0.00209891
107,112,1.03665,-0.010503,0.00157906
107,113,1.03702,-0.00999051,0.00110215
107,114,1.03738,-0.00947231,0.000672027
107,115,1.03773,-0.00896707,0.000286416
107,116,1.03805,-0.00849438,-5.20583e-05
107,117,1.03836,-0.00806854,-0.000347351
107,118,1.03864,-0.00768901,-0.000597694
107,119,1.03891,-0.00732882,-0.000807169
107,120,1.03916,-0.0069251,-0.000971942
107,121,1.03938,-0.006379,-0.00109147
107,122,1.03959,-0.00557512,-0.00115349
107,123,1.03977,-0.0044288,-0.00114466
107,124,1.03994,-0.0029606,-0.00103304
107,125,1.04008,-0.0013744,-0.000778669
107,126,1.04021,-7.35251e-05,-0.000319884
107,127,1,-0.00343474,0
108,0,1,0,0
108,1,0.946821,-6.99764e-05,-0.000174103
108,2,0.94697,-0.00068327,-0.000433163
108,3,0.947196,-0.000968577,-0.00061334
108,4,0.947495,-0.00113271,-0.000775989
108,5,0.947865,-0.00131424,-0.000941103
108,6,0.948306,-0.00155138,-0.00111431
108,7,0.948816,-0.00181747,-0.00129331
108,8,0.949394,-0.00206175,-0.0014756
108,9,0.950036,-0.00223695,-0.00165504
108,10,0.95074,-0.00231179,-0.00182715
108,11,0.951503,-0.00227303,-0.0019848
108,12,0.952321,-0.00212204,-0.00212307
108,13,0.953192,-0.00186961,-0.00223519
108,14,0.954111,-0.00153119,-0.00231719
108,15,0.955076,-0.00112322,-0.00236369
108,16,0.956082,-0.000660942,-0.00237219
108,17,0.957126,-0.000157248,-0.00233888
108,18,0.958203,0.000377563,-0.00226259
108,19,0.95931,0.00093557,-0.00214079
108,20,0.960443,0.00151077,-0.00197329
108,21,0.961599,0.00209852,-0.00175846
108,22,0.962773,0.00269512,-0.00149679
108,23,0.963962,0.00329734,-0.00118738
108,24,0.965163,0.00390226,-0.000831247
108,25,0.966372,0.00450702,-0.000428116
108,26,0.967586,0.0051088,2.05168e-05
108,27,0.968801,0.00570475,0.000514334
108,28,0.970016,0.00629205,0.00105137
108,29,0.971227,0.0068679,0.00163073
108,30,0.972432,0.00742958,0.00224999
108,31,0.973629,0.00797447,0.00290771
108,32,0.974815,0.00850008,0.00360106
108,33,0.975988,0.00900405,0.0043281
108,34,0.977146,0.00948423,0.00508564
108,35,0.978289,0.00993859,0.00587133
108,36,0.979414,0.0103653,0.00668169
108,37,0.98052,0.0107627,0.00751402
108,38,0.981607,0.0111293,0.00836465
108,39,0.982674,0.0114637,0.00923063
108,40,0.98372,0.0117647,0.0101082
108,41,0.984745,0.0120313,0.0109941
108,42,0.985748,0.0122625,0.0118847
108,43,0.986731,0.0124576,0.0127768
108,44,0.987692,0.0126158,0.0136664
108,45,0.988633,0.0127366,0.0145506
108,46,0.989554,0.0128195,0.0154255
108,47,0.990456,0.0128642,0.0162882
108,48,0.991339,0.0128704,0.017135
108,49,0.992205,0.012838,0.0179632
108,50,0.993056,0.0127668,0.0187693
108,51,0.993891,0.0126569,0.0195507
108,52,0.994714,0.0125083,0.0203044
108,53,0.995524,0.0123214,0.021028
108,54,0.996325,0.0120962,0.0217187
108,55,0.997117,0.0118333,0.0223745
108,56,0.997902,0.011533,0.0229929
108,57,0.998682,0.0111959,0.0235723
108,58,0.999458,0.0108225,0.0241106
108,59,1.00023,0.0104137,0.0246065
108,60,1.00101,0.00997023,0.0250583
108,61,1.00178,0.00949296,0.025465
108,62,1.00256,0.00898295,0.0258255
108,63,1.00334,0.00844134,0.026139
108,64,1.00412,0.00786937,0.0264048
108,65,1.00492,0.00726841,0.0266226
108,66,1.00571,0.00663999,0.026792
108,67,1.00651,0.00598574,0.0269131
108,68,1.00732,0.00530746,0.0269858
108,69,1.00814,0.00460709,0.0270104
108,70,1.00896,0.00388671,0.0269872
108,71,1.00978,0.00314857,0.026917
108,72,1.01061,0.00239508,0.0268001
108,73,1.01145,0.0016288,0.0266374
108,74,1.01228,0.000852446,0.0264296
108,75,1.01312,6.88872e-05,0.0261778
108,76,1.01395,-0.000718873,0.0258828
108,77,1.01479,-0.0015077,0.0255458
108,78,1.01562,-0.00229435,0.0251676
108,79,1.01645,-0.00307548,0.0247496
108,80,1.01727,-0.00384769,0.0242929
108,81,1.01808,-0.00460752,0.0237987
108,82,1.01889,-0.00535151,0.0232683
108,83,1.01968,-0.00607622,0.0227031
108,84,1.02046,-0.00677828,0.0221045
108,85,1.02124,-0.0074544,0.0214741
108,86,1.02199,-0.00810142,0.0208134
108,87,1.02274,-0.00871638,0.0201243
108,88,1.02347,-0.00929651,0.0194086
108,89,1.02418,-0.00983927,0.0186684
108,90,1.02488,-0.0103424,0.0179058
108,91,1.02557,-0.010804,0.017123
108,92,1.02624,-0.0112223,0.0163227
108,93,1.02689,-0.011596,0.0155074
108,94,1.02753,-0.0119241,0.01468
108,95,1.02815,-0.0122058,0.0138431
108,96,1.02876,-0.0124408,0.0130003
108,97,1.02935,-0.0126287,0.0121541
108,98,1.02993,-0.0127697,0.0113086
108,99,1.0305,-0.0128641,0.0104662
108,100,1.03105,-0.0129122,0.00963123
108,101,1.03158,-0.0129147,0.00880617
108,102,1.0321,-0.0128722,0.00799552
108,103,1.03261,-0.0127853,0.00720145
108,104,1.0331,-0.0126547,0.00642869
108,105,1.03358,-0.012481,0.00567899
108,106,1.03405,-0.0122647,0.00495721
108,107,1.0345,-0.012006,0.00426458
108,108,1.03493,-0.0117053,0.00360604
108,109,1.03536,-0.0113634,0.0029822
108,110,1.03576,-0.0109818,0.00239798
108,111,1.03616,-0.0105637,0.00185325
108,112,1.03653,-0.0101153,0.00135268
108,113,1.03689,-0.00964636,0.00089513
108,114,1.03724,-0.0091712,0.000484541
108,115,1.03756,-0.00870792,0.000118241
108,116,1.03787,-0.00827552,-0.000201067
108,117,1.03816,-0.00788799,-0.000477733
108,118,1.03844,-0.00754503,-0.000709844
108,119,1.03869,-0.00722096,-0.000901732
108,120,1.03892,-0.00685561,-0.00104914
108,121,1.03913,-0.00635475,-0.00115152
108,122,1.03933,-0.00560967,-0.00119587
108,123,1.0395,-0.00454507,-0.00116884
108,124,1.03965,-0.0031941,-0.00104042
108,125,1.03978,-0.00177658,-0.000774354
108,126,1.03989,-0.000710655,-0.000308902
108,127,1,-0.00343474,0
109,0,1,0,0
109,1,0.946974,-0.000910416,-0.000169961
109,2,0.947118,-0.00163727,-0.000415768
109,3,0.947333,-0.00196175,-0.000603021
109,4,0.947622,-0.00213364,-0.000775007
109,5,0.947984,-0.00231298,-0.000948312
109,6,0.948418,-0.00254728,-0.00112977
109,7,0.948921,-0.00281347,-0.00131727
109,8,0.949493,-0.00306226,-0.00150896
109,9,0.950129,-0.0032472,-0.00169911
109,10,0.950827,-0.0033374,-0.00188351
109,11,0.951584,-0.00331957,-0.00205486
109,12,0.952397,-0.00319457,-0.00220818
109,13,0.953262,-0.00297233,-0.00233637
109,14,0.954176,-0.00266719,-0.00243528
109,15,0.955135,-0.00229444,-0.00249917
109,16,0.956135,-0.00186819,-0.00252542
109,17,0.957172,-0.00140033,-0.00250987
109,18,0.958244,-0.000900337,-0.00245126
109,19,0.959344,-0.000375437,-0.00234676
109,20,0.960471,0.000168879,-0.00219611
109,21,0.961619,0.000728362,-0.00199743
109,22,0.962786,0.00129954,-0.00175118
109,23,0.963967,0.00187935,-0.00145622
109,24,0.96516,0.0024649,-0.00111357
109,25,0.96636,0.0030533,-0.000722745
109,26,0.967565,0.00364161,-0.000285266
109,27,0.968772,0.0042268,0.000198706
109,28,0.969977,0.00480582,0.000727173
109,29,0.971179,0.00537557,0.00129936
109,30,0.972373,0.00593302,0.00191279
109,31,0.973559,0.00647521,0.00256611
109,32,0.974733,0.00699928,0.00325641
109,33,0.975894,0.00750257,0.00398181
109,34,0.977041,0.00798256,0.00473904
109,35,0.978171,0.00843694,0.00552576
109,36,0.979284,0.00886361,0.00633838
109,37,0.980377,0.00926069,0.00717423
109,38,0.981451,0.00962649,0.00802948
109,39,0.982504,0.00995956,0.00890119
109,40,0.983537,0.0102586,0.00978541
109,41,0.984548,0.0105226,0.010679
109,42,0.985538,0.0107507,0.011578
109,43,0.986507,0.0109421,0.0124791
109,44,0.987455,0.0110962,0.0133784
109,45,0.988382,0.0112127,0.0142727
109,46,0.989291,0.0112914,0.0151581
109,47,0.99018,0.0113319,0.0160314
109,48,0.991052,0.0113345,0.016889
109,49,0.991907,0.0112989,0.0177279
109,50,0.992747,0.0112256,0.0185446
109,51,0.993574,0.0111146,0.0193363
109,52,0.994388,0.0109664,0.0200998
109,53,0.995191,0.0107814,0.0208327
109,54,0.995986,0.0105599,0.021532
109,55,0.996774,0.0103027,0.0221956
109,56,0.997556,0.0100103,0.022821
109,57,0.998334,0.00968337,0.0234064
109,58,0.999111,0.0093228,0.0239495
109,59,0.999887,0.00892941,0.0244491
109,60,1.00066,0.00850418,0.0249033
109,61,1.00144,0.00804816,0.0253112
109,62,1.00223,0.00756249,0.0256713
109,63,1.00302,0.00704846,0.0259832
109,64,1.00381,0.00650744,0.0262459
109,65,1.00461,0.00594095,0.0264592
109,66,1.00542,0.00535062,0.0266225
109,67,1.00624,0.00473822,0.0267361
109,68,1.00706,0.00410567,0.0267999
109,69,1.00789,0.00345503,0.0268142
109,70,1.00873,0.0027885,0.0267795
109,71,1.00957,0.00210842,0.0266963
109,72,1.01042,0.00141728,0.0265654
109,73,1.01127,0.000717695,0.0263876
109,74,1.01212,1.24207e-05,0.0261637
109,75,1.01298,-0.000695686,0.025895
109,76,1.01383,-0.00140366,0.0255824
109,77,1.01469,-0.00210847,0.0252271
109,78,1.01554,-0.002807,0.0248304
109,79,1.01638,-0.0034961,0.0243937
109,80,1.01722,-0.00417262,0.0239181
109,81,1.01804,-0.00483343,0.0234053
109,82,1.01886,-0.00547543,0.0228565
109,83,1.01967,-0.00609562,0.0222736
109,84,1.02046,-0.00669108,0.0216579
109,85,1.02124,-0.00725908,0.0210114
109,86,1.02201,-0.00779703,0.0203358
109,87,1.02276,-0.00830257,0.019633
109,88,1.0235,-0.00877356,0.0189051
109,89,1.02421,-0.00920812,0.0181543
109,90,1.02492,-0.00960465,0.0173829
109,91,1.0256,-0.00996184,0.0165932
109,92,1.02627,-0.0102786,0.015788
109,93,1.02692,-0.0105543,0.0149698
109,94,1.02755,-0.0107884,0.0141417
109,95,1.02817,-0.0109807,0.0133063
109,96,1.02877,-0.0111313,0.012467
109,97,1.02936,-0.0112403,0.0116266
109,98,1.02993,-0.0113083,0.0107888
109,99,1.03048,-0.0113358,0.00995614
109,100,1.03102,-0.0113235,0.00913287
109,101,1.03154,-0.0112722,0.00832122
109,102,1.03205,-0.0111826,0.00752569
109,103,1.03255,-0.0110555,0.00674819
109,104,1.03303,-0.0108916,0.00599341
109,105,1.03349,-0.0106914,0.00526283
109,106,1.03394,-0.0104553,0.00456129
109,107,1.03438,-0.0101836,0.00388971
109,108,1.0348,-0.00987633,0.00325304
109,109,1.03521,-0.00953407,0.00265158
109,110,1.0356,-0.00915806,0.0020903
109,111,1.03598,-0.0087512,0.00156873
109,112,1.03634,-0.00831901,0.00109163
109,113,1.03669,-0.00787071,0.000657501
109,114,1.03702,-0.00741979,0.000270358
109,115,1.03733,-0.0069834,-7.28697e-05
109,116,1.03763,-0.00657958,-0.00036942
109,117,1.03791,-0.00622156,-0.00062407
109,118,1.03817,-0.00590887,-0.000834798
109,119,1.03841,-0.00561658,-0.00100626
109,120,1.03863,-0.00528671,-0.00113383
109,121,1.03883,-0.00482891,-0.00121689
109,122,1.03901,-0.00414034,-0.00124188
109,123,1.03917,-0.00315371,-0.00119588
109,124,1.03932,-0.00191258,-0.00104866
109,125,1.03944,-0.00064946,-0.000768003
109,126,1.03955,0.000204027,-0.000306795
109,127,1,-0.00343474,0
110,0,1,0,0
110,1,0.947168,-0.000227135,-0.000153786
110,2,0.947295,-0.00104715,-0.000402718
110,3,0.9475,-0.00140108,-0.000594803
110,4,0.947779,-0.0015742,-0.000774619
110,5,0.948132,-0.00174403,-0.000956398
110,6,0.948557,-0.00196549,-0.00114567
110,7,0.949052,-0.0022188,-0.00134119
110,8,0.949615,-0.00245664,-0.0015421
110,9,0.950243,-0.00263406,-0.0017429
110,10,0.950934,-0.00272138,-0.00193967
110,11,0.951684,-0.00270609,-0.00212489
110,12,0.95249,-0.00258942,-0.00229355
110,13,0.953349,-0.0023813,-0.00243812
110,14,0.954257,-0.00209585,-0.00255434
110,15,0.955209,-0.00174802,-0.00263607
110,16,0.956203,-0.00135157,-0.00268056
110,17,0.957234,-0.000918077,-0.0026833
110,18,0.958298,-0.000456701,-0.00264297
110,19,0.959391,2.55641e-05,-0.00255642
110,20,0.96051,0.000523463,-0.00242333
110,21,0.96165,0.00103298,-0.00224158
110,22,0.962808,0.00155092,-0.00201157
110,23,0.96398,0.00207452,-0.00173196
110,24,0.965163,0.00260125,-0.00140374
110,25,0.966353,0.00312868,-0.00102626
110,26,0.967546,0.00365434,-0.000601035
110,27,0.968741,0.00417577,-0.00012808
110,28,0.969933,0.00469053,0.000390572
110,29,0.971121,0.00519618,0.000954263
110,30,0.972302,0.00569034,0.00156046
110,31,0.973473,0.00617072,0.00220791
110,32,0.974633,0.00663515,0.0028936
110,33,0.975779,0.00708158,0.00361574
110,34,0.97691,0.00750812,0.00437092
110,35,0.978024,0.00791299,0.00515687
110,36,0.979121,0.00829459,0.00596987
110,37,0.980198,0.00865143,0.00680725
110,38,0.981256,0.0089822,0.00766506
110,39,0.982293,0.00928569,0.00854034
110,40,0.98331,0.00956081,0.00942899
110,41,0.984306,0.0098066,0.0103278
110,42,0.98528,0.0100222,0.0112328
110,43,0.986234,0.0102069,0.0121405
110,44,0.987168,0.01036,0.0130468
110,45,0.988082,0.010481,0.0139485
110,46,0.988977,0.0105695,0.0148415
110,47,0.989854,0.0106249,0.0157226
110,48,0.990714,0.0106471,0.016588
110,49,0.991559,0.0106358,0.0174345
110,50,0.992389,0.0105909,0.0182586
110,51,0.993207,0.0105124,0.0190573
110,52,0.994014,0.0104002,0.0198273
110,53,0.994811,0.0102544,0.0205661
110,54,0.995601,0.0100753,0.0212705
110,55,0.996384,0.00986312,0.0219384
110,56,0.997164,0.00961817,0.0225671
110,57,0.997941,0.00934089,0.0231548
110,58,0.998718,0.00903182,0.0236991
110,59,0.999496,0.00869157,0.0241986
110,60,1.00028,0.00832085,0.0246515
110,61,1.00106,0.00792048,0.0250568
110,62,1.00185,0.00749139,0.0254129
110,63,1.00265,0.00703463,0.0257194
110,64,1.00345,0.00655134,0.0259753
110,65,1.00426,0.00604283,0.0261804
110,66,1.00508,0.00551049,0.0263342
110,67,1.00591,0.00495588,0.0264369
110,68,1.00675,0.00438067,0.0264884
110,69,1.00759,0.00378669,0.0264892
110,70,1.00845,0.00317591,0.0264397
110,71,1.0093,0.0025504,0.0263408
110,72,1.01017,0.00191243,0.026193
110,73,1.01104,0.00126434,0.0259975
110,74,1.01191,0.000608655,0.0257552
110,75,1.01278,-5.20248e-05,0.0254674
110,76,1.01365,-0.00071497,0.0251353
110,77,1.01452,-0.00137736,0.0247603
110,78,1.01539,-0.00203631,0.0243437
110,79,1.01625,-0.00268887,0.0238871
110,80,1.0171,-0.00333206,0.023392
110,81,1.01795,-0.00396288,0.0228602
110,82,1.01878,-0.00457838,0.0222931
110,83,1.0196,-0.00517565,0.0216928
110,84,1.02041,-0.00575186,0.0210608
110,85,1.0212,-0.0063043,0.0203993
110,86,1.02198,-0.00683043,0.0197101
110,87,1.02274,-0.00732787,0.0189955
110,88,1.02348,-0.00779446,0.0182576
110,89,1.02421,-0.00822828,0.0174988
110,90,1.02491,-0.00862764,0.0167215
110,91,1.0256,-0.00899116,0.0159282
110,92,1.02627,-0.00931769,0.0151217
110,93,1.02693,-0.00960638,0.0143045
110,94,1.02756,-0.00985664,0.0134799
110,95,1.02818,-0.0100681,0.0126503
110,96,1.02878,-0.0102408,0.0118193
110,97,1.02936,-0.0103746,0.0109894
110,98,1.02992,-0.01047,0.0101644
110,99,1.03047,-0.0105272,0.00934662
110,100,1.031,-0.0105469,0.00854026
110,101,1.03152,-0.0105295,0.00774732
110,102,1.03202,-0.0104758,0.00697222
110,103,1.0325,-0.0103862,0.0062166
110,104,1.03297,-0.0102613,0.00548512
110,105,1.03343,-0.0101014,0.00477889
110,106,1.03387,-0.00990676,0.00410277
110,107,1.03429,-0.00967735,0.00345731
110,108,1.0347,-0.00941328,0.00284749
110,109,1.0351,-0.00911487,0.00227326
110,110,1.03548,-0.00878324,0.00173962
110,111,1.03584,-0.00842111,0.00124578
110,112,1.03619,-0.00803375,0.000796559
110,113,1.03652,-0.00763001,0.000390075
110,114,1.03683,-0.00722285,3.04222e-05
110,115,1.03713,-0.00682877,-0.000285897
110,116,1.03741,-0.00646524,-0.000556076
110,117,1.03768,-0.00614515,-0.000785348
110,118,1.03792,-0.00586839,-0.000971594
110,119,1.03815,-0.00561156,-0.00111979
110,120,1.03836,-0.00531978,-0.00122495
110,121,1.03855,-0.00490763,-0.00128649
110,122,1.03871,-0.00427892,-0.00129013
110,123,1.03886,-0.00337438,-0.00122294
110,124,1.03899,-0.00224653,-0.00105656
110,125,1.0391,-0.00113689,-0.000762851
110,126,1.03919,-0.000482691,-0.000295592
110,127,1,-0.00343474,0
111,0,1,0,0
111,1,0.947411,-0.0010652,-0.000150351
111,2,0.947533,-0.00196168,-0.000387414
111,3,0.947728,-0.00234305,-0.000586667
111,4,0.947997,-0.00252229,-0.000775326
111,5,0.948342,-0.00269047,-0.000964417
111,6,0.948759,-0.00290877,-0.00116097
111,7,0.949247,-0.00316047,-0.00136416
111,8,0.949803,-0.00340024,-0.00157392
111,9,0.950425,-0.00358465,-0.00178513
111,10,0.95111,-0.00368501,-0.00199418
111,11,0.951854,-0.00368915,-0.0021933
111,12,0.952655,-0.00359796,-0.00237741
111,13,0.953508,-0.00342057,-0.00253859
111,14,0.954409,-0.00316999,-0.00267242
111,15,0.955356,-0.00285995,-0.00277238
111,16,0.956343,-0.00250303,-0.00283558
111,17,0.957367,-0.00210971,-0.00285719
111,18,0.958424,-0.00168827,-0.00283578
111,19,0.95951,-0.00124494,-0.00276792
111,20,0.960621,-0.000784385,-0.00265323
111,21,0.961753,-0.000310172,-0.00248933
111,22,0.962902,0.000174819,-0.0022766
111,23,0.964064,0.000668064,-0.00201347
111,24,0.965237,0.00116716,-0.00170092
111,25,0.966416,0.00166971,-0.00133812
111,26,0.967598,0.00217324,-0.000926593
111,27,0.968781,0.00267519,-0.000466197
111,28,0.969961,0.00317297,4.0994e-05
111,29,0.971135,0.00366395,0.00059445
111,30,0.972302,0.0041455,0.00119158
111,31,0.973459,0.00461509,0.00183121
111,32,0.974604,0.00507025,0.00251027
111,33,0.975734,0.00550865,0.003227
111,34,0.976849,0.0059281,0.00397793
111,35,0.977947,0.00632657,0.00476079
111,36,0.979027,0.00670221,0.00557176
111,37,0.980087,0.00705334,0.00640817
111,38,0.981127,0.00737845,0.00726594
111,39,0.982147,0.00767623,0.0081421
111,40,0.983146,0.0079455,0.0090324
111,41,0.984124,0.00818528,0.00993364
111,42,0.985081,0.00839475,0.0108415
111,43,0.986017,0.0085732,0.0117527
111,44,0.986933,0.0087201,0.0126629
111,45,0.98783,0.00883503,0.0135687
111,46,0.988709,0.00891768,0.014466
111,47,0.98957,0.00896788,0.0153515
111,48,0.990415,0.00898553,0.0162211
111,49,0.991245,0.00897064,0.0170716
111,50,0.992062,0.00892331,0.0178993
111,51,0.992867,0.00884372,0.0187012
111,52,0.993663,0.00873211,0.0194738
111,53,0.99445,0.00858882,0.0202145
111,54,0.995231,0.00841424,0.02092
111,55,0.996008,0.00820885,0.0215881
111,56,0.996782,0.0079732,0.022216
111,57,0.997555,0.0077079,0.0228018
111,58,0.99833,0.00741365,0.023343
111,59,0.999107,0.00709125,0.0238383
111,60,0.999888,0.00674156,0.0242856
111,61,1.00068,0.00636554,0.0246839
111,62,1.00147,0.00596428,0.0250319
111,63,1.00227,0.00553893,0.0253288
111,64,1.00308,0.00509079,0.0255738
111,65,1.0039,0.00462125,0.0257667
111,66,1.00473,0.00413184,0.025907
111,67,1.00558,0.0036242,0.0259949
111,68,1.00643,0.0031001,0.0260304
111,69,1.00728,0.00256144,0.0260143
111,70,1.00815,0.00201024,0.0259468
111,71,1.00903,0.00144864,0.0258289
111,72,1.00991,0.000878901,0.0256615
111,73,1.01079,0.000303379,0.0254457
111,74,1.01168,-0.000275466,0.0251827
111,75,1.01257,-0.000855093,0.0248739
111,76,1.01346,-0.0014329,0.0245206
111,77,1.01435,-0.00200622,0.0241246
111,78,1.01523,-0.00257237,0.0236872
111,79,1.01611,-0.00312867,0.0232103
111,80,1.01698,-0.00367245,0.0226956
111,81,1.01783,-0.00420107,0.0221451
111,82,1.01868,-0.00471199,0.0215605
111,83,1.01951,-0.00520275,0.0209438
111,84,1.02033,-0.00567102,0.0202971
111,85,1.02114,-0.00611465,0.0196226
111,86,1.02192,-0.00653164,0.0189224
111,87,1.02269,-0.00692021,0.0181988
111,88,1.02344,-0.00727881,0.0174542
111,89,1.02417,-0.00760611,0.016691
111,90,1.02488,-0.00790105,0.0159118
111,91,1.02557,-0.00816281,0.0151191
111,92,1.02624,-0.00839084,0.0143159
111,93,1.02689,-0.00858482,0.0135046
111,94,1.02753,-0.00874465,0.0126885
111,95,1.02814,-0.00887046,0.0118701
111,96,1.02873,-0.00896257,0.0110527
111,97,1.02931,-0.00902142,0.0102389
111,98,1.02987,-0.0090476,0.0094323
111,99,1.03041,-0.00904179,0.00863509
111,100,1.03093,-0.00900471,0.00785134
111,101,1.03144,-0.00893708,0.00708279
111,102,1.03193,-0.00883962,0.0063338
111,103,1.0324,-0.00871295,0.00560566
111,104,1.03286,-0.00855756,0.00490298
111,105,1.0333,-0.00837378,0.00422652
111,106,1.03373,-0.00816172,0.00358111
111,107,1.03414,-0.00792132,0.00296693
111,108,1.03454,-0.00765245,0.00238897
111,109,1.03492,-0.00735522,0.00184682
111,110,1.03529,-0.00703045,0.00134555
111,111,1.03564,-0.00668044,0.00088398
111,112,1.03597,-0.00630994,0.000467019
111,113,1.03629,-0.00592711,9.24029e-05
111,114,1.03659,-0.00554407,-0.000235705
111,115,1.03688,-0.00517634,-0.000521242
111,116,1.03715,-0.0048404,-0.000761371
111,117,1.0374,-0.00454844,-0.000961811
111,118,1.03763,-0.00430028,-0.00112039
111,119,1.03785,-0.00407353,-0.00124247
111,120,1.03804,-0.00381586,-0.00132278
111,121,1.03822,-0.00344604,-0.00136071
111,122,1.03838,-0.00287361,-0.00134145
111,123,1.03852,-0.00204603,-0.00125249
111,124,1.03863,-0.00102264,-0.00106531
111,125,1.03873,-5.07533e-05,-0.000755792
111,126,1.03882,0.000428553,-0.000292327
111,127,1,-0.00343474,0
112,0,1,0,0
112,1,0.947677,-0.000323781,-0.000135012
112,2,0.947782,-0.00127757,-0.000375445
112,3,0.947966,-0.00167765,-0.000579419
112,4,0.948227,-0.00185672,-0.000775007
112,5,0.948561,-0.0020156,-0.000971324
112,6,0.94897,-0.00221991,-0.00117451
112,7,0.949449,-0.00245563,-0.0013848
112,8,0.949998,-0.00267981,-0.00160318
112,9,0.950612,-0.0028511,-0.0018248
112,10,0.95129,-0.0029425,-0.00204625
112,11,0.952027,-0.00294291,-0.00225953
112,12,0.952821,-0.00285373,-0.00245946
112,13,0.953667,-0.00268414,-0.00263768
112,14,0.954562,-0.00244694,-0.00278963
112,15,0.955502,-0.00215552,-0.00290837
112,16,0.956483,-0.00182206,-0.00299092
112,17,0.9575,-0.00145673,-0.0030321
112,18,0.95855,-0.00106749,-0.0030304
112,19,0.959628,-0.000660344,-0.00298211
112,20,0.96073,-0.000239746,-0.00288681
112,21,0.961853,0.000190949,-0.00274187
112,22,0.962993,0.000629085,-0.00254764
112,23,0.964145,0.0010724,-0.00230234
112,24,0.965306,0.00151881,-0.00200695
112,25,0.966473,0.00196628,-0.00166044
112,26,0.967643,0.00241279,-0.00126437
112,27,0.968812,0.00285626,-0.000818424
112,28,0.969977,0.00329465,-0.000324722
112,29,0.971137,0.00372589,0.000216334
112,30,0.972288,0.004148,0.000802089
112,31,0.973428,0.00455903,0.00143147
112,32,0.974555,0.00495716,0.00210131
112,33,0.975668,0.00534066,0.00280995
112,34,0.976765,0.00570791,0.00355377
112,35,0.977844,0.00605742,0.00433058
112,36,0.978905,0.00638781,0.00513642
112,37,0.979946,0.00669784,0.00596864
112,38,0.980967,0.00698636,0.00682304
112,39,0.981968,0.00725234,0.00769662
112,40,0.982948,0.00749484,0.00858499
112,41,0.983907,0.00771303,0.00948492
112,42,0.984845,0.00790615,0.010392
112,43,0.985763,0.00807353,0.0113027
112,44,0.986662,0.00821461,0.0122128
112,45,0.987541,0.00832885,0.0131186
112,46,0.988403,0.00841583,0.014016
112,47,0.989249,0.00847519,0.0149015
112,48,0.990079,0.00850662,0.0157709
112,49,0.990895,0.0085099,0.016621
112,50,0.991699,0.00848487,0.0174478
112,51,0.992493,0.00843144,0.0182483
112,52,0.993278,0.00834958,0.0190189
112,53,0.994056,0.00823934,0.0197568
112,54,0.994829,0.00810083,0.0204587
112,55,0.995599,0.00793426,0.0211223
112,56,0.996367,0.0077399,0.0217446
112,57,0.997137,0.0075181,0.0223237
112,58,0.997909,0.0072693,0.0228572
112,59,0.998686,0.00699404,0.0233434
112,60,0.999468,0.00669295,0.0237806
112,61,1.00026,0.00636674,0.0241675
112,62,1.00106,0.00601626,0.0245027
112,63,1.00186,0.00564245,0.0247858
112,64,1.00268,0.00524634,0.0250156
112,65,1.00351,0.00482913,0.0251921
112,66,1.00435,0.00439209,0.025315
112,67,1.0052,0.00393664,0.0253844
112,68,1.00606,0.0034643,0.0254005
112,69,1.00694,0.00297673,0.025364
112,70,1.00782,0.0024757,0.0252755
112,71,1.00871,0.00196311,0.025136
112,72,1.0096,0.00144094,0.0249464
112,73,1.0105,0.000911322,0.0247082
112,74,1.01141,0.000376445,0.0244226
112,75,1.01232,-0.000161394,0.0240914
112,76,1.01322,-0.000699831,0.0237158
112,77,1.01413,-0.00123644,0.023298
112,78,1.01502,-0.00176875,0.0228395
112,79,1.01592,-0.00229428,0.0223424
112,80,1.0168,-0.00281054,0.0218086
112,81,1.01767,-0.00331505,0.0212403
112,82,1.01854,-0.00380539,0.0206394
112,83,1.01938,-0.00427922,0.0200083
112,84,1.02021,-0.00473429,0.0193491
112,85,1.02103,-0.00516848,0.0186643
112,86,1.02183,-0.00557982,0.017956
112,87,1.0226,-0.00596652,0.0172269
112,88,1.02336,-0.00632699,0.0164794
112,89,1.0241,-0.00665985,0.015716
112,90,1.02482,-0.00696394,0.0149395
112,91,1.02552,-0.00723835,0.0141524
112,92,1.02619,-0.00748238,0.0133576
112,93,1.02685,-0.00769557,0.0125576
112,94,1.02748,-0.00787768,0.0117557
112,95,1.02809,-0.00802865,0.0109542
112,96,1.02869,-0.0081486,0.0101565
112,97,1.02926,-0.00823781,0.00936484
112,98,1.02982,-0.00829665,0.0085829
112,99,1.03035,-0.00832559,0.00781249
112,100,1.03087,-0.00832514,0.00705763
112,101,1.03137,-0.00829584,0.00631972
112,102,1.03185,-0.00823818,0.00560306
112,103,1.03232,-0.00815258,0.00490853
112,104,1.03277,-0.00803935,0.0042407
112,105,1.0332,-0.00789864,0.00359994
112,106,1.03362,-0.00773038,0.00299103
112,107,1.03402,-0.0075344,0.00241378
112,108,1.03441,-0.00731044,0.00187318
112,109,1.03478,-0.00705849,0.00136843
112,110,1.03513,-0.00677927,0.000904656
112,111,1.03547,-0.00647491,0.000480318
112,112,1.03579,-0.00614988,0.000100392
112,113,1.03609,-0.00581195,-0.000237777
112,114,1.03638,-0.00547265,-0.000529966
112,115,1.03666,-0.00514681,-0.000780566
112,116,1.03691,-0.00485022,-0.000986722
112,117,1.03715,-0.00459474,-0.00115466
112,118,1.03737,-0.00438062,-0.00128218
112,119,1.03757,-0.00418726,-0.00137504
112,120,1.03775,-0.00396581,-0.00142768
112,121,1.03792,-0.00364035,-0.00143961
112,122,1.03806,-0.0031271,-0.00139535
112,123,1.03819,-0.00238029,-0.00128243
112,124,1.03829,-0.00146448,-0.00107409
112,125,1.03838,-0.000628727,-0.000750454
112,126,1.03844,-0.000309864,-0.000281291
112,127,1,-0.00343474,0
113,0,1,0,0
113,1,0.947974,-0.00115744,-0.000131813
113,2,0.948073,-0.00215263,-0.000361037
113,3,0.948248,-0.00257006,-0.000571295
113,4,0.948499,-0.00275458,-0.000774485
113,5,0.948826,-0.00291254,-0.000976827
113,6,0.949226,-0.00311296,-0.00118619
113,7,0.949699,-0.00334464,-0.00140341
113,8,0.950241,-0.00356731,-0.00163034
113,9,0.950849,-0.00374201,-0.00186245
113,10,0.951521,-0.00384334,-0.00209656
113,11,0.952253,-0.00386088,-0.00232437
113,12,0.953041,-0.00379589,-0.00254056
113,13,0.953881,-0.00365677,-0.00273635
113,14,0.954771,-0.00345516,-0.00290703
113,15,0.955705,-0.00320315,-0.00304524
113,16,0.956679,-0.00291168,-0.00314792
113,17,0.95769,-0.00258976,-0.00320953
113,18,0.958733,-0.00224439,-0.00322855
113,19,0.959804,-0.00188075,-0.00320095
113,20,0.960898,-0.00150266,-0.00312632
113,21,0.962012,-0.00111297,-0.00300175
113,22,0.963143,-0.00071395,-0.00282761
113,23,0.964285,-0.000307582,-0.0026019
113,24,0.965436,0.000104247,-0.0023256
113,25,0.966591,0.000519626,-0.00199749
113,26,0.967749,0.000936571,-0.00161916
113,27,0.968905,0.00135301,-0.00119012
113,28,0.970057,0.00176683,-0.000712544
113,29,0.971202,0.00217584,-0.000186698
113,30,0.972337,0.00257791,0.000384704
113,31,0.973461,0.0029709,0.00100069
113,32,0.974572,0.00335276,0.00165802
113,33,0.975668,0.00372155,0.00235508
113,34,0.976746,0.00407541,0.0030882
113,35,0.977807,0.00441262,0.00385519
113,36,0.978849,0.00473162,0.00465201
113,37,0.979871,0.00503095,0.005476
113,38,0.980872,0.00530932,0.00632284
113,39,0.981853,0.00556558,0.00718953
113,40,0.982812,0.00579871,0.00807154
113,41,0.983751,0.00600785,0.00896562
113,42,0.984669,0.00619223,0.00986715
113,43,0.985567,0.00635125,0.0107727
113,44,0.986446,0.00648438,0.0116777
113,45,0.987307,0.00659125,0.0125786
113,46,0.98815,0.00667156,0.013471
113,47,0.988977,0.0067251,0.0143514
113,48,0.989789,0.00675179,0.0152154
113,49,0.990589,0.00675158,0.0160597
113,50,0.991377,0.00672454,0.0168803
113,51,0.992156,0.00667079,0.017674
113,52,0.992927,0.00659054,0.0184371
113,53,0.993693,0.00648405,0.0191667
113,54,0.994455,0.00635165,0.0198595
113,55,0.995215,0.00619375,0.020513
113,56,0.995976,0.00601082,0.0211243
113,57,0.996739,0.0058034,0.0216913
113,58,0.997507,0.00557212,0.0222116
113,59,0.99828,0.00531766,0.0226836
113,60,0.999061,0.00504081,0.0231052
113,61,0.999851,0.00474243,0.0234756
113,62,1.00065,0.00442349,0.0237932
113,63,1.00146,0.00408504,0.0240574
113,64,1.00229,0.00372824,0.0242674
113,65,1.00312,0.00335435,0.0244232
113,66,1.00397,0.00296474,0.0245243
113,67,1.00483,0.00256087,0.0245712
113,68,1.0057,0.00214432,0.0245642
113,69,1.00659,0.00171678,0.024504
113,70,1.00748,0.00128003,0.0243913
113,71,1.00838,0.000835939,0.0242275
113,72,1.00929,0.000386471,0.0240135
113,73,1.01021,-6.63374e-05,0.023751
113,74,1.01113,-0.000520384,0.0234413
113,75,1.01205,-0.000973516,0.0230865
113,76,1.01297,-0.00142354,0.0226882
113,77,1.01389,-0.00186826,0.0222485
113,78,1.01481,-0.00230546,0.0217692
113,79,1.01572,-0.00273295,0.0212529
113,80,1.01661,-0.00314859,0.0207013
113,81,1.0175,-0.00355029,0.0201171
113,82,1.01838,-0.00393607,0.0195024
113,83,1.01924,-0.00430404,0.0188597
113,84,1.02008,-0.00465244,0.0181914
113,85,1.02091,-0.00497968,0.0175
113,86,1.02171,-0.00528433,0.0167881
113,87,1.0225,-0.00556514,0.0160581
113,88,1.02326,-0.00582108,0.0153127
113,89,1.02401,-0.00605132,0.0145546
113,90,1.02473,-0.00625525,0.0137865
113,91,1.02543,-0.00643246,0.0130109
113,92,1.02611,-0.00658277,0.0122309
113,93,1.02676,-0.00670619,0.0114487
113,94,1.0274,-0.00680288,0.0106677
113,95,1.02801,-0.00687319,0.00988988
113,96,1.0286,-0.00691759,0.00911878
113,97,1.02917,-0.00693664,0.0083562
113,98,1.02972,-0.00693099,0.00760584
113,99,1.03025,-0.00690131,0.00686915
113,100,1.03076,-0.00684828,0.00615007
113,101,1.03126,-0.00677255,0.00544961
113,102,1.03173,-0.00667471,0.00477196
113,103,1.03219,-0.00655521,0.00411763
113,104,1.03263,-0.00641436,0.00349109
113,105,1.03305,-0.00625226,0.00289231
113,106,1.03346,-0.00606879,0.00232601
113,107,1.03385,-0.00586364,0.0017916
113,108,1.03422,-0.00563638,0.0012941
113,109,1.03458,-0.0053868,0.000832301
113,110,1.03492,-0.00511529,0.000411397
113,111,1.03525,-0.00482359,2.94739e-05
113,112,1.03556,-0.00451562,-0.000308411
113,113,1.03586,-0.00419842,-0.000605303
113,114,1.03613,-0.00388261,-0.000856914
113,115,1.03639,-0.003582,-0.00106809
113,116,1.03664,-0.00331136,-0.00123598
113,117,1.03686,-0.00308186,-0.00136734
113,118,1.03707,-0.00289379,-0.00145996
113,119,1.03726,-0.00272778,-0.0015201
113,120,1.03743,-0.00253786,-0.00154197
113,121,1.03758,-0.00225267,-0.00152519
113,122,1.03772,-0.00179406,-0.0014538
113,123,1.03783,-0.00112176,-0.00131582
113,124,1.03793,-0.00030356,-0.00108446
113,125,1.03801,0.000412727,-0.00074367
113,126,1.03806,0.000596468,-0.000277462
113,127,1,-0.00343474,0
114,0,1,0,0
114,1,0.948276,-0.000362949,-0.000117302
114,2,0.948359,-0.00138203,-0.000349211
114,3,0.948523,-0.00180899,-0.000563452
114,4,0.948765,-0.00199274,-0.000772446
114,5,0.949083,-0.00214169,-0.000980961
114,6,0.949475,-0.00232658,-0.00119635
114,7,0.949939,-0.00253865,-0.00142057
114,8,0.950474,-0.00274059,-0.00165652
114,9,0.951075,-0.00289624,-0.00189981
114,10,0.95174,-0.00298235,-0.00214739
114,11,0.952465,-0.00298985,-0.00239062
114,12,0.953247,-0.00292061,-0.00262403
114,13,0.954081,-0.0027831,-0.00283837
114,14,0.954965,-0.00258871,-0.00302877
114,15,0.955893,-0.00234913,-0.00318752
114,16,0.956861,-0.00207488,-0.00331145
114,17,0.957865,-0.0017746,-0.00339472
114,18,0.958901,-0.00145497,-0.00343578
114,19,0.959965,-0.00112094,-0.00343035
114,20,0.961051,-0.000776125,-0.003378
114,21,0.962157,-0.000423196,-0.00327562
114,22,0.963278,-6.42315e-05,-0.00312358
114,23,0.96441,0.000299006,-0.00291965
114,24,0.96555,0.000664891,-0.00266486
114,25,0.966694,0.00103183,-0.00235778
114,26,0.967839,0.00139821,-0.00200003
114,27,0.968981,0.0017624,-0.00159098
114,28,0.970118,0.00212274,-0.00113282
114,29,0.971248,0.00247758,-0.000625696
114,30,0.972368,0.00282532,-7.2372e-05
114,31,0.973475,0.00316439,0.000526282
114,32,0.974568,0.00349332,0.00116696
114,33,0.975645,0.00381071,0.00184812
114,34,0.976705,0.00411525,0.00256599
114,35,0.977746,0.00440573,0.00331845
114,36,0.978768,0.00468104,0.00410133
114,37,0.97977,0.00494017,0.00491203
114,38,0.980751,0.00518217,0.00574608
114,39,0.981711,0.00540619,0.00660049
114,40,0.98265,0.00561148,0.00747061
114,41,0.983568,0.00579732,0.00835317
114,42,0.984466,0.0059631,0.0092434
114,43,0.985344,0.00610824,0.0101379
114,44,0.986204,0.00623226,0.0110318
114,45,0.987045,0.0063347,0.0119217
114,46,0.98787,0.00641518,0.0128029
114,47,0.988679,0.00647338,0.0136719
114,48,0.989475,0.00650903,0.0145242
114,49,0.990259,0.0065219,0.0153564
114,50,0.991032,0.00651184,0.0161644
114,51,0.991797,0.00647874,0.016945
114,52,0.992555,0.00642255,0.0176942
114,53,0.993309,0.00634329,0.0184092
114,54,0.994061,0.00624105,0.0190866
114,55,0.994813,0.00611595,0.0197239
114,56,0.995566,0.00596823,0.020318
114,57,0.996323,0.00579817,0.0208669
114,58,0.997086,0.00560613,0.021368
114,59,0.997857,0.00539258,0.0218199
114,60,0.998636,0.00515804,0.0222205
114,61,0.999426,0.00490314,0.0225689
114,62,1.00023,0.00462861,0.0228636
114,63,1.00104,0.00433527,0.0231041
114,64,1.00187,0.00402403,0.0232896
114,65,1.00271,0.00369593,0.0234202
114,66,1.00357,0.00335208,0.0234955
114,67,1.00443,0.00299372,0.0235163
114,68,1.00532,0.00262218,0.0234827
114,69,1.00621,0.00223889,0.0233958
114,70,1.00712,0.00184538,0.0232564
114,71,1.00803,0.00144326,0.023066
114,72,1.00896,0.00103425,0.0228258
114,73,1.00989,0.000620107,0.0225377
114,74,1.01082,0.000202695,0.0222033
114,75,1.01176,-0.000216088,0.0218246
114,76,1.01269,-0.000634293,0.0214037
114,77,1.01363,-0.00104994,0.0209428
114,78,1.01456,-0.00146105,0.020444
114,79,1.01548,-0.00186561,0.01991
114,80,1.01639,-0.00226166,0.019343
114,81,1.0173,-0.00264727,0.0187456
114,82,1.01818,-0.00302058,0.0181203
114,83,1.01906,-0.00337978,0.0174697
114,84,1.01991,-0.00372319,0.0167965
114,85,1.02075,-0.00404924,0.0161032
114,86,1.02157,-0.00435651,0.0153925
114,87,1.02237,-0.00464372,0.0146671
114,88,1.02314,-0.00490977,0.0139298
114,89,1.02389,-0.00515375,0.0131831
114,90,1.02462,-0.00537492,0.0124299
114,91,1.02533,-0.00557273,0.0116726
114,92,1.02601,-0.00574684,0.0109142
114,93,1.02667,-0.00589704,0.010157
114,94,1.02731,-0.00602333,0.00940418
114,95,1.02793,-0.00612583,0.00865755
114,96,1.02852,-0.00620476,0.00792053
114,97,1.02909,-0.00626046,0.00719462
114,98,1.02964,-0.00629335,0.00648344
114,99,1.03017,-0.00630385,0.00578804
114,100,1.03067,-0.00629241,0.00511226
114,101,1.03116,-0.00625946,0.00445668
114,102,1.03163,-0.00620535,0.0038254
114,103,1.03208,-0.00613036,0.00321847
114,104,1.03252,-0.0060346,0.00264029
114,105,1.03293,-0.00591801,0.00209038
114,106,1.03333,-0.00578035,0.00157343
114,107,1.03371,-0.00562118,0.00108843
114,108,1.03407,-0.00544003,0.000640392
114,109,1.03442,-0.00523659,0.000227732
114,110,1.03475,-0.00501118,-0.000144307
114,111,1.03507,-0.00476538,-0.000478006
114,112,1.03537,-0.00450285,-0.000768225
114,113,1.03565,-0.00423018,-0.00101839
114,114,1.03592,-0.00395734,-0.00122417
114,115,1.03616,-0.00369734,-0.00139084
114,116,1.0364,-0.00346418,-0.00151558
114,117,1.03661,-0.00326863,-0.00160567
114,118,1.0368,-0.00311147,-0.00165894
114,119,1.03698,-0.00297531,-0.00168212
114,120,1.03714,-0.00281802,-0.00166926
114,121,1.03728,-0.002574,-0.00162019
114,122,1.0374,-0.00217179,-0.00151846
114,123,1.03751,-0.00157674,-0.00135224
114,124,1.03759,-0.000858191,-0.00109653
114,125,1.03765,-0.000258565,-0.000739626
114,126,1.0377,-0.000194419,-0.000267104
114,127,1,-0.00343474,0
115,0,1,0,0
115,1,0.94859,-0.00119066,-0.000114047
115,2,0.948669,-0.0022186,-0.000335277
115,3,0.948824,-0.0026539,-0.000554848
115,4,0.949057,-0.00284255,-0.000770722
115,5,0.949367,-0.00299076,-0.000985119
115,6,0.949752,-0.00317009,-0.00120715
115,7,0.95021,-0.00337468,-0.00143942
115,8,0.950738,-0.00357082,-0.00168555
115,9,0.951333,-0.00372559,-0.00194131
115,10,0.951993,-0.00381794,-0.00220374
115,11,0.952713,-0.00383982,-0.00246379
115,12,0.95349,-0.00379302,-0.00271578
115,13,0.954319,-0.00368518,-0.00295005
115,14,0.955198,-0.00352645,-0.00316158
115,15,0.956121,-0.00332715,-0.0033423
115,16,0.957084,-0.00309644,-0.00348898
115,17,0.958082,-0.00284174,-0.00359554
115,18,0.959112,-0.00256869,-0.00366041
115,19,0.960169,-0.00228141,-0.00367908
115,20,0.961249,-0.00198283,-0.00365118
115,21,0.962347,-0.00167507,-0.00357334
115,22,0.96346,-0.00135981,-0.003446
115,23,0.964583,-0.00103847,-0.00326672
115,24,0.965713,-0.000712455,-0.00303655
115,25,0.966846,-0.00038318,-0.00275389
115,26,0.967979,-5.21496e-05,-0.00242038
115,27,0.969109,0.00027905,-0.00203522
115,28,0.970233,0.000608765,-0.00160067
115,29,0.971348,0.000935303,-0.0011167
115,30,0.972453,0.00125696,-0.000586152
115,31,0.973544,0.00157207,-9.76879e-06
115,32,0.974621,0.00187898,0.00060907
115,33,0.975681,0.00217613,0.00126892
115,34,0.976722,0.00246205,0.00196592
115,35,0.977745,0.00273535,0.00269801
115,36,0.978748,0.00299473,0.00346093
115,37,0.97973,0.00323904,0.00425211
115,38,0.980691,0.00346719,0.00506698
115,39,0.98163,0.00367825,0.00590257
115,40,0.982549,0.00387137,0.0067541
115,41,0.983447,0.0040458,0.0076183
115,42,0.984324,0.00420093,0.00849028
115,43,0.985181,0.00433623,0.00936658
115,44,0.98602,0.00445125,0.0102423
115,45,0.986841,0.00454566,0.0111139
115,46,0.987646,0.0046192,0.0119767
115,47,0.988436,0.00467168,0.012827
115,48,0.989214,0.00470301,0.0136602
115,49,0.989979,0.00471315,0.014473
115,50,0.990735,0.00470214,0.015261
115,51,0.991484,0.00467007,0.016021
115,52,0.992228,0.0046171,0.0167491
115,53,0.992968,0.00454346,0.0174424
115,54,0.993707,0.00444941,0.0180972
115,55,0.994448,0.0043353,0.0187112
115,56,0.995191,0.00420153,0.0192812
115,57,0.99594,0.00404856,0.0198052
115,58,0.996696,0.00387692,0.0202808
115,59,0.997461,0.00368722,0.0207063
115,60,0.998237,0.00348011,0.0210798
115,61,0.999025,0.00325635,0.0214003
115,62,0.999826,0.00301676,0.0216666
115,63,1.00064,0.00276226,0.0218782
115,64,1.00147,0.00249384,0.0220344
115,65,1.00232,0.00221257,0.0221353
115,66,1.00318,0.00191964,0.0221808
115,67,1.00405,0.00161627,0.0221717
115,68,1.00494,0.00130382,0.0221084
115,69,1.00584,0.00098369,0.0219921
115,70,1.00676,0.000657368,0.0218238
115,71,1.00769,0.000326407,0.0216052
115,72,1.00862,-7.5824e-06,0.0213377
115,73,1.00956,-0.000342941,0.0210234
115,74,1.01051,-0.000677974,0.0206641
115,75,1.01146,-0.00101096,0.0202621
115,76,1.01241,-0.00134017,0.0198196
115,77,1.01336,-0.00166388,0.0193393
115,78,1.0143,-0.00198038,0.0188233
115,79,1.01524,-0.00228801,0.0182745
115,80,1.01617,-0.00258515,0.0176954
115,81,1.01708,-0.00287026,0.0170889
115,82,1.01798,-0.00314189,0.0164575
115,83,1.01887,-0.00339869,0.015804
115,84,1.01974,-0.00363944,0.0151313
115,85,1.02059,-0.00386305,0.014442
115,86,1.02141,-0.00406858,0.013739
115,87,1.02222,-0.00425526,0.013025
115,88,1.023,-0.00442248,0.0123027
115,89,1.02376,-0.0045698,0.0115748
115,90,1.0245,-0.00469696,0.0108442
115,91,1.02521,-0.00480386,0.010113
115,92,1.0259,-0.00489055,0.00938448
115,93,1.02656,-0.00495726,0.00866043
115,94,1.0272,-0.0050043,0.00794406
115,95,1.02781,-0.00503213,0.00723694
115,96,1.0284,-0.00504126,0.00654237
115,97,1.02897,-0.00503228,0.00586148
115,98,1.02952,-0.0050058,0.00519777
115,99,1.03004,-0.00496243,0.00455188
115,100,1.03055,-0.00490276,0.00392751
115,101,1.03103,-0.00482731,0.0033248
115,102,1.03149,-0.00473651,0.00274773
115,103,1.03194,-0.00463066,0.0021959
115,104,1.03236,-0.00450989,0.00167359
115,105,1.03277,-0.00437412,0.00117989
115,106,1.03316,-0.00422303,0.000719433
115,107,1.03353,-0.00405611,0.000290785
115,108,1.03389,-0.00387272,-0.000101034
115,109,1.03423,-0.00367236,-0.000457988
115,110,1.03455,-0.00345505,-0.000774774
115,111,1.03486,-0.00322197,-0.00105403
115,112,1.03514,-0.00297622,-0.00129052
115,113,1.03542,-0.0027236,-0.00148804
115,114,1.03567,-0.00247314,-0.00164219
115,115,1.03591,-0.00223673,-0.00175869
115,116,1.03613,-0.0020273,-0.00183472
115,117,1.03633,-0.00185491,-0.00187811
115,118,1.03652,-0.00172043,-0.00188676
115,119,1.03669,-0.0016079,-0.00186791
115,120,1.03684,-0.00147839,-0.00181553
115,121,1.03697,-0.0012711,-0.0017297
115,122,1.03708,-0.000920172,-0.00159366
115,123,1.03717,-0.000395197,-0.00139627
115,124,1.03724,0.000234726,-0.00111279
115,125,1.03729,0.000735285,-0.000735413
115,126,1.03733,0.000705909,-0.000263504
115,127,1,-0.00343474,0
116,0,1,0,0
116,1,0.948894,-0.000349217,-0.000100633
116,2,0.948958,-0.00137014,-0.000323844
116,3,0.949103,-0.00180636,-0.000547529
116,4,0.949328,-0.00199321,-0.000769839
116,5,0.949629,-0.0021318,-0.000991841
116,6,0.950006,-0.00229308,-0.00122227
116,7,0.950456,-0.00247362,-0.00146461
116,8,0.950977,-0.00264343,-0.00172328
116,9,0.951566,-0.00277308,-0.00199396
116,10,0.95222,-0.00284412,-0.00227363
116,11,0.952934,-0.00285001,-0.00255279
116,12,0.953706,-0.00279317,-0.00282557
116,13,0.95453,-0.00268126,-0.00308186
116,14,0.955403,-0.00252407,-0.00331656
116,15,0.956321,-0.00233144,-0.00352126
116,16,0.957279,-0.00211203,-0.00369278
116,17,0.958272,-0.00187285,-0.00382478
116,18,0.959297,-0.00161923,-0.00391577
116,19,0.960348,-0.00135502,-0.00396104
116,20,0.961421,-0.00108297,-0.00396028
116,21,0.962511,-0.000805067,-0.00390995
116,22,0.963616,-0.000522814,-0.00381053
116,23,0.96473,-0.000237483,-0.00365939
116,24,0.965851,4.97512e-05,-0.00345764
116,25,0.966973,0.000337725,-0.00320349
116,26,0.968095,0.000625248,-0.00289863
116,27,0.969213,0.000911098,-0.00254208
116,28,0.970324,0.00119403,-0.00213614
116,29,0.971425,0.00147282,-0.00168065
116,30,0.972514,0.00174623,-0.00117848
116,31,0.97359,0.0020131,-0.000630267
116,32,0.97465,0.0022723,-3.94363e-05
116,33,0.975692,0.00252278,0.000592663
116,34,0.976716,0.00276355,0.0012621
116,35,0.97772,0.00299371,0.0019669
116,36,0.978704,0.0032124,0.0027027
116,37,0.979667,0.00341885,0.00346701
116,38,0.980608,0.00361235,0.00425516
116,39,0.981527,0.00379226,0.00506421
116,40,0.982426,0.00395797,0.00588929
116,41,0.983303,0.00410895,0.00672713
116,42,0.984161,0.0042447,0.00757274
116,43,0.984998,0.00436478,0.00842269
116,44,0.985818,0.00446879,0.00927195
116,45,0.98662,0.00455638,0.010117
116,46,0.987406,0.00462722,0.0109529
116,47,0.988178,0.00468104,0.0117761
116,48,0.988938,0.00471761,0.012582
116,49,0.989687,0.00473674,0.013367
116,50,0.990427,0.00473827,0.0141269
116,51,0.991161,0.0047221,0.0148583
116,52,0.991891,0.00468818,0.0155573
116,53,0.992618,0.0046365,0.0162209
116,54,0.993346,0.0045671,0.0168455
116,55,0.994076,0.00448008,0.0174288
116,56,0.99481,0.0043756,0.0179675
116,57,0.995551,0.00425388,0.0184598
116,58,0.996301,0.00411522,0.018903
116,59,0.997061,0.00395996,0.0192958
116,60,0.997833,0.00378855,0.0196361
116,61,0.998618,0.00360149,0.0199233
116,62,0.999418,0.00339937,0.0201558
116,63,1.00023,0.00318286,0.0203337
116,64,1.00107,0.00295271,0.020456
116,65,1.00191,0.00270977,0.0205234
116,66,1.00278,0.00245496,0.0205356
116,67,1.00366,0.00218928,0.0204937
116,68,1.00456,0.00191381,0.0203982
116,69,1.00547,0.00162971,0.0202506
116,70,1.00639,0.00133821,0.0200521
116,71,1.00733,0.00104061,0.0198045
116,72,1.00827,0.000738267,0.0195094
116,73,1.00923,0.000432575,0.0191693
116,74,1.01019,0.000124983,0.0187861
116,75,1.01115,-0.000183031,0.0183624
116,76,1.01211,-0.000489969,0.0179005
116,77,1.01308,-0.000794323,0.0174033
116,78,1.01403,-0.00109459,0.0168734
116,79,1.01498,-0.00138928,0.0163137
116,80,1.01592,-0.00167694,0.0157269
116,81,1.01685,-0.00195614,0.015116
116,82,1.01777,-0.00222555,0.0144838
116,83,1.01866,-0.00248388,0.0138333
116,84,1.01954,-0.00272994,0.0131673
116,85,1.0204,-0.00296264,0.0124888
116,86,1.02124,-0.00318101,0.0118005
116,87,1.02206,-0.00338421,0.0111052
116,88,1.02285,-0.00357152,0.0104058
116,89,1.02362,-0.00374237,0.00970462
116,90,1.02436,-0.00389634,0.00900472
116,91,1.02508,-0.00403312,0.00830814
116,92,1.02578,-0.00415259,0.00761788
116,93,1.02644,-0.00425469,0.00693563
116,94,1.02709,-0.00433952,0.00626447
116,95,1.02771,-0.00440726,0.00560562
116,96,1.0283,-0.00445816,0.00496228
116,97,1.02887,-0.00449253,0.00433517
116,98,1.02942,-0.00451071,0.00372764
116,99,1.02994,-0.00451305,0.0031399
116,100,1.03044,-0.00449989,0.0025755
116,101,1.03092,-0.00447151,0.0020341
116,102,1.03138,-0.00442813,0.00151955
116,103,1.03182,-0.00436987,0.00103096
116,104,1.03224,-0.00429667,0.000572538
116,105,1.03264,-0.00420834,0.000142878
116,106,1.03303,-0.00410448,-0.000253416
116,107,1.03339,-0.0039845,-0.000618217
116,108,1.03374,-0.00384775,-0.000946493
116,109,1.03407,-0.00369372,-0.00124059
116,110,1.03438,-0.00352238,-0.00149514
116,111,1.03468,-0.0033348,-0.00171311
116,112,1.03496,-0.00313378,-0.00188919
116,113,1.03522,-0.00292467,-0.0020275
116,114,1.03546,-0.00271575,-0.00212357
116,115,1.03569,-0.00251801,-0.00218354
116,116,1.0359,-0.00234348,-0.00220461
116,117,1.03609,-0.00220172,-0.00219511
116,118,1.03627,-0.00209408,-0.00215302
116,119,1.03643,-0.00200672,-0.00208609
116,120,1.03656,-0.00190487,-0.00198824
116,121,1.03668,-0.0017338,-0.00185987
116,122,1.03678,-0.00143432,-0.00168397
116,123,1.03686,-0.000980404,-0.00144983
116,124,1.03692,-0.000439149,-0.00113485
116,125,1.03696,-3.2605e-05,-0.000735938
116,126,1.03698,-0.000137984,-0.00025461
116,127,1,-0.00343474,0
117,0,1,0,0
117,1,0.949195,-0.00116925,-9.73833e-05
117,2,0.949254,-0.00216826,-0.000311755
117,3,0.949391,-0.00260316,-0.000542064
117,4,0.949607,-0.00279278,-0.000773964
117,5,0.949901,-0.00292903,-0.00100604
117,6,0.950271,-0.00308161,-0.00124834
117,7,0.950716,-0.00325024,-0.00150464
117,8,0.951231,-0.00340944,-0.00177967
117,9,0.951815,-0.00353382,-0.00206895
117,10,0.952464,-0.00360758,-0.00236933
117,11,0.953174,-0.00362529,-0.0026708
117,12,0.953942,-0.00358926,-0.00296733
117,13,0.954762,-0.00350617,-0.00324842
117,14,0.955632,-0.00338447,-0.00350894
117,15,0.956546,-0.00323245,-0.00374026
117,16,0.957499,-0.00305735,-0.00393925
117,17,0.958488,-0.00286489,-0.00409945
117,18,0.959508,-0.00265933,-0.00421945
117,19,0.960554,-0.00244366,-0.00429443
117,20,0.961622,-0.00221994,-0.00432414
117,21,0.962707,-0.00198962,-0.00430492
117,22,0.963805,-0.00175379,-0.00423731
117,23,0.964912,-0.00151337,-0.00411853
117,24,0.966024,-0.0012693,-0.00394973
117,25,0.967138,-0.00102254,-0.00372896
117,26,0.96825,-0.00077414,-0.00345793
117,27,0.969357,-0.000525223,-0.00313552
117,28,0.970456,-0.000276985,-0.00276404
117,29,0.971545,-3.0662e-05,-0.0023432
117,30,0.972621,0.000212496,-0.0018759
117,31,0.973683,0.000451245,-0.00136264
117,32,0.974727,0.00068437,-0.000806896
117,33,0.975754,0.000910701,-0.000209902
117,34,0.976762,0.00112912,0.00042436
117,35,0.977749,0.00133859,0.001094
117,36,0.978714,0.00153812,0.00179462
117,37,0.979659,0.00172682,0.00252378
117,38,0.980581,0.00190388,0.00327674
117,39,0.981482,0.00206857,0.00405063
117,40,0.982361,0.00222022,0.00484049
117,41,0.983219,0.00235827,0.0056431
117,42,0.984056,0.00248223,0.0064534
117,43,0.984874,0.00259167,0.00726796
117,44,0.985674,0.00268626,0.00808168
117,45,0.986456,0.00276571,0.00889106
117,46,0.987223,0.00282983,0.00969109
117,47,0.987977,0.00287846,0.0104783
117,48,0.988718,0.00291153,0.0112478
117,49,0.989449,0.002929,0.0119963
117,50,0.990172,0.00293089,0.0127193
117,51,0.99089,0.00291728,0.0134135
117,52,0.991604,0.00288829,0.014075
117,53,0.992318,0.0028441,0.0147008
117,54,0.993032,0.00278492,0.0152874
117,55,0.99375,0.00271103,0.0158323
117,56,0.994473,0.00262274,0.0163324
117,57,0.995205,0.00252043,0.0167859
117,58,0.995946,0.00240452,0.0171901
117,59,0.996699,0.00227549,0.0175439
117,60,0.997465,0.00213388,0.0178452
117,61,0.998246,0.00198028,0.0180935
117,62,0.999044,0.00181537,0.0182875
117,63,0.999858,0.00163987,0.0184271
117,64,1.00069,0.00145458,0.0185118
117,65,1.00154,0.00126035,0.0185421
117,66,1.00241,0.0010581,0.0185182
117,67,1.00329,0.000848831,0.0184413
117,68,1.00419,0.000633579,0.018312
117,69,1.00511,0.000413446,0.018132
117,70,1.00604,0.000189579,0.0179028
117,71,1.00699,-3.68287e-05,0.0176264
117,72,1.00794,-0.000264554,0.0173046
117,73,1.0089,-0.000492348,0.0169401
117,74,1.00987,-0.000718945,0.016535
117,75,1.01085,-0.000943077,0.0160922
117,76,1.01182,-0.00116348,0.0156143
117,77,1.0128,-0.00137892,0.0151043
117,78,1.01376,-0.00158817,0.0145648
117,79,1.01473,-0.00179006,0.0139992
117,80,1.01568,-0.0019835,0.0134103
117,81,1.01662,-0.00216742,0.0128011
117,82,1.01755,-0.00234086,0.0121748
117,83,1.01845,-0.00250295,0.0115342
117,84,1.01935,-0.00265291,0.0108825
117,85,1.02022,-0.00279008,0.0102224
117,86,1.02106,-0.00291392,0.00955703
117,87,1.02189,-0.003024,0.00888884
117,88,1.02269,-0.00312004,0.00822086
117,89,1.02347,-0.00320188,0.00755531
117,90,1.02422,-0.00326947,0.00689517
117,91,1.02494,-0.0033229,0.00624224
117,92,1.02564,-0.00336237,0.0055995
117,93,1.02631,-0.00338816,0.00496828
117,94,1.02696,-0.00340065,0.00435158
117,95,1.02758,-0.00340029,0.00375024
117,96,1.02817,-0.00338757,0.00316731
117,97,1.02874,-0.00336299,0.00260308
117,98,1.02929,-0.00332708,0.00206076
117,99,1.02981,-0.00328033,0.00154005
117,100,1.03031,-0.00322319,0.00104438
117,101,1.03079,-0.00315605,0.000572891
117,102,1.03124,-0.0030792,0.000129316
117,103,1.03168,-0.00299279,-0.000287736
117,104,1.03209,-0.00289681,-0.000674167
117,105,1.03249,-0.00279106,-0.00103185
117,106,1.03287,-0.00267508,-0.00135623
117,107,1.03323,-0.00254826,-0.00164961
117,108,1.03357,-0.00240983,-0.00190695
117,109,1.03389,-0.00225909,-0.00213096
117,110,1.03419,-0.00209578,-0.00231621
117,111,1.03448,-0.00192053,-0.00246597
117,112,1.03475,-0.0017356,-0.00257483
117,113,1.03501,-0.00154552,-0.00264722
117,114,1.03524,-0.00135755,-0.00267857
117,115,1.03546,-0.00118147,-0.00267541
117,116,1.03566,-0.00102819,-0.00263492
117,117,1.03585,-0.000906469,-0.00256592
117,118,1.03601,-0.000817792,-0.00246647
117,119,1.03616,-0.000749874,-0.00234484
117,120,1.03629,-0.000671344,-0.00219493
117,121,1.0364,-0.000532501,-0.00201743
117,122,1.03649,-0.000279468,-0.00179529
117,123,1.03656,0.000110915,-0.00151873
117,124,1.03661,0.000575471,-0.00116607
117,125,1.03664,0.000906989,-0.000738717
117,126,1.03665,0.000753666,-0.000252324
117,127,1,-0.00343474,0
118,0,1,0,0
118,1,0.949472,-0.000286778,-8.58063e-05
118,2,0.949518,-0.0012483,-0.000303562
118,3,0.949645,-0.00167359,-0.000542314
118,4,0.949853,-0.00185791,-0.000786994
118,5,0.950139,-0.0019818,-0.00103467
118,6,0.950502,-0.0021124,-0.00129455
118,7,0.950939,-0.00225201,-0.00157057
118,8,0.951449,-0.00237951,-0.00186764
118,9,0.952027,-0.00247348,-0.00218082
118,10,0.952671,-0.00252093,-0.0025067
118,11,0.953376,-0.00251795,-0.00283482
118,12,0.95414,-0.00246731,-0.00315901
118,13,0.954956,-0.00237557,-0.00346848
118,14,0.955822,-0.00225065,-0.00375818
118,15,0.956733,-0.00210028,-0.00401935
118,16,0.957683,-0.00193114,-0.00424903
118,17,0.958668,-0.00174851,-0.00444067
118,18,0.959684,-0.0015563,-0.00459305
118,19,0.960726,-0.00135729,-0.00470125
118,20,0.961789,-0.0011534,-0.00476518
118,21,0.962868,-0.00094595,-0.00478106
118,22,0.96396,-0.000735941,-0.00474952
118,23,0.965061,-0.000524191,-0.00466764
118,24,0.966165,-0.000311465,-0.00453663
118,25,0.967271,-9.85308e-05,-0.00435438
118,26,0.968374,0.000113814,-0.00412266
118,27,0.969471,0.000324742,-0.00384017
118,28,0.970559,0.000533411,-0.00350926
118,29,0.971637,0.000738975,-0.00312948
118,30,0.9727,0.000940607,-0.00270377
118,31,0.973748,0.00113751,-0.00223248
118,32,0.974779,0.00132892,-0.00171912
118,33,0.975791,0.00151413,-0.0011648
118,34,0.976783,0.00169248,-0.000573524
118,35,0.977753,0.00186334,5.29205e-05
118,36,0.978702,0.00202616,0.000710093
118,37,0.979629,0.00218041,0.00139565
118,38,0.980534,0.0023256,0.00210481
118,39,0.981417,0.0024613,0.00283478
118,40,0.982278,0.00258711,0.00358055
118,41,0.983117,0.00270263,0.00433898
118,42,0.983936,0.00280753,0.00510494
118,43,0.984736,0.00290149,0.00587506
118,44,0.985517,0.00298421,0.00664421
118,45,0.986282,0.00305543,0.00740891
118,46,0.987031,0.0031149,0.00816412
118,47,0.987767,0.00316242,0.00890638
118,48,0.988492,0.00319779,0.00963084
118,49,0.989207,0.00322085,0.0103342
118,50,0.989915,0.00323146,0.0110119
118,51,0.990618,0.00322952,0.0116608
118,52,0.991318,0.00321497,0.0122768
118,53,0.992018,0.00318777,0.0128572
118,54,0.99272,0.00314792,0.0133983
118,55,0.993427,0.00309547,0.0138979
118,56,0.99414,0.00303052,0.0143527
118,57,0.994863,0.0029532,0.0147611
118,58,0.995596,0.00286371,0.0151206
118,59,0.996343,0.0027623,0.01543
118,60,0.997104,0.00264926,0.0156874
118,61,0.997881,0.00252497,0.0158924
118,62,0.998675,0.00238984,0.0160439
118,63,0.999488,0.00224438,0.0161419
118,64,1.00032,0.00208912,0.0161861
118,65,1.00117,0.00192469,0.0161772
118,66,1.00204,0.00175176,0.0161155
118,67,1.00293,0.00157108,0.0160024
118,68,1.00383,0.00138343,0.0158388
118,69,1.00476,0.00118967,0.0156266
118,70,1.00569,0.00099068,0.0153674
118,71,1.00664,0.000787412,0.0150634
118,72,1.00761,0.000580835,0.0147169
118,73,1.00858,0.000371957,0.0143305
118,74,1.00956,0.000161804,0.0139067
118,75,1.01054,-4.85793e-05,0.0134485
118,76,1.01153,-0.000258144,0.0129587
118,77,1.01251,-0.00046584,0.0124405
118,78,1.01349,-0.000670628,0.0118969
118,79,1.01447,-0.000871489,0.0113311
118,80,1.01543,-0.00106743,0.0107462
118,81,1.01638,-0.0012575,0.0101455
118,82,1.01732,-0.00144078,0.009532
118,83,1.01824,-0.00161644,0.00890881
118,84,1.01915,-0.00178368,0.00827904
118,85,1.02003,-0.0019418,0.00764548
118,86,1.02089,-0.00209017,0.00701119
118,87,1.02172,-0.00222825,0.00637862
118,88,1.02253,-0.0023556,0.00575077
118,89,1.02332,-0.00247187,0.00512965
118,90,1.02408,-0.00257681,0.00451819
118,91,1.02481,-0.00267025,0.00391793
118,92,1.02551,-0.00275213,0.00333176
118,93,1.02619,-0.00282247,0.00276064
118,94,1.02684,-0.00288134,0.00220747
118,95,1.02747,-0.00292889,0.00167264
118,96,1.02806,-0.0029653,0.00115908
118,97,1.02864,-0.00299078,0.000666591
118,98,1.02918,-0.00300556,0.000198236
118,99,1.02971,-0.00300985,-0.000246794
118,100,1.03021,-0.00300386,-0.000665218
118,101,1.03068,-0.00298772,-0.00105841
118,102,1.03114,-0.00296152,-0.00142279
118,103,1.03157,-0.00292524,-0.00176026
118,104,1.03198,-0.00287874,-0.0020668
118,105,1.03237,-0.00282172,-0.0023448
118,106,1.03274,-0.00275372,-0.00258973
118,107,1.03309,-0.0026741,-0.00280435
118,108,1.03343,-0.00258216,-0.00298359
118,109,1.03374,-0.00247725,-0.00313054
118,110,1.03404,-0.0023591,-0.00323967
118,111,1.03432,-0.00222831,-0.00331458
118,112,1.03459,-0.00208685,-0.00334971
118,113,1.03483,-0.00193875,-0.00334978
118,114,1.03506,-0.00179046,-0.00331012
118,115,1.03527,-0.00165077,-0.00323756
118,116,1.03546,-0.00152951,-0.00312927
118,117,1.03564,-0.00143483,-0.0029945
118,118,1.03579,-0.00136866,-0.00283137
118,119,1.03593,-0.00132089,-0.00264858
118,120,1.03605,-0.00126456,-0.00244002
118,121,1.03615,-0.00115623,-0.00220668
118,122,1.03624,-0.000948462,-0.00193137
118,123,1.0363,-0.000620903,-0.00160497
118,124,1.03634,-0.00023073,-0.00120844
118,125,1.03635,3.41405e-05,-0.000748878
118,126,1.03635,-0.00014549,-0.00024599
118,127,1,-0.00343474,0
119,0,1,0,0
119,1,0.949732,-0.00109521,-8.32495e-05
119,2,0.949772,-0.00200189,-0.000298111
119,3,0.949891,-0.00241208,-0.00055128
119,4,0.950091,-0.00259309,-0.00081639
119,5,0.95037,-0.00271029,-0.00108718
119,6,0.950727,-0.00282774,-0.00137286
119,7,0.951159,-0.00295103,-0.00167672
119,8,0.951664,-0.00306411,-0.00200327
119,9,0.952238,-0.00314995,-0.00234703
119,10,0.952879,-0.00319822,-0.0027043
119,11,0.953581,-0.00320599,-0.00306421
119,12,0.954342,-0.00317568,-0.00342059
119,13,0.955156,-0.00311267,-0.00376253
119,14,0.956019,-0.00302334,-0.00408516
119,15,0.956928,-0.0029138,-0.00437974
119,16,0.957876,-0.00278921,-0.00464357
119,17,0.958859,-0.00265357,-0.00487011
119,18,0.959872,-0.00250973,-0.00505839
119,19,0.960911,-0.00235965,-0.00520346
119,20,0.961971,-0.00220458,-0.0053054
119,21,0.963046,-0.00204535,-0.00536036
119,22,0.964134,-0.00188256,-0.00536907
119,23,0.96523,-0.00171673,-0.00532851
119,24,0.966329,-0.00154837,-0.00523995
119,25,0.967428,-0.00137805,-0.00510113
119,26,0.968524,-0.00120643,-0.00491386
119,27,0.969613,-0.0010342,-0.00467671
119,28,0.970693,-0.000862151,-0.00439204
119,29,0.971761,-0.000691082,-0.00405925
119,30,0.972814,-0.000521822,-0.0036813
119,31,0.973851,-0.000355198,-0.0032584
119,32,0.974869,-0.000192026,-0.00279407
119,33,0.975868,-3.30944e-05,-0.00228928
119,34,0.976846,0.000120842,-0.00174807
119,35,0.977803,0.000269072,-0.0011721
119,36,0.978737,0.000410927,-0.00056581
119,37,0.979649,0.000545793,6.85466e-05
119,38,0.980537,0.000673107,0.000726182
119,39,0.981403,0.00079236,0.00140439
119,40,0.982247,0.000903099,0.00209815
119,41,0.98307,0.00100492,0.00280439
119,42,0.983871,0.00109749,0.00351798
119,43,0.984654,0.0011805,0.00423563
119,44,0.985417,0.00125372,0.00495217
119,45,0.986165,0.00131696,0.00566421
119,46,0.986897,0.00137005,0.00636668
119,47,0.987615,0.00141291,0.00705621
119,48,0.988323,0.00144547,0.00772793
119,49,0.989022,0.00146771,0.00837861
119,50,0.989713,0.00147964,0.00900368
119,51,0.990401,0.00148132,0.00960017
119,52,0.991086,0.00147283,0.0101639
119,53,0.991772,0.00145429,0.0106923
119,54,0.992461,0.00142586,0.0111817
119,55,0.993156,0.00138773,0.01163
119,56,0.993858,0.00134012,0.012034
119,57,0.99457,0.0012833,0.0123922
119,58,0.995294,0.00121756,0.0127022
119,59,0.996032,0.00114325,0.0129629
119,60,0.996786,0.00106075,0.0131726
119,61,0.997557,0.000970478,0.0133311
119,62,0.998347,0.000872911,0.0134373
119,63,0.999156,0.000768563,0.0134915
119,64,0.999986,0.000657993,0.0134935
119,65,1.00084,0.000541806,0.0134442
119,66,1.0017,0.000420652,0.0133442
119,67,1.00259,0.000295218,0.0131949
119,68,1.0035,0.000166233,0.0129976
119,69,1.00443,3.44562e-05,0.0127544
119,70,1.00537,-9.93243e-05,0.0124671
119,71,1.00633,-0.000234297,0.0121381
119,72,1.0073,-0.000369634,0.0117698
119,73,1.00828,-0.000504501,0.0113652
119,74,1.00926,-0.000638059,0.0109268
119,75,1.01026,-0.000769478,0.010458
119,76,1.01125,-0.000897939,0.00996161
119,77,1.01224,-0.00102265,0.00944109
119,78,1.01323,-0.00114284,0.00889954
119,79,1.01422,-0.0012578,0.00834034
119,80,1.01519,-0.00136683,0.00776672
119,81,1.01615,-0.00146931,0.00718193
119,82,1.0171,-0.00156467,0.00658921
119,83,1.01803,-0.00165242,0.00599159
119,84,1.01895,-0.00173213,0.00539227
119,85,1.01984,-0.00180344,0.00479392
119,86,1.02071,-0.00186611,0.00419966
119,87,1.02155,-0.00191993,0.00361174
119,88,1.02237,-0.00196482,0.00303315
119,89,1.02316,-0.00200077,0.00246564
119,90,1.02393,-0.00202783,0.00191208
119,91,1.02467,-0.00204617,0.00137367
119,92,1.02538,-0.002056,0.000853194
119,93,1.02606,-0.00205758,0.000351217
119,94,1.02672,-0.00205125,-0.000129501
119,95,1.02734,-0.00203737,-0.000589036
119,96,1.02794,-0.0020163,-0.0010246
119,97,1.02852,-0.00198845,-0.0014369
119,98,1.02906,-0.00195418,-0.00182304
119,99,1.02959,-0.00191386,-0.00218436
119,100,1.03009,-0.00186777,-0.00251773
119,101,1.03056,-0.00181619,-0.00282506
119,102,1.03101,-0.00175925,-0.0031029
119,103,1.03144,-0.00169701,-0.00335368
119,104,1.03185,-0.00162938,-0.00357351
119,105,1.03224,-0.00155609,-0.00376523
119,106,1.03261,-0.00147668,-0.00392441
119,107,1.03295,-0.00139051,-0.0040542
119,108,1.03328,-0.0012968,-0.00414957
119,109,1.03359,-0.0011948,-0.00421393
119,110,1.03388,-0.00108403,-0.0042417
119,111,1.03416,-0.00096469,-0.00423674
119,112,1.03442,-0.000838204,-0.00419337
119,113,1.03465,-0.000707776,-0.00411652
119,114,1.03488,-0.000578796,-0.00400138
119,115,1.03508,-0.000458766,-0.00385505
119,116,1.03527,-0.000356284,-0.00367464
119,117,1.03543,-0.000278663,-0.00346975
119,118,1.03558,-0.000227922,-0.00323856
119,119,1.03572,-0.000195631,-0.00299017
119,120,1.03583,-0.000158418,-0.00271846
119,121,1.03592,-7.80206e-05,-0.00242456
119,122,1.036,8.81097e-05,-0.00209114
119,123,1.03605,0.000359325,-0.00170989
119,124,1.03608,0.00068673,-0.00126312
119,125,1.03609,0.000905069,-0.000763392
119,126,1.03607,0.000730828,-0.00024615
119,127,1,-0.00343474,0
120,0,1,0,0
120,1,0.949957,-0.000174338,-7.48806e-05
120,2,0.949984,-0.00100746,-0.000299779
120,3,0.950094,-0.00139148,-0.000574132
120,4,0.950286,-0.00155904,-0.000868218
120,5,0.950558,-0.00165859,-0.00117265
120,6,0.950908,-0.0017497,-0.00149439
120,7,0.951335,-0.00184025,-0.00183559
120,8,0.951835,-0.00191856,-0.00220015
120,9,0.952405,-0.00197154,-0.00258183
120,10,0.953041,-0.00199141,-0.0029767
120,11,0.95374,-0.00197645,-0.00337364
120,12,0.954498,-0.00192931,-0.00376665
120,13,0.95531,-0.001855,-0.00414488
120,14,0.956172,-0.00175929,-0.00450384
120,15,0.957079,-0.00164763,-0.00483492
120,16,0.958025,-0.00152463,-0.00513579
120,17,0.959007,-0.00139385,-0.00540003
120,18,0.960018,-0.00125789,-0.00562695
120,19,0.961055,-0.00111851,-0.00581164
120,20,0.962112,-0.00097691,-0.00595437
120,21,0.963186,-0.000833872,-0.00605126
120,22,0.96427,-0.000689964,-0.00610315
120,23,0.965362,-0.000545646,-0.00610694
120,24,0.966457,-0.000401347,-0.00606396
120,25,0.967551,-0.000257502,-0.00597184
120,26,0.96864,-0.000114567,-0.00583244
120,27,0.969723,2.69857e-05,-0.00564417
120,28,0.970795,0.000166675,-0.00540944
120,29,0.971854,0.000304024,-0.0051275
120,30,0.972898,0.000438569,-0.00480133
120,31,0.973925,0.000569872,-0.004431
120,32,0.974933,0.00069752,-0.00402004
120,33,0.975921,0.000821134,-0.0035693
120,34,0.976887,0.000940362,-0.00308281
120,35,0.97783,0.00105488,-0.00256212
120,36,0.978751,0.0011644,-0.00201168
120,37,0.979649,0.00126865,-0.00143361
120,38,0.980523,0.00136737,-0.00083271
120,39,0.981374,0.00146033,-0.000211584
120,40,0.982203,0.00154731,0.000424747
120,41,0.98301,0.00162811,0.00107332
120,42,0.983796,0.00170251,0.001729
120,43,0.984563,0.00177033,0.00238859
120,44,0.985311,0.00183139,0.00304693
120,45,0.986042,0.00188551,0.00370072
120,46,0.986759,0.00193253,0.0043449
120,47,0.987462,0.00197229,0.0049762
120,48,0.988155,0.00200463,0.00558977
120,49,0.988839,0.00202943,0.00618247
120,50,0.989517,0.00204656,0.00674978
120,51,0.99019,0.00205592,0.00728883
120,52,0.990863,0.00205741,0.00779552
120,53,0.991536,0.00205097,0.00826734
120,54,0.992213,0.00203655,0.00870074
120,55,0.992896,0.00201414,0.00909367
120,56,0.993588,0.00198373,0.00944318
120,57,0.994291,0.00194539,0.00974781
120,58,0.995006,0.00189917,0.0100053
120,59,0.995737,0.00184519,0.0102147
120,60,0.996485,0.00178362,0.0103746
120,61,0.997251,0.00171463,0.0104847
120,62,0.998036,0.00163846,0.0105443
120,63,0.998842,0.0015554,0.0105539
120,64,0.999669,0.00146576,0.0105134
120,65,1.00052,0.0013699,0.010424
120,66,1.00139,0.00126824,0.0102864
120,67,1.00228,0.00116121,0.0101023
120,68,1.00319,0.00104929,0.00987318
120,69,1.00412,0.000933007,0.00960136
120,70,1.00506,0.000812895,0.00928877
120,71,1.00602,0.000689528,0.00893824
120,72,1.007,0.000563501,0.00855222
120,73,1.00798,0.000435424,0.00813387
120,74,1.00898,0.000305921,0.00768605
120,75,1.00998,0.000175626,0.00721214
120,76,1.01098,4.51758e-05,0.00671527
120,77,1.01198,-8.47944e-05,0.00619892
120,78,1.01298,-0.000213654,0.00566637
120,79,1.01398,-0.000340784,0.00512106
120,80,1.01496,-0.000465578,0.00456635
120,81,1.01594,-0.000587455,0.00400548
120,82,1.0169,-0.000705855,0.00344179
120,83,1.01784,-0.000820252,0.00287821
120,84,1.01876,-0.000930154,0.00231799
120,85,1.01966,-0.00103511,0.00176366
120,86,1.02054,-0.00113471,0.00121831
120,87,1.0214,-0.00122861,0.000683971
120,88,1.02222,-0.0013165,0.000163574
120,89,1.02303,-0.00139812,-0.000341447
120,90,1.0238,-0.00147328,-0.000828299
120,91,1.02455,-0.00154185,-0.0012962
120,92,1.02526,-0.00160371,-0.00174247
120,93,1.02595,-0.00165884,-0.002167
120,94,1.02661,-0.00170721,-0.00256719
120,95,1.02724,-0.00174887,-0.00294361
120,96,1.02785,-0.00178384,-0.00329364
120,97,1.02842,-0.00181221,-0.00361853
120,98,1.02897,-0.00183404,-0.00391555
120,99,1.0295,-0.0018494,-0.00418659
120,100,1.03,-0.00185832,-0.00442868
120,101,1.03047,-0.00186084,-0.00464428
120,102,1.03092,-0.00185691,-0.0048301
120,103,1.03135,-0.00184644,-0.00498909
120,104,1.03176,-0.00182923,-0.00511748
120,105,1.03214,-0.00180499,-0.0052186
120,106,1.0325,-0.00177328,-0.0052881
120,107,1.03285,-0.00173353,-0.00532957
120,108,1.03317,-0.00168509,-0.00533798
120,109,1.03348,-0.00162734,-0.0053171
120,110,1.03377,-0.00155991,-0.00526128
120,111,1.03403,-0.001483,-0.00517463
120,112,1.03429,-0.00139782,-0.00505134
120,113,1.03452,-0.0013071,-0.00489652
120,114,1.03473,-0.00121536,-0.0047052
120,115,1.03493,-0.00112901,-0.00448463
120,116,1.03511,-0.00105545,-0.00423184
120,117,1.03527,-0.00100124,-0.00395669
120,118,1.03542,-0.000968721,-0.00365742
120,119,1.03554,-0.000951713,-0.00334347
120,120,1.03565,-0.000931488,-0.0030087
120,121,1.03573,-0.000876387,-0.00265435
120,122,1.0358,-0.000750087,-0.00226264
120,123,1.03585,-0.000534283,-0.00182524
120,124,1.03587,-0.000266927,-0.00132652
120,125,1.03587,-8.49593e-05,-0.000784966
120,126,1.03584,-0.000227871,-0.000243081
120,127,1,-0.00343474,0
121,0,1,0,0
121,1,0.950152,-0.000961984,-7.42427e-05
121,2,0.950172,-0.00169764,-0.000308089
121,3,0.950274,-0.00204477,-0.000612815
121,4,0.950458,-0.00219766,-0.000946882
121,5,0.950724,-0.00228419,-0.00129556
121,6,0.951069,-0.00235867,-0.00166366
121,7,0.951491,-0.00243149,-0.00205132
121,8,0.951987,-0.00249557,-0.00246136
121,9,0.952555,-0.00254171,-0.00288686
121,10,0.953189,-0.00256431,-0.00332382
121,11,0.953887,-0.00256219,-0.00376114
121,12,0.954643,-0.00253732,-0.00419323
121,13,0.955455,-0.00249333,-0.00460955
121,14,0.956316,-0.00243437,-0.00500612
121,15,0.957222,-0.00236423,-0.00537464
121,16,0.958169,-0.00228608,-0.00571324
121,17,0.95915,-0.00220225,-0.00601569
121,18,0.960162,-0.00211438,-0.00628162
121,19,0.961198,-0.00202347,-0.00650622
121,20,0.962255,-0.00193016,-0.00668996
121,21,0.963328,-0.00183479,-0.00682894
121,22,0.964411,-0.0017376,-0.00692416
121,23,0.965501,-0.00163878,-0.00697242
121,24,0.966593,-0.00153854,-0.00697516
121,25,0.967684,-0.00143713,-0.00692991
121,26,0.96877,-0.00133487,-0.00683856
121,27,0.969848,-0.00123211,-0.00669944
121,28,0.970915,-0.00112925,-0.00651498
121,29,0.971969,-0.00102672,-0.00628432
121,30,0.973006,-0.000924968,-0.00601047
121,31,0.974025,-0.000824435,-0.00569338
121,32,0.975025,-0.000725569,-0.0053366
121,33,0.976003,-0.000628803,-0.00494086
121,34,0.97696,-0.000534556,-0.00451022
121,35,0.977893,-0.000443222,-0.00404609
121,36,0.978803,-0.000355177,-0.00355295
121,37,0.979688,-0.000270765,-0.00303281
121,38,0.98055,-0.000190305,-0.00249045
121,39,0.981389,-0.000114085,-0.0019284
121,40,0.982205,-4.23634e-05,-0.00135164
121,41,0.982998,2.46315e-05,-0.000763049
121,42,0.98377,8.67015e-05,-0.000167746
121,43,0.984522,0.000143679,0.000431175
121,44,0.985256,0.000195423,0.00102859
121,45,0.985973,0.000241823,0.00162129
121,46,0.986675,0.00028279,0.00220428
121,47,0.987363,0.000318265,0.00277437
121,48,0.988041,0.000348207,0.00332678
121,49,0.988711,0.0003726,0.00385849
121,50,0.989374,0.000391447,0.00436505
121,51,0.990034,0.000404771,0.00484372
121,52,0.990693,0.000412612,0.0052905
121,53,0.991353,0.000415032,0.00570302
121,54,0.992018,0.000412108,0.00607784
121,55,0.99269,0.000403936,0.00641309
121,56,0.99337,0.000390632,0.00670595
121,57,0.994063,0.000372333,0.00695514
121,58,0.994769,0.000349194,0.00715854
121,59,0.995491,0.000321396,0.0073155
121,60,0.996231,0.000289142,0.00742468
121,61,0.99699,0.00025266,0.0074861
121,62,0.997769,0.000212201,0.00749917
121,63,0.99857,0.000168046,0.00746464
121,64,0.999393,0.000120499,0.00738268
121,65,1.00024,6.98917e-05,0.00725471
121,66,1.00111,1.65774e-05,0.00708163
121,67,1.002,-3.90655e-05,0.00686548
121,68,1.00291,-9.66396e-05,0.00660784
121,69,1.00384,-0.000155729,0.00631131
121,70,1.00479,-0.000215904,0.00597805
121,71,1.00575,-0.000276725,0.00561108
121,72,1.00673,-0.000337744,0.00521307
121,73,1.00772,-0.000398514,0.00478735
121,74,1.00872,-0.000458588,0.00433696
121,75,1.00973,-0.000517527,0.0038654
121,76,1.01074,-0.000574901,0.00337596
121,77,1.01175,-0.000630299,0.00287219
121,78,1.01275,-0.000683328,0.0023575
121,79,1.01376,-0.000733617,0.00183532
121,80,1.01475,-0.000780824,0.00130909
121,81,1.01573,-0.000824638,0.00078197
121,82,1.0167,-0.000864781,0.000257338
121,83,1.01765,-0.000901014,-0.000262022
121,84,1.01858,-0.000933135,-0.000772887
121,85,1.01949,-0.000960989,-0.00127297
121,86,1.02038,-0.000984461,-0.00175922
121,87,1.02125,-0.00100348,-0.00222995
121,88,1.02208,-0.00101803,-0.00268233
121,89,1.02289,-0.00102813,-0.00311531
121,90,1.02367,-0.00103385,-0.00352625
121,91,1.02442,-0.00103529,-0.00391481
121,92,1.02515,-0.0010326,-0.00427851
121,93,1.02584,-0.00102594,-0.00461773
121,94,1.02651,-0.00101552,-0.00493006
121,95,1.02714,-0.00100156,-0.00521662
121,96,1.02775,-0.000984266,-0.00547499
121,97,1.02833,-0.000963874,-0.00570697
121,98,1.02888,-0.000940593,-0.00591002
121,99,1.02941,-0.000914621,-0.0060866
121,100,1.0299,-0.000886119,-0.00623392
121,101,1.03038,-0.000855214,-0.006355
121,102,1.03083,-0.000821965,-0.00644669
121,103,1.03126,-0.000786364,-0.00651246
121,104,1.03166,-0.000748291,-0.0065487
121,105,1.03204,-0.000707511,-0.0065592
121,106,1.0324,-0.000663639,-0.00653972
121,107,1.03275,-0.000616147,-0.00649424
121,108,1.03307,-0.000564385,-0.00641779
121,109,1.03337,-0.000507684,-0.00631446
121,110,1.03365,-0.000445516,-0.00617857
121,111,1.03392,-0.000377785,-0.00601444
121,112,1.03416,-0.000305193,-0.00581614
121,113,1.03439,-0.000229664,-0.00558887
121,114,1.0346,-0.000154672,-0.00532747
121,115,1.03479,-8.52862e-05,-0.00503928
121,116,1.03497,-2.75849e-05,-0.00472115
121,117,1.03512,1.28559e-05,-0.00438313
121,118,1.03526,3.36654e-05,-0.00402347
121,119,1.03538,3.93279e-05,-0.00365201
121,120,1.03549,4.46998e-05,-0.00326274
121,121,1.03557,7.58217e-05,-0.00285701
121,122,1.03563,0.000163925,-0.00241652
121,123,1.03567,0.000327595,-0.00193237
121,124,1.03569,0.000542292,-0.00138827
121,125,1.03568,0.000704152,-0.000806369
121,126,1.03564,0.000624459,-0.000245272
121,127,1,-0.00343474,0
122,0,1,0,0
122,1,0.950303,5.61219e-07,-7.01086e-05
122,2,0.950309,-0.000613486,-0.000323238
122,3,0.950402,-0.000909756,-0.000664175
122,4,0.950579,-0.00103666,-0.00104477
122,5,0.950839,-0.0010999,-0.00144482
122,6,0.951179,-0.00114662,-0.00186494
122,7,0.951597,-0.00118786,-0.00230284
122,8,0.95209,-0.00121974,-0.00276025
122,9,0.952654,-0.00123602,-0.00322969
122,10,0.953286,-0.001233,-0.00370742
122,11,0.953983,-0.00121023,-0.00418266
122,12,0.954739,-0.00116965,-0.00465054
122,13,0.95555,-0.00111445,-0.00510103
122,14,0.956412,-0.00104813,-0.00553086
122,15,0.957319,-0.000973936,-0.00593218
122,16,0.958266,-0.000894549,-0.00630363
122,17,0.959248,-0.000812014,-0.00663927
122,18,0.960261,-0.000727784,-0.00693908
122,19,0.961298,-0.000642832,-0.00719836
122,20,0.962356,-0.000557786,-0.00741784
122,21,0.963428,-0.000473045,-0.00759362
122,22,0.964512,-0.000388879,-0.00772686
122,23,0.965601,-0.00030549,-0.00781433
122,24,0.966692,-0.000223057,-0.00785757
122,25,0.967782,-0.000141751,-0.00785405
122,26,0.968866,-6.17446e-05,-0.00780577
122,27,0.969941,1.67952e-05,-0.00771097
122,28,0.971004,9.37068e-05,-0.00757214
122,29,0.972053,0.000168844,-0.00738837
122,30,0.973085,0.000242075,-0.0071627
122,31,0.974099,0.000313292,-0.00689501
122,32,0.975092,0.000382404,-0.00658889
122,33,0.976063,0.000449339,-0.006245
122,34,0.977012,0.000514038,-0.00586738
122,35,0.977936,0.000576458,-0.0054574
122,36,0.978837,0.000636558,-0.0050195
122,37,0.979713,0.000694304,-0.00455563
122,38,0.980565,0.000749662,-0.00407054
122,39,0.981393,0.000802591,-0.00356666
122,40,0.982197,0.000853047,-0.00304896
122,41,0.982979,0.000900977,-0.0025202
122,42,0.983739,0.000946317,-0.00198544
122,43,0.984479,0.000988994,-0.00144767
122,44,0.985201,0.00102892,-0.000911961
122,45,0.985905,0.00106601,-0.00038137
122,46,0.986594,0.00110015,0.00013917
122,47,0.98727,0.00113122,0.000646625
122,48,0.987936,0.00115912,0.00113632
122,49,0.988593,0.0011837,0.00160537
122,50,0.989244,0.00120485,0.00204948
122,51,0.989892,0.00122244,0.00246607
122,52,0.990539,0.00123634,0.00285129
122,53,0.991188,0.00124641,0.00320297
122,54,0.991842,0.00125256,0.00351784
122,55,0.992503,0.00125467,0.00379425
122,56,0.993173,0.00125264,0.00402958
122,57,0.993856,0.00124641,0.00422278
122,58,0.994554,0.00123589,0.00437195
122,59,0.995268,0.00122105,0.0044767
122,60,0.996001,0.00120187,0.00453591
122,61,0.996754,0.00117833,0.00454988
122,62,0.997528,0.00115047,0.00451828
122,63,0.998324,0.00111833,0.00444212
122,64,0.999144,0.00108198,0.00432183
122,65,0.999987,0.00104152,0.00415908
122,66,1.00085,0.000997056,0.00395507
122,67,1.00174,0.000948746,0.00371206
122,68,1.00265,0.00089675,0.00343189
122,69,1.00358,0.000841259,0.00311737
122,70,1.00453,0.00078248,0.0027709
122,71,1.0055,0.000720641,0.00239567
122,72,1.00648,0.000655987,0.00199456
122,73,1.00748,0.000588777,0.00157101
122,74,1.00848,0.000519285,0.00112822
122,75,1.0095,0.0004478,0.000669766
122,76,1.01051,0.000374619,0.00019904
122,77,1.01153,0.000300051,-0.00028043
122,78,1.01255,0.000224413,-0.000765171
122,79,1.01356,0.000148029,-0.00125185
122,80,1.01456,7.12306e-05,-0.00173703
122,81,1.01555,-5.64972e-06,-0.00221772
122,82,1.01653,-8.22761e-05,-0.00269061
122,83,1.01749,-0.000158315,-0.00315317
122,84,1.01843,-0.000233435,-0.00360231
122,85,1.01935,-0.000307313,-0.00403606
122,86,1.02025,-0.000379635,-0.00445157
122,87,1.02112,-0.000450102,-0.00484754
122,88,1.02196,-0.000518427,-0.00522135
122,89,1.02278,-0.000584347,-0.00557244
122,90,1.02357,-0.000647616,-0.0058984
122,91,1.02433,-0.000708015,-0.00619942
122,92,1.02506,-0.000765341,-0.00647326
122,93,1.02576,-0.000819423,-0.00672087
122,94,1.02643,-0.000870103,-0.00694008
122,95,1.02707,-0.000917251,-0.00713259
122,96,1.02768,-0.000960747,-0.00729622
122,97,1.02826,-0.00100049,-0.00743333
122,98,1.02882,-0.00103639,-0.00754162
122,99,1.02934,-0.00106837,-0.00762408
122,100,1.02984,-0.00109633,-0.00767814
122,101,1.03032,-0.00112019,-0.00770731
122,102,1.03077,-0.00113985,-0.00770864
122,103,1.0312,-0.00115517,-0.00768607
122,104,1.0316,-0.00116597,-0.00763613
122,105,1.03198,-0.00117204,-0.00756305
122,106,1.03234,-0.00117306,-0.00746269
122,107,1.03268,-0.00116864,-0.00733942
122,108,1.033,-0.00115835,-0.00718833
122,109,1.0333,-0.00114176,-0.00701378
122,110,1.03358,-0.00111854,-0.0068101
122,111,1.03384,-0.0010887,-0.00658179
122,112,1.03408,-0.00105286,-0.00632279
122,113,1.0343,-0.00101252,-0.00603835
122,114,1.03451,-0.000970359,-0.0057231
122,115,1.0347,-0.000930293,-0.00538429
122,116,1.03487,-0.000897094,-0.00501856
122,117,1.03502,-0.000875343,-0.00463597
122,118,1.03516,-0.000867478,-0.0042348
122,119,1.03527,-0.000871069,-0.0038253
122,120,1.03537,-0.000876032,-0.00340185
122,121,1.03545,-0.000863593,-0.0029664
122,122,1.03551,-0.000809928,-0.00250035
122,123,1.03555,-0.00069793,-0.00199336
122,124,1.03557,-0.000537677,-0.0014268
122,125,1.03555,-0.000394176,-0.000822265
122,126,1.0355,-0.000390686,-0.000243212
122,127,1,-0.00343474,0
123,0,1,0,0
123,1,0.950406,-0.0007553,-7.04711e-05
123,2,0.950406,-0.00122106,-0.000336586
123,3,0.950492,-0.0014526,-0.000710182
123,4,0.950664,-0.00155112,-0.00113341
123,5,0.950919,-0.0015971,-0.00157916
123,6,0.951254,-0.00162918,-0.00204384
123,7,0.951669,-0.00165828,-0.00252236
123,8,0.95216,-0.00168315,-0.00301549
123,9,0.952723,-0.00170009,-0.00351568
123,10,0.953355,-0.00170676,-0.0040198
123,11,0.954051,-0.00170277,-0.00451783
123,12,0.954808,-0.0016892,-0.00500585
123,13,0.955621,-0.00166786,-0.00547465
123,14,0.956484,-0.00164069,-0.0059218
123,15,0.957394,-0.00160947,-0.00634004
123,16,0.958343,-0.0015756,-0.00672864
123,17,0.959329,-0.00154005,-0.007082
123,18,0.960344,-0.00150348,-0.0074005
123,19,0.961384,-0.00146623,-0.00767963
123,20,0.962444,-0.00142846,-0.00792037
123,21,0.963519,-0.00139021,-0.00811893
123,22,0.964604,-0.00135147,-0.00827663
123,23,0.965695,-0.00131222,-0.00839032
123,24,0.966788,-0.00127244,-0.00846167
123,25,0.967878,-0.00123214,-0.00848819
123,26,0.968962,-0.00119136,-0.00847199
123,27,0.970037,-0.00115016,-0.00841132
123,28,0.971099,-0.00110863,-0.00830878
123,29,0.972147,-0.00106686,-0.00816345
123,30,0.973177,-0.00102497,-0.00797841
123,31,0.974187,-0.000983067,-0.00775354
123,32,0.975176,-0.000941289,-0.00749245
123,33,0.976143,-0.000899755,-0.00719573
123,34,0.977086,-0.00085859,-0.00686743
123,35,0.978005,-0.000817915,-0.00650882
123,36,0.978899,-0.000777849,-0.00612432
123,37,0.979768,-0.000738503,-0.00571575
123,38,0.980612,-0.000699985,-0.0052878
123,39,0.981431,-0.000662391,-0.00484275
123,40,0.982227,-0.000625816,-0.00438547
123,41,0.982999,-0.000590341,-0.00391854
123,42,0.983749,-0.000556043,-0.00344691
123,43,0.984479,-0.000522987,-0.00297336
123,44,0.98519,-0.000491235,-0.00250281
123,45,0.985883,-0.000460839,-0.00203811
123,46,0.986561,-0.000431847,-0.00158399
123,47,0.987226,-0.000404299,-0.00114328
123,48,0.987879,-0.000378234,-0.000720423
123,49,0.988525,-0.000353683,-0.00031805
123,50,0.989164,-0.000330677,5.97572e-05
123,51,0.9898,-0.000309243,0.000410692
123,52,0.990436,-0.000289406,0.000731162
123,53,0.991073,-0.00027119,0.00101928
123,54,0.991716,-0.000254616,0.00127206
123,55,0.992366,-0.0002397,0.00148813
123,56,0.993027,-0.000226458,0.00166517
123,57,0.9937,-0.000214901,0.00180244
123,58,0.994389,-0.000205034,0.00189834
123,59,0.995094,-0.000196855,0.00195279
123,60,0.995819,-0.000190356,0.00196498
123,61,0.996564,-0.000185519,0.00193552
123,62,0.997332,-0.000182318,0.00186439
123,63,0.998123,-0.000180713,0.00175288
123,64,0.998938,-0.000180656,0.00160173
123,65,0.999776,-0.000182083,0.00141288
123,66,1.00064,-0.000184921,0.00118777
123,67,1.00153,-0.000189082,0.000928913
123,68,1.00244,-0.000194469,0.000638379
123,69,1.00337,-0.000200972,0.000319131
123,70,1.00432,-0.000208472,-2.62334e-05
123,71,1.00529,-0.00021684,-0.000394423
123,72,1.00627,-0.00022594,-0.00078245
123,73,1.00727,-0.000235631,-0.00118684
123,74,1.00828,-0.000245768,-0.00160433
123,75,1.0093,-0.0002562,-0.00203144
123,76,1.01032,-0.000266777,-0.00246478
123,77,1.01134,-0.00027735,-0.00290098
123,78,1.01236,-0.000287771,-0.00333668
123,79,1.01338,-0.000297892,-0.00376878
123,80,1.01439,-0.000307575,-0.00419403
123,81,1.01539,-0.000316683,-0.00460976
123,82,1.01638,-0.000325089,-0.0050129
123,83,1.01734,-0.000332675,-0.00540135
123,84,1.01829,-0.000339333,-0.0057723
123,85,1.01922,-0.000344967,-0.00612428
123,86,1.02013,-0.000349495,-0.00645474
123,87,1.021,-0.000352851,-0.00676295
123,88,1.02186,-0.000354985,-0.00704663
123,89,1.02268,-0.000355864,-0.00730579
123,90,1.02348,-0.000355475,-0.00753837
123,91,1.02424,-0.000353818,-0.00774517
123,92,1.02498,-0.000350918,-0.00792428
123,93,1.02568,-0.000346806,-0.00807723
123,94,1.02636,-0.000341537,-0.00820218
123,95,1.027,-0.000335167,-0.00830137
123,96,1.02762,-0.00032777,-0.00837291
123,97,1.0282,-0.000319416,-0.00841969
123,98,1.02876,-0.000310182,-0.00843963
123,99,1.02929,-0.000300135,-0.00843621
123,100,1.02979,-0.000289341,-0.00840703
123,101,1.03027,-0.000277841,-0.00835606
123,102,1.03072,-0.000265657,-0.00828047
123,103,1.03114,-0.000252771,-0.0081846
123,104,1.03155,-0.000239118,-0.00806508
123,105,1.03193,-0.000224563,-0.00792647
123,106,1.03229,-0.000208893,-0.00776474
123,107,1.03262,-0.0001918,-0.00758452
123,108,1.03294,-0.000172905,-0.00738098
123,109,1.03324,-0.000151776,-0.00715871
123,110,1.03351,-0.000128037,-0.00691203
123,111,1.03377,-0.000101492,-0.00664559
123,112,1.03401,-7.23493e-05,-0.00635321
123,113,1.03424,-4.14419e-05,-0.00604015
123,114,1.03444,-1.04688e-05,-0.00570074
123,115,1.03462,1.79374e-05,-0.00534208
123,116,1.03479,4.04036e-05,-0.0049604
123,117,1.03494,5.35336e-05,-0.00456563
123,118,1.03507,5.52413e-05,-0.00415591
123,119,1.03519,4.67129e-05,-0.00374189
123,120,1.03528,3.44496e-05,-0.00331875
123,121,1.03536,3.12256e-05,-0.0028898
123,122,1.03542,5.40062e-05,-0.0024375
123,123,1.03546,0.000117463,-0.00195089
123,124,1.03549,0.000222969,-0.00140595
123,125,1.03548,0.000346723,-0.000815953
123,126,1.03543,0.000443698,-0.000243075
123,127,1,-0.00343474,0
124,0,1,0,0
124,1,0.950451,0.000243177,-6.44742e-05
124,2,0.950446,-6.01372e-05,-0.000328682
124,3,0.950527,-0.000215618,-0.000709426
124,4,0.950693,-0.000277266,-0.00114632
124,5,0.950943,-0.000299475,-0.00160612
124,6,0.951275,-0.000309958,-0.0020808
124,7,0.951687,-0.000316597,-0.00256338
124,8,0.952176,-0.000318967,-0.00305439
124,9,0.952739,-0.000314948,-0.00354676
124,10,0.953371,-0.000303307,-0.00403843
124,11,0.954068,-0.000284113,-0.00452052
124,12,0.954827,-0.000258372,-0.00499041
124,13,0.955642,-0.000227554,-0.00543998
124,14,0.956508,-0.000193214,-0.00586785
124,15,0.957421,-0.000156768,-0.00626755
124,16,0.958374,-0.000119377,-0.00663907
124,17,0.959363,-8.19241e-05,-0.0069773
124,18,0.960382,-4.50393e-05,-0.00728311
124,19,0.961426,-9.14165e-06,-0.00755229
124,20,0.96249,2.55046e-05,-0.00778618
124,21,0.963569,5.87454e-05,-0.00798119
124,22,0.964658,9.04993e-05,-0.00813893
124,23,0.965752,0.000120734,-0.00825641
124,24,0.966847,0.000149452,-0.00833553
124,25,0.96794,0.000176681,-0.00837394
124,26,0.969026,0.000202475,-0.00837392
124,27,0.970102,0.000226908,-0.00833383
124,28,0.971166,0.000250079,-0.00825636
124,29,0.972213,0.000272106,-0.00814061
124,30,0.973243,0.000293127,-0.00798973
124,31,0.974252,0.000313296,-0.00780354
124,32,0.97524,0.000332776,-0.00758559
124,33,0.976204,0.000351737,-0.00733637
124,34,0.977145,0.000370352,-0.00705982
124,35,0.97806,0.000388787,-0.00675699
124,36,0.978949,0.0004072,-0.00643211
124,37,0.979813,0.000425734,-0.00608674
124,38,0.980652,0.000444516,-0.00572532
124,39,0.981465,0.00046365,-0.00534978
124,40,0.982254,0.000483217,-0.00496469
124,41,0.983019,0.000503272,-0.00457226
124,42,0.983762,0.000523844,-0.00417706
124,43,0.984483,0.000544933,-0.0037815
124,44,0.985185,0.000566514,-0.00339005
124,45,0.98587,0.000588533,-0.00300516
124,46,0.986539,0.000610911,-0.00263115
124,47,0.987194,0.000633544,-0.00227037
124,48,0.987838,0.000656309,-0.00192685
124,49,0.988474,0.000679058,-0.00160277
124,50,0.989103,0.000701628,-0.00130177
124,51,0.989729,0.000723841,-0.0010257
124,52,0.990355,0.000745506,-0.000777726
124,53,0.990983,0.000766419,-0.000559291
124,54,0.991616,0.000786374,-0.000372972
124,55,0.992257,0.000805155,-0.000219705
124,56,0.992908,0.000822546,-0.000101409
124,57,0.993573,0.000838333,-1.84421e-05
124,58,0.994253,0.000852304,2.79903e-05
124,59,0.99495,0.00086425,3.81587e-05
124,60,0.995668,0.000873972,1.15982e-05
124,61,0.996407,0.00088128,-5.0777e-05
124,62,0.997168,0.000885996,-0.000148692
124,63,0.997954,0.000887954,-0.000280609
124,64,0.998764,0.000887003,-0.000445548
124,65,0.999599,0.000883008,-0.000641401
124,66,1.00046,0.000875855,-0.000866553
124,67,1.00134,0.000865443,-0.00111841
124,68,1.00225,0.000851694,-0.00139482
124,69,1.00318,0.000834551,-0.00169283
124,70,1.00413,0.000813977,-0.00200984
124,71,1.0051,0.000789957,-0.00234269
124,72,1.00609,0.0007625,-0.00268848
124,73,1.00709,0.000731639,-0.00304396
124,74,1.00811,0.000697429,-0.00340609
124,75,1.00913,0.000659952,-0.00377169
124,76,1.01015,0.000619316,-0.00413767
124,77,1.01118,0.000575652,-0.0045011
124,78,1.01221,0.000529119,-0.00485896
124,79,1.01324,0.000479901,-0.00520869
124,80,1.01425,0.000428209,-0.00554745
124,81,1.01526,0.000374274,-0.00587318
124,82,1.01625,0.000318355,-0.00618329
124,83,1.01723,0.000260726,-0.00647629
124,84,1.01819,0.000201684,-0.00674987
124,85,1.01912,0.000141537,-0.00700323
124,86,1.02003,8.06078e-05,-0.00723433
124,87,1.02092,1.92219e-05,-0.00744309
124,88,1.02178,-4.22859e-05,-0.00762771
124,89,1.02261,-0.000103589,-0.00778885
124,90,1.02341,-0.000164358,-0.00792488
124,91,1.02419,-0.00022428,-0.00803719
124,92,1.02493,-0.000283047,-0.00812425
124,93,1.02564,-0.000340375,-0.00818814
124,94,1.02632,-0.000395988,-0.00822732
124,95,1.02697,-0.00044964,-0.00824451
124,96,1.02759,-0.000501097,-0.00823802
124,97,1.02817,-0.000550154,-0.00821116
124,98,1.02873,-0.000596623,-0.008162
124,99,1.02927,-0.000640343,-0.00809432
124,100,1.02977,-0.000681167,-0.00800584
124,101,1.03025,-0.000718977,-0.00790076
124,102,1.0307,-0.000753658,-0.0077763
124,103,1.03112,-0.000785121,-0.00763701
124,104,1.03153,-0.000813268,-0.00747952
124,105,1.03191,-0.000838011,-0.00730858
124,106,1.03227,-0.000859239,-0.00712014
124,107,1.0326,-0.000876839,-0.00691904
124,108,1.03292,-0.000890672,-0.00670041
124,109,1.03321,-0.000900615,-0.00646903
124,110,1.03349,-0.000906581,-0.00621922
124,111,1.03375,-0.000908607,-0.00595575
124,112,1.03399,-0.000906947,-0.00567236
124,113,1.03421,-0.000902208,-0.00537427
124,114,1.03441,-0.000895466,-0.00505554
124,115,1.03459,-0.000888339,-0.00472296
124,116,1.03476,-0.00088289,-0.00437221
124,117,1.0349,-0.000881294,-0.00401277
124,118,1.03503,-0.000885131,-0.00364233
124,119,1.03514,-0.000894333,-0.0032717
124,120,1.03524,-0.00090604,-0.00289686
124,121,1.03532,-0.000914046,-0.00252323
124,122,1.03538,-0.000909862,-0.00213633
124,123,1.03543,-0.000885459,-0.00172811
124,124,1.03546,-0.000836672,-0.00127228
124,125,1.03547,-0.000751497,-0.000765045
124,126,1.03543,-0.000592375,-0.00023546
124,127,1,-0.00343474,0
125,0,1,0,0
125,1,0.950439,-0.000510441,-5.10085e-05
125,2,0.950438,-0.000653124,-0.00026614
125,3,0.950514,-0.000727931,-0.000590101
125,4,0.950674,-0.000756673,-0.000967311
125,5,0.95092,-0.000766899,-0.00136231
125,6,0.95125,-0.000773613,-0.00176567
125,7,0.951661,-0.000780841,-0.00217025
125,8,0.952149,-0.00078859,-0.00257741
125,9,0.952712,-0.00079605,-0.00298126
125,10,0.953346,-0.000802682,-0.00338132
125,11,0.954046,-0.000808384,-0.00377036
125,12,0.954808,-0.00081334,-0.00414748
125,13,0.955627,-0.000817872,-0.00450608
125,14,0.956497,-0.000822297,-0.00484614
125,15,0.957415,-0.000826878,-0.00516226
125,16,0.958374,-0.000831774,-0.0054554
125,17,0.959368,-0.000837065,-0.00572116
125,18,0.960393,-0.000842737,-0.00596106
125,19,0.961443,-0.000848731,-0.0061714
125,20,0.962513,-0.000854927,-0.00635399
125,21,0.963597,-0.000861199,-0.00650564
125,22,0.964692,-0.000867392,-0.00662836
125,23,0.965792,-0.000873364,-0.00671945
125,24,0.966892,-0.000878963,-0.00678113
125,25,0.96799,-0.000884059,-0.00681122
125,26,0.96908,-0.000888517,-0.00681221
125,27,0.970161,-0.000892233,-0.00678251
125,28,0.971227,-0.000895097,-0.00672487
125,29,0.972278,-0.000897029,-0.0066383
125,30,0.97331,-0.000897948,-0.00652582
125,31,0.974321,-0.000897801,-0.00638702
125,32,0.97531,-0.000896532,-0.00622517
125,33,0.976275,-0.000894113,-0.00604035
125,34,0.977214,-0.000890511,-0.00583607
125,35,0.978129,-0.000885718,-0.00561285
125,36,0.979017,-0.000879718,-0.00537433
125,37,0.979878,-0.00087252,-0.00512142
125,38,0.980714,-0.000864123,-0.00485786
125,39,0.981524,-0.000854542,-0.00458484
125,40,0.982308,-0.000843788,-0.00430614
125,41,0.983068,-0.000831885,-0.00402314
125,42,0.983806,-0.000818849,-0.00373961
125,43,0.984521,-0.000804709,-0.00345705
125,44,0.985217,-0.00078949,-0.0031791
125,45,0.985894,-0.000773229,-0.00290732
125,46,0.986555,-0.000755957,-0.00264517
125,47,0.987202,-0.00073772,-0.00239413
125,48,0.987838,-0.000718562,-0.0021574
125,49,0.988465,-0.00069854,-0.00193634
125,50,0.989086,-0.000677712,-0.00173379
125,51,0.989703,-0.000656149,-0.00155085
125,52,0.990319,-0.000633924,-0.00138997
125,53,0.990938,-0.000611124,-0.00125191
125,54,0.991561,-0.000587836,-0.00113864
125,55,0.992193,-0.000564163,-0.00105051
125,56,0.992835,-0.000540205,-0.00098893
125,57,0.993491,-0.000516074,-0.000953806
125,58,0.994162,-0.000491881,-0.000945956
125,59,0.994852,-0.000467743,-0.000964792
125,60,0.995561,-0.000443773,-0.00101053
125,61,0.996293,-0.000420089,-0.00108208
125,62,0.997048,-0.000396797,-0.00117906
125,63,0.997828,-0.000374007,-0.00129993
125,64,0.998633,-0.000351814,-0.00144374
125,65,0.999463,-0.000330312,-0.00160854
125,66,1.00032,-0.000309576,-0.0017929
125,67,1.0012,-0.000289679,-0.00199454
125,68,1.00211,-0.000270674,-0.00221165
125,69,1.00304,-0.000252606,-0.00244171
125,70,1.00399,-0.000235502,-0.00268263
125,71,1.00496,-0.000219381,-0.00293182
125,72,1.00595,-0.000204242,-0.00318698
125,73,1.00695,-0.000190079,-0.00344557
125,74,1.00797,-0.000176863,-0.00370524
125,75,1.00899,-0.000164566,-0.00396359
125,76,1.01002,-0.000153137,-0.00421832
125,77,1.01106,-0.000142525,-0.00446731
125,78,1.01209,-0.000132662,-0.00470837
125,79,1.01312,-0.000123483,-0.00493979
125,80,1.01414,-0.000114903,-0.00515955
125,81,1.01516,-0.000106851,-0.00536643
125,82,1.01616,-9.92342e-05,-0.00555862
125,83,1.01714,-9.19772e-05,-0.00573546
125,84,1.0181,-8.49861e-05,-0.00589534
125,85,1.01905,-7.81916e-05,-0.00603821
125,86,1.01997,-7.15057e-05,-0.00616265
125,87,1.02086,-6.48719e-05,-0.00626924
125,88,1.02173,-5.82153e-05,-0.00635668
125,89,1.02256,-5.14993e-05,-0.00642618
125,90,1.02337,-4.46685e-05,-0.00647651
125,91,1.02415,-3.77112e-05,-0.00650946
125,92,1.0249,-3.05952e-05,-0.00652379
125,93,1.02561,-2.3336e-05,-0.00652185
125,94,1.0263,-1.59256e-05,-0.00650225
125,95,1.02695,-8.40564e-06,-0.00646789
125,96,1.02757,-7.90072e-07,-0.00641712
125,97,1.02816,6.85815e-06,-0.00635331
125,98,1.02872,1.45084e-05,-0.00627448
125,99,1.02926,2.20837e-05,-0.00618442
125,100,1.02976,2.95456e-05,-0.00608071
125,101,1.03024,3.68143e-05,-0.0059675
125,102,1.03069,4.38561e-05,-0.00584186
125,103,1.03112,5.06056e-05,-0.00570826
125,104,1.03152,5.70537e-05,-0.00556316
125,105,1.03191,6.31737e-05,-0.00541129
125,106,1.03226,6.90083e-05,-0.00524846
125,107,1.0326,7.45964e-05,-0.00507951
125,108,1.03291,8.00518e-05,-0.00489955
125,109,1.03321,8.5481e-05,-0.00471347
125,110,1.03349,9.10357e-05,-0.00451559
125,111,1.03374,9.68063e-05,-0.00431086
125,112,1.03398,0.000102832,-0.00409303
125,113,1.0342,0.000108965,-0.00386739
125,114,1.0344,0.00011486,-0.00362775
125,115,1.03459,0.000119872,-0.00338058
125,116,1.03475,0.000123131,-0.00312083
125,117,1.0349,0.000123644,-0.00285713
125,118,1.03502,0.000120654,-0.00258613
125,119,1.03513,0.000114092,-0.00231801
125,120,1.03523,0.000105171,-0.00204885
125,121,1.0353,9.66536e-05,-0.00178602
125,122,1.03537,9.20733e-05,-0.0015197
125,123,1.03542,9.32765e-05,-0.00124917
125,124,1.03547,0.000100297,-0.000952754
125,125,1.03551,0.000137375,-0.000615274
125,126,1.03555,0.00028487,-0.00021485
125,127,1,-0.00343474,0
126,0,1,0,0
126,1,0.950387,0.000432483,-1.76038e-05
126,2,0.950382,0.000405068,-0.000106713
126,3,0.950444,0.00039161,-0.000254133
126,4,0.950597,0.000388225,-0.000427203
126,5,0.95084,0.000389098,-0.00060429
126,6,0.951169,0.000391395,-0.00078352
126,7,0.95158,0.000394869,-0.00096066
126,8,0.95207,0.000399725,-0.00113839
126,9,0.952634,0.000406139,-0.00131242
126,10,0.95327,0.000414109,-0.0014845
126,11,0.953974,0.000423458,-0.00164982
126,12,0.95474,0.000433887,-0.00180997
126,13,0.955564,0.000445041,-0.00196048
126,14,0.956441,0.000456555,-0.00210325
126,15,0.957364,0.000468091,-0.0022344
126,16,0.95833,0.000479352,-0.00235613
126,17,0.959331,0.000490091,-0.00246503
126,18,0.960364,0.00050011,-0.00256348
126,19,0.961421,0.000509258,-0.00264841
126,20,0.962498,0.000517421,-0.00272224
126,21,0.96359,0.000524527,-0.00278221
126,22,0.964692,0.000530527,-0.00283073
126,23,0.965799,0.000535412,-0.00286535
126,24,0.966906,0.000539189,-0.00288848
126,25,0.96801,0.000541901,-0.00289797
126,26,0.969107,0.000543606,-0.00289624
126,27,0.970193,0.000544394,-0.00288148
126,28,0.971266,0.000544364,-0.00285611
126,29,0.972321,0.000543646,-0.00281866
126,30,0.973358,0.00054237,-0.00277156
126,31,0.974373,0.000540693,-0.00271361
126,32,0.975365,0.000538761,-0.00264726
126,33,0.976333,0.000536743,-0.0025716
126,34,0.977275,0.000534787,-0.00248904
126,35,0.978191,0.000533055,-0.00239891
126,36,0.979079,0.000531681,-0.0023036
126,37,0.979941,0.000530806,-0.00220264
126,38,0.980776,0.00053054,-0.00209838
126,39,0.981585,0.00053099,-0.00199051
126,40,0.982367,0.000532229,-0.00188132
126,41,0.983125,0.000534325,-0.00177063
126,42,0.983859,0.000537309,-0.00166063
126,43,0.984571,0.000541206,-0.00155127
126,44,0.985262,0.000546001,-0.00144463
126,45,0.985935,0.000551679,-0.00134069
126,46,0.98659,0.000558182,-0.00124141
126,47,0.987232,0.000565454,-0.0011468
126,48,0.987861,0.000573401,-0.00105865
126,49,0.988481,0.000581932,-0.000976952
126,50,0.989094,0.000590921,-0.000903306
126,51,0.989704,0.000600249,-0.000837636
126,52,0.990312,0.000609768,-0.000781326
126,53,0.990923,0.000619339,-0.000734197
126,54,0.991538,0.000628795,-0.000697386
126,55,0.992162,0.000637986,-0.000670576
126,56,0.992796,0.000646737,-0.000654636
126,57,0.993444,0.00065489,-0.000649086
126,58,0.994107,0.000662272,-0.000654513
126,59,0.994789,0.000668725,-0.000670259
126,60,0.995492,0.00067408,-0.000696627
126,61,0.996217,0.000678189,-0.000732782
126,62,0.996966,0.000680893,-0.000778749
126,63,0.997739,0.000682058,-0.000833533
126,64,0.998539,0.000681542,-0.000896907
126,65,0.999366,0.00067923,-0.000967744
126,66,1.00022,0.000675001,-0.0010456
126,67,1.0011,0.000668763,-0.00112925
126,68,1.002,0.000660422,-0.00121808
126,69,1.00293,0.000649914,-0.00131085
126,70,1.00388,0.000637171,-0.00140678
126,71,1.00485,0.000622164,-0.00150467
126,72,1.00584,0.000604857,-0.00160367
126,73,1.00684,0.000585256,-0.00170266
126,74,1.00786,0.000563357,-0.00180074
126,75,1.00889,0.000539207,-0.00189695
126,76,1.00993,0.000512837,-0.00199036
126,77,1.01096,0.000484335,-0.00208025
126,78,1.012,0.000453767,-0.00216569
126,79,1.01304,0.000421263,-0.00224621
126,80,1.01407,0.000386923,-0.00232091
126,81,1.01509,0.00035092,-0.00238964
126,82,1.01609,0.000313381,-0.0024515
126,83,1.01708,0.000274517,-0.00250668
126,84,1.01805,0.000234481,-0.00255429
126,85,1.019,0.000193514,-0.00259488
126,86,1.01993,0.000151781,-0.00262751
126,87,1.02083,0.000109551,-0.00265313
126,88,1.0217,6.69906e-05,-0.00267071
126,89,1.02254,2.4382e-05,-0.0026816
126,90,1.02336,-1.81139e-05,-0.0026846
126,91,1.02414,-6.02121e-05,-0.00268148
126,92,1.02489,-0.000101769,-0.00267083
126,93,1.02561,-0.000142507,-0.00265481
126,94,1.0263,-0.000182307,-0.00263173
126,95,1.02696,-0.000220908,-0.00260416
126,96,1.02758,-0.000258226,-0.00257007
126,97,1.02818,-0.000294019,-0.00253242
126,98,1.02874,-0.000328241,-0.00248878
126,99,1.02928,-0.000360681,-0.0024425
126,100,1.02978,-0.000391331,-0.0023907
126,101,1.03026,-0.000420012,-0.00233713
126,102,1.03072,-0.000446761,-0.00227841
126,103,1.03115,-0.000471431,-0.00221866
126,104,1.03155,-0.000494103,-0.00215401
126,105,1.03193,-0.000514673,-0.00208891
126,106,1.03229,-0.00053326,-0.00201897
126,107,1.03263,-0.000549805,-0.00194893
126,108,1.03294,-0.000564468,-0.00187387
126,109,1.03324,-0.000577235,-0.0017988
126,110,1.03352,-0.0005883,-0.00171823
126,111,1.03377,-0.000597688,-0.00163741
126,112,1.03401,-0.000605618,-0.00155039
126,113,1.03423,-0.000612146,-0.00146274
126,114,1.03444,-0.000617503,-0.00136831
126,115,1.03462,-0.00062177,-0.00127331
126,116,1.03478,-0.000625186,-0.00117184
126,117,1.03493,-0.00062785,-0.00107118
126,118,1.03506,-0.00062999,-0.000966066
126,119,1.03517,-0.00063169,-0.000864739
126,120,1.03526,-0.000633061,-0.000761898
126,121,1.03533,-0.000633961,-0.000665043
126,122,1.0354,-0.000634378,-0.000566372
126,123,1.03545,-0.000635194,-0.000471224
126,124,1.03551,-0.00063876,-0.000373575
126,125,1.0356,-0.000640225,-0.000279154
126,126,1.03574,-0.000593957,-0.000131042
126,127,1,-0.00343474,0
127,0,1,0,0
127,1,1,0.00343474,0
127,2,1,0.0068612,0
127,3,1,0.0102711,0
127,4,1,0.0136563,0
127,5,1,0.0170086,0
127,6,1,0.0203199,0
127,7,1,0.0235823,0
127,8,1,0.0267878,0
127,9,1,0.0299289,0
127,10,1,0.0329978,0
127,11,1,0.0359872,0
127,12,1,0.0388899,0
127,13,1,0.041699,0
127,14,1,0.0444075,0
127,15,1,0.0470091,0
127,16,1,0.0494975,0
127,17,1,0.0518666,0
127,18,1,0.0541107,0
127,19,1,0.0562245,0
127,20,1,0.0582029,0
127,21,1,0.060041,0
127,22,1,0.0617345,0
127,23,1,0.0632793,0
127,24,1,0.0646716,0
127,25,1,0.0659081,0
127,26,1,0.0669858,0
127,27,1,0.0679022,0
127,28,1,0.068655,0
127,29,1,0.0692424,0
127,30,1,0.0696629,0
127,31,1,0.0699157,0
127,32,1,0.07,0
127,33,1,0.0699157,0
127,34,1,0.0696629,0
127,35,1,0.0692424,0
127,36,1,0.068655,0
127,37,1,0.0679022,0
127,38,1,0.0669858,0
127,39,1,0.0659081,0
127,40,1,0.0646716,0
127,41,1,0.0632793,0
127,42,1,0.0617345,0
127,43,1,0.060041,0
127,44,1,0.0582029,0
127,45,1,0.0562245,0
127,46,1,0.0541107,0
127,47,1,0.0518666,0
127,48,1,0.0494975,0
127,49,1,0.0470091,0
127,50,1,0.0444075,0
127,51,1,0.041699,0
127,52,1,0.0388899,0
127,53,1,0.0359872,0
127,54,1,0.0329978,0
127,55,1,0.0299289,0
127,56,1,0.0267878,0
127,57,1,0.0235823,0
127,58,1,0.0203199,0
127,59,1,0.0170086,0
127,60,1,0.0136563,0
127,61,1,0.0102711,0
127,62,1,0.0068612,0
127,63,1,0.00343474,0
127,64,1,8.57253e-18,0
127,65,1,-0.00343474,0
127,66,1,-0.0068612,0
127,67,1,-0.0102711,0
127,68,1,-0.0136563,0
127,69,1,-0.0170086,0
127,70,1,-0.0203199,0
127,71,1,-0.0235823,0
127,72,1,-0.0267878,0
127,73,1,-0.0299289,0
127,74,1,-0.0329978,0
127,75,1,-0.0359872,0
127,76,1,-0.0388899,0
127,77,1,-0.041699,0
127,78,1,-0.0444075,0
127,79,1,-0.0470091,0
127,80,1,-0.0494975,0
127,81,1,-0.0518666,0
127,82,1,-0.0541107,0
127,83,1,-0.0562245,0
127,84,1,-0.0582029,0
127,85,1,-0.060041,0
127,86,1,-0.0617345,0
127,87,1,-0.0632793,0
127,88,1,-0.0646716,0
127,89,1,-0.0659081,0
127,90,1,-0.0669858,0
127,91,1,-0.0679022,0
127,92,1,-0.068655,0
127,93,1,-0.0692424,0
127,94,1,-0.0696629,0
127,95,1,-0.0699157,0
127,96,1,-0.07,0
127,97,1,-0.0699157,0
127,98,1,-0.0696629,0
127,99,1,-0.0692424,0
127,100,1,-0.068655,0
127,101,1,-0.0679022,0
127,102,1,-0.0669858,0
127,103,1,-0.0659081,0
127,104,1,-0.0646716,0
127,105,1,-0.0632793,0
127,106,1,-0.0617345,0
127,107,1,-0.060041,0
127,108,1,-0.0582029,0
127,109,1,-0.0562245,0
127,110,1,-0.0541107,0
127,111,1,-0.0518666,0
127,112,1,-0.0494975,0
127,113,1,-0.0470091,0
127,114,1,-0.0444075,0
127,115,1,-0.041699,0
127,116,1,-0.0388899,0
127,117,1,-0.0359872,0
127,118,1,-0.0329978,0
127,119,1,-0.0299289,0
127,120,1,-0.0267878,0
127,121,1,-0.0235823,0
127,122,1,-0.0203199,0
127,123,1,-0.0170086,0
127,124,1,-0.0136563,0
127,125,1,-0.0102711,0
127,126,1,-0.0068612,0
127,127,1,-0.00343474,0
