x,y,rho,ux,uy
0,0,1,0,0
0,1,1,0.00343474,0
0,2,1,0.0068612,0
0,3,1,0.0102711,0
0,4,1,0.0136563,0
0,5,1,0.0170086,0
0,6,1,0.0203199,0
0,7,1,0.0235823,0
0,8,1,0.0267878,0
0,9,1,0.0299289,0
0,10,1,0.0329978,0
0,11,1,0.0359872,0
0,12,1,0.0388899,0
0,13,1,0.041699,0
0,14,1,0.0444075,0
0,15,1,0.0470091,0
0,16,1,0.0494975,0
0,17,1,0.0518666,0
0,18,1,0.0541107,0
0,19,1,0.0562245,0
0,20,1,0.0582029,0
0,21,1,0.060041,0
0,22,1,0.0617345,0
0,23,1,0.0632793,0
0,24,1,0.0646716,0
0,25,1,0.0659081,0
0,26,1,0.0669858,0
0,27,1,0.0679022,0
0,28,1,0.068655,0
0,29,1,0.0692424,0
0,30,1,0.0696629,0
0,31,1,0.0699157,0
0,32,1,0.07,0
0,33,1,0.0699157,0
0,34,1,0.0696629,0
0,35,1,0.0692424,0
0,36,1,0.068655,0
0,37,1,0.0679022,0
0,38,1,0.0669858,0
0,39,1,0.0659081,0
0,40,1,0.0646716,0
0,41,1,0.0632793,0
0,42,1,0.0617345,0
0,43,1,0.060041,0
0,44,1,0.0582029,0
0,45,1,0.0562245,0
0,46,1,0.0541107,0
0,47,1,0.0518666,0
0,48,1,0.0494975,0
0,49,1,0.0470091,0
0,50,1,0.0444075,0
0,51,1,0.041699,0
0,52,1,0.0388899,0
0,53,1,0.0359872,0
0,54,1,0.0329978,0
0,55,1,0.0299289,0
0,56,1,0.0267878,0
0,57,1,0.0235823,0
0,58,1,0.0203199,0
0,59,1,0.0170086,0
0,60,1,0.0136563,0
0,61,1,0.0102711,0
0,62,1,0.0068612,0
0,63,1,0.00343474,0
0,64,1,8.57253e-18,0
0,65,1,-0.00343474,0
0,66,1,-0.0068612,0
0,67,1,-0.0102711,0
0,68,1,-0.0136563,0
0,69,1,-0.0170086,0
0,70,1,-0.0203199,0
0,71,1,-0.0235823,0
0,72,1,-0.0267878,0
0,73,1,-0.0299289,0
0,74,1,-0.0329978,0
0,75,1,-0.0359872,0
0,76,1,-0.0388899,0
0,77,1,-0.041699,0
0,78,1,-0.0444075,0
0,79,1,-0.0470091,0
0,80,1,-0.0494975,0
0,81,1,-0.0518666,0
0,82,1,-0.0541107,0
0,83,1,-0.0562245,0
0,84,1,-0.0582029,0
0,85,1,-0.060041,0
0,86,1,-0.0617345,0
0,87,1,-0.0632793,0
0,88,1,-0.0646716,0
0,89,1,-0.0659081,0
0,90,1,-0.0669858,0
0,91,1,-0.0679022,0
0,92,1,-0.068655,0
0,93,1,-0.0692424,0
0,94,1,-0.0696629,0
0,95,1,-0.0699157,0
0,96,1,-0.07,0
0,97,1,-0.0699157,0
0,98,1,-0.0696629,0
0,99,1,-0.0692424,0
0,100,1,-0.068655,0
0,101,1,-0.0679022,0
0,102,1,-0.0669858,0
0,103,1,-0.0659081,0
0,104,1,-0.0646716,0
0,105,1,-0.0632793,0
0,106,1,-0.0617345,0
0,107,1,-0.060041,0
0,108,1,-0.0582029,0
0,109,1,-0.0562245,0
0,110,1,-0.0541107,0
0,111,1,-0.0518666,0
0,112,1,-0.0494975,0
0,113,1,-0.0470091,0
0,114,1,-0.0444075,0
0,115,1,-0.041699,0
0,116,1,-0.0388899,0
0,117,1,-0.0359872,0
0,118,1,-0.0329978,0
0,119,1,-0.0299289,0
0,120,1,-0.0267878,0
0,121,1,-0.0235823,0
0,122,1,-0.0203199,0
0,123,1,-0.0170086,0
0,124,1,-0.0136563,0
0,125,1,-0.0102711,0
0,126,1,-0.0068612,0
0,127,1,-0.00343474,0
1,0,1,0,0
1,1,0.98356,0.000156399,2.92785e-05
1,2,0.983531,0.00017077,5.17492e-05
1,3,0.983521,0.000171557,4.9508e-05
1,4,0.983536,0.00016954,3.96445e-05
1,5,0.983568,0.000166771,2.49044e-05
1,6,0.983616,0.000163161,6.70708e-06
1,7,0.983676,0.000158647,-1.44847e-05
1,8,0.983751,0.000153348,-3.72743e-05
1,9,0.983838,0.000147391,-6.16274e-05
1,10,0.983938,0.000140868,-8.66623e-05
1,11,0.98405,0.00013386,-0.000112692
1,12,0.984174,0.000126433,-0.00013912
1,13,0.98431,0.000118656,-0.000166418
1,14,0.984458,0.000110578,-0.00019414
1,15,0.984617,0.000102256,-0.000222787
1,16,0.984787,9.37261e-05,-0.000251966
1,17,0.984968,8.50382e-05,-0.000282122
1,18,0.98516,7.62238e-05,-0.000312872
1,19,0.985362,6.73279e-05,-0.000344578
1,20,0.985576,5.83789e-05,-0.000376867
1,21,0.985799,4.94203e-05,-0.000410017
1,22,0.986033,4.04777e-05,-0.000443683
1,23,0.986277,3.15936e-05,-0.000478066
1,24,0.98653,2.27912e-05,-0.000512864
1,25,0.986793,1.41117e-05,-0.000548213
1,26,0.987066,5.57595e-06,-0.000583864
1,27,0.987347,-2.77641e-06,-0.00061989
1,28,0.987637,-1.0927e-05,-0.000656101
1,29,0.987935,-1.88379e-05,-0.000692507
1,30,0.988242,-2.64935e-05,-0.000728979
1,31,0.988556,-3.38581e-05,-0.000765463
1,32,0.988878,-4.09188e-05,-0.000801892
1,33,0.989207,-4.76428e-05,-0.000838145
1,34,0.989543,-5.40204e-05,-0.00087422
1,35,0.989885,-6.00219e-05,-0.000909928
1,36,0.990233,-6.56411e-05,-0.000945328
1,37,0.990587,-7.08523e-05,-0.000980168
1,38,0.990947,-7.56533e-05,-0.00101457
1,39,0.991311,-8.00226e-05,-0.00104821
1,40,0.99168,-8.39624e-05,-0.00108128
1,41,0.992053,-8.74558e-05,-0.0011134
1,42,0.99243,-9.05097e-05,-0.00114481
1,43,0.992811,-9.31122e-05,-0.00117508
1,44,0.993195,-9.52746e-05,-0.00120451
1,45,0.993581,-9.69902e-05,-0.00123262
1,46,0.99397,-9.82746e-05,-0.00125977
1,47,0.994361,-9.9126e-05,-0.00128543
1,48,0.994753,-9.9564e-05,-0.00131002
1,49,0.995147,-9.9591e-05,-0.00133297
1,50,0.995542,-9.92304e-05,-0.00135474
1,51,0.995937,-9.84881e-05,-0.00137473
1,52,0.996333,-9.73904e-05,-0.00139347
1,53,0.996729,-9.59461e-05,-0.00141031
1,54,0.997125,-9.41835e-05,-0.00142583
1,55,0.99752,-9.21136e-05,-0.00143936
1,56,0.997914,-8.97658e-05,-0.00145153
1,57,0.998307,-8.71524e-05,-0.00146163
1,58,0.998698,-8.43032e-05,-0.00147035
1,59,0.999089,-8.12309e-05,-0.00147697
1,60,0.999477,-7.79651e-05,-0.00148219
1,61,0.999863,-7.45182e-05,-0.00148529
1,62,1.00025,-7.0919e-05,-0.00148701
1,63,1.00063,-6.71791e-05,-0.00148662
1,64,1.00101,-6.3326e-05,-0.00148489
1,65,1.00139,-5.93702e-05,-0.00148106
1,66,1.00176,-5.53377e-05,-0.00147596
1,67,1.00213,-5.12377e-05,-0.0014688
1,68,1.0025,-4.70946e-05,-0.00146046
1,69,1.00286,-4.29162e-05,-0.00145012
1,70,1.00323,-3.87254e-05,-0.00143868
1,71,1.00358,-3.45289e-05,-0.00142533
1,72,1.00394,-3.03484e-05,-0.001411
1,73,1.00429,-2.61894e-05,-0.00139485
1,74,1.00464,-2.20727e-05,-0.00137783
1,75,1.00499,-1.80032e-05,-0.0013591
1,76,1.00533,-1.40012e-05,-0.00133963
1,77,1.00567,-1.00709e-05,-0.00131857
1,78,1.006,-6.23264e-06,-0.00129691
1,79,1.00633,-2.49049e-06,-0.00127377
1,80,1.00666,1.13526e-06,-0.00125019
1,81,1.00698,4.64035e-06,-0.00122524
1,82,1.0073,8.00422e-06,-0.00119999
1,83,1.00762,1.12224e-05,-0.00117351
1,84,1.00793,1.42741e-05,-0.00114687
1,85,1.00824,1.71547e-05,-0.00111912
1,86,1.00854,1.98432e-05,-0.00109136
1,87,1.00884,2.23349e-05,-0.0010626
1,88,1.00914,2.46092e-05,-0.00103398
1,89,1.00943,2.66619e-05,-0.00100446
1,90,1.00972,2.84728e-05,-0.000975219
1,91,1.01,3.00392e-05,-0.000945191
1,92,1.01028,3.13421e-05,-0.000915565
1,93,1.01055,3.23805e-05,-0.000885247
1,94,1.01082,3.31379e-05,-0.000855454
1,95,1.01108,3.36159e-05,-0.000825054
1,96,1.01134,3.38012e-05,-0.000795292
1,97,1.01159,3.36989e-05,-0.000765002
1,98,1.01183,3.32999e-05,-0.000735453
1,99,1.01207,3.26138e-05,-0.000705445
1,100,1.01231,3.16362e-05,-0.000676275
1,101,1.01254,3.03818e-05,-0.000646707
1,102,1.01276,2.88516e-05,-0.000618066
1,103,1.01297,2.70654e-05,-0.000589079
1,104,1.01318,2.50297e-05,-0.000561097
1,105,1.01338,2.27687e-05,-0.000532808
1,106,1.01358,2.02935e-05,-0.000505584
1,107,1.01376,1.76318e-05,-0.000478064
1,108,1.01394,1.4798e-05,-0.000451631
1,109,1.01411,1.18215e-05,-0.000424866
1,110,1.01428,8.7193e-06,-0.000399145
1,111,1.01444,5.523e-06,-0.000372981
1,112,1.01458,2.25467e-06,-0.000347736
1,113,1.01472,-1.04589e-06,-0.000321866
1,114,1.01486,-4.34131e-06,-0.000296756
1,115,1.01498,-7.56981e-06,-0.000270881
1,116,1.0151,-1.06631e-05,-0.000245764
1,117,1.0152,-1.35263e-05,-0.000220068
1,118,1.0153,-1.60631e-05,-0.00019564
1,119,1.01539,-1.81777e-05,-0.000171484
1,120,1.01547,-1.98226e-05,-0.000149779
1,121,1.01554,-2.10407e-05,-0.000129607
1,122,1.0156,-2.20053e-05,-0.00011277
1,123,1.01566,-2.28749e-05,-9.73964e-05
1,124,1.01571,-2.38428e-05,-8.40558e-05
1,125,1.01576,-2.69582e-05,-6.81015e-05
1,126,1.01581,-4.33991e-05,-3.49171e-05
1,127,1,-0.00343474,0
2,0,1,0,0
2,1,0.983531,-7.39837e-05,4.4504e-05
2,2,0.983526,-1.47405e-05,0.000108764
2,3,0.983533,1.34238e-05,0.000134563
2,4,0.983554,2.83832e-05,0.000131919
2,5,0.983589,3.90418e-05,0.000110361
2,6,0.983638,4.71336e-05,7.66457e-05
2,7,0.9837,5.32476e-05,3.38046e-05
2,8,0.983776,5.7909e-05,-1.52114e-05
2,9,0.983864,6.15783e-05,-6.91851e-05
2,10,0.983964,6.46219e-05,-0.000126388
2,11,0.984077,6.73163e-05,-0.000186602
2,12,0.984202,6.98576e-05,-0.000248942
2,13,0.984338,7.23609e-05,-0.000313751
2,14,0.984486,7.48782e-05,-0.00038056
2,15,0.984645,7.74074e-05,-0.00044989
2,16,0.984816,7.99183e-05,-0.00052139
2,17,0.984997,8.23592e-05,-0.000595533
2,18,0.985189,8.46789e-05,-0.000671947
2,19,0.985393,8.68249e-05,-0.000750973
2,20,0.985606,8.87585e-05,-0.000832196
2,21,0.98583,9.04463e-05,-0.000915822
2,22,0.986064,9.18712e-05,-0.00100142
2,23,0.986308,9.30197e-05,-0.00108908
2,24,0.986562,9.38927e-05,-0.0011784
2,25,0.986825,9.44903e-05,-0.00126939
2,26,0.987097,9.48239e-05,-0.00136168
2,27,0.987378,9.49008e-05,-0.00145521
2,28,0.987668,9.47371e-05,-0.00154966
2,29,0.987967,9.43426e-05,-0.00164492
2,30,0.988273,9.37345e-05,-0.00174072
2,31,0.988587,9.2923e-05,-0.00183688
2,32,0.988908,9.19252e-05,-0.00193318
2,33,0.989237,9.07506e-05,-0.00202938
2,34,0.989572,8.94155e-05,-0.00212533
2,35,0.989913,8.7929e-05,-0.0022207
2,36,0.990261,8.63066e-05,-0.00231541
2,37,0.990614,8.45568e-05,-0.00240905
2,38,0.990973,8.26947e-05,-0.0025016
2,39,0.991336,8.07285e-05,-0.00259258
2,40,0.991704,7.86727e-05,-0.00268205
2,41,0.992077,7.65351e-05,-0.00276946
2,42,0.992453,7.43297e-05,-0.00285491
2,43,0.992832,7.20642e-05,-0.00293782
2,44,0.993215,6.97519e-05,-0.00301835
2,45,0.9936,6.74001e-05,-0.00309588
2,46,0.993988,6.50214e-05,-0.00317062
2,47,0.994377,6.26225e-05,-0.00324191
2,48,0.994769,6.02149e-05,-0.00331003
2,49,0.995161,5.7805e-05,-0.00337429
2,50,0.995555,5.54028e-05,-0.00343505
2,51,0.995949,5.30138e-05,-0.00349159
2,52,0.996343,5.06468e-05,-0.00354432
2,53,0.996737,4.83061e-05,-0.00359252
2,54,0.997131,4.5999e-05,-0.00363667
2,55,0.997525,4.37287e-05,-0.00367603
2,56,0.997918,4.15008e-05,-0.00371115
2,57,0.998309,3.93174e-05,-0.00374128
2,58,0.9987,3.71826e-05,-0.00376705
2,59,0.999088,3.50971e-05,-0.0037877
2,60,0.999475,3.30638e-05,-0.00380391
2,61,0.99986,3.10824e-05,-0.00381494
2,62,1.00024,2.91549e-05,-0.00382153
2,63,1.00062,2.72801e-05,-0.00382293
2,64,1.001,2.54594e-05,-0.00381996
2,65,1.00138,2.36915e-05,-0.00381186
2,66,1.00175,2.19773e-05,-0.0037995
2,67,1.00212,2.03159e-05,-0.00378213
2,68,1.00249,1.87086e-05,-0.00376068
2,69,1.00285,1.71553e-05,-0.0037344
2,70,1.00321,1.56581e-05,-0.00370426
2,71,1.00357,1.42183e-05,-0.00366953
2,72,1.00392,1.28397e-05,-0.0036312
2,73,1.00427,1.15252e-05,-0.00358855
2,74,1.00462,1.02806e-05,-0.00354263
2,75,1.00497,9.11123e-06,-0.00349269
2,76,1.00531,8.02532e-06,-0.00343982
2,77,1.00565,7.03073e-06,-0.00338328
2,78,1.00598,6.13844e-06,-0.00332419
2,79,1.00631,5.35902e-06,-0.00326179
2,80,1.00664,4.70624e-06,-0.00319724
2,81,1.00696,4.19332e-06,-0.00312976
2,82,1.00728,3.83664e-06,-0.00306053
2,83,1.0076,3.65177e-06,-0.00298876
2,84,1.00791,3.6573e-06,-0.00291567
2,85,1.00821,3.87053e-06,-0.00284042
2,86,1.00852,4.31154e-06,-0.00276426
2,87,1.00882,4.99857e-06,-0.00268633
2,88,1.00911,5.95222e-06,-0.00260789
2,89,1.00941,7.19053e-06,-0.00252805
2,90,1.00969,8.73346e-06,-0.0024481
2,91,1.00997,1.05976e-05,-0.0023671
2,92,1.01025,1.28009e-05,-0.00228636
2,93,1.01053,1.5357e-05,-0.00220489
2,94,1.01079,1.82806e-05,-0.00212404
2,95,1.01106,2.15811e-05,-0.00204277
2,96,1.01131,2.52683e-05,-0.00196243
2,97,1.01157,2.93462e-05,-0.00188195
2,98,1.01181,3.38185e-05,-0.0018027
2,99,1.01205,3.86821e-05,-0.00172355
2,100,1.01229,4.39334e-05,-0.00164589
2,101,1.01251,4.95608e-05,-0.00156856
2,102,1.01274,5.55511e-05,-0.00149295
2,103,1.01295,6.18821e-05,-0.00141786
2,104,1.01316,6.85279e-05,-0.00134469
2,105,1.01336,7.54515e-05,-0.00127216
2,106,1.01356,8.26098e-05,-0.00120169
2,107,1.01374,8.99461e-05,-0.00113193
2,108,1.01392,9.73956e-05,-0.00106424
2,109,1.01409,0.00010488,-0.000997166
2,110,1.01426,0.000112314,-0.000932016
2,111,1.01442,0.000119609,-0.000867207
2,112,1.01456,0.000126689,-0.000803968
2,113,1.0147,0.000133499,-0.000740632
2,114,1.01484,0.000140038,-0.00067847
2,115,1.01496,0.000146382,-0.000615935
2,116,1.01508,0.000152701,-0.000554655
2,117,1.01518,0.000159263,-0.000493611
2,118,1.01528,0.000166395,-0.00043521
2,119,1.01537,0.000174367,-0.000379248
2,120,1.01545,0.000183212,-0.000328785
2,121,1.01552,0.000192467,-0.000283615
2,122,1.01558,0.000200952,-0.000245646
2,123,1.01564,0.000206677,-0.000211564
2,124,1.01569,0.000206267,-0.000177136
2,125,1.01573,0.000190314,-0.000128968
2,126,1.01577,0.000134541,-5.1861e-05
2,127,1,-0.00343474,0
3,0,1,0,0
3,1,0.98352,0.000178467,4.67737e-05
3,2,0.983532,0.000265679,0.000133994
3,3,0.98355,0.000323748,0.000190917
3,4,0.983577,0.000360045,0.000214087
3,5,0.983615,0.000382761,0.000208878
3,6,0.983667,0.000395977,0.000182626
3,7,0.983731,0.00040216,0.000140216
3,8,0.983808,0.000402992,8.63051e-05
3,9,0.983897,0.000399823,2.3353e-05
3,10,0.983998,0.000393764,-4.60336e-05
3,11,0.984112,0.000385701,-0.00012102
3,12,0.984237,0.000376294,-0.000200315
3,13,0.984374,0.000366003,-0.000284012
3,14,0.984522,0.000355114,-0.000371503
3,15,0.984682,0.000343784,-0.000463238
3,16,0.984852,0.000332078,-0.000558833
3,17,0.985034,0.000320007,-0.000658736
3,18,0.985227,0.000307561,-0.000762557
3,19,0.98543,0.000294721,-0.000870598
3,20,0.985644,0.000281481,-0.000982402
3,21,0.985868,0.000267845,-0.00109811
3,22,0.986102,0.000253837,-0.00121722
3,23,0.986346,0.000239493,-0.00133974
3,24,0.9866,0.000224862,-0.00146518
3,25,0.986863,0.000210003,-0.00159344
3,26,0.987135,0.000194978,-0.00172406
3,27,0.987416,0.000179852,-0.00185687
3,28,0.987706,0.000164694,-0.00199146
3,29,0.988004,0.000149567,-0.00212759
3,30,0.988309,0.000134535,-0.00226491
3,31,0.988623,0.000119657,-0.0024031
3,32,0.988944,0.000104992,-0.00254187
3,33,0.989271,9.05906e-05,-0.00268084
3,34,0.989606,7.65041e-05,-0.00281975
3,35,0.989947,6.27774e-05,-0.00295816
3,36,0.990293,4.94532e-05,-0.00309587
3,37,0.990645,3.65693e-05,-0.00323235
3,38,0.991003,2.41609e-05,-0.00336747
3,39,0.991365,1.22583e-05,-0.00350064
3,40,0.991732,8.88979e-07,-0.00363177
3,41,0.992103,-9.92438e-06,-0.00376021
3,42,0.992477,-2.0162e-05,-0.00388595
3,43,0.992855,-2.98091e-05,-0.00400827
3,44,0.993237,-3.88534e-05,-0.00412721
3,45,0.99362,-4.72877e-05,-0.00424204
3,46,0.994006,-5.51075e-05,-0.00435286
3,47,0.994394,-6.23127e-05,-0.0044589
3,48,0.994784,-6.89058e-05,-0.00456032
3,49,0.995174,-7.48934e-05,-0.00465634
3,50,0.995566,-8.02842e-05,-0.0047472
3,51,0.995958,-8.50906e-05,-0.0048321
3,52,0.996351,-8.93267e-05,-0.00491135
3,53,0.996743,-9.30096e-05,-0.00498415
3,54,0.997136,-9.61575e-05,-0.0050509
3,55,0.997527,-9.87911e-05,-0.00511079
3,56,0.997918,-0.000100932,-0.0051643
3,57,0.998308,-0.000102602,-0.00521063
3,58,0.998697,-0.000103825,-0.00525035
3,59,0.999084,-0.000104624,-0.00528266
3,60,0.999469,-0.000105024,-0.00530821
3,61,0.999852,-0.000105047,-0.00532623
3,62,1.00023,-0.000104717,-0.00533744
3,63,1.00061,-0.000104056,-0.00534109
3,64,1.00099,-0.000103086,-0.00533797
3,65,1.00136,-0.000101828,-0.00532736
3,66,1.00173,-0.000100301,-0.00531012
3,67,1.0021,-9.85228e-05,-0.00528556
3,68,1.00247,-9.65113e-05,-0.00525459
3,69,1.00283,-9.42821e-05,-0.00521654
3,70,1.00319,-9.18494e-05,-0.00517241
3,71,1.00355,-8.92266e-05,-0.00512153
3,72,1.0039,-8.64252e-05,-0.00506495
3,73,1.00425,-8.34563e-05,-0.00500203
3,74,1.0046,-8.03294e-05,-0.00493387
3,75,1.00494,-7.70531e-05,-0.00485984
3,76,1.00528,-7.36354e-05,-0.0047811
3,77,1.00562,-7.00834e-05,-0.00469701
3,78,1.00595,-6.64037e-05,-0.00460878
3,79,1.00628,-6.26028e-05,-0.00451577
3,80,1.00661,-5.86863e-05,-0.00441924
3,81,1.00693,-5.46606e-05,-0.00431852
3,82,1.00725,-5.05313e-05,-0.00421493
3,83,1.00757,-4.63049e-05,-0.00410778
3,84,1.00788,-4.19876e-05,-0.0039984
3,85,1.00819,-3.75866e-05,-0.00388611
3,86,1.00849,-3.3109e-05,-0.00377225
3,87,1.00879,-2.8563e-05,-0.0036561
3,88,1.00909,-2.39569e-05,-0.00353905
3,89,1.00938,-1.93001e-05,-0.00342033
3,90,1.00967,-1.46019e-05,-0.00330133
3,91,1.00995,-9.87279e-06,-0.00318127
3,92,1.01023,-5.12288e-06,-0.00306155
3,93,1.0105,-3.63206e-07,-0.00294132
3,94,1.01077,4.39586e-06,-0.00282201
3,95,1.01103,9.14346e-06,-0.00270271
3,96,1.01129,1.38699e-05,-0.00258486
3,97,1.01154,1.85654e-05,-0.00246751
3,98,1.01179,2.32216e-05,-0.0023521
3,99,1.01203,2.78303e-05,-0.00223761
3,100,1.01226,3.23847e-05,-0.0021255
3,101,1.01249,3.68772e-05,-0.00201469
3,102,1.01271,4.13e-05,-0.00190663
3,103,1.01293,4.56421e-05,-0.0018002
3,104,1.01314,4.98885e-05,-0.00169683
3,105,1.01334,5.40159e-05,-0.00159531
3,106,1.01353,5.79909e-05,-0.00149706
3,107,1.01372,6.17651e-05,-0.00140075
3,108,1.0139,6.5275e-05,-0.00130773
3,109,1.01407,6.84414e-05,-0.00121654
3,110,1.01424,7.11769e-05,-0.0011284
3,111,1.01439,7.34007e-05,-0.00104169
3,112,1.01454,7.50672e-05,-0.000957565
3,113,1.01468,7.62073e-05,-0.000874294
3,114,1.01481,7.69854e-05,-0.000793116
3,115,1.01494,7.77574e-05,-0.000712537
3,116,1.01505,7.91133e-05,-0.000634319
3,117,1.01516,8.18625e-05,-0.000557737
3,118,1.01526,8.69135e-05,-0.000485602
3,119,1.01535,9.49913e-05,-0.000418229
3,120,1.01543,0.000106169,-0.000359138
3,121,1.0155,0.000119243,-0.000308284
3,122,1.01557,0.000131081,-0.000267016
3,123,1.01562,0.000136073,-0.000230439
3,124,1.01567,0.000125537,-0.000191837
3,125,1.01571,8.53794e-05,-0.000136271
3,126,1.01573,-7.24652e-06,-5.26259e-05
3,127,1,-0.00343474,0
4,0,1,0,0
4,1,0.983532,-8.25513e-05,4.70586e-05
4,2,0.98355,1.70829e-05,0.000144371
4,3,0.983573,0.000108493,0.000223835
4,4,0.983605,0.000180988,0.000272493
4,5,0.983648,0.000235477,0.00028918
4,6,0.983702,0.000275383,0.000279095
4,7,0.983768,0.000303925,0.000247172
4,8,0.983846,0.000323807,0.000198797
4,9,0.983937,0.00033735,0.000137256
4,10,0.984039,0.0003465,6.58929e-05
4,11,0.984153,0.000352807,-1.38658e-05
4,12,0.984279,0.000357419,-0.000100296
4,13,0.984416,0.000361108,-0.000193179
4,14,0.984565,0.000364324,-0.000291702
4,15,0.984725,0.000367274,-0.00039617
4,16,0.984896,0.000369986,-0.000506111
4,17,0.985078,0.00037239,-0.000621898
4,18,0.985271,0.000374365,-0.000743089
4,19,0.985475,0.000375781,-0.000869927
4,20,0.985689,0.000376523,-0.0010019
4,21,0.985913,0.000376504,-0.00113908
4,22,0.986147,0.00037567,-0.00128091
4,23,0.986391,0.000373996,-0.00142731
4,24,0.986645,0.000371482,-0.00157771
4,25,0.986908,0.000368151,-0.00173192
4,26,0.98718,0.000364034,-0.00188942
4,27,0.98746,0.000359176,-0.00204992
4,28,0.987749,0.000353623,-0.00221295
4,29,0.988047,0.000347424,-0.00237815
4,30,0.988352,0.000340626,-0.0025451
4,31,0.988665,0.000333276,-0.00271339
4,32,0.988985,0.000325416,-0.00288263
4,33,0.989311,0.000317088,-0.00305234
4,34,0.989645,0.000308328,-0.00322219
4,35,0.989984,0.000299174,-0.00339162
4,36,0.99033,0.00028966,-0.00356037
4,37,0.990681,0.000279816,-0.0037278
4,38,0.991037,0.000269675,-0.00389368
4,39,0.991397,0.000259265,-0.00405733
4,40,0.991763,0.000248616,-0.00421858
4,41,0.992132,0.000237754,-0.00437667
4,42,0.992505,0.000226707,-0.0045315
4,43,0.992881,0.000215501,-0.00468226
4,44,0.99326,0.000204161,-0.00482891
4,45,0.993642,0.000192714,-0.00497062
4,46,0.994026,0.000181183,-0.0051074
4,47,0.994411,0.000169594,-0.00523839
4,48,0.994799,0.000157967,-0.00536369
4,49,0.995187,0.000146328,-0.00548241
4,50,0.995577,0.000134698,-0.00559474
4,51,0.995967,0.000123098,-0.00569979
4,52,0.996358,0.000111549,-0.00579782
4,53,0.996748,0.000100071,-0.00588794
4,54,0.997138,8.86841e-05,-0.0059705
4,55,0.997528,7.74063e-05,-0.00604464
4,56,0.997917,6.62551e-05,-0.00611079
4,57,0.998304,5.52485e-05,-0.00616809
4,58,0.998691,4.44024e-05,-0.00621708
4,59,0.999076,3.37335e-05,-0.00625693
4,60,0.999459,2.32569e-05,-0.00628826
4,61,0.999841,1.29884e-05,-0.00631028
4,62,1.00022,2.9425e-06,-0.00632368
4,63,1.0006,-6.86541e-06,-0.00632771
4,64,1.00097,-1.6421e-05,-0.00632316
4,65,1.00135,-2.57088e-05,-0.00630931
4,66,1.00172,-3.4714e-05,-0.00628704
4,67,1.00208,-4.34204e-05,-0.00625565
4,68,1.00245,-5.18125e-05,-0.0062161
4,69,1.00281,-5.98729e-05,-0.00616773
4,70,1.00317,-6.75846e-05,-0.00611159
4,71,1.00352,-7.49288e-05,-0.00604704
4,72,1.00388,-8.18866e-05,-0.0059752
4,73,1.00423,-8.84372e-05,-0.00589545
4,74,1.00457,-9.45598e-05,-0.00580899
4,75,1.00491,-0.000100232,-0.00571522
4,76,1.00525,-0.00010543,-0.00561539
4,77,1.00559,-0.00011013,-0.00550893
4,78,1.00592,-0.000114307,-0.00539714
4,79,1.00625,-0.000117934,-0.00527946
4,80,1.00658,-0.000120985,-0.00515723
4,81,1.0069,-0.000123433,-0.0050299
4,82,1.00722,-0.000125252,-0.00489885
4,83,1.00754,-0.000126412,-0.00476353
4,84,1.00785,-0.000126888,-0.00462535
4,85,1.00816,-0.000126653,-0.00448373
4,86,1.00846,-0.000125682,-0.00434013
4,87,1.00876,-0.00012395,-0.00419394
4,88,1.00906,-0.000121437,-0.00404664
4,89,1.00935,-0.00011812,-0.00389759
4,90,1.00963,-0.000113984,-0.00374828
4,91,1.00992,-0.000109013,-0.00359803
4,92,1.0102,-0.000103197,-0.00344835
4,93,1.01047,-9.65265e-05,-0.00329851
4,94,1.01074,-8.89995e-05,-0.00315002
4,95,1.011,-8.0616e-05,-0.00300209
4,96,1.01126,-7.13814e-05,-0.00285624
4,97,1.01151,-6.13052e-05,-0.00271163
4,98,1.01176,-5.0403e-05,-0.00256976
4,99,1.012,-3.86954e-05,-0.00242972
4,100,1.01223,-2.62102e-05,-0.00229303
4,101,1.01246,-1.2983e-05,-0.00215871
4,102,1.01268,9.39806e-07,-0.00202826
4,103,1.0129,1.54991e-05,-0.00190062
4,104,1.01311,3.06179e-05,-0.00177726
4,105,1.01331,4.61978e-05,-0.00165704
4,106,1.01351,6.21127e-05,-0.00154136
4,107,1.01369,7.82056e-05,-0.00142896
4,108,1.01388,9.42855e-05,-0.00132116
4,109,1.01405,0.000110132,-0.00121649
4,110,1.01421,0.000125511,-0.00111617
4,111,1.01437,0.0001402,-0.00101854
4,112,1.01452,0.000154044,-0.000924719
4,113,1.01466,0.000167027,-0.000833001
4,114,1.01479,0.000179367,-0.000744638
4,115,1.01492,0.000191611,-0.000658241
4,116,1.01503,0.000204696,-0.000575724
4,117,1.01514,0.000219905,-0.000496626
4,118,1.01524,0.00023864,-0.000424056
4,119,1.01533,0.000261914,-0.000358662
4,120,1.01541,0.000289531,-0.000304161
4,121,1.01548,0.000319015,-0.000260473
4,122,1.01555,0.000344524,-0.000228388
4,123,1.0156,0.000356064,-0.000201815
4,124,1.01565,0.000339475,-0.000172819
4,125,1.01568,0.000278378,-0.000126099
4,126,1.0157,0.000155618,-4.95058e-05
4,127,1,-0.00343474,0
5,0,1,0,0
5,1,0.983561,0.000158526,4.67024e-05
5,2,0.983581,0.000255128,0.0001488
5,3,0.983608,0.000365686,0.00024104
5,4,0.983644,0.00046342,0.000307456
5,5,0.983689,0.000540543,0.000342573
5,6,0.983746,0.000597303,0.00034855
5,7,0.983814,0.000636441,0.000329044
5,8,0.983893,0.000661346,0.000289238
5,9,0.983985,0.000675352,0.000232712
5,10,0.984088,0.00068143,0.000163241
5,11,0.984203,0.000682041,8.26876e-05
5,12,0.984329,0.000679074,-6.85768e-06
5,13,0.984467,0.000673866,-0.00010487
5,14,0.984616,0.000667267,-0.000210315
5,15,0.984776,0.000659746,-0.000323317
5,16,0.984948,0.000651495,-0.00044328
5,17,0.98513,0.000642536,-0.000570472
5,18,0.985324,0.000632801,-0.000704374
5,19,0.985527,0.000622188,-0.000845148
5,20,0.985741,0.000610606,-0.000992223
5,21,0.985966,0.000597989,-0.0011456
5,22,0.9862,0.000584313,-0.00130464
5,23,0.986443,0.000569589,-0.0014692
5,24,0.986697,0.00055386,-0.00163864
5,25,0.986959,0.000537193,-0.00181269
5,26,0.987231,0.000519673,-0.00199074
5,27,0.987511,0.000501393,-0.00217245
5,28,0.987799,0.000482452,-0.00235724
5,29,0.988096,0.000462948,-0.00254469
5,30,0.9884,0.000442975,-0.0027343
5,31,0.988712,0.000422623,-0.00292556
5,32,0.989031,0.000401978,-0.00311802
5,33,0.989356,0.000381118,-0.00331112
5,34,0.989688,0.000360115,-0.00350446
5,35,0.990026,0.000339035,-0.00369739
5,36,0.99037,0.000317941,-0.00388956
5,37,0.990719,0.000296889,-0.00408027
5,38,0.991073,0.000275931,-0.00426923
5,39,0.991432,0.000255114,-0.00445565
5,40,0.991795,0.000234481,-0.0046393
5,41,0.992163,0.000214073,-0.00481935
5,42,0.992533,0.000193924,-0.00499563
5,43,0.992907,0.000174066,-0.00516725
5,44,0.993284,0.00015453,-0.00533411
5,45,0.993663,0.000135338,-0.0054953
5,46,0.994045,0.000116515,-0.00565077
5,47,0.994428,9.80791e-05,-0.0057996
5,48,0.994813,8.00467e-05,-0.00594183
5,49,0.995199,6.24321e-05,-0.00607651
5,50,0.995586,4.52467e-05,-0.00620376
5,51,0.995974,2.85004e-05,-0.00632265
5,52,0.996362,1.22007e-05,-0.0064334
5,53,0.99675,-3.646e-06,-0.00653506
5,54,0.997138,-1.90349e-05,-0.00662794
5,55,0.997525,-3.39617e-05,-0.00671114
5,56,0.997911,-4.84233e-05,-0.00678506
5,57,0.998297,-6.24164e-05,-0.00684882
5,58,0.998681,-7.59382e-05,-0.00690291
5,59,0.999064,-8.89855e-05,-0.0069465
5,60,0.999445,-0.000101555,-0.00698018
5,61,0.999824,-0.000113641,-0.00700314
5,62,1.0002,-0.00012524,-0.00701609
5,63,1.00058,-0.000136345,-0.00701825
5,64,1.00095,-0.000146948,-0.00701043
5,65,1.00132,-0.000157041,-0.00699191
5,66,1.00169,-0.000166612,-0.00696356
5,67,1.00206,-0.000175651,-0.00692474
5,68,1.00242,-0.000184143,-0.00687639
5,69,1.00278,-0.000192074,-0.00681791
5,70,1.00314,-0.000199428,-0.00675036
5,71,1.00349,-0.000206188,-0.00667314
5,72,1.00384,-0.000212336,-0.0065874
5,73,1.00419,-0.000217853,-0.00649259
5,74,1.00454,-0.000222718,-0.00638994
5,75,1.00488,-0.000226914,-0.00627892
5,76,1.00522,-0.000230418,-0.00616081
5,77,1.00556,-0.000233213,-0.00603514
5,78,1.00589,-0.00023528,-0.00590325
5,79,1.00622,-0.0002366,-0.00576466
5,80,1.00654,-0.000237156,-0.00562077
5,81,1.00687,-0.000236935,-0.00547113
5,82,1.00718,-0.000235924,-0.00531719
5,83,1.0075,-0.000234111,-0.00515847
5,84,1.00781,-0.000231489,-0.00499647
5,85,1.00812,-0.000228053,-0.00483072
5,86,1.00842,-0.000223801,-0.00466274
5,87,1.00872,-0.000218735,-0.00449202
5,88,1.00902,-0.000212861,-0.00432013
5,89,1.00931,-0.000206186,-0.00414653
5,90,1.0096,-0.000198725,-0.00397278
5,91,1.00988,-0.000190493,-0.00379832
5,92,1.01016,-0.000181509,-0.00362473
5,93,1.01043,-0.000171799,-0.00345138
5,94,1.0107,-0.000161388,-0.00327986
5,95,1.01097,-0.000150305,-0.00310949
5,96,1.01123,-0.000138582,-0.00294184
5,97,1.01148,-0.000126253,-0.00277617
5,98,1.01173,-0.000113354,-0.00261406
5,99,1.01197,-9.99239e-05,-0.00245469
5,100,1.0122,-8.60042e-05,-0.00229962
5,101,1.01243,-7.16418e-05,-0.00214796
5,102,1.01265,-5.68914e-05,-0.00200125
5,103,1.01287,-4.182e-05,-0.00185851
5,104,1.01308,-2.65118e-05,-0.00172125
5,105,1.01328,-1.10756e-05,-0.00158836
5,106,1.01348,4.34846e-06,-0.00146128
5,107,1.01367,1.95829e-05,-0.00133878
5,108,1.01385,3.44118e-05,-0.00122216
5,109,1.01402,4.85875e-05,-0.00111001
5,110,1.01419,6.18548e-05,-0.00100349
5,111,1.01434,7.39957e-05,-0.000901009
5,112,1.01449,8.49066e-05,-0.000803656
5,113,1.01463,9.47068e-05,-0.000709787
5,114,1.01477,0.000103873,-0.000620704
5,115,1.01489,0.000113371,-0.000535153
5,116,1.01501,0.000124722,-0.000455191
5,117,1.01512,0.000139914,-0.000380579
5,118,1.01521,0.000161035,-0.000314632
5,119,1.0153,0.000189492,-0.000258196
5,120,1.01539,0.000224785,-0.000215031
5,121,1.01546,0.000262934,-0.00018488
5,122,1.01552,0.00029497,-0.000168035
5,123,1.01558,0.000306265,-0.000157688
5,124,1.01562,0.000277465,-0.000144722
5,125,1.01566,0.00018902,-0.00011259
5,126,1.01568,2.8428e-05,-4.79032e-05
5,127,1,-0.00343474,0
6,0,1,0,0
6,1,0.983603,-0.000106993,4.63443e-05
6,2,0.983624,-1.53816e-05,0.000149144
6,3,0.983653,0.000115135,0.000247047
6,4,0.983691,0.000244749,0.000323351
6,5,0.983738,0.000357027,0.000370326
6,6,0.983797,0.000447413,0.000387841
6,7,0.983866,0.000516782,0.000378043
6,8,0.983947,0.000568281,0.000345402
6,9,0.984039,0.000605734,0.000293337
6,10,0.984143,0.000632861,0.000225722
6,11,0.984259,0.000652875,0.000144657
6,12,0.984386,0.000668296,5.2483e-05
6,13,0.984524,0.00068092,-5.00253e-05
6,14,0.984674,0.000691889,-0.000161631
6,15,0.984835,0.000701819,-0.000282278
6,16,0.985006,0.000710938,-0.000411237
6,17,0.985189,0.00071923,-0.00054865
6,18,0.985383,0.000726542,-0.000693913
6,19,0.985586,0.000732672,-0.000847093
6,20,0.9858,0.000737426,-0.00100755
6,21,0.986025,0.000740644,-0.0011752
6,22,0.986259,0.000742219,-0.00134936
6,23,0.986502,0.000742097,-0.00152979
6,24,0.986755,0.000740267,-0.00171579
6,25,0.987017,0.000736757,-0.00190701
6,26,0.987288,0.000731618,-0.00210278
6,27,0.987568,0.000724921,-0.00230268
6,28,0.987855,0.000716743,-0.00250606
6,29,0.988151,0.000707163,-0.00271243
6,30,0.988454,0.000696263,-0.0029212
6,31,0.988764,0.000684116,-0.00313182
6,32,0.989082,0.000670794,-0.00334375
6,33,0.989406,0.000656363,-0.00355635
6,34,0.989736,0.000640883,-0.00376917
6,35,0.990073,0.000624412,-0.00398148
6,36,0.990415,0.000607003,-0.00419288
6,37,0.990762,0.000588706,-0.00440258
6,38,0.991114,0.00056957,-0.00461023
6,39,0.991471,0.000549642,-0.00481499
6,40,0.991832,0.000528967,-0.00501657
6,41,0.992197,0.000507591,-0.00521406
6,42,0.992565,0.000485559,-0.00540724
6,43,0.992936,0.000462917,-0.00559516
6,44,0.99331,0.000439711,-0.00577768
6,45,0.993687,0.000415988,-0.00595381
6,46,0.994066,0.000391793,-0.00612349
6,47,0.994446,0.000367174,-0.00628571
6,48,0.994828,0.00034218,-0.00644048
6,49,0.995212,0.00031686,-0.00658682
6,50,0.995596,0.000291262,-0.0067248
6,51,0.995981,0.000265437,-0.00685346
6,52,0.996366,0.000239434,-0.00697296
6,53,0.996751,0.000213306,-0.00708234
6,54,0.997136,0.000187102,-0.00718189
6,55,0.99752,0.000160875,-0.00727068
6,56,0.997904,0.000134676,-0.00734907
6,57,0.998287,0.000108557,-0.00741618
6,58,0.998668,8.25714e-05,-0.00747249
6,59,0.999049,5.67712e-05,-0.00751714
6,60,0.999427,3.12094e-05,-0.00755073
6,61,0.999805,5.93939e-06,-0.00757245
6,62,1.00018,-1.89853e-05,-0.00758298
6,63,1.00055,-4.35105e-05,-0.00758159
6,64,1.00092,-6.75819e-05,-0.00756905
6,65,1.00129,-9.11444e-05,-0.00754469
6,66,1.00166,-0.000114143,-0.00750937
6,67,1.00202,-0.00013652,-0.00746248
6,68,1.00239,-0.000158221,-0.00740498
6,69,1.00275,-0.000179188,-0.00733629
6,70,1.0031,-0.000199364,-0.0072575
6,71,1.00346,-0.000218689,-0.00716805
6,72,1.00381,-0.000237106,-0.00706912
6,73,1.00415,-0.000254556,-0.00696022
6,74,1.0045,-0.00027098,-0.00684258
6,75,1.00484,-0.000286319,-0.00671576
6,76,1.00518,-0.000300514,-0.00658107
6,77,1.00551,-0.000313507,-0.00643809
6,78,1.00585,-0.00032524,-0.00628821
6,79,1.00618,-0.000335657,-0.00613103
6,80,1.0065,-0.000344702,-0.00596799
6,81,1.00682,-0.000352323,-0.00579872
6,82,1.00714,-0.000358468,-0.00562471
6,83,1.00746,-0.000363089,-0.00544559
6,84,1.00777,-0.000366141,-0.00526289
6,85,1.00808,-0.000367583,-0.00507623
6,86,1.00838,-0.000367378,-0.00488719
6,87,1.00868,-0.000365493,-0.00469537
6,88,1.00898,-0.000361901,-0.00450236
6,89,1.00927,-0.000356582,-0.00430775
6,90,1.00956,-0.000349521,-0.00411314
6,91,1.00984,-0.000340711,-0.00391807
6,92,1.01012,-0.00033015,-0.00372418
6,93,1.0104,-0.000317847,-0.00353093
6,94,1.01067,-0.000303815,-0.00333996
6,95,1.01093,-0.000288077,-0.0031507
6,96,1.01119,-0.000270663,-0.00296476
6,97,1.01144,-0.000251614,-0.00278151
6,98,1.01169,-0.000230976,-0.00260255
6,99,1.01193,-0.000208808,-0.00242718
6,100,1.01217,-0.00018518,-0.00225697
6,101,1.0124,-0.000160175,-0.00209114
6,102,1.01262,-0.000133897,-0.00193124
6,103,1.01284,-0.000106473,-0.00177638
6,104,1.01305,-7.80635e-05,-0.00162807
6,105,1.01325,-4.88675e-05,-0.00148529
6,106,1.01345,-1.91344e-05,-0.00134947
6,107,1.01364,1.08314e-05,-0.00121943
6,108,1.01382,4.06712e-05,-0.00109648
6,109,1.01399,6.99848e-05,-0.000979253
6,110,1.01416,9.83657e-05,-0.00086891
6,111,1.01432,0.000125466,-0.000763895
6,112,1.01447,0.000151101,-0.000665325
6,113,1.01461,0.000175395,-0.000571638
6,114,1.01474,0.000198956,-0.000484196
6,115,1.01487,0.000223037,-0.000401883
6,116,1.01498,0.000249607,-0.000326872
6,117,1.01509,0.000281201,-0.000259098
6,118,1.01519,0.000320397,-0.000201982
6,119,1.01528,0.000368749,-0.000156459
6,120,1.01536,0.000425146,-0.000126197
6,121,1.01544,0.00048376,-0.000110719
6,122,1.0155,0.000532181,-0.000109778
6,123,1.01556,0.00055081,-0.000115812
6,124,1.0156,0.000514968,-0.000118998
6,125,1.01564,0.00040151,-0.000101347
6,126,1.01567,0.000198981,-4.48175e-05
6,127,1,-0.00343474,0
7,0,1,0,0
7,1,0.983658,0.000130323,4.5053e-05
7,2,0.983679,0.00021092,0.000146591
7,3,0.983709,0.000350689,0.000245004
7,4,0.983748,0.000499611,0.000324563
7,5,0.983797,0.000633697,0.000376723
7,6,0.983857,0.000743771,0.000399933
7,7,0.983928,0.000828529,0.000395152
7,8,0.98401,0.000890507,0.000366041
7,9,0.984103,0.000933817,0.000315622
7,10,0.984208,0.000962879,0.000247644
7,11,0.984324,0.00098171,0.000164268
7,12,0.984452,0.000993581,6.79581e-05
7,13,0.984591,0.00100091,-4.03348e-05
7,14,0.984741,0.00100531,-0.000159219
7,15,0.984902,0.00100773,-0.000288473
7,16,0.985074,0.00100862,-0.000427247
7,17,0.985257,0.0010081,-0.000575555
7,18,0.98545,0.00100609,-0.0007327
7,19,0.985654,0.00100244,-0.000898654
7,20,0.985868,0.000996985,-0.00107271
7,21,0.986092,0.000989596,-0.00125469
7,22,0.986325,0.000980194,-0.00144385
7,23,0.986568,0.000968758,-0.00163988
7,24,0.986821,0.000955318,-0.00184202
7,25,0.987082,0.000939945,-0.00204984
7,26,0.987352,0.00092274,-0.00226262
7,27,0.987631,0.000903821,-0.00247984
7,28,0.987917,0.000883315,-0.00270081
7,29,0.988212,0.000861351,-0.00292496
7,30,0.988513,0.000838056,-0.00315165
7,31,0.988822,0.000813547,-0.00338023
7,32,0.989138,0.000787937,-0.00361013
7,33,0.989461,0.000761329,-0.00384063
7,34,0.989789,0.000733819,-0.00407121
7,35,0.990123,0.000705494,-0.00430108
7,36,0.990463,0.000676436,-0.00452979
7,37,0.990808,0.00064672,-0.00475648
7,38,0.991158,0.000616415,-0.00498075
7,39,0.991512,0.000585589,-0.0052017
7,40,0.99187,0.000554302,-0.00541898
7,41,0.992232,0.000522615,-0.00563163
7,42,0.992597,0.000490582,-0.00583939
7,43,0.992966,0.000458257,-0.00604126
7,44,0.993337,0.000425692,-0.00623704
7,45,0.99371,0.000392937,-0.00642572
7,46,0.994086,0.00036004,-0.00660718
7,47,0.994463,0.000327047,-0.00678039
7,48,0.994842,0.000294004,-0.00694532
7,49,0.995222,0.000260957,-0.00710094
7,50,0.995603,0.000227948,-0.00724733
7,51,0.995985,0.000195023,-0.00738346
7,52,0.996367,0.000162223,-0.00750949
7,53,0.996749,0.000129594,-0.00762445
7,54,0.99713,9.71789e-05,-0.00772859
7,55,0.997512,6.50216e-05,-0.00782097
7,56,0.997892,3.3167e-05,-0.00790195
7,57,0.998272,1.66129e-06,-0.00797064
7,58,0.998651,-2.94489e-05,-0.0080275
7,59,0.999029,-6.01153e-05,-0.0080717
7,60,0.999405,-9.02882e-05,-0.00810379
7,61,0.99978,-0.000119916,-0.00812301
7,62,1.00015,-0.000148947,-0.00813002
7,63,1.00052,-0.000177325,-0.00812411
7,64,1.00089,-0.000204994,-0.00810606
7,65,1.00126,-0.000231896,-0.00807521
7,66,1.00163,-0.00025797,-0.00803245
7,67,1.00199,-0.000283155,-0.00797717
7,68,1.00235,-0.000307388,-0.00791037
7,69,1.00271,-0.000330604,-0.0078315
7,70,1.00306,-0.000352737,-0.00774165
7,71,1.00341,-0.000373722,-0.00764032
7,72,1.00376,-0.000393491,-0.00752871
7,73,1.00411,-0.000411978,-0.00740636
7,74,1.00445,-0.000429118,-0.00727455
7,75,1.0048,-0.000444844,-0.00713288
7,76,1.00513,-0.000459094,-0.00698268
7,77,1.00547,-0.000471807,-0.00682362
7,78,1.0058,-0.000482923,-0.00665709
7,79,1.00613,-0.000492386,-0.00648277
7,80,1.00646,-0.000500146,-0.00630214
7,81,1.00678,-0.000506155,-0.00611489
7,82,1.0071,-0.000510371,-0.00592255
7,83,1.00741,-0.000512757,-0.00572482
7,84,1.00772,-0.000513283,-0.00552327
7,85,1.00803,-0.000511925,-0.00531762
7,86,1.00834,-0.000508667,-0.00510946
7,87,1.00864,-0.0005035,-0.00489849
7,88,1.00894,-0.000496423,-0.00468634
7,89,1.00923,-0.000487445,-0.00447267
7,90,1.00952,-0.00047658,-0.00425915
7,91,1.0098,-0.000463853,-0.0040454
7,92,1.01008,-0.000449297,-0.00383307
7,93,1.01036,-0.000432953,-0.00362175
7,94,1.01063,-0.000414869,-0.00341311
7,95,1.01089,-0.000395102,-0.00320665
7,96,1.01115,-0.000373713,-0.00300403
7,97,1.0114,-0.000350773,-0.00280471
7,98,1.01165,-0.000326358,-0.00261032
7,99,1.0119,-0.000300552,-0.00242024
7,100,1.01213,-0.000273448,-0.00223608
7,101,1.01236,-0.000245153,-0.00205713
7,102,1.01259,-0.000215789,-0.00188496
7,103,1.0128,-0.000185505,-0.00171877
7,104,1.01302,-0.00015448,-0.00156007
7,105,1.01322,-0.00012294,-0.00140792
7,106,1.01342,-9.11616e-05,-0.00126374
7,107,1.01361,-5.94812e-05,-0.00112642
7,108,1.01379,-2.8292e-05,-0.000997277
7,109,1.01396,1.97554e-06,-0.000874983
7,110,1.01413,3.09002e-05,-0.000760718
7,111,1.01429,5.81544e-05,-0.000652993
7,112,1.01444,8.36369e-05,-0.000552946
7,113,1.01458,0.000107654,-0.000459114
7,114,1.01471,0.000131128,-0.00037291
7,115,1.01484,0.000155791,-0.000293348
7,116,1.01495,0.000184237,-0.000222673
7,117,1.01506,0.00021971,-0.000160939
7,118,1.01516,0.000265397,-0.000111581
7,119,1.01525,0.000323062,-7.5529e-05
7,120,1.01534,0.000390967,-5.62625e-05
7,121,1.01541,0.000461347,-5.30069e-05
7,122,1.01547,0.000518202,-6.50337e-05
7,123,1.01553,0.000536847,-8.42513e-05
7,124,1.01558,0.000486991,-9.97146e-05
7,125,1.01561,0.00034097,-9.23704e-05
7,126,1.01564,8.74465e-05,-4.43927e-05
7,127,1,-0.00343474,0
8,0,1,0,0
8,1,0.983723,-0.000133986,4.39298e-05
8,2,0.983744,-6.1216e-05,0.000141732
8,3,0.983774,9.28672e-05,0.000237194
8,4,0.983814,0.000268961,0.000315006
8,5,0.983864,0.000436098,0.00036661
8,6,0.983925,0.000580459,0.000389904
8,7,0.983997,0.000698099,0.000385064
8,8,0.98408,0.000790412,0.000355075
8,9,0.984174,0.000861329,0.000302541
8,10,0.984279,0.000915596,0.000230975
8,11,0.984396,0.000957757,0.000142482
8,12,0.984524,0.000991616,3.95516e-05
8,13,0.984663,0.00102003,-7.67628e-05
8,14,0.984814,0.00104494,-0.000204964
8,15,0.984975,0.00106745,-0.000344698
8,16,0.985147,0.00108811,-0.000495007
8,17,0.98533,0.00110701,-0.000655787
8,18,0.985524,0.00112404,-0.000826258
8,19,0.985727,0.00113896,-0.00100629
8,20,0.985941,0.00115152,-0.00119511
8,21,0.986165,0.0011615,-0.00139245
8,22,0.986398,0.00116875,-0.00159752
8,23,0.986641,0.00117318,-0.00180991
8,24,0.986893,0.00117476,-0.00202883
8,25,0.987153,0.00117354,-0.00225376
8,26,0.987422,0.00116958,-0.00248393
8,27,0.9877,0.00116297,-0.00271874
8,28,0.987985,0.00115381,-0.00295747
8,29,0.988278,0.00114223,-0.00319944
8,30,0.988579,0.00112833,-0.00344398
8,31,0.988886,0.00111221,-0.00369036
8,32,0.9892,0.00109397,-0.00393796
8,33,0.98952,0.00107371,-0.00418598
8,34,0.989847,0.00105151,-0.00443386
8,35,0.990179,0.00102746,-0.00468075
8,36,0.990516,0.00100161,-0.00492614
8,37,0.990858,0.000974055,-0.00516911
8,38,0.991205,0.000944855,-0.00540922
8,39,0.991557,0.000914078,-0.0056455
8,40,0.991912,0.000881793,-0.00587757
8,41,0.992271,0.000848069,-0.00610442
8,42,0.992633,0.000812974,-0.00632575
8,43,0.992998,0.00077658,-0.00654051
8,44,0.993366,0.000738961,-0.00674847
8,45,0.993736,0.000700191,-0.00694858
8,46,0.994108,0.000660349,-0.00714069
8,47,0.994482,0.000619515,-0.00732373
8,48,0.994857,0.000577773,-0.00749766
8,49,0.995234,0.000535209,-0.00766142
8,50,0.995611,0.000491909,-0.00781506
8,51,0.995989,0.000447966,-0.00795754
8,52,0.996367,0.000403472,-0.00808902
8,53,0.996746,0.000358521,-0.00820848
8,54,0.997124,0.000313212,-0.0083162
8,55,0.997502,0.000267642,-0.00841121
8,56,0.99788,0.000221912,-0.00849387
8,57,0.998256,0.000176124,-0.00856328
8,58,0.998632,0.000130381,-0.00861992
8,59,0.999007,8.47877e-05,-0.00866294
8,60,0.99938,3.94506e-05,-0.00869292
8,61,0.999752,-5.52377e-06,-0.00870909
8,62,1.00012,-5.00275e-05,-0.00871213
8,63,1.00049,-9.39516e-05,-0.00870134
8,64,1.00086,-0.000137186,-0.00867751
8,65,1.00122,-0.000179622,-0.00864001
8,66,1.00159,-0.000221146,-0.00858972
8,67,1.00195,-0.000261648,-0.00852609
8,68,1.00231,-0.000301016,-0.00845011
8,69,1.00266,-0.000339138,-0.00836127
8,70,1.00302,-0.000375901,-0.00826068
8,71,1.00337,-0.000411194,-0.00814789
8,72,1.00372,-0.000444905,-0.00802409
8,73,1.00406,-0.000476924,-0.0078889
8,74,1.0044,-0.000507141,-0.00774358
8,75,1.00475,-0.000535448,-0.00758781
8,76,1.00508,-0.00056174,-0.00742294
8,77,1.00542,-0.000585912,-0.00724867
8,78,1.00575,-0.000607865,-0.00706644
8,79,1.00608,-0.000627501,-0.00687598
8,80,1.0064,-0.000644726,-0.00667879
8,81,1.00673,-0.000659454,-0.00647463
8,82,1.00705,-0.0006716,-0.00626505
8,83,1.00736,-0.00068109,-0.00604983
8,84,1.00767,-0.000687852,-0.00583056
8,85,1.00798,-0.000691826,-0.00560702
8,86,1.00829,-0.000692957,-0.00538085
8,87,1.00859,-0.000691202,-0.00515181
8,88,1.00889,-0.000686525,-0.00492157
8,89,1.00918,-0.000678905,-0.00468987
8,90,1.00947,-0.000668327,-0.00445839
8,91,1.00976,-0.000654792,-0.00422684
8,92,1.01004,-0.00063831,-0.00399691
8,93,1.01031,-0.000618907,-0.00376826
8,94,1.01058,-0.000596618,-0.00354258
8,95,1.01085,-0.000571492,-0.00331948
8,96,1.01111,-0.000543592,-0.00310062
8,97,1.01136,-0.000512994,-0.00288556
8,98,1.01161,-0.000479787,-0.00267595
8,99,1.01186,-0.000444076,-0.00247124
8,100,1.01209,-0.000405987,-0.00227308
8,101,1.01233,-0.000365664,-0.00208082
8,102,1.01255,-0.000323286,-0.00189606
8,103,1.01277,-0.000279065,-0.00171806
8,104,1.01298,-0.000233263,-0.00154835
8,105,1.01319,-0.000186203,-0.00138605
8,106,1.01338,-0.000138277,-0.0012326
8,107,1.01357,-8.99515e-05,-0.00108694
8,108,1.01376,-4.17646e-05,-0.000950393
8,109,1.01393,5.70391e-06,-0.000821703
8,110,1.0141,5.18916e-05,-0.000702056
8,111,1.01426,9.63586e-05,-0.000590042
8,112,1.01441,0.000138949,-0.000486819
8,113,1.01455,0.000180006,-0.000391024
8,114,1.01468,0.000220619,-0.000304106
8,115,1.01481,0.000262828,-0.000225189
8,116,1.01493,0.000309674,-0.000156543
8,117,1.01504,0.0003649,-9.82887e-05
8,118,1.01514,0.000432068,-5.37993e-05
8,119,1.01523,0.000512893,-2.39273e-05
8,120,1.01531,0.000604748,-1.1902e-05
8,121,1.01538,0.000697692,-1.66769e-05
8,122,1.01545,0.000771974,-3.70545e-05
8,123,1.0155,0.000797653,-6.4444e-05
8,124,1.01555,0.00073861,-8.76877e-05
8,125,1.01559,0.000562738,-8.71374e-05
8,126,1.01562,0.000257557,-4.17245e-05
8,127,1,-0.00343474,0
9,0,1,0,0
9,1,0.9838,0.00010329,4.19913e-05
9,2,0.983821,0.000165709,0.000135529
9,3,0.983851,0.000327013,0.000225336
9,4,0.983892,0.00051969,0.000297642
9,5,0.983942,0.000706789,0.000344284
9,6,0.984004,0.000870568,0.000362944
9,7,0.984076,0.0010048,0.000353439
9,8,0.98416,0.00110986,0.000318314
9,9,0.984254,0.00118953,0.000259824
9,10,0.98436,0.00124887,0.000181234
9,11,0.984478,0.00129301,8.4548e-05
9,12,0.984606,0.00132636,-2.77808e-05
9,13,0.984746,0.00135232,-0.00015465
9,14,0.984896,0.00137327,-0.000294499
9,15,0.985058,0.00139068,-0.000446872
9,16,0.98523,0.00140531,-0.000610726
9,17,0.985413,0.00141742,-0.000785849
9,18,0.985606,0.00142699,-0.000971386
9,19,0.98581,0.00143385,-0.00116711
9,20,0.986023,0.00143779,-0.00137218
9,21,0.986246,0.00143863,-0.00158626
9,22,0.986479,0.00143625,-0.00180849
9,23,0.986721,0.00143059,-0.0020384
9,24,0.986972,0.00142169,-0.00227513
9,25,0.987231,0.0014096,-0.0025181
9,26,0.987499,0.00139445,-0.00276647
9,27,0.987775,0.00137638,-0.0030196
9,28,0.988059,0.00135555,-0.00327669
9,29,0.988351,0.0013321,-0.003537
9,30,0.988649,0.0013062,-0.00379982
9,31,0.988954,0.001278,-0.00406434
9,32,0.989266,0.00124763,-0.0043299
9,33,0.989584,0.00121522,-0.00459562
9,34,0.989908,0.0011809,-0.00486091
9,35,0.990238,0.00114478,-0.00512483
9,36,0.990572,0.00110695,-0.00538685
9,37,0.990911,0.00106753,-0.00564598
9,38,0.991255,0.00102659,-0.00590174
9,39,0.991603,0.000984235,-0.00615311
9,40,0.991955,0.000940545,-0.00639968
9,41,0.992311,0.000895607,-0.00664038
9,42,0.992669,0.000849503,-0.00687489
9,43,0.993031,0.000802317,-0.0071021
9,44,0.993395,0.00075413,-0.00732178
9,45,0.993761,0.000705026,-0.00753281
9,46,0.994129,0.000655089,-0.00773505
9,47,0.994499,0.000604401,-0.0079274
9,48,0.994871,0.00055305,-0.00810979
9,49,0.995243,0.000501121,-0.00828114
9,50,0.995617,0.000448704,-0.0084415
9,51,0.995991,0.000395886,-0.0085898
9,52,0.996365,0.000342761,-0.00872619
9,53,0.99674,0.000289422,-0.00884967
9,54,0.997115,0.000235963,-0.00896049
9,55,0.997489,0.000182482,-0.00905769
9,56,0.997863,0.000129079,-0.00914162
9,57,0.998237,7.58554e-05,-0.00921141
9,58,0.998609,2.29157e-05,-0.0092675
9,59,0.998981,-2.96336e-05,-0.00930909
9,60,0.999351,-8.16836e-05,-0.00933675
9,61,0.99972,-0.000133123,-0.00934972
9,62,1.00009,-0.000183837,-0.0093487
9,63,1.00045,-0.000233711,-0.009333
9,64,1.00082,-0.000282626,-0.00930343
9,65,1.00118,-0.00033046,-0.00925936
9,66,1.00154,-0.000377093,-0.00920172
9,67,1.0019,-0.000422399,-0.00912996
9,68,1.00226,-0.000466254,-0.00904509
9,69,1.00261,-0.000508532,-0.00894664
9,70,1.00296,-0.000549105,-0.00883572
9,71,1.00331,-0.000587847,-0.00871194
9,72,1.00366,-0.000624633,-0.00857648
9,73,1.00401,-0.000659337,-0.00842901
9,74,1.00435,-0.000691838,-0.00827081
9,75,1.00469,-0.000722013,-0.0081016
9,76,1.00503,-0.000749748,-0.00792275
9,77,1.00536,-0.000774929,-0.00773402
9,78,1.00569,-0.00079745,-0.00753683
9,79,1.00602,-0.000817208,-0.00733101
9,80,1.00635,-0.000834109,-0.00711804
9,81,1.00667,-0.000848066,-0.00689776
9,82,1.00699,-0.000859001,-0.00667173
9,83,1.00731,-0.000866846,-0.00643978
9,84,1.00762,-0.000871541,-0.00620354
9,85,1.00793,-0.00087304,-0.00596285
9,86,1.00823,-0.000871307,-0.00571935
9,87,1.00854,-0.00086632,-0.00547289
9,88,1.00883,-0.000858069,-0.00522514
9,89,1.00913,-0.000846557,-0.00497594
9,90,1.00942,-0.000831804,-0.00472696
9,91,1.0097,-0.000813842,-0.004478
9,92,1.00999,-0.000792715,-0.00423076
9,93,1.01026,-0.000768485,-0.003985
9,94,1.01053,-0.000741224,-0.0037424
9,95,1.0108,-0.000711018,-0.00350266
9,96,1.01106,-0.000677967,-0.00326746
9,97,1.01132,-0.000642181,-0.00303643
9,98,1.01157,-0.000603785,-0.00281125
9,99,1.01181,-0.000562916,-0.00259144
9,100,1.01205,-0.000519729,-0.00237866
9,101,1.01228,-0.000474401,-0.00217235
9,102,1.01251,-0.000427137,-0.0019741
9,103,1.01273,-0.000378178,-0.00178326
9,104,1.01294,-0.000327819,-0.00160137
9,105,1.01315,-0.000276411,-0.0014276
9,106,1.01334,-0.000224382,-0.00126341
9,107,1.01353,-0.000172235,-0.00110782
9,108,1.01372,-0.000120544,-0.000962128
9,109,1.01389,-6.99128e-05,-0.000825172
9,110,1.01406,-2.09095e-05,-0.000698137
9,111,1.01422,2.60622e-05,-0.000579698
9,112,1.01437,7.09491e-05,-0.000471029
9,113,1.01451,0.000114296,-0.000370859
9,114,1.01465,0.000157518,-0.000280658
9,115,1.01478,0.000203127,-0.000199633
9,116,1.01489,0.000254754,-0.00013004
9,117,1.015,0.000316765,-7.20236e-05
9,118,1.0151,0.000393194,-2.88411e-05
9,119,1.01519,0.000485775,-1.2363e-06
9,120,1.01528,0.000591043,7.82577e-06
9,121,1.01535,0.000696921,-3.48865e-07
9,122,1.01542,0.000779934,-2.42604e-05
9,123,1.01547,0.000805001,-5.52006e-05
9,124,1.01552,0.000730237,-8.14434e-05
9,125,1.01556,0.000518702,-8.33214e-05
9,126,1.01559,0.000157309,-4.23192e-05
9,127,1,-0.00343474,0
10,0,1,0,0
10,1,0.983887,-0.000156483,4.05099e-05
10,2,0.983907,-9.8781e-05,0.000128137
10,3,0.983937,7.73627e-05,0.000210766
10,4,0.983977,0.000296416,0.000275045
10,5,0.984028,0.00051571,0.000313395
10,6,0.984089,0.000713598,0.000323736
10,7,0.984162,0.000881452,0.000305782
10,8,0.984246,0.00101842,0.000261834
10,9,0.984341,0.00112783,0.00019393
10,10,0.984448,0.00121485,0.000105137
10,11,0.984565,0.0012849,-2.64661e-06
10,12,0.984694,0.00134278,-0.000127027
10,13,0.984834,0.00139224,-0.000266881
10,14,0.984985,0.00143592,-0.000420619
10,15,0.985147,0.00147547,-0.000587701
10,16,0.985319,0.0015117,-0.000767022
10,17,0.985502,0.00154489,-0.000958276
10,18,0.985695,0.00157499,-0.00116054
10,19,0.985898,0.00160175,-0.0013735
10,20,0.986111,0.00162488,-0.00159626
10,21,0.986334,0.00164414,-0.00182839
10,22,0.986566,0.00165932,-0.00206899
10,23,0.986807,0.00167032,-0.00231751
10,24,0.987057,0.00167711,-0.00257306
10,25,0.987315,0.00167973,-0.00283496
10,26,0.987582,0.00167825,-0.00310236
10,27,0.987857,0.0016728,-0.00337451
10,28,0.988139,0.0016635,-0.00365059
10,29,0.988429,0.0016505,-0.00392978
10,30,0.988725,0.00163394,-0.00421134
10,31,0.989029,0.00161395,-0.00449437
10,32,0.989338,0.00159066,-0.00477818
10,33,0.989654,0.00156419,-0.00506183
10,34,0.989975,0.00153465,-0.00534467
10,35,0.990301,0.00150214,-0.00562572
10,36,0.990633,0.00146678,-0.0059044
10,37,0.990969,0.00142864,-0.00617966
10,38,0.99131,0.00138783,-0.006451
10,39,0.991654,0.00134445,-0.00671733
10,40,0.992003,0.00129859,-0.00697822
10,41,0.992354,0.00125035,-0.00723255
10,42,0.992709,0.00119982,-0.00747998
10,43,0.993067,0.00114713,-0.00771936
10,44,0.993427,0.00109237,-0.00795044
10,45,0.993789,0.00103566,-0.00817208
10,46,0.994153,0.000977129,-0.00838411
10,47,0.994519,0.000916889,-0.00858541
10,48,0.994886,0.000855073,-0.0087759
10,49,0.995254,0.000791815,-0.00895449
10,50,0.995624,0.000727255,-0.0091212
10,51,0.995993,0.000661536,-0.00927499
10,52,0.996364,0.000594804,-0.00941598
10,53,0.996734,0.000527211,-0.00954318
10,54,0.997105,0.000458913,-0.00965682
10,55,0.997476,0.000390066,-0.00975596
10,56,0.997846,0.000320833,-0.00984097
10,57,0.998215,0.000251377,-0.00991095
10,58,0.998584,0.000181864,-0.00996638
10,59,0.998952,0.000112462,-0.0100065
10,60,0.999319,4.33427e-05,-0.0100318
10,61,0.999685,-2.53229e-05,-0.0100416
10,62,1.00005,-9.33615e-05,-0.0100365
10,63,1.00041,-0.000160598,-0.010016
10,64,1.00078,-0.000226859,-0.00998089
10,65,1.00114,-0.000291966,-0.0099305
10,66,1.00149,-0.000355743,-0.00986577
10,67,1.00185,-0.000418015,-0.00978621
10,68,1.00221,-0.000478604,-0.00969283
10,69,1.00256,-0.000537334,-0.0095852
10,70,1.00291,-0.00059403,-0.00946443
10,71,1.00326,-0.000648519,-0.00933016
10,72,1.0036,-0.000700628,-0.0091836
10,73,1.00395,-0.000750186,-0.00902444
10,74,1.00429,-0.000797028,-0.00885399
10,75,1.00463,-0.000840988,-0.00867199
10,76,1.00497,-0.000881907,-0.00847983
10,77,1.0053,-0.000919629,-0.00827731
10,78,1.00563,-0.000954005,-0.00806588
10,79,1.00596,-0.000984891,-0.00784539
10,80,1.00629,-0.00101215,-0.00761735
10,81,1.00661,-0.00103566,-0.00738164
10,82,1.00693,-0.00105529,-0.00713982
10,83,1.00725,-0.00107093,-0.00689182
10,84,1.00756,-0.0010825,-0.00663923
10,85,1.00787,-0.0010899,-0.00638197
10,86,1.00818,-0.00109305,-0.00612169
10,87,1.00848,-0.0010919,-0.00585831
10,88,1.00878,-0.00108641,-0.0055935
10,89,1.00907,-0.00107654,-0.00532717
10,90,1.00936,-0.00106229,-0.005061
10,91,1.00965,-0.00104366,-0.00479486
10,92,1.00993,-0.00102067,-0.00453047
10,93,1.01021,-0.000993356,-0.00426764
10,94,1.01048,-0.000961788,-0.00400808
10,95,1.01075,-0.000926039,-0.00375157
10,96,1.01101,-0.000886205,-0.00349978
10,97,1.01127,-0.000842401,-0.00325244
10,98,1.01152,-0.000794763,-0.00301121
10,99,1.01177,-0.00074345,-0.00277571
10,100,1.01201,-0.000688645,-0.0025476
10,101,1.01224,-0.000630567,-0.00232639
10,102,1.01247,-0.000569472,-0.0021137
10,103,1.01269,-0.000505669,-0.00190893
10,104,1.0129,-0.000439533,-0.00171362
10,105,1.01311,-0.000371515,-0.00152704
10,106,1.0133,-0.000302156,-0.00135063
10,107,1.0135,-0.00023209,-0.00118348
10,108,1.01368,-0.00016203,-0.00102691
10,109,1.01386,-9.27242e-05,-0.000879825
10,110,1.01402,-2.4873e-05,-0.000743409
10,111,1.01419,4.1018e-05,-0.000616429
10,112,1.01434,0.000104851,-0.00050006
10,113,1.01448,0.000167214,-0.000393123
10,114,1.01462,0.00022968,-0.000297084
10,115,1.01474,0.000295044,-0.000211219
10,116,1.01486,0.000367326,-0.000137738
10,117,1.01497,0.000451294,-7.67822e-05
10,118,1.01507,0.000551228,-3.14677e-05
10,119,1.01516,0.000668659,-2.42097e-06
10,120,1.01525,0.000799089,7.6391e-06
10,121,1.01532,0.00092819,1.61897e-07
10,122,1.01539,0.00102875,-2.31254e-05
10,123,1.01544,0.00106054,-5.3433e-05
10,124,1.01549,0.000975981,-7.95324e-05
10,125,1.01553,0.000733696,-8.20385e-05
10,126,1.01556,0.000319294,-3.9732e-05
10,127,1,-0.00343474,0
11,0,1,0,0
11,1,0.983984,8.20324e-05,3.82244e-05
11,2,0.984003,0.000134157,0.000120291
11,3,0.984033,0.00031987,0.000194451
11,4,0.984073,0.000556297,0.000248921
11,5,0.984124,0.000795706,0.000276765
11,6,0.984186,0.00101319,0.000276129
11,7,0.984259,0.0011982,0.000246859
11,8,0.984344,0.00134899,0.000191197
11,9,0.984439,0.00146868,0.000111076
11,10,0.984546,0.00156262,9.43259e-06
11,11,0.984664,0.00163665,-0.000111905
11,12,0.984793,0.00169608,-0.0002506
11,13,0.984933,0.00174511,-0.000405518
11,14,0.985084,0.00178679,-0.000575054
11,15,0.985245,0.00182304,-0.000758602
11,16,0.985417,0.00185493,-0.000955009
11,17,0.9856,0.00188289,-0.00116388
11,18,0.985793,0.00190695,-0.00138425
11,19,0.985995,0.00192694,-0.0016157
11,20,0.986208,0.00194264,-0.00185729
11,21,0.98643,0.00195383,-0.00210852
11,22,0.986661,0.00196035,-0.00236844
11,23,0.986901,0.00196213,-0.00263643
11,24,0.987149,0.00195919,-0.00291154
11,25,0.987407,0.0019516,-0.00319304
11,26,0.987672,0.0019395,-0.00348004
11,27,0.987945,0.00192304,-0.0037717
11,28,0.988225,0.00190241,-0.00406718
11,29,0.988512,0.00187778,-0.0043656
11,30,0.988807,0.00184935,-0.00466614
11,31,0.989107,0.0018173,-0.00496788
11,32,0.989414,0.00178178,-0.00527006
11,33,0.989727,0.00174297,-0.00557168
11,34,0.990045,0.00170099,-0.00587208
11,35,0.990368,0.00165601,-0.00617019
11,36,0.990697,0.00160813,-0.0064654
11,37,0.991029,0.0015575,-0.00675662
11,38,0.991366,0.00150423,-0.00704332
11,39,0.991707,0.00144844,-0.00732436
11,40,0.992051,0.00139025,-0.00759927
11,41,0.992399,0.00132978,-0.00786691
11,42,0.992749,0.00126715,-0.00812691
11,43,0.993102,0.00120247,-0.0083781
11,44,0.993458,0.00113588,-0.00862019
11,45,0.993816,0.0010675,-0.00885203
11,46,0.994175,0.00099745,-0.00907344
11,47,0.994537,0.000925873,-0.00928328
11,48,0.994899,0.000852904,-0.00948147
11,49,0.995263,0.00077868,-0.00966689
11,50,0.995628,0.000703346,-0.00983959
11,51,0.995993,0.000627049,-0.0099985
11,52,0.996359,0.000549939,-0.0101437
11,53,0.996726,0.000472171,-0.0102743
11,54,0.997092,0.000393903,-0.0103905
11,55,0.997458,0.000315296,-0.0104914
11,56,0.997824,0.000236516,-0.0105772
11,57,0.99819,0.000157732,-0.0106473
11,58,0.998555,7.91142e-05,-0.0107019
11,59,0.99892,8.38778e-07,-0.0107404
11,60,0.999283,-7.69164e-05,-0.0107633
11,61,0.999646,-0.00015397,-0.01077
11,62,1.00001,-0.000230138,-0.010761
11,63,1.00037,-0.000305233,-0.0107359
11,64,1.00073,-0.000379068,-0.0106954
11,65,1.00109,-0.00045145,-0.0106389
11,66,1.00144,-0.000522187,-0.0105674
11,67,1.0018,-0.000591085,-0.0104804
11,68,1.00215,-0.000657949,-0.0103789
11,69,1.0025,-0.000722584,-0.0102625
11,70,1.00285,-0.000784796,-0.0101324
11,71,1.0032,-0.00084439,-0.00998813
11,72,1.00354,-0.000901175,-0.00983103
11,73,1.00389,-0.000954961,-0.0096608
11,74,1.00423,-0.00100556,-0.00947871
11,75,1.00457,-0.0010528,-0.00928459
11,76,1.0049,-0.0010965,-0.00907979
11,77,1.00524,-0.00113648,-0.00886419
11,78,1.00557,-0.0011726,-0.0086392
11,79,1.0059,-0.00120469,-0.00840476
11,80,1.00622,-0.00123261,-0.00816234
11,81,1.00654,-0.00125624,-0.00791191
11,82,1.00686,-0.00127545,-0.007655
11,83,1.00718,-0.00129014,-0.0073916
11,84,1.0075,-0.00130022,-0.0071233
11,85,1.00781,-0.0013056,-0.00685009
11,86,1.00811,-0.00130625,-0.0065736
11,87,1.00842,-0.00130211,-0.00629383
11,88,1.00872,-0.00129316,-0.00601243
11,89,1.00901,-0.0012794,-0.00572939
11,90,1.0093,-0.00126085,-0.00544638
11,91,1.00959,-0.00123756,-0.00516336
11,92,1.00987,-0.00120956,-0.00488202
11,93,1.01015,-0.00117695,-0.00460227
11,94,1.01043,-0.00113983,-0.0043258
11,95,1.01069,-0.0010983,-0.00405246
11,96,1.01096,-0.00105251,-0.00378396
11,97,1.01122,-0.00100262,-0.00352007
11,98,1.01147,-0.000948781,-0.00326245
11,99,1.01171,-0.000891209,-0.00301083
11,100,1.01195,-0.00083012,-0.00276684
11,101,1.01219,-0.000765767,-0.00253009
11,102,1.01242,-0.000698443,-0.00230217
11,103,1.01264,-0.000628492,-0.00208259
11,104,1.01285,-0.000556323,-0.00187287
11,105,1.01306,-0.000482426,-0.00167237
11,106,1.01326,-0.00040738,-0.00148251
11,107,1.01345,-0.000331857,-0.00130248
11,108,1.01364,-0.000256605,-0.00113358
11,109,1.01381,-0.000182393,-0.000974805
11,110,1.01398,-0.000109923,-0.000827333
11,111,1.01414,-3.96574e-05,-0.000690019
11,112,1.0143,2.84115e-05,-0.000564036
11,113,1.01444,9.50672e-05,-0.000448289
11,114,1.01458,0.000162193,-0.000344224
11,115,1.0147,0.000233012,-0.000251175
11,116,1.01482,0.000312064,-0.000171286
11,117,1.01493,0.000404643,-0.000104686
11,118,1.01503,0.000515385,-5.43416e-05
11,119,1.01513,0.00064573,-2.07869e-05
11,120,1.01521,0.000790287,-6.54161e-06
11,121,1.01528,0.000932634,-1.00633e-05
11,122,1.01535,0.00104202,-2.95962e-05
11,123,1.01541,0.00107337,-5.66529e-05
11,124,1.01545,0.000973678,-7.98572e-05
11,125,1.01549,0.00069693,-8.04166e-05
11,126,1.01552,0.000227992,-4.08528e-05
11,127,1,-0.00343474,0
12,0,1,0,0
12,1,0.984091,-0.000171827,3.65731e-05
12,2,0.984108,-0.000118671,0.000111842
12,3,0.984137,8.55018e-05,0.000177149
12,4,0.984177,0.000350387,0.000220853
12,5,0.984228,0.000623173,0.000236675
12,6,0.984289,0.000875595,0.000223255
12,7,0.984363,0.0010951,0.000180646
12,8,0.984447,0.00127886,0.000111144
12,9,0.984543,0.00142963,1.66882e-05
12,10,0.984649,0.00155279,-9.98421e-05
12,11,0.984767,0.0016544,-0.000236646
12,12,0.984897,0.00174006,-0.000391427
12,13,0.985037,0.00181426,-0.000563031
12,14,0.985188,0.00188025,-0.000749842
12,15,0.985349,0.00194008,-0.000951198
12,16,0.985521,0.00199489,-0.0011659
12,17,0.985703,0.0020451,-0.00139349
12,18,0.985896,0.00209071,-0.00163293
12,19,0.986098,0.0021315,-0.00188375
12,20,0.98631,0.00216716,-0.00214495
12,21,0.986531,0.0021974,-0.00241595
12,22,0.986761,0.00222202,-0.00269576
12,23,0.987,0.00224087,-0.0029837
12,24,0.987248,0.00225394,-0.00327877
12,25,0.987504,0.00226126,-0.00358018
12,26,0.987767,0.00226291,-0.00388699
12,27,0.988038,0.00225905,-0.00419832
12,28,0.988317,0.00224983,-0.00451327
12,29,0.988602,0.00223542,-0.0048309
12,30,0.988894,0.00221599,-0.00515036
12,31,0.989192,0.00219169,-0.00547066
12,32,0.989496,0.0021627,-0.00579101
12,33,0.989806,0.00212915,-0.00611036
12,34,0.990121,0.00209118,-0.00642799
12,35,0.990441,0.00204894,-0.0067428
12,36,0.990765,0.00200255,-0.00705416
12,37,0.991094,0.00195214,-0.0073609
12,38,0.991427,0.00189784,-0.00766248
12,39,0.991764,0.00183978,-0.00795771
12,40,0.992104,0.00177809,-0.00824612
12,41,0.992447,0.00171291,-0.00852652
12,42,0.992793,0.00164439,-0.00879852
12,43,0.993142,0.00157266,-0.00906093
12,44,0.993493,0.0014979,-0.00931346
12,45,0.993846,0.00142026,-0.00955492
12,46,0.994201,0.00133992,-0.00978514
12,47,0.994557,0.00125705,-0.010003
12,48,0.994915,0.00117185,-0.0102083
12,49,0.995274,0.0010845,-0.0104
12,50,0.995634,0.0009952,-0.0105782
12,51,0.995994,0.000904168,-0.0107418
12,52,0.996356,0.000811612,-0.0108908
12,53,0.996717,0.000717748,-0.0110245
12,54,0.997079,0.000622802,-0.0111428
12,55,0.997441,0.000527,-0.0112451
12,56,0.997803,0.000430573,-0.0113316
12,57,0.998164,0.000333758,-0.0114014
12,58,0.998525,0.000236792,-0.0114551
12,59,0.998886,0.000139916,-0.0114919
12,60,0.999246,4.33726e-05,-0.0115124
12,61,0.999605,-5.25929e-05,-0.011516
12,62,0.999963,-0.000147735,-0.0115032
12,63,1.00032,-0.000241806,-0.0114735
12,64,1.00068,-0.000334558,-0.0114278
12,65,1.00103,-0.000425743,-0.0113655
12,66,1.00139,-0.000515114,-0.0112875
12,67,1.00174,-0.000602422,-0.0111934
12,68,1.00209,-0.000687422,-0.0110842
12,69,1.00244,-0.000769868,-0.0109596
12,70,1.00279,-0.000849518,-0.0108206
12,71,1.00313,-0.00092613,-0.010667
12,72,1.00348,-0.000999467,-0.0105
12,73,1.00382,-0.0010693,-0.0103193
12,74,1.00416,-0.00113539,-0.0101263
12,75,1.0045,-0.00119751,-0.00992074
12,76,1.00483,-0.00125546,-0.00970404
12,77,1.00516,-0.00130902,-0.00947609
12,78,1.0055,-0.00135799,-0.00923833
12,79,1.00582,-0.00140216,-0.0089907
12,80,1.00615,-0.00144137,-0.00873469
12,81,1.00647,-0.00147544,-0.0084703
12,82,1.00679,-0.0015042,-0.00819906
12,83,1.00711,-0.00152751,-0.00792102
12,84,1.00743,-0.00154525,-0.00763774
12,85,1.00774,-0.00155729,-0.00734928
12,86,1.00805,-0.00156354,-0.00705727
12,87,1.00835,-0.00156392,-0.00676173
12,88,1.00865,-0.00155837,-0.00646435
12,89,1.00895,-0.00154687,-0.00616514
12,90,1.00924,-0.00152939,-0.0058658
12,91,1.00953,-0.00150594,-0.00556632
12,92,1.00981,-0.00147655,-0.00526841
12,93,1.01009,-0.00144128,-0.00497204
12,94,1.01037,-0.00140021,-0.0046789
12,95,1.01064,-0.00135345,-0.00438891
12,96,1.0109,-0.00130112,-0.00410376
12,97,1.01116,-0.00124338,-0.00382331
12,98,1.01141,-0.00118041,-0.00354922
12,99,1.01166,-0.00111242,-0.00328129
12,100,1.0119,-0.00103966,-0.00302115
12,101,1.01214,-0.000962425,-0.00276848
12,102,1.01237,-0.000881048,-0.00252488
12,103,1.01259,-0.00079594,-0.00228993
12,104,1.0128,-0.00070759,-0.00206515
12,105,1.01301,-0.000616582,-0.00184997
12,106,1.01321,-0.000523606,-0.00164582
12,107,1.01341,-0.000429462,-0.00145196
12,108,1.01359,-0.000335031,-0.00126969
12,109,1.01377,-0.000241226,-0.00109808
12,110,1.01394,-0.000148874,-0.000938317
12,111,1.0141,-5.85392e-05,-0.000789332
12,112,1.01426,2.9738e-05,-0.000652291
12,113,1.0144,0.000116772,-0.000526178
12,114,1.01454,0.000204578,-0.000412415
12,115,1.01467,0.000296619,-0.000310383
12,116,1.01478,0.000397755,-0.000222156
12,117,1.01489,0.000513602,-0.000147853
12,118,1.015,0.00064895,-9.03006e-05
12,119,1.01509,0.000804981,-4.997e-05
12,120,1.01517,0.000975279,-2.92309e-05
12,121,1.01525,0.00114129,-2.65806e-05
12,122,1.01531,0.00126876,-4.02709e-05
12,123,1.01537,0.00130784,-6.2033e-05
12,124,1.01542,0.00120016,-8.1406e-05
12,125,1.01546,0.00089545,-8.02083e-05
12,126,1.01548,0.000377108,-3.79152e-05
12,127,1,-0.00343474,0
13,0,1,0,0
13,1,0.984207,6.80044e-05,3.40949e-05
13,2,0.984224,0.000121806,0.000103421
13,3,0.984252,0.000339918,0.000159353
13,4,0.984291,0.000625069,0.000191681
13,5,0.984342,0.000919849,0.000194726
13,6,0.984404,0.00119316,0.000167451
13,7,0.984477,0.00143089,0.00011023
13,8,0.984562,0.00162954,2.55068e-05
13,9,0.984657,0.00179173,-8.4703e-05
13,10,0.984764,0.00192308,-0.000217515
13,11,0.984882,0.00203005,-0.000371112
13,12,0.985012,0.00211868,-0.000543207
13,13,0.985152,0.00219387,-0.000732615
13,14,0.985302,0.00225922,-0.000937706
13,15,0.985464,0.00231708,-0.00115776
13,16,0.985635,0.00236876,-0.00139154
13,17,0.985817,0.00241485,-0.00163851
13,18,0.986009,0.00245544,-0.00189759
13,19,0.98621,0.00249039,-0.00216824
13,20,0.986421,0.00251944,-0.00244943
13,21,0.986641,0.00254235,-0.00274049
13,22,0.98687,0.00255894,-0.0030404
13,23,0.987108,0.00256913,-0.00334839
13,24,0.987354,0.00257293,-0.00366346
13,25,0.987607,0.00257042,-0.00398474
13,26,0.987869,0.00256173,-0.00431125
13,27,0.988138,0.00254706,-0.00464205
13,28,0.988414,0.0025266,-0.00497621
13,29,0.988697,0.00250057,-0.00531273
13,30,0.988986,0.00246917,-0.00565073
13,31,0.989281,0.00243263,-0.00598914
13,32,0.989582,0.00239113,-0.00632718
13,33,0.989888,0.00234486,-0.0066637
13,34,0.990199,0.00229399,-0.00699799
13,35,0.990515,0.00223871,-0.00732887
13,36,0.990836,0.00217916,-0.0076557
13,37,0.991161,0.00211551,-0.00797727
13,38,0.991489,0.00204792,-0.00829301
13,39,0.991822,0.00197655,-0.0086017
13,40,0.992157,0.00190154,-0.00890286
13,41,0.992496,0.00182307,-0.00919525
13,42,0.992837,0.0017413,-0.00947849
13,43,0.993181,0.0016564,-0.00975136
13,44,0.993527,0.00156854,-0.0100136
13,45,0.993875,0.00147791,-0.0102639
13,46,0.994224,0.00138468,-0.0105022
13,47,0.994576,0.00128906,-0.0107273
13,48,0.994928,0.00119123,-0.0109391
13,49,0.995282,0.0010914,-0.0111365
13,50,0.995637,0.000989779,-0.0113195
13,51,0.995993,0.000886585,-0.0114872
13,52,0.996349,0.000782035,-0.0116396
13,53,0.996706,0.000676355,-0.0117757
13,54,0.997063,0.000569774,-0.0118959
13,55,0.99742,0.000462527,-0.0119991
13,56,0.997777,0.000354852,-0.0120859
13,57,0.998135,0.000246993,-0.0121553
13,58,0.998491,0.000139197,-0.0122079
13,59,0.998848,3.17141e-05,-0.0122429
13,60,0.999204,-7.5201e-05,-0.0122609
13,61,0.99956,-0.000181291,-0.0122613
13,62,0.999915,-0.000286296,-0.0122448
13,63,1.00027,-0.000389954,-0.0122108
13,64,1.00062,-0.000491999,-0.0121601
13,65,1.00097,-0.000592166,-0.0120922
13,66,1.00133,-0.000690186,-0.0120081
13,67,1.00168,-0.000785791,-0.0119073
13,68,1.00202,-0.000878713,-0.0117908
13,69,1.00237,-0.000968683,-0.0116584
13,70,1.00272,-0.00105544,-0.0115112
13,71,1.00306,-0.00113871,-0.0113488
13,72,1.0034,-0.00121823,-0.0111725
13,73,1.00374,-0.00129376,-0.010982
13,74,1.00408,-0.00136503,-0.0107788
13,75,1.00442,-0.00143181,-0.0105626
13,76,1.00476,-0.00149385,-0.0103348
13,77,1.00509,-0.00155092,-0.0100953
13,78,1.00542,-0.00160281,-0.0098456
13,79,1.00575,-0.00164931,-0.00958564
13,80,1.00608,-0.00169022,-0.00931689
13,81,1.0064,-0.00172537,-0.00903941
13,82,1.00672,-0.00175459,-0.00875471
13,83,1.00704,-0.00177773,-0.00846287
13,84,1.00735,-0.00179467,-0.00816547
13,85,1.00766,-0.00180531,-0.00786258
13,86,1.00797,-0.00180956,-0.00755584
13,87,1.00828,-0.00180735,-0.00724532
13,88,1.00858,-0.00179865,-0.00693269
13,89,1.00888,-0.00178346,-0.00661802
13,90,1.00917,-0.00176178,-0.006303
13,91,1.00946,-0.00173366,-0.00598768
13,92,1.00975,-0.00169916,-0.00567376
13,93,1.01003,-0.00165838,-0.00536127
13,94,1.0103,-0.00161143,-0.00505189
13,95,1.01057,-0.00155848,-0.00474562
13,96,1.01084,-0.00149967,-0.00444414
13,97,1.0111,-0.00143523,-0.00414737
13,98,1.01135,-0.00136536,-0.00385699
13,99,1.0116,-0.00129033,-0.00357284
13,100,1.01184,-0.00121043,-0.00329655
13,101,1.01208,-0.00112598,-0.0030279
13,102,1.01231,-0.00103736,-0.00276848
13,103,1.01253,-0.000945037,-0.00251793
13,104,1.01275,-0.000849527,-0.00227777
13,105,1.01296,-0.000751458,-0.00204752
13,106,1.01316,-0.000651564,-0.0018286
13,107,1.01335,-0.000550683,-0.00162036
13,108,1.01354,-0.000449734,-0.00142407
13,109,1.01372,-0.000349649,-0.00123891
13,110,1.01389,-0.000251257,-0.00106604
13,111,1.01405,-0.000155081,-0.000904489
13,112,1.01421,-6.10629e-05,-0.00075541
13,113,1.01435,3.17939e-05,-0.000617864
13,114,1.01449,0.000125783,-0.00049324
13,115,1.01462,0.000224752,-0.000380972
13,116,1.01474,0.000334019,-0.000283059
13,117,1.01485,0.000459653,-0.000199625
13,118,1.01495,0.000606742,-0.000133372
13,119,1.01504,0.000776361,-8.47524e-05
13,120,1.01513,0.00096127,-5.60408e-05
13,121,1.0152,0.00114102,-4.5799e-05
13,122,1.01527,0.00127815,-5.24484e-05
13,123,1.01532,0.0013184,-6.82637e-05
13,124,1.01537,0.0011983,-8.27593e-05
13,125,1.01541,0.000863112,-7.84863e-05
13,126,1.01544,0.00029507,-3.91894e-05
13,127,1,-0.00343474,0
14,0,1,0,0
14,1,0.984331,-0.000179574,3.23682e-05
14,2,0.984347,-0.000118363,9.46934e-05
14,3,0.984374,0.000123068,0.000141473
14,4,0.984413,0.000440237,0.000162347
14,5,0.984463,0.000770944,0.000152205
14,6,0.984525,0.00108107,0.000110533
14,7,0.984598,0.00135475,3.80088e-05
14,8,0.984682,0.00158765,-6.27409e-05
14,9,0.984778,0.00178215,-0.000189556
14,10,0.984884,0.00194394,-0.000339499
14,11,0.985002,0.00207971,-0.000510697
14,12,0.985132,0.00219577,-0.000700846
14,13,0.985271,0.00229728,-0.000908715
14,14,0.985422,0.00238802,-0.00113265
14,15,0.985583,0.00247044,-0.00137186
14,16,0.985754,0.0025459,-0.00162508
14,17,0.985936,0.00261499,-0.00189171
14,18,0.986127,0.00267776,-0.00217062
14,19,0.986327,0.00273401,-0.0024612
14,20,0.986537,0.00278343,-0.00276237
14,21,0.986757,0.00282569,-0.00307341
14,22,0.986984,0.00286057,-0.00339325
14,23,0.987221,0.00288793,-0.00372107
14,24,0.987465,0.00290773,-0.00405582
14,25,0.987717,0.00292002,-0.00439658
14,26,0.987977,0.0029249,-0.00474234
14,27,0.988243,0.00292253,-0.0050921
14,28,0.988517,0.0029131,-0.00544489
14,29,0.988797,0.0028968,-0.00579966
14,30,0.989083,0.00287383,-0.00615551
14,31,0.989375,0.00284437,-0.0065113
14,32,0.989673,0.00280863,-0.00686623
14,33,0.989976,0.00276677,-0.00721911
14,34,0.990284,0.00271897,-0.0075692
14,35,0.990596,0.0026654,-0.00791527
14,36,0.990912,0.00260623,-0.00825667
14,37,0.991233,0.00254161,-0.00859214
14,38,0.991557,0.00247173,-0.0089211
14,39,0.991885,0.00239674,-0.0092423
14,40,0.992215,0.00231684,-0.00955525
14,41,0.992549,0.00223221,-0.0098587
14,42,0.992885,0.00214304,-0.0101522
14,43,0.993224,0.00204953,-0.0104346
14,44,0.993564,0.00195191,-0.0107056
14,45,0.993907,0.00185039,-0.0109639
14,46,0.994251,0.00174521,-0.0112095
14,47,0.994597,0.00163662,-0.011441
14,48,0.994945,0.00152487,-0.0116585
14,49,0.995293,0.00141021,-0.0118609
14,50,0.995643,0.00129294,-0.0120481
14,51,0.995993,0.00117331,-0.0122192
14,52,0.996344,0.00105162,-0.0123743
14,53,0.996696,0.000928174,-0.0125124
14,54,0.997048,0.000803257,-0.0126339
14,55,0.9974,0.000677178,-0.0127378
14,56,0.997752,0.000550248,-0.0128246
14,57,0.998105,0.000422778,-0.0128933
14,58,0.998457,0.000295084,-0.0129446
14,59,0.998809,0.000167487,-0.0129777
14,60,0.999161,4.03047e-05,-0.0129932
14,61,0.999513,-8.61388e-05,-0.0129905
14,62,0.999864,-0.000211521,-0.0129703
14,63,1.00021,-0.000335519,-0.0129321
14,64,1.00056,-0.000457808,-0.0128767
14,65,1.00091,-0.000578065,-0.0128036
14,66,1.00126,-0.000695969,-0.0127137
14,67,1.00161,-0.000811198,-0.0126066
14,68,1.00196,-0.000923434,-0.0124834
14,69,1.0023,-0.00103236,-0.0123439
14,70,1.00264,-0.00113766,-0.0121889
14,71,1.00299,-0.00123904,-0.0120184
14,72,1.00333,-0.00133617,-0.0118336
14,73,1.00367,-0.00142877,-0.0116342
14,74,1.00401,-0.00151655,-0.0114215
14,75,1.00434,-0.0015992,-0.0111955
14,76,1.00468,-0.00167647,-0.0109574
14,77,1.00501,-0.00174807,-0.0107074
14,78,1.00534,-0.00181375,-0.0104466
14,79,1.00567,-0.00187327,-0.0101753
14,80,1.006,-0.00192638,-0.00989474
14,81,1.00632,-0.00197288,-0.00960513
14,82,1.00664,-0.00201256,-0.00930792
14,83,1.00696,-0.00204523,-0.00900326
14,84,1.00727,-0.00207073,-0.00869267
14,85,1.00759,-0.00208891,-0.0083763
14,86,1.0079,-0.00209965,-0.00805574
14,87,1.0082,-0.00210284,-0.00773114
14,88,1.00851,-0.00209842,-0.00740412
14,89,1.0088,-0.00208633,-0.00707483
14,90,1.0091,-0.00206655,-0.00674493
14,91,1.00939,-0.00203909,-0.00641453
14,92,1.00968,-0.002004,-0.00608531
14,93,1.00996,-0.00196133,-0.00575737
14,94,1.01023,-0.00191118,-0.00543238
14,95,1.01051,-0.00185368,-0.00511039
14,96,1.01077,-0.00178899,-0.00479308
14,97,1.01104,-0.00171731,-0.00448044
14,98,1.01129,-0.00163885,-0.00417412
14,99,1.01154,-0.00155389,-0.00387407
14,100,1.01178,-0.00146273,-0.00358189
14,101,1.01202,-0.00136572,-0.00329745
14,102,1.01225,-0.00126331,-0.0030223
14,103,1.01248,-0.00115599,-0.0027562
14,104,1.0127,-0.00104437,-0.00250064
14,105,1.01291,-0.000929161,-0.00225523
14,106,1.01311,-0.000811203,-0.00202137
14,107,1.0133,-0.000691458,-0.0017985
14,108,1.01349,-0.000570975,-0.00158789
14,109,1.01367,-0.000450825,-0.0013888
14,110,1.01384,-0.000331965,-0.00120239
14,111,1.01401,-0.00021502,-0.00102777
14,112,1.01416,-9.99869e-05,-0.00086607
14,113,1.01431,1.41436e-05,-0.000716443
14,114,1.01444,0.000129771,-0.000580242
14,115,1.01457,0.00025094,-0.000456958
14,116,1.01469,0.000383244,-0.000348523
14,117,1.0148,0.00053302,-0.000255078
14,118,1.01491,0.000705484,-0.000179229
14,119,1.015,0.000901462,-0.000121434
14,120,1.01508,0.00111279,-8.39163e-05
14,121,1.01516,0.00131709,-6.54093e-05
14,122,1.01523,0.00147375,-6.44754e-05
14,123,1.01528,0.00152405,-7.37301e-05
14,124,1.01533,0.00139948,-8.37661e-05
14,125,1.01537,0.00104098,-7.77483e-05
14,126,1.01539,0.000428821,-3.56886e-05
14,127,1,-0.00343474,0
15,0,1,0,0
15,1,0.984465,6.11102e-05,2.97851e-05
15,2,0.98448,0.000129222,8.6225e-05
15,3,0.984507,0.000389556,0.000123701
15,4,0.984546,0.000730784,0.000133125
15,5,0.984596,0.00108632,0.000109864
15,6,0.984657,0.00141945,5.36946e-05
15,7,0.98473,0.00171299,-3.43466e-05
15,8,0.984814,0.00196213,-0.000151409
15,9,0.98491,0.00216925,-0.000295167
15,10,0.985016,0.00234036,-0.000462593
15,11,0.985134,0.00248259,-0.000651725
15,12,0.985263,0.0026027,-0.00086022
15,13,0.985403,0.00270624,-0.00108678
15,14,0.985553,0.00279734,-0.00132971
15,15,0.985713,0.00287869,-0.00158817
15,16,0.985884,0.00295188,-0.00186084
15,17,0.986064,0.00301761,-0.00214704
15,18,0.986255,0.00307605,-0.00244563
15,19,0.986454,0.00312706,-0.0027559
15,20,0.986663,0.00317038,-0.00307675
15,21,0.986881,0.00320574,-0.00340738
15,22,0.987107,0.00323296,-0.00374671
15,23,0.987341,0.00325194,-0.00409384
15,24,0.987583,0.00326267,-0.00444769
15,25,0.987833,0.00326526,-0.00480729
15,26,0.988091,0.00325985,-0.00517159
15,27,0.988355,0.00324665,-0.00553955
15,28,0.988625,0.00322588,-0.00591017
15,29,0.988902,0.00319777,-0.00628233
15,30,0.989185,0.00316258,-0.00665513
15,31,0.989474,0.00312053,-0.00702737
15,32,0.989768,0.00307186,-0.00739823
15,33,0.990067,0.00301678,-0.00776647
15,34,0.99037,0.00295551,-0.00813132
15,35,0.990678,0.00288825,-0.00849154
15,36,0.99099,0.0028152,-0.00884644
15,37,0.991306,0.00273656,-0.00919475
15,38,0.991625,0.00265253,-0.00953587
15,39,0.991948,0.00256332,-0.00986852
15,40,0.992273,0.00246913,-0.0101922
15,41,0.992602,0.00237018,-0.0105056
15,42,0.992932,0.00226669,-0.0108085
15,43,0.993266,0.00215888,-0.0110994
15,44,0.993601,0.00204699,-0.0113782
15,45,0.993938,0.00193127,-0.0116436
15,46,0.994277,0.00181196,-0.0118954
15,47,0.994617,0.00168933,-0.0121326
15,48,0.994959,0.00156364,-0.0123549
15,49,0.995302,0.00143518,-0.0125615
15,50,0.995645,0.00130421,-0.0127522
15,51,0.99599,0.00117105,-0.0129261
15,52,0.996336,0.00103597,-0.0130834
15,53,0.996682,0.000899283,-0.013223
15,54,0.997029,0.000761299,-0.0133454
15,55,0.997376,0.000622329,-0.0134496
15,56,0.997724,0.000482692,-0.013536
15,57,0.998071,0.00034271,-0.0136039
15,58,0.998419,0.000202711,-0.0136537
15,59,0.998767,6.30228e-05,-0.0136848
15,60,0.999115,-7.60199e-05,-0.0136978
15,61,0.999462,-0.000214081,-0.0136922
15,62,0.99981,-0.000350822,-0.0136685
15,63,1.00016,-0.000485901,-0.0136263
15,64,1.0005,-0.000618978,-0.0135664
15,65,1.00085,-0.000749707,-0.0134884
15,66,1.00119,-0.000877746,-0.0133932
15,67,1.00154,-0.00100275,-0.0132804
15,68,1.00188,-0.00112437,-0.0131511
15,69,1.00223,-0.00124228,-0.0130049
15,70,1.00257,-0.00135612,-0.012843
15,71,1.00291,-0.00146557,-0.0126651
15,72,1.00325,-0.00157029,-0.0124725
15,73,1.00359,-0.00166995,-0.012265
15,74,1.00392,-0.00176424,-0.0120437
15,75,1.00426,-0.00185284,-0.0118088
15,76,1.00459,-0.00193546,-0.0115615
15,77,1.00493,-0.00201179,-0.0113018
15,78,1.00526,-0.00208156,-0.011031
15,79,1.00558,-0.00214451,-0.0107493
15,80,1.00591,-0.00220039,-0.010458
15,81,1.00624,-0.00224896,-0.0101573
15,82,1.00656,-0.00229002,-0.00984861
15,83,1.00688,-0.00232337,-0.00953214
15,84,1.00719,-0.00234886,-0.0092094
15,85,1.0075,-0.00236632,-0.00888057
15,86,1.00781,-0.00237567,-0.0085472
15,87,1.00812,-0.00237679,-0.0082095
15,88,1.00843,-0.00236965,-0.00786907
15,89,1.00872,-0.00235421,-0.0075261
15,90,1.00902,-0.00233049,-0.00718222
15,91,1.00931,-0.00229851,-0.00683762
15,92,1.0096,-0.00225835,-0.00649393
15,93,1.00988,-0.00221013,-0.00615133
15,94,1.01016,-0.00215397,-0.00581146
15,95,1.01043,-0.00209005,-0.00547446
15,96,1.0107,-0.00201857,-0.00514196
15,97,1.01096,-0.00193977,-0.00481404
15,98,1.01122,-0.00185393,-0.00449234
15,99,1.01147,-0.00176135,-0.00417686
15,100,1.01172,-0.00166239,-0.00386922
15,101,1.01196,-0.00155746,-0.00356934
15,102,1.01219,-0.00144702,-0.00327878
15,103,1.01241,-0.00133164,-0.00299736
15,104,1.01263,-0.00121196,-0.00272658
15,105,1.01284,-0.00108874,-0.00246613
15,106,1.01305,-0.000962859,-0.0022174
15,107,1.01324,-0.000835332,-0.00197991
15,108,1.01343,-0.000707243,-0.00175493
15,109,1.01361,-0.000579686,-0.0015418
15,110,1.01378,-0.000453619,-0.00134168
15,111,1.01395,-0.000329632,-0.00115376
15,112,1.0141,-0.000207631,-0.000979167
15,113,1.01425,-8.64412e-05,-0.00081713
15,114,1.01439,3.65918e-05,-0.000668973
15,115,1.01452,0.000165862,-0.000534252
15,116,1.01464,0.000307375,-0.000414841
15,117,1.01475,0.000467889,-0.000310917
15,118,1.01485,0.000652898,-0.000225003
15,119,1.01495,0.00086317,-0.000157607
15,120,1.01503,0.00108985,-0.000110933
15,121,1.01511,0.00130891,-8.38737e-05
15,122,1.01517,0.00147688,-7.52558e-05
15,123,1.01523,0.00153102,-7.83313e-05
15,124,1.01527,0.00139797,-8.36198e-05
15,125,1.01531,0.0010141,-7.49612e-05
15,126,1.01534,0.000357762,-3.69534e-05
15,127,1,-0.00343474,0
16,0,1,0,0
16,1,0.984607,-0.00018037,2.80198e-05
16,2,0.984621,-9.883e-05,7.75743e-05
16,3,0.984647,0.000189842,0.000106248
16,4,0.984685,0.000567133,0.00010457
16,5,0.984734,0.000961762,6.83567e-05
16,6,0.984795,0.00133416,-2.14536e-06
16,7,0.984867,0.00166558,-0.000105596
16,8,0.984951,0.00195054,-0.000238927
16,9,0.985046,0.0021913,-0.000399612
16,10,0.985153,0.00239401,-0.000584513
16,11,0.985271,0.00256609,-0.000791558
16,12,0.985399,0.00271457,-0.00101834
16,13,0.985538,0.00284528,-0.00126349
16,14,0.985688,0.00296251,-0.00152526
16,15,0.985848,0.00306906,-0.00180274
16,16,0.986018,0.00316656,-0.00209456
16,17,0.986198,0.00325571,-0.00239998
16,18,0.986387,0.00333664,-0.0027178
16,19,0.986586,0.00340916,-0.00304727
16,20,0.986793,0.00347294,-0.00338722
16,21,0.98701,0.00352767,-0.00373682
16,22,0.987234,0.0035731,-0.00409494
16,23,0.987467,0.00360908,-0.00446062
16,24,0.987708,0.00363557,-0.00483277
16,25,0.987955,0.00365262,-0.00521034
16,26,0.98821,0.00366035,-0.00559228
16,27,0.988472,0.00365896,-0.00597747
16,28,0.98874,0.00364863,-0.00636491
16,29,0.989014,0.00362959,-0.00675343
16,30,0.989293,0.00360207,-0.0071421
16,31,0.989579,0.0035663,-0.00752968
16,32,0.989869,0.00352249,-0.00791533
16,33,0.990164,0.00347085,-0.00829778
16,34,0.990463,0.0034116,-0.00867625
16,35,0.990766,0.00334495,-0.00904945
16,36,0.991074,0.0032711,-0.00941668
16,37,0.991385,0.00319026,-0.00977665
16,38,0.991699,0.00310265,-0.0101288
16,39,0.992017,0.0030085,-0.0104717
16,40,0.992337,0.00290803,-0.010805
16,41,0.99266,0.0028015,-0.0111273
16,42,0.992985,0.00268916,-0.0114383
16,43,0.993312,0.00257127,-0.0117368
16,44,0.993642,0.00244813,-0.0120223
16,45,0.993973,0.00232002,-0.0122939
16,46,0.994306,0.00218724,-0.0125511
16,47,0.99464,0.00205013,-0.012793
16,48,0.994976,0.001909,-0.0130195
16,49,0.995313,0.00176421,-0.0132295
16,50,0.995651,0.00161609,-0.0134231
16,51,0.99599,0.00146502,-0.0135992
16,52,0.99633,0.00131135,-0.0137581
16,53,0.996671,0.00115547,-0.0138988
16,54,0.997012,0.000997756,-0.0140217
16,55,0.997354,0.000838591,-0.0141259
16,56,0.997696,0.000678369,-0.0142117
16,57,0.998039,0.000517482,-0.0142786
16,58,0.998382,0.000356328,-0.0143269
16,59,0.998725,0.000195305,-0.0143561
16,60,0.999068,3.48149e-05,-0.0143667
16,61,0.999411,-0.000124743,-0.0143582
16,62,0.999754,-0.000282968,-0.0143312
16,63,1.0001,-0.000439458,-0.0142854
16,64,1.00044,-0.000593815,-0.0142215
16,65,1.00078,-0.000745639,-0.0141391
16,66,1.00113,-0.000894536,-0.0140391
16,67,1.00147,-0.00104011,-0.0139212
16,68,1.00181,-0.00118197,-0.0137863
16,69,1.00215,-0.00131973,-0.0136343
16,70,1.00249,-0.00145301,-0.0134661
16,71,1.00283,-0.00158143,-0.0132818
16,72,1.00317,-0.00170461,-0.0130822
16,73,1.0035,-0.0018222,-0.0128674
16,74,1.00384,-0.00193383,-0.0126386
16,75,1.00417,-0.00203916,-0.0123958
16,76,1.00451,-0.00213785,-0.0121402
16,77,1.00484,-0.00222956,-0.0118718
16,78,1.00517,-0.00231399,-0.0115921
16,79,1.0055,-0.00239084,-0.011301
16,80,1.00582,-0.00245981,-0.0110001
16,81,1.00615,-0.00252064,-0.0106894
16,82,1.00647,-0.00257308,-0.0103703
16,83,1.00679,-0.0026169,-0.0100432
16,84,1.0071,-0.00265189,-0.00970935
16,85,1.00742,-0.00267789,-0.00936913
16,86,1.00773,-0.00269472,-0.00902402
16,87,1.00804,-0.00270226,-0.00867427
16,88,1.00834,-0.00270042,-0.00832144
16,89,1.00864,-0.00268912,-0.00796578
16,90,1.00894,-0.00266835,-0.00760889
16,91,1.00923,-0.00263809,-0.00725102
16,92,1.00952,-0.00259839,-0.00689377
16,93,1.00981,-0.00254932,-0.00653737
16,94,1.01008,-0.00249099,-0.00618345
16,95,1.01036,-0.00242354,-0.0058322
16,96,1.01063,-0.00234716,-0.00548524
16,97,1.01089,-0.00226207,-0.00514273
16,98,1.01115,-0.00216854,-0.00480627
16,99,1.0114,-0.00206687,-0.00447596
16,100,1.01165,-0.00195744,-0.00415338
16,101,1.01189,-0.00184067,-0.00383854
16,102,1.01212,-0.00171708,-0.00353299
16,103,1.01235,-0.00158725,-0.00323664
16,104,1.01257,-0.00145191,-0.00295096
16,105,1.01278,-0.00131189,-0.00267574
16,106,1.01299,-0.00116819,-0.00241235
16,107,1.01318,-0.00102193,-0.00216041
16,108,1.01337,-0.000874307,-0.00192117
16,109,1.01355,-0.000726566,-0.00169408
16,110,1.01373,-0.000579786,-0.00148026
16,111,1.01389,-0.000434661,-0.00127903
16,112,1.01405,-0.000291161,-0.00109147
16,113,1.0142,-0.000148109,-0.000916926
16,114,1.01433,-2.76759e-06,-0.00075668
16,115,1.01446,0.000149431,-0.000610364
16,116,1.01459,0.000314735,-0.000479804
16,117,1.0147,0.000500148,-0.000365227
16,118,1.0148,0.000711295,-0.000269098
16,119,1.01489,0.000948749,-0.000191986
16,120,1.01498,0.00120286,-0.0001361
16,121,1.01505,0.0014479,-0.000100575
16,122,1.01512,0.00163753,-8.44264e-05
16,123,1.01518,0.00170489,-8.12639e-05
16,124,1.01522,0.00157169,-8.27351e-05
16,125,1.01526,0.00116974,-7.32066e-05
16,126,1.01529,0.000474643,-3.28544e-05
16,127,1,-0.00343474,0
17,0,1,0,0
17,1,0.984758,6.05467e-05,2.53757e-05
17,2,0.984772,0.000154618,6.92626e-05
17,3,0.984797,0.000466984,8.91252e-05
17,4,0.984835,0.000872269,7.66165e-05
17,5,0.984884,0.00129487,2.79124e-05
17,6,0.984945,0.00169275,-5.65232e-05
17,7,0.985017,0.00204599,-0.000175014
17,8,0.985101,0.00234876,-0.000324259
17,9,0.985196,0.00260345,-0.000501541
17,10,0.985302,0.00281662,-0.000703593
17,11,0.985419,0.00299617,-0.000928219
17,12,0.985547,0.00314961,-0.00117294
17,13,0.985686,0.00328317,-0.00143628
17,14,0.985835,0.00340149,-0.00171646
17,15,0.985994,0.00350764,-0.00201247
17,16,0.986163,0.00360344,-0.00232291
17,17,0.986342,0.00368973,-0.00264695
17,18,0.98653,0.00376675,-0.00298336
17,19,0.986727,0.00383437,-0.0033313
17,20,0.986933,0.00389234,-0.00368961
17,21,0.987148,0.00394037,-0.00405736
17,22,0.98737,0.00397828,-0.00443341
17,23,0.987601,0.00400594,-0.00481673
17,24,0.987839,0.00402337,-0.00520621
17,25,0.988084,0.00403066,-0.00560076
17,26,0.988336,0.00402799,-0.00599928
17,27,0.988594,0.00401556,-0.00640064
17,28,0.988859,0.00399364,-0.00680379
17,29,0.989129,0.00396249,-0.00720754
17,30,0.989405,0.00392239,-0.00761091
17,31,0.989686,0.00387358,-0.00801267
17,32,0.989972,0.00381635,-0.00841192
17,33,0.990263,0.00375094,-0.00880737
17,34,0.990557,0.00367761,-0.00919824
17,35,0.990856,0.0035966,-0.00958321
17,36,0.991158,0.00350816,-0.00996158
17,37,0.991464,0.00341253,-0.010332
17,38,0.991773,0.00330998,-0.010694
17,39,0.992085,0.00320075,-0.0110461
17,40,0.9924,0.00308512,-0.0113878
17,41,0.992717,0.00296335,-0.011718
17,42,0.993036,0.00283574,-0.0120361
17,43,0.993358,0.00270258,-0.0123411
17,44,0.993681,0.00256417,-0.0126325
17,45,0.994006,0.00242083,-0.0129092
17,46,0.994333,0.00227288,-0.013171
17,47,0.994661,0.00212067,-0.0134169
17,48,0.994991,0.00196454,-0.0136468
17,49,0.995322,0.00180485,-0.0138596
17,50,0.995654,0.00164195,-0.0140553
17,51,0.995987,0.00147623,-0.0142332
17,52,0.996321,0.00130805,-0.0143933
17,53,0.996656,0.0011378,-0.0145347
17,54,0.996992,0.000965874,-0.0146578
17,55,0.997328,0.000792665,-0.0147617
17,56,0.997665,0.000618573,-0.0148469
17,57,0.998002,0.000444002,-0.0149127
17,58,0.99834,0.000269357,-0.0149595
17,59,0.998679,9.50504e-05,-0.0149869
17,60,0.999018,-7.85061e-05,-0.0149952
17,61,0.999356,-0.000250897,-0.0149841
17,62,0.999696,-0.000421707,-0.0149542
17,63,1.00003,-0.000590515,-0.0149052
17,64,1.00037,-0.000756905,-0.0148376
17,65,1.00071,-0.000920456,-0.0147513
17,66,1.00105,-0.00108075,-0.0146471
17,67,1.00139,-0.00123736,-0.0145247
17,68,1.00173,-0.00138989,-0.0143851
17,69,1.00207,-0.0015379,-0.014228
17,70,1.00241,-0.00168099,-0.0140544
17,71,1.00274,-0.00181875,-0.0138644
17,72,1.00308,-0.00195078,-0.0136588
17,73,1.00341,-0.00207669,-0.0134378
17,74,1.00375,-0.00219608,-0.0132023
17,75,1.00408,-0.00230857,-0.0129526
17,76,1.00442,-0.00241381,-0.0126897
17,77,1.00475,-0.00251142,-0.0124138
17,78,1.00508,-0.00260108,-0.0121262
17,79,1.0054,-0.00268246,-0.0118269
17,80,1.00573,-0.00275525,-0.0115174
17,81,1.00605,-0.00281916,-0.0111978
17,82,1.00638,-0.00287394,-0.0108695
17,83,1.0067,-0.00291934,-0.0105327
17,84,1.00701,-0.00295515,-0.010189
17,85,1.00733,-0.0029812,-0.00983847
17,86,1.00764,-0.00299733,-0.0094827
17,87,1.00795,-0.00300342,-0.00912196
17,88,1.00825,-0.0029994,-0.00875778
17,89,1.00855,-0.00298521,-0.00839046
17,90,1.00885,-0.00296085,-0.00802156
17,91,1.00915,-0.00292634,-0.00765137
17,92,1.00944,-0.00288177,-0.00728149
17,93,1.00972,-0.00282724,-0.00691219
17,94,1.01,-0.0027629,-0.00654507
17,95,1.01028,-0.00268894,-0.0061804
17,96,1.01055,-0.00260559,-0.00581976
17,97,1.01081,-0.00251313,-0.00546338
17,98,1.01107,-0.00241186,-0.00511286
17,99,1.01133,-0.00230216,-0.00476835
17,100,1.01157,-0.00218443,-0.00443143
17,101,1.01181,-0.00205916,-0.00410218
17,102,1.01205,-0.0019269,-0.00378214
17,103,1.01227,-0.00178831,-0.0034713
17,104,1.0125,-0.00164415,-0.00317113
17,105,1.01271,-0.00149531,-0.00288149
17,106,1.01291,-0.00134284,-0.00260375
17,107,1.01311,-0.00118789,-0.00233762
17,108,1.0133,-0.00103172,-0.00208435
17,109,1.01348,-0.000875585,-0.00184347
17,110,1.01366,-0.000720576,-0.0016161
17,111,1.01382,-0.000567354,-0.00140166
17,112,1.01398,-0.000415803,-0.00120122
17,113,1.01413,-0.000264592,-0.0010142
17,114,1.01427,-0.000110747,-0.000841887
17,115,1.0144,5.06218e-05,-0.000683982
17,116,1.01452,0.000226155,-0.000542272
17,117,1.01463,0.000423256,-0.000417049
17,118,1.01474,0.000647841,-0.00031073
17,119,1.01483,0.000900486,-0.000223972
17,120,1.01491,0.001171,-0.000159011
17,121,1.01499,0.00143226,-0.000115173
17,122,1.01505,0.00163539,-9.1774e-05
17,123,1.01511,0.00170983,-8.3081e-05
17,124,1.01516,0.00157259,-8.05747e-05
17,125,1.01519,0.00115061,-6.9212e-05
17,126,1.01522,0.000416594,-3.40662e-05
17,127,1,-0.00343474,0
18,0,1,0,0
18,1,0.984917,-0.000175276,2.35765e-05
18,2,0.98493,-6.25313e-05,6.08091e-05
18,3,0.984955,0.000282806,7.24541e-05
18,4,0.984991,0.000728105,4.96273e-05
18,5,0.985039,0.00119306,-1.1154e-05
18,6,0.985099,0.00163283,-0.000109025
18,7,0.985171,0.00202608,-0.000242043
18,8,0.985254,0.00236637,-0.000406702
18,9,0.985349,0.00265609,-0.000600075
18,10,0.985455,0.00290203,-0.000818765
18,11,0.985571,0.00311239,-0.00106044
18,12,0.985699,0.00329502,-0.00132254
18,13,0.985837,0.00345641,-0.0016035
18,14,0.985986,0.0036014,-0.00190146
18,15,0.986144,0.00373316,-0.00221532
18,16,0.986312,0.00385356,-0.00254366
18,17,0.98649,0.00396346,-0.00288555
18,18,0.986677,0.00406305,-0.00323974
18,19,0.986873,0.00415216,-0.0036053
18,20,0.987078,0.00423049,-0.00398105
18,21,0.987291,0.00429769,-0.004366
18,22,0.987511,0.00435352,-0.00475897
18,23,0.98774,0.00439783,-0.00515889
18,24,0.987975,0.00443057,-0.00556463
18,25,0.988218,0.00445183,-0.00597503
18,26,0.988467,0.00446173,-0.00638901
18,27,0.988723,0.00446047,-0.00680535
18,28,0.988984,0.00444829,-0.00722302
18,29,0.989251,0.00442544,-0.00764077
18,30,0.989523,0.00439217,-0.00805763
18,31,0.989801,0.00434874,-0.0084723
18,32,0.990082,0.00429541,-0.00888391
18,33,0.990368,0.00423244,-0.00929112
18,34,0.990658,0.00416007,-0.00969315
18,35,0.990952,0.00407857,-0.0100887
18,36,0.991249,0.00398817,-0.0104769
18,37,0.99155,0.00388916,-0.0108567
18,38,0.991853,0.00378181,-0.0112273
18,39,0.99216,0.00366639,-0.0115874
18,40,0.992468,0.0035432,-0.0119365
18,41,0.992779,0.00341256,-0.0122734
18,42,0.993093,0.00327479,-0.0125977
18,43,0.993408,0.00313024,-0.0129082
18,44,0.993725,0.00297926,-0.0132045
18,45,0.994044,0.00282222,-0.0134856
18,46,0.994365,0.00265951,-0.0137512
18,47,0.994687,0.00249153,-0.0140004
18,48,0.99501,0.00231869,-0.0142329
18,49,0.995334,0.00214142,-0.0144479
18,50,0.99566,0.00196015,-0.0146455
18,51,0.995987,0.00177532,-0.0148246
18,52,0.996315,0.0015874,-0.0149855
18,53,0.996644,0.00139683,-0.0151274
18,54,0.996974,0.00120408,-0.0152504
18,55,0.997304,0.00100963,-0.0153541
18,56,0.997636,0.00081394,-0.0154385
18,57,0.997968,0.000617489,-0.0155033
18,58,0.9983,0.000420755,-0.0155487
18,59,0.998634,0.000224216,-0.0155744
18,60,0.998967,2.83491e-05,-0.0155808
18,61,0.999302,-0.000166367,-0.0155674
18,62,0.999636,-0.000359456,-0.015535
18,63,0.999971,-0.000550442,-0.0154832
18,64,1.00031,-0.000738851,-0.0154126
18,65,1.00064,-0.000924214,-0.015323
18,66,1.00098,-0.00110606,-0.0152153
18,67,1.00131,-0.00128393,-0.0150891
18,68,1.00165,-0.00145736,-0.0149454
18,69,1.00198,-0.00162589,-0.0147841
18,70,1.00232,-0.00178907,-0.014606
18,71,1.00265,-0.00194646,-0.0144111
18,72,1.00299,-0.00209763,-0.0142005
18,73,1.00332,-0.00224213,-0.0139742
18,74,1.00366,-0.00237955,-0.0137332
18,75,1.00399,-0.00250948,-0.0134776
18,76,1.00432,-0.00263151,-0.0132085
18,77,1.00465,-0.00274526,-0.0129262
18,78,1.00498,-0.00285036,-0.0126317
18,79,1.00531,-0.00294645,-0.0123254
18,80,1.00563,-0.00303318,-0.0120084
18,81,1.00596,-0.00311024,-0.011681
18,82,1.00628,-0.00317732,-0.0113446
18,83,1.0066,-0.00323416,-0.0109993
18,84,1.00692,-0.0032805,-0.0106467
18,85,1.00723,-0.00331612,-0.010287
18,86,1.00754,-0.00334083,-0.00992166
18,87,1.00785,-0.00335446,-0.009551
18,88,1.00816,-0.0033569,-0.00917652
18,89,1.00846,-0.00334805,-0.00879856
18,90,1.00876,-0.00332787,-0.00841864
18,91,1.00906,-0.00329634,-0.00803711
18,92,1.00935,-0.00325349,-0.00765552
18,93,1.00963,-0.00319939,-0.00727422
18,94,1.00992,-0.00313416,-0.00689477
18,95,1.01019,-0.00305795,-0.00651749
18,96,1.01046,-0.00297096,-0.00614396
18,97,1.01073,-0.00287344,-0.00577447
18,98,1.01099,-0.00276569,-0.00541058
18,99,1.01125,-0.00264806,-0.00505253
18,100,1.01149,-0.00252097,-0.00470188
18,101,1.01174,-0.00238491,-0.0043588
18,102,1.01197,-0.00224045,-0.00402479
18,103,1.0122,-0.00208829,-0.00369995
18,104,1.01242,-0.00192925,-0.00338572
18,105,1.01264,-0.0017643,-0.00308207
18,106,1.01284,-0.00159456,-0.00279034
18,107,1.01304,-0.0014213,-0.00251035
18,108,1.01323,-0.00124591,-0.00224332
18,109,1.01342,-0.00106976,-0.0019889
18,110,1.01359,-0.00089406,-0.00174821
18,111,1.01376,-0.000719585,-0.00152073
18,112,1.01392,-0.000546281,-0.00130757
18,113,1.01406,-0.000372824,-0.00110822
18,114,1.0142,-0.000196168,-0.00092396
18,115,1.01433,-1.12679e-05,-0.000754577
18,116,1.01446,0.000188741,-0.000601831
18,117,1.01457,0.000411501,-0.000466085
18,118,1.01467,0.000663073,-0.000349723
18,119,1.01477,0.000943901,-0.000253494
18,120,1.01485,0.00124313,-0.000179664
18,121,1.01493,0.00153215,-0.000127829
18,122,1.01499,0.00175949,-9.74989e-05
18,123,1.01505,0.0018507,-8.32781e-05
18,124,1.0151,0.00171791,-7.78019e-05
18,125,1.01513,0.00128315,-6.6487e-05
18,126,1.01516,0.000515352,-2.94184e-05
18,127,1,-0.00343474,0
19,0,1,0,0
19,1,0.985085,6.52958e-05,2.08935e-05
19,2,0.985098,0.00019535,5.26974e-05
19,3,0.985122,0.000568645,5.61504e-05
19,4,0.985158,0.0010456,2.33652e-05
19,5,0.985207,0.00154158,-4.8878e-05
19,6,0.985266,0.00200933,-0.000159566
19,7,0.985338,0.0024264,-0.000306465
19,8,0.985421,0.00278614,-0.00048586
19,9,0.985515,0.00309115,-0.000694636
19,10,0.98562,0.00334866,-0.000929265
19,11,0.985737,0.00356744,-0.00118728
19,12,0.985863,0.00375583,-0.00146603
19,13,0.986001,0.00392077,-0.00176383
19,14,0.986148,0.00406743,-0.00207877
19,15,0.986306,0.00419928,-0.00240968
19,16,0.986473,0.00431838,-0.00275505
19,17,0.986649,0.00442573,-0.00311389
19,18,0.986835,0.00452164,-0.00348491
19,19,0.987029,0.00460602,-0.00386713
19,20,0.987231,0.00467863,-0.0042593
19,21,0.987442,0.00473917,-0.0046604
19,22,0.98766,0.00478746,-0.00506921
19,23,0.987886,0.00482337,-0.00548463
19,24,0.988119,0.00484693,-0.00590548
19,25,0.988359,0.00485824,-0.00633059
19,26,0.988605,0.00485749,-0.00675882
19,27,0.988856,0.00484493,-0.00718896
19,28,0.989114,0.00482082,-0.00761993
19,29,0.989377,0.00478548,-0.00805045
19,30,0.989645,0.00473919,-0.00847956
19,31,0.989918,0.00468228,-0.00890592
19,32,0.990195,0.00461502,-0.00932865
19,33,0.990476,0.00453773,-0.0097464
19,34,0.990761,0.0044507,-0.0101584
19,35,0.991049,0.00435422,-0.0105632
19,36,0.991341,0.0042486,-0.0109603
19,37,0.991636,0.00413413,-0.0113481
19,38,0.991933,0.00401114,-0.0117263
19,39,0.992233,0.00387993,-0.0120933
19,40,0.992536,0.00374084,-0.0124488
19,41,0.992841,0.00359422,-0.0127915
19,42,0.993148,0.00344043,-0.013121
19,43,0.993457,0.00327983,-0.0134361
19,44,0.993768,0.00311281,-0.0137365
19,45,0.99408,0.00293977,-0.0140212
19,46,0.994394,0.0027611,-0.0142899
19,47,0.994709,0.00257724,-0.0145417
19,48,0.995026,0.0023886,-0.0147764
19,49,0.995344,0.00219563,-0.0149932
19,50,0.995664,0.00199878,-0.015192
19,51,0.995984,0.00179849,-0.0153721
19,52,0.996306,0.00159524,-0.0155335
19,53,0.996629,0.00138948,-0.0156756
19,54,0.996953,0.00118169,-0.0157986
19,55,0.997277,0.000972354,-0.0159019
19,56,0.997603,0.00076194,-0.0159857
19,57,0.99793,0.000550935,-0.0160495
19,58,0.998257,0.000339826,-0.0160937
19,59,0.998585,0.000129099,-0.016118
19,60,0.998914,-8.07551e-05,-0.0161227
19,61,0.999244,-0.000289246,-0.0161075
19,62,0.999574,-0.000495883,-0.016073
19,63,0.999905,-0.000700173,-0.0160189
19,64,1.00024,-0.000901623,-0.0159459
19,65,1.00057,-0.00109974,-0.0158537
19,66,1.0009,-0.00129404,-0.0157431
19,67,1.00123,-0.00148402,-0.0156139
19,68,1.00157,-0.0016692,-0.015467
19,69,1.0019,-0.00184909,-0.0153022
19,70,1.00223,-0.00202322,-0.0151205
19,71,1.00256,-0.00219109,-0.0149218
19,72,1.0029,-0.00235225,-0.0147071
19,73,1.00323,-0.00250623,-0.0144764
19,74,1.00356,-0.00265257,-0.0142308
19,75,1.00389,-0.00279082,-0.0139704
19,76,1.00422,-0.00292056,-0.0136962
19,77,1.00455,-0.00304135,-0.0134084
19,78,1.00488,-0.00315281,-0.0131083
19,79,1.00521,-0.00325453,-0.0127959
19,80,1.00553,-0.00334616,-0.0124726
19,81,1.00586,-0.00342734,-0.0121385
19,82,1.00618,-0.00349776,-0.0117951
19,83,1.0065,-0.00355714,-0.0114425
19,84,1.00682,-0.0036052,-0.0110821
19,85,1.00713,-0.00364172,-0.0107143
19,86,1.00744,-0.00366651,-0.0103404
19,87,1.00775,-0.00367941,-0.0099609
19,88,1.00806,-0.0036803,-0.00957714
19,89,1.00836,-0.00366912,-0.00918954
19,90,1.00866,-0.00364583,-0.00879958
19,91,1.00896,-0.00361044,-0.00840766
19,92,1.00925,-0.00356303,-0.0080153
19,93,1.00954,-0.00350369,-0.00762289
19,94,1.00982,-0.00343257,-0.00723196
19,95,1.0101,-0.00334989,-0.0068429
19,96,1.01037,-0.00325588,-0.00645727
19,97,1.01064,-0.00315085,-0.0060754
19,98,1.0109,-0.00303514,-0.00569885
19,99,1.01116,-0.00290917,-0.00532793
19,100,1.01141,-0.00277339,-0.00496418
19,101,1.01165,-0.00262836,-0.00460784
19,102,1.01189,-0.00247471,-0.00426042
19,103,1.01212,-0.00231319,-0.00392208
19,104,1.01234,-0.00214468,-0.00359426
19,105,1.01255,-0.00197019,-0.00327701
19,106,1.01276,-0.00179091,-0.00297168
19,107,1.01296,-0.00160815,-0.00267817
19,108,1.01315,-0.00142335,-0.00239771
19,109,1.01334,-0.0012379,-0.00213004
19,110,1.01351,-0.00105302,-0.00187626
19,111,1.01368,-0.00086946,-0.00163599
19,112,1.01384,-0.000687079,-0.0014103
19,113,1.01399,-0.000504409,-0.00119881
19,114,1.01413,-0.000318181,-0.00100278
19,115,1.01426,-0.000123043,-0.000822083
19,116,1.01438,8.82433e-05,-0.000658467
19,117,1.01449,0.00032371,-0.000512372
19,118,1.0146,0.00058973,-0.000386155
19,119,1.01469,0.000886818,-0.00028067
19,120,1.01478,0.00120372,-0.000198228
19,121,1.01485,0.00151066,-0.000138624
19,122,1.01492,0.00175396,-0.000101673
19,123,1.01497,0.0018557,-8.26401e-05
19,124,1.01502,0.00172343,-7.39131e-05
19,125,1.01505,0.00127394,-6.14486e-05
19,126,1.01508,0.000472143,-3.05715e-05
19,127,1,-0.00343474,0
20,0,1,0,0
20,1,0.985261,-0.000165418,1.90532e-05
20,2,0.985272,-1.23309e-05,4.44597e-05
20,3,0.985296,0.000397953,4.03238e-05
20,4,0.985332,0.00091848,-1.86352e-06
20,5,0.985379,0.00145984,-8.50667e-05
20,6,0.985438,0.00197201,-0.000207938
20,7,0.985509,0.00243114,-0.000368026
20,8,0.985591,0.0028301,-0.000561435
20,9,0.985685,0.00317151,-0.000784861
20,10,0.98579,0.0034629,-0.00103465
20,11,0.985905,0.0037134,-0.00130819
20,12,0.986031,0.0039317,-0.00160275
20,13,0.986168,0.00412502,-0.00191654
20,14,0.986315,0.00429874,-0.00224757
20,15,0.986471,0.00445647,-0.00259459
20,16,0.986637,0.00460031,-0.00295603
20,17,0.986812,0.00473129,-0.00333084
20,18,0.986996,0.0048497,-0.00371766
20,19,0.987189,0.00495541,-0.00411546
20,20,0.98739,0.00504811,-0.00452297
20,21,0.987598,0.00512749,-0.0049391
20,22,0.987815,0.0051933,-0.00536261
20,23,0.988038,0.00524538,-0.00579235
20,24,0.988268,0.00528372,-0.00622713
20,25,0.988505,0.00530839,-0.00666572
20,26,0.988748,0.00531956,-0.007107
20,27,0.988996,0.00531746,-0.00754968
20,28,0.98925,0.00530233,-0.0079927
20,29,0.989509,0.00527447,-0.00843476
20,30,0.989773,0.00523417,-0.00887486
20,31,0.990041,0.00518173,-0.00931167
20,32,0.990314,0.00511745,-0.00974428
20,33,0.99059,0.00504162,-0.0101714
20,34,0.99087,0.00495455,-0.0105921
20,35,0.991153,0.00485653,-0.0110051
20,36,0.991439,0.0047479,-0.0114097
20,37,0.991728,0.00462896,-0.0118047
20,38,0.99202,0.00450007,-0.0121892
20,39,0.992314,0.00436156,-0.0125622
20,40,0.99261,0.00421381,-0.0129231
20,41,0.992909,0.00405721,-0.0132706
20,42,0.993209,0.00389215,-0.0136044
20,43,0.993512,0.00371907,-0.0139234
20,44,0.993816,0.00353839,-0.0142272
20,45,0.994121,0.00335058,-0.0145148
20,46,0.994429,0.0031561,-0.014786
20,47,0.994737,0.00295545,-0.0150398
20,48,0.995047,0.00274911,-0.0152762
20,49,0.995359,0.00253761,-0.0154943
20,50,0.995672,0.00232146,-0.0156941
20,51,0.995986,0.0021012,-0.0158749
20,52,0.996301,0.00187735,-0.0160367
20,53,0.996617,0.00165046,-0.016179
20,54,0.996935,0.00142109,-0.0163018
20,55,0.997253,0.00118977,-0.0164047
20,56,0.997573,0.00095707,-0.016488
20,57,0.997894,0.000723532,-0.016551
20,58,0.998216,0.000489714,-0.0165944
20,59,0.998538,0.00025617,-0.0166175
20,60,0.998862,2.34505e-05,-0.016621
20,61,0.999187,-0.000207893,-0.0166044
20,62,0.999512,-0.000437311,-0.0165683
20,63,0.999839,-0.000664259,-0.0165126
20,64,1.00017,-0.000888194,-0.0164377
20,65,1.00049,-0.00110858,-0.0163436
20,66,1.00082,-0.00132487,-0.0162308
20,67,1.00115,-0.00153655,-0.0160994
20,68,1.00148,-0.00174307,-0.01595
20,69,1.00181,-0.00194393,-0.0157827
20,70,1.00214,-0.00213861,-0.0155982
20,71,1.00247,-0.00232659,-0.0153966
20,72,1.0028,-0.00250738,-0.0151788
20,73,1.00313,-0.00268048,-0.0149448
20,74,1.00346,-0.0028454,-0.0146956
20,75,1.00379,-0.00300168,-0.0144313
20,76,1.00412,-0.00314884,-0.0141531
20,77,1.00445,-0.00328644,-0.013861
20,78,1.00478,-0.00341405,-0.0135562
20,79,1.0051,-0.00353125,-0.0132389
20,80,1.00543,-0.00363764,-0.0129103
20,81,1.00575,-0.00373285,-0.0125707
20,82,1.00607,-0.00381652,-0.0122213
20,83,1.00639,-0.00388832,-0.0118624
20,84,1.00671,-0.00394796,-0.0114953
20,85,1.00703,-0.00399516,-0.0111204
20,86,1.00734,-0.0040297,-0.0107391
20,87,1.00765,-0.00405137,-0.0103517
20,88,1.00796,-0.00406001,-0.00995969
20,89,1.00826,-0.0040555,-0.00956343
20,90,1.00856,-0.00403777,-0.00916439
20,91,1.00886,-0.00400678,-0.00876301
20,92,1.00915,-0.00396254,-0.00836077
20,93,1.00944,-0.00390511,-0.00795812
20,94,1.00973,-0.00383461,-0.00755655
20,95,1.01001,-0.00375118,-0.00715652
20,96,1.01028,-0.00365505,-0.00675954
20,97,1.01055,-0.00354646,-0.00636603
20,98,1.01081,-0.00342575,-0.00597752
20,99,1.01107,-0.00329329,-0.00559439
20,100,1.01132,-0.00314955,-0.00521816
20,101,1.01156,-0.00299506,-0.00484915
20,102,1.0118,-0.00283047,-0.00448886
20,103,1.01203,-0.00265656,-0.00413752
20,104,1.01225,-0.00247424,-0.00379659
20,105,1.01247,-0.0022846,-0.00346618
20,106,1.01268,-0.00208889,-0.00314765
20,107,1.01288,-0.00188854,-0.002841
20,108,1.01307,-0.00168508,-0.00254744
20,109,1.01326,-0.00148003,-0.00226681
20,110,1.01343,-0.00127472,-0.00200024
20,111,1.0136,-0.00107001,-0.00174743
20,112,1.01376,-0.000865809,-0.00150946
20,113,1.01391,-0.000660671,-0.00128604
20,114,1.01405,-0.000451258,-0.00107845
20,115,1.01418,-0.000232076,-0.000886649
20,116,1.0143,4.32548e-06,-0.000712368
20,117,1.01442,0.000266213,-0.000556135
20,118,1.01452,0.000560122,-0.000420286
20,119,1.01462,0.000886494,-0.000305778
20,120,1.0147,0.00123354,-0.000214962
20,121,1.01478,0.00157018,-0.000147908
20,122,1.01484,0.00184038,-0.000104619
20,123,1.0149,0.00196259,-8.06745e-05
20,124,1.01494,0.00183945,-6.96491e-05
20,125,1.01498,0.0013824,-5.79372e-05
20,126,1.015,0.000551541,-2.54488e-05
20,127,1,-0.00343474,0
21,0,1,0,0
21,1,0.985446,7.43521e-05,1.63461e-05
21,2,0.985457,0.000248641,3.654e-05
21,3,0.985481,0.000690485,2.4846e-05
21,4,0.985516,0.00124586,-2.63606e-05
21,5,0.985563,0.00182098,-0.000119855
21,6,0.985622,0.0023634,-0.000254201
21,7,0.985693,0.00284825,-0.000426704
21,8,0.985775,0.0032682,-0.000633294
21,9,0.985868,0.00362618,-0.000870501
21,10,0.985972,0.00393021,-0.00113455
21,11,0.986087,0.00419,-0.00142269
21,12,0.986212,0.00441478,-0.00173212
21,13,0.986348,0.00461223,-0.00206092
21,14,0.986493,0.0047881,-0.00240705
21,15,0.986648,0.00494627,-0.00276915
21,16,0.986813,0.00508908,-0.00314562
21,17,0.986986,0.0052177,-0.00353531
21,18,0.987168,0.00533254,-0.00393684
21,19,0.987359,0.00543356,-0.00434912
21,20,0.987557,0.00552053,-0.00477082
21,21,0.987763,0.00559319,-0.00520082
21,22,0.987977,0.00565132,-0.00563785
21,23,0.988197,0.00569484,-0.00608072
21,24,0.988424,0.00572378,-0.00652822
21,25,0.988657,0.00573826,-0.00697908
21,26,0.988896,0.00573849,-0.00743217
21,27,0.989141,0.00572475,-0.00788618
21,28,0.98939,0.00569735,-0.00834003
21,29,0.989645,0.00565661,-0.0087924
21,30,0.989904,0.00560288,-0.00924229
21,31,0.990167,0.00553651,-0.00968835
21,32,0.990435,0.00545784,-0.0101297
21,33,0.990705,0.00536721,-0.0105649
21,34,0.99098,0.00526497,-0.0109932
21,35,0.991257,0.00515147,-0.0114133
21,36,0.991537,0.00502708,-0.0118245
21,37,0.99182,0.00489216,-0.0122254
21,38,0.992106,0.00474709,-0.0126155
21,39,0.992393,0.00459226,-0.0129934
21,40,0.992683,0.00442807,-0.0133588
21,41,0.992975,0.00425496,-0.0137103
21,42,0.993269,0.00407334,-0.0140477
21,43,0.993564,0.00388369,-0.0143697
21,44,0.993862,0.00368645,-0.0146762
21,45,0.994161,0.00348211,-0.0149661
21,46,0.994461,0.00327117,-0.0152393
21,47,0.994763,0.00305413,-0.0154947
21,48,0.995066,0.00283149,-0.0157324
21,49,0.995371,0.00260379,-0.0159515
21,50,0.995677,0.00237156,-0.0161521
21,51,0.995984,0.00213533,-0.0163333
21,52,0.996293,0.00189564,-0.0164955
21,53,0.996603,0.00165305,-0.0166378
21,54,0.996914,0.0014081,-0.0167605
21,55,0.997227,0.00116135,-0.0168632
21,56,0.99754,0.000913362,-0.016946
21,57,0.997855,0.000664686,-0.0170086
21,58,0.998172,0.000415884,-0.0170512
21,59,0.998489,0.000167518,-0.0170736
21,60,0.998808,-7.98521e-05,-0.0170763
21,61,0.999127,-0.000325665,-0.0170588
21,62,0.999448,-0.000569359,-0.0170217
21,63,0.99977,-0.000810373,-0.0169648
21,64,1.00009,-0.00104815,-0.0168888
21,65,1.00042,-0.00128212,-0.0167934
21,66,1.00074,-0.00151173,-0.0166792
21,67,1.00107,-0.00173643,-0.0165463
21,68,1.00139,-0.00195565,-0.0163954
21,69,1.00172,-0.00216885,-0.0162263
21,70,1.00205,-0.00237548,-0.0160399
21,71,1.00238,-0.00257498,-0.0158363
21,72,1.0027,-0.00276683,-0.0156163
21,73,1.00303,-0.00295049,-0.0153799
21,74,1.00336,-0.00312543,-0.0151281
21,75,1.00369,-0.00329115,-0.0148611
21,76,1.00402,-0.00344715,-0.0145798
21,77,1.00434,-0.00359293,-0.0142844
21,78,1.00467,-0.00372802,-0.013976
21,79,1.00499,-0.00385198,-0.0136548
21,80,1.00532,-0.00396438,-0.013322
21,81,1.00564,-0.0040648,-0.0129778
21,82,1.00596,-0.00415286,-0.0126235
21,83,1.00628,-0.00422822,-0.0122593
21,84,1.0066,-0.00429057,-0.0118866
21,85,1.00692,-0.00433961,-0.0115056
21,86,1.00723,-0.0043751,-0.0111179
21,87,1.00754,-0.00439685,-0.0107236
21,88,1.00785,-0.0044047,-0.0103243
21,89,1.00816,-0.00439853,-0.00992033
21,90,1.00846,-0.00437829,-0.00951315
21,91,1.00876,-0.00434396,-0.00910322
21,92,1.00905,-0.00429559,-0.00869199
21,93,1.00934,-0.00423326,-0.00827995
21,94,1.00962,-0.00415713,-0.00786858
21,95,1.0099,-0.00406739,-0.00745836
21,96,1.01018,-0.00396431,-0.00705081
21,97,1.01045,-0.00384818,-0.00664639
21,98,1.01071,-0.0037194,-0.00624661
21,99,1.01097,-0.00357839,-0.00585193
21,100,1.01122,-0.00342567,-0.00546384
21,101,1.01147,-0.00326185,-0.00508275
21,102,1.0117,-0.00308763,-0.00471014
21,103,1.01193,-0.00290384,-0.00434633
21,104,1.01216,-0.00271146,-0.00399276
21,105,1.01238,-0.00251164,-0.00364965
21,106,1.01258,-0.00230568,-0.00331833
21,107,1.01279,-0.00209507,-0.00299891
21,108,1.01298,-0.00188138,-0.00269261
21,109,1.01316,-0.00166617,-0.00239936
21,110,1.01334,-0.00145077,-0.00212029
21,111,1.01351,-0.001236,-0.00185521
21,112,1.01367,-0.00102172,-0.00160521
21,113,1.01382,-0.000806318,-0.00137012
21,114,1.01396,-0.000586255,-0.00115119
21,115,1.01409,-0.000355742,-0.000948507
21,116,1.01421,-0.000106972,-0.000763779
21,117,1.01433,0.000168706,-0.000597623
21,118,1.01443,0.000478155,-0.00045236
21,119,1.01453,0.000821951,-0.000329059
21,120,1.01461,0.00118804,-0.000230116
21,121,1.01469,0.00154441,-0.0001558
21,122,1.01475,0.0018331,-0.000106416
21,123,1.01481,0.00196934,-7.82064e-05
21,124,1.01485,0.00185129,-6.44466e-05
21,125,1.01489,0.00138474,-5.2057e-05
21,126,1.01492,0.000524646,-2.65373e-05
21,127,1,-0.00343474,0
22,0,1,0,0
22,1,0.985638,-0.000151853,1.44571e-05
22,2,0.985649,4.895e-05,2.85192e-05
22,3,0.985672,0.000531101,9.85879e-06
22,4,0.985706,0.00113307,-4.98017e-05
22,5,0.985753,0.0017562,-0.000153051
22,6,0.985811,0.00234527,-0.000298178
22,7,0.985881,0.00287405,-0.000482318
22,8,0.985962,0.00333476,-0.000701257
22,9,0.986054,0.00373039,-0.000951361
22,10,0.986158,0.00406933,-0.00122874
22,11,0.986272,0.00436164,-0.00153053
22,12,0.986396,0.00461695,-0.00185382
22,13,0.986531,0.00484324,-0.00219661
22,14,0.986675,0.00504647,-0.00255679
22,15,0.986829,0.00523068,-0.0029329
22,16,0.986992,0.00539828,-0.00332329
22,17,0.987164,0.00555046,-0.00372675
22,18,0.987344,0.00568763,-0.00414184
22,19,0.987533,0.00580972,-0.00456741
22,20,0.987729,0.00591645,-0.00500213
22,21,0.987933,0.00600753,-0.0054448
22,22,0.988144,0.00608272,-0.00589414
22,23,0.988362,0.00614188,-0.00634891
22,24,0.988586,0.00618501,-0.0068079
22,25,0.988815,0.00621222,-0.0072698
22,26,0.989051,0.0062237,-0.00773346
22,27,0.989292,0.0062197,-0.00819756
22,28,0.989537,0.00620052,-0.00866101
22,29,0.989788,0.00616648,-0.00912247
22,30,0.990042,0.00611792,-0.00958093
22,31,0.990301,0.00605518,-0.0100351
22,32,0.990563,0.0059786,-0.0104839
22,33,0.990828,0.00588854,-0.0109262
22,34,0.991097,0.00578536,-0.011361
22,35,0.991368,0.00566941,-0.0117871
22,36,0.991643,0.00554109,-0.0122038
22,37,0.99192,0.00540077,-0.0126097
22,38,0.992199,0.00524887,-0.0130042
22,39,0.99248,0.00508582,-0.0133863
22,40,0.992763,0.00491206,-0.0137552
22,41,0.993048,0.00472806,-0.01411
22,42,0.993335,0.00453431,-0.0144502
22,43,0.993624,0.00433131,-0.0147747
22,44,0.993914,0.00411958,-0.0150833
22,45,0.994206,0.00389968,-0.015375
22,46,0.994499,0.00367216,-0.0156496
22,47,0.994794,0.00343759,-0.0159062
22,48,0.99509,0.00319656,-0.0161449
22,49,0.995388,0.00294967,-0.0163648
22,50,0.995687,0.00269752,-0.0165659
22,51,0.995987,0.00244072,-0.0167475
22,52,0.996289,0.0021799,-0.0169099
22,53,0.996592,0.00191568,-0.0170523
22,54,0.996897,0.00164868,-0.017175
22,55,0.997203,0.00137953,-0.0172776
22,56,0.99751,0.00110886,-0.0173602
22,57,0.997819,0.00083729,-0.0174225
22,58,0.99813,0.000565453,-0.0174649
22,59,0.998441,0.000293969,-0.017487
22,60,0.998754,2.34576e-05,-0.0174892
22,61,0.999069,-0.000245463,-0.0174713
22,62,0.999385,-0.00051218,-0.0174337
22,63,0.999702,-0.000776082,-0.0173764
22,64,1.00002,-0.00103656,-0.0172998
22,65,1.00034,-0.00129302,-0.0172037
22,66,1.00066,-0.00154486,-0.017089
22,67,1.00098,-0.00179148,-0.0169553
22,68,1.0013,-0.0020323,-0.0168036
22,69,1.00163,-0.00226673,-0.0166336
22,70,1.00195,-0.0024942,-0.0164462
22,71,1.00228,-0.00271413,-0.0162415
22,72,1.0026,-0.00292596,-0.0160201
22,73,1.00293,-0.00312913,-0.0157823
22,74,1.00325,-0.0033231,-0.0155289
22,75,1.00358,-0.00350733,-0.01526
22,76,1.00391,-0.00368129,-0.0149767
22,77,1.00423,-0.00384448,-0.0146789
22,78,1.00456,-0.00399639,-0.0143679
22,79,1.00488,-0.00413656,-0.0140439
22,80,1.00521,-0.00426451,-0.0137079
22,81,1.00553,-0.00437982,-0.0133601
22,82,1.00585,-0.00448206,-0.0130019
22,83,1.00617,-0.00457087,-0.0126335
22,84,1.00649,-0.00464587,-0.0122561
22,85,1.00681,-0.00470676,-0.0118701
22,86,1.00712,-0.00475324,-0.0114769
22,87,1.00743,-0.00478506,-0.0110767
22,88,1.00774,-0.00480203,-0.0106711
22,89,1.00805,-0.00480399,-0.0102603
22,90,1.00835,-0.00479081,-0.0098459
22,91,1.00865,-0.00476243,-0.00942831
22,92,1.00894,-0.00471885,-0.00900895
22,93,1.00923,-0.00466009,-0.00858837
22,94,1.00952,-0.00458626,-0.008168
22,95,1.0098,-0.00449749,-0.00774839
22,96,1.01007,-0.004394,-0.00733101
22,97,1.01034,-0.00427605,-0.0069164
22,98,1.01061,-0.00414397,-0.00650605
22,99,1.01087,-0.00399817,-0.00610047
22,100,1.01112,-0.00383914,-0.00570116
22,101,1.01137,-0.00366745,-0.00530858
22,102,1.01161,-0.00348382,-0.00492421
22,103,1.01184,-0.00328908,-0.00454845
22,104,1.01206,-0.00308425,-0.00418274
22,105,1.01228,-0.00287051,-0.00382738
22,106,1.01249,-0.00264924,-0.00348371
22,107,1.01269,-0.00242201,-0.00315192
22,108,1.01289,-0.00219048,-0.00283325
22,109,1.01307,-0.00195632,-0.00252772
22,110,1.01325,-0.00172098,-0.00223648
22,111,1.01342,-0.00148536,-0.00195943
22,112,1.01358,-0.00124938,-0.00169769
22,113,1.01373,-0.00101145,-0.00145118
22,114,1.01387,-0.000767959,-0.00122118
22,115,1.014,-0.000512992,-0.00100785
22,116,1.01413,-0.00023854,-0.000812914
22,117,1.01424,6.42767e-05,-0.00063707
22,118,1.01434,0.000402497,-0.000482628
22,119,1.01444,0.000776681,-0.000350759
22,120,1.01452,0.00117435,-0.000243906
22,121,1.0146,0.00156239,-0.000162604
22,122,1.01466,0.0018807,-0.000107344
22,123,1.01472,0.0020411,-7.46614e-05
22,124,1.01476,0.00193686,-5.90636e-05
22,125,1.0148,0.00146796,-4.79209e-05
22,126,1.01482,0.000583474,-2.10152e-05
22,127,1,-0.00343474,0
23,0,1,0,0
23,1,0.98584,8.67786e-05,1.17415e-05
23,2,0.985851,0.000311813,2.07897e-05
23,3,0.985873,0.000828417,-4.79051e-06
23,4,0.985908,0.00146785,-7.25041e-05
23,5,0.985954,0.00212703,-0.000184811
23,6,0.986012,0.00274831,-0.000339957
23,7,0.986082,0.00330444,-0.000534887
23,8,0.986162,0.00378751,-0.000765249
23,9,0.986254,0.00420084,-0.00102727
23,10,0.986357,0.00455336,-0.00131696
23,11,0.98647,0.00485574,-0.00163135
23,12,0.986593,0.00511815,-0.00196743
23,13,0.986727,0.00534905,-0.00232311
23,14,0.98687,0.00555481,-0.0026962
23,15,0.987022,0.00573974,-0.00308518
23,16,0.987183,0.00590648,-0.00348833
23,17,0.987353,0.00605641,-0.00390437
23,18,0.987531,0.00619004,-0.00433184
23,19,0.987717,0.00630741,-0.00476951
23,20,0.987911,0.00640833,-0.00521602
23,21,0.988112,0.00649255,-0.00567014
23,22,0.988319,0.00655989,-0.00613056
23,23,0.988533,0.00661028,-0.00659602
23,24,0.988754,0.00664378,-0.00706526
23,25,0.988979,0.00666052,-0.00753698
23,26,0.989211,0.00666077,-0.00801
23,27,0.989447,0.00664482,-0.00848298
23,28,0.989688,0.00661302,-0.00895483
23,29,0.989933,0.00656575,-0.0094242
23,30,0.990183,0.00650339,-0.00989008
23,31,0.990436,0.00642634,-0.0103511
23,32,0.990692,0.00633499,-0.0108064
23,33,0.990952,0.00622975,-0.0112546
23,34,0.991215,0.00611102,-0.0116949
23,35,0.99148,0.00597921,-0.012126
23,36,0.991748,0.00583476,-0.0125472
23,37,0.992018,0.00567809,-0.0129572
23,38,0.992291,0.00550966,-0.0133554
23,39,0.992565,0.00532995,-0.0137407
23,40,0.992841,0.00513943,-0.0141125
23,41,0.99312,0.0049386,-0.0144698
23,42,0.993399,0.004728,-0.0148121
23,43,0.993681,0.00450815,-0.0151385
23,44,0.993964,0.0042796,-0.0154486
23,45,0.994249,0.00404293,-0.0157416
23,46,0.994535,0.0037987,-0.0160173
23,47,0.994822,0.00354751,-0.0162749
23,48,0.995112,0.00328996,-0.0165142
23,49,0.995402,0.00302665,-0.0167346
23,50,0.995694,0.00275819,-0.0169361
23,51,0.995988,0.00248521,-0.017118
23,52,0.996283,0.00220832,-0.0172806
23,53,0.996579,0.00192815,-0.0174232
23,54,0.996878,0.00164532,-0.017546
23,55,0.997177,0.00136046,-0.0176486
23,56,0.997479,0.0010742,-0.0177313
23,57,0.997781,0.00078716,-0.0177937
23,58,0.998086,0.000499977,-0.0178361
23,59,0.998392,0.000213272,-0.0178582
23,60,0.998699,-7.2329e-05,-0.0178604
23,61,0.999009,-0.0003562,-0.0178426
23,62,0.999319,-0.000637717,-0.0178051
23,63,0.999632,-0.000916257,-0.0177478
23,64,0.999946,-0.0011912,-0.0176713
23,65,1.00026,-0.00146191,-0.0175753
23,66,1.00058,-0.00172779,-0.0174606
23,67,1.0009,-0.0019882,-0.017327
23,68,1.00121,-0.00224253,-0.0171752
23,69,1.00153,-0.00249016,-0.0170051
23,70,1.00186,-0.00273048,-0.0168176
23,71,1.00218,-0.00296289,-0.0166125
23,72,1.0025,-0.00318677,-0.0163908
23,73,1.00282,-0.00340153,-0.0161524
23,74,1.00315,-0.00360659,-0.0158983
23,75,1.00347,-0.00380135,-0.0156285
23,76,1.0038,-0.00398526,-0.015344
23,77,1.00412,-0.00415775,-0.0150449
23,78,1.00445,-0.00431829,-0.0147322
23,79,1.00477,-0.00446636,-0.0144063
23,80,1.00509,-0.00460145,-0.014068
23,81,1.00541,-0.00472311,-0.0137177
23,82,1.00574,-0.00483087,-0.0133566
23,83,1.00606,-0.00492432,-0.0129849
23,84,1.00637,-0.00500309,-0.0126038
23,85,1.00669,-0.00506684,-0.0122137
23,86,1.007,-0.00511525,-0.0118159
23,87,1.00731,-0.00514808,-0.0114109
23,88,1.00762,-0.00516511,-0.0109998
23,89,1.00793,-0.0051662,-0.0105832
23,90,1.00823,-0.00515123,-0.0101624
23,91,1.00853,-0.00512016,-0.00973806
23,92,1.00883,-0.005073,-0.00931144
23,93,1.00912,-0.00500981,-0.00888315
23,94,1.0094,-0.00493073,-0.0084546
23,95,1.00968,-0.00483593,-0.00802638
23,96,1.00996,-0.00472568,-0.00759995
23,97,1.01023,-0.00460028,-0.00717588
23,98,1.0105,-0.00446013,-0.00675567
23,99,1.01076,-0.00430568,-0.00633987
23,100,1.01101,-0.00413749,-0.00592997
23,101,1.01126,-0.00395619,-0.00552651
23,102,1.0115,-0.00376256,-0.00513096
23,103,1.01173,-0.00355751,-0.00474381
23,104,1.01195,-0.0033421,-0.00436647
23,105,1.01217,-0.00311758,-0.00399934
23,106,1.01238,-0.00288541,-0.00364378
23,107,1.01259,-0.0026472,-0.00330005
23,108,1.01278,-0.00240466,-0.0029694
23,109,1.01297,-0.00215949,-0.00265196
23,110,1.01314,-0.00191316,-0.00234889
23,111,1.01331,-0.00166653,-0.0020602
23,112,1.01347,-0.00141945,-0.00178702
23,113,1.01362,-0.0011702,-0.00152938
23,114,1.01376,-0.000914965,-0.00128857
23,115,1.0139,-0.000647552,-0.00106486
23,116,1.01402,-0.000359611,-0.000859954
23,117,1.01413,-4.18858e-05,-0.000674656
23,118,1.01424,0.000313003,-0.000511261
23,119,1.01433,0.000705809,-0.000371049
23,120,1.01442,0.00112392,-0.00025651
23,121,1.01449,0.0015335,-0.000168367
23,122,1.01456,0.00187281,-0.000107414
23,123,1.01461,0.00205073,-7.08545e-05
23,124,1.01466,0.00195609,-5.28672e-05
23,125,1.01469,0.00148293,-4.13588e-05
23,126,1.01472,0.000574011,-2.20223e-05
23,127,1,-0.00343474,0
24,0,1,0,0
24,1,0.98605,-0.000135565,9.80125e-06
24,2,0.98606,0.000118607,1.30039e-05
24,3,0.986081,0.000678104,-1.89126e-05
24,4,0.986115,0.00136654,-9.41017e-05
24,5,0.986161,0.00207588,-0.000214895
24,6,0.986218,0.00274565,-0.000379323
24,7,0.986286,0.00334727,-0.000584207
24,8,0.986366,0.0038724,-0.000825085
24,9,0.986457,0.00432448,-0.00109806
24,10,0.986559,0.00471277,-0.00139904
24,11,0.986671,0.00504837,-0.00172495
24,12,0.986793,0.00534183,-0.00207271
24,13,0.986925,0.00560194,-0.00244015
24,14,0.987067,0.00583529,-0.002825
24,15,0.987218,0.00604635,-0.00322567
24,16,0.987377,0.00623786,-0.00364038
24,17,0.987545,0.00641122,-0.0040678
24,18,0.987722,0.00656696,-0.00450641
24,19,0.987905,0.0067051,-0.00495495
24,20,0.988097,0.00682541,-0.00541201
24,21,0.988295,0.00692763,-0.00587633
24,22,0.9885,0.00701154,-0.00634659
24,23,0.98871,0.00707703,-0.00682147
24,24,0.988927,0.00712415,-0.00729973
24,25,0.98915,0.00715301,-0.00778002
24,26,0.989377,0.00716385,-0.00826117
24,27,0.989609,0.00715697,-0.00874182
24,28,0.989845,0.00713269,-0.00922087
24,29,0.990086,0.0070914,-0.00969697
24,30,0.99033,0.00703347,-0.0101691
24,31,0.990578,0.0069593,-0.0106359
24,32,0.990829,0.00686929,-0.0110966
24,33,0.991083,0.00676385,-0.0115496
24,34,0.99134,0.0066434,-0.0119944
24,35,0.991599,0.00650838,-0.0124294
24,36,0.991861,0.00635924,-0.0128542
24,37,0.992125,0.00619643,-0.0132674
24,38,0.99239,0.00602044,-0.0136684
24,39,0.992658,0.00583179,-0.0140562
24,40,0.992928,0.00563101,-0.0144302
24,41,0.993199,0.00541864,-0.0147893
24,42,0.993471,0.00519525,-0.0151331
24,43,0.993746,0.00496145,-0.0154608
24,44,0.994021,0.00471785,-0.0157721
24,45,0.994299,0.00446507,-0.0160659
24,46,0.994577,0.00420376,-0.0163424
24,47,0.994857,0.00393459,-0.0166005
24,48,0.995139,0.00365822,-0.0168403
24,49,0.995422,0.00337534,-0.017061
24,50,0.995707,0.00308663,-0.0172628
24,51,0.995994,0.00279279,-0.0174451
24,52,0.996282,0.0024945,-0.0176078
24,53,0.996571,0.00219248,-0.0177506
24,54,0.996862,0.00188741,-0.0178737
24,55,0.997155,0.00158,-0.0179766
24,56,0.99745,0.00127094,-0.0180596
24,57,0.997746,0.000960921,-0.0181223
24,58,0.998045,0.000650634,-0.018165
24,59,0.998345,0.000340763,-0.0181876
24,60,0.998646,3.19907e-05,-0.0181904
24,61,0.99895,-0.000275008,-0.0181731
24,62,0.999255,-0.000579559,-0.0181362
24,63,0.999563,-0.000880997,-0.0180796
24,64,0.999871,-0.00117866,-0.0180037
24,65,1.00018,-0.00147188,-0.0179085
24,66,1.00049,-0.00176001,-0.0177944
24,67,1.00081,-0.0020424,-0.0176616
24,68,1.00112,-0.0023184,-0.0175104
24,69,1.00144,-0.00258737,-0.0173411
24,70,1.00176,-0.00284868,-0.0171541
24,71,1.00208,-0.00310169,-0.0169496
24,72,1.0024,-0.00334579,-0.0167283
24,73,1.00272,-0.00358034,-0.0164902
24,74,1.00304,-0.00380475,-0.0162362
24,75,1.00336,-0.00401842,-0.0159664
24,76,1.00368,-0.00422075,-0.0156816
24,77,1.00401,-0.00441118,-0.0153821
24,78,1.00433,-0.00458914,-0.0150688
24,79,1.00465,-0.00475409,-0.0147418
24,80,1.00497,-0.0049055,-0.0144022
24,81,1.00529,-0.00504288,-0.0140504
24,82,1.00561,-0.00516575,-0.0136872
24,83,1.00593,-0.00527366,-0.0133132
24,84,1.00625,-0.00536619,-0.0129294
24,85,1.00657,-0.00544296,-0.0125362
24,86,1.00688,-0.00550363,-0.0121348
24,87,1.00719,-0.00554789,-0.0117257
24,88,1.0075,-0.00557549,-0.0113101
24,89,1.00781,-0.00558622,-0.0108886
24,90,1.00811,-0.00557991,-0.0104624
24,91,1.00841,-0.00555646,-0.0100321
24,92,1.00871,-0.00551581,-0.00959905
24,93,1.009,-0.00545798,-0.00916388
24,94,1.00928,-0.00538303,-0.00872797
24,95,1.00957,-0.00529107,-0.00829194
24,96,1.00984,-0.00518232,-0.00785721
24,97,1.01012,-0.00505701,-0.00742444
24,98,1.01038,-0.00491548,-0.00699507
24,99,1.01064,-0.00475814,-0.00656974
24,100,1.0109,-0.0045855,-0.00614991
24,101,1.01114,-0.00439817,-0.00573621
24,102,1.01138,-0.0041969,-0.00533008
24,103,1.01162,-0.0039826,-0.0049321
24,104,1.01184,-0.00375633,-0.00454367
24,105,1.01206,-0.0035194,-0.00416529
24,106,1.01227,-0.00327328,-0.00379831
24,107,1.01248,-0.00301966,-0.00344309
24,108,1.01267,-0.00276035,-0.0031009
24,109,1.01286,-0.00249713,-0.00277196
24,110,1.01304,-0.00223157,-0.00245743
24,111,1.01321,-0.0019646,-0.00215746
24,112,1.01337,-0.00169614,-0.00187317
24,113,1.01352,-0.00142447,-0.00160472
24,114,1.01366,-0.00114573,-0.00135339
24,115,1.01379,-0.000853591,-0.00111957
24,116,1.01392,-0.000539518,-0.000904979
24,117,1.01403,-0.000194035,-0.000710484
24,118,1.01413,0.000190425,-0.000538384
24,119,1.01423,0.000614649,-0.000390056
24,120,1.01431,0.00106571,-0.000268035
24,121,1.01439,0.00150885,-0.000173305
24,122,1.01445,0.00188044,-0.000106841
24,123,1.01451,0.00208615,-6.61295e-05
24,124,1.01455,0.00200998,-4.66221e-05
24,125,1.01459,0.0015397,-3.67097e-05
24,126,1.01461,0.000611169,-1.61741e-05
24,127,1,-0.00343474,0
25,0,1,0,0
25,1,0.986268,0.000101681,7.0951e-06
25,2,0.986278,0.000382263,5.48606e-06
25,3,0.9863,0.000978369,-3.2685e-05
25,4,0.986334,0.00170628,-0.000114917
25,5,0.986379,0.00245344,-0.000243466
25,6,0.986436,0.00315696,-0.000416363
25,7,0.986505,0.00378725,-0.000630289
25,8,0.986584,0.00433585,-0.000880683
25,9,0.986674,0.00480657,-0.00116354
25,10,0.986775,0.00520922,-0.00147471
25,11,0.986886,0.00555552,-0.001811
25,12,0.987007,0.0058566,-0.00216927
25,13,0.987137,0.00612172,-0.00254726
25,14,0.987277,0.00635788,-0.00294266
25,15,0.987426,0.00656987,-0.00335378
25,16,0.987584,0.00676065,-0.0037788
25,17,0.987749,0.0069318,-0.00421634
25,18,0.987923,0.00708399,-0.00466483
25,19,0.988104,0.00721734,-0.00512297
25,20,0.988292,0.00733172,-0.00558932
25,21,0.988487,0.00742693,-0.00606259
25,22,0.988688,0.00750281,-0.00654142
25,23,0.988895,0.00755933,-0.00702448
25,24,0.989107,0.00759657,-0.00751052
25,25,0.989325,0.00761472,-0.00799816
25,26,0.989548,0.00761406,-0.00848623
25,27,0.989775,0.00759495,-0.00897336
25,28,0.990006,0.00755777,-0.00945845
25,29,0.990242,0.00750296,-0.00994014
25,30,0.99048,0.00743096,-0.0104174
25,31,0.990722,0.0073422,-0.010889
25,32,0.990967,0.00723715,-0.0113539
25,33,0.991215,0.00711628,-0.0118108
25,34,0.991466,0.00698004,-0.012259
25,35,0.991718,0.00682894,-0.0126972
25,36,0.991973,0.00666346,-0.0131247
25,37,0.99223,0.00648412,-0.0135402
25,38,0.992489,0.00629145,-0.0139433
25,39,0.992749,0.006086,-0.0143328
25,40,0.993012,0.00586834,-0.0147082
25,41,0.993275,0.00563906,-0.0150685
25,42,0.993541,0.00539876,-0.0154134
25,43,0.993808,0.00514808,-0.0157419
25,44,0.994076,0.00488763,-0.0160538
25,45,0.994346,0.00461808,-0.0163482
25,46,0.994617,0.00434009,-0.016625
25,47,0.99489,0.00405433,-0.0168834
25,48,0.995164,0.00376147,-0.0171235
25,49,0.99544,0.00346221,-0.0173445
25,50,0.995718,0.00315723,-0.0175465
25,51,0.995997,0.00284723,-0.017729
25,52,0.996278,0.0025329,-0.017892
25,53,0.996561,0.00221493,-0.0180351
25,54,0.996845,0.00189401,-0.0181586
25,55,0.997132,0.00157085,-0.0182619
25,56,0.99742,0.00124612,-0.0183454
25,57,0.99771,0.000920518,-0.0184087
25,58,0.998002,0.000594733,-0.0184522
25,59,0.998296,0.000269445,-0.0184756
25,60,0.998592,-5.46614e-05,-0.0184793
25,61,0.99889,-0.000376905,-0.018463
25,62,0.999191,-0.000696607,-0.0184272
25,63,0.999493,-0.00101309,-0.0183718
25,64,0.999797,-0.00132567,-0.0182971
25,65,1.0001,-0.00163367,-0.0182032
25,66,1.00041,-0.00193642,-0.0180906
25,67,1.00072,-0.00223324,-0.0179591
25,68,1.00103,-0.00252346,-0.0178093
25,69,1.00134,-0.00280639,-0.0176413
25,70,1.00166,-0.00308137,-0.0174557
25,71,1.00197,-0.00334773,-0.0172525
25,72,1.00229,-0.0036048,-0.0170324
25,73,1.00261,-0.00385192,-0.0167955
25,74,1.00293,-0.00408843,-0.0165424
25,75,1.00325,-0.00431369,-0.0162735
25,76,1.00357,-0.00452705,-0.0159893
25,77,1.00389,-0.0047279,-0.0156902
25,78,1.00421,-0.00491563,-0.0153771
25,79,1.00453,-0.00508964,-0.01505
25,80,1.00485,-0.00524936,-0.0147101
25,81,1.00517,-0.00539426,-0.0143575
25,82,1.00549,-0.0055238,-0.0139933
25,83,1.00581,-0.00563751,-0.0136178
25,84,1.00613,-0.00573493,-0.0132322
25,85,1.00644,-0.00581566,-0.0128368
25,86,1.00676,-0.00587932,-0.0124327
25,87,1.00707,-0.0059256,-0.0120205
25,88,1.00738,-0.00595423,-0.0116013
25,89,1.00768,-0.00596499,-0.0111757
25,90,1.00799,-0.00595772,-0.010745
25,91,1.00828,-0.00593234,-0.0103097
25,92,1.00858,-0.00588879,-0.00987112
25,93,1.00887,-0.00582712,-0.00942993
25,94,1.00916,-0.00574741,-0.00898749
25,95,1.00944,-0.00564984,-0.00854445
25,96,1.00972,-0.00553462,-0.00810223
25,97,1.00999,-0.00540208,-0.00766152
25,98,1.01026,-0.00525258,-0.00722374
25,99,1.01052,-0.00508661,-0.0067896
25,100,1.01077,-0.00490472,-0.00636054
25,101,1.01102,-0.0047076,-0.00593726
25,102,1.01126,-0.00449606,-0.00552119
25,103,1.01149,-0.00427106,-0.00511298
25,104,1.01172,-0.00403377,-0.00471406
25,105,1.01194,-0.00378553,-0.00432497
25,106,1.01215,-0.0035279,-0.0039471
25,107,1.01235,-0.00326261,-0.00358089
25,108,1.01255,-0.00299154,-0.00322761
25,109,1.01274,-0.0027165,-0.00288759
25,110,1.01291,-0.00243905,-0.00256203
25,111,1.01308,-0.00216012,-0.00225115
25,112,1.01324,-0.00187956,-0.00195612
25,113,1.0134,-0.00159551,-0.00167719
25,114,1.01354,-0.00130392,-0.00141568
25,115,1.01367,-0.000998208,-0.00117207
25,116,1.01379,-0.000669516,-0.00094806
25,117,1.01391,-0.000308,-0.000744636
25,118,1.01401,9.42572e-05,-0.000564079
25,119,1.0141,0.000538291,-0.000407869
25,120,1.01419,0.00101117,-0.000278589
25,121,1.01426,0.00147761,-0.000177403
25,122,1.01433,0.00187264,-0.000105586
25,123,1.01438,0.0020993,-6.12952e-05
25,124,1.01443,0.00203722,-3.96457e-05
25,125,1.01446,0.00156795,-2.9585e-05
25,126,1.01448,0.000619926,-1.70754e-05
25,127,1,-0.00343474,0
26,0,1,0,0
26,1,0.986495,-0.000117505,5.10538e-06
26,2,0.986504,0.000193977,-2.02677e-06
26,3,0.986526,0.0008348,-4.58707e-05
26,4,0.986558,0.00161346,-0.000134546
26,5,0.986603,0.00241238,-0.000270237
26,6,0.986659,0.00316581,-0.000450819
26,7,0.986726,0.00384279,-0.000672893
26,8,0.986804,0.00443449,-0.000931831
26,9,0.986894,0.00494481,-0.00122353
26,10,0.986993,0.00538395,-0.00154377
26,11,0.987103,0.00576403,-0.0018893
26,12,0.987223,0.00609657,-0.00225689
26,13,0.987352,0.00639118,-0.00264422
26,14,0.98749,0.00665508,-0.00304891
26,15,0.987637,0.00689324,-0.00346922
26,16,0.987793,0.00710872,-0.00390329
26,17,0.987956,0.00730316,-0.00434966
26,18,0.988128,0.00747723,-0.00480675
26,19,0.988306,0.00763105,-0.0052732
26,20,0.988491,0.00776446,-0.00574755
26,21,0.988683,0.00787725,-0.00622847
26,22,0.988881,0.00796924,-0.0067146
26,23,0.989085,0.00804037,-0.00720459
26,24,0.989293,0.0080907,-0.00769714
26,25,0.989507,0.00812041,-0.0081909
26,26,0.989726,0.00812977,-0.00868467
26,27,0.989948,0.00811913,-0.00917708
26,28,0.990175,0.00808887,-0.00966703
26,29,0.990405,0.00803942,-0.0101532
26,30,0.990638,0.00797121,-0.0106345
26,31,0.990875,0.00788471,-0.0111097
26,32,0.991114,0.00778038,-0.0115778
26,33,0.991356,0.00765869,-0.0120376
26,34,0.9916,0.00752014,-0.0124883
26,35,0.991846,0.00736523,-0.0129287
26,36,0.992094,0.00719449,-0.013358
26,37,0.992344,0.00700845,-0.0137751
26,38,0.992596,0.0068077,-0.0141795
26,39,0.992849,0.00659282,-0.01457
26,40,0.993104,0.00636443,-0.0149463
26,41,0.993361,0.00612317,-0.0153072
26,42,0.993618,0.0058697,-0.0156526
26,43,0.993878,0.0056047,-0.0159814
26,44,0.994138,0.00532888,-0.0162935
26,45,0.994401,0.00504294,-0.0165881
26,46,0.994664,0.00474763,-0.016865
26,47,0.994929,0.00444368,-0.0171235
26,48,0.995196,0.00413186,-0.0173637
26,49,0.995465,0.00381291,-0.0175848
26,50,0.995735,0.0034876,-0.017787
26,51,0.996006,0.00315669,-0.0179696
26,52,0.99628,0.00282096,-0.018133
26,53,0.996555,0.00248118,-0.0182765
26,54,0.996833,0.00213809,-0.0184005
26,55,0.997112,0.00179246,-0.0185044
26,56,0.997394,0.00144506,-0.0185887
26,57,0.997677,0.00109662,-0.018653
26,58,0.997963,0.000747886,-0.0186975
26,59,0.998251,0.000399607,-0.0187221
26,60,0.998541,5.25127e-05,-0.0187271
26,61,0.998833,-0.00029267,-0.0187122
26,62,0.999127,-0.000635218,-0.018678
26,63,0.999424,-0.000974413,-0.0186243
26,64,0.999723,-0.00130954,-0.0185515
26,65,1.00002,-0.0016399,-0.0184595
26,66,1.00033,-0.00196477,-0.0183488
26,67,1.00063,-0.00228346,-0.0182193
26,68,1.00094,-0.00259527,-0.0180716
26,69,1.00125,-0.0028995,-0.0179057
26,70,1.00156,-0.00319547,-0.0177221
26,71,1.00187,-0.00348249,-0.017521
26,72,1.00218,-0.00375988,-0.0173028
26,73,1.0025,-0.00402695,-0.0170678
26,74,1.00282,-0.00428305,-0.0168165
26,75,1.00313,-0.0045275,-0.0165492
26,76,1.00345,-0.00475966,-0.0162665
26,77,1.00377,-0.0049789,-0.0159687
26,78,1.00409,-0.00518457,-0.0156565
26,79,1.00441,-0.00537607,-0.0153303
26,80,1.00473,-0.00555282,-0.0149908
26,81,1.00505,-0.00571423,-0.0146384
26,82,1.00536,-0.00585976,-0.014274
26,83,1.00568,-0.0059889,-0.0138981
26,84,1.006,-0.00610116,-0.0135115
26,85,1.00631,-0.00619609,-0.0131148
26,86,1.00663,-0.00627328,-0.0127089
26,87,1.00694,-0.00633236,-0.0122945
26,88,1.00725,-0.00637301,-0.0118727
26,89,1.00755,-0.00639496,-0.011444
26,90,1.00785,-0.006398,-0.0110095
26,91,1.00815,-0.00638196,-0.0105701
26,92,1.00845,-0.00634673,-0.0101269
26,93,1.00874,-0.00629229,-0.00968052
26,94,1.00903,-0.00621865,-0.00923239
26,95,1.00931,-0.00612591,-0.00878318
26,96,1.00959,-0.00601422,-0.00833427
26,97,1.00986,-0.00588382,-0.00788641
26,98,1.01013,-0.00573502,-0.007441
26,99,1.01039,-0.00556823,-0.00699879
26,100,1.01065,-0.00538396,-0.00656123
26,101,1.01089,-0.00518284,-0.00612906
26,102,1.01114,-0.00496564,-0.00570372
26,103,1.01137,-0.00473331,-0.00528593
26,104,1.0116,-0.004487,-0.00487712
26,105,1.01182,-0.00422807,-0.00447792
26,106,1.01203,-0.0039581,-0.00408971
26,107,1.01223,-0.00367888,-0.00371304
26,108,1.01243,-0.00339234,-0.00334918
26,109,1.01261,-0.00310039,-0.00299857
26,110,1.01279,-0.00280465,-0.00266242
26,111,1.01296,-0.00250613,-0.00234107
26,112,1.01312,-0.00220472,-0.0020357
26,113,1.01327,-0.00189856,-0.00174668
26,114,1.01342,-0.00158357,-0.00147533
26,115,1.01355,-0.00125304,-0.00122226
26,116,1.01367,-0.000897923,-0.000989158
26,117,1.01378,-0.000508181,-0.000777099
26,118,1.01389,-7.56928e-05,-0.000588361
26,119,1.01398,0.000400652,-0.000424517
26,120,1.01406,0.000907713,-0.000288194
26,121,1.01414,0.00140947,-0.000180808
26,122,1.0142,0.00183931,-0.000103814
26,123,1.01426,0.00209728,-5.56394e-05
26,124,1.0143,0.00205827,-3.27102e-05
26,125,1.01433,0.00159717,-2.45021e-05
26,126,1.01436,0.000634497,-1.09748e-05
26,127,1,-0.00343474,0
27,0,1,0,0
27,1,0.98673,0.000118169,2.42791e-06
27,2,0.98674,0.000457372,-9.29528e-06
27,3,0.986762,0.00113619,-5.86813e-05
27,4,0.986795,0.00195567,-0.000153326
27,5,0.986839,0.00279364,-0.000295388
27,6,0.986895,0.0035819,-0.000482787
27,7,0.986962,0.0042885,-0.000712035
27,8,0.98704,0.00490449,-0.000978447
27,9,0.987128,0.00543415,-0.00127786
27,10,0.987226,0.00588825,-0.00160599
27,11,0.987335,0.00627952,-0.00195951
27,12,0.987453,0.00662008,-0.00233517
27,13,0.98758,0.00692001,-0.00273056
27,14,0.987717,0.00718695,-0.00314325
27,15,0.987862,0.00742617,-0.00357144
27,16,0.988015,0.00764099,-0.00401323
27,17,0.988175,0.00783323,-0.00446712
27,18,0.988344,0.00800372,-0.00493148
27,19,0.988519,0.00815268,-0.00540492
27,20,0.9887,0.00828005,-0.00588597
27,21,0.988888,0.00838569,-0.00637326
27,22,0.989082,0.00846949,-0.0068654
27,23,0.989281,0.00853146,-0.00736104
27,24,0.989486,0.00857172,-0.00785887
27,25,0.989695,0.00859052,-0.00835752
27,26,0.989908,0.00858818,-0.00885579
27,27,0.990125,0.00856511,-0.00935233
27,28,0.990346,0.00852176,-0.00984601
27,29,0.990571,0.00845861,-0.0103355
27,30,0.990798,0.00837615,-0.0108198
27,31,0.991028,0.00827491,-0.0112976
27,32,0.991261,0.00815541,-0.011768
27,33,0.991496,0.00801817,-0.0122297
27,34,0.991733,0.00786375,-0.012682
27,35,0.991973,0.00769269,-0.0131237
27,36,0.992214,0.00750559,-0.0135541
27,37,0.992457,0.00730303,-0.013972
27,38,0.992701,0.00708563,-0.0143769
27,39,0.992947,0.00685402,-0.0147678
27,40,0.993194,0.00660887,-0.0151443
27,41,0.993443,0.00635083,-0.0155054
27,42,0.993693,0.00608061,-0.0158507
27,43,0.993945,0.00579891,-0.0161795
27,44,0.994198,0.00550646,-0.0164914
27,45,0.994453,0.00520398,-0.0167858
27,46,0.994709,0.00489223,-0.0170626
27,47,0.994967,0.00457195,-0.017321
27,48,0.995226,0.0042439,-0.017561
27,49,0.995487,0.00390884,-0.0177821
27,50,0.995749,0.00356752,-0.0179844
27,51,0.996014,0.00322072,-0.0181673
27,52,0.99628,0.00286917,-0.018331
27,53,0.996549,0.00251365,-0.018475
27,54,0.996819,0.00215491,-0.0185996
27,55,0.997091,0.00179369,-0.0187044
27,56,0.997366,0.00143073,-0.0187897
27,57,0.997643,0.00106679,-0.0188551
27,58,0.997923,0.000702589,-0.018901
27,59,0.998204,0.000338873,-0.0189271
27,60,0.998488,-2.36312e-05,-0.0189337
27,61,0.998775,-0.000384193,-0.0189208
27,62,0.999064,-0.000742086,-0.0188886
27,63,0.999355,-0.00109658,-0.018837
27,64,0.999649,-0.00144696,-0.0187665
27,65,0.999945,-0.00179248,-0.0186769
27,66,1.00024,-0.00213243,-0.0185687
27,67,1.00054,-0.00246607,-0.0184419
27,68,1.00085,-0.00279269,-0.0182969
27,69,1.00115,-0.00311154,-0.0181336
27,70,1.00146,-0.00342191,-0.0179528
27,71,1.00177,-0.00372306,-0.0177543
27,72,1.00208,-0.00401426,-0.0175389
27,73,1.00239,-0.0042948,-0.0173064
27,74,1.0027,-0.00456395,-0.0170577
27,75,1.00302,-0.004821,-0.0167927
27,76,1.00333,-0.00506525,-0.0165123
27,77,1.00365,-0.00529599,-0.0162165
27,78,1.00397,-0.00551255,-0.0159062
27,79,1.00428,-0.00571426,-0.0155816
27,80,1.0046,-0.00590048,-0.0152435
27,81,1.00492,-0.00607059,-0.0148921
27,82,1.00524,-0.00622398,-0.0145285
27,83,1.00555,-0.00636011,-0.0141529
27,84,1.00587,-0.00647843,-0.0137663
27,85,1.00618,-0.00657847,-0.0133691
27,86,1.00649,-0.00665978,-0.0129624
27,87,1.0068,-0.00672197,-0.0125467
27,88,1.00711,-0.0067647,-0.0121231
27,89,1.00742,-0.00678768,-0.0116921
27,90,1.00772,-0.00679069,-0.011255
27,91,1.00802,-0.00677357,-0.0108123
27,92,1.00831,-0.00673624,-0.0103653
27,93,1.00861,-0.00667866,-0.00991468
27,94,1.00889,-0.00660089,-0.00946174
27,95,1.00918,-0.00650305,-0.00900723
27,96,1.00945,-0.00638533,-0.00855249
27,97,1.00973,-0.00624802,-0.0080983
27,98,1.00999,-0.00609149,-0.00764607
27,99,1.01025,-0.00591618,-0.00719659
27,100,1.01051,-0.00572268,-0.00675129
27,101,1.01076,-0.00551168,-0.00631098
27,102,1.011,-0.00528403,-0.0058771
27,103,1.01123,-0.00504073,-0.00545043
27,104,1.01146,-0.00478301,-0.00503239
27,105,1.01168,-0.0045123,-0.00462372
27,106,1.01189,-0.00423027,-0.00422578
27,107,1.01209,-0.00393875,-0.00383923
27,108,1.01229,-0.00363974,-0.00346534
27,109,1.01247,-0.00333516,-0.00310467
27,110,1.01265,-0.00302667,-0.00275843
27,111,1.01282,-0.00271526,-0.00242707
27,112,1.01298,-0.00240074,-0.0021118
27,113,1.01313,-0.00208116,-0.00181309
27,114,1.01327,-0.00175222,-0.00153231
27,115,1.01341,-0.001407,-0.00127013
27,116,1.01353,-0.00103615,-0.00102828
27,117,1.01364,-0.000629269,-0.0008079
27,118,1.01375,-0.000177879,-0.000611267
27,119,1.01384,0.000319427,-0.000440053
27,120,1.01392,0.000849619,-0.000296932
27,121,1.014,0.00137638,-0.000183485
27,122,1.01406,0.00183202,-0.000101467
27,123,1.01411,0.00211425,-4.99778e-05
27,124,1.01416,0.00209376,-2.51084e-05
27,125,1.01419,0.00163897,-1.69161e-05
27,126,1.01421,0.000661956,-1.17432e-05
27,127,1,-0.00343474,0
28,0,1,0,0
28,1,0.986974,-9.86238e-05,3.9321e-07
28,2,0.986983,0.000272359,-1.64883e-05
28,3,0.987004,0.000996924,-7.08372e-05
28,4,0.987036,0.00186822,-0.000170827
28,5,0.98708,0.00275895,-0.000318602
28,6,0.987135,0.00359803,-0.000511987
28,7,0.9872,0.00435216,-0.000747462
28,8,0.987277,0.00501196,-0.00102032
28,9,0.987364,0.00558186,-0.00132633
28,10,0.987461,0.00607295,-0.00166118
28,11,0.987569,0.00649841,-0.00202148
28,12,0.987685,0.00687074,-0.00240395
28,13,0.987811,0.00720035,-0.0028061
28,14,0.987945,0.00749513,-0.00322548
28,15,0.988088,0.00776054,-0.00366022
28,16,0.988239,0.00799998,-0.0041084
28,17,0.988397,0.00821536,-0.00456847
28,18,0.988563,0.0084075,-0.00503876
28,19,0.988735,0.00857666,-0.00551786
28,20,0.988914,0.00872275,-0.00600428
28,21,0.989099,0.00884561,-0.00649661
28,22,0.989289,0.00894512,-0.00699348
28,23,0.989484,0.00902128,-0.00749348
28,24,0.989684,0.00907419,-0.00799533
28,25,0.989889,0.00910408,-0.00849764
28,26,0.990097,0.00911128,-0.00899921
28,27,0.99031,0.00909619,-0.00949867
28,28,0.990526,0.00905927,-0.00999493
28,29,0.990744,0.00900098,-0.0104867
28,30,0.990966,0.00892185,-0.0109728
28,31,0.99119,0.0088224,-0.0114522
28,32,0.991417,0.00870315,-0.0119239
28,33,0.991646,0.00856465,-0.0123866
28,34,0.991876,0.00840749,-0.0128396
28,35,0.992109,0.00823223,-0.0132817
28,36,0.992343,0.00803949,-0.0137123
28,37,0.992579,0.00782989,-0.0141303
28,38,0.992816,0.0076041,-0.0145351
28,39,0.993054,0.00736278,-0.0149258
28,40,0.993294,0.00710665,-0.0153019
28,41,0.993535,0.00683643,-0.0156625
28,42,0.993778,0.00655286,-0.0160074
28,43,0.994022,0.00625673,-0.0163356
28,44,0.994267,0.00594881,-0.0166471
28,45,0.994513,0.00562991,-0.016941
28,46,0.994762,0.00530083,-0.0172173
28,47,0.995011,0.00496241,-0.0174754
28,48,0.995263,0.00461547,-0.0177152
28,49,0.995516,0.00426083,-0.0179363
28,50,0.995771,0.00389934,-0.0181386
28,51,0.996027,0.00353183,-0.0183217
28,52,0.996286,0.00315911,-0.0184858
28,53,0.996547,0.00278203,-0.0186304
28,54,0.99681,0.0024014,-0.0187558
28,55,0.997076,0.00201803,-0.0188615
28,56,0.997343,0.00163272,-0.018948
28,57,0.997613,0.00124628,-0.0190148
28,58,0.997886,0.0008595,-0.0190623
28,59,0.998161,0.000473161,-0.0190903
28,60,0.998439,8.80409e-05,-0.019099
28,61,0.998719,-0.000295089,-0.0190883
28,62,0.999002,-0.000675462,-0.0190585
28,63,0.999287,-0.00105232,-0.0190095
28,64,0.999576,-0.0014249,-0.0189418
28,65,0.999866,-0.00179246,-0.0188551
28,66,1.00016,-0.00215424,-0.0187499
28,67,1.00046,-0.0025095,-0.0186262
28,68,1.00075,-0.00285749,-0.0184844
28,69,1.00105,-0.00319746,-0.0183246
28,70,1.00136,-0.00352869,-0.018147
28,71,1.00166,-0.00385042,-0.0179519
28,72,1.00197,-0.00416192,-0.0177398
28,73,1.00228,-0.00446246,-0.0175107
28,74,1.00259,-0.00475131,-0.0172651
28,75,1.0029,-0.00502775,-0.0170033
28,76,1.00321,-0.00529106,-0.0167259
28,77,1.00353,-0.00554053,-0.016433
28,78,1.00384,-0.00577547,-0.0161253
28,79,1.00416,-0.0059952,-0.0158031
28,80,1.00447,-0.00619905,-0.0154671
28,81,1.00479,-0.00638639,-0.0151176
28,82,1.0051,-0.00655658,-0.0147556
28,83,1.00542,-0.00670906,-0.0143812
28,84,1.00573,-0.00684324,-0.0139954
28,85,1.00604,-0.0069586,-0.0135988
28,86,1.00635,-0.00705467,-0.0131921
28,87,1.00666,-0.00713099,-0.0127761
28,88,1.00697,-0.00718718,-0.0123516
28,89,1.00728,-0.00722289,-0.0119193
28,90,1.00758,-0.00723784,-0.0114803
28,91,1.00788,-0.00723181,-0.0110353
28,92,1.00817,-0.00720462,-0.0105854
28,93,1.00846,-0.00715618,-0.0101314
28,94,1.00875,-0.00708646,-0.00967457
28,95,1.00903,-0.00699551,-0.00921564
28,96,1.00931,-0.00688343,-0.00875594
28,97,1.00958,-0.00675042,-0.00829629
28,98,1.00985,-0.00659677,-0.00783808
28,99,1.01011,-0.00642286,-0.00738216
28,100,1.01037,-0.00622919,-0.00692993
28,101,1.01062,-0.00601639,-0.00648226
28,102,1.01086,-0.00578524,-0.0060406
28,103,1.01109,-0.00553672,-0.00560578
28,104,1.01132,-0.00527203,-0.00517923
28,105,1.01154,-0.00499258,-0.00476176
28,106,1.01175,-0.00470004,-0.00435476
28,107,1.01195,-0.00439629,-0.00395895
28,108,1.01215,-0.00408336,-0.00357564
28,109,1.01234,-0.00376325,-0.00320547
28,110,1.01251,-0.00343766,-0.00284968
28,111,1.01268,-0.00310764,-0.00250882
28,112,1.01284,-0.00277304,-0.00218414
28,113,1.01299,-0.00243189,-0.00187621
28,114,1.01313,-0.00207988,-0.00158642
28,115,1.01327,-0.00170995,-0.00131554
28,116,1.01339,-0.00131259,-0.00106531
28,117,1.0135,-0.00087721,-0.000836953
28,118,1.0136,-0.000395121,-0.000632745
28,119,1.0137,0.000135201,-0.000454443
28,120,1.01378,0.000700625,-0.000304764
28,121,1.01385,0.00126427,-0.000185533
28,122,1.01391,0.00175706,-9.86799e-05
28,123,1.01397,0.00207397,-4.35659e-05
28,124,1.01401,0.00208104,-1.76167e-05
28,125,1.01404,0.00163974,-1.14678e-05
28,126,1.01406,0.000653258,-5.46684e-06
28,127,1,-0.00343474,0
29,0,1,0,0
29,1,0.987227,0.000135326,-2.23711e-06
29,2,0.987237,0.000534449,-2.34657e-05
29,3,0.987258,0.0012976,-8.25936e-05
29,4,0.98729,0.00221035,-0.000187412
29,5,0.987334,0.00314077,-0.000340093
29,6,0.987388,0.00401529,-0.000538545
29,7,0.987454,0.00479958,-0.000779218
29,8,0.987529,0.00548419,-0.00105739
29,9,0.987616,0.00607388,-0.0013688
29,10,0.987712,0.00658033,-0.00170912
29,11,0.987817,0.00701733,-0.00207491
29,12,0.987932,0.00739794,-0.00246285
29,13,0.988056,0.00773308,-0.00287043
29,14,0.988188,0.00803105,-0.00329513
29,15,0.988328,0.00829761,-0.00373506
29,16,0.988476,0.00853644,-0.00418825
29,17,0.988631,0.00874962,-0.00465312
29,18,0.988794,0.00893815,-0.00512798
29,19,0.988962,0.00910239,-0.00561139
29,20,0.989137,0.00924235,-0.00610183
29,21,0.989317,0.00935795,-0.0065979
29,22,0.989503,0.00944917,-0.00709818
29,23,0.989694,0.00951604,-0.00760128
29,24,0.989889,0.00955876,-0.0081059
29,25,0.990088,0.00957762,-0.00861065
29,26,0.990291,0.00957301,-0.00911432
29,27,0.990498,0.00954539,-0.00961557
29,28,0.990708,0.00949529,-0.0101133
29,29,0.99092,0.00942324,-0.0106062
29,30,0.991136,0.00932981,-0.0110932
29,31,0.991353,0.0092156,-0.0115732
29,32,0.991573,0.00908119,-0.0120452
29,33,0.991795,0.00892719,-0.0125079
29,34,0.992018,0.00875423,-0.0129608
29,35,0.992244,0.00856295,-0.0134026
29,36,0.99247,0.008354,-0.0138327
29,37,0.992698,0.00812807,-0.01425
29,38,0.992928,0.00788586,-0.0146541
29,39,0.993159,0.00762808,-0.0150439
29,40,0.993391,0.00735548,-0.0154191
29,41,0.993624,0.00706882,-0.0157788
29,42,0.993859,0.00676888,-0.0161227
29,43,0.994095,0.00645644,-0.01645
29,44,0.994333,0.00613232,-0.0167606
29,45,0.994571,0.00579731,-0.0170538
29,46,0.994812,0.00545225,-0.0173295
29,47,0.995054,0.00509796,-0.017587
29,48,0.995297,0.00473526,-0.0178265
29,49,0.995543,0.00436498,-0.0180473
29,50,0.99579,0.00398794,-0.0182496
29,51,0.996039,0.00360496,-0.0184329
29,52,0.996291,0.00321686,-0.0185974
29,53,0.996545,0.00282444,-0.0187426
29,54,0.9968,0.00242852,-0.0188689
29,55,0.997059,0.00202988,-0.0189758
29,56,0.99732,0.00162931,-0.0190636
29,57,0.997583,0.00122761,-0.019132
29,58,0.997849,0.000825549,-0.0191814
29,59,0.998118,0.000423905,-0.0192114
29,60,0.998389,2.34494e-05,-0.0192225
29,61,0.998663,-0.000375048,-0.0192143
29,62,0.998941,-0.000770819,-0.0191873
29,63,0.99922,-0.0011631,-0.0191414
29,64,0.999503,-0.00155111,-0.0190768
29,65,0.999789,-0.0019341,-0.0189935
29,66,1.00008,-0.00231129,-0.0188918
29,67,1.00037,-0.00268191,-0.0187718
29,68,1.00066,-0.00304518,-0.0186337
29,69,1.00096,-0.00340032,-0.0184777
29,70,1.00126,-0.00374656,-0.0183041
29,71,1.00156,-0.0040831,-0.0181129
29,72,1.00186,-0.00440918,-0.0179047
29,73,1.00216,-0.004724,-0.0176795
29,74,1.00247,-0.00502677,-0.0174379
29,75,1.00278,-0.00531673,-0.0171799
29,76,1.00309,-0.0055931,-0.0169061
29,77,1.0034,-0.00585511,-0.0166168
29,78,1.00371,-0.00610201,-0.0163125
29,79,1.00403,-0.00633306,-0.0159935
29,80,1.00434,-0.00654753,-0.0156605
29,81,1.00465,-0.00674472,-0.0153138
29,82,1.00497,-0.00692396,-0.0149541
29,83,1.00528,-0.0070846,-0.0145818
29,84,1.00559,-0.00722603,-0.0141978
29,85,1.0059,-0.00734769,-0.0138025
29,86,1.00621,-0.00744904,-0.0133968
29,87,1.00652,-0.00752962,-0.0129812
29,88,1.00683,-0.00758899,-0.0125568
29,89,1.00713,-0.0076268,-0.0121241
29,90,1.00743,-0.00764274,-0.0116842
29,91,1.00773,-0.00763659,-0.0112378
29,92,1.00802,-0.00760818,-0.010786
29,93,1.00832,-0.00755742,-0.0103296
29,94,1.0086,-0.00748431,-0.00986979
29,95,1.00888,-0.0073889,-0.00940736
29,96,1.00916,-0.00727134,-0.00894362
29,97,1.00943,-0.00713187,-0.00847943
29,98,1.0097,-0.00697083,-0.00801614
29,99,1.00996,-0.00678865,-0.00755464
29,100,1.01021,-0.00658589,-0.00709635
29,101,1.01046,-0.00636323,-0.00664217
29,102,1.0107,-0.00612155,-0.00619354
29,103,1.01094,-0.00586188,-0.00575136
29,104,1.01116,-0.00558549,-0.00531708
29,105,1.01138,-0.00529388,-0.00489156
29,106,1.01159,-0.00498879,-0.0044762
29,107,1.0118,-0.00467218,-0.00407182
29,108,1.01199,-0.00434611,-0.00367974
29,109,1.01218,-0.00401263,-0.00330069
29,110,1.01235,-0.00367347,-0.00293594
29,111,1.01252,-0.00332965,-0.00258615
29,112,1.01268,-0.00298097,-0.00225258
29,113,1.01283,-0.00262537,-0.00193593
29,114,1.01297,-0.00225835,-0.00163759
29,115,1.0131,-0.00187265,-0.00135844
29,116,1.01323,-0.00145846,-0.00110024
29,117,1.01334,-0.00100486,-0.000864276
29,118,1.01344,-0.000502811,-0.000652828
29,119,1.01353,4.95676e-05,-0.000467742
29,120,1.01361,0.000639365,-0.000311781
29,121,1.01369,0.00122961,-0.000186927
29,122,1.01375,0.00175044,-9.54021e-05
29,123,1.0138,0.0020948,-3.72328e-05
29,124,1.01384,0.00212473,-9.5256e-06
29,125,1.01388,0.00169505,-3.52125e-06
29,126,1.0139,0.000699596,-6.0773e-06
29,127,1,-0.00343474,0
30,0,1,0,0
30,1,0.987489,-7.98877e-05,-4.31156e-06
30,2,0.987498,0.000350982,-3.02951e-05
30,3,0.987518,0.00116007,-9.36325e-05
30,4,0.987549,0.00212497,-0.000202638
30,5,0.987592,0.00310855,-0.000359526
30,6,0.987645,0.0040343,-0.000562178
30,7,0.987709,0.00486653,-0.000807062
30,8,0.987784,0.00559535,-0.00108947
30,9,0.987869,0.00622563,-0.00140512
30,10,0.987963,0.00676939,-0.00174968
30,11,0.988068,0.00724084,-0.00211969
30,12,0.988181,0.00765342,-0.0025118
30,13,0.988302,0.00801836,-0.00292345
30,14,0.988433,0.00834422,-0.00335212
30,15,0.988571,0.00863695,-0.00379586
30,16,0.988716,0.00890033,-0.00425269
30,17,0.988869,0.00913651,-0.00472098
30,18,0.989028,0.00934652,-0.00519903
30,19,0.989193,0.00953073,-0.00568538
30,20,0.989364,0.00968915,-0.0061785
30,21,0.989541,0.0098217,-0.00667695
30,22,0.989723,0.00992832,-0.00717934
30,23,0.989909,0.0100091,-0.00768424
30,24,0.9901,0.0100641,-0.00819036
30,25,0.990294,0.0100937,-0.00869632
30,26,0.990493,0.0100983,-0.0092009
30,27,0.990694,0.0100783,-0.00970277
30,28,0.990898,0.0100343,-0.0102008
30,29,0.991105,0.00996675,-0.0106938
30,30,0.991314,0.00987633,-0.0111806
30,31,0.991526,0.00976359,-0.0116602
30,32,0.991739,0.00962915,-0.0121315
30,33,0.991954,0.00947364,-0.0125935
30,34,0.99217,0.0092977,-0.0130453
30,35,0.992389,0.00910201,-0.013486
30,36,0.992608,0.00888726,-0.0139148
30,37,0.992829,0.00865415,-0.0143308
30,38,0.993051,0.00840344,-0.0147334
30,39,0.993274,0.00813589,-0.0151218
30,40,0.993498,0.00785229,-0.0154955
30,41,0.993724,0.00755346,-0.0158538
30,42,0.99395,0.00724022,-0.0161963
30,43,0.994178,0.00691345,-0.0165224
30,44,0.994408,0.00657399,-0.0168318
30,45,0.994638,0.00622273,-0.0171239
30,46,0.994871,0.00586057,-0.0173986
30,47,0.995104,0.00548839,-0.0176555
30,48,0.99534,0.00510709,-0.0178944
30,49,0.995577,0.00471757,-0.0181149
30,50,0.995817,0.00432071,-0.0183171
30,51,0.996058,0.00391742,-0.0185006
30,52,0.996302,0.00350858,-0.0186655
30,53,0.996548,0.00309505,-0.0188115
30,54,0.996796,0.00267771,-0.0189387
30,55,0.997047,0.00225742,-0.0190468
30,56,0.997301,0.00183502,-0.0191361
30,57,0.997557,0.00141135,-0.0192064
30,58,0.997816,0.000987237,-0.0192578
30,59,0.998078,0.000563509,-0.0192902
30,60,0.998343,0.000140976,-0.0193038
30,61,0.998611,-0.000279555,-0.0192985
30,62,0.998881,-0.000697284,-0.0192747
30,63,0.999155,-0.00111141,-0.019232
30,64,0.999432,-0.00152115,-0.019171
30,65,0.999712,-0.00192571,-0.0190914
30,66,0.999995,-0.00232429,-0.0189937
30,67,1.00028,-0.00271612,-0.0188778
30,68,1.00057,-0.00310041,-0.0187439
30,69,1.00086,-0.00347636,-0.0185922
30,70,1.00115,-0.00384319,-0.0184231
30,71,1.00145,-0.00420011,-0.0182364
30,72,1.00175,-0.00454634,-0.0180328
30,73,1.00205,-0.00488107,-0.0178121
30,74,1.00235,-0.00520354,-0.017575
30,75,1.00266,-0.00551295,-0.0173215
30,76,1.00297,-0.00580852,-0.0170521
30,77,1.00327,-0.00608949,-0.0167671
30,78,1.00358,-0.00635508,-0.0164669
30,79,1.00389,-0.00660455,-0.0161519
30,80,1.0042,-0.00683716,-0.0158226
30,81,1.00451,-0.00705219,-0.0154793
30,82,1.00483,-0.00724894,-0.0151229
30,83,1.00514,-0.00742675,-0.0147535
30,84,1.00545,-0.00758496,-0.0143721
30,85,1.00576,-0.00772297,-0.013979
30,86,1.00607,-0.00784022,-0.0135752
30,87,1.00637,-0.00793619,-0.0131611
30,88,1.00668,-0.00801039,-0.0127376
30,89,1.00698,-0.00806241,-0.0123055
30,90,1.00728,-0.00809189,-0.0118656
30,91,1.00758,-0.00809851,-0.0114188
30,92,1.00787,-0.00808204,-0.010966
30,93,1.00816,-0.00804232,-0.0105082
30,94,1.00845,-0.00797924,-0.0100463
30,95,1.00873,-0.00789279,-0.00958135
30,96,1.00901,-0.00778301,-0.00911452
30,97,1.00928,-0.00765005,-0.00864672
30,98,1.00954,-0.00749416,-0.00817928
30,99,1.0098,-0.00731566,-0.00771313
30,100,1.01006,-0.00711504,-0.00724967
30,101,1.01031,-0.00689291,-0.00678986
30,102,1.01055,-0.00665004,-0.00633512
30,103,1.01078,-0.00638742,-0.00588643
30,104,1.01101,-0.00610628,-0.00544522
30,105,1.01123,-0.00580807,-0.00501244
30,106,1.01144,-0.00549453,-0.00458949
30,107,1.01164,-0.00516761,-0.00417726
30,108,1.01183,-0.00482942,-0.00377711
30,109,1.01202,-0.00448202,-0.00338985
30,110,1.0122,-0.00412719,-0.00301679
30,111,1.01236,-0.003766,-0.00265867
30,112,1.01252,-0.00339825,-0.0023168
30,113,1.01267,-0.00302189,-0.00199196
30,114,1.01281,-0.00263236,-0.00168558
30,115,1.01294,-0.0022223,-0.00139865
30,116,1.01306,-0.00178177,-0.0011329
30,117,1.01318,-0.00129963,-0.000889735
30,118,1.01328,-0.000766648,-0.000671415
30,119,1.01337,-0.000180781,-0.00047987
30,120,1.01345,0.00044506,-0.000317904
30,121,1.01352,0.00107352,-0.000187729
30,122,1.01358,0.00163359,-9.1741e-05
30,123,1.01363,0.00201579,-3.02166e-05
30,124,1.01368,0.00207763,-1.60529e-06
30,125,1.01371,0.00166674,2.22105e-06
30,126,1.01373,0.000667209,2.94124e-07
30,127,1,-0.00343474,0
31,0,1,0,0
31,1,0.987759,0.000152217,-6.8785e-06
31,2,0.987768,0.000610727,-3.69458e-05
31,3,0.987789,0.00145815,-0.000104259
31,4,0.987821,0.00246442,-0.0002169
31,5,0.987863,0.00348772,-0.000377166
31,6,0.987917,0.00444899,-0.000583063
31,7,0.98798,0.00531153,-0.000831087
31,8,0.988054,0.00606533,-0.00111656
31,9,0.988138,0.0067156,-0.00143521
31,10,0.988231,0.00727491,-0.00178272
31,11,0.988333,0.00775807,-0.00215561
31,12,0.988444,0.00817908,-0.00255052
31,13,0.988564,0.00854968,-0.00296485
31,14,0.988691,0.0088788,-0.00339608
31,15,0.988826,0.00917274,-0.00384222
31,16,0.988969,0.00943553,-0.00430126
31,17,0.989118,0.00966952,-0.00477157
31,18,0.989273,0.0098759,-0.00525143
31,19,0.989435,0.0100552,-0.00573934
31,20,0.989602,0.0102074,-0.00623377
31,21,0.989774,0.0103327,-0.00673328
31,22,0.989951,0.0104309,-0.00723645
31,23,0.990132,0.0105023,-0.00774189
31,24,0.990317,0.0105472,-0.00824826
31,25,0.990506,0.0105657,-0.00875422
31,26,0.990698,0.0105585,-0.00925854
31,27,0.990893,0.010526,-0.0097599
31,28,0.991091,0.0104688,-0.0102572
31,29,0.991291,0.0103876,-0.0107492
31,30,0.991494,0.010283,-0.0112348
31,31,0.991698,0.0101556,-0.011713
31,32,0.991904,0.0100062,-0.0121828
31,33,0.992112,0.00983539,-0.012643
31,34,0.992321,0.00964391,-0.0130931
31,35,0.992532,0.00943248,-0.0135318
31,36,0.992744,0.00920185,-0.0139587
31,37,0.992957,0.00895279,-0.0143726
31,38,0.993171,0.00868607,-0.0147732
31,39,0.993386,0.00840251,-0.0151596
31,40,0.993602,0.00810294,-0.0155313
31,41,0.99382,0.00778819,-0.0158877
31,42,0.994039,0.00745914,-0.0162284
31,43,0.994259,0.00711664,-0.0165528
31,44,0.99448,0.00676158,-0.0168607
31,45,0.994703,0.00639484,-0.0171515
31,46,0.994927,0.00601733,-0.0174251
31,47,0.995153,0.00562991,-0.017681
31,48,0.995381,0.0052335,-0.0179192
31,49,0.99561,0.00482896,-0.0181393
31,50,0.995842,0.00441718,-0.0183413
31,51,0.996076,0.00399904,-0.0185249
31,52,0.996312,0.00357538,-0.0186902
31,53,0.99655,0.00314707,-0.0188369
31,54,0.996791,0.00271496,-0.0189651
31,55,0.997035,0.00227987,-0.0190745
31,56,0.997282,0.00184264,-0.0191655
31,57,0.997531,0.00140409,-0.0192377
31,58,0.997783,0.000965028,-0.0192913
31,59,0.998038,0.000526267,-0.0193262
31,60,0.998297,8.8609e-05,-0.0193427
31,61,0.998558,-0.000347143,-0.0193405
31,62,0.998823,-0.000780189,-0.01932
31,63,0.999091,-0.00120973,-0.019281
31,64,0.999362,-0.00163496,-0.0192238
31,65,0.999636,-0.00205508,-0.0191484
31,66,0.999914,-0.00246928,-0.019055
31,67,1.00019,-0.00287674,-0.0189435
31,68,1.00048,-0.00327665,-0.0188143
31,69,1.00076,-0.00366819,-0.0186674
31,70,1.00105,-0.00405053,-0.0185032
31,71,1.00135,-0.00442283,-0.0183215
31,72,1.00164,-0.00478426,-0.0181229
31,73,1.00194,-0.00513397,-0.0179074
31,74,1.00224,-0.00547113,-0.0176754
31,75,1.00254,-0.00579489,-0.017427
31,76,1.00284,-0.00610442,-0.0171626
31,77,1.00315,-0.00639886,-0.0168825
31,78,1.00345,-0.00667741,-0.0165872
31,79,1.00376,-0.00693923,-0.0162768
31,80,1.00407,-0.00718353,-0.015952
31,81,1.00438,-0.00740953,-0.0156131
31,82,1.00469,-0.00761645,-0.0152606
31,83,1.00499,-0.00780359,-0.0148951
31,84,1.0053,-0.00797022,-0.0145171
31,85,1.00561,-0.00811571,-0.0141271
31,86,1.00592,-0.00823942,-0.013726
31,87,1.00622,-0.0083408,-0.0133142
31,88,1.00653,-0.00841933,-0.0128927
31,89,1.00683,-0.00847456,-0.0124621
31,90,1.00713,-0.0085061,-0.0120232
31,91,1.00742,-0.00851364,-0.0115769
31,92,1.00771,-0.00849693,-0.0111242
31,93,1.008,-0.00845579,-0.0106658
31,94,1.00829,-0.00839015,-0.010203
31,95,1.00857,-0.0083,-0.00973647
31,96,1.00884,-0.00818541,-0.00926755
31,97,1.00911,-0.00804657,-0.00879713
31,98,1.00938,-0.00788375,-0.00832652
31,99,1.00964,-0.00769735,-0.0078567
31,100,1.00989,-0.0074879,-0.00738903
31,101,1.01014,-0.00725607,-0.00692453
31,102,1.01038,-0.00700271,-0.00646462
31,103,1.01061,-0.00672887,-0.00601032
31,104,1.01083,-0.00643586,-0.00556306
31,105,1.01105,-0.00612521,-0.00512386
31,106,1.01126,-0.00579874,-0.00469415
31,107,1.01146,-0.00545846,-0.00427487
31,108,1.01166,-0.00510654,-0.00386742
31,109,1.01184,-0.0047451,-0.00347268
31,110,1.01202,-0.00437594,-0.00309199
31,111,1.01219,-0.0040001,-0.0027262
31,112,1.01234,-0.00361737,-0.00237664
31,113,1.01249,-0.00322557,-0.0020442
31,114,1.01263,-0.00282002,-0.00173033
31,115,1.01276,-0.00239314,-0.00143611
31,116,1.01288,-0.00193474,-0.00116331
31,117,1.01299,-0.00143337,-0.000913364
31,118,1.01309,-0.000879426,-0.000688561
31,119,1.01318,-0.000270481,-0.000490906
31,120,1.01326,0.000380885,-0.000323249
31,121,1.01333,0.00103741,-0.000187943
31,122,1.01339,0.00162762,-8.767e-05
31,123,1.01345,0.00204029,-2.33592e-05
31,124,1.01349,0.00212919,6.83762e-06
31,125,1.01352,0.00173523,1.04201e-05
31,126,1.01354,0.000732306,-1.385e-07
31,127,1,-0.00343474,0
32,0,1,0,0
32,1,0.988038,-6.22707e-05,-8.98787e-06
32,2,0.988047,0.000427023,-4.33786e-05
32,3,0.988067,0.00131974,-0.00011412
32,4,0.988098,0.00237773,-0.000229751
32,5,0.988139,0.00345393,-0.00039267
32,6,0.988191,0.00446632,-0.000600925
32,7,0.988254,0.00537678,-0.000851079
32,8,0.988326,0.00617484,-0.00113851
32,9,0.988408,0.0068658,-0.00145898
32,10,0.9885,0.00746254,-0.00180819
32,11,0.9886,0.00798024,-0.00218265
32,12,0.988709,0.00843329,-0.00257901
32,13,0.988827,0.00883374,-0.00299466
32,14,0.988952,0.00919077,-0.00342705
32,15,0.989084,0.00951085,-0.00387419
32,16,0.989224,0.00979812,-0.00433405
32,17,0.98937,0.010055,-0.00480497
32,18,0.989522,0.0102827,-0.00528522
32,19,0.98968,0.0104818,-0.00577332
32,20,0.989843,0.0106524,-0.00626769
32,21,0.990011,0.0107944,-0.00676692
32,22,0.990184,0.0109079,-0.00726956
32,23,0.99036,0.0109929,-0.00777424
32,24,0.990541,0.0110498,-0.00827961
32,25,0.990725,0.0110789,-0.00878434
32,26,0.990911,0.0110807,-0.0092872
32,27,0.991101,0.0110557,-0.0097869
32,28,0.991293,0.0110044,-0.0102823
32,29,0.991487,0.0109275,-0.0107723
32,30,0.991683,0.0108258,-0.0112557
32,31,0.991881,0.0106998,-0.0117315
32,32,0.99208,0.0105502,-0.0121988
32,33,0.992281,0.0103778,-0.0126565
32,34,0.992483,0.0101833,-0.0131039
32,35,0.992686,0.00996749,-0.01354
32,36,0.99289,0.00973108,-0.0139641
32,37,0.993096,0.0094749,-0.0143754
32,38,0.993302,0.00919979,-0.0147733
32,39,0.993509,0.0089066,-0.0151571
32,40,0.993717,0.00859621,-0.0155263
32,41,0.993927,0.00826951,-0.0158803
32,42,0.994137,0.00792742,-0.0162188
32,43,0.994349,0.00757088,-0.0165412
32,44,0.994562,0.00720083,-0.0168472
32,45,0.994777,0.00681822,-0.0171363
32,46,0.994993,0.00642401,-0.0174085
32,47,0.99521,0.00601916,-0.0176633
32,48,0.99543,0.00560462,-0.0179007
32,49,0.995651,0.00518136,-0.0181202
32,50,0.995875,0.00475032,-0.018322
32,51,0.9961,0.00431243,-0.0185056
32,52,0.996329,0.00386863,-0.0186713
32,53,0.996559,0.00341984,-0.0188186
32,54,0.996793,0.00296695,-0.0189478
32,55,0.997029,0.00251087,-0.0190587
32,56,0.997268,0.00205247,-0.0191513
32,57,0.99751,0.00159264,-0.0192255
32,58,0.997755,0.00113221,-0.0192815
32,59,0.998003,0.000672055,-0.0193192
32,60,0.998254,0.000213005,-0.0193386
32,61,0.998509,-0.000244104,-0.0193398
32,62,0.998767,-0.000698441,-0.0193229
32,63,0.999029,-0.00114918,-0.0192878
32,64,0.999294,-0.0015955,-0.0192348
32,65,0.999562,-0.00203659,-0.0191637
32,66,0.999833,-0.00247161,-0.0190749
32,67,1.00011,-0.00289975,-0.0189683
32,68,1.00039,-0.00332018,-0.0188442
32,69,1.00067,-0.00373208,-0.0187025
32,70,1.00095,-0.00413461,-0.0185436
32,71,1.00124,-0.00452694,-0.0183674
32,72,1.00153,-0.00490824,-0.0181744
32,73,1.00182,-0.00527766,-0.0179645
32,74,1.00212,-0.00563435,-0.0177381
32,75,1.00241,-0.00597749,-0.0174953
32,76,1.00271,-0.00630622,-0.0172366
32,77,1.00302,-0.00661971,-0.0169621
32,78,1.00332,-0.00691713,-0.0166723
32,79,1.00362,-0.00719764,-0.0163673
32,80,1.00393,-0.00746045,-0.0160477
32,81,1.00423,-0.00770475,-0.0157138
32,82,1.00454,-0.00792976,-0.0153662
32,83,1.00485,-0.00813473,-0.0150052
32,84,1.00515,-0.00831894,-0.0146315
32,85,1.00546,-0.00848168,-0.0142455
32,86,1.00576,-0.00862232,-0.013848
32,87,1.00606,-0.00874022,-0.0134396
32,88,1.00637,-0.00883484,-0.0130209
32,89,1.00667,-0.00890565,-0.0125927
32,90,1.00696,-0.00895222,-0.0121559
32,91,1.00726,-0.00897414,-0.0117111
32,92,1.00755,-0.00897109,-0.0112594
32,93,1.00784,-0.00894282,-0.0108016
32,94,1.00812,-0.00888915,-0.0103387
32,95,1.0084,-0.00880999,-0.00987167
32,96,1.00867,-0.0087053,-0.00940168
32,97,1.00894,-0.00857517,-0.00892967
32,98,1.00921,-0.00841977,-0.00845691
32,99,1.00947,-0.0082394,-0.00798442
32,100,1.00972,-0.00803446,-0.00751354
32,101,1.00996,-0.00780555,-0.00704533
32,102,1.0102,-0.00755341,-0.00658121
32,103,1.01044,-0.00727903,-0.00612223
32,104,1.01066,-0.00698363,-0.00566986
32,105,1.01088,-0.0066687,-0.00522514
32,106,1.01109,-0.006336,-0.00478953
32,107,1.01129,-0.00598756,-0.00436404
32,108,1.01148,-0.00562552,-0.00395009
32,109,1.01166,-0.00525202,-0.00354864
32,110,1.01184,-0.00486887,-0.00316107
32,111,1.01201,-0.00447715,-0.00278831
32,112,1.01216,-0.00407662,-0.00243174
32,113,1.01231,-0.00366513,-0.00209232
32,114,1.01245,-0.00323791,-0.00177156
32,115,1.01258,-0.00278731,-0.00147061
32,116,1.0127,-0.002303,-0.00119124
32,117,1.01281,-0.00177333,-0.000934987
32,118,1.01291,-0.00118849,-0.000704122
32,119,1.013,-0.000545861,-0.000500728
32,120,1.01307,0.000142079,-0.000327694
32,121,1.01314,0.000837864,-0.000187591
32,122,1.0132,0.00146912,-8.32657e-05
32,123,1.01325,0.00192249,-1.58883e-05
32,124,1.01329,0.00204744,1.50538e-05
32,125,1.01332,0.00167749,1.63771e-05
32,126,1.01334,0.000676092,6.24401e-06
32,127,1,-0.00343474,0
33,0,1,0,0
33,1,0.988326,0.000167893,-1.14781e-05
33,2,0.988336,0.000683402,-4.96786e-05
33,3,0.988356,0.00161335,-0.000123572
33,4,0.988387,0.00271189,-0.000241619
33,5,0.988429,0.00382719,-0.000406356
33,6,0.988481,0.00487468,-0.000615998
33,7,0.988543,0.00581517,-0.000867192
33,8,0.988614,0.00663804,-0.00115539
33,9,0.988695,0.00734891,-0.00147642
33,10,0.988785,0.00796117,-0.00182601
33,11,0.988883,0.0084906,-0.00220068
33,12,0.98899,0.00895211,-0.0025971
33,13,0.989105,0.00935823,-0.00301266
33,14,0.989227,0.00971856,-0.00344479
33,15,0.989356,0.0100399,-0.00389149
33,16,0.989492,0.0103266,-0.00435073
33,17,0.989635,0.0105813,-0.00482085
33,18,0.989783,0.0108054,-0.0053001
33,19,0.989936,0.0109995,-0.00578698
33,20,0.990095,0.0111639,-0.00627994
33,21,0.990258,0.0112987,-0.00677754
33,22,0.990425,0.0114038,-0.00727836
33,23,0.990596,0.0114796,-0.007781
33,24,0.990771,0.0115264,-0.00828414
33,25,0.990948,0.0115445,-0.00878644
33,26,0.991129,0.0115346,-0.0092867
33,27,0.991312,0.0114972,-0.00978362
33,28,0.991497,0.011433,-0.0102761
33,29,0.991684,0.0113426,-0.010763
33,30,0.991873,0.0112269,-0.0112433
33,31,0.992064,0.0110866,-0.0117158
33,32,0.992256,0.0109224,-0.0121797
33,33,0.992449,0.010735,-0.012634
33,34,0.992643,0.0105254,-0.013078
33,35,0.992839,0.0102943,-0.0135106
33,36,0.993035,0.0100425,-0.0139314
33,37,0.993232,0.00977093,-0.0143393
33,38,0.99343,0.0094804,-0.014734
33,39,0.993629,0.00917183,-0.0151146
33,40,0.99383,0.00884613,-0.0154809
33,41,0.994031,0.00850421,-0.015832
33,42,0.994233,0.00814702,-0.0161679
33,43,0.994437,0.00777551,-0.0164878
33,44,0.994642,0.00739062,-0.0167916
33,45,0.994848,0.0069933,-0.0170788
33,46,0.995056,0.00658453,-0.0173494
33,47,0.995265,0.00616523,-0.0176028
33,48,0.995477,0.00573637,-0.0178391
33,49,0.99569,0.00529887,-0.0180579
33,50,0.995906,0.00485366,-0.0182592
33,51,0.996124,0.00440166,-0.0184428
33,52,0.996344,0.00394376,-0.0186088
33,53,0.996567,0.00348086,-0.0187568
33,54,0.996793,0.00301385,-0.018887
33,55,0.997022,0.00254358,-0.0189992
33,56,0.997254,0.00207091,-0.0190936
33,57,0.997488,0.0015967,-0.0191699
33,58,0.997727,0.00112178,-0.0192284
33,59,0.997968,0.000646983,-0.0192688
33,60,0.998213,0.000173145,-0.0192914
33,61,0.998461,-0.00029891,-0.019296
33,62,0.998713,-0.000768356,-0.0192829
33,63,0.998968,-0.00123437,-0.0192519
33,64,0.999227,-0.00169611,-0.0192032
33,65,0.999489,-0.00215275,-0.0191368
33,66,0.999755,-0.00260345,-0.019053
33,67,1.00002,-0.00304737,-0.0189515
33,68,1.0003,-0.00348364,-0.0188327
33,69,1.00057,-0.0039114,-0.0186966
33,70,1.00085,-0.00432979,-0.0185434
33,71,1.00114,-0.00473793,-0.0183731
33,72,1.00142,-0.00513492,-0.0181861
33,73,1.00171,-0.00551988,-0.0179823
33,74,1.002,-0.00589191,-0.0177621
33,75,1.00229,-0.00625009,-0.0175255
33,76,1.00259,-0.00659353,-0.017273
33,77,1.00289,-0.00692132,-0.0170047
33,78,1.00319,-0.00723256,-0.016721
33,79,1.00349,-0.00752636,-0.0164221
33,80,1.00379,-0.00780184,-0.0161084
33,81,1.00409,-0.00805812,-0.0157803
33,82,1.00439,-0.00829437,-0.0154383
33,83,1.0047,-0.00850977,-0.0150826
33,84,1.005,-0.00870352,-0.0147141
33,85,1.0053,-0.00887487,-0.014333
33,86,1.00561,-0.00902311,-0.01394
33,87,1.00591,-0.00914758,-0.0135357
33,88,1.00621,-0.00924767,-0.0131209
33,89,1.0065,-0.00932282,-0.0126961
33,90,1.0068,-0.00937257,-0.0122622
33,91,1.00709,-0.00939648,-0.01182
33,92,1.00738,-0.00939422,-0.0113703
33,93,1.00766,-0.00936552,-0.0109141
33,94,1.00795,-0.00931022,-0.0104523
33,95,1.00822,-0.0092282,-0.0099858
33,96,1.0085,-0.00911949,-0.00951582
33,97,1.00876,-0.00898416,-0.00904327
33,98,1.00903,-0.00882245,-0.00856944
33,99,1.00928,-0.00863467,-0.00809534
33,100,1.00953,-0.0084213,-0.00762231
33,101,1.00978,-0.00818298,-0.00715144
33,102,1.01002,-0.00792053,-0.00668413
33,103,1.01025,-0.007635,-0.0062215
33,104,1.01047,-0.00732768,-0.00576498
33,105,1.01069,-0.00700016,-0.00531572
33,106,1.01089,-0.00665426,-0.00487514
33,107,1.01109,-0.00629208,-0.00444434
33,108,1.01128,-0.00591584,-0.00402476
33,109,1.01147,-0.00552772,-0.00361745
33,110,1.01164,-0.00512956,-0.00322379
33,111,1.01181,-0.00472244,-0.00284483
33,112,1.01196,-0.00430609,-0.00248195
33,113,1.01211,-0.00387826,-0.00213624
33,114,1.01225,-0.00343407,-0.00180922
33,115,1.01237,-0.00296569,-0.00150211
33,116,1.01249,-0.00246255,-0.00121673
33,117,1.0126,-0.00191271,-0.000954659
33,118,1.0127,-0.00130599,-0.00071818
33,119,1.01279,-0.000639357,-0.000509446
33,120,1.01286,7.51473e-05,-0.000331391
33,121,1.01293,0.00080034,-0.000186712
33,122,1.01299,0.00146364,-7.85332e-05
33,123,1.01304,0.00195032,-8.65428e-06
33,124,1.01308,0.00210634,2.37045e-05
33,125,1.01311,0.00175856,2.47114e-05
33,126,1.01313,0.000759533,6.00211e-06
33,127,1,-0.00343474,0
34,0,1,0,0
34,1,0.988623,-4.67328e-05,-1.36182e-05
34,2,0.988632,0.000497667,-5.56956e-05
34,3,0.988652,0.00147138,-0.000132226
34,4,0.988682,0.00262046,-0.000252056
34,5,0.988723,0.00378776,-0.000417878
34,6,0.988773,0.00488571,-0.00062802
34,7,0.988834,0.00587366,-0.000879245
34,8,0.988903,0.0067405,-0.00116711
34,9,0.988983,0.00749188,-0.00148751
34,10,0.989071,0.00814146,-0.00183621
34,11,0.989167,0.00870538,-0.00220979
34,12,0.989272,0.0091989,-0.00260492
34,13,0.989384,0.00963484,-0.003019
34,14,0.989504,0.010023,-0.00344948
34,15,0.98963,0.0103704,-0.00389434
34,16,0.989763,0.0106816,-0.00435156
34,17,0.989902,0.0109591,-0.00481946
34,18,0.990047,0.0112045,-0.00529631
34,19,0.990196,0.0114184,-0.0057806
34,20,0.990351,0.0116011,-0.00627078
34,21,0.990509,0.0117525,-0.00676543
34,22,0.990672,0.0118728,-0.0072631
34,23,0.990838,0.0119622,-0.00776242
34,24,0.991008,0.012021,-0.00826208
34,25,0.99118,0.0120496,-0.00876075
34,26,0.991355,0.0120486,-0.00925723
34,27,0.991532,0.0120186,-0.00975026
34,28,0.991711,0.0119603,-0.0102387
34,29,0.991892,0.0118744,-0.0107215
34,30,0.992074,0.0117616,-0.0111976
34,31,0.992257,0.0116226,-0.0116659
34,32,0.992442,0.0114584,-0.0121256
34,33,0.992628,0.0112696,-0.0125757
34,34,0.992815,0.0110571,-0.0130154
34,35,0.993003,0.0108218,-0.0134438
34,36,0.993191,0.0105644,-0.0138605
34,37,0.99338,0.010286,-0.0142644
34,38,0.99357,0.00998737,-0.0146552
34,39,0.993761,0.0096695,-0.0150322
34,40,0.993953,0.00933334,-0.0153949
34,41,0.994146,0.00897988,-0.0157428
34,42,0.99434,0.00861011,-0.0160755
34,43,0.994535,0.00822504,-0.0163926
34,44,0.994732,0.00782567,-0.0166939
34,45,0.994929,0.00741304,-0.0169789
34,46,0.995129,0.00698816,-0.0172475
34,47,0.99533,0.00655204,-0.0174993
34,48,0.995533,0.00610571,-0.0177343
34,49,0.995738,0.00565016,-0.0179522
34,50,0.995946,0.00518639,-0.018153
34,51,0.996155,0.00471538,-0.0183364
34,52,0.996368,0.00423809,-0.0185026
34,53,0.996583,0.00375547,-0.0186512
34,54,0.9968,0.00326847,-0.0187824
34,55,0.997021,0.00277801,-0.018896
34,56,0.997245,0.00228499,-0.0189921
34,57,0.997472,0.0017903,-0.0190705
34,58,0.997703,0.00129484,-0.0191315
34,59,0.997937,0.000799469,-0.0191748
34,60,0.998175,0.000305054,-0.0192006
34,61,0.998416,-0.00018755,-0.0192088
34,62,0.998661,-0.000677491,-0.0191996
34,63,0.99891,-0.00116392,-0.0191728
34,64,0.999162,-0.001646,-0.0191288
34,65,0.999418,-0.00212287,-0.0190672
34,66,0.999678,-0.0025937,-0.0189885
34,67,0.999941,-0.00305762,-0.0188925
34,68,1.00021,-0.00351378,-0.0187793
34,69,1.00048,-0.00396132,-0.0186491
34,70,1.00075,-0.00439936,-0.018502
34,71,1.00103,-0.00482705,-0.018338
34,72,1.00131,-0.00524348,-0.0181573
34,73,1.00159,-0.00564777,-0.01796
34,74,1.00188,-0.00603903,-0.0177465
34,75,1.00217,-0.00641636,-0.0175166
34,76,1.00246,-0.00677886,-0.0172709
34,77,1.00275,-0.00712563,-0.0170093
34,78,1.00305,-0.00745576,-0.0167323
34,79,1.00334,-0.00776836,-0.0164401
34,80,1.00364,-0.00806255,-0.0161331
34,81,1.00394,-0.00833744,-0.0158115
34,82,1.00424,-0.00859218,-0.0154758
34,83,1.00454,-0.00882593,-0.0151263
34,84,1.00484,-0.00903787,-0.0147637
34,85,1.00514,-0.00922723,-0.0143883
34,86,1.00544,-0.00939324,-0.0140007
34,87,1.00574,-0.00953522,-0.0136016
34,88,1.00604,-0.0096525,-0.0131915
34,89,1.00633,-0.00974447,-0.0127711
34,90,1.00663,-0.00981058,-0.0123412
34,91,1.00692,-0.00985034,-0.0119025
34,92,1.0072,-0.00986335,-0.011456
34,93,1.00749,-0.00984923,-0.0110024
34,94,1.00777,-0.00980773,-0.0105427
34,95,1.00804,-0.00973866,-0.0100778
34,96,1.00831,-0.00964189,-0.00960895
34,97,1.00858,-0.00951744,-0.00913698
34,98,1.00884,-0.00936538,-0.00866316
34,99,1.0091,-0.00918594,-0.00818855
34,100,1.00935,-0.00897948,-0.00771446
34,101,1.00959,-0.00874651,-0.007242
34,102,1.00983,-0.00848775,-0.00677257
34,103,1.01005,-0.00820415,-0.00630732
34,104,1.01028,-0.00789692,-0.0058477
34,105,1.01049,-0.00756756,-0.00539488
34,106,1.0107,-0.00721784,-0.00495031
34,107,1.0109,-0.0068498,-0.00451516
34,108,1.01109,-0.00646565,-0.00409086
34,109,1.01127,-0.00606755,-0.00367856
34,110,1.01144,-0.00565733,-0.00327966
34,111,1.0116,-0.00523606,-0.00289529
34,112,1.01176,-0.00480348,-0.00252688
34,113,1.0119,-0.00435729,-0.00217559
34,114,1.01204,-0.00389258,-0.00184297
34,115,1.01217,-0.00340141,-0.00153034
34,116,1.01228,-0.00287308,-0.00123952
34,117,1.01239,-0.00229548,-0.000972163
34,118,1.01249,-0.00165822,-0.000730546
34,119,1.01257,-0.000958019,-0.000516892
34,120,1.01265,-0.000206732,-0.00033417
34,121,1.01272,0.000558423,-0.000185283
34,122,1.01278,0.00126424,-7.35092e-05
34,123,1.01282,0.00179414,-8.7803e-07
34,124,1.01286,0.00199004,3.20782e-05
34,125,1.01289,0.00167138,3.07951e-05
34,126,1.01291,0.000679642,1.23097e-05
34,127,1,-0.00343474,0
35,0,1,0,0
35,1,0.988929,0.000181427,-1.60212e-05
35,2,0.988939,0.000749701,-6.16333e-05
35,3,0.988959,0.0017587,-0.000140495
35,4,0.98899,0.00294674,-0.000261526
35,5,0.98903,0.0041519,-0.000427611
35,6,0.989081,0.00528399,-0.000637285
35,7,0.98914,0.00630127,-0.000887455
35,8,0.989209,0.00719241,-0.0011738
35,9,0.989287,0.00796333,-0.00149231
35,10,0.989373,0.0086282,-0.00183882
35,11,0.989468,0.00920368,-0.00220995
35,12,0.98957,0.00970555,-0.0026024
35,13,0.989679,0.0101471,-0.0030136
35,14,0.989796,0.0105386,-0.003441
35,15,0.989919,0.0108872,-0.0038826
35,16,0.990048,0.0111977,-0.00433636
35,17,0.990182,0.0114731,-0.00480064
35,18,0.990322,0.011715,-0.00527368
35,19,0.990467,0.011924,-0.00575401
35,20,0.990617,0.0121005,-0.00624006
35,21,0.99077,0.0122448,-0.00673042
35,22,0.990927,0.012357,-0.00722366
35,23,0.991087,0.0124372,-0.00771842
35,24,0.99125,0.0124861,-0.00821338
35,25,0.991416,0.012504,-0.00870725
35,26,0.991584,0.0124915,-0.00919882
35,27,0.991755,0.0124495,-0.00968685
35,28,0.991927,0.0123785,-0.0101703
35,29,0.9921,0.0122794,-0.010648
35,30,0.992275,0.012153,-0.0111189
35,31,0.992451,0.0120002,-0.0115821
35,32,0.992628,0.0118218,-0.0120367
35,33,0.992806,0.0116186,-0.0124817
35,34,0.992985,0.0113916,-0.0129164
35,35,0.993164,0.0111416,-0.01334
35,36,0.993345,0.0108696,-0.0137518
35,37,0.993526,0.0105764,-0.0141512
35,38,0.993708,0.0102631,-0.0145375
35,39,0.99389,0.00993065,-0.0149102
35,40,0.994074,0.00958,-0.0152689
35,41,0.994258,0.00921217,-0.015613
35,42,0.994444,0.00882816,-0.0159423
35,43,0.994631,0.008429,-0.0162562
35,44,0.994819,0.0080157,-0.0165546
35,45,0.995008,0.00758927,-0.016837
35,46,0.9952,0.00715074,-0.0171033
35,47,0.995392,0.0067011,-0.0173533
35,48,0.995587,0.00624134,-0.0175868
35,49,0.995784,0.00577245,-0.0178036
35,50,0.995984,0.00529538,-0.0180037
35,51,0.996186,0.0048111,-0.0181868
35,52,0.99639,0.00432054,-0.018353
35,53,0.996597,0.00382462,-0.0185021
35,54,0.996807,0.00332424,-0.0186342
35,55,0.997021,0.0028203,-0.018749
35,56,0.997237,0.00231367,-0.0188468
35,57,0.997457,0.00180523,-0.0189274
35,58,0.99768,0.00129584,-0.0189908
35,59,0.997907,0.000786345,-0.019037
35,60,0.998138,0.000277597,-0.0190661
35,61,0.998373,-0.000229558,-0.0190779
35,62,0.998611,-0.000734273,-0.0190727
35,63,0.998853,-0.0012357,-0.0190503
35,64,0.999099,-0.00173299,-0.0190109
35,65,0.999349,-0.00222528,-0.0189544
35,66,0.999602,-0.00271171,-0.018881
35,67,0.99986,-0.00319139,-0.0187906
35,68,1.00012,-0.00366345,-0.0186834
35,69,1.00039,-0.00412699,-0.0185593
35,70,1.00065,-0.00458109,-0.0184185
35,71,1.00093,-0.00502485,-0.0182611
35,72,1.0012,-0.00545731,-0.0180872
35,73,1.00148,-0.00587755,-0.0178969
35,74,1.00176,-0.00628461,-0.0176903
35,75,1.00205,-0.00667753,-0.0174677
35,76,1.00233,-0.00705535,-0.0172292
35,77,1.00262,-0.00741708,-0.0169749
35,78,1.00291,-0.00776177,-0.0167053
35,79,1.00321,-0.00808844,-0.0164203
35,80,1.0035,-0.00839614,-0.0161206
35,81,1.0038,-0.00868392,-0.0158061
35,82,1.00409,-0.00895085,-0.0154775
35,83,1.00439,-0.00919601,-0.015135
35,84,1.00469,-0.00941852,-0.0147791
35,85,1.00498,-0.00961754,-0.0144103
35,86,1.00528,-0.00979225,-0.014029
35,87,1.00557,-0.00994189,-0.0136359
35,88,1.00587,-0.0100658,-0.0132315
35,89,1.00616,-0.0101632,-0.0128165
35,90,1.00645,-0.0102336,-0.0123916
35,91,1.00674,-0.0102764,-0.0119575
35,92,1.00702,-0.0102913,-0.0115151
35,93,1.0073,-0.0102778,-0.0110652
35,94,1.00758,-0.0102356,-0.0106088
35,95,1.00785,-0.0101647,-0.0101467
35,96,1.00812,-0.0100647,-0.00968
35,97,1.00839,-0.00993589,-0.00920974
35,98,1.00865,-0.00977823,-0.00873709
35,99,1.0089,-0.00959203,-0.00826311
35,100,1.00915,-0.00937766,-0.0077891
35,101,1.00939,-0.00913572,-0.00731619
35,102,1.00962,-0.00886698,-0.00684576
35,103,1.00985,-0.00857245,-0.00637902
35,104,1.01007,-0.00825342,-0.00591738
35,105,1.01028,-0.00791145,-0.00546207
35,106,1.01049,-0.00754841,-0.00501456
35,107,1.01068,-0.00716641,-0.00457605
35,108,1.01087,-0.00676771,-0.00414802
35,109,1.01105,-0.00635453,-0.00373167
35,110,1.01122,-0.00592876,-0.00332843
35,111,1.01138,-0.00549145,-0.00293951
35,112,1.01154,-0.00504231,-0.00256638
35,113,1.01168,-0.00457899,-0.00221028
35,114,1.01181,-0.00409647,-0.00187279
35,115,1.01194,-0.00358666,-0.0015553
35,116,1.01205,-0.00303864,-0.00125966
35,117,1.01216,-0.00244004,-0.000987575
35,118,1.01225,-0.00178009,-0.000741328
35,119,1.01234,-0.00105506,-0.000523207
35,120,1.01242,-0.000276304,-0.00033622
35,121,1.01248,0.000519432,-0.000183384
35,122,1.01254,0.001259,-6.82366e-05
35,123,1.01259,0.0018248,6.5871e-06
35,124,1.01262,0.00205557,4.07889e-05
35,125,1.01265,0.00176419,3.91402e-05
35,126,1.01267,0.000780739,1.22632e-05
35,127,1,-0.00343474,0
36,0,1,0,0
36,1,0.989244,-3.41949e-05,-1.81883e-05
36,2,0.989254,0.000560172,-6.72287e-05
36,3,0.989273,0.00161055,-0.000147951
36,4,0.989303,0.00284718,-0.000269576
36,5,0.989342,0.00410278,-0.000435202
36,6,0.989391,0.00528413,-0.000643542
36,7,0.989449,0.00634798,-0.000891671
36,8,0.989517,0.00728244,-0.00117542
36,9,0.989592,0.00809341,-0.00149086
36,10,0.989677,0.00879528,-0.00183394
36,11,0.989769,0.00940502,-0.00220134
36,12,0.989869,0.00993875,-0.00258979
36,13,0.989975,0.01041,-0.00299674
36,14,0.990089,0.0108293,-0.00341968
36,15,0.990209,0.011204,-0.00385662
36,16,0.990334,0.0115389,-0.00430555
36,17,0.990466,0.0118372,-0.00476481
36,18,0.990602,0.0121003,-0.00523268
36,19,0.990742,0.0123291,-0.00570767
36,20,0.990887,0.0125239,-0.00618825
36,21,0.991036,0.0126849,-0.00667301
36,22,0.991188,0.0128123,-0.00716053
36,23,0.991343,0.0129062,-0.00764946
36,24,0.991501,0.0129672,-0.00813851
36,25,0.991661,0.0129957,-0.00862639
36,26,0.991823,0.0129923,-0.0091119
36,27,0.991987,0.0129578,-0.00959385
36,28,0.992152,0.0128929,-0.0100712
36,29,0.992319,0.0127984,-0.0105427
36,30,0.992487,0.0126752,-0.0110076
36,31,0.992656,0.012524,-0.0114647
36,32,0.992825,0.0123458,-0.0119133
36,33,0.992996,0.0121415,-0.0123524
36,34,0.993167,0.011912,-0.0127814
36,35,0.993338,0.0116581,-0.0131993
36,36,0.993511,0.0113809,-0.0136057
36,37,0.993684,0.0110814,-0.0139998
36,38,0.993857,0.0107605,-0.0143811
36,39,0.994032,0.0104192,-0.014749
36,40,0.994207,0.0100587,-0.0151032
36,41,0.994383,0.00967988,-0.015443
36,42,0.99456,0.00928391,-0.0157683
36,43,0.994738,0.00887184,-0.0160786
36,44,0.994917,0.00844474,-0.0163737
36,45,0.995098,0.00800371,-0.0166532
36,46,0.995281,0.00754981,-0.016917
36,47,0.995465,0.00708411,-0.0171648
36,48,0.995651,0.00660767,-0.0173966
36,49,0.99584,0.00612155,-0.0176121
36,50,0.99603,0.00562677,-0.0178112
36,51,0.996224,0.00512434,-0.0179938
36,52,0.99642,0.00461526,-0.01816
36,53,0.996619,0.00410051,-0.0183094
36,54,0.996821,0.00358106,-0.0184422
36,55,0.997026,0.00305784,-0.0185583
36,56,0.997235,0.00253179,-0.0186577
36,57,0.997447,0.00200381,-0.0187403
36,58,0.997663,0.00147481,-0.0188062
36,59,0.997882,0.000945678,-0.0188553
36,60,0.998105,0.000417285,-0.0188876
36,61,0.998332,-0.000109495,-0.0189032
36,62,0.998564,-0.000633794,-0.018902
36,63,0.998799,-0.00115475,-0.018884
36,64,0.999038,-0.00167149,-0.0188494
36,65,0.999281,-0.00218316,-0.0187981
36,66,0.999528,-0.00268888,-0.0187301
36,67,0.999779,-0.00318777,-0.0186455
36,68,1.00003,-0.00367896,-0.0185443
36,69,1.00029,-0.00416155,-0.0184266
36,70,1.00056,-0.00463463,-0.0182925
36,71,1.00082,-0.0050973,-0.0181419
36,72,1.00109,-0.00554863,-0.0179751
36,73,1.00136,-0.00598768,-0.0177921
36,74,1.00164,-0.00641353,-0.017593
36,75,1.00192,-0.00682521,-0.017378
36,76,1.0022,-0.00722176,-0.0171472
36,77,1.00249,-0.00760223,-0.0169007
36,78,1.00277,-0.00796565,-0.0166389
36,79,1.00306,-0.00831106,-0.0163619
36,80,1.00335,-0.00863749,-0.01607
36,81,1.00364,-0.00894399,-0.0157634
36,82,1.00393,-0.00922962,-0.0154426
36,83,1.00423,-0.00949346,-0.0151078
36,84,1.00452,-0.0097346,-0.0147594
36,85,1.00481,-0.00995217,-0.0143979
36,86,1.00511,-0.0101453,-0.0140238
36,87,1.0054,-0.0103133,-0.0136376
36,88,1.00569,-0.0104552,-0.0132399
36,89,1.00598,-0.0105705,-0.0128312
36,90,1.00627,-0.0106584,-0.0124123
36,91,1.00655,-0.0107185,-0.0119839
36,92,1.00683,-0.01075,-0.0115468
36,93,1.00711,-0.0107526,-0.0111017
36,94,1.00739,-0.010726,-0.0106496
36,95,1.00766,-0.0106698,-0.0101913
36,96,1.00793,-0.0105837,-0.00972805
36,97,1.00819,-0.0104678,-0.00926065
36,98,1.00844,-0.010322,-0.00879033
36,99,1.0087,-0.0101463,-0.00831815
36,100,1.00894,-0.00994123,-0.00784539
36,101,1.00918,-0.00970706,-0.00737319
36,102,1.00941,-0.00944449,-0.00690293
36,103,1.00964,-0.00915441,-0.00643581
36,104,1.00986,-0.008838,-0.00597328
36,105,1.01007,-0.00849674,-0.00551659
36,106,1.01027,-0.00813238,-0.0050672
36,107,1.01046,-0.00774699,-0.0046264
36,108,1.01065,-0.00734276,-0.00419565
36,109,1.01083,-0.00692188,-0.00377622
36,110,1.011,-0.00648619,-0.00336958
36,111,1.01116,-0.00603673,-0.00297701
36,112,1.01131,-0.00557318,-0.00260002
36,113,1.01145,-0.00509314,-0.00223991
36,114,1.01158,-0.00459153,-0.0018983
36,115,1.01171,-0.00406016,-0.00157667
36,116,1.01182,-0.00348801,-0.00127685
36,117,1.01193,-0.00286253,-0.00100063
36,118,1.01202,-0.00217272,-0.000750287
36,119,1.0121,-0.00141458,-0.000528169
36,120,1.01218,-0.000599192,-0.000337317
36,121,1.01224,0.000236834,-0.000180932
36,122,1.0123,0.00101998,-6.27022e-05
36,123,1.01234,0.00163113,1.45259e-05
36,124,1.01238,0.00190526,4.91806e-05
36,125,1.0124,0.0016479,4.52561e-05
36,126,1.01242,0.00067761,1.84098e-05
36,127,1,-0.00343474,0
37,0,1,0,0
37,1,0.989568,0.000191928,-2.04961e-05
37,2,0.989578,0.000806951,-7.2804e-05
37,3,0.989599,0.00188984,-0.000155059
37,4,0.989629,0.00316311,-0.000276705
37,5,0.989668,0.0044547,-0.000441079
37,6,0.989717,0.00566871,-0.000647145
37,7,0.989774,0.00676075,-0.000892173
37,8,0.98984,0.00771866,-0.00117216
37,9,0.989915,0.00854854,-0.00148332
37,10,0.989997,0.00926523,-0.00182169
37,11,0.990087,0.0098862,-0.00218401
37,12,0.990184,0.010428,-0.0025671
37,13,0.990287,0.0109048,-0.00296843
37,14,0.990398,0.0113272,-0.00338552
37,15,0.990513,0.011703,-0.00381641
37,16,0.990635,0.0120374,-0.00425909
37,17,0.990762,0.0123335,-0.00471195
37,18,0.990893,0.0125932,-0.00517327
37,19,0.991028,0.0128172,-0.00564159
37,20,0.991168,0.0130061,-0.00611536
37,21,0.991311,0.0131601,-0.00659323
37,22,0.991457,0.0132795,-0.00707376
37,23,0.991605,0.0133647,-0.00755565
37,24,0.991757,0.013416,-0.00803759
37,25,0.99191,0.0134341,-0.00851833
37,26,0.992065,0.0134196,-0.00899668
37,27,0.992222,0.0133735,-0.00947148
37,28,0.99238,0.0132964,-0.00994166
37,29,0.992539,0.0131893,-0.0104061
37,30,0.992699,0.013053,-0.010864
37,31,0.99286,0.0128886,-0.0113142
37,32,0.993022,0.0126968,-0.0117559
37,33,0.993184,0.0124788,-0.0121884
37,34,0.993347,0.0122354,-0.0126108
37,35,0.99351,0.0119677,-0.0130224
37,36,0.993674,0.0116766,-0.0134227
37,37,0.993839,0.0113632,-0.0138109
37,38,0.994004,0.0110285,-0.0141866
37,39,0.994169,0.0106736,-0.0145491
37,40,0.994336,0.0102995,-0.0148982
37,41,0.994503,0.00990732,-0.0152334
37,42,0.994672,0.0094981,-0.0155543
37,43,0.994842,0.00907295,-0.0158606
37,44,0.995013,0.00863293,-0.016152
37,45,0.995185,0.00817913,-0.0164282
37,46,0.995359,0.0077126,-0.0166892
37,47,0.995535,0.00723439,-0.0169346
37,48,0.995713,0.00674553,-0.0171643
37,49,0.995893,0.00624705,-0.0173782
37,50,0.996076,0.00573994,-0.0175762
37,51,0.996261,0.00522519,-0.0177581
37,52,0.996449,0.00470376,-0.0179239
37,53,0.99664,0.00417658,-0.0180735
37,54,0.996835,0.0036446,-0.018207
37,55,0.997032,0.00310871,-0.0183241
37,56,0.997233,0.00256982,-0.018425
37,57,0.997438,0.00202881,-0.0185095
37,58,0.997646,0.00148655,-0.0185778
37,59,0.997858,0.000943915,-0.0186297
37,60,0.998074,0.000401758,-0.0186652
37,61,0.998294,-0.000139056,-0.0186844
37,62,0.998518,-0.000677668,-0.0186873
37,63,0.998747,-0.00121321,-0.0186738
37,64,0.998979,-0.00174482,-0.018644
37,65,0.999215,-0.00227162,-0.0185978
37,66,0.999456,-0.00279272,-0.0185354
37,67,0.999701,-0.00330722,-0.0184567
37,68,0.99995,-0.0038142,-0.0183618
37,69,1.0002,-0.00431275,-0.0182506
37,70,1.00046,-0.00480192,-0.0181233
37,71,1.00072,-0.00528075,-0.0179799
37,72,1.00098,-0.00574828,-0.0178204
37,73,1.00125,-0.00620351,-0.017645
37,74,1.00152,-0.00664544,-0.0174537
37,75,1.0018,-0.00707307,-0.0172467
37,76,1.00207,-0.00748536,-0.017024
37,77,1.00235,-0.0078813,-0.0167858
37,78,1.00263,-0.00825983,-0.0165324
37,79,1.00292,-0.00861993,-0.0162638
37,80,1.0032,-0.00896055,-0.0159804
37,81,1.00349,-0.00928068,-0.0156823
37,82,1.00378,-0.0095793,-0.0153699
37,83,1.00407,-0.0098554,-0.0150435
37,84,1.00436,-0.010108,-0.0147035
37,85,1.00465,-0.0103362,-0.0143502
37,86,1.00494,-0.010539,-0.0139841
37,87,1.00523,-0.0107157,-0.0136057
37,88,1.00551,-0.0108652,-0.0132156
37,89,1.0058,-0.010987,-0.0128143
37,90,1.00608,-0.0110803,-0.0124024
37,91,1.00636,-0.0111445,-0.0119806
37,92,1.00664,-0.011179,-0.0115498
37,93,1.00692,-0.0111833,-0.0111106
37,94,1.00719,-0.011157,-0.010664
37,95,1.00746,-0.0110999,-0.0102108
37,96,1.00772,-0.0110116,-0.00975206
37,97,1.00798,-0.0108922,-0.00928872
37,98,1.00823,-0.0107416,-0.00882194
37,99,1.00848,-0.01056,-0.00835277
37,100,1.00873,-0.0103476,-0.00788247
37,101,1.00896,-0.0101051,-0.0074122
37,102,1.00919,-0.00983302,-0.0069433
37,103,1.00941,-0.00953239,-0.00647702
37,104,1.00963,-0.00920445,-0.00601478
37,105,1.00984,-0.00885074,-0.00555787
37,106,1.01004,-0.00847311,-0.00510775
37,107,1.01023,-0.00807368,-0.00466575
37,108,1.01041,-0.00765472,-0.00423336
37,109,1.01059,-0.00721848,-0.0038119
37,110,1.01076,-0.00676683,-0.00340287
37,111,1.01091,-0.00630083,-0.00300761
37,112,1.01106,-0.00582014,-0.00262765
37,113,1.0112,-0.00532233,-0.00226439
37,114,1.01133,-0.0048022,-0.00191948
37,115,1.01146,-0.00425147,-0.00159444
37,116,1.01157,-0.0036589,-0.00129115
37,117,1.01167,-0.00301169,-0.00101142
37,118,1.01176,-0.00229852,-0.000757557
37,119,1.01184,-0.00151489,-0.000531951
37,120,1.01192,-0.000671271,-0.000337684
37,121,1.01198,0.000196322,-0.000178056
37,122,1.01203,0.0010147,-5.69917e-05
37,123,1.01208,0.00166405,2.20867e-05
37,124,1.01211,0.00197657,5.78052e-05
37,125,1.01214,0.0017514,5.34837e-05
37,126,1.01215,0.000795424,1.85545e-05
37,127,1,-0.00343474,0
38,0,1,0,0
38,1,0.989901,-2.55118e-05,-2.2686e-05
38,2,0.989912,0.000611946,-7.79834e-05
38,3,0.989931,0.001733,-0.000161354
38,4,0.98996,0.00305215,-0.000282456
38,5,0.989998,0.00439199,-0.000444885
38,6,0.990045,0.00565353,-0.00064785
38,7,0.990101,0.0067908,-0.000888836
38,8,0.990165,0.00779102,-0.00116403
38,9,0.990238,0.00866021,-0.00146978
38,10,0.990318,0.00941335,-0.00180224
38,11,0.990405,0.0100682,-0.00215826
38,12,0.990499,0.0106416,-0.00253469
38,13,0.9906,0.0111479,-0.00292908
38,14,0.990707,0.011598,-0.00333898
38,15,0.99082,0.0119998,-0.00376246
38,16,0.990938,0.0123586,-0.00419756
38,17,0.99106,0.0126776,-0.00464266
38,18,0.991187,0.0129586,-0.00509609
38,19,0.991318,0.0132026,-0.0055564
38,20,0.991453,0.0134099,-0.00602207
38,21,0.991591,0.0135808,-0.00649175
38,22,0.991732,0.0137156,-0.00696404
38,23,0.991875,0.0138146,-0.00743766
38,24,0.99202,0.0138783,-0.0079113
38,25,0.992168,0.0139073,-0.00838375
38,26,0.992316,0.0139022,-0.00885384
38,27,0.992466,0.0138639,-0.00932041
38,28,0.992618,0.0137933,-0.00978242
38,29,0.99277,0.0136911,-0.0102388
38,30,0.992923,0.0135584,-0.0106887
38,31,0.993076,0.013396,-0.0111311
38,32,0.99323,0.013205,-0.0115651
38,33,0.993385,0.0129863,-0.0119901
38,34,0.99354,0.012741,-0.0124052
38,35,0.993695,0.0124699,-0.0128098
38,36,0.99385,0.0121743,-0.0132032
38,37,0.994007,0.0118551,-0.0135849
38,38,0.994163,0.0115135,-0.0139543
38,39,0.99432,0.0111504,-0.014311
38,40,0.994478,0.0107671,-0.0146545
38,41,0.994637,0.0103647,-0.0149845
38,42,0.994797,0.00994432,-0.0153005
38,43,0.994957,0.00950705,-0.0156023
38,44,0.99512,0.00905406,-0.0158897
38,45,0.995283,0.00858649,-0.0161624
38,46,0.995449,0.00810547,-0.0164201
38,47,0.995616,0.0076121,-0.0166627
38,48,0.995785,0.00710748,-0.0168901
38,49,0.995957,0.00659271,-0.0171021
38,50,0.996131,0.00606884,-0.0172987
38,51,0.996307,0.00553691,-0.0174796
38,52,0.996487,0.00499795,-0.017645
38,53,0.996669,0.00445295,-0.0177945
38,54,0.996855,0.00390291,-0.0179284
38,55,0.997044,0.00334877,-0.0180465
38,56,0.997237,0.00279148,-0.0181487
38,57,0.997434,0.00223196,-0.0182351
38,58,0.997634,0.00167114,-0.0183056
38,59,0.997838,0.00110989,-0.0183602
38,60,0.998047,0.000549126,-0.0183989
38,61,0.998259,-1.02864e-05,-0.0184216
38,62,0.998476,-0.000567464,-0.0184285
38,63,0.998697,-0.00112153,-0.0184195
38,64,0.998922,-0.00167161,-0.0183945
38,65,0.999152,-0.00221681,-0.0183536
38,66,0.999385,-0.00275625,-0.0182968
38,67,0.999623,-0.00328904,-0.0182241
38,68,0.999866,-0.00381427,-0.0181355
38,69,1.00011,-0.00433101,-0.018031
38,70,1.00036,-0.00483834,-0.0179107
38,71,1.00062,-0.00533531,-0.0177746
38,72,1.00087,-0.00582097,-0.0176227
38,73,1.00114,-0.00629435,-0.0174552
38,74,1.0014,-0.00675445,-0.017272
38,75,1.00167,-0.00720027,-0.0170733
38,76,1.00194,-0.00763082,-0.0168592
38,77,1.00222,-0.00804507,-0.0166297
38,78,1.00249,-0.00844199,-0.0163851
38,79,1.00277,-0.00882056,-0.0161255
38,80,1.00305,-0.00917974,-0.0158512
38,81,1.00333,-0.00951851,-0.0155622
38,82,1.00362,-0.00983584,-0.0152589
38,83,1.0039,-0.0101307,-0.0149416
38,84,1.00419,-0.0104022,-0.0146107
38,85,1.00447,-0.0106493,-0.0142664
38,86,1.00476,-0.010871,-0.0139091
38,87,1.00504,-0.0110665,-0.0135394
38,88,1.00533,-0.0112349,-0.0131578
38,89,1.00561,-0.0113753,-0.0127648
38,90,1.00589,-0.0114871,-0.0123609
38,91,1.00617,-0.0115696,-0.0119469
38,92,1.00644,-0.011622,-0.0115234
38,93,1.00671,-0.0116438,-0.0110912
38,94,1.00698,-0.0116345,-0.0106512
38,95,1.00725,-0.0115937,-0.0102043
38,96,1.00751,-0.0115212,-0.00975124
38,97,1.00777,-0.0114165,-0.00929316
38,98,1.00802,-0.0112798,-0.00883112
38,99,1.00826,-0.0111109,-0.00836619
38,100,1.0085,-0.0109101,-0.00789958
38,101,1.00874,-0.0106776,-0.00743246
38,102,1.00896,-0.0104142,-0.00696616
38,103,1.00918,-0.0101205,-0.00650194
38,104,1.0094,-0.00979776,-0.00604119
38,105,1.0096,-0.00944733,-0.00558524
38,106,1.0098,-0.00907098,-0.00513556
38,107,1.00999,-0.00867073,-0.0046935
38,108,1.01017,-0.00824878,-0.00426057
38,109,1.01035,-0.00780728,-0.00383815
38,110,1.01051,-0.00734806,-0.00342776
38,111,1.01067,-0.00687214,-0.00303079
38,112,1.01082,-0.0063791,-0.00264882
38,113,1.01095,-0.00586647,-0.00228331
38,114,1.01108,-0.00532898,-0.00193592
38,115,1.0112,-0.00475826,-0.00160826
38,116,1.01131,-0.00414294,-0.00130221
38,117,1.01141,-0.00347007,-0.00101964
38,118,1.0115,-0.00272808,-0.000762844
38,119,1.01158,-0.00191217,-0.000534276
38,120,1.01165,-0.00103246,-0.000337041
38,121,1.01171,-0.000124664,-0.000174606
38,122,1.01177,0.000737911,-5.1033e-05
38,123,1.01181,0.00143427,3.00591e-05
38,124,1.01184,0.00179321,6.60792e-05
38,125,1.01186,0.00160669,5.95331e-05
38,126,1.01188,0.000669781,2.4456e-05
38,127,1,-0.00343474,0
39,0,1,0,0
39,1,0.990243,0.000198579,-2.48923e-05
39,2,0.990255,0.000852658,-8.32049e-05
39,3,0.990275,0.00200265,-0.000167354
39,4,0.990305,0.00335542,-0.000287357
39,5,0.990343,0.00472876,-0.000447097
39,6,0.99039,0.00602098,-0.000646066
39,7,0.990445,0.00718488,-0.000881998
39,8,0.990507,0.00820735,-0.00115129
39,9,0.990578,0.00909454,-0.00145045
39,10,0.990656,0.00986182,-0.00177578
39,11,0.990741,0.0105274,-0.00212421
39,12,0.990832,0.0111086,-0.00249269
39,13,0.990929,0.01162,-0.0028788
39,14,0.991032,0.0120731,-0.00328017
39,15,0.991141,0.012476,-0.0036949
39,16,0.991254,0.0128342,-0.00412105
39,17,0.991372,0.0131511,-0.00455706
39,18,0.991494,0.0134288,-0.00500126
39,19,0.99162,0.0136681,-0.00545225
39,20,0.991748,0.0138697,-0.00590853
39,21,0.99188,0.0140339,-0.00636877
39,22,0.992015,0.0141611,-0.0068316
39,23,0.992151,0.0142517,-0.00729575
39,24,0.99229,0.0143061,-0.00775995
39,25,0.99243,0.0143251,-0.00822299
39,26,0.992571,0.0143095,-0.00868374
39,27,0.992714,0.0142601,-0.00914105
39,28,0.992857,0.0141779,-0.00959392
39,29,0.993002,0.0140637,-0.0100413
39,30,0.993147,0.0139187,-0.0104823
39,31,0.993292,0.0137438,-0.010916
39,32,0.993438,0.01354,-0.0113416
39,33,0.993584,0.0133084,-0.0117582
39,34,0.99373,0.0130501,-0.0121654
39,35,0.993877,0.0127661,-0.0125622
39,36,0.994024,0.0124575,-0.0129482
39,37,0.994171,0.0121255,-0.0133227
39,38,0.994319,0.011771,-0.0136853
39,39,0.994468,0.0113954,-0.0140355
39,40,0.994617,0.0109996,-0.0143729
39,41,0.994767,0.0105848,-0.0146971
39,42,0.994918,0.0101523,-0.0150079
39,43,0.99507,0.00970303,-0.0153048
39,44,0.995224,0.00923824,-0.0155878
39,45,0.995379,0.00875901,-0.0158564
39,46,0.995536,0.00826646,-0.0161105
39,47,0.995694,0.00776167,-0.01635
39,48,0.995855,0.00724572,-0.0165748
39,49,0.996018,0.00671966,-0.0167846
39,50,0.996184,0.00618451,-0.0169794
39,51,0.996352,0.00564128,-0.0171591
39,52,0.996524,0.00509095,-0.0173237
39,53,0.996698,0.0045345,-0.017473
39,54,0.996876,0.00397285,-0.0176071
39,55,0.997057,0.00340693,-0.0177258
39,56,0.997242,0.00283766,-0.0178292
39,57,0.997431,0.00226592,-0.0179172
39,58,0.997624,0.0016926,-0.0179898
39,59,0.99782,0.00111858,-0.018047
39,60,0.998021,0.000544731,-0.0180887
39,61,0.998226,-2.80837e-05,-0.018115
39,62,0.998436,-0.00059899,-0.0181258
39,63,0.99865,-0.00116711,-0.0181211
39,64,0.998868,-0.00173157,-0.0181009
39,65,0.99909,-0.00229148,-0.0180652
39,66,0.999317,-0.00284592,-0.0180141
39,67,0.999549,-0.00339399,-0.0179474
39,68,0.999785,-0.00393474,-0.0178652
39,69,1.00002,-0.00446724,-0.0177675
39,70,1.00027,-0.0049905,-0.0176543
39,71,1.00052,-0.00550355,-0.0175257
39,72,1.00077,-0.00600538,-0.0173817
39,73,1.00102,-0.00649496,-0.0172222
39,74,1.00128,-0.00697125,-0.0170474
39,75,1.00155,-0.00743319,-0.0168574
39,76,1.00181,-0.0078797,-0.0166521
39,77,1.00208,-0.0083097,-0.0164318
39,78,1.00235,-0.0087221,-0.0161965
39,79,1.00263,-0.00911579,-0.0159463
39,80,1.0029,-0.00948966,-0.0156815
39,81,1.00318,-0.00984261,-0.0154023
39,82,1.00346,-0.0101735,-0.0151087
39,83,1.00374,-0.0104814,-0.0148012
39,84,1.00402,-0.0107651,-0.01448
39,85,1.0043,-0.0110235,-0.0141455
39,86,1.00458,-0.0112558,-0.0137979
39,87,1.00486,-0.0114609,-0.0134378
39,88,1.00514,-0.0116378,-0.0130656
39,89,1.00542,-0.0117858,-0.0126817
39,90,1.00569,-0.011904,-0.0122869
39,91,1.00597,-0.0119916,-0.0118816
39,92,1.00624,-0.0120479,-0.0114666
39,93,1.00651,-0.0120725,-0.0110426
39,94,1.00677,-0.0120646,-0.0106104
39,95,1.00704,-0.012024,-0.0101707
39,96,1.00729,-0.0119502,-0.00972464
39,97,1.00754,-0.011843,-0.00927305
39,98,1.00779,-0.0117024,-0.008817
39,99,1.00803,-0.0115284,-0.00835756
39,100,1.00827,-0.0113211,-0.00789591
39,101,1.0085,-0.011081,-0.00743322
39,102,1.00872,-0.0108087,-0.00697079
39,103,1.00894,-0.010505,-0.00650988
39,104,1.00915,-0.0101712,-0.00605189
39,105,1.00935,-0.00980863,-0.00559815
39,106,1.00955,-0.00941923,-0.00515013
39,107,1.00974,-0.00900506,-0.00470921
39,108,1.00991,-0.00856838,-0.00427692
39,109,1.01009,-0.00811141,-0.00385466
39,110,1.01025,-0.00763601,-0.003444
39,111,1.0104,-0.00714323,-0.00304637
39,112,1.01054,-0.00663265,-0.00266339
39,113,1.01068,-0.00610175,-0.00229656
39,114,1.01081,-0.00554523,-0.0019476
39,115,1.01092,-0.00495456,-0.00161814
39,116,1.01103,-0.00431826,-0.0013101
39,117,1.01113,-0.00362313,-0.00102539
39,118,1.01122,-0.00285725,-0.000766308
39,119,1.0113,-0.00201533,-0.000535348
39,120,1.01137,-0.00110683,-0.000335648
39,121,1.01143,-0.000166694,-0.000170759
39,122,1.01148,0.000732317,-4.49598e-05
39,123,1.01152,0.00146887,3.75968e-05
39,124,1.01155,0.00186937,7.44786e-05
39,125,1.01157,0.00171973,6.75145e-05
39,126,1.01158,0.000803159,2.47785e-05
39,127,1,-0.00343474,0
40,0,1,0,0
40,1,0.990595,-2.14465e-05,-2.70998e-05
40,2,0.990606,0.000650619,-8.79827e-05
40,3,0.990626,0.00183477,-0.000172553
40,4,0.990654,0.00323,-0.000290946
40,5,0.990691,0.00464877,-0.000447347
40,6,0.990736,0.00598627,-0.000641553
40,7,0.990789,0.00719364,-0.000871553
40,8,0.99085,0.00825706,-0.00113397
40,9,0.990919,0.00918252,-0.00142549
40,10,0.990994,0.00998548,-0.00174257
40,11,0.991076,0.0106843,-0.00208223
40,12,0.991165,0.0112967,-0.00244153
40,13,0.991259,0.0118374,-0.00281812
40,14,0.991359,0.012318,-0.00320967
40,15,0.991463,0.0127469,-0.00361435
40,16,0.991573,0.0131295,-0.00403026
40,17,0.991686,0.0134694,-0.00445588
40,18,0.991804,0.0137685,-0.00488957
40,19,0.991925,0.0140279,-0.00532997
40,20,0.992049,0.0142482,-0.00577559
40,21,0.992175,0.0144296,-0.00622516
40,22,0.992304,0.0145725,-0.00667731
40,23,0.992435,0.0146773,-0.00713081
40,24,0.992567,0.0147445,-0.00758441
40,25,0.992701,0.0147748,-0.00803694
40,26,0.992836,0.0147691,-0.00848725
40,27,0.992971,0.014728,-0.00893427
40,28,0.993108,0.0146527,-0.00937698
40,29,0.993245,0.0145441,-0.00981438
40,30,0.993382,0.0144031,-0.0102456
40,31,0.99352,0.0142309,-0.0106697
40,32,0.993658,0.0140285,-0.011086
40,33,0.993796,0.0137969,-0.0114936
40,34,0.993934,0.0135373,-0.0118919
40,35,0.994072,0.0132507,-0.0122802
40,36,0.994211,0.0129384,-0.0126581
40,37,0.99435,0.0126013,-0.0130248
40,38,0.994489,0.0122407,-0.01338
40,39,0.994629,0.0118578,-0.0137231
40,40,0.994769,0.0114536,-0.0140539
40,41,0.99491,0.0110296,-0.0143719
40,42,0.995052,0.0105867,-0.0146769
40,43,0.995195,0.0101263,-0.0149685
40,44,0.99534,0.00964946,-0.0152465
40,45,0.995486,0.00915744,-0.0155107
40,46,0.995634,0.00865138,-0.0157609
40,47,0.995783,0.00813244,-0.0159969
40,48,0.995935,0.00760176,-0.0162187
40,49,0.99609,0.00706044,-0.016426
40,50,0.996246,0.00650958,-0.0166188
40,51,0.996406,0.00595024,-0.016797
40,52,0.996569,0.00538347,-0.0169605
40,53,0.996734,0.00481028,-0.0171093
40,54,0.996904,0.00423168,-0.0172434
40,55,0.997077,0.00364862,-0.0173625
40,56,0.997253,0.00306206,-0.0174669
40,57,0.997434,0.00247295,-0.0175563
40,58,0.997618,0.00188219,-0.0176308
40,59,0.997807,0.00129069,-0.0176904
40,60,0.998,0.000699349,-0.017735
40,61,0.998197,0.000109056,-0.0177646
40,62,0.998399,-0.000479303,-0.0177793
40,63,0.998605,-0.00106484,-0.0177788
40,64,0.998815,-0.00164668,-0.0177634
40,65,0.999031,-0.00222391,-0.0177329
40,66,0.99925,-0.00279564,-0.0176873
40,67,0.999475,-0.00336096,-0.0176266
40,68,0.999703,-0.00391894,-0.0175509
40,69,0.999936,-0.00446865,-0.0174601
40,70,1.00017,-0.00500913,-0.0173541
40,71,1.00042,-0.00553941,-0.0172331
40,72,1.00066,-0.00605849,-0.0170971
40,73,1.00091,-0.00656539,-0.0169459
40,74,1.00116,-0.00705906,-0.0167798
40,75,1.00142,-0.00753848,-0.0165987
40,76,1.00168,-0.00800258,-0.0164026
40,77,1.00194,-0.00845029,-0.0161918
40,78,1.00221,-0.00888055,-0.0159662
40,79,1.00248,-0.00929224,-0.0157259
40,80,1.00275,-0.00968429,-0.0154712
40,81,1.00302,-0.0100556,-0.0152022
40,82,1.00329,-0.010405,-0.014919
40,83,1.00357,-0.0107316,-0.0146219
40,84,1.00384,-0.0110341,-0.0143112
40,85,1.00412,-0.0113115,-0.0139871
40,86,1.00439,-0.0115629,-0.01365
40,87,1.00467,-0.0117872,-0.0133003
40,88,1.00494,-0.0119834,-0.0129384
40,89,1.00522,-0.0121506,-0.0125647
40,90,1.00549,-0.012288,-0.0121798
40,91,1.00576,-0.0123947,-0.0117843
40,92,1.00603,-0.01247,-0.0113788
40,93,1.00629,-0.0125132,-0.010964
40,94,1.00655,-0.0125236,-0.0105407
40,95,1.00681,-0.0125007,-0.0101096
40,96,1.00707,-0.0124442,-0.00967164
40,97,1.00732,-0.0123536,-0.00922775
40,98,1.00756,-0.0122287,-0.00877893
40,99,1.0078,-0.0120694,-0.00832624
40,100,1.00803,-0.0118757,-0.00787082
40,101,1.00826,-0.011648,-0.00741384
40,102,1.00848,-0.0113866,-0.00695655
40,103,1.00869,-0.0110924,-0.00650024
40,104,1.0089,-0.0107662,-0.00604626
40,105,1.0091,-0.0104096,-0.00559599
40,106,1.00929,-0.0100241,-0.00515086
40,107,1.00948,-0.00961171,-0.0047123
40,108,1.00965,-0.00917465,-0.00428182
40,109,1.00982,-0.008715,-0.00386089
40,110,1.00998,-0.00823456,-0.00345106
40,111,1.01013,-0.00773427,-0.00305385
40,112,1.01027,-0.00721365,-0.00267087
40,113,1.01041,-0.0066701,-0.00230371
40,114,1.01053,-0.00609823,-0.00195408
40,115,1.01064,-0.00548945,-0.00162369
40,116,1.01075,-0.00483213,-0.00131445
40,117,1.01084,-0.0041129,-0.00102832
40,118,1.01093,-0.00331961,-0.000767603
40,119,1.01101,-0.00244663,-0.00053483
40,120,1.01108,-0.00150298,-0.000333162
40,121,1.01113,-0.000523165,-0.000166297
40,122,1.01118,0.000420182,-3.86339e-05
40,123,1.01122,0.00120489,4.54935e-05
40,124,1.01125,0.00165436,8.25076e-05
40,125,1.01127,0.00154763,7.33974e-05
40,126,1.01128,0.000655998,3.03551e-05
40,127,1,-0.00343474,0
41,0,1,0,0
41,1,0.990955,0.000200653,-2.91995e-05
41,2,0.990967,0.000884567,-9.28646e-05
41,3,0.990988,0.00209335,-0.000177519
41,4,0.991017,0.0035185,-0.000293781
41,5,0.991054,0.00496772,-0.000446162
41,6,0.991098,0.00633343,-0.00063477
41,7,0.991151,0.00756548,-0.000857893
41,8,0.99121,0.00864963,-0.0011124
41,9,0.991277,0.00959191,-0.00139518
41,10,0.99135,0.0104081,-0.00170284
41,11,0.991429,0.011117,-0.00203254
41,12,0.991514,0.0117366,-0.00238141
41,13,0.991605,0.0122821,-0.00274722
41,14,0.991701,0.0127654,-0.00312768
41,15,0.991801,0.0131952,-0.00352103
41,16,0.991906,0.0135772,-0.00392541
41,17,0.992014,0.0139151,-0.00433936
41,18,0.992126,0.0142109,-0.00476127
41,19,0.992241,0.014466,-0.00518981
41,20,0.992359,0.0146808,-0.00562355
41,21,0.992479,0.0148559,-0.00606124
41,22,0.992601,0.0149915,-0.00650154
41,23,0.992725,0.0150883,-0.00694325
41,24,0.99285,0.0151468,-0.00738513
41,25,0.992976,0.0151678,-0.00782607
41,26,0.993104,0.0151521,-0.00826492
41,27,0.993231,0.0151006,-0.00870065
41,28,0.99336,0.0150144,-0.00913224
41,29,0.993489,0.0148946,-0.00955874
41,30,0.993618,0.0147421,-0.00997928
41,31,0.993747,0.0145582,-0.010393
41,32,0.993876,0.0143439,-0.0107991
41,33,0.994006,0.0141004,-0.0111969
41,34,0.994135,0.0138289,-0.0115857
41,35,0.994265,0.0135303,-0.0119649
41,36,0.994395,0.0132061,-0.0123339
41,37,0.994525,0.0128572,-0.0126922
41,38,0.994655,0.0124849,-0.0130394
41,39,0.994786,0.0120905,-0.013375
41,40,0.994917,0.0116751,-0.0136986
41,41,0.99505,0.0112398,-0.0140098
41,42,0.995183,0.010786,-0.0143085
41,43,0.995317,0.0103148,-0.0145943
41,44,0.995453,0.00982733,-0.014867
41,45,0.99559,0.00932483,-0.0151263
41,46,0.995729,0.00880842,-0.0153722
41,47,0.99587,0.00827923,-0.0156043
41,48,0.996014,0.00773836,-0.0158227
41,49,0.996159,0.00718689,-0.0160271
41,50,0.996308,0.00662586,-0.0162176
41,51,0.996459,0.00605631,-0.0163939
41,52,0.996613,0.00547924,-0.0165562
41,53,0.996771,0.00489562,-0.0167041
41,54,0.996932,0.0043064,-0.0168378
41,55,0.997096,0.00371254,-0.0169572
41,56,0.997265,0.00311493,-0.0170622
41,57,0.997437,0.00251449,-0.0171529
41,58,0.997614,0.0019121,-0.0172291
41,59,0.997795,0.00130865,-0.0172908
41,60,0.99798,0.000705011,-0.0173381
41,61,0.99817,0.000102063,-0.0173709
41,62,0.998364,-0.00049932,-0.0173892
41,63,0.998562,-0.00109825,-0.0173929
41,64,0.998766,-0.00169385,-0.0173821
41,65,0.998974,-0.0022852,-0.0173567
41,66,0.999186,-0.0028714,-0.0173167
41,67,0.999404,-0.00345152,-0.017262
41,68,0.999625,-0.0040246,-0.0171927
41,69,0.999852,-0.00458967,-0.0171088
41,70,1.00008,-0.00514575,-0.0170101
41,71,1.00032,-0.00569182,-0.0168968
41,72,1.00056,-0.00622685,-0.0167688
41,73,1.0008,-0.00674978,-0.0166262
41,74,1.00105,-0.00725954,-0.0164689
41,75,1.0013,-0.00775502,-0.0162969
41,76,1.00155,-0.0082351,-0.0161104
41,77,1.00181,-0.00869866,-0.0159093
41,78,1.00207,-0.00914453,-0.0156938
41,79,1.00233,-0.00957156,-0.0154639
41,80,1.00259,-0.00997858,-0.0152197
41,81,1.00286,-0.0103644,-0.0149614
41,82,1.00313,-0.0107279,-0.0146891
41,83,1.0034,-0.0110679,-0.0144031
41,84,1.00367,-0.0113832,-0.0141035
41,85,1.00394,-0.0116726,-0.0137906
41,86,1.00421,-0.0119352,-0.0134647
41,87,1.00448,-0.0121698,-0.0131262
41,88,1.00475,-0.0123754,-0.0127755
41,89,1.00502,-0.012551,-0.0124129
41,90,1.00529,-0.0126956,-0.012039
41,91,1.00555,-0.0128085,-0.0116542
41,92,1.00582,-0.0128887,-0.0112593
41,93,1.00608,-0.0129355,-0.0108548
41,94,1.00633,-0.0129484,-0.0104415
41,95,1.00659,-0.0129267,-0.0100201
41,96,1.00683,-0.0128699,-0.00959144
41,97,1.00708,-0.0127778,-0.00915648
41,98,1.00732,-0.01265,-0.00871615
41,99,1.00755,-0.0124865,-0.00827148
41,100,1.00778,-0.0122873,-0.00782359
41,101,1.00801,-0.0120527,-0.00737361
41,102,1.00822,-0.0117833,-0.00692279
41,103,1.00843,-0.0114797,-0.00647239
41,104,1.00864,-0.0111431,-0.00602374
41,105,1.00883,-0.0107748,-0.00557823
41,106,1.00902,-0.0103767,-0.00513729
41,107,1.0092,-0.00995072,-0.00470235
41,108,1.00937,-0.00949913,-0.00427493
41,109,1.00954,-0.00902411,-0.00385653
41,110,1.00969,-0.00852747,-0.00344871
41,111,1.00984,-0.0080102,-0.00305304
41,112,1.00998,-0.00747184,-0.00267115
41,113,1.01011,-0.00690975,-0.00230467
41,114,1.01023,-0.0063185,-0.00195534
41,115,1.01034,-0.00568941,-0.00162493
41,116,1.01044,-0.00501073,-0.00131533
41,117,1.01054,-0.00426887,-0.00102857
41,118,1.01062,-0.00345136,-0.000766916
41,119,1.0107,-0.00255205,-0.000532962
41,120,1.01076,-0.00157925,-0.000329883
41,121,1.01082,-0.000566575,-0.000161447
41,122,1.01087,0.000414117,-3.22413e-05
41,123,1.0109,0.00124065,5.2911e-05
41,124,1.01093,0.00173446,9.05545e-05
41,125,1.01095,0.00166894,8.10076e-05
41,126,1.01096,0.000803611,3.08333e-05
41,127,1,-0.00343474,0
42,0,1,0,0
42,1,0.991325,-2.26468e-05,-3.14173e-05
42,2,0.991337,0.000674105,-9.72606e-05
42,3,0.991357,0.00191232,-0.000181706
42,4,0.991385,0.00337584,-0.00029539
42,5,0.99142,0.00486708,-0.000443156
42,6,0.991463,0.00627531,-0.000625476
42,7,0.991513,0.00754864,-0.000840927
42,8,0.991571,0.00867203,-0.00108664
42,9,0.991635,0.00965126,-0.00135971
42,10,0.991705,0.0105021,-0.00165692
42,11,0.991782,0.0112436,-0.00197556
42,12,0.991864,0.0118938,-0.00231288
42,13,0.991951,0.0124682,-0.00266673
42,14,0.992043,0.0129789,-0.0030349
42,15,0.99214,0.0134345,-0.0034157
42,16,0.99224,0.0138409,-0.00380734
42,17,0.992344,0.0142018,-0.00420838
42,18,0.992451,0.0145194,-0.00461728
42,19,0.992561,0.0147947,-0.00503277
42,20,0.992674,0.0150285,-0.00545342
42,21,0.992788,0.0152212,-0.00587805
42,22,0.992905,0.015373,-0.00630533
42,23,0.993022,0.0154845,-0.00673411
42,24,0.993141,0.0155564,-0.00716318
42,25,0.993261,0.0155892,-0.00759145
42,26,0.993381,0.0155839,-0.0080178
42,27,0.993502,0.0155415,-0.00844122
42,28,0.993623,0.0154629,-0.00886074
42,29,0.993744,0.0153492,-0.0092754
42,30,0.993866,0.0152016,-0.00968438
42,31,0.993987,0.0150212,-0.0100868
42,32,0.994108,0.0148091,-0.010482
42,33,0.994229,0.0145664,-0.0108692
42,34,0.99435,0.0142944,-0.0112477
42,35,0.994471,0.0139942,-0.011617
42,36,0.994592,0.013667,-0.0119766
42,37,0.994714,0.013314,-0.0123258
42,38,0.994835,0.0129366,-0.0126643
42,39,0.994957,0.0125358,-0.0129917
42,40,0.995079,0.012113,-0.0133076
42,41,0.995203,0.0116695,-0.0136116
42,42,0.995327,0.0112064,-0.0139035
42,43,0.995452,0.010725,-0.0141829
42,44,0.995578,0.0102266,-0.0144498
42,45,0.995707,0.00971237,-0.0147039
42,46,0.995836,0.00918355,-0.0149449
42,47,0.995968,0.00864131,-0.0151728
42,48,0.996103,0.00808682,-0.0153875
42,49,0.996239,0.00752122,-0.0155887
42,50,0.996378,0.00694562,-0.0157764
42,51,0.996521,0.00636111,-0.0159506
42,52,0.996666,0.00576875,-0.0161111
42,53,0.996815,0.00516958,-0.016258
42,54,0.996967,0.00456459,-0.0163911
42,55,0.997123,0.00395476,-0.0165103
42,56,0.997283,0.00334107,-0.0166158
42,57,0.997447,0.00272445,-0.0167074
42,58,0.997615,0.00210582,-0.0167851
42,59,0.997787,0.00148609,-0.0168488
42,60,0.997964,0.000866167,-0.0168986
42,61,0.998146,0.000246942,-0.0169344
42,62,0.998332,-0.000370695,-0.0169561
42,63,0.998523,-0.000985853,-0.0169639
42,64,0.998718,-0.00159764,-0.0169575
42,65,0.998918,-0.00220515,-0.0169371
42,66,0.999123,-0.00280748,-0.0169025
42,67,0.999333,-0.0034037,-0.0168538
42,68,0.999547,-0.00399288,-0.016791
42,69,0.999766,-0.00457406,-0.0167139
42,70,0.99999,-0.00514628,-0.0166226
42,71,1.00022,-0.00570853,-0.016517
42,72,1.00045,-0.00625981,-0.0163972
42,73,1.00069,-0.00679908,-0.0162632
42,74,1.00093,-0.00732528,-0.0161149
42,75,1.00117,-0.00783735,-0.0159523
42,76,1.00142,-0.00833418,-0.0157756
42,77,1.00167,-0.00881467,-0.0155846
42,78,1.00192,-0.00927768,-0.0153795
42,79,1.00218,-0.00972206,-0.0151603
42,80,1.00243,-0.0101467,-0.0149271
42,81,1.0027,-0.0105503,-0.01468
42,82,1.00296,-0.0109319,-0.0144191
42,83,1.00322,-0.0112902,-0.0141447
42,84,1.00349,-0.0116241,-0.0138569
42,85,1.00375,-0.0119325,-0.0135559
42,86,1.00402,-0.0122141,-0.0132419
42,87,1.00428,-0.012468,-0.0129154
42,88,1.00455,-0.0126931,-0.0125767
42,89,1.00481,-0.0128882,-0.012226
42,90,1.00507,-0.0130525,-0.011864
42,91,1.00533,-0.0131851,-0.011491
42,92,1.00559,-0.0132849,-0.0111076
42,93,1.00585,-0.0133513,-0.0107145
42,94,1.0061,-0.0133835,-0.0103123
42,95,1.00635,-0.0133808,-0.00990176
42,96,1.00659,-0.0133426,-0.00948363
42,97,1.00684,-0.0132685,-0.00905881
42,98,1.00707,-0.013158,-0.0086282
42,99,1.0073,-0.0130111,-0.00819282
42,100,1.00753,-0.0128274,-0.00775373
42,101,1.00775,-0.0126073,-0.00731206
42,102,1.00796,-0.012351,-0.006869
42,103,1.00817,-0.0120592,-0.00642582
42,104,1.00837,-0.0117327,-0.00598382
42,105,1.00856,-0.0113729,-0.00554437
42,106,1.00874,-0.0109813,-0.00510889
42,107,1.00892,-0.0105598,-0.00467885
42,108,1.00909,-0.0101105,-0.00425573
42,109,1.00925,-0.00963543,-0.00384107
42,110,1.0094,-0.00913638,-0.00343645
42,111,1.00955,-0.00861418,-0.00304346
42,112,1.00968,-0.00806827,-0.00266374
42,113,1.00981,-0.00749593,-0.00229899
42,114,1.00993,-0.00689163,-0.00195095
42,115,1.01004,-0.00624659,-0.00162143
42,116,1.01014,-0.00554892,-0.00131234
42,117,1.01023,-0.00478488,-0.00102572
42,118,1.01031,-0.00394174,-0.00076385
42,119,1.01038,-0.003013,-0.00052935
42,120,1.01045,-0.00200641,-0.000325409
42,121,1.0105,-0.000955039,-0.00015592
42,122,1.01054,6.96174e-05,-2.55732e-05
42,123,1.01058,0.000944899,6.06463e-05
42,124,1.01061,0.00148968,9.82242e-05
42,125,1.01062,0.00147086,8.66257e-05
42,126,1.01063,0.000636184,3.60115e-05
42,127,1,-0.00343474,0
43,0,1,0,0
43,1,0.991703,0.000197538,-3.34056e-05
43,2,0.991716,0.000900732,-0.00010182
43,3,0.991737,0.00215861,-0.000185729
43,4,0.991765,0.00364775,-0.000296356
43,5,0.991801,0.00516585,-0.000438902
43,6,0.991843,0.00659937,-0.000614176
43,7,0.991893,0.00789506,-0.000821093
43,8,0.991949,0.00903733,-0.00105706
43,9,0.992011,0.0100319,-0.00131941
43,10,0.992079,0.0108949,-0.0016051
43,11,0.992152,0.0116455,-0.00191157
43,12,0.992231,0.0123023,-0.0022362
43,13,0.992314,0.012881,-0.00257691
43,14,0.992402,0.0133941,-0.00293161
43,15,0.992494,0.0138504,-0.00329867
43,16,0.992589,0.0142561,-0.00367634
43,17,0.992688,0.0146151,-0.00406327
43,18,0.992789,0.0149295,-0.00445797
43,19,0.992893,0.0152007,-0.00485921
43,20,0.992999,0.0154294,-0.00526562
43,21,0.993107,0.0156161,-0.00567603
43,22,0.993216,0.0157612,-0.00608918
43,23,0.993326,0.0158652,-0.00650394
43,24,0.993438,0.0159289,-0.00691914
43,25,0.993549,0.0159531,-0.0073337
43,26,0.993662,0.0159386,-0.00774656
43,27,0.993775,0.0158865,-0.00815673
43,28,0.993887,0.0157979,-0.00856323
43,29,0.994,0.0156739,-0.00896518
43,30,0.994113,0.0155157,-0.00936174
43,31,0.994226,0.0153246,-0.00975209
43,32,0.994338,0.0151016,-0.0101355
43,33,0.99445,0.0148481,-0.0105113
43,34,0.994562,0.0145652,-0.0108789
43,35,0.994675,0.0142541,-0.0112377
43,36,0.994787,0.0139162,-0.0115871
43,37,0.994899,0.0135526,-0.0119266
43,38,0.995011,0.0131647,-0.0122559
43,39,0.995124,0.0127537,-0.0125745
43,40,0.995238,0.0123208,-0.0128821
43,41,0.995352,0.0118673,-0.0131783
43,42,0.995467,0.0113945,-0.0134629
43,43,0.995583,0.0109036,-0.0137356
43,44,0.995701,0.0103958,-0.0139962
43,45,0.99582,0.00987234,-0.0142445
43,46,0.995941,0.0093344,-0.0144804
43,47,0.996064,0.00878312,-0.0147036
43,48,0.996189,0.00821965,-0.0149141
43,49,0.996317,0.00764508,-0.0151117
43,50,0.996448,0.00706048,-0.0152963
43,51,0.996582,0.0064669,-0.0154679
43,52,0.996718,0.00586535,-0.0156265
43,53,0.996859,0.00525683,-0.0157718
43,54,0.997002,0.0046423,-0.015904
43,55,0.99715,0.00402271,-0.0160228
43,56,0.997302,0.00339897,-0.0161284
43,57,0.997457,0.002772,-0.0162206
43,58,0.997617,0.00214269,-0.0162995
43,59,0.997782,0.00151193,-0.016365
43,60,0.997951,0.0008806,-0.016417
43,61,0.998124,0.000249575,-0.0164556
43,62,0.998302,-0.000380262,-0.0164806
43,63,0.998485,-0.00100802,-0.0164922
43,64,0.998673,-0.00163282,-0.0164902
43,65,0.998866,-0.00225373,-0.0164746
43,66,0.999063,-0.00286984,-0.0164454
43,67,0.999266,-0.00348022,-0.0164025
43,68,0.999473,-0.00408389,-0.016346
43,69,0.999684,-0.00467988,-0.0162758
43,70,0.999901,-0.00526718,-0.0161918
43,71,1.00012,-0.00584475,-0.016094
43,72,1.00035,-0.00641155,-0.0159825
43,73,1.00058,-0.0069665,-0.0158572
43,74,1.00081,-0.00750847,-0.015718
43,75,1.00105,-0.00803635,-0.015565
43,76,1.00129,-0.00854897,-0.0153982
43,77,1.00153,-0.00904516,-0.0152176
43,78,1.00178,-0.00952372,-0.0150231
43,79,1.00203,-0.00998343,-0.014815
43,80,1.00228,-0.0104231,-0.0145932
43,81,1.00253,-0.0108414,-0.0143577
43,82,1.00279,-0.0112372,-0.0141088
43,83,1.00305,-0.0116093,-0.0138465
43,84,1.00331,-0.0119563,-0.013571
43,85,1.00357,-0.0122771,-0.0132826
43,86,1.00383,-0.0125704,-0.0129813
43,87,1.00409,-0.0128352,-0.0126675
43,88,1.00435,-0.0130703,-0.0123415
43,89,1.0046,-0.0132745,-0.0120037
43,90,1.00486,-0.0134468,-0.0116544
43,91,1.00512,-0.0135863,-0.0112941
43,92,1.00537,-0.0136919,-0.0109233
43,93,1.00562,-0.0137629,-0.0105426
43,94,1.00587,-0.0137985,-0.0101526
43,95,1.00611,-0.0137978,-0.00975404
43,96,1.00635,-0.0137605,-0.00934758
43,97,1.00659,-0.0136858,-0.0089341
43,98,1.00682,-0.0135735,-0.00851446
43,99,1.00704,-0.0134233,-0.00808964
43,100,1.00726,-0.0132351,-0.00766065
43,101,1.00748,-0.0130091,-0.0072286
43,102,1.00769,-0.0127456,-0.00679463
43,103,1.00789,-0.0124452,-0.00636
43,104,1.00808,-0.012109,-0.00592598
43,105,1.00827,-0.0117383,-0.00549394
43,106,1.00845,-0.0113346,-0.00506526
43,107,1.00862,-0.0109,-0.00464142
43,108,1.00879,-0.0104366,-0.00422389
43,109,1.00895,-0.00994647,-0.00381425
43,110,1.0091,-0.00943142,-0.00341405
43,111,1.00924,-0.00889235,-0.00302493
43,112,1.00937,-0.00832871,-0.00264854
43,113,1.00949,-0.00773777,-0.00228661
43,114,1.00961,-0.00711398,-0.0019409
43,115,1.00971,-0.00644848,-0.00161325
43,116,1.00981,-0.00572929,-0.00130557
43,117,1.0099,-0.00494248,-0.00101994
43,118,1.00998,-0.004075,-0.000758622
43,119,1.01005,-0.00311982,-0.000524269
43,120,1.01011,-0.00208396,-0.000320078
43,121,1.01016,-0.000999484,-0.000149996
43,122,1.0102,6.30922e-05,-1.88716e-05
43,123,1.01024,0.000981425,6.78711e-05
43,124,1.01026,0.00157285,0.000105807
43,125,1.01028,0.00159918,9.37472e-05
43,126,1.01029,0.000796578,3.66157e-05
43,127,1,-0.00343474,0
44,0,1,0,0
44,1,0.992091,-2.96243e-05,-3.56231e-05
44,2,0.992104,0.000680669,-0.000105856
44,3,0.992124,0.00196261,-0.000189001
44,4,0.992151,0.00348541,-0.000296197
44,5,0.992185,0.00504157,-0.000432998
44,6,0.992226,0.00651438,-0.000600623
44,7,0.992273,0.00784875,-0.000798307
44,8,0.992326,0.00902822,-0.00102375
44,9,0.992386,0.0100582,-0.00127452
44,10,0.992451,0.0109546,-0.00154775
44,11,0.992521,0.0117368,-0.00184107
44,12,0.992597,0.0124235,-0.00215196
44,13,0.992677,0.0130307,-0.00247848
44,14,0.99276,0.0135707,-0.0028186
44,15,0.992848,0.0140527,-0.00317078
44,16,0.992939,0.0144829,-0.00353336
44,17,0.993033,0.014865,-0.00390505
44,18,0.993129,0.0152013,-0.00428441
44,19,0.993228,0.0154932,-0.00467026
44,20,0.993328,0.0157413,-0.00506128
44,21,0.99343,0.015946,-0.00545637
44,22,0.993533,0.0161078,-0.00585429
44,23,0.993637,0.0162272,-0.00625396
44,24,0.993742,0.0163049,-0.00665422
44,25,0.993847,0.0163416,-0.00705407
44,26,0.993952,0.0163383,-0.00745243
44,27,0.994058,0.016296,-0.00784837
44,28,0.994163,0.0162158,-0.00824093
44,29,0.994268,0.0160989,-0.00862926
44,30,0.994373,0.0159465,-0.00901252
44,31,0.994477,0.0157597,-0.00938995
44,32,0.994581,0.0155398,-0.00976084
44,33,0.994685,0.0152881,-0.0101245
44,34,0.994789,0.0150057,-0.0104804
44,35,0.994892,0.014694,-0.0108278
44,36,0.994995,0.0143542,-0.0111664
44,37,0.995098,0.0139876,-0.0114956
44,38,0.995202,0.0135955,-0.0118151
44,39,0.995305,0.0131793,-0.0121243
44,40,0.99541,0.0127401,-0.012423
44,41,0.995515,0.0122794,-0.0127109
44,42,0.99562,0.0117985,-0.0129877
44,43,0.995727,0.0112986,-0.0132531
44,44,0.995835,0.010781,-0.013507
44,45,0.995945,0.010247,-0.0137491
44,46,0.996057,0.00969779,-0.0139793
44,47,0.996171,0.00913465,-0.0141974
44,48,0.996287,0.00855876,-0.0144033
44,49,0.996405,0.00797126,-0.0145969
44,50,0.996527,0.00737331,-0.014778
44,51,0.996651,0.006766,-0.0149467
44,52,0.996779,0.0061504,-0.0151029
44,53,0.99691,0.00552757,-0.0152464
44,54,0.997045,0.0048985,-0.0153773
44,55,0.997184,0.00426421,-0.0154954
44,56,0.997326,0.00362564,-0.0156008
44,57,0.997473,0.00298376,-0.0156934
44,58,0.997625,0.00233947,-0.0157732
44,59,0.99778,0.00169371,-0.0158401
44,60,0.997941,0.00104736,-0.0158942
44,61,0.998106,0.000401331,-0.0159353
44,62,0.998276,-0.000243488,-0.0159634
44,63,0.998451,-0.000886204,-0.0159786
44,64,0.99863,-0.00152592,-0.0159807
44,65,0.998815,-0.00216173,-0.0159698
44,66,0.999004,-0.00279272,-0.0159458
44,67,0.999199,-0.00341796,-0.0159087
44,68,0.999398,-0.00403651,-0.0158585
44,69,0.999602,-0.00464739,-0.015795
44,70,0.99981,-0.00524963,-0.0157184
44,71,1.00002,-0.00584222,-0.0156284
44,72,1.00024,-0.00642412,-0.0155252
44,73,1.00046,-0.00699429,-0.0154086
44,74,1.00069,-0.00755163,-0.0152787
44,75,1.00092,-0.00809505,-0.0151354
44,76,1.00115,-0.00862341,-0.0149788
44,77,1.00139,-0.00913558,-0.0148087
44,78,1.00163,-0.00963037,-0.0146253
44,79,1.00187,-0.0101066,-0.0144285
44,80,1.00212,-0.0105631,-0.0142184
44,81,1.00237,-0.0109985,-0.013995
44,82,1.00262,-0.0114118,-0.0137585
44,83,1.00287,-0.0118016,-0.0135089
44,84,1.00312,-0.0121668,-0.0132463
44,85,1.00337,-0.012506,-0.0129709
44,86,1.00363,-0.0128182,-0.0126829
44,87,1.00388,-0.0131021,-0.0123826
44,88,1.00413,-0.0133566,-0.0120701
44,89,1.00439,-0.0135804,-0.0117459
44,90,1.00464,-0.0137726,-0.0114102
44,91,1.00489,-0.0139321,-0.0110636
44,92,1.00514,-0.0140579,-0.0107063
44,93,1.00538,-0.014149,-0.0103391
44,94,1.00562,-0.0142046,-0.00996233
44,95,1.00586,-0.0142239,-0.0095768
44,96,1.0061,-0.0142062,-0.00918315
44,97,1.00633,-0.0141508,-0.00878219
44,98,1.00655,-0.0140572,-0.00837472
44,99,1.00678,-0.0139251,-0.0079617
44,100,1.00699,-0.0137542,-0.00754407
44,101,1.0072,-0.0135445,-0.00712292
44,102,1.00741,-0.0132962,-0.00669935
44,103,1.0076,-0.0130098,-0.00627459
44,104,1.00779,-0.0126861,-0.00584986
44,105,1.00798,-0.0123262,-0.00542654
44,106,1.00816,-0.0119315,-0.00500597
44,107,1.00832,-0.011504,-0.00458964
44,108,1.00849,-0.0110456,-0.00417899
44,109,1.00864,-0.0105582,-0.00377562
44,110,1.00878,-0.0100434,-0.00338107
44,111,1.00892,-0.0095021,-0.00299701
44,112,1.00905,-0.00893357,-0.0026251
44,113,1.00917,-0.00833497,-0.00226709
44,114,1.00928,-0.00770064,-0.00192474
44,115,1.00938,-0.00702162,-0.00159994
44,116,1.00948,-0.00628579,-0.00129459
44,117,1.00956,-0.00547905,-0.00101079
44,118,1.00964,-0.00458808,-0.000750796
44,119,1.00971,-0.00360545,-0.000517276
44,120,1.00976,-0.0025376,-0.000313433
44,121,1.00981,-0.00141589,-0.000143315
44,122,1.00985,-0.000310252,-1.18545e-05
44,123,1.00989,0.000656825,7.53854e-05
44,124,1.00991,0.0013006,0.000113019
44,125,1.00992,0.00137688,9.90075e-05
44,126,1.00993,0.000610367,4.13306e-05
44,127,1,-0.00343474,0
45,0,1,0,0
45,1,0.992487,0.000188755,-3.74951e-05
45,2,0.992501,0.000899569,-0.000110108
45,3,0.992522,0.00219563,-0.000192181
45,4,0.992549,0.00373922,-0.000295518
45,5,0.992583,0.00531818,-0.000426056
45,6,0.992624,0.00681296,-0.000585364
45,7,0.99267,0.00816701,-0.000773052
45,8,0.992722,0.00936322,-0.000987125
45,9,0.992779,0.0104068,-0.0012254
45,10,0.992842,0.011314,-0.00148524
45,11,0.992909,0.0121043,-0.00176439
45,12,0.99298,0.0127968,-0.00206051
45,13,0.993056,0.0134077,-0.00237176
45,14,0.993135,0.0139497,-0.00269622
45,15,0.993218,0.0144322,-0.00303243
45,16,0.993304,0.0148615,-0.00337881
45,17,0.993392,0.0152416,-0.00373413
45,18,0.993482,0.0155749,-0.00409703
45,19,0.993574,0.0158629,-0.00446639
45,20,0.993668,0.0161062,-0.00484095
45,21,0.993763,0.0163054,-0.00521964
45,22,0.993859,0.016461,-0.00560127
45,23,0.993955,0.0165735,-0.00598482
45,24,0.994052,0.0166437,-0.00636915
45,25,0.994149,0.0166725,-0.00675329
45,26,0.994246,0.0166608,-0.00713622
45,27,0.994343,0.0166097,-0.00751701
45,28,0.99444,0.0165204,-0.00789475
45,29,0.994536,0.0163942,-0.0082686
45,30,0.994632,0.0162322,-0.00863775
45,31,0.994728,0.0160358,-0.00900146
45,32,0.994823,0.0158062,-0.00935905
45,33,0.994917,0.0155447,-0.00970986
45,34,0.995012,0.0152526,-0.0100533
45,35,0.995106,0.0149313,-0.0103888
45,36,0.9952,0.014582,-0.0107159
45,37,0.995294,0.014206,-0.0110342
45,38,0.995388,0.0138048,-0.0113432
45,39,0.995483,0.0133795,-0.0116425
45,40,0.995578,0.0129316,-0.0119318
45,41,0.995673,0.0124623,-0.0122108
45,42,0.99577,0.0119729,-0.0124792
45,43,0.995868,0.0114648,-0.0127369
45,44,0.995967,0.0109391,-0.0129835
45,45,0.996068,0.0103972,-0.0132189
45,46,0.99617,0.00984013,-0.013443
45,47,0.996275,0.00926923,-0.0136555
45,48,0.996382,0.0086856,-0.0138564
45,49,0.996492,0.00809036,-0.0140455
45,50,0.996605,0.00748462,-0.0142229
45,51,0.99672,0.00686942,-0.0143882
45,52,0.996839,0.00624581,-0.0145416
45,53,0.996962,0.00561478,-0.014683
45,54,0.997088,0.0049773,-0.0148122
45,55,0.997218,0.00433433,-0.0149293
45,56,0.997352,0.0036868,-0.0150342
45,57,0.997491,0.00303562,-0.0151268
45,58,0.997633,0.00238169,-0.0152072
45,59,0.997781,0.0017259,-0.0152753
45,60,0.997933,0.00106913,-0.015331
45,61,0.99809,0.000412259,-0.0153744
45,62,0.998252,-0.000243825,-0.0154054
45,63,0.998418,-0.000898236,-0.0154239
45,64,0.99859,-0.00155008,-0.01543
45,65,0.998767,-0.00219843,-0.0154237
45,66,0.998948,-0.00284238,-0.0154047
45,67,0.999135,-0.00348098,-0.0153733
45,68,0.999326,-0.00411325,-0.0153292
45,69,0.999523,-0.00473822,-0.0152724
45,70,0.999724,-0.00535485,-0.015203
45,71,0.999929,-0.00596211,-0.0151208
45,72,1.00014,-0.00655893,-0.0150259
45,73,1.00035,-0.0071442,-0.0149182
45,74,1.00057,-0.00771679,-0.0147976
45,75,1.0008,-0.00827556,-0.0146641
45,76,1.00102,-0.0088193,-0.0145177
45,77,1.00125,-0.00934682,-0.0143585
45,78,1.00149,-0.00985688,-0.0141862
45,79,1.00172,-0.0103482,-0.0140011
45,80,1.00196,-0.0108195,-0.013803
45,81,1.0022,-0.0112696,-0.0135921
45,82,1.00245,-0.0116971,-0.0133683
45,83,1.00269,-0.0121007,-0.0131318
45,84,1.00294,-0.0124791,-0.0128826
45,85,1.00318,-0.012831,-0.0126209
45,86,1.00343,-0.0131552,-0.0123468
45,87,1.00368,-0.0134503,-0.0120606
45,88,1.00393,-0.0137152,-0.0117624
45,89,1.00417,-0.0139486,-0.0114526
45,90,1.00442,-0.0141494,-0.0111313
45,91,1.00466,-0.0143165,-0.0107991
45,92,1.0049,-0.0144488,-0.0104563
45,93,1.00514,-0.0145453,-0.0101035
45,94,1.00538,-0.0146051,-0.00974104
45,95,1.00561,-0.0146274,-0.00936966
45,96,1.00584,-0.0146114,-0.00898993
45,97,1.00606,-0.0145564,-0.00860264
45,98,1.00629,-0.0144619,-0.00820854
45,99,1.0065,-0.0143275,-0.00780854
45,100,1.00671,-0.0141531,-0.00740353
45,101,1.00692,-0.0139385,-0.00699458
45,102,1.00711,-0.0136839,-0.00658271
45,103,1.00731,-0.01339,-0.00616915
45,104,1.00749,-0.0130574,-0.00575506
45,105,1.00767,-0.0126874,-0.00534181
45,106,1.00784,-0.0122815,-0.0049307
45,107,1.00801,-0.0118415,-0.0045232
45,108,1.00816,-0.0113695,-0.00412076
45,109,1.00831,-0.0108676,-0.00372495
45,110,1.00845,-0.0103372,-0.00333732
45,111,1.00859,-0.0097794,-0.00295956
45,112,1.00871,-0.00919338,-0.00259332
45,113,1.00883,-0.00857637,-0.00224038
45,114,1.00894,-0.00792267,-0.0019025
45,115,1.00903,-0.00722328,-0.00158158
45,116,1.00913,-0.00646602,-0.00127953
45,117,1.00921,-0.0056366,-0.000998463
45,118,1.00928,-0.0047214,-0.000740619
45,119,1.00935,-0.0037125,-0.00050868
45,120,1.0094,-0.00261552,-0.00030585
45,121,1.00945,-0.00146076,-0.000136211
45,122,1.00949,-0.000316991,-4.82252e-06
45,123,1.00952,0.000693913,8.23713e-05
45,124,1.00954,0.00138615,0.000120046
45,125,1.00955,0.00151097,0.000105534
45,126,1.00956,0.000782011,4.20243e-05
45,127,1,-0.00343474,0
46,0,1,0,0
46,1,0.992893,-4.27355e-05,-3.96977e-05
46,2,0.992907,0.000668973,-0.000113806
46,3,0.992926,0.00198317,-0.000194643
46,4,0.992953,0.00355516,-0.000293824
46,5,0.992985,0.00516773,-0.000417651
46,6,0.993023,0.00669813,-0.000568139
46,7,0.993067,0.00808789,-0.000745241
46,8,0.993116,0.00931892,-0.000947274
46,9,0.993171,0.010396,-0.00117232
46,10,0.993231,0.0113351,-0.00141793
46,11,0.993294,0.0121559,-0.00168207
46,12,0.993363,0.0128775,-0.0019625
46,13,0.993434,0.0135161,-0.00225753
46,14,0.99351,0.0140847,-0.00256534
46,15,0.993588,0.0145927,-0.00288456
46,16,0.993669,0.0150463,-0.00321371
46,17,0.993752,0.0154497,-0.00355163
46,18,0.993837,0.0158052,-0.00389702
46,19,0.993924,0.0161142,-0.00424885
46,20,0.994012,0.0163773,-0.00460589
46,21,0.994101,0.0165951,-0.00496715
46,22,0.99419,0.0167681,-0.00533147
46,23,0.99428,0.0168967,-0.00569788
46,24,0.99437,0.0169816,-0.00606529
46,25,0.99446,0.0170238,-0.00643276
46,26,0.99455,0.0170241,-0.0067993
46,27,0.994639,0.0169837,-0.00716403
46,28,0.994728,0.0169039,-0.00752604
46,29,0.994816,0.0167857,-0.00788454
46,30,0.994904,0.0166304,-0.00823874
46,31,0.994991,0.0164394,-0.00858793
46,32,0.995078,0.016214,-0.00893143
46,33,0.995164,0.0159554,-0.00926862
46,34,0.995249,0.015665,-0.00959891
46,35,0.995334,0.0153441,-0.00992179
46,36,0.995419,0.0149941,-0.0102368
46,37,0.995504,0.0146163,-0.0105434
46,38,0.995589,0.014212,-0.0108413
46,39,0.995674,0.0137828,-0.01113
46,40,0.99576,0.0133298,-0.0114094
46,41,0.995846,0.0128545,-0.0116789
46,42,0.995933,0.0123582,-0.0119385
46,43,0.996021,0.0118423,-0.0121878
46,44,0.996111,0.0113081,-0.0124267
46,45,0.996202,0.0107568,-0.012655
46,46,0.996295,0.0101898,-0.0128725
46,47,0.996391,0.00960831,-0.013079
46,48,0.996488,0.00901353,-0.0132744
46,49,0.996588,0.00840665,-0.0134587
46,50,0.996692,0.00778884,-0.0136318
46,51,0.996798,0.0071612,-0.0137934
46,52,0.996907,0.00652483,-0.0139437
46,53,0.997021,0.00588078,-0.0140825
46,54,0.997138,0.00523007,-0.0142097
46,55,0.997259,0.00457372,-0.0143254
46,56,0.997384,0.00391267,-0.0144294
46,57,0.997513,0.0032479,-0.0145218
46,58,0.997647,0.00258032,-0.0146024
46,59,0.997786,0.00191085,-0.0146714
46,60,0.997929,0.0012404,-0.0147286
46,61,0.998077,0.000569859,-0.014774
46,62,0.99823,-9.98705e-05,-0.0148076
46,63,0.998388,-0.000767898,-0.0148293
46,64,0.998552,-0.00143333,-0.0148392
46,65,0.99872,-0.00209525,-0.0148371
46,66,0.998893,-0.00275274,-0.0148231
46,67,0.999071,-0.00340488,-0.0147971
46,68,0.999255,-0.00405071,-0.014759
46,69,0.999443,-0.00468926,-0.0147089
46,70,0.999636,-0.00531954,-0.0146466
46,71,0.999834,-0.00594053,-0.0145722
46,72,1.00004,-0.00655118,-0.0144856
46,73,1.00024,-0.00715043,-0.0143867
46,74,1.00045,-0.00773718,-0.0142755
46,75,1.00067,-0.0083103,-0.0141519
46,76,1.00089,-0.00886864,-0.014016
46,77,1.00111,-0.00941102,-0.0138676
46,78,1.00134,-0.00993623,-0.0137068
46,79,1.00156,-0.0104431,-0.0135335
46,80,1.0018,-0.0109302,-0.0133478
46,81,1.00203,-0.0113965,-0.0131496
46,82,1.00227,-0.0118406,-0.012939
46,83,1.0025,-0.0122612,-0.012716
46,84,1.00274,-0.0126571,-0.0124807
46,85,1.00298,-0.0130269,-0.0122332
46,86,1.00322,-0.0133693,-0.0119736
46,87,1.00347,-0.0136832,-0.0117021
46,88,1.00371,-0.0139672,-0.0114188
46,89,1.00395,-0.0142201,-0.0111241
46,90,1.00419,-0.0144407,-0.0108181
46,91,1.00442,-0.0146278,-0.0105012
46,92,1.00466,-0.0147804,-0.0101737
46,93,1.00489,-0.0148974,-0.00983621
46,94,1.00512,-0.0149778,-0.00948902
46,95,1.00535,-0.0150206,-0.00913279
46,96,1.00557,-0.015025,-0.00876805
46,97,1.00579,-0.0149902,-0.00839556
46,98,1.00601,-0.0149156,-0.00801597
46,99,1.00622,-0.0148007,-0.00763018
46,100,1.00642,-0.014645,-0.00723901
46,101,1.00662,-0.0144483,-0.0068435
46,102,1.00682,-0.0142108,-0.00644461
46,103,1.00701,-0.0139328,-0.00604353
46,104,1.00719,-0.0136148,-0.00564139
46,105,1.00736,-0.0132579,-0.00523951
46,106,1.00753,-0.0128635,-0.00483916
46,107,1.00769,-0.0124331,-0.00444181
46,108,1.00784,-0.0119687,-0.00404886
46,109,1.00799,-0.0114721,-0.0036619
46,110,1.00812,-0.0109448,-0.00328245
46,111,1.00825,-0.0103875,-0.0029122
46,112,1.00837,-0.00979937,-0.00255281
46,113,1.00848,-0.00917744,-0.00220608
46,114,1.00859,-0.00851591,-0.00187374
46,115,1.00868,-0.00780567,-0.00155774
46,116,1.00877,-0.00703437,-0.00125995
46,117,1.00885,-0.00618757,-0.000982504
46,118,1.00892,-0.00525136,-0.000727623
46,119,1.00898,-0.00421738,-0.000497999
46,120,1.00903,-0.00309061,-0.000296824
46,121,1.00908,-0.00190055,-0.000128259
46,122,1.00911,-0.000715165,2.57954e-06
46,123,1.00914,0.000343863,8.96314e-05
46,124,1.00916,0.00108914,0.000126722
46,125,1.00917,0.00126655,0.000110352
46,126,1.00918,0.000578695,4.62217e-05
46,127,1,-0.00343474,0
47,0,1,0,0
47,1,0.993306,0.000173976,-4.14476e-05
47,2,0.993321,0.000879905,-0.000117763
47,3,0.993341,0.00220223,-0.000197082
47,4,0.993368,0.00378971,-0.000291742
47,5,0.9934,0.00542061,-0.000408433
47,6,0.993438,0.0069693,-0.000549535
47,7,0.993481,0.00837575,-0.000715396
47,8,0.993529,0.0096211,-0.000904667
47,9,0.993581,0.0107099,-0.00111569
47,10,0.993638,0.0116582,-0.00134626
47,11,0.993698,0.0124859,-0.00159449
47,12,0.993762,0.0132122,-0.00185833
47,13,0.99383,0.0138539,-0.00213619
47,14,0.9939,0.0144239,-0.00242637
47,15,0.993973,0.014932,-0.00272762
47,16,0.994049,0.0153846,-0.00303853
47,17,0.994126,0.015786,-0.00335805
47,18,0.994204,0.0161386,-0.00368492
47,19,0.994284,0.0164438,-0.0040182
47,20,0.994365,0.0167026,-0.00435673
47,21,0.994447,0.0169153,-0.00469956
47,22,0.994529,0.0170825,-0.0050456
47,23,0.994611,0.0172049,-0.00539391
47,24,0.994693,0.0172831,-0.00574346
47,25,0.994774,0.0173181,-0.00609335
47,26,0.994856,0.0173109,-0.0064426
47,27,0.994936,0.0172627,-0.0067904
47,28,0.995016,0.0171747,-0.00713584
47,29,0.995096,0.0170482,-0.00747818
47,30,0.995175,0.0168846,-0.00781664
47,31,0.995253,0.0166851,-0.00815055
47,32,0.99533,0.0164511,-0.00847922
47,33,0.995407,0.016184,-0.00880207
47,34,0.995483,0.0158851,-0.00911853
47,35,0.995559,0.0155559,-0.0094281
47,36,0.995634,0.0151977,-0.00973029
47,37,0.99571,0.0148118,-0.0100247
47,38,0.995785,0.0143998,-0.0103109
47,39,0.995861,0.0139628,-0.0105885
47,40,0.995937,0.0135024,-0.0108573
47,41,0.996014,0.0130199,-0.0111169
47,42,0.996092,0.0125165,-0.0113671
47,43,0.996171,0.0119937,-0.0116076
47,44,0.996251,0.0114527,-0.0118383
47,45,0.996333,0.0108949,-0.0120589
47,46,0.996417,0.0103213,-0.0122693
47,47,0.996503,0.00973336,-0.0124693
47,48,0.996592,0.00913213,-0.0126589
47,49,0.996683,0.00851878,-0.0128379
47,50,0.996777,0.00789443,-0.0130062
47,51,0.996875,0.00726014,-0.0131638
47,52,0.996975,0.00661697,-0.0133105
47,53,0.997079,0.00596592,-0.0134463
47,54,0.997188,0.00530798,-0.0135712
47,55,0.9973,0.00464411,-0.0136851
47,56,0.997416,0.00397525,-0.0137879
47,57,0.997537,0.00330231,-0.0138797
47,58,0.997662,0.00262619,-0.0139603
47,59,0.997792,0.00194778,-0.0140298
47,60,0.997927,0.00126798,-0.0140882
47,61,0.998067,0.00058766,-0.0141353
47,62,0.998211,-9.22951e-05,-0.0141712
47,63,0.998361,-0.000770996,-0.0141959
47,64,0.998516,-0.00144754,-0.0142093
47,65,0.998676,-0.00212103,-0.0142113
47,66,0.998841,-0.00279052,-0.014202
47,67,0.999011,-0.00345508,-0.0141813
47,68,0.999186,-0.00411372,-0.0141491
47,69,0.999367,-0.00476547,-0.0141055
47,70,0.999552,-0.00540928,-0.0140503
47,71,0.999742,-0.00604412,-0.0139836
47,72,0.999936,-0.00666891,-0.0139052
47,73,1.00014,-0.00728252,-0.0138151
47,74,1.00034,-0.00788382,-0.0137133
47,75,1.00055,-0.00847162,-0.0135997
47,76,1.00076,-0.00904473,-0.0134743
47,77,1.00097,-0.00960191,-0.013337
47,78,1.00119,-0.0101419,-0.0131877
47,79,1.00141,-0.0106634,-0.0130266
47,80,1.00164,-0.0111651,-0.0128534
47,81,1.00186,-0.0116456,-0.0126683
47,82,1.00209,-0.0121037,-0.0124711
47,83,1.00232,-0.0125379,-0.0122621
47,84,1.00256,-0.0129469,-0.012041
47,85,1.00279,-0.0133294,-0.0118082
47,86,1.00302,-0.0136839,-0.0115636
47,87,1.00326,-0.0140091,-0.0113074
47,88,1.00349,-0.0143038,-0.0110396
47,89,1.00372,-0.0145665,-0.0107607
47,90,1.00396,-0.0147961,-0.0104706
47,91,1.00419,-0.0149913,-0.0101698
47,92,1.00442,-0.015151,-0.00985849
47,93,1.00464,-0.015274,-0.00953717
47,94,1.00487,-0.0153592,-0.00920618
47,95,1.00509,-0.0154058,-0.00886608
47,96,1.0053,-0.0154127,-0.00851737
47,97,1.00552,-0.0153792,-0.00816073
47,98,1.00573,-0.0153046,-0.00779678
47,99,1.00593,-0.0151884,-0.00742637
47,100,1.00613,-0.0150301,-0.00705024
47,101,1.00632,-0.0148295,-0.0066694
47,102,1.00651,-0.0145868,-0.00628476
47,103,1.00669,-0.0143021,-0.00589745
47,104,1.00687,-0.0139763,-0.00550855
47,105,1.00704,-0.0136103,-0.00511937
47,106,1.0072,-0.0132054,-0.00473111
47,107,1.00735,-0.0127635,-0.00434524
47,108,1.0075,-0.0122863,-0.0039631
47,109,1.00764,-0.0117759,-0.0035863
47,110,1.00777,-0.0112337,-0.00321631
47,111,1.00789,-0.0106603,-0.00285484
47,112,1.00801,-0.0100552,-0.00250353
47,113,1.00812,-0.00941527,-0.00216418
47,114,1.00822,-0.00873475,-0.00183853
47,115,1.00831,-0.00800449,-0.00152851
47,116,1.00839,-0.0072121,-0.001236
47,117,1.00847,-0.00634297,-0.000963129
47,118,1.00854,-0.00538293,-0.000712088
47,119,1.0086,-0.00432309,-0.000485577
47,120,1.00865,-0.00316763,-0.00028677
47,121,1.00869,-0.0019449,-0.000119846
47,122,1.00872,-0.00072158,9.99155e-06
47,123,1.00875,0.000381565,9.63589e-05
47,124,1.00877,0.00117653,0.000133122
47,125,1.00878,0.0014053,0.000116194
47,126,1.00878,0.000760032,4.69641e-05
47,127,1,-0.00343474,0
48,0,1,0,0
48,1,0.993728,-6.21669e-05,-4.36154e-05
48,2,0.993743,0.000638126,-0.00012114
48,3,0.993763,0.00197221,-0.000198839
48,4,0.993788,0.00358237,-0.000288757
48,5,0.993819,0.00524199,-0.000397952
48,6,0.993854,0.00682223,-0.00052927
48,7,0.993894,0.00826107,-0.000683422
48,8,0.99394,0.00953854,-0.000859385
48,9,0.993989,0.0106587,-0.00105578
48,10,0.994042,0.0116372,-0.00127062
48,11,0.994099,0.012494,-0.00150222
48,12,0.99416,0.0132483,-0.00174868
48,13,0.994223,0.013917,-0.00200854
48,14,0.99429,0.0145132,-0.00228025
48,15,0.994358,0.0150464,-0.00256264
48,16,0.994428,0.0155233,-0.0028544
48,17,0.9945,0.0159479,-0.00315458
48,18,0.994574,0.0163229,-0.003462
48,19,0.994648,0.0166496,-0.00377579
48,20,0.994723,0.0169286,-0.00409485
48,21,0.994798,0.0171605,-0.00441831
48,22,0.994873,0.0173458,-0.00474512
48,23,0.994948,0.017485,-0.00507441
48,24,0.995023,0.0175788,-0.00540517
48,25,0.995098,0.0176281,-0.00573657
48,26,0.995171,0.0176339,-0.00606766
48,27,0.995244,0.0175974,-0.00639765
48,28,0.995316,0.0175199,-0.00672568
48,29,0.995388,0.0174025,-0.00705103
48,30,0.995458,0.0172467,-0.00737295
48,31,0.995527,0.0170538,-0.00769078
48,32,0.995596,0.0168252,-0.00800387
48,33,0.995664,0.0165621,-0.00831166
48,34,0.995731,0.0162662,-0.00861358
48,35,0.995798,0.0159387,-0.00890914
48,36,0.995864,0.015581,-0.00919789
48,37,0.99593,0.0151946,-0.0094794
48,38,0.995996,0.0147808,-0.00975329
48,39,0.996062,0.0143412,-0.0100192
48,40,0.996129,0.013877,-0.0102769
48,41,0.996196,0.0133898,-0.0105259
48,42,0.996264,0.0128809,-0.0107662
48,43,0.996334,0.0123516,-0.0109974
48,44,0.996404,0.0118034,-0.0112193
48,45,0.996477,0.0112375,-0.0114318
48,46,0.996551,0.0106553,-0.0116346
48,47,0.996627,0.0100581,-0.0118278
48,48,0.996706,0.00944705,-0.012011
48,49,0.996788,0.0088234,-0.0121843
48,50,0.996872,0.00818831,-0.0123475
48,51,0.99696,0.00754293,-0.0125005
48,52,0.997051,0.00688835,-0.0126433
48,53,0.997146,0.00622564,-0.0127758
48,54,0.997245,0.00555583,-0.0128979
48,55,0.997347,0.00487993,-0.0130097
48,56,0.997454,0.00419892,-0.0131109
48,57,0.997566,0.00351375,-0.0132018
48,58,0.997682,0.00282536,-0.0132821
48,59,0.997803,0.00213466,-0.0133519
48,60,0.997929,0.00144256,-0.0134111
48,61,0.998059,0.00074996,-0.0134597
48,62,0.998195,5.77507e-05,-0.0134977
48,63,0.998336,-0.000633172,-0.013525
48,64,0.998482,-0.00132191,-0.0135417
48,65,0.998633,-0.00200756,-0.0135476
48,66,0.99879,-0.0026892,-0.0135428
48,67,0.998951,-0.0033659,-0.0135273
48,68,0.999118,-0.00403671,-0.0135008
48,69,0.99929,-0.00470065,-0.0134636
48,70,0.999466,-0.00535672,-0.0134154
48,71,0.999648,-0.00600391,-0.0133562
48,72,0.999834,-0.00664117,-0.013286
48,73,1.00002,-0.00726741,-0.0132048
48,74,1.00022,-0.00788153,-0.0131123
48,75,1.00042,-0.00848238,-0.0130088
48,76,1.00062,-0.00906879,-0.0128939
48,77,1.00083,-0.00963957,-0.0127677
48,78,1.00104,-0.0101935,-0.0126302
48,79,1.00125,-0.0107293,-0.0124813
48,80,1.00147,-0.0112457,-0.0123209
48,81,1.00169,-0.0117413,-0.0121491
48,82,1.00191,-0.012215,-0.0119657
48,83,1.00213,-0.0126653,-0.0117709
48,84,1.00236,-0.0130908,-0.0115646
48,85,1.00258,-0.0134903,-0.0113468
48,86,1.00281,-0.0138624,-0.0111177
48,87,1.00304,-0.0142057,-0.0108773
48,88,1.00326,-0.0145189,-0.0106257
48,89,1.00349,-0.0148007,-0.0103631
48,90,1.00372,-0.0150497,-0.0100896
48,91,1.00394,-0.0152648,-0.00980563
48,92,1.00416,-0.0154447,-0.00951128
48,93,1.00438,-0.0155882,-0.009207
48,94,1.0046,-0.0156942,-0.00889307
48,95,1.00481,-0.0157617,-0.00857005
48,96,1.00503,-0.0157896,-0.00823833
48,97,1.00523,-0.015777,-0.00789858
48,98,1.00544,-0.0157231,-0.00755133
48,99,1.00563,-0.0156273,-0.0071974
48,100,1.00583,-0.0154889,-0.00683746
48,101,1.00601,-0.0153077,-0.00647247
48,102,1.0062,-0.0150836,-0.00610327
48,103,1.00637,-0.0148166,-0.00573097
48,104,1.00654,-0.0145073,-0.00535657
48,105,1.00671,-0.0141565,-0.00498135
48,106,1.00686,-0.0137653,-0.00460647
48,107,1.00701,-0.0133354,-0.00423335
48,108,1.00716,-0.0128683,-0.00386331
48,109,1.00729,-0.0123659,-0.00349792
48,110,1.00742,-0.0118294,-0.00313865
48,111,1.00754,-0.0112594,-0.00278719
48,112,1.00765,-0.0106549,-0.00244514
48,113,1.00775,-0.0100129,-0.00211433
48,114,1.00785,-0.00932739,-0.00179647
48,115,1.00794,-0.00858912,-0.0014935
48,116,1.00802,-0.00778553,-0.00120726
48,117,1.00809,-0.00690183,-0.000939883
48,118,1.00815,-0.00592356,-0.000693533
48,119,1.00821,-0.00484136,-0.000470903
48,120,1.00826,-0.00365873,-0.000275144
48,121,1.0083,-0.00240309,-0.000110485
48,122,1.00833,-0.00114014,1.78394e-05
48,123,1.00835,9.87661e-06,0.000103358
48,124,1.00837,0.000857873,0.000139205
48,125,1.00837,0.00114111,0.000120496
48,126,1.00837,0.000541452,5.06019e-05
48,127,1,-0.00343474,0
49,0,1,0,0
49,1,0.994158,0.000153034,-4.52363e-05
49,2,0.994173,0.000841019,-0.000124805
49,3,0.994194,0.00217689,-0.000200638
49,4,0.99422,0.00379689,-0.000285516
49,5,0.99425,0.00547003,-0.000386888
49,6,0.994285,0.00706458,-0.000507966
49,7,0.994324,0.00851684,-0.000649872
49,8,0.994368,0.00980599,-0.000811933
49,9,0.994415,0.0109357,-0.000993046
49,10,0.994465,0.0119217,-0.00119146
49,11,0.994519,0.0127839,-0.00140569
49,12,0.994575,0.0135419,-0.00163399
49,13,0.994634,0.0142127,-0.00187505
49,14,0.994695,0.0148097,-0.00212744
49,15,0.994758,0.0153425,-0.00239011
49,16,0.994823,0.0158181,-0.00266185
49,17,0.994888,0.0162407,-0.00294179
49,18,0.994955,0.0166128,-0.00322887
49,19,0.995022,0.0169359,-0.00352226
49,20,0.99509,0.0172108,-0.00382095
49,21,0.995158,0.0174381,-0.00412414
49,22,0.995225,0.0176183,-0.00443083
49,23,0.995292,0.0177519,-0.00474022
49,24,0.995359,0.0178397,-0.00505134
49,25,0.995424,0.0178827,-0.0053634
49,26,0.995489,0.0178819,-0.00567549
49,27,0.995553,0.0178386,-0.00598686
49,28,0.995617,0.0177539,-0.00629669
49,29,0.995679,0.0176294,-0.00660429
49,30,0.99574,0.0174663,-0.00690891
49,31,0.9958,0.0172661,-0.00720994
49,32,0.995859,0.0170301,-0.00750674
49,33,0.995918,0.0167599,-0.00779878
49,34,0.995975,0.0164568,-0.00808549
49,35,0.996032,0.0161222,-0.00836642
49,36,0.996089,0.0157577,-0.00864109
49,37,0.996146,0.0153646,-0.00890912
49,38,0.996202,0.0149444,-0.00917012
49,39,0.996259,0.0144985,-0.00942376
49,40,0.996316,0.0140283,-0.00966971
49,41,0.996374,0.0135352,-0.0099077
49,42,0.996432,0.0130206,-0.0101375
49,43,0.996492,0.0124858,-0.0103588
49,44,0.996553,0.0119322,-0.0105715
49,45,0.996616,0.0113611,-0.0107754
49,46,0.996681,0.0107737,-0.0109702
49,47,0.996748,0.0101714,-0.011156
49,48,0.996818,0.00955519,-0.0113324
49,49,0.99689,0.00892637,-0.0114996
49,50,0.996965,0.00828604,-0.0116572
49,51,0.997044,0.00763528,-0.0118053
49,52,0.997126,0.00697516,-0.0119437
49,53,0.997212,0.0063067,-0.0120725
49,54,0.997301,0.00563089,-0.0121915
49,55,0.997395,0.0049487,-0.0123007
49,56,0.997493,0.00426107,-0.0124001
49,57,0.997596,0.00356892,-0.0124897
49,58,0.997703,0.00287317,-0.0125693
49,59,0.997815,0.00217471,-0.012639
49,60,0.997932,0.00147441,-0.0126988
49,61,0.998054,0.000773176,-0.0127486
49,62,0.998181,7.18766e-05,-0.0127884
49,63,0.998313,-0.000628596,-0.0128182
49,64,0.998451,-0.00132735,-0.0128379
49,65,0.998593,-0.00202346,-0.0128475
49,66,0.998741,-0.00271602,-0.012847
49,67,0.998894,-0.00340407,-0.0128364
49,68,0.999053,-0.00408664,-0.0128155
49,69,0.999216,-0.00476275,-0.0127845
49,70,0.999384,-0.00543136,-0.0127431
49,71,0.999558,-0.00609143,-0.0126915
49,72,0.999736,-0.00674187,-0.0126294
49,73,0.999918,-0.00738156,-0.0125569
49,74,1.00011,-0.00800935,-0.0124739
49,75,1.0003,-0.00862404,-0.0123803
49,76,1.00049,-0.00922443,-0.012276
49,77,1.00069,-0.00980926,-0.0121611
49,78,1.00089,-0.0103772,-0.0120354
49,79,1.0011,-0.0109271,-0.0118989
49,80,1.00131,-0.0114574,-0.0117514
49,81,1.00152,-0.0119668,-0.0115931
49,82,1.00173,-0.012454,-0.0114237
49,83,1.00195,-0.0129175,-0.0112435
49,84,1.00217,-0.0133559,-0.0110521
49,85,1.00238,-0.0137678,-0.0108499
49,86,1.0026,-0.0141517,-0.0106366
49,87,1.00282,-0.0145063,-0.0104125
49,88,1.00304,-0.0148302,-0.0101775
49,89,1.00326,-0.0151219,-0.00993187
49,90,1.00348,-0.0153801,-0.00967565
49,91,1.0037,-0.0156035,-0.00940912
49,92,1.00391,-0.0157908,-0.00913242
49,93,1.00412,-0.0159408,-0.00884595
49,94,1.00433,-0.0160522,-0.00854992
49,95,1.00454,-0.016124,-0.00824483
49,96,1.00474,-0.0161551,-0.00793103
49,97,1.00494,-0.0161445,-0.00760914
49,98,1.00514,-0.0160915,-0.00727962
49,99,1.00533,-0.0159952,-0.00694323
49,100,1.00552,-0.0158552,-0.00660059
49,101,1.0057,-0.015671,-0.0062526
49,102,1.00588,-0.0154426,-0.00590003
49,103,1.00605,-0.0151701,-0.00554396
49,104,1.00621,-0.0148539,-0.00518531
49,105,1.00637,-0.014495,-0.00482532
49,106,1.00652,-0.0140944,-0.00446509
49,107,1.00666,-0.0136539,-0.00410602
49,108,1.0068,-0.013175,-0.00374936
49,109,1.00693,-0.0126595,-0.00339668
49,110,1.00705,-0.0121089,-0.0030494
49,111,1.00716,-0.0115237,-0.0027092
49,112,1.00727,-0.0109029,-0.00237765
49,113,1.00737,-0.0102436,-0.00205658
49,114,1.00746,-0.00953972,-0.00174766
49,115,1.00754,-0.00878204,-0.00145283
49,116,1.00762,-0.00795797,-0.00117391
49,117,1.00769,-0.00705257,-0.000913011
49,118,1.00775,-0.00605112,-0.000672265
49,119,1.0078,-0.00494377,-0.000454357
49,120,1.00785,-0.0037332,-0.000262399
49,121,1.00788,-0.00244564,-0.000100617
49,122,1.00791,-0.00114536,2.57038e-05
49,123,1.00793,4.85362e-05,0.000109833
49,124,1.00795,0.00094683,0.000144933
49,125,1.00796,0.00128356,0.000125581
49,126,1.00796,0.000730949,5.135e-05
49,127,1,-0.00343474,0
50,0,1,0,0
50,1,0.994596,-8.79229e-05,-4.73438e-05
50,2,0.994612,0.000587719,-0.000127873
50,3,0.994631,0.00192864,-0.000201788
50,4,0.994656,0.00356523,-0.000281487
50,5,0.994684,0.00526182,-0.000374765
50,6,0.994717,0.00688349,-0.000485318
50,7,0.994753,0.00836449,-0.000614636
50,8,0.994794,0.00968277,-0.000762384
50,9,0.994838,0.0108413,-0.000927742
50,10,0.994885,0.0118556,-0.0011092
50,11,0.994935,0.0127453,-0.00130547
50,12,0.994987,0.0135302,-0.00151497
50,13,0.995042,0.0142271,-0.00173656
50,14,0.995098,0.0148494,-0.00196891
50,15,0.995157,0.0154071,-0.00221111
50,16,0.995216,0.0159067,-0.00246205
50,17,0.995277,0.0163526,-0.00272096
50,18,0.995338,0.0167472,-0.00298686
50,19,0.995399,0.0170921,-0.00325903
50,20,0.99546,0.0173878,-0.00353652
50,21,0.995521,0.0176349,-0.0038186
50,22,0.995582,0.0178338,-0.00410433
50,23,0.995642,0.017985,-0.00439297
50,24,0.995701,0.0180893,-0.0046836
50,25,0.99576,0.0181476,-0.00497549
50,26,0.995817,0.0181609,-0.00526776
50,27,0.995873,0.0181304,-0.00555972
50,28,0.995928,0.0180573,-0.00585055
50,29,0.995982,0.0179431,-0.00613961
50,30,0.996034,0.0177891,-0.00642618
50,31,0.996085,0.0175967,-0.00670967
50,32,0.996136,0.0173674,-0.00698946
50,33,0.996185,0.0171025,-0.00726504
50,34,0.996234,0.0168037,-0.00753586
50,35,0.996281,0.0164722,-0.00780149
50,36,0.996329,0.0161095,-0.00806145
50,37,0.996376,0.0157172,-0.00831537
50,38,0.996423,0.0152967,-0.00856287
50,39,0.99647,0.0148494,-0.00880363
50,40,0.996517,0.0143769,-0.00903732
50,41,0.996565,0.0138805,-0.00926369
50,42,0.996614,0.0133617,-0.00948246
50,43,0.996664,0.0128218,-0.00969344
50,44,0.996715,0.0122624,-0.00989639
50,45,0.996768,0.0116847,-0.0100911
50,46,0.996823,0.0110901,-0.0102775
50,47,0.99688,0.0104799,-0.0104554
50,48,0.99694,0.00985527,-0.0106247
50,49,0.997002,0.00921755,-0.0107852
50,50,0.997068,0.00856788,-0.0109369
50,51,0.997136,0.00790743,-0.0110796
50,52,0.997209,0.0072373,-0.0112133
50,53,0.997285,0.00655858,-0.011338
50,54,0.997365,0.00587231,-0.0114535
50,55,0.997449,0.00517949,-0.0115599
50,56,0.997538,0.00448113,-0.0116571
50,57,0.997631,0.00377817,-0.011745
50,58,0.997729,0.00307157,-0.0118236
50,59,0.997831,0.00236223,-0.011893
50,60,0.997939,0.00165106,-0.011953
50,61,0.998052,0.000938977,-0.0120037
50,62,0.99817,0.00022686,-0.012045
50,63,0.998293,-0.000484393,-0.012077
50,64,0.998421,-0.00119389,-0.0120995
50,65,0.998555,-0.00190072,-0.0121126
50,66,0.998694,-0.00260397,-0.0121162
50,67,0.998838,-0.0033027,-0.0121104
50,68,0.998987,-0.00399598,-0.0120949
50,69,0.999142,-0.00468282,-0.0120699
50,70,0.999301,-0.00536224,-0.0120353
50,71,0.999466,-0.0060332,-0.011991
50,72,0.999635,-0.00669466,-0.011937
50,73,0.999809,-0.00734553,-0.0118732
50,74,0.999987,-0.0079847,-0.0117995
50,75,1.00017,-0.00861103,-0.0117159
50,76,1.00036,-0.00922332,-0.0116223
50,77,1.00055,-0.00982037,-0.0115186
50,78,1.00074,-0.0104009,-0.0114047
50,79,1.00094,-0.0109637,-0.0112807
50,80,1.00114,-0.0115074,-0.0111464
50,81,1.00134,-0.0120307,-0.0110017
50,82,1.00155,-0.0125323,-0.0108466
50,83,1.00176,-0.0130107,-0.0106811
50,84,1.00196,-0.0134646,-0.0105051
50,85,1.00217,-0.0138925,-0.0103186
50,86,1.00239,-0.0142931,-0.0101216
50,87,1.0026,-0.0146649,-0.00991423
50,88,1.00281,-0.0150065,-0.00969635
50,89,1.00302,-0.0153166,-0.00946819
50,90,1.00323,-0.0155937,-0.00922976
50,91,1.00344,-0.0158365,-0.00898132
50,92,1.00365,-0.0160437,-0.00872295
50,93,1.00385,-0.0162139,-0.00845499
50,94,1.00406,-0.016346,-0.00817762
50,95,1.00426,-0.0164388,-0.00789128
50,96,1.00445,-0.016491,-0.00759627
50,97,1.00465,-0.0165018,-0.00729314
50,98,1.00484,-0.01647,-0.0069823
50,99,1.00502,-0.0163949,-0.00666446
50,100,1.0052,-0.0162757,-0.00634015
50,101,1.00538,-0.0161121,-0.00601025
50,102,1.00555,-0.0159035,-0.00567543
50,103,1.00571,-0.0156501,-0.00533673
50,104,1.00587,-0.0153521,-0.00499501
50,105,1.00602,-0.0150102,-0.00465145
50,106,1.00617,-0.0146254,-0.00430709
50,107,1.00631,-0.0141991,-0.00396329
50,108,1.00644,-0.0137326,-0.00362125
50,109,1.00656,-0.0132277,-0.00328251
50,110,1.00668,-0.0126854,-0.00294844
50,111,1.00679,-0.0121062,-0.00262071
50,112,1.00689,-0.0114889,-0.00230084
50,113,1.00699,-0.0108304,-0.00199065
50,114,1.00707,-0.0101245,-0.00169178
50,115,1.00715,-0.00936178,-0.00140615
50,116,1.00722,-0.00852953,-0.00113555
50,117,1.00729,-0.0076126,-0.000882075
50,118,1.00734,-0.00659597,-0.000647805
50,119,1.00739,-0.0054693,-0.00043541
50,120,1.00744,-0.00423453,-0.000247959
50,121,1.00747,-0.00291689,-8.97016e-05
50,122,1.00749,-0.0015795,3.40767e-05
50,123,1.00751,-0.000340627,0.000116588
50,124,1.00753,0.000609929,0.00015039
50,125,1.00753,0.00100224,0.000129311
50,126,1.00753,0.000499068,5.43997e-05
50,127,1,-0.00343474,0
51,0,1,0,0
51,1,0.995041,0.000125935,-4.8827e-05
51,2,0.995057,0.000782669,-0.000131242
51,3,0.995078,0.00211882,-0.000203038
51,4,0.995102,0.00375934,-0.000277327
51,5,0.995131,0.00546439,-0.000362287
51,6,0.995163,0.00709614,-0.000461975
51,7,0.995198,0.00858709,-0.000578295
51,8,0.995237,0.00991418,-0.00071127
51,9,0.995278,0.01108,-0.000860367
51,10,0.995322,0.0120997,-0.00102432
51,11,0.995368,0.0129934,-0.00120203
51,12,0.995416,0.0137806,-0.00139211
51,13,0.995466,0.0144786,-0.00159355
51,14,0.995518,0.015101,-0.00180518
51,15,0.99557,0.0156577,-0.00202618
51,16,0.995624,0.0161556,-0.00225558
51,17,0.995678,0.0165992,-0.00249271
51,18,0.995732,0.016991,-0.00273667
51,19,0.995786,0.0173324,-0.00298683
51,20,0.99584,0.0176243,-0.00324232
51,21,0.995893,0.0178672,-0.00350249
51,22,0.995946,0.0180614,-0.00376647
51,23,0.995998,0.0182078,-0.00403358
51,24,0.996048,0.0183068,-0.00430295
51,25,0.996098,0.0183596,-0.0045739
51,26,0.996146,0.0183672,-0.0048456
51,27,0.996193,0.0183308,-0.00511738
51,28,0.996239,0.0182518,-0.00538849
51,29,0.996283,0.0181315,-0.00565829
51,30,0.996326,0.0179714,-0.00592611
51,31,0.996368,0.0177729,-0.00619138
51,32,0.996409,0.0175376,-0.0064535
51,33,0.996449,0.0172668,-0.00671197
51,34,0.996487,0.0169621,-0.00696627
51,35,0.996526,0.016625,-0.00721597
51,36,0.996563,0.0162569,-0.00746061
51,37,0.9966,0.0158593,-0.00769984
51,38,0.996638,0.0154337,-0.00793327
51,39,0.996675,0.0149816,-0.00816059
51,40,0.996713,0.0145044,-0.00838149
51,41,0.996751,0.0140035,-0.0085957
51,42,0.99679,0.0134805,-0.00880296
51,43,0.99683,0.0129365,-0.00900306
51,44,0.996872,0.0123731,-0.00919578
51,45,0.996916,0.0117916,-0.00938096
51,46,0.996961,0.0111932,-0.00955841
51,47,0.997009,0.0105792,-0.009728
51,48,0.997059,0.00995079,-0.00988959
51,49,0.997112,0.00930925,-0.0100431
51,50,0.997168,0.00865566,-0.0101883
51,51,0.997228,0.00799115,-0.0103253
51,52,0.997291,0.00731679,-0.0104539
51,53,0.997357,0.0066336,-0.0105741
51,54,0.997428,0.0059426,-0.0106858
51,55,0.997503,0.00524477,-0.010789
51,56,0.997583,0.00454105,-0.0108835
51,57,0.997667,0.00383237,-0.0109695
51,58,0.997755,0.00311965,-0.0110468
51,59,0.997849,0.00240378,-0.0111155
51,60,0.997948,0.00168566,-0.0111755
51,61,0.998051,0.000966163,-0.0112268
51,62,0.99816,0.000246176,-0.0112694
51,63,0.998274,-0.000473413,-0.0113033
51,64,0.998394,-0.00119171,-0.0113283
51,65,0.998519,-0.00190781,-0.0113447
51,66,0.998649,-0.00262078,-0.0113522
51,67,0.998784,-0.00332969,-0.0113509
51,68,0.998925,-0.00403358,-0.0113407
51,69,0.999071,-0.00473144,-0.0113216
51,70,0.999222,-0.00542226,-0.0112935
51,71,0.999378,-0.00610499,-0.0112565
51,72,0.999538,-0.00677854,-0.0112104
51,73,0.999704,-0.0074418,-0.0111552
51,74,0.999874,-0.00809361,-0.0110908
51,75,1.00005,-0.00873278,-0.0110171
51,76,1.00023,-0.00935809,-0.0109341
51,77,1.00041,-0.00996827,-0.0108417
51,78,1.00059,-0.010562,-0.0107398
51,79,1.00078,-0.011138,-0.0106283
51,80,1.00098,-0.0116949,-0.0105072
51,81,1.00117,-0.0122312,-0.0103763
51,82,1.00137,-0.0127456,-0.0102356
51,83,1.00157,-0.0132367,-0.0100851
51,84,1.00177,-0.0137029,-0.00992465
51,85,1.00197,-0.0141427,-0.00975427
51,86,1.00217,-0.0145548,-0.00957384
51,87,1.00238,-0.0149376,-0.00938349
51,88,1.00258,-0.0152897,-0.00918312
51,89,1.00278,-0.0156096,-0.00897289
51,90,1.00299,-0.0158958,-0.00875275
51,91,1.00319,-0.016147,-0.00852294
51,92,1.00339,-0.0163617,-0.00828348
51,93,1.00359,-0.0165386,-0.00803468
51,94,1.00378,-0.0166764,-0.00777666
51,95,1.00397,-0.0167739,-0.00750983
51,96,1.00416,-0.0168299,-0.00723439
51,97,1.00435,-0.0168432,-0.00695088
51,98,1.00453,-0.0168129,-0.00665962
51,99,1.00471,-0.0167382,-0.00636127
51,100,1.00488,-0.0166182,-0.0060563
51,101,1.00505,-0.0164524,-0.00574552
51,102,1.00521,-0.0162405,-0.00542954
51,103,1.00537,-0.0159826,-0.00510933
51,104,1.00552,-0.0156788,-0.00478568
51,105,1.00566,-0.0153298,-0.00445973
51,106,1.0058,-0.0149366,-0.00413244
51,107,1.00594,-0.0145007,-0.00380514
51,108,1.00606,-0.0140235,-0.00347896
51,109,1.00618,-0.0135065,-0.0031554
51,110,1.00629,-0.0129511,-0.00283577
51,111,1.00639,-0.0123576,-0.00252173
51,112,1.00649,-0.011725,-0.00221475
51,113,1.00658,-0.01105,-0.00191662
51,114,1.00666,-0.0103266,-0.00162894
51,115,1.00674,-0.00954532,-0.00135363
51,116,1.00681,-0.00869344,-0.00109241
51,117,1.00687,-0.00775572,-0.000847351
51,118,1.00692,-0.00671686,-0.000620493
51,119,1.00697,-0.00556606,-0.000414476
51,120,1.00701,-0.00430443,-0.000232314
51,121,1.00704,-0.00295598,-7.82293e-05
51,122,1.00706,-0.00158233,4.24814e-05
51,123,1.00708,-0.000300351,0.000122839
51,124,1.00709,0.000700444,0.000155424
51,125,1.00709,0.00114761,0.000133589
51,126,1.00709,0.000695258,5.51106e-05
51,127,1,-0.00343474,0
52,0,1,0,0
52,1,0.995494,-0.00011982,-5.08424e-05
52,2,0.99551,0.000517852,-0.000134002
52,3,0.99553,0.00185215,-0.000203668
52,4,0.995553,0.00350287,-0.000272486
52,5,0.995579,0.0052258,-0.000348952
52,6,0.995608,0.00687996,-0.000437602
52,7,0.995641,0.0083957,-0.000540712
52,8,0.995677,0.00974865,-0.000658643
52,9,0.995715,0.0109406,-0.000791152
52,10,0.995755,0.0119864,-0.000937217
52,11,0.995797,0.0129058,-0.00109594
52,12,0.995842,0.0137184,-0.00126612
52,13,0.995887,0.0144414,-0.00144689
52,14,0.995934,0.0150884,-0.00163723
52,15,0.995982,0.0156693,-0.00183644
52,16,0.99603,0.016191,-0.00204367
52,17,0.996078,0.0166578,-0.00225834
52,18,0.996126,0.0170722,-0.00247968
52,19,0.996174,0.0174357,-0.00270713
52,20,0.996222,0.0177488,-0.00293991
52,21,0.996269,0.018012,-0.00317745
52,22,0.996314,0.0182258,-0.00341894
52,23,0.996359,0.0183905,-0.00366377
52,24,0.996402,0.018507,-0.00391114
52,25,0.996444,0.0185761,-0.0041604
52,26,0.996484,0.0185988,-0.00441078
52,27,0.996523,0.0185764,-0.00466167
52,28,0.99656,0.0185102,-0.00491232
52,29,0.996596,0.0184015,-0.00516216
52,30,0.996631,0.0182518,-0.00541052
52,31,0.996664,0.0180625,-0.00565688
52,32,0.996695,0.0178351,-0.00590064
52,33,0.996726,0.0175711,-0.00614134
52,34,0.996755,0.017272,-0.00637846
52,35,0.996784,0.0169394,-0.00661161
52,36,0.996812,0.0165746,-0.00684032
52,37,0.99684,0.0161792,-0.00706425
52,38,0.996867,0.0157548,-0.00728302
52,39,0.996894,0.0153028,-0.00749635
52,40,0.996922,0.0148247,-0.00770389
52,41,0.99695,0.014322,-0.00790541
52,42,0.99698,0.0137962,-0.00810063
52,43,0.99701,0.0132487,-0.00828936
52,44,0.997042,0.0126809,-0.00847136
52,45,0.997075,0.0120942,-0.00864648
52,46,0.99711,0.01149,-0.00881452
52,47,0.997148,0.0108696,-0.00897537
52,48,0.997188,0.0102343,-0.00912885
52,49,0.997231,0.00958527,-0.0092749
52,50,0.997277,0.00892381,-0.00941337
52,51,0.997327,0.00825105,-0.00954421
52,52,0.99738,0.00756813,-0.00966731
52,53,0.997437,0.00687613,-0.00978264
52,54,0.997498,0.00617611,-0.0098901
52,55,0.997563,0.00546911,-0.0099897
52,56,0.997633,0.0047561,-0.0100813
52,57,0.997707,0.00403807,-0.010165
52,58,0.997786,0.00331594,-0.0102407
52,59,0.99787,0.00259066,-0.0103085
52,60,0.99796,0.00186313,-0.0103681
52,61,0.998054,0.00113426,-0.0104198
52,62,0.998153,0.000404927,-0.0104634
52,63,0.998258,-0.000323964,-0.0104989
52,64,0.998368,-0.00105152,-0.0105263
52,65,0.998484,-0.00177684,-0.0105457
52,66,0.998605,-0.00249901,-0.0105568
52,67,0.998731,-0.00321711,-0.0105599
52,68,0.998862,-0.00393018,-0.0105548
52,69,0.998999,-0.00463726,-0.0105414
52,70,0.999141,-0.00533737,-0.0105198
52,71,0.999287,-0.00602947,-0.0104899
52,72,0.999439,-0.00671253,-0.0104516
52,73,0.999596,-0.00738545,-0.0104049
52,74,0.999757,-0.00804714,-0.0103497
52,75,0.999922,-0.00869643,-0.010286
52,76,1.00009,-0.00933214,-0.0102135
52,77,1.00026,-0.00995305,-0.0101324
52,78,1.00044,-0.0105579,-0.0100424
52,79,1.00062,-0.0111454,-0.00994357
52,80,1.00081,-0.0117143,-0.00983567
52,81,1.00099,-0.0122631,-0.00971874
52,82,1.00118,-0.0127906,-0.00959257
52,83,1.00137,-0.0132952,-0.00945722
52,84,1.00156,-0.0137756,-0.00931248
52,85,1.00176,-0.0142303,-0.00915841
52,86,1.00195,-0.0146579,-0.00899485
52,87,1.00215,-0.0150568,-0.00882188
52,88,1.00234,-0.0154257,-0.00863937
52,89,1.00254,-0.015763,-0.00844746
52,90,1.00273,-0.0160673,-0.00824606
52,91,1.00293,-0.0163372,-0.00803537
52,92,1.00312,-0.0165712,-0.00781537
52,93,1.00331,-0.0167679,-0.00758632
52,94,1.0035,-0.0169261,-0.00734829
52,95,1.00368,-0.0170443,-0.00710164
52,96,1.00386,-0.0171214,-0.00684651
52,97,1.00404,-0.0171561,-0.0065834
52,98,1.00422,-0.0171474,-0.00631254
52,99,1.00439,-0.0170942,-0.00603457
52,100,1.00455,-0.0169957,-0.00574985
52,101,1.00472,-0.0168512,-0.00545915
52,102,1.00487,-0.0166602,-0.005163
52,103,1.00502,-0.0164226,-0.00486233
52,104,1.00517,-0.0161383,-0.00455782
52,105,1.00531,-0.015808,-0.00425059
52,106,1.00544,-0.0154324,-0.0039415
52,107,1.00556,-0.0150126,-0.00363184
52,108,1.00568,-0.01455,-0.00332267
52,109,1.0058,-0.0140459,-0.00301545
52,110,1.0059,-0.0135013,-0.00271143
52,111,1.006,-0.0129165,-0.00241224
52,112,1.00609,-0.0122901,-0.00211928
52,113,1.00618,-0.0116188,-0.00183433
52,114,1.00626,-0.0108963,-0.00155894
52,115,1.00633,-0.0101131,-0.00129498
52,116,1.00639,-0.00925615,-0.00104413
52,117,1.00645,-0.00831011,-0.000808432
52,118,1.0065,-0.00725934,-0.000589862
52,119,1.00654,-0.00609253,-0.000391025
52,120,1.00657,-0.00481002,-0.000214871
52,121,1.0066,-0.00343473,-6.56187e-05
52,122,1.00662,-0.00202699,5.14692e-05
52,123,1.00664,-0.000702558,0.000129388
52,124,1.00665,0.000348974,0.000160243
52,125,1.00665,0.000851985,0.000136705
52,126,1.00664,0.000452113,5.75583e-05
52,127,1,-0.00343474,0
53,0,1,0,0
53,1,0.995953,9.28587e-05,-5.21781e-05
53,2,0.99597,0.000705116,-0.000137057
53,3,0.99599,0.002028,-0.000204443
53,4,0.996013,0.0036766,-0.000267634
53,5,0.996039,0.00540276,-0.000335481
53,6,0.996068,0.00706261,-0.000412871
53,7,0.996099,0.00858464,-0.000502492
53,8,0.996133,0.00994337,-0.00060506
53,9,0.996168,0.01114,-0.000720621
53,10,0.996205,0.0121893,-0.000848399
53,11,0.996244,0.0131108,-0.000987704
53,12,0.996284,0.0139244,-0.0011375
53,13,0.996324,0.0146473,-0.00129711
53,14,0.996366,0.0152934,-0.00146561
53,15,0.996407,0.0158727,-0.00164246
53,16,0.996449,0.0163922,-0.00182692
53,17,0.996491,0.0168564,-0.00201853
53,18,0.996532,0.0172678,-0.00221661
53,19,0.996573,0.0176279,-0.0024207
53,20,0.996613,0.0179374,-0.00263011
53,21,0.996651,0.0181968,-0.00284434
53,22,0.996689,0.0184064,-0.00306267
53,23,0.996725,0.0185668,-0.00328455
53,24,0.996759,0.0186788,-0.00350922
53,25,0.996792,0.0187432,-0.00373612
53,26,0.996824,0.0187611,-0.00396451
53,27,0.996853,0.0187339,-0.00419383
53,28,0.996881,0.0186627,-0.00442336
53,29,0.996908,0.018549,-0.00465258
53,30,0.996932,0.0183944,-0.00488084
53,31,0.996956,0.0182003,-0.00510766
53,32,0.996978,0.0179681,-0.00533244
53,33,0.996998,0.0176995,-0.00555477
53,34,0.997018,0.017396,-0.00577413
53,35,0.997037,0.0170591,-0.00599013
53,36,0.997055,0.0166902,-0.00620234
53,37,0.997073,0.016291,-0.00641042
53,38,0.99709,0.015863,-0.00661399
53,39,0.997108,0.0154075,-0.00681278
53,40,0.997126,0.0149262,-0.00700645
53,41,0.997144,0.0144206,-0.00719477
53,42,0.997164,0.0138919,-0.00737746
53,43,0.997184,0.0133417,-0.00755433
53,44,0.997206,0.0127714,-0.00772514
53,45,0.99723,0.0121822,-0.00788973
53,46,0.997256,0.0115756,-0.00804792
53,47,0.997284,0.0109529,-0.00819958
53,48,0.997314,0.0103151,-0.00834454
53,49,0.997348,0.00966369,-0.00848273
53,50,0.997385,0.00899967,-0.00861399
53,51,0.997425,0.0083242,-0.00873829
53,52,0.997468,0.00763838,-0.00885551
53,53,0.997516,0.00694325,-0.00896561
53,54,0.997567,0.00623984,-0.0090685
53,55,0.997623,0.00552912,-0.00916418
53,56,0.997683,0.00481208,-0.00925257
53,57,0.997748,0.00408963,-0.00933369
53,58,0.997818,0.0033627,-0.00940745
53,59,0.997893,0.00263219,-0.0094739
53,60,0.997973,0.001899,-0.00953296
53,61,0.998058,0.00116401,-0.00958468
53,62,0.998148,0.000428109,-0.00962899
53,63,0.998244,-0.000307825,-0.00966594
53,64,0.998345,-0.00104289,-0.00969545
53,65,0.998451,-0.0017762,-0.00971758
53,66,0.998563,-0.00250682,-0.00973224
53,67,0.99868,-0.00323381,-0.00973947
53,68,0.998803,-0.00395622,-0.00973919
53,69,0.99893,-0.00467307,-0.00973143
53,70,0.999063,-0.00538334,-0.00971607
53,71,0.999201,-0.00608598,-0.00969316
53,72,0.999344,-0.00677993,-0.00966254
53,73,0.999492,-0.00746405,-0.00962426
53,74,0.999644,-0.00813722,-0.00957814
53,75,0.9998,-0.00879822,-0.00952422
53,76,0.999961,-0.00944585,-0.0094623
53,77,1.00013,-0.0100788,-0.00939241
53,78,1.00029,-0.0106959,-0.00931435
53,79,1.00047,-0.0112956,-0.00922812
53,80,1.00064,-0.0118767,-0.00913351
53,81,1.00082,-0.0124376,-0.00903056
53,82,1.001,-0.0129771,-0.00891902
53,83,1.00118,-0.0134936,-0.00879893
53,84,1.00136,-0.0139856,-0.00867008
53,85,1.00155,-0.0144516,-0.00853251
53,86,1.00174,-0.0148901,-0.00838601
53,87,1.00192,-0.0152995,-0.00823068
53,88,1.00211,-0.0156784,-0.00806633
53,89,1.0023,-0.0160252,-0.00789308
53,90,1.00248,-0.0163384,-0.00771079
53,91,1.00267,-0.0166164,-0.00751964
53,92,1.00285,-0.0168579,-0.00731955
53,93,1.00303,-0.0170613,-0.00711077
53,94,1.00321,-0.0172253,-0.00689327
53,95,1.00339,-0.0173484,-0.00666741
53,96,1.00356,-0.0174295,-0.00643326
53,97,1.00373,-0.0174672,-0.00619125
53,98,1.0039,-0.0174605,-0.00594156
53,99,1.00406,-0.0174082,-0.00568476
53,100,1.00422,-0.0173095,-0.00542115
53,101,1.00438,-0.0171637,-0.00515145
53,102,1.00452,-0.0169702,-0.00487608
53,103,1.00467,-0.0167289,-0.00459593
53,104,1.0048,-0.0164398,-0.00431161
53,105,1.00494,-0.0161034,-0.00402416
53,106,1.00506,-0.0157205,-0.00373437
53,107,1.00518,-0.0152923,-0.00344348
53,108,1.00529,-0.01482,-0.00315246
53,109,1.0054,-0.014305,-0.00286275
53,110,1.0055,-0.0137484,-0.0025755
53,111,1.00559,-0.0131503,-0.00229232
53,112,1.00568,-0.0125096,-0.00201455
53,113,1.00576,-0.0118229,-0.00174392
53,114,1.00583,-0.011084,-0.00148192
53,115,1.0059,-0.0102834,-0.0012304
53,116,1.00596,-0.00940795,-0.000990966
53,117,1.00601,-0.00844228,-0.000765629
53,118,1.00606,-0.00737052,-0.000556284
53,119,1.00609,-0.0061809,-0.000365501
53,120,1.00613,-0.00487295,-0.000196152
53,121,1.00615,-0.00346836,-5.24053e-05
53,122,1.00617,-0.00202588,6.05089e-05
53,123,1.00618,-0.000659689,0.000135463
53,124,1.00619,0.000441325,0.000164588
53,125,1.00619,0.000999752,0.000140148
53,126,1.00619,0.000653638,5.81914e-05
53,127,1,-0.00343474,0
54,0,1,0,0
54,1,0.996419,-0.000157483,-5.4063e-05
54,2,0.996436,0.000429142,-0.0001395
54,3,0.996455,0.00174319,-0.000204623
54,4,0.996476,0.00339543,-0.000262194
54,5,0.9965,0.00513369,-0.000321342
54,6,0.996527,0.00681098,-0.000387415
54,7,0.996555,0.00835361,-0.000463463
54,8,0.996585,0.00973469,-0.000550541
54,9,0.996617,0.0109546,-0.000648979
54,10,0.996651,0.0120274,-0.000758248
54,11,0.996685,0.0129727,-0.000877861
54,12,0.996721,0.01381,-0.00100697
54,13,0.996757,0.0145566,-0.00114503
54,14,0.996793,0.0152262,-0.0012913
54,15,0.99683,0.015829,-0.00144536
54,16,0.996866,0.0163719,-0.00160658
54,17,0.996902,0.0168591,-0.00177462
54,18,0.996938,0.0172932,-0.0019489
54,19,0.996972,0.0176755,-0.00212907
54,20,0.997005,0.0180066,-0.00231453
54,21,0.997037,0.0182869,-0.00250485
54,22,0.997067,0.0185166,-0.0026994
54,23,0.997096,0.0186963,-0.00289769
54,24,0.997123,0.0188266,-0.00309903
54,25,0.997148,0.0189083,-0.00330293
54,26,0.997171,0.0189425,-0.00350868
54,27,0.997193,0.0189304,-0.00371578
54,28,0.997212,0.0188733,-0.00392355
54,29,0.99723,0.0187725,-0.00413151
54,30,0.997246,0.0186296,-0.00433903
54,31,0.99726,0.018446,-0.00454567
54,32,0.997273,0.0182233,-0.00475086
54,33,0.997284,0.0179629,-0.00495419
54,34,0.997294,0.0176665,-0.00515518
54,35,0.997304,0.0173354,-0.00535345
54,36,0.997312,0.0169714,-0.00554857
54,37,0.99732,0.016576,-0.00574024
54,38,0.997328,0.0161506,-0.00592806
54,39,0.997335,0.0156968,-0.00611177
54,40,0.997343,0.0152161,-0.00629104
54,41,0.997352,0.0147101,-0.00646565
54,42,0.997361,0.0141802,-0.0066353
54,43,0.997371,0.013628,-0.00679983
54,44,0.997383,0.0130548,-0.00695897
54,45,0.997397,0.0124621,-0.0071126
54,46,0.997412,0.0118512,-0.00726048
54,47,0.99743,0.0112235,-0.00740253
54,48,0.99745,0.0105803,-0.00753855
54,49,0.997474,0.00992293,-0.00766848
54,50,0.9975,0.00925252,-0.00779215
54,51,0.99753,0.00857031,-0.00790954
54,52,0.997564,0.00787742,-0.0080205
54,53,0.997601,0.00717497,-0.00812503
54,54,0.997643,0.00646403,-0.00822301
54,55,0.997689,0.00574563,-0.00831445
54,56,0.997739,0.00502078,-0.00839927
54,57,0.997794,0.00429046,-0.00847749
54,58,0.997854,0.00355562,-0.00854902
54,59,0.997919,0.00281719,-0.00861392
54,60,0.99799,0.00207609,-0.0086721
54,61,0.998065,0.00133322,-0.00872363
54,62,0.998146,0.000589471,-0.00876842
54,63,0.998232,-0.000154255,-0.00880655
54,64,0.998323,-0.00089707,-0.00883793
54,65,0.99842,-0.00163807,-0.00886262
54,66,0.998522,-0.00237636,-0.00888054
54,67,0.99863,-0.003111,-0.00889175
54,68,0.998743,-0.00384106,-0.00889615
54,69,0.998861,-0.00456558,-0.00889378
54,70,0.998984,-0.00528357,-0.00888453
54,71,0.999113,-0.00599402,-0.00886845
54,72,0.999246,-0.00669589,-0.00884539
54,73,0.999385,-0.00738811,-0.00881539
54,74,0.999528,-0.00806957,-0.00877828
54,75,0.999675,-0.00873912,-0.00873409
54,76,0.999826,-0.00939557,-0.00868263
54,77,0.999982,-0.0100377,-0.00862392
54,78,1.00014,-0.0106643,-0.00855775
54,79,1.0003,-0.011274,-0.00848413
54,80,1.00047,-0.0118656,-0.00840283
54,81,1.00064,-0.0124376,-0.00831387
54,82,1.00081,-0.0129886,-0.00821702
54,83,1.00098,-0.0135172,-0.00811229
54,84,1.00116,-0.014022,-0.00799944
54,85,1.00133,-0.0145015,-0.00787852
54,86,1.00151,-0.0149542,-0.00774928
54,87,1.00169,-0.0153785,-0.00761179
54,88,1.00187,-0.015773,-0.00746584
54,89,1.00204,-0.0161361,-0.00731153
54,90,1.00222,-0.0164664,-0.00714868
54,91,1.0024,-0.0167622,-0.00697744
54,92,1.00257,-0.0170221,-0.00679767
54,93,1.00275,-0.0172447,-0.0066096
54,94,1.00292,-0.0174284,-0.00641315
54,95,1.00309,-0.0175719,-0.00620862
54,96,1.00325,-0.0176737,-0.00599603
54,97,1.00342,-0.0177327,-0.00577576
54,98,1.00358,-0.0177474,-0.00554792
54,99,1.00373,-0.0177169,-0.00531303
54,100,1.00388,-0.01764,-0.00507131
54,101,1.00403,-0.0175159,-0.00482341
54,102,1.00417,-0.0173441,-0.0045697
54,103,1.00431,-0.017124,-0.00431098
54,104,1.00444,-0.0168556,-0.00404779
54,105,1.00456,-0.0165392,-0.00378109
54,106,1.00468,-0.0161753,-0.00351162
54,107,1.0048,-0.0157649,-0.00324053
54,108,1.0049,-0.0153091,-0.00296873
54,109,1.005,-0.0148091,-0.00269759
54,110,1.0051,-0.0142657,-0.00242819
54,111,1.00519,-0.0136788,-0.00216211
54,112,1.00527,-0.013047,-0.00190059
54,113,1.00534,-0.0123668,-0.00164534
54,114,1.00541,-0.0116317,-0.00139778
54,115,1.00547,-0.0108322,-0.0011597
54,116,1.00553,-0.00995494,-0.000932643
54,117,1.00557,-0.00898429,-0.00071858
54,118,1.00562,-0.00790406,-0.000519322
54,119,1.00565,-0.00670196,-0.000337386
54,120,1.00568,-0.00537673,-0.00017556
54,121,1.0057,-0.00394891,-3.79766e-05
54,122,1.00572,-0.00247585,7.02024e-05
54,123,1.00573,-0.00107034,0.000141859
54,124,1.00573,7.9128e-05,0.000168781
54,125,1.00573,0.000692773,0.000142629
54,126,1.00572,0.000401299,6.00375e-05
54,127,1,-0.00343474,0
55,0,1,0,0
55,1,0.996891,5.41577e-05,-5.52401e-05
55,2,0.996908,0.000609121,-0.000142213
55,3,0.996927,0.00190517,-0.000204981
55,4,0.996949,0.00354921,-0.000256851
55,5,0.996973,0.00528537,-0.000307272
55,6,0.996998,0.00696387,-0.000361921
55,7,0.997025,0.00850902,-0.000424249
55,8,0.997053,0.00989274,-0.000495659
55,9,0.997082,0.0111147,-0.000576765
55,10,0.997112,0.0121887,-0.000667283
55,11,0.997143,0.0131342,-0.000766928
55,12,0.997174,0.013971,-0.000875034
55,13,0.997205,0.0147162,-0.000991221
55,14,0.997236,0.0153839,-0.00111488
55,15,0.997266,0.0159843,-0.00124574
55,16,0.997296,0.0165243,-0.00138328
55,17,0.997326,0.0170085,-0.00152729
55,18,0.997354,0.0174394,-0.0016773
55,19,0.997381,0.0178183,-0.00183304
55,20,0.997406,0.0181459,-0.00199402
55,21,0.99743,0.0184225,-0.0021599
55,22,0.997452,0.0186486,-0.00233011
55,23,0.997472,0.0188244,-0.00250425
55,24,0.99749,0.0189509,-0.0026817
55,25,0.997506,0.0190287,-0.00286201
55,26,0.99752,0.0190589,-0.00304454
55,27,0.997532,0.0190428,-0.00322884
55,28,0.997542,0.0189818,-0.00341427
55,29,0.99755,0.0188772,-0.00360039
55,30,0.997556,0.0187305,-0.0037866
55,31,0.99756,0.0185433,-0.00397249
55,32,0.997563,0.0183171,-0.00415753
55,33,0.997565,0.0180535,-0.00434132
55,34,0.997565,0.0177539,-0.00452339
55,35,0.997564,0.01742,-0.00470339
55,36,0.997563,0.0170534,-0.00488091
55,37,0.997561,0.0166554,-0.00505563
55,38,0.997558,0.0162278,-0.00522719
55,39,0.997556,0.0157721,-0.00539533
55,40,0.997554,0.0152897,-0.00555971
55,41,0.997552,0.0147821,-0.00572013
55,42,0.997552,0.0142508,-0.00587628
55,43,0.997552,0.0136974,-0.006028
55,44,0.997554,0.013123,-0.00617504
55,45,0.997558,0.0125293,-0.00631725
55,46,0.997564,0.0119175,-0.00645441
55,47,0.997572,0.0112888,-0.00658642
55,48,0.997583,0.0106447,-0.0067131
55,49,0.997596,0.0099862,-0.00683437
55,50,0.997613,0.00931463,-0.00695008
55,51,0.997634,0.00863108,-0.00706017
55,52,0.997658,0.00793667,-0.00716453
55,53,0.997685,0.00723246,-0.00726313
55,54,0.997718,0.00651948,-0.00735587
55,55,0.997754,0.00579874,-0.00744275
55,56,0.997795,0.00507121,-0.00752368
55,57,0.99784,0.00433784,-0.00759869
55,58,0.997891,0.00359955,-0.0076677
55,59,0.997947,0.00285725,-0.00773077
55,60,0.998007,0.00211185,-0.0077878
55,61,0.998073,0.00136422,-0.00783887
55,62,0.998144,0.000615258,-0.00788391
55,63,0.998221,-0.000134153,-0.00792297
55,64,0.998303,-0.000883122,-0.00795599
55,65,0.998391,-0.00163075,-0.00798303
55,66,0.998484,-0.00237613,-0.008004
55,67,0.998582,-0.00311832,-0.00801899
55,68,0.998686,-0.00385637,-0.00802787
55,69,0.998795,-0.00458931,-0.00803073
55,70,0.998909,-0.00531614,-0.00802742
55,71,0.999029,-0.00603581,-0.00801802
55,72,0.999153,-0.00674727,-0.00800237
55,73,0.999282,-0.0074494,-0.00798052
55,74,0.999416,-0.00814107,-0.00795229
55,75,0.999554,-0.00882109,-0.00791773
55,76,0.999696,-0.00948824,-0.00787662
55,77,0.999843,-0.0101413,-0.00782901
55,78,0.999993,-0.0107789,-0.00777467
55,79,1.00015,-0.0113997,-0.00771361
55,80,1.0003,-0.0120023,-0.00764559
55,81,1.00046,-0.0125854,-0.00757063
55,82,1.00062,-0.0131475,-0.00748847
55,83,1.00079,-0.013687,-0.00739913
55,84,1.00096,-0.0142025,-0.00730235
55,85,1.00112,-0.0146925,-0.00719815
55,86,1.00129,-0.0151553,-0.00708628
55,87,1.00146,-0.0155894,-0.00696678
55,88,1.00163,-0.0159933,-0.00683942
55,89,1.0018,-0.0163654,-0.00670426
55,90,1.00197,-0.016704,-0.00656109
55,91,1.00214,-0.0170076,-0.00641005
55,92,1.0023,-0.0172747,-0.00625094
55,93,1.00247,-0.0175037,-0.00608395
55,94,1.00263,-0.0176931,-0.00590896
55,95,1.00279,-0.0178415,-0.00572623
55,96,1.00295,-0.0179474,-0.0055357
55,97,1.0031,-0.0180095,-0.00533773
55,98,1.00325,-0.0180266,-0.00513235
55,99,1.0034,-0.0179973,-0.00492003
55,100,1.00354,-0.0179208,-0.0047009
55,101,1.00368,-0.017796,-0.00447557
55,102,1.00381,-0.0176224,-0.00424431
55,103,1.00394,-0.0173994,-0.00400787
55,104,1.00406,-0.017127,-0.0037667
55,105,1.00418,-0.0168055,-0.0035217
55,106,1.00429,-0.0164353,-0.0032735
55,107,1.0044,-0.0160175,-0.00302322
55,108,1.0045,-0.0155532,-0.00277167
55,109,1.00459,-0.0150435,-0.00252015
55,110,1.00468,-0.0144891,-0.00226968
55,111,1.00476,-0.0138902,-0.00202177
55,112,1.00484,-0.0132454,-0.00177758
55,113,1.00491,-0.012551,-0.00153879
55,114,1.00497,-0.0118008,-0.00130671
55,115,1.00503,-0.0109851,-0.00108312
55,116,1.00508,-0.0100907,-0.000869448
55,117,1.00512,-0.00910189,-0.000667628
55,118,1.00516,-0.00800218,-0.000479378
55,119,1.00519,-0.0067789,-0.000307154
55,120,1.00522,-0.00542998,-0.000153646
55,121,1.00524,-0.00397476,-2.29101e-05
55,122,1.00525,-0.00246894,7.99684e-05
55,123,1.00526,-0.00102359,0.000147816
55,124,1.00526,0.000173878,0.000172462
55,125,1.00526,0.000842626,0.000145235
55,126,1.00525,0.00060694,6.05568e-05
55,127,1,-0.00343474,0
56,0,1,0,0
56,1,0.997368,-0.000200354,-5.695e-05
56,2,0.997385,0.00032272,-0.00014432
56,3,0.997403,0.00160303,-0.000204762
56,4,0.997423,0.00324407,-0.000251001
56,5,0.997445,0.0049864,-0.000292706
56,6,0.997467,0.00667719,-0.000335986
56,7,0.997491,0.00823855,-0.000384639
56,8,0.997516,0.00964086,-0.000440395
56,9,0.997541,0.0108828,-0.000504145
56,10,0.997568,0.0119778,-0.000575847
56,11,0.997594,0.0129448,-0.000655418
56,12,0.997621,0.0138034,-0.000742373
56,13,0.997647,0.0145708,-0.00083649
56,14,0.997673,0.015261,-0.000937313
56,15,0.997698,0.0158839,-0.00104469
56,16,0.997723,0.0164466,-0.00115826
56,17,0.997746,0.0169535,-0.00127789
56,18,0.997768,0.0174069,-0.00140324
56,19,0.997789,0.017808,-0.00153416
56,20,0.997807,0.0181575,-0.00167021
56,21,0.997824,0.0184555,-0.00181119
56,22,0.997839,0.0187023,-0.00195658
56,23,0.997851,0.0188983,-0.00210607
56,24,0.997862,0.0190439,-0.0022591
56,25,0.99787,0.01914,-0.0024153
56,26,0.997875,0.0191876,-0.00257407
56,27,0.997879,0.0191878,-0.00273502
56,28,0.99788,0.019142,-0.00289755
56,29,0.99788,0.0190516,-0.00306127
56,30,0.997877,0.0189181,-0.00322562
56,31,0.997872,0.0187428,-0.00339021
56,32,0.997866,0.0185274,-0.00355453
56,33,0.997858,0.0182735,-0.00371822
56,34,0.997849,0.0179825,-0.00388083
56,35,0.997838,0.0176561,-0.00404202
56,36,0.997827,0.0172958,-0.00420139
56,37,0.997815,0.0169032,-0.00435866
56,38,0.997803,0.0164798,-0.00451344
56,39,0.99779,0.0160272,-0.0046655
56,40,0.997778,0.015547,-0.00481451
56,41,0.997766,0.0150407,-0.00496025
56,42,0.997755,0.0145099,-0.00510244
56,43,0.997746,0.0139559,-0.0052409
56,44,0.997737,0.0133803,-0.00537539
56,45,0.997731,0.0127845,-0.00550575
56,46,0.997726,0.01217,-0.00563177
56,47,0.997724,0.011538,-0.00575335
56,48,0.997725,0.0108899,-0.0058703
56,49,0.997728,0.0102271,-0.00598254
56,50,0.997735,0.00955069,-0.0060899
56,51,0.997745,0.00886193,-0.00619236
56,52,0.997759,0.00816199,-0.00628977
56,53,0.997776,0.00745199,-0.00638212
56,54,0.997798,0.00673301,-0.00646929
56,55,0.997825,0.00600611,-0.0065513
56,56,0.997855,0.0052723,-0.00662806
56,57,0.997891,0.00453257,-0.00669958
56,58,0.997932,0.00378788,-0.0067658
56,59,0.997977,0.00303918,-0.00682677
56,60,0.998028,0.00228738,-0.0068824
56,61,0.998084,0.00153339,-0.00693278
56,62,0.998146,0.000778117,-0.00697781
56,63,0.998213,2.2445e-05,-0.00701759
56,64,0.998285,-0.000732731,-0.00705202
56,65,0.998363,-0.00148651,-0.0070812
56,66,0.998446,-0.002238,-0.00710503
56,67,0.998535,-0.00298628,-0.0071236
56,68,0.998629,-0.0037304,-0.00713679
56,69,0.998728,-0.00446944,-0.00714469
56,70,0.998833,-0.0052024,-0.00714716
56,71,0.998942,-0.00592828,-0.00714427
56,72,0.999057,-0.00664606,-0.00713588
56,73,0.999176,-0.00735467,-0.00712204
56,74,0.999301,-0.00805301,-0.00710257
56,75,0.999429,-0.00873995,-0.00707751
56,76,0.999562,-0.00941431,-0.00704666
56,77,0.999699,-0.0100749,-0.00701006
56,78,0.999839,-0.0107204,-0.00696746
56,79,0.999983,-0.0113496,-0.0069189
56,80,1.00013,-0.0119611,-0.00686411
56,81,1.00028,-0.0125536,-0.00680312
56,82,1.00043,-0.0131257,-0.00673565
56,83,1.00059,-0.0136758,-0.00666171
56,84,1.00074,-0.0142026,-0.00658102
56,85,1.0009,-0.0147046,-0.00649362
56,86,1.00106,-0.0151802,-0.00639919
56,87,1.00122,-0.0156278,-0.0062978
56,88,1.00138,-0.016046,-0.00618915
56,89,1.00154,-0.0164331,-0.00607333
56,90,1.0017,-0.0167876,-0.00595005
56,91,1.00186,-0.0171079,-0.00581944
56,92,1.00202,-0.0173924,-0.00568126
56,93,1.00218,-0.0176396,-0.00553567
56,94,1.00233,-0.0178479,-0.00538249
56,95,1.00248,-0.0180159,-0.00522196
56,96,1.00263,-0.0181421,-0.00505394
56,97,1.00278,-0.018225,-0.00487876
56,98,1.00292,-0.0182632,-0.00469636
56,99,1.00306,-0.0182556,-0.00450718
56,100,1.00319,-0.0182008,-0.00431127
56,101,1.00332,-0.0180981,-0.00410917
56,102,1.00345,-0.0179464,-0.00390108
56,103,1.00357,-0.0177453,-0.00368768
56,104,1.00369,-0.0174944,-0.00346932
56,105,1.0038,-0.0171938,-0.00324685
56,106,1.0039,-0.016844,-0.00302081
56,107,1.004,-0.0164455,-0.00279223
56,108,1.0041,-0.0159994,-0.00256185
56,109,1.00418,-0.0155065,-0.00233092
56,110,1.00427,-0.0149674,-0.00210034
56,111,1.00434,-0.0143819,-0.00187157
56,112,1.00441,-0.0137485,-0.00164571
56,113,1.00448,-0.0130633,-0.00142435
56,114,1.00453,-0.0123199,-0.00120872
56,115,1.00459,-0.0115084,-0.00100055
56,116,1.00463,-0.0106154,-0.000801179
56,117,1.00467,-0.00962496,-0.000612474
56,118,1.0047,-0.00852034,-0.000436056
56,119,1.00473,-0.00728829,-0.000274313
56,120,1.00475,-0.00592594,-0.000129822
56,121,1.00477,-0.00445145,-6.57386e-06
56,122,1.00478,-0.00291897,9.04493e-05
56,123,1.00479,-0.00143801,0.000154124
56,124,1.00479,-0.000195116,0.00017606
56,125,1.00478,0.000527321,0.000147077
56,126,1.00477,0.000347461,6.18158e-05
56,127,1,-0.00343474,0
57,0,1,0,0
57,1,0.99785,1.03525e-05,-5.7957e-05
57,2,0.997867,0.00049594,-0.000146648
57,3,0.997886,0.00175186,-0.000204738
57,4,0.997906,0.00337869,-0.000245338
57,5,0.997927,0.00511364,-0.00027839
57,6,0.997948,0.00680111,-0.000310308
57,7,0.997971,0.00836118,-0.000345266
57,8,0.997993,0.0097629,-0.000385331
57,9,0.998016,0.0110042,-0.000431666
57,10,0.998038,0.0120981,-0.000484468
57,11,0.998061,0.0130633,-0.000543853
57,12,0.998083,0.0139197,-0.000609516
57,13,0.998104,0.0146843,-0.000681392
57,14,0.998124,0.0153713,-0.000759173
57,15,0.998144,0.0159909,-0.000842843
57,16,0.998162,0.0165501,-0.000932158
57,17,0.998178,0.0170534,-0.00102713
57,18,0.998193,0.0175032,-0.0011275
57,19,0.998205,0.0179007,-0.00123323
57,20,0.998216,0.0182467,-0.001344
57,21,0.998224,0.0185412,-0.00145967
57,22,0.998231,0.0187846,-0.00157982
57,23,0.998234,0.0189771,-0.00170423
57,24,0.998236,0.0191194,-0.0018324
57,25,0.998235,0.0192122,-0.00196402
57,26,0.998231,0.0192567,-0.00209857
57,27,0.998225,0.0192539,-0.00223568
57,28,0.998217,0.0192052,-0.00237484
57,29,0.998207,0.019112,-0.00251567
57,30,0.998194,0.0189758,-0.00265766
57,31,0.998179,0.0187981,-0.00280045
57,32,0.998163,0.0185805,-0.00294357
57,33,0.998145,0.0183245,-0.00308668
57,34,0.998126,0.0180318,-0.00322934
57,35,0.998105,0.0177038,-0.00337125
57,36,0.998084,0.0173422,-0.003512
57,37,0.998062,0.0169486,-0.00365134
57,38,0.99804,0.0165244,-0.00378888
57,39,0.998017,0.0160713,-0.00392441
57,40,0.997995,0.0155908,-0.00405758
57,41,0.997973,0.0150844,-0.00418821
57,42,0.997953,0.0145536,-0.004316
57,43,0.997933,0.0139998,-0.00444078
57,44,0.997915,0.0134246,-0.0045623
57,45,0.997898,0.0128292,-0.00468042
57,46,0.997884,0.0122151,-0.0047949
57,47,0.997872,0.0115836,-0.00490566
57,48,0.997863,0.010936,-0.0050125
57,49,0.997856,0.0102735,-0.00511534
57,50,0.997853,0.00959735,-0.00521402
57,51,0.997853,0.00890868,-0.00530849
57,52,0.997857,0.00820862,-0.00539862
57,53,0.997865,0.00749826,-0.00548439
57,54,0.997878,0.00677865,-0.00556569
57,55,0.997894,0.0060508,-0.00564254
57,56,0.997916,0.00531571,-0.00571482
57,57,0.997942,0.00457433,-0.00578258
57,58,0.997973,0.0038276,-0.00584574
57,59,0.998009,0.00307643,-0.00590435
57,60,0.99805,0.00232173,-0.00595833
57,61,0.998096,0.0015644,-0.00600776
57,62,0.998148,0.00080532,-0.00605256
57,63,0.998206,4.53767e-05,-0.00609283
57,64,0.998268,-0.00071454,-0.00612847
57,65,0.998337,-0.00147353,-0.00615958
57,66,0.99841,-0.0022307,-0.00618606
57,67,0.99849,-0.00298511,-0.00620801
57,68,0.998574,-0.00373582,-0.00622532
57,69,0.998664,-0.00448187,-0.00623808
57,70,0.998759,-0.00522227,-0.00624616
57,71,0.99886,-0.00595599,-0.00624963
57,72,0.998965,-0.00668197,-0.00624834
57,73,0.999075,-0.00739913,-0.00624235
57,74,0.99919,-0.00810633,-0.00623149
57,75,0.999309,-0.0088024,-0.00621581
57,76,0.999433,-0.00948614,-0.00619509
57,77,0.99956,-0.0101563,-0.00616937
57,78,0.999692,-0.0108116,-0.00613842
57,79,0.999826,-0.0114506,-0.00610225
57,80,0.999964,-0.012072,-0.00606061
57,81,1.00011,-0.0126745,-0.00601351
57,82,1.00025,-0.0132564,-0.00596067
57,83,1.00039,-0.0138164,-0.00590209
57,84,1.00054,-0.0143529,-0.00583749
57,85,1.00069,-0.0148643,-0.00576686
57,86,1.00084,-0.0153491,-0.00568991
57,87,1.00099,-0.0158057,-0.00560666
57,88,1.00114,-0.0162324,-0.00551681
57,89,1.00129,-0.0166277,-0.0054204
57,90,1.00144,-0.0169899,-0.00531715
57,91,1.00159,-0.0173173,-0.00520713
57,92,1.00174,-0.0176085,-0.00509008
57,93,1.00189,-0.0178617,-0.00496612
57,94,1.00203,-0.0180755,-0.00483504
57,95,1.00218,-0.0182481,-0.00469701
57,96,1.00232,-0.0183782,-0.00455186
57,97,1.00246,-0.0184643,-0.00439986
57,98,1.00259,-0.0185049,-0.0042409
57,99,1.00272,-0.0184987,-0.00407536
57,100,1.00285,-0.0184446,-0.0039032
57,101,1.00297,-0.0183416,-0.00372493
57,102,1.00308,-0.0181886,-0.00354065
57,103,1.0032,-0.0179853,-0.00335097
57,104,1.0033,-0.0177312,-0.00315616
57,105,1.00341,-0.0174263,-0.002957
57,106,1.0035,-0.0170711,-0.00275393
57,107,1.0036,-0.0166663,-0.00254793
57,108,1.00368,-0.0162126,-0.00233962
57,109,1.00376,-0.0157112,-0.00213019
57,110,1.00384,-0.0151624,-0.00192045
57,111,1.00391,-0.0145662,-0.0017118
57,112,1.00397,-0.013921,-0.00150522
57,113,1.00403,-0.013223,-0.00130227
57,114,1.00408,-0.0124659,-0.00110407
57,115,1.00413,-0.0116397,-0.00091229
57,116,1.00417,-0.0107312,-0.000728163
57,117,1.0042,-0.00972417,-0.000553493
57,118,1.00424,-0.00860184,-0.00038979
57,119,1.00426,-0.00735052,-0.000239362
57,120,1.00428,-0.00596656,-0.000104663
57,121,1.00429,-0.00446693,1.04175e-05
57,122,1.0043,-0.00290415,0.000101019
57,123,1.00431,-0.00138585,0.000160029
57,124,1.00431,-9.71413e-05,0.000179121
57,125,1.0043,0.000679197,0.000148863
57,126,1.00429,0.00055616,6.21912e-05
57,127,1,-0.00343474,0
58,0,1,0,0
58,1,0.998337,-0.000247698,-5.94419e-05
58,2,0.998354,0.000200213,-0.000148388
58,3,0.998371,0.00143368,-0.000204148
58,4,0.998389,0.00305093,-0.000239231
58,5,0.998407,0.00478604,-0.00026373
58,6,0.998426,0.00648054,-0.000284446
58,7,0.998445,0.00805225,-0.000305877
58,8,0.998464,0.00946865,-0.000330401
58,9,0.998483,0.0107266,-0.000359445
58,10,0.998502,0.0118385,-0.000393441
58,11,0.99852,0.0128228,-0.000432696
58,12,0.998538,0.0136989,-0.000477087
58,13,0.998554,0.014484,-0.000526702
58,14,0.998569,0.015192,-0.000581382
58,15,0.998583,0.0158331,-0.000641246
58,16,0.998595,0.0164142,-0.000706177
58,17,0.998606,0.0169395,-0.000776303
58,18,0.998614,0.0174116,-0.000851487
58,19,0.99862,0.0178314,-0.000931791
58,20,0.998624,0.0181993,-0.001017
58,21,0.998626,0.0185156,-0.00110706
58,22,0.998624,0.0187802,-0.00120164
58,23,0.998621,0.0189934,-0.00130061
58,24,0.998614,0.0191557,-0.00140353
58,25,0.998605,0.0192678,-0.00151017
58,26,0.998593,0.0193306,-0.00162006
58,27,0.998579,0.0193452,-0.00173291
58,28,0.998562,0.019313,-0.00184823
58,29,0.998543,0.0192353,-0.00196572
58,30,0.998521,0.0191135,-0.00208488
58,31,0.998497,0.0189492,-0.0022054
58,32,0.998472,0.0187439,-0.00232684
58,33,0.998444,0.0184991,-0.00244889
58,34,0.998415,0.0182165,-0.00257112
58,35,0.998385,0.0178975,-0.00269327
58,36,0.998354,0.0175439,-0.00281493
58,37,0.998322,0.0171571,-0.00293586
58,38,0.99829,0.0167388,-0.00305571
58,39,0.998257,0.0162905,-0.00317425
58,40,0.998225,0.0158138,-0.00329115
58,41,0.998193,0.0153103,-0.00340623
58,42,0.998162,0.0147815,-0.00351919
58,43,0.998132,0.0142289,-0.00362987
58,44,0.998103,0.013654,-0.00373801
58,45,0.998076,0.0130582,-0.00384348
58,46,0.998052,0.012443,-0.00394605
58,47,0.998029,0.0118098,-0.00404562
58,48,0.99801,0.0111599,-0.00414199
58,49,0.997993,0.0104946,-0.00423508
58,50,0.997979,0.0098152,-0.00432473
58,51,0.997969,0.0091229,-0.0044109
58,52,0.997963,0.00841889,-0.00449343
58,53,0.997961,0.0077043,-0.00457233
58,54,0.997963,0.00698025,-0.00464747
58,55,0.99797,0.0062478,-0.00471886
58,56,0.997981,0.00550797,-0.0047864
58,57,0.997997,0.00476178,-0.00485014
58,58,0.998017,0.0040102,-0.00490998
58,59,0.998043,0.00325416,-0.00496599
58,60,0.998075,0.00249462,-0.00501808
58,61,0.998111,0.00173246,-0.00506635
58,62,0.998153,0.000968613,-0.0051107
58,63,0.9982,0.000203956,-0.00515124
58,64,0.998253,-0.000560613,-0.00518788
58,65,0.998312,-0.0013242,-0.00522071
58,66,0.998376,-0.00208591,-0.00524966
58,67,0.998445,-0.00284483,-0.00527481
58,68,0.99852,-0.00360003,-0.00529606
58,69,0.9986,-0.00435058,-0.0053135
58,70,0.998685,-0.0050955,-0.005327
58,71,0.998776,-0.00583381,-0.00533666
58,72,0.998871,-0.00656449,-0.00534231
58,73,0.998971,-0.00728648,-0.00534402
58,74,0.999076,-0.0079987,-0.00534162
58,75,0.999186,-0.00870004,-0.00533516
58,76,0.999299,-0.00938932,-0.00532443
58,77,0.999417,-0.0100654,-0.00530947
58,78,0.999538,-0.0107269,-0.00529004
58,79,0.999663,-0.0113726,-0.00526617
58,80,0.999791,-0.0120013,-0.00523757
58,81,0.999922,-0.0126115,-0.00520428
58,82,1.00006,-0.0132018,-0.00516599
58,83,1.00019,-0.0137707,-0.00512271
58,84,1.00033,-0.0143169,-0.00507414
58,85,1.00047,-0.0148388,-0.00502027
58,86,1.00061,-0.0153348,-0.00496078
58,87,1.00075,-0.0158034,-0.00489569
58,88,1.00089,-0.0162429,-0.00482467
58,89,1.00103,-0.0166519,-0.00474774
58,90,1.00117,-0.0170286,-0.0046646
58,91,1.00132,-0.0173715,-0.00457529
58,92,1.00146,-0.0176789,-0.00447952
58,93,1.00159,-0.0179492,-0.00437738
58,94,1.00173,-0.0181808,-0.00426859
58,95,1.00186,-0.0183722,-0.00415332
58,96,1.002,-0.0185217,-0.00403133
58,97,1.00212,-0.0186278,-0.00390285
58,98,1.00225,-0.0186891,-0.00376771
58,99,1.00237,-0.0187041,-0.00362621
58,100,1.00249,-0.0186716,-0.00347828
58,101,1.0026,-0.0185905,-0.00332434
58,102,1.00271,-0.0184597,-0.00316441
58,103,1.00282,-0.0182784,-0.00299905
58,104,1.00292,-0.0180463,-0.00282842
58,105,1.00302,-0.0177632,-0.00265325
58,106,1.00311,-0.0174292,-0.00247387
58,107,1.00319,-0.0170449,-0.00229119
58,108,1.00327,-0.0166109,-0.00210573
58,109,1.00335,-0.0161279,-0.00191861
58,110,1.00341,-0.0155962,-0.00173055
58,111,1.00348,-0.0150156,-0.00154287
58,112,1.00354,-0.0143841,-0.00135645
58,113,1.00359,-0.0136978,-0.00117278
58,114,1.00364,-0.0129502,-0.000992875
58,115,1.00368,-0.0121312,-0.000818335
58,116,1.00371,-0.0112273,-0.000650288
58,117,1.00374,-0.0102221,-0.000490459
58,118,1.00377,-0.00909849,-0.000340238
58,119,1.00379,-0.00784223,-0.000201846
58,120,1.00381,-0.00644889,-7.76019e-05
58,121,1.00382,-0.0049342,2.8703e-05
58,122,1.00382,-0.00334908,0.000112348
58,123,1.00382,-0.00179941,0.00016631
58,124,1.00382,-0.00046901,0.00018217
58,125,1.00381,0.00035859,0.00015008
58,126,1.0038,0.00029154,6.28906e-05
58,127,1,-0.00343474,0
59,0,1,0,0
59,1,0.998827,-3.78841e-05,-6.02678e-05
59,2,0.998844,0.00036729,-0.000150276
59,3,0.998861,0.00157032,-0.000203753
59,4,0.998879,0.00316753,-0.000233383
59,5,0.998897,0.00489008,-0.000249474
59,6,0.998915,0.00657679,-0.000259103
59,7,0.998932,0.00814341,-0.000267111
59,8,0.998949,0.00955598,-0.000276191
59,9,0.998965,0.0108105,-0.000288032
59,10,0.99898,0.0119189,-0.000303291
59,11,0.998994,0.0128994,-0.000322467
59,12,0.999006,0.0137714,-0.000345612
59,13,0.999018,0.0145522,-0.000372965
59,14,0.999027,0.0152558,-0.000404515
59,15,0.999035,0.0158924,-0.000440512
59,16,0.99904,0.0164691,-0.000480968
59,17,0.999044,0.0169902,-0.000526128
59,18,0.999045,0.0174582,-0.000575972
59,19,0.999043,0.0178741,-0.000630665
59,20,0.999039,0.0182383,-0.000690093
59,21,0.999032,0.0185511,-0.0007543
59,22,0.999022,0.0188124,-0.000823055
59,23,0.99901,0.0190225,-0.000896281
59,24,0.998994,0.0191819,-0.000973644
59,25,0.998976,0.0192913,-0.00105497
59,26,0.998955,0.0193516,-0.00113986
59,27,0.998931,0.019364,-0.00122809
59,28,0.998904,0.0193297,-0.0013192
59,29,0.998875,0.0192502,-0.00141295
59,30,0.998844,0.0191268,-0.00150889
59,31,0.99881,0.0189612,-0.00160675
59,32,0.998774,0.0187548,-0.0017061
59,33,0.998737,0.0185092,-0.00180667
59,34,0.998698,0.0182261,-0.00190807
59,35,0.998658,0.0179069,-0.00201004
59,36,0.998616,0.0175534,-0.0021122
59,37,0.998574,0.0171669,-0.00221432
59,38,0.998532,0.0167492,-0.00231606
59,39,0.998489,0.0163018,-0.00241721
59,40,0.998447,0.0158262,-0.00251743
59,41,0.998405,0.015324,-0.00261657
59,42,0.998364,0.0147967,-0.00271431
59,43,0.998324,0.0142458,-0.00281051
59,44,0.998285,0.0136726,-0.0029049
59,45,0.998249,0.0130787,-0.00299736
59,46,0.998214,0.0124655,-0.00308766
59,47,0.998182,0.0118342,-0.00317568
59,48,0.998152,0.0111861,-0.00326123
59,49,0.998126,0.0105226,-0.00334425
59,50,0.998102,0.00984491,-0.00342455
59,51,0.998082,0.00915413,-0.00350209
59,52,0.998066,0.00845143,-0.00357673
59,53,0.998055,0.00773792,-0.00364846
59,54,0.998047,0.00701467,-0.00371715
59,55,0.998044,0.0062827,-0.00378281
59,56,0.998045,0.00554303,-0.00384535
59,57,0.998051,0.00479662,-0.0039048
59,58,0.998062,0.00404443,-0.00396108
59,59,0.998079,0.00328738,-0.00401425
59,60,0.9981,0.00252638,-0.00406423
59,61,0.998127,0.00176233,-0.0041111
59,62,0.998159,0.000996122,-0.00415479
59,63,0.998197,0.000228648,-0.00419539
59,64,0.99824,-0.000539207,-0.00423282
59,65,0.998289,-0.00130655,-0.00426719
59,66,0.998343,-0.00207248,-0.0042984
59,67,0.998403,-0.00283607,-0.00432656
59,68,0.998468,-0.0035964,-0.00435156
59,69,0.998538,-0.00435252,-0.0043735
59,70,0.998614,-0.00510343,-0.00439226
59,71,0.998695,-0.00584812,-0.00440793
59,72,0.998781,-0.00658557,-0.00442035
59,73,0.998872,-0.00731469,-0.0044296
59,74,0.998967,-0.00803436,-0.00443549
59,75,0.999067,-0.00874343,-0.0044381
59,76,0.999171,-0.00944071,-0.0044372
59,77,0.999279,-0.010125,-0.00443285
59,78,0.999391,-0.0107949,-0.00442479
59,79,0.999507,-0.0114492,-0.00441306
59,80,0.999625,-0.0120864,-0.00439738
59,81,0.999747,-0.0127053,-0.00437776
59,82,0.999871,-0.0133042,-0.00435391
59,83,0.999997,-0.0138818,-0.00432582
59,84,1.00013,-0.0144365,-0.00429318
59,85,1.00025,-0.0149667,-0.00425598
59,86,1.00039,-0.0154709,-0.00421389
59,87,1.00052,-0.0159473,-0.00416691
59,88,1.00065,-0.0163945,-0.00411468
59,89,1.00078,-0.0168107,-0.00405723
59,90,1.00091,-0.0171943,-0.0039942
59,91,1.00105,-0.0175435,-0.00392565
59,92,1.00118,-0.0178569,-0.00385122
59,93,1.0013,-0.0181326,-0.00377099
59,94,1.00143,-0.018369,-0.00368464
59,95,1.00156,-0.0185646,-0.0035923
59,96,1.00168,-0.0187177,-0.00349367
59,97,1.0018,-0.0188267,-0.00338895
59,98,1.00191,-0.0188903,-0.00327791
59,99,1.00203,-0.0189068,-0.0031608
59,100,1.00214,-0.018875,-0.00303746
59,101,1.00224,-0.0187938,-0.00290827
59,102,1.00234,-0.0186621,-0.00277317
59,103,1.00244,-0.018479,-0.00263264
59,104,1.00253,-0.0182443,-0.00248676
59,105,1.00262,-0.0179576,-0.00233619
59,106,1.0027,-0.0176191,-0.00218116
59,107,1.00278,-0.0172292,-0.0020225
59,108,1.00285,-0.0167887,-0.00186063
59,109,1.00292,-0.0162982,-0.0016966
59,110,1.00298,-0.0157581,-0.00153102
59,111,1.00303,-0.015168,-0.00136513
59,112,1.00309,-0.0145261,-0.00119972
59,113,1.00313,-0.0138285,-0.00103619
59,114,1.00317,-0.0130687,-0.000875452
59,115,1.00321,-0.0122366,-0.000719024
59,116,1.00324,-0.0113188,-0.000567918
59,117,1.00327,-0.010299,-0.000423776
59,118,1.00329,-0.00915967,-0.000287859
59,119,1.00331,-0.00788632,-0.000162289
59,120,1.00332,-0.00647375,-4.92357e-05
59,121,1.00333,-0.00493657,4.76366e-05
59,122,1.00333,-0.00332404,0.000123772
59,123,1.00333,-0.00174006,0.000172226
59,124,1.00333,-0.00036676,0.000184667
59,125,1.00332,0.000512646,0.000151085
59,126,1.00331,0.000502413,6.30992e-05
59,127,1,-0.00343474,0
60,0,1,0,0
60,1,0.99932,-0.000298624,-6.14738e-05
60,2,0.999337,6.37049e-05,-0.00015161
60,3,0.999353,0.0012379,-0.000202797
60,4,0.999369,0.00281909,-0.000227137
60,5,0.999384,0.00453584,-0.000235003
60,6,0.999399,0.00622426,-0.000233799
60,7,0.999413,0.00779786,-0.000228665
60,8,0.999426,0.00922102,-0.000222582
60,9,0.999438,0.0104887,-0.000217485
60,10,0.999449,0.0116119,-0.000214253
60,11,0.999459,0.0126088,-0.000213567
60,12,0.999467,0.0134983,-0.000215651
60,13,0.999473,0.0142976,-0.000220895
60,14,0.999477,0.0150206,-0.000229431
60,15,0.999479,0.0156774,-0.00024164
60,16,0.999479,0.016275,-0.000257663
60,17,0.999476,0.0168174,-0.000277862
60,18,0.999471,0.0173071,-0.000302332
60,19,0.999463,0.017745,-0.000331343
60,20,0.999452,0.0181312,-0.000364886
60,21,0.999438,0.0184658,-0.000403098
60,22,0.999421,0.0187488,-0.000445842
60,23,0.999401,0.0189801,-0.000493123
60,24,0.999377,0.0191602,-0.000544689
60,25,0.999351,0.0192896,-0.000600439
60,26,0.999321,0.0193693,-0.000660041
60,27,0.999289,0.0194002,-0.00072332
60,28,0.999254,0.0193835,-0.000789899
60,29,0.999216,0.0193207,-0.000859564
60,30,0.999175,0.0192131,-0.000931918
60,31,0.999133,0.0190622,-0.00100673
60,32,0.999087,0.0188696,-0.00108361
60,33,0.999041,0.0186367,-0.00116232
60,34,0.998992,0.0183652,-0.00124248
60,35,0.998942,0.0180566,-0.00132387
60,36,0.998891,0.0177125,-0.00140613
60,37,0.998839,0.0173346,-0.00148904
60,38,0.998786,0.0169243,-0.00157227
60,39,0.998734,0.0164834,-0.00165562
60,40,0.998681,0.0160133,-0.00173879
60,41,0.998629,0.0155156,-0.00182159
60,42,0.998577,0.014992,-0.00190373
60,43,0.998527,0.0144438,-0.00198508
60,44,0.998478,0.0138727,-0.00206536
60,45,0.998431,0.01328,-0.00214445
60,46,0.998386,0.0126673,-0.00222211
60,47,0.998343,0.0120359,-0.00229826
60,48,0.998303,0.0113873,-0.00237268
60,49,0.998267,0.0107226,-0.0024453
60,50,0.998233,0.0100432,-0.00251594
60,51,0.998203,0.00935045,-0.00258457
60,52,0.998176,0.0086454,-0.00265102
60,53,0.998154,0.00792927,-0.00271531
60,54,0.998136,0.00720316,-0.00277728
60,55,0.998123,0.00646817,-0.00283696
60,56,0.998114,0.00572535,-0.00289425
60,57,0.99811,0.0049757,-0.00294918
60,58,0.998111,0.00422022,-0.00300166
60,59,0.998117,0.00345986,-0.00305177
60,60,0.998128,0.00269556,-0.00309941
60,61,0.998145,0.00192825,-0.00314468
60,62,0.998167,0.00115884,-0.0031875
60,63,0.998195,0.00038821,-0.00322796
60,64,0.998228,-0.000382733,-0.00326599
60,65,0.998267,-0.0011531,-0.0033017
60,66,0.998311,-0.001922,-0.00333499
60,67,0.998361,-0.00268852,-0.00336597
60,68,0.998416,-0.00345174,-0.00339454
60,69,0.998476,-0.00421074,-0.0034208
60,70,0.998542,-0.00496456,-0.00344464
60,71,0.998613,-0.00571223,-0.00346614
60,72,0.998689,-0.00645273,-0.00348515
60,73,0.99877,-0.00718503,-0.00350175
60,74,0.998855,-0.00790807,-0.00351578
60,75,0.998945,-0.00862073,-0.00352728
60,76,0.999039,-0.00932187,-0.00353605
60,77,0.999137,-0.0100103,-0.00354214
60,78,0.999239,-0.0106848,-0.00354529
60,79,0.999344,-0.0113441,-0.00354555
60,80,0.999453,-0.0119869,-0.00354263
60,81,0.999564,-0.0126118,-0.00353654
60,82,0.999678,-0.0132174,-0.00352699
60,83,0.999794,-0.0138023,-0.00351396
60,84,0.999913,-0.014365,-0.00349714
60,85,1.00003,-0.014904,-0.00347651
60,86,1.00015,-0.0154177,-0.00345171
60,87,1.00028,-0.0159046,-0.00342276
60,88,1.0004,-0.0163631,-0.00338926
60,89,1.00052,-0.0167914,-0.00335125
60,90,1.00064,-0.0171881,-0.00330832
60,91,1.00076,-0.0175513,-0.00326052
60,92,1.00089,-0.0178796,-0.00320745
60,93,1.001,-0.0181711,-0.00314919
60,94,1.00112,-0.0184243,-0.00308535
60,95,1.00124,-0.0186374,-0.00301605
60,96,1.00135,-0.0188089,-0.00294094
60,97,1.00146,-0.0189371,-0.00286016
60,98,1.00157,-0.0190206,-0.00277343
60,99,1.00167,-0.0190577,-0.00268096
60,100,1.00178,-0.019047,-0.00258252
60,101,1.00187,-0.0189874,-0.00247842
60,102,1.00197,-0.0188776,-0.00236852
60,103,1.00205,-0.0187168,-0.00225325
60,104,1.00214,-0.0185042,-0.00213259
60,105,1.00222,-0.0182397,-0.00200712
60,106,1.00229,-0.017923,-0.00187698
60,107,1.00236,-0.0175546,-0.00174292
60,108,1.00243,-0.0171348,-0.00160527
60,109,1.00249,-0.0166642,-0.00146498
60,110,1.00255,-0.0161428,-0.00132257
60,111,1.0026,-0.0155701,-0.00117918
60,112,1.00264,-0.014944,-0.00103551
60,113,1.00268,-0.0142605,-0.000892858
60,114,1.00272,-0.0135128,-0.000752036
60,115,1.00275,-0.0126907,-0.000614465
60,116,1.00278,-0.0117807,-0.000481037
60,117,1.0028,-0.010766,-0.0003533
60,118,1.00282,-0.00962908,-0.000232376
60,119,1.00283,-0.0083547,-0.000120283
60,120,1.00284,-0.00693693,-1.90277e-05
60,121,1.00285,-0.00538912,6.78526e-05
60,122,1.00285,-0.00375891,0.000135981
60,123,1.00284,-0.00214827,0.000178539
60,124,1.00284,-0.000737681,0.000187223
60,125,1.00283,0.000189688,0.000151706
60,126,1.00281,0.00023455,6.32775e-05
60,127,1,-0.00343474,0
61,0,1,0,0
61,1,0.999816,-8.97447e-05,-6.21092e-05
61,2,0.999832,0.000225311,-0.000152996
61,3,0.999848,0.00136347,-0.000202022
61,4,0.999864,0.0029191,-0.000221201
61,5,0.999878,0.0046183,-0.000221058
61,6,0.999892,0.0062946,-0.000209236
61,7,0.999904,0.00785938,-0.000191179
61,8,0.999915,0.00927551,-0.000170159
61,9,0.999924,0.0105369,-0.00014835
61,10,0.999931,0.0116543,-0.000126845
61,11,0.999936,0.0126452,-0.000106504
61,12,0.99994,0.0135288,-8.77179e-05
61,13,0.999941,0.0143222,-7.10199e-05
61,14,0.999939,0.0150394,-5.66861e-05
61,15,0.999935,0.0156905,-4.52222e-05
61,16,0.999928,0.0162827,-3.68982e-05
61,17,0.999918,0.0168201,-3.21888e-05
61,18,0.999906,0.017305,-3.13053e-05
61,19,0.99989,0.0177385,-3.46235e-05
61,20,0.999871,0.0181207,-4.22365e-05
61,21,0.999848,0.0184517,-5.43789e-05
61,22,0.999823,0.0187314,-7.10049e-05
61,23,0.999794,0.0189598,-9.22061e-05
61,24,0.999761,0.0191373,-0.000117812
61,25,0.999726,0.0192644,-0.000147796
61,26,0.999687,0.0193421,-0.000181895
61,27,0.999645,0.0193714,-0.000219999
61,28,0.9996,0.0193535,-0.000261788
61,29,0.999552,0.0192897,-0.000307099
61,30,0.999502,0.0191814,-0.000355583
61,31,0.999449,0.0190302,-0.000407053
61,32,0.999394,0.0188376,-0.00046115
61,33,0.999337,0.0186051,-0.000517676
61,34,0.999278,0.0183342,-0.000576278
61,35,0.999218,0.0180267,-0.000636758
61,36,0.999157,0.017684,-0.000698773
61,37,0.999095,0.0173077,-0.000762133
61,38,0.999032,0.0168994,-0.000826513
61,39,0.998969,0.0164607,-0.000891733
61,40,0.998907,0.0159931,-0.000957487
61,41,0.998845,0.0154982,-0.00102361
61,42,0.998783,0.0149774,-0.00108982
61,43,0.998723,0.0144323,-0.00115598
61,44,0.998664,0.0138644,-0.00122182
61,45,0.998607,0.0132751,-0.00128721
61,46,0.998552,0.0126657,-0.00135194
61,47,0.9985,0.0120377,-0.00141589
61,48,0.99845,0.0113923,-0.00147887
61,49,0.998403,0.0107309,-0.00154079
61,50,0.998359,0.0100547,-0.00160149
61,51,0.99832,0.00936484,-0.00166092
61,52,0.998283,0.00866256,-0.00171892
61,53,0.998251,0.00794895,-0.00177549
61,54,0.998223,0.0072251,-0.00183049
61,55,0.9982,0.00649206,-0.00188394
61,56,0.998182,0.00575084,-0.00193574
61,57,0.998168,0.00500244,-0.00198591
61,58,0.998159,0.00424782,-0.00203438
61,59,0.998155,0.00348791,-0.0020812
61,60,0.998157,0.00272363,-0.0021263
61,61,0.998164,0.0019559,-0.00216976
61,62,0.998177,0.00118561,-0.0022115
61,63,0.998194,0.000413651,-0.00225163
61,64,0.998218,-0.000359092,-0.00229006
61,65,0.998247,-0.00113173,-0.00232691
61,66,0.998281,-0.00190335,-0.00236209
61,67,0.998321,-0.00267306,-0.00239571
61,68,0.998367,-0.00343993,-0.00242767
61,69,0.998418,-0.00420301,-0.00245807
61,70,0.998474,-0.00496134,-0.0024868
61,71,0.998535,-0.00571392,-0.00251394
61,72,0.998601,-0.00645972,-0.00253937
61,73,0.998672,-0.00719769,-0.00256315
61,74,0.998748,-0.00792671,-0.00258511
61,75,0.998828,-0.00864567,-0.00260532
61,76,0.998912,-0.00935338,-0.00262358
61,77,0.999001,-0.0100486,-0.00263992
61,78,0.999093,-0.0107301,-0.0026541
61,79,0.999188,-0.0113965,-0.00266617
61,80,0.999287,-0.0120466,-0.00267582
61,81,0.999389,-0.0126788,-0.00268309
61,82,0.999493,-0.0132917,-0.00268765
61,83,0.9996,-0.013884,-0.00268952
61,84,0.999709,-0.0144539,-0.00268834
61,85,0.999819,-0.015,-0.00268412
61,86,0.99993,-0.0155207,-0.00267648
61,87,1.00004,-0.0160143,-0.00266541
61,88,1.00015,-0.0164792,-0.00265053
61,89,1.00027,-0.0169138,-0.00263183
61,90,1.00038,-0.0173162,-0.0026089
61,91,1.00049,-0.017685,-0.00258177
61,92,1.0006,-0.0180182,-0.00255002
61,93,1.00071,-0.0183143,-0.00251369
61,94,1.00082,-0.0185716,-0.00247237
61,95,1.00093,-0.0187883,-0.00242614
61,96,1.00103,-0.0189629,-0.00237459
61,97,1.00113,-0.0190936,-0.00231785
61,98,1.00123,-0.0191789,-0.00225556
61,99,1.00133,-0.0192172,-0.0021879
61,100,1.00142,-0.0192072,-0.00211456
61,101,1.0015,-0.0191475,-0.00203581
61,102,1.00159,-0.0190369,-0.00195141
61,103,1.00167,-0.0188746,-0.00186174
61,104,1.00174,-0.0186598,-0.00176668
61,105,1.00182,-0.0183921,-0.00166676
61,106,1.00188,-0.0180716,-0.00156198
61,107,1.00194,-0.0176985,-0.00145306
61,108,1.002,-0.0172731,-0.00134019
61,109,1.00206,-0.016796,-0.00122426
61,110,1.0021,-0.0162673,-0.00110565
61,111,1.00215,-0.0156863,-0.000985447
61,112,1.00219,-0.0150512,-0.000864208
61,113,1.00222,-0.0143578,-0.000743168
61,114,1.00225,-0.0135995,-0.000623
61,115,1.00228,-0.0127661,-0.00050504
61,116,1.0023,-0.0118441,-0.000390044
61,117,1.00232,-0.0108168,-0.000279464
61,118,1.00233,-0.00966627,-0.000174273
61,119,1.00234,-0.00837719,-7.63724e-05
61,120,1.00235,-0.00694286,1.24066e-05
61,121,1.00235,-0.00537553,8.86788e-05
61,122,1.00235,-0.00372121,0.000148275
61,123,1.00235,-0.00207984,0.000184516
61,124,1.00234,-0.000629928,0.000189222
61,125,1.00233,0.000346281,0.000151985
61,126,1.00232,0.000446895,6.33037e-05
61,127,1,-0.00343474,0
62,0,1,0,0
62,1,1.00031,-0.000352109,-6.29798e-05
62,2,1.00033,-8.43183e-05,-0.000153877
62,3,1.00034,0.00101909,-0.000200687
62,4,1.00036,0.00255251,-0.000214893
62,5,1.00037,0.00424006,-0.000206998
62,6,1.00038,0.00591277,-0.000184898
62,7,1.00039,0.0074798,-0.000154302
62,8,1.0004,0.00890234,-0.000118743
62,9,1.0004,0.0101732,-8.06198e-05
62,10,1.0004,0.0113022,-4.12303e-05
62,11,1.0004,0.0123066,-1.60449e-06
62,12,1.0004,0.0132051,3.7706e-05
62,13,1.0004,0.0140149,7.60265e-05
62,14,1.00039,0.0147496,0.000112942
62,15,1.00038,0.0154194,0.000147823
62,16,1.00037,0.0160312,0.000180274
62,17,1.00035,0.016589,0.000209708
62,18,1.00033,0.0170949,0.000235799
62,19,1.00031,0.0175499,0.000258067
62,20,1.00029,0.0179539,0.000276316
62,21,1.00026,0.0183068,0.000290214
62,22,1.00022,0.0186082,0.000299715
62,23,1.00019,0.0188582,0.000304639
62,24,1.00015,0.0190569,0.000305074
62,25,1.0001,0.0192048,0.00030097
62,26,1.00006,0.0193027,0.000292519
62,27,1.00001,0.0193514,0.000279764
62,28,0.999952,0.0193522,0.000262966
62,29,0.999895,0.0193062,0.000242232
62,30,0.999836,0.019215,0.000217862
62,31,0.999774,0.0190798,0.000189999
62,32,0.99971,0.0189023,0.000158962
62,33,0.999643,0.0186839,0.000124913
62,34,0.999575,0.0184262,8.8176e-05
62,35,0.999505,0.0181308,4.89208e-05
62,36,0.999434,0.0177991,7.46764e-06
62,37,0.999362,0.0174329,-3.60148e-05
62,38,0.99929,0.0170337,-8.12154e-05
62,39,0.999217,0.0166031,-0.000127972
62,40,0.999144,0.0161426,-0.000175987
62,41,0.999072,0.0156539,-0.00022511
62,42,0.999,0.0151385,-0.000275061
62,43,0.99893,0.0145979,-0.000325705
62,44,0.99886,0.0140337,-0.000376781
62,45,0.998793,0.0134473,-0.000428176
62,46,0.998728,0.0128401,-0.000479651
62,47,0.998665,0.0122137,-0.000531116
62,48,0.998605,0.0115694,-0.000582358
62,49,0.998547,0.0109085,-0.000633312
62,50,0.998493,0.0102323,-0.00068379
62,51,0.998443,0.00954206,-0.000733755
62,52,0.998397,0.00883907,-0.000783046
62,53,0.998354,0.00812446,-0.000831655
62,54,0.998316,0.00739937,-0.000879443
62,55,0.998283,0.00666492,-0.00092643
62,56,0.998254,0.00592215,-0.000972502
62,57,0.99823,0.00517209,-0.0010177
62,58,0.998211,0.00441576,-0.00106193
62,59,0.998197,0.00365413,-0.00110527
62,60,0.998189,0.00288814,-0.00114762
62,61,0.998186,0.00211871,-0.00118907
62,62,0.998188,0.00134678,-0.00122954
62,63,0.998196,0.000573236,-0.00126914
62,64,0.998209,-0.000201024,-0.00130779
62,65,0.998228,-0.000975109,-0.0013456
62,66,0.998252,-0.00174812,-0.00138249
62,67,0.998282,-0.00251917,-0.00141855
62,68,0.998318,-0.00328734,-0.00145371
62,69,0.998358,-0.00405171,-0.00148806
62,70,0.998404,-0.00481133,-0.0015215
62,71,0.998455,-0.00556525,-0.00155411
62,72,0.998511,-0.00631247,-0.00158575
62,73,0.998572,-0.00705197,-0.00161651
62,74,0.998638,-0.0077827,-0.00164623
62,75,0.998707,-0.00850357,-0.00167496
62,76,0.998782,-0.00921345,-0.00170249
62,77,0.99886,-0.00991118,-0.00172889
62,78,0.998942,-0.0105955,-0.00175391
62,79,0.999027,-0.0112653,-0.00177758
62,80,0.999116,-0.0119191,-0.00179961
62,81,0.999207,-0.0125557,-0.00182004
62,82,0.999301,-0.0131736,-0.00183853
62,83,0.999398,-0.0137714,-0.0018551
62,84,0.999496,-0.0143477,-0.00186939
62,85,0.999596,-0.0149009,-0.00188139
62,86,0.999697,-0.0154295,-0.00189073
62,87,0.9998,-0.0159318,-0.00189738
62,88,0.999902,-0.0164064,-0.00190096
62,89,1.00001,-0.0168515,-0.00190144
62,90,1.00011,-0.0172655,-0.00189839
62,91,1.00021,-0.0176467,-0.00189183
62,92,1.00031,-0.0179934,-0.0018813
62,93,1.00041,-0.0183039,-0.00186684
62,94,1.00051,-0.0185766,-0.00184799
62,95,1.00061,-0.0188096,-0.00182479
62,96,1.0007,-0.0190014,-0.00179682
62,97,1.00079,-0.0191502,-0.00176416
62,98,1.00088,-0.0192545,-0.00172638
62,99,1.00097,-0.0193125,-0.00168363
62,100,1.00105,-0.0193229,-0.00163552
62,101,1.00113,-0.0192842,-0.00158229
62,102,1.00121,-0.0191952,-0.0015236
62,103,1.00128,-0.0190548,-0.00145978
62,104,1.00135,-0.0188622,-0.00139062
62,105,1.00141,-0.0186169,-0.00131656
62,106,1.00147,-0.0183187,-0.00123753
62,107,1.00153,-0.0179675,-0.00115416
62,108,1.00158,-0.0175638,-0.00106651
62,109,1.00163,-0.0171076,-0.00097542
62,110,1.00167,-0.0165989,-0.000881138
62,111,1.00171,-0.0160369,-0.00078467
62,112,1.00174,-0.0154195,-0.000686443
62,113,1.00177,-0.0147423,-0.000587608
62,114,1.00179,-0.0139986,-0.000488702
62,115,1.00182,-0.0131779,-0.00039097
62,116,1.00183,-0.0122666,-0.000295024
62,117,1.00185,-0.0112478,-0.000202209
62,118,1.00186,-0.0101033,-0.000113345
62,119,1.00186,-0.00881709,-3.02043e-05
62,120,1.00186,-0.00738181,4.55644e-05
62,121,1.00186,-0.00580846,0.000110734
62,122,1.00186,-0.00414138,0.000161351
62,123,1.00185,-0.00247848,0.000190903
62,124,1.00184,-0.000996268,0.000191342
62,125,1.00183,2.37816e-05,0.000152051
62,126,1.00182,0.000177554,6.30087e-05
62,127,1,-0.00343474,0
63,0,1,0,0
63,1,1.00081,-0.000144313,-6.34184e-05
63,2,1.00083,7.25025e-05,-0.000154692
63,3,1.00084,0.00113486,-0.0001995
63,4,1.00085,0.00263761,-0.000208929
63,5,1.00087,0.0043029,-0.000193556
63,6,1.00087,0.00595933,-0.000161481
63,7,1.00088,0.00751395,-0.000118668
63,8,1.00089,0.00892634,-6.89125e-05
63,9,1.00089,0.0101882,-1.48294e-05
63,10,1.00089,0.0113089,4.20866e-05
63,11,1.00088,0.0123053,0.000100642
63,12,1.00088,0.013196,0.00016013
63,13,1.00087,0.0139982,0.00021974
63,14,1.00086,0.0147256,0.000278925
63,15,1.00084,0.0153885,0.000336935
63,16,1.00082,0.0159937,0.000393252
63,17,1.0008,0.0165455,0.00044718
63,18,1.00077,0.0170459,0.000498279
63,19,1.00074,0.0174959,0.000545969
63,20,1.00071,0.0178955,0.000589948
63,21,1.00067,0.0182444,0.000629792
63,22,1.00063,0.0185424,0.000665356
63,23,1.00058,0.0187894,0.000696378
63,24,1.00053,0.0189856,0.000722857
63,25,1.00048,0.0191315,0.000744669
63,26,1.00042,0.0192278,0.000761929
63,27,1.00036,0.0192754,0.000774616
63,28,1.0003,0.0192755,0.000782926
63,29,1.00023,0.0192293,0.000786911
63,30,1.00016,0.0191382,0.000786818
63,31,1.00009,0.0190036,0.000782744
63,32,1.00002,0.0188271,0.000774966
63,33,0.999942,0.0186101,0.00076361
63,34,0.999864,0.0183542,0.000748967
63,35,0.999784,0.0180609,0.000731177
63,36,0.999703,0.0177318,0.000710536
63,37,0.999621,0.0173685,0.000687191
63,38,0.999538,0.0169725,0.000661434
63,39,0.999455,0.0165455,0.000633413
63,40,0.999373,0.0160889,0.000603411
63,41,0.99929,0.0156042,0.000571568
63,42,0.999209,0.0150931,0.000538156
63,43,0.999128,0.014557,0.000503303
63,44,0.999049,0.0139974,0.000467264
63,45,0.998972,0.0134157,0.000430149
63,46,0.998897,0.0128133,0.000392193
63,47,0.998824,0.0121917,0.000353487
63,48,0.998754,0.0115521,0.000314242
63,49,0.998687,0.0108959,0.000274523
63,50,0.998623,0.0102242,0.000234519
63,51,0.998563,0.00953846,0.000194267
63,52,0.998507,0.00883969,0.000153931
63,53,0.998455,0.00812907,0.000113521
63,54,0.998407,0.00740771,7.31753e-05
63,55,0.998363,0.00667667,3.28777e-05
63,56,0.998325,0.00593699,-7.25526e-06
63,57,0.998291,0.00518966,-4.72667e-05
63,58,0.998262,0.00443568,-8.70582e-05
63,59,0.998239,0.00367598,-0.000126696
63,60,0.99822,0.0029115,-0.000166095
63,61,0.998208,0.00214315,-0.000205341
63,62,0.9982,0.00137184,-0.000244357
63,63,0.998198,0.000598464,-0.000283242
63,64,0.998202,-0.000176094,-0.000321922
63,65,0.998211,-0.000950942,-0.000360502
63,66,0.998225,-0.00172519,-0.000398904
63,67,0.998246,-0.00249792,-0.000437236
63,68,0.998271,-0.00326823,-0.000475406
63,69,0.998302,-0.00403518,-0.000513521
63,70,0.998338,-0.00479781,-0.000551467
63,71,0.998379,-0.00555515,-0.000589344
63,72,0.998426,-0.00630618,-0.000627013
63,73,0.998477,-0.00704986,-0.000664561
63,74,0.998532,-0.00778511,-0.000701818
63,75,0.998593,-0.0085108,-0.000738855
63,76,0.998657,-0.00922579,-0.000775468
63,77,0.998725,-0.00992886,-0.000811709
63,78,0.998798,-0.0106188,-0.000847338
63,79,0.998873,-0.0112942,-0.000882389
63,80,0.998952,-0.0119539,-0.000916582
63,81,0.999034,-0.0125964,-0.000949934
63,82,0.999118,-0.0132202,-0.000982126
63,83,0.999205,-0.013824,-0.00101316
63,84,0.999293,-0.0144062,-0.00104269
63,85,0.999383,-0.0149652,-0.00107069
63,86,0.999475,-0.0154994,-0.00109678
63,87,0.999567,-0.0160072,-0.00112094
63,88,0.99966,-0.0164871,-0.00114276
63,89,0.999753,-0.0169372,-0.00116221
63,90,0.999846,-0.0173558,-0.00117885
63,91,0.999938,-0.0177414,-0.00119268
63,92,1.00003,-0.0180921,-0.00120321
63,93,1.00012,-0.0184063,-0.00121046
63,94,1.00021,-0.0186821,-0.00121395
63,95,1.0003,-0.0189179,-0.00121369
63,96,1.00038,-0.019112,-0.00120921
63,97,1.00046,-0.0192626,-0.00120057
63,98,1.00054,-0.0193682,-0.00118728
63,99,1.00062,-0.0194271,-0.00116945
63,100,1.00069,-0.0194378,-0.00114663
63,101,1.00076,-0.0193988,-0.001119
63,102,1.00083,-0.0193089,-0.00108615
63,103,1.00089,-0.019167,-0.00104835
63,104,1.00095,-0.0189724,-0.00100529
63,105,1.00101,-0.0187243,-0.000957364
63,106,1.00106,-0.0184227,-0.000904382
63,107,1.00111,-0.0180674,-0.000846894
63,108,1.00115,-0.0176588,-0.000784872
63,109,1.00119,-0.0171971,-0.000719049
63,110,1.00122,-0.0166821,-0.000649566
63,111,1.00125,-0.0161131,-0.00057734
63,112,1.00128,-0.0154879,-0.000502668
63,113,1.0013,-0.0148024,-0.000426608
63,114,1.00132,-0.0140496,-0.000349562
63,115,1.00134,-0.0132194,-0.000272673
63,116,1.00135,-0.012298,-0.000196407
63,117,1.00136,-0.0112686,-0.000121996
63,118,1.00137,-0.0101129,-5.00945e-05
63,119,1.00137,-0.00881464,1.76592e-05
63,120,1.00137,-0.0073657,7.9816e-05
63,121,1.00137,-0.00577609,0.000133326
63,122,1.00136,-0.00408857,0.000174483
63,123,1.00135,-0.00239899,0.000196973
63,124,1.00134,-0.000881669,0.000192907
63,125,1.00133,0.000183429,0.00015167
63,126,1.00132,0.000390842,6.28442e-05
63,127,1,-0.00343474,0
64,0,1,0,0
64,1,1.00131,-0.000407031,-6.38967e-05
64,2,1.00132,-0.000241039,-0.00015507
64,3,1.00134,0.000781233,-0.000197754
64,4,1.00135,0.00225593,-0.000202603
64,5,1.00136,0.00390392,-0.000180074
64,6,1.00136,0.00555155,-0.000138436
64,7,1.00137,0.0071037,-8.38788e-05
64,8,1.00137,0.00851826,-2.04299e-05
64,9,1.00136,0.00978577,4.90962e-05
64,10,1.00136,0.0109147,0.00012302
64,11,1.00135,0.0119214,0.000199994
64,12,1.00134,0.0128245,0.000279161
64,13,1.00133,0.0136406,0.000359585
64,14,1.00131,0.0143835,0.000440585
64,15,1.00129,0.0150632,0.000521297
64,16,1.00126,0.0156866,0.000601084
64,17,1.00123,0.0162576,0.000679144
64,18,1.0012,0.0167781,0.000754927
64,19,1.00116,0.0172489,0.000827752
64,20,1.00112,0.0176697,0.000897214
64,21,1.00108,0.0180403,0.000962796
64,22,1.00103,0.0183601,0.00102426
64,23,1.00097,0.0186289,0.00108125
64,24,1.00092,0.0188467,0.00113369
64,25,1.00086,0.0190138,0.00118137
64,26,1.00079,0.0191309,0.00122433
64,27,1.00072,0.0191988,0.00126248
64,28,1.00065,0.0192185,0.00129595
64,29,1.00058,0.0191912,0.00132474
64,30,1.0005,0.0191182,0.00134904
64,31,1.00042,0.0190009,0.00136889
64,32,1.00034,0.0188408,0.00138454
64,33,1.00025,0.0186393,0.00139605
64,34,1.00016,0.018398,0.0014037
64,35,1.00007,0.0181183,0.00140759
64,36,0.999982,0.0178018,0.00140799
64,37,0.99989,0.0174501,0.00140502
64,38,0.999798,0.0170649,0.00139896
64,39,0.999705,0.0166475,0.00138992
64,40,0.999612,0.0161997,0.00137819
64,41,0.999519,0.0157229,0.00136389
64,42,0.999428,0.0152188,0.00134728
64,43,0.999337,0.0146889,0.00132848
64,44,0.999248,0.0141346,0.00130774
64,45,0.99916,0.0135575,0.00128517
64,46,0.999075,0.0129591,0.00126099
64,47,0.998992,0.0123408,0.0012353
64,48,0.998911,0.0117039,0.0012083
64,49,0.998834,0.0110499,0.00118006
64,50,0.99876,0.0103799,0.00115077
64,51,0.99869,0.00969546,0.00112047
64,52,0.998623,0.00899764,0.00108932
64,53,0.998561,0.00828767,0.00105733
64,54,0.998502,0.00756671,0.00102464
64,55,0.998449,0.00683589,0.000991246
64,56,0.9984,0.00609626,0.000957259
64,57,0.998356,0.0053489,0.000922639
64,58,0.998317,0.00459481,0.000887486
64,59,0.998283,0.00383497,0.000851737
64,60,0.998255,0.00307036,0.000815478
64,61,0.998232,0.0023019,0.000778626
64,62,0.998214,0.00153053,0.000741257
64,63,0.998202,0.000757139,0.000703275
64,64,0.998196,-1.73622e-05,0.000664754
64,65,0.998195,-0.000792085,0.000625588
64,66,0.998199,-0.00156614,0.000585856
64,67,0.998209,-0.00233862,0.000545449
64,68,0.998225,-0.00310864,0.000504458
64,69,0.998245,-0.00387528,0.000462777
64,70,0.998271,-0.0046376,0.000420514
64,71,0.998303,-0.00539466,0.000377572
64,72,0.998339,-0.00614548,0.000334084
64,73,0.998379,-0.00688905,0.000289965
64,74,0.998425,-0.00762434,0.000245379
64,75,0.998475,-0.00835029,0.000200254
64,76,0.998529,-0.00906577,0.000154792
64,77,0.998587,-0.00976965,0.000108938
64,78,0.998649,-0.0104607,6.29307e-05
64,79,0.998714,-0.0111378,1.67339e-05
64,80,0.998783,-0.0117995,-2.93733e-05
64,81,0.998854,-0.0124446,-7.54099e-05
64,82,0.998928,-0.0130717,-0.000121056
64,83,0.999004,-0.0136794,-0.000166315
64,84,0.999082,-0.0142661,-0.000210827
64,85,0.999162,-0.0148305,-0.000254583
64,86,0.999243,-0.0153709,-0.000297185
64,87,0.999326,-0.0158859,-0.000338617
64,88,0.999408,-0.0163736,-0.000378443
64,89,0.999491,-0.0168327,-0.000416644
64,90,0.999574,-0.0172612,-0.000452754
64,91,0.999657,-0.0176577,-0.000486755
64,92,0.999738,-0.0180203,-0.000518154
64,93,0.999819,-0.0183473,-0.00054694
64,94,0.999898,-0.0186371,-0.0005726
64,95,0.999976,-0.0188879,-0.000595139
64,96,1.00005,-0.0190979,-0.000614029
64,97,1.00012,-0.0192654,-0.000629301
64,98,1.0002,-0.0193888,-0.000640424
64,99,1.00026,-0.0194664,-0.000647468
64,100,1.00033,-0.0194966,-0.000649918
64,101,1.00039,-0.0194779,-0.000647898
64,102,1.00045,-0.019409,-0.000640936
64,103,1.0005,-0.0192886,-0.000629239
64,104,1.00056,-0.0191159,-0.000612408
64,105,1.0006,-0.0188901,-0.000590766
64,106,1.00065,-0.0186108,-0.000564025
64,107,1.00069,-0.0182779,-0.000532662
64,108,1.00072,-0.0178914,-0.000496533
64,109,1.00076,-0.0174514,-0.00045629
64,110,1.00078,-0.0169576,-0.000411951
64,111,1.00081,-0.0164089,-0.000364345
64,112,1.00083,-0.015803,-0.000313635
64,113,1.00085,-0.0151356,-0.000260785
64,114,1.00086,-0.0143996,-0.000206055
64,115,1.00087,-0.0135847,-0.000150482
64,116,1.00088,-0.0126769,-9.43754e-05
64,117,1.00089,-0.0116592,-3.88524e-05
64,118,1.00089,-0.010513,1.56086e-05
64,119,1.00089,-0.00922148,6.75106e-05
64,120,1.00088,-0.00777588,0.000115612
64,121,1.00088,-0.00618496,0.00015705
64,122,1.00087,-0.00448983,0.000188365
64,123,1.00086,-0.00278418,0.00020345
64,124,1.00085,-0.00124007,0.000194648
64,125,1.00083,-0.000136004,0.00015123
64,126,1.00082,0.000121623,6.21297e-05
64,127,1,-0.00343474,0
65,0,1,0,0
65,1,1.00181,-0.000200593,-6.41368e-05
65,2,1.00182,-8.83506e-05,-0.000155243
65,3,1.00183,0.000888532,-0.000196111
65,4,1.00184,0.00232793,-0.000196635
65,5,1.00185,0.00394929,-0.000167268
65,6,1.00186,0.00557677,-0.000116445
65,7,1.00186,0.00711312,-5.05596e-05
65,8,1.00186,0.00851455,2.61376e-05
65,9,1.00185,0.00977049,0.000110638
65,10,1.00184,0.0108887,0.000201085
65,11,1.00183,0.0118854,0.000295985
65,12,1.00181,0.0127787,0.00039434
65,13,1.00179,0.0135855,0.000495091
65,14,1.00177,0.0143196,0.000597432
65,15,1.00174,0.0149911,0.000700391
65,16,1.00171,0.0156067,0.000803217
65,17,1.00167,0.0161706,0.000905004
65,18,1.00163,0.0166847,0.00100509
65,19,1.00159,0.0171497,0.00110271
65,20,1.00154,0.0175655,0.00119735
65,21,1.00149,0.0179316,0.0012884
65,22,1.00143,0.0182477,0.00137552
65,23,1.00137,0.0185133,0.00145829
65,24,1.0013,0.0187286,0.00153652
65,25,1.00123,0.0188938,0.00160994
65,26,1.00116,0.0190095,0.00167851
65,27,1.00108,0.0190766,0.00174207
65,28,1.001,0.019096,0.00180068
65,29,1.00092,0.019069,0.00185427
65,30,1.00083,0.0189969,0.00190298
65,31,1.00074,0.0188809,0.00194682
65,32,1.00064,0.0187226,0.00198596
65,33,1.00055,0.0185234,0.00202045
65,34,1.00045,0.0182848,0.00205051
65,35,1.00035,0.0180083,0.00207622
65,36,1.00025,0.0176955,0.00209781
65,37,1.00015,0.0173479,0.00211538
65,38,1.00005,0.016967,0.00212919
65,39,0.999944,0.0165544,0.00213933
65,40,0.999842,0.0161117,0.00214607
65,41,0.999739,0.0156403,0.00214952
65,42,0.999638,0.0151418,0.00214993
65,43,0.999537,0.0146177,0.0021474
65,44,0.999438,0.0140694,0.00214218
65,45,0.999341,0.0134984,0.00213437
65,46,0.999246,0.0129062,0.0021242
65,47,0.999153,0.012294,0.00211174
65,48,0.999063,0.0116633,0.00209721
65,49,0.998976,0.0110154,0.00208067
65,50,0.998892,0.0103515,0.00206231
65,51,0.998812,0.00967289,0.00204217
65,52,0.998736,0.00898075,0.00202042
65,53,0.998663,0.00827623,0.00199706
65,54,0.998596,0.00756046,0.00197224
65,55,0.998532,0.00683453,0.00194595
65,56,0.998474,0.00609947,0.00191831
65,57,0.99842,0.00535632,0.00188928
65,58,0.998371,0.00460607,0.00185896
65,59,0.998328,0.00384966,0.00182729
65,60,0.99829,0.00308806,0.00179436
65,61,0.998257,0.00232218,0.00176009
65,62,0.99823,0.00155293,0.00172455
65,63,0.998208,0.000781219,0.00168766
65,64,0.998192,7.92602e-06,0.00164948
65,65,0.998181,-0.000766053,0.00160992
65,66,0.998175,-0.00153983,0.00156905
65,67,0.998176,-0.0023125,0.00152676
65,68,0.998181,-0.00308315,0.00148314
65,69,0.998192,-0.00385087,0.00143809
65,70,0.998208,-0.0046147,0.00139171
65,71,0.99823,-0.00537369,0.00134391
65,72,0.998256,-0.00612682,0.00129482
65,73,0.998287,-0.00687309,0.00124435
65,74,0.998323,-0.00761141,0.00119266
65,75,0.998363,-0.00834071,0.00113968
65,76,0.998407,-0.00905983,0.0010856
65,77,0.998455,-0.00976758,0.00103038
65,78,0.998507,-0.0104628,0.00097425
65,79,0.998563,-0.0111441,0.000917167
65,80,0.998621,-0.0118102,0.000859411
65,81,0.998683,-0.0124598,0.000800963
65,82,0.998747,-0.0130914,0.000742141
65,83,0.998813,-0.0137036,0.000682942
65,84,0.998882,-0.0142948,0.000623728
65,85,0.998951,-0.0148636,0.000564507
65,86,0.999023,-0.0154084,0.000505684
65,87,0.999095,-0.0159274,0.000447278
65,88,0.999168,-0.0164191,0.000389731
65,89,0.999241,-0.0168819,0.00033307
65,90,0.999313,-0.0173139,0.000277775
65,91,0.999386,-0.0177135,0.000223873
65,92,0.999458,-0.0180789,0.000171877
65,93,0.999528,-0.0184085,0.000121811
65,94,0.999598,-0.0187004,7.4219e-05
65,95,0.999665,-0.0189529,2.9114e-05
65,96,0.999731,-0.0191643,-1.29381e-05
65,97,0.999795,-0.0193329,-5.19406e-05
65,98,0.999856,-0.0194569,-8.73158e-05
65,99,0.999914,-0.0195347,-0.000119096
65,100,0.999969,-0.0195646,-0.000146708
65,101,1.00002,-0.0195452,-0.00017023
65,102,1.00007,-0.0194752,-0.000189116
65,103,1.00012,-0.0193532,-0.00020352
65,104,1.00016,-0.0191784,-0.000212952
65,105,1.0002,-0.01895,-0.000217675
65,106,1.00023,-0.0186676,-0.000217298
65,107,1.00026,-0.0183311,-0.000212224
65,108,1.00029,-0.0179404,-0.000202196
65,109,1.00032,-0.0174956,-0.000187784
65,110,1.00034,-0.0169963,-0.000168883
65,111,1.00036,-0.0164417,-0.000146229
65,112,1.00037,-0.0158293,-0.000119853
65,113,1.00038,-0.0151549,-9.06188e-05
65,114,1.00039,-0.0144115,-5.86408e-05
65,115,1.0004,-0.0135887,-2.48474e-05
65,116,1.0004,-0.0126728,1.06102e-05
65,117,1.0004,-0.0116468,4.67395e-05
65,118,1.0004,-0.0104918,8.32428e-05
65,119,1.00039,-0.00919095,0.000118774
65,120,1.00039,-0.00773478,0.000152313
65,121,1.00038,-0.00613112,0.000181197
65,122,1.00037,-0.00441953,0.000202251
65,123,1.00036,-0.00269168,0.000209617
65,124,1.00035,-0.00111723,0.000195836
65,125,1.00033,2.73328e-05,0.000150261
65,126,1.00032,0.000335492,6.17727e-05
65,127,1,-0.00343474,0
66,0,1,0,0
66,1,1.0023,-0.000462199,-6.41683e-05
66,2,1.00232,-0.000403391,-0.00015507
66,3,1.00233,0.000528739,-0.000193907
66,4,1.00234,0.00193471,-0.000190298
66,5,1.00234,0.00353339,-0.000154473
66,6,1.00234,0.00514701,-9.49339e-05
66,7,1.00234,0.00667623,-1.82637e-05
66,8,1.00233,0.00807558,7.10877e-05
66,9,1.00232,0.00933326,0.000169942
66,10,1.00231,0.0104562,0.000276279
66,11,1.00229,0.0114601,0.000388467
66,12,1.00227,0.0123628,0.000505375
66,13,1.00225,0.013181,0.000625828
66,14,1.00222,0.0139283,0.000748902
66,15,1.00219,0.0146146,0.00087352
66,16,1.00215,0.0152467,0.000998821
66,17,1.00211,0.0158283,0.0011238
66,18,1.00206,0.0163613,0.0012477
66,19,1.00201,0.0168462,0.00136964
66,20,1.00195,0.0172826,0.00148903
66,21,1.00189,0.0176698,0.00160516
66,22,1.00183,0.0180074,0.0017176
66,23,1.00176,0.0182947,0.00182584
66,24,1.00169,0.0185317,0.00192961
66,25,1.00161,0.0187185,0.00202856
66,26,1.00153,0.0188555,0.00212255
66,27,1.00144,0.0189435,0.00221138
66,28,1.00135,0.0189833,0.00229502
66,29,1.00126,0.0189761,0.00237336
66,30,1.00116,0.0189231,0.00244646
66,31,1.00106,0.0188255,0.00251428
66,32,1.00096,0.0186848,0.00257695
66,33,1.00086,0.0185024,0.00263447
66,34,1.00075,0.0182797,0.00268703
66,35,1.00064,0.0180182,0.00273465
66,36,1.00053,0.0177194,0.00277756
66,37,1.00042,0.017385,0.00281581
66,38,1.00031,0.0170163,0.00284964
66,39,1.00019,0.0166151,0.00287913
66,40,1.00008,0.0161827,0.00290452
66,41,0.999969,0.0157209,0.0029259
66,42,0.999858,0.015231,0.00294352
66,43,0.999747,0.0147147,0.00295746
66,44,0.999638,0.0141735,0.00296797
66,45,0.999531,0.0136089,0.00297512
66,46,0.999425,0.0130223,0.00297916
66,47,0.999322,0.0124151,0.00298014
66,48,0.999222,0.0117888,0.00297829
66,49,0.999125,0.0111448,0.00297366
66,50,0.999031,0.0104843,0.00296644
66,51,0.99894,0.00980863,0.00295667
66,52,0.998854,0.0091191,0.00294451
66,53,0.998772,0.0084169,0.00292998
66,54,0.998694,0.00770319,0.00291322
66,55,0.99862,0.00697911,0.00289423
66,56,0.998552,0.00624575,0.00287312
66,57,0.998488,0.00550418,0.00284987
66,58,0.998429,0.00475543,0.00282457
66,59,0.998376,0.00400049,0.00279717
66,60,0.998327,0.00324035,0.00276775
66,61,0.998284,0.00247594,0.00273625
66,62,0.998247,0.00170821,0.00270273
66,63,0.998215,0.00093806,0.00266712
66,64,0.998189,0.000166398,0.00262947
66,65,0.998168,-0.000605882,0.0025897
66,66,0.998153,-0.00137789,0.00254788
66,67,0.998143,-0.00214873,0.0025039
66,68,0.998138,-0.00291752,0.00245786
66,69,0.998139,-0.00368333,0.00240965
66,70,0.998145,-0.00444525,0.00235937
66,71,0.998156,-0.00520235,0.00230694
66,72,0.998172,-0.00595366,0.00225246
66,73,0.998193,-0.00669819,0.00219587
66,74,0.998218,-0.00743493,0.00213732
66,75,0.998248,-0.00816282,0.00207673
66,76,0.998282,-0.00888078,0.0020143
66,77,0.99832,-0.00958767,0.00194998
66,78,0.998361,-0.0102823,0.00188398
66,79,0.998406,-0.0109635,0.00181629
66,80,0.998455,-0.01163,0.00174717
66,81,0.998506,-0.0122805,0.0016766
66,82,0.99856,-0.0129137,0.00160489
66,83,0.998615,-0.013528,0.00153205
66,84,0.998673,-0.0141221,0.00145844
66,85,0.998733,-0.0146946,0.00138406
66,86,0.998794,-0.0152438,0.00130932
66,87,0.998856,-0.0157682,0.00123424
66,88,0.998918,-0.0162662,0.00115928
66,89,0.998981,-0.0167362,0.00108447
66,90,0.999044,-0.0171764,0.00101029
66,91,0.999107,-0.0175853,0.000936779
66,92,0.999168,-0.017961,0.000864474
66,93,0.999229,-0.0183019,0.00079341
66,94,0.999289,-0.0186063,0.000724155
66,95,0.999347,-0.0188723,0.000656741
66,96,0.999404,-0.0190982,0.000591769
66,97,0.999458,-0.0192823,0.000529262
66,98,0.99951,-0.0194229,0.000469842
66,99,0.999559,-0.0195182,0.000413511
66,100,0.999606,-0.0195667,0.0003609
66,101,0.99965,-0.0195666,0.000311973
66,102,0.999691,-0.0195167,0.000267348
66,103,0.999729,-0.0194156,0.000226923
66,104,0.999763,-0.0192622,0.000191272
66,105,0.999794,-0.0190557,0.000160198
66,106,0.999822,-0.0187956,0.00013419
66,107,0.999847,-0.0184815,0.000112918
66,108,0.999868,-0.0181133,9.67507e-05
66,109,0.999886,-0.0176908,8.5201e-05
66,110,0.999901,-0.0172135,7.84993e-05
66,111,0.999913,-0.0166803,7.59996e-05
66,112,0.999921,-0.0160886,7.78087e-05
66,113,0.999927,-0.015434,8.31625e-05
66,114,0.99993,-0.0147093,9.20972e-05
66,115,0.999931,-0.0139042,0.000103796
66,116,0.999929,-0.0130045,0.000118274
66,117,0.999926,-0.0119931,0.000134667
66,118,0.99992,-0.0108511,0.000152865
66,119,0.999912,-0.00956086,0.000171679
66,120,0.999902,-0.0081123,0.000190318
66,121,0.999891,-0.00651209,0.00020633
66,122,0.999878,-0.00479816,0.000216821
66,123,0.999864,-0.00305996,0.000216172
66,124,0.999849,-0.00146468,0.000197243
66,125,0.999833,-0.000286685,0.000149368
66,126,0.999817,6.78043e-05,6.06965e-05
66,127,1,-0.00343474,0
67,0,1,0,0
67,1,1.0028,-0.000257542,-6.42134e-05
67,2,1.00281,-0.000254262,-0.000154533
67,3,1.00282,0.000628903,-0.000191752
67,4,1.00283,0.00199551,-0.000184321
67,5,1.00283,0.00356364,-0.00014238
67,6,1.00283,0.00515354,-7.45666e-05
67,7,1.00283,0.00666379,1.23948e-05
67,8,1.00282,0.00804723,0.000113869
67,9,1.00281,0.00929086,0.000226509
67,10,1.00279,0.0104009,0.000348139
67,11,1.00277,0.0113927,0.000477002
67,12,1.00274,0.0122839,0.000611839
67,13,1.00271,0.0130911,0.000751368
67,14,1.00268,0.013828,0.000894553
67,15,1.00264,0.0145047,0.00104022
67,16,1.00259,0.0151278,0.0011874
67,17,1.00255,0.0157012,0.001335
67,18,1.00249,0.0162267,0.00148216
67,19,1.00243,0.016705,0.00162792
67,20,1.00237,0.0171355,0.00177157
67,21,1.0023,0.0175177,0.00191234
67,22,1.00223,0.017851,0.00204969
67,23,1.00215,0.0181348,0.00218302
67,24,1.00207,0.018369,0.002312
67,25,1.00198,0.0185537,0.00243617
67,26,1.00189,0.0186894,0.00255534
67,27,1.0018,0.0187767,0.00266921
67,28,1.0017,0.0188166,0.00277771
67,29,1.00159,0.01881,0.00288064
67,30,1.00149,0.0187582,0.00297802
67,31,1.00138,0.0186626,0.00306974
67,32,1.00127,0.0185243,0.00315588
67,33,1.00115,0.0183449,0.00323641
67,34,1.00104,0.0181258,0.00331145
67,35,1.00092,0.0178684,0.00338102
67,36,1.0008,0.0175743,0.00344529
67,37,1.00068,0.0172449,0.00350429
67,38,1.00056,0.0168818,0.00355823
67,39,1.00043,0.0164864,0.00360716
67,40,1.00031,0.0160603,0.00365132
67,41,1.00019,0.015605,0.00369076
67,42,1.00007,0.015122,0.00372572
67,43,0.999948,0.0146128,0.00375628
67,44,0.999829,0.0140789,0.00378267
67,45,0.999712,0.0135217,0.00380496
67,46,0.999597,0.0129425,0.00382337
67,47,0.999485,0.0123429,0.00383797
67,48,0.999375,0.0117242,0.00384897
67,49,0.999268,0.0110877,0.00385643
67,50,0.999165,0.0104346,0.00386053
67,51,0.999065,0.00976627,0.0038613
67,52,0.998969,0.00908386,0.00385893
67,53,0.998877,0.00838855,0.00385341
67,54,0.998789,0.00768149,0.0038449
67,55,0.998706,0.00696377,0.00383339
67,56,0.998628,0.00623645,0.003819
67,57,0.998554,0.00550057,0.00380171
67,58,0.998486,0.00475714,0.00378161
67,59,0.998423,0.00400712,0.00375865
67,60,0.998365,0.00325148,0.00373294
67,61,0.998312,0.00249115,0.00370438
67,62,0.998265,0.00172704,0.00367307
67,63,0.998224,0.000960066,0.00363892
67,64,0.998187,0.000191113,0.003602
67,65,0.998157,-0.000578925,0.00356221
67,66,0.998132,-0.00134916,0.00351964
67,67,0.998112,-0.00211869,0.00347418
67,68,0.998098,-0.00288661,0.00342592
67,69,0.998089,-0.00365202,0.00337476
67,70,0.998085,-0.00441397,0.0033208
67,71,0.998086,-0.00517151,0.00326395
67,72,0.998093,-0.00592365,0.00320433
67,73,0.998104,-0.00666939,0.00314186
67,74,0.998119,-0.00740769,0.00307669
67,75,0.998139,-0.00813746,0.00300875
67,76,0.998163,-0.00885758,0.00293823
67,77,0.998191,-0.00956688,0.00286508
67,78,0.998223,-0.0102642,0.00278951
67,79,0.998258,-0.0109482,0.00271151
67,80,0.998297,-0.0116176,0.00263132
67,81,0.998338,-0.0122711,0.00254894
67,82,0.998382,-0.0129073,0.00246467
67,83,0.998428,-0.0135248,0.00237852
67,84,0.998476,-0.014122,0.00229084
67,85,0.998525,-0.0146974,0.00220165
67,86,0.998576,-0.0152495,0.00211135
67,87,0.998628,-0.0157767,0.00201996
67,88,0.998681,-0.0162772,0.00192794
67,89,0.998733,-0.0167495,0.00183533
67,90,0.998786,-0.0171919,0.00174263
67,91,0.998839,-0.0176026,0.00164988
67,92,0.998891,-0.0179799,0.00155762
67,93,0.998941,-0.0183221,0.00146591
67,94,0.998991,-0.0186274,0.00137534
67,95,0.999039,-0.0188941,0.00128595
67,96,0.999086,-0.0191204,0.00119838
67,97,0.99913,-0.0193045,0.00111268
67,98,0.999172,-0.0194448,0.0010295
67,99,0.999212,-0.0195395,0.000948892
67,100,0.999249,-0.019587,0.000871529
67,101,0.999283,-0.0195857,0.000797419
67,102,0.999315,-0.0195342,0.000727247
67,103,0.999343,-0.0194312,0.000660962
67,104,0.999369,-0.0192755,0.000599222
67,105,0.999391,-0.0190664,0.000541888
67,106,0.99941,-0.0188033,0.000489547
67,107,0.999427,-0.0184858,0.000441941
67,108,0.99944,-0.0181138,0.000399552
67,109,0.99945,-0.0176871,0.000361971
67,110,0.999457,-0.0172052,0.000329555
67,111,0.999462,-0.016667,0.00030175
67,112,0.999464,-0.0160699,0.000278799
67,113,0.999464,-0.0154096,0.000260042
67,114,0.999461,-0.0146791,0.000245666
67,115,0.999457,-0.0138678,0.000234969
67,116,0.99945,-0.0129621,0.000228133
67,117,0.999442,-0.0119445,0.000224429
67,118,0.999432,-0.0107962,0.000223939
67,119,0.999421,-0.00949945,0.000225641
67,120,0.999409,-0.00804355,0.000228982
67,121,0.999396,-0.0064343,0.000231732
67,122,0.999382,-0.00470817,0.000231314
67,123,0.999368,-0.00295259,0.000222405
67,124,0.999352,-0.00133223,0.000198099
67,125,0.999337,-0.000118955,0.000147884
67,126,0.99932,0.000282038,6.01505e-05
67,127,1,-0.00343474,0
68,0,1,0,0
68,1,1.00329,-0.000516399,-6.37484e-05
68,2,1.0033,-0.00056816,-0.000153764
68,3,1.00331,0.000266351,-0.000189039
68,4,1.00331,0.00159469,-0.000177954
68,5,1.00331,0.00313512,-0.000130326
68,6,1.00331,0.0047063,-5.47488e-05
68,7,1.0033,0.0062049,4.19047e-05
68,8,1.00329,0.00758206,0.000154834
68,9,1.00327,0.00882354,0.000280554
68,10,1.00325,0.00993474,0.000416747
68,11,1.00323,0.0109304,0.000561538
68,12,1.0032,0.011828,0.000713549
68,13,1.00316,0.0126439,0.000871398
68,14,1.00312,0.0133915,0.00103395
68,15,1.00308,0.0140808,0.00119992
68,16,1.00303,0.0147183,0.00136827
68,17,1.00297,0.0153078,0.00153779
68,18,1.00291,0.0158508,0.00170754
68,19,1.00285,0.0163476,0.00187648
68,20,1.00278,0.0167978,0.0020438
68,21,1.0027,0.0172005,0.00220863
68,22,1.00262,0.0175547,0.00237037
68,23,1.00254,0.0178599,0.00252833
68,24,1.00245,0.0181157,0.00268207
68,25,1.00235,0.0183221,0.00283108
68,26,1.00225,0.0184793,0.00297508
68,27,1.00215,0.0185879,0.0031137
68,28,1.00204,0.0186487,0.00324679
68,29,1.00193,0.0186627,0.00337409
68,30,1.00182,0.0186309,0.00349556
68,31,1.0017,0.0185546,0.00361103
68,32,1.00158,0.018435,0.00372054
68,33,1.00146,0.0182735,0.003824
68,34,1.00133,0.0180715,0.00392149
68,35,1.00121,0.0178304,0.00401298
68,36,1.00108,0.0175517,0.00409861
68,37,1.00095,0.0172369,0.0041784
68,38,1.00081,0.0168875,0.00425249
68,39,1.00068,0.0165049,0.00432095
68,40,1.00055,0.0160908,0.00438395
68,41,1.00042,0.0156466,0.00444156
68,42,1.00029,0.0151739,0.00449398
68,43,1.00016,0.0146742,0.00454129
68,44,1.00003,0.014149,0.00458369
68,45,0.999903,0.0135997,0.00462126
68,46,0.999778,0.0130279,0.0046542
68,47,0.999655,0.012435,0.00468258
68,48,0.999535,0.0118224,0.0047066
68,49,0.999418,0.0111914,0.00472631
68,50,0.999305,0.0105434,0.00474189
68,51,0.999195,0.00987976,0.00475339
68,52,0.999089,0.00920165,0.00476096
68,53,0.998987,0.00851032,0.00476463
68,54,0.998889,0.00780697,0.00476454
68,55,0.998796,0.00709275,0.00476069
68,56,0.998708,0.00636877,0.00475319
68,57,0.998625,0.0056361,0.00474203
68,58,0.998546,0.00489578,0.00472732
68,59,0.998473,0.00414884,0.00470899
68,60,0.998405,0.00339625,0.00468716
68,61,0.998343,0.00263899,0.00466174
68,62,0.998286,0.00187797,0.00463282
68,63,0.998234,0.00111414,0.00460032
68,64,0.998188,0.000348387,0.00456431
68,65,0.998147,-0.000418383,0.00452472
68,66,0.998112,-0.00118528,0.0044816
68,67,0.998082,-0.00195142,0.00443487
68,68,0.998058,-0.0027159,0.0043846
68,69,0.998039,-0.00347782,0.00433072
68,70,0.998025,-0.00423628,0.00427331
68,71,0.998016,-0.00499035,0.00421228
68,72,0.998012,-0.00573907,0.00414776
68,73,0.998013,-0.00648148,0.00407967
68,74,0.998018,-0.00721657,0.00400815
68,75,0.998028,-0.00794331,0.00393314
68,76,0.998042,-0.00866063,0.00385481
68,77,0.99806,-0.00936742,0.00377312
68,78,0.998081,-0.0100625,0.00368829
68,79,0.998106,-0.0107448,0.00360028
68,80,0.998134,-0.0114129,0.00350936
68,81,0.998165,-0.0120657,0.0034155
68,82,0.998198,-0.0127017,0.00331901
68,83,0.998234,-0.0133196,0.00321989
68,84,0.998271,-0.0139179,0.0031185
68,85,0.998311,-0.0144953,0.00301485
68,86,0.998351,-0.0150502,0.00290934
68,87,0.998393,-0.015581,0.00280201
68,88,0.998435,-0.0160861,0.00269331
68,89,0.998478,-0.016564,0.00258328
68,90,0.99852,-0.0170129,0.00247242
68,91,0.998563,-0.0174312,0.0023608
68,92,0.998605,-0.0178172,0.00224896
68,93,0.998646,-0.0181691,0.00213697
68,94,0.998686,-0.0184853,0.00202544
68,95,0.998724,-0.0187639,0.00191444
68,96,0.998762,-0.0190033,0.00180462
68,97,0.998797,-0.0192016,0.00169606
68,98,0.99883,-0.0193571,0.00158946
68,99,0.998861,-0.0194681,0.00148488
68,100,0.998889,-0.0195329,0.00138306
68,101,0.998915,-0.0195499,0.00128404
68,102,0.998938,-0.0195175,0.00118857
68,103,0.998959,-0.0194345,0.00109666
68,104,0.998976,-0.0192997,0.00100903
68,105,0.998991,-0.019112,0.000925614
68,106,0.999003,-0.0188708,0.000847087
68,107,0.999012,-0.0185756,0.000773262
68,108,0.999018,-0.0182262,0.000704731
68,109,0.999022,-0.0178221,0.000641166
68,110,0.999023,-0.0173628,0.000583049
68,111,0.999022,-0.0168468,0.000529916
68,112,0.999018,-0.0162716,0.00048215
68,113,0.999012,-0.0156326,0.000439193
68,114,0.999005,-0.0149225,0.000401386
68,115,0.998995,-0.014131,0.000368146
68,116,0.998984,-0.0132439,0.000339826
68,117,0.998972,-0.0122439,0.000315833
68,118,0.998958,-0.0111117,0.000296451
68,119,0.998943,-0.0098293,0.000280825
68,120,0.998928,-0.00838522,0.000268651
68,121,0.998911,-0.00678417,0.000257929
68,122,0.998894,-0.00506104,0.000246393
68,123,0.998877,-0.00330104,0.00022899
68,124,0.99886,-0.00166613,0.000199202
68,125,0.998843,-0.000425511,0.000146587
68,126,0.998826,1.70853e-05,5.87712e-05
68,127,1,-0.00343474,0
69,0,1,0,0
69,1,1.00378,-0.000314105,-6.3609e-05
69,2,1.00379,-0.000422142,-0.000152458
69,3,1.0038,0.000360654,-0.000186311
69,4,1.0038,0.00164618,-0.000171936
69,5,1.0038,0.00315261,-0.000118973
69,6,1.00379,0.00469688,-3.61214e-05
69,7,1.00378,0.00617365,6.96687e-05
69,8,1.00377,0.00753235,0.000193452
69,9,1.00375,0.00875748,0.000331602
69,10,1.00372,0.00985371,0.000481669
69,11,1.00369,0.0108353,0.00064167
69,12,1.00366,0.0117196,0.000810117
69,13,1.00362,0.0125229,0.000985537
69,14,1.00357,0.0132587,0.00116669
69,15,1.00352,0.013937,0.00135223
69,16,1.00347,0.0145642,0.00154099
69,17,1.0034,0.0151442,0.00173171
69,18,1.00334,0.0156787,0.00192335
69,19,1.00326,0.016168,0.00211478
69,20,1.00319,0.0166114,0.00230512
69,21,1.0031,0.0170082,0.00249341
69,22,1.00302,0.0173576,0.00267896
69,23,1.00292,0.0176587,0.00286099
69,24,1.00282,0.0179113,0.003039
69,25,1.00272,0.0181153,0.00321238
69,26,1.00261,0.018271,0.00338079
69,27,1.0025,0.0183789,0.00354377
69,28,1.00239,0.0184398,0.0037011
69,29,1.00227,0.0184546,0.00385247
69,30,1.00214,0.0184243,0.00399776
69,31,1.00202,0.0183503,0.00413676
69,32,1.00189,0.0182336,0.00426944
69,33,1.00175,0.0180757,0.00439566
69,34,1.00162,0.017878,0.00451547
69,35,1.00148,0.0176417,0.00462879
69,36,1.00134,0.0173685,0.00473572
69,37,1.0012,0.0170596,0.00483623
69,38,1.00106,0.0167166,0.00493047
69,39,1.00092,0.0163409,0.00501844
69,40,1.00078,0.0159341,0.00510031
69,41,1.00064,0.0154976,0.00517613
69,42,1.0005,0.0150329,0.00524607
69,43,1.00036,0.0145414,0.0053102
69,44,1.00022,0.0140247,0.00536871
69,45,1.00008,0.0134841,0.00542165
69,46,0.99995,0.0129211,0.00546923
69,47,0.999818,0.012337,0.0055115
69,48,0.999689,0.0117333,0.00554866
69,49,0.999563,0.0111111,0.00558076
69,50,0.99944,0.010472,0.00560797
69,51,0.99932,0.00981696,0.00563034
69,52,0.999205,0.00914736,0.00564802
69,53,0.999094,0.00846436,0.00566103
69,54,0.998987,0.00776908,0.00566952
69,55,0.998884,0.00706266,0.00567349
69,56,0.998786,0.00634616,0.00567306
69,57,0.998693,0.00562064,0.00566821
69,58,0.998606,0.00488711,0.00565905
69,59,0.998523,0.00414656,0.00564553
69,60,0.998445,0.00339995,0.00562775
69,61,0.998373,0.00264823,0.00560565
69,62,0.998307,0.00189232,0.00557932
69,63,0.998246,0.00113314,0.00554866
69,64,0.99819,0.000371573,0.00551377
69,65,0.99814,-0.000391477,0.00547456
69,66,0.998095,-0.00115512,0.00543111
69,67,0.998056,-0.00191847,0.00538332
69,68,0.998021,-0.00268063,0.00533127
69,69,0.997993,-0.00344067,0.00527489
69,70,0.997969,-0.00419769,0.00521427
69,71,0.997951,-0.00495073,0.00514931
69,72,0.997937,-0.00569883,0.00508015
69,73,0.997928,-0.00644099,0.0050067
69,74,0.997923,-0.00717618,0.0049291
69,75,0.997923,-0.00790334,0.0048473
69,76,0.997927,-0.00862137,0.00476146
69,77,0.997935,-0.00932912,0.00467155
69,78,0.997947,-0.0100254,0.00457776
69,79,0.997962,-0.010709,0.00448008
69,80,0.99798,-0.0113786,0.00437875
69,81,0.998001,-0.0120329,0.00427376
69,82,0.998024,-0.0126706,0.00416541
69,83,0.99805,-0.0132901,0.0040537
69,84,0.998078,-0.0138901,0.00393898
69,85,0.998107,-0.014469,0.00382127
69,86,0.998138,-0.0150253,0.00370097
69,87,0.998169,-0.0155574,0.0035781
69,88,0.998202,-0.0160637,0.00345313
69,89,0.998234,-0.0165425,0.0033261
69,90,0.998267,-0.0169921,0.00319753
69,91,0.998299,-0.0174109,0.00306746
69,92,0.998331,-0.0177971,0.00293648
69,93,0.998362,-0.0181491,0.00280465
69,94,0.998392,-0.0184649,0.0026726
69,95,0.998421,-0.018743,0.00254041
69,96,0.998448,-0.0189816,0.00240877
69,97,0.998473,-0.0191788,0.00227776
69,98,0.998496,-0.019333,0.00214814
69,99,0.998518,-0.0194425,0.00201998
69,100,0.998536,-0.0195055,0.00189408
69,101,0.998553,-0.0195205,0.00177051
69,102,0.998567,-0.0194859,0.00165008
69,103,0.998578,-0.0194005,0.00153285
69,104,0.998586,-0.019263,0.00141962
69,105,0.998592,-0.0190725,0.00131037
69,106,0.998596,-0.0188282,0.00120588
69,107,0.998596,-0.0185298,0.00110602
69,108,0.998595,-0.0181768,0.00101149
69,109,0.998591,-0.017769,0.000922056
69,110,0.998584,-0.0173056,0.000838306
69,111,0.998576,-0.0167854,0.000759873
69,112,0.998566,-0.0162059,0.00068728
69,113,0.998554,-0.0155624,0.000620071
69,114,0.99854,-0.0148479,0.000558741
69,115,0.998526,-0.0140519,0.000502825
69,116,0.99851,-0.0131606,0.000452853
69,117,0.998493,-0.0121567,0.000408367
69,118,0.998476,-0.0110208,0.000369856
69,119,0.998458,-0.00973466,0.000336643
69,120,0.99844,-0.00828655,0.000308677
69,121,0.998422,-0.00668029,0.0002842
69,122,0.998404,-0.00494941,0.000261287
69,123,0.998387,-0.00317713,0.00023522
69,124,0.99837,-0.00152278,0.000199754
69,125,0.998353,-0.000252662,0.000144659
69,126,0.998336,0.000231595,5.80438e-05
69,127,1,-0.00343474,0
70,0,1,0,0
70,1,1.00426,-0.00056843,-6.26049e-05
70,2,1.00427,-0.000732082,-0.000151058
70,3,1.00428,-1.01426e-06,-0.000183036
70,4,1.00428,0.00124201,-0.000165501
70,5,1.00427,0.00271614,-0.00010767
70,6,1.00426,0.00423715,-1.80802e-05
70,7,1.00425,0.0056979,9.62097e-05
70,8,1.00423,0.00704621,0.000230126
70,9,1.00421,0.00826534,0.000379935
70,10,1.00418,0.00935911,0.000543067
70,11,1.00414,0.0103413,0.00071744
70,12,1.0041,0.0112288,0.000901468
70,13,1.00406,0.0120379,0.00109359
70,14,1.00401,0.0127818,0.00129248
70,15,1.00395,0.0134702,0.00149671
70,16,1.00389,0.0141097,0.00170503
70,17,1.00382,0.0147039,0.00191611
70,18,1.00375,0.0152541,0.00212882
70,19,1.00367,0.0157605,0.00234195
70,20,1.00359,0.0162223,0.00255453
70,21,1.0035,0.0166385,0.00276555
70,22,1.0034,0.0170081,0.00297421
70,23,1.0033,0.01733,0.00317968
70,24,1.0032,0.0176038,0.00338134
70,25,1.00309,0.0178293,0.00357854
70,26,1.00297,0.0180066,0.00377082
70,27,1.00285,0.018136,0.0039577
70,28,1.00273,0.0182182,0.00413885
70,29,1.0026,0.0182539,0.00431391
70,30,1.00247,0.0182443,0.00448268
70,31,1.00233,0.0181903,0.00464491
70,32,1.00219,0.0180932,0.0048005
70,33,1.00205,0.0179542,0.00494927
70,34,1.00191,0.0177746,0.00509121
70,35,1.00176,0.0175558,0.00522621
70,36,1.00162,0.0172993,0.00535432
70,37,1.00147,0.0170063,0.00547548
70,38,1.00132,0.0166783,0.00558979
70,39,1.00117,0.0163169,0.00569725
70,40,1.00102,0.0159235,0.00579799
70,41,1.00087,0.0154997,0.00589202
70,42,1.00072,0.0150468,0.00597952
70,43,1.00057,0.0145664,0.00606052
70,44,1.00042,0.01406,0.00613519
70,45,1.00027,0.013529,0.00620359
70,46,1.00013,0.012975,0.0062659
70,47,0.999989,0.0123993,0.00632217
70,48,0.99985,0.0118033,0.00637259
70,49,0.999714,0.0111884,0.00641719
70,50,0.999581,0.010556,0.00645616
70,51,0.999452,0.0099073,0.00648953
70,52,0.999327,0.00924366,0.00651746
70,53,0.999206,0.0085663,0.00653996
70,54,0.999089,0.00787639,0.00655719
70,55,0.998976,0.00717511,0.00656914
70,56,0.998869,0.00646358,0.00657593
70,57,0.998766,0.00574289,0.00657756
70,58,0.998668,0.0050141,0.00657412
70,59,0.998576,0.00427822,0.00656559
70,60,0.998489,0.00353626,0.00655206
70,61,0.998407,0.00278919,0.00653346
70,62,0.99833,0.00203795,0.0065099
70,63,0.998259,0.00128348,0.00648129
70,64,0.998194,0.000526682,0.00644772
70,65,0.998134,-0.000231541,0.00640911
70,66,0.998079,-0.000990296,0.00636554
70,67,0.99803,-0.00174869,0.00631692
70,68,0.997986,-0.00250585,0.00626333
70,69,0.997947,-0.00326086,0.0062047
70,70,0.997913,-0.00401282,0.00614111
70,71,0.997885,-0.00476083,0.00607249
70,72,0.997861,-0.00550393,0.00599895
70,73,0.997842,-0.00624117,0.00592043
70,74,0.997827,-0.00697157,0.00583705
70,75,0.997817,-0.00769411,0.00574876
70,76,0.997811,-0.00840773,0.00565573
70,77,0.997808,-0.00911135,0.00555791
70,78,0.99781,-0.00980384,0.00545551
70,79,0.997814,-0.010484,0.0053485
70,80,0.997822,-0.0111507,0.00523713
70,81,0.997833,-0.0118026,0.00512137
70,82,0.997846,-0.0124384,0.00500154
70,83,0.997861,-0.0130567,0.00487762
70,84,0.997878,-0.0136562,0.00474997
70,85,0.997897,-0.0142354,0.0046186
70,86,0.997918,-0.0147928,0.00448391
70,87,0.997939,-0.0153268,0.00434593
70,88,0.997961,-0.015836,0.00420512
70,89,0.997983,-0.0163187,0.00406152
70,90,0.998006,-0.0167732,0.00391566
70,91,0.998029,-0.0171979,0.0037676
70,92,0.998051,-0.0175912,0.00361791
70,93,0.998072,-0.0179512,0.00346668
70,94,0.998092,-0.0182764,0.00331455
70,95,0.998111,-0.0185649,0.00316162
70,96,0.998129,-0.018815,0.0030086
70,97,0.998145,-0.0190249,0.00285559
70,98,0.998159,-0.0191929,0.00270337
70,99,0.998172,-0.0193173,0.00255206
70,100,0.998182,-0.0193964,0.00240248
70,101,0.99819,-0.0194285,0.00225477
70,102,0.998195,-0.0194121,0.00210977
70,103,0.998198,-0.0193457,0.00196759
70,104,0.998199,-0.0192282,0.0018291
70,105,0.998198,-0.0190584,0.00169435
70,106,0.998194,-0.0188356,0.0015642
70,107,0.998187,-0.0185592,0.00143858
70,108,0.998179,-0.0182287,0.00131831
70,109,0.998168,-0.0178436,0.00120321
70,110,0.998156,-0.0174032,0.00109402
70,111,0.998142,-0.0169059,0.000990443
70,112,0.998126,-0.0163491,0.000893144
70,113,0.998108,-0.015728,0.000801771
70,114,0.99809,-0.0150356,0.000716974
70,115,0.99807,-0.0142612,0.000638407
70,116,0.99805,-0.0133908,0.000566776
70,117,0.998029,-0.0124071,0.000501766
70,118,0.998008,-0.0112904,0.000444074
70,119,0.997987,-0.0100222,0.0003932
70,120,0.997965,-0.00858994,0.000349356
70,121,0.997944,-0.00699658,0.000311031
70,122,0.997923,-0.00527405,0.000276634
70,123,0.997903,-0.00350335,0.000241744
70,124,0.997884,-0.00184098,0.000200561
70,125,0.997866,-0.000550049,0.000143005
70,126,0.997849,-2.96397e-05,5.64188e-05
70,127,1,-0.00343474,0
71,0,1,0,0
71,1,1.00474,-0.000369251,-6.22985e-05
71,2,1.00475,-0.000588889,-0.000148937
71,3,1.00475,8.85739e-05,-0.000179678
71,4,1.00475,0.00128603,-0.000159395
71,5,1.00475,0.00272321,-9.70413e-05
71,6,1.00474,0.00421452,-1.23685e-06
71,7,1.00472,0.00565091,0.000120951
71,8,1.0047,0.00697846,0.000264347
71,9,1.00467,0.00817919,0.000425101
71,10,1.00464,0.00925609,0.000600537
71,11,1.0046,0.0102225,0.000788483
71,12,1.00455,0.0110951,0.00098726
71,13,1.0045,0.0118901,0.00119523
71,14,1.00445,0.0126207,0.00141099
71,15,1.00439,0.0132967,0.00163304
71,16,1.00432,0.0139247,0.00186005
71,17,1.00424,0.0145082,0.00209062
71,18,1.00417,0.0150488,0.00232353
71,19,1.00408,0.0155465,0.00255753
71,20,1.00399,0.0160007,0.00279156
71,21,1.00389,0.0164102,0.00302453
71,22,1.00379,0.016774,0.00325556
71,23,1.00368,0.0170912,0.00348375
71,24,1.00357,0.0173613,0.0037084
71,25,1.00345,0.0175839,0.00392877
71,26,1.00332,0.0177593,0.00414436
71,27,1.0032,0.0178877,0.00435457
71,28,1.00306,0.0179698,0.00455904
71,29,1.00293,0.0180063,0.00475732
71,30,1.00279,0.0179983,0.00494916
71,31,1.00264,0.0179468,0.00513424
71,32,1.00249,0.0178529,0.0053124
71,33,1.00234,0.0177179,0.00548342
71,34,1.00219,0.017543,0.00564722
71,35,1.00204,0.0173296,0.00580367
71,36,1.00188,0.017079,0.00595276
71,37,1.00172,0.0167927,0.00609441
71,38,1.00156,0.016472,0.00622867
71,39,1.0014,0.0161183,0.00635551
71,40,1.00124,0.0157331,0.00647503
71,41,1.00108,0.0153179,0.00658723
71,42,1.00093,0.014874,0.00669224
71,43,1.00077,0.0144029,0.0067901
71,44,1.00061,0.0139061,0.00688095
71,45,1.00046,0.0133849,0.00696483
71,46,1.0003,0.0128408,0.00704192
71,47,1.00015,0.0122752,0.00711225
71,48,1,0.0116893,0.007176
71,49,0.999859,0.0110846,0.00723321
71,50,0.999717,0.0104623,0.00728403
71,51,0.999578,0.0098236,0.00732852
71,52,0.999444,0.00916982,0.00736681
71,53,0.999314,0.00850214,0.00739894
71,54,0.999188,0.00782169,0.00742504
71,55,0.999066,0.0071296,0.00744511
71,56,0.998949,0.00642697,0.00745928
71,57,0.998837,0.00571484,0.00746755
71,58,0.99873,0.00499425,0.00747001
71,59,0.998628,0.0042662,0.00746663
71,60,0.998532,0.00353166,0.00745752
71,61,0.998441,0.00279158,0.00744262
71,62,0.998355,0.00204689,0.00742202
71,63,0.998274,0.00129851,0.00739566
71,64,0.998199,0.000547347,0.00736362
71,65,0.99813,-0.000205712,0.00732583
71,66,0.998065,-0.000959772,0.00728236
71,67,0.998007,-0.00171394,0.00723313
71,68,0.997953,-0.00246733,0.00717824
71,69,0.997905,-0.00321902,0.00711761
71,70,0.997861,-0.00396811,0.00705131
71,71,0.997823,-0.00471366,0.0069793
71,72,0.99779,-0.00545471,0.00690167
71,73,0.997761,-0.00619028,0.00681835
71,74,0.997737,-0.00691935,0.00672949
71,75,0.997717,-0.00764088,0.00663502
71,76,0.997701,-0.00835378,0.00653512
71,77,0.997689,-0.00905693,0.00642974
71,78,0.99768,-0.00974916,0.00631907
71,79,0.997675,-0.0104293,0.00620309
71,80,0.997673,-0.011096,0.00608205
71,81,0.997674,-0.011748,0.00595592
71,82,0.997677,-0.0123839,0.005825
71,83,0.997683,-0.0130025,0.00568929
71,84,0.99769,-0.0136021,0.00554913
71,85,0.997699,-0.0141814,0.00540453
71,86,0.99771,-0.0147387,0.0052559
71,87,0.997721,-0.0152726,0.00510327
71,88,0.997733,-0.0157815,0.00494708
71,89,0.997746,-0.0162636,0.0047874
71,90,0.997758,-0.0167175,0.00462474
71,91,0.997771,-0.0171413,0.00445917
71,92,0.997783,-0.0175334,0.00429129
71,93,0.997794,-0.017892,0.00412116
71,94,0.997804,-0.0182156,0.00394947
71,95,0.997814,-0.0185022,0.0037763
71,96,0.997821,-0.0187503,0.00360241
71,97,0.997828,-0.018958,0.0034279
71,98,0.997832,-0.0191236,0.0032536
71,99,0.997835,-0.0192454,0.00307963
71,100,0.997835,-0.0193217,0.00290688
71,101,0.997834,-0.019351,0.00273549
71,102,0.99783,-0.0193316,0.00256638
71,103,0.997824,-0.0192622,0.0023997
71,104,0.997816,-0.0191415,0.00223639
71,105,0.997805,-0.0189685,0.00207653
71,106,0.997793,-0.0187424,0.00192109
71,107,0.997778,-0.0184626,0.00177006
71,108,0.997762,-0.0181287,0.00162436
71,109,0.997744,-0.0177401,0.00148389
71,110,0.997724,-0.0172962,0.0013495
71,111,0.997703,-0.0167954,0.00122098
71,112,0.99768,-0.016235,0.00109914
71,113,0.997657,-0.0156106,0.000983731
71,114,0.997633,-0.014915,0.000875552
71,115,0.997608,-0.0141378,0.000774375
71,116,0.997583,-0.013265,0.000681086
71,117,0.997558,-0.0122794,0.000595511
71,118,0.997533,-0.0111615,0.000518556
71,119,0.997509,-0.00989245,0.000449906
71,120,0.997486,-0.00845954,0.000390041
71,121,0.997463,-0.00686487,0.000337702
71,122,0.997441,-0.00513916,0.000291662
71,123,0.997421,-0.00336146,0.000247864
71,124,0.997402,-0.0016856,0.000200813
71,125,0.997384,-0.000371381,0.000140694
71,126,0.997368,0.000185161,5.55201e-05
71,127,1,-0.00343474,0
72,0,1,0,0
72,1,1.00521,-0.000617147,-6.07224e-05
72,2,1.00522,-0.000891946,-0.000146883
72,3,1.00522,-0.000268414,-0.000175793
72,4,1.00522,0.000882963,-0.00015284
72,5,1.00521,0.00228375,-8.64603e-05
72,6,1.00519,0.00374758,1.50121e-05
72,7,1.00517,0.00516383,0.000144442
72,8,1.00515,0.00647704,0.00029656
72,9,1.00512,0.007668,0.000467443
72,10,1.00508,0.00873887,0.000654316
72,11,1.00504,0.00970246,0.00085493
72,12,1.00499,0.0105752,0.00106752
72,13,1.00493,0.0113729,0.00129039
72,14,1.00487,0.0121088,0.00152205
72,15,1.00481,0.0127925,0.00176093
72,16,1.00473,0.0134303,0.00200565
72,17,1.00465,0.0140258,0.00225473
72,18,1.00457,0.0145801,0.00250691
72,19,1.00448,0.0150933,0.00276084
72,20,1.00438,0.0155643,0.0030154
72,21,1.00427,0.0159919,0.00326943
72,22,1.00417,0.0163748,0.00352198
72,23,1.00405,0.016712,0.00377207
72,24,1.00393,0.0170026,0.00401894
72,25,1.0038,0.0172463,0.00426177
72,26,1.00367,0.0174429,0.00449997
72,27,1.00354,0.0175927,0.00473289
72,28,1.0034,0.0176962,0.00496008
72,29,1.00325,0.017754,0.00518104
72,30,1.00311,0.017767,0.00539545
72,31,1.00295,0.0177361,0.00560292
72,32,1.0028,0.0176624,0.00580324
72,33,1.00264,0.0175471,0.00599614
72,34,1.00248,0.0173913,0.00618149
72,35,1.00232,0.0171964,0.0063591
72,36,1.00215,0.0169636,0.00652893
72,37,1.00198,0.0166943,0.00669085
72,38,1.00182,0.0163899,0.00684488
72,39,1.00165,0.0160518,0.00699096
72,40,1.00148,0.0156814,0.00712915
72,41,1.00131,0.0152802,0.00725943
72,42,1.00114,0.0148496,0.0073819
72,43,1.00097,0.0143911,0.00749658
72,44,1.00081,0.0139061,0.0076036
72,45,1.00064,0.0133962,0.00770298
72,46,1.00048,0.0128626,0.00779487
72,47,1.00032,0.0123069,0.0078793
72,48,1.00016,0.0117304,0.00795644
72,49,1.00001,0.0111346,0.00802632
72,50,0.999858,0.0105206,0.00808909
72,51,0.999711,0.00988995,0.00814479
72,52,0.999567,0.00924378,0.00819356
72,53,0.999427,0.00858337,0.00823543
72,54,0.999291,0.00790992,0.00827053
72,55,0.99916,0.00722461,0.00829887
72,56,0.999034,0.00652856,0.00832057
72,57,0.998912,0.00582288,0.00833563
72,58,0.998796,0.00510863,0.00834415
72,59,0.998684,0.00438685,0.00834611
72,60,0.998578,0.00365854,0.0083416
72,61,0.998477,0.00292468,0.00833059
72,62,0.998382,0.00218623,0.00831316
72,63,0.998291,0.00144413,0.00828925
72,64,0.998207,0.000699279,0.00825896
72,65,0.998127,-4.74054e-05,0.0082222
72,66,0.998053,-0.000795032,0.00817907
72,67,0.997985,-0.00154271,0.0081295
72,68,0.997921,-0.00228956,0.00807355
72,69,0.997863,-0.00303468,0.00801118
72,70,0.99781,-0.00377718,0.00794246
72,71,0.997762,-0.00451615,0.00786733
72,72,0.997719,-0.00525066,0.0077859
72,73,0.99768,-0.00597976,0.00769811
72,74,0.997645,-0.00670248,0.00760409
72,75,0.997615,-0.00741782,0.00750378
72,76,0.997589,-0.00812474,0.00739735
72,77,0.997567,-0.00882218,0.00728475
72,78,0.997548,-0.00950902,0.00716618
72,79,0.997533,-0.0101841,0.00704162
72,80,0.997521,-0.0108463,0.00691129
72,81,0.997511,-0.0114942,0.00677519
72,82,0.997504,-0.0121267,0.0066336
72,83,0.9975,-0.0127424,0.00648652
72,84,0.997497,-0.0133399,0.00633428
72,85,0.997496,-0.0139178,0.00617691
72,86,0.997496,-0.0144746,0.00601478
72,87,0.997497,-0.0150088,0.00584796
72,88,0.997499,-0.0155189,0.00567687
72,89,0.997501,-0.0160033,0.00550158
72,90,0.997504,-0.0164604,0.00532261
72,91,0.997506,-0.0168885,0.00514004
72,92,0.997509,-0.017286,0.00495445
72,93,0.99751,-0.0176512,0.00476594
72,94,0.997511,-0.0179825,0.00457519
72,95,0.997511,-0.018278,0.00438231
72,96,0.997509,-0.018536,0.00418806
72,97,0.997506,-0.0187549,0.00399258
72,98,0.997502,-0.0189329,0.00379671
72,99,0.997495,-0.0190683,0.00360061
72,100,0.997487,-0.0191594,0.0034052
72,101,0.997477,-0.0192045,0.00321065
72,102,0.997466,-0.0192021,0.00301794
72,103,0.997452,-0.0191507,0.00282724
72,104,0.997436,-0.0190491,0.00263958
72,105,0.997418,-0.0188961,0.0024551
72,106,0.997398,-0.0186909,0.00227482
72,107,0.997377,-0.0184327,0.00209881
72,108,0.997354,-0.0181209,0.00192809
72,109,0.997329,-0.017755,0.00176263
72,110,0.997303,-0.0173342,0.00160339
72,111,0.997276,-0.0168567,0.00145026
72,112,0.997248,-0.0163198,0.00130418
72,113,0.99722,-0.0157188,0.00116499
72,114,0.99719,-0.0150466,0.00103366
72,115,0.997161,-0.0142926,0.000910068
72,116,0.997132,-0.0134428,0.000795284
72,117,0.997103,-0.0124798,0.000689276
72,118,0.997074,-0.0113839,0.000593163
72,119,0.997047,-0.0101361,0.000506813
72,120,0.99702,-0.00872305,0.000430976
72,121,0.996994,-0.00714585,0.000364657
72,122,0.99697,-0.00543377,0.000306978
72,123,0.996947,-0.00366369,0.000254198
72,124,0.996926,-0.00198645,0.000201313
72,125,0.996907,-0.000658254,0.000138719
72,126,0.996891,-7.15964e-05,5.37032e-05
72,127,1,-0.00343474,0
73,0,1,0,0
73,1,1.00567,-0.000422004,-6.02737e-05
73,2,1.00568,-0.000751491,-0.000143917
73,3,1.00568,-0.000182574,-0.000171757
73,4,1.00568,0.00092117,-0.00014659
73,5,1.00567,0.00228261,-7.65089e-05
73,6,1.00565,0.00371439,3.00894e-05
73,7,1.00563,0.00510409,0.00016613
73,8,1.0056,0.00639457,0.000326283
73,9,1.00557,0.00756531,0.000506538
73,10,1.00553,0.00861765,0.000704034
73,11,1.00548,0.0095639,0.000916453
73,12,1.00543,0.0104203,0.00114196
73,13,1.00537,0.0112025,0.00137878
73,14,1.0053,0.0119238,0.00162538
73,15,1.00523,0.0125938,0.00188012
73,16,1.00515,0.0132189,0.00214157
73,17,1.00506,0.0138026,0.00240819
73,18,1.00497,0.0143462,0.00267864
73,19,1.00487,0.0148496,0.00295153
73,20,1.00477,0.0153119,0.00322568
73,21,1.00466,0.0157318,0.00349985
73,22,1.00454,0.0161081,0.00377303
73,23,1.00442,0.0164397,0.00404417
73,24,1.00429,0.0167259,0.00431242
73,25,1.00416,0.0169661,0.00457692
73,26,1.00402,0.0171603,0.00483698
73,27,1.00387,0.0173087,0.0050919
73,28,1.00373,0.0174117,0.00534116
73,29,1.00357,0.0174701,0.00558418
73,30,1.00342,0.0174845,0.00582058
73,31,1.00326,0.0174561,0.00604991
73,32,1.00309,0.0173857,0.00627191
73,33,1.00292,0.0172745,0.00648624
73,34,1.00275,0.0171237,0.00669273
73,35,1.00258,0.0169345,0.00689114
73,36,1.00241,0.0167081,0.00708138
73,37,1.00223,0.016446,0.00726328
73,38,1.00206,0.0161494,0.00743684
73,39,1.00188,0.0158197,0.00760193
73,40,1.0017,0.0154583,0.00775861
73,41,1.00153,0.0150665,0.00790682
73,42,1.00135,0.0146457,0.00804663
73,43,1.00117,0.0141975,0.00817804
73,44,1.001,0.0137231,0.00830115
73,45,1.00082,0.0132239,0.00841597
73,46,1.00065,0.0127014,0.00852264
73,47,1.00048,0.0121569,0.00862118
73,48,1.00032,0.0115917,0.00871172
73,49,1.00015,0.0110072,0.00879431
73,50,0.999994,0.0104045,0.00886908
73,51,0.999838,0.00978507,0.00893607
73,52,0.999685,0.00915003,0.0089954
73,53,0.999536,0.00850058,0.00904712
73,54,0.999392,0.0078379,0.00909133
73,55,0.999252,0.00716311,0.00912807
73,56,0.999116,0.00647731,0.00915743
73,57,0.998986,0.00578155,0.00917944
73,58,0.99886,0.00507688,0.00919418
73,59,0.998739,0.0043643,0.00920164
73,60,0.998624,0.00364479,0.00920192
73,61,0.998514,0.00291932,0.00919498
73,62,0.998409,0.00218881,0.00918092
73,63,0.99831,0.0014542,0.00915968
73,64,0.998216,0.000716379,0.00913134
73,65,0.998127,-2.37431e-05,0.00909586
73,66,0.998044,-0.000765277,0.00905331
73,67,0.997966,-0.00150733,0.00900362
73,68,0.997893,-0.00224902,0.00894689
73,69,0.997826,-0.00298943,0.00888304
73,70,0.997763,-0.00372766,0.00881218
73,71,0.997705,-0.00446278,0.00873423
73,72,0.997653,-0.00519385,0.0086493
73,73,0.997604,-0.00591988,0.00855735
73,74,0.99756,-0.00663988,0.00845849
73,75,0.997521,-0.00735282,0.00835267
73,76,0.997485,-0.00805762,0.00824006
73,77,0.997453,-0.00875319,0.00812061
73,78,0.997425,-0.00943836,0.00799452
73,79,0.9974,-0.0101119,0.00786176
73,80,0.997378,-0.0107727,0.00772255
73,81,0.997359,-0.0114194,0.00757689
73,82,0.997342,-0.0120506,0.00742505
73,83,0.997328,-0.012665,0.00726705
73,84,0.997315,-0.0132612,0.00710319
73,85,0.997304,-0.0138378,0.00693351
73,86,0.997294,-0.0143931,0.00675838
73,87,0.997286,-0.0149257,0.00657786
73,88,0.997278,-0.015434,0.00639238
73,89,0.99727,-0.0159164,0.00620201
73,90,0.997263,-0.0163714,0.00600726
73,91,0.997256,-0.0167971,0.00580823
73,92,0.997248,-0.017192,0.00560549
73,93,0.99724,-0.0175545,0.00539917
73,94,0.997231,-0.0178827,0.00518993
73,95,0.99722,-0.018175,0.00497792
73,96,0.997209,-0.0184297,0.00476391
73,97,0.997196,-0.0186451,0.00454804
73,98,0.997182,-0.0188195,0.0043312
73,99,0.997166,-0.0189512,0.00411355
73,100,0.997149,-0.0190385,0.00389607
73,101,0.997129,-0.0190798,0.00367894
73,102,0.997108,-0.0190736,0.00346321
73,103,0.997085,-0.0190184,0.00324907
73,104,0.997061,-0.018913,0.00303762
73,105,0.997034,-0.0187563,0.00282904
73,106,0.997006,-0.0185474,0.00262444
73,107,0.996977,-0.0182856,0.00242395
73,108,0.996946,-0.0179704,0.00222868
73,109,0.996913,-0.0176012,0.00203867
73,110,0.99688,-0.0171771,0.00185499
73,111,0.996846,-0.0166966,0.00167763
73,112,0.996812,-0.0161569,0.00150764
73,113,0.996777,-0.0155535,0.00134498
73,114,0.996743,-0.0148793,0.00119075
73,115,0.996708,-0.0141239,0.00104497
73,116,0.996675,-0.0132734,0.00090886
73,117,0.996642,-0.0123106,0.000782544
73,118,0.99661,-0.0112159,0.000667351
73,119,0.996579,-0.00997012,0.000563336
73,120,0.99655,-0.00855965,0.000471526
73,121,0.996523,-0.00698505,0.000391184
73,122,0.996498,-0.00527439,0.000321814
73,123,0.996475,-0.0035027,0.000260059
73,124,0.996454,-0.00181808,0.000201244
73,125,0.996436,-0.000473131,0.000136077
73,126,0.99642,0.000143589,5.26443e-05
73,127,1,-0.00343474,0
74,0,1,0,0
74,1,1.00613,-0.000661499,-5.81045e-05
74,2,1.00613,-0.0010447,-0.000141203
74,3,1.00613,-0.000531025,-0.000167225
74,4,1.00613,0.000523792,-0.000139859
74,5,1.00611,0.00184528,-6.65938e-05
74,6,1.0061,0.00324576,4.45863e-05
74,7,1.00607,0.00461149,0.000186577
74,8,1.00604,0.00588387,0.000353992
74,9,1.006,0.00704122,0.000542776
74,10,1.00596,0.00808404,0.000749995
74,11,1.0059,0.00902413,0.000973269
74,12,1.00585,0.00987737,0.00121069
74,13,1.00578,0.0106593,0.00146046
74,14,1.00571,0.011383,0.00172094
74,15,1.00563,0.012058,0.00199049
74,16,1.00555,0.0126904,0.00226758
74,17,1.00546,0.0132836,0.00255066
74,18,1.00536,0.0138388,0.00283831
74,19,1.00526,0.0143557,0.00312911
74,20,1.00515,0.0148331,0.0034218
74,21,1.00503,0.0152695,0.00371509
74,22,1.00491,0.0156636,0.0040079
74,23,1.00478,0.016014,0.00429913
74,24,1.00464,0.0163197,0.00458785
74,25,1.0045,0.0165802,0.00487313
74,26,1.00436,0.0167951,0.00515422
74,27,1.00421,0.0169646,0.00543034
74,28,1.00405,0.0170889,0.00570091
74,29,1.00389,0.0171685,0.00596529
74,30,1.00373,0.0172041,0.00622302
74,31,1.00356,0.0171965,0.00647362
74,32,1.00339,0.0171468,0.00671673
74,33,1.00321,0.0170558,0.00695199
74,34,1.00304,0.0169248,0.00717915
74,35,1.00286,0.0167548,0.00739794
74,36,1.00267,0.0165472,0.00760821
74,37,1.00249,0.0163031,0.00780977
74,38,1.00231,0.0160239,0.00800254
74,39,1.00212,0.0157109,0.0081864
74,40,1.00193,0.0153655,0.00836134
74,41,1.00175,0.0149891,0.00852728
74,42,1.00156,0.014583,0.00868428
74,43,1.00138,0.0141487,0.00883229
74,44,1.00119,0.0136876,0.00897139
74,45,1.00101,0.0132011,0.0091016
74,46,1.00083,0.0126907,0.009223
74,47,1.00065,0.0121576,0.00933561
74,48,1.00048,0.0116034,0.00943957
74,49,1.00031,0.0110292,0.00953489
74,50,1.00014,0.0104366,0.0096217
74,51,0.999971,0.00982671,0.00970003
74,52,0.999809,0.00920087,0.00977
74,53,0.999651,0.00856031,0.00983165
74,54,0.999497,0.00790623,0.00988509
74,55,0.999347,0.00723981,0.00993033
74,56,0.999203,0.00656218,0.0099675
74,57,0.999063,0.00587445,0.00999659
74,58,0.998928,0.0051777,0.0100177
74,59,0.998798,0.00447296,0.0100309
74,60,0.998673,0.00376125,0.0100361
74,61,0.998554,0.00304356,0.0100334
74,62,0.99844,0.00232084,0.0100229
74,63,0.998331,0.00159404,0.0100046
74,64,0.998227,0.000864073,0.00997844
74,65,0.998129,0.000131855,0.00994447
74,66,0.998036,-0.000601723,0.00990275
74,67,0.997949,-0.00133577,0.00985322
74,68,0.997866,-0.0020694,0.00979597
74,69,0.997789,-0.00280172,0.00973094
74,70,0.997717,-0.00353185,0.00965822
74,71,0.997649,-0.00425888,0.00957776
74,72,0.997587,-0.00498188,0.00948967
74,73,0.997529,-0.00569993,0.00939388
74,74,0.997475,-0.00641206,0.00929053
74,75,0.997425,-0.00711728,0.00917956
74,76,0.99738,-0.00781458,0.00906114
74,77,0.997338,-0.0085029,0.00893523
74,78,0.997299,-0.00918114,0.008802
74,79,0.997264,-0.00984817,0.00866145
74,80,0.997232,-0.0105028,0.00851378
74,81,0.997203,-0.0111439,0.008359
74,82,0.997176,-0.0117701,0.00819736
74,83,0.997151,-0.0123801,0.00802887
74,84,0.997128,-0.0129726,0.00785386
74,85,0.997107,-0.0135461,0.00767235
74,86,0.997088,-0.0140993,0.00748471
74,87,0.997069,-0.0146306,0.00729099
74,88,0.997051,-0.0151386,0.00709163
74,89,0.997033,-0.0156216,0.00688669
74,90,0.997016,-0.0160782,0.0066767
74,91,0.996999,-0.0165067,0.00646174
74,92,0.996982,-0.0169054,0.00624241
74,93,0.996964,-0.0172728,0.00601883
74,94,0.996945,-0.0176072,0.00579168
74,95,0.996926,-0.0179068,0.00556112
74,96,0.996905,-0.01817,0.00532792
74,97,0.996883,-0.0183952,0.00509226
74,98,0.99686,-0.0185805,0.00485504
74,99,0.996836,-0.0187244,0.00461646
74,100,0.99681,-0.0188251,0.00437751
74,101,0.996782,-0.018881,0.00413841
74,102,0.996753,-0.0188906,0.00390026
74,103,0.996722,-0.0188524,0.00366329
74,104,0.99669,-0.0187651,0.00342865
74,105,0.996656,-0.0186275,0.00319657
74,106,0.996621,-0.0184387,0.00296824
74,107,0.996584,-0.0181979,0.00274384
74,108,0.996547,-0.0179045,0.00252456
74,109,0.996508,-0.0175578,0.00231054
74,110,0.996469,-0.0171568,0.00210294
74,111,0.99643,-0.0166999,0.00190184
74,112,0.99639,-0.0161842,0.00170841
74,113,0.99635,-0.015605,0.0015227
74,114,0.996311,-0.0149553,0.00134598
74,115,0.996272,-0.0142245,0.00117837
74,116,0.996234,-0.0133988,0.00102127
74,117,0.996197,-0.0124608,0.00087494
74,118,0.996161,-0.0113908,0.00074093
74,119,0.996127,-0.0101694,0.000619478
74,120,0.996095,-0.00878249,0.000511886
74,121,0.996065,-0.00722976,0.000417687
74,122,0.996037,-0.00553789,0.000336745
74,123,0.996012,-0.00377977,0.000266035
74,124,0.99599,-0.00210044,0.0002014
74,125,0.99597,-0.000748524,0.000133808
74,126,0.995954,-0.000108154,5.06843e-05
74,127,1,-0.00343474,0
75,0,1,0,0
75,1,1.00658,-0.000471475,-5.75446e-05
75,2,1.00658,-0.000907113,-0.000137384
75,3,1.00658,-0.000448192,-0.000162477
75,4,1.00657,0.000557638,-0.000133409
75,5,1.00656,0.00183795,-5.72499e-05
75,6,1.00654,0.00320447,5.79651e-05
75,7,1.00651,0.00454184,0.000205261
75,8,1.00648,0.00578981,0.000379234
75,9,1.00643,0.00692541,0.000575767
75,10,1.00639,0.00794828,0.000791861
75,11,1.00633,0.00886972,0.00102509
75,12,1.00627,0.00970535,0.00127348
75,13,1.0062,0.0104706,0.00153518
75,14,1.00612,0.0111786,0.00180853
75,15,1.00604,0.0118387,0.00209182
75,16,1.00595,0.0124573,0.0023835
75,17,1.00585,0.0130376,0.00268196
75,18,1.00575,0.013581,0.00298574
75,19,1.00564,0.014087,0.00329336
75,20,1.00552,0.0145547,0.00360352
75,21,1.0054,0.0149825,0.00391489
75,22,1.00527,0.015369,0.00422631
75,23,1.00513,0.0157129,0.00453662
75,24,1.00499,0.0160133,0.00484484
75,25,1.00484,0.0162696,0.00514997
75,26,1.00469,0.0164814,0.0054512
75,27,1.00453,0.0166488,0.00574767
75,28,1.00437,0.0167721,0.00603874
75,29,1.0042,0.0168519,0.00632371
75,30,1.00403,0.0168886,0.00660206
75,31,1.00385,0.0168833,0.00687323
75,32,1.00367,0.0168367,0.00713683
75,33,1.00349,0.0167498,0.00739241
75,34,1.0033,0.0166238,0.00763971
75,35,1.00312,0.0164597,0.00787838
75,36,1.00293,0.0162588,0.00810823
75,37,1.00273,0.0160222,0.00832902
75,38,1.00254,0.0157512,0.00854064
75,39,1.00235,0.0154471,0.00874293
75,40,1.00215,0.0151112,0.00893584
75,41,1.00196,0.0147448,0.00911926
75,42,1.00177,0.0143492,0.00929322
75,43,1.00157,0.0139259,0.00945764
75,44,1.00138,0.0134762,0.00961259
75,45,1.00119,0.0130014,0.00975805
75,46,1.001,0.0125029,0.00989409
75,47,1.00081,0.011982,0.0100207
75,48,1.00063,0.0114401,0.010138
75,49,1.00045,0.0108783,0.0102461
75,50,1.00027,0.0102981,0.0103449
75,51,1.0001,0.00970056,0.0104346
75,52,0.999928,0.00908701,0.0105153
75,53,0.999761,0.00845861,0.0105869
75,54,0.999598,0.00781652,0.0106497
75,55,0.99944,0.00716186,0.0107035
75,56,0.999287,0.00649574,0.0107486
75,57,0.999138,0.00581922,0.0107849
75,58,0.998995,0.00513334,0.0108126
75,59,0.998856,0.00443911,0.0108316
75,60,0.998722,0.00373752,0.010842
75,61,0.998594,0.00302953,0.0108438
75,62,0.998471,0.00231608,0.010837
75,63,0.998353,0.00159811,0.0108218
75,64,0.99824,0.000876509,0.0107981
75,65,0.998133,0.000152191,0.0107658
75,66,0.998031,-0.000573953,0.0107252
75,67,0.997935,-0.00130104,0.0106761
75,68,0.997843,-0.00202816,0.0106186
75,69,0.997757,-0.00275444,0.0105527
75,70,0.997675,-0.00347896,0.0104784
75,71,0.997598,-0.00420079,0.0103958
75,72,0.997526,-0.00491901,0.0103048
75,73,0.997459,-0.00563265,0.0102055
75,74,0.997396,-0.0063407,0.010098
75,75,0.997337,-0.00704217,0.00998227
75,76,0.997282,-0.00773598,0.00985841
75,77,0.99723,-0.00842106,0.00972642
75,78,0.997183,-0.00909625,0.00958646
75,79,0.997138,-0.0097604,0.00943853
75,80,0.997096,-0.0104123,0.00928282
75,81,0.997057,-0.0110506,0.00911935
75,82,0.997021,-0.0116741,0.00894836
75,83,0.996987,-0.0122815,0.00876988
75,84,0.996954,-0.0128712,0.00858419
75,85,0.996923,-0.0134419,0.00839135
75,86,0.996894,-0.0139922,0.0081917
75,87,0.996865,-0.0145204,0.00798531
75,88,0.996838,-0.0150252,0.00777261
75,89,0.99681,-0.0155048,0.00755367
75,90,0.996783,-0.0159577,0.00732901
75,91,0.996756,-0.0163824,0.00709871
75,92,0.996729,-0.0167771,0.00686339
75,93,0.996701,-0.0171403,0.00662316
75,94,0.996673,-0.0174703,0.00637872
75,95,0.996644,-0.0177654,0.00613024
75,96,0.996614,-0.0180239,0.0058785
75,97,0.996582,-0.0182443,0.00562372
75,98,0.99655,-0.0184248,0.00536678
75,99,0.996516,-0.0185638,0.00510794
75,100,0.99648,-0.0186596,0.00484819
75,101,0.996443,-0.0187107,0.00458781
75,102,0.996405,-0.0187155,0.00432792
75,103,0.996365,-0.0186726,0.00406879
75,104,0.996324,-0.0185808,0.00381163
75,105,0.996282,-0.0184389,0.00355671
75,106,0.996239,-0.018246,0.00330529
75,107,0.996194,-0.0180013,0.00305761
75,108,0.996149,-0.0177043,0.00281496
75,109,0.996103,-0.0173542,0.00257751
75,110,0.996057,-0.0169502,0.00234656
75,111,0.996011,-0.0164906,0.00212224
75,112,0.995965,-0.0159727,0.00190588
75,113,0.995919,-0.0153919,0.0016976
75,114,0.995874,-0.0147412,0.00149881
75,115,0.99583,-0.0140104,0.00130975
75,116,0.995788,-0.0131856,0.001132
75,117,0.995747,-0.0122497,0.000965954
75,118,0.995708,-0.0111832,0.000813366
75,119,0.995672,-0.00996648,0.000674666
75,120,0.995637,-0.00858541,0.000551434
75,121,0.995606,-0.00703913,0.000443467
75,122,0.995578,-0.00535326,0.000351016
75,123,0.995552,-0.00359892,0.00027145
75,124,0.99553,-0.00191838,0.000200966
75,125,0.995512,-0.000556414,0.000130872
75,126,0.995496,0.000107567,4.94765e-05
75,127,1,-0.00343474,0
76,0,1,0,0
76,1,1.00702,-0.00070056,-5.47741e-05
76,2,1.00702,-0.00118754,-0.000134021
76,3,1.00701,-0.000784275,-0.000157277
76,4,1.007,0.00017052,-0.000126449
76,5,1.00699,0.00140789,-4.79275e-05
76,6,1.00696,0.00273975,7.07932e-05
76,7,1.00693,0.00404966,0.000222746
76,8,1.00689,0.00527604,0.000402503
76,9,1.00685,0.00639482,0.000605936
76,10,1.0068,0.00740481,0.000829991
76,11,1.00674,0.00831682,0.0010722
76,12,1.00667,0.00914617,0.00133054
76,13,1.0066,0.00990812,0.00160312
76,14,1.00652,0.0106155,0.00188823
76,15,1.00643,0.0112778,0.00218415
76,16,1.00633,0.011901,0.00248926
76,17,1.00623,0.0124884,0.00280193
76,18,1.00612,0.013041,0.00312068
76,19,1.00601,0.0135583,0.00344397
76,20,1.00589,0.014039,0.00377045
76,21,1.00576,0.0144815,0.00409876
76,22,1.00562,0.0148841,0.00442767
76,23,1.00548,0.0152454,0.00475599
76,24,1.00533,0.0155642,0.00508265
76,25,1.00518,0.0158396,0.00540661
76,26,1.00502,0.0160714,0.00572699
76,27,1.00485,0.0162592,0.00604288
76,28,1.00468,0.0164033,0.00635355
76,29,1.00451,0.016504,0.00665826
76,30,1.00433,0.0165618,0.00695642
76,31,1.00415,0.0165774,0.00724742
76,32,1.00396,0.0165516,0.0075308
76,33,1.00377,0.0164853,0.00780607
76,34,1.00358,0.0163795,0.00807289
76,35,1.00338,0.0162353,0.00833088
76,36,1.00318,0.0160537,0.00857979
76,37,1.00298,0.015836,0.00881936
76,38,1.00278,0.0155833,0.00904941
76,39,1.00258,0.0152969,0.00926975
76,40,1.00238,0.014978,0.00948029
76,41,1.00218,0.0146281,0.0096809
76,42,1.00198,0.0142484,0.00987156
76,43,1.00177,0.0138404,0.0100522
76,44,1.00157,0.0134053,0.0102228
76,45,1.00137,0.0129445,0.0103833
76,46,1.00118,0.0124594,0.0105339
76,47,1.00098,0.0119515,0.0106744
76,48,1.00079,0.0114219,0.0108051
76,49,1.0006,0.0108721,0.0109258
76,50,1.00041,0.0103033,0.0110367
76,51,1.00023,0.0097169,0.0111377
76,52,1.00005,0.00911409,0.0112291
76,53,0.999876,0.00849611,0.0113108
76,54,0.999705,0.00786416,0.011383
76,55,0.999538,0.00721943,0.0114455
76,56,0.999376,0.00656303,0.0114987
76,57,0.999218,0.00589609,0.0115423
76,58,0.999065,0.00521967,0.0115767
76,59,0.998917,0.00453482,0.0116016
76,60,0.998775,0.00384256,0.0116174
76,61,0.998637,0.00314388,0.0116238
76,62,0.998505,0.00243975,0.0116211
76,63,0.998378,0.0017311,0.0116092
76,64,0.998256,0.00101886,0.0115881
76,65,0.99814,0.000303952,0.0115579
76,66,0.998028,-0.000412739,0.0115186
76,67,0.997922,-0.00113032,0.0114702
76,68,0.997821,-0.0018479,0.0114127
76,69,0.997725,-0.0025646,0.0113462
76,70,0.997634,-0.00327953,0.0112707
76,71,0.997548,-0.00399179,0.0111862
76,72,0.997466,-0.00470047,0.0110927
76,73,0.997389,-0.00540464,0.0109903
76,74,0.997316,-0.00610334,0.010879
76,75,0.997248,-0.0067956,0.0107589
76,76,0.997183,-0.00748042,0.01063
76,77,0.997122,-0.00815675,0.0104923
76,78,0.997064,-0.00882352,0.010346
76,79,0.997009,-0.00947961,0.0101911
76,80,0.996958,-0.0101239,0.0100278
76,81,0.996909,-0.0107551,0.00985613
76,82,0.996862,-0.011372,0.00967626
76,83,0.996818,-0.0119734,0.00948825
76,84,0.996775,-0.0125579,0.00929238
76,85,0.996735,-0.0131241,0.0090887
76,86,0.996695,-0.0136707,0.00887757
76,87,0.996657,-0.0141961,0.00865904
76,88,0.996619,-0.014699,0.00843353
76,89,0.996582,-0.0151777,0.00820114
76,90,0.996545,-0.0156308,0.00796236
76,91,0.996508,-0.0160566,0.0077173
76,92,0.996472,-0.0164536,0.00746657
76,93,0.996434,-0.0168203,0.0072103
76,94,0.996397,-0.0171548,0.00694919
76,95,0.996358,-0.0174558,0.00668341
76,96,0.996319,-0.0177214,0.00641378
76,97,0.996279,-0.01795,0.00614051
76,98,0.996237,-0.0181401,0.00586453
76,99,0.996195,-0.0182899,0.00558609
76,100,0.996151,-0.0183978,0.00530624
76,101,0.996106,-0.0184623,0.00502526
76,102,0.99606,-0.0184817,0.00474433
76,103,0.996012,-0.0184547,0.00446374
76,104,0.995964,-0.0183799,0.00418476
76,105,0.995914,-0.0182562,0.00390771
76,106,0.995864,-0.0180826,0.00363391
76,107,0.995813,-0.0178583,0.00336365
76,108,0.995761,-0.0175826,0.00309831
76,109,0.995709,-0.0172547,0.00283812
76,110,0.995657,-0.0168737,0.00258448
76,111,0.995605,-0.0164378,0.0023376
76,112,0.995554,-0.0159442,0.00209891
76,113,0.995503,-0.0153883,0.00186865
76,114,0.995454,-0.014763,0.00164837
76,115,0.995406,-0.014058,0.00143839
76,116,0.995359,-0.0132595,0.00124049
76,117,0.995315,-0.0123504,0.00105518
76,118,0.995272,-0.011311,0.000884432
76,119,0.995232,-0.0101216,0.000728863
76,120,0.995195,-0.00876761,0.000590328
76,121,0.995161,-0.00724738,0.000468889
76,122,0.99513,-0.00558526,0.000365167
76,123,0.995103,-0.00385029,0.000276868
76,124,0.995079,-0.00218163,0.000200717
76,125,0.995059,-0.000819738,0.000128324
76,126,0.995044,-0.000138843,4.7416e-05
76,127,1,-0.00343474,0
77,0,1,0,0
77,1,1.00745,-0.000516886,-5.41397e-05
77,2,1.00745,-0.00105318,-0.000129361
77,3,1.00744,-0.000703968,-0.000151803
77,4,1.00743,0.000201192,-0.000119751
77,5,1.00741,0.00139613,-3.91103e-05
77,6,1.00739,0.00269257,8.25768e-05
77,7,1.00735,0.00397268,0.00023854
77,8,1.00731,0.0051733,0.000423379
77,9,1.00726,0.00626908,0.000632925
77,10,1.00721,0.00725798,0.000864082
77,11,1.00715,0.00815026,0.00111434
77,12,1.00708,0.00896097,0.00138165
77,13,1.007,0.00970526,0.00166408
77,14,1.00691,0.0103959,0.00195989
77,15,1.00682,0.0110424,0.00226732
77,16,1.00672,0.0116508,0.00258474
77,17,1.00661,0.0122243,0.00291049
77,18,1.0065,0.0127641,0.00324304
77,19,1.00638,0.0132696,0.00358083
77,20,1.00625,0.0137395,0.00392248
77,21,1.00611,0.0141724,0.00426658
77,22,1.00597,0.0145665,0.00461185
77,23,1.00582,0.0149204,0.00495706
77,24,1.00567,0.0152329,0.00530108
77,25,1.00551,0.0155033,0.00564281
77,26,1.00534,0.0157311,0.00598131
77,27,1.00517,0.0159162,0.00631563
77,28,1.00499,0.0160586,0.00664496
77,29,1.00481,0.0161588,0.00696851
77,30,1.00462,0.0162173,0.00728562
77,31,1.00443,0.0162346,0.00759563
77,32,1.00424,0.0162117,0.00789802
77,33,1.00404,0.0161493,0.00819224
77,34,1.00384,0.0160484,0.00847791
77,35,1.00364,0.0159099,0.00875459
77,36,1.00343,0.0157351,0.00902199
77,37,1.00322,0.0155249,0.00927979
77,38,1.00301,0.0152806,0.00952778
77,39,1.0028,0.0150034,0.00976572
77,40,1.00259,0.0146944,0.0099935
77,41,1.00238,0.0143549,0.0102109
77,42,1.00217,0.0139863,0.010418
77,43,1.00197,0.0135898,0.0106145
77,44,1.00176,0.0131667,0.0108005
77,45,1.00155,0.0127183,0.010976
77,46,1.00135,0.012246,0.0111409
77,47,1.00114,0.011751,0.0112952
77,48,1.00094,0.0112346,0.011439
77,49,1.00074,0.0106981,0.0115723
77,50,1.00055,0.0101427,0.0116952
77,51,1.00036,0.00956961,0.0118076
77,52,1.00017,0.00898013,0.0119097
77,53,0.999988,0.00837539,0.0120015
77,54,0.999808,0.00775654,0.0120831
77,55,0.999633,0.0071247,0.0121545
77,56,0.999462,0.00648096,0.0122157
77,57,0.999296,0.0058264,0.0122669
77,58,0.999135,0.00516205,0.012308
77,59,0.998978,0.00448893,0.0123392
77,60,0.998827,0.00380801,0.0123604
77,61,0.998681,0.00312028,0.0123717
77,62,0.99854,0.00242666,0.0123731
77,63,0.998404,0.00172809,0.0123647
77,64,0.998274,0.00102548,0.0123466
77,65,0.998148,0.000319739,0.0123186
77,66,0.998028,-0.00038825,0.0122809
77,67,0.997913,-0.00109759,0.0122335
77,68,0.997803,-0.0018074,0.0121764
77,69,0.997698,-0.00251677,0.0121096
77,70,0.997598,-0.00322481,0.0120332
77,71,0.997503,-0.0039306,0.0119471
77,72,0.997412,-0.00463319,0.0118515
77,73,0.997326,-0.00533165,0.0117462
77,74,0.997244,-0.00602498,0.0116316
77,75,0.997166,-0.00671217,0.0115074
77,76,0.997092,-0.00739219,0.0113738
77,77,0.997021,-0.00806395,0.0112309
77,78,0.996954,-0.00872633,0.0110787
77,79,0.99689,-0.00937818,0.0109173
77,80,0.996829,-0.0100183,0.0107468
77,81,0.996771,-0.0106454,0.0105674
77,82,0.996715,-0.0112583,0.0103791
77,83,0.996661,-0.0118556,0.010182
77,84,0.996609,-0.012436,0.00997647
77,85,0.996559,-0.012998,0.00976247
77,86,0.99651,-0.0135401,0.00954038
77,87,0.996462,-0.0140611,0.00931025
77,88,0.996414,-0.0145592,0.00907251
77,89,0.996368,-0.0150331,0.00882724
77,90,0.996321,-0.0154811,0.00857495
77,91,0.996275,-0.0159016,0.00831575
77,92,0.996228,-0.0162932,0.00805024
77,93,0.996182,-0.0166542,0.00777857
77,94,0.996134,-0.016983,0.00750145
77,95,0.996086,-0.017278,0.00721907
77,96,0.996037,-0.0175376,0.00693224
77,97,0.995988,-0.0177602,0.0066412
77,98,0.995937,-0.0179442,0.0063469
77,99,0.995885,-0.0180879,0.0060496
77,100,0.995832,-0.0181898,0.00575039
77,101,0.995778,-0.0182484,0.00544958
77,102,0.995723,-0.0182621,0.00514836
77,103,0.995667,-0.0182295,0.00484709
77,104,0.99561,-0.0181494,0.00454707
77,105,0.995552,-0.0180207,0.00424865
77,106,0.995493,-0.0178425,0.00395324
77,107,0.995434,-0.0176139,0.00366116
77,108,0.995375,-0.0173343,0.00337387
77,109,0.995316,-0.0170029,0.00309166
77,110,0.995257,-0.0166189,0.00281604
77,111,0.995199,-0.0161806,0.00254728
77,112,0.995141,-0.0156853,0.00228694
77,113,0.995085,-0.0151284,0.00203533
77,114,0.99503,-0.014503,0.00179413
77,115,0.994977,-0.0137991,0.00156379
77,116,0.994927,-0.013003,0.00134623
77,117,0.994878,-0.0120978,0.00114211
77,118,0.994833,-0.0110639,0.00095361
77,119,0.99479,-0.00988186,0.000781514
77,120,0.994751,-0.00853679,0.00062796
77,121,0.994716,-0.00702674,0.000493273
77,122,0.994684,-0.00537509,0.000378459
77,123,0.994657,-0.0036492,0.000281621
77,124,0.994634,-0.00198545,0.000199851
77,125,0.994615,-0.00062024,0.000125118
77,126,0.9946,7.7598e-05,4.60694e-05
77,127,1,-0.00343474,0
78,0,1,0,0
78,1,1.00786,-0.00073356,-5.07737e-05
78,2,1.00786,-0.00131797,-0.000125377
78,3,1.00786,-0.00102397,-0.000145934
78,4,1.00784,-0.000171195,-0.000112521
78,5,1.00782,0.000978434,-3.03013e-05
78,6,1.00779,0.00223734,9.38483e-05
78,7,1.00775,0.00348688,0.000253201
78,8,1.00771,0.00466272,0.000442363
78,9,1.00766,0.00573847,0.000657184
78,10,1.0076,0.00671132,0.000894534
78,11,1.00753,0.00759105,0.00115188
78,12,1.00746,0.0083924,0.00142712
78,13,1.00738,0.00913035,0.00171832
78,14,1.00729,0.00981753,0.0020237
78,15,1.00719,0.0104633,0.00234149
78,16,1.00709,0.0110736,0.00267003
78,17,1.00697,0.0116515,0.00300764
78,18,1.00685,0.012198,0.00335276
78,19,1.00673,0.0127123,0.00370384
78,20,1.00659,0.0131931,0.00405942
78,21,1.00645,0.0136386,0.00441808
78,22,1.00631,0.0140469,0.00477851
78,23,1.00615,0.0144165,0.00513941
78,24,1.00599,0.0147459,0.00549962
78,25,1.00583,0.0150342,0.00585799
78,26,1.00565,0.0152807,0.00621352
78,27,1.00548,0.0154853,0.0065652
78,28,1.00529,0.0156477,0.00691217
78,29,1.0051,0.0157683,0.00725357
78,30,1.00491,0.0158474,0.0075887
78,31,1.00471,0.0158855,0.00791683
78,32,1.00451,0.0158833,0.00823739
78,33,1.00431,0.0158415,0.00854979
78,34,1.0041,0.015761,0.00885356
78,35,1.00389,0.0156428,0.00914825
78,36,1.00368,0.0154878,0.0094335
78,37,1.00347,0.015297,0.00970894
78,38,1.00325,0.0150717,0.00997433
78,39,1.00303,0.0148129,0.0102294
78,40,1.00282,0.0145219,0.0104739
78,41,1.0026,0.0141999,0.0107078
78,42,1.00238,0.0138481,0.0109309
78,43,1.00216,0.0134679,0.011143
78,44,1.00195,0.0130606,0.0113441
78,45,1.00173,0.0126275,0.0115342
78,46,1.00152,0.0121699,0.0117133
78,47,1.00131,0.0116891,0.0118812
78,48,1.0011,0.0111864,0.0120381
78,49,1.00089,0.0106632,0.0121839
78,50,1.00069,0.0101207,0.0123187
78,51,1.00049,0.0095602,0.0124425
78,52,1.0003,0.00898291,0.0125553
78,53,1.0001,0.00839005,0.0126572
78,54,0.999916,0.00778283,0.0127483
78,55,0.999732,0.00716239,0.0128285
78,56,0.999553,0.00652988,0.0128979
78,57,0.999378,0.00588639,0.0129567
78,58,0.999208,0.005233,0.0130048
78,59,0.999043,0.00457075,0.0130422
78,60,0.998883,0.00390066,0.0130691
78,61,0.998728,0.00322372,0.0130854
78,62,0.998578,0.00254089,0.0130913
78,63,0.998434,0.00185313,0.0130867
78,64,0.998294,0.00116136,0.0130716
78,65,0.99816,0.000466495,0.0130462
78,66,0.998031,-0.000230574,0.0130104
78,67,0.997906,-0.000928954,0.0129642
78,68,0.997787,-0.00162776,0.0129077
78,69,0.997673,-0.00232611,0.012841
78,70,0.997564,-0.00302311,0.0127639
78,71,0.997459,-0.00371787,0.0126767
78,72,0.997359,-0.00440948,0.0125792
78,73,0.997263,-0.00509702,0.0124716
78,74,0.997171,-0.00577955,0.0123539
78,75,0.997084,-0.0064561,0.0122261
78,76,0.997,-0.00712568,0.0120883
78,77,0.99692,-0.00778725,0.0119405
78,78,0.996843,-0.00843975,0.0117828
78,79,0.996769,-0.0090821,0.0116153
78,80,0.996699,-0.00971314,0.0114382
78,81,0.99663,-0.0103317,0.0112514
78,82,0.996565,-0.0109366,0.0110552
78,83,0.996501,-0.0115264,0.0108496
78,84,0.996439,-0.0121001,0.0106349
78,85,0.996379,-0.0126561,0.0104111
78,86,0.99632,-0.0131931,0.0101785
78,87,0.996262,-0.0137098,0.00993736
78,88,0.996205,-0.0142046,0.00968794
78,89,0.996149,-0.014676,0.00943037
78,90,0.996093,-0.0151227,0.00916514
78,91,0.996037,-0.015543,0.0088924
78,92,0.995981,-0.0159354,0.00861273
78,93,0.995925,-0.0162984,0.0083263
78,94,0.995868,-0.0166304,0.00803382
78,95,0.995811,-0.0169298,0.00773549
78,96,0.995753,-0.017195,0.00743215
78,97,0.995694,-0.0174245,0.00712404
78,98,0.995635,-0.0176167,0.00681213
78,99,0.995575,-0.0177699,0.0064967
78,100,0.995514,-0.0178826,0.00617888
78,101,0.995451,-0.0179533,0.00585899
78,102,0.995389,-0.0179805,0.00553828
78,103,0.995325,-0.0179627,0.00521711
78,104,0.99526,-0.0178987,0.00489684
78,105,0.995196,-0.0177873,0.00457787
78,106,0.99513,-0.0176275,0.00426165
78,107,0.995065,-0.0174186,0.00394856
78,108,0.994999,-0.0171598,0.00364013
78,109,0.994934,-0.0168502,0.00333672
78,110,0.99487,-0.016489,0.00303992
78,111,0.994806,-0.0160744,0.00275007
78,112,0.994744,-0.0156036,0.00246883
78,113,0.994683,-0.015072,0.00219661
78,114,0.994623,-0.0144727,0.00193522
78,115,0.994566,-0.0137957,0.0016852
78,116,0.994511,-0.0130273,0.00144865
78,117,0.994459,-0.0121506,0.00122633
78,118,0.994411,-0.011146,0.00102065
78,119,0.994365,-0.00999392,0.000832552
78,120,0.994323,-0.00867916,0.000664456
78,121,0.994285,-0.00719909,0.000516949
78,122,0.994251,-0.00557591,0.0003914
78,123,0.994222,-0.00387495,0.000286249
78,124,0.994197,-0.00222947,0.000199115
78,125,0.994177,-0.000871278,0.000122293
78,126,0.994163,-0.000163365,4.39441e-05
78,127,1,-0.00343474,0
79,0,1,0,0
79,1,1.00827,-0.000557584,-5.0105e-05
79,2,1.00827,-0.00118742,-0.000119914
79,3,1.00826,-0.000945978,-0.000139742
79,4,1.00825,-0.0001428,-0.00010554
79,5,1.00822,0.000963688,-2.19291e-05
79,6,1.00819,0.00218617,0.000104162
79,7,1.00815,0.00340484,0.000266269
79,8,1.00811,0.0045539,0.000459067
79,9,1.00805,0.0056057,0.000678388
79,10,1.00799,0.00655657,0.000921077
79,11,1.00792,0.00741575,0.00118458
79,12,1.00784,0.00819769,0.00146678
79,13,1.00776,0.00891721,0.00176571
79,14,1.00766,0.00958691,0.00207957
79,15,1.00756,0.0102161,0.00240659
79,16,1.00745,0.0108108,0.00274508
79,17,1.00734,0.011374,0.00309336
79,18,1.00721,0.0119068,0.00344985
79,19,1.00708,0.0124084,0.00381298
79,20,1.00694,0.0128776,0.00418128
79,21,1.00679,0.0133125,0.00455328
79,22,1.00664,0.0137113,0.00492764
79,23,1.00648,0.0140725,0.00530304
79,24,1.00631,0.0143947,0.00567826
79,25,1.00614,0.014677,0.00605211
79,26,1.00596,0.0149188,0.00642353
79,27,1.00578,0.0151197,0.00679147
79,28,1.00559,0.0152798,0.00715501
79,29,1.00539,0.0153992,0.00751325
79,30,1.00519,0.0154782,0.00786541
79,31,1.00499,0.0155175,0.00821073
79,32,1.00478,0.0155176,0.00854856
79,33,1.00457,0.0154793,0.00887828
79,34,1.00436,0.0154033,0.00919937
79,35,1.00414,0.0152906,0.0095113
79,36,1.00392,0.0151421,0.00981369
79,37,1.0037,0.0149589,0.0101061
79,38,1.00347,0.0147419,0.0103883
79,39,1.00325,0.0144923,0.0106599
79,40,1.00303,0.0142113,0.0109207
79,41,1.0028,0.0139,0.0111705
79,42,1.00258,0.0135596,0.0114092
79,43,1.00235,0.0131914,0.0116366
79,44,1.00213,0.0127965,0.0118525
79,45,1.00191,0.0123763,0.012057
79,46,1.00169,0.011932,0.0122499
79,47,1.00147,0.0114648,0.0124313
79,48,1.00125,0.010976,0.012601
79,49,1.00104,0.0104668,0.0127592
79,50,1.00083,0.00993844,0.0129058
79,51,1.00062,0.00939214,0.0130408
79,52,1.00042,0.00882906,0.0131643
79,53,1.00022,0.00825038,0.0132763
79,54,1.00002,0.00765721,0.0133768
79,55,0.999828,0.00705067,0.013466
79,56,0.999641,0.00643185,0.0135437
79,57,0.999458,0.0058018,0.0136101
79,58,0.99928,0.00516155,0.0136653
79,59,0.999107,0.00451213,0.0137092
79,60,0.998939,0.0038545,0.0137419
79,61,0.998776,0.00318963,0.0137635
79,62,0.998617,0.00251848,0.0137739
79,63,0.998464,0.00184196,0.0137733
79,64,0.998316,0.00116098,0.0137616
79,65,0.998173,0.000476457,0.0137389
79,66,0.998036,-0.000210724,0.0137052
79,67,0.997903,-0.000899673,0.0136606
79,68,0.997775,-0.0015895,0.0136051
79,69,0.997652,-0.00227931,0.0135386
79,70,0.997534,-0.0029682,0.0134613
79,71,0.99742,-0.00365527,0.0133732
79,72,0.997311,-0.00433957,0.0132743
79,73,0.997207,-0.00502016,0.0131646
79,74,0.997106,-0.00569607,0.0130442
79,75,0.997009,-0.00636629,0.0129132
79,76,0.996917,-0.00702978,0.0127715
79,77,0.996827,-0.0076855,0.0126193
79,78,0.996741,-0.00833232,0.0124566
79,79,0.996658,-0.0089691,0.0122835
79,80,0.996578,-0.00959467,0.0121001
79,81,0.996501,-0.0102078,0.0119064
79,82,0.996426,-0.0108072,0.0117028
79,83,0.996353,-0.0113917,0.0114891
79,84,0.996282,-0.0119598,0.0112657
79,85,0.996212,-0.0125101,0.0110327
79,86,0.996144,-0.0130414,0.0107903
79,87,0.996076,-0.0135521,0.0105386
79,88,0.99601,-0.0140408,0.0102781
79,89,0.995944,-0.0145059,0.0100088
79,90,0.995878,-0.0149461,0.00973127
79,91,0.995813,-0.0153597,0.00944561
79,92,0.995748,-0.0157453,0.00915244
79,93,0.995682,-0.0161013,0.00885192
79,94,0.995616,-0.0164261,0.00854478
79,95,0.995549,-0.0167182,0.00823122
79,96,0.995482,-0.0169762,0.0079121
79,97,0.995414,-0.0171983,0.00758767
79,98,0.995346,-0.0173831,0.00725892
79,99,0.995276,-0.0175291,0.00692617
79,100,0.995206,-0.0176347,0.00659055
79,101,0.995135,-0.0176984,0.00625241
79,102,0.995063,-0.0177188,0.00591303
79,103,0.994991,-0.0176946,0.00557281
79,104,0.994918,-0.0176244,0.00523316
79,105,0.994845,-0.0175073,0.00489449
79,106,0.994772,-0.0173423,0.00455834
79,107,0.994699,-0.0171286,0.0042251
79,108,0.994627,-0.0168655,0.00389641
79,109,0.994554,-0.0165523,0.00357264
79,110,0.994483,-0.0161881,0.0032555
79,111,0.994413,-0.0157712,0.00294537
79,112,0.994345,-0.015299,0.00264405
79,113,0.994278,-0.014767,0.00235199
79,114,0.994214,-0.0141685,0.00207115
79,115,0.994152,-0.0134935,0.00180216
79,116,0.994093,-0.0127288,0.00154727
79,117,0.994038,-0.0118576,0.00130737
79,118,0.993986,-0.0108605,0.00108505
79,119,0.993938,-0.00971808,0.000881444
79,120,0.993894,-0.00841519,0.000699234
79,121,0.993855,-0.00694883,0.000539261
79,122,0.99382,-0.00534041,0.000403274
79,123,0.993791,-0.00365365,0.000290098
79,124,0.993767,-0.00201904,0.00019773
79,125,0.993748,-0.000664146,0.000118827
79,126,0.993734,5.39967e-05,4.24675e-05
79,127,1,-0.00343474,0
80,0,1,0,0
80,1,1.00867,-0.000759897,-4.61633e-05
80,2,1.00866,-0.0014339,-0.000115356
80,3,1.00865,-0.00124639,-0.000133225
80,4,1.00863,-0.000496189,-9.80142e-05
80,5,1.00861,0.000563256,-1.35573e-05
80,6,1.00858,0.00174583,0.000114004
80,7,1.00853,0.00293124,0.000278281
80,8,1.00848,0.00405267,0.000473985
80,9,1.00843,0.00508153,0.000696994
80,10,1.00836,0.00601343,0.000944135
80,11,1.00829,0.00685712,0.00121285
80,12,1.00821,0.00762678,0.00150098
80,13,1.00812,0.00833704,0.00180656
80,14,1.00802,0.00900039,0.00212778
80,15,1.00791,0.00962603,0.00246285
80,16,1.0078,0.0102198,0.00281009
80,17,1.00768,0.0107847,0.00316781
80,18,1.00755,0.0113215,0.00353442
80,19,1.00741,0.0118295,0.00390833
80,20,1.00727,0.0123071,0.00428805
80,21,1.00712,0.0127524,0.00467211
80,22,1.00696,0.0131633,0.00505913
80,23,1.00679,0.0135382,0.00544775
80,24,1.00662,0.0138755,0.00583673
80,25,1.00644,0.0141741,0.00622484
80,26,1.00626,0.0144333,0.00661095
80,27,1.00607,0.0146525,0.00699399
80,28,1.00588,0.0148315,0.00737297
80,29,1.00568,0.0149704,0.00774695
80,30,1.00547,0.0150694,0.0081151
80,31,1.00526,0.0151288,0.0084766
80,32,1.00505,0.0151493,0.00883076
80,33,1.00483,0.0151314,0.00917689
80,34,1.00461,0.0150758,0.00951443
80,35,1.00439,0.0149834,0.00984281
80,36,1.00416,0.0148549,0.0101616
80,37,1.00393,0.0146914,0.0104703
80,38,1.0037,0.0144939,0.0107686
80,39,1.00347,0.0142633,0.0110562
80,40,1.00324,0.0140009,0.0113327
80,41,1.00301,0.0137078,0.011598
80,42,1.00278,0.0133851,0.0118518
80,43,1.00254,0.0130341,0.0120939
80,44,1.00231,0.012656,0.0123243
80,45,1.00208,0.0122521,0.0125428
80,46,1.00186,0.0118236,0.0127494
80,47,1.00163,0.0113718,0.0129439
80,48,1.00141,0.010898,0.0131263
80,49,1.00119,0.0104034,0.0132967
80,50,1.00097,0.0098892,0.013455
80,51,1.00075,0.00935675,0.0136011
80,52,1.00054,0.00880721,0.0137353
80,53,1.00033,0.00824178,0.0138573
80,54,1.00013,0.00766162,0.0139674
80,55,0.999929,0.00706789,0.0140654
80,56,0.999734,0.0064617,0.0141515
80,57,0.999543,0.00584415,0.0142257
80,58,0.999357,0.00521629,0.014288
80,59,0.999175,0.00457917,0.0143385
80,60,0.998998,0.0039338,0.0143772
80,61,0.998827,0.00328117,0.0144041
80,62,0.99866,0.00262224,0.0144194
80,63,0.998498,0.00195796,0.0144229
80,64,0.998341,0.00128925,0.0144149
80,65,0.99819,0.000617031,0.0143952
80,66,0.998043,-5.78063e-05,0.0143639
80,67,0.997902,-0.000734371,0.0143211
80,68,0.997765,-0.00141178,0.0142668
80,69,0.997633,-0.00208915,0.014201
80,70,0.997506,-0.0027656,0.0141238
80,71,0.997383,-0.00344023,0.0140352
80,72,0.997265,-0.00411214,0.0139352
80,73,0.997151,-0.00478042,0.0138238
80,74,0.997041,-0.00544413,0.0137012
80,75,0.996935,-0.00610231,0.0135672
80,76,0.996833,-0.00675397,0.0134221
80,77,0.996734,-0.00739809,0.0132659
80,78,0.996638,-0.00803364,0.0130986
80,79,0.996546,-0.00865953,0.0129203
80,80,0.996456,-0.00927462,0.0127311
80,81,0.996369,-0.00987778,0.0125311
80,82,0.996284,-0.0104678,0.0123205
80,83,0.996202,-0.0110434,0.0120993
80,84,0.996121,-0.0116034,0.0118677
80,85,0.996041,-0.0121464,0.0116259
80,86,0.995963,-0.0126711,0.0113742
80,87,0.995886,-0.0131761,0.0111126
80,88,0.99581,-0.01366,0.0108415
80,89,0.995735,-0.0141214,0.0105611
80,90,0.99566,-0.0145588,0.0102719
80,91,0.995585,-0.0149708,0.00997391
80,92,0.99551,-0.0153558,0.00966788
80,93,0.995435,-0.0157124,0.00935392
80,94,0.99536,-0.0160391,0.00903279
80,95,0.995285,-0.0163343,0.00870469
80,96,0.995209,-0.0165965,0.0083705
80,97,0.995132,-0.0168243,0.00803049
80,98,0.995055,-0.0170161,0.00768568
80,99,0.994978,-0.0171703,0.00733637
80,100,0.994899,-0.0172855,0.00698375
80,101,0.994821,-0.0173602,0.00662818
80,102,0.994741,-0.017393,0.00627098
80,103,0.994662,-0.0173824,0.00591258
80,104,0.994582,-0.0173274,0.00555442
80,105,0.994502,-0.0172267,0.00519695
80,106,0.994422,-0.0170793,0.00484177
80,107,0.994343,-0.0168846,0.00448931
80,108,0.994264,-0.0166417,0.00414126
80,109,0.994186,-0.01635,0.00379806
80,110,0.994109,-0.0160082,0.0034615
80,111,0.994034,-0.0156149,0.00313202
80,112,0.993961,-0.0151673,0.00281151
80,113,0.99389,-0.014661,0.0025005
80,114,0.993821,-0.0140891,0.00220107
80,115,0.993755,-0.0134419,0.00191394
80,116,0.993693,-0.012706,0.0016415
80,117,0.993634,-0.0118648,0.00138478
80,118,0.993579,-0.010899,0.00114654
80,119,0.993528,-0.00978893,0.000928104
80,120,0.993481,-0.00851931,0.000732394
80,121,0.99344,-0.00708658,0.00056051
80,122,0.993403,-0.00551103,0.000414557
80,123,0.993372,-0.00385445,0.000293688
80,124,0.993346,-0.00224419,0.000196411
80,125,0.993326,-0.000903039,0.000115716
80,126,0.993312,-0.000181598,4.03063e-05
80,127,1,-0.00343474,0
81,0,1,0,0
81,1,1.00905,-0.000593059,-4.55023e-05
81,2,1.00905,-0.00130795,-0.000109147
81,3,1.00904,-0.00117077,-0.000126346
81,4,1.00902,-0.000469478,-9.07348e-05
81,5,1.00899,0.000546655,-5.55709e-06
81,6,1.00895,0.00169224,0.00012298
81,7,1.00891,0.00284607,0.000288814
81,8,1.00886,0.00394001,0.000486763
81,9,1.0088,0.00494426,0.00071271
81,10,1.00873,0.00585356,0.000963474
81,11,1.00865,0.00667615,0.00123649
81,12,1.00857,0.00742586,0.00152958
81,13,1.00847,0.00811718,0.00184079
81,14,1.00837,0.00876252,0.00216828
81,15,1.00826,0.00937104,0.00251028
81,16,1.00814,0.0099486,0.00286509
81,17,1.00802,0.0104982,0.00323104
81,18,1.00789,0.0110206,0.00360653
81,19,1.00774,0.0115151,0.00398997
81,20,1.00759,0.0119803,0.00437986
81,21,1.00744,0.0124141,0.0047747
81,22,1.00728,0.0128147,0.00517311
81,23,1.0071,0.0131803,0.0055737
81,24,1.00693,0.0135095,0.00597519
81,25,1.00674,0.0138012,0.00637631
81,26,1.00655,0.0140546,0.00677591
81,27,1.00636,0.0142693,0.00717285
81,28,1.00616,0.0144451,0.00756612
81,29,1.00595,0.014582,0.00795473
81,30,1.00574,0.0146802,0.00833778
81,31,1.00552,0.0147401,0.00871442
81,32,1.0053,0.0147622,0.00908389
81,33,1.00508,0.0147471,0.00944549
81,34,1.00485,0.0146955,0.00979857
81,35,1.00462,0.0146082,0.0101425
81,36,1.00439,0.0144859,0.0104769
81,37,1.00416,0.0143296,0.0108011
81,38,1.00392,0.0141402,0.0111149
81,39,1.00368,0.0139187,0.0114177
81,40,1.00344,0.0136662,0.0117093
81,41,1.00321,0.0133838,0.0119895
81,42,1.00297,0.0130726,0.0122579
81,43,1.00273,0.0127337,0.0125144
81,44,1.00249,0.0123683,0.0127588
81,45,1.00225,0.0119775,0.0129909
81,46,1.00202,0.0115627,0.0132108
81,47,1.00179,0.0111249,0.0134181
81,48,1.00156,0.0106655,0.013613
81,49,1.00133,0.0101854,0.0137954
81,50,1.0011,0.00968606,0.0139652
81,51,1.00088,0.0091685,0.0141224
81,52,1.00066,0.0086339,0.014267
81,53,1.00045,0.0080834,0.0143991
81,54,1.00023,0.00751811,0.0145186
81,55,1.00003,0.00693912,0.0146255
81,56,0.999824,0.00634749,0.01472
81,57,0.999626,0.00574429,0.014802
81,58,0.999432,0.00513052,0.0148716
81,59,0.999242,0.00450719,0.0149288
81,60,0.999058,0.00387527,0.0149736
81,61,0.998878,0.00323573,0.0150061
81,62,0.998703,0.0025895,0.0150263
81,63,0.998533,0.00193751,0.0150343
81,64,0.998369,0.00128066,0.01503
81,65,0.998209,0.000619865,0.0150136
81,66,0.998054,-4.39929e-05,0.014985
81,67,0.997904,-0.000710023,0.0149443
81,68,0.997759,-0.00137734,0.0148916
81,69,0.997618,-0.00204504,0.0148267
81,70,0.997482,-0.00271224,0.0147499
81,71,0.997351,-0.00337802,0.0146611
81,72,0.997224,-0.00404146,0.0145603
81,73,0.997102,-0.0047016,0.0144476
81,74,0.996983,-0.00535749,0.0143231
81,75,0.996868,-0.00600813,0.0141867
81,76,0.996757,-0.00665249,0.0140386
81,77,0.996649,-0.00728952,0.0138787
81,78,0.996545,-0.00791812,0.0137073
81,79,0.996443,-0.00853717,0.0135242
81,80,0.996345,-0.00914551,0.0133297
81,81,0.996248,-0.00974193,0.0131238
81,82,0.996154,-0.0103252,0.0129067
81,83,0.996063,-0.010894,0.0126784
81,84,0.995972,-0.0114471,0.0124392
81,85,0.995884,-0.0119831,0.0121892
81,86,0.995797,-0.0125007,0.0119286
81,87,0.99571,-0.0129983,0.0116577
81,88,0.995625,-0.0134748,0.0113766
81,89,0.99554,-0.0139285,0.0110857
81,90,0.995456,-0.014358,0.0107854
81,91,0.995372,-0.0147619,0.0104758
81,92,0.995288,-0.0151387,0.0101576
81,93,0.995203,-0.0154869,0.00983087
81,94,0.995119,-0.0158051,0.00949646
81,95,0.995034,-0.0160917,0.00915457
81,96,0.994949,-0.0163454,0.00880608
81,97,0.994864,-0.0165645,0.00845128
81,98,0.994777,-0.0167477,0.0080912
81,99,0.994691,-0.0168935,0.00772618
81,100,0.994604,-0.0170005,0.00735742
81,101,0.994516,-0.0170672,0.0069853
81,102,0.994429,-0.0170922,0.00661119
81,103,0.994341,-0.0170743,0.00623551
81,104,0.994253,-0.0170123,0.00585978
81,105,0.994165,-0.0169052,0.00548446
81,106,0.994078,-0.016752,0.0051112
81,107,0.993991,-0.016552,0.00474048
81,108,0.993905,-0.0163045,0.00437404
81,109,0.99382,-0.0160088,0.00401239
81,110,0.993737,-0.015664,0.00365736
81,111,0.993656,-0.0152685,0.00330947
81,112,0.993577,-0.0148197,0.00297071
81,113,0.9935,-0.0143133,0.00264165
81,114,0.993427,-0.0137428,0.00232452
81,115,0.993356,-0.0130985,0.00202009
81,116,0.99329,-0.0123674,0.00173092
81,117,0.993227,-0.0115331,0.00145813
81,118,0.993169,-0.0105766,0.00120467
81,119,0.993116,-0.00947841,0.000972029
81,120,0.993068,-0.00822337,0.000763382
81,121,0.993025,-0.00680766,0.000580069
81,122,0.992988,-0.00525091,0.000424561
81,123,0.992957,-0.00361338,0.00029638
81,124,0.992932,-0.00201967,0.000194405
81,125,0.992913,-0.000688191,0.000111988
81,126,0.992899,3.68832e-05,3.87067e-05
81,127,1,-0.00343474,0
82,0,1,0,0
82,1,1.00942,-0.000779154,-4.10184e-05
82,2,1.00941,-0.00153364,-0.000104077
82,3,1.0094,-0.00144835,-0.000119225
82,4,1.00938,-0.000799892,-8.29084e-05
82,5,1.00935,0.000168104,2.44166e-06
82,6,1.00931,0.00127194,0.000131521
82,7,1.00927,0.00239027,0.000298373
82,8,1.00921,0.00345412,0.000497876
82,9,1.00915,0.00443284,0.000725989
82,10,1.00908,0.00532051,0.000979526
82,11,1.009,0.0061249,0.00125592
82,12,1.00891,0.00685961,0.00155299
82,13,1.00881,0.00753892,0.00186877
82,14,1.00871,0.00817514,0.00220143
82,15,1.00859,0.00877732,0.0025492
82,16,1.00847,0.00935123,0.0029104
82,17,1.00834,0.00989974,0.00328334
82,18,1.0082,0.0104235,0.00366645
82,19,1.00806,0.0109218,0.00405813
82,20,1.0079,0.0113928,0.00445687
82,21,1.00774,0.0118346,0.0048612
82,22,1.00758,0.012245,0.00526968
82,23,1.0074,0.0126222,0.00568092
82,24,1.00722,0.0129645,0.00609361
82,25,1.00703,0.0132706,0.00650646
82,26,1.00684,0.0135397,0.00691827
82,27,1.00664,0.0137712,0.00732789
82,28,1.00643,0.0139645,0.00773424
82,29,1.00622,0.0141198,0.00813629
82,30,1.006,0.014237,0.0085331
82,31,1.00578,0.0143163,0.00892378
82,32,1.00556,0.0143581,0.00930753
82,33,1.00533,0.014363,0.00968357
82,34,1.0051,0.0143314,0.0100512
82,35,1.00486,0.0142641,0.0104099
82,36,1.00462,0.0141618,0.0107589
82,37,1.00438,0.0140253,0.0110979
82,38,1.00414,0.0138555,0.0114263
82,39,1.0039,0.0136534,0.0117437
82,40,1.00365,0.0134199,0.0120498
82,41,1.00341,0.0131562,0.0123442
82,42,1.00316,0.0128633,0.0126267
82,43,1.00292,0.0125424,0.012897
82,44,1.00267,0.0121945,0.013155
82,45,1.00243,0.011821,0.0134004
82,46,1.00219,0.0114229,0.0136331
82,47,1.00195,0.0110015,0.013853
82,48,1.00171,0.0105581,0.0140601
82,49,1.00148,0.0100937,0.0142542
82,50,1.00124,0.00960967,0.0144353
82,51,1.00101,0.00910714,0.0146034
82,52,1.00079,0.00858729,0.0147584
82,53,1.00056,0.0080513,0.0149004
82,54,1.00035,0.0075003,0.0150293
82,55,1.00013,0.00693541,0.0151452
82,56,0.999919,0.00635775,0.0152481
82,57,0.999713,0.00576837,0.015338
82,58,0.999511,0.00516833,0.0154149
82,59,0.999314,0.00455866,0.0154788
82,60,0.999121,0.00394037,0.0155299
82,61,0.998933,0.00331443,0.0155681
82,62,0.99875,0.0026818,0.0155935
82,63,0.998572,0.00204342,0.0156061
82,64,0.998399,0.00140022,0.0156059
82,65,0.998231,0.000753103,0.0155929
82,66,0.998067,0.000102963,0.0155673
82,67,0.997909,-0.000549311,0.015529
82,68,0.997755,-0.00120284,0.015478
82,69,0.997606,-0.00185673,0.0154145
82,70,0.997461,-0.00251012,0.0153384
82,71,0.997321,-0.00316211,0.0152497
82,72,0.997185,-0.0038118,0.0151485
82,73,0.997053,-0.00445828,0.0150349
82,74,0.996925,-0.00510062,0.0149088
82,75,0.996801,-0.00573787,0.0147704
82,76,0.996681,-0.00636904,0.0146196
82,77,0.996564,-0.00699315,0.0144566
82,78,0.99645,-0.00760914,0.0142814
82,79,0.996339,-0.00821595,0.014094
82,80,0.996231,-0.00881248,0.0138946
82,81,0.996125,-0.00939759,0.0136833
82,82,0.996022,-0.0099701,0.0134602
82,83,0.995921,-0.0105288,0.0132253
82,84,0.995821,-0.0110725,0.012979
82,85,0.995723,-0.0115998,0.0127213
82,86,0.995626,-0.0121094,0.0124525
82,87,0.99553,-0.0126001,0.0121727
82,88,0.995436,-0.0130705,0.0118823
82,89,0.995341,-0.0135191,0.0115814
82,90,0.995248,-0.0139446,0.0112706
82,91,0.995154,-0.0143455,0.01095
82,92,0.995061,-0.0147205,0.0106202
82,93,0.994968,-0.0150681,0.0102814
82,94,0.994875,-0.0153868,0.00993442
82,95,0.994781,-0.0156753,0.00957945
82,96,0.994688,-0.015932,0.0092174
82,97,0.994593,-0.0161556,0.00884858
82,98,0.994499,-0.0163446,0.00847403
82,99,0.994404,-0.0164975,0.00809412
82,100,0.99431,-0.0166129,0.00771006
82,101,0.994214,-0.0166895,0.00732227
82,102,0.994119,-0.0167259,0.00693214
82,103,0.994024,-0.0167208,0.00654012
82,104,0.993929,-0.0166729,0.00614776
82,105,0.993835,-0.0165813,0.00575556
82,106,0.993741,-0.0164451,0.00536522
82,107,0.993648,-0.0162634,0.00497724
82,108,0.993556,-0.0160355,0.00459343
82,109,0.993466,-0.0157608,0.00421434
82,110,0.993378,-0.0154381,0.00384188
82,111,0.993291,-0.0150661,0.00347661
82,112,0.993208,-0.0146419,0.00312061
82,113,0.993127,-0.0141615,0.00277452
82,114,0.993049,-0.013618,0.00244067
82,115,0.992975,-0.0130022,0.00211992
82,116,0.992905,-0.0123009,0.00181494
82,117,0.992839,-0.0114979,0.00152698
82,118,0.992778,-0.0105743,0.00125917
82,119,0.992722,-0.00951064,0.00101312
82,120,0.992671,-0.00829154,0.000792281
82,121,0.992626,-0.00691277,0.000598215
82,122,0.992587,-0.00539293,0.000433735
82,123,0.992554,-0.00379046,0.000298672
82,124,0.992528,-0.0022268,0.000192391
82,125,0.992508,-0.000915412,0.000108575
82,126,0.992495,-0.000193598,3.65318e-05
82,127,1,-0.00343474,0
83,0,1,0,0
83,1,1.00978,-0.000622942,-4.04063e-05
83,2,1.00978,-0.00141326,-9.71997e-05
83,3,1.00976,-0.00137542,-0.000111714
83,4,1.00974,-0.000774568,-7.53375e-05
83,5,1.00971,0.000150457,1.01263e-05
83,6,1.00967,0.00121715,0.000139287
83,7,1.00962,0.00230354,0.000306573
83,8,1.00956,0.00333948,0.000507007
83,9,1.00949,0.0042932,0.000736571
83,10,1.00942,0.00515794,0.000992086
83,11,1.00934,0.00594091,0.001271
83,12,1.00925,0.00665539,0.00157111
83,13,1.00915,0.00731549,0.00189046
83,14,1.00904,0.0079334,0.00222723
83,15,1.00892,0.00851813,0.00257966
83,16,1.00879,0.00907544,0.00294607
83,17,1.00866,0.00960818,0.00332482
83,18,1.00852,0.0101171,0.00371431
83,19,1.00837,0.0106013,0.00411298
83,20,1.00821,0.0110592,0.00451932
83,21,1.00805,0.0114888,0.00493183
83,22,1.00787,0.0118881,0.00534908
83,23,1.00769,0.0122552,0.00576969
83,24,1.00751,0.0125885,0.00619229
83,25,1.00731,0.0128869,0.00661558
83,26,1.00712,0.0131494,0.00703835
83,27,1.00691,0.0133754,0.00745939
83,28,1.0067,0.0135646,0.00787759
83,29,1.00648,0.013717,0.00829189
83,30,1.00626,0.0138325,0.0087013
83,31,1.00603,0.0139115,0.0091049
83,32,1.0058,0.0139542,0.00950183
83,33,1.00557,0.0139611,0.00989128
83,34,1.00533,0.0139329,0.0102725
83,35,1.00509,0.01387,0.0106449
83,36,1.00484,0.0137733,0.0110078
83,37,1.0046,0.0136435,0.0113606
83,38,1.00435,0.0134814,0.0117028
83,39,1.0041,0.0132881,0.012034
83,40,1.00385,0.0130643,0.0123539
83,41,1.0036,0.012811,0.0126619
83,42,1.00335,0.0125294,0.0129579
83,43,1.0031,0.0122205,0.0132415
83,44,1.00285,0.0118854,0.0135125
83,45,1.0026,0.0115251,0.0137707
83,46,1.00235,0.0111409,0.0140159
83,47,1.0021,0.0107338,0.014248
83,48,1.00186,0.010305,0.0144669
83,49,1.00162,0.00985556,0.0146725
83,50,1.00138,0.00938672,0.0148647
83,51,1.00114,0.00889954,0.0150434
83,52,1.00091,0.00839517,0.0152087
83,53,1.00068,0.00787468,0.0153605
83,54,1.00045,0.00733917,0.0154987
83,55,1.00023,0.0067897,0.0156235
83,56,1.00001,0.00622731,0.0157348
83,57,0.999798,0.00565303,0.0158325
83,58,0.999589,0.00506787,0.0159168
83,59,0.999384,0.00447281,0.0159877
83,60,0.999184,0.00386881,0.0160451
83,61,0.998989,0.00325684,0.0160891
83,62,0.998798,0.00263781,0.0161198
83,63,0.998612,0.00201264,0.0161372
83,64,0.998431,0.00138224,0.0161412
83,65,0.998255,0.000747514,0.016132
83,66,0.998084,0.000109339,0.0161095
83,67,0.997917,-0.000531396,0.0160739
83,68,0.997755,-0.0011738,0.016025
83,69,0.997597,-0.001817,0.015963
83,70,0.997445,-0.00246008,0.0158879
83,71,0.997296,-0.00310213,0.0157998
83,72,0.997152,-0.00374225,0.0156985
83,73,0.997011,-0.00437948,0.0155843
83,74,0.996875,-0.00501287,0.0154571
83,75,0.996743,-0.00564142,0.0153169
83,76,0.996613,-0.00626413,0.0151639
83,77,0.996488,-0.00687993,0.0149981
83,78,0.996365,-0.00748776,0.0148196
83,79,0.996245,-0.00808651,0.0146283
83,80,0.996128,-0.00867503,0.0144245
83,81,0.996014,-0.00925213,0.0142082
83,82,0.995901,-0.0098166,0.0139795
83,83,0.995791,-0.0103672,0.0137386
83,84,0.995682,-0.0109026,0.0134856
83,85,0.995575,-0.0114216,0.0132207
83,86,0.995469,-0.0119228,0.0129442
83,87,0.995364,-0.0124048,0.0126561
83,88,0.99526,-0.0128663,0.0123569
83,89,0.995157,-0.0133059,0.0120467
83,90,0.995054,-0.0137222,0.0117261
83,91,0.994952,-0.0141137,0.0113951
83,92,0.994849,-0.0144791,0.0110544
83,93,0.994747,-0.014817,0.0107043
83,94,0.994645,-0.015126,0.0103454
83,95,0.994542,-0.0154046,0.00997813
83,96,0.994439,-0.0156515,0.00960331
83,97,0.994336,-0.0158653,0.00922128
83,98,0.994233,-0.0160446,0.0088331
83,99,0.99413,-0.016188,0.00843917
83,100,0.994026,-0.0162941,0.00804072
83,101,0.993923,-0.0163617,0.00763818
83,102,0.993819,-0.0163894,0.00723298
83,103,0.993716,-0.0163761,0.0068256
83,104,0.993614,-0.0163205,0.00641761
83,105,0.993511,-0.0162218,0.00600956
83,106,0.99341,-0.016079,0.00560316
83,107,0.99331,-0.0158915,0.00519897
83,108,0.993212,-0.0156586,0.00479886
83,109,0.993115,-0.0153797,0.00440339
83,110,0.99302,-0.0150538,0.00401456
83,111,0.992928,-0.0146795,0.00363297
83,112,0.992839,-0.0142544,0.00326079
83,113,0.992753,-0.0137742,0.0028987
83,114,0.992671,-0.0132326,0.00254914
83,115,0.992592,-0.0126204,0.00221303
83,116,0.992518,-0.0119249,0.0018932
83,117,0.992449,-0.01113,0.00159095
83,118,0.992386,-0.0102173,0.0013096
83,119,0.992327,-0.00916749,0.00105092
83,120,0.992275,-0.0079654,0.000818572
83,121,0.992229,-0.00660669,0.000614355
83,122,0.992189,-0.00510937,0.000441422
83,123,0.992156,-0.00353045,0.000299945
83,124,0.99213,-0.00198866,0.000189653
83,125,0.992111,-0.00069294,0.000104572
83,126,0.992099,2.61886e-05,3.48145e-05
83,127,1,-0.00343474,0
84,0,1,0,0
84,1,1.01012,-0.000791097,-3.54265e-05
84,2,1.01012,-0.00161595,-9.16952e-05
84,3,1.0101,-0.00162727,-0.000104054
84,4,1.01007,-0.0010784,-6.72303e-05
84,5,1.01004,-0.000201971,1.77971e-05
84,6,1.01,0.000821691,0.000146647
84,7,1.00995,0.00187079,0.000313877
84,8,1.00989,0.00287457,0.000514598
84,9,1.00982,0.00380053,0.000744889
84,10,1.00974,0.00464128,0.00100158
84,11,1.00966,0.00540366,0.00128213
84,12,1.00956,0.00610063,0.00158434
84,13,1.00946,0.00674617,0.00190626
84,14,1.00935,0.00735235,0.00224608
84,15,1.00923,0.00792809,0.00260206
84,16,1.0091,0.00847905,0.00297252
84,17,1.00896,0.00900801,0.00335587
84,18,1.00882,0.00951557,0.0037505
84,19,1.00866,0.0100008,0.00415488
84,20,1.0085,0.010462,0.0045675
84,21,1.00833,0.010897,0.00498689
84,22,1.00816,0.0113037,0.0054116
84,23,1.00797,0.01168,0.00584023
84,24,1.00778,0.0120242,0.00627141
84,25,1.00759,0.012335,0.00670384
84,26,1.00738,0.0126113,0.00713625
84,27,1.00717,0.0128523,0.00756742
84,28,1.00696,0.0130576,0.00799621
84,29,1.00674,0.0132269,0.00842153
84,30,1.00651,0.0133601,0.00884235
84,31,1.00628,0.0134573,0.0092577
84,32,1.00604,0.0135189,0.00966668
84,33,1.0058,0.013545,0.0100684
84,34,1.00556,0.0135361,0.0104622
84,35,1.00531,0.0134928,0.0108473
84,36,1.00507,0.0134158,0.011223
84,37,1.00481,0.0133056,0.0115888
84,38,1.00456,0.0131631,0.0119441
84,39,1.00431,0.0129891,0.0122883
84,40,1.00405,0.0127845,0.0126211
84,41,1.00379,0.0125503,0.0129421
84,42,1.00354,0.0122874,0.0132509
84,43,1.00328,0.011997,0.0135472
84,44,1.00302,0.01168,0.0138307
84,45,1.00277,0.0113375,0.0141012
84,46,1.00251,0.0109708,0.0143585
84,47,1.00226,0.0105809,0.0146024
84,48,1.00201,0.0101689,0.0148327
84,49,1.00176,0.00973613,0.0150495
84,50,1.00152,0.0092836,0.0152525
84,51,1.00127,0.0088125,0.0154417
84,52,1.00103,0.00832395,0.0156171
84,53,1.0008,0.00781909,0.0157785
84,54,1.00056,0.00729902,0.015926
84,55,1.00033,0.00676484,0.0160596
84,56,1.00011,0.00621761,0.0161792
84,57,0.999888,0.00565839,0.0162849
84,58,0.999671,0.00508821,0.0163766
84,59,0.999459,0.00450807,0.0164544
84,60,0.999251,0.00391898,0.0165183
84,61,0.999048,0.00332189,0.0165683
84,62,0.998849,0.00271776,0.0166044
84,63,0.998656,0.00210752,0.0166267
84,64,0.998467,0.00149207,0.0166352
84,65,0.998282,0.000872335,0.0166299
84,66,0.998103,0.000249193,0.0166109
84,67,0.997928,-0.00037647,0.0165781
84,68,0.997757,-0.00100378,0.0165316
84,69,0.997591,-0.00163185,0.0164715
84,70,0.99743,-0.0022598,0.0163977
84,71,0.997273,-0.00288676,0.0163103
84,72,0.99712,-0.00351183,0.0162094
84,73,0.996971,-0.0041341,0.0160949
84,74,0.996826,-0.00475264,0.0159669
84,75,0.996684,-0.00536651,0.0158254
84,76,0.996546,-0.00597474,0.0156706
84,77,0.996411,-0.00657634,0.0155023
84,78,0.996279,-0.00717028,0.0153209
84,79,0.99615,-0.00775552,0.0151262
84,80,0.996024,-0.00833096,0.0149183
84,81,0.9959,-0.00889549,0.0146975
84,82,0.995778,-0.00944795,0.0144638
84,83,0.995659,-0.00998717,0.0142172
84,84,0.995541,-0.0105119,0.0139581
84,85,0.995424,-0.011021,0.0136866
84,86,0.995309,-0.011513,0.0134028
84,87,0.995195,-0.0119868,0.013107
84,88,0.995082,-0.012441,0.0127996
84,89,0.994969,-0.0128743,0.0124807
84,90,0.994857,-0.0132854,0.0121507
84,91,0.994746,-0.0136728,0.01181
84,92,0.994634,-0.0140352,0.0114591
84,93,0.994523,-0.0143713,0.0110983
84,94,0.994412,-0.0146797,0.0107283
84,95,0.994301,-0.014959,0.0103494
84,96,0.99419,-0.0152079,0.00996255
84,97,0.994079,-0.0154251,0.00956809
84,98,0.993967,-0.015609,0.00916712
84,99,0.993856,-0.0157585,0.00876002
84,100,0.993745,-0.0158722,0.00834805
84,101,0.993634,-0.0159487,0.00793169
84,102,0.993523,-0.0159868,0.00751237
84,103,0.993413,-0.0159853,0.0070906
84,104,0.993304,-0.0159431,0.006668
84,105,0.993195,-0.0158592,0.00624511
84,106,0.993088,-0.0157326,0.00582373
84,107,0.992982,-0.0155628,0.00540441
84,108,0.992878,-0.015349,0.00498909
84,109,0.992776,-0.0150906,0.00457836
84,110,0.992676,-0.0147866,0.00417429
84,111,0.992579,-0.0144356,0.00377751
84,112,0.992485,-0.0140351,0.00339027
84,113,0.992395,-0.0135809,0.0030133
84,114,0.992309,-0.0130668,0.00264914
84,115,0.992227,-0.0124835,0.00229877
84,116,0.99215,-0.0118186,0.00196512
84,117,0.992077,-0.0110562,0.00164962
84,118,0.992011,-0.0101778,0.00135572
84,119,0.99195,-0.00916436,0.00108532
84,120,0.991895,-0.00800057,0.000842329
84,121,0.991847,-0.00668174,0.000628748
84,122,0.991805,-0.00522499,0.000448046
84,123,0.991771,-0.00368554,0.000300682
84,124,0.991743,-0.00217902,0.00018683
84,125,0.991723,-0.000909272,0.000100832
84,126,0.991711,-0.000199589,3.26421e-05
84,127,1,-0.00343474,0
85,0,1,0,0
85,1,1.01046,-0.000647001,-3.49018e-05
85,2,1.01045,-0.00150224,-8.42447e-05
85,3,1.01043,-0.00155755,-9.59903e-05
85,4,1.01041,-0.00105443,-5.93996e-05
85,5,1.01037,-0.000220156,2.51994e-05
85,6,1.01033,0.000766591,0.000153313
85,7,1.01027,0.00178371,0.00031994
85,8,1.01021,0.00275946,0.000520367
85,9,1.01014,0.00366028,0.000750716
85,10,1.01006,0.004478,0.00100784
85,11,1.00997,0.00521889,0.00128921
85,12,1.00988,0.0058956,0.00159262
85,13,1.00977,0.00652189,0.00191616
85,14,1.00966,0.0071097,0.002258
85,15,1.00953,0.0076679,0.00261646
85,16,1.0094,0.0082021,0.00298986
85,17,1.00926,0.00871507,0.00337663
85,18,1.00911,0.0092074,0.00377521
85,19,1.00895,0.00967824,0.00418407
85,20,1.00879,0.0101259,0.00460172
85,21,1.00862,0.0105482,0.00502671
85,22,1.00844,0.0109431,0.00545758
85,23,1.00825,0.0113086,0.00589294
85,24,1.00805,0.0116431,0.00633141
85,25,1.00785,0.0119453,0.00677167
85,26,1.00764,0.0122141,0.00721243
85,27,1.00743,0.0124489,0.00765246
85,28,1.00721,0.0126491,0.00809058
85,29,1.00698,0.0128146,0.00852568
85,30,1.00675,0.0129453,0.00895669
85,31,1.00652,0.0130413,0.0093826
85,32,1.00628,0.0131028,0.00980249
85,33,1.00603,0.0131301,0.0102155
85,34,1.00578,0.0131238,0.0106207
85,35,1.00553,0.0130842,0.0110175
85,36,1.00528,0.013012,0.0114051
85,37,1.00502,0.0129079,0.0117829
85,38,1.00476,0.0127725,0.0121503
85,39,1.0045,0.0126067,0.0125067
85,40,1.00424,0.0124113,0.0128518
85,41,1.00398,0.0121872,0.0131849
85,42,1.00372,0.0119353,0.0135058
85,43,1.00345,0.0116566,0.0138141
85,44,1.00319,0.0113521,0.0141096
85,45,1.00293,0.0110228,0.0143918
85,46,1.00267,0.0106698,0.0146607
85,47,1.00241,0.0102942,0.0149159
85,48,1.00216,0.00989697,0.0151574
85,49,1.0019,0.00947926,0.015385
85,50,1.00165,0.00904213,0.0155985
85,51,1.0014,0.00858665,0.015798
85,52,1.00115,0.0081139,0.0159832
85,53,1.00091,0.00762492,0.0161541
85,54,1.00067,0.00712077,0.0163107
85,55,1.00044,0.00660248,0.016453
85,56,1.0002,0.00607105,0.0165809
85,57,0.999976,0.00552751,0.0166944
85,58,0.999752,0.00497281,0.0167936
85,59,0.999533,0.00440794,0.0168783
85,60,0.999318,0.00383383,0.0169487
85,61,0.999108,0.00325143,0.0170048
85,62,0.998902,0.00266165,0.0170465
85,63,0.998701,0.0020654,0.0170739
85,64,0.998504,0.00146358,0.017087
85,65,0.998312,0.000857078,0.0170858
85,66,0.998125,0.000246771,0.0170704
85,67,0.997942,-0.000366455,0.0170407
85,68,0.997764,-0.000981721,0.0169969
85,69,0.99759,-0.00159814,0.0169389
85,70,0.997421,-0.00221482,0.0168667
85,71,0.997255,-0.00283085,0.0167804
85,72,0.997094,-0.00344532,0.01668
85,73,0.996937,-0.00405729,0.0165656
85,74,0.996783,-0.00466581,0.0164371
85,75,0.996633,-0.00526988,0.0162947
85,76,0.996487,-0.00586852,0.0161384
85,77,0.996343,-0.00646068,0.0159681
85,78,0.996203,-0.0070453,0.0157841
85,79,0.996065,-0.00762128,0.0155864
85,80,0.99593,-0.0081875,0.015375
85,81,0.995798,-0.00874279,0.01515
85,82,0.995667,-0.00928597,0.0149117
85,83,0.995539,-0.00981581,0.01466
85,84,0.995412,-0.0103311,0.0143952
85,85,0.995286,-0.0108305,0.0141175
85,86,0.995162,-0.0113128,0.0138271
85,87,0.995039,-0.0117766,0.0135241
85,88,0.994917,-0.0122207,0.013209
85,89,0.994795,-0.0126437,0.0128819
85,90,0.994674,-0.0130442,0.0125433
85,91,0.994554,-0.0134209,0.0121935
85,92,0.994433,-0.0137726,0.0118331
85,93,0.994313,-0.0140977,0.0114622
85,94,0.994193,-0.0143952,0.0110818
85,95,0.994073,-0.0146635,0.0106921
85,96,0.993953,-0.0149014,0.0102941
85,97,0.993834,-0.0151076,0.00988804
85,98,0.993714,-0.0152808,0.00947513
85,99,0.993594,-0.0154197,0.00905576
85,100,0.993474,-0.0155231,0.00863122
85,101,0.993355,-0.0155897,0.008202
85,102,0.993237,-0.0156183,0.00776956
85,103,0.993119,-0.0156078,0.00733443
85,104,0.993002,-0.0155571,0.00689827
85,105,0.992886,-0.0154654,0.00646164
85,106,0.992771,-0.0153317,0.00602637
85,107,0.992658,-0.0151556,0.00559305
85,108,0.992548,-0.0149364,0.00516366
85,109,0.992439,-0.0146735,0.00473882
85,110,0.992334,-0.0143661,0.00432066
85,111,0.992231,-0.0140128,0.00390985
85,112,0.992132,-0.0136113,0.00350869
85,113,0.992037,-0.0131577,0.00311799
85,114,0.991947,-0.0126458,0.00274034
85,115,0.991861,-0.0120668,0.00237679
85,116,0.99178,-0.0114085,0.0020304
85,117,0.991704,-0.0106552,0.00170263
85,118,0.991635,-0.00978902,0.00139713
85,119,0.991572,-0.00879118,0.0011159
85,120,0.991516,-0.00764658,0.000863073
85,121,0.991466,-0.00635052,0.000640839
85,122,0.991424,-0.00491964,0.000452987
85,123,0.99139,-0.00340782,0.000300282
85,124,0.991363,-0.001928,0.000183246
85,125,0.991344,-0.000679437,9.65364e-05
85,126,0.991333,2.16631e-05,3.0811e-05
85,127,1,-0.00343474,0
86,0,1,0,0
86,1,1.01078,-0.000795667,-2.94837e-05
86,2,1.01076,-0.00168002,-7.83916e-05
86,3,1.01075,-0.00178114,-8.78765e-05
86,4,1.01072,-0.00132849,-5.10562e-05
86,5,1.01068,-0.000542664,3.25624e-05
86,6,1.01063,0.000400302,0.00015959
86,7,1.01058,0.00137882,0.000325174
86,8,1.01052,0.00232075,0.000524715
86,9,1.01044,0.00319195,0.000754453
86,10,1.01036,0.0039837,0.00101126
86,11,1.01027,0.00470188,0.00129263
86,12,1.01017,0.00535887,0.00159637
86,13,1.01006,0.00596829,0.00192058
86,14,1.00994,0.00654197,0.00226344
86,15,1.00982,0.00708869,0.00262331
86,16,1.00968,0.00761398,0.00299853
86,17,1.00954,0.00812054,0.00338757
86,18,1.00939,0.0086089,0.00378889
86,19,1.00923,0.00907811,0.004201
86,20,1.00906,0.00952636,0.00462242
86,21,1.00888,0.00995147,0.00505172
86,22,1.0087,0.0103512,0.00548745
86,23,1.00851,0.0107235,0.00592822
86,24,1.00831,0.0110665,0.00637265
86,25,1.0081,0.0113789,0.00681942
86,26,1.00789,0.0116594,0.00726722
86,27,1.00768,0.0119072,0.00771481
86,28,1.00745,0.0121216,0.00816098
86,29,1.00722,0.0123024,0.00860459
86,30,1.00699,0.0124492,0.00904455
86,31,1.00675,0.0125622,0.00947983
86,32,1.0065,0.0126413,0.00990945
86,33,1.00626,0.0126867,0.0103325
86,34,1.006,0.0126989,0.0107481
86,35,1.00575,0.0126782,0.0111556
86,36,1.00549,0.012625,0.011554
86,37,1.00523,0.01254,0.0119429
86,38,1.00497,0.0124239,0.0123215
86,39,1.0047,0.0122773,0.0126892
86,40,1.00444,0.012101,0.0130456
86,41,1.00417,0.0118959,0.0133902
86,42,1.0039,0.0116629,0.0137225
86,43,1.00363,0.0114029,0.0140422
86,44,1.00337,0.0111169,0.014349
86,45,1.0031,0.0108059,0.0146424
86,46,1.00283,0.0104709,0.0149223
86,47,1.00257,0.0101131,0.0151885
86,48,1.00231,0.00973345,0.0154406
86,49,1.00205,0.00933308,0.0156787
86,50,1.00179,0.00891308,0.0159024
86,51,1.00153,0.00847453,0.0161117
86,52,1.00128,0.00801853,0.0163065
86,53,1.00103,0.00754614,0.0164868
86,54,1.00078,0.00705844,0.0166523
86,55,1.00054,0.00655648,0.0168032
86,56,1.0003,0.0060413,0.0169393
86,57,1.00007,0.00551392,0.0170606
86,58,0.999838,0.00497534,0.0171672
86,59,0.999611,0.00442655,0.017259
86,60,0.999389,0.00386853,0.0173359
86,61,0.999171,0.00330221,0.0173981
86,62,0.998958,0.00272855,0.0174455
86,63,0.998749,0.00214844,0.0174781
86,64,0.998545,0.0015628,0.017496
86,65,0.998345,0.00097253,0.0174991
86,66,0.99815,0.000378501,0.0174875
86,67,0.997959,-0.000218406,0.0174612
86,68,0.997773,-0.000817319,0.0174202
86,69,0.997591,-0.00141737,0.0173645
86,70,0.997413,-0.00201767,0.0172942
86,71,0.997239,-0.00261735,0.0172093
86,72,0.99707,-0.00321553,0.0171098
86,73,0.996904,-0.00381129,0.0169958
86,74,0.996742,-0.00440372,0.0168672
86,75,0.996583,-0.00499189,0.0167241
86,76,0.996427,-0.00557483,0.0165667
86,77,0.996275,-0.00615157,0.0163948
86,78,0.996126,-0.00672109,0.0162086
86,79,0.995979,-0.00728235,0.0160082
86,80,0.995835,-0.0078343,0.0157936
86,81,0.995693,-0.00837583,0.015565
86,82,0.995554,-0.00890583,0.0153225
86,83,0.995416,-0.00942312,0.0150661
86,84,0.99528,-0.00992655,0.0147962
86,85,0.995145,-0.0104149,0.0145127
86,86,0.995012,-0.0108869,0.0142162
86,87,0.99488,-0.0113414,0.0139065
86,88,0.994749,-0.0117771,0.0135843
86,89,0.994618,-0.0121927,0.0132496
86,90,0.994488,-0.0125869,0.012903
86,91,0.994359,-0.0129584,0.0125447
86,92,0.99423,-0.013306,0.0121754
86,93,0.994101,-0.0136283,0.0117952
86,94,0.993972,-0.0139242,0.0114051
86,95,0.993844,-0.0141922,0.0110053
86,96,0.993716,-0.0144311,0.0105968
86,97,0.993588,-0.0146397,0.01018
86,98,0.99346,-0.0148167,0.009756
86,99,0.993333,-0.0149609,0.00932524
86,100,0.993206,-0.0150709,0.00888905
86,101,0.99308,-0.0151456,0.00844792
86,102,0.992954,-0.0151838,0.00800335
86,103,0.992829,-0.0151844,0.00755588
86,104,0.992706,-0.0151463,0.00710722
86,105,0.992584,-0.0150687,0.00665794
86,106,0.992463,-0.0149507,0.00620991
86,107,0.992345,-0.0147917,0.00576373
86,108,0.992228,-0.0145912,0.00532145
86,109,0.992115,-0.0143484,0.00488369
86,110,0.992005,-0.0140626,0.00445266
86,111,0.991897,-0.0137324,0.00402902
86,112,0.991794,-0.0133554,0.00361518
86,113,0.991695,-0.0129279,0.00321195
86,114,0.991601,-0.0124437,0.00282203
86,115,0.991511,-0.0118941,0.0024465
86,116,0.991427,-0.011267,0.00208851
86,117,0.991349,-0.0105471,0.00174963
86,118,0.991277,-0.00971647,0.00143361
86,119,0.991212,-0.00875655,0.00114258
86,120,0.991153,-0.00765227,0.000880878
86,121,0.991102,-0.00639865,0.000650875
86,122,0.991058,-0.00501153,0.000456649
86,123,0.991022,-0.00354312,0.000299218
86,124,0.990994,-0.00210321,0.0001795
86,125,0.990974,-0.000885935,9.24406e-05
86,126,0.990963,-0.000199958,2.86523e-05
86,127,1,-0.00343474,0
87,0,1,0,0
87,1,1.01108,-0.000665136,-2.90798e-05
87,2,1.01107,-0.00157416,-7.04768e-05
87,3,1.01105,-0.00171533,-7.93588e-05
87,4,1.01102,-0.00130607,-4.30228e-05
87,5,1.01098,-0.00056114,3.96878e-05
87,6,1.01094,0.000345503,0.000165241
87,7,1.01088,0.0012923,0.000329274
87,8,1.01081,0.00220632,0.000527396
87,9,1.01074,0.00305248,0.000755904
87,10,1.01065,0.00382132,0.0010117
87,11,1.01056,0.00451817,0.00129231
87,12,1.01046,0.00515509,0.00159554
87,13,1.01035,0.00574545,0.00191952
87,14,1.01023,0.00630093,0.00226244
87,15,1.0101,0.00683023,0.00262271
87,16,1.00996,0.00733882,0.00299869
87,17,1.00981,0.00782938,0.00338889
87,18,1.00966,0.00830242,0.0037918
87,19,1.0095,0.00875701,0.00420597
87,20,1.00932,0.00919139,0.00462994
87,21,1.00914,0.00960342,0.00506231
87,22,1.00896,0.00999092,0.00550163
87,23,1.00876,0.0103519,0.00594655
87,24,1.00856,0.0106846,0.00639566
87,25,1.00835,0.0109877,0.00684765
87,26,1.00814,0.0112599,0.0073012
87,27,1.00792,0.0115006,0.00775507
87,28,1.00769,0.0117092,0.00820801
87,29,1.00745,0.0118853,0.00865889
87,30,1.00722,0.0120287,0.00910657
87,31,1.00697,0.0121395,0.00955001
87,32,1.00672,0.0122177,0.00998818
87,33,1.00647,0.0122635,0.0104202
87,34,1.00621,0.0122773,0.0108451
87,35,1.00595,0.0122594,0.0112621
87,36,1.00569,0.0122103,0.0116704
87,37,1.00543,0.0121305,0.0120693
87,38,1.00516,0.0120208,0.0124581
87,39,1.00489,0.0118816,0.0128363
87,40,1.00462,0.0117139,0.0132032
87,41,1.00435,0.0115183,0.0135584
87,42,1.00407,0.0112957,0.0139014
87,43,1.0038,0.011047,0.0142318
87,44,1.00353,0.0107731,0.0145492
87,45,1.00326,0.0104749,0.0148532
87,46,1.00299,0.0101534,0.0151436
87,47,1.00272,0.00980967,0.0154201
87,48,1.00245,0.0094446,0.0156825
87,49,1.00218,0.00905925,0.0159306
87,50,1.00192,0.00865464,0.0161641
87,51,1.00166,0.00823177,0.016383
87,52,1.0014,0.00779166,0.0165872
87,53,1.00115,0.00733533,0.0167765
87,54,1.00089,0.00686377,0.0169508
87,55,1.00065,0.00637798,0.0171101
87,56,1.0004,0.00587894,0.0172543
87,57,1.00016,0.00536761,0.0173833
87,58,0.999922,0.00484495,0.0174972
87,59,0.999689,0.0043119,0.017596
87,60,0.99946,0.00376938,0.0176795
87,61,0.999235,0.00321831,0.0177479
87,62,0.999015,0.0026596,0.017801
87,63,0.998799,0.00209413,0.0178389
87,64,0.998588,0.00152279,0.0178617
87,65,0.998381,0.000946465,0.0178692
87,66,0.998178,0.00036602,0.0178616
87,67,0.99798,-0.000217669,0.0178388
87,68,0.997786,-0.000803725,0.0178009
87,69,0.997596,-0.00139127,0.0177478
87,70,0.997411,-0.00197941,0.0176796
87,71,0.997229,-0.00256726,0.0175963
87,72,0.997051,-0.00315389,0.017498
87,73,0.996878,-0.00373839,0.0173846
87,74,0.996707,-0.00431979,0.0172562
87,75,0.99654,-0.00489713,0.0171128
87,76,0.996377,-0.00546942,0.0169545
87,77,0.996216,-0.00603563,0.0167813
87,78,0.996058,-0.0065947,0.0165934
87,79,0.995903,-0.00714558,0.0163906
87,80,0.99575,-0.00768714,0.0161733
87,81,0.9956,-0.00821825,0.0159414
87,82,0.995452,-0.00873776,0.0156951
87,83,0.995305,-0.00924447,0.0154345
87,84,0.995161,-0.00973719,0.0151598
87,85,0.995017,-0.0102147,0.0148712
87,86,0.994875,-0.0106757,0.0145689
87,87,0.994734,-0.011119,0.0142532
87,88,0.994594,-0.0115433,0.0139244
87,89,0.994454,-0.0119473,0.0135827
87,90,0.994316,-0.0123298,0.0132286
87,91,0.994177,-0.0126895,0.0128625
87,92,0.99404,-0.0130251,0.0124849
87,93,0.993902,-0.0133354,0.0120962
87,94,0.993765,-0.0136191,0.0116971
87,95,0.993628,-0.013875,0.011288
87,96,0.993491,-0.0141019,0.0108699
87,97,0.993355,-0.0142986,0.0104431
87,98,0.993219,-0.0144639,0.0100089
87,99,0.993083,-0.0145965,0.00956771
87,100,0.992948,-0.0146954,0.00912082
87,101,0.992814,-0.0147593,0.00866878
87,102,0.99268,-0.0147872,0.00821312
87,103,0.992548,-0.014778,0.0077544
87,104,0.992417,-0.0147308,0.00729434
87,105,0.992288,-0.0146448,0.00683353
87,106,0.992161,-0.0145192,0.0063739
87,107,0.992036,-0.0143535,0.00591606
87,108,0.991913,-0.0141471,0.00546209
87,109,0.991794,-0.0138996,0.00501264
87,110,0.991678,-0.0136101,0.00456995
87,111,0.991566,-0.0132776,0.00413474
87,112,0.991457,-0.0128997,0.00370945
87,113,0.991354,-0.0124729,0.00329493
87,114,0.991255,-0.0119913,0.00289394
87,115,0.991162,-0.0114464,0.00250761
87,116,0.991075,-0.0108265,0.0021392
87,117,0.990994,-0.0101167,0.0017903
87,118,0.990919,-0.00929935,0.00146482
87,119,0.990852,-0.00835648,0.00116498
87,120,0.990792,-0.00727325,0.000895306
87,121,0.990739,-0.00604476,0.000658346
87,122,0.990695,-0.00468646,0.000458452
87,123,0.990659,-0.00324926,0.00029691
87,124,0.990632,-0.00184034,0.000174959
87,125,0.990613,-0.000649166,8.78289e-05
87,126,0.990602,2.28895e-05,2.67104e-05
87,127,1,-0.00343474,0
88,0,1,0,0
88,1,1.01137,-0.000792968,-2.32903e-05
88,2,1.01136,-0.00172545,-6.43692e-05
88,3,1.01134,-0.00190857,-7.08945e-05
88,4,1.01131,-0.00154765,-3.45133e-05
88,5,1.01126,-0.000850427,4.67349e-05
88,6,1.01122,1.221e-05,0.000170502
88,7,1.01116,0.000919556,0.000332598
88,8,1.01109,0.00179853,0.000528759
88,9,1.01101,0.0026136,0.000755427
88,10,1.01093,0.00335482,0.00100953
88,11,1.01083,0.00402719,0.00128863
88,12,1.01073,0.00464249,0.00159054
88,13,1.01061,0.00521394,0.0019134
88,14,1.01049,0.00575313,0.00225545
88,15,1.01036,0.00626866,0.00261512
88,16,1.01022,0.00676596,0.00299081
88,17,1.01007,0.00724762,0.00338108
88,18,1.00991,0.00771413,0.00378444
88,19,1.00975,0.0081645,0.0041995
88,20,1.00957,0.00859689,0.00462481
88,21,1.00939,0.00900908,0.00505901
88,22,1.0092,0.00939883,0.00550067
88,23,1.009,0.00976402,0.00594845
88,24,1.0088,0.0101028,0.00640095
88,25,1.00859,0.0104137,0.00685688
88,26,1.00837,0.0106953,0.00731489
88,27,1.00815,0.0109469,0.00777375
88,28,1.00791,0.0111677,0.00823219
88,29,1.00768,0.0113572,0.00868907
88,30,1.00744,0.011515,0.00914322
88,31,1.00719,0.0116412,0.00959359
88,32,1.00694,0.0117355,0.0100391
88,33,1.00668,0.0117981,0.0104789
88,34,1.00642,0.0118293,0.0109119
88,35,1.00616,0.0118292,0.0113374
88,36,1.00589,0.0117983,0.0117545
88,37,1.00562,0.0117369,0.0121624
88,38,1.00535,0.0116458,0.0125606
88,39,1.00508,0.0115254,0.0129482
88,40,1.0048,0.0113765,0.0133248
88,41,1.00453,0.0111997,0.0136898
88,42,1.00425,0.0109959,0.0140427
88,43,1.00397,0.0107658,0.014383
88,44,1.0037,0.0105105,0.0147103
88,45,1.00342,0.0102308,0.0150243
88,46,1.00315,0.0099277,0.0153246
88,47,1.00287,0.00960213,0.015611
88,48,1.0026,0.00925511,0.0158831
88,49,1.00233,0.00888765,0.0161407
88,50,1.00206,0.00850079,0.0163837
88,51,1.00179,0.00809553,0.0166119
88,52,1.00153,0.00767293,0.0168251
88,53,1.00127,0.00723399,0.0170231
88,54,1.00101,0.00677974,0.0172059
88,55,1.00075,0.00631118,0.0173735
88,56,1.0005,0.00582931,0.0175256
88,57,1.00025,0.00533513,0.0176623
88,58,1.00001,0.0048296,0.0177835
88,59,0.99977,0.00431368,0.0178892
88,60,0.999535,0.00378831,0.0179793
88,61,0.999303,0.00325442,0.0180538
88,62,0.999076,0.00271293,0.0181127
88,63,0.998853,0.00216474,0.0181561
88,64,0.998634,0.00161073,0.0181838
88,65,0.99842,0.00105179,0.0181959
88,66,0.998209,0.000488782,0.0181924
88,67,0.998003,-7.74155e-05,0.0181733
88,68,0.997802,-0.000645943,0.0181386
88,69,0.997604,-0.00121594,0.0180883
88,70,0.99741,-0.00178653,0.0180224
88,71,0.997221,-0.00235685,0.017941
88,72,0.997035,-0.00292601,0.017844
88,73,0.996852,-0.00349312,0.0177316
88,74,0.996673,-0.00405727,0.0176036
88,75,0.996498,-0.00461754,0.0174602
88,76,0.996326,-0.00517298,0.0173014
88,77,0.996156,-0.00572261,0.0171273
88,78,0.99599,-0.00626545,0.0169379
88,79,0.995826,-0.00680048,0.0167332
88,80,0.995664,-0.00732666,0.0165134
88,81,0.995505,-0.00784291,0.0162786
88,82,0.995348,-0.00834815,0.0160289
88,83,0.995192,-0.00884124,0.0157645
88,84,0.995039,-0.00932105,0.0154855
88,85,0.994886,-0.00978642,0.0151922
88,86,0.994735,-0.0102362,0.0148847
88,87,0.994585,-0.0106691,0.0145634
88,88,0.994436,-0.011084,0.0142285
88,89,0.994288,-0.0114796,0.0138804
88,90,0.99414,-0.0118548,0.0135195
88,91,0.993993,-0.0122084,0.0131461
88,92,0.993847,-0.012539,0.0127609
88,93,0.993701,-0.0128456,0.0123643
88,94,0.993555,-0.0131269,0.0119569
88,95,0.99341,-0.0133816,0.0115393
88,96,0.993266,-0.0136088,0.0111123
88,97,0.993121,-0.013807,0.0106765
88,98,0.992978,-0.0139753,0.0102329
88,99,0.992835,-0.0141124,0.00978217
88,100,0.992692,-0.0142172,0.00932554
88,101,0.992551,-0.0142885,0.00886358
88,102,0.992411,-0.0143254,0.00839785
88,103,0.992272,-0.0143267,0.00792893
88,104,0.992135,-0.0142916,0.00745857
88,105,0.992,-0.0142191,0.00698739
88,106,0.991867,-0.0141087,0.00651734
88,107,0.991737,-0.0139596,0.00604903
88,108,0.991609,-0.0137715,0.00558461
88,109,0.991485,-0.0135438,0.00512472
88,110,0.991364,-0.0132757,0.00467167
88,111,0.991247,-0.0129661,0.00422616
88,112,0.991135,-0.0126128,0.00379072
88,113,0.991028,-0.0122121,0.0033662
88,114,0.990926,-0.0117583,0.00295545
88,115,0.990829,-0.0112431,0.0025596
88,116,0.990739,-0.010655,0.00218201
88,117,0.990655,-0.00997917,0.00182432
88,118,0.990578,-0.00919837,0.00149056
88,119,0.990509,-0.00829472,0.00118303
88,120,0.990446,-0.00725348,0.000906442
88,121,0.990392,-0.00606959,0.000663489
88,122,0.990346,-0.00475777,0.000458782
88,123,0.990309,-0.00336735,0.00029382
88,124,0.99028,-0.00200238,0.000170182
88,125,0.99026,-0.000847122,8.33491e-05
88,126,0.99025,-0.000195237,2.45725e-05
88,127,1,-0.00343474,0
89,0,1,0,0
89,1,1.01165,-0.000677358,-2.30342e-05
89,2,1.01164,-0.00162865,-5.61087e-05
89,3,1.01161,-0.00184748,-6.20392e-05
89,4,1.01158,-0.00152714,-2.6359e-05
89,5,1.01154,-0.000869154,5.35585e-05
89,6,1.01149,-4.19183e-05,0.00017519
89,7,1.01143,0.000834229,0.000334879
89,8,1.01136,0.00168564,0.000528595
89,9,1.01128,0.00247598,0.000752855
89,10,1.01119,0.00319462,0.00100463
89,11,1.0111,0.00384602,0.00128151
89,12,1.01099,0.00444163,0.00158132
89,13,1.01087,0.00499441,0.00190225
89,14,1.01075,0.00551578,0.00224253
89,15,1.01062,0.00601422,0.00260066
89,16,1.01047,0.00649509,0.00297506
89,17,1.01032,0.00696094,0.00336436
89,18,1.01016,0.00741223,0.00376709
89,19,1.00999,0.00784799,0.00418192
89,20,1.00982,0.00826641,0.00460742
89,21,1.00963,0.00866534,0.00504227
89,22,1.00944,0.00904257,0.00548506
89,23,1.00924,0.00939605,0.00593448
89,24,1.00903,0.00972403,0.00638914
89,25,1.00882,0.010025,0.00684774
89,26,1.0086,0.0102979,0.00730896
89,27,1.00837,0.0105417,0.00777155
89,28,1.00813,0.0107558,0.00823424
89,29,1.0079,0.0109398,0.00869588
89,30,1.00765,0.0110933,0.00915528
89,31,1.0074,0.0112164,0.00961138
89,32,1.00714,0.0113089,0.0100631
89,33,1.00689,0.0113709,0.0105095
89,34,1.00662,0.0114027,0.0109495
89,35,1.00636,0.0114046,0.0113823
89,36,1.00609,0.0113768,0.0118071
89,37,1.00581,0.0113198,0.0122231
89,38,1.00554,0.0112342,0.0126296
89,39,1.00526,0.0111204,0.0130258
89,40,1.00498,0.0109792,0.0134111
89,41,1.0047,0.0108111,0.0137851
89,42,1.00442,0.010617,0.014147
89,43,1.00414,0.0103977,0.0144965
89,44,1.00386,0.0101538,0.0148331
89,45,1.00358,0.00988643,0.0151563
89,46,1.0033,0.00959631,0.0154659
89,47,1.00302,0.00928439,0.0157616
89,48,1.00274,0.00895159,0.0160429
89,49,1.00246,0.00859886,0.0163096
89,50,1.00219,0.00822715,0.0165616
89,51,1.00192,0.00783741,0.0167986
89,52,1.00165,0.00743059,0.0170205
89,53,1.00138,0.00700766,0.017227
89,54,1.00112,0.00656957,0.0174181
89,55,1.00086,0.00611726,0.0175937
89,56,1.0006,0.00565167,0.0177535
89,57,1.00035,0.00517372,0.0178977
89,58,1.0001,0.00468435,0.0180261
89,59,0.999851,0.00418446,0.0181386
89,60,0.999609,0.00367494,0.0182352
89,61,0.999371,0.0031567,0.0183159
89,62,0.999138,0.0026306,0.0183806
89,63,0.998908,0.00209753,0.0184294
89,64,0.998682,0.00155835,0.0184621
89,65,0.998461,0.00101393,0.0184788
89,66,0.998243,0.000465135,0.0184795
89,67,0.99803,-8.71807e-05,0.0184642
89,68,0.997821,-0.000642148,0.0184329
89,69,0.997616,-0.00119889,0.0183856
89,70,0.997415,-0.00175654,0.0183222
89,71,0.997217,-0.0023142,0.0182428
89,72,0.997024,-0.00287096,0.0181475
89,73,0.996834,-0.00342591,0.0180362
89,74,0.996647,-0.0039781,0.0179089
89,75,0.996463,-0.00452657,0.0177658
89,76,0.996283,-0.00507036,0.0176067
89,77,0.996105,-0.00560843,0.0174319
89,78,0.995931,-0.00613978,0.0172413
89,79,0.995758,-0.00666333,0.017035
89,80,0.995588,-0.00717801,0.0168132
89,81,0.995421,-0.00768272,0.0165758
89,82,0.995255,-0.00817633,0.0163232
89,83,0.995091,-0.00865769,0.0160553
89,84,0.994929,-0.00912563,0.0157725
89,85,0.994768,-0.00957897,0.0154748
89,86,0.994608,-0.0100165,0.0151626
89,87,0.994449,-0.0104371,0.0148362
89,88,0.994291,-0.0108395,0.0144958
89,89,0.994134,-0.0112224,0.0141418
89,90,0.993978,-0.0115848,0.0137746
89,91,0.993823,-0.0119254,0.0133947
89,92,0.993668,-0.012243,0.0130026
89,93,0.993513,-0.0125364,0.0125987
89,94,0.993359,-0.0128046,0.0121838
89,95,0.993206,-0.0130463,0.0117584
89,96,0.993052,-0.0132604,0.0113234
89,97,0.9929,-0.0134459,0.0108793
89,98,0.992748,-0.0136015,0.0104274
89,99,0.992597,-0.0137263,0.009968
89,100,0.992447,-0.0138192,0.00950262
89,101,0.992298,-0.013879,0.00903177
89,102,0.992151,-0.0139049,0.00855705
89,103,0.992005,-0.0138959,0.00807904
89,104,0.991861,-0.013851,0.00759954
89,105,0.991719,-0.0137697,0.00711916
89,106,0.991579,-0.0136511,0.00663989
89,107,0.991442,-0.013495,0.00616237
89,108,0.991309,-0.0133007,0.00568875
89,109,0.991179,-0.013068,0.0052197
89,110,0.991053,-0.0127961,0.00475758
89,111,0.990931,-0.0124841,0.00430309
89,112,0.990815,-0.0121298,0.00385881
89,113,0.990703,-0.0117299,0.0034256
89,114,0.990597,-0.011279,0.00300637
89,115,0.990497,-0.0107688,0.00260228
89,116,0.990404,-0.0101884,0.00221674
89,117,0.990317,-0.0095233,0.00185146
89,118,0.990238,-0.00875677,0.00151055
89,119,0.990166,-0.00787136,0.00119641
89,120,0.990103,-0.00685271,0.000913896
89,121,0.990048,-0.00569592,0.000665845
89,122,0.990001,-0.00441539,0.000457106
89,123,0.989964,-0.00305924,0.000289395
89,124,0.989936,-0.00172891,0.000164585
89,125,0.989917,-0.000603998,7.83976e-05
89,126,0.989907,2.92995e-05,2.25224e-05
89,127,1,-0.00343474,0
90,0,1,0,0
90,1,1.01191,-0.000783246,-1.69479e-05
90,2,1.0119,-0.00175222,-4.98443e-05
90,3,1.01187,-0.00200869,-5.33425e-05
90,4,1.01184,-0.00173401,-1.77774e-05
90,5,1.0118,-0.00112246,6.02512e-05
90,6,1.01174,-0.000338948,0.000179471
90,7,1.01168,0.000497359,0.000336415
90,8,1.01161,0.00131291,0.000527199
90,9,1.01153,0.00207108,0.000748499
90,10,1.01144,0.00276083,0.000997328
90,11,1.01134,0.00338631,0.00127131
90,12,1.01123,0.00395872,0.00156828
90,13,1.01112,0.00449087,0.00188646
90,14,1.01099,0.00499405,0.00222412
90,15,1.01085,0.00547669,0.00257979
90,16,1.01071,0.00594408,0.00295194
90,17,1.01055,0.00639873,0.00333925
90,18,1.01039,0.00684107,0.00374029
90,19,1.01022,0.00727011,0.00415379
90,20,1.01004,0.00768398,0.00457834
90,21,1.00986,0.0080805,0.00501268
90,22,1.00966,0.00845738,0.00545541
90,23,1.00946,0.00881251,0.00590526
90,24,1.00925,0.00914403,0.00636084
90,25,1.00903,0.00945037,0.00682089
90,26,1.00881,0.00973024,0.00728406
90,27,1.00858,0.00998263,0.00774914
90,28,1.00835,0.0102068,0.00821484
90,29,1.0081,0.0104021,0.00868
90,30,1.00786,0.0105682,0.00914343
90,31,1.0076,0.0107048,0.00960404
90,32,1.00735,0.0108117,0.0100607
90,33,1.00708,0.0108891,0.0105125
90,34,1.00682,0.0109368,0.0109584
90,35,1.00655,0.0109552,0.0113976
90,36,1.00628,0.0109445,0.011829
90,37,1.006,0.010905,0.012252
90,38,1.00572,0.0108371,0.0126657
90,39,1.00544,0.0107414,0.0130696
90,40,1.00516,0.0106183,0.0134627
90,41,1.00487,0.0104687,0.0138447
90,42,1.00459,0.010293,0.0142149
90,43,1.00431,0.0100921,0.0145728
90,44,1.00402,0.00986675,0.0149179
90,45,1.00374,0.0096178,0.0152498
90,46,1.00345,0.0093461,0.015568
90,47,1.00317,0.00905254,0.0158723
90,48,1.00289,0.00873806,0.0161622
90,49,1.0026,0.00840357,0.0164376
90,50,1.00233,0.00805003,0.0166981
90,51,1.00205,0.00767841,0.0169436
90,52,1.00177,0.00728966,0.0171737
90,53,1.0015,0.00688476,0.0173884
90,54,1.00123,0.00646466,0.0175875
90,55,1.00097,0.00603032,0.0177708
90,56,1.0007,0.0055827,0.0179382
90,57,1.00044,0.00512275,0.0180896
90,58,1.00019,0.00465138,0.018225
90,59,0.999936,0.00416953,0.0183443
90,60,0.999688,0.00367812,0.0184473
90,61,0.999443,0.00317803,0.0185341
90,62,0.999202,0.00267016,0.0186046
90,63,0.998966,0.00215538,0.0186588
90,64,0.998733,0.00163458,0.0186966
90,65,0.998505,0.00110861,0.018718
90,66,0.99828,0.000578329,0.018723
90,67,0.99806,4.45903e-05,0.0187116
90,68,0.997843,-0.000491754,0.0186838
90,69,0.99763,-0.00102985,0.0186395
90,70,0.997421,-0.00156885,0.0185788
90,71,0.997216,-0.00210787,0.0185017
90,72,0.997014,-0.00264606,0.0184081
90,73,0.996816,-0.00318253,0.0182982
90,74,0.996621,-0.00371638,0.0181718
90,75,0.996429,-0.0042467,0.0180292
90,76,0.99624,-0.00477256,0.0178702
90,77,0.996054,-0.005293,0.0176949
90,78,0.995871,-0.00580706,0.0175034
90,79,0.99569,-0.00631373,0.0172958
90,80,0.995511,-0.00681201,0.0170722
90,81,0.995335,-0.00730085,0.0168327
90,82,0.99516,-0.00777919,0.0165774
90,83,0.994987,-0.00824595,0.0163065
90,84,0.994816,-0.00870003,0.0160202
90,85,0.994646,-0.00914031,0.0157186
90,86,0.994478,-0.00956568,0.0154022
90,87,0.99431,-0.00997499,0.0150711
90,88,0.994144,-0.0103671,0.0147257
90,89,0.993978,-0.0107408,0.0143663
90,90,0.993813,-0.0110951,0.0139935
90,91,0.993649,-0.0114287,0.0136075
90,92,0.993486,-0.0117406,0.0132092
90,93,0.993323,-0.0120296,0.0127987
90,94,0.993161,-0.0122946,0.0123771
90,95,0.992999,-0.0125344,0.0119446
90,96,0.992839,-0.0127481,0.0115024
90,97,0.992679,-0.0129345,0.011051
90,98,0.992519,-0.0130926,0.0105915
90,99,0.992361,-0.0132213,0.0101244
90,100,0.992204,-0.0133195,0.00965125
90,101,0.992049,-0.0133863,0.00917252
90,102,0.991895,-0.0134206,0.00868987
90,103,0.991742,-0.0134216,0.00820387
90,104,0.991592,-0.0133884,0.00771637
90,105,0.991445,-0.0133202,0.00722797
90,106,0.9913,-0.0132165,0.00674071
90,107,0.991158,-0.0130767,0.00625521
90,108,0.99102,-0.0129004,0.00577369
90,109,0.990885,-0.0126872,0.0052968
90,110,0.990755,-0.0124366,0.00482694
90,111,0.990629,-0.0121473,0.00436481
90,112,0.990508,-0.0118175,0.00391306
90,113,0.990393,-0.0114438,0.00347252
90,114,0.990284,-0.0110208,0.00304617
90,115,0.990181,-0.0105406,0.00263517
90,116,0.990085,-0.00999227,0.00224302
90,117,0.989996,-0.00936173,0.00187144
90,118,0.989914,-0.00863244,0.00152464
90,119,0.989841,-0.00778723,0.00120508
90,120,0.989775,-0.00681191,0.000917765
90,121,0.989718,-0.00570146,0.000665648
90,122,0.98967,-0.00446965,0.000453793
90,123,0.989632,-0.00316303,0.00028409
90,124,0.989602,-0.00188,0.000158685
90,125,0.989582,-0.000794904,7.35079e-05
90,126,0.989572,-0.000186087,2.04094e-05
90,127,1,-0.00343474,0
91,0,1,0,0
91,1,1.01217,-0.000683774,-1.68587e-05
91,2,1.01215,-0.00166564,-4.13627e-05
91,3,1.01212,-0.00195316,-4.428e-05
91,4,1.01209,-0.00171587,-9.60695e-06
91,5,1.01205,-0.00114154,6.6717e-05
91,6,1.01199,-0.000392214,0.000183211
91,7,1.01193,0.000413654,0.000336977
91,8,1.01186,0.00120219,0.000524392
91,9,1.01177,0.00193611,0.000742221
91,10,1.01168,0.00260378,0.00098752
91,11,1.01158,0.00320884,0.00125796
91,12,1.01147,0.00376213,0.00155139
91,13,1.01135,0.00427617,0.00186607
91,14,1.01123,0.00476209,0.00220029
91,15,1.01109,0.00522816,0.00255263
91,16,1.01094,0.00567956,0.00292162
91,17,1.01079,0.00611877,0.00330598
91,18,1.01062,0.00654619,0.00370433
91,19,1.01045,0.00696081,0.00411546
91,20,1.01027,0.00736082,0.00453799
91,21,1.01008,0.00774405,0.00497071
91,22,1.00988,0.0081083,0.00541225
91,23,1.00968,0.00845152,0.00586137
91,24,1.00947,0.00877192,0.0063167
91,25,1.00925,0.00906798,0.00677701
91,26,1.00902,0.00933851,0.00724095
91,27,1.00879,0.00958254,0.00770731
91,28,1.00855,0.00979936,0.00817481
91,29,1.00831,0.00998845,0.0086423
91,30,1.00806,0.0101494,0.00910855
91,31,1.0078,0.0102821,0.0095725
91,32,1.00754,0.0103864,0.010033
91,33,1.00727,0.0104622,0.0104891
91,34,1.00701,0.0105097,0.0109398
91,35,1.00673,0.010529,0.0113841
91,36,1.00646,0.0105204,0.0118211
91,37,1.00618,0.0104843,0.01225
91,38,1.0059,0.0104209,0.0126701
91,39,1.00561,0.0103309,0.0130805
91,40,1.00533,0.0102147,0.0134806
91,41,1.00504,0.0100728,0.0138698
91,42,1.00475,0.00990603,0.0142473
91,43,1.00446,0.00971496,0.0146128
91,44,1.00418,0.00950035,0.0149657
91,45,1.00389,0.00926296,0.0153054
91,46,1.0036,0.00900359,0.0156316
91,47,1.00331,0.00872307,0.0159439
91,48,1.00302,0.00842225,0.016242
91,49,1.00274,0.008102,0.0165254
91,50,1.00246,0.00776318,0.016794
91,51,1.00217,0.00740669,0.0170474
91,52,1.00189,0.00703343,0.0172854
91,53,1.00162,0.00664428,0.0175079
91,54,1.00134,0.00624015,0.0177145
91,55,1.00107,0.00582193,0.0179053
91,56,1.0008,0.00539052,0.01808
91,57,1.00054,0.0049468,0.0182385
91,58,1.00028,0.00449164,0.0183807
91,59,1.00002,0.00402593,0.0185066
91,60,0.999766,0.00355054,0.0186159
91,61,0.999515,0.00306631,0.0187087
91,62,0.999269,0.00257412,0.0187849
91,63,0.999026,0.00207481,0.0188445
91,64,0.998787,0.00156922,0.0188873
91,65,0.998551,0.00105822,0.0189134
91,66,0.99832,0.000542629,0.0189227
91,67,0.998093,2.33115e-05,0.0189153
91,68,0.997869,-0.000498884,0.018891
91,69,0.997649,-0.0010231,0.0188499
91,70,0.997433,-0.00154846,0.018792
91,71,0.99722,-0.0020741,0.0187172
91,72,0.997011,-0.00259912,0.0186256
91,73,0.996805,-0.0031226,0.0185172
91,74,0.996602,-0.00364364,0.0183919
91,75,0.996402,-0.00416127,0.0182499
91,76,0.996205,-0.00467455,0.0180911
91,77,0.996011,-0.00518247,0.0179157
91,78,0.99582,-0.00568404,0.0177236
91,79,0.995631,-0.00617822,0.0175149
91,80,0.995444,-0.00666397,0.0172898
91,81,0.995259,-0.0071402,0.0170484
91,82,0.995076,-0.00760585,0.0167908
91,83,0.994895,-0.00805979,0.0165172
91,84,0.994715,-0.00850091,0.0162278
91,85,0.994537,-0.00892809,0.0159229
91,86,0.99436,-0.00934018,0.0156026
91,87,0.994184,-0.00973605,0.0152673
91,88,0.994009,-0.0101146,0.0149174
91,89,0.993835,-0.0104746,0.0145533
91,90,0.993661,-0.010815,0.0141753
91,91,0.993489,-0.0111347,0.013784
91,92,0.993317,-0.0114325,0.01338
91,93,0.993146,-0.0117075,0.0129637
91,94,0.992975,-0.0119584,0.012536
91,95,0.992806,-0.0121844,0.0120974
91,96,0.992637,-0.0123843,0.0116488
91,97,0.992469,-0.0125571,0.0111908
91,98,0.992302,-0.0127018,0.0107247
91,99,0.992136,-0.0128175,0.0102509
91,100,0.991971,-0.0129032,0.00977101
91,101,0.991808,-0.0129579,0.00928547
91,102,0.991647,-0.0129807,0.00879598
91,103,0.991488,-0.0129708,0.00830314
91,104,0.991331,-0.0129274,0.00780881
91,105,0.991177,-0.0128499,0.00731362
91,106,0.991026,-0.0127377,0.00681961
91,107,0.990878,-0.0125905,0.00632743
91,108,0.990734,-0.0124078,0.0058393
91,109,0.990595,-0.0121894,0.0053559
91,110,0.990459,-0.0119348,0.00487964
91,111,0.990329,-0.011643,0.00441124
91,112,0.990204,-0.0113123,0.00395337
91,113,0.990085,-0.0109394,0.00350686
91,114,0.989972,-0.0105194,0.00307475
91,115,0.989866,-0.0100445,0.00265818
91,116,0.989766,-0.00950422,0.00226072
91,117,0.989675,-0.00888493,0.00188409
91,118,0.989591,-0.0081706,0.00153262
91,119,0.989516,-0.00734455,0.00120877
91,120,0.989449,-0.00639303,0.000917716
91,121,0.989391,-0.00531125,0.00066249
91,122,0.989343,-0.0041127,0.000448361
91,123,0.989304,-0.00284283,0.000277379
91,124,0.989275,-0.00159742,0.00015195
91,125,0.989256,-0.000546142,6.81962e-05
91,126,0.989247,4.01933e-05,1.82545e-05
91,127,1,-0.00343474,0
92,0,1,0,0
92,1,1.0124,-0.00076686,-1.05554e-05
92,2,1.01238,-0.00176061,-3.50401e-05
92,3,1.01236,-0.00208111,-3.54798e-05
92,4,1.01232,-0.00188634,-1.06876e-06
92,5,1.01227,-0.00135664,7.29875e-05
92,6,1.01222,-0.000650297,0.000186511
92,7,1.01215,0.000115774,0.000336808
92,8,1.01208,0.000868047,0.000520415
92,9,1.012,0.00156909,0.000734276
92,10,1.0119,0.00220695,0.000975493
92,11,1.0118,0.00278501,0.00124178
92,12,1.01169,0.00331384,0.00153099
92,13,1.01157,0.00380584,0.00184145
92,14,1.01144,0.00427198,0.00217145
92,15,1.0113,0.00472047,0.00251964
92,16,1.01115,0.00515645,0.00288458
92,17,1.011,0.00558236,0.00326507
92,18,1.01083,0.0059986,0.00365976
92,19,1.01066,0.00640414,0.00406751
92,20,1.01047,0.00679716,0.00448698
92,21,1.01028,0.00717548,0.00491701
92,22,1.01009,0.00753685,0.00535625
92,23,1.00988,0.00787917,0.00580351
92,24,1.00967,0.00820058,0.00625744
92,25,1.00945,0.00849949,0.00671684
92,26,1.00922,0.00877459,0.00718036
92,27,1.00898,0.00902484,0.00764682
92,28,1.00874,0.00924939,0.00811493
92,29,1.0085,0.00944761,0.00858356
92,30,1.00825,0.00961901,0.00905146
92,31,1.00799,0.00976326,0.00951758
92,32,1.00773,0.00988013,0.00998076
92,33,1.00746,0.0099695,0.01044
92,34,1.00719,0.0100314,0.0108943
92,35,1.00691,0.0100658,0.0113427
92,36,1.00664,0.0100729,0.0117842
92,37,1.00635,0.010053,0.012218
92,38,1.00607,0.0100064,0.0126434
92,39,1.00578,0.0099334,0.0130595
92,40,1.0055,0.00983456,0.0134656
92,41,1.00521,0.00971037,0.013861
92,42,1.00492,0.00956143,0.0142451
92,43,1.00462,0.00938837,0.0146174
92,44,1.00433,0.00919188,0.0149772
92,45,1.00404,0.00897271,0.0153241
92,46,1.00375,0.00873163,0.0156576
92,47,1.00346,0.00846945,0.0159773
92,48,1.00317,0.008187,0.0162827
92,49,1.00288,0.00788513,0.0165737
92,50,1.00259,0.00756472,0.0168497
92,51,1.0023,0.00722667,0.0171106
92,52,1.00202,0.00687186,0.0173561
92,53,1.00174,0.00650119,0.0175859
92,54,1.00146,0.00611558,0.0177999
92,55,1.00118,0.00571592,0.0179978
92,56,1.00091,0.00530312,0.0181795
92,57,1.00064,0.00487807,0.0183448
92,58,1.00037,0.00444167,0.0184936
92,59,1.00011,0.00399479,0.0186258
92,60,0.999848,0.00353831,0.0187413
92,61,0.999591,0.0030731,0.01884
92,62,0.999338,0.00260002,0.0189218
92,63,0.999088,0.00211992,0.0189866
92,64,0.998842,0.00163365,0.0190345
92,65,0.9986,0.00114205,0.0190652
92,66,0.998362,0.000645956,0.0190789
92,67,0.998128,0.000146205,0.0190754
92,68,0.997897,-0.000356368,0.0190547
92,69,0.997669,-0.000860925,0.0190169
92,70,0.997445,-0.00136663,0.0189618
92,71,0.997225,-0.00187262,0.0188895
92,72,0.997008,-0.00237805,0.0187999
92,73,0.996794,-0.00288205,0.0186931
92,74,0.996583,-0.00338375,0.0185691
92,75,0.996375,-0.00388223,0.0184279
92,76,0.99617,-0.0043766,0.0182696
92,77,0.995968,-0.00486592,0.0180941
92,78,0.995768,-0.00534925,0.0179016
92,79,0.99557,-0.00582562,0.0176922
92,80,0.995375,-0.00629403,0.0174659
92,81,0.995181,-0.0067535,0.0172229
92,82,0.99499,-0.007203,0.0169633
92,83,0.9948,-0.00764149,0.0166874
92,84,0.994612,-0.00806792,0.0163953
92,85,0.994425,-0.00848124,0.0160872
92,86,0.994239,-0.00888036,0.0157636
92,87,0.994054,-0.00926422,0.0154246
92,88,0.993871,-0.00963175,0.0150707
92,89,0.993688,-0.00998186,0.0147022
92,90,0.993507,-0.0103135,0.0143198
92,91,0.993326,-0.0106256,0.0139237
92,92,0.993146,-0.0109171,0.0135147
92,93,0.992967,-0.011187,0.0130933
92,94,0.992788,-0.0114343,0.0126602
92,95,0.992611,-0.0116579,0.0122161
92,96,0.992434,-0.0118568,0.011762
92,97,0.992259,-0.0120301,0.0112984
92,98,0.992085,-0.0121769,0.0108265
92,99,0.991912,-0.012296,0.010347
92,100,0.991741,-0.0123867,0.00986128
92,101,0.991572,-0.012448,0.00936996
92,102,0.991404,-0.0124789,0.00887472
92,103,0.991239,-0.0124787,0.00837617
92,104,0.991077,-0.0124467,0.0078762
92,105,0.990917,-0.0123821,0.00737542
92,106,0.990761,-0.0122845,0.00687592
92,107,0.990608,-0.0121534,0.00637834
92,108,0.99046,-0.0119886,0.00588494
92,109,0.990316,-0.0117896,0.00539637
92,110,0.990176,-0.0115561,0.00491509
92,111,0.990042,-0.011287,0.00444181
92,112,0.989914,-0.0109807,0.00397922
92,113,0.989791,-0.010634,0.00352816
92,114,0.989675,-0.010242,0.00309168
92,115,0.989566,-0.00979718,0.00267094
92,116,0.989465,-0.00928927,0.00226955
92,117,0.989371,-0.00870489,0.00188922
92,118,0.989285,-0.00802831,0.00153437
92,119,0.989208,-0.00724319,0.00120749
92,120,0.989139,-0.00633597,0.000913865
92,121,0.98908,-0.00530183,0.000656611
92,122,0.98903,-0.0041537,0.000441167
92,123,0.98899,-0.0029355,0.000269711
92,124,0.98896,-0.00174002,0.000144854
92,125,0.98894,-0.000731645,6.2877e-05
92,126,0.988931,-0.000173281,1.61686e-05
92,127,1,-0.00343474,0
93,0,1,0,0
93,1,1.01263,-0.000684562,-1.06437e-05
93,2,1.01261,-0.00168533,-2.64641e-05
93,3,1.01258,-0.00203199,-2.63503e-05
93,4,1.01254,-0.00187107,6.99403e-06
93,5,1.0125,-0.00137626,7.90107e-05
93,6,1.01244,-0.000702616,0.000189281
93,7,1.01238,3.39895e-05,0.000335713
93,8,1.0123,0.000759971,0.000515121
93,9,1.01222,0.00143742,0.000724555
93,10,1.01212,0.00205385,0.000961165
93,11,1.01202,0.00261217,0.00122272
93,12,1.01191,0.00312259,0.00150709
93,13,1.01178,0.0035972,0.00181263
93,14,1.01165,0.00404679,0.00213768
93,15,1.01151,0.00447937,0.00248094
93,16,1.01136,0.00489998,0.00284101
93,17,1.0112,0.00531099,0.00321675
93,18,1.01104,0.00571275,0.00360688
93,19,1.01086,0.00610424,0.00401029
93,20,1.01068,0.00648365,0.00442572
93,21,1.01049,0.00684885,0.00485204
93,22,1.01029,0.00719765,0.00528794
93,23,1.01008,0.00752801,0.00573228
93,24,1.00986,0.00783813,0.00618372
93,25,1.00964,0.00812652,0.0066411
93,26,1.00941,0.00839193,0.00710308
93,27,1.00917,0.00863336,0.00756852
93,28,1.00893,0.00885006,0.00803611
93,29,1.00868,0.00904144,0.00850473
93,30,1.00843,0.00920705,0.00897314
93,31,1.00817,0.00934661,0.00944029
93,32,1.00791,0.00945993,0.00990501
93,33,1.00764,0.00954691,0.0103663
93,34,1.00736,0.00960756,0.0108231
93,35,1.00709,0.00964195,0.0112745
93,36,1.00681,0.00965025,0.0117195
93,37,1.00652,0.00963269,0.0121572
93,38,1.00624,0.00958957,0.0125868
93,39,1.00595,0.00952126,0.0130076
93,40,1.00566,0.00942819,0.0134187
93,41,1.00537,0.00931086,0.0138195
93,42,1.00507,0.0091698,0.0142093
93,43,1.00478,0.00900562,0.0145875
93,44,1.00448,0.00881895,0.0149535
93,45,1.00419,0.00861047,0.0153068
93,46,1.00389,0.00838089,0.0156468
93,47,1.0036,0.00813096,0.0159732
93,48,1.0033,0.00786144,0.0162855
93,49,1.00301,0.00757312,0.0165834
93,50,1.00272,0.00726681,0.0168664
93,51,1.00243,0.00694332,0.0171343
93,52,1.00214,0.00660348,0.0173867
93,53,1.00185,0.00624814,0.0176235
93,54,1.00157,0.00587811,0.0178443
93,55,1.00129,0.00549425,0.0180489
93,56,1.00101,0.0050974,0.0182373
93,57,1.00074,0.0046884,0.0184091
93,58,1.00046,0.00426807,0.0185642
93,59,1.00019,0.00383726,0.0187026
93,60,0.999929,0.0033968,0.018824
93,61,0.999667,0.00294752,0.0189284
93,62,0.999408,0.00249023,0.0190156
93,63,0.999152,0.00202578,0.0190856
93,64,0.9989,0.00155497,0.0191383
93,65,0.998652,0.00107863,0.0191737
93,66,0.998407,0.000597589,0.0191916
93,67,0.998166,0.000112677,0.0191921
93,68,0.997928,-0.000375275,0.019175
93,69,0.997694,-0.000865422,0.0191404
93,70,0.997463,-0.00135691,0.0190881
93,71,0.997235,-0.00184889,0.0190183
93,72,0.997011,-0.00234047,0.0189309
93,73,0.99679,-0.00283077,0.0188258
93,74,0.996571,-0.00331887,0.0187031
93,75,0.996356,-0.00380386,0.0185629
93,76,0.996143,-0.0042848,0.0184051
93,77,0.995933,-0.00476072,0.0182299
93,78,0.995725,-0.00523065,0.0180372
93,79,0.995519,-0.00569358,0.0178271
93,80,0.995316,-0.00614851,0.0175999
93,81,0.995114,-0.00659441,0.0173555
93,82,0.994914,-0.00703022,0.0170943
93,83,0.994716,-0.0074549,0.0168163
93,84,0.994519,-0.00786738,0.0165218
93,85,0.994324,-0.00826659,0.0162111
93,86,0.99413,-0.00865146,0.0158845
93,87,0.993937,-0.00902092,0.0155422
93,88,0.993745,-0.00937391,0.0151848
93,89,0.993554,-0.00970936,0.0148126
93,90,0.993364,-0.0100262,0.0144262
93,91,0.993175,-0.0103235,0.0140259
93,92,0.992987,-0.0106002,0.0136127
93,93,0.9928,-0.0108553,0.0131868
93,94,0.992613,-0.0110877,0.0127492
93,95,0.992428,-0.0112967,0.0123004
93,96,0.992244,-0.0114812,0.0118416
93,97,0.99206,-0.0116403,0.0113732
93,98,0.991879,-0.0117731,0.0108965
93,99,0.991699,-0.0118787,0.0104123
93,100,0.99152,-0.0119563,0.00992181
93,101,0.991344,-0.012005,0.0094258
93,102,0.991169,-0.012024,0.00892595
93,103,0.990998,-0.0120126,0.00842285
93,104,0.990829,-0.0119701,0.00791844
93,105,0.990663,-0.0118959,0.00741332
93,106,0.990501,-0.0117895,0.00690961
93,107,0.990343,-0.0116508,0.00640794
93,108,0.990189,-0.0114793,0.0059106
93,109,0.99004,-0.011275,0.00541823
93,110,0.989896,-0.0110374,0.00493332
93,111,0.989758,-0.0107658,0.00445655
93,112,0.989625,-0.0104585,0.00399065
93,113,0.989499,-0.0101127,0.00353642
93,114,0.98938,-0.00972372,0.00309698
93,115,0.989268,-0.00928437,0.00267343
93,116,0.989163,-0.00878474,0.00226945
93,117,0.989067,-0.00821194,0.00188673
93,118,0.988979,-0.00755078,0.00152975
93,119,0.9889,-0.00678545,0.00120103
93,120,0.988831,-0.0059029,0.000905937
93,121,0.988771,-0.00489856,0.000647658
93,122,0.988721,-0.00378517,0.000431781
93,123,0.988681,-0.00260557,0.000260593
93,124,0.988651,-0.00144996,0.000136922
93,125,0.988632,-0.000478076,5.71908e-05
93,126,0.988623,5.47616e-05,1.39131e-05
93,127,1,-0.00343474,0
94,0,1,0,0
94,1,1.01283,-0.000744257,-4.20654e-06
94,2,1.01281,-0.00175116,-2.01799e-05
94,3,1.01278,-0.00212589,-1.75826e-05
94,4,1.01275,-0.00200392,1.5356e-05
94,5,1.0127,-0.00155151,8.47649e-05
94,6,1.01264,-0.000919664,0.000191564
94,7,1.01258,-0.000222411,0.000333878
94,8,1.0125,0.000467272,0.000508697
94,9,1.01241,0.00111149,0.000713262
94,10,1.01232,0.00169756,0.000944775
94,11,1.01221,0.00222812,0.00120106
94,12,1.0121,0.00271317,0.00147999
94,13,1.01198,0.00316463,0.00177997
94,14,1.01184,0.00359314,0.00209937
94,15,1.0117,0.00400665,0.00243695
94,16,1.01155,0.00441016,0.00279136
94,17,1.01139,0.00480601,0.00316153
94,18,1.01122,0.00519456,0.00354621
94,19,1.01105,0.00557481,0.0039444
94,20,1.01086,0.00594495,0.00435483
94,21,1.01067,0.00630286,0.00477646
94,22,1.01047,0.00664634,0.00520802
94,23,1.01026,0.00697331,0.0056484
94,24,1.01004,0.00728196,0.0060963
94,25,1.00982,0.0075707,0.00655059
94,26,1.00959,0.00783822,0.00700994
94,27,1.00935,0.00808344,0.00747324
94,28,1.00911,0.0083055,0.00793919
94,29,1.00886,0.00850371,0.0084067
94,30,1.00861,0.00867754,0.00887451
94,31,1.00835,0.00882656,0.00934158
94,32,1.00808,0.00895048,0.00980672
94,33,1.00781,0.00904912,0.010269
94,34,1.00754,0.00912236,0.0107272
94,35,1.00726,0.00917018,0.0111805
94,36,1.00698,0.00919266,0.0116279
94,37,1.00669,0.00918994,0.0120685
94,38,1.0064,0.00916224,0.0125015
94,39,1.00611,0.00910986,0.012926
94,40,1.00582,0.00903316,0.0133412
94,41,1.00552,0.00893256,0.0137464
94,42,1.00523,0.00880857,0.014141
94,43,1.00493,0.00866173,0.0145243
94,44,1.00463,0.00849263,0.0148956
94,45,1.00433,0.00830192,0.0152545
94,46,1.00404,0.00809029,0.0156004
94,47,1.00374,0.00785845,0.0159328
94,48,1.00344,0.00760716,0.0162513
94,49,1.00315,0.00733719,0.0165554
94,50,1.00285,0.00704933,0.0168448
94,51,1.00256,0.00674441,0.0171191
94,52,1.00226,0.00642323,0.017378
94,53,1.00197,0.00608665,0.0176212
94,54,1.00169,0.0057355,0.0178484
94,55,1.0014,0.00537063,0.0180594
94,56,1.00112,0.00499288,0.018254
94,57,1.00084,0.00460309,0.018432
94,58,1.00056,0.00420211,0.0185932
94,59,1.00029,0.00379077,0.0187374
94,60,1.00001,0.00336992,0.0188645
94,61,0.999745,0.00294038,0.0189744
94,62,0.999481,0.00250298,0.0190669
94,63,0.999219,0.00205853,0.0191419
94,64,0.998961,0.00160786,0.0191994
94,65,0.998706,0.00115178,0.0192392
94,66,0.998454,0.000691101,0.0192613
94,67,0.998206,0.000226638,0.0192656
94,68,0.997962,-0.000240794,0.019252
94,69,0.99772,-0.00071038,0.0192206
94,70,0.997482,-0.0011813,0.0191712
94,71,0.997247,-0.00165272,0.0191039
94,72,0.997015,-0.00212381,0.0190186
94,73,0.996786,-0.00259371,0.0189154
94,74,0.99656,-0.00306158,0.0187941
94,75,0.996336,-0.00352653,0.018655
94,76,0.996115,-0.00398769,0.0184979
94,77,0.995897,-0.00444415,0.0183229
94,78,0.995681,-0.004895,0.0181302
94,79,0.995467,-0.0053393,0.0179197
94,80,0.995255,-0.00577611,0.0176917
94,81,0.995045,-0.00620446,0.0174463
94,82,0.994836,-0.00662338,0.0171836
94,83,0.99463,-0.00703188,0.0169039
94,84,0.994424,-0.00742898,0.0166074
94,85,0.994221,-0.00781366,0.0162944
94,86,0.994018,-0.00818494,0.0159652
94,87,0.993817,-0.00854179,0.0156201
94,88,0.993617,-0.00888322,0.0152597
94,89,0.993417,-0.00920823,0.0148842
94,90,0.993219,-0.00951585,0.0144944
94,91,0.993022,-0.00980509,0.0140906
94,92,0.992826,-0.010075,0.0136737
94,93,0.992631,-0.0103246,0.013244
94,94,0.992437,-0.010553,0.0128026
94,95,0.992244,-0.0107593,0.0123499
94,96,0.992052,-0.0109425,0.0118872
94,97,0.991862,-0.0111019,0.0114149
94,98,0.991674,-0.0112364,0.0109344
94,99,0.991487,-0.0113453,0.0104464
94,100,0.991302,-0.0114277,0.0099522
94,101,0.991119,-0.0114828,0.00945256
94,102,0.990939,-0.0115098,0.0089492
94,103,0.990762,-0.011508,0.00844272
94,104,0.990588,-0.0114767,0.00793506
94,105,0.990417,-0.0114153,0.00742685
94,106,0.99025,-0.0113235,0.00692021
94,107,0.990087,-0.0112008,0.00641577
94,108,0.989929,-0.0110471,0.00591584
94,109,0.989776,-0.0108622,0.00542104
94,110,0.989628,-0.0106456,0.0049339
94,111,0.989486,-0.0103967,0.00445505
94,112,0.989351,-0.0101138,0.00398726
94,113,0.989222,-0.00979422,0.00353131
94,114,0.9891,-0.0094333,0.00309033
94,115,0.988985,-0.00902413,0.00266541
94,116,0.988878,-0.00855697,0.00226024
94,117,0.98878,-0.00801927,0.0018765
94,118,0.98869,-0.00739616,0.00151873
94,119,0.988609,-0.00667219,0.00118943
94,120,0.988538,-0.00583457,0.000894077
94,121,0.988477,-0.00487873,0.000635878
94,122,0.988425,-0.00381692,0.000420554
94,123,0.988384,-0.0026905,0.000250469
94,124,0.988353,-0.00158668,0.000128587
94,125,0.988333,-0.00065994,5.14317e-05
94,126,0.988324,-0.000157676,1.18556e-05
94,127,1,-0.00343474,0
95,0,1,0,0
95,1,1.01303,-0.000679951,-4.4744e-06
95,2,1.01301,-0.0016881,-1.16351e-05
95,3,1.01298,-0.00208391,-8.53154e-06
95,4,1.01295,-0.00199198,2.31732e-05
95,5,1.0129,-0.00157185,9.02372e-05
95,6,1.01284,-0.00097099,0.000193313
95,7,1.01277,-0.000302043,0.000331148
95,8,1.01269,0.000362227,0.000501029
95,9,1.01261,0.000983631,0.000700314
95,10,1.01251,0.00154904,0.000926263
95,11,1.01241,0.00206067,0.00117676
95,12,1.01229,0.00252814,0.00144968
95,13,1.01217,0.00296306,0.0017435
95,14,1.01203,0.00337584,0.0020566
95,15,1.01189,0.00377424,0.00238781
95,16,1.01174,0.00416312,0.00273582
95,17,1.01158,0.00454474,0.00309964
95,18,1.01141,0.0049194,0.00347807
95,19,1.01123,0.00528609,0.00387017
95,20,1.01105,0.00564303,0.00427473
95,21,1.01085,0.00598813,0.00469077
95,22,1.01065,0.00631923,0.00511703
95,23,1.01044,0.00663435,0.00555249
95,24,1.01022,0.00693172,0.00599585
95,25,1.01,0.00720983,0.00644604
95,26,1.00977,0.00746744,0.00690173
95,27,1.00953,0.00770355,0.00736186
95,28,1.00928,0.00791735,0.00782512
95,29,1.00903,0.00810821,0.00829044
95,30,1.00878,0.00827566,0.00875658
95,31,1.00851,0.00841932,0.0092225
95,32,1.00825,0.00853894,0.00968701
95,33,1.00798,0.00863437,0.0101491
95,34,1.0077,0.00870551,0.0106078
95,35,1.00742,0.00875238,0.011062
95,36,1.00714,0.00877504,0.0115108
95,37,1.00685,0.00877366,0.0119533
95,38,1.00656,0.00874843,0.0123885
95,39,1.00627,0.00869965,0.0128158
95,40,1.00597,0.00862766,0.0132341
95,41,1.00567,0.00853285,0.0136429
95,42,1.00538,0.00841568,0.0140414
95,43,1.00508,0.00827667,0.014429
95,44,1.00478,0.00811636,0.0148048
95,45,1.00448,0.00793534,0.0151686
95,46,1.00418,0.00773424,0.0155195
95,47,1.00387,0.00751372,0.0158572
95,48,1.00357,0.00727448,0.0161811
95,49,1.00328,0.00701721,0.0164909
95,50,1.00298,0.00674266,0.016786
95,51,1.00268,0.00645156,0.0170662
95,52,1.00238,0.00614469,0.017331
95,53,1.00209,0.0058228,0.0175801
95,54,1.0018,0.00548668,0.0178133
95,55,1.00151,0.00513711,0.0180302
95,56,1.00122,0.00477488,0.0182307
95,57,1.00094,0.00440077,0.0184145
95,58,1.00065,0.00401557,0.0185813
95,59,1.00037,0.00362007,0.0187311
95,60,1.0001,0.00321507,0.0188635
95,61,0.999825,0.00280135,0.0189786
95,62,0.999554,0.00237971,0.0190761
95,63,0.999287,0.00195094,0.0191559
95,64,0.999023,0.00151583,0.0192179
95,65,0.998762,0.00107518,0.0192621
95,66,0.998504,0.000629784,0.0192881
95,67,0.99825,0.000180451,0.0192962
95,68,0.997999,-0.000272007,0.0192861
95,69,0.997751,-0.000726771,0.0192578
95,70,0.997506,-0.00118301,0.0192112
95,71,0.997263,-0.00163988,0.0191464
95,72,0.997024,-0.00209654,0.0190632
95,73,0.996788,-0.00255212,0.0189618
95,74,0.996554,-0.00300572,0.018842
95,75,0.996323,-0.00345647,0.0187039
95,76,0.996095,-0.00390344,0.0185475
95,77,0.995869,-0.00434571,0.018373
95,78,0.995645,-0.00478234,0.0181803
95,79,0.995423,-0.00521237,0.0179697
95,80,0.995203,-0.00563482,0.0177411
95,81,0.994985,-0.00604872,0.0174948
95,82,0.994768,-0.00645308,0.017231
95,83,0.994553,-0.00684688,0.0169498
95,84,0.99434,-0.00722914,0.0166516
95,85,0.994128,-0.00759885,0.0163366
95,86,0.993917,-0.00795501,0.0160052
95,87,0.993708,-0.00829662,0.0156578
95,88,0.993499,-0.00862269,0.0152948
95,89,0.993292,-0.00893226,0.0149167
95,90,0.993086,-0.00922436,0.014524
95,91,0.992881,-0.00949805,0.0141173
95,92,0.992676,-0.00975242,0.0136973
95,93,0.992473,-0.00998656,0.0132646
95,94,0.992271,-0.0101996,0.0128201
95,95,0.992071,-0.0103907,0.0123644
95,96,0.991872,-0.0105589,0.0118987
95,97,0.991674,-0.0107036,0.0114234
95,98,0.991478,-0.0108238,0.0109401
95,99,0.991284,-0.0109188,0.0104492
95,100,0.991093,-0.0109877,0.0099524
95,101,0.990903,-0.01103,0.00945025
95,102,0.990717,-0.0110448,0.00894452
95,103,0.990533,-0.0110314,0.00843584
95,104,0.990353,-0.0109894,0.00792618
95,105,0.990177,-0.0109182,0.00741613
95,106,0.990004,-0.0108175,0.00690787
95,107,0.989837,-0.010687,0.00640198
95,108,0.989673,-0.0105266,0.00590082
95,109,0.989516,-0.0103363,0.00540498
95,110,0.989364,-0.0101156,0.00491699
95,111,0.989218,-0.00986402,0.00443748
95,112,0.989078,-0.00958017,0.00396922
95,113,0.988946,-0.00926146,0.00351297
95,114,0.98882,-0.00890357,0.00307186
95,115,0.988703,-0.00849989,0.00264694
95,116,0.988594,-0.00804111,0.00224195
95,117,0.988494,-0.00751514,0.00185852
95,118,0.988402,-0.00690769,0.00150123
95,119,0.98832,-0.00620387,0.00117256
95,120,0.988248,-0.00539142,0.00087807
95,121,0.988185,-0.00446609,0.000620977
95,122,0.988134,-0.00343997,0.00040711
95,123,0.988092,-0.00235335,0.00023888
95,124,0.988062,-0.00129091,0.000119429
95,125,0.988042,-0.000402487,4.53664e-05
95,126,0.988034,7.21091e-05,9.50601e-06
95,127,1,-0.00343474,0
96,0,1,0,0
96,1,1.01321,-0.000715943,2.01229e-06
96,2,1.01319,-0.0017246,-5.48119e-06
96,3,1.01316,-0.00214338,6.54414e-08
96,4,1.01312,-0.00208648,3.12152e-05
96,5,1.01307,-0.00170613,9.53619e-05
96,6,1.01302,-0.0011455,0.000194517
96,7,1.01295,-0.000515101,0.000327657
96,8,1.01287,0.000113179,0.000492253
96,9,1.01278,0.000701339,0.000685869
96,10,1.01268,0.00123614,0.000905822
96,11,1.01258,0.00171958,0.00115004
96,12,1.01246,0.00216108,0.00141644
96,13,1.01234,0.00257204,0.00170353
96,14,1.0122,0.00296275,0.00200971
96,15,1.01206,0.00334088,0.0023339
96,16,1.01191,0.00371123,0.00267482
96,17,1.01175,0.00407608,0.00303157
96,18,1.01158,0.00443574,0.00340298
96,19,1.0114,0.00478923,0.00378819
96,20,1.01121,0.00513481,0.00418603
96,21,1.01102,0.0054704,0.00459561
96,22,1.01081,0.00579388,0.00501568
96,23,1.0106,0.00610325,0.00544529
96,24,1.01039,0.00639672,0.00588316
96,25,1.01016,0.00667274,0.00632827
96,26,1.00993,0.00693003,0.00677931
96,27,1.00969,0.00716751,0.00723525
96,28,1.00945,0.00738429,0.0076948
96,29,1.00919,0.00757965,0.00815691
96,30,1.00894,0.00775303,0.00862034
96,31,1.00867,0.00790396,0.00908408
96,32,1.00841,0.00803209,0.00954692
96,33,1.00813,0.00813715,0.0100079
96,34,1.00786,0.00821898,0.0104659
96,35,1.00758,0.00827748,0.01092
96,36,1.00729,0.00831264,0.0113692
96,37,1.007,0.00832452,0.0118125
96,38,1.00671,0.00831327,0.0122491
96,39,1.00642,0.00827908,0.0126781
96,40,1.00612,0.00822223,0.0130987
96,41,1.00583,0.00814307,0.0135102
96,42,1.00553,0.00804199,0.0139117
96,43,1.00522,0.00791945,0.0143026
96,44,1.00492,0.00777596,0.0146823
96,45,1.00462,0.00761208,0.01505
96,46,1.00432,0.00742841,0.0154053
96,47,1.00401,0.00722556,0.0157475
96,48,1.00371,0.00700422,0.0160762
96,49,1.00341,0.00676508,0.0163909
96,50,1.00311,0.00650886,0.0166911
96,51,1.00281,0.00623629,0.0169765
96,52,1.00251,0.00594812,0.0172466
96,53,1.00221,0.00564512,0.0175012
96,54,1.00191,0.00532808,0.0177398
96,55,1.00162,0.00499776,0.0179622
96,56,1.00133,0.00465496,0.018168
96,57,1.00104,0.00430046,0.0183572
96,58,1.00075,0.00393506,0.0185293
96,59,1.00047,0.00355955,0.0186842
96,60,1.00018,0.00317472,0.0188217
96,61,0.999906,0.00278134,0.0189417
96,62,0.99963,0.00238022,0.0190439
96,63,0.999357,0.00197213,0.0191283
96,64,0.999087,0.00155787,0.0191946
96,65,0.99882,0.0011382,0.0192428
96,66,0.998556,0.000713917,0.0192727
96,67,0.998295,0.000285803,0.0192844
96,68,0.998037,-0.000145356,0.0192775
96,69,0.997782,-0.000578768,0.0192523
96,70,0.99753,-0.00101364,0.0192084
96,71,0.997281,-0.00144916,0.019146
96,72,0.997034,-0.00188454,0.0190649
96,73,0.99679,-0.00231893,0.0189652
96,74,0.996549,-0.00275152,0.0188469
96,75,0.99631,-0.00318147,0.0187099
96,76,0.996074,-0.00360792,0.0185544
96,77,0.995839,-0.00403,0.0183804
96,78,0.995607,-0.00444684,0.0181879
96,79,0.995377,-0.00485755,0.0179771
96,80,0.995149,-0.00526122,0.0177481
96,81,0.994923,-0.00565695,0.0175012
96,82,0.994698,-0.00604381,0.0172364
96,83,0.994475,-0.00642088,0.0169541
96,84,0.994253,-0.00678722,0.0166545
96,85,0.994033,-0.00714191,0.0163379
96,86,0.993814,-0.007484,0.0160047
96,87,0.993596,-0.00781257,0.0156553
96,88,0.99338,-0.0081267,0.0152903
96,89,0.993164,-0.00842547,0.0149099
96,90,0.99295,-0.00870799,0.014515
96,91,0.992737,-0.00897336,0.014106
96,92,0.992525,-0.00922072,0.0136837
96,93,0.992314,-0.00944921,0.0132486
96,94,0.992105,-0.00965799,0.0128018
96,95,0.991897,-0.00984625,0.0123439
96,96,0.991691,-0.0100132,0.0118759
96,97,0.991487,-0.010158,0.0113986
96,98,0.991284,-0.0102799,0.0109133
96,99,0.991084,-0.0103781,0.0104207
96,100,0.990886,-0.0104519,0.00992224
96,101,0.990691,-0.0105005,0.00941865
96,102,0.990499,-0.0105233,0.0089117
96,103,0.99031,-0.0105196,0.00840199
96,104,0.990125,-0.0104889,0.00789154
96,105,0.989944,-0.0104306,0.00738091
96,106,0.989767,-0.0103444,0.00687232
96,107,0.989595,-0.0102301,0.00636632
96,108,0.989428,-0.0100875,0.00586528
96,109,0.989266,-0.00991657,0.00536977
96,110,0.989111,-0.00971698,0.00488235
96,111,0.988962,-0.00948815,0.0044036
96,112,0.988819,-0.00922873,0.00393631
96,113,0.988684,-0.00893623,0.00348119
96,114,0.988556,-0.00860644,0.00304138
96,115,0.988437,-0.00823293,0.0026179
96,116,0.988326,-0.00780664,0.00221449
96,117,0.988223,-0.00731581,0.00183275
96,118,0.98813,-0.00674649,0.00147727
96,119,0.988046,-0.00608418,0.00115052
96,120,0.987972,-0.00531693,0.000858094
96,121,0.987909,-0.00444054,0.000603217
96,122,0.987856,-0.00346661,0.000391795
96,123,0.987813,-0.002434,0.000226269
96,124,0.987782,-0.00142445,0.000109842
96,125,0.987761,-0.000582543,3.91691e-05
96,126,0.987752,-0.000140193,7.47828e-06
96,127,1,-0.00343474,0
97,0,1,0,0
97,1,1.01339,-0.000670195,1.5711e-06
97,2,1.01337,-0.00167449,2.91188e-06
97,3,1.01334,-0.00210914,8.89267e-06
97,4,1.0133,-0.00207825,3.86418e-05
97,5,1.01325,-0.00172733,0.00010016
97,6,1.01319,-0.00119577,0.000195168
97,7,1.01312,-0.000592354,0.000323284
97,8,1.01304,1.15248e-05,0.000482288
97,9,1.01295,0.000577761,0.000669872
97,10,1.01286,0.00109278,0.000883416
97,11,1.01275,0.00155819,0.00112092
97,12,1.01263,0.00198303,0.0013803
97,13,1.01251,0.0023784,0.00166012
97,14,1.01237,0.0027543,0.00195882
97,15,1.01223,0.0031182,0.00227538
97,16,1.01207,0.00347476,0.00260857
97,17,1.01191,0.00382614,0.00295756
97,18,1.01174,0.00417261,0.00332123
97,19,1.01156,0.00451315,0.00369881
97,20,1.01138,0.00484605,0.00408916
97,21,1.01118,0.00516926,0.00449146
97,22,1.01098,0.00548071,0.00490451
97,23,1.01077,0.00577845,0.0053274
97,24,1.01055,0.00606077,0.0057589
97,25,1.01032,0.0063262,0.00619801
97,26,1.01009,0.00657351,0.00664348
97,27,1.00985,0.0068017,0.00709429
97,28,1.0096,0.00700994,0.00754916
97,29,1.00935,0.00719758,0.00800709
97,30,1.00909,0.00736411,0.00846682
97,31,1.00883,0.00750911,0.00892739
97,32,1.00856,0.00763228,0.00938756
97,33,1.00829,0.0077334,0.00984642
97,34,1.00801,0.00781232,0.0103028
97,35,1.00773,0.00786899,0.0107558
97,36,1.00744,0.0079034,0.0112043
97,37,1.00715,0.00791563,0.0116476
97,38,1.00686,0.00790582,0.0120846
97,39,1.00657,0.00787417,0.0125145
97,40,1.00627,0.00782094,0.0129364
97,41,1.00597,0.00774647,0.0133496
97,42,1.00567,0.00765111,0.0137532
97,43,1.00536,0.00753529,0.0141467
97,44,1.00506,0.00739948,0.0145292
97,45,1.00476,0.0072442,0.0149002
97,46,1.00445,0.00706998,0.0152589
97,47,1.00415,0.00687742,0.015605
97,48,1.00384,0.00666712,0.0159377
97,49,1.00353,0.00643971,0.0162567
97,50,1.00323,0.00619586,0.0165614
97,51,1.00293,0.00593624,0.0168514
97,52,1.00262,0.00566155,0.0171262
97,53,1.00232,0.00537248,0.0173855
97,54,1.00202,0.00506975,0.017629
97,55,1.00173,0.00475408,0.0178563
97,56,1.00143,0.00442621,0.0180671
97,57,1.00114,0.00408687,0.0182611
97,58,1.00085,0.00373679,0.018438
97,59,1.00056,0.00337673,0.0185977
97,60,1.00027,0.00300743,0.0187399
97,61,0.999988,0.00262964,0.0188644
97,62,0.999707,0.0022441,0.018971
97,63,0.999429,0.00185158,0.0190596
97,64,0.999153,0.00145284,0.0191299
97,65,0.99888,0.00104863,0.019182
97,66,0.99861,0.00063973,0.0192155
97,67,0.998343,0.000226912,0.0192305
97,68,0.998079,-0.000189041,0.0192267
97,69,0.997817,-0.000607336,0.0192043
97,70,0.997559,-0.00102717,0.019163
97,71,0.997303,-0.00144774,0.0191028
97,72,0.997049,-0.00186822,0.0190237
97,73,0.996798,-0.00228776,0.0189258
97,74,0.99655,-0.00270553,0.0188088
97,75,0.996303,-0.00312066,0.018673
97,76,0.99606,-0.00353228,0.0185183
97,77,0.995818,-0.00393949,0.0183448
97,78,0.995578,-0.00434141,0.0181526
97,79,0.99534,-0.00473712,0.0179418
97,80,0.995104,-0.00512569,0.0177126
97,81,0.99487,-0.00550622,0.0174651
97,82,0.994637,-0.00587775,0.0171997
97,83,0.994406,-0.00623937,0.0169164
97,84,0.994176,-0.00659013,0.0166157
97,85,0.993948,-0.0069291,0.0162979
97,86,0.993721,-0.00725536,0.0159633
97,87,0.993495,-0.00756799,0.0156124
97,88,0.993271,-0.00786609,0.0152458
97,89,0.993047,-0.00814877,0.0148638
97,90,0.992825,-0.00841517,0.0144672
97,91,0.992604,-0.00866444,0.0140565
97,92,0.992385,-0.00889574,0.0136325
97,93,0.992166,-0.00910827,0.0131958
97,94,0.991949,-0.00930124,0.0127475
97,95,0.991734,-0.0094739,0.0122881
97,96,0.991521,-0.00962548,0.0118189
97,97,0.991309,-0.00975527,0.0113405
97,98,0.9911,-0.00986255,0.0108542
97,99,0.990893,-0.00994661,0.0103608
97,100,0.990689,-0.0100068,0.00986187
97,101,0.990487,-0.0100424,0.00935797
97,102,0.990289,-0.0100528,0.00885096
97,103,0.990094,-0.0100375,0.00834144
97,104,0.989903,-0.00999594,0.00783143
97,105,0.989717,-0.00992775,0.00732151
97,106,0.989535,-0.00983264,0.00681389
97,107,0.989358,-0.00971047,0.0063091
97,108,0.989186,-0.00956117,0.00580956
97,109,0.989021,-0.00938474,0.00531577
97,110,0.988861,-0.00918102,0.00483031
97,111,0.988708,-0.00894953,0.00435372
97,112,0.988562,-0.00868912,0.00388881
97,113,0.988424,-0.00839748,0.00343623
97,114,0.988294,-0.00807068,0.00299913
97,115,0.988172,-0.00770263,0.00257848
97,116,0.988058,-0.00728468,0.002178
97,117,0.987954,-0.00680557,0.00179926
97,118,0.987859,-0.00625192,0.00144686
97,119,0.987774,-0.00560985,0.00112324
97,120,0.987699,-0.00486793,0.000833998
97,121,0.987635,-0.00402232,0.000582362
97,122,0.987582,-0.00308448,0.000374289
97,123,0.987539,-0.00209225,0.00021221
97,124,0.987508,-0.00112483,9.94623e-05
97,125,0.987488,-0.000322197,3.27323e-05
97,126,0.987479,9.12806e-05,5.04353e-06
97,127,1,-0.00343474,0
98,0,1,0,0
98,1,1.01355,-0.000682452,8.02379e-06
98,2,1.01352,-0.00168179,8.85043e-06
98,3,1.01349,-0.0021342,1.71836e-05
98,4,1.01345,-0.00213415,4.62163e-05
98,5,1.0134,-0.00182005,0.000104533
98,6,1.01334,-0.00132683,0.000195216
98,7,1.01327,-0.000760828,0.000318124
98,8,1.01319,-0.000192322,0.000471228
98,9,1.0131,0.000340956,0.000652442
98,10,1.01301,0.000825424,0.000859201
98,11,1.0129,0.00126251,0.00108957
98,12,1.01278,0.00166106,0.00134147
98,13,1.01266,0.00203196,0.00161354
98,14,1.01252,0.00238507,0.00190423
98,15,1.01238,0.00272776,0.0022126
98,16,1.01222,0.00306466,0.00253745
98,17,1.01206,0.00339791,0.00287805
98,18,1.01189,0.00372782,0.00323333
98,19,1.01171,0.00405344,0.00360257
98,20,1.01152,0.00437308,0.00398471
98,21,1.01133,0.00468477,0.00437897
98,22,1.01112,0.00498645,0.00478421
98,23,1.01091,0.00527622,0.00519957
98,24,1.01069,0.00555235,0.00562384
98,25,1.01047,0.00581336,0.00605611
98,26,1.01023,0.00605798,0.0064951
98,27,1.01,0.00628516,0.00693987
98,28,1.00975,0.00649402,0.00738914
98,29,1.0095,0.00668384,0.00784195
98,30,1.00924,0.00685401,0.00829705
98,31,1.00898,0.00700405,0.00875348
98,32,1.00871,0.00713356,0.00921003
98,33,1.00843,0.00724224,0.00966578
98,34,1.00816,0.00732985,0.0101196
98,35,1.00787,0.00739625,0.0105705
98,36,1.00759,0.00744135,0.0110175
98,37,1.0073,0.00746516,0.0114597
98,38,1.00701,0.00746773,0.0118961
98,39,1.00671,0.0074492,0.012326
98,40,1.00641,0.00740977,0.0127483
98,41,1.00611,0.00734969,0.0131623
98,42,1.00581,0.00726928,0.0135672
98,43,1.0055,0.00716892,0.0139624
98,44,1.0052,0.00704904,0.0143469
98,45,1.00489,0.0069101,0.0147203
98,46,1.00459,0.00675262,0.0150818
98,47,1.00428,0.00657715,0.0154309
98,48,1.00397,0.00638427,0.0157669
98,49,1.00366,0.00617461,0.0160894
98,50,1.00336,0.0059488,0.0163978
98,51,1.00305,0.0057075,0.0166917
98,52,1.00275,0.0054514,0.0169706
98,53,1.00244,0.0051812,0.0172342
98,54,1.00214,0.00489759,0.0174819
98,55,1.00184,0.0046013,0.0177136
98,56,1.00154,0.00429306,0.0179287
98,57,1.00124,0.00397359,0.0181271
98,58,1.00094,0.00364364,0.0183084
98,59,1.00065,0.00330393,0.0184724
98,60,1.00036,0.00295522,0.0186188
98,61,1.00007,0.00259823,0.0187475
98,62,0.999785,0.00223373,0.0188581
98,63,0.999501,0.00186244,0.0189505
98,64,0.99922,0.00148511,0.0190245
98,65,0.998942,0.00110249,0.0190801
98,66,0.998666,0.000715325,0.0191169
98,67,0.998392,0.000324366,0.019135
98,68,0.998122,-6.96341e-05,0.0191341
98,69,0.997853,-0.000465918,0.0191143
98,70,0.997588,-0.000863722,0.0190754
98,71,0.997325,-0.00126228,0.0190174
98,72,0.997064,-0.00166081,0.0189401
98,73,0.996806,-0.00205853,0.0188438
98,74,0.99655,-0.00245464,0.0187282
98,75,0.996296,-0.00284835,0.0185934
98,76,0.996044,-0.00323884,0.0184395
98,77,0.995795,-0.00362529,0.0182666
98,78,0.995547,-0.00400686,0.0180747
98,79,0.995301,-0.00438273,0.0178641
98,80,0.995057,-0.00475203,0.0176347
98,81,0.994815,-0.00511392,0.017387
98,82,0.994574,-0.00546754,0.017121
98,83,0.994335,-0.00581202,0.0168371
98,84,0.994097,-0.00614651,0.0165356
98,85,0.993861,-0.00647014,0.0162168
98,86,0.993625,-0.00678206,0.0158813
98,87,0.993392,-0.00708142,0.0155293
98,88,0.993159,-0.00736738,0.0151615
98,89,0.992928,-0.00763911,0.0147784
98,90,0.992698,-0.0078958,0.0143807
98,91,0.992469,-0.00813666,0.0139689
98,92,0.992242,-0.00836091,0.013544
98,93,0.992017,-0.00856778,0.0131064
98,94,0.991793,-0.00875652,0.0126574
98,95,0.991571,-0.00892642,0.0121974
98,96,0.991351,-0.00907675,0.0117278
98,97,0.991133,-0.00920681,0.0112491
98,98,0.990917,-0.00931591,0.0107629
98,99,0.990704,-0.00940337,0.0102698
98,100,0.990494,-0.00946853,0.00977135
98,101,0.990287,-0.00951074,0.00926824
98,102,0.990084,-0.00952939,0.00876232
98,103,0.989884,-0.00952391,0.00825417
98,104,0.989688,-0.00949382,0.00774584
98,105,0.989497,-0.00943873,0.00723789
98,106,0.989311,-0.00935835,0.00673253
98,107,0.98913,-0.00925253,0.0062303
98,108,0.988955,-0.00912121,0.00573359
98,109,0.988786,-0.00896436,0.00524289
98,110,0.988623,-0.00878184,0.00476079
98,111,0.988467,-0.00857318,0.00428778
98,112,0.988319,-0.00833726,0.00382667
98,113,0.988178,-0.00807184,0.00337804
98,114,0.988046,-0.00777312,0.00294507
98,115,0.987921,-0.00743519,0.00252864
98,116,0.987806,-0.00704964,0.00213249
98,117,0.9877,-0.00660554,0.00175811
98,118,0.987604,-0.0060899,0.0014101
98,119,0.987517,-0.00548923,0.00109085
98,120,0.987441,-0.00479243,0.000805994
98,121,0.987376,-0.00399574,0.000558688
98,122,0.987321,-0.00311017,0.000354935
98,123,0.987277,-0.00217213,0.000197146
98,124,0.987245,-0.00125791,8.86478e-05
98,125,0.987224,-0.000502297,2.61128e-05
98,126,0.987215,-0.000121792,3.04759e-06
98,127,1,-0.00343474,0
99,0,1,0,0
99,1,1.0137,-0.000655559,7.42298e-06
99,2,1.01368,-0.00164511,1.69789e-05
99,3,1.01365,-0.00210813,2.5647e-05
99,4,1.0136,-0.00212988,5.31081e-05
99,5,1.01355,-0.00184216,0.000108529
99,6,1.01349,-0.00137591,0.000194685
99,7,1.01342,-0.000835425,0.000312087
99,8,1.01334,-0.000290201,0.000459024
99,9,1.01325,0.000222134,0.00063355
99,10,1.01316,0.000687775,0.000833166
99,11,1.01305,0.00110781,0.001056
99,12,1.01293,0.00149069,0.00130001
99,13,1.0128,0.001847,0.00156386
99,14,1.01267,0.00218629,0.00184606
99,15,1.01252,0.00251572,0.00214572
99,16,1.01237,0.00283972,0.00246169
99,17,1.01221,0.00316035,0.00279331
99,18,1.01204,0.00347783,0.00313957
99,19,1.01186,0.0037912,0.00349984
99,20,1.01167,0.00409877,0.00387309
99,21,1.01147,0.0043986,0.00425861
99,22,1.01127,0.00468869,0.00465531
99,23,1.01106,0.00496718,0.00506239
99,24,1.01084,0.00523241,0.00547866
99,25,1.01061,0.00548298,0.00590327
99,26,1.01038,0.00571767,0.00633497
99,27,1.01014,0.00593551,0.00677285
99,28,1.00989,0.00613568,0.00721566
99,29,1.00964,0.00631752,0.00766247
99,30,1.00938,0.00648048,0.00811204
99,31,1.00912,0.00662414,0.00856343
99,32,1.00885,0.00674815,0.00901544
99,33,1.00858,0.00685224,0.00946717
99,34,1.0083,0.00693623,0.00991744
99,35,1.00802,0.00699999,0.0103654
99,36,1.00773,0.00704348,0.0108099
99,37,1.00744,0.0070667,0.0112502
99,38,1.00714,0.00706973,0.0116851
99,39,1.00685,0.00705271,0.0121139
99,40,1.00655,0.00701582,0.0125357
99,41,1.00625,0.00695932,0.0129497
99,42,1.00594,0.00688351,0.013355
99,43,1.00564,0.00678873,0.013751
99,44,1.00533,0.00667538,0.0141367
99,45,1.00502,0.00654389,0.0145117
99,46,1.00472,0.00639473,0.0148751
99,47,1.00441,0.00622842,0.0152265
99,48,1.0041,0.00604549,0.015565
99,49,1.00379,0.0058465,0.0158903
99,50,1.00348,0.00563203,0.0162017
99,51,1.00317,0.0054027,0.0164989
99,52,1.00286,0.00515913,0.0167812
99,53,1.00255,0.00490195,0.0170483
99,54,1.00225,0.00463182,0.0172997
99,55,1.00194,0.0043494,0.0175351
99,56,1.00164,0.00405537,0.017754
99,57,1.00134,0.00375039,0.0179562
99,58,1.00104,0.00343517,0.0181414
99,59,1.00074,0.0031104,0.0183092
99,60,1.00045,0.00277676,0.0184593
99,61,1.00016,0.00243497,0.0185916
99,62,0.999864,0.00208574,0.0187058
99,63,0.999575,0.00172978,0.0188017
99,64,0.999289,0.00136781,0.018879
99,65,0.999005,0.00100055,0.0189377
99,66,0.998723,0.000628738,0.0189775
99,67,0.998444,0.000253115,0.0189984
99,68,0.998167,-0.000125573,0.0190001
99,69,0.997893,-0.00050657,0.0189827
99,70,0.997621,-0.00088911,0.0189459
99,71,0.997351,-0.00127242,0.0188898
99,72,0.997084,-0.00165571,0.0188142
99,73,0.996819,-0.00203818,0.0187193
99,74,0.996556,-0.00241904,0.0186049
99,75,0.996295,-0.00279745,0.0184712
99,76,0.996036,-0.00317259,0.0183181
99,77,0.995779,-0.00354363,0.0181458
99,78,0.995524,-0.00390971,0.0179542
99,79,0.99527,-0.00426999,0.0177438
99,80,0.995019,-0.00462359,0.0175144
99,81,0.994768,-0.00496967,0.0172665
99,82,0.99452,-0.00530735,0.0170002
99,83,0.994273,-0.00563578,0.0167159
99,84,0.994027,-0.00595409,0.0164139
99,85,0.993783,-0.00626143,0.0160946
99,86,0.99354,-0.00655696,0.0157584
99,87,0.993298,-0.00683985,0.0154058
99,88,0.993058,-0.00710928,0.0150374
99,89,0.992819,-0.00736446,0.0146538
99,90,0.992581,-0.00760461,0.0142556
99,91,0.992345,-0.00782897,0.0138434
99,92,0.99211,-0.00803681,0.0134182
99,93,0.991877,-0.00822741,0.0129805
99,94,0.991646,-0.00840008,0.0125315
99,95,0.991417,-0.00855414,0.0120718
99,96,0.99119,-0.00868894,0.0116027
99,97,0.990965,-0.00880384,0.0111248
99,98,0.990743,-0.0088982,0.0106397
99,99,0.990524,-0.00897142,0.0101478
99,100,0.990307,-0.00902288,0.00965104
99,101,0.990094,-0.00905203,0.00914987
99,102,0.989885,-0.0090583,0.00864622
99,103,0.98968,-0.00904121,0.00814066
99,104,0.989479,-0.00900035,0.00763526
99,105,0.989283,-0.00893538,0.00713054
99,106,0.989092,-0.00884611,0.00662876
99,107,0.988907,-0.00873246,0.0061304
99,108,0.988728,-0.00859444,0.00563788
99,109,0.988555,-0.00843213,0.00515164
99,110,0.988388,-0.00824548,0.00467427
99,111,0.988229,-0.00803417,0.00420622
99,112,0.988078,-0.00779722,0.00375029
99,113,0.987934,-0.00753261,0.00330701
99,114,0.987799,-0.00723679,0.00287953
99,115,0.987673,-0.00690419,0.00246868
99,116,0.987556,-0.00652683,0.00207818
99,117,0.987448,-0.00609427,0.00170944
99,118,0.98735,-0.00559411,0.00136708
99,119,0.987262,-0.00501347,0.00105338
99,120,0.987185,-0.00434182,0.00077399
99,121,0.987119,-0.00357576,0.000532018
99,122,0.987064,-0.00272616,0.000333469
99,123,0.987021,-0.00182843,0.000180687
99,124,0.986989,-0.000956342,7.70882e-05
99,125,0.986968,-0.000240085,1.93252e-05
99,126,0.986959,0.000111288,5.39756e-07
99,127,1,-0.00343474,0
100,0,1,0,0
100,1,1.01384,-0.000644321,1.37606e-05
100,2,1.01381,-0.00162366,2.26257e-05
100,3,1.01378,-0.00209914,3.35036e-05
100,4,1.01374,-0.00214735,6.00705e-05
100,5,1.01369,-0.00189324,0.000112024
100,6,1.01362,-0.00146314,0.000193492
100,7,1.01355,-0.000958672,0.000305232
100,8,1.01347,-0.000447939,0.000445734
100,9,1.01338,3.1983e-05,0.000613279
100,10,1.01328,0.000467384,0.00080543
100,11,1.01318,0.000859223,0.00102039
100,12,1.01306,0.00121576,0.00125611
100,13,1.01293,0.00154735,0.00151133
100,14,1.0128,0.00186339,0.00178458
100,15,1.01265,0.00217094,0.00207506
100,16,1.0125,0.00247439,0.00238164
100,17,1.01233,0.00277579,0.00270376
100,18,1.01216,0.00307542,0.00304044
100,19,1.01198,0.00337236,0.00339114
100,20,1.0118,0.00366502,0.00375487
100,21,1.0116,0.00395151,0.00413101
100,22,1.0114,0.00422989,0.00451848
100,23,1.01119,0.00449836,0.00491657
100,24,1.01097,0.00475526,0.00532411
100,25,1.01074,0.0049992,0.0057403
100,26,1.01051,0.00522895,0.00616392
100,27,1.01027,0.00544351,0.00659412
100,28,1.01002,0.00564202,0.00702964
100,29,1.00977,0.00582375,0.00746961
100,30,1.00952,0.00598811,0.00791278
100,31,1.00925,0.00613459,0.00835827
100,32,1.00898,0.00626277,0.00880486
100,33,1.00871,0.00637232,0.00925167
100,34,1.00843,0.00646296,0.00969753
100,35,1.00815,0.0065345,0.0101416
100,36,1.00786,0.00658682,0.0105827
100,37,1.00757,0.00661985,0.0110201
100,38,1.00728,0.00663359,0.0114526
100,39,1.00698,0.00662812,0.0118796
100,40,1.00668,0.00660356,0.0123
100,41,1.00638,0.0065601,0.0127131
100,42,1.00608,0.00649799,0.0131179
100,43,1.00577,0.00641754,0.0135138
100,44,1.00546,0.00631907,0.0138999
100,45,1.00515,0.00620301,0.0142756
100,46,1.00484,0.00606977,0.0146401
100,47,1.00453,0.00591983,0.0149929
100,48,1.00422,0.00575371,0.0153332
100,49,1.00391,0.00557195,0.0156605
100,50,1.0036,0.0053751,0.0159742
100,51,1.00329,0.00516376,0.0162739
100,52,1.00298,0.00493854,0.0165589
100,53,1.00267,0.00470006,0.0168288
100,54,1.00236,0.00444897,0.0170832
100,55,1.00205,0.00418592,0.0173217
100,56,1.00175,0.00391157,0.0175438
100,57,1.00144,0.0036266,0.0177493
100,58,1.00114,0.00333168,0.0179377
100,59,1.00084,0.0030275,0.0181087
100,60,1.00054,0.00271474,0.0182621
100,61,1.00024,0.0023941,0.0183976
100,62,0.999944,0.00206627,0.0185149
100,63,0.99965,0.00173194,0.0186138
100,64,0.999359,0.00139183,0.018694
100,65,0.999069,0.00104662,0.0187554
100,66,0.998782,0.000697034,0.0187978
100,67,0.998496,0.00034377,0.0188211
100,68,0.998214,-1.24556e-05,0.0188251
100,69,0.997933,-0.000370926,0.0188098
100,70,0.997654,-0.000730917,0.0187749
100,71,0.997378,-0.0010917,0.0187205
100,72,0.997103,-0.00145254,0.0186464
100,73,0.996831,-0.0018127,0.0185528
100,74,0.996561,-0.00217142,0.0184396
100,75,0.996292,-0.00252796,0.0183067
100,76,0.996026,-0.00288155,0.0181544
100,77,0.995761,-0.00323141,0.0179826
100,78,0.995498,-0.00357677,0.0177915
100,79,0.995237,-0.00391686,0.0175812
100,80,0.994978,-0.00425089,0.017352
100,81,0.99472,-0.00457806,0.0171041
100,82,0.994463,-0.00489759,0.0168377
100,83,0.994208,-0.00520869,0.0165532
100,84,0.993954,-0.00551057,0.016251
100,85,0.993702,-0.00580246,0.0159315
100,86,0.993451,-0.00608357,0.0155951
100,87,0.993202,-0.00635316,0.0152424
100,88,0.992954,-0.00661045,0.0148739
100,89,0.992707,-0.00685473,0.0144902
100,90,0.992462,-0.00708526,0.0140921
100,91,0.992219,-0.00730134,0.0136802
100,92,0.991977,-0.00750228,0.0132554
100,93,0.991737,-0.00768742,0.0128184
100,94,0.991499,-0.00785608,0.0123703
100,95,0.991263,-0.00800764,0.0119118
100,96,0.99103,-0.00814146,0.0114441
100,97,0.990799,-0.00825694,0.0109679
100,98,0.990571,-0.00835345,0.0104848
100,99,0.990346,-0.0084304,0.0099953
100,100,0.990124,-0.0084872,0.00950122
100,101,0.989906,-0.00852329,0.00900311
100,102,0.989692,-0.00853814,0.0085029
100,103,0.989482,-0.00853125,0.00800111
100,104,0.989277,-0.0085022,0.00749986
100,105,0.989077,-0.00845066,0.00699964
100,106,0.988882,-0.00837644,0.00650273
100,107,0.988693,-0.00827943,0.00600955
100,108,0.98851,-0.00815965,0.00552255
100,109,0.988334,-0.00801715,0.00504212
100,110,0.988165,-0.00785189,0.00457086
100,111,0.988004,-0.00766354,0.00410914
100,112,0.98785,-0.00745116,0.00365977
100,113,0.987704,-0.00721279,0.00322321
100,114,0.987567,-0.006945,0.0028026
100,115,0.987439,-0.00664239,0.00239869
100,116,0.98732,-0.00629723,0.00201518
100,117,0.98721,-0.00589941,0.00165339
100,118,0.987111,-0.00543693,0.00131793
100,119,0.987022,-0.00489731,0.001011
100,120,0.986944,-0.00427037,0.000738227
100,121,0.986877,-0.00355278,0.000502636
100,122,0.986821,-0.00275499,0.000310226
100,123,0.986776,-0.001911,0.000163269
100,124,0.986743,-0.00109166,6.51049e-05
100,125,0.986722,-0.00042206,1.23143e-05
100,126,0.986712,-0.00010344,-1.42133e-06
100,127,1,-0.00343474,0
101,0,1,0,0
101,1,1.01397,-0.000636298,1.30202e-05
101,2,1.01394,-0.00160062,3.03862e-05
101,3,1.01391,-0.00208144,4.1471e-05
101,4,1.01387,-0.0021471,6.6287e-05
101,5,1.01382,-0.00191615,0.000115088
101,6,1.01375,-0.00151079,0.000191687
101,7,1.01368,-0.00103026,0.000297497
101,8,1.0136,-0.000541592,0.000431331
101,9,1.01351,-8.15575e-05,0.000591622
101,10,1.01341,0.000336032,0.000776
101,11,1.01331,0.00071184,0.000982743
101,12,1.01319,0.00105376,0.00120982
101,13,1.01306,0.00137181,0.00145603
101,14,1.01292,0.00167507,0.00171993
101,15,1.01278,0.00197035,0.00200078
101,16,1.01263,0.00226185,0.00229751
101,17,1.01246,0.00255151,0.00260963
101,18,1.01229,0.00283953,0.00293622
101,19,1.01211,0.00312497,0.00327682
101,20,1.01193,0.00340624,0.00363046
101,21,1.01173,0.00368147,0.00399662
101,22,1.01153,0.00394878,0.00437424
101,23,1.01132,0.00420639,0.00476269
101,24,1.0111,0.00445275,0.00516082
101,25,1.01087,0.00468649,0.00556789
101,26,1.01064,0.00490648,0.00598271
101,27,1.0104,0.00511175,0.00640448
101,28,1.01015,0.00530152,0.00683194
101,29,1.0099,0.00547514,0.00726429
101,30,1.00964,0.00563205,0.00770026
101,31,1.00938,0.00577181,0.00813902
101,32,1.00911,0.00589405,0.00857934
101,33,1.00884,0.00599848,0.0090204
101,34,1.00856,0.00608487,0.00946098
101,35,1.00828,0.00615308,0.00990027
101,36,1.00799,0.00620299,0.0103371
101,37,1.0077,0.00623458,0.0107708
101,38,1.00741,0.00624785,0.0112001
101,39,1.00711,0.0062429,0.0116243
101,40,1.00681,0.00621986,0.0120424
101,41,1.00651,0.00617891,0.0124536
101,42,1.0062,0.00612028,0.0128571
101,43,1.0059,0.00604426,0.0132521
101,44,1.00559,0.00595118,0.0136377
101,45,1.00528,0.0058414,0.0140133
101,46,1.00497,0.00571533,0.0143781
101,47,1.00466,0.00557339,0.0147315
101,48,1.00434,0.00541606,0.0150727
101,49,1.00403,0.00524384,0.0154013
101,50,1.00372,0.00505723,0.0157164
101,51,1.00341,0.00485678,0.0160179
101,52,1.00309,0.00464305,0.0163048
101,53,1.00278,0.00441662,0.0165769
101,54,1.00247,0.00417806,0.0168336
101,55,1.00216,0.003928,0.0170745
101,56,1.00185,0.00366703,0.0172991
101,57,1.00154,0.00339578,0.0175072
101,58,1.00124,0.00311489,0.0176982
101,59,1.00093,0.00282499,0.0178719
101,60,1.00063,0.00252674,0.0180279
101,61,1.00032,0.00222079,0.018166
101,62,1.00002,0.0019078,0.0182859
101,63,0.999726,0.00158844,0.0183873
101,64,0.999429,0.00126338,0.0184699
101,65,0.999135,0.000933308,0.0185336
101,66,0.998842,0.000598915,0.0185782
101,67,0.998551,0.000260895,0.0186036
101,68,0.998262,-8.00446e-05,0.0186095
101,69,0.997976,-0.000423192,0.0185959
101,70,0.997691,-0.000767824,0.0185626
101,71,0.997408,-0.00111321,0.0185096
101,72,0.997127,-0.00145861,0.0184368
101,73,0.996848,-0.00180327,0.0183443
101,74,0.996571,-0.00214644,0.018232
101,75,0.996296,-0.00248735,0.0181
101,76,0.996022,-0.00282523,0.0179483
101,77,0.99575,-0.00315929,0.017777
101,78,0.99548,-0.00348875,0.0175863
101,79,0.995211,-0.00381283,0.0173763
101,80,0.994944,-0.00413072,0.0171474
101,81,0.994679,-0.00444164,0.0168996
101,82,0.994414,-0.00474481,0.0166334
101,83,0.994152,-0.00503942,0.016349
101,84,0.99389,-0.00532472,0.0160469
101,85,0.99363,-0.00559992,0.0157275
101,86,0.993372,-0.00586428,0.0153914
101,87,0.993115,-0.00611705,0.0150389
101,88,0.992859,-0.00635751,0.0146709
101,89,0.992605,-0.00658496,0.0142878
101,90,0.992353,-0.0067987,0.0138904
101,91,0.992102,-0.00699808,0.0134795
101,92,0.991853,-0.00718244,0.0130559
101,93,0.991606,-0.00735117,0.0126204
101,94,0.991361,-0.00750366,0.012174
101,95,0.991118,-0.00763933,0.0117175
101,96,0.990878,-0.00775759,0.0112522
101,97,0.990641,-0.0078579,0.0107787
101,98,0.990407,-0.00793971,0.0102987
101,99,0.990176,-0.00800247,0.00981267
101,100,0.989948,-0.00804566,0.00932243
101,101,0.989724,-0.00806878,0.00882853
101,102,0.989505,-0.00807136,0.00833293
101,103,0.98929,-0.00805298,0.00783615
101,104,0.98908,-0.00801327,0.0073403
101,105,0.988876,-0.00795199,0.00684585
101,106,0.988677,-0.00786898,0.00635509
101,107,0.988484,-0.00776424,0.0058684
101,108,0.988297,-0.00763785,0.00538825
101,109,0.988118,-0.00748995,0.00491496
101,110,0.987945,-0.0073206,0.00445113
101,111,0.987781,-0.0071296,0.00399708
101,112,0.987624,-0.00691614,0.00355562
101,113,0.987476,-0.00667848,0.00312711
101,114,0.987337,-0.00641344,0.0027147
101,115,0.987206,-0.00611596,0.00231902
101,116,0.987086,-0.00577871,0.00194377
101,117,0.986975,-0.00539209,0.00159018
101,118,0.986875,-0.00494468,0.00126281
101,119,0.986785,-0.00442463,0.000963767
101,120,0.986706,-0.00382233,0.000698664
101,121,0.986638,-0.00313479,0.000470417
101,122,0.986582,-0.00237234,0.00028499
101,123,0.986537,-0.00156796,0.000144536
101,124,0.986504,-0.000790017,5.24392e-05
101,125,0.986483,-0.000159025,5.20899e-06
101,126,0.986473,0.000131135,-3.98707e-06
101,127,1,-0.00343474,0
102,0,1,0,0
102,1,1.01408,-0.000602074,1.91655e-05
102,2,1.01406,-0.00155113,3.5673e-05
102,3,1.01402,-0.00203914,4.87715e-05
102,4,1.01398,-0.00212671,7.24939e-05
102,5,1.01393,-0.00192595,0.000117576
102,6,1.01387,-0.00155434,0.000189155
102,7,1.01379,-0.0011082,0.000288903
102,8,1.01371,-0.000652924,0.000415834
102,9,1.01362,-0.000224539,0.00056862
102,10,1.01352,0.000163343,0.000744955
102,11,1.01342,0.000511304,0.000943186
102,12,1.0133,0.000827045,0.0011613
102,13,1.01317,0.00112036,0.00139816
102,14,1.01303,0.00140016,0.00165232
102,15,1.01289,0.00167313,0.00192316
102,16,1.01274,0.00194343,0.00220962
102,17,1.01257,0.002213,0.00251131
102,18,1.0124,0.0024821,0.00282734
102,19,1.01222,0.00274987,0.00315733
102,20,1.01204,0.00301479,0.00350037
102,21,1.01184,0.00327509,0.00385599
102,22,1.01164,0.00352897,0.00422319
102,23,1.01143,0.00377471,0.00460139
102,24,1.01121,0.00401079,0.00498948
102,25,1.01099,0.00423587,0.00538679
102,26,1.01076,0.00444882,0.00579212
102,27,1.01052,0.00464867,0.00620474
102,28,1.01027,0.00483461,0.00662342
102,29,1.01002,0.00500595,0.00704738
102,30,1.00976,0.00516207,0.00747538
102,31,1.0095,0.0053025,0.00790663
102,32,1.00923,0.00542679,0.00833988
102,33,1.00896,0.0055346,0.00877434
102,34,1.00868,0.00562563,0.00920881
102,35,1.0084,0.00569966,0.0096425
102,36,1.00812,0.00575652,0.0100742
102,37,1.00783,0.00579612,0.0105032
102,38,1.00753,0.0058184,0.0109284
102,39,1.00724,0.00582338,0.011349
102,40,1.00694,0.00581114,0.0117639
102,41,1.00663,0.00578181,0.0121725
102,42,1.00633,0.00573557,0.0125737
102,43,1.00602,0.00567265,0.0129669
102,44,1.00571,0.00559334,0.0133511
102,45,1.0054,0.00549797,0.0137258
102,46,1.00509,0.00538689,0.01409
102,47,1.00478,0.00526051,0.0144432
102,48,1.00447,0.00511928,0.0147845
102,49,1.00415,0.00496365,0.0151135
102,50,1.00384,0.00479413,0.0154294
102,51,1.00352,0.00461123,0.0157317
102,52,1.00321,0.00441549,0.0160199
102,53,1.00289,0.00420748,0.0162934
102,54,1.00258,0.00398776,0.0165516
102,55,1.00227,0.00375692,0.0167942
102,56,1.00195,0.00351558,0.0170206
102,57,1.00164,0.00326433,0.0172306
102,58,1.00133,0.00300379,0.0174236
102,59,1.00102,0.0027346,0.0175994
102,60,1.00072,0.00245738,0.0177574
102,61,1.00041,0.00217277,0.0178975
102,62,1.00011,0.00188142,0.0180194
102,63,0.999802,0.00158397,0.0181227
102,64,0.9995,0.00128106,0.0182073
102,65,0.9992,0.000973362,0.0182728
102,66,0.998902,0.000661523,0.0183191
102,67,0.998606,0.000346207,0.0183461
102,68,0.998311,2.80795e-05,0.0183535
102,69,0.998018,-0.000292189,0.0183413
102,70,0.997727,-0.000613924,0.0183093
102,71,0.997438,-0.000936446,0.0182575
102,72,0.99715,-0.00125907,0.0181857
102,73,0.996864,-0.00158111,0.0180942
102,74,0.99658,-0.00190186,0.0179826
102,75,0.996298,-0.00222063,0.0178513
102,76,0.996017,-0.00253671,0.0177001
102,77,0.995737,-0.00284939,0.0175294
102,78,0.99546,-0.00315797,0.0173391
102,79,0.995183,-0.00346172,0.0171295
102,80,0.994909,-0.00375993,0.0169008
102,81,0.994635,-0.00405189,0.0166534
102,82,0.994363,-0.00433688,0.0163875
102,83,0.994093,-0.00461419,0.0161036
102,84,0.993824,-0.00488312,0.0158019
102,85,0.993556,-0.00514298,0.0154831
102,86,0.99329,-0.00539307,0.0151476
102,87,0.993026,-0.00563272,0.0147959
102,88,0.992763,-0.00586128,0.0144288
102,89,0.992501,-0.00607808,0.0140469
102,90,0.992242,-0.00628251,0.013651
102,91,0.991984,-0.00647394,0.0132417
102,92,0.991728,-0.00665177,0.0128202
102,93,0.991474,-0.00681543,0.0123869
102,94,0.991223,-0.00696434,0.0119431
102,95,0.990974,-0.00709794,0.0114895
102,96,0.990728,-0.00721569,0.0110276
102,97,0.990485,-0.00731706,0.0105578
102,98,0.990245,-0.0074015,0.0100819
102,99,0.990008,-0.00746849,0.00960038
102,100,0.989776,-0.00751752,0.00911509
102,101,0.989547,-0.00754809,0.00862655
102,102,0.989323,-0.00755974,0.00813674
102,103,0.989104,-0.00755202,0.00764615
102,104,0.98889,-0.0075246,0.00715693
102,105,0.988682,-0.00747719,0.0066695
102,106,0.988479,-0.00740965,0.00618615
102,107,0.988283,-0.00732194,0.00570725
102,108,0.988094,-0.00721412,0.00523524
102,109,0.987912,-0.00708633,0.0047704
102,110,0.987737,-0.0069386,0.00431534
102,111,0.98757,-0.00677072,0.00387029
102,112,0.987411,-0.00658192,0.00343805
102,113,0.987261,-0.00637051,0.00301892
102,114,0.98712,-0.0061334,0.002616
102,115,0.986988,-0.00586571,0.00222986
102,116,0.986866,-0.00556036,0.00186414
102,117,0.986754,-0.00520806,0.00151998
102,118,0.986652,-0.0047978,0.0012019
102,119,0.986561,-0.00431814,0.000911906
102,120,0.986481,-0.00375979,0.000655553
102,121,0.986413,-0.00311988,0.000435642
102,122,0.986355,-0.00240827,0.000258081
102,123,0.986309,-0.00165654,0.000124912
102,124,0.986275,-0.000930181,3.93732e-05
102,125,0.986253,-0.00034464,-2.15121e-06
102,126,0.986243,-8.60904e-05,-5.90946e-06
102,127,1,-0.00343474,0
103,0,1,0,0
103,1,1.01419,-0.00061265,1.83097e-05
103,2,1.01417,-0.00154168,4.29697e-05
103,3,1.01414,-0.00202975,5.61139e-05
103,4,1.01409,-0.00213034,7.78889e-05
103,5,1.01404,-0.00194942,0.000119561
103,6,1.01398,-0.00160018,0.000185955
103,7,1.01391,-0.0011763,0.000279393
103,8,1.01382,-0.000741804,0.00039922
103,9,1.01373,-0.000332195,0.000544265
103,10,1.01363,3.8936e-05,0.000712291
103,11,1.01353,0.000371929,0.000901732
103,12,1.01341,0.000674133,0.00111058
103,13,1.01328,0.000954977,0.00133776
103,14,1.01315,0.00122305,0.00158187
103,15,1.013,0.00148477,0.00184233
103,16,1.01285,0.00174409,0.00211815
103,17,1.01269,0.00200284,0.002409
103,18,1.01252,0.00226119,0.00271404
103,19,1.01234,0.00251823,0.00303298
103,20,1.01215,0.00277248,0.00336493
103,21,1.01196,0.00302217,0.00370953
103,22,1.01175,0.00326555,0.00406577
103,23,1.01154,0.00350094,0.00443318
103,24,1.01133,0.00372689,0.00481065
103,25,1.0111,0.00394211,0.00519757
103,26,1.01087,0.00414554,0.00559279
103,27,1.01063,0.00433627,0.00599561
103,28,1.01039,0.00451354,0.00640482
103,29,1.01014,0.00467672,0.00681969
103,30,1.00988,0.00482527,0.00723899
103,31,1.00962,0.00495874,0.00766196
103,32,1.00935,0.00507677,0.00808737
103,33,1.00908,0.00517904,0.00851446
103,34,1.0088,0.00526531,0.00894201
103,35,1.00852,0.00533539,0.00936927
103,36,1.00824,0.00538916,0.00979504
103,37,1.00795,0.00542654,0.0102186
103,38,1.00765,0.00544752,0.0106388
103,39,1.00736,0.00545211,0.0110549
103,40,1.00706,0.00544042,0.0114658
103,41,1.00675,0.00541257,0.0118708
103,42,1.00645,0.00536875,0.0122689
103,43,1.00614,0.00530917,0.0126594
103,44,1.00583,0.00523411,0.0130414
103,45,1.00552,0.00514387,0.0134142
103,46,1.00521,0.00503879,0.013777
103,47,1.0049,0.00491924,0.014129
103,48,1.00458,0.00478563,0.0144696
103,49,1.00427,0.00463839,0.0147982
103,50,1.00395,0.00447797,0.0151139
103,51,1.00364,0.00430484,0.0154164
103,52,1.00332,0.00411951,0.0157049
103,53,1.003,0.00392248,0.015979
103,54,1.00269,0.00371429,0.016238
103,55,1.00237,0.00349547,0.0164816
103,56,1.00206,0.00326658,0.0167091
103,57,1.00174,0.0030282,0.0169202
103,58,1.00143,0.00278088,0.0171145
103,59,1.00112,0.00252523,0.0172916
103,60,1.00081,0.00226184,0.017451
103,61,1.00049,0.0019913,0.0175925
103,62,1.00019,0.00171423,0.0177157
103,63,0.999878,0.00143125,0.0178205
103,64,0.999572,0.00114298,0.0179063
103,65,0.999267,0.00085006,0.0179732
103,66,0.998964,0.000553124,0.0180208
103,67,0.998662,0.000252823,0.0180489
103,68,0.998362,-5.01875e-05,0.0180574
103,69,0.998063,-0.000355244,0.0180462
103,70,0.997766,-0.000661676,0.0180151
103,71,0.997471,-0.000968805,0.0179641
103,72,0.997177,-0.00127594,0.0178931
103,73,0.996885,-0.0015824,0.0178022
103,74,0.996594,-0.00188747,0.0176912
103,75,0.996304,-0.00219046,0.0175604
103,76,0.996017,-0.00249065,0.0174098
103,77,0.99573,-0.00278733,0.0172395
103,78,0.995445,-0.00307978,0.0170496
103,79,0.995162,-0.00336729,0.0168405
103,80,0.99488,-0.00364913,0.0166123
103,81,0.994599,-0.0039246,0.0163654
103,82,0.99432,-0.004193,0.0161001
103,83,0.994042,-0.00445361,0.0158168
103,84,0.993765,-0.00470575,0.0155159
103,85,0.99349,-0.00494873,0.015198
103,86,0.993217,-0.00518191,0.0148637
103,87,0.992945,-0.00540461,0.0145134
103,88,0.992675,-0.00561622,0.0141479
103,89,0.992406,-0.00581611,0.0137678
103,90,0.992139,-0.0060037,0.013374
103,91,0.991874,-0.00617841,0.0129672
103,92,0.991612,-0.00633968,0.0125483
103,93,0.991351,-0.00648698,0.0121182
103,94,0.991093,-0.00661979,0.011678
103,95,0.990838,-0.00673761,0.0112283
103,96,0.990585,-0.00683993,0.0107707
103,97,0.990336,-0.00692628,0.0103056
103,98,0.990091,-0.00699619,0.00983492
103,99,0.989849,-0.00704917,0.00935904
103,100,0.989611,-0.00708479,0.00887984
103,101,0.989377,-0.00710259,0.00839783
103,102,0.989148,-0.00710218,0.00791502
103,103,0.988924,-0.00708317,0.00743185
103,104,0.988706,-0.00704529,0.0069505
103,105,0.988494,-0.00698832,0.00647133
103,106,0.988287,-0.00691217,0.00599668
103,107,0.988088,-0.00681687,0.00552683
103,108,0.987895,-0.00670257,0.00506425
103,109,0.987709,-0.00656946,0.00460915
103,110,0.987532,-0.00641769,0.00416414
103,111,0.987362,-0.00624714,0.00372937
103,112,0.987201,-0.00605721,0.00330764
103,113,0.987049,-0.00584637,0.00289915
103,114,0.986906,-0.0056118,0.00250699
103,115,0.986772,-0.00534893,0.0021316
103,116,0.986649,-0.00505109,0.00177662
103,117,0.986535,-0.00470951,0.00144306
103,118,0.986433,-0.00431372,0.00113539
103,119,0.986341,-0.00385291,0.000855497
103,120,0.98626,-0.00331836,0.000608884
103,121,0.986191,-0.00270753,0.000398216
103,122,0.986133,-0.00203014,0.000229321
103,123,0.986087,-0.00131673,0.000104066
103,124,0.986053,-0.000630312,2.56934e-05
103,125,0.986031,-8.18241e-05,-9.53377e-06
103,126,0.986021,0.00014984,-8.51544e-06
103,127,1,-0.00343474,0
104,0,1,0,0
104,1,1.01429,-0.000556194,2.41896e-05
104,2,1.01426,-0.00146513,4.78309e-05
104,3,1.01423,-0.00195513,6.27308e-05
104,4,1.01419,-0.00207302,8.31765e-05
104,5,1.01413,-0.00191871,0.000120872
104,6,1.01407,-0.00160067,0.00018193
104,7,1.014,-0.00120937,0.000268938
104,8,1.01392,-0.000806989,0.000381448
104,9,1.01383,-0.000428095,0.000518533
104,10,1.01373,-8.59642e-05,0.000678022
104,11,1.01362,0.000219712,0.000858422
104,12,1.0135,0.000496093,0.00105774
104,13,1.01338,0.000752383,0.00127497
104,14,1.01324,0.000996979,0.00150871
104,15,1.0131,0.00123617,0.00175849
104,16,1.01294,0.00147388,0.00202331
104,17,1.01278,0.00171192,0.00230297
104,18,1.01261,0.00195052,0.00259664
104,19,1.01243,0.00218887,0.00290412
104,20,1.01225,0.00242558,0.00322456
104,21,1.01205,0.00265899,0.00355766
104,22,1.01185,0.00288744,0.00390247
104,23,1.01164,0.00310933,0.00425856
104,24,1.01143,0.00332325,0.00462487
104,25,1.0112,0.00352799,0.00500084
104,26,1.01097,0.00372247,0.00538534
104,27,1.01074,0.00390581,0.00577773
104,28,1.01049,0.00407724,0.00617682
104,29,1.01024,0.00423609,0.00658192
104,30,1.00999,0.00438181,0.00699182
104,31,1.00973,0.00451391,0.00740579
104,32,1.00946,0.00463196,0.00782261
104,33,1.00919,0.00473561,0.00824155
104,34,1.00891,0.00482456,0.00866139
104,35,1.00863,0.00489856,0.0090814
104,36,1.00835,0.00495744,0.00950039
104,37,1.00806,0.00500105,0.00991764
104,38,1.00777,0.00502932,0.010332
104,39,1.00747,0.00504223,0.0107427
104,40,1.00717,0.00503981,0.0111487
104,41,1.00687,0.00502213,0.0115493
104,42,1.00657,0.00498934,0.0119434
104,43,1.00626,0.00494161,0.0123304
104,44,1.00595,0.00487915,0.0127092
104,45,1.00564,0.00480224,0.0130793
104,46,1.00533,0.00471119,0.0134397
104,47,1.00501,0.00460631,0.0137898
104,48,1.0047,0.004488,0.0141288
104,49,1.00438,0.00435666,0.014456
104,50,1.00406,0.0042127,0.0147708
104,51,1.00375,0.00405658,0.0150726
104,52,1.00343,0.00388878,0.0153606
104,53,1.00311,0.00370979,0.0156344
104,54,1.00279,0.00352012,0.0158934
104,55,1.00248,0.0033203,0.0161371
104,56,1.00216,0.00311085,0.0163649
104,57,1.00184,0.00289234,0.0165764
104,58,1.00152,0.00266532,0.0167712
104,59,1.00121,0.00243035,0.0169489
104,60,1.00089,0.002188,0.017109
104,61,1.00058,0.00193887,0.0172513
104,62,1.00027,0.00168353,0.0173752
104,63,0.999954,0.00142257,0.0174807
104,64,0.999643,0.0011566,0.0175673
104,65,0.999334,0.0008862,0.017635
104,66,0.999025,0.000611983,0.0176832
104,67,0.998718,0.000334555,0.0177121
104,68,0.998412,5.45272e-05,0.0177212
104,69,0.998108,-0.000227486,0.0177106
104,70,0.997805,-0.000510865,0.01768
104,71,0.997503,-0.000794988,0.0176296
104,72,0.997202,-0.00107923,0.017559
104,73,0.996903,-0.00136296,0.0174685
104,74,0.996606,-0.00164554,0.017358
104,75,0.99631,-0.00192634,0.0172276
104,76,0.996015,-0.00220472,0.0170774
104,77,0.995721,-0.00248004,0.0169075
104,78,0.995429,-0.00275166,0.0167181
104,79,0.995138,-0.00301894,0.0165095
104,80,0.994849,-0.00328124,0.016282
104,81,0.99456,-0.00353792,0.0160358
104,82,0.994274,-0.00378836,0.0157713
104,83,0.993988,-0.00403193,0.015489
104,84,0.993705,-0.004268,0.0151894
104,85,0.993422,-0.00449598,0.0148729
104,86,0.993141,-0.00471527,0.0145401
104,87,0.992862,-0.00492527,0.0141917
104,88,0.992585,-0.00512542,0.0138284
104,89,0.992309,-0.00531516,0.0134508
104,90,0.992035,-0.00549395,0.0130599
104,91,0.991764,-0.00566125,0.0126563
104,92,0.991495,-0.00581657,0.0122411
104,93,0.991228,-0.00595939,0.0118149
104,94,0.990964,-0.00608922,0.0113791
104,95,0.990702,-0.0062056,0.0109343
104,96,0.990444,-0.00630804,0.010482
104,97,0.99019,-0.00639608,0.0100228
104,98,0.989939,-0.00646926,0.00955835
104,99,0.989692,-0.00652712,0.00908921
104,100,0.989449,-0.00656921,0.00861723
104,101,0.989211,-0.00659508,0.00814291
104,102,0.988978,-0.00660433,0.00766827
104,103,0.988751,-0.00659659,0.00719373
104,104,0.988529,-0.00657154,0.00672146
104,105,0.988313,-0.00652898,0.0062518
104,106,0.988103,-0.00646878,0.00578708
104,107,0.987901,-0.00639095,0.00532755
104,108,0.987705,-0.00629562,0.00487566
104,109,0.987518,-0.00618294,0.00443156
104,110,0.987338,-0.00605304,0.00399786
104,111,0.987166,-0.0059058,0.00357464
104,112,0.987003,-0.0057406,0.00316466
104,113,0.986849,-0.00555598,0.00276806
104,114,0.986705,-0.00534921,0.00238788
104,115,0.98657,-0.00511586,0.00202447
104,116,0.986445,-0.00484951,0.00168141
104,117,0.986331,-0.00454169,0.0013596
104,118,0.986227,-0.00418234,0.00106347
104,119,0.986134,-0.00376104,0.000794757
104,120,0.986052,-0.00326939,0.000558898
104,121,0.985982,-0.00270493,0.0003584
104,122,0.985924,-0.00207692,0.000198997
104,123,0.985877,-0.0014145,8.23981e-05
104,124,0.985842,-0.000777797,1.16389e-05
104,125,0.985819,-0.000272756,-1.7197e-05
104,126,0.985808,-7.0669e-05,-1.03957e-05
104,127,1,-0.00343474,0
105,0,1,0,0
105,1,1.01438,-0.000584811,2.3244e-05
105,2,1.01436,-0.0014689,5.45674e-05
105,3,1.01432,-0.00195375,6.93012e-05
105,4,1.01428,-0.00208017,8.75619e-05
105,5,1.01423,-0.00194227,0.000121562
105,6,1.01416,-0.00164414,0.000177115
105,7,1.01409,-0.00127335,0.000257453
105,8,1.01401,-0.000890412,0.000362458
105,9,1.01392,-0.000529145,0.000491369
105,10,1.01382,-0.000202681,0.00064209
105,11,1.01371,8.91053e-05,0.000813211
105,12,1.0136,0.000353035,0.00100275
105,13,1.01347,0.000597938,0.00120976
105,14,1.01333,0.000831868,0.00143287
105,15,1.01319,0.00106084,0.00167166
105,16,1.01304,0.00128855,0.00192519
105,17,1.01288,0.00151668,0.00219333
105,18,1.01271,0.00174539,0.00247527
105,19,1.01253,0.00197383,0.00277092
105,20,1.01235,0.00220062,0.00307945
105,21,1.01215,0.00242411,0.00340064
105,22,1.01195,0.00264267,0.00373357
105,23,1.01174,0.00285477,0.00407787
105,24,1.01153,0.00305905,0.0044325
105,25,1.0113,0.00325434,0.004797
105,26,1.01108,0.00343963,0.00517021
105,27,1.01084,0.00361408,0.00555159
105,28,1.0106,0.003777,0.00593994
105,29,1.01035,0.00392776,0.00633463
105,30,1.01009,0.00406587,0.00673444
105,31,1.00983,0.00419089,0.00713872
105,32,1.00957,0.00430246,0.00754622
105,33,1.0093,0.00440026,0.00795626
105,34,1.00902,0.00448404,0.00836762
105,35,1.00874,0.00455361,0.0087796
105,36,1.00846,0.00460881,0.009191
105,37,1.00817,0.00464954,0.00960111
105,38,1.00788,0.00467576,0.0100088
105,39,1.00758,0.00468747,0.0104133
105,40,1.00728,0.00468471,0.0108135
105,41,1.00698,0.00466758,0.0112088
105,42,1.00668,0.00463621,0.011598
105,43,1.00637,0.00459077,0.0119805
105,44,1.00606,0.00453148,0.0123553
105,45,1.00575,0.0044586,0.0127217
105,46,1.00544,0.0043724,0.0130789
105,47,1.00512,0.00427321,0.0134261
105,48,1.00481,0.00416136,0.0137625
105,49,1.00449,0.00403724,0.0140876
105,50,1.00417,0.00390123,0.0144004
105,51,1.00386,0.00375375,0.0147006
105,52,1.00354,0.00359524,0.0149872
105,53,1.00322,0.00342614,0.0152599
105,54,1.0029,0.00324693,0.015518
105,55,1.00258,0.0030581,0.015761
105,56,1.00226,0.00286013,0.0159882
105,57,1.00194,0.00265354,0.0161994
105,58,1.00162,0.00243885,0.0163939
105,59,1.0013,0.00221658,0.0165715
105,60,1.00098,0.00198728,0.0167315
105,61,1.00066,0.00175149,0.0168737
105,62,1.00035,0.00150976,0.0169977
105,63,1.00003,0.00126267,0.0171034
105,64,0.999715,0.00101078,0.0171901
105,65,0.999401,0.000754662,0.0172579
105,66,0.999088,0.000494912,0.0173063
105,67,0.998775,0.000232118,0.0173353
105,68,0.998464,-3.31208e-05,0.0173446
105,69,0.998154,-0.000300199,0.0173341
105,70,0.997846,-0.000568503,0.0173037
105,71,0.997538,-0.000837417,0.0172534
105,72,0.997231,-0.00110632,0.0171831
105,73,0.996926,-0.00137457,0.0170928
105,74,0.996622,-0.00164155,0.0169825
105,75,0.996319,-0.00190662,0.0168524
105,76,0.996018,-0.00216913,0.0167025
105,77,0.995717,-0.00242845,0.0165331
105,78,0.995418,-0.00268395,0.0163442
105,79,0.99512,-0.00293497,0.0161363
105,80,0.994824,-0.00318089,0.0159095
105,81,0.994528,-0.00342108,0.0156643
105,82,0.994234,-0.00365492,0.0154009
105,83,0.993942,-0.00388179,0.01512
105,84,0.993651,-0.0041011,0.014822
105,85,0.993361,-0.00431225,0.0145073
105,86,0.993073,-0.00451468,0.0141768
105,87,0.992787,-0.00470782,0.0138309
105,88,0.992503,-0.00489113,0.0134705
105,89,0.99222,-0.00506409,0.0130961
105,90,0.99194,-0.00522619,0.0127088
105,91,0.991661,-0.00537696,0.0123092
105,92,0.991386,-0.00551591,0.0118985
105,93,0.991112,-0.00564259,0.0114773
105,94,0.990842,-0.00575657,0.011047
105,95,0.990575,-0.00585741,0.0106081
105,96,0.990311,-0.0059447,0.0101622
105,97,0.990051,-0.00601801,0.00970983
105,98,0.989794,-0.00607694,0.00925278
105,99,0.989542,-0.00612109,0.00879153
105,100,0.989295,-0.00615005,0.00832796
105,101,0.989052,-0.00616344,0.00786252
105,102,0.988815,-0.00616091,0.00739727
105,103,0.988583,-0.00614215,0.00693257
105,104,0.988357,-0.00610689,0.00647062
105,105,0.988137,-0.00605499,0.0060117
105,106,0.987924,-0.00598639,0.00555816
105,107,0.987719,-0.00590115,0.00511018
105,108,0.98752,-0.00579946,0.00467022
105,109,0.98733,-0.00568155,0.00423836
105,110,0.987147,-0.00554764,0.0038172
105,111,0.986973,-0.0053977,0.00340674
105,112,0.986808,-0.00523126,0.00300973
105,113,0.986653,-0.00504703,0.0026262
105,114,0.986507,-0.0048425,0.00225916
105,115,0.98637,-0.00461358,0.00190887
105,116,0.986244,-0.00435424,0.00157885
105,117,0.986129,-0.00405648,0.00126988
105,118,0.986024,-0.00371082,0.000986313
105,119,0.985931,-0.00330743,0.000729771
105,120,0.985848,-0.00283845,0.000505587
105,121,0.985778,-0.00230173,0.000316109
105,122,0.985719,-0.00170635,0.000166949
105,123,0.985672,-0.0010804,5.95913e-05
105,124,0.985637,-0.000481525,-2.96899e-06
105,125,0.985614,-1.12065e-05,-2.48196e-05
105,126,0.985603,0.000166441,-1.30232e-05
105,127,1,-0.00343474,0
106,0,1,0,0
106,1,1.01446,-0.000507098,2.87884e-05
106,2,1.01444,-0.00136644,5.89262e-05
106,3,1.0144,-0.00184802,7.50703e-05
106,4,1.01436,-0.00198708,9.1694e-05
106,5,1.0143,-0.00187214,0.000121414
106,6,1.01424,-0.00160252,0.000171287
106,7,1.01417,-0.0012624,0.000244824
106,8,1.01409,-0.000910182,0.000342115
106,9,1.014,-0.000578572,0.000462649
106,10,1.0139,-0.000280272,0.000604395
106,11,1.01379,-1.5138e-05,0.000766024
106,12,1.01367,0.000223476,0.000945559
106,13,1.01355,0.000444167,0.00114212
106,14,1.01341,0.000654786,0.00135435
106,15,1.01327,0.00086121,0.0015819
106,16,1.01312,0.00106708,0.00182386
106,17,1.01296,0.00127409,0.00208018
106,18,1.01279,0.00148245,0.00235009
106,19,1.01261,0.00169142,0.00263357
106,20,1.01243,0.00189971,0.00292982
106,21,1.01224,0.00210581,0.00323871
106,22,1.01204,0.00230818,0.00355933
106,23,1.01183,0.00250538,0.0038914
106,24,1.01162,0.00269614,0.00423389
106,25,1.01139,0.00287932,0.00458639
106,26,1.01117,0.00305398,0.00494779
106,27,1.01093,0.00321928,0.00531758
106,28,1.01069,0.00337453,0.00569458
106,29,1.01044,0.00351911,0.00607823
106,30,1.01019,0.00365251,0.0064673
106,31,1.00993,0.00377426,0.00686119
106,32,1.00967,0.00388397,0.00725865
106,33,1.0094,0.00398128,0.00765906
106,34,1.00912,0.00406589,0.00806117
106,35,1.00885,0.00413757,0.00846432
106,36,1.00856,0.00419611,0.0088673
106,37,1.00828,0.00424138,0.00926945
106,38,1.00798,0.00427325,0.00966955
106,39,1.00769,0.0042917,0.010067
106,40,1.00739,0.00429671,0.0104605
106,41,1.00709,0.00428833,0.0108495
106,42,1.00679,0.00426664,0.0112329
106,43,1.00648,0.00423178,0.0116101
106,44,1.00617,0.00418393,0.0119799
106,45,1.00586,0.00412328,0.0123418
106,46,1.00555,0.0040501,0.0126947
106,47,1.00523,0.00396466,0.0130381
106,48,1.00492,0.00386728,0.013371
106,49,1.0046,0.00375829,0.0136929
106,50,1.00428,0.00363806,0.0140029
106,51,1.00396,0.00350698,0.0143005
106,52,1.00364,0.00336546,0.0145849
106,53,1.00332,0.00321394,0.0148556
106,54,1.003,0.00305285,0.0151118
106,55,1.00268,0.00288266,0.0153532
106,56,1.00236,0.00270385,0.0155791
106,57,1.00203,0.00251689,0.015789
106,58,1.00171,0.00232229,0.0159824
106,59,1.00139,0.00212055,0.016159
106,60,1.00107,0.00191218,0.0163182
106,61,1.00075,0.0016977,0.0164597
106,62,1.00043,0.00147764,0.0165831
106,63,1.00011,0.00125252,0.0166881
106,64,0.999786,0.00102288,0.0167743
106,65,0.999467,0.000789264,0.0168417
106,66,0.999149,0.000552207,0.0168897
106,67,0.998831,0.000312259,0.0169183
106,68,0.998515,6.99685e-05,0.0169273
106,69,0.998199,-0.000174112,0.0169166
106,70,0.997885,-0.000419426,0.016886
106,71,0.997571,-0.000665417,0.0168356
106,72,0.997258,-0.000911525,0.0167651
106,73,0.996947,-0.00115719,0.0166748
106,74,0.996636,-0.00140184,0.0165646
106,75,0.996327,-0.00164492,0.0164347
106,76,0.996018,-0.00188586,0.0162851
106,77,0.995711,-0.0021241,0.0161161
106,78,0.995405,-0.00235908,0.0159279
106,79,0.9951,-0.00259023,0.0157207
106,80,0.994796,-0.002817,0.015495
106,81,0.994494,-0.00303884,0.015251
106,82,0.994193,-0.0032552,0.0149891
106,83,0.993893,-0.00346554,0.01471
106,84,0.993595,-0.00366934,0.014414
106,85,0.993298,-0.00386607,0.0141018
106,86,0.993003,-0.00405523,0.0137741
106,87,0.99271,-0.00423632,0.0134313
106,88,0.992419,-0.00440886,0.0130745
106,89,0.99213,-0.00457237,0.0127041
106,90,0.991843,-0.00472641,0.0123213
106,91,0.991558,-0.00487052,0.0119266
106,92,0.991276,-0.00500427,0.0115214
106,93,0.990997,-0.00512724,0.011106
106,94,0.990721,-0.00523903,0.0106821
106,95,0.990448,-0.00533921,0.0102501
106,96,0.990179,-0.0054274,0.00981171
106,97,0.989914,-0.00550318,0.00936737
106,98,0.989653,-0.00556615,0.00891884
106,99,0.989396,-0.00561592,0.00846663
106,100,0.989144,-0.00565209,0.00801264
106,101,0.988898,-0.00567426,0.00755727
106,102,0.988656,-0.00568209,0.0071026
106,103,0.988421,-0.00567523,0.00664895
106,104,0.988192,-0.00565343,0.00619854
106,105,0.987969,-0.0056165,0.00575158
106,106,0.987754,-0.00556437,0.00531044
106,107,0.987545,-0.00549708,0.00487522
106,108,0.987345,-0.00541476,0.0044484
106,109,0.987152,-0.00531762,0.00402999
106,110,0.986968,-0.00520583,0.00362256
106,111,0.986792,-0.00507936,0.00322604
106,112,0.986626,-0.00493771,0.00284316
106,113,0.986469,-0.00477963,0.00247385
106,114,0.986321,-0.00460269,0.0021211
106,115,0.986184,-0.00440294,0.00178504
106,116,0.986057,-0.00417457,0.00146915
106,117,0.98594,-0.0039099,0.00117408
106,118,0.985835,-0.00359979,0.000904114
106,119,0.98574,-0.00323481,0.00066073
106,120,0.985657,-0.0028074,0.000449158
106,121,0.985586,-0.00231546,0.000271563
106,122,0.985526,-0.00176756,0.000133418
106,123,0.985478,-0.00119037,3.60092e-05
106,124,0.985442,-0.000638678,-1.79389e-05
106,125,0.985418,-0.000209038,-3.27477e-05
106,126,0.985406,-5.80719e-05,-1.48601e-05
106,127,1,-0.00343474,0
107,0,1,0,0
107,1,1.01454,-0.00055291,2.77754e-05
107,2,1.01452,-0.00138274,6.49877e-05
107,3,1.01448,-0.00185398,8.06633e-05
107,4,1.01444,-0.00199704,9.4772e-05
107,5,1.01438,-0.00189503,0.000120429
107,6,1.01432,-0.00164282,0.000164421
107,7,1.01425,-0.00132142,0.000230896
107,8,1.01417,-0.000987275,0.000320276
107,9,1.01408,-0.000672133,0.000432224
107,10,1.01398,-0.000388414,0.000564782
107,11,1.01387,-0.000136097,0.000716705
107,12,1.01375,9.11432e-05,0.000886023
107,13,1.01363,0.000301522,0.00107192
107,14,1.0135,0.000502529,0.00127303
107,15,1.01335,0.000699747,0.00148911
107,16,1.0132,0.000896601,0.00171924
107,17,1.01304,0.00109463,0.00196347
107,18,1.01287,0.00129399,0.00222105
107,19,1.0127,0.00149387,0.00249205
107,20,1.01251,0.00169301,0.00277569
107,21,1.01232,0.0018899,0.00307191
107,22,1.01212,0.00208305,0.00337983
107,23,1.01192,0.00227107,0.00369924
107,24,1.0117,0.00245271,0.00402913
107,25,1.01148,0.00262692,0.00436916
107,26,1.01126,0.00279277,0.00471822
107,27,1.01102,0.00294952,0.00507587
107,28,1.01078,0.00309649,0.00544095
107,29,1.01054,0.00323315,0.00581294
107,30,1.01028,0.00335901,0.00619063
107,31,1.01003,0.00347367,0.00657345
107,32,1.00976,0.00357678,0.00696018
107,33,1.00949,0.00366804,0.0073502
107,34,1.00922,0.0037472,0.00774229
107,35,1.00894,0.00381406,0.00813583
107,36,1.00866,0.00386846,0.00852958
107,37,1.00838,0.00391029,0.00892291
107,38,1.00809,0.00393948,0.0093146
107,39,1.00779,0.00395602,0.00970403
107,40,1.0075,0.00395991,0.01009
107,41,1.0072,0.00395121,0.0104719
107,42,1.00689,0.00393004,0.0108485
107,43,1.00659,0.00389651,0.0112194
107,44,1.00628,0.00385081,0.0115832
107,45,1.00597,0.00379314,0.0119396
107,46,1.00565,0.00372374,0.0122873
107,47,1.00534,0.00364287,0.0126259
107,48,1.00502,0.00355083,0.0129543
107,49,1.0047,0.00344792,0.0132721
107,50,1.00439,0.0033345,0.0135783
107,51,1.00406,0.00321092,0.0138724
107,52,1.00374,0.00307756,0.0141535
107,53,1.00342,0.00293481,0.0144212
107,54,1.0031,0.00278309,0.0146747
107,55,1.00277,0.00262282,0.0149136
107,56,1.00245,0.00245444,0.0151371
107,57,1.00213,0.0022784,0.0153449
107,58,1.0018,0.00209517,0.0155364
107,59,1.00148,0.0019052,0.0157112
107,60,1.00115,0.00170899,0.0158687
107,61,1.00083,0.00150701,0.0160087
107,62,1.0005,0.00129977,0.0161307
107,63,1.00018,0.00108777,0.0162344
107,64,0.999856,0.000871524,0.0163195
107,65,0.999533,0.000651544,0.0163857
107,66,0.99921,0.000428355,0.0164327
107,67,0.998888,0.000202488,0.0164605
107,68,0.998567,-2.55224e-05,0.0164687
107,69,0.998246,-0.000255134,0.0164573
107,70,0.997926,-0.000485802,0.0164261
107,71,0.997607,-0.000716975,0.0163752
107,72,0.997288,-0.0009481,0.0163044
107,73,0.996971,-0.00117862,0.0162139
107,74,0.996654,-0.00140797,0.0161037
107,75,0.996338,-0.0016356,0.0159739
107,76,0.996023,-0.00186095,0.0158246
107,77,0.995709,-0.00208345,0.0156561
107,78,0.995397,-0.00230254,0.0154686
107,79,0.995085,-0.00251768,0.0152624
107,80,0.994774,-0.00272832,0.0150379
107,81,0.994465,-0.0029339,0.0147955
107,82,0.994157,-0.00313391,0.0145356
107,83,0.993851,-0.00332782,0.0142587
107,84,0.993546,-0.00351512,0.0139654
107,85,0.993242,-0.00369531,0.0136562
107,86,0.99294,-0.00386791,0.0133319
107,87,0.99264,-0.00403245,0.012993
107,88,0.992342,-0.00418847,0.0126405
107,89,0.992047,-0.00433555,0.012275
107,90,0.991753,-0.00447326,0.0118976
107,91,0.991462,-0.00460119,0.0115088
107,92,0.991174,-0.00471896,0.0111099
107,93,0.990889,-0.00482619,0.0107015
107,94,0.990607,-0.0049225,0.0102851
107,95,0.990329,-0.00500755,0.00986113
107,96,0.990055,-0.00508097,0.00943131
107,97,0.989784,-0.00514241,0.00899611
107,98,0.989518,-0.00519152,0.00855729
107,99,0.989257,-0.00522794,0.00811532
107,100,0.989,-0.00525134,0.00767211
107,101,0.988749,-0.00526138,0.00722803
107,102,0.988504,-0.00525775,0.00678516
107,103,0.988265,-0.00524017,0.00634379
107,104,0.988032,-0.00520843,0.00590613
107,105,0.987807,-0.00516241,0.00547235
107,106,0.987588,-0.00510207,0.00504481
107,107,0.987377,-0.00502752,0.00462356
107,108,0.987173,-0.00493895,0.00421106
107,109,0.986978,-0.00483664,0.00380725
107,110,0.986792,-0.00472083,0.00341471
107,111,0.986615,-0.00459158,0.00303326
107,112,0.986446,-0.00444853,0.00266562
107,113,0.986288,-0.00429057,0.00231162
107,114,0.986139,-0.00411553,0.00197421
107,115,0.986001,-0.00391973,0.00165341
107,116,0.985873,-0.00369774,0.00135266
107,117,0.985755,-0.00344236,0.00107246
107,118,0.985649,-0.003145,0.000817042
107,119,0.985554,-0.00279678,0.000587712
107,120,0.98547,-0.00239066,0.000389598
107,121,0.985398,-0.00192479,0.000224675
107,122,0.985338,-0.00140752,9.82498e-05
107,123,0.98529,-0.000864433,1.13396e-05
107,124,0.985254,-0.000347831,-3.34237e-05
107,125,0.98523,5.01572e-05,-4.05885e-05
107,126,0.985218,0.000179984,-1.74914e-05
107,127,1,-0.00343474,0
108,0,1,0,0
108,1,1.01461,-0.000455081,3.29145e-05
108,2,1.01458,-0.00125562,6.87347e-05
108,3,1.01455,-0.00171843,8.53357e-05
108,4,1.0145,-0.00186947,9.73634e-05
108,5,1.01445,-0.00178671,0.000118325
108,6,1.01438,-0.00156029,0.000156207
108,7,1.01431,-0.00126758,0.00021545
108,8,1.01423,-0.000962705,0.000296693
108,9,1.01414,-0.000676101,0.000399849
108,10,1.01404,-0.00041964,0.000523023
108,11,1.01394,-0.000193224,0.000665049
108,12,1.01382,9.31078e-06,0.000823957
108,13,1.0137,0.000195943,0.000998989
108,14,1.01356,0.000373948,0.00118879
108,15,1.01342,0.00054876,0.00139317
108,16,1.01327,0.000723739,0.00161126
108,17,1.01311,0.000900436,0.00184315
108,18,1.01294,0.00107905,0.00208814
108,19,1.01277,0.00125891,0.00234637
108,20,1.01259,0.00143883,0.00261708
108,21,1.0124,0.00161746,0.00290029
108,22,1.0122,0.00179341,0.00319513
108,23,1.01199,0.00196539,0.00350147
108,24,1.01178,0.00213225,0.00381832
108,25,1.01156,0.00229299,0.0041454
108,26,1.01133,0.00244676,0.00448161
108,27,1.0111,0.00259283,0.00482659
108,28,1.01086,0.00273055,0.00517917
108,29,1.01062,0.00285939,0.00553888
108,30,1.01037,0.00297887,0.00590454
108,31,1.01011,0.00308856,0.00627561
108,32,1.00985,0.0031881,0.00665088
108,33,1.00958,0.00327717,0.00702978
108,34,1.00931,0.00335547,0.00741108
108,35,1.00904,0.00342278,0.00779419
108,36,1.00876,0.00347889,0.00817787
108,37,1.00847,0.00352366,0.00856152
108,38,1.00818,0.00355696,0.00894392
108,39,1.00789,0.00357875,0.00932445
108,40,1.00759,0.00358898,0.00970191
108,41,1.00729,0.00358767,0.0100757
108,42,1.00699,0.00357489,0.0104446
108,43,1.00669,0.00355072,0.0108082
108,44,1.00638,0.0035153,0.0111651
108,45,1.00607,0.00346879,0.0115149
108,46,1.00576,0.0034114,0.0118564
108,47,1.00544,0.00334334,0.0121892
108,48,1.00512,0.00326489,0.0125121
108,49,1.00481,0.00317633,0.0128248
108,50,1.00449,0.00307796,0.0131261
108,51,1.00417,0.00297011,0.0134157
108,52,1.00384,0.00285314,0.0136925
108,53,1.00352,0.00272742,0.0139563
108,54,1.0032,0.00259332,0.014206
108,55,1.00287,0.00245125,0.0144415
108,56,1.00254,0.00230162,0.0146617
108,57,1.00222,0.00214485,0.0148666
108,58,1.00189,0.00198138,0.0150552
108,59,1.00156,0.00181164,0.0152273
108,60,1.00124,0.00163608,0.0153824
108,61,1.00091,0.00145516,0.0155201
108,62,1.00058,0.00126933,0.0156399
108,63,1.00025,0.00107907,0.0157417
108,64,0.999925,0.000884848,0.0158249
108,65,0.999597,0.000687128,0.0158895
108,66,0.99927,0.000486392,0.0159349
108,67,0.998943,0.000283117,0.0159613
108,68,0.998617,7.7787e-05,0.0159682
108,69,0.998291,-0.000129116,0.0159558
108,70,0.997965,-0.000337105,0.0159237
108,71,0.99764,-0.000545696,0.015872
108,72,0.997316,-0.000754399,0.0158007
108,73,0.996992,-0.000962729,0.0157098
108,74,0.996669,-0.0011702,0.0155994
108,75,0.996347,-0.00137632,0.0154697
108,76,0.996026,-0.0015806,0.0153208
108,77,0.995705,-0.00178257,0.0151529
108,78,0.995386,-0.00198174,0.0149664
108,79,0.995067,-0.00217764,0.0147615
108,80,0.99475,-0.0023698,0.0145386
108,81,0.994434,-0.00255775,0.0142981
108,82,0.994119,-0.00274103,0.0140406
108,83,0.993806,-0.00291919,0.0137664
108,84,0.993494,-0.00309179,0.0134763
108,85,0.993184,-0.00325841,0.0131708
108,86,0.992876,-0.00341861,0.0128507
108,87,0.992569,-0.00357199,0.0125165
108,88,0.992265,-0.00371815,0.0121693
108,89,0.991963,-0.0038567,0.0118095
108,90,0.991663,-0.00398727,0.0114383
108,91,0.991367,-0.00410949,0.0110564
108,92,0.991073,-0.004223,0.0106649
108,93,0.990782,-0.00432746,0.0102645
108,94,0.990495,-0.00442251,0.00985669
108,95,0.990212,-0.00450782,0.00944192
108,96,0.989932,-0.00458304,0.00902185
108,97,0.989657,-0.00464782,0.00859696
108,98,0.989387,-0.00470183,0.00816904
108,99,0.989121,-0.00474471,0.00773849
108,100,0.988861,-0.00477611,0.00730726
108,101,0.988606,-0.0047957,0.00687568
108,102,0.988358,-0.00480314,0.00644583
108,103,0.988116,-0.00479815,0.00601793
108,104,0.98788,-0.00478049,0.00559422
108,105,0.987652,-0.00475002,0.0051748
108,106,0.98743,-0.00470668,0.00476203
108,107,0.987217,-0.00465053,0.00435591
108,108,0.987012,-0.00458172,0.00395887
108,109,0.986815,-0.00450048,0.0035708
108,110,0.986627,-0.00440701,0.00319423
108,111,0.986448,-0.00430132,0.00282894
108,112,0.986279,-0.00418305,0.00247759
108,113,0.986119,-0.00405112,0.00213993
108,114,0.985969,-0.00390339,0.00181886
108,115,0.98583,-0.00373632,0.00151431
108,116,0.985701,-0.0035447,0.00122965
108,117,0.985583,-0.0033216,0.000965267
108,118,0.985476,-0.00305876,0.000725296
108,119,0.98538,-0.00274769,0.000510902
108,120,0.985296,-0.00238157,0.000327091
108,121,0.985223,-0.00195858,0.000175626
108,122,0.985162,-0.00148651,6.16395e-05
108,123,0.985113,-0.000989466,-1.4095e-05
108,124,0.985076,-0.000516902,-4.92802e-05
108,125,0.985051,-0.000156091,-4.87623e-05
108,126,0.985038,-4.91924e-05,-1.92881e-05
108,127,1,-0.00343474,0
109,0,1,0,0
109,1,1.01467,-0.000516935,3.18482e-05
109,2,1.01465,-0.00128333,7.39657e-05
109,3,1.01461,-0.00173062,8.96401e-05
109,4,1.01457,-0.00188113,9.86578e-05
109,5,1.01451,-0.00180779,0.000115036
109,6,1.01445,-0.00159626,0.000146545
109,7,1.01438,-0.00132049,0.000198259
109,8,1.0143,-0.00103235,0.000271147
109,9,1.01421,-0.000761084,0.000365301
109,10,1.01411,-0.000518154,0.000478892
109,11,1.014,-0.000303515,0.000610835
109,12,1.01389,-0.000111304,0.000759155
109,13,1.01376,6.60679e-05,0.000923146
109,14,1.01363,0.000235503,0.00110145
109,15,1.01349,0.000402124,0.00129395
109,16,1.01334,0.000569064,0.00149978
109,17,1.01318,0.000737724,0.00171911
109,18,1.01301,0.000908221,0.00195126
109,19,1.01284,0.00107984,0.00219644
109,20,1.01266,0.00125141,0.00245392
109,21,1.01247,0.00142158,0.00272379
109,22,1.01227,0.00158901,0.00300519
109,23,1.01207,0.00175245,0.00329807
109,24,1.01186,0.0019108,0.00360145
109,25,1.01164,0.0020631,0.00391512
109,26,1.01141,0.00220855,0.00423799
109,27,1.01118,0.00234645,0.00456975
109,28,1.01094,0.00247623,0.00490925
109,29,1.0107,0.0025974,0.00525609
109,30,1.01045,0.00270951,0.00560906
109,31,1.0102,0.00281219,0.00596771
109,32,1.00994,0.00290514,0.0063308
109,33,1.00967,0.00298807,0.00669783
109,34,1.0094,0.00306074,0.00706754
109,35,1.00913,0.00312296,0.00743941
109,36,1.00885,0.00317458,0.00781217
109,37,1.00856,0.00321548,0.00818527
109,38,1.00827,0.00324558,0.00855746
109,39,1.00798,0.00326485,0.00892817
109,40,1.00769,0.00327329,0.00929617
109,41,1.00739,0.00327093,0.00966089
109,42,1.00709,0.00325784,0.0100211
109,43,1.00678,0.00323413,0.0103763
109,44,1.00648,0.00319994,0.0107253
109,45,1.00617,0.00315543,0.0110675
109,46,1.00585,0.00310079,0.0114018
109,47,1.00554,0.00303625,0.0117277
109,48,1.00522,0.00296206,0.0120441
109,49,1.0049,0.00287847,0.0123505
109,50,1.00458,0.00278579,0.012646
109,51,1.00426,0.00268431,0.01293
109,52,1.00394,0.00257436,0.0132016
109,53,1.00361,0.00245628,0.0134603
109,54,1.00329,0.00233042,0.0137054
109,55,1.00296,0.00219716,0.0139364
109,56,1.00263,0.00205686,0.0141524
109,57,1.00231,0.00190994,0.0143533
109,58,1.00198,0.00175677,0.0145382
109,59,1.00165,0.00159778,0.0147069
109,60,1.00132,0.00143339,0.0148586
109,61,1.00099,0.00126401,0.0149932
109,62,1.00066,0.00109008,0.0151102
109,63,1.00032,0.000912049,0.0152092
109,64,0.999993,0.000730355,0.0152899
109,65,0.999661,0.000545452,0.0153522
109,66,0.99933,0.000357797,0.0153956
109,67,0.998999,0.000167853,0.0154201
109,68,0.998668,-2.39156e-05,0.0154253
109,69,0.998337,-0.000217037,0.0154114
109,70,0.998006,-0.000411038,0.015378
109,71,0.997676,-0.000605442,0.0153254
109,72,0.997346,-0.000799771,0.0152533
109,73,0.997016,-0.000993545,0.015162
109,74,0.996688,-0.00118628,0.0150514
109,75,0.996359,-0.0013775,0.0149219
109,76,0.996032,-0.00156673,0.0147734
109,77,0.995705,-0.00175349,0.0146064
109,78,0.995379,-0.00193731,0.014421
109,79,0.995054,-0.00211772,0.0142177
109,80,0.994731,-0.00229426,0.0139968
109,81,0.994408,-0.00246648,0.0137588
109,82,0.994087,-0.00263393,0.0135041
109,83,0.993767,-0.00279619,0.0132334
109,84,0.993448,-0.00295282,0.0129472
109,85,0.993132,-0.00310343,0.0126462
109,86,0.992817,-0.00324761,0.012331
109,87,0.992504,-0.00338498,0.0120024
109,88,0.992194,-0.00351518,0.0116612
109,89,0.991886,-0.00363784,0.0113082
109,90,0.99158,-0.00375263,0.0109443
109,91,0.991277,-0.00385922,0.0105703
109,92,0.990978,-0.00395728,0.0101874
109,93,0.990682,-0.00404652,0.00979611
109,94,0.990389,-0.00412663,0.00939803
109,95,0.990101,-0.0041973,0.0089936
109,96,0.989816,-0.00425824,0.00858449
109,97,0.989537,-0.00430916,0.00817113
109,98,0.989262,-0.00434975,0.00775532
109,99,0.988992,-0.0043797,0.00733744
109,100,0.988728,-0.00439873,0.00691942
109,101,0.988469,-0.00440653,0.00650155
109,102,0.988217,-0.00440284,0.00608593
109,103,0.987972,-0.00438741,0.00567271
109,104,0.987733,-0.00436007,0.00526413
109,105,0.987502,-0.0043207,0.00486025
109,106,0.987278,-0.00426932,0.0044634
109,107,0.987062,-0.00420601,0.00407351
109,108,0.986855,-0.00413101,0.00369303
109,109,0.986656,-0.00404458,0.00332175
109,110,0.986466,-0.003947,0.00296219
109,111,0.986286,-0.00383838,0.00261405
109,112,0.986115,-0.00371846,0.00227996
109,113,0.985954,-0.00358631,0.00195957
109,114,0.985803,-0.00344002,0.00165576
109,115,0.985663,-0.00327633,0.00136833
109,116,0.985533,-0.00309038,0.00110061
109,117,0.985415,-0.0028757,0.000852856
109,118,0.985307,-0.00262454,0.000629128
109,119,0.985211,-0.00232894,0.000430437
109,120,0.985126,-0.00198253,0.000261662
109,121,0.985053,-0.00158368,0.000124357
109,122,0.984992,-0.00113991,2.34538e-05
109,123,0.984943,-0.000674156,-4.05921e-05
109,124,0.984905,-0.000233373,-6.56365e-05
109,125,0.98488,9.95674e-05,-5.68222e-05
109,126,0.984867,0.000189487,-2.19078e-05
109,127,1,-0.00343474,0
110,0,1,0,0
110,1,1.01473,-0.000400224,3.651e-05
110,2,1.0147,-0.00113274,7.69411e-05
110,3,1.01466,-0.00156644,9.28526e-05
110,4,1.01462,-0.00172027,9.91423e-05
110,5,1.01457,-0.00166252,0.000110242
110,6,1.0145,-0.00147407,0.000135086
110,7,1.01443,-0.00122506,0.000179064
110,8,1.01435,-0.000964762,0.000243367
110,9,1.01426,-0.000720933,0.000328327
110,10,1.01416,-0.000504349,0.000432176
110,11,1.01406,-0.000314828,0.000553889
110,12,1.01394,-0.000146652,0.000691482
110,13,1.01382,7.53028e-06,0.000844295
110,14,1.01369,0.000154391,0.00101096
110,15,1.01355,0.000298893,0.00119143
110,16,1.0134,0.000444093,0.00138482
110,17,1.01324,0.000591396,0.0015914
110,18,1.01307,0.000740982,0.0018105
110,19,1.0129,0.000892237,0.00204238
110,20,1.01272,0.00104412,0.00228635
110,21,1.01253,0.00119541,0.00254257
110,22,1.01234,0.00134489,0.0028102
110,23,1.01213,0.00149142,0.00308924
110,24,1.01192,0.00163399,0.00337873
110,25,1.01171,0.00177174,0.00367853
110,26,1.01148,0.00190391,0.00398756
110,27,1.01125,0.00202987,0.00430558
110,28,1.01102,0.00214906,0.00463143
110,29,1.01077,0.00226102,0.00496477
110,30,1.01053,0.00236531,0.00530441
110,31,1.01027,0.00246157,0.00564993
110,32,1.01001,0.00254946,0.00600012
110,33,1.00975,0.0026287,0.0063545
110,34,1.00948,0.00269902,0.00671183
110,35,1.00921,0.00276021,0.00707161
110,36,1.00893,0.00281208,0.00743259
110,37,1.00865,0.00285447,0.00779423
110,38,1.00836,0.00288729,0.00815529
110,39,1.00807,0.00291044,0.00851522
110,40,1.00778,0.0029239,0.00887277
110,41,1.00748,0.00292766,0.00922742
110,42,1.00718,0.00292175,0.00957792
110,43,1.00688,0.00290624,0.00992374
110,44,1.00657,0.00288122,0.0102637
110,45,1.00626,0.00284682,0.0105973
110,46,1.00595,0.0028032,0.0109233
110,47,1.00563,0.00275055,0.0112412
110,48,1.00532,0.00268908,0.01155
110,49,1.005,0.00261901,0.0118492
110,50,1.00468,0.0025406,0.0121377
110,51,1.00436,0.00245414,0.0124151
110,52,1.00403,0.00235991,0.0126803
110,53,1.00371,0.00225822,0.0129331
110,54,1.00338,0.00214939,0.0131724
110,55,1.00305,0.00203377,0.013398
110,56,1.00272,0.0019117,0.0136089
110,57,1.00239,0.00178353,0.0138049
110,58,1.00206,0.00164965,0.0139851
110,59,1.00173,0.00151041,0.0141494
110,60,1.0014,0.00136622,0.0142971
110,61,1.00106,0.00121744,0.0144279
110,62,1.00073,0.00106448,0.0145412
110,63,1.00039,0.000907737,0.0146369
110,64,1.00006,0.000747605,0.0147145
110,65,0.999723,0.00058449,0.0147739
110,66,0.999387,0.000418797,0.0148146
110,67,0.999051,0.000250934,0.0148368
110,68,0.998716,8.13103e-05,0.01484
110,69,0.99838,-8.96652e-05,0.0148243
110,70,0.998044,-0.000261582,0.0147895
110,71,0.997708,-0.00043403,0.0147357
110,72,0.997373,-0.000606601,0.0146627
110,73,0.997038,-0.000778884,0.014571
110,74,0.996703,-0.000950473,0.0144603
110,75,0.996369,-0.00112096,0.014331
110,76,0.996035,-0.00128995,0.0141831
110,77,0.995702,-0.00145703,0.0140172
110,78,0.99537,-0.00162182,0.0138334
110,79,0.995039,-0.00178392,0.0136321
110,80,0.994709,-0.00194295,0.0134137
110,81,0.99438,-0.00209852,0.0131787
110,82,0.994052,-0.00225027,0.0129276
110,83,0.993726,-0.00239783,0.0126609
110,84,0.993401,-0.00254085,0.0123794
110,85,0.993078,-0.00267897,0.0120836
110,86,0.992757,-0.00281186,0.0117743
110,87,0.992438,-0.00293919,0.0114522
110,88,0.992122,-0.00306064,0.0111181
110,89,0.991808,-0.0031759,0.0107728
110,90,0.991497,-0.00328466,0.0104173
110,91,0.991189,-0.00338664,0.0100523
110,92,0.990884,-0.00348154,0.00967902
110,93,0.990583,-0.00356907,0.00929806
110,94,0.990285,-0.00364895,0.0089109
110,95,0.989992,-0.0037209,0.00851802
110,96,0.989703,-0.00378463,0.00812106
110,97,0.989419,-0.00383983,0.00772044
110,98,0.98914,-0.00388623,0.00731796
110,99,0.988867,-0.0039235,0.00691394
110,100,0.988599,-0.00395134,0.00651034
110,101,0.988338,-0.00396945,0.00610737
110,102,0.988083,-0.00397754,0.00570715
110,103,0.987834,-0.00397536,0.00530976
110,104,0.987593,-0.0039627,0.00491745
110,105,0.98736,-0.00393942,0.0045302
110,106,0.987134,-0.00390549,0.00415035
110,107,0.986917,-0.00386098,0.00377775
110,108,0.986707,-0.00380603,0.00341484
110,109,0.986507,-0.0037409,0.00306133
110,110,0.986316,-0.00366578,0.00271974
110,111,0.986135,-0.00358074,0.00238965
110,112,0.985963,-0.00348551,0.00207369
110,113,0.985801,-0.00337915,0.00177141
110,114,0.98565,-0.00325979,0.00148565
110,115,0.985508,-0.00312431,0.00121612
110,116,0.985378,-0.00296802,0.000966074
110,117,0.985259,-0.00278472,0.000735679
110,118,0.985151,-0.00256698,0.000528905
110,119,0.985054,-0.00230713,0.000346615
110,120,0.984969,-0.00199903,0.000193564
110,121,0.984895,-0.00164095,7.10789e-05
110,122,0.984833,-0.00123979,-1.61143e-05
110,123,0.984783,-0.00081697,-6.78478e-05
110,124,0.984745,-0.000416543,-8.23822e-05
110,125,0.984718,-0.000116581,-6.52398e-05
110,126,0.984704,-4.49615e-05,-2.36718e-05
110,127,1,-0.00343474,0
111,0,1,0,0
111,1,1.01478,-0.000476634,3.53938e-05
111,2,1.01476,-0.00117023,8.11448e-05
111,3,1.01472,-0.00158318,9.54655e-05
111,4,1.01468,-0.00173195,9.80484e-05
111,5,1.01462,-0.00168019,0.000103883
111,6,1.01456,-0.00150421,0.000121768
111,7,1.01449,-0.00127045,0.000157721
111,8,1.01441,-0.00102564,0.000213256
111,9,1.01432,-0.000796124,0.000288876
111,10,1.01422,-0.000592103,0.000382861
111,11,1.01411,-0.000413379,0.000494251
111,12,1.014,-0.000254518,0.000621034
111,13,1.01388,-0.000108567,0.000762587
111,14,1.01374,3.07549e-05,0.000917528
111,15,1.0136,0.000168086,0.00108585
111,16,1.01346,0.000306241,0.00126669
111,17,1.0133,0.000446468,0.00146037
111,18,1.01313,0.000588857,0.00166623
111,19,1.01296,0.000732759,0.00188462
111,20,1.01278,0.000877128,0.00211484
111,21,1.0126,0.00102077,0.00235713
111,22,1.0124,0.00116249,0.00261067
111,23,1.0122,0.00130119,0.00287552
111,24,1.01199,0.00143591,0.00315073
111,25,1.01177,0.00156583,0.00343622
111,26,1.01155,0.00169023,0.00373094
111,27,1.01132,0.00180852,0.00403468
111,28,1.01109,0.00192019,0.00434632
111,29,1.01085,0.00202481,0.00466556
111,30,1.0106,0.00212201,0.00499122
111,31,1.01035,0.00221146,0.00532294
111,32,1.01009,0.00229287,0.00565949
111,33,1.00983,0.00236599,0.00600045
111,34,1.00956,0.00243062,0.0063446
111,35,1.00929,0.00248658,0.00669145
111,36,1.00901,0.00253371,0.00703976
111,37,1.00873,0.00257192,0.00738904
111,38,1.00845,0.00260113,0.00773802
111,39,1.00816,0.00262128,0.0080862
111,40,1.00786,0.00263238,0.00843232
111,41,1.00757,0.00263444,0.00877587
111,42,1.00727,0.00262751,0.0091156
111,43,1.00696,0.00261167,0.00945101
111,44,1.00666,0.00258704,0.00978089
111,45,1.00635,0.00255373,0.0101047
111,46,1.00604,0.00251192,0.0104213
111,47,1.00572,0.00246178,0.0107303
111,48,1.00541,0.00240352,0.0110304
111,49,1.00509,0.00233736,0.0113212
111,50,1.00477,0.00226354,0.0116017
111,51,1.00445,0.00218231,0.0118714
111,52,1.00412,0.00209395,0.0121292
111,53,1.0038,0.00199874,0.012375
111,54,1.00347,0.00189699,0.0126076
111,55,1.00314,0.001789,0.0128267
111,56,1.00281,0.0016751,0.0130315
111,57,1.00248,0.00155561,0.0132217
111,58,1.00214,0.00143089,0.0133964
111,59,1.00181,0.00130127,0.0135555
111,60,1.00147,0.0011671,0.0136982
111,61,1.00114,0.00102876,0.0138244
111,62,1.0008,0.000886614,0.0139334
111,63,1.00046,0.000741026,0.0140251
111,64,1.00012,0.000592379,0.014099
111,65,0.999784,0.000441055,0.014155
111,66,0.999444,0.000287441,0.0141927
111,67,0.999104,0.000131926,0.0142122
111,68,0.998764,-2.50966e-05,0.014213
111,69,0.998423,-0.000183231,0.0141952
111,70,0.998083,-0.000342081,0.0141588
111,71,0.997742,-0.000501246,0.0141037
111,72,0.997401,-0.000660328,0.0140299
111,73,0.997061,-0.000818928,0.0139377
111,74,0.996721,-0.000976646,0.013827
111,75,0.996381,-0.00113309,0.0136981
111,76,0.996042,-0.00128785,0.0135513
111,77,0.995703,-0.00144056,0.0133868
111,78,0.995365,-0.00159081,0.0132049
111,79,0.995027,-0.00173824,0.0130061
111,80,0.994691,-0.00188246,0.0127908
111,81,0.994356,-0.00202311,0.0125595
111,82,0.994022,-0.00215983,0.0123126
111,83,0.99369,-0.00229228,0.0120509
111,84,0.993359,-0.00242012,0.0117749
111,85,0.99303,-0.00254301,0.0114852
111,86,0.992703,-0.00266066,0.0111827
111,87,0.992378,-0.00277274,0.010868
111,88,0.992056,-0.00287898,0.0105422
111,89,0.991736,-0.00297908,0.0102056
111,90,0.991419,-0.00307278,0.00985966
111,91,0.991106,-0.00315983,0.00950478
111,92,0.990796,-0.00323995,0.00914237
111,93,0.99049,-0.00331291,0.00877289
111,94,0.990188,-0.00337846,0.00839787
111,95,0.98989,-0.00343635,0.00801774
111,96,0.989596,-0.00348635,0.00763417
111,97,0.989308,-0.00352819,0.0072475
111,98,0.989025,-0.00356162,0.00685956
111,99,0.988748,-0.00358639,0.00647061
111,100,0.988477,-0.00360223,0.00608261
111,101,0.988212,-0.00360889,0.00569572
111,102,0.987954,-0.00360613,0.00531203
111,103,0.987703,-0.00359374,0.00493159
111,104,0.987459,-0.00357156,0.00455663
111,105,0.987223,-0.00353951,0.00418705
111,106,0.986995,-0.0034976,0.0038252
111,107,0.986776,-0.00344594,0.00347085
111,108,0.986565,-0.00338474,0.00312643
111,109,0.986363,-0.00331429,0.00279156
111,110,0.986171,-0.00323486,0.00246875
111,111,0.985988,-0.00314661,0.00215749
111,112,0.985815,-0.00304935,0.00186039
111,113,0.985652,-0.00294231,0.0015769
111,114,0.9855,-0.00282384,0.00130983
111,115,0.985358,-0.00269105,0.00105879
111,116,0.985227,-0.00253964,0.000826993
111,117,0.985107,-0.00236381,0.000614495
111,118,0.984999,-0.00215662,0.000425201
111,119,0.984902,-0.00191088,0.00025983
111,120,0.984816,-0.00162082,0.000123015
111,121,0.984742,-0.00128483,1.58736e-05
111,122,0.98468,-0.000909422,-5.71005e-05
111,123,0.98463,-0.00051475,-9.60968e-05
111,124,0.984591,-0.000142318,-9.96018e-05
111,125,0.984564,0.000134218,-7.35266e-05
111,126,0.984549,0.000193898,-2.62648e-05
111,127,1,-0.00343474,0
112,0,1,0,0
112,1,1.01483,-0.00034229,3.95079e-05
112,2,1.0148,-0.000997175,8.3169e-05
112,3,1.01476,-0.00139133,9.68359e-05
112,4,1.01472,-0.00153887,9.58791e-05
112,5,1.01466,-0.00149916,9.57691e-05
112,6,1.0146,-0.00134373,0.000106439
112,7,1.01453,-0.00113497,0.000134239
112,8,1.01445,-0.000916733,0.000180898
112,9,1.01436,-0.000713654,0.000247136
112,10,1.01426,-0.000535127,0.000331263
112,11,1.01416,-0.000380753,0.000432353
112,12,1.01404,-0.000245221,0.000548358
112,13,1.01392,-0.000121828,0.000678679
112,14,1.01379,-4.53782e-06,0.000821907
112,15,1.01365,0.000111107,0.000978079
112,16,1.0135,0.000227834,0.00114633
112,17,1.01335,0.000346884,0.00132705
112,18,1.01318,0.000468406,0.00151957
112,19,1.01301,0.000591856,0.00172433
112,20,1.01283,0.000716313,0.00194063
112,21,1.01265,0.000840715,0.00216878
112,22,1.01246,0.000964004,0.00240796
112,23,1.01225,0.0010852,0.00265831
112,24,1.01205,0.00120345,0.00291889
112,25,1.01183,0.001318,0.00318968
112,26,1.01161,0.00142823,0.00346964
112,27,1.01138,0.0015336,0.00375863
112,28,1.01115,0.00163364,0.00405552
112,29,1.01091,0.00172795,0.00436008
112,30,1.01067,0.00181617,0.00467113
112,31,1.01042,0.00189798,0.00498836
112,32,1.01016,0.00197311,0.00531056
112,33,1.0099,0.00204129,0.00563735
112,34,1.00963,0.0021023,0.0059675
112,35,1.00936,0.00215595,0.00630059
112,36,1.00909,0.00220207,0.00663536
112,37,1.00881,0.00224052,0.00697136
112,38,1.00852,0.0022712,0.00730732
112,39,1.00824,0.00229403,0.00764278
112,40,1.00794,0.00230897,0.00797647
112,41,1.00765,0.00231599,0.0083079
112,42,1.00735,0.00231512,0.00863582
112,43,1.00705,0.0023064,0.00895976
112,44,1.00674,0.00228989,0.00927849
112,45,1.00643,0.0022657,0.00959152
112,46,1.00612,0.00223394,0.00989767
112,47,1.00581,0.00219477,0.0101965
112,48,1.00549,0.00214834,0.0104868
112,49,1.00518,0.00209484,0.0107682
112,50,1.00486,0.00203448,0.0110396
112,51,1.00453,0.00196749,0.0113005
112,52,1.00421,0.00189409,0.01155
112,53,1.00388,0.00181454,0.0117877
112,54,1.00355,0.00172911,0.0120125
112,55,1.00322,0.00163808,0.0122243
112,56,1.00289,0.00154172,0.0124221
112,57,1.00256,0.00144033,0.0126055
112,58,1.00222,0.00133422,0.0127739
112,59,1.00188,0.00122369,0.012927
112,60,1.00155,0.00110907,0.0130641
112,61,1.00121,0.000990656,0.013185
112,62,1.00087,0.000868787,0.013289
112,63,1.00053,0.000743785,0.0133761
112,64,1.00018,0.000615979,0.0134458
112,65,0.999841,0.000485699,0.013498
112,66,0.999498,0.000353277,0.0135323
112,67,0.999154,0.000219045,0.0135487
112,68,0.998809,8.3335e-05,0.0135469
112,69,0.998464,-5.35195e-05,0.013527
112,70,0.998118,-0.000191187,0.0134887
112,71,0.997773,-0.000329336,0.0134324
112,72,0.997427,-0.000467637,0.0133578
112,73,0.997081,-0.000605762,0.0132653
112,74,0.996736,-0.000743385,0.0131548
112,75,0.99639,-0.000880184,0.0130267
112,76,0.996045,-0.00101584,0.0128812
112,77,0.995701,-0.00115003,0.0127186
112,78,0.995357,-0.00128245,0.0125392
112,79,0.995013,-0.00141279,0.0123435
112,80,0.994671,-0.00154075,0.0121319
112,81,0.99433,-0.00166603,0.0119049
112,82,0.99399,-0.00178834,0.0116631
112,83,0.993652,-0.0019074,0.0114071
112,84,0.993315,-0.00202293,0.0111375
112,85,0.99298,-0.00213466,0.0108549
112,86,0.992648,-0.00224233,0.0105603
112,87,0.992317,-0.00234568,0.0102541
112,88,0.99199,-0.00244446,0.00993741
112,89,0.991665,-0.00253844,0.0096108
112,90,0.991343,-0.00262737,0.00927546
112,91,0.991024,-0.00271102,0.00893189
112,92,0.990709,-0.00278917,0.00858148
112,93,0.990399,-0.00286157,0.00822466
112,94,0.990092,-0.00292801,0.00786296
112,95,0.98979,-0.00298824,0.00749676
112,96,0.989493,-0.00304202,0.00712775
112,97,0.989201,-0.00308911,0.0067562
112,98,0.988915,-0.00312924,0.00638396
112,99,0.988634,-0.00316215,0.0060112
112,100,0.98836,-0.00318758,0.0056399
112,101,0.988092,-0.00320526,0.00527015
112,102,0.987832,-0.00321492,0.00490404
112,103,0.987578,-0.00321634,0.00454155
112,104,0.987332,-0.00320934,0.00418489
112,105,0.987094,-0.00319381,0.00383391
112,106,0.986865,-0.00316969,0.00349093
112,107,0.986644,-0.00313707,0.00315565
112,108,0.986432,-0.00309611,0.00283048
112,109,0.986229,-0.00304702,0.00251497
112,110,0.986035,-0.00299002,0.0022116
112,111,0.985852,-0.00292522,0.00191978
112,112,0.985678,-0.00285239,0.00164208
112,113,0.985515,-0.00277077,0.00137788
112,114,0.985362,-0.00267873,0.00112995
112,115,0.985219,-0.00257351,0.000897801
112,116,0.985088,-0.00245097,0.000684622
112,117,0.984968,-0.00230556,0.000490368
112,118,0.984859,-0.00213063,0.000318889
112,119,0.984762,-0.00191923,0.000170782
112,120,0.984675,-0.00166574,5.05686e-05
112,121,0.984601,-0.00136837,-4.08477e-05
112,122,0.984538,-0.00103288,-9.91935e-05
112,123,0.984487,-0.000677792,-0.000124981
112,124,0.984448,-0.000341636,-0.000117175
112,125,0.98442,-9.32621e-05,-8.21696e-05
112,126,0.984404,-4.63754e-05,-2.80036e-05
112,127,1,-0.00343474,0
113,0,1,0,0
113,1,1.01487,-0.000431439,3.8345e-05
113,2,1.01485,-0.0010423,8.61904e-05
113,3,1.01481,-0.00141046,9.74918e-05
113,4,1.01476,-0.00154855,9.21015e-05
113,5,1.01471,-0.00151162,8.6128e-05
113,6,1.01465,-0.0013665,8.94593e-05
113,7,1.01458,-0.00117156,0.00010905
113,8,1.0145,-0.000967793,0.000146919
113,9,1.01441,-0.000778164,0.000203919
113,10,1.01431,-0.000611347,0.000278369
113,11,1.01421,-0.000466859,0.000369362
113,12,1.01409,-0.000339663,0.000474795
113,13,1.01397,-0.000223469,0.000594076
113,14,1.01384,-0.000112657,0.000725762
113,15,1.0137,-3.11814e-06,0.000869924
113,16,1.01355,0.000107614,0.00102569
113,17,1.0134,0.000220613,0.00119351
113,18,1.01324,0.000335933,0.00137272
113,19,1.01307,0.000452988,0.00156382
113,20,1.01289,0.000570855,0.00176613
113,21,1.0127,0.00068849,0.00198002
113,22,1.01251,0.000804866,0.00220468
113,23,1.01231,0.000919041,0.00244032
113,24,1.0121,0.00103019,0.00268601
113,25,1.01189,0.00113762,0.00294179
113,26,1.01167,0.00124073,0.00320662
113,27,1.01145,0.00133902,0.00348043
113,28,1.01121,0.00143207,0.0037621
113,29,1.01098,0.0015195,0.00405146
113,30,1.01073,0.00160102,0.00434733
113,31,1.01048,0.00167633,0.00464946
113,32,1.01023,0.0017452,0.00495663
113,33,1.00997,0.00180742,0.00526854
113,34,1.0097,0.00186279,0.00558394
113,35,1.00943,0.00191118,0.00590246
113,36,1.00916,0.00195246,0.00622284
113,37,1.00888,0.00198652,0.00654469
113,38,1.0086,0.0020133,0.00686672
113,39,1.00831,0.00203275,0.00718851
113,40,1.00802,0.00204486,0.00750879
113,41,1.00773,0.00204964,0.0078271
113,42,1.00743,0.00204712,0.0081422
113,43,1.00713,0.00203738,0.00845363
113,44,1.00682,0.00202048,0.00876016
113,45,1.00652,0.00199655,0.00906132
113,46,1.00621,0.00196569,0.00935594
113,47,1.00589,0.00192807,0.00964355
113,48,1.00558,0.00188384,0.00992302
113,49,1.00526,0.00183319,0.0101939
113,50,1.00494,0.00177631,0.0104552
113,51,1.00461,0.00171341,0.0107063
113,52,1.00429,0.0016447,0.0109464
113,53,1.00396,0.00157044,0.011175
113,54,1.00363,0.00149086,0.0113912
113,55,1.0033,0.00140621,0.0115947
113,56,1.00297,0.00131676,0.0117845
113,57,1.00263,0.00122279,0.0119605
113,58,1.00229,0.00112456,0.0121217
113,59,1.00196,0.00102236,0.0122681
113,60,1.00162,0.000916483,0.0123988
113,61,1.00128,0.000807226,0.0125137
113,62,1.00093,0.000694887,0.0126122
113,63,1.00059,0.000579771,0.0126943
113,64,1.00024,0.000462184,0.0127593
113,65,0.999897,0.000342438,0.0128073
113,66,0.99955,0.000220845,0.0128378
113,67,0.999202,9.77222e-05,0.0128509
113,68,0.998854,-2.66142e-05,0.0128463
113,69,0.998504,-0.000151845,0.0128241
113,70,0.998154,-0.000277651,0.0127841
113,71,0.997804,-0.000403713,0.0127265
113,72,0.997454,-0.00052971,0.0126513
113,73,0.997103,-0.000655326,0.0125587
113,74,0.996752,-0.000780241,0.0124487
113,75,0.996401,-0.000904143,0.0123217
113,76,0.996051,-0.00102672,0.012178
113,77,0.995701,-0.00114766,0.0120177
113,78,0.995351,-0.00126667,0.0118414
113,79,0.995002,-0.00138344,0.0116495
113,80,0.994655,-0.00149769,0.0114423
113,81,0.994308,-0.00160912,0.0112205
113,82,0.993962,-0.00171747,0.0109846
113,83,0.993618,-0.00182246,0.0107351
113,84,0.993276,-0.00192383,0.0104729
113,85,0.992936,-0.00202134,0.0101984
113,86,0.992597,-0.00211474,0.00991257
113,87,0.992262,-0.00220379,0.00961592
113,88,0.991929,-0.00228828,0.00930957
113,89,0.991599,-0.00236798,0.00899397
113,90,0.991272,-0.00244269,0.00867039
113,91,0.990948,-0.00251221,0.00833927
113,92,0.990629,-0.00257634,0.00800201
113,93,0.990313,-0.00263488,0.00765898
113,94,0.990002,-0.00268764,0.00731175
113,95,0.989696,-0.00273442,0.00696062
113,96,0.989395,-0.00277502,0.00660728
113,97,0.9891,-0.00280922,0.00625194
113,98,0.98881,-0.00283683,0.00589646
113,99,0.988526,-0.00285761,0.00554094
113,100,0.988249,-0.00287134,0.00518735
113,101,0.987978,-0.0028778,0.0048357
113,102,0.987715,-0.00287678,0.00448809
113,103,0.987459,-0.00286811,0.00414441
113,104,0.987211,-0.00285164,0.00380688
113,105,0.986971,-0.00282731,0.00347526
113,106,0.98674,-0.00279513,0.00315185
113,107,0.986517,-0.0027552,0.00283629
113,108,0.986303,-0.00270775,0.00253096
113,109,0.986099,-0.00265303,0.00223532
113,110,0.985905,-0.00259135,0.00195183
113,111,0.98572,-0.00252286,0.00167983
113,112,0.985546,-0.00244746,0.00142185
113,113,0.985382,-0.00236452,0.00117718
113,114,0.985228,-0.00227264,0.000948554
113,115,0.985086,-0.00216931,0.000735421
113,116,0.984954,-0.00205075,0.000540926
113,117,0.984833,-0.00191181,0.000364952
113,118,0.984724,-0.00174628,0.000211309
113,119,0.984627,-0.00154766,8.04954e-05
113,120,0.98454,-0.00131061,-2.30577e-05
113,121,0.984466,-0.00103334,-9.86276e-05
113,122,0.984403,-0.000721051,-0.000142167
113,123,0.984351,-0.000390877,-0.000154567
113,124,0.984312,-7.86562e-05,-0.000135093
113,125,0.984283,0.000151262,-9.0642e-05
113,126,0.984267,0.0001921,-3.05483e-05
113,127,1,-0.00343474,0
114,0,1,0,0
114,1,1.01491,-0.000280719,4.18664e-05
114,2,1.01488,-0.000847702,8.72267e-05
114,3,1.01484,-0.00119194,9.70422e-05
114,4,1.0148,-0.00132453,8.75218e-05
114,5,1.01474,-0.00129654,7.53382e-05
114,6,1.01468,-0.00116985,7.14598e-05
114,7,1.01461,-0.000998495,8.31575e-05
114,8,1.01453,-0.000820308,0.000112614
114,9,1.01444,-0.000656307,0.000160833
114,10,1.01435,-0.000514229,0.000226101
114,11,1.01424,-0.000393333,0.000307499
114,12,1.01413,-0.000288705,0.000402847
114,13,1.01401,-0.000194325,0.000511544
114,14,1.01388,-0.000104848,0.000632103
114,15,1.01374,-1.63744e-05,0.000764625
114,16,1.01359,7.34553e-05,0.000908231
114,17,1.01344,0.000165693,0.00106341
114,18,1.01328,0.000260445,0.00122953
114,19,1.01311,0.000357226,0.00140714
114,20,1.01293,0.000455239,0.00159556
114,21,1.01275,0.000553579,0.00179524
114,22,1.01256,0.00065135,0.00200538
114,23,1.01236,0.000747737,0.00222624
114,24,1.01215,0.000842028,0.00245691
114,25,1.01194,0.000933614,0.0026975
114,26,1.01172,0.00102198,0.00294696
114,27,1.0115,0.00110669,0.0032053
114,28,1.01127,0.00118738,0.00347139
114,29,1.01103,0.0012637,0.00374512
114,30,1.01079,0.00133538,0.00402534
114,31,1.01054,0.00140216,0.00431183
114,32,1.01029,0.0014638,0.00460341
114,33,1.01003,0.00152009,0.00489979
114,34,1.00977,0.00157085,0.00519975
114,35,1.0095,0.00161591,0.00550297
114,36,1.00923,0.00165513,0.0058082
114,37,1.00895,0.00168839,0.00611507
114,38,1.00867,0.00171559,0.00642232
114,39,1.00838,0.00173668,0.00672955
114,40,1.00809,0.00175159,0.0070355
114,41,1.0078,0.00176032,0.00733976
114,42,1.0075,0.00176285,0.00764107
114,43,1.0072,0.00175923,0.007939
114,44,1.0069,0.00174949,0.00823232
114,45,1.00659,0.00173371,0.00852062
114,46,1.00628,0.00171198,0.00880267
114,47,1.00597,0.0016844,0.00907809
114,48,1.00565,0.0016511,0.00934569
114,49,1.00534,0.00161223,0.0096051
114,50,1.00502,0.00156795,0.0098552
114,51,1.00469,0.00151842,0.0100956
114,52,1.00437,0.00146383,0.0103253
114,53,1.00404,0.00140438,0.010544
114,54,1.00371,0.00134027,0.0107506
114,55,1.00338,0.00127173,0.0109449
114,56,1.00304,0.00119898,0.011126
114,57,1.0027,0.00112224,0.0112937
114,58,1.00237,0.00104176,0.011447
114,59,1.00203,0.000957777,0.0115859
114,60,1.00168,0.000870536,0.0117097
114,61,1.00134,0.000780289,0.0118181
114,62,1.00099,0.000687286,0.0119106
114,63,1.00065,0.000591783,0.0119871
114,64,1.0003,0.000494035,0.012047
114,65,0.99995,0.000394298,0.0120905
114,66,0.999599,0.000292828,0.012117
114,67,0.999247,0.000189883,0.0121267
114,68,0.998895,8.57173e-05,0.0121192
114,69,0.998541,-1.94131e-05,0.0120947
114,70,0.998187,-0.000125255,0.012053
114,71,0.997832,-0.000231556,0.0119944
114,72,0.997477,-0.000338065,0.0119187
114,73,0.997121,-0.000444535,0.0118263
114,74,0.996765,-0.000550719,0.0117172
114,75,0.996409,-0.000656375,0.0115917
114,76,0.996054,-0.000761263,0.0114502
114,77,0.995698,-0.000865146,0.0112929
114,78,0.995343,-0.000967791,0.0111203
114,79,0.994989,-0.00106897,0.0109327
114,80,0.994636,-0.00116846,0.0107308
114,81,0.994284,-0.00126604,0.0105149
114,82,0.993933,-0.00136149,0.0102857
114,83,0.993583,-0.0014546,0.0100437
114,84,0.993236,-0.00154517,0.00978972
114,85,0.99289,-0.001633,0.00952423
114,86,0.992547,-0.0017179,0.00924821
114,87,0.992206,-0.00179966,0.00896213
114,88,0.991868,-0.00187811,0.00866709
114,89,0.991533,-0.00195306,0.00836355
114,90,0.991202,-0.00202434,0.00805276
114,91,0.990874,-0.00209175,0.00773512
114,92,0.99055,-0.00215512,0.00741204
114,93,0.99023,-0.00221428,0.00708384
114,94,0.989916,-0.00226902,0.00675209
114,95,0.989606,-0.00231917,0.006417
114,96,0.989301,-0.00236452,0.0060803
114,97,0.989002,-0.00240487,0.00574212
114,98,0.98871,-0.00243998,0.00540429
114,99,0.988423,-0.00246965,0.00506686
114,100,0.988143,-0.00249362,0.00473179
114,101,0.98787,-0.00251167,0.00439901
114,102,0.987605,-0.00252358,0.00407062
114,103,0.987347,-0.00252913,0.00374641
114,104,0.987097,-0.00252816,0.0034286
114,105,0.986856,-0.00252058,0.00311687
114,106,0.986623,-0.00250634,0.0028135
114,107,0.986399,-0.00248551,0.00251806
114,108,0.986185,-0.00245825,0.00223288
114,109,0.98598,-0.00242475,0.00195738
114,110,0.985784,-0.00238524,0.00169395
114,111,0.985599,-0.00233983,0.00144186
114,112,0.985424,-0.00228838,0.00120361
114,113,0.98526,-0.00223026,0.000978402
114,114,0.985106,-0.0021641,0.000768945
114,115,0.984963,-0.00208751,0.000574611
114,116,0.984831,-0.00199689,0.000398528
114,117,0.984711,-0.00188734,0.000240517
114,118,0.984601,-0.0017529,0.000104375
114,119,0.984504,-0.00158729,-9.46707e-06
114,120,0.984417,-0.00138522,-9.66319e-05
114,121,0.984342,-0.00114459,-0.000156553
114,122,0.984279,-0.000869698,-0.000185374
114,123,0.984227,-0.000575846,-0.000184306
114,124,0.984186,-0.000295724,-0.000153146
114,125,0.984157,-8.87659e-05,-9.93933e-05
114,126,0.984139,-5.44436e-05,-3.22576e-05
114,127,1,-0.00343474,0
115,0,1,0,0
115,1,1.01495,-0.000380617,4.06994e-05
115,2,1.01492,-0.000898261,8.92223e-05
115,3,1.01488,-0.00121151,9.62864e-05
115,4,1.01484,-0.00133078,8.22608e-05
115,5,1.01478,-0.00130293,6.45069e-05
115,6,1.01472,-0.00118492,5.3991e-05
115,7,1.01465,-0.00102639,5.84963e-05
115,8,1.01457,-0.000861969,8.03993e-05
115,9,1.01448,-0.000710748,0.000120746
115,10,1.01439,-0.000579613,0.000177755
115,11,1.01428,-0.000467697,0.000250463
115,12,1.01417,-0.000370368,0.000336592
115,13,1.01405,-0.000282056,0.000435519
115,14,1.01392,-0.000197875,0.000545703
115,15,1.01378,-0.000114309,0.000667274
115,16,1.01364,-2.92831e-05,0.000799338
115,17,1.01348,5.80704e-05,0.000942446
115,18,1.01332,0.000147755,0.00109596
115,19,1.01315,0.000239242,0.00126049
115,20,1.01298,0.000331729,0.00143539
115,21,1.0128,0.000424327,0.00162115
115,22,1.01261,0.000516171,0.00181699
115,23,1.01241,0.00060648,0.00202324
115,24,1.0122,0.000694576,0.00223898
115,25,1.01199,0.000779885,0.00246439
115,26,1.01178,0.000861927,0.00269844
115,27,1.01155,0.0009403,0.00294119
115,28,1.01132,0.00101466,0.00319152
115,29,1.01109,0.00108472,0.00344939
115,30,1.01085,0.00115022,0.00371363
115,31,1.0106,0.00121095,0.00398412
115,32,1.01035,0.0012667,0.00425965
115,33,1.01009,0.00131731,0.00454001
115,34,1.00983,0.00136263,0.00482399
115,35,1.00956,0.00140254,0.0051113
115,36,1.00929,0.00143692,0.00540072
115,37,1.00901,0.00146571,0.00569191
115,38,1.00873,0.00148885,0.00598363
115,39,1.00845,0.00150629,0.00627551
115,40,1.00816,0.00151802,0.00656632
115,41,1.00787,0.00152406,0.00685566
115,42,1.00757,0.00152442,0.00714229
115,43,1.00727,0.00151915,0.00742582
115,44,1.00697,0.00150833,0.00770502
115,45,1.00667,0.00149202,0.0079795
115,46,1.00636,0.00147034,0.00824806
115,47,1.00604,0.00144339,0.00851031
115,48,1.00573,0.0014113,0.00876511
115,49,1.00541,0.00137421,0.00901208
115,50,1.00509,0.00133229,0.00925012
115,51,1.00477,0.00128568,0.00947888
115,52,1.00444,0.00123458,0.00969732
115,53,1.00411,0.00117915,0.00990514
115,54,1.00378,0.00111959,0.0101014
115,55,1.00345,0.00105611,0.0102857
115,56,1.00311,0.000988894,0.0104573
115,57,1.00277,0.00091817,0.0106159
115,58,1.00243,0.00084415,0.0107607
115,59,1.00209,0.000767055,0.0108916
115,60,1.00175,0.000687111,0.0110077
115,61,1.0014,0.000604545,0.0111091
115,62,1.00105,0.000519591,0.0111951
115,63,1.0007,0.000432484,0.0112657
115,64,1.00035,0.000343459,0.0113203
115,65,1,0.000252756,0.011359
115,66,0.999646,0.000160615,0.0113813
115,67,0.999291,6.72787e-05,0.0113874
115,68,0.998935,-2.70116e-05,0.011377
115,69,0.998577,-0.000122013,0.0113502
115,70,0.998219,-0.000217482,0.0113069
115,71,0.99786,-0.000313177,0.0112473
115,72,0.9975,-0.000408856,0.0111714
115,73,0.99714,-0.000504278,0.0110795
115,74,0.99678,-0.000599205,0.0109716
115,75,0.996419,-0.000693401,0.0108481
115,76,0.996058,-0.000786632,0.0107093
115,77,0.995698,-0.000878668,0.0105555
115,78,0.995338,-0.000969282,0.0103872
115,79,0.994979,-0.00105825,0.0102047
115,80,0.99462,-0.00114537,0.0100086
115,81,0.994263,-0.00123041,0.00979941
115,82,0.993907,-0.00131317,0.00957771
115,83,0.993552,-0.00139347,0.00934401
115,84,0.993199,-0.00147109,0.00909914
115,85,0.992849,-0.00154587,0.00884354
115,86,0.9925,-0.00161761,0.00857822
115,87,0.992155,-0.00168616,0.00830359
115,88,0.991812,-0.00175133,0.0080208
115,89,0.991473,-0.00181298,0.00773022
115,90,0.991137,-0.00187094,0.00743315
115,91,0.990805,-0.00192506,0.0071299
115,92,0.990477,-0.0019752,0.00682189
115,93,0.990153,-0.0020212,0.00650939
115,94,0.989835,-0.00206291,0.00619396
115,95,0.989521,-0.00210017,0.00587575
115,96,0.989213,-0.00213282,0.00555647
115,97,0.988911,-0.00216069,0.00523618
115,98,0.988615,-0.00218361,0.00491671
115,99,0.988326,-0.00220138,0.00459801
115,100,0.988044,-0.00221383,0.00428206
115,101,0.987768,-0.00222076,0.00396868
115,102,0.987501,-0.00222199,0.00365996
115,103,0.987241,-0.00221738,0.00335564
115,104,0.986989,-0.00220679,0.00305788
115,105,0.986746,-0.00219018,0.0027663
115,106,0.986512,-0.00216757,0.00248316
115,107,0.986287,-0.00213905,0.00220793
115,108,0.986071,-0.00210482,0.00194294
115,109,0.985865,-0.00206514,0.00168749
115,110,0.985669,-0.00202029,0.00144397
115,111,0.985483,-0.00197046,0.00121154
115,112,0.985308,-0.00191562,0.00099267
115,113,0.985143,-0.00185529,0.000786487
115,114,0.984989,-0.00178832,0.000595656
115,115,0.984846,-0.0017126,0.000419486
115,116,0.984714,-0.00162489,0.000261092
115,117,0.984593,-0.0015207,0.000120254
115,118,0.984484,-0.00139453,7.81928e-07
115,119,0.984386,-0.00124048,-9.69222e-05
115,120,0.9843,-0.00105346,-0.000168488
115,121,0.984225,-0.000831241,-0.000213437
115,122,0.984161,-0.000577378,-0.000228065
115,123,0.984109,-0.000305513,-0.000213923
115,124,0.984068,-4.54022e-05,-0.000171145
115,125,0.984039,0.000148247,-0.00010785
115,126,0.98402,0.000183034,-3.47102e-05
115,127,1,-0.00343474,0
116,0,1,0,0
116,1,1.01498,-0.000215031,4.36677e-05
116,2,1.01495,-0.000683729,8.97707e-05
116,3,1.01491,-0.000968534,9.53952e-05
116,4,1.01486,-0.00107888,7.79279e-05
116,5,1.01481,-0.00105767,5.52855e-05
116,6,1.01475,-0.000956683,3.93478e-05
116,7,1.01468,-0.000820863,3.80941e-05
116,8,1.0146,-0.000681355,5.39347e-05
116,9,1.01451,-0.000555106,8.79357e-05
116,10,1.01442,-0.00044796,0.000138193
116,11,1.01431,-0.000358776,0.00020366
116,12,1.0142,-0.000283071,0.000281939
116,13,1.01408,-0.000215595,0.000372377
116,14,1.01395,-0.000151787,0.00047338
116,15,1.01382,-8.83754e-05,0.000585103
116,16,1.01367,-2.34246e-05,0.000706645
116,17,1.01352,4.38969e-05,0.000838612
116,18,1.01336,0.000113636,0.000980376
116,19,1.01319,0.00018536,0.00113261
116,20,1.01302,0.000258395,0.00129468
116,21,1.01283,0.000331989,0.00146714
116,22,1.01265,0.000405415,0.00164922
116,23,1.01245,0.00047802,0.00184131
116,24,1.01225,0.000549241,0.0020425
116,25,1.01204,0.000618602,0.00225303
116,26,1.01182,0.000685708,0.00247188
116,27,1.0116,0.000750223,0.00269917
116,28,1.01137,0.000811864,0.0029338
116,29,1.01114,0.000870381,0.00317578
116,30,1.0109,0.000925555,0.00342396
116,31,1.01065,0.000977188,0.00367826
116,32,1.0104,0.0010251,0.00393751
116,33,1.01015,0.00106913,0.00420154
116,34,1.00988,0.00110912,0.00446915
116,35,1.00962,0.00114496,0.00474012
116,36,1.00935,0.00117653,0.00501321
116,37,1.00907,0.00120372,0.00528817
116,38,1.00879,0.00122647,0.00556375
116,39,1.00851,0.00124471,0.00583964
116,40,1.00822,0.0012584,0.00611459
116,41,1.00793,0.00126752,0.00638828
116,42,1.00764,0.00127206,0.00665946
116,43,1.00734,0.00127204,0.0069278
116,44,1.00704,0.00126749,0.00719205
116,45,1.00673,0.00125845,0.00745188
116,46,1.00642,0.00124499,0.00770609
116,47,1.00611,0.00122718,0.00795434
116,48,1.0058,0.00120512,0.00819546
116,49,1.00548,0.0011789,0.00842914
116,50,1.00516,0.00114865,0.00865426
116,51,1.00484,0.00111448,0.00887052
116,52,1.00451,0.00107653,0.00907688
116,53,1.00418,0.00103495,0.00927307
116,54,1.00385,0.000989895,0.0094581
116,55,1.00351,0.000941513,0.00963176
116,56,1.00318,0.000889972,0.00979313
116,57,1.00284,0.000835441,0.00994204
116,58,1.0025,0.000778094,0.0100777
116,59,1.00215,0.000718107,0.0101999
116,60,1.00181,0.00065566,0.010308
116,61,1.00146,0.000590933,0.0104019
116,62,1.00111,0.00052411,0.010481
116,63,1.00076,0.000455373,0.0105453
116,64,1.0004,0.000384907,0.0105943
116,65,1.00005,0.000312895,0.0106279
116,66,0.99969,0.00023952,0.0106459
116,67,0.999331,0.000164965,0.0106484
116,68,0.998971,8.94106e-05,0.010635
116,69,0.99861,1.30377e-05,0.010606
116,70,0.998247,-6.39756e-05,0.0105612
116,71,0.997884,-0.000141452,0.0105008
116,72,0.99752,-0.000219218,0.0104249
116,73,0.997156,-0.000297099,0.0103337
116,74,0.996791,-0.000374925,0.0102274
116,75,0.996425,-0.000452528,0.0101063
116,76,0.99606,-0.000529741,0.00997062
116,77,0.995695,-0.000606402,0.00982083
116,78,0.99533,-0.000682349,0.00965732
116,79,0.994966,-0.000757425,0.00948049
116,80,0.994602,-0.000831473,0.00929091
116,81,0.99424,-0.000904343,0.009089
116,82,0.993879,-0.000975885,0.00887547
116,83,0.99352,-0.00104595,0.00865075
116,84,0.993162,-0.0011144,0.00841569
116,85,0.992807,-0.00118109,0.00817072
116,86,0.992454,-0.00124588,0.00791682
116,87,0.992104,-0.00130864,0.00765439
116,88,0.991757,-0.00136923,0.00738456
116,89,0.991413,-0.00142752,0.00710767
116,90,0.991073,-0.00148337,0.006825
116,91,0.990737,-0.00153664,0.00653682
116,92,0.990406,-0.00158721,0.00624455
116,93,0.990079,-0.00163492,0.00594837
116,94,0.989757,-0.00167964,0.00564985
116,95,0.98944,-0.00172121,0.00534906
116,96,0.989129,-0.00175945,0.0050477
116,97,0.988824,-0.00179422,0.00474576
116,98,0.988526,-0.00182531,0.00444504
116,99,0.988234,-0.00185253,0.00414543
116,100,0.98795,-0.00187569,0.00384887
116,101,0.987673,-0.00189458,0.00355511
116,102,0.987403,-0.00190901,0.00326622
116,103,0.987142,-0.0019188,0.00298183
116,104,0.986889,-0.0019238,0.00270413
116,105,0.986645,-0.00192392,0.00243261
116,106,0.986409,-0.00191912,0.00216953
116,107,0.986183,-0.00190947,0.00191426
116,108,0.985967,-0.00189509,0.0016691
116,109,0.98576,-0.00187617,0.00143327
116,110,0.985564,-0.00185292,0.00120911
116,111,0.985378,-0.00182547,0.000995699
116,112,0.985202,-0.00179375,0.000795457
116,113,0.985037,-0.00175729,0.000607431
116,114,0.984883,-0.001715,0.000434245
116,115,0.98474,-0.0016649,0.000275144
116,116,0.984608,-0.00160394,0.000133229
116,117,0.984487,-0.00152793,8.25849e-06
116,118,0.984378,-0.00143163,-9.59223e-05
116,119,0.98428,-0.00130935,-0.000178891
116,120,0.984194,-0.001156,-0.000236222
116,121,0.984119,-0.000968908,-0.000267457
116,122,0.984055,-0.000750508,-0.000268952
116,123,0.984003,-0.000512319,-0.000242479
116,124,0.983961,-0.000280613,-0.000188678
116,125,0.983931,-0.000104877,-0.000116356
116,126,0.983911,-6.99666e-05,-3.63539e-05
116,127,1,-0.00343474,0
117,0,1,0,0
117,1,1.01501,-0.000324042,4.26585e-05
117,2,1.01498,-0.000738822,9.17158e-05
117,3,1.01494,-0.000988798,9.57687e-05
117,4,1.0149,-0.00108316,7.58242e-05
117,5,1.01484,-0.00106051,5.034e-05
117,6,1.01478,-0.000967375,3.10672e-05
117,7,1.01471,-0.000843902,2.62637e-05
117,8,1.01463,-0.000717699,3.83393e-05
117,9,1.01454,-0.000603595,6.82544e-05
117,10,1.01445,-0.000506505,0.000113933
117,11,1.01435,-0.000425174,0.000174218
117,12,1.01423,-0.00035546,0.000246585
117,13,1.01411,-0.00029263,0.000330345
117,14,1.01399,-0.000232644,0.000423859
117,15,1.01385,-0.000172659,0.000527312
117,16,1.01371,-0.000111051,0.000639807
117,17,1.01356,-4.71887e-05,0.000762006
117,18,1.0134,1.88666e-05,0.000893298
117,19,1.01323,8.66362e-05,0.00103442
117,20,1.01306,0.000155441,0.00118475
117,21,1.01288,0.000224549,0.00134491
117,22,1.01269,0.000293262,0.00151413
117,23,1.01249,0.000360957,0.00169287
117,24,1.01229,0.000427104,0.00188023
117,25,1.01208,0.000491258,0.00207649
117,26,1.01187,0.000553053,0.00228068
117,27,1.01165,0.000612181,0.00249294
117,28,1.01142,0.000668387,0.00271221
117,29,1.01119,0.000721451,0.00293855
117,30,1.01095,0.000771183,0.00317082
117,31,1.0107,0.000817417,0.00340902
117,32,1.01045,0.00086001,0.00365197
117,33,1.0102,0.000898832,0.00389958
117,34,1.00994,0.000933775,0.00415065
117,35,1.00967,0.000964745,0.00440503
117,36,1.0094,0.000991666,0.00466149
117,37,1.00913,0.00101448,0.00491983
117,38,1.00885,0.00103314,0.00517883
117,39,1.00857,0.00104762,0.00543822
117,40,1.00828,0.00105791,0.00569677
117,41,1.00799,0.00106402,0.00595421
117,42,1.0077,0.00106597,0.00620931
117,43,1.0074,0.00106379,0.00646176
117,44,1.0071,0.00105754,0.00671037
117,45,1.0068,0.00104727,0.00695481
117,46,1.00649,0.00103307,0.00719392
117,47,1.00618,0.00101501,0.00742738
117,48,1.00586,0.000993195,0.00765406
117,49,1.00554,0.000967727,0.00787366
117,50,1.00522,0.00093872,0.00808509
117,51,1.0049,0.000906296,0.00828808
117,52,1.00457,0.000870584,0.0084816
117,53,1.00424,0.000831719,0.00866541
117,54,1.00391,0.000789841,0.00883855
117,55,1.00358,0.000745095,0.00900082
117,56,1.00324,0.000697631,0.00915132
117,57,1.0029,0.000647603,0.00928991
117,58,1.00256,0.000595168,0.00941579
117,59,1.00221,0.000540486,0.00952886
117,60,1.00186,0.000483719,0.00962841
117,61,1.00151,0.000425031,0.00971439
117,62,1.00116,0.000364589,0.00978621
117,63,1.00081,0.00030256,0.00984387
117,64,1.00045,0.000239114,0.00988688
117,65,1.00009,0.000174419,0.00991532
117,66,0.999731,0.000108647,0.00992881
117,67,0.999369,4.19678e-05,0.00992749
117,68,0.999006,-2.54467e-05,0.00991109
117,69,0.998641,-9.34257e-05,0.00987983
117,70,0.998275,-0.000161798,0.00983356
117,71,0.997908,-0.000230395,0.00977254
117,72,0.99754,-0.000299045,0.00969678
117,73,0.997171,-0.00036758,0.00960658
117,74,0.996802,-0.000435835,0.00950209
117,75,0.996432,-0.000503643,0.00938364
117,76,0.996063,-0.000570841,0.00925153
117,77,0.995693,-0.00063727,0.00910613
117,78,0.995324,-0.00070277,0.00894787
117,79,0.994955,-0.000767188,0.00877715
117,80,0.994587,-0.000830373,0.00859455
117,81,0.99422,-0.000892177,0.00840047
117,82,0.993855,-0.000952457,0.00819563
117,83,0.993491,-0.00101107,0.00798043
117,84,0.993129,-0.00106789,0.00775573
117,85,0.992769,-0.00112279,0.00752191
117,86,0.992412,-0.00117562,0.00727998
117,87,0.992058,-0.00122629,0.00703027
117,88,0.991706,-0.00127466,0.00677392
117,89,0.991359,-0.00132062,0.00651121
117,90,0.991015,-0.00136406,0.00624342
117,91,0.990675,-0.00140486,0.00597075
117,92,0.99034,-0.00144292,0.00569462
117,93,0.99001,-0.00147812,0.00541513
117,94,0.989684,-0.00151035,0.00513384
117,95,0.989365,-0.00153948,0.00485075
117,96,0.989051,-0.00156539,0.00456753
117,97,0.988744,-0.00158795,0.00428409
117,98,0.988443,-0.001607,0.00400223
117,99,0.988149,-0.00162241,0.00372173
117,100,0.987862,-0.00163402,0.00344452
117,101,0.987583,-0.00164166,0.00317026
117,102,0.987312,-0.00164521,0.002901
117,103,0.987049,-0.00164452,0.00263629
117,104,0.986794,-0.0016395,0.00237827
117,105,0.986549,-0.00163011,0.00212637
117,106,0.986313,-0.00161635,0.0018828
117,107,0.986086,-0.00159832,0.00164685
117,108,0.985869,-0.00157619,0.00142078
117,109,0.985661,-0.00155021,0.00120373
117,110,0.985464,-0.00152063,0.000997984
117,111,0.985278,-0.00148767,0.000802533
117,112,0.985102,-0.00145137,0.000619736
117,113,0.984937,-0.00141142,0.000448552
117,114,0.984782,-0.00136695,0.000291557
117,115,0.984639,-0.0013163,0.000147923
117,116,0.984508,-0.00125684,2.07366e-05
117,117,0.984387,-0.00118482,-9.02622e-05
117,118,0.984278,-0.0010955,-0.000181173
117,119,0.984181,-0.000983604,-0.000251511
117,120,0.984094,-0.000844228,-0.000296723
117,121,0.98402,-0.000674431,-0.000316258
117,122,0.983956,-0.000475684,-0.000306417
117,123,0.983904,-0.000257505,-0.000269119
117,124,0.983862,-4.27855e-05,-0.000205248
117,125,0.983831,0.000124196,-0.00012427
117,126,0.983811,0.000166054,-3.86264e-05
117,127,1,-0.00343474,0
118,0,1,0,0
118,1,1.01503,-0.000146086,4.52886e-05
118,2,1.015,-0.000508595,9.33741e-05
118,3,1.01497,-0.00072747,9.84066e-05
118,4,1.01492,-0.000811139,7.87147e-05
118,5,1.01487,-0.000794132,5.29804e-05
118,6,1.0148,-0.000717475,3.3456e-05
118,7,1.01473,-0.000616277,2.83088e-05
118,8,1.01466,-0.000514429,3.97558e-05
118,9,1.01457,-0.000424491,6.86062e-05
118,10,1.01448,-0.000350327,0.000112567
118,11,1.01437,-0.000290458,0.000170347
118,12,1.01426,-0.000240973,0.000239301
118,13,1.01414,-0.000197541,0.000318717
118,14,1.01402,-0.000156511,0.000406924
118,15,1.01388,-0.00011533,0.000504156
118,16,1.01374,-7.25388e-05,0.000609527
118,17,1.01359,-2.75545e-05,0.000723768
118,18,1.01343,1.96001e-05,0.000846287
118,19,1.01326,6.85443e-05,0.00097789
118,20,1.01309,0.000118729,0.00111797
118,21,1.01291,0.000169565,0.00126719
118,22,1.01272,0.000220494,0.00142483
118,23,1.01253,0.000271024,0.00159137
118,24,1.01233,0.000320742,0.00176594
118,25,1.01212,0.000369305,0.00194889
118,26,1.01191,0.000416431,0.00213923
118,27,1.01169,0.000461887,0.00233719
118,28,1.01146,0.000505472,0.00254171
118,29,1.01123,0.000547016,0.00275291
118,30,1.01099,0.000586366,0.00296969
118,31,1.01075,0.000623383,0.00319207
118,32,1.0105,0.00065794,0.00341893
118,33,1.01025,0.000689923,0.00365022
118,34,1.00999,0.000719226,0.00388477
118,35,1.00972,0.000745755,0.00412249
118,36,1.00946,0.000769426,0.00436217
118,37,1.00918,0.000790167,0.00460367
118,38,1.00891,0.000807919,0.00484578
118,39,1.00862,0.000822635,0.0050883
118,40,1.00834,0.000834281,0.00533003
118,41,1.00805,0.000842835,0.00557074
118,42,1.00776,0.000848289,0.00580922
118,43,1.00746,0.000850645,0.00604522
118,44,1.00716,0.000849921,0.00627756
118,45,1.00686,0.000846143,0.00650598
118,46,1.00655,0.00083935,0.00672931
118,47,1.00624,0.000829588,0.0069473
118,48,1.00592,0.000816917,0.00715883
118,49,1.0056,0.000801403,0.00736364
118,50,1.00528,0.000783121,0.00756067
118,51,1.00496,0.000762152,0.00774968
118,52,1.00463,0.000738585,0.00792966
118,53,1.0043,0.000712515,0.00810041
118,54,1.00397,0.000684041,0.00826099
118,55,1.00363,0.000653267,0.00841122
118,56,1.0033,0.0006203,0.00855025
118,57,1.00295,0.00058525,0.00867795
118,58,1.00261,0.000548231,0.00879353
118,59,1.00226,0.000509357,0.00889693
118,60,1.00191,0.000468743,0.00898746
118,61,1.00156,0.000426507,0.0090651
118,62,1.00121,0.000382764,0.00912926
118,63,1.00085,0.000337631,0.00917999
118,64,1.00049,0.000291226,0.0092168
118,65,1.00013,0.000243662,0.0092398
118,66,0.999767,0.000195056,0.00924862
118,67,0.999402,0.00014552,0.00924341
118,68,0.999036,9.51674e-05,0.00922394
118,69,0.998668,4.41084e-05,0.00919042
118,70,0.998298,-7.54745e-06,0.00914274
118,71,0.997928,-5.96919e-05,0.00908115
118,72,0.997556,-0.000112218,0.00900569
118,73,0.997183,-0.000165022,0.00891665
118,74,0.99681,-0.000217999,0.0088142
118,75,0.996437,-0.000271047,0.00869867
118,76,0.996063,-0.000324065,0.00857037
118,77,0.995689,-0.000376954,0.00842966
118,78,0.995315,-0.000429616,0.00827699
118,79,0.994942,-0.000481952,0.00811273
118,80,0.99457,-0.000533868,0.00793747
118,81,0.994199,-0.000585269,0.00775159
118,82,0.993829,-0.000636059,0.00755581
118,83,0.993461,-0.000686146,0.0073505
118,84,0.993095,-0.000735438,0.00713654
118,85,0.992731,-0.000783841,0.00691423
118,86,0.99237,-0.000831264,0.00668461
118,87,0.992012,-0.000877614,0.00644793
118,88,0.991657,-0.000922797,0.00620535
118,89,0.991306,-0.00096672,0.00595708
118,90,0.990958,-0.00100928,0.00570439
118,91,0.990615,-0.00105039,0.00544741
118,92,0.990277,-0.00108994,0.00518755
118,93,0.989944,-0.00112782,0.00492484
118,94,0.989616,-0.00116392,0.00466081
118,95,0.989294,-0.00119812,0.00439538
118,96,0.988977,-0.00123028,0.00413022
118,97,0.988668,-0.00126027,0.00386513
118,98,0.988365,-0.00128793,0.00360189
118,99,0.988069,-0.00131312,0.00334021
118,100,0.98778,-0.00133565,0.00308197
118,101,0.9875,-0.00135537,0.00282676
118,102,0.987227,-0.0013721,0.00257659
118,103,0.986963,-0.0013857,0.00233093
118,104,0.986708,-0.00139603,0.00209187
118,105,0.986461,-0.00140302,0.00185877
118,106,0.986224,-0.00140662,0.0016338
118,107,0.985997,-0.00140688,0.00141617
118,108,0.985779,-0.0014039,0.00120808
118,109,0.985571,-0.00139783,0.00100857
118,110,0.985374,-0.00138887,0.000819898
118,111,0.985187,-0.00137717,0.00064094
118,112,0.985011,-0.00136271,0.000473995
118,113,0.984846,-0.00134521,0.000317919
118,114,0.984692,-0.00132387,0.000175223
118,115,0.984549,-0.00129719,4.4994e-05
118,116,0.984418,-0.0012628,-6.97139e-05
118,117,0.984298,-0.00121728,-0.000169187
118,118,0.984189,-0.00115628,-0.000249468
118,119,0.984092,-0.0010748,-0.000309973
118,120,0.984006,-0.000967987,-0.000345957
118,121,0.983932,-0.000832403,-0.000356657
118,122,0.983868,-0.000668214,-0.000338144
118,123,0.983816,-0.00048243,-0.000292241
118,124,0.983774,-0.000293899,-0.000220082
118,125,0.983743,-0.000141027,-0.000131743
118,126,0.983722,-9.30393e-05,-4.01083e-05
118,127,1,-0.00343474,0
119,0,1,0,0
119,1,1.01506,-0.000263982,4.48034e-05
119,2,1.01503,-0.000571181,9.75261e-05
119,3,1.01499,-0.000754131,0.000105334
119,4,1.01495,-0.000821232,8.89782e-05
119,5,1.01489,-0.000802579,6.70763e-05
119,6,1.01483,-0.000733648,5.13448e-05
119,7,1.01476,-0.000644487,4.98349e-05
119,8,1.01468,-0.000555263,6.45029e-05
119,9,1.0146,-0.000476368,9.58989e-05
119,10,1.0145,-0.000410784,0.000141494
119,11,1.0144,-0.000357019,0.000199874
119,12,1.01429,-0.000311614,0.000268297
119,13,1.01417,-0.000270851,0.000346051
119,14,1.01405,-0.000231664,0.000431467
119,15,1.01391,-0.000191974,0.000524842
119,16,1.01377,-0.000150649,0.000625322
119,17,1.01362,-0.000107313,0.00073371
119,18,1.01346,-6.20923e-05,0.000849444
119,19,1.0133,-1.54078e-05,0.000973394
119,20,1.01312,3.21932e-05,0.00110497
119,21,1.01294,8.01423e-05,0.0012449
119,22,1.01276,0.000127912,0.00139245
119,23,1.01256,0.000175041,0.00154819
119,24,1.01236,0.000221145,0.00171124
119,25,1.01216,0.000265906,0.00188201
119,26,1.01194,0.000309067,0.00205952
119,27,1.01173,0.000350413,0.00224407
119,28,1.0115,0.00038977,0.00243461
119,29,1.01127,0.000426987,0.00263133
119,30,1.01103,0.000461937,0.00283314
119,31,1.01079,0.000494508,0.00304014
119,32,1.01054,0.000524603,0.00325121
119,33,1.01029,0.000552136,0.00346639
119,34,1.01003,0.000577036,0.00368453
119,35,1.00977,0.000599242,0.0039056
119,36,1.0095,0.000618704,0.00412842
119,37,1.00923,0.000635384,0.00435291
119,38,1.00896,0.000649257,0.0045779
119,39,1.00867,0.000660308,0.00480324
119,40,1.00839,0.000668534,0.00502776
119,41,1.0081,0.000673942,0.00525129
119,42,1.00781,0.000676551,0.00547266
119,43,1.00751,0.000676388,0.00569166
119,44,1.00721,0.00067349,0.00590715
119,45,1.00691,0.000667902,0.00611892
119,46,1.0066,0.000659676,0.00632584
119,47,1.00629,0.000648874,0.00652769
119,48,1.00598,0.000635562,0.00672339
119,49,1.00566,0.000619812,0.00691273
119,50,1.00534,0.000601701,0.00709467
119,51,1.00501,0.000581312,0.00726902
119,52,1.00469,0.000558732,0.00743479
119,53,1.00436,0.000534049,0.00759183
119,54,1.00402,0.000507358,0.00773921
119,55,1.00369,0.000478753,0.00787681
119,56,1.00335,0.000448332,0.00800378
119,57,1.003,0.000416195,0.00812003
119,58,1.00266,0.000382443,0.00822481
119,59,1.00231,0.00034718,0.00831808
119,60,1.00196,0.000310508,0.00839918
119,61,1.00161,0.000272533,0.0084681
119,62,1.00125,0.000233359,0.00852429
119,63,1.00089,0.000193093,0.0085678
119,64,1.00053,0.000151841,0.0085982
119,65,1.00017,0.000109709,0.00861557
119,66,0.999801,6.68044e-05,0.0086196
119,67,0.999434,2.32339e-05,0.00861044
119,68,0.999064,-2.08956e-05,0.00858789
119,69,0.998693,-6.54773e-05,0.00855214
119,70,0.99832,-0.000110405,0.00850312
119,71,0.997946,-0.000155571,0.00844108
119,72,0.997571,-0.000200871,0.00836608
119,73,0.997195,-0.000246199,0.00827839
119,74,0.996818,-0.000291451,0.00817821
119,75,0.996441,-0.000336521,0.00806586
119,76,0.996063,-0.000381309,0.00794165
119,77,0.995685,-0.000425711,0.00780594
119,78,0.995308,-0.000469628,0.00765917
119,79,0.994931,-0.000512962,0.0075017
119,80,0.994555,-0.000555615,0.00733412
119,81,0.99418,-0.000597493,0.00715677
119,82,0.993806,-0.000638502,0.0069704
119,83,0.993434,-0.000678553,0.0067753
119,84,0.993064,-0.000717557,0.00657237
119,85,0.992697,-0.000755427,0.00636186
119,86,0.992332,-0.00079208,0.0061448
119,87,0.99197,-0.000827433,0.00592139
119,88,0.991612,-0.000861406,0.00569277
119,89,0.991257,-0.000893919,0.00545908
119,90,0.990907,-0.000924892,0.0052216
119,91,0.990561,-0.000954248,0.00498036
119,92,0.990219,-0.000981906,0.00473677
119,93,0.989883,-0.00100778,0.00449077
119,94,0.989553,-0.00103179,0.00424387
119,95,0.989228,-0.00105385,0.00399592
119,96,0.988909,-0.00107385,0.00374855
119,97,0.988597,-0.00109171,0.00350147
119,98,0.988292,-0.0011073,0.00325644
119,99,0.987995,-0.00112051,0.00301307
119,100,0.987705,-0.00113122,0.00277322
119,101,0.987423,-0.00113932,0.00253639
119,102,0.987149,-0.00114469,0.00230453
119,103,0.986883,-0.00114722,0.00207705
119,104,0.986627,-0.00114683,0.001856
119,105,0.98638,-0.0011435,0.00164063
119,106,0.986142,-0.00113722,0.00143309
119,107,0.985914,-0.00112807,0.00123247
119,108,0.985696,-0.0011162,0.00104096
119,109,0.985488,-0.00110181,0.000857495
119,110,0.98529,-0.00108514,0.000684251
119,111,0.985103,-0.00106639,0.00052002
119,112,0.984927,-0.00104569,0.00036702
119,113,0.984762,-0.00102288,0.000223994
119,114,0.984608,-0.000997431,9.33688e-05
119,115,0.984466,-0.000968183,-2.588e-05
119,116,0.984334,-0.000933207,-0.000130761
119,117,0.984215,-0.000889658,-0.000221616
119,118,0.984107,-0.00083378,-0.000294454
119,119,0.98401,-0.000761137,-0.000348595
119,120,0.983925,-0.00066717,-0.000379053
119,121,0.983851,-0.000548255,-0.000384724
119,122,0.983788,-0.000403469,-0.000361242
119,123,0.983737,-0.000237447,-0.000310086
119,124,0.983695,-6.49821e-05,-0.000232185
119,125,0.983664,8.1658e-05,-0.00013802
119,126,0.983642,0.000141609,-4.20421e-05
119,127,1,-0.00343474,0
120,0,1,0,0
120,1,1.01508,-7.83664e-05,4.75163e-05
120,2,1.01505,-0.000334884,0.000103077
120,3,1.01501,-0.000487667,0.0001179
120,4,1.01497,-0.000544616,0.000109492
120,5,1.01491,-0.000531833,9.58472e-05
120,6,1.01485,-0.000479222,8.85097e-05
120,7,1.01478,-0.000411687,9.50605e-05
120,8,1.01471,-0.000345655,0.000117038
120,9,1.01462,-0.000289314,0.000154726
120,10,1.01453,-0.000244719,0.000205369
120,11,1.01442,-0.000210296,0.000267463
120,12,1.01431,-0.000182946,0.000338217
120,13,1.0142,-0.000159442,0.000416964
120,14,1.01407,-0.000137166,0.000502073
120,15,1.01394,-0.000114355,0.000593928
120,16,1.01379,-9.00501e-05,0.000691724
120,17,1.01364,-6.39178e-05,0.000796345
120,18,1.01349,-3.60377e-05,0.00090726
120,19,1.01332,-6.72179e-06,0.0010254
120,20,1.01315,2.36208e-05,0.00115019
120,21,1.01297,5.45696e-05,0.00128241
120,22,1.01279,8.57405e-05,0.00142135
120,23,1.0126,0.000116806,0.00156761
120,24,1.0124,0.000147496,0.00172034
120,25,1.01219,0.000177595,0.00187998
120,26,1.01198,0.00020693,0.0020456
120,27,1.01176,0.000235358,0.00221752
120,28,1.01154,0.000262761,0.00239475
120,29,1.01131,0.000289038,0.00257751
120,30,1.01107,0.000314096,0.00276477
120,31,1.01083,0.000337854,0.00295668
120,32,1.01058,0.000360234,0.00315215
120,33,1.01033,0.000381164,0.00335129
120,34,1.01007,0.000400579,0.00355298
120,35,1.00981,0.000418418,0.00375726
120,36,1.00955,0.000434627,0.003963
120,37,1.00928,0.000449158,0.00417018
120,38,1.009,0.00046197,0.00437766
120,39,1.00872,0.00047303,0.00458537
120,40,1.00844,0.000482313,0.00479217
120,41,1.00815,0.0004898,0.00499796
120,42,1.00786,0.00049548,0.00520159
120,43,1.00756,0.000499351,0.00540295
120,44,1.00726,0.000501416,0.00560091
120,45,1.00696,0.000501686,0.00579532
120,46,1.00665,0.000500179,0.0059851
120,47,1.00634,0.000496917,0.00617009
120,48,1.00603,0.000491931,0.00634922
120,49,1.00571,0.000485254,0.00652237
120,50,1.00539,0.000476924,0.0066885
120,51,1.00506,0.000466986,0.00684749
120,52,1.00474,0.000455486,0.00699839
120,53,1.00441,0.000442473,0.00714107
120,54,1.00407,0.000428,0.00727465
120,55,1.00373,0.000412122,0.00739905
120,56,1.00339,0.000394894,0.00751345
120,57,1.00305,0.000376374,0.0076178
120,58,1.0027,0.000356621,0.00771138
120,59,1.00235,0.000335692,0.00779416
120,60,1.002,0.000313647,0.00786552
120,61,1.00165,0.000290545,0.00792549
120,62,1.00129,0.000266442,0.00797353
120,63,1.00093,0.000241398,0.00800973
120,64,1.00056,0.000215467,0.00803365
120,65,1.0002,0.000188705,0.00804543
120,66,0.99983,0.000161167,0.00804474
120,67,0.99946,0.000132906,0.00803177
120,68,0.999088,0.000103974,0.00800631
120,69,0.998714,7.44224e-05,0.00796858
120,70,0.998338,4.43007e-05,0.00791853
120,71,0.997961,1.36583e-05,0.00785638
120,72,0.997583,-1.74565e-05,0.00778222
120,73,0.997203,-4.89959e-05,0.00769631
120,74,0.996823,-8.09127e-05,0.00759887
120,75,0.996442,-0.00011316,0.00749018
120,76,0.996061,-0.00014569,0.00737059
120,77,0.99568,-0.000178457,0.0072404
120,78,0.995299,-0.000211414,0.00710009
120,79,0.994918,-0.000244511,0.00694995
120,80,0.994538,-0.000277702,0.00679061
120,81,0.99416,-0.000310937,0.00662234
120,82,0.993783,-0.000344165,0.00644589
120,83,0.993407,-0.000377334,0.00626153
120,84,0.993034,-0.000410393,0.00607011
120,85,0.992663,-0.000443287,0.00587186
120,86,0.992295,-0.000475957,0.00566778
120,87,0.99193,-0.000508348,0.00545801
120,88,0.991568,-0.000540395,0.00524368
120,89,0.991211,-0.000572037,0.00502486
120,90,0.990857,-0.000603206,0.0048028
120,91,0.990509,-0.000633829,0.00457747
120,92,0.990165,-0.000663833,0.00435023
120,93,0.989826,-0.000693135,0.00412097
120,94,0.989493,-0.00072165,0.00389115
120,95,0.989167,-0.000749283,0.00366055
120,96,0.988846,-0.000775934,0.00343074
120,97,0.988532,-0.000801493,0.00320138
120,98,0.988226,-0.000825843,0.00297416
120,99,0.987927,-0.000848858,0.00274862
120,100,0.987635,-0.000870406,0.00252658
120,101,0.987352,-0.000890351,0.00230744
120,102,0.987077,-0.000908559,0.00209312
120,103,0.986811,-0.000924903,0.00188292
120,104,0.986554,-0.000939277,0.00167887
120,105,0.986306,-0.000951599,0.00148012
120,106,0.986068,-0.00096183,0.00128877
120,107,0.985839,-0.000969983,0.00110383
120,108,0.985621,-0.000976122,0.000927416
120,109,0.985413,-0.000980367,0.000758387
120,110,0.985215,-0.000982865,0.000598846
120,111,0.985028,-0.000983752,0.000447481
120,112,0.984852,-0.00098308,0.00030642
120,113,0.984688,-0.000980706,0.000174283
120,114,0.984534,-0.000976159,5.33894e-05
120,115,0.984392,-0.00096847,-5.74243e-05
120,116,0.984261,-0.000956013,-0.000155274
120,117,0.984142,-0.000936377,-0.000240611
120,118,0.984034,-0.000906325,-0.00030947
120,119,0.983938,-0.000861924,-0.000361123
120,120,0.983854,-0.000798904,-0.000390353
120,121,0.983781,-0.000713402,-0.000395644
120,122,0.983719,-0.000603272,-0.000371961
120,123,0.983668,-0.0004704,-0.000320011
120,124,0.983628,-0.000324795,-0.000240174
120,125,0.983597,-0.000191581,-0.000142934
120,126,0.983574,-0.000122175,-4.31661e-05
120,127,1,-0.00343474,0
121,0,1,0,0
121,1,1.01509,-0.000207507,4.80209e-05
121,2,1.01507,-0.000414069,0.000112228
121,3,1.01503,-0.000533928,0.000137394
121,4,1.01499,-0.000575846,0.000141141
121,5,1.01494,-0.000561916,0.000140426
121,6,1.01488,-0.000516695,0.000145768
121,7,1.01481,-0.000460067,0.000164266
121,8,1.01473,-0.000404852,0.000197036
121,9,1.01464,-0.000357235,0.000244069
121,10,1.01455,-0.000318586,0.00030244
121,11,1.01445,-0.000287497,0.000370621
121,12,1.01434,-0.00026145,0.000445842
121,13,1.01422,-0.000237914,0.000527536
121,14,1.0141,-0.000214899,0.000614152
121,15,1.01396,-0.000191117,0.000706182
121,16,1.01382,-0.000165929,0.000802885
121,17,1.01367,-0.000139187,0.000905224
121,18,1.01352,-0.000111055,0.0010127
121,19,1.01335,-8.18703e-05,0.00112629
121,20,1.01318,-5.20293e-05,0.00124545
121,21,1.013,-2.1926e-05,0.00137099
121,22,1.01282,8.08555e-06,0.0015022
121,23,1.01263,3.77048e-05,0.00163974
121,24,1.01243,6.66855e-05,0.00178276
121,25,1.01222,9.48293e-05,0.00193177
121,26,1.01201,0.000121977,0.00208585
121,27,1.01179,0.000148002,0.00224537
121,28,1.01157,0.000172798,0.00240938
121,29,1.01134,0.000196278,0.00257816
121,30,1.01111,0.000218369,0.00275071
121,31,1.01087,0.000239008,0.00292727
121,32,1.01062,0.000258142,0.00310677
121,33,1.01037,0.000275723,0.0032894
121,34,1.01011,0.000291713,0.00347408
121,35,1.00985,0.000306083,0.00366093
121,36,1.00959,0.000318808,0.00384887
121,37,1.00932,0.000329872,0.00403794
121,38,1.00904,0.000339266,0.00422705
121,39,1.00876,0.000346987,0.00441622
121,40,1.00848,0.000353041,0.00460436
121,41,1.00819,0.000357438,0.00479142
121,42,1.0079,0.000360194,0.00497633
121,43,1.00761,0.000361332,0.00515902
121,44,1.00731,0.000360877,0.00533843
121,45,1.007,0.000358862,0.00551447
121,46,1.0067,0.000355322,0.0056861
121,47,1.00639,0.000350294,0.00585324
121,48,1.00607,0.000343821,0.00601487
121,49,1.00576,0.000335946,0.0061709
121,50,1.00543,0.000326716,0.00632037
121,51,1.00511,0.000316178,0.0064632
121,52,1.00478,0.000304383,0.00659846
121,53,1.00445,0.000291379,0.00672611
121,54,1.00412,0.00027722,0.00684529
121,55,1.00378,0.000261957,0.00695596
121,56,1.00344,0.000245642,0.00705735
121,57,1.00309,0.000228329,0.00714943
121,58,1.00274,0.00021007,0.00723153
121,59,1.00239,0.000190918,0.00730365
121,60,1.00204,0.000170926,0.0073652
121,61,1.00168,0.000150149,0.00741623
121,62,1.00132,0.000128637,0.00745623
121,63,1.00096,0.000106446,0.00748531
121,64,1.00059,8.3627e-05,0.00750307
121,65,1.00023,6.02336e-05,0.00750963
121,66,0.999856,3.63188e-05,0.00750472
121,67,0.999484,1.19358e-05,0.00748849
121,68,0.999109,-1.28622e-05,0.00746079
121,69,0.998732,-3.80219e-05,0.00742182
121,70,0.998354,-6.34895e-05,0.00737153
121,71,0.997974,-8.92112e-05,0.00731016
121,72,0.997593,-0.000115133,0.00723778
121,73,0.99721,-0.0001412,0.00715466
121,74,0.996827,-0.000167359,0.007061
121,75,0.996443,-0.000193554,0.00695707
121,76,0.996059,-0.000219731,0.00684322
121,77,0.995674,-0.000245834,0.00671972
121,78,0.99529,-0.000271809,0.00658703
121,79,0.994906,-0.000297602,0.00644543
121,80,0.994523,-0.000323156,0.00629551
121,81,0.994141,-0.000348419,0.00613752
121,82,0.993761,-0.000373336,0.00597218
121,83,0.993382,-0.000397853,0.00579971
121,84,0.993006,-0.000421917,0.00562095
121,85,0.992632,-0.000445475,0.00543606
121,86,0.992261,-0.000468475,0.00524602
121,87,0.991893,-0.000490864,0.00505091
121,88,0.991529,-0.00051259,0.00485183
121,89,0.991169,-0.000533601,0.00464878
121,90,0.990813,-0.000553844,0.00444297
121,91,0.990461,-0.000573265,0.0042343
121,92,0.990115,-0.000591809,0.0040241
121,93,0.989774,-0.000609418,0.00381217
121,94,0.98944,-0.000626033,0.00359994
121,95,0.989111,-0.00064159,0.00338709
121,96,0.988789,-0.000656023,0.00317517
121,97,0.988473,-0.000669258,0.00296373
121,98,0.988165,-0.00068122,0.00275444
121,99,0.987865,-0.000691825,0.00254673
121,100,0.987572,-0.000700989,0.00234237
121,101,0.987288,-0.000708626,0.00214069
121,102,0.987012,-0.000714653,0.00194355
121,103,0.986745,-0.000718993,0.00175016
121,104,0.986487,-0.000721589,0.00156249
121,105,0.986239,-0.000722409,0.00137961
121,106,0.986,-0.000721456,0.00120356
121,107,0.985771,-0.000718778,0.00103327
121,108,0.985553,-0.000714475,0.0008708
121,109,0.985344,-0.000708699,0.000714903
121,110,0.985147,-0.000701633,0.000567619
121,111,0.98496,-0.00069347,0.000427529
121,112,0.984784,-0.000684345,0.00029667
121,113,0.984619,-0.000674263,0.000173529
121,114,0.984466,-0.000662977,6.02984e-05
121,115,0.984324,-0.000649861,-4.4353e-05
121,116,0.984194,-0.000633767,-0.000137701
121,117,0.984076,-0.000612907,-0.000220375
121,118,0.983969,-0.000584793,-0.000288538
121,119,0.983874,-0.000546284,-0.000341531
121,120,0.983791,-0.000493783,-0.000374011
121,121,0.983719,-0.000423674,-0.000384073
121,122,0.983659,-0.000333131,-0.000365881
121,123,0.983609,-0.000221764,-0.000318958
121,124,0.98357,-9.48344e-05,-0.000242271
121,125,0.983539,3.02461e-05,-0.000145488
121,126,0.983518,0.000112437,-4.44484e-05
121,127,1,-0.00343474,0
122,0,1,0,0
122,1,1.01511,-2.17137e-05,5.11115e-05
122,2,1.01509,-0.000187236,0.000123455
122,3,1.01505,-0.000281448,0.000162764
122,4,1.01501,-0.000315068,0.000182067
122,5,1.01496,-0.000307158,0.000196999
122,6,1.0149,-0.00027722,0.000217514
122,7,1.01483,-0.00024023,0.000250033
122,8,1.01475,-0.000205525,0.000295178
122,9,1.01466,-0.000177379,0.000352715
122,10,1.01457,-0.000156489,0.000419634
122,11,1.01447,-0.000141553,0.00049447
122,12,1.01436,-0.000130526,0.000574563
122,13,1.01424,-0.000121419,0.000659497
122,14,1.01412,-0.000112689,0.000747843
122,15,1.01398,-0.000103347,0.000840215
122,16,1.01384,-9.28935e-05,0.000935939
122,17,1.0137,-8.1191e-05,0.00103605
122,18,1.01354,-6.83315e-05,0.00114006
122,19,1.01338,-5.45246e-05,0.00124901
122,20,1.01321,-4.00197e-05,0.00136232
122,21,1.01303,-2.50595e-05,0.00148087
122,22,1.01284,-9.85523e-06,0.00160393
122,23,1.01265,5.42003e-06,0.0017322
122,24,1.01246,2.06309e-05,0.00186485
122,25,1.01225,3.56731e-05,0.00200244
122,26,1.01204,5.04668e-05,0.00214406
122,27,1.01182,6.49492e-05,0.00229016
122,28,1.0116,7.90691e-05,0.00243981
122,29,1.01137,9.27825e-05,0.00259337
122,30,1.01114,0.00010605,0.00274988
122,31,1.0109,0.000118835,0.00290964
122,32,1.01065,0.000131101,0.00307165
122,33,1.0104,0.000142815,0.00323618
122,34,1.01015,0.000153945,0.00340219
122,35,1.00989,0.00016446,0.0035699
122,36,1.00962,0.000174331,0.00373826
122,37,1.00935,0.000183532,0.00390743
122,38,1.00908,0.00019204,0.00407636
122,39,1.0088,0.000199834,0.00424516
122,40,1.00852,0.000206897,0.00441279
122,41,1.00823,0.000213216,0.0045793
122,42,1.00794,0.000218779,0.00474367
122,43,1.00765,0.000223578,0.00490593
122,44,1.00735,0.00022761,0.00506506
122,45,1.00704,0.000230872,0.00522106
122,46,1.00674,0.000233365,0.00537296
122,47,1.00643,0.000235094,0.00552072
122,48,1.00611,0.000236065,0.00566341
122,49,1.0058,0.000236284,0.005801
122,50,1.00547,0.000235763,0.00593258
122,51,1.00515,0.000234512,0.00605813
122,52,1.00482,0.000232544,0.00617679
122,53,1.00449,0.000229872,0.00628856
122,54,1.00415,0.00022651,0.00639263
122,55,1.00382,0.000222472,0.00648901
122,56,1.00347,0.000217773,0.00657697
122,57,1.00313,0.000212427,0.00665653
122,58,1.00278,0.000206448,0.00672705
122,59,1.00243,0.000199849,0.00678857
122,60,1.00207,0.000192642,0.00684053
122,61,1.00171,0.00018484,0.00688301
122,62,1.00135,0.000176452,0.00691553
122,63,1.00099,0.000167489,0.00693821
122,64,1.00062,0.000157959,0.00695066
122,65,1.00025,0.00014787,0.00695304
122,66,0.999878,0.000137227,0.00694507
122,67,0.999503,0.000126037,0.00692692
122,68,0.999126,0.000114305,0.00689843
122,69,0.998747,0.000102034,0.00685981
122,70,0.998366,8.9229e-05,0.00681101
122,71,0.997983,7.58923e-05,0.00675225
122,72,0.997599,6.20276e-05,0.0066836
122,73,0.997214,4.76387e-05,0.00660531
122,74,0.996828,3.27298e-05,0.00651758
122,75,0.996441,1.73056e-05,0.00642063
122,76,0.996054,1.37217e-06,0.00631481
122,77,0.995667,-1.50632e-05,0.00620034
122,78,0.995279,-3.19916e-05,0.00607768
122,79,0.994893,-4.94024e-05,0.00594705
122,80,0.994507,-6.72826e-05,0.00580902
122,81,0.994122,-8.5617e-05,0.00566378
122,82,0.993739,-0.000104388,0.00551204
122,83,0.993358,-0.000123575,0.00535394
122,84,0.992979,-0.000143154,0.0051903
122,85,0.992602,-0.000163098,0.0050212
122,86,0.992228,-0.000183378,0.0048476
122,87,0.991858,-0.000203961,0.00466949
122,88,0.991491,-0.000224808,0.00448795
122,89,0.991129,-0.000245879,0.00430288
122,90,0.990771,-0.000267128,0.00411547
122,91,0.990417,-0.000288508,0.00392553
122,92,0.990069,-0.000309963,0.00373435
122,93,0.989727,-0.000331436,0.00354163
122,94,0.98939,-0.000352863,0.00334875
122,95,0.98906,-0.000374175,0.00315533
122,96,0.988736,-0.000395296,0.00296284
122,97,0.988419,-0.000416146,0.00277076
122,98,0.98811,-0.000436637,0.00258069
122,99,0.987809,-0.000456675,0.00239198
122,100,0.987515,-0.000476163,0.00220634
122,101,0.98723,-0.000494999,0.002023
122,102,0.986954,-0.000513081,0.00184377
122,103,0.986686,-0.000530309,0.00166778
122,104,0.986428,-0.000546596,0.00149692
122,105,0.986179,-0.000561868,0.00133019
122,106,0.98594,-0.000576077,0.00116955
122,107,0.985711,-0.000589205,0.00101386
122,108,0.985493,-0.000601271,0.000865106
122,109,0.985284,-0.00061233,0.000721959
122,110,0.985087,-0.000622464,0.000586386
122,111,0.9849,-0.000631762,0.00045687
122,112,0.984725,-0.000640279,0.000335358
122,113,0.98456,-0.000647979,0.000220206
122,114,0.984408,-0.000654653,0.00011347
122,115,0.984266,-0.000659816,1.36309e-05
122,116,0.984137,-0.00066261,-7.67905e-05
122,117,0.984019,-0.000661697,-0.00015868
122,118,0.983913,-0.000655207,-0.000228456
122,119,0.983819,-0.000640723,-0.000285697
122,120,0.983737,-0.000615361,-0.000325164
122,121,0.983667,-0.000575936,-0.000344797
122,122,0.983608,-0.000519296,-0.000338043
122,123,0.983561,-0.000443076,-0.000302928
122,124,0.983523,-0.000347602,-0.000236132
122,125,0.983495,-0.000241484,-0.000145065
122,126,0.983474,-0.00015261,-4.47908e-05
122,127,1,-0.00343474,0
123,0,1,0,0
123,1,1.01513,-0.00016624,5.27195e-05
123,2,1.01511,-0.000294514,0.000136605
123,3,1.01507,-0.0003604,0.000189616
123,4,1.01503,-0.000380402,0.000223726
123,5,1.01498,-0.000371,0.000253584
123,6,1.01492,-0.000346666,0.000288151
123,7,1.01485,-0.000317713,0.000333192
123,8,1.01477,-0.00029025,0.000388845
123,9,1.01469,-0.000266949,0.000454674
123,10,1.01459,-0.000248131,0.000527694
123,11,1.01449,-0.000232843,0.000606617
123,12,1.01438,-0.000219701,0.000688978
123,13,1.01427,-0.000207415,0.000774572
123,14,1.01414,-0.000195028,0.000862112
123,15,1.01401,-0.000181971,0.000952335
123,16,1.01387,-0.000168009,0.00104462
123,17,1.01372,-0.000153144,0.00114005
123,18,1.01356,-0.000137521,0.00123814
123,19,1.0134,-0.000121356,0.00133994
123,20,1.01323,-0.00010488,0.00144486
123,21,1.01305,-8.8312e-05,0.00155379
123,22,1.01287,-7.18407e-05,0.00166601
123,23,1.01268,-5.56235e-05,0.00178223
123,24,1.01248,-3.97864e-05,0.00190165
123,25,1.01228,-2.44289e-05,0.00202486
123,26,1.01207,-9.6294e-06,0.002151
123,27,1.01185,4.55079e-06,0.00228057
123,28,1.01163,1.80625e-05,0.00241268
123,29,1.0114,3.08667e-05,0.00254777
123,30,1.01117,4.29316e-05,0.00268493
123,31,1.01093,5.4232e-05,0.00282454
123,32,1.01068,6.47478e-05,0.00296567
123,33,1.01043,7.4464e-05,0.00310865
123,34,1.01018,8.33699e-05,0.00325254
123,35,1.00992,9.14596e-05,0.00339763
123,36,1.00966,9.87305e-05,0.00354296
123,37,1.00939,0.000105185,0.00368877
123,38,1.00911,0.000110828,0.0038341
123,39,1.00884,0.000115669,0.00397914
123,40,1.00855,0.000119719,0.00412294
123,41,1.00827,0.000122994,0.00426565
123,42,1.00798,0.00012551,0.00440631
123,43,1.00768,0.000127285,0.00454506
123,44,1.00738,0.000128341,0.00468095
123,45,1.00708,0.000128699,0.00481408
123,46,1.00677,0.00012838,0.00494354
123,47,1.00646,0.000127409,0.0050694
123,48,1.00615,0.000125808,0.00519078
123,49,1.00583,0.000123601,0.00530774
123,50,1.00551,0.00012081,0.00541944
123,51,1.00518,0.000117459,0.00552593
123,52,1.00486,0.000113568,0.00562642
123,53,1.00452,0.000109159,0.00572097
123,54,1.00419,0.000104254,0.00580882
123,55,1.00385,9.88705e-05,0.00589005
123,56,1.0035,9.30287e-05,0.00596397
123,57,1.00316,8.67468e-05,0.00603066
123,58,1.00281,8.00415e-05,0.00608951
123,59,1.00246,7.29299e-05,0.00614061
123,60,1.0021,6.54274e-05,0.00618341
123,61,1.00174,5.75498e-05,0.00621805
123,62,1.00138,4.93117e-05,0.00624405
123,63,1.00101,4.07279e-05,0.00626156
123,64,1.00064,3.18125e-05,0.00627021
123,65,1.00027,2.25803e-05,0.00627016
123,66,0.999895,1.3045e-05,0.00626114
123,67,0.999518,3.22188e-06,0.00624332
123,68,0.999139,-6.87471e-06,0.00621655
123,69,0.998758,-1.72288e-05,0.00618101
123,70,0.998375,-2.78249e-05,0.00613664
123,71,0.99799,-3.86459e-05,0.00608365
123,72,0.997604,-4.96748e-05,0.0060221
123,73,0.997216,-6.08927e-05,0.00595218
123,74,0.996828,-7.22812e-05,0.00587409
123,75,0.996438,-8.38193e-05,0.005788
123,76,0.996049,-9.54867e-05,0.00569423
123,77,0.995659,-0.000107261,0.00559295
123,78,0.995269,-0.000119119,0.00548458
123,79,0.99488,-0.000131037,0.00536928
123,80,0.994491,-0.00014299,0.00524759
123,81,0.994104,-0.000154952,0.00511963
123,82,0.993719,-0.000166898,0.00498605
123,83,0.993335,-0.000178799,0.00484692
123,84,0.992953,-0.000190628,0.00470302
123,85,0.992574,-0.000202355,0.00455435
123,86,0.992199,-0.000213953,0.0044018
123,87,0.991826,-0.00022539,0.0042453
123,88,0.991457,-0.000236637,0.00408585
123,89,0.991093,-0.00024766,0.00392328
123,90,0.990733,-0.000258429,0.0037587
123,91,0.990378,-0.000268909,0.00359186
123,92,0.990028,-0.000279066,0.00342396
123,93,0.989684,-0.000288864,0.00325462
123,94,0.989346,-0.000298266,0.00308517
123,95,0.989014,-0.000307232,0.00291511
123,96,0.988689,-0.00031572,0.00274586
123,97,0.988371,-0.000323685,0.00257681
123,98,0.988061,-0.000331082,0.00240949
123,99,0.987759,-0.00033786,0.00224315
123,100,0.987465,-0.00034397,0.00207943
123,101,0.987179,-0.000349358,0.00191748
123,102,0.986902,-0.000353975,0.00175903
123,103,0.986634,-0.000357774,0.00160312
123,104,0.986375,-0.000360721,0.00145156
123,105,0.986126,-0.000362789,0.00130328
123,106,0.985887,-0.000363976,0.00116015
123,107,0.985658,-0.000364303,0.00102096
123,108,0.985439,-0.000363823,0.000887628
123,109,0.985231,-0.000362616,0.000758739
123,110,0.985034,-0.000360795,0.000636199
123,111,0.984847,-0.000358483,0.000518403
123,112,0.984672,-0.000355795,0.00040722
123,113,0.984508,-0.000352795,0.000300892
123,114,0.984356,-0.000349444,0.000201347
123,115,0.984215,-0.000345532,0.000106882
123,116,0.984086,-0.000340604,1.97893e-05
123,117,0.983969,-0.000333892,-6.11291e-05
123,118,0.983864,-0.000324264,-0.000132658
123,119,0.983771,-0.000310202,-0.000194819
123,120,0.98369,-0.000289824,-0.0002428
123,121,0.983622,-0.000260913,-0.000274835
123,122,0.983566,-0.000220935,-0.000284165
123,123,0.983521,-0.000166945,-0.000267537
123,124,0.983487,-9.59657e-05,-0.000218595
123,125,0.983463,-7.78438e-06,-0.000140447
123,126,0.983444,8.5847e-05,-4.51072e-05
123,127,1,-0.00343474,0
124,0,1,0,0
124,1,1.01515,1.20996e-05,5.57835e-05
124,2,1.01513,-8.57796e-05,0.000145932
124,3,1.01509,-0.000129198,0.00020612
124,4,1.01505,-0.000141563,0.000247927
124,5,1.01499,-0.000137532,0.000286043
124,6,1.01493,-0.000126102,0.000328337
124,7,1.01487,-0.000113106,0.000379358
124,8,1.01479,-0.000101838,0.000438645
124,9,1.0147,-9.36112e-05,0.000505671
124,10,1.01461,-8.8422e-05,0.000577628
124,11,1.01451,-8.55768e-05,0.000653528
124,12,1.0144,-8.41744e-05,0.000731203
124,13,1.01429,-8.33993e-05,0.000810697
124,14,1.01416,-8.26501e-05,0.00089088
124,15,1.01403,-8.15597e-05,0.000972587
124,16,1.01389,-7.99549e-05,0.00105522
124,17,1.01374,-7.77987e-05,0.00113986
124,18,1.01359,-7.51332e-05,0.00122601
124,19,1.01342,-7.20371e-05,0.00131467
124,20,1.01325,-6.85965e-05,0.00140524
124,21,1.01308,-6.48891e-05,0.00149858
124,22,1.01289,-6.09774e-05,0.00159398
124,23,1.0127,-5.69076e-05,0.00169217
124,24,1.01251,-5.27114e-05,0.00179235
124,25,1.0123,-4.84095e-05,0.00189516
124,26,1.01209,-4.40147e-05,0.00199977
124,27,1.01188,-3.95352e-05,0.00210676
124,28,1.01166,-3.49765e-05,0.00221526
124,29,1.01143,-3.03435e-05,0.00232581
124,30,1.0112,-2.56411e-05,0.00243754
124,31,1.01096,-2.08752e-05,0.00255094
124,32,1.01071,-1.60524e-05,0.00266513
124,33,1.01046,-1.11808e-05,0.00278056
124,34,1.01021,-6.26905e-06,0.00289635
124,35,1.00995,-1.32678e-06,0.00301289
124,36,1.00969,3.63614e-06,0.00312931
124,37,1.00942,8.60916e-06,0.00324597
124,38,1.00914,1.3582e-05,0.00336198
124,39,1.00887,1.85441e-05,0.00347765
124,40,1.00858,2.34853e-05,0.00359213
124,41,1.0083,2.83954e-05,0.00370566
124,42,1.00801,3.32649e-05,0.00381741
124,43,1.00771,3.80843e-05,0.00392761
124,44,1.00741,4.28447e-05,0.0040354
124,45,1.00711,4.75371e-05,0.004141
124,46,1.0068,5.21533e-05,0.00424359
124,47,1.00649,5.66847e-05,0.00434335
124,48,1.00618,6.11235e-05,0.00443947
124,49,1.00586,6.54612e-05,0.00453214
124,50,1.00554,6.96898e-05,0.00462057
124,51,1.00521,7.38005e-05,0.00470492
124,52,1.00488,7.77848e-05,0.00478447
124,53,1.00455,8.16333e-05,0.00485937
124,54,1.00422,8.53361e-05,0.00492892
124,55,1.00387,8.88826e-05,0.00499327
124,56,1.00353,9.22616e-05,0.00505179
124,57,1.00318,9.54606e-05,0.00510462
124,58,1.00283,9.84663e-05,0.0051512
124,59,1.00248,0.000101264,0.00519167
124,60,1.00212,0.000103839,0.00522552
124,61,1.00176,0.000106173,0.00525291
124,62,1.00139,0.00010825,0.0052734
124,63,1.00103,0.00011005,0.00528715
124,64,1.00066,0.000111552,0.00529381
124,65,1.00028,0.000112736,0.00529355
124,66,0.999908,0.00011358,0.0052861
124,67,0.999529,0.00011406,0.00527162
124,68,0.999148,0.000114153,0.00524996
124,69,0.998765,0.000113836,0.00522126
124,70,0.99838,0.000113084,0.00518548
124,71,0.997993,0.000111873,0.00514275
124,72,0.997605,0.00011018,0.00509313
124,73,0.997215,0.000107981,0.00503675
124,74,0.996824,0.000105256,0.00497377
124,75,0.996433,0.000101982,0.00490431
124,76,0.996041,9.81409e-05,0.00482864
124,77,0.995649,9.37148e-05,0.00474686
124,78,0.995257,8.8689e-05,0.00465933
124,79,0.994866,8.305e-05,0.00456613
124,80,0.994475,7.67883e-05,0.00446773
124,81,0.994086,6.9896e-05,0.00436418
124,82,0.993698,6.23701e-05,0.00425605
124,83,0.993313,5.4209e-05,0.00414331
124,84,0.992929,4.54166e-05,0.00402669
124,85,0.992548,3.59988e-05,0.00390606
124,86,0.992171,2.59669e-05,0.00378226
124,87,0.991796,1.53344e-05,0.00365509
124,88,0.991426,4.12042e-06,0.00352549
124,89,0.99106,-7.65363e-06,0.00339318
124,90,0.990698,-1.99607e-05,0.00325919
124,91,0.990342,-3.27714e-05,0.00312315
124,92,0.989991,-4.6051e-05,0.0029862
124,93,0.989645,-5.97621e-05,0.00284784
124,94,0.989306,-7.3862e-05,0.00270933
124,95,0.988973,-8.83057e-05,0.00257004
124,96,0.988648,-0.000103043,0.00243133
124,97,0.988329,-0.00011802,0.00229248
124,98,0.988018,-0.000133179,0.00215493
124,99,0.987715,-0.00014846,0.00201784
124,100,0.98742,-0.000163798,0.00188276
124,101,0.987134,-0.000179127,0.00174873
124,102,0.986857,-0.000194377,0.00161741
124,103,0.986588,-0.000209482,0.00148773
124,104,0.98633,-0.000224375,0.00136143
124,105,0.986081,-0.000238997,0.00123732
124,106,0.985842,-0.000253295,0.00111723
124,107,0.985613,-0.000267229,0.000999838
124,108,0.985394,-0.000280773,0.000886996
124,109,0.985186,-0.000293916,0.000777225
124,110,0.984989,-0.00030666,0.000672369
124,111,0.984803,-0.000319017,0.00057076
124,112,0.984628,-0.000330992,0.000474206
124,113,0.984464,-0.000342564,0.000380872
124,114,0.984312,-0.00035366,0.000292588
124,115,0.984172,-0.000364116,0.0002075
124,116,0.984044,-0.000373637,0.000127691
124,117,0.983927,-0.000381761,5.16436e-05
124,118,0.983823,-0.000387829,-1.78628e-05
124,119,0.983731,-0.00039097,-8.14439e-05
124,120,0.983652,-0.0003901,-0.00013502
124,121,0.983586,-0.000383921,-0.000177645
124,122,0.983532,-0.000370841,-0.000203267
124,123,0.983491,-0.00034855,-0.00020866
124,124,0.983463,-0.000313254,-0.000185312
124,125,0.983444,-0.000257331,-0.000129829
124,126,0.98343,-0.000174504,-4.47571e-05
124,127,1,-0.00343474,0
125,0,1,0,0
125,1,1.01519,-0.000146112,5.48134e-05
125,2,1.01516,-0.00020553,0.000136701
125,3,1.01512,-0.000222955,0.000187111
125,4,1.01507,-0.000223919,0.000222605
125,5,1.01501,-0.000218437,0.000256571
125,6,1.01495,-0.000210012,0.000294345
125,7,1.01488,-0.000200692,0.000338765
125,8,1.01481,-0.00019171,0.000388716
125,9,1.01472,-0.000183566,0.00044377
125,10,1.01463,-0.000176248,0.000501552
125,11,1.01453,-0.000169491,0.000561576
125,12,1.01442,-0.000162971,0.000622083
125,13,1.01431,-0.000156412,0.000683402
125,14,1.01418,-0.000149635,0.000744549
125,15,1.01405,-0.00014256,0.000806408
125,16,1.01391,-0.000135181,0.000868352
125,17,1.01376,-0.000127548,0.000931405
125,18,1.01361,-0.000119737,0.000994981
125,19,1.01345,-0.000111833,0.00106003
125,20,1.01328,-0.000103922,0.0011259
125,21,1.0131,-9.60826e-05,0.00119341
125,22,1.01292,-8.838e-05,0.00126184
125,23,1.01273,-8.08722e-05,0.00133192
125,24,1.01253,-7.36047e-05,0.00140288
125,25,1.01233,-6.66161e-05,0.00147538
125,26,1.01212,-5.99357e-05,0.00154865
125,27,1.0119,-5.3588e-05,0.00162331
125,28,1.01168,-4.75902e-05,0.00169856
125,29,1.01145,-4.19568e-05,0.001775
125,30,1.01122,-3.66958e-05,0.00185184
125,31,1.01098,-3.18135e-05,0.00192964
125,32,1.01074,-2.73105e-05,0.00200762
125,33,1.01049,-2.31863e-05,0.00208631
125,34,1.01023,-1.94353e-05,0.00216493
125,35,1.00998,-1.60512e-05,0.00224397
125,36,1.00971,-1.30235e-05,0.00232266
125,37,1.00944,-1.03414e-05,0.00240145
125,38,1.00917,-7.99024e-06,0.00247959
125,39,1.00889,-5.9561e-06,0.00255749
125,40,1.00861,-4.22181e-06,0.00263441
125,41,1.00832,-2.77145e-06,0.00271073
125,42,1.00803,-1.58661e-06,0.00278571
125,43,1.00774,-6.50719e-07,0.00285971
125,44,1.00744,5.47283e-08,0.002932
125,45,1.00714,5.45801e-07,0.00300291
125,46,1.00683,8.40088e-07,0.00307173
125,47,1.00652,9.52252e-07,0.00313876
125,48,1.00621,8.9819e-07,0.00320333
125,49,1.00589,6.90495e-07,0.00326571
125,50,1.00556,3.42857e-07,0.00332524
125,51,1.00524,-1.34612e-07,0.00338218
125,52,1.00491,-7.30677e-07,0.00343591
125,53,1.00457,-1.43787e-06,0.00348666
125,54,1.00424,-2.24744e-06,0.00353385
125,55,1.0039,-3.1545e-06,0.0035777
125,56,1.00355,-4.15258e-06,0.00361766
125,57,1.0032,-5.23914e-06,0.00365396
125,58,1.00285,-6.40962e-06,0.00368608
125,59,1.0025,-7.66347e-06,0.00371423
125,60,1.00214,-8.99754e-06,0.00373796
125,61,1.00177,-1.04128e-05,0.00375747
125,62,1.00141,-1.19069e-05,0.00377236
125,63,1.00104,-1.34817e-05,0.00378282
125,64,1.00067,-1.51352e-05,0.00378852
125,65,1.00029,-1.68698e-05,0.00378964
125,66,0.999917,-1.86829e-05,0.00378591
125,67,0.999537,-2.05769e-05,0.0037775
125,68,0.999154,-2.25484e-05,0.00376423
125,69,0.998769,-2.45991e-05,0.00374624
125,70,0.998382,-2.67244e-05,0.00372344
125,71,0.997994,-2.8925e-05,0.00369594
125,72,0.997604,-3.11947e-05,0.00366375
125,73,0.997212,-3.3533e-05,0.00362695
125,74,0.99682,-3.59318e-05,0.00358563
125,75,0.996426,-3.83895e-05,0.00353986
125,76,0.996033,-4.08958e-05,0.00348983
125,77,0.995639,-4.34479e-05,0.00343554
125,78,0.995245,-4.60338e-05,0.0033773
125,79,0.994852,-4.86493e-05,0.00331507
125,80,0.99446,-5.12806e-05,0.00324925
125,81,0.994069,-5.39225e-05,0.00317975
125,82,0.993679,-5.65598e-05,0.00310706
125,83,0.993292,-5.91863e-05,0.00303104
125,84,0.992907,-6.17856e-05,0.0029523
125,85,0.992524,-6.43509e-05,0.0028706
125,86,0.992145,-6.68647e-05,0.00278665
125,87,0.99177,-6.93198e-05,0.00270016
125,88,0.991398,-7.16978e-05,0.00261192
125,89,0.99103,-7.39912e-05,0.00252153
125,90,0.990668,-7.61811e-05,0.00242993
125,91,0.99031,-7.82598e-05,0.0023366
125,92,0.989958,-8.02075e-05,0.00224256
125,93,0.989612,-8.20165e-05,0.00214721
125,94,0.989272,-8.36664e-05,0.00205167
125,95,0.988938,-8.51491e-05,0.00195522
125,96,0.988612,-8.64437e-05,0.00185908
125,97,0.988292,-8.75415e-05,0.00176243
125,98,0.987981,-8.84211e-05,0.00166659
125,99,0.987677,-8.90735e-05,0.00157061
125,100,0.987382,-8.94774e-05,0.00147593
125,101,0.987096,-8.9624e-05,0.00138149
125,102,0.986818,-8.94937e-05,0.00128882
125,103,0.98655,-8.90805e-05,0.00119675
125,104,0.986291,-8.83699e-05,0.00110693
125,105,0.986042,-8.7363e-05,0.00101807
125,106,0.985803,-8.60564e-05,0.000931879
125,107,0.985574,-8.4465e-05,0.000846963
125,108,0.985356,-8.26037e-05,0.000765098
125,109,0.985148,-8.05073e-05,0.000684734
125,110,0.984951,-7.82124e-05,0.000607666
125,111,0.984766,-7.57727e-05,0.000532182
125,112,0.984591,-7.32375e-05,0.000460066
125,113,0.984428,-7.06589e-05,0.000389448
125,114,0.984276,-6.80655e-05,0.00032212
125,115,0.984136,-6.54599e-05,0.000256146
125,116,0.984008,-6.27896e-05,0.000193462
125,117,0.983893,-5.99422e-05,0.000132293
125,118,0.983789,-5.67253e-05,7.50064e-05
125,119,0.983698,-5.28716e-05,2.03665e-05
125,120,0.983621,-4.80292e-05,-2.84201e-05
125,121,0.983556,-4.17629e-05,-7.16328e-05
125,122,0.983505,-3.35857e-05,-0.000104888
125,123,0.983468,-2.29685e-05,-0.000126755
125,124,0.983445,-8.29928e-06,-0.00012923
125,125,0.983437,1.89445e-05,-0.000104739
125,126,0.98344,7.56501e-05,-4.24744e-05
125,127,1,-0.00343474,0
126,0,1,0,0
126,1,1.01524,4.95036e-05,3.68081e-05
126,2,1.01519,3.20787e-05,7.1759e-05
126,3,1.01513,2.88486e-05,8.76576e-05
126,4,1.01508,2.79085e-05,0.000100928
126,5,1.01503,2.70738e-05,0.000115737
126,6,1.01497,2.61565e-05,0.000132261
126,7,1.0149,2.49965e-05,0.000151741
126,8,1.01483,2.34095e-05,0.000173092
126,9,1.01474,2.1341e-05,0.000196563
126,10,1.01465,1.88345e-05,0.000220648
126,11,1.01455,1.5982e-05,0.000245656
126,12,1.01444,1.28804e-05,0.000270401
126,13,1.01433,9.62214e-06,0.000295543
126,14,1.0142,6.2773e-06,0.000320213
126,15,1.01407,2.90473e-06,0.000345275
126,16,1.01393,-4.56613e-07,0.000369997
126,17,1.01378,-3.77039e-06,0.000395275
126,18,1.01363,-7.01282e-06,0.000420391
126,19,1.01346,-1.01555e-05,0.000446196
126,20,1.0133,-1.31792e-05,0.000471952
126,21,1.01312,-1.6057e-05,0.000498451
126,22,1.01294,-1.8771e-05,0.000524938
126,23,1.01275,-2.12956e-05,0.000552161
126,24,1.01255,-2.36151e-05,0.00057936
126,25,1.01235,-2.57065e-05,0.000607251
126,26,1.01214,-2.7558e-05,0.000635083
126,27,1.01192,-2.91507e-05,0.000663544
126,28,1.0117,-3.04777e-05,0.000691897
126,29,1.01147,-3.15249e-05,0.000720807
126,30,1.01124,-3.22905e-05,0.000749554
126,31,1.011,-3.27654e-05,0.000778777
126,32,1.01076,-3.29525e-05,0.000807773
126,33,1.01051,-3.28473e-05,0.000837157
126,34,1.01026,-3.24571e-05,0.000866243
126,35,1.01,-3.1781e-05,0.00089562
126,36,1.00973,-3.08301e-05,0.000924618
126,37,1.00947,-2.96062e-05,0.000953799
126,38,1.00919,-2.81233e-05,0.000982512
126,39,1.00891,-2.63855e-05,0.00101129
126,40,1.00863,-2.44086e-05,0.00103951
126,41,1.00835,-2.21982e-05,0.00106766
126,42,1.00806,-1.97713e-05,0.00109515
126,43,1.00776,-1.71345e-05,0.00112244
126,44,1.00746,-1.43055e-05,0.00114894
126,45,1.00716,-1.1291e-05,0.00117512
126,46,1.00685,-8.1093e-06,0.00120039
126,47,1.00654,-4.76707e-06,0.00122519
126,48,1.00623,-1.28266e-06,0.00124896
126,49,1.00591,2.33734e-06,0.00127212
126,50,1.00558,6.07446e-06,0.00129412
126,51,1.00526,9.92227e-06,0.00131536
126,52,1.00493,1.38621e-05,0.00133534
126,53,1.00459,1.78875e-05,0.0013544
126,54,1.00425,2.19793e-05,0.00137208
126,55,1.00391,2.6131e-05,0.00138871
126,56,1.00357,3.03227e-05,0.00140385
126,57,1.00322,3.45472e-05,0.00141781
126,58,1.00287,3.87837e-05,0.00143018
126,59,1.00251,4.30243e-05,0.00144125
126,60,1.00215,4.72467e-05,0.00145065
126,61,1.00179,5.14421e-05,0.00145863
126,62,1.00142,5.55866e-05,0.00146488
126,63,1.00105,5.96703e-05,0.00146962
126,64,1.00068,6.36674e-05,0.00147256
126,65,1.0003,6.75673e-05,0.00147393
126,66,0.999921,7.13419e-05,0.00147347
126,67,0.999539,7.498e-05,0.00147137
126,68,0.999155,7.8452e-05,0.00146745
126,69,0.998769,8.17458e-05,0.00146185
126,70,0.998381,8.48306e-05,0.00145444
126,71,0.997991,8.76943e-05,0.00144532
126,72,0.997599,9.03052e-05,0.00143446
126,73,0.997206,9.2652e-05,0.00142189
126,74,0.996812,9.47026e-05,0.00140763
126,75,0.996418,9.6447e-05,0.00139169
126,76,0.996022,9.78539e-05,0.00137417
126,77,0.995627,9.89155e-05,0.00135501
126,78,0.995232,9.96017e-05,0.00133439
126,79,0.994838,9.99079e-05,0.00131218
126,80,0.994444,9.98062e-05,0.00128866
126,81,0.994052,9.92958e-05,0.00126362
126,82,0.993661,9.83518e-05,0.00123745
126,83,0.993272,9.69778e-05,0.00120985
126,84,0.992886,9.51526e-05,0.0011813
126,85,0.992502,9.28849e-05,0.00115142
126,86,0.992122,9.01573e-05,0.00112078
126,87,0.991745,8.69839e-05,0.00108893
126,88,0.991373,8.33518e-05,0.00105653
126,89,0.991004,7.92801e-05,0.00102302
126,90,0.990641,7.47605e-05,0.000989179
126,91,0.990282,6.98172e-05,0.000954348
126,92,0.98993,6.44461e-05,0.000919406
126,93,0.989583,5.86762e-05,0.000883582
126,94,0.989242,5.25076e-05,0.000847868
126,95,0.988908,4.59734e-05,0.000811383
126,96,0.988581,3.90776e-05,0.000775224
126,97,0.988262,3.18569e-05,0.0007384
126,98,0.98795,2.43187e-05,0.000702116
126,99,0.987646,1.6503e-05,0.000665272
126,100,0.987351,8.42048e-06,0.000629178
126,101,0.987064,1.13653e-07,0.000592626
126,102,0.986787,-8.4036e-06,0.000557032
126,103,0.986518,-1.70866e-05,0.000521081
126,104,0.98626,-2.59185e-05,0.000486292
126,105,0.986011,-3.48527e-05,0.000451245
126,106,0.985772,-4.38693e-05,0.000417552
126,107,0.985543,-5.29203e-05,0.000383692
126,108,0.985325,-6.19826e-05,0.000351352
126,109,0.985118,-7.10071e-05,0.000318904
126,110,0.984922,-7.99672e-05,0.000288095
126,111,0.984736,-8.8812e-05,0.000257182
126,112,0.984562,-9.75104e-05,0.000227953
126,113,0.984399,-0.000106008,0.000198555
126,114,0.984248,-0.000114267,0.000170814
126,115,0.984109,-0.000122226,0.0001428
126,116,0.983981,-0.000129833,0.000116413
126,117,0.983866,-0.000137017,8.97348e-05
126,118,0.983763,-0.000143708,6.48347e-05
126,119,0.983673,-0.000149822,3.99366e-05
126,120,0.983596,-0.000155266,1.74019e-05
126,121,0.983533,-0.000159913,-4.21957e-06
126,122,0.983484,-0.000163645,-2.20626e-05
126,123,0.983449,-0.000166527,-3.71859e-05
126,124,0.983432,-0.000168653,-4.67304e-05
126,125,0.98344,-0.000168048,-4.95839e-05
126,126,0.983467,-0.000154365,-2.78176e-05
126,127,1,-0.00343474,0
127,0,1,0,0
127,1,1,0.00343474,0
127,2,1,0.0068612,0
127,3,1,0.0102711,0
127,4,1,0.0136563,0
127,5,1,0.0170086,0
127,6,1,0.0203199,0
127,7,1,0.0235823,0
127,8,1,0.0267878,0
127,9,1,0.0299289,0
127,10,1,0.0329978,0
127,11,1,0.0359872,0
127,12,1,0.0388899,0
127,13,1,0.041699,0
127,14,1,0.0444075,0
127,15,1,0.0470091,0
127,16,1,0.0494975,0
127,17,1,0.0518666,0
127,18,1,0.0541107,0
127,19,1,0.0562245,0
127,20,1,0.0582029,0
127,21,1,0.060041,0
127,22,1,0.0617345,0
127,23,1,0.0632793,0
127,24,1,0.0646716,0
127,25,1,0.0659081,0
127,26,1,0.0669858,0
127,27,1,0.0679022,0
127,28,1,0.068655,0
127,29,1,0.0692424,0
127,30,1,0.0696629,0
127,31,1,0.0699157,0
127,32,1,0.07,0
127,33,1,0.0699157,0
127,34,1,0.0696629,0
127,35,1,0.0692424,0
127,36,1,0.068655,0
127,37,1,0.0679022,0
127,38,1,0.0669858,0
127,39,1,0.0659081,0
127,40,1,0.0646716,0
127,41,1,0.0632793,0
127,42,1,0.0617345,0
127,43,1,0.060041,0
127,44,1,0.0582029,0
127,45,1,0.0562245,0
127,46,1,0.0541107,0
127,47,1,0.0518666,0
127,48,1,0.0494975,0
127,49,1,0.0470091,0
127,50,1,0.0444075,0
127,51,1,0.041699,0
127,52,1,0.0388899,0
127,53,1,0.0359872,0
127,54,1,0.0329978,0
127,55,1,0.0299289,0
127,56,1,0.0267878,0
127,57,1,0.0235823,0
127,58,1,0.0203199,0
127,59,1,0.0170086,0
127,60,1,0.0136563,0
127,61,1,0.0102711,0
127,62,1,0.0068612,0
127,63,1,0.00343474,0
127,64,1,8.57253e-18,0
127,65,1,-0.00343474,0
127,66,1,-0.0068612,0
127,67,1,-0.0102711,0
127,68,1,-0.0136563,0
127,69,1,-0.0170086,0
127,70,1,-0.0203199,0
127,71,1,-0.0235823,0
127,72,1,-0.0267878,0
127,73,1,-0.0299289,0
127,74,1,-0.0329978,0
127,75,1,-0.0359872,0
127,76,1,-0.0388899,0
127,77,1,-0.041699,0
127,78,1,-0.0444075,0
127,79,1,-0.0470091,0
127,80,1,-0.0494975,0
127,81,1,-0.0518666,0
127,82,1,-0.0541107,0
127,83,1,-0.0562245,0
127,84,1,-0.0582029,0
127,85,1,-0.060041,0
127,86,1,-0.0617345,0
127,87,1,-0.0632793,0
127,88,1,-0.0646716,0
127,89,1,-0.0659081,0
127,90,1,-0.0669858,0
127,91,1,-0.0679022,0
127,92,1,-0.068655,0
127,93,1,-0.0692424,0
127,94,1,-0.0696629,0
127,95,1,-0.0699157,0
127,96,1,-0.07,0
127,97,1,-0.0699157,0
127,98,1,-0.0696629,0
127,99,1,-0.0692424,0
127,100,1,-0.068655,0
127,101,1,-0.0679022,0
127,102,1,-0.0669858,0
127,103,1,-0.0659081,0
127,104,1,-0.0646716,0
127,105,1,-0.0632793,0
127,106,1,-0.0617345,0
127,107,1,-0.060041,0
127,108,1,-0.0582029,0
127,109,1,-0.0562245,0
127,110,1,-0.0541107,0
127,111,1,-0.0518666,0
127,112,1,-0.0494975,0
127,113,1,-0.0470091,0
127,114,1,-0.0444075,0
127,115,1,-0.041699,0
127,116,1,-0.0388899,0
127,117,1,-0.0359872,0
127,118,1,-0.0329978,0
127,119,1,-0.0299289,0
127,120,1,-0.0267878,0
127,121,1,-0.0235823,0
127,122,1,-0.0203199,0
127,123,1,-0.0170086,0
127,124,1,-0.0136563,0
127,125,1,-0.0102711,0
127,126,1,-0.0068612,0
127,127,1,-0.00343474,0
