x,y,rho,ux,uy
0,0,1,0,0
0,1,1,0.00343474,0
0,2,1,0.0068612,0
0,3,1,0.0102711,0
0,4,1,0.0136563,0
0,5,1,0.0170086,0
0,6,1,0.0203199,0
0,7,1,0.0235823,0
0,8,1,0.0267878,0
0,9,1,0.0299289,0
0,10,1,0.0329978,0
0,11,1,0.0359872,0
0,12,1,0.0388899,0
0,13,1,0.041699,0
0,14,1,0.0444075,0
0,15,1,0.0470091,0
0,16,1,0.0494975,0
0,17,1,0.0518666,0
0,18,1,0.0541107,0
0,19,1,0.0562245,0
0,20,1,0.0582029,0
0,21,1,0.060041,0
0,22,1,0.0617345,0
0,23,1,0.0632793,0
0,24,1,0.0646716,0
0,25,1,0.0659081,0
0,26,1,0.0669858,0
0,27,1,0.0679022,0
0,28,1,0.068655,0
0,29,1,0.0692424,0
0,30,1,0.0696629,0
0,31,1,0.0699157,0
0,32,1,0.07,0
0,33,1,0.0699157,0
0,34,1,0.0696629,0
0,35,1,0.0692424,0
0,36,1,0.068655,0
0,37,1,0.0679022,0
0,38,1,0.0669858,0
0,39,1,0.0659081,0
0,40,1,0.0646716,0
0,41,1,0.0632793,0
0,42,1,0.0617345,0
0,43,1,0.060041,0
0,44,1,0.0582029,0
0,45,1,0.0562245,0
0,46,1,0.0541107,0
0,47,1,0.0518666,0
0,48,1,0.0494975,0
0,49,1,0.0470091,0
0,50,1,0.0444075,0
0,51,1,0.041699,0
0,52,1,0.0388899,0
0,53,1,0.0359872,0
0,54,1,0.0329978,0
0,55,1,0.0299289,0
0,56,1,0.0267878,0
0,57,1,0.0235823,0
0,58,1,0.0203199,0
0,59,1,0.0170086,0
0,60,1,0.0136563,0
0,61,1,0.0102711,0
0,62,1,0.0068612,0
0,63,1,0.00343474,0
0,64,1,8.57253e-18,0
0,65,1,-0.00343474,0
0,66,1,-0.0068612,0
0,67,1,-0.0102711,0
0,68,1,-0.0136563,0
0,69,1,-0.0170086,0
0,70,1,-0.0203199,0
0,71,1,-0.0235823,0
0,72,1,-0.0267878,0
0,73,1,-0.0299289,0
0,74,1,-0.0329978,0
0,75,1,-0.0359872,0
0,76,1,-0.0388899,0
0,77,1,-0.041699,0
0,78,1,-0.0444075,0
0,79,1,-0.0470091,0
0,80,1,-0.0494975,0
0,81,1,-0.0518666,0
0,82,1,-0.0541107,0
0,83,1,-0.0562245,0
0,84,1,-0.0582029,0
0,85,1,-0.060041,0
0,86,1,-0.0617345,0
0,87,1,-0.0632793,0
0,88,1,-0.0646716,0
0,89,1,-0.0659081,0
0,90,1,-0.0669858,0
0,91,1,-0.0679022,0
0,92,1,-0.068655,0
0,93,1,-0.0692424,0
0,94,1,-0.0696629,0
0,95,1,-0.0699157,0
0,96,1,-0.07,0
0,97,1,-0.0699157,0
0,98,1,-0.0696629,0
0,99,1,-0.0692424,0
0,100,1,-0.068655,0
0,101,1,-0.0679022,0
0,102,1,-0.0669858,0
0,103,1,-0.0659081,0
0,104,1,-0.0646716,0
0,105,1,-0.0632793,0
0,106,1,-0.0617345,0
0,107,1,-0.060041,0
0,108,1,-0.0582029,0
0,109,1,-0.0562245,0
0,110,1,-0.0541107,0
0,111,1,-0.0518666,0
0,112,1,-0.0494975,0
0,113,1,-0.0470091,0
0,114,1,-0.0444075,0
0,115,1,-0.041699,0
0,116,1,-0.0388899,0
0,117,1,-0.0359872,0
0,118,1,-0.0329978,0
0,119,1,-0.0299289,0
0,120,1,-0.0267878,0
0,121,1,-0.0235823,0
0,122,1,-0.0203199,0
0,123,1,-0.0170086,0
0,124,1,-0.0136563,0
0,125,1,-0.0102711,0
0,126,1,-0.0068612,0
0,127,1,-0.00343474,0
1,0,1,0,0
1,1,1.06094,0.000603642,0.000158858
1,2,1.06066,0.000672743,0.000319478
1,3,1.06035,0.000676991,0.000413406
1,4,1.06003,0.000673044,0.000519672
1,5,1.05965,0.000669265,0.000640768
1,6,1.05921,0.000666113,0.000775714
1,7,1.0587,0.000663218,0.000914465
1,8,1.05813,0.000660238,0.0010552
1,9,1.05748,0.000656894,0.00118923
1,10,1.05677,0.000652881,0.0013171
1,11,1.056,0.000648031,0.00143309
1,12,1.05516,0.000642148,0.00154004
1,13,1.05426,0.000635162,0.00163419
1,14,1.05331,0.000626936,0.00171936
1,15,1.05229,0.000617446,0.00179248
1,16,1.05122,0.000606583,0.0018573
1,17,1.0501,0.000594352,0.00191087
1,18,1.04892,0.000580668,0.00195652
1,19,1.04769,0.00056557,0.00199132
1,20,1.04642,0.000549005,0.00201825
1,21,1.0451,0.000531051,0.00203451
1,22,1.04375,0.000511689,0.00204284
1,23,1.04235,0.000491033,0.00204072
1,24,1.04092,0.000469091,0.00203071
1,25,1.03947,0.000446003,0.00201066
1,26,1.03799,0.000421798,0.00198297
1,27,1.03649,0.000396628,0.00194587
1,28,1.03497,0.000370536,0.00190167
1,29,1.03345,0.000343679,0.00184896
1,30,1.03192,0.000316104,0.00178993
1,31,1.03039,0.000287968,0.00172359
1,32,1.02887,0.000259319,0.00165198
1,33,1.02736,0.000230304,0.00157447
1,34,1.02586,0.00020097,0.001493
1,35,1.02437,0.000171449,0.00140727
1,36,1.02292,0.000141781,0.00131907
1,37,1.02149,0.000112079,0.00122841
1,38,1.02008,8.23707e-05,0.0011369
1,39,1.01872,5.27501e-05,0.0010448
1,40,1.01738,2.3232e-05,0.000953511
1,41,1.01609,-6.11249e-06,0.000863463
1,42,1.01484,-3.52817e-05,0.000775843
1,43,1.01362,-6.42248e-05,0.000691174
1,44,1.01245,-9.29518e-05,0.000610384
1,45,1.01133,-0.000121429,0.000534035
1,46,1.01024,-0.000149675,0.000462773
1,47,1.0092,-0.00017767,0.000397142
1,48,1.00819,-0.000205437,0.000337492
1,49,1.00723,-0.000232965,0.000284315
1,50,1.0063,-0.00026028,0.00023766
1,51,1.00541,-0.000287372,0.000197945
1,52,1.00455,-0.000314269,0.000164929
1,53,1.00372,-0.00034096,0.000138947
1,54,1.00292,-0.000367469,0.000119485
1,55,1.00214,-0.000393783,0.0001068
1,56,1.00138,-0.000419918,0.000100132
1,57,1.00064,-0.000445857,9.96742e-05
1,58,0.999914,-0.000471608,0.000104445
1,59,0.999199,-0.000497147,0.000114592
1,60,0.998492,-0.000522472,0.000128945
1,61,0.997791,-0.00054755,0.00014763
1,62,0.997091,-0.000572369,0.000169314
1,63,0.996391,-0.000596885,0.000194127
1,64,0.995689,-0.000621076,0.000220604
1,65,0.99498,-0.00064489,0.000248909
1,66,0.994265,-0.000668291,0.000277469
1,67,0.99354,-0.000691217,0.000306514
1,68,0.992805,-0.000713625,0.000334394
1,69,0.992057,-0.000735442,0.000361438
1,70,0.991297,-0.000756616,0.000385946
1,71,0.990523,-0.000777066,0.000408383
1,72,0.989735,-0.000796735,0.000427029
1,73,0.988932,-0.000815536,0.000442522
1,74,0.988116,-0.000833406,0.000453151
1,75,0.987285,-0.000850256,0.00045977
1,76,0.986442,-0.000866023,0.000460696
1,77,0.985587,-0.000880615,0.00045704
1,78,0.98472,-0.000893973,0.00044717
1,79,0.983845,-0.000906007,0.000432481
1,80,0.982961,-0.000916666,0.000411404
1,81,0.982072,-0.000925864,0.000385644
1,82,0.981178,-0.00093356,0.000353688
1,83,0.980282,-0.000939678,0.000317565
1,84,0.979387,-0.00094419,0.000275796
1,85,0.978493,-0.000947032,0.00023073
1,86,0.977604,-0.000948192,0.000180884
1,87,0.976721,-0.000947618,0.00012891
1,88,0.975847,-0.000945319,7.32651e-05
1,89,0.974983,-0.000941255,1.68697e-05
1,90,0.974132,-0.000935456,-4.19439e-05
1,91,0.973295,-0.000927895,-0.000100026
1,92,0.972474,-0.000918622,-0.000159244
1,93,0.97167,-0.000907624,-0.000216258
1,94,0.970884,-0.000894972,-0.000273207
1,95,0.970119,-0.000880665,-0.000326597
1,96,0.969373,-0.000864798,-0.000378898
1,97,0.96865,-0.000847384,-0.000426482
1,98,0.967948,-0.000828539,-0.000472199
1,99,0.967269,-0.000808294,-0.000512295
1,100,0.966612,-0.00078679,-0.000550024
1,101,0.965979,-0.000764074,-0.000581499
1,102,0.965369,-0.000740315,-0.000610391
1,103,0.964783,-0.000715576,-0.000632657
1,104,0.96422,-0.000690051,-0.000652384
1,105,0.96368,-0.000663818,-0.000665352
1,106,0.963164,-0.000637086,-0.000676061
1,107,0.962671,-0.000609944,-0.000680104
1,108,0.962202,-0.000582607,-0.000682391
1,109,0.961755,-0.000555169,-0.000678341
1,110,0.961332,-0.000527844,-0.000673278
1,111,0.960931,-0.000500739,-0.000662456
1,112,0.960553,-0.000474088,-0.000651592
1,113,0.960199,-0.000448043,-0.000635732
1,114,0.959868,-0.000422908,-0.00062085
1,115,0.95956,-0.000398936,-0.000601607
1,116,0.959277,-0.000376551,-0.00058391
1,117,0.959018,-0.000356129,-0.000561701
1,118,0.958785,-0.000338156,-0.000540417
1,119,0.958577,-0.000322985,-0.000513089
1,120,0.958397,-0.000310921,-0.000484695
1,121,0.958244,-0.000302065,-0.000447759
1,122,0.958119,-0.000296178,-0.000407397
1,123,0.958025,-0.000291651,-0.000357664
1,124,0.957976,-0.000286008,-0.000308884
1,125,0.958012,-0.000286854,-0.000252599
1,126,0.958124,-0.000344949,-0.000132305
1,127,1,-0.00343474,0
2,0,1,0,0
2,1,1.06068,-0.000171929,0.000236491
2,2,1.06048,7.20544e-05,0.00058763
2,3,1.06022,0.000105313,0.000836589
2,4,1.0599,7.09081e-05,0.00107312
2,5,1.05951,2.54729e-05,0.0013317
2,6,1.05907,-1.447e-05,0.00161987
2,7,1.05857,-4.46153e-05,0.00192219
2,8,1.05799,-6.52388e-05,0.00222833
2,9,1.05736,-7.86859e-05,0.00252211
2,10,1.05665,-8.77763e-05,0.00279841
2,11,1.05589,-9.49957e-05,0.00304789
2,12,1.05506,-0.000102081,0.00327149
2,13,1.05417,-0.000109974,0.00346488
2,14,1.05322,-0.000118889,0.00363206
2,15,1.05221,-0.000128553,0.00377059
2,16,1.05115,-0.000138385,0.00388494
2,17,1.05004,-0.000147718,0.00397285
2,18,1.04887,-0.000155872,0.00403825
2,19,1.04765,-0.000162272,0.0040787
2,20,1.04639,-0.000166422,0.00409759
2,21,1.04508,-0.000167962,0.00409252
2,22,1.04373,-0.000166597,0.00406658
2,23,1.04234,-0.000162144,0.00401771
2,24,1.04092,-0.000154457,0.00394889
2,25,1.03948,-0.00014348,0.00385851
2,26,1.03801,-0.000129178,0.00374956
2,27,1.03652,-0.000111592,0.00362096
2,28,1.03501,-9.07749e-05,0.00347571
2,29,1.03349,-6.68526e-05,0.00331329
2,30,1.03197,-3.99598e-05,0.00313672
2,31,1.03045,-1.02994e-05,0.00294599
2,32,1.02893,2.19191e-05,0.00274414
2,33,1.02742,5.64232e-05,0.00253166
2,34,1.02593,9.29369e-05,0.00231155
2,35,1.02445,0.000131128,0.00208472
2,36,1.02299,0.000170666,0.00185408
2,37,1.02156,0.000211174,0.00162089
2,38,1.02016,0.000252281,0.00138791
2,39,1.0188,0.000293583,0.00115657
2,40,1.01746,0.000334689,0.000929416
2,41,1.01617,0.000375186,0.000707962
2,42,1.01491,0.000414685,0.000494391
2,43,1.0137,0.000452786,0.000290189
2,44,1.01253,0.000489123,9.71059e-05
2,45,1.0114,0.00052333,-8.35285e-05
2,46,1.01031,0.000555082,-0.000250456
2,47,1.00926,0.00058407,-0.000402592
2,48,1.00825,0.000610025,-0.000539211
2,49,1.00728,0.000632706,-0.000659525
2,50,1.00635,0.000651915,-0.000763352
2,51,1.00545,0.000667485,-0.000850224
2,52,1.00458,0.000679298,-0.000920487
2,53,1.00375,0.000687264,-0.000973987
2,54,1.00294,0.000691343,-0.00101156
2,55,1.00215,0.000691522,-0.00103333
2,56,1.00139,0.000687837,-0.00104059
2,57,1.00064,0.000680348,-0.0010337
2,58,0.999912,0.000669157,-0.00101431
2,59,0.999192,0.000654392,-0.000983004
2,60,0.998481,0.000636218,-0.00094174
2,61,0.997776,0.000614821,-0.000891219
2,62,0.997073,0.00059042,-0.000833663
2,63,0.99637,0.000563253,-0.00076984
2,64,0.995664,0.000533589,-0.000702157
2,65,0.994954,0.00050171,-0.000631383
2,66,0.994237,0.000467928,-0.000560044
2,67,0.993512,0.000432564,-0.00048884
2,68,0.992777,0.000395966,-0.000420347
2,69,0.99203,0.000358488,-0.000355118
2,70,0.99127,0.000320507,-0.000295706
2,71,0.990498,0.000282403,-0.000242436
2,72,0.989712,0.000244572,-0.000197767
2,73,0.988912,0.000207408,-0.000161711
2,74,0.988098,0.000171318,-0.000136562
2,75,0.987271,0.000136697,-0.000121938
2,76,0.986431,0.000103943,-0.0001199
2,77,0.98558,7.34369e-05,-0.0001296
2,78,0.984718,4.55532e-05,-0.000152817
2,79,0.983847,2.06363e-05,-0.000188176
2,80,0.982967,-9.8487e-07,-0.000237148
2,81,0.982082,-1.90231e-05,-0.000297797
2,82,0.981193,-3.32166e-05,-0.000371288
2,83,0.980301,-4.33567e-05,-0.000455122
2,84,0.97941,-4.92691e-05,-0.000550199
2,85,0.97852,-5.08424e-05,-0.000653491
2,86,0.977634,-4.80054e-05,-0.000765712
2,87,0.976754,-4.07567e-05,-0.000883372
2,88,0.975882,-2.91376e-05,-0.00100711
2,89,0.975021,-1.32615e-05,-0.00113308
2,90,0.974171,6.71797e-06,-0.00126198
2,91,0.973336,3.0577e-05,-0.0013897
2,92,0.972515,5.80593e-05,-0.00151718
2,93,0.971712,8.88451e-05,-0.00164015
2,94,0.970926,0.000122594,-0.00175989
2,95,0.97016,0.000158914,-0.00187212
2,96,0.969414,0.000197407,-0.00197857
2,97,0.968689,0.000237636,-0.00207498
2,98,0.967986,0.000279178,-0.00216365
2,99,0.967305,0.000321587,-0.00224036
2,100,0.966648,0.000364444,-0.00230799
2,101,0.966013,0.000407325,-0.0023624
2,102,0.965401,0.000449852,-0.00240706
2,103,0.964813,0.000491654,-0.00243784
2,104,0.964248,0.000532421,-0.0024588
2,105,0.963707,0.000571864,-0.00246582
2,106,0.96319,0.000609768,-0.0024635
2,107,0.962695,0.000645951,-0.0024477
2,108,0.962224,0.000680313,-0.00242362
2,109,0.961777,0.000712787,-0.00238709
2,110,0.961352,0.000743383,-0.00234391
2,111,0.960951,0.000772122,-0.00228991
2,112,0.960573,0.000799059,-0.0022314
2,113,0.960218,0.000824197,-0.00216404
2,114,0.959887,0.000847481,-0.00209428
2,115,0.959579,0.000868716,-0.00201709
2,116,0.959296,0.000887568,-0.00193821
2,117,0.959036,0.000903543,-0.001851
2,118,0.958802,0.000916094,-0.00175951
2,119,0.958593,0.000924745,-0.00165478
2,120,0.958411,0.0009293,-0.00153904
2,121,0.958255,0.000930023,-0.001402
2,122,0.958127,0.000928027,-0.00124623
2,123,0.958031,0.000925385,-0.00106173
2,124,0.957969,0.000920377,-0.000845516
2,125,0.957945,0.000875958,-0.000568691
2,126,0.957957,0.000691353,-0.000209665
2,127,1,-0.00343474,0
3,0,1,0,0
3,1,1.06044,0.000788266,0.000230388
3,2,1.06029,0.00118535,0.000593302
3,3,1.06005,0.00127234,0.000846038
3,4,1.05974,0.00123044,0.00107923
3,5,1.05936,0.00115503,0.00133635
3,6,1.05892,0.00108757,0.00163041
3,7,1.05842,0.00104173,0.00194668
3,8,1.05785,0.00101786,0.00227164
3,9,1.05722,0.0010109,0.00258456
3,10,1.05652,0.00101438,0.00287605
3,11,1.05576,0.00102239,0.00313374
3,12,1.05494,0.00103044,0.00335659
3,13,1.05406,0.0010357,0.00353936
3,14,1.05313,0.00103679,0.00368581
3,15,1.05213,0.00103344,0.00379379
3,16,1.05108,0.00102601,0.00386821
3,17,1.04997,0.00101519,0.00390746
3,18,1.04881,0.00100172,0.00391605
3,19,1.04761,0.000986288,0.00389219
3,20,1.04635,0.000969463,0.0038398
3,21,1.04506,0.000951683,0.00375709
3,22,1.04372,0.000933291,0.00364764
3,23,1.04234,0.000914533,0.00350996
3,24,1.04093,0.000895604,0.00334754
3,25,1.0395,0.000876635,0.00315937
3,26,1.03803,0.000857731,0.00294896
3,27,1.03655,0.000838947,0.00271585
3,28,1.03506,0.000820318,0.00246359
3,29,1.03355,0.000801837,0.0021923
3,30,1.03203,0.000783473,0.00190556
3,31,1.03052,0.000765156,0.00160404
3,32,1.02901,0.000746796,0.00129132
3,33,1.0275,0.000728265,0.000968568
3,34,1.02601,0.000709419,0.000639318
3,35,1.02454,0.000690084,0.000305138
3,36,1.02309,0.000670072,-3.05441e-05
3,37,1.02166,0.000649176,-0.000365877
3,38,1.02026,0.000627182,-0.000697641
3,39,1.01889,0.000603864,-0.00102384
3,40,1.01756,0.000578999,-0.00134156
3,41,1.01626,0.000552361,-0.00164881
3,42,1.01501,0.000523735,-0.0019431
3,43,1.01379,0.000492913,-0.0022226
3,44,1.01261,0.000459705,-0.00248533
3,45,1.01148,0.000423934,-0.00272971
3,46,1.01038,0.000385452,-0.00295438
3,47,1.00933,0.000344129,-0.00315811
3,48,1.00831,0.000299867,-0.00334016
3,49,1.00734,0.000252595,-0.00349972
3,50,1.0064,0.000202273,-0.0036367
3,51,1.00549,0.000148893,-0.00375069
3,52,1.00462,9.24809e-05,-0.00384221
3,53,1.00378,3.30921e-05,-0.00391129
3,54,1.00296,-2.91836e-05,-0.00395899
3,55,1.00217,-9.42251e-05,-0.00398569
3,56,1.0014,-0.000161881,-0.00399299
3,57,1.00064,-0.000231967,-0.00398156
3,58,0.999907,-0.000304275,-0.00395343
3,59,0.999181,-0.000378564,-0.00390949
3,60,0.998464,-0.000454571,-0.00385213
3,61,0.997754,-0.000532004,-0.00378243
3,62,0.997046,-0.000610552,-0.00370303
3,63,0.99634,-0.000689881,-0.00361508
3,64,0.995631,-0.000769636,-0.00352143
3,65,0.994919,-0.000849447,-0.00342324
3,66,0.9942,-0.000928928,-0.00332343
3,67,0.993473,-0.00100768,-0.0032231
3,68,0.992737,-0.00108529,-0.00312519
3,69,0.99199,-0.00116134,-0.0030306
3,70,0.991232,-0.0012354,-0.00294221
3,71,0.990461,-0.00130706,-0.00286065
3,72,0.989676,-0.00137589,-0.00278864
3,73,0.988879,-0.00144147,-0.00272642
3,74,0.988068,-0.00150338,-0.00267647
3,75,0.987245,-0.00156124,-0.00263857
3,76,0.986409,-0.00161466,-0.00261489
3,77,0.985562,-0.00166328,-0.00260464
3,78,0.984704,-0.00170676,-0.00260963
3,79,0.983838,-0.0017448,-0.00262846
3,80,0.982963,-0.00177713,-0.00266253
3,81,0.982083,-0.0018035,-0.0027098
3,82,0.981198,-0.00182371,-0.0027713
3,83,0.980311,-0.00183762,-0.00284435
3,84,0.979424,-0.00184509,-0.00292963
3,85,0.978538,-0.00184608,-0.00302389
3,86,0.977657,-0.00184055,-0.00312757
3,87,0.97678,-0.00182854,-0.00323693
3,88,0.975912,-0.00181011,-0.0033523
3,89,0.975053,-0.00178539,-0.00346954
3,90,0.974206,-0.00175454,-0.00358907
3,91,0.973373,-0.00171778,-0.0037065
3,92,0.972554,-0.00167534,-0.00382244
3,93,0.971751,-0.00162752,-0.00393242
3,94,0.970967,-0.00157464,-0.00403741
3,95,0.970201,-0.00151704,-0.00413294
3,96,0.969455,-0.00145513,-0.0042205
3,97,0.96873,-0.00138929,-0.00429568
3,98,0.968027,-0.00131998,-0.00436056
3,99,0.967346,-0.00124762,-0.00441085
3,100,0.966687,-0.00117271,-0.00444926
3,101,0.966052,-0.0010957,-0.0044716
3,102,0.965439,-0.00101708,-0.00448123
3,103,0.964851,-0.000937331,-0.00447404
3,104,0.964285,-0.000856914,-0.00445402
3,105,0.963743,-0.000776268,-0.00441709
3,106,0.963225,-0.000695793,-0.00436785
3,107,0.96273,-0.000615839,-0.00430229
3,108,0.962259,-0.000536697,-0.00422565
3,109,0.961811,-0.000458599,-0.00413398
3,110,0.961387,-0.000381745,-0.00403316
3,111,0.960986,-0.000306342,-0.0039193
3,112,0.960608,-0.00023269,-0.00379881
3,113,0.960254,-0.000161291,-0.00366754
3,114,0.959923,-9.29899e-05,-0.00353183
3,115,0.959616,-2.90964e-05,-0.00338647
3,116,0.959333,2.85404e-05,-0.0032365
3,117,0.959075,7.75836e-05,-0.00307427
3,118,0.95884,0.000115435,-0.00290209
3,119,0.958631,0.000139666,-0.0027088
3,120,0.958446,0.000148602,-0.00249354
3,121,0.958287,0.000141894,-0.00224219
3,122,0.958154,0.000120607,-0.00195195
3,123,0.958048,8.52695e-05,-0.00160716
3,124,0.957969,3.04302e-05,-0.00120367
3,125,0.957905,-7.6401e-05,-0.000731404
3,126,0.957845,-0.000302331,-0.000232446
3,127,1,-0.00343474,0
4,0,1,0,0
4,1,1.06024,-1.58459e-05,0.000215823
4,2,1.06009,0.000531418,0.000516749
4,3,1.05985,0.000674588,0.000695572
4,4,1.05954,0.000612119,0.000844468
4,5,1.05917,0.000482184,0.00101384
4,6,1.05873,0.000359417,0.00122442
4,7,1.05824,0.000273067,0.00146442
4,8,1.05768,0.000227636,0.00171956
4,9,1.05705,0.000216095,0.00196674
4,10,1.05636,0.000227519,0.00219374
4,11,1.05562,0.000251264,0.00238575
4,12,1.05481,0.000278984,0.00253994
4,13,1.05394,0.00030528,0.00265001
4,14,1.05301,0.000327474,0.00271915
4,15,1.05202,0.000344948,0.00274515
4,16,1.05098,0.000358374,0.00273307
4,17,1.04989,0.000369051,0.00268167
4,18,1.04874,0.000378429,0.00259585
4,19,1.04755,0.000387843,0.00247432
4,20,1.04631,0.000398382,0.00232142
4,21,1.04502,0.000410871,0.00213587
4,22,1.04369,0.000425893,0.00192164
4,23,1.04233,0.000443831,0.00167774
4,24,1.04093,0.000464909,0.00140802
4,25,1.03951,0.000489227,0.00111197
4,26,1.03806,0.000516781,0.000793392
4,27,1.03658,0.000547481,0.000452338
4,28,1.0351,0.000581159,9.26395e-05
4,29,1.0336,0.000617578,-0.000285112
4,30,1.03209,0.000656432,-0.000677075
4,31,1.03058,0.000697356,-0.00108214
4,32,1.02908,0.000739926,-0.00149649
4,33,1.02758,0.000783671,-0.00191855
4,34,1.0261,0.000828073,-0.00234459
4,35,1.02463,0.000872582,-0.00277267
4,36,1.02318,0.000916621,-0.0031992
4,37,1.02175,0.000959596,-0.00362202
4,38,1.02036,0.0010009,-0.00403776
4,39,1.01899,0.00103994,-0.00444417
4,40,1.01766,0.00107613,-0.00483824
4,41,1.01636,0.00110888,-0.00521776
4,42,1.0151,0.00113765,-0.00558019
4,43,1.01388,0.00116195,-0.00592351
4,44,1.0127,0.00118129,-0.00624573
4,45,1.01156,0.00119525,-0.00654515
4,46,1.01046,0.00120348,-0.00682041
4,47,1.0094,0.00120566,-0.00707019
4,48,1.00838,0.00120153,-0.00729382
4,49,1.0074,0.00119092,-0.0074904
4,50,1.00645,0.0011737,-0.00765994
4,51,1.00554,0.00114982,-0.007802
4,52,1.00466,0.00111928,-0.00791721
4,53,1.00381,0.00108216,-0.00800558
4,54,1.00298,0.00103859,-0.00806832
4,55,1.00218,0.000988768,-0.00810584
4,56,1.00141,0.00093295,-0.00811986
4,57,1.00065,0.000871441,-0.0081111
4,58,0.999902,0.000804599,-0.00808174
4,59,0.999169,0.000732829,-0.00803276
4,60,0.998447,0.000656577,-0.00796668
4,61,0.99773,0.000576335,-0.00788467
4,62,0.997018,0.000492623,-0.00778951
4,63,0.996306,0.000406002,-0.00768247
4,64,0.995594,0.000317052,-0.00756651
4,65,0.994878,0.000226388,-0.00744291
4,66,0.994157,0.000134638,-0.00731473
4,67,0.993428,4.24526e-05,-0.00718315
4,68,0.992691,-4.95079e-05,-0.00705125
4,69,0.991944,-0.000140569,-0.00692002
4,70,0.991186,-0.000230056,-0.00679247
4,71,0.990416,-0.000317289,-0.0066693
4,72,0.989633,-0.000401596,-0.00655335
4,73,0.988838,-0.000482311,-0.00644494
4,74,0.98803,-0.000558788,-0.00634666
4,75,0.98721,-0.000630395,-0.00625837
4,76,0.986378,-0.000696533,-0.00618231
4,77,0.985535,-0.000756631,-0.00611781
4,78,0.984682,-0.000810165,-0.00606674
4,79,0.98382,-0.000856648,-0.00602781
4,80,0.982951,-0.000895655,-0.00600252
4,81,0.982076,-0.000926813,-0.00598893
4,82,0.981197,-0.00094982,-0.00598815
4,83,0.980315,-0.000964439,-0.00599764
4,84,0.979432,-0.000970514,-0.00601818
4,85,0.978552,-0.000967959,-0.00604666
4,86,0.977674,-0.000956779,-0.00608362
4,87,0.976802,-0.000937053,-0.00612547
4,88,0.975938,-0.000908951,-0.00617266
4,89,0.975083,-0.000872717,-0.00622124
4,90,0.974239,-0.000828681,-0.00627169
4,91,0.973408,-0.000777242,-0.00631982
4,92,0.972592,-0.000718879,-0.00636634
4,93,0.971792,-0.000654126,-0.00640694
4,94,0.971009,-0.000583582,-0.00644269
4,95,0.970245,-0.000507889,-0.00646925
4,96,0.969501,-0.000427738,-0.00648819
4,97,0.968777,-0.00034384,-0.00649523
4,98,0.968074,-0.000256939,-0.00649248
4,99,0.967394,-0.000167777,-0.00647575
4,100,0.966736,-7.71056e-05,-0.00644777
4,101,0.966101,1.43479e-05,-0.00640442
4,102,0.965489,0.000105874,-0.00634901
4,103,0.964901,0.00019682,-0.00627751
4,104,0.964336,0.00028658,-0.00619379
4,105,0.963795,0.000374642,-0.00609387
4,106,0.963277,0.000460586,-0.00598221
4,107,0.962783,0.000544115,-0.00585487
4,108,0.962313,0.000625049,-0.00571695
4,109,0.961866,0.00070333,-0.00556456
4,110,0.961443,0.000778966,-0.00540343
4,111,0.961043,0.000851966,-0.0052297
4,112,0.960667,0.000922186,-0.00504952
4,113,0.960314,0.000989166,-0.00485864
4,114,0.959985,0.00105189,-0.00466287
4,115,0.959679,0.0011086,-0.00445651
4,116,0.959397,0.00115666,-0.00424354
4,117,0.959139,0.00119262,-0.00401515
4,118,0.958905,0.00121253,-0.00377174
4,119,0.958695,0.00121254,-0.0035
4,120,0.958509,0.00118969,-0.00319615
4,121,0.958347,0.00114265,-0.00284308
4,122,0.958208,0.00107196,-0.0024349
4,123,0.958091,0.000978723,-0.00195526
4,124,0.957994,0.000862603,-0.00140787
4,125,0.95791,0.000721878,-0.000808954
4,126,0.957825,0.000557459,-0.000240496
4,127,1,-0.00343474,0
5,0,1,0,0
5,1,1.06005,0.000994119,0.000193693
5,2,1.05988,0.00172464,0.000432482
5,3,1.05964,0.00194937,0.000516362
5,4,1.05934,0.0018902,0.000554159
5,5,1.05897,0.00172607,0.000605602
5,6,1.05854,0.00156311,0.00069767
5,7,1.05805,0.00144754,0.000823045
5,8,1.0575,0.00138947,0.000968904
5,9,1.05688,0.00138085,0.00111163
5,10,1.0562,0.00140675,0.00123746
5,11,1.05546,0.0014518,0.00133002
5,12,1.05467,0.00150345,0.001385
5,13,1.05381,0.00155309,0.00139514
5,14,1.05289,0.00159593,0.00136291
5,15,1.05192,0.00163011,0.00128586
5,16,1.05089,0.00165571,0.00116889
5,17,1.04981,0.0016738,0.00101092
5,18,1.04868,0.00168583,0.000816985
5,19,1.0475,0.0016932,0.000586117
5,20,1.04627,0.00169711,0.000322869
5,21,1.045,0.00169846,2.63505e-05
5,22,1.04368,0.00169792,-0.000299241
5,23,1.04233,0.00169596,-0.000654505
5,24,1.04095,0.00169288,-0.0010354
5,25,1.03953,0.00168886,-0.00144205
5,26,1.03809,0.00168399,-0.00187047
5,27,1.03663,0.0016783,-0.00232025
5,28,1.03515,0.00167174,-0.00278741
5,29,1.03366,0.00166421,-0.00327102
5,30,1.03217,0.00165553,-0.0037671
5,31,1.03067,0.0016455,-0.00427423
5,32,1.02917,0.00163385,-0.00478848
5,33,1.02768,0.00162028,-0.005308
5,34,1.0262,0.00160446,-0.00582895
5,35,1.02474,0.00158602,-0.00634915
5,36,1.02329,0.00156459,-0.00686493
5,37,1.02187,0.00153977,-0.00737388
5,38,1.02047,0.00151117,-0.00787261
5,39,1.01911,0.00147842,-0.00835861
5,40,1.01777,0.00144116,-0.00882888
5,41,1.01647,0.00139904,-0.00928097
5,42,1.01521,0.00135176,-0.00971235
5,43,1.01399,0.00129905,-0.0101208
5,44,1.0128,0.00124066,-0.0105043
5,45,1.01166,0.00117643,-0.010861
5,46,1.01055,0.00110621,-0.0111896
5,47,1.00948,0.00102992,-0.0114885
5,48,1.00846,0.000947512,-0.0117571
5,49,1.00746,0.000859022,-0.0119944
5,50,1.00651,0.000764522,-0.0122003
5,51,1.00559,0.000664145,-0.0123744
5,52,1.0047,0.000558077,-0.0125172
5,53,1.00384,0.000446559,-0.0126287
5,54,1.003,0.000329883,-0.01271
5,55,1.0022,0.000208394,-0.0127616
5,56,1.00141,8.24801e-05,-0.0127852
5,57,1.00064,-4.74194e-05,-0.0127814
5,58,0.999887,-0.000180827,-0.0127524
5,59,0.999146,-0.000317223,-0.0126992
5,60,0.998416,-0.000456054,-0.0126243
5,61,0.997693,-0.00059673,-0.0125289
5,62,0.996974,-0.000738635,-0.0124158
5,63,0.996257,-0.000881124,-0.0122862
5,64,0.99554,-0.00102353,-0.0121433
5,65,0.99482,-0.00116518,-0.0119881
5,66,0.994096,-0.00130537,-0.011824
5,67,0.993365,-0.0014434,-0.0116521
5,68,0.992626,-0.00157856,-0.0114755
5,69,0.991879,-0.00171014,-0.0112953
5,70,0.99112,-0.00183743,-0.0111145
5,71,0.990351,-0.00195975,-0.0109341
5,72,0.98957,-0.00207641,-0.0107568
5,73,0.988777,-0.00218676,-0.0105832
5,74,0.987973,-0.00229017,-0.0104159
5,75,0.987156,-0.00238604,-0.0102549
5,76,0.986328,-0.00247381,-0.0101027
5,77,0.98549,-0.00255296,-0.00995877
5,78,0.984642,-0.00262303,-0.0098251
5,79,0.983785,-0.00268358,-0.00970066
5,80,0.982922,-0.00273425,-0.00958713
5,81,0.982052,-0.00277476,-0.00948285
5,82,0.981179,-0.00280485,-0.00938918
5,83,0.980303,-0.00282437,-0.00930385
5,84,0.979426,-0.0028332,-0.00922791
5,85,0.978551,-0.00283131,-0.00915858
5,86,0.977679,-0.00281876,-0.00909668
5,87,0.976812,-0.00279564,-0.00903897
5,88,0.975953,-0.00276215,-0.00898617
5,89,0.975102,-0.00271853,-0.00893469
5,90,0.974263,-0.0026651,-0.0088853
5,91,0.973436,-0.00260225,-0.00883417
5,92,0.972623,-0.00253041,-0.00878224
5,93,0.971826,-0.0024501,-0.00872556
5,94,0.971046,-0.00236186,-0.0086654
5,95,0.970285,-0.0022663,-0.00859777
5,96,0.969543,-0.00216408,-0.00852437
5,97,0.968821,-0.00205588,-0.00844122
5,98,0.96812,-0.00194245,-0.00835053
5,99,0.967442,-0.00182455,-0.00824835
5,100,0.966785,-0.00170295,-0.00813744
5,101,0.966152,-0.00157847,-0.00801387
5,102,0.965542,-0.0014519,-0.00788092
5,103,0.964955,-0.00132401,-0.00773469
5,104,0.964392,-0.00119556,-0.00757897
5,105,0.963852,-0.00106722,-0.00740985
5,106,0.963336,-0.000939584,-0.00723166
5,107,0.962844,-0.000813116,-0.00704049
5,108,0.962376,-0.000688173,-0.00684123
5,109,0.961931,-0.000565003,-0.00663001
5,110,0.96151,-0.000443826,-0.00641227
5,111,0.961112,-0.00032496,-0.00618406
5,112,0.960738,-0.00020904,-0.00595109
5,113,0.960387,-9.7303e-05,-0.00570886
5,114,0.96006,8.07055e-06,-0.00546248
5,115,0.959757,0.000103655,-0.00520563
5,116,0.959477,0.000184606,-0.00494118
5,117,0.95922,0.000244774,-0.0046592
5,118,0.958987,0.000277208,-0.00435838
5,119,0.958777,0.000275115,-0.00402381
5,120,0.958591,0.000233169,-0.00364961
5,121,0.958426,0.000148959,-0.00321725
5,122,0.958284,2.44612e-05,-0.0027206
5,123,0.958161,-0.000132,-0.00214739
5,124,0.958053,-0.000302151,-0.00151137
5,125,0.957958,-0.00044672,-0.000845687
5,126,0.957869,-0.000497329,-0.00024683
5,127,1,-0.00343474,0
6,0,1,0,0
6,1,1.05982,0.000263527,0.000181292
6,2,1.05964,0.00121272,0.000357765
6,3,1.0594,0.00153346,0.000359384
6,4,1.0591,0.00147582,0.000296561
6,5,1.05874,0.00126469,0.000235198
6,6,1.05831,0.00104244,0.000209473
6,7,1.05783,0.000877171,0.000216823
6,8,1.05728,0.000788215,0.000246989
6,9,1.05668,0.000768277,0.000277302
6,10,1.05601,0.000798854,0.000293665
6,11,1.05528,0.000859621,0.000278949
6,12,1.05449,0.000933442,0.000227888
6,13,1.05365,0.00100832,0.000132499
6,14,1.05275,0.00107739,-5.40531e-06
6,15,1.05179,0.00113788,-0.000188613
6,16,1.05077,0.00118974,-0.000412506
6,17,1.04971,0.00123436,-0.000678155
6,18,1.04859,0.00127372,-0.000980593
6,19,1.04742,0.00130976,-0.00132057
6,20,1.0462,0.00134413,-0.00169348
6,21,1.04495,0.00137811,-0.00209991
6,22,1.04365,0.0014126,-0.00253557
6,23,1.04231,0.00144821,-0.00300073
6,24,1.04094,0.00148529,-0.00349123
6,25,1.03954,0.001524,-0.00400688
6,26,1.03811,0.00156437,-0.00454358
6,27,1.03666,0.00160627,-0.00510061
6,28,1.03519,0.00164951,-0.00567387
6,29,1.03372,0.00169376,-0.00626212
6,30,1.03223,0.00173861,-0.00686131
6,31,1.03074,0.00178359,-0.00746969
6,32,1.02925,0.00182813,-0.00808327
6,33,1.02777,0.00187161,-0.00869987
6,34,1.02629,0.00191335,-0.00931562
6,35,1.02484,0.00195263,-0.00992801
6,36,1.02339,0.00198872,-0.0105333
6,37,1.02198,0.00202086,-0.0111289
6,38,1.02058,0.00204829,-0.0117112
6,39,1.01922,0.0020703,-0.0122776
6,40,1.01789,0.00208617,-0.012825
6,41,1.01659,0.00209524,-0.0133506
6,42,1.01532,0.0020969,-0.0138519
6,43,1.01409,0.0020906,-0.0143264
6,44,1.0129,0.00207584,-0.0147721
6,45,1.01175,0.00205222,-0.0151869
6,46,1.01064,0.00201941,-0.0155694
6,47,1.00957,0.00197715,-0.0159179
6,48,1.00853,0.0019253,-0.0162317
6,49,1.00753,0.00186376,-0.0165097
6,50,1.00657,0.00179257,-0.0167517
6,51,1.00564,0.00171182,-0.016957
6,52,1.00474,0.00162171,-0.0171264
6,53,1.00387,0.00152251,-0.0172595
6,54,1.00303,0.00141459,-0.0173576
6,55,1.00221,0.00129837,-0.0174209
6,56,1.00141,0.00117437,-0.0174511
6,57,1.00063,0.00104316,-0.0174489
6,58,0.99987,0.000905401,-0.0174164
6,59,0.999121,0.000761781,-0.0173545
6,60,0.998382,0.000613057,-0.0172658
6,61,0.997651,0.000460031,-0.0171515
6,62,0.996925,0.000303544,-0.0170144
6,63,0.996202,0.000144479,-0.0168558
6,64,0.99548,-1.62577e-05,-0.0166787
6,65,0.994755,-0.000177729,-0.0164845
6,66,0.994027,-0.000338983,-0.0162763
6,67,0.993293,-0.00049905,-0.0160555
6,68,0.992552,-0.000656957,-0.0158253
6,69,0.991803,-0.000811724,-0.0155868
6,70,0.991045,-0.00096238,-0.0153432
6,71,0.990276,-0.00110796,-0.0150955
6,72,0.989497,-0.00124752,-0.0148467
6,73,0.988706,-0.00138013,-0.0145974
6,74,0.987904,-0.00150491,-0.0143505
6,75,0.987092,-0.001621,-0.0141062
6,76,0.986268,-0.00172759,-0.013867
6,77,0.985435,-0.00182393,-0.0136328
6,78,0.984592,-0.00190933,-0.0134058
6,79,0.983741,-0.00198316,-0.0131852
6,80,0.982884,-0.00204488,-0.012973
6,81,0.98202,-0.00209403,-0.0127677
6,82,0.981153,-0.00213024,-0.0125711
6,83,0.980284,-0.00215323,-0.0123812
6,84,0.979414,-0.00216284,-0.0121994
6,85,0.978545,-0.00215899,-0.0120232
6,86,0.977679,-0.00214174,-0.0118537
6,87,0.976819,-0.00211125,-0.0116882
6,88,0.975965,-0.00206777,-0.0115276
6,89,0.97512,-0.0020117,-0.0113687
6,90,0.974286,-0.00194352,-0.0112126
6,91,0.973464,-0.00186383,-0.0110558
6,92,0.972655,-0.0017733,-0.0108996
6,93,0.971863,-0.00167273,-0.0107403
6,94,0.971087,-0.00156298,-0.0105794
6,95,0.970329,-0.00144499,-0.0104134
6,96,0.96959,-0.00131976,-0.010244
6,97,0.968871,-0.00118835,-0.0100676
6,98,0.968174,-0.00105185,-0.00988656
6,99,0.967498,-0.000911379,-0.00969714
6,100,0.966845,-0.000768069,-0.00950212
6,101,0.966214,-0.000623035,-0.00929786
6,102,0.965606,-0.000477362,-0.00908757
6,103,0.965022,-0.000332074,-0.00886753
6,104,0.964462,-0.000188106,-0.00864145
6,105,0.963925,-4.62663e-05,-0.00840554
6,106,0.963412,9.27898e-05,-0.00816396
6,107,0.962922,0.000228589,-0.00791288
6,108,0.962457,0.000360842,-0.00765696
6,109,0.962015,0.000489404,-0.00739233
6,110,0.961597,0.000614182,-0.00712408
6,111,0.961203,0.000734943,-0.0068482
6,112,0.960832,0.000851039,-0.00656987
6,113,0.960484,0.000961022,-0.00628433
6,114,0.96016,0.00106221,-0.00599594
6,115,0.95986,0.00115031,-0.00569788
6,116,0.959582,0.00121919,-0.00539195
6,117,0.959328,0.00126101,-0.0050674
6,118,0.959096,0.0012669,-0.00472166
6,119,0.958887,0.0012282,-0.00433892
6,120,0.9587,0.00113831,-0.00391232
6,121,0.958535,0.000995076,-0.00342357
6,122,0.958389,0.000803957,-0.00286805
6,123,0.958262,0.000583378,-0.00223824
6,124,0.95815,0.000373699,-0.00155591
6,125,0.95805,0.000252026,-0.000862053
6,126,0.957961,0.000337363,-0.000249926
6,127,1,-0.00343474,0
7,0,1,0,0
7,1,1.05957,0.00129533,0.000160161
7,2,1.05939,0.00248867,0.000299092
7,3,1.05916,0.00293061,0.000238778
7,4,1.05886,0.00290339,9.77137e-05
7,5,1.0585,0.00267262,-5.41618e-05
7,6,1.05809,0.00241398,-0.000179133
7,7,1.05761,0.00221668,-0.000275102
7,8,1.05707,0.00210963,-0.000349182
7,9,1.05647,0.00208727,-0.000422297
7,10,1.05582,0.00212845,-0.000508008
7,11,1.0551,0.00220851,-0.00062341
7,12,1.05433,0.00230594,-0.000774228
7,13,1.0535,0.00240515,-0.000968839
7,14,1.05261,0.00249674,-0.00120596
7,15,1.05166,0.00257628,-0.00148866
7,16,1.05066,0.00264281,-0.00181266
7,17,1.04961,0.00269728,-0.00217908
7,18,1.04851,0.00274148,-0.0025831
7,19,1.04736,0.00277731,-0.00302534
7,20,1.04616,0.00280647,-0.00350121
7,21,1.04491,0.00283027,-0.00401109
7,22,1.04363,0.0028497,-0.0045506
7,23,1.0423,0.00286543,-0.00511975
7,24,1.04095,0.00287791,-0.0057143
7,25,1.03956,0.00288739,-0.00633374
7,26,1.03815,0.00289402,-0.00697387
7,27,1.03671,0.0028978,-0.00763364
7,28,1.03526,0.00289865,-0.00830887
7,29,1.03379,0.00289641,-0.00899795
7,30,1.03231,0.00289082,-0.00969674
7,31,1.03083,0.00288157,-0.0104031
7,32,1.02935,0.00286827,-0.0111131
7,33,1.02787,0.00285048,-0.011824
7,34,1.02641,0.00282772,-0.012532
7,35,1.02495,0.00279948,-0.0132341
7,36,1.02352,0.00276523,-0.0139266
7,37,1.0221,0.00272443,-0.0146065
7,38,1.02071,0.00267657,-0.0152701
7,39,1.01934,0.00262117,-0.0159145
7,40,1.01801,0.00255776,-0.0165365
7,41,1.01671,0.00248593,-0.0171331
7,42,1.01544,0.00240534,-0.0177016
7,43,1.01421,0.00231568,-0.0182394
7,44,1.01301,0.00221674,-0.0187442
7,45,1.01185,0.00210835,-0.0192139
7,46,1.01073,0.00199044,-0.0196468
7,47,1.00965,0.00186302,-0.0200412
7,48,1.00861,0.00172614,-0.0203963
7,49,1.0076,0.00157998,-0.0207107
7,50,1.00662,0.00142476,-0.0209843
7,51,1.00568,0.00126079,-0.0212163
7,52,1.00477,0.00108846,-0.0214073
7,53,1.00389,0.000908232,-0.0215569
7,54,1.00303,0.00072063,-0.0216664
7,55,1.0022,0.000526252,-0.021736
7,56,1.00139,0.000325757,-0.0217674
7,57,1.0006,0.000119863,-0.0217611
7,58,0.999832,-9.06557e-05,-0.0217194
7,59,0.999073,-0.000304976,-0.0216432
7,60,0.998325,-0.000522232,-0.0215351
7,61,0.997585,-0.000741514,-0.0213963
7,62,0.996852,-0.000961881,-0.0212298
7,63,0.996121,-0.00118236,-0.0210368
7,64,0.995393,-0.00140196,-0.0208205
7,65,0.994663,-0.00161967,-0.0205824
7,66,0.99393,-0.00183446,-0.0203257
7,67,0.993193,-0.00204531,-0.0200519
7,68,0.99245,-0.00225118,-0.0197642
7,69,0.9917,-0.00245107,-0.0194641
7,70,0.990941,-0.00264397,-0.0191548
7,71,0.990173,-0.00282889,-0.0188375
7,72,0.989395,-0.00300488,-0.0185153
7,73,0.988607,-0.00317101,-0.0181891
7,74,0.987809,-0.00332642,-0.0178619
7,75,0.987,-0.00347027,-0.0175342
7,76,0.986181,-0.00360178,-0.0172087
7,77,0.985353,-0.00372025,-0.0168855
7,78,0.984517,-0.00382504,-0.016567
7,79,0.983672,-0.00391557,-0.0162527
7,80,0.982822,-0.00399136,-0.0159448
7,81,0.981965,-0.00405201,-0.0156423
7,82,0.981106,-0.00409721,-0.015347
7,83,0.980243,-0.00412674,-0.0150573
7,84,0.979381,-0.00414047,-0.0147749
7,85,0.978519,-0.0041384,-0.0144976
7,86,0.977661,-0.0041206,-0.0142268
7,87,0.976807,-0.00408724,-0.01396
7,88,0.975961,-0.00403861,-0.0136985
7,89,0.975122,-0.00397508,-0.0134394
7,90,0.974294,-0.00389713,-0.013184
7,91,0.973478,-0.00380532,-0.0129292
7,92,0.972676,-0.00370032,-0.0126763
7,93,0.971888,-0.00358287,-0.0124223
7,94,0.971117,-0.00345379,-0.0121687
7,95,0.970364,-0.00331399,-0.0119121
7,96,0.96963,-0.00316446,-0.0116546
7,97,0.968916,-0.00300622,-0.0113928
7,98,0.968222,-0.00284039,-0.011129
7,99,0.96755,-0.00266812,-0.0108599
7,100,0.9669,-0.0024906,-0.0105883
7,101,0.966273,-0.00230904,-0.0103107
7,102,0.965669,-0.00212463,-0.0100302
7,103,0.965089,-0.00193857,-0.0097435
7,104,0.964532,-0.00175195,-0.00945401
7,105,0.963998,-0.0015658,-0.00915818
7,106,0.963489,-0.00138097,-0.00885998
7,107,0.963003,-0.00119816,-0.0085557
7,108,0.962542,-0.00101792,-0.00824973
7,109,0.962104,-0.000840642,-0.00793828
7,110,0.961689,-0.00066678,-0.00762606
7,111,0.961299,-0.000497035,-0.00730901
7,112,0.960932,-0.000332746,-0.00699183
7,113,0.960588,-0.000176374,-0.00666954
7,114,0.960268,-3.20457e-05,-0.00634584
7,115,0.959971,9.3961e-05,-0.00601354
7,116,0.959697,0.000192989,-0.00567362
7,117,0.959445,0.000254242,-0.00531488
7,118,0.959217,0.000265727,-0.00493396
7,119,0.95901,0.000216048,-0.00451487
7,120,0.958825,9.71273e-05,-0.00405065
7,121,0.95866,-9.20099e-05,-0.00352413
7,122,0.958515,-0.000339917,-0.00293276
7,123,0.958387,-0.000614476,-0.00227309
7,124,0.958275,-0.000850415,-0.00157053
7,125,0.958177,-0.000935019,-0.000867876
7,126,0.958092,-0.000710991,-0.000254278
7,127,1,-0.00343474,0
8,0,1,0,0
8,1,1.05928,0.000601669,0.000150852
8,2,1.0591,0.00205167,0.000249704
8,3,1.05886,0.00262498,0.00014798
8,4,1.05857,0.00263057,-4.69701e-05
8,5,1.05822,0.00237523,-0.00026583
8,6,1.05781,0.00207024,-0.000467265
8,7,1.05735,0.00182863,-0.000646008
8,8,1.05682,0.00169144,-0.000806516
8,9,1.05623,0.0016565,-0.000967565
8,10,1.05559,0.00170083,-0.00114167
8,11,1.05488,0.00179576,-0.00134536
8,12,1.05412,0.00191554,-0.00158437
8,13,1.05331,0.00204123,-0.00186715
8,14,1.05243,0.00216116,-0.00219275
8,15,1.0515,0.00226979,-0.0025644
8,16,1.05052,0.00236574,-0.00297813
8,17,1.04948,0.00245006,-0.0034351
8,18,1.04839,0.00252486,-0.00393067
8,19,1.04725,0.00259243,-0.00446536
8,20,1.04607,0.0026548,-0.00503461
8,21,1.04484,0.00271356,-0.00563861
8,22,1.04357,0.00276988,-0.00627294
8,23,1.04227,0.00282454,-0.00693733
8,24,1.04093,0.00287799,-0.00762746
8,25,1.03955,0.00293046,-0.0083425
8,26,1.03815,0.00298201,-0.00907812
8,27,1.03673,0.0030325,-0.00983294
8,28,1.03529,0.00308168,-0.0106026
8,29,1.03383,0.00312919,-0.0113853
8,30,1.03237,0.00317453,-0.0121765
8,31,1.0309,0.00321712,-0.0129739
8,32,1.02943,0.00325628,-0.0137732
8,33,1.02796,0.00329124,-0.0145715
8,34,1.0265,0.00332119,-0.0153648
8,35,1.02505,0.00334528,-0.0161497
8,36,1.02362,0.00336262,-0.0169224
8,37,1.02221,0.00337234,-0.0176795
8,38,1.02082,0.00337356,-0.0184174
8,39,1.01946,0.00336546,-0.0191325
8,40,1.01812,0.00334725,-0.0198218
8,41,1.01682,0.00331823,-0.0204819
8,42,1.01555,0.00327775,-0.02111
8,43,1.01431,0.00322527,-0.0217033
8,44,1.01311,0.00316033,-0.0222595
8,45,1.01195,0.00308259,-0.0227761
8,46,1.01082,0.00299179,-0.0232515
8,47,1.00973,0.00288781,-0.0236839
8,48,1.00868,0.00277063,-0.0240722
8,49,1.00766,0.00264034,-0.0244152
8,50,1.00667,0.00249716,-0.0247126
8,51,1.00572,0.0023414,-0.0249636
8,52,1.0048,0.00217349,-0.0251687
8,53,1.0039,0.00199397,-0.0253277
8,54,1.00304,0.00180345,-0.0254417
8,55,1.0022,0.00160268,-0.0255109
8,56,1.00138,0.00139246,-0.0255371
8,57,1.00057,0.00117369,-0.0255209
8,58,0.99979,0.000947333,-0.0254647
8,59,0.999021,0.000714432,-0.0253693
8,60,0.998262,0.000476081,-0.0252375
8,61,0.997513,0.00023343,-0.0250707
8,62,0.996771,-1.23262e-05,-0.0248717
8,63,0.996033,-0.000259955,-0.0246421
8,64,0.995297,-0.000508194,-0.0243851
8,65,0.994561,-0.000755756,-0.0241023
8,66,0.993824,-0.00100134,-0.023797
8,67,0.993083,-0.00124363,-0.023471
8,68,0.992337,-0.00148131,-0.0231276
8,69,0.991586,-0.00171308,-0.0227684
8,70,0.990826,-0.00193765,-0.0223968
8,71,0.990059,-0.00215373,-0.0220141
8,72,0.989283,-0.00236009,-0.0216236
8,73,0.988497,-0.00255551,-0.0212265
8,74,0.987702,-0.00273884,-0.0208258
8,75,0.986898,-0.00290896,-0.0204223
8,76,0.986085,-0.00306485,-0.0200189
8,77,0.985263,-0.00320553,-0.0196158
8,78,0.984433,-0.00333011,-0.0192157
8,79,0.983595,-0.0034378,-0.0188184
8,80,0.982752,-0.00352792,-0.0184261
8,81,0.981904,-0.00359987,-0.0180381
8,82,0.981052,-0.00365319,-0.0176565
8,83,0.980198,-0.00368756,-0.0172799
8,84,0.979344,-0.00370276,-0.0169101
8,85,0.97849,-0.00369872,-0.0165452
8,86,0.97764,-0.00367554,-0.016187
8,87,0.976795,-0.00363341,-0.015833
8,88,0.975955,-0.00357272,-0.0154848
8,89,0.975125,-0.00349397,-0.0151398
8,90,0.974304,-0.00339782,-0.0147994
8,91,0.973494,-0.00328506,-0.0144609
8,92,0.972698,-0.00315662,-0.0141256
8,93,0.971917,-0.00301356,-0.0137908
8,94,0.971152,-0.00285704,-0.0134581
8,95,0.970405,-0.00268835,-0.0131244
8,96,0.969676,-0.00250887,-0.0127918
8,97,0.968967,-0.00232003,-0.0124573
8,98,0.968278,-0.00212338,-0.0121231
8,99,0.967611,-0.00192047,-0.0117861
8,100,0.966966,-0.0017129,-0.0114492
8,101,0.966343,-0.00150226,-0.011109
8,102,0.965744,-0.00129011,-0.0107688
8,103,0.965167,-0.00107793,-0.0104251
8,104,0.964615,-0.000867088,-0.0100814
8,105,0.964086,-0.000658799,-0.00973438
8,106,0.963581,-0.000454064,-0.00938773
8,107,0.9631,-0.000253657,-0.00903792
8,108,0.962643,-5.81303e-05,-0.00868909
8,109,0.96221,0.000132109,-0.00833753
8,110,0.961801,0.000316634,-0.00798763
8,111,0.961415,0.000494697,-0.00763531
8,112,0.961052,0.000664793,-0.00728484
8,113,0.960713,0.000824081,-0.00693114
8,114,0.960398,0.000967762,-0.00657734
8,115,0.960105,0.00108853,-0.00621609
8,116,0.959835,0.00117631,-0.00584777
8,117,0.959587,0.00121863,-0.00546111
8,118,0.959361,0.00120176,-0.00505238
8,119,0.959157,0.00111299,-0.00460594
8,120,0.958974,0.000944107,-0.0041152
8,121,0.958811,0.000696413,-0.00356451
8,122,0.958666,0.000387852,-0.00295307
8,123,0.95854,6.34435e-05,-0.00227994
8,124,0.958429,-0.000190318,-0.00157224
8,125,0.958335,-0.000231191,-0.000871776
8,126,0.958255,0.000126916,-0.00025686
8,127,1,-0.00343474,0
9,0,1,0,0
9,1,1.05897,0.00161666,0.0001292
9,2,1.0588,0.00332425,0.000208697
9,3,1.05858,0.00404116,7.8131e-05
9,4,1.05829,0.00410202,-0.000153864
9,5,1.05795,0.00384844,-0.000419098
9,6,1.05755,0.00352251,-0.000676839
9,7,1.05709,0.0032584,-0.000919341
9,8,1.05657,0.0031083,-0.00114871
9,9,1.056,0.00307348,-0.00138172
9,10,1.05537,0.00312974,-0.00162968
9,11,1.05468,0.00324497,-0.00190818
9,12,1.05393,0.00338959,-0.00222271
9,13,1.05313,0.00354126,-0.0025815
9,14,1.05227,0.00368581,-0.0029838
9,15,1.05135,0.00381599,-0.00343285
9,16,1.05038,0.00392939,-0.00392493
9,17,1.04936,0.00402646,-0.00446122
9,18,1.04829,0.00410899,-0.00503723
9,19,1.04717,0.00417912,-0.00565338
9,20,1.04601,0.00423882,-0.00630518
9,21,1.0448,0.00428968,-0.00699259
9,22,1.04354,0.00433286,-0.00771117
9,23,1.04225,0.00436918,-0.00846038
9,24,1.04093,0.00439917,-0.00923579
9,25,1.03957,0.00442311,-0.0100362
9,26,1.03818,0.00444116,-0.0108573
9,27,1.03677,0.00445331,-0.0116972
9,28,1.03535,0.00445942,-0.0125515
9,29,1.0339,0.00445926,-0.0134178
9,30,1.03245,0.0044525,-0.0142917
9,31,1.03099,0.00443872,-0.0151703
9,32,1.02953,0.00441742,-0.0160492
9,33,1.02807,0.00438803,-0.0169252
9,34,1.02661,0.00434993,-0.0177939
9,35,1.02517,0.0043025,-0.0186518
9,36,1.02374,0.00424508,-0.0194948
9,37,1.02233,0.00417705,-0.0203192
9,38,1.02094,0.00409779,-0.0211212
9,39,1.01958,0.00400675,-0.0218972
9,40,1.01824,0.00390345,-0.0226437
9,41,1.01694,0.00378746,-0.0233573
9,42,1.01566,0.00365845,-0.0240351
9,43,1.01442,0.00351618,-0.0246741
9,44,1.01321,0.00336049,-0.0252718
9,45,1.01204,0.00319135,-0.0258258
9,46,1.0109,0.00300881,-0.0263343
9,47,1.0098,0.00281303,-0.0267954
9,48,1.00874,0.00260427,-0.0272081
9,49,1.0077,0.00238291,-0.0275711
9,50,1.00671,0.0021494,-0.027884
9,51,1.00574,0.00190431,-0.0281463
9,52,1.00481,0.00164828,-0.0283582
9,53,1.0039,0.00138206,-0.0285197
9,54,1.00302,0.00110648,-0.028632
9,55,1.00216,0.000822443,-0.0286953
9,56,1.00133,0.000530922,-0.0287115
9,57,1.00051,0.000232967,-0.0286812
9,58,0.999718,-7.03133e-05,-0.028607
9,59,0.998936,-0.000377754,-0.0284899
9,60,0.998167,-0.000688143,-0.0283326
9,61,0.997408,-0.00100022,-0.0281366
9,62,0.996656,-0.0013127,-0.0279051
9,63,0.99591,-0.00162427,-0.0276396
9,64,0.995167,-0.00193357,-0.0273435
9,65,0.994425,-0.00223926,-0.0270186
9,66,0.993683,-0.00253997,-0.0266684
9,67,0.992938,-0.00283435,-0.0262946
9,68,0.99219,-0.00312105,-0.0259007
9,69,0.991436,-0.00339873,-0.0254886
9,70,0.990677,-0.00366608,-0.0250617
9,71,0.98991,-0.00392183,-0.0246216
9,72,0.989136,-0.00416475,-0.0241717
9,73,0.988354,-0.00439364,-0.0237132
9,74,0.987563,-0.00460739,-0.0232494
9,75,0.986763,-0.00480494,-0.0227812
9,76,0.985956,-0.00498529,-0.0223116
9,77,0.98514,-0.00514755,-0.0218412
9,78,0.984317,-0.00529091,-0.0213725
9,79,0.983488,-0.00541463,-0.0209056
9,80,0.982652,-0.00551812,-0.020443
9,81,0.981813,-0.00560087,-0.0199841
9,82,0.98097,-0.0056625,-0.0195309
9,83,0.980125,-0.00570272,-0.0190826
9,84,0.97928,-0.00572142,-0.0186408
9,85,0.978436,-0.00571856,-0.0182041
9,86,0.977595,-0.00569426,-0.017774
9,87,0.976758,-0.00564877,-0.0173487
9,88,0.975928,-0.00558246,-0.0169296
9,89,0.975106,-0.00549584,-0.0165145
9,90,0.974293,-0.00538954,-0.0161047
9,91,0.973492,-0.00526432,-0.0156978
9,92,0.972704,-0.00512105,-0.0152952
9,93,0.97193,-0.00496075,-0.0148945
9,94,0.971172,-0.00478451,-0.0144971
9,95,0.970431,-0.00459357,-0.0141005
9,96,0.969709,-0.00438925,-0.0137065
9,97,0.969006,-0.00417297,-0.0133124
9,98,0.968323,-0.00394625,-0.0129205
9,99,0.967662,-0.00371066,-0.0125278
9,100,0.967022,-0.00346784,-0.0121371
9,101,0.966405,-0.00321947,-0.0117454
9,102,0.965811,-0.0029672,-0.0113555
9,103,0.96524,-0.00271269,-0.0109646
9,104,0.964693,-0.00245747,-0.0105759
9,105,0.964169,-0.00220298,-0.010186
9,106,0.963669,-0.00195044,-0.00979875
9,107,0.963194,-0.00170091,-0.00941062
9,108,0.962742,-0.00145521,-0.00902552
9,109,0.962314,-0.00121413,-0.00863988
9,110,0.961909,-0.000978501,-0.00825777
9,111,0.961529,-0.000749673,-0.00787521
9,112,0.961171,-0.000529956,-0.00749603
9,113,0.960838,-0.000323321,-0.00711521
9,114,0.960527,-0.000136112,-0.00673541
9,115,0.960239,2.23448e-05,-0.00634933
9,116,0.959974,0.000139517,-0.00595697
9,117,0.959731,0.000200156,-0.00554726
9,118,0.959509,0.000187833,-0.00511638
9,119,0.95931,8.78251e-05,-0.00464938
9,120,0.95913,-0.000108414,-0.00414023
9,121,0.958971,-0.000396901,-0.00357467
9,122,0.958831,-0.000752274,-0.00295313
9,123,0.958709,-0.00111551,-0.00227628
9,124,0.958603,-0.00137868,-0.00157062
9,125,0.958513,-0.00137325,-0.000874925
9,126,0.95844,-0.000890726,-0.000262708
9,127,1,-0.00343474,0
10,0,1,0,0
10,1,1.05863,0.00093494,0.000120503
10,2,1.05846,0.00289586,0.0001681
10,3,1.05824,0.00375764,1.75088e-05
10,4,1.05796,0.00387328,-0.00023892
10,5,1.05762,0.00361773,-0.00053752
10,6,1.05723,0.0032644,-0.000836835
10,7,1.05679,0.00296999,-0.00112807
10,8,1.05628,0.0027993,-0.00141194
10,9,1.05572,0.00275819,-0.0017034
10,10,1.0551,0.00282184,-0.00201256
10,11,1.05442,0.00295516,-0.00235399
10,12,1.05369,0.00312505,-0.00273274
10,13,1.0529,0.00330624,-0.00315664
10,14,1.05206,0.00348254,-0.003625
10,15,1.05116,0.00364555,-0.00414094
10,16,1.05021,0.00379243,-0.00470094
10,17,1.0492,0.00392358,-0.0053061
10,18,1.04815,0.00404098,-0.0059521
10,19,1.04705,0.004147,-0.0066392
10,20,1.0459,0.00424382,-0.00736299
10,21,1.0447,0.0043332,-0.00812319
10,22,1.04347,0.0044164,-0.00891536
10,23,1.04219,0.00449425,-0.00973864
10,24,1.04089,0.00456725,-0.0105885
10,25,1.03954,0.00463562,-0.0114635
10,26,1.03817,0.00469938,-0.0123591
10,27,1.03678,0.00475835,-0.013273
10,28,1.03537,0.00481223,-0.0142008
10,29,1.03394,0.00486057,-0.0151396
10,30,1.03249,0.00490278,-0.0160848
10,31,1.03105,0.00493818,-0.0170332
10,32,1.02959,0.00496597,-0.0179802
10,33,1.02814,0.00498527,-0.0189222
10,34,1.0267,0.00499517,-0.0198547
10,35,1.02526,0.0049947,-0.0207738
10,36,1.02384,0.00498287,-0.0216753
10,37,1.02243,0.00495872,-0.0225552
10,38,1.02105,0.00492135,-0.0234096
10,39,1.01969,0.00486988,-0.0242346
10,40,1.01835,0.00480353,-0.0250267
10,41,1.01704,0.00472162,-0.0257824
10,42,1.01576,0.00462357,-0.0264985
10,43,1.01452,0.00450893,-0.027172
10,44,1.0133,0.00437736,-0.0278004
10,45,1.01212,0.00422869,-0.0283813
10,46,1.01098,0.00406283,-0.0289128
10,47,1.00987,0.00387988,-0.029393
10,48,1.00879,0.00368006,-0.029821
10,49,1.00775,0.00346371,-0.0301954
10,50,1.00674,0.00323133,-0.030516
10,51,1.00576,0.00298353,-0.0307821
10,52,1.00481,0.00272106,-0.0309944
10,53,1.00389,0.00244476,-0.0311527
10,54,1.003,0.00215562,-0.0312582
10,55,1.00213,0.0018547,-0.0313114
10,56,1.00128,0.00154317,-0.0313142
10,57,1.00045,0.00122229,-0.0312675
10,58,0.999641,0.0008934,-0.0311737
10,59,0.998847,0.000557893,-0.0310341
10,60,0.998066,0.000217238,-0.0308516
10,61,0.997296,-0.000127049,-0.0306278
10,62,0.996534,-0.000473409,-0.0303658
10,63,0.995779,-0.000820248,-0.0300676
10,64,0.995028,-0.00116595,-0.0297364
10,65,0.99428,-0.00150887,-0.0293743
10,66,0.993532,-0.00184737,-0.0289847
10,67,0.992783,-0.00217981,-0.0285697
10,68,0.992032,-0.00250453,-0.0281329
10,69,0.991277,-0.00281993,-0.0276761
10,70,0.990517,-0.0031244,-0.027203
10,71,0.989752,-0.00341637,-0.0267151
10,72,0.98898,-0.00369432,-0.0262161
10,73,0.9882,-0.00395679,-0.0257073
10,74,0.987414,-0.00420235,-0.025192
10,75,0.98662,-0.00442968,-0.0246714
10,76,0.985819,-0.0046375,-0.0241483
10,77,0.98501,-0.00482465,-0.0236236
10,78,0.984195,-0.00499008,-0.0230999
10,79,0.983374,-0.00513281,-0.0225774
10,80,0.982548,-0.00525204,-0.0220586
10,81,0.981718,-0.00534705,-0.0215432
10,82,0.980885,-0.0054173,-0.0210332
10,83,0.98005,-0.0054624,-0.0205279
10,84,0.979215,-0.00548209,-0.020029
10,85,0.978381,-0.00547631,-0.0195354
10,86,0.97755,-0.00544516,-0.0190485
10,87,0.976723,-0.00538892,-0.0185667
10,88,0.975903,-0.00530805,-0.0180914
10,89,0.97509,-0.00520318,-0.0176207
10,90,0.974286,-0.00507513,-0.0171559
10,91,0.973494,-0.0049249,-0.0166948
10,92,0.972714,-0.00475364,-0.0162389
10,93,0.971948,-0.00456269,-0.0157857
10,94,0.971198,-0.00435353,-0.0153369
10,95,0.970464,-0.00412779,-0.0148901
10,96,0.969749,-0.00388722,-0.014447
10,97,0.969052,-0.0036337,-0.0140052
10,98,0.968376,-0.0033692,-0.0135669
10,99,0.967721,-0.00309577,-0.0131293
10,100,0.967088,-0.0028155,-0.0126951
10,101,0.966477,-0.00253049,-0.0122614
10,102,0.965888,-0.00224282,-0.0118312
10,103,0.965323,-0.0019545,-0.0114016
10,104,0.964782,-0.00166737,-0.0109756
10,105,0.964264,-0.00138313,-0.0105504
10,106,0.96377,-0.00110321,-0.0101291
10,107,0.9633,-0.000828793,-0.00970883
10,108,0.962855,-0.000560807,-0.00929303
10,109,0.962432,-0.000300071,-0.00887837
10,110,0.962034,-4.75151e-05,-0.0084686
10,111,0.961659,0.00019541,-0.00805989
10,112,0.961308,0.000426152,-0.00765574
10,113,0.96098,0.000640312,-0.00725125
10,114,0.960675,0.000830861,-0.00684874
10,115,0.960392,0.000987486,-0.0064411
10,116,0.960132,0.00109639,-0.0060281
10,117,0.959894,0.00114089,-0.00559909
10,118,0.959677,0.00110325,-0.00515033
10,119,0.959482,0.000968028,-0.00466769
10,120,0.959306,0.000727283,-0.00414565
10,121,0.959151,0.000388032,-0.00357125
10,122,0.959014,-1.75782e-05,-0.00294555
10,123,0.958895,-0.000418634,-0.00226982
10,124,0.958794,-0.00068962,-0.00156994
10,125,0.958711,-0.000640337,-0.000881882
10,126,0.958646,-4.58774e-05,-0.000266933
10,127,1,-0.00343474,0
11,0,1,0,0
11,1,1.05827,0.00191463,9.65549e-05
11,2,1.05812,0.00411796,0.00012892
11,3,1.05791,0.00512679,-3.94305e-05
11,4,1.05764,0.00531153,-0.000315553
11,5,1.05731,0.00507484,-0.000638573
11,6,1.05693,0.0047167,-0.000969835
11,7,1.0565,0.00441314,-0.00129971
11,8,1.056,0.00423982,-0.00162775
11,9,1.05545,0.0042065,-0.00196748
11,10,1.05485,0.00428782,-0.00232799
11,11,1.05418,0.00444594,-0.00272279
11,12,1.05347,0.00464445,-0.00315645
11,13,1.05269,0.00485513,-0.00363631
11,14,1.05187,0.00505949,-0.00416163
11,15,1.05099,0.00524756,-0.00473535
11,16,1.05005,0.00541545,-0.00535408
11,17,1.04907,0.00556294,-0.00601881
11,18,1.04803,0.00569161,-0.00672534
11,19,1.04695,0.00580361,-0.00747378
11,20,1.04581,0.00590099,-0.00825976
11,21,1.04464,0.0059854,-0.00908279
11,22,1.04342,0.00605806,-0.00993839
11,23,1.04216,0.00611978,-0.0108254
11,24,1.04087,0.00617108,-0.0117393
11,25,1.03954,0.00621222,-0.0126782
11,26,1.03819,0.00624328,-0.0136374
11,27,1.03681,0.00626419,-0.0146144
11,28,1.03541,0.00627474,-0.0156044
11,29,1.03399,0.00627461,-0.0166044
11,30,1.03256,0.00626338,-0.0176096
11,31,1.03112,0.00624052,-0.0186163
11,32,1.02968,0.00620544,-0.0196198
11,33,1.02823,0.00615748,-0.0206162
11,34,1.02679,0.00609592,-0.0216008
11,35,1.02536,0.00602008,-0.0225694
11,36,1.02394,0.00592923,-0.0235178
11,37,1.02254,0.00582272,-0.0244417
11,38,1.02115,0.00569994,-0.025337
11,39,1.01979,0.00556036,-0.0261998
11,40,1.01845,0.00540355,-0.0270264
11,41,1.01714,0.00522919,-0.0278132
11,42,1.01585,0.00503707,-0.0285571
11,43,1.0146,0.00482711,-0.029255
11,44,1.01338,0.00459935,-0.0299045
11,45,1.01219,0.00435396,-0.0305029
11,46,1.01103,0.00409126,-0.0310486
11,47,1.00991,0.00381167,-0.0315397
11,48,1.00882,0.00351574,-0.0319754
11,49,1.00776,0.00320415,-0.0323542
11,50,1.00674,0.00287767,-0.0326763
11,51,1.00575,0.00253719,-0.0329408
11,52,1.00478,0.00218372,-0.0331485
11,53,1.00385,0.00181833,-0.0332995
11,54,1.00294,0.00144222,-0.0333951
11,55,1.00205,0.00105662,-0.0334358
11,56,1.00119,0.00066289,-0.0334237
11,57,1.00035,0.000262419,-0.0333597
11,58,0.999525,-0.000143326,-0.0332465
11,59,0.998718,-0.00055283,-0.0330855
11,60,0.997925,-0.000964531,-0.0328796
11,61,0.997144,-0.00137683,-0.0326305
11,62,0.996372,-0.0017881,-0.0323416
11,63,0.995608,-0.00219668,-0.0320147
11,64,0.994849,-0.00260091,-0.0316534
11,65,0.994094,-0.00299913,-0.0312598
11,66,0.993341,-0.00338965,-0.0308374
11,67,0.992589,-0.00377083,-0.0303883
11,68,0.991835,-0.00414102,-0.0299163
11,69,0.991079,-0.00449862,-0.0294232
11,70,0.990319,-0.00484205,-0.0289128
11,71,0.989555,-0.00516978,-0.0283867
11,72,0.988785,-0.00548035,-0.0278486
11,73,0.98801,-0.00577233,-0.0273
11,74,0.987228,-0.00604439,-0.0267441
11,75,0.98644,-0.00629528,-0.0261821
11,76,0.985645,-0.00652384,-0.0256172
11,77,0.984845,-0.00672899,-0.0250501
11,78,0.984038,-0.00690978,-0.0244835
11,79,0.983226,-0.00706537,-0.0239177
11,80,0.98241,-0.00719505,-0.0233552
11,81,0.981589,-0.00729822,-0.0227959
11,82,0.980767,-0.00737444,-0.0222417
11,83,0.979943,-0.0074234,-0.0216921
11,84,0.979118,-0.00744495,-0.0211489
11,85,0.978295,-0.00743908,-0.0206109
11,86,0.977475,-0.00740594,-0.0200797
11,87,0.976659,-0.00734583,-0.0195539
11,88,0.975849,-0.00725924,-0.0190348
11,89,0.975047,-0.00714676,-0.0185207
11,90,0.974253,-0.0070092,-0.0180128
11,91,0.973471,-0.00684748,-0.0175092
11,92,0.9727,-0.00666269,-0.0170112
11,93,0.971944,-0.00645608,-0.0165167
11,94,0.971202,-0.00622903,-0.0160273
11,95,0.970477,-0.00598308,-0.0155406
11,96,0.96977,-0.00571989,-0.0150585
11,97,0.969082,-0.00544126,-0.0145785
11,98,0.968413,-0.00514909,-0.0141029
11,99,0.967765,-0.0048454,-0.0136292
11,100,0.967139,-0.00453227,-0.0131597
11,101,0.966535,-0.00421184,-0.0126919
11,102,0.965953,-0.00388626,-0.0122285
11,103,0.965395,-0.00355764,-0.011767
11,104,0.96486,-0.003228,-0.0113101
11,105,0.964348,-0.00289921,-0.0108552
11,106,0.963861,-0.00257293,-0.0104054
11,107,0.963397,-0.00225062,-0.0099577
11,108,0.962957,-0.00193351,-0.00951558
11,109,0.962541,-0.0016228,-0.00907582
11,110,0.962149,-0.00131991,-0.00864194
11,111,0.961781,-0.00102689,-0.00821027
11,112,0.961435,-0.000747151,-0.00778406
11,113,0.961113,-0.000486214,-0.0073586
11,114,0.960814,-0.000252612,-0.00693598
11,115,0.960537,-5.85562e-05,-0.00650938
11,116,0.960283,7.98952e-05,-0.00607848
11,117,0.960051,0.000143616,-0.00563314
11,118,0.95984,0.000112584,-0.00516976
11,119,0.95965,-3.01568e-05,-0.00467507
11,120,0.959481,-0.000292395,-0.00414397
11,121,0.959332,-0.000664185,-0.00356446
11,122,0.959201,-0.00110633,-0.00293791
11,123,0.959089,-0.0015356,-0.00226601
11,124,0.958995,-0.00180896,-0.00157256
11,125,0.958918,-0.00171722,-0.000889669
11,126,0.958861,-0.00102401,-0.000275261
11,127,1,-0.00343474,0
12,0,1,0,0
12,1,1.05789,0.00123697,8.70972e-05
12,2,1.05773,0.00367268,8.58553e-05
12,3,1.05752,0.0048251,-9.88588e-05
12,4,1.05726,0.00507573,-0.000391059
12,5,1.05695,0.00485316,-0.000735264
12,6,1.05658,0.00448401,-0.00109308
12,7,1.05615,0.00416454,-0.001455
12,8,1.05567,0.00398229,-0.00182018
12,9,1.05514,0.00395168,-0.00220096
12,10,1.05454,0.00404727,-0.00260558
12,11,1.0539,0.00422887,-0.00304656
12,12,1.05319,0.0044572,-0.00352801
12,13,1.05244,0.00470153,-0.00405671
12,14,1.05163,0.00494167,-0.00463182
12,15,1.05076,0.00516668,-0.00525603
12,16,1.04984,0.00537223,-0.00592605
12,17,1.04887,0.00555805,-0.0066427
12,18,1.04786,0.00572578,-0.00740187
12,19,1.04679,0.00587772,-0.00820351
12,20,1.04568,0.00601602,-0.00904327
12,21,1.04452,0.0061424,-0.00992044
12,22,1.04332,0.00625808,-0.0108305
12,23,1.04208,0.00636383,-0.011772
12,24,1.0408,0.00646008,-0.0127404
12,25,1.03949,0.00654695,-0.0137334
12,26,1.03815,0.00662437,-0.0147462
12,27,1.03679,0.00669209,-0.0157761
12,28,1.0354,0.00674969,-0.016818
12,29,1.034,0.00679664,-0.0178686
12,30,1.03258,0.00683226,-0.0189229
12,31,1.03116,0.00685577,-0.0199769
12,32,1.02972,0.0068663,-0.0210259
12,33,1.02829,0.0068629,-0.0220655
12,34,1.02686,0.00684458,-0.023091
12,35,1.02544,0.00681032,-0.0240981
12,36,1.02402,0.00675915,-0.0250822
12,37,1.02262,0.00669009,-0.026039
12,38,1.02124,0.00660228,-0.0269644
12,39,1.01988,0.00649491,-0.0278543
12,40,1.01854,0.00636733,-0.028705
12,41,1.01722,0.00621897,-0.0295129
12,42,1.01593,0.00604945,-0.030275
12,43,1.01467,0.00585853,-0.0309879
12,44,1.01345,0.0056461,-0.0316496
12,45,1.01225,0.00541226,-0.0322573
12,46,1.01108,0.00515722,-0.0328095
12,47,1.00995,0.0048814,-0.0333045
12,48,1.00885,0.00458534,-0.0337413
12,49,1.00778,0.00426975,-0.0341189
12,50,1.00674,0.00393547,-0.0344373
12,51,1.00573,0.0035835,-0.034696
12,52,1.00475,0.00321495,-0.0348958
12,53,1.0038,0.00283107,-0.0350368
12,54,1.00288,0.00243319,-0.0351206
12,55,1.00198,0.00202279,-0.0351477
12,56,1.0011,0.0016014,-0.0351204
12,57,1.00024,0.00117066,-0.0350398
12,58,0.999407,0.00073227,-0.0349085
12,59,0.998586,0.000287999,-0.034728
12,60,0.997781,-0.000160335,-0.0345015
12,61,0.996987,-0.000610866,-0.0342307
12,62,0.996205,-0.0010617,-0.033919
12,63,0.995431,-0.00151091,-0.0335684
12,64,0.994665,-0.00195656,-0.0331825
12,65,0.993903,-0.0023967,-0.0327635
12,66,0.993144,-0.0028294,-0.0323149
12,67,0.992388,-0.00325271,-0.031839
12,68,0.991631,-0.00366473,-0.0313393
12,69,0.990874,-0.00406356,-0.0308181
12,70,0.990114,-0.00444735,-0.0302789
12,71,0.989351,-0.00481429,-0.0297235
12,72,0.988585,-0.00516264,-0.0291556
12,73,0.987813,-0.0054907,-0.0285766
12,74,0.987037,-0.00579684,-0.0279898
12,75,0.986255,-0.00607955,-0.0273966
12,76,0.985469,-0.00633738,-0.0268
12,77,0.984676,-0.00656899,-0.0262008
12,78,0.983879,-0.00677318,-0.0256017
12,79,0.983077,-0.00694884,-0.0250032
12,80,0.982271,-0.00709505,-0.0244076
12,81,0.981462,-0.00721099,-0.0238149
12,82,0.980651,-0.00729604,-0.0232271
12,83,0.979838,-0.00734974,-0.0226438
12,84,0.979026,-0.00737181,-0.0220666
12,85,0.978215,-0.00736218,-0.0214947
12,86,0.977406,-0.00732095,-0.0209295
12,87,0.976602,-0.00724846,-0.0203697
12,88,0.975803,-0.00714523,-0.0198167
12,89,0.975012,-0.00701202,-0.0192688
12,90,0.974229,-0.00684977,-0.0187273
12,91,0.973457,-0.00665966,-0.0181905
12,92,0.972696,-0.00644307,-0.0176595
12,93,0.971949,-0.00620157,-0.0171325
12,94,0.971216,-0.00593694,-0.0166108
12,95,0.9705,-0.00565114,-0.0160924
12,96,0.969801,-0.0053463,-0.015579
12,97,0.969121,-0.0050247,-0.0150685
12,98,0.96846,-0.00468874,-0.0145627
12,99,0.967819,-0.00434095,-0.0140595
12,100,0.9672,-0.00398393,-0.0135611
12,101,0.966603,-0.00362028,-0.0130652
12,102,0.966029,-0.00325263,-0.0125743
12,103,0.965477,-0.00288349,-0.0120859
12,104,0.964949,-0.00251524,-0.0116029
12,105,0.964444,-0.00215008,-0.0111227
12,106,0.963963,-0.0017899,-0.0106483
12,107,0.963506,-0.00143634,-0.0101768
12,108,0.963073,-0.00109079,-0.00971162
12,109,0.962663,-0.000754535,-0.00924966
12,110,0.962278,-0.000429095,-0.00879425
12,111,0.961916,-0.000116686,-0.00834196
12,112,0.961577,0.000179053,-0.00789579
12,113,0.961261,0.000452188,-0.00745132
12,114,0.960968,0.000693567,-0.00701046
12,115,0.960698,0.000890114,-0.00656678
12,116,0.96045,0.00102469,-0.00611988
12,117,0.960223,0.00107697,-0.00566022
12,118,0.960018,0.00102591,-0.00518436
12,119,0.959833,0.000854106,-0.00467982
12,120,0.959669,0.000554576,-0.00414182
12,121,0.959524,0.000140232,-0.0035592
12,122,0.959399,-0.000343525,-0.00293334
12,123,0.959292,-0.000803144,-0.00226576
12,124,0.959203,-0.00108126,-0.00157909
12,125,0.959135,-0.000953153,-0.000902563
12,126,0.959085,-0.000175878,-0.000281198
12,127,1,-0.00343474,0
13,0,1,0,0
13,1,1.05749,0.00217668,6.06194e-05
13,2,1.05736,0.004831,4.21525e-05
13,3,1.05716,0.00612465,-0.00016096
13,4,1.05691,0.00644995,-0.000470501
13,5,1.05661,0.00625707,-0.000833504
13,6,1.05625,0.00589535,-0.00121502
13,7,1.05583,0.00557837,-0.00160543
13,8,1.05537,0.00540362,-0.00200342
13,9,1.05484,0.00538921,-0.00242046
13,10,1.05426,0.00550928,-0.0028641
13,11,1.05363,0.00572122,-0.00334597
13,12,1.05294,0.00598279,-0.00386973
13,13,1.0522,0.00626064,-0.00444163
13,14,1.05141,0.00653255,-0.00506071
13,15,1.05056,0.00678612,-0.0057294
13,16,1.04966,0.00701609,-0.00644446
13,17,1.04871,0.00722155,-0.00720652
13,18,1.04771,0.00740374,-0.00801156
13,19,1.04666,0.00756466,-0.00885933
13,20,1.04557,0.00770628,-0.00974553
13,21,1.04443,0.00783017,-0.0106692
13,22,1.04324,0.00793746,-0.0116258
13,23,1.04202,0.00802885,-0.0126136
13,24,1.04076,0.00810475,-0.0136279
13,25,1.03947,0.00816529,-0.0146663
13,26,1.03815,0.00821045,-0.0157238
13,27,1.0368,0.00824003,-0.0167973
13,28,1.03542,0.00825375,-0.0178817
13,29,1.03403,0.00825117,-0.0189734
13,30,1.03262,0.0082318,-0.0200671
13,31,1.03121,0.00819504,-0.0211588
13,32,1.02978,0.00814023,-0.0222434
13,33,1.02836,0.00806667,-0.0233164
13,34,1.02693,0.00797365,-0.0243731
13,35,1.02551,0.00786045,-0.0254088
13,36,1.0241,0.00772642,-0.026419
13,37,1.0227,0.00757095,-0.0273993
13,38,1.02132,0.00739356,-0.0283455
13,39,1.01995,0.00719386,-0.0292536
13,40,1.01861,0.0069716,-0.0301198
13,41,1.01729,0.00672667,-0.0309404
13,42,1.01599,0.00645912,-0.0317127
13,43,1.01472,0.00616915,-0.0324333
13,44,1.01349,0.00585711,-0.0331002
13,45,1.01228,0.00552351,-0.0337107
13,46,1.0111,0.00516901,-0.0342637
13,47,1.00995,0.0047944,-0.0347571
13,48,1.00884,0.00440062,-0.0351906
13,49,1.00775,0.00398871,-0.0355629
13,50,1.0067,0.00355986,-0.0358744
13,51,1.00568,0.00311533,-0.0361245
13,52,1.00468,0.0026565,-0.0363143
13,53,1.00371,0.00218485,-0.0364441
13,54,1.00277,0.00170192,-0.0365153
13,55,1.00186,0.00120933,-0.0365289
13,56,1.00097,0.000708784,-0.0364871
13,57,1.00009,0.000202022,-0.0363911
13,58,0.999243,-0.000309156,-0.0362436
13,59,0.998409,-0.000822908,-0.0360463
13,60,0.997591,-0.00133736,-0.0358022
13,61,0.996786,-0.0018506,-0.0355134
13,62,0.995994,-0.00236072,-0.0351832
13,63,0.995211,-0.00286577,-0.0348137
13,64,0.994437,-0.00336382,-0.0344084
13,65,0.993669,-0.00385294,-0.0339696
13,66,0.992905,-0.00433121,-0.0335009
13,67,0.992145,-0.00479672,-0.0330045
13,68,0.991386,-0.00524762,-0.0324841
13,69,0.990628,-0.00568206,-0.0319418
13,70,0.989869,-0.00609826,-0.0313812
13,71,0.989108,-0.0064945,-0.0308042
13,72,0.988345,-0.00686911,-0.0302142
13,73,0.987578,-0.00722051,-0.0296129
13,74,0.986808,-0.00754719,-0.0290035
13,75,0.986033,-0.00784775,-0.0283873
13,76,0.985253,-0.00812088,-0.0277674
13,77,0.98447,-0.00836538,-0.0271445
13,78,0.983682,-0.00858019,-0.0265215
13,79,0.98289,-0.00876436,-0.0258987
13,80,0.982095,-0.00891709,-0.0252785
13,81,0.981297,-0.00903773,-0.024661
13,82,0.980498,-0.00912578,-0.0240481
13,83,0.979697,-0.0091809,-0.0234394
13,84,0.978897,-0.00920293,-0.0228366
13,85,0.978098,-0.00919186,-0.0222389
13,86,0.977302,-0.00914788,-0.0216477
13,87,0.97651,-0.00907134,-0.021062
13,88,0.975723,-0.0089628,-0.0204828
13,89,0.974944,-0.00882296,-0.0199088
13,90,0.974173,-0.00865276,-0.0193411
13,91,0.973412,-0.00845327,-0.0187782
13,92,0.972662,-0.00822578,-0.0182212
13,93,0.971926,-0.00797174,-0.0176683
13,94,0.971204,-0.0076928,-0.0171209
13,95,0.970498,-0.00739076,-0.016577
13,96,0.969808,-0.0070676,-0.0160383
13,97,0.969137,-0.00672547,-0.0155028
13,98,0.968485,-0.00636665,-0.0149722
13,99,0.967853,-0.00599355,-0.0144447
13,100,0.967242,-0.0056087,-0.0139221
13,101,0.966653,-0.00521467,-0.0134025
13,102,0.966086,-0.00481408,-0.0128882
13,103,0.965541,-0.00440951,-0.012377
13,104,0.96502,-0.00400343,-0.0118714
13,105,0.964523,-0.00359817,-0.0113691
13,106,0.964049,-0.00319582,-0.0108729
13,107,0.963598,-0.00279826,-0.0103803
13,108,0.963172,-0.00240715,-0.00989435
13,109,0.962769,-0.00202417,-0.00941228
13,110,0.96239,-0.00165128,-0.00893717
13,111,0.962034,-0.00129132,-0.00846591
13,112,0.961702,-0.000948729,-0.00800128
13,113,0.961393,-0.000630529,-0.0075392
13,114,0.961107,-0.000347268,-0.00708143
13,115,0.960843,-0.000113776,-0.00662197
13,116,0.960601,5.07453e-05,-0.00616042
13,117,0.960381,0.000123777,-0.00568784
13,118,0.960182,8.22322e-05,-0.0052009
13,119,0.960004,-9.26028e-05,-0.00468788
13,120,0.959847,-0.000407529,-0.0041442
13,121,0.959709,-0.000846959,-0.00355935
13,122,0.959591,-0.00135926,-0.00293456
13,123,0.959492,-0.00184033,-0.00227144
13,124,0.959412,-0.00211879,-0.00159013
13,125,0.959349,-0.00195707,-0.00091588
13,126,0.959307,-0.0011097,-0.000291938
13,127,1,-0.00343474,0
14,0,1,0,0
14,1,1.05708,0.00150383,5.04417e-05
14,2,1.05694,0.00436616,-5.79964e-06
14,3,1.05675,0.00579604,-0.000228017
14,4,1.0565,0.00619149,-0.000554335
14,5,1.05621,0.00602272,-0.000936876
14,6,1.05586,0.00566175,-0.00134098
14,7,1.05546,0.00534025,-0.00175757
14,8,1.055,0.00516656,-0.00218549
14,9,1.05449,0.00516309,-0.00263539
14,10,1.05393,0.00530403,-0.00311433
14,11,1.05331,0.00554473,-0.00363311
14,12,1.05264,0.00584048,-0.00419503
14,13,1.05191,0.00615583,-0.00480577
14,14,1.05113,0.00646711,-0.00546428
14,15,1.0503,0.0067611,-0.00617267
14,16,1.04942,0.00703219,-0.00692775
14,17,1.04849,0.00727936,-0.00772993
14,18,1.04751,0.00750389,-0.00857527
14,19,1.04648,0.00770786,-0.0094633
14,20,1.0454,0.00789324,-0.0103897
14,21,1.04428,0.0080616,-0.0113534
14,22,1.04311,0.00821399,-0.0123497
14,23,1.04191,0.00835103,-0.0133768
14,24,1.04066,0.00847296,-0.0144297
14,25,1.03939,0.00857977,-0.0155058
14,26,1.03808,0.00867122,-0.0166001
14,27,1.03675,0.00874695,-0.0177091
14,28,1.03539,0.00880643,-0.0188277
14,29,1.03401,0.00884903,-0.0199519
14,30,1.03262,0.008874,-0.0210764
14,31,1.03121,0.00888052,-0.022197
14,32,1.0298,0.00886767,-0.0233084
14,33,1.02838,0.0088345,-0.0244061
14,34,1.02697,0.00878003,-0.0254851
14,35,1.02555,0.00870331,-0.0265407
14,36,1.02415,0.00860342,-0.0275685
14,37,1.02275,0.00847952,-0.0285639
14,38,1.02137,0.00833089,-0.0295227
14,39,1.02,0.00815693,-0.0304409
14,40,1.01866,0.00795718,-0.031315
14,41,1.01734,0.00773138,-0.0321412
14,42,1.01604,0.00747942,-0.0329168
14,43,1.01476,0.00720137,-0.0336387
14,44,1.01352,0.0068975,-0.0343049
14,45,1.0123,0.00656827,-0.0349131
14,46,1.01111,0.00621428,-0.0354618
14,47,1.00996,0.00583636,-0.0359497
14,48,1.00883,0.00543544,-0.0363761
14,49,1.00773,0.00501267,-0.0367402
14,50,1.00666,0.00456929,-0.0370423
14,51,1.00562,0.00410672,-0.0372823
14,52,1.00461,0.00362647,-0.037461
14,53,1.00363,0.0031302,-0.0375791
14,54,1.00267,0.00261963,-0.037638
14,55,1.00174,0.00209661,-0.0376389
14,56,1.00083,0.00156305,-0.0375839
14,57,0.999947,0.00102094,-0.0374745
14,58,0.99908,0.000472317,-0.0373134
14,59,0.998233,-8.07232e-05,-0.0371023
14,60,0.997402,-0.000636047,-0.0368442
14,61,0.996585,-0.00119149,-0.0365414
14,62,0.995782,-0.00174488,-0.036197
14,63,0.99499,-0.00229401,-0.0358133
14,64,0.994208,-0.00283669,-0.0353938
14,65,0.993433,-0.00337072,-0.0349407
14,66,0.992664,-0.00389394,-0.0344576
14,67,0.9919,-0.00440417,-0.0339469
14,68,0.99114,-0.00489929,-0.033412
14,69,0.990381,-0.00537721,-0.0328551
14,70,0.989623,-0.00583589,-0.0322797
14,71,0.988865,-0.00627332,-0.0316878
14,72,0.988105,-0.00668758,-0.0310826
14,73,0.987343,-0.00707681,-0.030466
14,74,0.986579,-0.00743924,-0.029841
14,75,0.985812,-0.00777316,-0.0292091
14,76,0.985041,-0.00807701,-0.0285729
14,77,0.984268,-0.00834931,-0.0279336
14,78,0.98349,-0.00858873,-0.0272937
14,79,0.98271,-0.00879405,-0.0266538
14,80,0.981927,-0.00896423,-0.0260161
14,81,0.981142,-0.00909839,-0.0253807
14,82,0.980355,-0.00919581,-0.0247495
14,83,0.979567,-0.00925597,-0.0241223
14,84,0.97878,-0.00927856,-0.0235005
14,85,0.977995,-0.00926348,-0.0228836
14,86,0.977212,-0.00921083,-0.0222729
14,87,0.976432,-0.00912097,-0.0216674
14,88,0.975658,-0.00899447,-0.0210682
14,89,0.974891,-0.00883217,-0.020474
14,90,0.974132,-0.00863512,-0.019886
14,91,0.973383,-0.00840466,-0.0193026
14,92,0.972644,-0.00814233,-0.018725
14,93,0.971918,-0.00784993,-0.0181515
14,94,0.971206,-0.0075295,-0.0175833
14,95,0.970509,-0.0071833,-0.0170188
14,96,0.969829,-0.00681378,-0.0164594
14,97,0.969167,-0.00642362,-0.0159032
14,98,0.968523,-0.00601563,-0.015352
14,99,0.967899,-0.00559278,-0.0148039
14,100,0.967296,-0.00515814,-0.0142609
14,101,0.966714,-0.00471484,-0.0137209
14,102,0.966154,-0.00426599,-0.0131863
14,103,0.965617,-0.00381463,-0.012655
14,104,0.965103,-0.00336367,-0.0121294
14,105,0.964612,-0.00291577,-0.0116073
14,106,0.964145,-0.00247332,-0.0110915
14,107,0.963702,-0.00203843,-0.0105796
14,108,0.963282,-0.00161293,-0.0100745
14,109,0.962886,-0.00119862,-0.00957371
14,110,0.962514,-0.000797598,-0.00908013
14,111,0.962165,-0.000412837,-0.00859094
14,112,0.96184,-4.9015e-05,-0.00810876
14,113,0.961537,0.000286489,-0.00762988
14,114,0.961257,0.000582576,-0.00715593
14,115,0.961,0.000823651,-0.00668139
14,116,0.960764,0.000989557,-0.00620582
14,117,0.96055,0.00105672,-0.00572088
14,118,0.960357,0.00100116,-0.00522336
14,119,0.960185,0.000803761,-0.00470224
14,120,0.960033,0.00045849,-0.00415305
14,121,0.9599,-1.63678e-05,-0.00356591
14,122,0.959787,-0.000563623,-0.00294184
14,123,0.959693,-0.0010703,-0.00228204
14,124,0.959619,-0.00135361,-0.00160548
14,125,0.959565,-0.00116581,-0.000934651
14,126,0.959531,-0.000263284,-0.000299212
14,127,1,-0.00343474,0
15,0,1,0,0
15,1,1.05666,0.00240392,2.21698e-05
15,2,1.05654,0.00546125,-5.38644e-05
15,3,1.05636,0.00702366,-0.000297738
15,4,1.05613,0.00749489,-0.000643426
15,5,1.05584,0.0073621,-0.00104485
15,6,1.0555,0.00701695,-0.00147088
15,7,1.05511,0.00670667,-0.00191256
15,8,1.05467,0.00654865,-0.00236854
15,9,1.05417,0.00656855,-0.00284895
15,10,1.05362,0.00674002,-0.0033604
15,11,1.05302,0.00701606,-0.00391294
15,12,1.05236,0.00734925,-0.00450953
15,13,1.05165,0.00770171,-0.00515536
15,14,1.05089,0.00804794,-0.00584928
15,15,1.05008,0.00837341,-0.0065931
15,16,1.04922,0.00867161,-0.00738366
15,17,1.0483,0.00894095,-0.00822117
15,18,1.04734,0.00918227,-0.00910173
15,19,1.04632,0.00939735,-0.0100247
15,20,1.04526,0.00958794,-0.0109857
15,21,1.04416,0.00975542,-0.0119835
15,22,1.04301,0.00990071,-0.0130133
15,23,1.04182,0.0100243,-0.0140731
15,24,1.0406,0.0101265,-0.015158
15,25,1.03934,0.0102072,-0.016265
15,26,1.03804,0.0102661,-0.0173889
15,27,1.03672,0.0103031,-0.0185262
15,28,1.03538,0.0103176,-0.0196715
15,29,1.03401,0.0103092,-0.0208207
15,30,1.03263,0.0102774,-0.0219685
15,31,1.03123,0.0102214,-0.0231104
15,32,1.02983,0.0101407,-0.024241
15,33,1.02842,0.0100346,-0.0253558
15,34,1.027,0.00990245,-0.0264496
15,35,1.02559,0.00974364,-0.0275179
15,36,1.02419,0.00955766,-0.0285561
15,37,1.02279,0.00934411,-0.0295597
15,38,1.02141,0.00910273,-0.0305245
15,39,1.02004,0.00883339,-0.0314466
15,40,1.01869,0.00853615,-0.0323225
15,41,1.01736,0.00821124,-0.0331487
15,42,1.01605,0.00785907,-0.0339225
15,43,1.01477,0.00748025,-0.0346409
15,44,1.01352,0.00707552,-0.0353022
15,45,1.01229,0.00664584,-0.035904
15,46,1.01109,0.00619228,-0.0364453
15,47,1.00992,0.00571607,-0.0369247
15,48,1.00877,0.00521859,-0.0373419
15,49,1.00766,0.00470132,-0.037696
15,50,1.00658,0.00416584,-0.0379876
15,51,1.00552,0.00361384,-0.0382166
15,52,1.00449,0.00304709,-0.0383842
15,53,1.0035,0.00246744,-0.0384909
15,54,1.00252,0.00187679,-0.0385384
15,55,1.00157,0.00127712,-0.0385278
15,56,1.00065,0.00067043,-0.0384614
15,57,0.99975,5.87801e-05,-0.0383408
15,58,0.99887,-0.000555742,-0.0381686
15,59,0.998009,-0.00117102,-0.0379467
15,60,0.997166,-0.00178493,-0.0376781
15,61,0.996339,-0.00239531,-0.0373649
15,62,0.995526,-0.00300001,-0.0370104
15,63,0.994725,-0.00359688,-0.0366169
15,64,0.993936,-0.00418377,-0.0361877
15,65,0.993155,-0.00475855,-0.0357252
15,66,0.992383,-0.00531912,-0.0352328
15,67,0.991616,-0.00586339,-0.0347129
15,68,0.990854,-0.00638932,-0.0341689
15,69,0.990095,-0.00689491,-0.0336029
15,70,0.989338,-0.00737823,-0.0330184
15,71,0.988583,-0.0078374,-0.0324173
15,72,0.987827,-0.0082706,-0.0318029
15,73,0.987071,-0.00867613,-0.0311768
15,74,0.986313,-0.00905234,-0.0305421
15,75,0.985554,-0.0093977,-0.0299002
15,76,0.984792,-0.00971081,-0.0292538
15,77,0.984027,-0.00999035,-0.028604
15,78,0.98326,-0.0102352,-0.0279531
15,79,0.982491,-0.0104443,-0.0273019
15,80,0.98172,-0.0106167,-0.0266524
15,81,0.980946,-0.0107518,-0.0260048
15,82,0.980172,-0.0108491,-0.025361
15,83,0.979398,-0.010908,-0.0247207
15,84,0.978624,-0.0109286,-0.0240855
15,85,0.977852,-0.0109107,-0.0234547
15,86,0.977082,-0.0108546,-0.0228297
15,87,0.976316,-0.0107607,-0.0222095
15,88,0.975555,-0.0106295,-0.0215952
15,89,0.974801,-0.0104619,-0.0209857
15,90,0.974055,-0.0102589,-0.0203819
15,91,0.973318,-0.0100217,-0.0197825
15,92,0.972591,-0.00975183,-0.0191886
15,93,0.971877,-0.00945084,-0.0185986
15,94,0.971177,-0.00912061,-0.0180137
15,95,0.970491,-0.00876321,-0.0174323
15,96,0.969821,-0.0083809,-0.0168557
15,97,0.969168,-0.00797613,-0.0162823
15,98,0.968534,-0.00755154,-0.0157137
15,99,0.96792,-0.00710991,-0.0151481
15,100,0.967325,-0.00665414,-0.0145873
15,101,0.966752,-0.00618725,-0.0140297
15,102,0.9662,-0.00571227,-0.0134772
15,103,0.965671,-0.00523222,-0.012928
15,104,0.965164,-0.00475,-0.0123843
15,105,0.964681,-0.00426836,-0.0118443
15,106,0.964221,-0.0037898,-0.0113104
15,107,0.963784,-0.00331661,-0.0107806
15,108,0.963371,-0.00285087,-0.0102576
15,109,0.962982,-0.00239469,-0.0097391
15,110,0.962616,-0.00195058,-0.00922793
15,111,0.962274,-0.00152211,-0.00872156
15,112,0.961955,-0.00111468,-0.00822247
15,113,0.961658,-0.000736694,-0.00772732
15,114,0.961385,-0.000400544,-0.00723765
15,115,0.961134,-0.000123449,-0.00674841
15,116,0.960904,7.25221e-05,-0.00625917
15,117,0.960697,0.000161748,-0.00576215
15,118,0.960511,0.000118324,-0.00525424
15,119,0.960345,-7.81106e-05,-0.00472505
15,120,0.9602,-0.000433519,-0.00417021
15,121,0.960076,-0.000927288,-0.00358033
15,122,0.95997,-0.00149682,-0.00295619
15,123,0.959885,-0.00202029,-0.00229901
15,124,0.959818,-0.00230416,-0.0016251
15,125,0.95977,-0.00209348,-0.000952976
15,126,0.959743,-0.00114964,-0.000312069
15,127,1,-0.00343474,0
16,0,1,0,0
16,1,1.05622,0.00173896,1.18665e-05
16,2,1.05609,0.00498147,-0.000105109
16,3,1.05591,0.0066708,-0.00037107
16,4,1.05569,0.00721262,-0.000735564
16,5,1.05541,0.00710964,-0.00115715
16,6,1.05509,0.00677312,-0.0016048
16,7,1.05471,0.00646652,-0.00207027
16,8,1.05428,0.00631706,-0.00255263
16,9,1.05379,0.00635425,-0.00306139
16,10,1.05326,0.0065517,-0.00360283
16,11,1.05267,0.00686059,-0.00418633
16,12,1.05203,0.00723128,-0.00481457
16,13,1.05133,0.00762407,-0.00549222
16,14,1.05059,0.00801223,-0.00621806
16,15,1.04979,0.00838056,-0.00699359
16,16,1.04894,0.00872222,-0.00781568
16,17,1.04804,0.00903552,-0.0086843
16,18,1.0471,0.00932131,-0.0095956
16,19,1.0461,0.00958135,-0.0105487
16,20,1.04506,0.00981738,-0.0115393
16,21,1.04397,0.0100307,-0.0125659
16,22,1.04284,0.0102221,-0.0136238
16,23,1.04167,0.010392,-0.0147106
16,24,1.04046,0.0105403,-0.0158214
16,25,1.03922,0.0106669,-0.0169529
16,26,1.03795,0.0107713,-0.0181001
16,27,1.03664,0.010853,-0.0192591
16,28,1.03531,0.0109114,-0.0204245
16,29,1.03396,0.0109459,-0.0215919
16,30,1.03259,0.0109555,-0.0227561
16,31,1.0312,0.0109396,-0.0239123
16,32,1.02981,0.0108971,-0.0250553
16,33,1.02841,0.0108273,-0.0261803
16,34,1.027,0.0107293,-0.0272823
16,35,1.0256,0.0106022,-0.0283566
16,36,1.0242,0.0104454,-0.0293988
16,37,1.02281,0.0102583,-0.0304043
16,38,1.02143,0.0100403,-0.0313692
16,39,1.02006,0.00979123,-0.0322895
16,40,1.01871,0.00951095,-0.033162
16,41,1.01737,0.00919957,-0.0339833
16,42,1.01606,0.00885736,-0.0347507
16,43,1.01477,0.00848485,-0.0354617
16,44,1.01351,0.00808273,-0.0361144
16,45,1.01227,0.00765189,-0.0367069
16,46,1.01106,0.00719342,-0.0372382
16,47,1.00988,0.00670857,-0.037707
16,48,1.00872,0.00619877,-0.0381133
16,49,1.00759,0.00566557,-0.0384564
16,50,1.0065,0.00511068,-0.038737
16,51,1.00543,0.00453593,-0.0389551
16,52,1.00438,0.00394324,-0.0391118
16,53,1.00337,0.00333464,-0.0392081
16,54,1.00238,0.00271225,-0.0392455
16,55,1.00142,0.00207824,-0.0392253
16,56,1.00048,0.00143487,-0.0391498
16,57,0.99956,0.000784413,-0.0390206
16,58,0.998666,0.000129217,-0.0388404
16,59,0.997792,-0.00052836,-0.038611
16,60,0.996936,-0.00118593,-0.0383354
16,61,0.996098,-0.0018411,-0.0380158
16,62,0.995275,-0.00249147,-0.0376553
16,63,0.994466,-0.00313464,-0.0372563
16,64,0.993669,-0.00376821,-0.036822
16,65,0.992883,-0.00438983,-0.0363548
16,66,0.992105,-0.00499713,-0.035858
16,67,0.991336,-0.0055878,-0.0353339
16,68,0.990573,-0.00615955,-0.0347858
16,69,0.989814,-0.00671016,-0.0342159
16,70,0.98906,-0.00723744,-0.0336274
16,71,0.988307,-0.00773925,-0.0330225
16,72,0.987557,-0.00821353,-0.0324039
16,73,0.986807,-0.00865831,-0.0317737
16,74,0.986057,-0.00907167,-0.0311345
16,75,0.985306,-0.00945183,-0.0304879
16,76,0.984554,-0.00979706,-0.0298364
16,77,0.9838,-0.0101058,-0.0291811
16,78,0.983045,-0.0103766,-0.0285243
16,79,0.982288,-0.0106082,-0.0278668
16,80,0.98153,-0.0107994,-0.0272104
16,81,0.98077,-0.0109492,-0.0265555
16,82,0.98001,-0.0110568,-0.0259037
16,83,0.979249,-0.0111218,-0.0252551
16,84,0.97849,-0.0111436,-0.0246108
16,85,0.977732,-0.0111222,-0.0239706
16,86,0.976976,-0.0110576,-0.0233355
16,87,0.976224,-0.0109502,-0.0227048
16,88,0.975477,-0.0108006,-0.0220794
16,89,0.974736,-0.0106097,-0.0214584
16,90,0.974002,-0.0103786,-0.0208427
16,91,0.973277,-0.0101087,-0.020231
16,92,0.972563,-0.00980183,-0.0196243
16,93,0.97186,-0.00945983,-0.0190212
16,94,0.97117,-0.00908501,-0.0184228
16,95,0.970494,-0.00867987,-0.0178276
16,96,0.969833,-0.00824719,-0.0172368
16,97,0.96919,-0.00778996,-0.0166489
16,98,0.968564,-0.00731139,-0.0160654
16,99,0.967958,-0.00681486,-0.0154848
16,100,0.967371,-0.00630387,-0.0149086
16,101,0.966805,-0.00578202,-0.0143354
16,102,0.966261,-0.00525291,-0.0137669
16,103,0.965739,-0.00472006,-0.0132016
16,104,0.965239,-0.00418685,-0.0126414
16,105,0.964762,-0.00365643,-0.0120849
16,106,0.964309,-0.00313165,-0.0115341
16,107,0.963879,-0.00261504,-0.0109875
16,108,0.963472,-0.00210889,-0.0104474
16,109,0.963089,-0.00161547,-0.009912
16,110,0.96273,-0.00113742,-0.00938384
16,111,0.962394,-0.000678439,-0.00886076
16,112,0.962081,-0.000244172,-0.00834511
16,113,0.961791,0.000156668,-0.00783393
16,114,0.961523,0.000511179,-0.00732869
16,115,0.961278,0.000801441,-0.00682479
16,116,0.961055,0.0010045,-0.0063218
16,117,0.960853,0.00109375,-0.00581251
16,118,0.960672,0.00104242,-0.00529386
16,119,0.960512,0.000829751,-0.00475611
16,120,0.960372,0.000450454,-0.00419494
16,121,0.960252,-7.24138e-05,-0.00360155
16,122,0.960152,-0.000671297,-0.00297643
16,123,0.960071,-0.00121685,-0.00232031
16,124,0.96001,-0.00150691,-0.00164847
16,125,0.95997,-0.00128142,-0.000976666
16,126,0.95995,-0.000310589,-0.000320123
16,127,1,-0.00343474,0
17,0,1,0,0
17,1,1.05578,0.00260093,-1.72414e-05
17,2,1.05567,0.00601728,-0.000155333
17,3,1.0555,0.00782967,-0.000445214
17,4,1.05529,0.00844596,-0.00083062
17,5,1.05502,0.00838231,-0.0012713
17,6,1.05471,0.00806722,-0.00173982
17,7,1.05434,0.00777822,-0.00222813
17,8,1.05392,0.00765068,-0.00273531
17,9,1.05345,0.00771687,-0.00327045
17,10,1.05292,0.00794966,-0.00383954
17,11,1.05235,0.0082979,-0.00445129
17,12,1.05172,0.00870934,-0.00510814
17,13,1.05105,0.00914202,-0.00581431
17,14,1.05032,0.00956752,-0.0065685
17,15,1.04954,0.00996942,-0.00737192
17,16,1.04871,0.0103401,-0.00822146
17,17,1.04783,0.0106772,-0.00911689
17,18,1.0469,0.0109812,-0.0100544
17,19,1.04592,0.0112536,-0.0110329
17,20,1.0449,0.0114958,-0.0120481
17,21,1.04383,0.0117089,-0.0130983
17,22,1.04271,0.0118937,-0.0141787
17,23,1.04156,0.0120503,-0.0152869
17,24,1.04037,0.0121786,-0.0164178
17,25,1.03914,0.0122786,-0.017568
17,26,1.03788,0.0123497,-0.0187324
17,27,1.03658,0.0123915,-0.0199069
17,28,1.03527,0.0124035,-0.0210862
17,29,1.03393,0.0123852,-0.0222657
17,30,1.03256,0.012336,-0.02344
17,31,1.03119,0.0122553,-0.0246044
17,32,1.0298,0.0121426,-0.0257537
17,33,1.0284,0.0119973,-0.026883
17,34,1.027,0.011819,-0.0279874
17,35,1.0256,0.0116072,-0.0290622
17,36,1.0242,0.0113618,-0.0301031
17,37,1.02281,0.0110827,-0.0311056
17,38,1.02142,0.0107699,-0.0320658
17,39,1.02005,0.0104236,-0.0329801
17,40,1.0187,0.0100444,-0.0338452
17,41,1.01736,0.009633,-0.0346579
17,42,1.01604,0.00919017,-0.0354158
17,43,1.01474,0.00871701,-0.0361165
17,44,1.01346,0.00821477,-0.0367583
17,45,1.01221,0.00768489,-0.0373395
17,46,1.01099,0.00712892,-0.0378593
17,47,1.00979,0.00654857,-0.0383166
17,48,1.00862,0.00594566,-0.0387114
17,49,1.00748,0.00532212,-0.0390433
17,50,1.00637,0.00467995,-0.0393129
17,51,1.00528,0.00402124,-0.0395207
17,52,1.00422,0.00334811,-0.0396677
17,53,1.00319,0.00266277,-0.0397548
17,54,1.00219,0.00196744,-0.0397839
17,55,1.00121,0.00126437,-0.0397562
17,56,1.00025,0.000555852,-0.0396739
17,57,0.999324,-0.000155811,-0.0395387
17,58,0.998416,-0.000868304,-0.0393533
17,59,0.99753,-0.00157931,-0.0391196
17,60,0.996663,-0.00228649,-0.0388404
17,61,0.995815,-0.00298753,-0.038518
17,62,0.994983,-0.0036801,-0.0381553
17,63,0.994167,-0.00436191,-0.0377547
17,64,0.993364,-0.00503065,-0.0373194
17,65,0.992573,-0.00568405,-0.0368516
17,66,0.991793,-0.00631989,-0.0363546
17,67,0.991021,-0.00693595,-0.0358306
17,68,0.990257,-0.00753006,-0.0352829
17,69,0.9895,-0.00810012,-0.0347136
17,70,0.988748,-0.00864406,-0.0341257
17,71,0.987999,-0.0091599,-0.0335213
17,72,0.987253,-0.00964573,-0.0329033
17,73,0.986509,-0.0100997,-0.0322734
17,74,0.985766,-0.0105201,-0.0316342
17,75,0.985023,-0.0109053,-0.0309874
17,76,0.98428,-0.0112538,-0.0303352
17,77,0.983537,-0.0115641,-0.0296789
17,78,0.982793,-0.0118351,-0.0290205
17,79,0.982047,-0.0120657,-0.0283609
17,80,0.981301,-0.0122548,-0.0277018
17,81,0.980554,-0.0124018,-0.0270437
17,82,0.979807,-0.012506,-0.0263881
17,83,0.97906,-0.0125671,-0.0257349
17,84,0.978314,-0.0125848,-0.0250855
17,85,0.97757,-0.0125591,-0.0244396
17,86,0.976828,-0.0124902,-0.0237981
17,87,0.97609,-0.0123786,-0.0231604
17,88,0.975357,-0.0122248,-0.0225274
17,89,0.97463,-0.0120298,-0.0218983
17,90,0.973909,-0.0117947,-0.0212738
17,91,0.973198,-0.0115208,-0.0206529
17,92,0.972496,-0.0112097,-0.0200363
17,93,0.971805,-0.0108632,-0.019423
17,94,0.971127,-0.0104833,-0.0188137
17,95,0.970462,-0.0100724,-0.0182073
17,96,0.969813,-0.00963284,-0.0176047
17,97,0.96918,-0.00916748,-0.0170048
17,98,0.968564,-0.00867922,-0.0164086
17,99,0.967967,-0.00817117,-0.015815
17,100,0.967389,-0.00764662,-0.0152253
17,101,0.966832,-0.00710893,-0.0146383
17,102,0.966295,-0.00656154,-0.0140554
17,103,0.965781,-0.00600784,-0.0134755
17,104,0.965288,-0.00545114,-0.0129003
17,105,0.964818,-0.00489456,-0.0123284
17,106,0.964372,-0.00434097,-0.0117619
17,107,0.963948,-0.00379301,-0.0111994
17,108,0.963548,-0.00325314,-0.0106431
17,109,0.963171,-0.00272388,-0.0100915
17,110,0.962817,-0.00220823,-0.00954692
17,111,0.962487,-0.0017104,-0.00900761
17,112,0.96218,-0.0012367,-0.00847577
17,113,0.961895,-0.000796788,-0.00794883
17,114,0.961633,-0.000404765,-0.00742819
17,115,0.961394,-8.00671e-05,-0.00690972
17,116,0.961177,0.000152558,-0.00639298
17,117,0.960981,0.000264561,-0.00587131
17,118,0.960806,0.000227342,-0.00534173
17,119,0.960653,1.88985e-05,-0.00479509
17,120,0.96052,-0.000366091,-0.00422714
17,121,0.960407,-0.000902588,-0.00362954
17,122,0.960314,-0.00151843,-0.00300254
17,123,0.960241,-0.00207714,-0.00234691
17,124,0.960187,-0.00236905,-0.00167504
17,125,0.960152,-0.00213213,-0.000998736
17,126,0.960139,-0.00114753,-0.000334633
17,127,1,-0.00343474,0
18,0,1,0,0
18,1,1.05531,0.00194704,-2.70613e-05
18,2,1.0552,0.00552808,-0.000207546
18,3,1.05504,0.00745716,-0.000520972
18,4,1.05483,0.00814182,-0.000925866
18,5,1.05457,0.00811057,-0.00138628
18,6,1.05426,0.00780905,-0.0018748
18,7,1.05391,0.00752935,-0.00238427
18,8,1.0535,0.00741565,-0.00291429
18,9,1.05304,0.00750357,-0.00347351
18,10,1.05253,0.00776583,-0.00406763
18,11,1.05197,0.00814954,-0.0047048
18,12,1.05136,0.00860048,-0.00538722
18,13,1.05069,0.00907511,-0.00611864
18,14,1.04998,0.00954394,-0.00689771
18,15,1.04922,0.00998996,-0.00772535
18,16,1.0484,0.0104052,-0.00859848
18,17,1.04754,0.0107874,-0.00951663
18,18,1.04663,0.0111369,-0.010476
18,19,1.04567,0.011455,-0.0114754
18,20,1.04466,0.0117432,-0.0125105
18,21,1.04361,0.0120025,-0.0135793
18,22,1.04251,0.0122334,-0.0146772
18,23,1.04137,0.0124359,-0.0158014
18,24,1.0402,0.0126097,-0.016947
18,25,1.03899,0.0127545,-0.0181103
18,26,1.03774,0.0128695,-0.0192862
18,27,1.03646,0.0129543,-0.0204704
18,28,1.03516,0.0130079,-0.0216577
18,29,1.03383,0.0130298,-0.0228433
18,30,1.03249,0.0130191,-0.024022
18,31,1.03112,0.0129751,-0.0251888
18,32,1.02975,0.0128971,-0.0263387
18,33,1.02836,0.0127843,-0.0274668
18,34,1.02697,0.0126361,-0.0285683
18,35,1.02557,0.012452,-0.0296385
18,36,1.02418,0.0122315,-0.0306731
18,37,1.02279,0.0119744,-0.0316679
18,38,1.0214,0.0116806,-0.0326193
18,39,1.02003,0.0113502,-0.0335235
18,40,1.01867,0.0109836,-0.0343776
18,41,1.01733,0.0105813,-0.0351785
18,42,1.01601,0.0101441,-0.0359242
18,43,1.0147,0.00967303,-0.0366122
18,44,1.01342,0.00916927,-0.0372412
18,45,1.01216,0.00863419,-0.0378096
18,46,1.01092,0.00806939,-0.0383168
18,47,1.00971,0.0074766,-0.038762
18,48,1.00853,0.0068577,-0.0391451
18,49,1.00738,0.0062147,-0.0394661
18,50,1.00625,0.00554973,-0.0397256
18,51,1.00515,0.00486502,-0.0399241
18,52,1.00407,0.00416288,-0.0400628
18,53,1.00303,0.00344568,-0.0401427
18,54,1.00201,0.00271585,-0.0401656
18,55,1.00101,0.00197589,-0.0401327
18,56,1.00004,0.0012283,-0.0400464
18,57,0.999101,0.00047563,-0.0399084
18,58,0.99818,-0.000279568,-0.0397211
18,59,0.997281,-0.00103473,-0.0394864
18,60,0.996403,-0.00178727,-0.0392073
18,61,0.995545,-0.00253465,-0.0388858
18,62,0.994704,-0.00327429,-0.0385249
18,63,0.99388,-0.00400367,-0.0381267
18,64,0.993071,-0.00472027,-0.0376945
18,65,0.992276,-0.0054216,-0.0372303
18,66,0.991492,-0.00610519,-0.0367374
18,67,0.990719,-0.00676863,-0.0362179
18,68,0.989956,-0.00740953,-0.0356748
18,69,0.9892,-0.00802557,-0.0351103
18,70,0.98845,-0.00861446,-0.0345272
18,71,0.987706,-0.00917397,-0.0339276
18,72,0.986966,-0.00970196,-0.0333143
18,73,0.986229,-0.0101963,-0.0326888
18,74,0.985495,-0.0106551,-0.0320538
18,75,0.984762,-0.0110764,-0.0314108
18,76,0.984029,-0.0114584,-0.0307619
18,77,0.983298,-0.0117995,-0.0301084
18,78,0.982566,-0.012098,-0.0294523
18,79,0.981834,-0.0123527,-0.0287943
18,80,0.981101,-0.0125622,-0.0281362
18,81,0.980369,-0.0127255,-0.0274784
18,82,0.979636,-0.0128418,-0.0268223
18,83,0.978904,-0.0129103,-0.026168
18,84,0.978173,-0.0129306,-0.0255168
18,85,0.977444,-0.0129026,-0.0248683
18,86,0.976717,-0.0128263,-0.0242234
18,87,0.975993,-0.012702,-0.0235818
18,88,0.975274,-0.0125303,-0.0229441
18,89,0.97456,-0.0123121,-0.0223096
18,90,0.973853,-0.0120486,-0.021679
18,91,0.973153,-0.0117413,-0.0210514
18,92,0.972463,-0.011392,-0.0204275
18,93,0.971784,-0.0110028,-0.0198063
18,94,0.971116,-0.0105762,-0.0191885
18,95,0.970461,-0.0101148,-0.0185731
18,96,0.969821,-0.00962176,-0.0179609
18,97,0.969197,-0.0091003,-0.0173508
18,98,0.96859,-0.00855397,-0.0167439
18,99,0.968,-0.00798653,-0.0161391
18,100,0.96743,-0.00740188,-0.0155376
18,101,0.966879,-0.00680404,-0.0149382
18,102,0.96635,-0.00619704,-0.0143425
18,103,0.965841,-0.00558486,-0.0137493
18,104,0.965355,-0.00497132,-0.0131603
18,105,0.964891,-0.00435999,-0.0125742
18,106,0.96445,-0.00375414,-0.0119929
18,107,0.964032,-0.00315671,-0.0114154
18,108,0.963637,-0.00257037,-0.0108436
18,109,0.963266,-0.00199785,-0.0102764
18,110,0.962918,-0.00144228,-0.00971601
18,111,0.962593,-0.00090803,-0.00916088
18,112,0.962291,-0.000401634,-0.00861318
18,113,0.962012,6.69515e-05,-0.00807069
18,114,0.961755,0.00048314,-0.00753477
18,115,0.961521,0.000826832,-0.00700171
18,116,0.961308,0.00107243,-0.00647109
18,117,0.961117,0.00119044,-0.00593679
18,118,0.960948,0.0011514,-0.00539588
18,119,0.960798,0.000932919,-0.00483985
18,120,0.960669,0.000530264,-0.0042645
18,121,0.960561,-2.93046e-05,-0.00366207
18,122,0.960472,-0.000669271,-0.00303255
18,123,0.960402,-0.00124702,-0.0023761
18,124,0.960354,-0.0015471,-0.00170416
18,125,0.960326,-0.00130696,-0.00102575
18,126,0.960318,-0.000321827,-0.000342775
18,127,1,-0.00343474,0
19,0,1,0,0
19,1,1.05486,0.00277257,-5.6169e-05
19,2,1.05476,0.00650872,-0.000257779
19,3,1.05461,0.00855084,-0.000595772
19,4,1.05441,0.00930669,-0.00102144
19,5,1.05416,0.00931588,-0.00149963
19,6,1.05386,0.00903935,-0.00200662
19,7,1.05351,0.0087819,-0.00253565
19,8,1.05312,0.00869488,-0.00308644
19,9,1.05267,0.00881614,-0.00366731
19,10,1.05217,0.0091174,-0.00428375
19,11,1.05163,0.00954342,-0.00494329
19,12,1.05103,0.0100375,-0.00564792
19,13,1.05038,0.0105539,-0.006401
19,14,1.04969,0.0110616,-0.00720112
19,15,1.04894,0.0115425,-0.00804893
19,16,1.04814,0.0119878,-0.00894137
19,17,1.0473,0.0123946,-0.00987779
19,18,1.0464,0.012763,-0.0108544
19,19,1.04546,0.0130938,-0.0118698
19,20,1.04447,0.0133884,-0.0129198
19,21,1.04343,0.0136475,-0.0140021
19,22,1.04235,0.0138715,-0.0151121
19,23,1.04123,0.0140602,-0.016247
19,24,1.04007,0.0142133,-0.0174017
19,25,1.03887,0.0143304,-0.0185725
19,26,1.03764,0.0144108,-0.0197543
19,27,1.03637,0.0144541,-0.0209427
19,28,1.03508,0.0144597,-0.0221325
19,29,1.03376,0.014427,-0.0233188
19,30,1.03243,0.0143554,-0.0244964
19,31,1.03107,0.0142447,-0.0256605
19,32,1.0297,0.0140942,-0.026806
19,33,1.02832,0.0139038,-0.0279281
19,34,1.02693,0.0136733,-0.029022
19,35,1.02553,0.0134026,-0.0300833
19,36,1.02414,0.0130919,-0.0311078
19,37,1.02275,0.0127415,-0.0320913
19,38,1.02136,0.0123519,-0.0330305
19,39,1.01999,0.0119238,-0.0339218
19,40,1.01862,0.0114583,-0.0347624
19,41,1.01727,0.0109566,-0.0355495
19,42,1.01594,0.0104199,-0.0362811
19,43,1.01462,0.00985007,-0.0369552
19,44,1.01333,0.00924873,-0.0375705
19,45,1.01206,0.00861784,-0.0381256
19,46,1.01081,0.00795948,-0.0386201
19,47,1.00959,0.00727583,-0.0390533
19,48,1.00839,0.00656914,-0.0394254
19,49,1.00722,0.00584178,-0.0397363
19,50,1.00608,0.00509613,-0.0399868
19,51,1.00496,0.00433462,-0.0401776
19,52,1.00388,0.00355972,-0.0403098
19,53,1.00282,0.00277391,-0.0403845
19,54,1.00178,0.00197968,-0.0404035
19,55,1.00077,0.00117951,-0.0403681
19,56,0.999793,0.000375896,-0.0402805
19,57,0.998837,-0.000428683,-0.0401424
19,58,0.997904,-0.00123175,-0.0399562
19,59,0.996995,-0.00203084,-0.039724
19,60,0.996108,-0.0028235,-0.0394482
19,61,0.995241,-0.00360729,-0.0391311
19,62,0.994393,-0.00437979,-0.0387754
19,63,0.993563,-0.00513859,-0.0383833
19,64,0.992749,-0.00588131,-0.0379578
19,65,0.99195,-0.0066056,-0.037501
19,66,0.991165,-0.00730913,-0.0370158
19,67,0.990391,-0.00798961,-0.0365045
19,68,0.989628,-0.00864479,-0.0359698
19,69,0.988874,-0.00927248,-0.0354138
19,70,0.988127,-0.00987053,-0.0348394
19,71,0.987388,-0.0104369,-0.0342483
19,72,0.986653,-0.0109695,-0.0336433
19,73,0.985923,-0.0114665,-0.033026
19,74,0.985196,-0.0119261,-0.0323987
19,75,0.984471,-0.0123464,-0.031763
19,76,0.983749,-0.0127261,-0.0311209
19,77,0.983027,-0.0130635,-0.0304737
19,78,0.982306,-0.0133573,-0.0298232
19,79,0.981586,-0.0136064,-0.0291701
19,80,0.980866,-0.0138097,-0.0285162
19,81,0.980146,-0.0139665,-0.0278618
19,82,0.979427,-0.014076,-0.0272084
19,83,0.978708,-0.0141378,-0.026556
19,84,0.977991,-0.0141518,-0.0259057
19,85,0.977275,-0.0141177,-0.0252574
19,86,0.976562,-0.0140359,-0.024612
19,87,0.975852,-0.0139068,-0.0239689
19,88,0.975147,-0.0137311,-0.023329
19,89,0.974446,-0.0135096,-0.0226916
19,90,0.973752,-0.0132436,-0.0220573
19,91,0.973066,-0.0129345,-0.0214253
19,92,0.972389,-0.0125839,-0.0207962
19,93,0.971721,-0.0121939,-0.0201692
19,94,0.971066,-0.0117666,-0.0195448
19,95,0.970422,-0.0113045,-0.0189223
19,96,0.969793,-0.0108103,-0.0183022
19,97,0.969179,-0.010287,-0.0176837
19,98,0.968581,-0.00973786,-0.0170677
19,99,0.968001,-0.00916626,-0.0164532
19,100,0.967439,-0.00857578,-0.0158414
19,101,0.966897,-0.00797014,-0.0152312
19,102,0.966375,-0.0073531,-0.0146239
19,103,0.965873,-0.00672842,-0.0140186
19,104,0.965394,-0.00609972,-0.0134169
19,105,0.964936,-0.00547046,-0.0128176
19,106,0.964501,-0.00484383,-0.0122227
19,107,0.964088,-0.00422277,-0.011631
19,108,0.963698,-0.00361005,-0.0110446
19,109,0.963332,-0.00300855,-0.0104626
19,110,0.962989,-0.0024217,-0.00988696
19,111,0.962668,-0.00185427,-0.0093166
19,112,0.962371,-0.00131343,-0.00875353
19,113,0.962096,-0.000809963,-0.00819592
19,114,0.961844,-0.000359567,-0.00764504
19,115,0.961615,1.62475e-05,-0.00709766
19,116,0.961407,0.000290205,-0.00655335
19,117,0.961221,0.000430975,-0.00600652
19,118,0.961056,0.000407362,-0.00545434
19,119,0.960913,0.000195744,-0.00488887
19,120,0.96079,-0.000208735,-0.00430601
19,121,0.960687,-0.000777182,-0.00369846
19,122,0.960605,-0.00142933,-0.00306598
19,123,0.960542,-0.00201724,-0.0024087
19,124,0.9605,-0.00232123,-0.00173495
19,125,0.960476,-0.00208145,-0.00104981
19,126,0.960474,-0.00110817,-0.00035835
19,127,1,-0.00343474,0
20,0,1,0,0
20,1,1.05438,0.00213254,-6.50646e-05
20,2,1.05427,0.00601497,-0.000309089
20,3,1.05412,0.00816246,-0.00067059
20,4,1.05393,0.0089819,-0.00111479
20,5,1.05369,0.00902335,-0.00161062
20,6,1.0534,0.00876289,-0.00213445
20,7,1.05306,0.00851826,-0.00268063
20,8,1.05267,0.00844853,-0.00324955
20,9,1.05224,0.00859429,-0.00384919
20,10,1.05175,0.00892696,-0.00448481
20,11,1.05122,0.00938968,-0.00516341
20,12,1.05064,0.00992395,-0.00588677
20,13,1.05,0.0104827,-0.00665786
20,14,1.04932,0.011034,-0.00747519
20,15,1.04859,0.0115592,-0.00833917
20,16,1.0478,0.0120492,-0.00924677
20,17,1.04697,0.0125011,-0.0101971
20,18,1.04609,0.0129148,-0.0111865
20,19,1.04517,0.0132912,-0.0122132
20,20,1.04419,0.0136314,-0.0132732
20,21,1.04317,0.0139361,-0.014364
20,22,1.04211,0.0142054,-0.0154812
20,23,1.04101,0.0144389,-0.0166215
20,24,1.03986,0.0146362,-0.0177801
20,25,1.03868,0.0147965,-0.0189531
20,26,1.03747,0.0149191,-0.0201355
20,27,1.03622,0.0150032,-0.0213227
20,28,1.03494,0.015048,-0.0225096
20,29,1.03364,0.0150528,-0.0236914
20,30,1.03231,0.0150169,-0.0248629
20,31,1.03097,0.0149398,-0.0260193
20,32,1.02961,0.0148208,-0.0271555
20,33,1.02823,0.0146596,-0.028267
20,34,1.02685,0.0144559,-0.0293491
20,35,1.02547,0.0142093,-0.0303974
20,36,1.02408,0.0139201,-0.031408
20,37,1.02269,0.0135883,-0.0323769
20,38,1.02131,0.0132143,-0.0333008
20,39,1.01993,0.0127988,-0.0341765
20,40,1.01857,0.0123427,-0.0350013
20,41,1.01721,0.011847,-0.0357727
20,42,1.01587,0.011313,-0.0364889
20,43,1.01455,0.0107424,-0.037148
20,44,1.01325,0.0101367,-0.0377489
20,45,1.01197,0.00949793,-0.0382905
20,46,1.01072,0.00882817,-0.0387724
20,47,1.00948,0.00812962,-0.0391942
20,48,1.00827,0.0074046,-0.0395561
20,49,1.00709,0.00665555,-0.0398582
20,50,1.00593,0.00588499,-0.0401014
20,51,1.00481,0.00509551,-0.0402863
20,52,1.0037,0.00428974,-0.0404143
20,53,1.00263,0.00347035,-0.0404862
20,54,1.00158,0.00264004,-0.040504
20,55,1.00056,0.00180153,-0.0404689
20,56,0.999565,0.000957541,-0.0403831
20,57,0.998596,0.000110793,-0.0402482
20,58,0.997652,-0.000735997,-0.0400666
20,59,0.996732,-0.00158013,-0.0398401
20,60,0.995835,-0.00241891,-0.0395713
20,61,0.994959,-0.00324967,-0.0392622
20,62,0.994104,-0.00406978,-0.0389154
20,63,0.993268,-0.00487661,-0.0385331
20,64,0.992449,-0.00566758,-0.038118
20,65,0.991647,-0.00644014,-0.0376723
20,66,0.99086,-0.00719175,-0.0371986
20,67,0.990086,-0.00791995,-0.0366991
20,68,0.989324,-0.00862229,-0.0361765
20,69,0.988572,-0.00929638,-0.0356327
20,70,0.98783,-0.00993988,-0.0350704
20,71,0.987095,-0.0105505,-0.0344914
20,72,0.986368,-0.011126,-0.0338981
20,73,0.985645,-0.0116643,-0.0332922
20,74,0.984928,-0.0121633,-0.032676
20,75,0.984213,-0.012621,-0.0320508
20,76,0.983502,-0.0130355,-0.0314186
20,77,0.982793,-0.0134051,-0.0307807
20,78,0.982085,-0.0137281,-0.0301387
20,79,0.981378,-0.0140031,-0.0294934
20,80,0.980672,-0.0142287,-0.0288464
20,81,0.979967,-0.0144039,-0.0281982
20,82,0.979262,-0.0145275,-0.0275499
20,83,0.978559,-0.0145989,-0.0269019
20,84,0.977856,-0.0146176,-0.0262551
20,85,0.977155,-0.0145833,-0.0256093
20,86,0.976457,-0.0144959,-0.0249655
20,87,0.975761,-0.0143558,-0.0243232
20,88,0.97507,-0.0141636,-0.0236832
20,89,0.974383,-0.01392,-0.0230449
20,90,0.973702,-0.0136264,-0.0224088
20,91,0.973028,-0.0132843,-0.0217742
20,92,0.972362,-0.0128955,-0.0211418
20,93,0.971705,-0.0124622,-0.0205107
20,94,0.971059,-0.0119871,-0.0198815
20,95,0.970425,-0.011473,-0.0192534
20,96,0.969805,-0.0109232,-0.0186271
20,97,0.969199,-0.0103412,-0.0180017
20,98,0.968609,-0.00973081,-0.017378
20,99,0.968035,-0.00909616,-0.0167553
20,100,0.96748,-0.00844148,-0.0161344
20,101,0.966943,-0.00777117,-0.0155146
20,102,0.966426,-0.00708964,-0.014897
20,103,0.96593,-0.00640128,-0.0142808
20,104,0.965455,-0.0057103,-0.0136674
20,105,0.965002,-0.00502064,-0.013056
20,106,0.964571,-0.00433594,-0.0124483
20,107,0.964163,-0.00365949,-0.0118434
20,108,0.963778,-0.00299434,-0.0112432
20,109,0.963415,-0.00234356,-0.0106471
20,110,0.963076,-0.00171078,-0.010057
20,111,0.96276,-0.00110095,-0.009472
20,112,0.962466,-0.000521436,-0.0088941
20,113,0.962196,1.66487e-05,-0.00832181
20,114,0.961947,0.000497142,-0.00775636
20,115,0.961722,0.00089789,-0.00719493
20,116,0.961518,0.0011908,-0.00663711
20,117,0.961335,0.00134361,-0.00607785
20,118,0.961174,0.00132431,-0.0055144
20,119,0.961033,0.00110887,-0.00493942
20,120,0.960914,0.000692963,-0.00434893
20,121,0.960814,0.000107456,-0.0037362
20,122,0.960734,-0.000563699,-0.00310067
20,123,0.960675,-0.00116794,-0.00244176
20,124,0.960636,-0.00148261,-0.00176686
20,125,0.960619,-0.00125139,-0.00107825
20,126,0.96062,-0.000301873,-0.000365838
20,127,1,-0.00343474,0
21,0,1,0,0
21,1,1.0539,0.00292351,-9.35603e-05
21,2,1.05382,0.00694438,-0.000357813
21,3,1.05368,0.0091939,-0.000743249
21,4,1.05349,0.0100791,-0.0012066
21,5,1.05325,0.0101599,-0.00171737
21,6,1.05297,0.00992629,-0.00225579
21,7,1.05265,0.00970714,-0.00281686
21,8,1.05227,0.00966768,-0.00340123
21,9,1.05185,0.00985004,-0.00401667
21,10,1.05137,0.0102244,-0.00466821
21,11,1.05085,0.0107314,-0.00536234
21,12,1.05028,0.0113103,-0.00610063
21,13,1.04967,0.011912,-0.00688569
21,14,1.049,0.012503,-0.00771601
21,15,1.04828,0.0130635,-0.00859174
21,16,1.04751,0.0135839,-0.00950988
21,17,1.0467,0.0140605,-0.0104694
21,18,1.04584,0.014493,-0.0114666
21,19,1.04493,0.0148819,-0.0124997
21,20,1.04397,0.0152281,-0.0135645
21,21,1.04296,0.015532,-0.0146587
21,22,1.04192,0.0157935,-0.0157776
21,23,1.04083,0.0160123,-0.016918
21,24,1.0397,0.0161877,-0.0180751
21,25,1.03853,0.016319,-0.0192451
21,26,1.03733,0.0164056,-0.0204227
21,27,1.03609,0.0164467,-0.0216036
21,28,1.03483,0.0164418,-0.0227826
21,29,1.03353,0.0163902,-0.023955
21,30,1.03222,0.0162918,-0.0251157
21,31,1.03088,0.0161461,-0.0262599
21,32,1.02952,0.0159532,-0.0273828
21,33,1.02816,0.015713,-0.0284798
21,34,1.02678,0.0154256,-0.0295465
21,35,1.02539,0.0150916,-0.0305787
21,36,1.024,0.0147116,-0.0315725
21,37,1.02261,0.0142863,-0.0325243
21,38,1.02123,0.0138168,-0.0334309
21,39,1.01985,0.0133045,-0.0342893
21,40,1.01848,0.0127509,-0.0350971
21,41,1.01712,0.0121577,-0.0358518
21,42,1.01577,0.0115271,-0.036552
21,43,1.01444,0.010861,-0.0371959
21,44,1.01313,0.0101619,-0.0377826
21,45,1.01184,0.0094321,-0.0383112
21,46,1.01057,0.00867426,-0.0387815
21,47,1.00933,0.00789097,-0.039193
21,48,1.00811,0.00708493,-0.0395462
21,49,1.00691,0.00625883,-0.0398412
21,50,1.00574,0.00541543,-0.040079
21,51,1.0046,0.00455745,-0.0402602
21,52,1.00349,0.0036876,-0.0403861
21,53,1.0024,0.00280861,-0.0404578
21,54,1.00134,0.00192314,-0.0404769
21,55,1.00031,0.00103385,-0.040445
21,56,0.999303,0.000143356,-0.0403638
21,57,0.998324,-0.000745733,-0.0402351
21,58,0.997371,-0.00163085,-0.0400611
21,59,0.996442,-0.00250946,-0.0398435
21,60,0.995537,-0.00337904,-0.0395848
21,61,0.994655,-0.00423708,-0.0392869
21,62,0.993794,-0.00508112,-0.0389523
21,63,0.992954,-0.00590871,-0.0385831
21,64,0.992132,-0.0067174,-0.0381817
21,65,0.991328,-0.00750481,-0.0377503
21,66,0.99054,-0.00826856,-0.0372913
21,67,0.989766,-0.0090063,-0.0368069
21,68,0.989005,-0.00971573,-0.0362995
21,69,0.988257,-0.0103946,-0.0357711
21,70,0.987518,-0.0110407,-0.035224
21,71,0.986788,-0.0116518,-0.0346601
21,72,0.986066,-0.012226,-0.0340816
21,73,0.985351,-0.0127612,-0.0334901
21,74,0.984641,-0.0132555,-0.0328878
21,75,0.983935,-0.013707,-0.0322759
21,76,0.983233,-0.0141142,-0.0316565
21,77,0.982534,-0.0144755,-0.0310305
21,78,0.981837,-0.0147894,-0.0303996
21,79,0.981141,-0.0150547,-0.0297647
21,80,0.980447,-0.0152703,-0.0291271
21,81,0.979754,-0.0154353,-0.0284874
21,82,0.979062,-0.015549,-0.0278467
21,83,0.978371,-0.0156108,-0.0272053
21,84,0.977682,-0.0156206,-0.0265641
21,85,0.976994,-0.0155782,-0.025923
21,86,0.976309,-0.0154838,-0.0252828
21,87,0.975627,-0.0153379,-0.0246433
21,88,0.974948,-0.0151411,-0.024005
21,89,0.974274,-0.0148944,-0.0233675
21,90,0.973606,-0.014599,-0.0227313
21,91,0.972944,-0.0142565,-0.0220959
21,92,0.97229,-0.0138685,-0.0214616
21,93,0.971645,-0.0134372,-0.020828
21,94,0.971011,-0.012965,-0.0201954
21,95,0.970388,-0.0124544,-0.0195631
21,96,0.969777,-0.0119085,-0.0189318
21,97,0.969181,-0.0113303,-0.0183008
21,98,0.9686,-0.0107234,-0.0176707
21,99,0.968034,-0.0100914,-0.0170408
21,100,0.967487,-0.00943823,-0.0164121
21,101,0.966957,-0.00876786,-0.0157838
21,102,0.966447,-0.00808435,-0.0151569
21,103,0.965957,-0.00739175,-0.0145309
21,104,0.965487,-0.00669398,-0.0139069
21,105,0.965039,-0.00599476,-0.0132843
21,106,0.964613,-0.00529755,-0.0126647
21,107,0.964209,-0.00460553,-0.0120475
21,108,0.963827,-0.00392174,-0.0114345
21,109,0.963468,-0.00324932,-0.0108251
21,110,0.963132,-0.0025921,-0.0102213
21,111,0.962819,-0.00195535,-0.00962251
21,112,0.962529,-0.00134698,-0.00903054
21,113,0.962261,-0.000778829,-0.00844426
21,114,0.962016,-0.000268071,-0.0078649
21,115,0.961793,0.000161852,-0.00729003
21,116,0.961592,0.000481295,-0.00671929
21,117,0.961413,0.000656298,-0.00614813
21,118,0.961256,0.000653202,-0.00557392
21,119,0.96112,0.000446799,-0.00498991
21,120,0.961005,3.25351e-05,-0.00439226
21,121,0.96091,-0.000557485,-0.00377461
21,122,0.960836,-0.00123652,-0.0031362
21,123,0.960782,-0.00184861,-0.00247627
21,124,0.960748,-0.00217007,-0.00179887
21,125,0.960733,-0.0019513,-0.0011024
21,126,0.960741,-0.00103694,-0.000381846
21,127,1,-0.00343474,0
22,0,1,0,0
22,1,1.05341,0.00229985,-0.000101285
22,2,1.05331,0.00645033,-0.000407028
22,3,1.05317,0.00879236,-0.000814917
22,4,1.05298,0.00973359,-0.00129465
22,5,1.05276,0.00984381,-0.00181965
22,6,1.05248,0.00962647,-0.00237046
22,7,1.05217,0.00942183,-0.00294345
22,8,1.0518,0.00940148,-0.00354012
22,9,1.05139,0.00960964,-0.00416797
22,10,1.05092,0.0100159,-0.00483187
22,11,1.05041,0.0105596,-0.00553779
22,12,1.04986,0.0111783,-0.00628715
22,13,1.04925,0.0118215,-0.00708217
22,14,1.0486,0.0124552,-0.0079213
22,15,1.04789,0.0130591,-0.00880449
22,16,1.04714,0.0136234,-0.00972876
22,17,1.04634,0.0141442,-0.0106929
22,18,1.04549,0.014621,-0.0116933
22,19,1.0446,0.0150545,-0.0127279
22,20,1.04366,0.0154452,-0.0137928
22,21,1.04267,0.0157934,-0.0148852
22,22,1.04164,0.0160989,-0.0160009
22,23,1.04057,0.016361,-0.0171364
22,24,1.03946,0.0165789,-0.018287
22,25,1.0383,0.0167517,-0.0194488
22,26,1.03712,0.0168784,-0.0206167
22,27,1.0359,0.0169581,-0.0217863
22,28,1.03465,0.0169902,-0.0229527
22,29,1.03337,0.0169738,-0.0241111
22,30,1.03207,0.0169085,-0.0252565
22,31,1.03074,0.016794,-0.0263844
22,32,1.0294,0.01663,-0.0274899
22,33,1.02804,0.0164163,-0.0285688
22,34,1.02667,0.0161532,-0.0296167
22,35,1.0253,0.0158409,-0.0306297
22,36,1.02391,0.0154799,-0.0316041
22,37,1.02253,0.0150709,-0.0325364
22,38,1.02115,0.0146148,-0.0334237
22,39,1.01977,0.014113,-0.0342632
22,40,1.0184,0.0135668,-0.0350527
22,41,1.01704,0.0129778,-0.0357901
22,42,1.01569,0.012348,-0.0364738
22,43,1.01435,0.0116795,-0.0371025
22,44,1.01304,0.0109745,-0.0376754
22,45,1.01174,0.0102355,-0.0381917
22,46,1.01046,0.00946488,-0.0386513
22,47,1.00921,0.00866544,-0.0390539
22,48,1.00798,0.00783989,-0.0394
22,49,1.00677,0.00699103,-0.0396898
22,50,1.00559,0.00612173,-0.0399243
22,51,1.00443,0.00523487,-0.0401042
22,52,1.00331,0.00433335,-0.0402307
22,53,1.00221,0.00342007,-0.0403049
22,54,1.00114,0.00249793,-0.0403284
22,55,1.00009,0.00156982,-0.0403025
22,56,0.999076,0.000638586,-0.0402291
22,57,0.998087,-0.000292925,-0.0401098
22,58,0.997123,-0.00122191,-0.0399466
22,59,0.996186,-0.00214559,-0.0397413
22,60,0.995273,-0.00306121,-0.0394961
22,61,0.994384,-0.00396607,-0.0392127
22,62,0.993518,-0.00485749,-0.0388936
22,63,0.992673,-0.00573283,-0.0385407
22,64,0.991848,-0.00658945,-0.0381563
22,65,0.991042,-0.0074248,-0.0377424
22,66,0.990253,-0.00823632,-0.0373014
22,67,0.98948,-0.00902152,-0.0368351
22,68,0.988722,-0.00977791,-0.036346
22,69,0.987977,-0.0105031,-0.0358358
22,70,0.987243,-0.0111946,-0.0353069
22,71,0.986519,-0.0118503,-0.0347609
22,72,0.985805,-0.0124677,-0.0341999
22,73,0.985098,-0.0130447,-0.0336255
22,74,0.984397,-0.0135792,-0.0330397
22,75,0.983702,-0.0140691,-0.0324437
22,76,0.983011,-0.0145124,-0.0318393
22,77,0.982324,-0.0149073,-0.0312276
22,78,0.981639,-0.0152522,-0.0306102
22,79,0.980957,-0.0155454,-0.0299878
22,80,0.980277,-0.0157854,-0.0293617
22,81,0.979598,-0.0159711,-0.0287325
22,82,0.978921,-0.0161015,-0.0281013
22,83,0.978245,-0.0161755,-0.0274683
22,84,0.97757,-0.0161928,-0.0268344
22,85,0.976896,-0.0161528,-0.0261997
22,86,0.976225,-0.0160555,-0.0255648
22,87,0.975557,-0.0159012,-0.0249295
22,88,0.974891,-0.0156904,-0.0242945
22,89,0.97423,-0.0154238,-0.0236593
22,90,0.973574,-0.0151028,-0.0230244
22,91,0.972923,-0.0147288,-0.0223894
22,92,0.97228,-0.0143037,-0.0217547
22,93,0.971645,-0.0138299,-0.0211197
22,94,0.97102,-0.0133101,-0.0204849
22,95,0.970405,-0.0127472,-0.0198497
22,96,0.969802,-0.0121446,-0.0192146
22,97,0.969212,-0.0115063,-0.018579
22,98,0.968637,-0.0108361,-0.0179436
22,99,0.968077,-0.0101384,-0.0173077
22,100,0.967534,-0.00941788,-0.0166722
22,101,0.967009,-0.00867918,-0.0160364
22,102,0.966503,-0.00792707,-0.0154013
22,103,0.966016,-0.00716627,-0.0147664
22,104,0.96555,-0.00640134,-0.0141328
22,105,0.965105,-0.00563654,-0.0135
22,106,0.964681,-0.00487583,-0.0128696
22,107,0.964279,-0.00412279,-0.012241
22,108,0.9639,-0.00338078,-0.011616
22,109,0.963544,-0.00265322,-0.0109942
22,110,0.96321,-0.00194412,-0.0103776
22,111,0.962899,-0.00125899,-0.00976573
22,112,0.962611,-0.000605961,-0.00916046
22,113,0.962345,2.79649e-06,-0.00856094
22,114,0.962102,0.000549649,-0.00796835
22,115,0.961882,0.00101052,-0.00738067
22,116,0.961683,0.00135498,-0.0067976
22,117,0.961506,0.00154816,-0.00621505
22,118,0.96135,0.00155562,-0.00563057
22,119,0.961216,0.00135175,-0.00503795
22,120,0.961102,0.000932416,-0.00443352
22,121,0.961009,0.000331401,-0.00381144
22,122,0.960936,-0.000361657,-0.00317059
22,123,0.960884,-0.000987812,-0.00250928
22,124,0.960852,-0.00132313,-0.00183068
22,125,0.960843,-0.00112482,-0.00113037
22,126,0.960852,-0.000256012,-0.00038798
22,127,1,-0.00343474,0
23,0,1,0,0
23,1,1.05292,0.0030584,-0.000128789
23,2,1.05283,0.0073324,-0.00045338
23,3,1.0527,0.00976404,-0.000883796
23,4,1.05252,0.0107631,-0.00138013
23,5,1.0523,0.0109095,-0.00191623
23,6,1.05204,0.0107191,-0.00247676
23,7,1.05173,0.0105419,-0.00305901
23,8,1.05137,0.0105544,-0.00366491
23,9,1.05097,0.0108015,-0.00430186
23,10,1.05052,0.0112512,-0.00497454
23,11,1.05002,0.0118405,-0.00568842
23,12,1.04948,0.0125045,-0.00644476
23,13,1.04888,0.013191,-0.00724545
23,14,1.04824,0.0138645,-0.00808894
23,15,1.04756,0.0145037,-0.00897495
23,16,1.04682,0.015098,-0.00990057
23,17,1.04604,0.0156431,-0.0108644
23,18,1.0452,0.0161382,-0.011863
23,19,1.04432,0.0165834,-0.0128941
23,20,1.0434,0.0169791,-0.0139538
23,21,1.04243,0.0173255,-0.0150395
23,22,1.04141,0.0176222,-0.0161467
23,23,1.04036,0.0178684,-0.0172721
23,24,1.03926,0.0180632,-0.0184111
23,25,1.03812,0.0182057,-0.0195597
23,26,1.03695,0.0182951,-0.0207131
23,27,1.03574,0.0183305,-0.0218669
23,28,1.0345,0.0183114,-0.0230161
23,29,1.03323,0.0182375,-0.0241563
23,30,1.03194,0.0181085,-0.0252825
23,31,1.03062,0.0179244,-0.0263903
23,32,1.02929,0.0176855,-0.0274752
23,33,1.02793,0.0173923,-0.028533
23,34,1.02657,0.0170453,-0.0295595
23,35,1.02519,0.0166457,-0.030551
23,36,1.02381,0.0161944,-0.0315041
23,37,1.02243,0.0156929,-0.0324155
23,38,1.02104,0.0151429,-0.0332825
23,39,1.01966,0.0145464,-0.0341025
23,40,1.01829,0.0139055,-0.0348734
23,41,1.01692,0.0132226,-0.0355934
23,42,1.01557,0.0125002,-0.0362611
23,43,1.01423,0.011741,-0.0368753
23,44,1.0129,0.010948,-0.0374353
23,45,1.01159,0.0101239,-0.0379406
23,46,1.01031,0.00927192,-0.038391
23,47,1.00904,0.00839496,-0.0387864
23,48,1.0078,0.0074961,-0.0391273
23,49,1.00659,0.00657837,-0.0394141
23,50,1.0054,0.00564477,-0.0396476
23,51,1.00423,0.00469828,-0.0398285
23,52,1.0031,0.00374179,-0.0399581
23,53,1.00199,0.00277818,-0.0400374
23,54,1.00091,0.00181024,-0.0400679
23,55,0.999853,0.000840727,-0.0400509
23,56,0.998829,-0.000127669,-0.0399881
23,57,0.997831,-0.0010923,-0.039881
23,58,0.996861,-0.00205055,-0.0397315
23,59,0.995917,-0.00299987,-0.0395412
23,60,0.994999,-0.0039377,-0.0393122
23,61,0.994105,-0.00486154,-0.0390463
23,62,0.993235,-0.00576891,-0.0387455
23,63,0.992388,-0.00665734,-0.0384117
23,64,0.991561,-0.00752438,-0.038047
23,65,0.990755,-0.00836762,-0.0376534
23,66,0.989966,-0.00918464,-0.037233
23,67,0.989195,-0.00997308,-0.0367876
23,68,0.988438,-0.0107306,-0.0363194
23,69,0.987696,-0.0114549,-0.0358301
23,70,0.986967,-0.0121436,-0.0353218
23,71,0.986248,-0.0127947,-0.0347961
23,72,0.985539,-0.0134059,-0.0342551
23,73,0.984838,-0.0139751,-0.0337002
23,74,0.984145,-0.0145004,-0.0331331
23,75,0.983458,-0.0149799,-0.0325552
23,76,0.982776,-0.0154118,-0.0319681
23,77,0.982098,-0.0157945,-0.0313728
23,78,0.981424,-0.0161264,-0.0307708
23,79,0.980752,-0.0164062,-0.0301629
23,80,0.980082,-0.0166328,-0.0295502
23,81,0.979415,-0.0168051,-0.0289334
23,82,0.978748,-0.0169223,-0.0283134
23,83,0.978084,-0.016984,-0.0276906
23,84,0.977421,-0.0169897,-0.0270657
23,85,0.976759,-0.0169393,-0.0264389
23,86,0.9761,-0.016833,-0.0258107
23,87,0.975444,-0.0166713,-0.0251812
23,88,0.97479,-0.0164547,-0.0245507
23,89,0.974141,-0.0161843,-0.0239191
23,90,0.973496,-0.0158614,-0.0232868
23,91,0.972857,-0.0154874,-0.0226534
23,92,0.972224,-0.0150644,-0.0220193
23,93,0.9716,-0.0145943,-0.0213841
23,94,0.970984,-0.0140798,-0.0207481
23,95,0.970379,-0.0135236,-0.0201109
23,96,0.969785,-0.0129288,-0.0194729
23,97,0.969203,-0.0122988,-0.0188338
23,98,0.968636,-0.0116374,-0.0181939
23,99,0.968083,-0.0109483,-0.0175529
23,100,0.967547,-0.0102357,-0.0169114
23,101,0.967028,-0.00950391,-0.016269
23,102,0.966526,-0.0087572,-0.0156265
23,103,0.966044,-0.00799987,-0.0149835
23,104,0.965582,-0.00723608,-0.0143412
23,105,0.96514,-0.00646977,-0.0136991
23,106,0.964719,-0.00570461,-0.0130587
23,107,0.96432,-0.00494397,-0.0124196
23,108,0.963943,-0.00419108,-0.0117835
23,109,0.963588,-0.00344933,-0.0111503
23,110,0.963256,-0.00272284,-0.0105218
23,111,0.962946,-0.00201734,-0.00989789
23,112,0.962659,-0.00134138,-0.00928027
23,113,0.962395,-0.000707773,-0.00866843
23,114,0.962153,-0.000135035,-0.00806356
23,115,0.961934,0.000351613,-0.007464
23,116,0.961737,0.000720327,-0.00686953
23,117,0.961562,0.000934699,-0.00627653
23,118,0.961408,0.000958749,-0.00568271
23,119,0.961276,0.000765724,-0.00508243
23,120,0.961166,0.000351154,-0.00447216
23,121,0.961076,-0.000250418,-0.00384637
23,122,0.961007,-0.000947649,-0.00320369
23,123,0.960959,-0.00158021,-0.00254211
23,124,0.960931,-0.00192618,-0.00186119
23,125,0.960923,-0.00175254,-0.00115287
23,126,0.960937,-0.000939512,-0.000403805
23,127,1,-0.00343474,0
24,0,1,0,0
24,1,1.0524,0.00245338,-0.000135264
24,2,1.0523,0.00684186,-0.000499921
24,3,1.05217,0.00935133,-0.000951186
24,4,1.052,0.010396,-0.00146108
24,5,1.05178,0.0105661,-0.00200732
24,6,1.05152,0.01039,-0.0025751
24,7,1.05122,0.0102274,-0.0031634
24,8,1.05087,0.0102593,-0.00377516
24,9,1.05047,0.0105322,-0.00441762
24,10,1.05003,0.0110132,-0.0050953
24,11,1.04955,0.0116379,-0.00581326
24,12,1.04901,0.01234,-0.00657256
24,13,1.04843,0.0130664,-0.0073748
24,14,1.0478,0.0137808,-0.00821839
24,15,1.04713,0.0144616,-0.00910289
24,16,1.04641,0.0150981,-0.0100254
24,17,1.04564,0.0156857,-0.0109844
24,18,1.04482,0.0162234,-0.0119765
24,19,1.04396,0.0167115,-0.0129994
24,20,1.04305,0.0171502,-0.0140493
24,21,1.04209,0.0175393,-0.0151234
24,22,1.0411,0.0178782,-0.0162174
24,23,1.04006,0.0181661,-0.0173281
24,24,1.03898,0.0184017,-0.0184508
24,25,1.03786,0.0185838,-0.0195817
24,26,1.0367,0.0187115,-0.020716
24,27,1.03551,0.0187837,-0.0218496
24,28,1.03429,0.0187998,-0.0229775
24,29,1.03304,0.0187591,-0.0240955
24,30,1.03176,0.0186615,-0.0251988
24,31,1.03046,0.0185068,-0.0262832
24,32,1.02913,0.0182951,-0.0273443
24,33,1.02779,0.0180268,-0.0283781
24,34,1.02644,0.0177025,-0.0293807
24,35,1.02507,0.0173231,-0.0303486
24,36,1.0237,0.0168895,-0.0312786
24,37,1.02232,0.0164032,-0.0321677
24,38,1.02094,0.0158656,-0.0330132
24,39,1.01956,0.0152787,-0.0338129
24,40,1.01819,0.0146444,-0.0345649
24,41,1.01683,0.0139649,-0.0352675
24,42,1.01547,0.0132429,-0.0359195
24,43,1.01413,0.0124808,-0.0365199
24,44,1.0128,0.0116814,-0.037068
24,45,1.01149,0.0108478,-0.0375635
24,46,1.01019,0.00998272,-0.0380063
24,47,1.00892,0.00908937,-0.0383963
24,48,1.00767,0.00817083,-0.0387341
24,49,1.00645,0.00723021,-0.03902
24,50,1.00525,0.00627065,-0.0392548
24,51,1.00408,0.00529527,-0.0394393
24,52,1.00293,0.00430717,-0.0395747
24,53,1.00181,0.00330941,-0.0396618
24,54,1.00072,0.00230502,-0.0397021
24,55,0.999661,0.00129699,-0.0396968
24,56,0.998628,0.000288246,-0.0396475
24,57,0.997622,-0.000718311,-0.0395555
24,58,0.996645,-0.00171984,-0.0394226
24,59,0.995694,-0.00271355,-0.0392503
24,60,0.99477,-0.00369667,-0.0390405
24,61,0.993872,-0.00466651,-0.0387948
24,62,0.992998,-0.00562038,-0.0385151
24,63,0.992148,-0.00655564,-0.0382032
24,64,0.99132,-0.00746969,-0.037861
24,65,0.990513,-0.00835995,-0.0374903
24,66,0.989725,-0.00922389,-0.0370931
24,67,0.988955,-0.010059,-0.036671
24,68,0.988202,-0.0108628,-0.0362261
24,69,0.987464,-0.0116328,-0.0357601
24,70,0.986739,-0.0123666,-0.0352747
24,71,0.986027,-0.0130619,-0.0347717
24,72,0.985325,-0.0137164,-0.0342527
24,73,0.984633,-0.0143277,-0.0337192
24,74,0.983949,-0.0148938,-0.0331729
24,75,0.983272,-0.0154124,-0.032615
24,76,0.982601,-0.0158815,-0.032047
24,77,0.981935,-0.0162993,-0.0314699
24,78,0.981273,-0.0166639,-0.030885
24,79,0.980613,-0.0169736,-0.0302931
24,80,0.979957,-0.017227,-0.0296954
24,81,0.979303,-0.0174226,-0.0290924
24,82,0.97865,-0.0175593,-0.0284851
24,83,0.977999,-0.0176362,-0.0278737
24,84,0.977349,-0.0176526,-0.0272591
24,85,0.976701,-0.0176081,-0.0266415
24,86,0.976055,-0.0175023,-0.0260213
24,87,0.975411,-0.0173356,-0.0253985
24,88,0.974769,-0.0171083,-0.0247738
24,89,0.974131,-0.0168213,-0.0241468
24,90,0.973497,-0.0164757,-0.023518
24,91,0.972868,-0.016073,-0.0228872
24,92,0.972244,-0.0156152,-0.0222546
24,93,0.971628,-0.0151046,-0.02162
24,94,0.97102,-0.014544,-0.0209837
24,95,0.970421,-0.0139364,-0.0203454
24,96,0.969833,-0.0132854,-0.0197055
24,97,0.969257,-0.012595,-0.0190635
24,98,0.968693,-0.0118694,-0.0184201
24,99,0.968144,-0.0111132,-0.0177747
24,100,0.967611,-0.0103313,-0.0171282
24,101,0.967094,-0.00952849,-0.01648
24,102,0.966595,-0.00871,-0.015831
24,103,0.966114,-0.00788077,-0.0151809
24,104,0.965653,-0.00704565,-0.0145307
24,105,0.965212,-0.0062092,-0.0138803
24,106,0.964792,-0.00537561,-0.0132307
24,107,0.964393,-0.00454874,-0.0125821
24,108,0.964016,-0.00373218,-0.0119359
24,109,0.963662,-0.00292964,-0.0112922
24,110,0.96333,-0.0021455,-0.0106528
24,111,0.96302,-0.00138573,-0.0100177
24,112,0.962733,-0.000659176,-0.00938865
24,113,0.962469,2.10226e-05,-0.00876543
24,114,0.962228,0.000635884,-0.0081492
24,115,0.962009,0.00115956,-0.00753866
24,116,0.961812,0.00155945,-0.00693366
24,117,0.961637,0.00179826,-0.00633105
24,118,0.961483,0.00183926,-0.00572872
24,119,0.961352,0.00165526,-0.00512156
24,120,0.961241,0.00124209,-0.00450621
24,121,0.961151,0.000635566,-0.00387759
24,122,0.961082,-7.09769e-05,-0.00323386
24,123,0.961034,-0.000715937,-0.00257187
24,124,0.961008,-0.00107967,-0.00189042
24,125,0.961003,-0.000938319,-0.00117871
24,126,0.961016,-0.000189774,-0.000407983
24,127,1,-0.00343474,0
25,0,1,0,0
25,1,1.05188,0.00318194,-0.000161601
25,2,1.0518,0.00768056,-0.000543569
25,3,1.05168,0.0102655,-0.00101559
25,4,1.05151,0.0113576,-0.00153913
25,5,1.0513,0.0115583,-0.00209222
25,6,1.05104,0.0114078,-0.00266447
25,7,1.05075,0.0112734,-0.00325607
25,8,1.05041,0.0113398,-0.00387056
25,9,1.05002,0.0116531,-0.00451516
25,10,1.04959,0.0121786,-0.00519426
25,11,1.04912,0.0128494,-0.00591244
25,12,1.0486,0.0135969,-0.00667063
25,13,1.04803,0.0143664,-0.00747015
25,14,1.04742,0.0151202,-0.00830941
25,15,1.04676,0.0158357,-0.00918782
25,16,1.04605,0.0165015,-0.0101026
25,17,1.04529,0.0171126,-0.011052
25,18,1.04449,0.0176676,-0.0120328
25,19,1.04365,0.0181664,-0.0130426
25,20,1.04275,0.0186091,-0.0140777
25,21,1.04181,0.0189953,-0.0151354
25,22,1.04083,0.0193243,-0.0162114
25,23,1.03981,0.0195951,-0.0173025
25,24,1.03874,0.0198065,-0.0184043
25,25,1.03764,0.0199574,-0.019513
25,26,1.0365,0.0200467,-0.0206241
25,27,1.03532,0.0200737,-0.0217333
25,28,1.03411,0.0200379,-0.0228362
25,29,1.03287,0.0199391,-0.0239285
25,30,1.0316,0.0197773,-0.0250057
25,31,1.03031,0.0195529,-0.0260637
25,32,1.02899,0.0192665,-0.0270985
25,33,1.02766,0.0189191,-0.0281062
25,34,1.02631,0.0185118,-0.0290832
25,35,1.02495,0.0180463,-0.0300261
25,36,1.02358,0.0175242,-0.0309319
25,37,1.0222,0.0169477,-0.031798
25,38,1.02082,0.0163191,-0.0326218
25,39,1.01945,0.0156408,-0.0334013
25,40,1.01807,0.0149158,-0.0341347
25,41,1.0167,0.014147,-0.0348206
25,42,1.01534,0.0133375,-0.0354579
25,43,1.014,0.0124906,-0.0360457
25,44,1.01266,0.0116095,-0.0365834
25,45,1.01135,0.0106978,-0.0370708
25,46,1.01005,0.00975868,-0.0375077
25,47,1.00877,0.00879563,-0.0378943
25,48,1.00752,0.00781197,-0.038231
25,49,1.00629,0.00681097,-0.0385182
25,50,1.00508,0.00579585,-0.0387567
25,51,1.0039,0.00476973,-0.0389471
25,52,1.00275,0.00373564,-0.0390905
25,53,1.00162,0.00269654,-0.0391879
25,54,1.00053,0.00165529,-0.0392404
25,55,0.99946,0.000614667,-0.0392493
25,56,0.998421,-0.000422605,-0.0392158
25,57,0.997411,-0.00145388,-0.0391414
25,58,0.996429,-0.00247656,-0.0390275
25,59,0.995475,-0.0034881,-0.0388756
25,60,0.994548,-0.00448597,-0.0386873
25,61,0.993647,-0.00546769,-0.0384641
25,62,0.992772,-0.00643078,-0.0382079
25,63,0.99192,-0.0073728,-0.0379201
25,64,0.991092,-0.0082913,-0.0376026
25,65,0.990285,-0.00918385,-0.0372569
25,66,0.989499,-0.010048,-0.036885
25,67,0.988731,-0.0108815,-0.0364884
25,68,0.98798,-0.0116817,-0.0360689
25,69,0.987245,-0.0124465,-0.0356281
25,70,0.986525,-0.0131735,-0.0351676
25,71,0.985817,-0.0138603,-0.0346891
25,72,0.985121,-0.0145049,-0.0341941
25,73,0.984435,-0.0151049,-0.0336839
25,74,0.983758,-0.0156584,-0.0331602
25,75,0.983088,-0.0161634,-0.032624
25,76,0.982424,-0.0166179,-0.0320767
25,77,0.981766,-0.0170202,-0.0315194
25,78,0.981112,-0.0173688,-0.0309532
25,79,0.980462,-0.0176621,-0.030379
25,80,0.979814,-0.017899,-0.0297977
25,81,0.979169,-0.0180782,-0.02921
25,82,0.978526,-0.018199,-0.0286166
25,83,0.977885,-0.0182607,-0.0280181
25,84,0.977245,-0.0182628,-0.027415
25,85,0.976607,-0.0182053,-0.0268077
25,86,0.975971,-0.0180882,-0.0261965
25,87,0.975337,-0.0179119,-0.0255817
25,88,0.974705,-0.0176772,-0.0249637
25,89,0.974077,-0.0173849,-0.0243423
25,90,0.973452,-0.0170364,-0.0237179
25,91,0.972833,-0.0166332,-0.0230905
25,92,0.972218,-0.0161774,-0.0224603
25,93,0.971611,-0.0156711,-0.0218271
25,94,0.971011,-0.015117,-0.0211913
25,95,0.97042,-0.014518,-0.0205525
25,96,0.969839,-0.0138774,-0.0199113
25,97,0.969269,-0.0131987,-0.0192672
25,98,0.968712,-0.0124858,-0.0186208
25,99,0.968168,-0.0117428,-0.0179718
25,100,0.96764,-0.0109741,-0.0173208
25,101,0.967127,-0.0101841,-0.0166675
25,102,0.966631,-0.00937738,-0.0160127
25,103,0.966153,-0.00855842,-0.0153562
25,104,0.965694,-0.00773159,-0.0146989
25,105,0.965255,-0.00690099,-0.0140407
25,106,0.964835,-0.00607045,-0.013383
25,107,0.964437,-0.00524348,-0.0127256
25,108,0.964061,-0.00442347,-0.0120702
25,109,0.963706,-0.00361399,-0.011417
25,110,0.963373,-0.00281939,-0.0107676
25,111,0.963063,-0.0020458,-0.0101224
25,112,0.962775,-0.00130234,-0.00948299
25,113,0.96251,-0.000602675,-0.00884947
25,114,0.962268,3.34695e-05,-0.00822299
25,115,0.962048,0.000579254,-0.0076026
25,116,0.961851,0.00100083,-0.00698825
25,117,0.961676,0.00125952,-0.00637722
25,118,0.961523,0.00131719,-0.0057676
25,119,0.961392,0.00114554,-0.00515478
25,120,0.961282,0.000739879,-0.00453557
25,121,0.961195,0.000136241,-0.00390509
25,122,0.961128,-0.000571526,-0.00326118
25,123,0.961083,-0.00122247,-0.00260021
25,124,0.961058,-0.00160166,-0.00191721
25,125,0.961054,-0.00149706,-0.00119806
25,126,0.961072,-0.000821828,-0.00042306
25,127,1,-0.00343474,0
26,0,1,0,0
26,1,1.05134,0.00259765,-0.000166881
26,2,1.05124,0.00719702,-0.000587321
26,3,1.05111,0.00984317,-0.00107839
26,4,1.05095,0.0109673,-0.00161246
26,5,1.05074,0.0111836,-0.00217142
26,6,1.05049,0.0110435,-0.00274569
26,7,1.0502,0.010922,-0.00333743
26,8,1.04987,0.011007,-0.00395134
26,9,1.04949,0.0113449,-0.00459459
26,10,1.04907,0.0118999,-0.00527143
26,11,1.0486,0.0126038,-0.00598608
26,12,1.04809,0.0133869,-0.00673929
26,13,1.04753,0.0141937,-0.00753213
26,14,1.04693,0.0149858,-0.008363
26,15,1.04628,0.0157405,-0.00923119
26,16,1.04559,0.016446,-0.0101339
26,17,1.04485,0.0170973,-0.0110695
26,18,1.04406,0.0176929,-0.0120347
26,19,1.04323,0.0182326,-0.0130271
26,20,1.04236,0.0187162,-0.0140431
26,21,1.04144,0.0191433,-0.01508
26,22,1.04047,0.0195128,-0.0161337
26,23,1.03947,0.0198237,-0.0172011
26,24,1.03842,0.0200743,-0.0182778
26,25,1.03733,0.0202634,-0.0193604
26,26,1.03621,0.0203897,-0.0204442
26,27,1.03505,0.0204523,-0.0215256
26,28,1.03386,0.0204505,-0.0225999
26,29,1.03264,0.0203839,-0.0236633
26,30,1.03139,0.0202525,-0.0247114
26,31,1.03011,0.0200566,-0.0257405
26,32,1.02881,0.0197967,-0.0267465
26,33,1.02749,0.0194737,-0.027726
26,34,1.02616,0.0190886,-0.0286756
26,35,1.02481,0.018643,-0.0295921
26,36,1.02345,0.0181386,-0.0304727
26,37,1.02209,0.0175771,-0.031315
26,38,1.02071,0.016961,-0.0321167
26,39,1.01934,0.0162925,-0.0328758
26,40,1.01797,0.0155744,-0.0335909
26,41,1.01661,0.0148094,-0.0342606
26,42,1.01525,0.0140007,-0.0348839
26,43,1.01391,0.0131513,-0.0354601
26,44,1.01257,0.0122646,-0.0359886
26,45,1.01125,0.0113437,-0.0364693
26,46,1.00995,0.0103921,-0.0369021
26,47,1.00867,0.00941329,-0.0372872
26,48,1.00741,0.00841054,-0.0376248
26,49,1.00618,0.00738727,-0.0379154
26,50,1.00497,0.00634681,-0.0381597
26,51,1.00378,0.00529246,-0.0383584
26,52,1.00262,0.00422746,-0.0385123
26,53,1.00149,0.00315496,-0.0386223
26,54,1.00039,0.00207808,-0.0386895
26,55,0.999318,0.00099983,-0.0387149
26,56,0.998273,-7.68189e-05,-0.0386998
26,57,0.997258,-0.00114897,-0.0386453
26,58,0.996272,-0.0022138,-0.0385528
26,59,0.995313,-0.00326853,-0.0384236
26,60,0.994383,-0.00431042,-0.0382592
26,61,0.99348,-0.0053368,-0.0380608
26,62,0.992602,-0.00634503,-0.0378302
26,63,0.99175,-0.00733248,-0.0375687
26,64,0.990921,-0.0082966,-0.037278
26,65,0.990115,-0.00923482,-0.0369595
26,66,0.98933,-0.0101446,-0.0366148
26,67,0.988565,-0.0110235,-0.0362455
26,68,0.987818,-0.0118689,-0.0358533
26,69,0.987087,-0.0126785,-0.0354394
26,70,0.986372,-0.0134498,-0.0350056
26,71,0.985671,-0.0141804,-0.0345532
26,72,0.984982,-0.0148679,-0.0340838
26,73,0.984303,-0.01551,-0.0335984
26,74,0.983635,-0.0161045,-0.0330987
26,75,0.982974,-0.0166491,-0.0325856
26,76,0.98232,-0.0171418,-0.0320605
26,77,0.981673,-0.0175806,-0.0315243
26,78,0.98103,-0.0179635,-0.0309781
26,79,0.980391,-0.0182888,-0.0304227
26,80,0.979755,-0.0185548,-0.0298589
26,81,0.979122,-0.0187601,-0.0292875
26,82,0.978491,-0.0189034,-0.0287092
26,83,0.977861,-0.0189838,-0.0281245
26,84,0.977234,-0.0190003,-0.0275339
26,85,0.976607,-0.0189524,-0.0269377
26,86,0.975982,-0.0188399,-0.0263366
26,87,0.975359,-0.0186628,-0.0257304
26,88,0.974737,-0.0184214,-0.0251199
26,89,0.974118,-0.0181166,-0.0245048
26,90,0.973502,-0.0177494,-0.0238857
26,91,0.972891,-0.0173213,-0.0232624
26,92,0.972284,-0.0168343,-0.0226352
26,93,0.971682,-0.0162906,-0.0220041
26,94,0.971088,-0.0156932,-0.0213694
26,95,0.970501,-0.015045,-0.0207309
26,96,0.969924,-0.0143499,-0.020089
26,97,0.969357,-0.0136119,-0.0194435
26,98,0.968802,-0.0128353,-0.0187948
26,99,0.96826,-0.012025,-0.0181429
26,100,0.967731,-0.011186,-0.0174882
26,101,0.967219,-0.0103236,-0.0168305
26,102,0.966722,-0.0094429,-0.0161706
26,103,0.966243,-0.0085493,-0.0155085
26,104,0.965783,-0.00764782,-0.0148449
26,105,0.965342,-0.00674326,-0.01418
26,106,0.964921,-0.00584002,-0.0135149
26,107,0.964521,-0.00494214,-0.0128498
26,108,0.964143,-0.00405345,-0.0121861
26,109,0.963786,-0.00317788,-0.0115243
26,110,0.963451,-0.00232013,-0.0108659
26,111,0.963139,-0.00148659,-0.0102116
26,112,0.962849,-0.000686712,-0.00956294
26,113,0.962582,6.54664e-05,-0.00892016
26,114,0.962338,0.000749746,-0.00828451
26,115,0.962116,0.00133867,-0.00765533
26,116,0.961917,0.00179763,-0.00703267
26,117,0.96174,0.00208713,-0.00641426
26,118,0.961586,0.00216824,-0.00579836
26,119,0.961453,0.00201221,-0.00518087
26,120,0.961342,0.00161445,-0.00455876
26,121,0.961252,0.00101177,-0.00392747
26,122,0.961184,0.000298986,-0.00328431
26,123,0.961137,-0.000363391,-0.00262431
26,124,0.961113,-0.000764868,-0.00194185
26,125,0.961111,-0.00070396,-0.00122035
26,126,0.961126,-0.000108853,-0.000424811
26,127,1,-0.00343474,0
27,0,1,0,0
27,1,1.05079,0.00329875,-0.000192042
27,2,1.05071,0.00799625,-0.000628313
27,3,1.05058,0.010702,-0.00113829
27,4,1.05042,0.0118607,-0.00168297
27,5,1.05022,0.0120999,-0.00224462
27,6,1.04997,0.0119825,-0.00281826
27,7,1.04969,0.0118891,-0.00340757
27,8,1.04936,0.0120094,-0.00401799
27,9,1.04899,0.0123886,-0.00465675
27,10,1.04858,0.0129884,-0.00532799
27,11,1.04813,0.0137383,-0.0060355
27,12,1.04763,0.0145665,-0.00677992
27,13,1.04709,0.0154156,-0.00756209
27,14,1.0465,0.0162463,-0.00838044
27,15,1.04586,0.0170348,-0.00923416
27,16,1.04519,0.0177687,-0.0101206
27,17,1.04446,0.0184426,-0.0110379
27,18,1.04369,0.0190544,-0.011983
27,19,1.04288,0.0196038,-0.0129535
27,20,1.04202,0.0200904,-0.013946
27,21,1.04111,0.0205136,-0.0149577
27,22,1.04017,0.0208723,-0.0159849
27,23,1.03918,0.0211652,-0.0170243
27,24,1.03815,0.021391,-0.018072
27,25,1.03708,0.0215483,-0.0191245
27,26,1.03597,0.0216359,-0.0201776
27,27,1.03483,0.0216531,-0.0212276
27,28,1.03365,0.0215995,-0.0222704
27,29,1.03244,0.021475,-0.023302
27,30,1.0312,0.02128,-0.0243186
27,31,1.02994,0.0210153,-0.0253165
27,32,1.02865,0.0206819,-0.0262921
27,33,1.02734,0.0202813,-0.0272419
27,34,1.02601,0.0198154,-0.028163
27,35,1.02467,0.0192861,-0.0290523
27,36,1.02332,0.018696,-0.0299074
27,37,1.02196,0.0180478,-0.0307257
27,38,1.02059,0.0173445,-0.0315055
27,39,1.01922,0.0165892,-0.0322448
27,40,1.01786,0.0157853,-0.0329423
27,41,1.01649,0.0149365,-0.0335968
27,42,1.01514,0.0140464,-0.0342073
27,43,1.01379,0.0131186,-0.0347733
27,44,1.01246,0.0121571,-0.0352942
27,45,1.01114,0.0111654,-0.0357699
27,46,1.00984,0.0101475,-0.0362004
27,47,1.00855,0.00910691,-0.0365857
27,48,1.00729,0.00804722,-0.0369261
27,49,1.00606,0.00697189,-0.0372221
27,50,1.00484,0.00588429,-0.0374742
27,51,1.00365,0.00478763,-0.0376831
27,52,1.00249,0.00368502,-0.0378494
27,53,1.00136,0.00257943,-0.037974
27,54,1.00026,0.00147375,-0.0380578
27,55,0.999181,0.000370745,-0.0381017
27,56,0.998135,-0.000726892,-0.0381068
27,57,0.997119,-0.00181655,-0.0380742
27,58,0.996131,-0.00289567,-0.0380049
27,59,0.995172,-0.00396174,-0.0379002
27,60,0.994241,-0.00501229,-0.0377614
27,61,0.993337,-0.00604487,-0.0375896
27,62,0.99246,-0.00705704,-0.0373863
27,63,0.991608,-0.00804637,-0.0371527
27,64,0.99078,-0.00901042,-0.0368904
27,65,0.989976,-0.00994678,-0.0366006
27,66,0.989193,-0.010853,-0.0362848
27,67,0.98843,-0.0117267,-0.0359444
27,68,0.987686,-0.0125654,-0.0355809
27,69,0.986958,-0.0133668,-0.0351956
27,70,0.986247,-0.0141284,-0.0347899
27,71,0.98555,-0.0148479,-0.0343651
27,72,0.984865,-0.015523,-0.0339225
27,73,0.984192,-0.0161514,-0.0334635
27,74,0.983529,-0.016731,-0.0329891
27,75,0.982874,-0.0172597,-0.0325005
27,76,0.982226,-0.0177355,-0.0319988
27,77,0.981584,-0.0181565,-0.0314849
27,78,0.980948,-0.018521,-0.0309599
27,79,0.980316,-0.0188275,-0.0304245
27,80,0.979687,-0.0190745,-0.0298795
27,81,0.979061,-0.0192609,-0.0293255
27,82,0.978437,-0.0193856,-0.0287634
27,83,0.977816,-0.0194481,-0.0281934
27,84,0.977195,-0.0194477,-0.0276163
27,85,0.976576,-0.0193842,-0.0270324
27,86,0.975959,-0.0192578,-0.026442
27,87,0.975343,-0.0190686,-0.0258455
27,88,0.974729,-0.0188175,-0.0252432
27,89,0.974117,-0.0185053,-0.0246353
27,90,0.973509,-0.0181334,-0.0240221
27,91,0.972904,-0.0177034,-0.0234035
27,92,0.972303,-0.0172173,-0.0227801
27,93,0.971708,-0.0166775,-0.0221517
27,94,0.97112,-0.0160865,-0.0215187
27,95,0.970539,-0.0154476,-0.0208809
27,96,0.969967,-0.0147641,-0.0202389
27,97,0.969404,-0.0140396,-0.0195925
27,98,0.968853,-0.0132784,-0.0189421
27,99,0.968314,-0.0124846,-0.0182877
27,100,0.967788,-0.0116628,-0.0176298
27,101,0.967278,-0.0108176,-0.0169683
27,102,0.966783,-0.00995386,-0.0163039
27,103,0.966304,-0.00907617,-0.0156368
27,104,0.965844,-0.00818905,-0.0149676
27,105,0.965402,-0.00729676,-0.0142966
27,106,0.96498,-0.00640322,-0.0136249
27,107,0.964579,-0.00551206,-0.0129528
27,108,0.964198,-0.00462675,-0.0122817
27,109,0.963839,-0.00375101,-0.0116122
27,110,0.963501,-0.00288939,-0.010946
27,111,0.963186,-0.00204832,-0.0102835
27,112,0.962893,-0.00123743,-0.00962668
27,113,0.962623,-0.000471134,-0.00897579
27,114,0.962376,0.000229783,-0.00833216
27,115,0.962151,0.000837031,-0.00769541
27,116,0.96195,0.00131495,-0.00706573
27,117,0.961771,0.0016228,-0.00644125
27,118,0.961615,0.00172041,-0.00582042
27,119,0.961481,0.00157792,-0.00519962
27,120,0.961369,0.00118999,-0.00457594
27,121,0.96128,0.000593013,-0.00394494
27,122,0.961213,-0.000118929,-0.00330348
27,123,0.961168,-0.000787931,-0.00264604
27,124,0.961143,-0.00121046,-0.00196314
27,125,0.96114,-0.00119777,-0.00123533
27,126,0.96116,-0.000689988,-0.000438641
27,127,1,-0.00343474,0
28,0,1,0,0
28,1,1.0502,0.00273711,-0.000196272
28,2,1.0501,0.00752281,-0.000669471
28,3,1.04998,0.0102712,-0.0011967
28,4,1.04981,0.0114459,-0.00174898
28,5,1.04961,0.0116902,-0.00231245
28,6,1.04937,0.0115774,-0.00288325
28,7,1.04909,0.011494,-0.00346724
28,8,1.04877,0.0116309,-0.00407116
28,9,1.04841,0.0120324,-0.00470225
28,10,1.04801,0.0126591,-0.00536455
28,11,1.04756,0.0134389,-0.00606152
28,12,1.04707,0.0142994,-0.00679367
28,13,1.04654,0.0151825,-0.0075616
28,14,1.04596,0.0160483,-0.0083638
28,15,1.04534,0.016873,-0.00919934
28,16,1.04467,0.0176438,-0.0100656
28,17,1.04396,0.0183553,-0.010961
28,18,1.04321,0.0190053,-0.0118822
28,19,1.04241,0.0195934,-0.0128271
28,20,1.04157,0.020119,-0.0137922
28,21,1.04068,0.0205813,-0.014775
28,22,1.03976,0.020979,-0.0157719
28,23,1.03879,0.0213107,-0.0167798
28,24,1.03778,0.0215746,-0.017795
28,25,1.03673,0.0217692,-0.0188142
28,26,1.03564,0.0218931,-0.0198334
28,27,1.03452,0.0219454,-0.0208491
28,28,1.03336,0.0219255,-0.0218575
28,29,1.03218,0.0218331,-0.0228549
28,30,1.03096,0.0216686,-0.0238377
28,31,1.02971,0.0214326,-0.0248024
28,32,1.02845,0.0211261,-0.0257457
28,33,1.02716,0.0207505,-0.0266646
28,34,1.02585,0.0203074,-0.0275559
28,35,1.02452,0.0197989,-0.0284172
28,36,1.02318,0.0192274,-0.029246
28,37,1.02184,0.0185953,-0.0300402
28,38,1.02048,0.0179056,-0.0307979
28,39,1.01912,0.0171613,-0.0315176
28,40,1.01777,0.0163656,-0.0321979
28,41,1.01641,0.015522,-0.0328378
28,42,1.01506,0.0146339,-0.0334365
28,43,1.01372,0.0137049,-0.0339933
28,44,1.01239,0.0127389,-0.0345078
28,45,1.01108,0.0117394,-0.0349799
28,46,1.00978,0.0107102,-0.0354095
28,47,1.0085,0.00965491,-0.0357966
28,48,1.00724,0.00857724,-0.0361416
28,49,1.006,0.00748073,-0.0364447
28,50,1.00478,0.00636888,-0.0367065
28,51,1.00359,0.00524509,-0.0369274
28,52,1.00243,0.00411267,-0.0371081
28,53,1.0013,0.00297483,-0.0372492
28,54,1.00019,0.00183471,-0.0373515
28,55,0.999114,0.000695326,-0.0374157
28,56,0.998066,-0.000440374,-0.0374429
28,57,0.997048,-0.00156953,-0.0374338
28,58,0.996058,-0.00268934,-0.0373896
28,59,0.995098,-0.00379707,-0.0373111
28,60,0.994166,-0.00489006,-0.0371995
28,61,0.993262,-0.00596566,-0.037056
28,62,0.992385,-0.00702129,-0.0368815
28,63,0.991534,-0.00805437,-0.0366775
28,64,0.990707,-0.00906237,-0.036445
28,65,0.989905,-0.0100428,-0.0361854
28,66,0.989124,-0.010993,-0.0358999
28,67,0.988364,-0.0119107,-0.0355897
28,68,0.987624,-0.0127932,-0.0352563
28,69,0.986901,-0.0136381,-0.0349007
28,70,0.986195,-0.014443,-0.0345243
28,71,0.985503,-0.0152055,-0.0341282
28,72,0.984825,-0.015923,-0.0337138
28,73,0.984159,-0.0165933,-0.033282
28,74,0.983503,-0.0172139,-0.0328341
28,75,0.982856,-0.0177827,-0.032371
28,76,0.982217,-0.0182975,-0.0318937
28,77,0.981584,-0.0187561,-0.0314031
28,78,0.980957,-0.0191565,-0.0309002
28,79,0.980335,-0.0194968,-0.0303856
28,80,0.979716,-0.0197754,-0.0298602
28,81,0.9791,-0.0199906,-0.0293245
28,82,0.978486,-0.0201411,-0.0287793
28,83,0.977874,-0.0202258,-0.0282249
28,84,0.977263,-0.0202436,-0.027662
28,85,0.976653,-0.020194,-0.0270909
28,86,0.976045,-0.0200765,-0.0265121
28,87,0.975437,-0.0198912,-0.0259258
28,88,0.974831,-0.0196383,-0.0253324
28,89,0.974227,-0.0193184,-0.0247322
28,90,0.973624,-0.0189327,-0.0241255
28,91,0.973025,-0.0184825,-0.0235123
28,92,0.972429,-0.0179697,-0.0228932
28,93,0.971838,-0.0173967,-0.022268
28,94,0.971253,-0.0167663,-0.0216373
28,95,0.970674,-0.0160817,-0.0210009
28,96,0.970102,-0.0153466,-0.0203594
28,97,0.96954,-0.0145652,-0.0197126
28,98,0.968988,-0.013742,-0.0190611
28,99,0.968448,-0.0128819,-0.0184049
28,100,0.96792,-0.0119902,-0.0177445
28,101,0.967407,-0.0110723,-0.0170799
28,102,0.966909,-0.0101336,-0.0164119
28,103,0.966427,-0.00917954,-0.0157404
28,104,0.965963,-0.00821543,-0.0150664
28,105,0.965517,-0.00724621,-0.0143902
28,106,0.965091,-0.00627646,-0.0137128
28,107,0.964685,-0.00531037,-0.0130346
28,108,0.964299,-0.00435194,-0.0123572
28,109,0.963935,-0.00340529,-0.011681
28,110,0.963593,-0.00247538,-0.0110079
28,111,0.963274,-0.00156897,-0.0103384
28,112,0.962977,-0.00069607,-0.00967449
28,113,0.962702,0.000128513,-0.0090166
28,114,0.962451,0.00088348,-0.00836611
28,115,0.962223,0.00153993,-0.00772293
28,116,0.962017,0.00206145,-0.00708737
28,117,0.961834,0.00240649,-0.00645792
28,118,0.961675,0.00253409,-0.00583327
28,119,0.961537,0.00241384,-0.00521021
28,120,0.961422,0.00204024,-0.00458598
28,121,0.96133,0.00144987,-0.00395637
28,122,0.961259,0.000736687,-0.00331759
28,123,0.961211,5.654e-05,-0.00266262
28,124,0.961186,-0.000393207,-0.00198161
28,125,0.961183,-0.000434723,-0.00125292
28,126,0.961198,-1.9019e-05,-0.000437619
28,127,1,-0.00343474,0
29,0,1,0,0
29,1,1.0496,0.00341321,-0.000220374
29,2,1.04952,0.00828613,-0.000708081
29,3,1.0494,0.0110766,-0.00125244
29,4,1.04924,0.0122706,-0.0018125
29,5,1.04904,0.0125286,-0.00237485
29,6,1.0488,0.0124344,-0.00294046
29,7,1.04853,0.0123781,-0.00351696
29,8,1.04821,0.0125505,-0.00411186
29,9,1.04786,0.0129935,-0.00473257
29,10,1.04746,0.0136649,-0.00538302
29,11,1.04703,0.0144903,-0.00606631
29,12,1.04655,0.0153951,-0.00678282
29,13,1.04603,0.0163197,-0.00753302
29,14,1.04547,0.0172232,-0.00831541
29,15,1.04486,0.0180807,-0.00912904
29,16,1.04421,0.0188789,-0.00997143
29,17,1.04352,0.0196119,-0.0108409
29,18,1.04278,0.0202773,-0.0117343
29,19,1.042,0.0208742,-0.0126497
29,20,1.04117,0.021402,-0.0135837
29,21,1.04031,0.0218598,-0.0145339
29,22,1.0394,0.0222463,-0.0154969
29,23,1.03845,0.0225598,-0.0164698
29,24,1.03746,0.0227988,-0.0174491
29,25,1.03642,0.0229617,-0.0184317
29,26,1.03536,0.0230474,-0.0194141
29,27,1.03425,0.023055,-0.0203928
29,28,1.03311,0.0229843,-0.0213644
29,29,1.03194,0.0228354,-0.0223255
29,30,1.03074,0.0226089,-0.0232726
29,31,1.02951,0.0223061,-0.0242027
29,32,1.02826,0.0219285,-0.0251125
29,33,1.02698,0.021478,-0.0259993
29,34,1.02568,0.0209571,-0.0268604
29,35,1.02437,0.0203686,-0.0276933
29,36,1.02304,0.0197154,-0.0284958
29,37,1.0217,0.019001,-0.029266
29,38,1.02036,0.0182289,-0.0300022
29,39,1.01901,0.0174031,-0.0307029
29,40,1.01766,0.0165274,-0.0313669
29,41,1.01631,0.0156059,-0.0319933
29,42,1.01497,0.0146428,-0.0325812
29,43,1.01363,0.0136424,-0.0331301
29,44,1.01231,0.0126086,-0.0336396
29,45,1.011,0.0115457,-0.0341095
29,46,1.0097,0.0104577,-0.0345396
29,47,1.00843,0.00934835,-0.0349301
29,48,1.00717,0.00822149,-0.0352812
29,49,1.00594,0.00708069,-0.0355929
29,50,1.00472,0.00592938,-0.0358658
29,51,1.00354,0.00477084,-0.0361002
29,52,1.00238,0.0036082,-0.0362966
29,53,1.00125,0.00244444,-0.0364555
29,54,1.00014,0.00128239,-0.0365776
29,55,0.999067,0.000124804,-0.0366636
29,56,0.998021,-0.00102569,-0.0367141
29,57,0.997005,-0.00216653,-0.0367299
29,58,0.996017,-0.00329522,-0.0367118
29,59,0.995059,-0.0044093,-0.0366607
29,60,0.994129,-0.00550636,-0.0365776
29,61,0.993227,-0.00658399,-0.0364633
29,62,0.992352,-0.00763978,-0.036319
29,63,0.991503,-0.00867133,-0.0361455
29,64,0.990679,-0.00967623,-0.035944
29,65,0.989879,-0.010652,-0.0357156
29,66,0.989101,-0.0115963,-0.0354614
29,67,0.988344,-0.0125067,-0.0351825
29,68,0.987606,-0.0133806,-0.0348802
29,69,0.986887,-0.0142156,-0.0345554
29,70,0.986184,-0.0150093,-0.0342093
29,71,0.985496,-0.0157592,-0.0338431
29,72,0.984821,-0.0164629,-0.0334577
29,73,0.984158,-0.0171182,-0.0330543
29,74,0.983506,-0.0177227,-0.0326338
29,75,0.982863,-0.0182741,-0.0321971
29,76,0.982228,-0.0187705,-0.0317453
29,77,0.9816,-0.0192098,-0.031279
29,78,0.980977,-0.0195902,-0.0307991
29,79,0.980359,-0.01991,-0.0303064
29,80,0.979745,-0.0201677,-0.0298015
29,81,0.979133,-0.0203619,-0.029285
29,82,0.978524,-0.0204916,-0.0287576
29,83,0.977916,-0.020556,-0.0282197
29,84,0.97731,-0.0205545,-0.0276718
29,85,0.976705,-0.0204866,-0.0271144
29,86,0.976101,-0.0203526,-0.0265478
29,87,0.975498,-0.0201525,-0.0259725
29,88,0.974897,-0.0198871,-0.0253888
29,89,0.974297,-0.0195573,-0.024797
29,90,0.973699,-0.0191644,-0.0241974
29,91,0.973104,-0.0187101,-0.0235903
29,92,0.972512,-0.0181964,-0.022976
29,93,0.971924,-0.0176257,-0.0223546
29,94,0.971342,-0.0170007,-0.0217266
29,95,0.970766,-0.0163247,-0.0210921
29,96,0.970197,-0.0156012,-0.0204515
29,97,0.969636,-0.014834,-0.0198049
29,98,0.969086,-0.0140273,-0.0191528
29,99,0.968546,-0.0131856,-0.0184952
29,100,0.968019,-0.0123136,-0.0178328
29,101,0.967505,-0.0114162,-0.0171656
29,102,0.967006,-0.0104982,-0.0164943
29,103,0.966522,-0.0095644,-0.0158192
29,104,0.966056,-0.00861952,-0.015141
29,105,0.965607,-0.00766788,-0.0144602
29,106,0.965177,-0.00671348,-0.0137778
29,107,0.964767,-0.00576002,-0.0130944
29,108,0.964377,-0.00481104,-0.0124114
29,109,0.964009,-0.00387032,-0.0117295
29,110,0.963662,-0.0029426,-0.0110504
29,111,0.963337,-0.00203455,-0.010375
29,112,0.963034,-0.00115622,-0.00970504
29,113,0.962755,-0.000322657,-0.0090413
29,114,0.962498,0.000444403,-0.00838518
29,115,0.962265,0.00111541,-0.00773682
29,116,0.962054,0.00165308,-0.00709669
29,117,0.961868,0.00201481,-0.00646362
29,118,0.961704,0.00215851,-0.00583653
29,119,0.961564,0.00205264,-0.00521259
29,120,0.961447,0.0016907,-0.00458918
29,121,0.961353,0.00110815,-0.00396204
29,122,0.961281,0.000396962,-0.0033269
29,123,0.961233,-0.000291428,-0.00267612
29,124,0.961207,-0.000768297,-0.00199596
29,125,0.961202,-0.000868413,-0.00126255
29,126,0.961221,-0.000550149,-0.00044977
29,127,1,-0.00343474,0
30,0,1,0,0
30,1,1.04895,0.0028758,-0.000223765
30,2,1.04885,0.00782527,-0.000747015
30,3,1.04873,0.0106381,-0.00130692
30,4,1.04857,0.0118298,-0.00187189
30,5,1.04837,0.0120804,-0.00243251
30,6,1.04814,0.0119839,-0.00299107
30,7,1.04787,0.0119337,-0.00355759
30,8,1.04756,0.0121196,-0.00414091
30,9,1.04721,0.0125819,-0.00474854
30,10,1.04682,0.0132768,-0.00538431
30,11,1.04639,0.0141284,-0.00605101
30,12,1.04592,0.0150615,-0.00674893
30,13,1.04541,0.0160162,-0.00747837
30,14,1.04486,0.0169513,-0.00823788
30,15,1.04427,0.0178415,-0.00902648
30,16,1.04363,0.0186737,-0.00984182
30,17,1.04295,0.0194416,-0.0106822
30,18,1.04223,0.0201427,-0.0115448
30,19,1.04147,0.0207762,-0.0124275
30,20,1.04066,0.0213412,-0.0133272
30,21,1.03981,0.0218367,-0.0142417
30,22,1.03893,0.022261,-0.0151678
30,23,1.038,0.0226125,-0.0161028
30,24,1.03703,0.0228891,-0.0170435
30,25,1.03602,0.0230892,-0.017987
30,26,1.03498,0.0232114,-0.01893
30,27,1.0339,0.0232545,-0.0198695
30,28,1.03279,0.0232181,-0.0208022
30,29,1.03164,0.0231023,-0.021725
30,30,1.03046,0.0229075,-0.0226348
30,31,1.02926,0.0226348,-0.0235287
30,32,1.02803,0.0222855,-0.0244039
30,33,1.02677,0.0218617,-0.0252577
30,34,1.0255,0.0213656,-0.0260877
30,35,1.02421,0.0207997,-0.0268916
30,36,1.0229,0.0201671,-0.0276676
30,37,1.02158,0.0194709,-0.0284136
30,38,1.02026,0.0187146,-0.0291283
30,39,1.01892,0.0179018,-0.0298103
30,40,1.01759,0.0170363,-0.0304584
30,41,1.01625,0.016122,-0.0310718
30,42,1.01492,0.0151629,-0.0316497
30,43,1.0136,0.0141631,-0.0321915
30,44,1.01228,0.0131267,-0.0326969
30,45,1.01098,0.0120576,-0.0331656
30,46,1.0097,0.0109598,-0.0335975
30,47,1.00843,0.00983736,-0.0339925
30,48,1.00717,0.00869395,-0.0343508
30,49,1.00594,0.00753334,-0.0346724
30,50,1.00474,0.00635912,-0.0349577
30,51,1.00356,0.00517476,-0.0352068
30,52,1.0024,0.00398362,-0.0354202
30,53,1.00127,0.00278892,-0.0355983
30,54,1.00017,0.00159377,-0.0357415
30,55,0.999095,0.000401194,-0.0358503
30,56,0.998052,-0.000785919,-0.0359254
30,57,0.997037,-0.00196475,-0.0359672
30,58,0.996052,-0.00313256,-0.0359765
30,59,0.995096,-0.00428668,-0.0359539
30,60,0.994168,-0.00542449,-0.0359002
30,61,0.993268,-0.00654341,-0.0358163
30,62,0.992395,-0.0076409,-0.0357029
30,63,0.991549,-0.00871444,-0.035561
30,64,0.990728,-0.00976151,-0.0353914
30,65,0.989931,-0.0107796,-0.0351951
30,66,0.989156,-0.0117663,-0.0349731
30,67,0.988403,-0.012719,-0.0347264
30,68,0.987669,-0.0136352,-0.0344559
30,69,0.986954,-0.0145125,-0.0341627
30,70,0.986255,-0.0153483,-0.0338478
30,71,0.985572,-0.0161403,-0.0335121
30,72,0.984903,-0.0168858,-0.0331567
30,73,0.984246,-0.0175825,-0.0327823
30,74,0.983601,-0.018228,-0.03239
30,75,0.982964,-0.0188198,-0.0319805
30,76,0.982336,-0.0193558,-0.0315547
30,77,0.981715,-0.0198338,-0.0311134
30,78,0.981099,-0.0202515,-0.0306573
30,79,0.980489,-0.020607,-0.030187
30,80,0.979882,-0.0208986,-0.0297033
30,81,0.979278,-0.0211244,-0.0292066
30,82,0.978676,-0.0212831,-0.0286976
30,83,0.978076,-0.0213733,-0.0281767
30,84,0.977477,-0.021394,-0.0276444
30,85,0.976879,-0.0213444,-0.0271012
30,86,0.976281,-0.0212241,-0.0265476
30,87,0.975684,-0.0210329,-0.0259838
30,88,0.975087,-0.0207709,-0.0254103
30,89,0.974492,-0.0204388,-0.0248273
30,90,0.973897,-0.0200375,-0.0242354
30,91,0.973305,-0.0195684,-0.0236348
30,92,0.972715,-0.0190334,-0.0230259
30,93,0.972128,-0.0184347,-0.0224089
30,94,0.971546,-0.0177752,-0.0217843
30,95,0.970969,-0.017058,-0.0211522
30,96,0.970398,-0.016287,-0.0205131
30,97,0.969835,-0.0154663,-0.0198673
30,98,0.969281,-0.0146007,-0.0192151
30,99,0.968738,-0.013695,-0.0185569
30,100,0.968205,-0.0127548,-0.0178931
30,101,0.967686,-0.0117854,-0.017224
30,102,0.967181,-0.0107925,-0.0165503
30,103,0.966691,-0.0097818,-0.0158723
30,104,0.966217,-0.0087586,-0.0151908
30,105,0.965762,-0.00772802,-0.0145063
30,106,0.965324,-0.00669475,-0.0138198
30,107,0.964907,-0.00566311,-0.0131321
30,108,0.96451,-0.00463722,-0.0124445
30,109,0.964134,-0.00362135,-0.0117579
30,110,0.96378,-0.00262068,-0.011074
30,111,0.963448,-0.00164231,-0.0103937
30,112,0.963139,-0.000696692,-0.00971891
30,113,0.962852,0.000200663,-0.00905047
30,114,0.962589,0.0010275,-0.00838987
30,115,0.96235,0.00175363,-0.0077375
30,116,0.962134,0.00234103,-0.00709395
30,117,0.961941,0.00274628,-0.0064584
30,118,0.961772,0.00292647,-0.00582998
30,119,0.961627,0.00284937,-0.00520622
30,120,0.961504,0.00250801,-0.00458463
30,121,0.961405,0.00193737,-0.00396104
30,122,0.961329,0.0012282,-0.00333049
30,123,0.961277,0.000528378,-0.00268374
30,124,0.961248,1.9276e-05,-0.00200695
30,125,0.961242,-0.000144192,-0.00127452
30,126,0.961254,7.40129e-05,-0.00044575
30,127,1,-0.00343474,0
31,0,1,0,0
31,1,1.04828,0.00352891,-0.000247017
31,2,1.0482,0.00855541,-0.000783625
31,3,1.04808,0.0113912,-0.00135899
31,4,1.04792,0.0125853,-0.00192921
31,5,1.04772,0.0128391,-0.00248546
31,6,1.04749,0.0127561,-0.00303507
31,7,1.04722,0.0127315,-0.00358989
31,8,1.04692,0.0129527,-0.00415965
31,9,1.04658,0.0134564,-0.00475202
31,10,1.0462,0.0141956,-0.00537073
31,11,1.04578,0.0150921,-0.00601828
31,12,1.04533,0.0160686,-0.00669484
31,13,1.04483,0.0170639,-0.0074006
31,14,1.04429,0.0180357,-0.00813419
31,15,1.04371,0.0189579,-0.00889464
31,16,1.04309,0.0198167,-0.00967974
31,17,1.04243,0.0206055,-0.0104878
31,18,1.04173,0.0213214,-0.0113163
31,19,1.04099,0.0219633,-0.0121631
31,20,1.0402,0.0225303,-0.0130255
31,21,1.03937,0.0230212,-0.0139013
31,22,1.03851,0.0234344,-0.0147875
31,23,1.0376,0.0237682,-0.0156818
31,24,1.03665,0.0240207,-0.0165812
31,25,1.03567,0.0241902,-0.0174831
31,26,1.03464,0.0242754,-0.0183845
31,27,1.03358,0.0242756,-0.0192827
31,28,1.03249,0.0241905,-0.0201746
31,29,1.03137,0.0240205,-0.0210576
31,30,1.03021,0.0237665,-0.0219287
31,31,1.02902,0.0234301,-0.0227854
31,32,1.02781,0.0230133,-0.0236251
31,33,1.02657,0.0225185,-0.0244453
31,34,1.02532,0.0219487,-0.0252439
31,35,1.02404,0.0213074,-0.0260189
31,36,1.02275,0.0205981,-0.0267683
31,37,1.02145,0.0198248,-0.0274905
31,38,1.02014,0.0189917,-0.0281842
31,39,1.01882,0.0181033,-0.0288481
31,40,1.0175,0.0171639,-0.0294811
31,41,1.01618,0.0161783,-0.0300823
31,42,1.01486,0.0151509,-0.030651
31,43,1.01355,0.0140865,-0.0311868
31,44,1.01224,0.0129893,-0.0316891
31,45,1.01095,0.0118639,-0.0321576
31,46,1.00968,0.0107144,-0.0325922
31,47,1.00842,0.00954494,-0.0329927
31,48,1.00718,0.00835935,-0.0333592
31,49,1.00595,0.00716131,-0.0336916
31,50,1.00476,0.00595433,-0.0339901
31,51,1.00358,0.00474168,-0.0342548
31,52,1.00244,0.00352649,-0.0344861
31,53,1.00131,0.0023117,-0.034684
31,54,1.00022,0.00110014,-0.034849
31,55,0.999154,-0.000105528,-0.0349814
31,56,0.998117,-0.00130272,-0.0350816
31,57,0.997109,-0.00248893,-0.0351501
31,58,0.996129,-0.00366174,-0.0351873
31,59,0.995178,-0.00481874,-0.0351938
31,60,0.994256,-0.00595756,-0.0351703
31,61,0.993361,-0.00707584,-0.0351172
31,62,0.992492,-0.0081712,-0.0350355
31,63,0.99165,-0.00924126,-0.0349256
31,64,0.990833,-0.0102836,-0.0347885
31,65,0.990039,-0.0112958,-0.034625
31,66,0.989268,-0.0122754,-0.0344358
31,67,0.988518,-0.01322,-0.0342218
31,68,0.987787,-0.0141269,-0.0339839
31,69,0.987075,-0.0149937,-0.033723
31,70,0.98638,-0.015818,-0.0334399
31,71,0.985699,-0.0165971,-0.0331354
31,72,0.985033,-0.0173285,-0.0328105
31,73,0.984378,-0.0180099,-0.0324659
31,74,0.983735,-0.0186388,-0.0321025
31,75,0.983101,-0.0192129,-0.0317209
31,76,0.982475,-0.01973,-0.031322
31,77,0.981856,-0.020188,-0.0309064
31,78,0.981242,-0.0205849,-0.0304748
31,79,0.980634,-0.0209188,-0.0300278
31,80,0.980029,-0.0211881,-0.029566
31,81,0.979426,-0.0213915,-0.0290899
31,82,0.978826,-0.0215276,-0.0286
31,83,0.978228,-0.0215956,-0.0280969
31,84,0.97763,-0.0215947,-0.0275811
31,85,0.977033,-0.0215246,-0.0270529
31,86,0.976437,-0.021385,-0.0265128
31,87,0.975841,-0.0211764,-0.0259612
31,88,0.975246,-0.0208992,-0.0253986
31,89,0.974652,-0.0205543,-0.0248252
31,90,0.974058,-0.020143,-0.0242416
31,91,0.973467,-0.0196671,-0.0236481
31,92,0.972877,-0.0191286,-0.0230452
31,93,0.972291,-0.0185298,-0.0224331
31,94,0.971709,-0.0178737,-0.0218123
31,95,0.971131,-0.0171635,-0.0211831
31,96,0.97056,-0.0164029,-0.0205461
31,97,0.969996,-0.0155958,-0.0199014
31,98,0.969441,-0.0147466,-0.0192497
31,99,0.968895,-0.0138599,-0.0185913
31,100,0.96836,-0.0129405,-0.0179267
31,101,0.967838,-0.0119935,-0.0172562
31,102,0.967329,-0.0110238,-0.0165806
31,103,0.966834,-0.0100364,-0.0159002
31,104,0.966356,-0.00903604,-0.015216
31,105,0.965895,-0.00802716,-0.0145284
31,106,0.965452,-0.00701381,-0.0138386
31,107,0.965028,-0.0059997,-0.0131474
31,108,0.964624,-0.00498843,-0.0124561
31,109,0.964241,-0.00398384,-0.0117657
31,110,0.963879,-0.00299075,-0.0110778
31,111,0.963539,-0.00201607,-0.0103937
31,112,0.963222,-0.00107017,-0.00971508
31,113,0.962929,-0.000168663,-0.00904308
31,114,0.962658,0.000665925,-0.00837921
31,115,0.962411,0.00140294,-0.00772407
31,116,0.962188,0.00200368,-0.0070784
31,117,0.961989,0.00242386,-0.0064417
31,118,0.961815,0.00261953,-0.0058133
31,119,0.961664,0.00255733,-0.00519109
31,120,0.961538,0.00222894,-0.00457263
31,121,0.961435,0.00166753,-0.00395365
31,122,0.961357,0.000960606,-0.00332863
31,123,0.961303,0.000250126,-0.00268768
31,124,0.961272,-0.000292269,-0.00201323
31,125,0.961262,-0.000523164,-0.00127802
31,126,0.961278,-0.00040839,-0.00045585
31,127,1,-0.00343474,0
32,0,1,0,0
32,1,1.04755,0.00301678,-0.000249825
32,2,1.04745,0.00810858,-0.000820768
32,3,1.04733,0.0109449,-0.00141005
32,4,1.04717,0.0121169,-0.0019828
32,5,1.04697,0.0123498,-0.00253437
32,6,1.04674,0.0122566,-0.00307356
32,7,1.04648,0.0122332,-0.00361471
32,8,1.04618,0.0124644,-0.00416887
32,9,1.04585,0.0129838,-0.00474383
32,10,1.04547,0.0137424,-0.00534323
32,11,1.04506,0.0146608,-0.0059693
32,12,1.04461,0.0156614,-0.00662213
32,13,1.04413,0.0166827,-0.00730181
32,14,1.0436,0.0176821,-0.00800705
32,15,1.04304,0.0186337,-0.00873688
32,16,1.04243,0.0195233,-0.00948926
32,17,1.04179,0.0203443,-0.0102626
32,18,1.0411,0.0210936,-0.0110545
32,19,1.04038,0.0217702,-0.011863
32,20,1.03961,0.0223729,-0.0126856
32,21,1.03881,0.0229005,-0.0135202
32,22,1.03796,0.023351,-0.0143643
32,23,1.03708,0.0237226,-0.0152157
32,24,1.03616,0.024013,-0.0160718
32,25,1.0352,0.0242204,-0.0169301
32,26,1.03421,0.0243431,-0.0177881
32,27,1.03318,0.0243803,-0.0186433
32,28,1.03211,0.0243313,-0.019493
32,29,1.03102,0.0241964,-0.0203347
32,30,1.02989,0.0239764,-0.021166
32,31,1.02873,0.0236726,-0.0219844
32,32,1.02755,0.0232869,-0.0227877
32,33,1.02634,0.0228216,-0.0235737
32,34,1.02511,0.0222795,-0.0243403
32,35,1.02387,0.0216638,-0.0250858
32,36,1.0226,0.0209781,-0.0258085
32,37,1.02132,0.020226,-0.0265068
32,38,1.02003,0.0194116,-0.0271795
32,39,1.01874,0.0185391,-0.0278253
32,40,1.01744,0.0176127,-0.0284434
32,41,1.01614,0.0166368,-0.0290328
32,42,1.01484,0.015616,-0.0295928
32,43,1.01355,0.0145545,-0.0301229
32,44,1.01226,0.0134568,-0.0306226
32,45,1.01099,0.0123272,-0.0310916
32,46,1.00972,0.0111699,-0.0315295
32,47,1.00848,0.00998901,-0.0319362
32,48,1.00725,0.00878848,-0.0323115
32,49,1.00604,0.00757215,-0.0326554
32,50,1.00485,0.00634368,-0.0329679
32,51,1.00369,0.00510658,-0.0332489
32,52,1.00255,0.00386422,-0.0334987
32,53,1.00144,0.00261983,-0.0337171
32,54,1.00035,0.00137649,-0.0339046
32,55,0.999291,0.000137187,-0.0340611
32,56,0.998261,-0.00109524,-0.0341871
32,57,0.997259,-0.00231801,-0.0342828
32,58,0.996286,-0.00352846,-0.0343485
32,59,0.995341,-0.00472396,-0.0343846
32,60,0.994423,-0.00590195,-0.0343916
32,61,0.993533,-0.00705991,-0.0343699
32,62,0.99267,-0.00819532,-0.0343202
32,63,0.991832,-0.0093057,-0.0342429
32,64,0.99102,-0.0103886,-0.0341387
32,65,0.990231,-0.0114415,-0.0340083
32,66,0.989464,-0.0124619,-0.0338524
32,67,0.988718,-0.0134473,-0.0336716
32,68,0.987992,-0.0143952,-0.0334667
32,69,0.987284,-0.015303,-0.0332384
32,70,0.986593,-0.0161684,-0.0329875
32,71,0.985918,-0.0169886,-0.0327147
32,72,0.985256,-0.0177612,-0.0324208
32,73,0.984606,-0.0184836,-0.0321065
32,74,0.983968,-0.0191534,-0.0317724
32,75,0.983339,-0.0197682,-0.0314192
32,76,0.982718,-0.0203255,-0.0310476
32,77,0.982104,-0.0208231,-0.0306582
32,78,0.981496,-0.0212587,-0.0302516
32,79,0.980892,-0.0216302,-0.0298283
32,80,0.980293,-0.0219357,-0.0293888
32,81,0.979695,-0.0221734,-0.0289338
32,82,0.9791,-0.0223416,-0.0284636
32,83,0.978507,-0.0224391,-0.0279788
32,84,0.977914,-0.0224645,-0.0274798
32,85,0.977321,-0.0224171,-0.026967
32,86,0.976728,-0.0222962,-0.026441
32,87,0.976135,-0.0221016,-0.0259021
32,88,0.975542,-0.0218333,-0.0253509
32,89,0.974949,-0.0214919,-0.0247876
32,90,0.974356,-0.0210782,-0.0242128
32,91,0.973765,-0.0205936,-0.023627
32,92,0.973174,-0.0200397,-0.0230305
32,93,0.972586,-0.0194189,-0.0224238
32,94,0.972001,-0.0187339,-0.0218075
32,95,0.971419,-0.017988,-0.0211818
32,96,0.970843,-0.017185,-0.0205474
32,97,0.970274,-0.016329,-0.0199047
32,98,0.969711,-0.0154248,-0.0192541
32,99,0.969158,-0.0144776,-0.0185961
32,100,0.968615,-0.0134926,-0.0179314
32,101,0.968084,-0.0124757,-0.0172603
32,102,0.967566,-0.0114324,-0.0165836
32,103,0.967062,-0.0103685,-0.0159018
32,104,0.966574,-0.00928956,-0.0152158
32,105,0.966103,-0.0082007,-0.0145261
32,106,0.965649,-0.00710673,-0.0138339
32,107,0.965215,-0.00601203,-0.0131401
32,108,0.964801,-0.00492082,-0.0124461
32,109,0.964408,-0.0038375,-0.011753
32,110,0.964036,-0.00276741,-0.0110623
32,111,0.963687,-0.00171792,-0.0103755
32,112,0.96336,-0.000699887,-0.00969423
32,113,0.963057,0.000270572,-0.00901983
32,114,0.962778,0.00117037,-0.00835385
32,115,0.962523,0.0019682,-0.0076971
32,116,0.962292,0.00262462,-0.00705047
32,117,0.962085,0.00309449,-0.00641374
32,118,0.961903,0.00333301,-0.00578647
32,119,0.961746,0.00330595,-0.00516682
32,120,0.961612,0.00300415,-0.00455245
32,121,0.961504,0.00245957,-0.00393911
32,122,0.961419,0.0017574,-0.00332052
32,123,0.961359,0.0010348,-0.00268514
32,124,0.961324,0.000455406,-0.00201569
32,125,0.961313,0.0001538,-0.00128363
32,126,0.96132,0.000164691,-0.000448706
32,127,1,-0.00343474,0
33,0,1,0,0
33,1,1.04679,0.00364817,-0.000272497
33,2,1.0467,0.00880683,-0.000855775
33,3,1.04658,0.0116457,-0.0014589
33,4,1.04642,0.0128021,-0.00203468
33,5,1.04623,0.0130268,-0.00257928
33,6,1.046,0.0129419,-0.00310661
33,7,1.04575,0.0129422,-0.00363291
33,8,1.04545,0.0132081,-0.00417005
33,9,1.04512,0.0137686,-0.00472601
33,10,1.04476,0.0145711,-0.00530431
33,11,1.04436,0.0155336,-0.00590693
33,12,1.04393,0.0165768,-0.00653391
33,13,1.04345,0.0176379,-0.00718522
33,14,1.04294,0.0186733,-0.00785971
33,15,1.04239,0.0196564,-0.00855646
33,16,1.04181,0.0205723,-0.0092736
33,17,1.04118,0.0214139,-0.0100097
33,18,1.04052,0.022178,-0.0107624
33,19,1.03981,0.0228631,-0.0115301
33,20,1.03907,0.0234683,-0.0123105
33,21,1.03829,0.0239919,-0.0131017
33,22,1.03747,0.0244324,-0.0139014
33,23,1.03661,0.0247875,-0.0147077
33,24,1.03571,0.0250554,-0.0155183
33,25,1.03478,0.0252342,-0.0163313
33,26,1.03381,0.0253225,-0.0171441
33,27,1.0328,0.0253195,-0.0179548
33,28,1.03176,0.0252249,-0.0187609
33,29,1.03069,0.0250394,-0.0195603
33,30,1.02959,0.0247642,-0.0203508
33,31,1.02846,0.0244009,-0.0211303
33,32,1.0273,0.0239521,-0.0218966
33,33,1.02611,0.0234208,-0.022648
33,34,1.02491,0.0228103,-0.0233825
33,35,1.02368,0.0221246,-0.0240985
33,36,1.02244,0.021368,-0.0247946
33,37,1.02118,0.0205448,-0.0254692
33,38,1.01992,0.0196598,-0.0261212
33,39,1.01864,0.018718,-0.0267495
33,40,1.01736,0.0177244,-0.0273531
33,41,1.01608,0.0166838,-0.0279312
33,42,1.0148,0.0156013,-0.0284831
33,43,1.01353,0.0144819,-0.0290082
33,44,1.01226,0.0133302,-0.0295059
33,45,1.011,0.0121509,-0.0299758
33,46,1.00976,0.0109483,-0.0304175
33,47,1.00853,0.00972679,-0.0308308
33,48,1.00732,0.0084902,-0.0312154
33,49,1.00613,0.00724231,-0.0315712
33,50,1.00496,0.00598664,-0.0318979
33,51,1.00381,0.00472649,-0.0321955
33,52,1.00268,0.00346496,-0.0324639
33,53,1.00158,0.00220497,-0.0327031
33,54,1.00051,0.000949296,-0.0329131
33,55,0.999464,-0.000299438,-0.0330939
33,56,0.998446,-0.0015387,-0.0332458
33,57,0.997454,-0.00276605,-0.0333687
33,58,0.996491,-0.0039791,-0.0334629
33,59,0.995555,-0.0051755,-0.0335287
33,60,0.994646,-0.0063529,-0.0335664
33,61,0.993764,-0.00750897,-0.0335762
33,62,0.992908,-0.00864137,-0.0335586
33,63,0.992077,-0.00974771,-0.033514
33,64,0.99127,-0.0108256,-0.0334429
33,65,0.990486,-0.0118725,-0.0333458
33,66,0.989724,-0.012886,-0.0332233
33,67,0.988983,-0.0138636,-0.0330759
33,68,0.98826,-0.0148028,-0.0329043
33,69,0.987556,-0.0157008,-0.032709
33,70,0.986868,-0.0165552,-0.0324907
33,71,0.986194,-0.0173632,-0.03225
33,72,0.985534,-0.0181225,-0.0319875
33,73,0.984886,-0.0188303,-0.0317038
33,74,0.984249,-0.0194842,-0.0313995
33,75,0.983621,-0.0200816,-0.0310752
33,76,0.983001,-0.0206204,-0.0307315
33,77,0.982387,-0.0210982,-0.0303689
33,78,0.981779,-0.0215128,-0.0299878
33,79,0.981175,-0.0218625,-0.0295889
33,80,0.980574,-0.0221452,-0.0291725
33,81,0.979976,-0.0223596,-0.0287392
33,82,0.97938,-0.0225042,-0.0282893
33,83,0.978785,-0.022578,-0.0278235
33,84,0.97819,-0.0225802,-0.027342
33,85,0.977596,-0.0225102,-0.0268455
33,86,0.977001,-0.0223678,-0.0263342
33,87,0.976406,-0.0221533,-0.0258087
33,88,0.975811,-0.0218671,-0.0252695
33,89,0.975216,-0.02151,-0.0247169
33,90,0.974621,-0.0210834,-0.0241516
33,91,0.974026,-0.0205888,-0.023574
33,92,0.973433,-0.0200285,-0.0229847
33,93,0.972842,-0.0194048,-0.022384
33,94,0.972254,-0.0187206,-0.0217727
33,95,0.971669,-0.0179793,-0.0211511
33,96,0.971089,-0.0171846,-0.0205198
33,97,0.970515,-0.0163405,-0.0198794
33,98,0.969948,-0.0154517,-0.0192305
33,99,0.96939,-0.0145227,-0.0185736
33,100,0.968842,-0.0135586,-0.0179093
33,101,0.968305,-0.0125646,-0.0172381
33,102,0.96778,-0.0115456,-0.0165609
33,103,0.967269,-0.0105069,-0.0158782
33,104,0.966773,-0.00945322,-0.0151909
33,105,0.966294,-0.00838902,-0.0144997
33,106,0.965832,-0.0073184,-0.0138059
33,107,0.965388,-0.00624511,-0.0131104
33,108,0.964965,-0.00517274,-0.0124145
33,109,0.964562,-0.00410517,-0.0117194
33,110,0.96418,-0.00304731,-0.0110269
33,111,0.963821,-0.00200621,-0.0103384
33,112,0.963484,-0.00099254,-0.00965555
33,113,0.963171,-2.23558e-05,-0.00897985
33,114,0.962882,0.000881142,-0.00831293
33,115,0.962617,0.00168636,-0.0076558
33,116,0.962377,0.00235337,-0.00700946
33,117,0.962162,0.00283634,-0.00637399
33,118,0.961972,0.00308953,-0.00574914
33,119,0.961807,0.00307754,-0.00513336
33,120,0.961668,0.00278952,-0.00452436
33,121,0.961554,0.00225488,-0.00391765
33,122,0.961466,0.00155444,-0.00330639
33,123,0.961403,0.000818199,-0.00267844
33,124,0.961364,0.000199604,-0.00201294
33,125,0.961348,-0.000176306,-0.0012804
33,126,0.961359,-0.000270603,-0.000456437
33,127,1,-0.00343474,0
34,0,1,0,0
34,1,1.04596,0.00316156,-0.000275004
34,2,1.04585,0.00837392,-0.000891534
34,3,1.04572,0.0111905,-0.00150693
34,4,1.04556,0.0123039,-0.00208315
34,5,1.04537,0.0124937,-0.00262075
34,6,1.04515,0.0123903,-0.00313519
34,7,1.0449,0.0123867,-0.00364516
34,8,1.04461,0.0126585,-0.0041638
34,9,1.04429,0.0132307,-0.00469917
34,10,1.04393,0.0140481,-0.00525471
34,11,1.04354,0.015028,-0.00583218
34,12,1.04311,0.0160908,-0.00643153
34,13,1.04265,0.0171736,-0.00705272
34,14,1.04215,0.0182329,-0.00769466
34,15,1.04162,0.0192419,-0.00835652
34,16,1.04105,0.0201856,-0.00903661
34,17,1.04044,0.0210569,-0.00973358
34,18,1.03979,0.0218525,-0.0104454
34,19,1.03911,0.0225708,-0.0111706
34,20,1.03839,0.0232107,-0.011907
34,21,1.03764,0.0237705,-0.0126531
34,22,1.03684,0.0242483,-0.0134068
34,23,1.03601,0.0246418,-0.0141665
34,24,1.03515,0.0249487,-0.0149303
34,25,1.03424,0.0251669,-0.0156964
34,26,1.0333,0.0252948,-0.0164629
34,27,1.03233,0.0253311,-0.0172279
34,28,1.03133,0.0252756,-0.0179893
34,29,1.03029,0.0251284,-0.0187455
34,30,1.02922,0.0248904,-0.0194943
34,31,1.02812,0.0245634,-0.0202341
34,32,1.02699,0.0241496,-0.0209629
34,33,1.02585,0.0236516,-0.021679
34,34,1.02467,0.0230728,-0.022381
34,35,1.02348,0.0224168,-0.0230672
34,36,1.02227,0.0216876,-0.0237363
34,37,1.02105,0.0208895,-0.0243871
34,38,1.01981,0.0200269,-0.0250183
34,39,1.01857,0.0191046,-0.025629
34,40,1.01731,0.0181273,-0.0262181
34,41,1.01606,0.0170997,-0.026785
34,42,1.01481,0.0160267,-0.0273287
34,43,1.01356,0.014913,-0.0278488
34,44,1.01232,0.0137633,-0.0283446
34,45,1.01108,0.0125822,-0.0288155
34,46,1.00986,0.0113739,-0.0292613
34,47,1.00865,0.0101429,-0.0296813
34,48,1.00746,0.00889308,-0.0300754
34,49,1.00629,0.00762849,-0.0304431
34,50,1.00513,0.00635281,-0.0307842
34,51,1.004,0.00506958,-0.0310984
34,52,1.00289,0.00378218,-0.0313856
34,53,1.00181,0.00249384,-0.0316456
34,54,1.00075,0.00120762,-0.0318783
34,55,0.999713,-7.35376e-05,-0.0320835
34,56,0.998706,-0.00134681,-0.0322612
34,57,0.997726,-0.00260948,-0.0324115
34,58,0.996773,-0.0038589,-0.0325343
34,59,0.995847,-0.0050925,-0.0326297
34,60,0.994948,-0.00630775,-0.032698
34,61,0.994074,-0.00750215,-0.0327393
34,62,0.993226,-0.00867324,-0.0327539
34,63,0.992403,-0.00981853,-0.032742
34,64,0.991603,-0.0109356,-0.032704
34,65,0.990826,-0.0120219,-0.0326402
34,66,0.99007,-0.0130749,-0.0325512
34,67,0.989334,-0.0140922,-0.0324373
34,68,0.988617,-0.0150711,-0.032299
34,69,0.987918,-0.0160092,-0.0321368
34,70,0.987234,-0.0169038,-0.0319511
34,71,0.986565,-0.0177524,-0.0317426
34,72,0.98591,-0.0185523,-0.0315117
34,73,0.985266,-0.0193009,-0.0312589
34,74,0.984633,-0.0199958,-0.0309847
34,75,0.984009,-0.0206343,-0.0306895
34,76,0.983392,-0.0212139,-0.0303739
34,77,0.982782,-0.0217324,-0.0300383
34,78,0.982178,-0.0221872,-0.0296831
34,79,0.981577,-0.0225762,-0.0293088
34,80,0.98098,-0.0228974,-0.0289158
34,81,0.980385,-0.0231489,-0.0285046
34,82,0.979791,-0.0233288,-0.0280755
34,83,0.979199,-0.0234357,-0.0276289
34,84,0.978606,-0.0234682,-0.0271655
34,85,0.978013,-0.0234255,-0.0266854
34,86,0.977419,-0.0233068,-0.0261894
34,87,0.976824,-0.0231117,-0.0256777
34,88,0.976229,-0.0228402,-0.025151
34,89,0.975632,-0.0224926,-0.0246096
34,90,0.975035,-0.0220698,-0.0240543
34,91,0.974437,-0.0215729,-0.0234855
34,92,0.97384,-0.0210038,-0.0229038
34,93,0.973243,-0.0203645,-0.0223097
34,94,0.972649,-0.0196578,-0.0217039
34,95,0.972057,-0.018887,-0.021087
34,96,0.971469,-0.0180557,-0.0204596
34,97,0.970886,-0.0171683,-0.0198223
34,98,0.97031,-0.0162295,-0.0191758
34,99,0.969741,-0.0152444,-0.0185206
34,100,0.969181,-0.0142186,-0.0178575
34,101,0.968632,-0.0131576,-0.0171872
34,102,0.968095,-0.0120674,-0.0165103
34,103,0.967571,-0.0109538,-0.0158276
34,104,0.967062,-0.00982219,-0.01514
34,105,0.966569,-0.00867796,-0.0144485
34,106,0.966094,-0.00752592,-0.013754
34,107,0.965637,-0.00637051,-0.0130577
34,108,0.965201,-0.005216,-0.012361
34,109,0.964785,-0.00406687,-0.0116652
34,110,0.96439,-0.0029286,-0.010972
34,111,0.964018,-0.0018088,-0.0102829
34,112,0.96367,-0.000718666,-0.00959965
34,113,0.963345,0.000325182,-0.00892384
34,114,0.963045,0.00129895,-0.00825715
34,115,0.962769,0.00217035,-0.00760078
34,116,0.962519,0.0028987,-0.00695588
34,117,0.962294,0.00343731,-0.00632277
34,118,0.962095,0.00373949,-0.00570141
34,119,0.961921,0.00376877,-0.00509048
34,120,0.961774,0.00351303,-0.00448775
34,121,0.961652,0.00299974,-0.00388866
34,122,0.961556,0.00230637,-0.00328557
34,123,0.961486,0.00155712,-0.00266477
34,124,0.961442,0.000897341,-0.00200601
34,125,0.961423,0.000445477,-0.00127908
34,126,0.961423,0.00024769,-0.000446118
34,127,1,-0.00343474,0
35,0,1,0,0
35,1,1.04507,0.00377134,-0.000297389
35,2,1.04498,0.00903952,-0.00092526
35,3,1.04486,0.0118373,-0.00155281
35,4,1.0447,0.0129167,-0.0021301
35,5,1.04451,0.013087,-0.00265876
35,6,1.04429,0.0129864,-0.00315934
35,7,1.04404,0.0130046,-0.00365234
35,8,1.04376,0.0133106,-0.00415161
35,9,1.04345,0.0139236,-0.00466537
35,10,1.0431,0.0147844,-0.00519696
35,11,1.04272,0.0158079,-0.0057479
35,12,1.04231,0.0169127,-0.00631811
35,13,1.04186,0.0180348,-0.00690751
35,14,1.04138,0.0191299,-0.00751516
35,15,1.04087,0.0201702,-0.00814032
35,16,1.04032,0.0211404,-0.0087815
35,17,1.03973,0.0220327,-0.00943751
35,18,1.03911,0.0228437,-0.0101066
35,19,1.03845,0.0235716,-0.0107873
35,20,1.03776,0.024215,-0.011478
35,21,1.03703,0.0247725,-0.0121772
35,22,1.03626,0.025242,-0.0128833
35,23,1.03546,0.0256214,-0.0135949
35,24,1.03462,0.0259084,-0.0143104
35,25,1.03374,0.026101,-0.0150285
35,26,1.03283,0.0261978,-0.0157473
35,27,1.03189,0.0261978,-0.0164656
35,28,1.03091,0.0261009,-0.0171815
35,29,1.0299,0.0259077,-0.0178936
35,30,1.02886,0.0256195,-0.0186002
35,31,1.02779,0.0252383,-0.0192997
35,32,1.0267,0.024767,-0.0199906
35,33,1.02558,0.0242089,-0.0206713
35,34,1.02443,0.0235678,-0.0213406
35,35,1.02327,0.0228481,-0.021997
35,36,1.02209,0.0220545,-0.0226393
35,37,1.02089,0.0211919,-0.0232662
35,38,1.01968,0.0202655,-0.0238768
35,39,1.01847,0.0192807,-0.02447
35,40,1.01724,0.0182428,-0.0250449
35,41,1.01602,0.0171572,-0.0256007
35,42,1.01479,0.0160293,-0.0261366
35,43,1.01357,0.0148641,-0.0266518
35,44,1.01235,0.0136667,-0.0271458
35,45,1.01115,0.012442,-0.0276179
35,46,1.00995,0.0111944,-0.0280676
35,47,1.00876,0.00992823,-0.0284944
35,48,1.0076,0.00864763,-0.0288978
35,49,1.00645,0.00735637,-0.0292773
35,50,1.00531,0.00605799,-0.0296326
35,51,1.0042,0.00475579,-0.0299633
35,52,1.00312,0.00345288,-0.030269
35,53,1.00205,0.00215216,-0.0305495
35,54,1.00101,0.000856376,-0.0308044
35,55,0.999996,-0.000431879,-0.0310336
35,56,0.999007,-0.0017101,-0.0312369
35,57,0.998043,-0.00297588,-0.031414
35,58,0.997105,-0.00422686,-0.0315651
35,59,0.996192,-0.00546069,-0.0316899
35,60,0.995305,-0.00667506,-0.0317885
35,61,0.994444,-0.00786765,-0.0318609
35,62,0.993606,-0.00903608,-0.0319073
35,63,0.992792,-0.010178,-0.0319278
35,64,0.992001,-0.0112909,-0.0319227
35,65,0.991231,-0.0123724,-0.0318921
35,66,0.990482,-0.0134198,-0.0318364
35,67,0.989752,-0.0144308,-0.0317559
35,68,0.98904,-0.0154025,-0.0316509
35,69,0.988345,-0.0163324,-0.0315218
35,70,0.987665,-0.0172178,-0.0313689
35,71,0.986999,-0.0180559,-0.0311927
35,72,0.986345,-0.0188441,-0.0309935
35,73,0.985703,-0.0195798,-0.0307718
35,74,0.98507,-0.0202602,-0.0305278
35,75,0.984446,-0.0208829,-0.0302621
35,76,0.983829,-0.0214452,-0.029975
35,77,0.983218,-0.0219449,-0.0296668
35,78,0.982612,-0.0223797,-0.029338
35,79,0.982009,-0.0227474,-0.0289888
35,80,0.981409,-0.0230462,-0.0286197
35,81,0.980811,-0.0232743,-0.0282311
35,82,0.980214,-0.0234302,-0.0278233
35,83,0.979618,-0.0235128,-0.0273968
35,84,0.979021,-0.0235211,-0.0269519
35,85,0.978423,-0.0234544,-0.0264891
35,86,0.977825,-0.0233125,-0.0260089
35,87,0.977225,-0.0230954,-0.0255117
35,88,0.976624,-0.0228035,-0.0249981
35,89,0.976022,-0.0224377,-0.0244687
35,90,0.975419,-0.0219991,-0.023924
35,91,0.974815,-0.0214894,-0.0233646
35,92,0.974212,-0.0209107,-0.0227912
35,93,0.973609,-0.0202654,-0.0222044
35,94,0.973008,-0.0195565,-0.0216048
35,95,0.972409,-0.0187873,-0.0209932
35,96,0.971814,-0.0179617,-0.0203702
35,97,0.971224,-0.0170839,-0.0197366
35,98,0.97064,-0.0161583,-0.019093
35,99,0.970063,-0.01519,-0.0184401
35,100,0.969495,-0.014184,-0.0177788
35,101,0.968937,-0.0131454,-0.0171098
35,102,0.96839,-0.0120797,-0.0164338
35,103,0.967856,-0.0109918,-0.0157518
35,104,0.967337,-0.00988676,-0.0150646
35,105,0.966833,-0.00876901,-0.0143732
35,106,0.966347,-0.00764269,-0.0136789
35,107,0.965878,-0.00651154,-0.0129826
35,108,0.965429,-0.00537914,-0.012286
35,109,0.965001,-0.00424938,-0.0115903
35,110,0.964594,-0.00312722,-0.0108973
35,111,0.96421,-0.00201984,-0.0102085
35,112,0.963848,-0.000938131,-0.00952592
35,113,0.963511,0.000101476,-0.00885106
35,114,0.963199,0.00107523,-0.00818574
35,115,0.962911,0.00195075,-0.0075313
35,116,0.962649,0.00268704,-0.00688904
35,117,0.962414,0.00323691,-0.00625952
35,118,0.962204,0.00355281,-0.00564289
35,119,0.962022,0.003597,-0.00503807
35,120,0.961866,0.00335538,-0.00444281
35,121,0.961738,0.0028521,-0.00385227
35,122,0.961636,0.00215931,-0.00325826
35,123,0.961561,0.00139313,-0.0026465
35,124,0.961512,0.000688849,-0.00199348
35,125,0.961488,0.00015804,-0.00126867
35,126,0.961491,-0.000142443,-0.000451207
35,127,1,-0.00343474,0
36,0,1,0,0
36,1,1.04411,0.00330942,-0.000299874
36,2,1.044,0.00861833,-0.000959926
36,3,1.04387,0.0113702,-0.00159795
36,4,1.04371,0.012386,-0.00217379
36,5,1.04353,0.0125075,-0.00269373
36,6,1.04331,0.0123802,-0.00317982
36,7,1.04307,0.0123894,-0.00365485
36,8,1.04279,0.012697,-0.00413379
36,9,1.04248,0.0133173,-0.0046249
36,10,1.04215,0.0141886,-0.00513142
36,11,1.04178,0.0152248,-0.00565469
36,12,1.04137,0.0163447,-0.0061946
36,13,1.04094,0.0174844,-0.00675104
36,14,1.04047,0.0185995,-0.00732321
36,15,1.03998,0.0196624,-0.00791048
36,16,1.03944,0.0206577,-0.00851157
36,17,1.03888,0.0215775,-0.00912546
36,18,1.03828,0.0224184,-0.00975061
36,19,1.03764,0.0231783,-0.0103859
36,20,1.03698,0.023856,-0.0110297
36,21,1.03627,0.0244497,-0.0116811
36,22,1.03554,0.0249573,-0.0123385
36,23,1.03476,0.0253763,-0.0130011
36,24,1.03396,0.0257042,-0.0136674
36,25,1.03312,0.0259387,-0.0143365
36,26,1.03224,0.0260779,-0.015007
36,27,1.03134,0.0261207,-0.0156778
36,28,1.0304,0.0260666,-0.0163475
36,29,1.02943,0.0259158,-0.0170149
36,30,1.02843,0.0256693,-0.0176787
36,31,1.0274,0.0253291,-0.0183374
36,32,1.02634,0.0248975,-0.0189899
36,33,1.02526,0.0243777,-0.0196349
36,34,1.02416,0.0237732,-0.020271
36,35,1.02303,0.0230881,-0.0208972
36,36,1.02189,0.0223267,-0.0215122
36,37,1.02073,0.0214938,-0.0221151
36,38,1.01956,0.0205944,-0.0227047
36,39,1.01838,0.0196333,-0.0232802
36,40,1.0172,0.0186158,-0.0238405
36,41,1.016,0.0175471,-0.024385
36,42,1.01481,0.0164321,-0.0249126
36,43,1.01362,0.0152759,-0.0254228
36,44,1.01244,0.0140834,-0.0259147
36,45,1.01126,0.0128595,-0.0263876
36,46,1.01009,0.0116085,-0.026841
36,47,1.00893,0.0103351,-0.0272742
36,48,1.00779,0.00904322,-0.0276866
36,49,1.00667,0.00773699,-0.0280777
36,50,1.00556,0.00642017,-0.0284468
36,51,1.00447,0.00509632,-0.0287936
36,52,1.00341,0.00376886,-0.0291175
36,53,1.00236,0.002441,-0.0294181
36,54,1.00134,0.00111582,-0.0296949
36,55,1.00035,-0.000203769,-0.0299477
36,56,0.999375,-0.00151494,-0.0301761
36,57,0.998428,-0.002815,-0.0303798
36,58,0.997506,-0.00410133,-0.0305586
36,59,0.996608,-0.00537135,-0.0307123
36,60,0.995735,-0.00662255,-0.0308408
36,61,0.994886,-0.00785245,-0.030944
36,62,0.99406,-0.00905858,-0.0310219
36,63,0.993257,-0.0102384,-0.0310745
36,64,0.992476,-0.0113896,-0.0311019
36,65,0.991716,-0.0125095,-0.0311041
36,66,0.990975,-0.0135956,-0.0310815
36,67,0.990253,-0.0146454,-0.0310341
36,68,0.989548,-0.0156563,-0.0309621
36,69,0.988859,-0.0166256,-0.0308659
36,70,0.988185,-0.0175508,-0.0307456
36,71,0.987525,-0.0184291,-0.0306016
36,72,0.986876,-0.0192579,-0.0304341
36,73,0.986238,-0.0200346,-0.0302433
36,74,0.985609,-0.0207563,-0.0300297
36,75,0.984989,-0.0214206,-0.0297935
36,76,0.984375,-0.0220247,-0.0295349
36,77,0.983767,-0.0225663,-0.0292542
36,78,0.983163,-0.0230428,-0.0289519
36,79,0.982563,-0.023452,-0.028628
36,80,0.981965,-0.0237916,-0.0282831
36,81,0.981369,-0.0240595,-0.0279173
36,82,0.980773,-0.024254,-0.0275311
36,83,0.980176,-0.0243734,-0.0271247
36,84,0.979579,-0.0244163,-0.0266988
36,85,0.978981,-0.0243816,-0.0262535
36,86,0.978381,-0.0242684,-0.0257895
36,87,0.977779,-0.0240762,-0.0253073
36,88,0.977175,-0.0238049,-0.0248073
36,89,0.976569,-0.0234548,-0.0242902
36,90,0.975961,-0.0230266,-0.0237566
36,91,0.975352,-0.0225213,-0.0232072
36,92,0.974742,-0.0219407,-0.0226426
36,93,0.974131,-0.0212868,-0.0220636
36,94,0.973521,-0.0205623,-0.0214709
36,95,0.972913,-0.0197704,-0.0208652
36,96,0.972306,-0.0189149,-0.0202473
36,97,0.971704,-0.0179999,-0.0196181
36,98,0.971107,-0.0170303,-0.0189782
36,99,0.970516,-0.0160112,-0.0183285
36,100,0.969934,-0.014948,-0.0176699
36,101,0.96936,-0.0138467,-0.0170031
36,102,0.968798,-0.012713,-0.016329
36,103,0.968248,-0.0115527,-0.0156486
36,104,0.967712,-0.0103716,-0.0149628
36,105,0.967192,-0.00917475,-0.0142727
36,106,0.966689,-0.00796716,-0.0135795
36,107,0.966204,-0.00675326,-0.0128844
36,108,0.965739,-0.00553735,-0.0121889
36,109,0.965295,-0.00432399,-0.0114945
36,110,0.964872,-0.00311876,-0.0108028
36,111,0.964472,-0.00192945,-0.0101157
36,112,0.964096,-0.00076754,-0.00943484
36,113,0.963745,0.000349919,-0.00876212
36,114,0.963418,0.00139853,-0.00809933
36,115,0.963118,0.00234521,-0.00744798
36,116,0.962844,0.00314817,-0.00680949
36,117,0.962596,0.0037593,-0.00618464
36,118,0.962375,0.00413003,-0.00557377
36,119,0.962182,0.00422134,-0.00497599
36,120,0.962016,0.00401734,-0.00438905
36,121,0.961878,0.00353955,-0.00380801
36,122,0.961768,0.00285579,-0.00322387
36,123,0.961685,0.00207573,-0.00262087
36,124,0.961629,0.00132695,-0.00197647
36,125,0.9616,0.000717301,-0.00125997
36,126,0.961592,0.000317927,-0.000437714
36,127,1,-0.00343474,0
37,0,1,0,0
37,1,1.04308,0.00389626,-0.000322239
37,2,1.04299,0.00924792,-0.000992525
37,3,1.04286,0.0119592,-0.0016408
37,4,1.04271,0.0129229,-0.00221591
37,5,1.04252,0.0130142,-0.00272549
37,6,1.04231,0.0128848,-0.00319656
37,7,1.04208,0.012914,-0.00365345
37,8,1.04181,0.0132553,-0.00411171
37,9,1.04151,0.0139162,-0.00457969
37,10,1.04119,0.0148307,-0.0050605
37,11,1.04083,0.0159101,-0.0055553
37,12,1.04044,0.0170718,-0.00606394
37,13,1.04003,0.0182508,-0.00658636
37,14,1.03958,0.019402,-0.0071219
37,15,1.03911,0.0204969,-0.00767007
37,16,1.0386,0.0215195,-0.00822983
37,17,1.03805,0.0224616,-0.00880034
37,18,1.03748,0.0233192,-0.00938033
37,19,1.03687,0.0240905,-0.00996885
37,20,1.03623,0.0247738,-0.0105647
37,21,1.03556,0.0253675,-0.011167
37,22,1.03485,0.0258695,-0.0117748
37,23,1.03411,0.0262775,-0.0123873
37,24,1.03334,0.026589,-0.0130036
37,25,1.03253,0.0268018,-0.0136229
37,26,1.03169,0.0269144,-0.0142443
37,27,1.03081,0.0269256,-0.0148669
37,28,1.02991,0.0268353,-0.0154898
37,29,1.02897,0.026644,-0.0161121
37,30,1.028,0.0263532,-0.0167326
37,31,1.02701,0.025965,-0.0173503
37,32,1.02599,0.0254825,-0.0179641
37,33,1.02494,0.0249092,-0.0185731
37,34,1.02387,0.0242493,-0.019176
37,35,1.02278,0.0235075,-0.0197718
37,36,1.02167,0.0226889,-0.0203596
37,37,1.02055,0.0217987,-0.0209383
37,38,1.01941,0.0208425,-0.021507
37,39,1.01827,0.019826,-0.0220646
37,40,1.01712,0.0187549,-0.0226104
37,41,1.01596,0.0176349,-0.0231434
37,42,1.0148,0.0164715,-0.0236627
37,43,1.01365,0.0152702,-0.0241675
37,44,1.0125,0.0140361,-0.0246571
37,45,1.01135,0.0127742,-0.0251306
37,46,1.01021,0.0114893,-0.0255874
37,47,1.00909,0.0101857,-0.0260266
37,48,1.00798,0.00886754,-0.0264475
37,49,1.00689,0.00753872,-0.0268495
37,50,1.00581,0.00620281,-0.0272319
37,51,1.00475,0.00486315,-0.0275941
37,52,1.00371,0.00352285,-0.0279355
37,53,1.00269,0.0021848,-0.0282555
37,54,1.0017,0.00085177,-0.0285536
37,55,1.00073,-0.000473654,-0.0288292
37,56,0.999778,-0.00178897,-0.0290819
37,57,0.998852,-0.00309176,-0.0293114
37,58,0.997949,-0.00437967,-0.0295173
37,59,0.99707,-0.00565034,-0.0296992
37,60,0.996215,-0.00690144,-0.0298569
37,61,0.995381,-0.00813061,-0.0299902
37,62,0.99457,-0.00933548,-0.0300989
37,63,0.993781,-0.0105136,-0.030183
37,64,0.993011,-0.0116625,-0.0302424
37,65,0.992262,-0.0127797,-0.0302771
37,66,0.991531,-0.0138625,-0.030287
37,67,0.990817,-0.0149084,-0.0302723
37,68,0.990119,-0.0159146,-0.0302331
37,69,0.989437,-0.0168783,-0.0301695
37,70,0.988768,-0.0177969,-0.0300817
37,71,0.988111,-0.0186675,-0.0299697
37,72,0.987465,-0.0194872,-0.0298337
37,73,0.98683,-0.0202534,-0.029674
37,74,0.986202,-0.0209632,-0.0294907
37,75,0.985582,-0.021614,-0.029284
37,76,0.984968,-0.0222031,-0.0290542
37,77,0.984358,-0.022728,-0.0288013
37,78,0.983752,-0.0231862,-0.0285257
37,79,0.983149,-0.0235756,-0.0282275
37,80,0.982548,-0.023894,-0.027907
37,81,0.981947,-0.0241396,-0.0275646
37,82,0.981346,-0.0243107,-0.0272004
37,83,0.980744,-0.024406,-0.0268148
37,84,0.980141,-0.0244244,-0.0264083
37,85,0.979536,-0.0243652,-0.0259813
37,86,0.978929,-0.0242278,-0.0255341
37,87,0.97832,-0.0240123,-0.0250674
37,88,0.977708,-0.023719,-0.0245817
37,89,0.977094,-0.0233486,-0.0240776
37,90,0.976477,-0.0229022,-0.0235558
37,91,0.975859,-0.0223814,-0.023017
37,92,0.97524,-0.0217883,-0.022462
37,93,0.97462,-0.0211254,-0.0218914
37,94,0.974001,-0.0203956,-0.0213062
37,95,0.973382,-0.0196023,-0.0207071
37,96,0.972766,-0.0187494,-0.020095
37,97,0.972154,-0.0178412,-0.0194707
37,98,0.971546,-0.0168822,-0.0188352
37,99,0.970944,-0.0158776,-0.0181893
37,100,0.97035,-0.0148325,-0.0175339
37,101,0.969764,-0.0137522,-0.0168699
37,102,0.96919,-0.0126421,-0.0161984
37,103,0.968627,-0.0115073,-0.0155202
37,104,0.968078,-0.010353,-0.0148365
37,105,0.967545,-0.00918345,-0.0141483
37,106,0.967027,-0.00800296,-0.013457
37,107,0.966528,-0.00681522,-0.0127639
37,108,0.966048,-0.0056238,-0.0120704
37,109,0.965589,-0.00443259,-0.011378
37,110,0.965151,-0.00324658,-0.0106887
37,111,0.964736,-0.00207303,-0.010004
37,112,0.964345,-0.000923029,-0.00932597
37,113,0.963978,0.000186708,-0.00865641
37,114,0.963637,0.00123198,-0.00799724
37,115,0.963322,0.00217977,-0.00735009
37,116,0.963034,0.00298817,-0.00671652
37,117,0.962774,0.00360872,-0.00609753
37,118,0.962541,0.00399209,-0.0054936
37,119,0.962337,0.00409789,-0.00490403
37,120,0.962161,0.00390789,-0.00432657
37,121,0.962014,0.00343968,-0.00375591
37,122,0.961896,0.00275489,-0.00318254
37,123,0.961807,0.00195454,-0.00259024
37,124,0.961745,0.00115687,-0.00195354
37,125,0.96171,0.000466069,-0.00124202
37,126,0.961704,-2.93209e-05,-0.000439925
37,127,1,-0.00343474,0
38,0,1,0,0
38,1,1.04195,0.00345691,-0.000324927
38,2,1.04185,0.00883377,-0.00102616
38,3,1.04172,0.0114754,-0.00168281
38,4,1.04157,0.0123558,-0.00225466
38,5,1.04139,0.0123855,-0.0027543
38,6,1.04118,0.0122219,-0.00321004
38,7,1.04095,0.012237,-0.00364823
38,8,1.04069,0.0125758,-0.00408531
38,9,1.0404,0.0132396,-0.00452958
38,10,1.04009,0.01416,-0.00498406
38,11,1.03974,0.0152476,-0.00544975
38,12,1.03937,0.01642,-0.00592651
38,13,1.03897,0.0176124,-0.00641427
38,14,1.03854,0.01878,-0.00691255
38,15,1.03808,0.0198945,-0.00742101
38,16,1.0376,0.0209398,-0.00793884
38,17,1.03708,0.0219075,-0.00846539
38,18,1.03653,0.0227938,-0.00899965
38,19,1.03595,0.0235964,-0.00954092
38,20,1.03534,0.024314,-0.0100883
38,21,1.0347,0.0249446,-0.0106411
38,22,1.03402,0.0254859,-0.0111988
38,23,1.03332,0.0259354,-0.0117608
38,24,1.03258,0.0262903,-0.0123266
38,25,1.03181,0.0265481,-0.0128957
38,26,1.03101,0.0267068,-0.0134676
38,27,1.03018,0.026765,-0.0140418
38,28,1.02931,0.026722,-0.0146176
38,29,1.02842,0.0265781,-0.0151944
38,30,1.0275,0.0263344,-0.0157713
38,31,1.02655,0.0259927,-0.0163476
38,32,1.02557,0.0255555,-0.0169224
38,33,1.02457,0.0250263,-0.0174949
38,34,1.02354,0.0244087,-0.0180642
38,35,1.0225,0.0237072,-0.0186293
38,36,1.02144,0.0229264,-0.0191894
38,37,1.02036,0.0220714,-0.0197435
38,38,1.01927,0.0211473,-0.0202907
38,39,1.01816,0.0201596,-0.0208301
38,40,1.01705,0.0191136,-0.0213607
38,41,1.01594,0.0180147,-0.0218816
38,42,1.01482,0.0168684,-0.0223921
38,43,1.0137,0.0156798,-0.022891
38,44,1.01259,0.014454,-0.0233777
38,45,1.01148,0.0131961,-0.0238512
38,46,1.01038,0.0119106,-0.0243106
38,47,1.00929,0.0106022,-0.0247551
38,48,1.00822,0.00927509,-0.0251839
38,49,1.00715,0.00793334,-0.0255962
38,50,1.00611,0.00658081,-0.0259912
38,51,1.00508,0.00522113,-0.0263682
38,52,1.00407,0.00385773,-0.0267263
38,53,1.00308,0.00249387,-0.027065
38,54,1.00211,0.00113264,-0.0273835
38,55,1.00116,-0.000223017,-0.0276812
38,56,1.00023,-0.00157027,-0.0279576
38,57,0.999331,-0.00290641,-0.0282121
38,58,0.99845,-0.00422878,-0.0284443
38,59,0.997591,-0.00553481,-0.0286536
38,60,0.996754,-0.00682197,-0.0288398
38,61,0.995938,-0.00808773,-0.0290025
38,62,0.995143,-0.00932961,-0.0291414
38,63,0.994369,-0.0105451,-0.0292563
38,64,0.993613,-0.0117317,-0.0293471
38,65,0.992877,-0.0128868,-0.0294135
38,66,0.992157,-0.0140078,-0.0294555
38,67,0.991454,-0.0150922,-0.029473
38,68,0.990767,-0.0161373,-0.0294661
38,69,0.990093,-0.0171404,-0.0294346
38,70,0.989432,-0.0180987,-0.0293788
38,71,0.988783,-0.0190096,-0.0292985
38,72,0.988144,-0.0198703,-0.0291938
38,73,0.987514,-0.0206779,-0.0290648
38,74,0.986891,-0.0214298,-0.0289117
38,75,0.986276,-0.0221232,-0.0287344
38,76,0.985665,-0.0227554,-0.0285331
38,77,0.985059,-0.0233237,-0.028308
38,78,0.984456,-0.0238256,-0.028059
38,79,0.983855,-0.0242587,-0.0277865
38,80,0.983255,-0.0246206,-0.0274906
38,81,0.982655,-0.0249091,-0.0271716
38,82,0.982054,-0.0251222,-0.0268296
38,83,0.981452,-0.0252583,-0.026465
38,84,0.980848,-0.0253157,-0.0260782
38,85,0.980241,-0.0252931,-0.0256695
38,86,0.979631,-0.0251897,-0.0252395
38,87,0.979018,-0.0250048,-0.0247887
38,88,0.978402,-0.0247382,-0.0243176
38,89,0.977782,-0.0243899,-0.023827
38,90,0.977159,-0.0239607,-0.0233174
38,91,0.976533,-0.0234514,-0.0227897
38,92,0.975905,-0.0228637,-0.0222447
38,93,0.975275,-0.0221995,-0.0216831
38,94,0.974644,-0.0214616,-0.021106
38,95,0.974013,-0.020653,-0.0205141
38,96,0.973383,-0.0197773,-0.0199085
38,97,0.972756,-0.018839,-0.01929
38,98,0.972132,-0.0178425,-0.0186596
38,99,0.971514,-0.0167933,-0.0180183
38,100,0.970902,-0.0156967,-0.0173671
38,101,0.970299,-0.0145585,-0.0167069
38,102,0.969706,-0.0133847,-0.0160389
38,103,0.969124,-0.0121811,-0.015364
38,104,0.968555,-0.0109534,-0.0146834
38,105,0.968002,-0.00970672,-0.0139983
38,106,0.967465,-0.00844607,-0.01331
38,107,0.966946,-0.00717589,-0.0126199
38,108,0.966447,-0.0059005,-0.0119295
38,109,0.965968,-0.00462448,-0.0112405
38,110,0.965512,-0.00335352,-0.0105546
38,111,0.965079,-0.00209553,-0.00987362
38,112,0.96467,-0.000862246,-0.00919959
38,113,0.964286,0.000328936,-0.00853439
38,114,0.963929,0.00145313,-0.00788001
38,115,0.963598,0.00247657,-0.00723822
38,116,0.963296,0.00335654,-0.00661068
38,117,0.963021,0.00404362,-0.00599859
38,118,0.962775,0.00448731,-0.00540261
38,119,0.962558,0.00464569,-0.00482217
38,120,0.962371,0.00449831,-0.00425499
38,121,0.962213,0.00405935,-0.00369563
38,122,0.962084,0.00338536,-0.00313379
38,123,0.961985,0.00257046,-0.00255192
38,124,0.961916,0.00172606,-0.00192587
38,125,0.961875,0.000956059,-0.00122559
38,126,0.961856,0.000370527,-0.000423286
38,127,1,-0.00343474,0
39,0,1,0,0
39,1,1.04075,0.00401787,-0.000347437
39,2,1.04066,0.00942114,-0.0010575
39,3,1.04054,0.0120001,-0.00172213
39,4,1.04039,0.0128117,-0.00229147
39,5,1.04022,0.0128018,-0.00277979
39,6,1.04002,0.012632,-0.00322003
39,7,1.0398,0.0126659,-0.00363976
39,8,1.03955,0.0130381,-0.00405573
39,9,1.03928,0.0137426,-0.00447628
39,10,1.03898,0.0147061,-0.00490427
39,11,1.03865,0.0158371,-0.00534054
39,12,1.0383,0.0170516,-0.00578496
39,13,1.03792,0.018284,-0.00623754
39,14,1.03751,0.0194886,-0.00669795
39,15,1.03708,0.0206363,-0.00716604
39,16,1.03662,0.0217105,-0.00764124
39,17,1.03613,0.0227024,-0.00812313
39,18,1.03561,0.0236077,-0.00861098
39,19,1.03506,0.0244242,-0.00910431
39,20,1.03448,0.0251503,-0.0096025
39,21,1.03387,0.0257841,-0.0101053
39,22,1.03323,0.0263234,-0.0106122
39,23,1.03256,0.0267658,-0.0111232
39,24,1.03186,0.0271086,-0.0116381
39,25,1.03113,0.0273495,-0.0121567
39,26,1.03036,0.0274866,-0.0126787
39,27,1.02957,0.0275188,-0.0132041
39,28,1.02874,0.0274456,-0.0137324
39,29,1.02788,0.0272676,-0.0142634
39,30,1.027,0.0269861,-0.0147965
39,31,1.02609,0.0266033,-0.0153312
39,32,1.02515,0.0261224,-0.0158669
39,33,1.02419,0.025547,-0.0164028
39,34,1.0232,0.0248816,-0.0169384
39,35,1.0222,0.0241309,-0.0174726
39,36,1.02118,0.0233004,-0.0180049
39,37,1.02014,0.0223956,-0.0185342
39,38,1.01909,0.0214223,-0.0190597
39,39,1.01802,0.0203864,-0.0195805
39,40,1.01695,0.0192939,-0.0200957
39,41,1.01588,0.0181506,-0.0206044
39,42,1.0148,0.0169624,-0.0211055
39,43,1.01373,0.0157349,-0.0215981
39,44,1.01265,0.0144734,-0.0220813
39,45,1.01158,0.013183,-0.0225542
39,46,1.01052,0.0118685,-0.0230156
39,47,1.00947,0.0105344,-0.0234648
39,48,1.00843,0.00918503,-0.0239007
39,49,1.00741,0.00782422,-0.0243224
39,50,1.0064,0.00645564,-0.0247291
39,51,1.0054,0.00508266,-0.0251199
39,52,1.00443,0.00370843,-0.0254938
39,53,1.00347,0.0023359,-0.0258502
39,54,1.00253,0.000967838,-0.0261881
39,55,1.00161,-0.000393107,-0.026507
39,56,1.00071,-0.00174441,-0.026806
39,57,0.999838,-0.00308361,-0.0270845
39,58,0.998982,-0.00440831,-0.027342
39,59,0.998147,-0.00571612,-0.0275778
39,60,0.997332,-0.00700465,-0.0277916
39,61,0.996537,-0.00827149,-0.0279827
39,62,0.995761,-0.00951421,-0.0281509
39,63,0.995004,-0.0107303,-0.0282958
39,64,0.994265,-0.0119173,-0.0284171
39,65,0.993543,-0.0130725,-0.0285145
39,66,0.992837,-0.0141932,-0.0285879
39,67,0.992146,-0.0152768,-0.028637
39,68,0.991468,-0.0163204,-0.0286618
39,69,0.990804,-0.0173213,-0.028662
39,70,0.990151,-0.0182765,-0.0286377
39,71,0.989508,-0.0191831,-0.0285887
39,72,0.988874,-0.0200382,-0.028515
39,73,0.988248,-0.0208388,-0.0284166
39,74,0.987629,-0.0215822,-0.0282934
39,75,0.987015,-0.0222654,-0.0281455
39,76,0.986405,-0.0228857,-0.0279728
39,77,0.985799,-0.0234403,-0.0277753
39,78,0.985194,-0.0239268,-0.0275533
39,79,0.984591,-0.0243426,-0.0273066
39,80,0.983987,-0.0246856,-0.0270355
39,81,0.983383,-0.0249537,-0.0267402
39,82,0.982777,-0.0251451,-0.0264207
39,83,0.982169,-0.0252584,-0.0260775
39,84,0.981558,-0.0252921,-0.0257109
39,85,0.980944,-0.0252456,-0.0253212
39,86,0.980326,-0.0251181,-0.0249089
39,87,0.979704,-0.0249094,-0.0244745
39,88,0.979078,-0.0246199,-0.0240187
39,89,0.978449,-0.02425,-0.023542
39,90,0.977815,-0.0238009,-0.0230454
39,91,0.977179,-0.0232741,-0.0225295
39,92,0.976539,-0.0226716,-0.0219951
39,93,0.975898,-0.0219958,-0.0214433
39,94,0.975255,-0.0212497,-0.020875
39,95,0.974612,-0.0204368,-0.020291
39,96,0.97397,-0.0195608,-0.0196925
39,97,0.97333,-0.0186262,-0.0190804
39,98,0.972693,-0.0176377,-0.0184558
39,99,0.972061,-0.0166003,-0.0178197
39,100,0.971435,-0.0155194,-0.0171733
39,101,0.970817,-0.0144004,-0.0165176
39,102,0.970209,-0.0132487,-0.0158537
39,103,0.969612,-0.0120696,-0.0151827
39,104,0.969028,-0.0108681,-0.014506
39,105,0.968458,-0.00964874,-0.0138246
39,106,0.967904,-0.00841575,-0.0131401
39,107,0.967368,-0.0071728,-0.0124538
39,108,0.966852,-0.00592346,-0.0117674
39,109,0.966355,-0.00467161,-0.0110824
39,110,0.965881,-0.00342226,-0.0104009
39,111,0.96543,-0.00218274,-0.00972452
39,112,0.965004,-0.000964278,-0.00905544
39,113,0.964603,0.000216186,-0.00839559
39,114,0.964228,0.0013341,-0.00774704
39,115,0.963881,0.00235592,-0.00711166
39,116,0.963562,0.003239,-0.00649126
39,117,0.963272,0.0039337,-0.0058872
39,118,0.963012,0.00438884,-0.00530028
39,119,0.962782,0.00456106,-0.0047301
39,120,0.962583,0.00442722,-0.00417431
39,121,0.962414,0.00399697,-0.0036271
39,122,0.962277,0.00332003,-0.00307769
39,123,0.96217,0.00248169,-0.00250824
39,124,0.962093,0.00158515,-0.00189202
39,125,0.962045,0.000734339,-0.00119983
39,126,0.962027,6.35715e-05,-0.000422416
39,127,1,-0.00343474,0
40,0,1,0,0
40,1,1.03945,0.00359761,-0.000350434
40,2,1.03934,0.00900681,-0.00108981
40,3,1.03922,0.0114928,-0.00176024
40,4,1.03908,0.0122033,-0.00232448
40,5,1.03892,0.0121209,-0.002802
40,6,1.03873,0.0119103,-0.0032267
40,7,1.03851,0.0119256,-0.00362774
40,8,1.03828,0.0122912,-0.00402249
40,9,1.03801,0.0129944,-0.00441914
40,10,1.03773,0.0139595,-0.00482042
40,11,1.03742,0.0150942,-0.00522708
40,12,1.03708,0.0163151,-0.00563899
40,13,1.03672,0.0175571,-0.00605622
40,14,1.03633,0.0187749,-0.00647862
40,15,1.03592,0.0199394,-0.00690623
40,16,1.03548,0.0210341,-0.00733871
40,17,1.03502,0.0220501,-0.00777588
40,18,1.03453,0.0229831,-0.00821726
40,19,1.03401,0.0238308,-0.00866265
40,20,1.03347,0.0245914,-0.00911171
40,21,1.03289,0.0252631,-0.00956443
40,22,1.03229,0.0258435,-0.0100207
40,23,1.03166,0.0263297,-0.0104808
40,24,1.031,0.0267189,-0.0109447
40,25,1.03031,0.0270084,-0.0114127
40,26,1.02959,0.0271958,-0.0118849
40,27,1.02884,0.0272796,-0.0123615
40,28,1.02806,0.027259,-0.0128424
40,29,1.02725,0.0271339,-0.0133275
40,30,1.02641,0.0269054,-0.0138166
40,31,1.02555,0.0265752,-0.0143095
40,32,1.02466,0.026146,-0.0148058
40,33,1.02375,0.0256211,-0.0153049
40,34,1.02281,0.0250043,-0.0158062
40,35,1.02186,0.0243003,-0.0163092
40,36,1.02089,0.0235139,-0.0168131
40,37,1.0199,0.0226503,-0.0173171
40,38,1.0189,0.021715,-0.0178203
40,39,1.01788,0.0207134,-0.018322
40,40,1.01686,0.0196512,-0.018821
40,41,1.01583,0.0185342,-0.0193166
40,42,1.0148,0.0173677,-0.0198076
40,43,1.01377,0.0161572,-0.0202931
40,44,1.01274,0.014908,-0.0207721
40,45,1.01171,0.0136252,-0.0212434
40,46,1.01069,0.0123135,-0.021706
40,47,1.00968,0.0109777,-0.0221588
40,48,1.00868,0.0096221,-0.0226009
40,49,1.0077,0.00825086,-0.0230312
40,50,1.00672,0.0068679,-0.0234486
40,51,1.00576,0.00547692,-0.0238522
40,52,1.00482,0.00408142,-0.024241
40,53,1.0039,0.00268471,-0.0246141
40,54,1.00299,0.00128993,-0.0249705
40,55,1.0021,-9.99327e-05,-0.0253094
40,56,1.00123,-0.00148199,-0.0256301
40,57,1.00038,-0.00285348,-0.0259317
40,58,0.999555,-0.00421171,-0.0262135
40,59,0.998744,-0.00555406,-0.0264748
40,60,0.997953,-0.00687792,-0.0267151
40,61,0.99718,-0.00818073,-0.0269338
40,62,0.996425,-0.00945994,-0.0271303
40,63,0.995688,-0.010713,-0.0273043
40,64,0.994967,-0.0119372,-0.0274553
40,65,0.994262,-0.0131301,-0.0275829
40,66,0.993572,-0.014289,-0.0276868
40,67,0.992895,-0.0154111,-0.0277668
40,68,0.992232,-0.0164938,-0.0278225
40,69,0.991579,-0.0175342,-0.0278538
40,70,0.990938,-0.0185296,-0.0278604
40,71,0.990305,-0.0194771,-0.0278422
40,72,0.989681,-0.0203738,-0.027799
40,73,0.989063,-0.0212169,-0.0277306
40,74,0.988451,-0.0220035,-0.027637
40,75,0.987844,-0.0227307,-0.027518
40,76,0.98724,-0.0233958,-0.0273736
40,77,0.986638,-0.0239958,-0.0272037
40,78,0.986038,-0.0245282,-0.0270083
40,79,0.985438,-0.0249903,-0.0267874
40,80,0.984837,-0.0253798,-0.026541
40,81,0.984235,-0.0256942,-0.0262693
40,82,0.98363,-0.0259314,-0.0259725
40,83,0.983022,-0.0260895,-0.0256507
40,84,0.98241,-0.0261669,-0.0253043
40,85,0.981794,-0.0261621,-0.0249337
40,86,0.981174,-0.0260741,-0.0245393
40,87,0.980548,-0.025902,-0.0241216
40,88,0.979917,-0.0256455,-0.0236813
40,89,0.979281,-0.0253046,-0.023219
40,90,0.978641,-0.0248797,-0.0227356
40,91,0.977995,-0.0243718,-0.0222319
40,92,0.977346,-0.0237823,-0.0217088
40,93,0.976693,-0.0231132,-0.0211672
40,94,0.976037,-0.0223669,-0.0206082
40,95,0.97538,-0.0215465,-0.0200327
40,96,0.974722,-0.0206556,-0.019442
40,97,0.974066,-0.0196985,-0.0188371
40,98,0.973411,-0.0186799,-0.0182191
40,99,0.97276,-0.0176048,-0.0175891
40,100,0.972114,-0.0164789,-0.0169484
40,101,0.971476,-0.0153079,-0.016298
40,102,0.970846,-0.0140977,-0.0156393
40,103,0.970227,-0.0128542,-0.0149733
40,104,0.969621,-0.0115831,-0.0143014
40,105,0.969028,-0.0102895,-0.0136249
40,106,0.968452,-0.00897844,-0.0129453
40,107,0.967894,-0.00765433,-0.012264
40,108,0.967355,-0.00632149,-0.0115827
40,109,0.966836,-0.00498452,-0.0109031
40,110,0.966341,-0.00364917,-0.010227
40,111,0.965869,-0.00232349,-0.00955652
40,112,0.965422,-0.00101939,-0.00889359
40,113,0.965001,0.000245447,-0.00824028
40,114,0.964608,0.00144574,-0.00759873
40,115,0.964242,0.00254717,-0.00697091
40,116,0.963906,0.00350623,-0.00635875
40,117,0.9636,0.00427226,-0.00576376
40,118,0.963325,0.0047928,-0.00518691
40,119,0.96308,0.00502269,-0.00462786
40,120,0.962867,0.00493606,-0.00408424
40,121,0.962686,0.00453853,-0.00355007
40,122,0.962537,0.00387403,-0.00301387
40,123,0.962419,0.00302083,-0.00245659
40,124,0.962333,0.00207663,-0.0018532
40,125,0.962278,0.00114887,-0.00117538
40,126,0.962247,0.000400784,-0.000402671
40,127,1,-0.00343474,0
41,0,1,0,0
41,1,1.03805,0.00412817,-0.000373064
41,2,1.03797,0.00954305,-0.00111933
41,3,1.03786,0.0119449,-0.00179496
41,4,1.03772,0.012572,-0.00235481
41,5,1.03757,0.0124424,-0.00282033
41,6,1.03739,0.0122229,-0.00322959
41,7,1.03719,0.0122563,-0.00361249
41,8,1.03697,0.0126553,-0.00398644
41,9,1.03672,0.0133995,-0.00435953
41,10,1.03645,0.0144081,-0.00473435
41,11,1.03616,0.0155868,-0.00511149
41,12,1.03585,0.0168507,-0.00549089
41,13,1.03552,0.0181339,-0.00587269
41,14,1.03516,0.0193902,-0.00625695
41,15,1.03478,0.02059,-0.0066439
41,16,1.03437,0.021716,-0.00703348
41,17,1.03394,0.0227588,-0.00742572
41,18,1.03349,0.0237139,-0.00782045
41,19,1.033,0.0245787,-0.00821771
41,20,1.03249,0.0253514,-0.00861746
41,21,1.03196,0.0260302,-0.00901998
41,22,1.03139,0.0266128,-0.00942549
41,23,1.0308,0.0270965,-0.0098345
41,24,1.03018,0.0274786,-0.0102474
41,25,1.02952,0.0277565,-0.0106648
41,26,1.02884,0.0279281,-0.0110871
41,27,1.02813,0.027992,-0.0115148
41,28,1.0274,0.0279476,-0.0119482
41,29,1.02663,0.0277951,-0.0123874
41,30,1.02584,0.0275359,-0.0128325
41,31,1.02502,0.0271721,-0.0132835
41,32,1.02417,0.0267066,-0.0137402
41,33,1.0233,0.0261433,-0.0142023
41,34,1.02241,0.0254865,-0.0146694
41,35,1.0215,0.0247413,-0.0151409
41,36,1.02057,0.023913,-0.0156163
41,37,1.01963,0.0230074,-0.0160947
41,38,1.01867,0.0220304,-0.0165753
41,39,1.0177,0.0209881,-0.0170574
41,40,1.01673,0.0198867,-0.0175399
41,41,1.01574,0.0187321,-0.0180219
41,42,1.01476,0.0175303,-0.0185023
41,43,1.01377,0.016287,-0.01898
41,44,1.01279,0.0150078,-0.0194539
41,45,1.01181,0.0136977,-0.0199229
41,46,1.01083,0.0123618,-0.0203858
41,47,1.00986,0.0110047,-0.0208415
41,48,1.00891,0.0096306,-0.0212888
41,49,1.00796,0.00824357,-0.0217265
41,50,1.00703,0.0068473,-0.0221536
41,51,1.00611,0.00544525,-0.0225689
41,52,1.00521,0.00404063,-0.0229714
41,53,1.00432,0.00263645,-0.02336
41,54,1.00345,0.00123556,-0.0237337
41,55,1.00259,-0.000159338,-0.0240916
41,56,1.00176,-0.00154565,-0.0244326
41,57,1.00094,-0.00292084,-0.0247561
41,58,1.00014,-0.00428243,-0.025061
41,59,0.999361,-0.00562796,-0.0253467
41,60,0.998597,-0.00695497,-0.0256124
41,61,0.99785,-0.00826097,-0.0258575
41,62,0.997119,-0.00954342,-0.0260814
41,63,0.996404,-0.0107998,-0.0262834
41,64,0.995704,-0.0120274,-0.0264631
41,65,0.995018,-0.0132235,-0.02662
41,66,0.994345,-0.0143854,-0.0267536
41,67,0.993684,-0.0155103,-0.0268636
41,68,0.993035,-0.0165953,-0.0269495
41,69,0.992396,-0.0176373,-0.0270111
41,70,0.991766,-0.0186335,-0.0270481
41,71,0.991143,-0.0195807,-0.02706
41,72,0.990528,-0.020476,-0.0270468
41,73,0.989918,-0.0213163,-0.0270081
41,74,0.989312,-0.0220985,-0.0269437
41,75,0.988709,-0.0228196,-0.0268534
41,76,0.988109,-0.0234767,-0.0267371
41,77,0.987509,-0.024067,-0.0265946
41,78,0.98691,-0.0245877,-0.0264258
41,79,0.98631,-0.0250362,-0.0262306
41,80,0.985707,-0.0254101,-0.0260091
41,81,0.985102,-0.0257072,-0.0257612
41,82,0.984493,-0.0259254,-0.0254872
41,83,0.983881,-0.0260632,-0.0251872
41,84,0.983263,-0.026119,-0.0248614
41,85,0.98264,-0.0260918,-0.0245103
41,86,0.982012,-0.0259808,-0.0241342
41,87,0.981377,-0.0257858,-0.0237337
41,88,0.980737,-0.0255066,-0.0233095
41,89,0.980091,-0.0251439,-0.0228622
41,90,0.979439,-0.0246986,-0.0223927
41,91,0.978783,-0.024172,-0.0219018
41,92,0.978121,-0.0235662,-0.0213905
41,93,0.977456,-0.0228835,-0.0208598
41,94,0.976787,-0.0221268,-0.0203107
41,95,0.976116,-0.0212997,-0.0197445
41,96,0.975444,-0.0204059,-0.0191622
41,97,0.974773,-0.0194499,-0.0185651
41,98,0.974103,-0.0184364,-0.0179543
41,99,0.973437,-0.0173706,-0.0173311
41,100,0.972775,-0.0162579,-0.0166967
41,101,0.97212,-0.0151038,-0.0160524
41,102,0.971473,-0.0139139,-0.0153994
41,103,0.970837,-0.0126933,-0.0147391
41,104,0.970213,-0.0114474,-0.0140727
41,105,0.969602,-0.0101806,-0.0134018
41,106,0.969007,-0.00889709,-0.0127278
41,107,0.968429,-0.00760064,-0.0120522
41,108,0.96787,-0.00629476,-0.0113768
41,109,0.967332,-0.00498334,-0.0107033
41,110,0.966816,-0.0036714,-0.0100336
41,111,0.966324,-0.00236632,-0.00936984
41,112,0.965857,-0.00107944,-0.00871397
41,113,0.965417,0.000172132,-0.00806816
41,114,0.965004,0.00136357,-0.00743459
41,115,0.96462,0.00246093,-0.00681535
41,116,0.964265,0.00342092,-0.00621248
41,117,0.963942,0.00419283,-0.00562763
41,118,0.963649,0.00472356,-0.00506189
41,119,0.96339,0.00496641,-0.00451505
41,120,0.963163,0.00489254,-0.00398467
41,121,0.962969,0.00450255,-0.00346438
41,122,0.962809,0.00383309,-0.00294229
41,123,0.962682,0.00295369,-0.00239924
41,124,0.962588,0.00195542,-0.00180797
41,125,0.962524,0.000949782,-0.00114156
41,126,0.962493,0.000131232,-0.000398542
41,127,1,-0.00343474,0
42,0,1,0,0
42,1,1.03655,0.00372235,-0.000376269
42,2,1.03645,0.00911919,-0.00114953
42,3,1.03635,0.0114057,-0.00182778
42,4,1.03622,0.0119168,-0.00238053
42,5,1.03608,0.0117062,-0.00283461
42,6,1.03591,0.0114409,-0.00322854
42,7,1.03572,0.0114518,-0.00359331
42,8,1.03552,0.0118405,-0.00394659
42,9,1.03529,0.0125794,-0.00429626
42,10,1.03504,0.0135854,-0.00464473
42,11,1.03477,0.0147637,-0.00499252
42,12,1.03448,0.01603,-0.00533959
42,13,1.03417,0.0173193,-0.00568621
42,14,1.03383,0.0185857,-0.00603261
42,15,1.03348,0.0197999,-0.00637922
42,16,1.0331,0.0209444,-0.00672624
42,17,1.0327,0.0220101,-0.00707395
42,18,1.03228,0.0229921,-0.00742244
42,19,1.03183,0.023888,-0.00777201
42,20,1.03136,0.024696,-0.00812292
42,21,1.03086,0.0254139,-0.00847571
42,22,1.03034,0.0260394,-0.00883091
42,23,1.02979,0.0265695,-0.00918932
42,24,1.02921,0.0270012,-0.00955168
42,25,1.0286,0.0273315,-0.00991888
42,26,1.02797,0.0275578,-0.0102916
42,27,1.02731,0.0276783,-0.0106707
42,28,1.02662,0.0276919,-0.0110567
42,29,1.02591,0.0275983,-0.0114501
42,30,1.02517,0.0273982,-0.0118513
42,31,1.0244,0.0270934,-0.0122604
42,32,1.02361,0.0266863,-0.0126775
42,33,1.02279,0.0261802,-0.0131024
42,34,1.02196,0.0255789,-0.0135348
42,35,1.0211,0.0248871,-0.0139744
42,36,1.02022,0.0241096,-0.0144207
42,37,1.01933,0.0232517,-0.0148729
42,38,1.01843,0.022319,-0.0153303
42,39,1.01751,0.0213171,-0.015792
42,40,1.01659,0.0202518,-0.0162572
42,41,1.01566,0.0191289,-0.0167247
42,42,1.01472,0.017954,-0.0171935
42,43,1.01378,0.0167327,-0.0176625
42,44,1.01285,0.0154704,-0.0181304
42,45,1.01191,0.0141722,-0.0185961
42,46,1.01098,0.0128431,-0.0190582
42,47,1.01006,0.0114879,-0.0195156
42,48,1.00915,0.010111,-0.019967
42,49,1.00824,0.00871663,-0.0204111
42,50,1.00735,0.00730884,-0.0208468
42,51,1.00647,0.0058914,-0.0212727
42,52,1.00561,0.0044679,-0.0216877
42,53,1.00476,0.00304171,-0.0220907
42,54,1.00393,0.00161606,-0.0224805
42,55,1.00311,0.000194018,-0.0228561
42,56,1.00231,-0.00122145,-0.0232165
42,57,1.00152,-0.00262751,-0.0235606
42,58,1.00075,-0.00402138,-0.0238875
42,59,1,-0.00540035,-0.0241964
42,60,0.999265,-0.00676175,-0.0244865
42,61,0.998545,-0.00810292,-0.0247569
42,62,0.99784,-0.00942123,-0.0250069
42,63,0.997149,-0.010714,-0.0252359
42,64,0.996472,-0.0119786,-0.0254433
42,65,0.995807,-0.0132122,-0.0256285
42,66,0.995155,-0.0144122,-0.0257908
42,67,0.994513,-0.0155758,-0.0259299
42,68,0.993882,-0.0167001,-0.0260452
42,69,0.993259,-0.0177822,-0.0261363
42,70,0.992644,-0.0188192,-0.0262027
42,71,0.992036,-0.0198081,-0.0262442
42,72,0.991433,-0.0207461,-0.0262603
42,73,0.990835,-0.02163,-0.0262506
42,74,0.990241,-0.0224569,-0.0262149
42,75,0.989648,-0.0232237,-0.0261528
42,76,0.989057,-0.0239276,-0.0260642
42,77,0.988465,-0.0245656,-0.0259487
42,78,0.987873,-0.0251348,-0.0258061
42,79,0.987279,-0.0256325,-0.0256364
42,80,0.986682,-0.0260562,-0.0254395
42,81,0.986081,-0.0264032,-0.0252154
42,82,0.985476,-0.0266714,-0.024964
42,83,0.984865,-0.0268586,-0.0246857
42,84,0.984249,-0.026963,-0.0243805
42,85,0.983626,-0.026983,-0.0240489
42,86,0.982996,-0.0269173,-0.0236913
42,87,0.982359,-0.0267651,-0.0233081
42,88,0.981715,-0.0265257,-0.0229002
42,89,0.981064,-0.0261991,-0.0224681
42,90,0.980406,-0.0257854,-0.0220127
42,91,0.979741,-0.0252856,-0.0215349
42,92,0.979069,-0.0247009,-0.0210358
42,93,0.978393,-0.0240331,-0.0205164
42,94,0.977711,-0.0232847,-0.0199779
42,95,0.977026,-0.0224587,-0.0194214
42,96,0.976338,-0.0215585,-0.0188481
42,97,0.975649,-0.0205883,-0.0182595
42,98,0.974961,-0.0195528,-0.0176566
42,99,0.974274,-0.0184571,-0.017041
42,100,0.973591,-0.0173067,-0.0164138
42,101,0.972914,-0.0161074,-0.0157764
42,102,0.972244,-0.0148652,-0.0151301
42,103,0.971584,-0.0135858,-0.0144765
42,104,0.970935,-0.0122749,-0.0138168
42,105,0.970299,-0.0109378,-0.0131525
42,106,0.969679,-0.00957933,-0.0124852
42,107,0.969076,-0.00820399,-0.0118165
42,108,0.968492,-0.00681606,-0.0111481
42,109,0.967929,-0.00542017,-0.010482
42,110,0.967389,-0.0040221,-0.00981991
42,111,0.966874,-0.00262999,-0.00916401
42,112,0.966383,-0.00125593,-0.00851642
42,113,0.965921,8.21888e-05,-0.00787929
42,114,0.965486,0.00135878,-0.00725488
42,115,0.965082,0.00253908,-0.00664536
42,116,0.964708,0.00357889,-0.00605287
42,117,0.964366,0.00442641,-0.0054792
42,118,0.964056,0.00502715,-0.00492555
42,119,0.96378,0.00533229,-0.00439179
42,120,0.963538,0.00530985,-0.00387541
42,121,0.96333,0.00495575,-0.00336989
42,122,0.963156,0.00430035,-0.0028627
42,123,0.963017,0.00340632,-0.00233368
42,124,0.962912,0.00236088,-0.00175757
42,125,0.962841,0.0012832,-0.00110885
42,126,0.962796,0.000404122,-0.000375731
42,127,1,-0.00343474,0
43,0,1,0,0
43,1,1.03495,0.00421672,-0.000398724
43,2,1.03488,0.00959333,-0.00117615
43,3,1.03478,0.0117753,-0.00185616
43,4,1.03467,0.0121913,-0.00240245
43,5,1.03454,0.0119286,-0.00284397
43,6,1.03439,0.0116528,-0.00322284
43,7,1.03422,0.0116818,-0.00357022
43,8,1.03403,0.0121045,-0.00390352
43,9,1.03382,0.0128849,-0.00423037
43,10,1.0336,0.0139352,-0.00455301
43,11,1.03336,0.0151585,-0.00487188
43,12,1.0331,0.0164693,-0.005187
43,13,1.03281,0.0178016,-0.00549874
43,14,1.03251,0.0191089,-0.00580755
43,15,1.03219,0.0203609,-0.00611408
43,16,1.03185,0.0215398,-0.00641878
43,17,1.03149,0.0226356,-0.0067222
43,18,1.03111,0.0236434,-0.0070247
43,19,1.0307,0.0245604,-0.00732684
43,20,1.03027,0.0253847,-0.00762917
43,21,1.02981,0.0261142,-0.0079325
43,22,1.02933,0.0267467,-0.00823767
43,23,1.02882,0.0272794,-0.00854577
43,24,1.02829,0.0277093,-0.00885784
43,25,1.02773,0.0280337,-0.00917507
43,26,1.02714,0.0282502,-0.00949851
43,27,1.02652,0.0283571,-0.00982923
43,28,1.02588,0.0283535,-0.0101681
43,29,1.02521,0.0282395,-0.0105159
43,30,1.02451,0.0280161,-0.0108732
43,31,1.02379,0.0276851,-0.0112404
43,32,1.02305,0.0272494,-0.0116178
43,33,1.02228,0.0267127,-0.0120054
43,34,1.02149,0.0260793,-0.0124031
43,35,1.02068,0.0253542,-0.0128107
43,36,1.01985,0.0245426,-0.0132276
43,37,1.01901,0.0236505,-0.0136533
43,38,1.01815,0.0226838,-0.014087
43,39,1.01729,0.0216487,-0.014528
43,40,1.01641,0.0205512,-0.0149753
43,41,1.01553,0.0193977,-0.0154277
43,42,1.01464,0.018194,-0.0158843
43,43,1.01375,0.016946,-0.0163437
43,44,1.01286,0.0156592,-0.0168048
43,45,1.01198,0.014339,-0.0172662
43,46,1.0111,0.0129904,-0.0177266
43,47,1.01022,0.0116181,-0.0181847
43,48,1.00935,0.0102264,-0.0186391
43,49,1.0085,0.0088195,-0.0190885
43,50,1.00765,0.00740112,-0.0195314
43,51,1.00681,0.00597482,-0.0199667
43,52,1.00599,0.00454392,-0.0203931
43,53,1.00518,0.0031115,-0.0208091
43,54,1.00439,0.00168052,-0.0212138
43,55,1.00361,0.000253761,-0.0216058
43,56,1.00285,-0.00116607,-0.0219841
43,57,1.0021,-0.00257635,-0.0223476
43,58,1.00136,-0.0039745,-0.0226953
43,59,1.00064,-0.00535795,-0.0230261
43,60,0.99994,-0.00672414,-0.0233392
43,61,0.999249,-0.00807047,-0.0236337
43,62,0.998572,-0.00939432,-0.0239088
43,63,0.997908,-0.010693,-0.0241636
43,64,0.997256,-0.0119638,-0.0243976
43,65,0.996615,-0.0132038,-0.0246099
43,66,0.995985,-0.0144103,-0.0248
43,67,0.995364,-0.0155802,-0.0249672
43,68,0.994751,-0.0167105,-0.0251109
43,69,0.994146,-0.0177982,-0.0252307
43,70,0.993547,-0.0188402,-0.0253259
43,71,0.992953,-0.0198332,-0.0253961
43,72,0.992364,-0.0207741,-0.0254409
43,73,0.991778,-0.0216597,-0.0254597
43,74,0.991193,-0.0224868,-0.0254521
43,75,0.990609,-0.0232522,-0.0254178
43,76,0.990025,-0.0239529,-0.0253565
43,77,0.98944,-0.0245857,-0.0252677
43,78,0.988852,-0.0251478,-0.0251513
43,79,0.988262,-0.0256363,-0.0250069
43,80,0.987666,-0.0260487,-0.0248346
43,81,0.987066,-0.0263825,-0.0246341
43,82,0.98646,-0.0266355,-0.0244056
43,83,0.985847,-0.0268059,-0.0241491
43,84,0.985227,-0.0268919,-0.0238648
43,85,0.9846,-0.0268923,-0.023553
43,86,0.983965,-0.0268061,-0.0232142
43,87,0.983321,-0.0266328,-0.0228488
43,88,0.982669,-0.0263723,-0.0224575
43,89,0.982009,-0.0260249,-0.0220411
43,90,0.981341,-0.0255913,-0.0216004
43,91,0.980666,-0.0250729,-0.0211364
43,92,0.979983,-0.0244714,-0.02065
43,93,0.979294,-0.0237892,-0.0201425
43,94,0.978599,-0.0230292,-0.0196151
43,95,0.9779,-0.0221947,-0.0190689
43,96,0.977198,-0.0212897,-0.0185054
43,97,0.976495,-0.0203185,-0.0179258
43,98,0.97579,-0.0192859,-0.0173315
43,99,0.975088,-0.0181972,-0.016724
43,100,0.974388,-0.0170577,-0.0161046
43,101,0.973693,-0.0158732,-0.0154747
43,102,0.973005,-0.0146492,-0.0148359
43,103,0.972326,-0.0133912,-0.0141895
43,104,0.971658,-0.0121042,-0.013537
43,105,0.971002,-0.0107929,-0.0128801
43,106,0.970361,-0.00946159,-0.0122202
43,107,0.969737,-0.0081139,-0.0115591
43,108,0.969132,-0.0067534,-0.0108985
43,109,0.968548,-0.00538396,-0.0102404
43,110,0.967986,-0.00401063,-0.00958676
43,111,0.967448,-0.00264083,-0.0089396
43,112,0.966936,-0.00128597,-0.00830113
43,113,0.966451,3.66951e-05,-0.00767358
43,114,0.965995,0.00130215,-0.00705926
43,115,0.965569,0.00247615,-0.00646042
43,116,0.965175,0.00351487,-0.00587929
43,117,0.964813,0.00436655,-0.00531781
43,118,0.964485,0.00497612,-0.00477727
43,119,0.964191,0.00529317,-0.00425761
43,120,0.963933,0.00528246,-0.00375626
43,121,0.963711,0.00493452,-0.00326633
43,122,0.963525,0.00427217,-0.00277497
43,123,0.963376,0.00334975,-0.00226209
43,124,0.963261,0.00224976,-0.00170057
43,125,0.963179,0.00109972,-0.00106679
43,126,0.963134,0.000168835,-0.000368196
43,127,1,-0.00343474,0
44,0,1,0,0
44,1,1.03324,0.00381988,-0.000401761
44,2,1.03316,0.00914935,-0.00120287
44,3,1.03307,0.0111954,-0.00188162
44,4,1.03297,0.0114841,-0.00241856
44,5,1.03285,0.0111348,-0.00284804
44,6,1.03272,0.0108099,-0.00321202
44,7,1.03257,0.0108134,-0.00354214
44,8,1.0324,0.0112223,-0.00385575
44,9,1.03222,0.0119938,-0.0041601
44,10,1.03202,0.0130376,-0.00445727
44,11,1.0318,0.0142567,-0.00474765
44,12,1.03157,0.0155663,-0.0050313
44,13,1.03131,0.0169014,-0.00530872
44,14,1.03104,0.0182159,-0.00558056
44,15,1.03076,0.01948,-0.00584769
44,16,1.03045,0.0206757,-0.00611081
44,17,1.03012,0.0217932,-0.00637071
44,18,1.02978,0.0228274,-0.00662803
44,19,1.02941,0.0237755,-0.00688359
44,20,1.02902,0.0246356,-0.00713819
44,21,1.0286,0.0254056,-0.00739293
44,22,1.02817,0.0260828,-0.00764893
44,23,1.02771,0.0266644,-0.00790754
44,24,1.02722,0.027147,-0.00817012
44,25,1.02671,0.0275275,-0.00843812
44,26,1.02617,0.0278031,-0.0087129
44,27,1.02561,0.0279715,-0.00899581
44,28,1.02502,0.0280313,-0.00928799
44,29,1.0244,0.0279819,-0.00959051
44,30,1.02376,0.0278238,-0.00990417
44,31,1.0231,0.0275583,-0.0102297
44,32,1.02241,0.0271876,-0.0105674
44,33,1.0217,0.0267149,-0.0109176
44,34,1.02096,0.0261439,-0.0112803
44,35,1.02021,0.0254791,-0.0116554
44,36,1.01944,0.0247252,-0.0120425
44,37,1.01865,0.0238875,-0.0124411
44,38,1.01785,0.0229717,-0.0128505
44,39,1.01704,0.0219833,-0.0132699
44,40,1.01622,0.0209282,-0.0136984
44,41,1.01539,0.0198123,-0.0141349
44,42,1.01456,0.0186412,-0.0145782
44,43,1.01372,0.0174205,-0.015027
44,44,1.01288,0.0161558,-0.0154802
44,45,1.01205,0.0148523,-0.0159362
44,46,1.01121,0.0135151,-0.0163937
44,47,1.01039,0.012149,-0.0168513
44,48,1.00957,0.0107586,-0.0173075
44,49,1.00875,0.00934812,-0.0177609
44,50,1.00795,0.00792177,-0.01821
44,51,1.00716,0.0064834,-0.0186534
44,52,1.00638,0.00503669,-0.0190897
44,53,1.00561,0.00358512,-0.0195177
44,54,1.00486,0.00213201,-0.0199359
44,55,1.00412,0.00068055,-0.0203431
44,56,1.00339,-0.000766219,-0.0207381
44,57,1.00268,-0.00220534,-0.0211197
44,58,1.00198,-0.00363394,-0.0214868
44,59,1.00129,-0.00504921,-0.0218384
44,60,1.00062,-0.00644836,-0.0221733
44,61,0.99996,-0.00782864,-0.0224907
44,62,0.999312,-0.00918729,-0.0227895
44,63,0.998676,-0.0105216,-0.0230691
44,64,0.998051,-0.0118287,-0.0233285
44,65,0.997436,-0.0131058,-0.0235669
44,66,0.996831,-0.01435,-0.0237836
44,67,0.996233,-0.0155585,-0.0239779
44,68,0.995642,-0.0167283,-0.0241491
44,69,0.995058,-0.0178564,-0.0242966
44,70,0.994479,-0.0189397,-0.0244197
44,71,0.993904,-0.0199753,-0.0245179
44,72,0.993332,-0.0209599,-0.0245905
44,73,0.992762,-0.0218904,-0.024637
44,74,0.992193,-0.0227637,-0.024657
44,75,0.991624,-0.0235767,-0.0246499
44,76,0.991054,-0.0243262,-0.0246153
44,77,0.990481,-0.0250091,-0.0245528
44,78,0.989904,-0.0256225,-0.024462
44,79,0.989324,-0.0261634,-0.0243427
44,80,0.988738,-0.0266291,-0.0241945
44,81,0.988146,-0.0270168,-0.0240175
44,82,0.987547,-0.0273241,-0.0238116
44,83,0.98694,-0.0275487,-0.0235767
44,84,0.986325,-0.0276885,-0.0233132
44,85,0.985701,-0.0277418,-0.0230212
44,86,0.985068,-0.0277071,-0.0227011
44,87,0.984425,-0.0275833,-0.0223535
44,88,0.983772,-0.0273696,-0.021979
44,89,0.98311,-0.0270657,-0.0215784
44,90,0.982438,-0.0266717,-0.0211525
44,91,0.981756,-0.0261883,-0.0207024
44,92,0.981066,-0.0256165,-0.0202291
44,93,0.980368,-0.0249582,-0.0197339
44,94,0.979662,-0.0242154,-0.0192179
44,95,0.97895,-0.0233912,-0.0186825
44,96,0.978233,-0.0224889,-0.0181291
44,97,0.977512,-0.0215126,-0.0175592
44,98,0.97679,-0.0204669,-0.0169741
44,99,0.976067,-0.0193569,-0.0163754
44,100,0.975346,-0.018188,-0.0157646
44,101,0.974628,-0.0169661,-0.0151431
44,102,0.973916,-0.015697,-0.0145125
44,103,0.973212,-0.0143866,-0.0138743
44,104,0.972518,-0.0130405,-0.0132301
44,105,0.971837,-0.011664,-0.0125815
44,106,0.971169,-0.0102619,-0.0119301
44,107,0.970518,-0.00883871,-0.0112777
44,108,0.969886,-0.00739869,-0.0106261
44,109,0.969275,-0.00594648,-0.0099772
44,110,0.968686,-0.0044879,-0.00933309
44,111,0.968122,-0.00303117,-0.00869584
44,112,0.967585,-0.0015885,-0.00806769
44,113,0.967076,-0.000177943,-0.00745089
44,114,0.966596,0.00117466,-0.00684781
44,115,0.966147,0.00243421,-0.00626078
44,116,0.965731,0.00355592,-0.00569212
44,117,0.965349,0.0044869,-0.00514385
44,118,0.965001,0.0051705,-0.00461738
44,119,0.96469,0.00555397,-0.00411269
44,120,0.964415,0.00559846,-0.00362713
44,121,0.964177,0.00528933,-0.00315368
44,122,0.963976,0.00464274,-0.00267896
44,123,0.963813,0.00370656,-0.00218208
44,124,0.963687,0.00256138,-0.00163823
44,125,0.963596,0.00134685,-0.00102563
44,126,0.963536,0.000376101,-0.000342353
44,127,1,-0.00343474,0
45,0,1,0,0
45,1,1.03143,0.0042715,-0.000423415
45,2,1.03137,0.00954956,-0.0012249
45,3,1.0313,0.0114724,-0.00190129
45,4,1.03122,0.011658,-0.00242938
45,5,1.03112,0.0112543,-0.00284572
45,6,1.03101,0.010919,-0.00319512
45,7,1.03088,0.0109413,-0.00350883
45,8,1.03074,0.011385,-0.00380353
45,9,1.03058,0.0121989,-0.00408616
45,10,1.03041,0.0132882,-0.0043586
45,11,1.03023,0.0145536,-0.00462116
45,12,1.03003,0.0159097,-0.00487399
45,13,1.02981,0.0172901,-0.00511773
45,14,1.02958,0.0186483,-0.00535323
45,15,1.02933,0.0199535,-0.00558157
45,16,1.02907,0.0211872,-0.00580373
45,17,1.02879,0.0223388,-0.00602074
45,18,1.02848,0.0234029,-0.00623352
45,19,1.02816,0.0243765,-0.00644313
45,20,1.02781,0.0252576,-0.00665067
45,21,1.02745,0.026044,-0.00685746
45,22,1.02706,0.0267334,-0.00706493
45,23,1.02664,0.0273228,-0.00727468
45,24,1.0262,0.0278092,-0.00748836
45,25,1.02574,0.0281897,-0.00770771
45,26,1.02525,0.0284615,-0.00793435
45,27,1.02473,0.0286227,-0.00816993
45,28,1.02419,0.0286719,-0.00841585
45,29,1.02363,0.028609,-0.00867344
45,30,1.02303,0.0284345,-0.00894375
45,31,1.02242,0.0281501,-0.00922768
45,32,1.02178,0.0277584,-0.00952585
45,33,1.02111,0.0272627,-0.00983868
45,34,1.02043,0.0266672,-0.0101664
45,35,1.01973,0.0259767,-0.0105088
45,36,1.01901,0.0251965,-0.0108659
45,37,1.01827,0.0243322,-0.0112371
45,38,1.01752,0.0233897,-0.0116217
45,39,1.01676,0.0223753,-0.0120191
45,40,1.01599,0.021295,-0.0124282
45,41,1.01521,0.0201551,-0.012848
45,42,1.01443,0.0189615,-0.0132773
45,43,1.01364,0.0177201,-0.0137148
45,44,1.01285,0.0164365,-0.0141591
45,45,1.01207,0.0151162,-0.0146087
45,46,1.01129,0.0137641,-0.0150623
45,47,1.01051,0.0123852,-0.0155183
45,48,1.00973,0.0109837,-0.0159751
45,49,1.00897,0.009564,-0.0164312
45,50,1.00821,0.0081299,-0.0168852
45,51,1.00747,0.00668506,-0.0173354
45,52,1.00673,0.00523288,-0.0177805
45,53,1.00601,0.00377659,-0.018219
45,54,1.0053,0.00231923,-0.0186494
45,55,1.0046,0.000863717,-0.0190704
45,56,1.00391,-0.00058714,-0.0194807
45,57,1.00324,-0.0020306,-0.0198791
45,58,1.00258,-0.00346395,-0.0202643
45,59,1.00193,-0.00488453,-0.0206352
45,60,1.00129,-0.00628963,-0.0209906
45,61,1.00066,-0.00767656,-0.0213296
45,62,1.00005,-0.00904256,-0.021651
45,63,0.999441,-0.0103848,-0.021954
45,64,0.998845,-0.0117005,-0.0222377
45,65,0.998257,-0.0129867,-0.022501
45,66,0.997678,-0.0142404,-0.0227433
45,67,0.997105,-0.0154584,-0.0229636
45,68,0.996538,-0.0166378,-0.0231613
45,69,0.995976,-0.0177752,-0.0233356
45,70,0.995417,-0.0188675,-0.0234857
45,71,0.994862,-0.0199113,-0.023611
45,72,0.994308,-0.0209033,-0.0237107
45,73,0.993754,-0.02184,-0.0237844
45,74,0.9932,-0.0227183,-0.0238313
45,75,0.992645,-0.0235347,-0.0238508
45,76,0.992087,-0.0242859,-0.0238425
45,77,0.991525,-0.0249686,-0.0238058
45,78,0.990958,-0.0255799,-0.0237404
45,79,0.990385,-0.0261166,-0.0236458
45,80,0.989806,-0.026576,-0.0235218
45,81,0.989219,-0.0269553,-0.0233681
45,82,0.988624,-0.0272521,-0.0231848
45,83,0.988019,-0.0274643,-0.0229717
45,84,0.987405,-0.0275899,-0.022729
45,85,0.986781,-0.0276275,-0.0224569
45,86,0.986146,-0.0275759,-0.0221559
45,87,0.9855,-0.0274341,-0.0218264
45,88,0.984843,-0.027202,-0.021469
45,89,0.984175,-0.0268796,-0.0210846
45,90,0.983496,-0.0264675,-0.0206741
45,91,0.982807,-0.0259668,-0.0202383
45,92,0.982107,-0.0253791,-0.0197786
45,93,0.981399,-0.0247066,-0.0192961
45,94,0.980682,-0.0239521,-0.0187921
45,95,0.979958,-0.0231189,-0.0182681
45,96,0.979229,-0.0222108,-0.0177254
45,97,0.978494,-0.0212322,-0.0171657
45,98,0.977757,-0.0201879,-0.0165903
45,99,0.977019,-0.0190832,-0.016001
45,100,0.976281,-0.0179236,-0.0153993
45,101,0.975547,-0.0167147,-0.0147867
45,102,0.974817,-0.0154622,-0.0141649
45,103,0.974094,-0.0141716,-0.0135355
45,104,0.97338,-0.0128482,-0.0129001
45,105,0.972678,-0.0114966,-0.0122604
45,106,0.97199,-0.0101211,-0.0116181
45,107,0.971317,-0.0087254,-0.010975
45,108,0.970663,-0.00731306,-0.0103331
45,109,0.970028,-0.00588797,-0.0096941
45,110,0.969417,-0.00445519,-0.00906027
45,111,0.968829,-0.00302219,-0.00843369
45,112,0.968268,-0.00160044,-0.00781664
45,113,0.967735,-0.000207303,-0.00721142
45,114,0.967232,0.00113209,-0.00662044
45,115,0.966761,0.00238325,-0.00604611
45,116,0.966322,0.00350189,-0.00549083
45,117,0.965919,0.00443527,-0.00495672
45,118,0.965551,0.00512625,-0.00444528
45,119,0.96522,0.00552036,-0.00395653
45,120,0.964927,0.00557535,-0.00348774
45,121,0.964673,0.00527088,-0.00303159
45,122,0.964459,0.00461551,-0.00257447
45,123,0.964283,0.00364944,-0.00209574
45,124,0.964145,0.00245074,-0.00156912
45,125,0.964044,0.00117196,-0.000975153
45,126,0.963982,0.000171765,-0.000331304
45,127,1,-0.00343474,0
46,0,1,0,0
46,1,1.0295,0.00387797,-0.000425599
46,2,1.02945,0.00907494,-0.00124616
46,3,1.02939,0.0108438,-0.0019167
46,4,1.02932,0.0108951,-0.00243288
46,5,1.02925,0.0104024,-0.00283647
46,6,1.02916,0.0100163,-0.00317142
46,7,1.02905,0.0100111,-0.00346883
46,8,1.02894,0.0104381,-0.00374498
46,9,1.02881,0.0112396,-0.00400632
46,10,1.02867,0.0123188,-0.00425451
46,11,1.02852,0.0135764,-0.00448985
46,12,1.02835,0.0149279,-0.00471256
46,13,1.02817,0.0163081,-0.00492342
46,14,1.02797,0.0176709,-0.00512347
46,15,1.02776,0.0189859,-0.00531401
46,16,1.02754,0.0202346,-0.00549626
46,17,1.02729,0.0214067,-0.0056715
46,18,1.02703,0.0224965,-0.00584089
46,19,1.02675,0.0235012,-0.00600576
46,20,1.02646,0.0244185,-0.00616744
46,21,1.02614,0.0252463,-0.00632751
46,22,1.0258,0.025982,-0.00648764
46,23,1.02543,0.0266225,-0.00664971
46,24,1.02504,0.0271644,-0.00681561
46,25,1.02463,0.0276044,-0.00698734
46,26,1.0242,0.0279392,-0.00716681
46,27,1.02374,0.0281663,-0.00735591
46,28,1.02325,0.0282839,-0.0075563
46,29,1.02274,0.028291,-0.00776956
46,30,1.02221,0.0281877,-0.00799698
46,31,1.02165,0.0279749,-0.00823967
46,32,1.02107,0.0276545,-0.00849844
46,33,1.02046,0.0272294,-0.00877391
46,34,1.01984,0.026703,-0.00906639
46,35,1.01919,0.0260795,-0.009376
46,36,1.01853,0.0253636,-0.00970258
46,37,1.01785,0.0245605,-0.0100458
46,38,1.01716,0.0236755,-0.010405
46,39,1.01646,0.0227143,-0.0107796
46,40,1.01574,0.0216827,-0.0111685
46,41,1.01502,0.0205866,-0.0115706
46,42,1.01429,0.0194315,-0.0119849
46,43,1.01356,0.0182232,-0.0124099
46,44,1.01282,0.0169673,-0.0128442
46,45,1.01209,0.015669,-0.0132863
46,46,1.01135,0.0143334,-0.0137347
46,47,1.01062,0.0129656,-0.0141878
46,48,1.0099,0.01157,-0.014644
46,49,1.00918,0.0101512,-0.0151016
46,50,1.00847,0.00871338,-0.0155591
46,51,1.00777,0.00726048,-0.0160149
46,52,1.00708,0.00579631,-0.0164674
46,53,1.0064,0.00432447,-0.016915
46,54,1.00573,0.00284838,-0.0173563
46,55,1.00507,0.00137133,-0.0177898
46,56,1.00442,-0.000103493,-0.0182142
46,57,1.00379,-0.00157303,-0.018628
46,58,1.00316,-0.0030343,-0.01903
46,59,1.00255,-0.00448435,-0.0194189
46,60,1.00195,-0.00592031,-0.0197936
46,61,1.00135,-0.00733928,-0.0201529
46,62,1.00077,-0.0087384,-0.0204957
46,63,1.0002,-0.0101148,-0.0208209
46,64,0.99963,-0.0114656,-0.0211275
46,65,0.999072,-0.0127878,-0.0214147
46,66,0.998521,-0.0140784,-0.0216814
46,67,0.997975,-0.0153345,-0.0219267
46,68,0.997435,-0.016553,-0.0221498
46,69,0.996898,-0.0177308,-0.0223499
46,70,0.996363,-0.0188646,-0.022526
46,71,0.995831,-0.0199513,-0.0226775
46,72,0.995299,-0.0209876,-0.0228036
46,73,0.994767,-0.0219703,-0.0229035
46,74,0.994233,-0.022896,-0.0229766
46,75,0.993697,-0.0237615,-0.0230221
46,76,0.993157,-0.0245635,-0.0230395
46,77,0.992612,-0.0252987,-0.0230281
46,78,0.992062,-0.0259639,-0.0229875
46,79,0.991505,-0.026556,-0.0229173
46,80,0.99094,-0.0270721,-0.022817
46,81,0.990366,-0.0275092,-0.0226864
46,82,0.989783,-0.0278647,-0.0225253
46,83,0.98919,-0.0281359,-0.0223337
46,84,0.988586,-0.0283207,-0.0221117
46,85,0.98797,-0.028417,-0.0218594
46,86,0.987342,-0.0284232,-0.0215773
46,87,0.986701,-0.0283378,-0.0212659
46,88,0.986048,-0.0281598,-0.0209256
46,89,0.985382,-0.0278888,-0.0205574
46,90,0.984704,-0.0275245,-0.0201622
46,91,0.984013,-0.0270674,-0.019741
46,92,0.98331,-0.0265185,-0.019295
46,93,0.982596,-0.0258792,-0.0188254
46,94,0.981872,-0.0251516,-0.0183337
46,95,0.981138,-0.0243384,-0.0178213
46,96,0.980396,-0.0234429,-0.0172897
46,97,0.979648,-0.0224691,-0.0167406
46,98,0.978895,-0.0214215,-0.0161755
46,99,0.978139,-0.020305,-0.0155961
46,100,0.977381,-0.0191252,-0.0150041
46,101,0.976625,-0.0178876,-0.0144011
46,102,0.975872,-0.0165984,-0.0137889
46,103,0.975125,-0.0152631,-0.0131691
46,104,0.974386,-0.0138875,-0.0125434
46,105,0.973657,-0.0124769,-0.0119135
46,106,0.972941,-0.0110361,-0.0112813
46,107,0.972241,-0.00956947,-0.0106486
46,108,0.971559,-0.00808133,-0.0100173
46,109,0.970897,-0.00657634,-0.00938937
46,110,0.970257,-0.00506033,-0.00876693
46,111,0.969642,-0.0035416,-0.00815215
46,112,0.969054,-0.00203244,-0.00754734
46,113,0.968495,-0.00055104,-0.00695483
46,114,0.967966,0.000876579,-0.00637708
46,115,0.96747,0.00221505,-0.00581656
46,116,0.967009,0.00341909,-0.00527572
46,117,0.966582,0.00443473,-0.00475679
46,118,0.966193,0.00520311,-0.00426132
46,119,0.965843,0.00566716,-0.00378937
46,120,0.965532,0.00578067,-0.00333813
46,121,0.96526,0.00551767,-0.00290017
46,122,0.96503,0.00487987,-0.00246147
46,123,0.96484,0.00390161,-0.00200083
46,124,0.96469,0.00266127,-0.00149453
46,125,0.964579,0.00132814,-0.000925397
46,126,0.964501,0.00031246,-0.000302466
46,127,1,-0.00343474,0
47,0,1,0,0
47,1,1.02749,0.00428026,-0.000445496
47,2,1.02746,0.00939003,-0.00126136
47,3,1.02742,0.0110196,-0.00192474
47,4,1.02738,0.0109636,-0.00242933
47,5,1.02732,0.0104172,-0.00281903
47,6,1.02726,0.0100224,-0.00313979
47,7,1.02718,0.0100372,-0.00342171
47,8,1.0271,0.0105,-0.00368011
47,9,1.02701,0.0113449,-0.00392098
47,10,1.0269,0.0124709,-0.00414579
47,11,1.02679,0.0137767,-0.00435476
47,12,1.02666,0.0151768,-0.00454822
47,13,1.02653,0.0166051,-0.00472707
47,14,1.02638,0.0180147,-0.00489256
47,15,1.02621,0.0193745,-0.00504622
47,16,1.02603,0.0206651,-0.00518951
47,17,1.02584,0.0218756,-0.00532393
47,18,1.02563,0.0229999,-0.00545092
47,19,1.0254,0.0240348,-0.00557203
47,20,1.02515,0.024978,-0.00568884
47,21,1.02488,0.0258274,-0.00580318
47,22,1.02459,0.0265804,-0.00591696
47,23,1.02428,0.0272342,-0.00603229
47,24,1.02394,0.0277855,-0.00615132
47,25,1.02358,0.028231,-0.0062763
47,26,1.0232,0.028568,-0.00640939
47,27,1.02279,0.0287939,-0.00655273
47,28,1.02235,0.0289072,-0.00670824
47,29,1.02189,0.0289073,-0.00687773
47,30,1.02141,0.0287942,-0.00706272
47,31,1.0209,0.0285694,-0.00726453
47,32,1.02037,0.0282349,-0.00748416
47,33,1.01982,0.0277939,-0.00772241
47,34,1.01924,0.0272502,-0.00797974
47,35,1.01865,0.0266083,-0.0082564
47,36,1.01804,0.0258732,-0.00855234
47,37,1.01741,0.0250504,-0.00886729
47,38,1.01677,0.0241459,-0.00920073
47,39,1.01612,0.0231654,-0.00955195
47,40,1.01546,0.0221152,-0.00992003
47,41,1.01478,0.0210014,-0.0103039
47,42,1.01411,0.0198299,-0.0107023
47,43,1.01342,0.0186066,-0.011114
47,44,1.01274,0.0173371,-0.0115373
47,45,1.01206,0.0160269,-0.0119709
47,46,1.01137,0.0146811,-0.0124131
47,47,1.01069,0.0133046,-0.0128621
47,48,1.01002,0.0119019,-0.0133165
47,49,1.00935,0.0104772,-0.0137744
47,50,1.00868,0.00903462,-0.0142341
47,51,1.00803,0.00757786,-0.0146941
47,52,1.00738,0.00611046,-0.0151526
47,53,1.00675,0.00463575,-0.015608
47,54,1.00612,0.0031569,-0.0160588
47,55,1.00551,0.00167695,-0.0165034
47,56,1.0049,0.000198842,-0.0169404
47,57,1.0043,-0.00127456,-0.0173683
47,58,1.00372,-0.00274043,-0.0177857
47,59,1.00314,-0.00419595,-0.0181913
47,60,1.00258,-0.00563832,-0.0185839
47,61,1.00202,-0.00706471,-0.0189621
47,62,1.00147,-0.00847225,-0.0193249
47,63,1.00093,-0.00985802,-0.0196711
47,64,1.0004,-0.011219,-0.0199996
47,65,0.99987,-0.0125523,-0.0203094
47,66,0.999348,-0.0138546,-0.0205993
47,67,0.998831,-0.0151228,-0.0208685
47,68,0.998318,-0.0163537,-0.021116
47,69,0.997807,-0.0175439,-0.0213409
47,70,0.997297,-0.01869,-0.0215422
47,71,0.996788,-0.0197887,-0.021719
47,72,0.996279,-0.0208363,-0.0218706
47,73,0.995768,-0.0218294,-0.0219961
47,74,0.995255,-0.0227645,-0.0220947
47,75,0.994737,-0.023638,-0.0221656
47,76,0.994215,-0.0244465,-0.0222081
47,77,0.993686,-0.0251865,-0.0222216
47,78,0.993151,-0.0258547,-0.0222055
47,79,0.992607,-0.0264479,-0.0221592
47,80,0.992055,-0.0269629,-0.0220824
47,81,0.991492,-0.0273968,-0.0219747
47,82,0.990918,-0.0277469,-0.0218359
47,83,0.990333,-0.0280108,-0.0216658
47,84,0.989735,-0.0281864,-0.0214645
47,85,0.989124,-0.0282717,-0.0212322
47,86,0.9885,-0.0282653,-0.0209692
47,87,0.987861,-0.0281661,-0.020676
47,88,0.987209,-0.0279735,-0.0203532
47,89,0.986542,-0.0276873,-0.0200016
47,90,0.985862,-0.0273079,-0.0196221
47,91,0.985168,-0.026836,-0.0192158
47,92,0.98446,-0.0262731,-0.0187839
47,93,0.98374,-0.0256213,-0.0183277
47,94,0.983009,-0.024883,-0.0178488
47,95,0.982267,-0.0240614,-0.0173484
47,96,0.981516,-0.0231604,-0.0168284
47,97,0.980757,-0.0221841,-0.0162904
47,98,0.979992,-0.0211374,-0.015736
47,99,0.979223,-0.0200255,-0.015167
47,100,0.978452,-0.0188539,-0.0145852
47,101,0.977681,-0.0176283,-0.0139923
47,102,0.976911,-0.0163546,-0.0133901
47,103,0.976147,-0.0150382,-0.0127803
47,104,0.975389,-0.0136844,-0.0121648
47,105,0.974641,-0.0122981,-0.0115453
47,106,0.973905,-0.0108834,-0.0109237
47,107,0.973184,-0.00944425,-0.0103019
47,108,0.97248,-0.00798409,-0.00968175
47,109,0.971795,-0.00650689,-0.00906542
47,110,0.971132,-0.00501771,-0.00845499
47,111,0.970493,-0.00352407,-0.00785267
47,112,0.969881,-0.0020375,-0.00726079
47,113,0.969297,-0.000575407,-0.00668172
47,114,0.968744,0.000836964,-0.00611796
47,115,0.968224,0.00216497,-0.00557204
47,116,0.967739,0.00336392,-0.00504649
47,117,0.96729,0.00438011,-0.0045436
47,118,0.966879,0.00515419,-0.00406499
47,119,0.966508,0.00562741,-0.00361074
47,120,0.966177,0.00574994,-0.00317799
47,121,0.965889,0.00549002,-0.00275903
47,122,0.965643,0.00484187,-0.00233973
47,123,0.965439,0.00383301,-0.00189934
47,124,0.965277,0.00254173,-0.00141305
47,125,0.965154,0.00115494,-0.000866421
47,126,0.965073,0.000135705,-0.000287849
47,127,1,-0.00343474,0
48,0,1,0,0
48,1,1.02537,0.00388488,-0.000445855
48,2,1.02535,0.00887593,-0.00127474
48,3,1.02532,0.0103369,-0.00192698
48,4,1.0253,0.0101439,-0.00241676
48,5,1.02527,0.00950924,-0.00279276
48,6,1.02523,0.00906379,-0.00309932
48,7,1.02519,0.00904962,-0.00336578
48,8,1.02514,0.00949318,-0.00360674
48,9,1.02508,0.0103226,-0.00382757
48,10,1.02501,0.0114351,-0.00402953
48,11,1.02493,0.0127297,-0.00421282
48,12,1.02485,0.014122,-0.00437785
48,13,1.02475,0.015547,-0.00452567
48,14,1.02464,0.0169586,-0.00465771
48,15,1.02452,0.0183258,-0.00477571
48,16,1.02439,0.0196297,-0.00488134
48,17,1.02424,0.0208591,-0.00497634
48,18,1.02408,0.0220082,-0.00506237
48,19,1.0239,0.0230736,-0.00514121
48,20,1.0237,0.0240531,-0.00521468
48,21,1.02348,0.0249444,-0.00528481
48,22,1.02324,0.0257448,-0.00535375
48,23,1.02298,0.0264513,-0.00542381
48,24,1.0227,0.0270602,-0.00549739
48,25,1.0224,0.027568,-0.00557697
48,26,1.02207,0.0279712,-0.00566493
48,27,1.02172,0.0282669,-0.00576364
48,28,1.02134,0.0284528,-0.00587527
48,29,1.02094,0.0285276,-0.00600184
48,30,1.02052,0.0284909,-0.00614508
48,31,1.02007,0.0283431,-0.00630653
48,32,1.0196,0.0280858,-0.00648739
48,33,1.0191,0.0277214,-0.00668861
48,34,1.01859,0.0272529,-0.00691081
48,35,1.01806,0.0266843,-0.00715438
48,36,1.0175,0.0260199,-0.00741937
48,37,1.01694,0.0252648,-0.00770562
48,38,1.01635,0.024424,-0.00801266
48,39,1.01576,0.0235032,-0.00833985
48,40,1.01515,0.022508,-0.00868629
48,41,1.01453,0.0214441,-0.00905094
48,42,1.01391,0.0203172,-0.00943254
48,43,1.01328,0.0191329,-0.00982973
48,44,1.01265,0.0178968,-0.010241
48,45,1.01202,0.0166143,-0.0106648
48,46,1.01138,0.0152905,-0.0110995
48,47,1.01075,0.0139304,-0.0115433
48,48,1.01012,0.0125387,-0.0119944
48,49,1.0095,0.01112,-0.0124513
48,50,1.00889,0.00967851,-0.0129119
48,51,1.00828,0.00821834,-0.0133747
48,52,1.00767,0.00674341,-0.0138379
48,53,1.00708,0.00525743,-0.0142998
48,54,1.0065,0.00376395,-0.0147587
48,55,1.00592,0.00226637,-0.0152131
48,56,1.00535,0.000768004,-0.0156613
48,57,1.0048,-0.000727973,-0.0161019
48,58,1.00425,-0.00221844,-0.0165334
48,59,1.00371,-0.00370035,-0.0169543
48,60,1.00318,-0.00517068,-0.0173635
48,61,1.00266,-0.00662645,-0.0177594
48,62,1.00215,-0.00806466,-0.018141
48,63,1.00164,-0.00948232,-0.0185069
48,64,1.00114,-0.0108764,-0.018856
48,65,1.00065,-0.0122439,-0.0191871
48,66,1.00015,-0.0135817,-0.0194992
48,67,0.999668,-0.0148866,-0.0197912
48,68,0.999183,-0.0161556,-0.020062
48,69,0.998701,-0.0173853,-0.0203106
48,70,0.998219,-0.0185724,-0.0205361
48,71,0.997738,-0.0197137,-0.0207374
48,72,0.997254,-0.0208057,-0.0209136
48,73,0.996769,-0.021845,-0.0210639
48,74,0.99628,-0.0228282,-0.0211872
48,75,0.995786,-0.0237519,-0.0212828
48,76,0.995287,-0.0246125,-0.0213499
48,77,0.994781,-0.0254067,-0.0213877
48,78,0.994268,-0.026131,-0.0213955
48,79,0.993745,-0.0267822,-0.0213729
48,80,0.993212,-0.027357,-0.0213191
48,81,0.992669,-0.0278522,-0.0212339
48,82,0.992113,-0.0282651,-0.021117
48,83,0.991545,-0.0285926,-0.0209682
48,84,0.990963,-0.0288324,-0.0207874
48,85,0.990366,-0.0289822,-0.0205749
48,86,0.989755,-0.0290398,-0.0203309
48,87,0.989129,-0.0290037,-0.0200559
48,88,0.988486,-0.0288726,-0.0197504
48,89,0.987828,-0.0286457,-0.0194153
48,90,0.987154,-0.0283225,-0.0190515
48,91,0.986464,-0.0279032,-0.0186602
48,92,0.985759,-0.0273884,-0.0182425
48,93,0.985039,-0.0267794,-0.0177998
48,94,0.984306,-0.0260781,-0.0173337
48,95,0.983559,-0.0252869,-0.0168457
48,96,0.982801,-0.0244089,-0.0163375
48,97,0.982033,-0.023448,-0.0158108
48,98,0.981256,-0.0224085,-0.0152675
48,99,0.980473,-0.0212952,-0.0147093
48,100,0.979686,-0.0201136,-0.0141382
48,101,0.978896,-0.0188693,-0.0135558
48,102,0.978107,-0.0175682,-0.0129642
48,103,0.977321,-0.016216,-0.0123652
48,104,0.97654,-0.0148183,-0.0117606
48,105,0.975767,-0.0133804,-0.0111522
48,106,0.975005,-0.0119072,-0.010542
48,107,0.974257,-0.010403,-0.00993198
48,108,0.973525,-0.00887205,-0.00932405
48,109,0.972812,-0.00731912,-0.0087203
48,110,0.972121,-0.00575002,-0.00812288
48,111,0.971454,-0.00417308,-0.00753406
48,112,0.970814,-0.00260068,-0.00695615
48,113,0.970204,-0.0010511,-0.0063916
48,114,0.969624,0.000449523,-0.0058429
48,115,0.969079,0.00186561,-0.00531264
48,116,0.968569,0.00315143,-0.00480339
48,117,0.968096,0.00425196,-0.00431752
48,118,0.967663,0.00510603,-0.00385669
48,119,0.967271,0.00565202,-0.00342098
48,120,0.966921,0.00583583,-0.00300747
48,121,0.966614,0.00561977,-0.00260839
48,122,0.966351,0.00499114,-0.00220934
48,123,0.966132,0.00397242,-0.00178923
48,124,0.965956,0.0026446,-0.00132604
48,125,0.965823,0.00121613,-0.000808018
48,126,0.965727,0.00020926,-0.000256069
48,127,1,-0.00343474,0
49,0,1,0,0
49,1,1.02317,0.00423202,-0.000462784
49,2,1.02318,0.00909708,-0.00128053
49,3,1.02318,0.010406,-0.00192019
49,4,1.02318,0.0101057,-0.00239532
49,5,1.02317,0.0094207,-0.00275635
49,6,1.02317,0.00896927,-0.00304883
49,7,1.02315,0.00897684,-0.00330051
49,8,1.02314,0.00945719,-0.00352473
49,9,1.02312,0.010331,-0.00372633
49,10,1.0231,0.0114915,-0.00390632
49,11,1.02306,0.0128362,-0.00406487
49,12,1.02303,0.0142793,-0.00420247
49,13,1.02298,0.0157553,-0.00432031
49,14,1.02292,0.0172171,-0.00442001
49,15,1.02285,0.0186329,-0.0045035
49,16,1.02277,0.0199828,-0.00457267
49,17,1.02268,0.0212551,-0.00462949
49,18,1.02257,0.0224433,-0.00467584
49,19,1.02245,0.0235438,-0.0047137
49,20,1.0223,0.0245542,-0.00474511
49,21,1.02214,0.0254721,-0.00477232
49,22,1.02196,0.026295,-0.00479768
49,23,1.02175,0.02702,-0.00482372
49,24,1.02153,0.0276436,-0.00485305
49,25,1.02127,0.0281624,-0.00488835
49,26,1.021,0.0285732,-0.00493224
49,27,1.0207,0.0288734,-0.0049873
49,28,1.02038,0.0290608,-0.00505592
49,29,1.02003,0.0291345,-0.00514034
49,30,1.01966,0.0290941,-0.00524251
49,31,1.01926,0.0289404,-0.00536415
49,32,1.01884,0.0286753,-0.00550665
49,33,1.0184,0.0283013,-0.00567113
49,34,1.01794,0.0278219,-0.00585837
49,35,1.01746,0.0272414,-0.00606889
49,36,1.01696,0.0265643,-0.00630286
49,37,1.01644,0.0257959,-0.0065602
49,38,1.01591,0.0249419,-0.00684053
49,39,1.01536,0.024008,-0.00714325
49,40,1.01481,0.0230002,-0.00746752
49,41,1.01424,0.0219245,-0.00781228
49,42,1.01367,0.0207867,-0.0081763
49,43,1.01309,0.0195927,-0.00855821
49,44,1.01251,0.0183482,-0.00895649
49,45,1.01193,0.0170585,-0.00936951
49,46,1.01134,0.0157289,-0.00979558
49,47,1.01076,0.0143642,-0.0102329
49,48,1.01018,0.0129691,-0.0106797
49,49,1.00961,0.011548,-0.0111342
49,50,1.00904,0.0101048,-0.0115945
49,51,1.00847,0.00864361,-0.0120588
49,52,1.00792,0.00716794,-0.0125252
49,53,1.00737,0.00568129,-0.0129922
49,54,1.00683,0.00418694,-0.0134578
49,55,1.00629,0.00268808,-0.0139205
49,56,1.00577,0.00118778,-0.0143785
49,57,1.00525,-0.00031098,-0.0148304
49,58,1.00475,-0.00180523,-0.0152745
49,59,1.00425,-0.00329206,-0.0157095
49,60,1.00375,-0.00476851,-0.0161338
49,61,1.00327,-0.00623166,-0.0165461
49,62,1.00279,-0.00767851,-0.0169451
49,63,1.00232,-0.00910604,-0.0173294
49,64,1.00185,-0.0105112,-0.0176979
49,65,1.00139,-0.0118907,-0.0180492
49,66,1.00093,-0.0132415,-0.0183823
49,67,1.00047,-0.0145602,-0.0186959
49,68,1.00002,-0.0158435,-0.018989
49,69,0.999567,-0.0170879,-0.0192604
49,70,0.999114,-0.0182899,-0.0195091
49,71,0.99866,-0.0194459,-0.019734
49,72,0.998203,-0.0205524,-0.019934
49,73,0.997743,-0.0216057,-0.0201082
49,74,0.997279,-0.022602,-0.0202556
49,75,0.996809,-0.0235377,-0.0203753
49,76,0.996332,-0.0244092,-0.0204664
49,77,0.995848,-0.0252127,-0.020528
49,78,0.995354,-0.0259448,-0.0205594
49,79,0.99485,-0.0266019,-0.02056
49,80,0.994336,-0.0271807,-0.0205291
49,81,0.993809,-0.0276779,-0.0204663
49,82,0.993269,-0.0280907,-0.0203712
49,83,0.992714,-0.0284162,-0.0202436
49,84,0.992145,-0.0286519,-0.0200834
49,85,0.99156,-0.0287957,-0.0198908
49,86,0.990959,-0.0288458,-0.0196659
49,87,0.990341,-0.0288007,-0.0194093
49,88,0.989705,-0.0286595,-0.0191214
49,89,0.989053,-0.0284216,-0.0188032
49,90,0.988383,-0.0280871,-0.0184555
49,91,0.987696,-0.0276564,-0.0180794
49,92,0.986992,-0.0271308,-0.0176763
49,93,0.986273,-0.0265119,-0.0172476
49,94,0.985538,-0.0258021,-0.0167947
49,95,0.984788,-0.0250042,-0.0163194
49,96,0.984026,-0.024122,-0.0158234
49,97,0.983253,-0.0231596,-0.0153085
49,98,0.982469,-0.0221215,-0.0147767
49,99,0.981678,-0.0210131,-0.0142297
49,100,0.980881,-0.0198398,-0.0136695
49,101,0.98008,-0.0186073,-0.0130982
49,102,0.979279,-0.0173214,-0.0125175
49,103,0.978478,-0.0159877,-0.0119296
49,104,0.977682,-0.0146116,-0.0113362
49,105,0.976893,-0.0131979,-0.0107394
49,106,0.976113,-0.0117509,-0.010141
49,107,0.975346,-0.0102745,-0.00954313
49,108,0.974594,-0.00877218,-0.00894778
49,109,0.97386,-0.00724796,-0.00835707
49,110,0.973147,-0.00570692,-0.00777317
49,111,0.972457,-0.00415662,-0.00719836
49,112,0.971794,-0.00260861,-0.006635
49,113,0.971159,-0.00108036,-0.00608555
49,114,0.970556,0.000402842,-0.00555256
49,115,0.969986,0.00180623,-0.00503864
49,116,0.969452,0.00308475,-0.00454643
49,117,0.968956,0.00418372,-0.00407833
49,118,0.9685,0.00504154,-0.00363606
49,119,0.968087,0.00559489,-0.00321972
49,120,0.967717,0.00578601,-0.00282632
49,121,0.967391,0.00557138,-0.0024479
49,122,0.967112,0.0049311,-0.00207007
49,123,0.966878,0.00388193,-0.00167237
49,124,0.966689,0.00250731,-0.00123211
49,125,0.966543,0.00103814,-0.000740557
49,126,0.966442,5.68165e-05,-0.00023791
49,127,1,-0.00343474,0
50,0,1,0,0
50,1,1.02088,0.00383099,-0.000460155
50,2,1.02089,0.00853799,-0.00128336
50,3,1.02091,0.0096677,-0.00190607
50,4,1.02094,0.0092321,-0.00236318
50,5,1.02096,0.00846246,-0.00270922
50,6,1.02099,0.00796203,-0.00298738
50,7,1.02101,0.00793983,-0.00322413
50,8,1.02103,0.00839863,-0.00343179
50,9,1.02105,0.00925385,-0.0036145
50,10,1.02107,0.0103974,-0.00377303
50,11,1.02108,0.0117275,-0.00390753
50,12,1.02109,0.0131596,-0.00401858
50,13,1.02109,0.0146292,-0.0041075
50,14,1.02108,0.01609,-0.0041761
50,15,1.02106,0.0175107,-0.00422645
50,16,1.02103,0.0188715,-0.00426067
50,17,1.02098,0.020161,-0.0042809
50,18,1.02093,0.0213725,-0.00428923
50,19,1.02085,0.0225024,-0.00428784
50,20,1.02076,0.0235484,-0.00427898
50,21,1.02066,0.0245081,-0.00426505
50,22,1.02053,0.0253787,-0.00424861
50,23,1.02038,0.0261572,-0.00423237
50,24,1.02021,0.0268398,-0.00421914
50,25,1.02002,0.0274226,-0.00421177
50,26,1.0198,0.0279021,-0.00421311
50,27,1.01956,0.0282749,-0.00422592
50,28,1.0193,0.0285384,-0.0042528
50,29,1.01901,0.0286906,-0.00429617
50,30,1.0187,0.0287308,-0.0043582
50,31,1.01837,0.0286588,-0.00444078
50,32,1.01801,0.0284758,-0.0045455
50,33,1.01763,0.0281836,-0.00467364
50,34,1.01722,0.027785,-0.00482614
50,35,1.0168,0.0272834,-0.00500364
50,36,1.01636,0.0266829,-0.00520643
50,37,1.0159,0.025988,-0.00543455
50,38,1.01543,0.0252038,-0.0056877
50,39,1.01494,0.0243356,-0.00596535
50,40,1.01444,0.0233888,-0.00626668
50,41,1.01393,0.0223689,-0.0065907
50,42,1.01341,0.0212817,-0.00693619
50,43,1.01289,0.0201327,-0.00730176
50,44,1.01236,0.0189275,-0.00768589
50,45,1.01182,0.0176712,-0.00808694
50,46,1.01129,0.0163693,-0.00850317
50,47,1.01075,0.0150266,-0.00893278
50,48,1.01022,0.013648,-0.0093739
50,49,1.00969,0.0122382,-0.00982467
50,50,1.00917,0.0108014,-0.0102832
50,51,1.00865,0.00934185,-0.0107476
50,52,1.00814,0.00786362,-0.011216
50,53,1.00763,0.00637052,-0.0116866
50,54,1.00713,0.00486622,-0.0121575
50,55,1.00664,0.00335425,-0.0126271
50,56,1.00615,0.00183803,-0.0130936
50,57,1.00568,0.000320864,-0.0135554
50,58,1.00521,-0.001194,-0.0140108
50,59,1.00474,-0.00270341,-0.0144584
50,60,1.00429,-0.00420421,-0.0148966
50,61,1.00384,-0.00569332,-0.0153239
50,62,1.0034,-0.00716762,-0.015739
50,63,1.00296,-0.00862404,-0.0161405
50,64,1.00253,-0.0100594,-0.0165271
50,65,1.0021,-0.0114707,-0.0168974
50,66,1.00167,-0.0128545,-0.0172503
50,67,1.00125,-0.0142078,-0.0175845
50,68,1.00083,-0.0155272,-0.0178988
50,69,1.0004,-0.0168095,-0.0181919
50,70,0.999981,-0.0180511,-0.0184628
50,71,0.999556,-0.0192486,-0.0187104
50,72,0.999129,-0.0203986,-0.0189334
50,73,0.998698,-0.0214975,-0.0191308
50,74,0.998262,-0.0225418,-0.0193015
50,75,0.99782,-0.0235278,-0.0194446
50,76,0.997371,-0.0244519,-0.0195591
50,77,0.996913,-0.0253105,-0.019644
50,78,0.996446,-0.0261,-0.0196985
50,79,0.995969,-0.0268169,-0.0197219
50,80,0.995479,-0.0274578,-0.0197135
50,81,0.994977,-0.0280192,-0.0196727
50,82,0.994461,-0.028498,-0.0195992
50,83,0.99393,-0.0288911,-0.0194926
50,84,0.993383,-0.0291956,-0.0193528
50,85,0.992819,-0.029409,-0.0191799
50,86,0.992238,-0.0295289,-0.018974
50,87,0.991638,-0.0295532,-0.0187357
50,88,0.99102,-0.0294805,-0.0184654
50,89,0.990383,-0.0293095,-0.0181639
50,90,0.989727,-0.0290395,-0.0178323
50,91,0.989052,-0.0286702,-0.0174716
50,92,0.988358,-0.028202,-0.0170831
50,93,0.987645,-0.0276358,-0.0166683
50,94,0.986915,-0.0269732,-0.0162288
50,95,0.986169,-0.0262163,-0.0157663
50,96,0.985406,-0.0253681,-0.0152827
50,97,0.98463,-0.0244321,-0.0147798
50,98,0.983841,-0.0234125,-0.0142595
50,99,0.983042,-0.0223139,-0.013724
50,100,0.982235,-0.0211416,-0.0131752
50,101,0.981421,-0.0199012,-0.0126152
50,102,0.980604,-0.0185983,-0.012046
50,103,0.979787,-0.0172389,-0.0114696
50,104,0.978971,-0.0158283,-0.010888
50,105,0.97816,-0.0143719,-0.0103033
50,106,0.977358,-0.0128744,-0.00971745
50,107,0.976567,-0.0113403,-0.0091325
50,108,0.975789,-0.00977368,-0.00855052
50,109,0.97503,-0.00817934,-0.00797367
50,110,0.97429,-0.00656311,-0.00740416
50,111,0.973574,-0.00493334,-0.00684427
50,112,0.972883,-0.00330244,-0.00629639
50,113,0.972222,-0.00168876,-0.005763
50,114,0.971592,-0.000118521,-0.00524668
50,115,0.970997,0.00137255,-0.00475007
50,116,0.970438,0.00273831,-0.00427584
50,117,0.969919,0.00392269,-0.00382644
50,118,0.96944,0.00486213,-0.0034036
50,119,0.969005,0.00549024,-0.00300741
50,120,0.968615,0.00574477,-0.00263484
50,121,0.968271,0.00557603,-0.00227794
50,122,0.967974,0.00495736,-0.00192217
50,123,0.967724,0.00390141,-0.00154699
50,124,0.967521,0.00249687,-0.00113269
50,125,0.967364,0.00100109,-0.000673609
50,126,0.967248,6.31004e-05,-0.000203283
50,127,1,-0.00343474,0
51,0,1,0,0
51,1,1.01852,0.00411875,-0.000472788
51,2,1.01856,0.0086603,-0.00127712
51,3,1.01861,0.0096293,-0.0018814
51,4,1.01866,0.0090902,-0.0023205
51,5,1.01872,0.00827578,-0.00265013
51,6,1.01878,0.00777307,-0.00291389
51,7,1.01884,0.00777434,-0.00313616
51,8,1.0189,0.00827069,-0.0033278
51,9,1.01897,0.00917087,-0.00349231
51,10,1.01903,0.0103635,-0.00363021
51,11,1.01909,0.011745,-0.00374161
51,12,1.01915,0.0132301,-0.00382716
51,13,1.01921,0.0147534,-0.00388833
51,14,1.01925,0.0162675,-0.00392706
51,15,1.01929,0.0177404,-0.0039456
51,16,1.01932,0.0191513,-0.00394625
51,17,1.01933,0.020488,-0.00393135
51,18,1.01934,0.0217432,-0.00390316
51,19,1.01932,0.022913,-0.00386405
51,20,1.01929,0.0239947,-0.00381643
51,21,1.01924,0.0249859,-0.00376291
51,22,1.01917,0.025884,-0.00370618
51,23,1.01908,0.0266859,-0.00364916
51,24,1.01897,0.0273881,-0.0035948
51,25,1.01883,0.027987,-0.00354616
51,26,1.01868,0.0284792,-0.00350624
51,27,1.01849,0.0288615,-0.003478
51,28,1.01828,0.0291316,-0.00346424
51,29,1.01805,0.0292878,-0.00346756
51,30,1.01779,0.0293296,-0.00349032
51,31,1.01751,0.0292571,-0.00353459
51,32,1.0172,0.0290718,-0.00360213
51,33,1.01687,0.0287756,-0.00369439
51,34,1.01652,0.0283717,-0.00381247
51,35,1.01615,0.0278637,-0.00395713
51,36,1.01576,0.0272561,-0.00412881
51,37,1.01535,0.0265537,-0.00432762
51,38,1.01493,0.0257618,-0.00455337
51,39,1.01449,0.0248859,-0.00480559
51,40,1.01404,0.0239318,-0.00508354
51,41,1.01358,0.0229054,-0.00538623
51,42,1.01311,0.0218123,-0.00571249
51,43,1.01264,0.0206584,-0.00606093
51,44,1.01215,0.0194493,-0.00643002
51,45,1.01167,0.0181902,-0.00681812
51,46,1.01118,0.0168866,-0.00722344
51,47,1.0107,0.0155432,-0.00764417
51,48,1.01021,0.0141648,-0.0080784
51,49,1.00973,0.0127559,-0.00852421
51,50,1.00925,0.0113206,-0.00897966
51,51,1.00878,0.00986286,-0.00944281
51,52,1.00831,0.00838654,-0.00991175
51,53,1.00784,0.00689519,-0.0103846
51,54,1.00739,0.00539224,-0.0108594
51,55,1.00693,0.00388098,-0.0113345
51,56,1.00649,0.00236461,-0.011808
51,57,1.00605,0.000846265,-0.0122782
51,58,1.00562,-0.000670992,-0.0127435
51,59,1.0052,-0.00218411,-0.0132023
51,60,1.00478,-0.00369004,-0.0136529
51,61,1.00437,-0.00518574,-0.014094
51,62,1.00396,-0.00666812,-0.0145239
51,63,1.00356,-0.00813405,-0.0149412
51,64,1.00316,-0.00958036,-0.0153447
51,65,1.00277,-0.0110038,-0.0157328
51,66,1.00237,-0.0124011,-0.0161043
51,67,1.00198,-0.0137688,-0.0164579
51,68,1.00159,-0.0151035,-0.0167923
51,69,1.0012,-0.0164017,-0.0171062
51,70,1.00081,-0.0176597,-0.0173984
51,71,1.00041,-0.018874,-0.0176676
51,72,1.00002,-0.0200407,-0.0179128
51,73,0.999614,-0.0211561,-0.0181326
51,74,0.999206,-0.0222163,-0.018326
51,75,0.998791,-0.0232175,-0.0184919
51,76,0.998369,-0.024156,-0.0186292
51,77,0.997937,-0.0250277,-0.0187369
51,78,0.997496,-0.025829,-0.0188141
51,79,0.997042,-0.0265562,-0.01886
51,80,0.996576,-0.0272055,-0.0188738
51,81,0.996096,-0.0277737,-0.018855
51,82,0.995601,-0.0282572,-0.0188029
51,83,0.99509,-0.0286532,-0.0187173
51,84,0.994562,-0.0289587,-0.0185979
51,85,0.994016,-0.0291712,-0.0184449
51,86,0.993451,-0.0292885,-0.0182583
51,87,0.992867,-0.0293088,-0.0180385
51,88,0.992263,-0.0292308,-0.017786
51,89,0.991639,-0.0290534,-0.0175017
51,90,0.990994,-0.0287764,-0.0171865
51,91,0.990328,-0.0283999,-0.0168415
51,92,0.989643,-0.0279246,-0.0164681
51,93,0.988938,-0.027352,-0.0160677
51,94,0.988213,-0.0266839,-0.0156419
51,95,0.987471,-0.0259231,-0.0151927
51,96,0.986711,-0.025073,-0.0147218
51,97,0.985936,-0.0241373,-0.0142312
51,98,0.985147,-0.0231207,-0.013723
51,99,0.984346,-0.0220282,-0.0131993
51,100,0.983536,-0.0208652,-0.0126622
51,101,0.982717,-0.0196373,-0.0121138
51,102,0.981894,-0.0183504,-0.0115562
51,103,0.981068,-0.01701,-0.0109917
51,104,0.980242,-0.0156215,-0.0104222
51,105,0.97942,-0.0141899,-0.0098498
51,106,0.978604,-0.0127194,-0.00927669
51,107,0.977798,-0.0112139,-0.00870491
51,108,0.977005,-0.00967704,-0.00813659
51,109,0.976227,-0.00811282,-0.00757392
51,110,0.975468,-0.00652632,-0.00701912
51,111,0.974732,-0.00492511,-0.00647452
51,112,0.97402,-0.00332078,-0.00594253
51,113,0.973337,-0.0017308,-0.00542565
51,114,0.972685,-0.000180486,-0.00492649
51,115,0.972067,0.0012953,-0.00444772
51,116,0.971485,0.00265118,-0.00399206
51,117,0.970943,0.0038315,-0.00356196
51,118,0.970442,0.00477231,-0.00315921
51,119,0.969985,0.00540557,-0.00278389
51,120,0.969575,0.00566536,-0.00243293
51,121,0.969212,0.00549631,-0.00209824
51,122,0.968898,0.00486498,-0.00176546
51,123,0.968633,0.00377956,-0.00141488
51,124,0.968416,0.00233389,-0.00102645
51,125,0.968246,0.000812586,-0.000597867
51,126,0.968125,-6.79899e-05,-0.00018172
51,127,1,-0.00343474,0
52,0,1,0,0
52,1,1.01609,0.00371025,-0.000465972
52,2,1.01614,0.00805534,-0.00126691
52,3,1.01621,0.00883916,-0.0018481
52,4,1.01629,0.00817059,-0.00226574
52,5,1.01638,0.0072775,-0.00257871
52,6,1.01647,0.00672842,-0.00282756
52,7,1.01657,0.00669946,-0.00303497
52,8,1.01668,0.00717188,-0.00321056
52,9,1.01679,0.00805021,-0.00335706
52,10,1.0169,0.00922232,-0.00347473
52,11,1.01701,0.0105856,-0.00356364
52,12,1.01711,0.0120561,-0.00362457
52,13,1.01722,0.0135695,-0.00365905
52,14,1.01731,0.0150794,-0.00366918
52,15,1.0174,0.0165541,-0.00365737
52,16,1.01748,0.0179732,-0.00362606
52,17,1.01755,0.0193243,-0.00357774
52,18,1.01761,0.0206006,-0.00351485
52,19,1.01765,0.021798,-0.00343992
52,20,1.01768,0.0229139,-0.00335551
52,21,1.01769,0.0239458,-0.00326436
52,22,1.01768,0.024891,-0.00316935
52,23,1.01765,0.0257462,-0.0030735
52,24,1.01759,0.0265077,-0.00297993
52,25,1.01752,0.0271715,-0.00289186
52,26,1.01742,0.0277336,-0.00281244
52,27,1.0173,0.0281904,-0.0027448
52,28,1.01715,0.0285388,-0.00269189
52,29,1.01698,0.0287764,-0.00265651
52,30,1.01678,0.028902,-0.00264118
52,31,1.01656,0.0289149,-0.00264813
52,32,1.01631,0.0288156,-0.00267931
52,33,1.01604,0.0286056,-0.00273632
52,34,1.01575,0.0282871,-0.00282039
52,35,1.01544,0.027863,-0.00293245
52,36,1.01511,0.027337,-0.00307305
52,37,1.01476,0.0267134,-0.00324242
52,38,1.01439,0.0259967,-0.00344047
52,39,1.01401,0.025192,-0.00366679
52,40,1.01362,0.0243045,-0.00392073
52,41,1.01321,0.0233396,-0.00420135
52,42,1.01279,0.0223029,-0.00450749
52,43,1.01237,0.0211997,-0.00483782
52,44,1.01194,0.0200355,-0.00519081
52,45,1.0115,0.0188157,-0.0055648
52,46,1.01106,0.0175454,-0.00595802
52,47,1.01062,0.0162297,-0.0063686
52,48,1.01019,0.0148735,-0.00679463
52,49,1.00975,0.0134814,-0.00723414
52,50,1.00931,0.0120579,-0.00768514
52,51,1.00888,0.0106073,-0.00814566
52,52,1.00845,0.00913372,-0.00861371
52,53,1.00803,0.00764112,-0.00908736
52,54,1.00761,0.00613328,-0.00956469
52,55,1.0072,0.00461386,-0.0100438
52,56,1.0068,0.00308638,-0.0105229
52,57,1.0064,0.0015543,-0.0110002
52,58,1.006,2.09426e-05,-0.011474
52,59,1.00562,-0.00151039,-0.0119426
52,60,1.00523,-0.00303648,-0.0124043
52,61,1.00486,-0.0045541,-0.0128577
52,62,1.00449,-0.00606007,-0.0133011
52,63,1.00412,-0.00755118,-0.013733
52,64,1.00375,-0.00902425,-0.014152
52,65,1.00339,-0.010476,-0.0145567
52,66,1.00303,-0.0119032,-0.0149457
52,67,1.00267,-0.0133026,-0.0153176
52,68,1.00231,-0.0146707,-0.015671
52,69,1.00196,-0.0160041,-0.0160046
52,70,1.0016,-0.0172995,-0.0163171
52,71,1.00123,-0.0185531,-0.0166072
52,72,1.00087,-0.0197615,-0.0168736
52,73,1.0005,-0.020921,-0.0171151
52,74,1.00012,-0.022028,-0.0173305
52,75,0.999736,-0.0230786,-0.0175185
52,76,0.999344,-0.0240691,-0.017678
52,77,0.998943,-0.0249958,-0.0178081
52,78,0.998532,-0.0258548,-0.0179076
52,79,0.998109,-0.0266426,-0.0179756
52,80,0.997673,-0.0273553,-0.0180113
52,81,0.997222,-0.0279894,-0.018014
52,82,0.996757,-0.0285414,-0.0179832
52,83,0.996275,-0.0290079,-0.0179185
52,84,0.995775,-0.0293857,-0.0178195
52,85,0.995256,-0.029672,-0.0176862
52,86,0.994718,-0.029864,-0.0175188
52,87,0.99416,-0.0299594,-0.0173175
52,88,0.99358,-0.0299561,-0.0170829
52,89,0.992979,-0.0298526,-0.0168157
52,90,0.992355,-0.0296477,-0.016517
52,91,0.991709,-0.0293408,-0.0161877
52,92,0.991042,-0.0289319,-0.0158294
52,93,0.990352,-0.0284215,-0.0154434
52,94,0.989641,-0.0278107,-0.0150316
52,95,0.988909,-0.0271015,-0.0145956
52,96,0.988158,-0.0262963,-0.0141376
52,97,0.987388,-0.0253984,-0.0136595
52,98,0.986602,-0.0244117,-0.0131635
52,99,0.985801,-0.0233407,-0.0126518
52,100,0.984988,-0.0221904,-0.0121265
52,101,0.984164,-0.0209662,-0.01159
52,102,0.983332,-0.0196737,-0.0110445
52,103,0.982495,-0.0183185,-0.0104921
52,104,0.981657,-0.0169062,-0.00993504
52,105,0.980819,-0.0154419,-0.00937552
52,106,0.979986,-0.0139303,-0.00881565
52,107,0.979161,-0.0123759,-0.00825761
52,108,0.978347,-0.0107827,-0.00770356
52,109,0.977547,-0.00915546,-0.00715571
52,110,0.976766,-0.0075,-0.00661633
52,111,0.976005,-0.00582466,-0.00608776
52,112,0.97527,-0.00414187,-0.00557244
52,113,0.974562,-0.00246998,-0.00507288
52,114,0.973885,-0.000835243,-0.00459171
52,115,0.973243,0.000726489,-0.00413164
52,116,0.972638,0.0021687,-0.00369537
52,117,0.972072,0.00343428,-0.0032854
52,118,0.97155,0.00445721,-0.00290351
52,119,0.971072,0.00516624,-0.00254976
52,120,0.970642,0.00549079,-0.00222106
52,121,0.970261,0.00536924,-0.00190939
52,122,0.969929,0.00476169,-0.00160041
52,123,0.969648,0.00367329,-0.00127454
52,124,0.969418,0.00220579,-0.000914955
52,125,0.969237,0.000675169,-0.000522708
52,126,0.9691,-0.000128544,-0.000144424
52,127,1,-0.00343474,0
53,0,1,0,0
53,1,1.01362,0.00393665,-0.000473066
53,2,1.0137,0.00807899,-0.00124642
53,3,1.01379,0.00869796,-0.00180315
53,4,1.0139,0.00793308,-0.00219922
53,5,1.01402,0.00700243,-0.00249396
53,6,1.01415,0.00645516,-0.00272757
53,7,1.01429,0.00645113,-0.00292031
53,8,1.01444,0.00696126,-0.00308015
53,9,1.01459,0.00788447,-0.00320916
53,10,1.01476,0.00910589,-0.0033073
53,11,1.01492,0.0105216,-0.00337462
53,12,1.01508,0.0120466,-0.00341193
53,13,1.01524,0.0136157,-0.0034209
53,14,1.0154,0.0151817,-0.00340374
53,15,1.01555,0.0167117,-0.00336298
53,16,1.0157,0.0181844,-0.00330121
53,17,1.01583,0.0195867,-0.00322106
53,18,1.01595,0.0209109,-0.00312513
53,19,1.01605,0.0221525,-0.00301605
53,20,1.01614,0.0233086,-0.00289656
53,21,1.01621,0.0243766,-0.00276951
53,22,1.01626,0.0253539,-0.00263791
53,23,1.01629,0.0262371,-0.00250491
53,24,1.0163,0.0270228,-0.00237379
53,25,1.01628,0.0277071,-0.00224786
53,26,1.01624,0.0282863,-0.00213044
53,27,1.01617,0.028757,-0.00202481
53,28,1.01608,0.0291165,-0.00193408
53,29,1.01596,0.0293626,-0.00186119
53,30,1.01582,0.0294943,-0.00180883
53,31,1.01565,0.0295112,-0.00177941
53,32,1.01546,0.0294142,-0.00177501
53,33,1.01524,0.0292048,-0.00179741
53,34,1.015,0.0288856,-0.00184798
53,35,1.01474,0.0284599,-0.00192779
53,36,1.01446,0.0279315,-0.00203752
53,37,1.01416,0.0273051,-0.0021775
53,38,1.01384,0.0265854,-0.00234775
53,39,1.01351,0.0257777,-0.00254797
53,40,1.01317,0.0248876,-0.00277753
53,41,1.01281,0.0239206,-0.00303559
53,42,1.01244,0.0228823,-0.00332103
53,43,1.01206,0.0217784,-0.00363253
53,44,1.01168,0.0206145,-0.00396859
53,45,1.01129,0.0193957,-0.00432756
53,46,1.0109,0.0181275,-0.00470765
53,47,1.0105,0.0168146,-0.00510699
53,48,1.01011,0.0154619,-0.00552364
53,49,1.00971,0.0140739,-0.00595561
53,50,1.00932,0.0126549,-0.00640088
53,51,1.00893,0.0112089,-0.00685743
53,52,1.00855,0.00973995,-0.00732323
53,53,1.00816,0.00825161,-0.0077963
53,54,1.00779,0.00674749,-0.00827467
53,55,1.00742,0.00523101,-0.00875642
53,56,1.00705,0.00370549,-0.00923967
53,57,1.00669,0.00217417,-0.00972259
53,58,1.00633,0.000640253,-0.0102034
53,59,1.00598,-0.000893113,-0.0106804
53,60,1.00564,-0.00242278,-0.0111518
53,61,1.0053,-0.0039456,-0.0116161
53,62,1.00496,-0.00545841,-0.0120716
53,63,1.00463,-0.00695799,-0.0125168
53,64,1.0043,-0.0084411,-0.0129501
53,65,1.00397,-0.00990443,-0.0133701
53,66,1.00364,-0.0113446,-0.0137753
53,67,1.00332,-0.0127582,-0.0141643
53,68,1.00299,-0.0141416,-0.0145357
53,69,1.00267,-0.0154914,-0.0148879
53,70,1.00234,-0.0168038,-0.0152198
53,71,1.00201,-0.018075,-0.0155298
53,72,1.00167,-0.0193014,-0.0158166
53,73,1.00133,-0.0204789,-0.016079
53,74,1.00098,-0.0216036,-0.0163156
53,75,1.00063,-0.0226717,-0.0165251
53,76,1.00027,-0.0236791,-0.0167064
53,77,0.999898,-0.0246217,-0.0168583
53,78,0.999516,-0.0254957,-0.0169796
53,79,0.999121,-0.0262971,-0.0170695
53,80,0.998713,-0.027022,-0.0171269
53,81,0.99829,-0.0276667,-0.0171512
53,82,0.99785,-0.0282276,-0.0171416
53,83,0.997394,-0.0287013,-0.0170977
53,84,0.996919,-0.0290846,-0.0170191
53,85,0.996424,-0.0293746,-0.0169058
53,86,0.995909,-0.0295686,-0.0167578
53,87,0.995372,-0.0296646,-0.0165753
53,88,0.994813,-0.0296606,-0.016359
53,89,0.994231,-0.0295553,-0.0161094
53,90,0.993626,-0.0293479,-0.0158275
53,91,0.992998,-0.0290381,-0.0155145
53,92,0.992346,-0.0286262,-0.0151717
53,93,0.991671,-0.0281131,-0.0148007
53,94,0.990973,-0.0275004,-0.0144032
53,95,0.990254,-0.0267905,-0.0139811
53,96,0.989513,-0.0259862,-0.0135363
53,97,0.988753,-0.0250913,-0.0130712
53,98,0.987975,-0.02411,-0.0125877
53,99,0.98718,-0.0230471,-0.0120883
53,100,0.986371,-0.0219078,-0.0115753
53,101,0.98555,-0.0206978,-0.011051
53,102,0.984719,-0.0194225,-0.0105176
53,103,0.983882,-0.0180878,-0.00997763
53,104,0.98304,-0.0166989,-0.00943324
53,105,0.982198,-0.0152607,-0.00888669
53,106,0.981359,-0.0137775,-0.00834023
53,107,0.980525,-0.0122533,-0.00779607
53,108,0.9797,-0.0106917,-0.00725644
53,109,0.978889,-0.00909655,-0.00672358
53,110,0.978093,-0.00747307,-0.00619981
53,111,0.977317,-0.00582879,-0.00568749
53,112,0.976565,-0.00417527,-0.00518907
53,113,0.975839,-0.00252996,-0.0047071
53,114,0.975143,-0.000918184,-0.00424423
53,115,0.974481,0.00062516,-0.0038032
53,116,0.973855,0.00205438,-0.00338672
53,117,0.973269,0.00331282,-0.00299733
53,118,0.972726,0.00433418,-0.00263678
53,119,0.972229,0.00504559,-0.00230516
53,120,0.971779,0.00537294,-0.00199935
53,121,0.971379,0.00524916,-0.00171128
53,122,0.971031,0.0046282,-0.00142693
53,123,0.970735,0.00351213,-0.00112775
53,124,0.970491,0.00201062,-0.000796946
53,125,0.970297,0.00047165,-0.000439169
53,126,0.970154,-0.000240673,-0.000119747
53,127,1,-0.00343474,0
54,0,1,0,0
54,1,1.01109,0.00352141,-0.000461025
54,2,1.01118,0.00743275,-0.00122126
54,3,1.0113,0.00786565,-0.00174874
54,4,1.01144,0.00698048,-0.00211981
54,5,1.01159,0.00597882,-0.00239584
54,6,1.01176,0.0053884,-0.00261345
54,7,1.01194,0.00535365,-0.00279086
54,8,1.01213,0.00583722,-0.0029347
54,9,1.01233,0.00673494,-0.00304619
54,10,1.01254,0.00793186,-0.00312503
54,11,1.01275,0.00932519,-0.00317123
54,12,1.01297,0.0108314,-0.00318569
54,13,1.01318,0.0123867,-0.00317015
54,14,1.01339,0.0139444,-0.00312693
54,15,1.0136,0.0154724,-0.00305865
54,16,1.0138,0.0169497,-0.00296804
54,17,1.01399,0.0183631,-0.00285782
54,18,1.01416,0.0197052,-0.00273071
54,19,1.01432,0.0209716,-0.00258948
54,20,1.01447,0.0221593,-0.00243695
54,21,1.0146,0.0232659,-0.0022761
54,22,1.01471,0.0242885,-0.00211003
54,23,1.0148,0.0252238,-0.00194201
54,24,1.01487,0.026068,-0.0017754
54,25,1.01491,0.0268168,-0.00161364
54,26,1.01493,0.0274661,-0.00146018
54,27,1.01492,0.028012,-0.0013184
54,28,1.01489,0.0284509,-0.00119156
54,29,1.01484,0.02878,-0.00108273
54,30,1.01475,0.0289976,-0.000994748
54,31,1.01465,0.0291024,-0.000930179
54,32,1.01451,0.0290944,-0.000891257
54,33,1.01436,0.0289746,-0.00087989
54,34,1.01418,0.0287445,-0.000897618
54,35,1.01398,0.0284066,-0.000945627
54,36,1.01375,0.0279642,-0.00102473
54,37,1.01351,0.027421,-0.0011354
54,38,1.01325,0.0267813,-0.00127773
54,39,1.01297,0.0260498,-0.00145153
54,40,1.01268,0.0252313,-0.00165628
54,41,1.01237,0.0243312,-0.00189117
54,42,1.01206,0.0233546,-0.00215516
54,43,1.01173,0.0223069,-0.00244697
54,44,1.0114,0.0211934,-0.00276513
54,45,1.01105,0.0200194,-0.003108
54,46,1.01071,0.0187901,-0.00347382
54,47,1.01036,0.0175106,-0.00386071
54,48,1.01001,0.0161856,-0.00426671
54,49,1.00966,0.0148201,-0.00468983
54,50,1.00931,0.0134185,-0.005128
54,51,1.00896,0.0119851,-0.00557919
54,52,1.00861,0.0105243,-0.00604133
54,53,1.00827,0.00904014,-0.0065124
54,54,1.00793,0.00753643,-0.00699039
54,55,1.0076,0.00601698,-0.00747332
54,56,1.00727,0.00448545,-0.00795928
54,57,1.00694,0.00294538,-0.00844637
54,58,1.00662,0.00140022,-0.00893278
54,59,1.00631,-0.000146624,-0.00941671
54,60,1.006,-0.00169183,-0.00989644
54,61,1.00569,-0.0032321,-0.0103703
54,62,1.00539,-0.00476415,-0.0108365
54,63,1.00509,-0.00628471,-0.0112936
54,64,1.00479,-0.0077905,-0.01174
54,65,1.0045,-0.00927822,-0.0121741
54,66,1.00421,-0.0107445,-0.0125943
54,67,1.00391,-0.0121861,-0.0129993
54,68,1.00362,-0.0135995,-0.0133874
54,69,1.00333,-0.0149812,-0.0137573
54,70,1.00303,-0.0163277,-0.0141075
54,71,1.00273,-0.0176354,-0.0144365
54,72,1.00243,-0.0189007,-0.0147429
54,73,1.00212,-0.0201199,-0.0150254
54,74,1.00181,-0.0212891,-0.0152825
54,75,1.00149,-0.0224046,-0.015513
54,76,1.00116,-0.0234624,-0.0157154
54,77,1.00082,-0.0244587,-0.0158886
54,78,1.00047,-0.0253896,-0.0160315
54,79,1.00011,-0.0262512,-0.0161428
54,80,0.999736,-0.0270395,-0.0162217
54,81,0.999347,-0.0277508,-0.0162672
54,82,0.998941,-0.0283812,-0.0162787
54,83,0.998518,-0.0289272,-0.0162556
54,84,0.998076,-0.0293852,-0.0161975
54,85,0.997615,-0.029752,-0.0161041
54,86,0.997132,-0.0300245,-0.0159756
54,87,0.996627,-0.0302,-0.0158121
54,88,0.996099,-0.0302759,-0.0156141
54,89,0.995548,-0.0302504,-0.0153822
54,90,0.994971,-0.0301218,-0.0151174
54,91,0.994371,-0.029889,-0.0148208
54,92,0.993745,-0.0295515,-0.0144937
54,93,0.993094,-0.0291094,-0.0141378
54,94,0.992418,-0.0285635,-0.0137548
54,95,0.991718,-0.0279152,-0.0133466
54,96,0.990995,-0.0271665,-0.0129154
54,97,0.99025,-0.0263205,-0.0124632
54,98,0.989483,-0.0253805,-0.0119926
54,99,0.988698,-0.0243509,-0.0115057
54,100,0.987895,-0.0232363,-0.011005
54,101,0.987077,-0.0220418,-0.0104931
54,102,0.986247,-0.020773,-0.00997222
54,103,0.985408,-0.0194353,-0.00944487
54,104,0.984562,-0.018034,-0.00891342
54,105,0.983712,-0.0165742,-0.00838019
54,106,0.982863,-0.0150606,-0.0078475
54,107,0.982017,-0.0134974,-0.00731763
54,108,0.981178,-0.0118887,-0.00679286
54,109,0.980351,-0.0102391,-0.00627548
54,110,0.979538,-0.00855445,-0.00576784
54,111,0.978744,-0.00684293,-0.00527233
54,112,0.977972,-0.00511694,-0.00479143
54,113,0.977226,-0.0033948,-0.0043277
54,114,0.976509,-0.00170274,-0.0038838
54,115,0.975826,-7.6671e-05,-0.00346249
54,116,0.97518,0.00143653,-0.0030665
54,117,0.974574,0.00277871,-0.00269835
54,118,0.974011,0.00388139,-0.0023598
54,119,0.973494,0.00466843,-0.00205089
54,120,0.973026,0.00506095,-0.00176851
54,121,0.972609,0.00498575,-0.00150474
54,122,0.972245,0.00439071,-0.00124574
54,123,0.971934,0.00327616,-0.000973351
54,124,0.971677,0.0017623,-0.00067417
54,125,0.971472,0.00023325,-0.000356473
54,126,0.971314,-0.000366892,-8.00846e-05
54,127,1,-0.00343474,0
55,0,1,0,0
55,1,1.00855,0.00368703,-0.00046163
55,2,1.00867,0.00736346,-0.00118506
55,3,1.00881,0.00763222,-0.00168221
55,4,1.00897,0.00666062,-0.00202811
55,5,1.00916,0.00562957,-0.00228373
55,6,1.00936,0.00504495,-0.00248477
55,7,1.00958,0.00503595,-0.00264676
55,8,1.00982,0.0055565,-0.00277465
55,9,1.01007,0.00649805,-0.00286891
55,10,1.01033,0.00774355,-0.00292899
55,11,1.0106,0.00918914,-0.00295482
55,12,1.01087,0.0107505,-0.00294736
55,13,1.01114,0.0123627,-0.00290841
55,14,1.01141,0.0139783,-0.00284039
55,15,1.01168,0.0155641,-0.00274601
55,16,1.01195,0.0170978,-0.00262807
55,17,1.0122,0.0185655,-0.00248941
55,18,1.01244,0.0199591,-0.00233283
55,19,1.01267,0.0212735,-0.0021612
55,20,1.01288,0.0225054,-0.00197743
55,21,1.01307,0.0236522,-0.0017846
55,22,1.01324,0.0247109,-0.00158588
55,23,1.01339,0.0256782,-0.00138464
55,24,1.01352,0.0265505,-0.00118432
55,25,1.01362,0.0273238,-0.000988467
55,26,1.0137,0.0279942,-0.000800612
55,27,1.01375,0.0285578,-0.000624257
55,28,1.01378,0.0290115,-0.000462774
55,29,1.01378,0.0293528,-0.000319372
55,30,1.01375,0.0295802,-0.000197017
55,31,1.01369,0.0296927,-9.84117e-05
55,32,1.01362,0.0296907,-2.59329e-05
55,33,1.01351,0.0295752,1.83689e-05
55,34,1.01338,0.0293483,3.28142e-05
55,35,1.01323,0.0290126,1.60795e-05
55,36,1.01306,0.0285717,-3.27768e-05
55,37,1.01286,0.0280295,-0.000114341
55,38,1.01265,0.0273907,-0.000228836
55,39,1.01242,0.02666,-0.000376153
55,40,1.01217,0.0258427,-0.00055586
55,41,1.01191,0.0249442,-0.000767237
55,42,1.01164,0.0239697,-0.00100929
55,43,1.01136,0.0229249,-0.0012808
55,44,1.01107,0.0218151,-0.00158034
55,45,1.01077,0.0206456,-0.00190629
55,46,1.01047,0.0194215,-0.0022569
55,47,1.01017,0.0181479,-0.00263031
55,48,1.00986,0.0168296,-0.00302456
55,49,1.00955,0.015471,-0.00343763
55,50,1.00924,0.0140766,-0.00386747
55,51,1.00893,0.0126506,-0.00431199
55,52,1.00863,0.011197,-0.00476912
55,53,1.00833,0.00971954,-0.00523679
55,54,1.00803,0.00822194,-0.00571296
55,55,1.00773,0.00670775,-0.00619563
55,56,1.00744,0.0051804,-0.00668284
55,57,1.00715,0.00364326,-0.00717265
55,58,1.00687,0.00209962,-0.00766319
55,59,1.00659,0.000552746,-0.00815263
55,60,1.00631,-0.000994136,-0.0086392
55,61,1.00604,-0.00253779,-0.00912116
55,62,1.00577,-0.00407497,-0.0095968
55,63,1.0055,-0.00560242,-0.0100645
55,64,1.00524,-0.00711682,-0.0105225
55,65,1.00498,-0.00861481,-0.0109694
55,66,1.00472,-0.010093,-0.0114034
55,67,1.00446,-0.0115479,-0.0118231
55,68,1.0042,-0.0129759,-0.012227
55,69,1.00394,-0.0143734,-0.0126134
55,70,1.00367,-0.0157368,-0.0129809
55,71,1.00341,-0.0170622,-0.0133279
55,72,1.00314,-0.0183457,-0.0136531
55,73,1.00286,-0.0195835,-0.0139548
55,74,1.00258,-0.0207714,-0.0142317
55,75,1.00229,-0.0219056,-0.0144824
55,76,1.002,-0.0229818,-0.0147055
55,77,1.00169,-0.0239959,-0.0148996
55,78,1.00137,-0.0249439,-0.0150635
55,79,1.00104,-0.0258215,-0.015196
55,80,1.0007,-0.0266247,-0.0152961
55,81,1.00034,-0.0273495,-0.0153629
55,82,0.999964,-0.0279921,-0.0153954
55,83,0.999571,-0.0285487,-0.0153932
55,84,0.999159,-0.0290158,-0.0153556
55,85,0.998726,-0.0293901,-0.0152825
55,86,0.998271,-0.0296686,-0.0151738
55,87,0.997794,-0.0298487,-0.0150296
55,88,0.997293,-0.029928,-0.0148503
55,89,0.996767,-0.0299048,-0.0146366
55,90,0.996217,-0.0297777,-0.0143894
55,91,0.99564,-0.0295459,-0.0141098
55,92,0.995038,-0.0292093,-0.0137991
55,93,0.994409,-0.0287684,-0.0134589
55,94,0.993755,-0.0282242,-0.013091
55,95,0.993075,-0.0275785,-0.0126974
55,96,0.992371,-0.026834,-0.0122802
55,97,0.991643,-0.0259939,-0.0118417
55,98,0.990893,-0.025062,-0.0113842
55,99,0.990123,-0.0240429,-0.0109103
55,100,0.989333,-0.0229416,-0.0104225
55,101,0.988527,-0.0217634,-0.00992325
55,102,0.987707,-0.0205139,-0.00941514
55,103,0.986876,-0.0191985,-0.00890068
55,104,0.986036,-0.0178225,-0.00838235
55,105,0.98519,-0.0163908,-0.00786259
55,106,0.984343,-0.0149076,-0.00734378
55,107,0.983497,-0.0133769,-0.00682829
55,108,0.982656,-0.0118021,-0.00631845
55,109,0.981824,-0.0101873,-0.00581662
55,110,0.981005,-0.00853746,-0.00532517
55,111,0.980202,-0.0068601,-0.00484653
55,112,0.979419,-0.00516671,-0.00438322
55,113,0.978661,-0.00347466,-0.00393781
55,114,0.977931,-0.00180922,-0.00351302
55,115,0.977233,-0.000205292,-0.00311159
55,116,0.976571,0.00129112,-0.00273628
55,117,0.975948,0.0026224,-0.00238962
55,118,0.975368,0.00371986,-0.00207333
55,119,0.974834,0.00450584,-0.00178748
55,120,0.974349,0.00489817,-0.00152896
55,121,0.973916,0.00481858,-0.00128991
55,122,0.973537,0.00420959,-0.00105692
55,123,0.973212,0.00306994,-0.000813126
55,124,0.972941,0.00153054,-0.00054546
55,125,0.972724,1.20202e-05,-0.000266014
55,126,0.972561,-0.000461591,-5.27784e-05
55,127,1,-0.00343474,0
56,0,1,0,0
56,1,1.00599,0.00326849,-0.000443668
56,2,1.00611,0.00668607,-0.00114402
56,3,1.00627,0.00677299,-0.00160606
56,4,1.00646,0.00569288,-0.00192348
56,5,1.00668,0.00459946,-0.00215807
56,6,1.00692,0.00397503,-0.00234153
56,7,1.00718,0.00393456,-0.00248723
56,8,1.00746,0.00442543,-0.00259864
56,9,1.00775,0.00533726,-0.00267543
56,10,1.00806,0.0065536,-0.00271674
56,11,1.00838,0.00797204,-0.0027225
56,12,1.0087,0.00950978,-0.00269369
56,13,1.00903,0.0111033,-0.00263219
56,14,1.00935,0.0127058,-0.00254046
56,15,1.00968,0.0142847,-0.00242129
56,16,1.00999,0.0158183,-0.00227755
56,17,1.0103,0.0172927,-0.00211213
56,18,1.0106,0.0187,-0.00192792
56,19,1.01089,0.0200351,-0.00172785
56,20,1.01116,0.0212951,-0.0015149
56,21,1.01141,0.0224771,-0.0012922
56,22,1.01164,0.0235782,-0.001063
56,23,1.01185,0.0245951,-0.000830715
56,24,1.01204,0.0255238,-0.000598857
56,25,1.0122,0.02636,-0.000371032
56,26,1.01234,0.0270994,-0.000150856
56,27,1.01245,0.0277375,5.80879e-05
56,28,1.01254,0.0282705,0.00025233
56,29,1.0126,0.0286953,0.000428557
56,30,1.01263,0.0290095,0.000583686
56,31,1.01264,0.0292113,0.000714894
56,32,1.01262,0.0293003,0.000819672
56,33,1.01257,0.0292766,0.000895839
56,34,1.0125,0.0291415,0.000941582
56,35,1.01241,0.0288968,0.000955446
56,36,1.01229,0.0285452,0.00093636
56,37,1.01216,0.0280901,0.000883614
56,38,1.012,0.0275353,0.000796871
56,39,1.01182,0.0268851,0.00067613
56,40,1.01163,0.026144,0.000521728
56,41,1.01142,0.025317,0.000334297
56,42,1.0112,0.0244091,0.000114754
56,43,1.01097,0.0234256,-0.000135744
56,44,1.01072,0.0223714,-0.000415813
56,45,1.01047,0.021252,-0.000723891
56,46,1.01022,0.0200724,-0.00105825
56,47,1.00995,0.0188375,-0.00141706
56,48,1.00969,0.0175524,-0.00179835
56,49,1.00942,0.0162218,-0.00220012
56,50,1.00915,0.0148504,-0.0026203
56,51,1.00888,0.0134425,-0.0030568
56,52,1.00862,0.0120026,-0.00350753
56,53,1.00835,0.0105347,-0.00397039
56,54,1.00809,0.00904285,-0.00444333
56,55,1.00783,0.00753099,-0.00492429
56,56,1.00757,0.00600285,-0.00541129
56,57,1.00732,0.00446209,-0.00590235
56,58,1.00707,0.00291225,-0.00639558
56,59,1.00682,0.00135683,-0.00688909
56,60,1.00658,-0.000200746,-0.00738108
56,61,1.00634,-0.0017571,-0.00786975
56,62,1.0061,-0.00330889,-0.00835336
56,63,1.00587,-0.00485277,-0.00883021
56,64,1.00564,-0.0063854,-0.00929862
56,65,1.00541,-0.00790344,-0.00975695
56,66,1.00518,-0.00940352,-0.0102036
56,67,1.00495,-0.0108822,-0.0106368
56,68,1.00472,-0.0123361,-0.0110552
56,69,1.0045,-0.0137617,-0.0114571
56,70,1.00426,-0.0151554,-0.0118408
56,71,1.00403,-0.0165136,-0.012205
56,72,1.00379,-0.0178326,-0.0125479
56,73,1.00355,-0.0191087,-0.0128681
56,74,1.0033,-0.020338,-0.0131641
56,75,1.00305,-0.0215167,-0.0134344
56,76,1.00279,-0.0226408,-0.0136774
56,77,1.00251,-0.0237063,-0.0138919
56,78,1.00223,-0.0247092,-0.0140765
56,79,1.00194,-0.0256455,-0.01423
56,80,1.00163,-0.026511,-0.0143511
56,81,1.00131,-0.0273017,-0.0144389
56,82,1.00097,-0.0280137,-0.0144924
56,83,1.00061,-0.0286431,-0.014511
56,84,1.00024,-0.0291859,-0.0144941
56,85,0.999844,-0.0296387,-0.0144413
56,86,0.999427,-0.029998,-0.0143525
56,87,0.998987,-0.0302606,-0.0142279
56,88,0.998522,-0.0304237,-0.0140676
56,89,0.998033,-0.0304848,-0.0138724
56,90,0.997518,-0.0304419,-0.0136431
56,91,0.996976,-0.0302933,-0.0133807
56,92,0.996407,-0.0300381,-0.0130867
56,93,0.99581,-0.0296758,-0.0127625
56,94,0.995186,-0.0292068,-0.0124101
56,95,0.994535,-0.0286318,-0.0120313
56,96,0.993857,-0.0279527,-0.0116285
56,97,0.993153,-0.0271718,-0.0112039
56,98,0.992425,-0.0262922,-0.01076
56,99,0.991673,-0.0253177,-0.0102993
56,100,0.9909,-0.0242528,-0.00982452
56,101,0.990108,-0.0231022,-0.00933825
56,102,0.989298,-0.0218711,-0.00884315
56,103,0.988475,-0.0205649,-0.00834184
56,104,0.98764,-0.0191885,-0.00783691
56,105,0.986796,-0.017747,-0.00733088
56,106,0.985948,-0.0162448,-0.00682625
56,107,0.985099,-0.014686,-0.00632545
56,108,0.984253,-0.0130747,-0.00583088
56,109,0.983414,-0.0114153,-0.00534496
56,110,0.982585,-0.00971338,-0.00487009
56,111,0.981771,-0.00797713,-0.00440875
56,112,0.980976,-0.00621878,-0.00396347
56,113,0.980204,-0.00445652,-0.00353687
56,114,0.979459,-0.00271649,-0.00313166
56,115,0.978746,-0.00103463,-0.00275063
56,116,0.978068,0.00054189,-0.00239653
56,117,0.977429,0.00195389,-0.00207185
56,118,0.976833,0.00313044,-0.00177832
56,119,0.976283,0.00399061,-0.00151595
56,120,0.975784,0.00444748,-0.00128168
56,121,0.975336,0.00441687,-0.00106788
56,122,0.974943,0.00383587,-0.000861493
56,123,0.974605,0.00270281,-0.00064629
56,124,0.974323,0.00116181,-0.000412808
56,125,0.974096,-0.000325925,-0.000176902
56,126,0.973919,-0.000651341,-1.12231e-05
56,127,1,-0.00343474,0
57,0,1,0,0
57,1,1.00343,0.00337655,-0.000437307
57,2,1.00358,0.0065348,-0.00109178
57,3,1.00376,0.00646309,-0.0015181
57,4,1.00398,0.00530838,-0.00180692
57,5,1.00422,0.00419401,-0.00201872
57,6,1.00449,0.00357884,-0.00218384
57,7,1.00479,0.00356404,-0.00231287
57,8,1.00511,0.00409004,-0.00240761
57,9,1.00545,0.00504343,-0.00246699
57,10,1.00581,0.00630638,-0.00248986
57,11,1.00618,0.00777571,-0.0024761
57,12,1.00656,0.00936785,-0.00242671
57,13,1.00694,0.0110183,-0.00234361
57,14,1.00733,0.0126795,-0.00222933
57,15,1.00772,0.0143174,-0.00208668
57,16,1.0081,0.0159092,-0.00191858
57,17,1.00847,0.0174403,-0.00172797
57,18,1.00883,0.0189016,-0.00151779
57,19,1.00918,0.0202878,-0.00129101
57,20,1.00951,0.0215951,-0.00105067
57,21,1.00983,0.0228206,-0.000799931
57,22,1.01012,0.0239613,-0.000542096
57,23,1.0104,0.0250137,-0.000280613
57,24,1.01064,0.025974,-1.90432e-05
57,25,1.01087,0.026838,0.000238958
57,26,1.01107,0.0276015,0.000489716
57,27,1.01124,0.0282606,0.000729578
57,28,1.01138,0.0288116,0.000954993
57,29,1.01149,0.0292516,0.00116256
57,30,1.01158,0.0295785,0.00134908
57,31,1.01164,0.0297911,0.00151163
57,32,1.01167,0.0298889,0.00164759
57,33,1.01168,0.0298726,0.00175463
57,34,1.01166,0.0297435,0.00183083
57,35,1.01161,0.029504,0.0018746
57,36,1.01154,0.0291569,0.00188474
57,37,1.01145,0.0287059,0.00186043
57,38,1.01134,0.0281549,0.00180119
57,39,1.01121,0.0275086,0.00170694
57,40,1.01106,0.0267717,0.0015779
57,41,1.0109,0.0259493,0.00141461
57,42,1.01072,0.0250466,0.00121791
57,43,1.01054,0.0240688,0.000988897
57,44,1.01034,0.0230213,0.000728883
57,45,1.01013,0.0219091,0.000439387
57,46,1.00991,0.0207374,0.000122096
57,47,1.00969,0.0195113,-0.000221172
57,48,1.00947,0.0182353,-0.000588489
57,49,1.00924,0.0169143,-0.00097785
57,50,1.00901,0.0155526,-0.00138719
57,51,1.00878,0.0141545,-0.00181443
57,52,1.00855,0.012724,-0.00225745
57,53,1.00832,0.0112652,-0.00271415
57,54,1.0081,0.00978183,-0.00318244
57,55,1.00787,0.0082775,-0.00366027
57,56,1.00765,0.0067558,-0.0041456
57,57,1.00743,0.00522018,-0.00463646
57,58,1.00722,0.00367405,-0.00513089
57,59,1.00701,0.00212075,-0.005627
57,60,1.0068,0.00056361,-0.00612293
57,61,1.00659,-0.000994076,-0.00661687
57,62,1.00639,-0.002549,-0.00710702
57,63,1.00619,-0.00409785,-0.00759166
57,64,1.00599,-0.00563726,-0.00806905
57,65,1.00579,-0.00716386,-0.00853751
57,66,1.00559,-0.00867421,-0.00899537
57,67,1.0054,-0.0101648,-0.00944096
57,68,1.0052,-0.0116321,-0.00987266
57,69,1.005,-0.0130724,-0.0102888
57,70,1.0048,-0.0144821,-0.0106878
57,71,1.0046,-0.0158573,-0.011068
57,72,1.0044,-0.0171941,-0.0114278
57,73,1.00419,-0.0184886,-0.0117657
57,74,1.00397,-0.0197368,-0.0120799
57,75,1.00375,-0.0209345,-0.012369
57,76,1.00352,-0.0220776,-0.0126315
57,77,1.00328,-0.0231619,-0.0128659
57,78,1.00304,-0.024183,-0.0130707
57,79,1.00277,-0.0251367,-0.0132447
57,80,1.0025,-0.0260188,-0.0133866
57,81,1.00221,-0.0268251,-0.0134953
57,82,1.00191,-0.0275515,-0.0135698
57,83,1.00158,-0.0281939,-0.0136094
57,84,1.00124,-0.0287485,-0.0136133
57,85,1.00088,-0.0292117,-0.0135811
57,86,1.0005,-0.02958,-0.0135126
57,87,1.00009,-0.0298504,-0.0134079
57,88,0.999655,-0.0300201,-0.0132673
57,89,0.999197,-0.0300869,-0.0130911
57,90,0.998713,-0.0300489,-0.0128804
57,91,0.998201,-0.0299047,-0.012636
57,92,0.997662,-0.0296538,-0.0123594
57,93,0.997095,-0.029296,-0.012052
57,94,0.996499,-0.0288319,-0.0117158
57,95,0.995876,-0.0282628,-0.0113527
57,96,0.995225,-0.0275908,-0.0109649
57,97,0.994547,-0.0268186,-0.0105549
57,98,0.993844,-0.0259497,-0.0101252
57,99,0.993116,-0.0249884,-0.00967843
57,100,0.992366,-0.0239391,-0.00921727
57,101,0.991594,-0.0228071,-0.00874449
57,102,0.990804,-0.0215975,-0.00826283
57,103,0.989998,-0.0203158,-0.00777503
57,104,0.989179,-0.018967,-0.00728379
57,105,0.98835,-0.0175558,-0.00679174
57,106,0.987514,-0.0160865,-0.00630145
57,107,0.986674,-0.0145628,-0.00581545
57,108,0.985835,-0.0129883,-0.00533622
57,109,0.985001,-0.0113667,-0.00486622
57,110,0.984175,-0.00970304,-0.00440793
57,111,0.983361,-0.0080046,-0.00396385
57,112,0.982564,-0.00628274,-0.00353657
57,113,0.981789,-0.0045547,-0.00312873
57,114,0.981038,-0.00284559,-0.00274308
57,115,0.980317,-0.0011903,-0.00238241
57,116,0.979629,0.000364915,-0.0020495
57,117,0.97898,0.00176148,-0.00174682
57,118,0.978372,0.00292837,-0.00147609
57,119,0.97781,0.0037833,-0.00123731
57,120,0.977297,0.00423639,-0.00102749
57,121,0.976837,0.00419891,-0.000839115
57,122,0.976431,0.00360353,-0.000659768
57,123,0.976081,0.00244867,-0.000474712
57,124,0.975788,0.000891844,-0.00027515
57,125,0.97555,-0.000565159,-8.09e-05
57,126,0.975369,-0.000728973,1.79927e-05
57,127,1,-0.00343474,0
58,0,1,0,0
58,1,1.00087,0.00296067,-0.000413208
58,2,1.00103,0.00584117,-0.00103512
58,3,1.00124,0.00559674,-0.00142115
58,4,1.00147,0.00434712,-0.00167827
58,5,1.00175,0.00317934,-0.00186661
58,6,1.00205,0.00252747,-0.00201224
58,7,1.00238,0.00247998,-0.00212354
58,8,1.00274,0.0029726,-0.00220087
58,9,1.00313,0.00389136,-0.00224235
58,10,1.00353,0.00511973,-0.00224658
58,11,1.00394,0.00655629,-0.00221335
58,12,1.00437,0.0081191,-0.00214372
58,13,1.0048,0.00974501,-0.00203966
58,14,1.00524,0.0113872,-0.0019037
58,15,1.00568,0.0130125,-0.00173868
58,16,1.00611,0.0145983,-0.00154755
58,17,1.00654,0.0161304,-0.00133327
58,18,1.00696,0.0176,-0.0010988
58,19,1.00737,0.0190017,-0.000847135
58,20,1.00776,0.020332,-0.000581342
58,21,1.00813,0.0215881,-0.000304603
58,22,1.00848,0.022767,-2.02307e-05
58,23,1.00881,0.0238651,0.000268308
58,24,1.00912,0.0248784,0.00055743
58,25,1.0094,0.0258024,0.000843458
58,26,1.00966,0.0266325,0.00112268
58,27,1.00989,0.0273642,0.0013914
58,28,1.01009,0.0279931,0.00164602
58,29,1.01026,0.0285158,0.00188305
58,30,1.01041,0.0289292,0.00209923
58,31,1.01053,0.0292313,0.00229154
58,32,1.01062,0.0294209,0.00245723
58,33,1.01068,0.0294976,0.00259389
58,34,1.01072,0.0294621,0.00269947
58,35,1.01073,0.0293157,0.00277225
58,36,1.01072,0.0290606,0.00281093
58,37,1.01069,0.0286995,0.00281454
58,38,1.01063,0.0282359,0.0027825
58,39,1.01055,0.0276736,0.00271461
58,40,1.01046,0.0270169,0.00261099
58,41,1.01034,0.0262703,0.00247208
58,42,1.01021,0.0254385,0.00229862
58,43,1.01007,0.0245267,0.00209162
58,44,1.00992,0.0235396,0.00185234
58,45,1.00976,0.0224825,0.00158222
58,46,1.00958,0.0213604,0.00128292
58,47,1.00941,0.0201782,0.000956191
58,48,1.00922,0.0189409,0.000603946
58,49,1.00903,0.0176531,0.000228164
58,50,1.00884,0.0163198,-0.000169107
58,51,1.00865,0.0149452,-0.000585781
58,52,1.00846,0.0135339,-0.00101975
58,53,1.00827,0.01209,-0.00146891
58,54,1.00807,0.0106177,-0.00193116
58,55,1.00789,0.00912104,-0.00240442
58,56,1.0077,0.00760377,-0.00288664
58,57,1.00751,0.00606969,-0.00337583
58,58,1.00733,0.00452245,-0.00387001
58,59,1.00715,0.00296562,-0.00436725
58,60,1.00697,0.00140272,-0.00486567
58,61,1.0068,-0.000162812,-0.00536341
58,62,1.00663,-0.00172755,-0.00585868
58,63,1.00646,-0.00328811,-0.00634968
58,64,1.00629,-0.00484111,-0.00683467
58,65,1.00612,-0.00638317,-0.00731191
58,66,1.00596,-0.0079109,-0.00777971
58,67,1.00579,-0.00942086,-0.00823635
58,68,1.00562,-0.0109096,-0.00868016
58,69,1.00546,-0.0123736,-0.00910946
58,70,1.00529,-0.0138094,-0.00952257
58,71,1.00512,-0.0152132,-0.00991782
58,72,1.00495,-0.0165815,-0.0102936
58,73,1.00477,-0.0179104,-0.0106481
58,74,1.00459,-0.0191961,-0.0109799
58,75,1.0044,-0.0204347,-0.0112872
58,76,1.00421,-0.0216223,-0.0115684
58,77,1.00401,-0.0227547,-0.0118222
58,78,1.00379,-0.0238279,-0.0120468
58,79,1.00357,-0.0248377,-0.0122411
58,80,1.00333,-0.02578,-0.0124035
58,81,1.00308,-0.0266504,-0.0125329
58,82,1.00282,-0.0274449,-0.0126284
58,83,1.00253,-0.0281592,-0.0126888
58,84,1.00223,-0.0287893,-0.0127136
58,85,1.00191,-0.0293313,-0.0127023
58,86,1.00157,-0.0297814,-0.0126544
58,87,1.0012,-0.0301361,-0.01257
58,88,1.00081,-0.030392,-0.0124492
58,89,1.00039,-0.0305462,-0.0122926
58,90,0.999948,-0.0305962,-0.0121008
58,91,0.999477,-0.0305399,-0.0118749
58,92,0.998978,-0.0303759,-0.0116161
58,93,0.99845,-0.030103,-0.011326
58,94,0.997892,-0.0297211,-0.0110065
58,95,0.997305,-0.0292305,-0.0106596
58,96,0.996689,-0.0286325,-0.0102874
58,97,0.996044,-0.0279288,-0.00989251
58,98,0.995371,-0.0271222,-0.00947746
58,99,0.994672,-0.0262159,-0.00904498
58,100,0.993948,-0.025214,-0.00859786
58,101,0.9932,-0.024121,-0.00813895
58,102,0.992431,-0.0229416,-0.00767111
58,103,0.991643,-0.0216809,-0.00719718
58,104,0.990839,-0.0203437,-0.00671997
58,105,0.990023,-0.0189347,-0.00624222
58,106,0.989197,-0.0174582,-0.00576659
58,107,0.988365,-0.0159181,-0.00529571
58,108,0.987531,-0.0143183,-0.00483213
58,109,0.986699,-0.0126629,-0.00437837
58,110,0.985873,-0.0109574,-0.00393698
58,111,0.985057,-0.00920962,-0.00351049
58,112,0.984257,-0.00743164,-0.00310154
58,113,0.983476,-0.00564142,-0.0027128
58,114,0.982718,-0.0038649,-0.00234705
58,115,0.981989,-0.00213797,-0.0020071
58,116,0.981293,-0.000508054,-0.00169571
58,117,0.980633,0.000964685,-0.00141537
58,118,0.980016,0.00220698,-0.00116773
58,119,0.979443,0.00313328,-0.000952788
58,120,0.97892,0.00364913,-0.000767604
58,121,0.97845,0.00366028,-0.000604999
58,122,0.978034,0.00309477,-0.000453072
58,123,0.977674,0.0019521,-0.000297995
58,124,0.977372,0.00040559,-0.000134778
58,125,0.977127,-0.000998605,1.29598e-05
58,126,0.976933,-0.000978925,6.0758e-05
58,127,1,-0.00343474,0
59,0,1,0,0
59,1,0.998355,0.0030166,-0.000399973
59,2,0.998535,0.00562301,-0.000967748
59,3,0.998754,0.00522997,-0.0013135
59,4,0.999012,0.00391875,-0.00153896
59,5,0.999308,0.0027382,-0.0017021
59,6,0.999641,0.00209826,-0.00182735
59,7,1.00001,0.00207531,-0.00192037
59,8,1.0004,0.00260005,-0.00197987
59,9,1.00083,0.0035568,-0.00200331
59,10,1.00127,0.00482844,-0.00198898
59,11,1.00174,0.00631311,-0.00193664
59,12,1.00222,0.00792824,-0.00184734
59,13,1.00271,0.00960978,-0.00172307
59,14,1.0032,0.0113098,-0.00156639
59,15,1.0037,0.012994,-0.00138013
59,16,1.00419,0.0146387,-0.00116725
59,17,1.00468,0.0162285,-0.000930705
59,18,1.00516,0.0177538,-0.000673466
59,19,1.00562,0.0192084,-0.000398532
59,20,1.00607,0.0205885,-0.00010897
59,21,1.00651,0.0218906,0.000192035
59,22,1.00692,0.0231116,0.000501171
59,23,1.00731,0.024248,0.000814972
59,24,1.00768,0.0252956,0.00112985
59,25,1.00802,0.0262501,0.00144213
59,26,1.00834,0.0271071,0.00174808
59,27,1.00862,0.0278623,0.00204397
59,28,1.00888,0.0285116,0.00232616
59,29,1.00911,0.0290519,0.00259111
59,30,1.00931,0.0294804,0.00283549
59,31,1.00948,0.0297954,0.00305619
59,32,1.00962,0.0299961,0.00325038
59,33,1.00974,0.0300823,0.00341555
59,34,1.00982,0.0300551,0.00354953
59,35,1.00988,0.029916,0.00365049
59,36,1.00992,0.0296676,0.00371699
59,37,1.00993,0.0293128,0.00374797
59,38,1.00992,0.0288553,0.00374274
59,39,1.00988,0.0282992,0.00370095
59,40,1.00983,0.027649,0.00362263
59,41,1.00976,0.0269093,0.00350812
59,42,1.00968,0.026085,0.00335807
59,43,1.00958,0.0251812,0.0031734
59,44,1.00947,0.0242031,0.00295529
59,45,1.00934,0.0231555,0.00270512
59,46,1.00921,0.0220436,0.00242448
59,47,1.00907,0.0208723,0.0021151
59,48,1.00893,0.0196463,0.00177883
59,49,1.00878,0.0183703,0.00141763
59,50,1.00863,0.0170488,0.00103351
59,51,1.00847,0.0156862,0.000628566
59,52,1.00831,0.0142865,0.00020488
59,53,1.00816,0.0128539,-0.000235438
59,54,1.008,0.0113922,-0.000690288
59,55,1.00785,0.00990518,-0.00115759
59,56,1.00769,0.00839651,-0.00163528
59,57,1.00754,0.00686976,-0.00212134
59,58,1.00739,0.0053284,-0.00261379
59,59,1.00724,0.00377589,-0.00311068
59,60,1.0071,0.0022156,-0.00361011
59,61,1.00696,0.000650903,-0.00411019
59,62,1.00681,-0.000914838,-0.0046091
59,63,1.00668,-0.00247827,-0.00510502
59,64,1.00654,-0.00403601,-0.00559619
59,65,1.0064,-0.00558466,-0.00608083
59,66,1.00627,-0.00712077,-0.00655721
59,67,1.00613,-0.00864085,-0.00702359
59,68,1.006,-0.0101413,-0.00747825
59,69,1.00587,-0.0116186,-0.00791948
59,70,1.00573,-0.013069,-0.00834555
59,71,1.00559,-0.0144886,-0.00875475
59,72,1.00545,-0.0158737,-0.00914538
59,73,1.00531,-0.0172203,-0.00951572
59,74,1.00516,-0.0185243,-0.00986408
59,75,1.005,-0.0197817,-0.0101888
59,76,1.00484,-0.0209881,-0.0104882
59,77,1.00467,-0.0221394,-0.0107606
59,78,1.0045,-0.0232312,-0.0110046
59,79,1.00431,-0.0242591,-0.0112187
59,80,1.00411,-0.0252187,-0.0114013
59,81,1.00389,-0.0261058,-0.0115514
59,82,1.00366,-0.0269159,-0.0116676
59,83,1.00341,-0.0276448,-0.0117491
59,84,1.00315,-0.0282884,-0.011795
59,85,1.00286,-0.0288426,-0.0118046
59,86,1.00255,-0.0293038,-0.0117777
59,87,1.00222,-0.0296684,-0.011714
59,88,1.00187,-0.0299333,-0.0116138
59,89,1.00148,-0.0300957,-0.0114773
59,90,1.00108,-0.0301532,-0.0113052
59,91,1.00064,-0.030104,-0.0110986
59,92,1.00018,-0.0299468,-0.0108586
59,93,0.999683,-0.029681,-0.0105868
59,94,0.99916,-0.0293067,-0.0102849
59,95,0.998608,-0.0288245,-0.00995506
59,96,0.998025,-0.028236,-0.00959947
59,97,0.997414,-0.0275435,-0.00922062
59,98,0.996774,-0.02675,-0.00882116
59,99,0.996107,-0.0258591,-0.00840386
59,100,0.995414,-0.024875,-0.0079716
59,101,0.994696,-0.0238027,-0.00752731
59,102,0.993956,-0.0226469,-0.00707396
59,103,0.993196,-0.0214128,-0.00661448
59,104,0.992418,-0.0201053,-0.0061518
59,105,0.991626,-0.0187289,-0.00568876
59,106,0.990822,-0.0172878,-0.00522812
59,107,0.990011,-0.0157856,-0.0047726
59,108,0.989195,-0.0142255,-0.00432483
59,109,0.988378,-0.0126113,-0.00388741
59,110,0.987566,-0.0109476,-0.00346294
59,111,0.986761,-0.00924163,-0.00305402
59,112,0.985969,-0.00750444,-0.00266331
59,113,0.985194,-0.005753,-0.00229355
59,114,0.98444,-0.00401221,-0.00194754
59,115,0.983712,-0.00231686,-0.00162813
59,116,0.983015,-0.000713402,-0.0013381
59,117,0.982353,0.000738669,-0.00107989
59,118,0.981731,0.0019661,-0.000855157
59,119,0.981152,0.00288225,-0.000663903
59,120,0.980622,0.00339007,-0.000503275
59,121,0.980144,0.00339152,-0.000366331
59,122,0.97972,0.00281133,-0.000241982
59,123,0.979352,0.00165082,-0.000118124
59,124,0.979041,9.92992e-05,9.27019e-06
59,125,0.978787,-0.00125313,0.00011255
59,126,0.978592,-0.00103841,9.09096e-05
59,127,1,-0.00343474,0
60,0,1,0,0
60,1,0.995866,0.00261133,-0.000370049
60,2,0.99605,0.00493147,-0.000896964
60,3,0.996285,0.00437924,-0.00119822
60,4,0.996562,0.00298772,-0.00138925
60,5,0.996881,0.00176257,-0.00152659
60,6,0.99724,0.0010886,-0.00163029
60,7,0.997637,0.00103124,-0.00170385
60,8,0.998066,0.00151833,-0.00174465
60,9,0.998525,0.00243493,-0.00174938
60,10,0.99901,0.00366586,-0.00171608
60,11,0.999514,0.00511133,-0.00164445
60,12,1.00004,0.00669052,-0.00153557
60,13,1.00057,0.00834069,-0.00139144
60,14,1.00111,0.0100149,-0.00121464
60,15,1.00165,0.0116795,-0.00100798
60,16,1.00219,0.0133112,-0.0007744
60,17,1.00273,0.0148952,-0.000516845
60,18,1.00326,0.0164218,-0.000238268
60,19,1.00378,0.0178855,5.83474e-05
60,20,1.00429,0.0192822,0.000369951
60,21,1.00477,0.020609,0.000693383
60,22,1.00524,0.0218625,0.00102535
60,23,1.00569,0.0230393,0.00136241
60,24,1.00611,0.0241351,0.00170101
60,25,1.00651,0.0251453,0.00203746
60,26,1.00688,0.026065,0.00236807
60,27,1.00723,0.0268895,0.00268909
60,28,1.00754,0.0276142,0.00299685
60,29,1.00783,0.028235,0.00328782
60,30,1.00808,0.0287485,0.00355858
60,31,1.00831,0.0291521,0.00380598
60,32,1.00851,0.029444,0.00402712
60,33,1.00868,0.0296235,0.00421939
60,34,1.00882,0.0296905,0.00438051
60,35,1.00894,0.0296457,0.00450857
60,36,1.00903,0.0294909,0.00460202
60,37,1.00909,0.0292283,0.00465967
60,38,1.00914,0.0288607,0.00468071
60,39,1.00915,0.0283916,0.00466469
60,40,1.00915,0.0278247,0.00461152
60,41,1.00913,0.0271644,0.00452143
60,42,1.0091,0.0264151,0.00439497
60,43,1.00904,0.0255814,0.00423297
60,44,1.00898,0.0246682,0.00403652
60,45,1.0089,0.0236803,0.00380692
60,46,1.00881,0.0226227,0.0035457
60,47,1.00871,0.0215004,0.00325452
60,48,1.0086,0.020318,0.00293518
60,49,1.00849,0.0190806,0.00258961
60,50,1.00838,0.0177926,0.00221979
60,51,1.00826,0.0164588,0.00182777
60,52,1.00814,0.0150835,0.00141563
60,53,1.00802,0.0136711,0.00098546
60,54,1.00789,0.0122258,0.000539363
60,55,1.00777,0.0107516,7.94163e-05
60,56,1.00765,0.00925255,-0.000392321
60,57,1.00753,0.00773245,-0.000873819
60,58,1.00741,0.00619504,-0.00136308
60,59,1.0073,0.00464399,-0.00185815
60,60,1.00718,0.00308287,-0.00235711
60,61,1.00707,0.00151521,-0.00285805
60,62,1.00696,-5.55154e-05,-0.00335914
60,63,1.00685,-0.00162588,-0.00385854
60,64,1.00674,-0.00319247,-0.00435445
60,65,1.00664,-0.00475188,-0.00484508
60,66,1.00653,-0.0063007,-0.00532867
60,67,1.00643,-0.0078355,-0.00580345
60,68,1.00632,-0.00935284,-0.00626768
60,69,1.00622,-0.0108492,-0.0067196
60,70,1.00611,-0.0123211,-0.00715746
60,71,1.00601,-0.0137649,-0.00757951
60,72,1.0059,-0.015177,-0.00798399
60,73,1.00579,-0.0165535,-0.00836915
60,74,1.00567,-0.0178908,-0.00873325
60,75,1.00555,-0.0191848,-0.00907455
60,76,1.00543,-0.0204317,-0.00939135
60,77,1.00529,-0.0216273,-0.00968197
60,78,1.00515,-0.0227675,-0.00994479
60,79,1.005,-0.0238481,-0.0101782
60,80,1.00483,-0.0248648,-0.0103809
60,81,1.00466,-0.0258133,-0.0105513
60,82,1.00447,-0.0266892,-0.0106883
60,83,1.00426,-0.0274881,-0.0107907
60,84,1.00404,-0.0282058,-0.0108578
60,85,1.00379,-0.028838,-0.0108887
60,86,1.00353,-0.0293807,-0.010883
60,87,1.00324,-0.0298299,-0.0108404
60,88,1.00293,-0.030182,-0.0107611
60,89,1.0026,-0.0304335,-0.0106452
60,90,1.00223,-0.0305814,-0.0104935
60,91,1.00184,-0.0306233,-0.0103067
60,92,1.00142,-0.0305569,-0.0100861
60,93,1.00097,-0.0303808,-0.00983319
60,94,1.0005,-0.0300942,-0.00954968
60,95,0.999986,-0.0296969,-0.00923761
60,96,0.999446,-0.0291895,-0.00889928
60,97,0.998875,-0.0285734,-0.00853717
60,98,0.998274,-0.0278506,-0.00815397
60,99,0.997644,-0.027024,-0.00775251
60,100,0.996986,-0.0260973,-0.00733574
60,101,0.996302,-0.0250743,-0.00690668
60,102,0.995593,-0.0239596,-0.00646839
60,103,0.994861,-0.0227577,-0.00602392
60,104,0.994109,-0.0214734,-0.00557628
60,105,0.993341,-0.0201109,-0.00512843
60,106,0.992558,-0.0186743,-0.00468324
60,107,0.991765,-0.0171673,-0.00424349
60,108,0.990964,-0.0155935,-0.00381192
60,109,0.990162,-0.0139567,-0.00339121
60,110,0.98936,-0.0122621,-0.00298399
60,111,0.988564,-0.0105172,-0.00259295
60,112,0.987779,-0.00873373,-0.00222079
60,113,0.987008,-0.00692927,-0.00187028
60,114,0.986257,-0.00512947,-0.00154428
60,115,0.98553,-0.00337008,-0.00124564
60,116,0.984833,-0.00169871,-0.000977155
60,117,0.98417,-0.000176432,-0.00074125
60,118,0.983545,0.00112129,-0.000539543
60,119,0.982964,0.00210465,-0.000372021
60,120,0.98243,0.00267231,-0.000235936
60,121,0.981947,0.00272125,-0.000124768
60,122,0.981518,0.0021726,-2.81254e-05
60,123,0.981145,0.00103035,6.49185e-05
60,124,0.980829,-0.000497955,0.000154379
60,125,0.98057,-0.00177493,0.000208896
60,126,0.980364,-0.00134384,0.000133977
60,127,1,-0.00343474,0
61,0,1,0,0
61,1,0.993437,0.00262209,-0.000350601
61,2,0.993638,0.00466404,-0.000816526
61,3,0.993883,0.00397713,-0.00107407
61,4,0.994175,0.00253756,-0.00123096
61,5,0.994513,0.0013072,-0.00134088
61,6,0.994894,0.000646911,-0.00142212
61,7,0.995316,0.000611956,-0.00147558
61,8,0.995776,0.00112706,-0.00149712
61,9,0.996269,0.00207689,-0.00148282
61,10,0.99679,0.00334646,-0.00143046
61,11,0.997336,0.0048359,-0.00133969
61,12,0.997901,0.00646391,-0.00121157
61,13,0.99848,0.00816688,-0.00104814
61,14,0.999069,0.00989681,-0.000851943
61,15,0.999664,0.0116188,-0.000625775
61,16,1.00026,0.0133086,-0.000372538
61,17,1.00085,0.01495,-9.51493e-05
61,18,1.00144,0.0165327,0.000203471
61,19,1.00201,0.0180501,0.00052037
61,20,1.00258,0.0194977,0.000852534
61,21,1.00312,0.020872,0.00119684
61,22,1.00365,0.0221695,0.00155003
61,23,1.00415,0.0233865,0.00190871
61,24,1.00463,0.0245186,0.00226935
61,25,1.00509,0.0255613,0.00262832
61,26,1.00552,0.0265099,0.00298192
61,27,1.00591,0.0273598,0.00332643
61,28,1.00628,0.0281068,0.00365819
61,29,1.00662,0.0287469,0.00397362
61,30,1.00693,0.0292771,0.00426931
61,31,1.00721,0.0296953,0.00454202
61,32,1.00746,0.0299998,0.00478881
61,33,1.00768,0.0301903,0.00500698
61,34,1.00787,0.0302671,0.00519419
61,35,1.00803,0.0302312,0.0053484
61,36,1.00817,0.0300845,0.00546796
61,37,1.00827,0.0298297,0.00555159
61,38,1.00836,0.0294697,0.00559835
61,39,1.00842,0.0290084,0.00560768
61,40,1.00846,0.0284496,0.00557938
61,41,1.00849,0.0277979,0.00551357
61,42,1.00849,0.0270576,0.00541071
61,43,1.00848,0.0262338,0.00527152
61,44,1.00845,0.0253311,0.005097
61,45,1.00841,0.0243545,0.00488838
61,46,1.00836,0.0233089,0.00464711
61,47,1.0083,0.0221992,0.00437477
61,48,1.00823,0.02103,0.00407314
61,49,1.00816,0.019806,0.00374406
61,50,1.00808,0.0185318,0.0033895
61,51,1.008,0.0172118,0.00301146
61,52,1.00791,0.01585,0.002612
61,53,1.00783,0.0144508,0.0021932
61,54,1.00774,0.013018,0.00175713
61,55,1.00765,0.0115555,0.00130587
61,56,1.00756,0.0100671,0.000841467
61,57,1.00747,0.00855635,0.000365951
61,58,1.00738,0.00702693,-0.000118682
61,59,1.0073,0.00548233,-0.000610466
61,60,1.00721,0.003926,-0.00110747
61,61,1.00713,0.00236135,-0.0016078
61,62,1.00705,0.000791802,-0.00210958
61,63,1.00697,-0.000779265,-0.00261098
61,64,1.0069,-0.00234845,-0.00311018
61,65,1.00682,-0.00391235,-0.00360536
61,66,1.00675,-0.00546751,-0.00409476
61,67,1.00667,-0.00701046,-0.00457657
61,68,1.0066,-0.00853766,-0.00504903
61,69,1.00653,-0.0100455,-0.00551036
61,70,1.00645,-0.0115304,-0.00595877
61,71,1.00638,-0.0129885,-0.00639248
61,72,1.0063,-0.014416,-0.00680969
61,73,1.00622,-0.0158091,-0.00720863
61,74,1.00614,-0.0171636,-0.0075875
61,75,1.00605,-0.0184755,-0.00794451
61,76,1.00596,-0.0197406,-0.00827792
61,77,1.00586,-0.0209545,-0.00858597
61,78,1.00575,-0.022113,-0.008867
61,79,1.00564,-0.0232116,-0.00911936
61,80,1.00551,-0.0242458,-0.00934152
61,81,1.00537,-0.0252112,-0.00953204
61,82,1.00521,-0.0261031,-0.00968958
61,83,1.00504,-0.0269173,-0.00981299
61,84,1.00486,-0.0276492,-0.00990127
61,85,1.00465,-0.0282947,-0.00995363
61,86,1.00443,-0.0288496,-0.00996949
61,87,1.00418,-0.0293101,-0.00994852
61,88,1.00391,-0.0296725,-0.00989067
61,89,1.00361,-0.0299337,-0.00979616
61,90,1.00329,-0.0300908,-0.00966549
61,91,1.00293,-0.0301414,-0.00949948
61,92,1.00255,-0.0300837,-0.00929927
61,93,1.00214,-0.0299165,-0.00906627
61,94,1.00171,-0.0296393,-0.00880221
61,95,1.00124,-0.0292522,-0.0085091
61,96,1.00073,-0.0287562,-0.0081892
61,97,1.0002,-0.028153,-0.007845
61,98,0.999642,-0.027445,-0.00747923
61,99,0.999052,-0.0266354,-0.00709475
61,100,0.998432,-0.0257281,-0.00669456
61,101,0.997786,-0.0247274,-0.00628177
61,102,0.997115,-0.0236379,-0.00585951
61,103,0.99642,-0.0224644,-0.00543092
61,104,0.995703,-0.0212115,-0.00499911
61,105,0.994969,-0.0198836,-0.00456714
61,106,0.994219,-0.0184846,-0.00413796
61,107,0.993456,-0.0170179,-0.00371448
61,108,0.992685,-0.0154866,-0.00329949
61,109,0.991909,-0.0138941,-0.00289574
61,110,0.991132,-0.0122449,-0.00250596
61,111,0.990359,-0.0105458,-0.00213287
61,112,0.989593,-0.0088074,-0.00177923
61,113,0.988839,-0.00704643,-0.00144788
61,114,0.988103,-0.00528741,-0.0011417
61,115,0.987388,-0.00356495,-0.000863591
61,116,0.9867,-0.00192564,-0.000616346
61,117,0.986043,-0.00042979,-0.000402394
61,118,0.985423,0.000847274,-0.000223326
61,119,0.984844,0.00181492,-7.91493e-05
61,120,0.98431,0.00236978,3.27493e-05
61,121,0.983826,0.00240589,0.000118553
61,122,0.983395,0.00184236,0.000187658
61,123,0.983019,0.000686896,0.000249019
61,124,0.982699,-0.000834629,0.000301427
61,125,0.982434,-0.00203858,0.000309524
61,126,0.982229,-0.00138246,0.000163846
61,127,1,-0.00343474,0
62,0,1,0,0
62,1,0.991062,0.00223659,-0.000315642
62,2,0.991263,0.00399456,-0.000734167
62,3,0.991519,0.00316563,-0.000944227
62,4,0.991824,0.00166082,-0.00106465
62,5,0.992178,0.000394207,-0.00114675
62,6,0.992579,-0.000297944,-0.00120444
62,7,0.993023,-0.000369397,-0.00123663
62,8,0.993507,0.000103441,-0.001238
62,9,0.994027,0.00100716,-0.0012039
62,10,0.994579,0.00222938,-0.00113189
62,11,0.995156,0.00367258,-0.0010216
62,12,0.995755,0.0052573,-0.000874115
62,13,0.996371,0.00692131,-0.000691457
62,14,0.996998,0.00861759,-0.000476163
62,15,0.997633,0.010312,-0.000231006
62,16,0.99827,0.0119807,4.11566e-05
62,17,0.998906,0.0136082,0.000337453
62,18,0.999537,0.0151843,0.000655009
62,19,1.00016,0.0167028,0.000990921
62,20,1.00077,0.0181595,0.00134222
62,21,1.00136,0.019551,0.00170585
62,22,1.00194,0.0208739,0.00207859
62,23,1.00249,0.0221246,0.00245713
62,24,1.00303,0.0232986,0.00283798
62,25,1.00353,0.0243913,0.00321756
62,26,1.00401,0.0253974,0.00359224
62,27,1.00447,0.026312,0.00395832
62,28,1.00489,0.02713,0.00431216
62,29,1.00528,0.0278472,0.00465019
62,30,1.00565,0.0284596,0.00496898
62,31,1.00598,0.0289641,0.00526529
62,32,1.00629,0.0293584,0.00553611
62,33,1.00656,0.0296411,0.00577869
62,34,1.0068,0.0298116,0.00599061
62,35,1.00702,0.0298702,0.00616977
62,36,1.00721,0.0298179,0.0063144
62,37,1.00737,0.0296564,0.00642311
62,38,1.00751,0.0293881,0.00649488
62,39,1.00762,0.0290159,0.00652903
62,40,1.00771,0.0285432,0.00652525
62,41,1.00778,0.0279738,0.00648354
62,42,1.00783,0.0273119,0.00640425
62,43,1.00786,0.0265617,0.006288
62,44,1.00788,0.025728,0.00613571
62,45,1.00789,0.0248153,0.0059485
62,46,1.00788,0.0238285,0.00572774
62,47,1.00786,0.0227724,0.00547495
62,48,1.00783,0.0216517,0.00519181
62,49,1.00779,0.0204711,0.00488014
62,50,1.00775,0.0192355,0.00454184
62,51,1.0077,0.0179493,0.00417887
62,52,1.00765,0.0166171,0.00379325
62,53,1.0076,0.0152432,0.00338703
62,54,1.00754,0.0138319,0.00296227
62,55,1.00749,0.0123873,0.00252101
62,56,1.00743,0.0109136,0.00206531
62,57,1.00737,0.00941459,0.00159718
62,58,1.00732,0.00789411,0.00111861
62,59,1.00726,0.00635591,0.000631566
62,60,1.00721,0.00480364,0.000137976
62,61,1.00715,0.00324088,-0.000360257
62,62,1.0071,0.00167114,-0.000861259
62,63,1.00705,9.79156e-05,-0.00136318
62,64,1.007,-0.00147537,-0.0018642
62,65,1.00696,-0.00304529,-0.00236249
62,66,1.00691,-0.00460844,-0.00285626
62,67,1.00687,-0.00616139,-0.00334371
62,68,1.00682,-0.00770072,-0.00382305
62,69,1.00678,-0.00922296,-0.00429247
62,70,1.00674,-0.0107246,-0.00475017
62,71,1.00669,-0.0122021,-0.00519434
62,72,1.00665,-0.0136519,-0.00562316
62,73,1.0066,-0.0150702,-0.00603481
62,74,1.00655,-0.0164533,-0.00642746
62,75,1.0065,-0.0177974,-0.00679929
62,76,1.00644,-0.0190984,-0.00714849
62,77,1.00638,-0.0203524,-0.00747327
62,78,1.00631,-0.0215551,-0.0077719
62,79,1.00623,-0.0227024,-0.00804267
62,80,1.00614,-0.0237899,-0.00828398
62,81,1.00604,-0.0248131,-0.0084943
62,82,1.00592,-0.0257677,-0.00867224
62,83,1.0058,-0.0266491,-0.00881654
62,84,1.00565,-0.0274528,-0.00892611
62,85,1.00549,-0.0281744,-0.00900006
62,86,1.00531,-0.0288094,-0.00903773
62,87,1.00511,-0.0293536,-0.00903869
62,88,1.00488,-0.029803,-0.00900278
62,89,1.00463,-0.0301537,-0.00893013
62,90,1.00436,-0.0304022,-0.00882115
62,91,1.00405,-0.0305456,-0.0086766
62,92,1.00372,-0.0305812,-0.0084975
62,93,1.00336,-0.0305069,-0.00828524
62,94,1.00297,-0.0303214,-0.00804147
62,95,1.00255,-0.030024,-0.00776817
62,96,1.0021,-0.0296145,-0.00746759
62,97,1.00161,-0.029094,-0.00714221
62,98,1.0011,-0.0284638,-0.00679477
62,99,1.00055,-0.0277264,-0.00642817
62,100,0.999976,-0.0268848,-0.00604546
62,101,0.999371,-0.0259426,-0.0056498
62,102,0.99874,-0.0249038,-0.0052444
62,103,0.998082,-0.0237726,-0.00483249
62,104,0.997402,-0.0225535,-0.00441727
62,105,0.996701,-0.0212503,-0.00400189
62,106,0.995983,-0.019867,-0.00358941
62,107,0.995249,-0.0184068,-0.0031828
62,108,0.994505,-0.0168731,-0.00278495
62,109,0.993754,-0.0152693,-0.00239869
62,110,0.992999,-0.0136002,-0.0020268
62,111,0.992245,-0.0118729,-0.00167207
62,112,0.991497,-0.0100986,-0.00133731
62,113,0.990759,-0.00829449,-0.00102542
62,114,0.990036,-0.00648572,-0.000739307
62,115,0.989333,-0.00470778,-0.000481917
62,116,0.988655,-0.00300842,-0.000256044
62,117,0.988006,-0.00144949,-6.40991e-05
62,118,0.987393,-0.000108451,9.23517e-05
62,119,0.986819,0.000921062,0.000213305
62,120,0.986289,0.00153178,0.000301228
62,121,0.985807,0.00161352,0.000361785
62,122,0.985378,0.00108299,0.000403496
62,123,0.985002,-4.76903e-05,0.000433869
62,124,0.984682,-0.00153226,0.000447483
62,125,0.984417,-0.00263814,0.000405527
62,126,0.984205,-0.00173717,0.000206101
62,127,1,-0.00343474,0
63,0,1,0,0
63,1,0.988768,0.00220981,-0.000291112
63,2,0.98898,0.00369606,-0.000643632
63,3,0.989241,0.00274959,-0.000807818
63,4,0.989555,0.00121031,-0.000892408
63,5,0.98992,-5.47667e-05,-0.000945276
63,6,0.990335,-0.000732333,-0.000978612
63,7,0.990797,-0.000784313,-0.000988913
63,8,0.991303,-0.000288402,-0.000969497
63,9,0.991848,0.000642871,-0.000915194
63,10,0.992427,0.00189805,-0.00082335
63,11,0.993036,0.00337993,-0.000693528
63,12,0.993669,0.00500871,-0.000526827
63,13,0.994322,0.00672139,-0.000325274
63,14,0.994989,0.00846989,-9.13785e-05
63,15,0.995667,0.0102189,0.000172127
63,16,0.996349,0.0119434,0.000462439
63,17,0.997032,0.0136267,0.00077674
63,18,0.997711,0.0152579,0.00111221
63,19,0.998383,0.0168297,0.00146601
63,20,0.999044,0.0183374,0.00183524
63,21,0.99969,0.0197769,0.00221688
63,22,1.00032,0.0211446,0.00260782
63,23,1.00093,0.0224365,0.00300479
63,24,1.00151,0.023648,0.0034044
63,25,1.00207,0.0247744,0.00380312
63,26,1.0026,0.0258107,0.00419738
63,27,1.00311,0.0267519,0.00458353
63,28,1.00358,0.0275934,0.00495798
63,29,1.00403,0.028331,0.00531716
63,30,1.00444,0.0289612,0.00565766
63,31,1.00482,0.0294812,0.00597621
63,32,1.00517,0.029889,0.00626978
63,33,1.00549,0.0301836,0.00653557
63,34,1.00578,0.0303647,0.0067711
63,35,1.00605,0.0304329,0.00697418
63,36,1.00628,0.0303896,0.00714297
63,37,1.00648,0.0302367,0.00727599
63,38,1.00666,0.0299769,0.0073721
63,39,1.00682,0.0296133,0.00743052
63,40,1.00695,0.0291497,0.00745083
63,41,1.00706,0.0285898,0.00743293
63,42,1.00715,0.027938,0.00737706
63,43,1.00722,0.0271988,0.00728375
63,44,1.00728,0.0263768,0.00715379
63,45,1.00732,0.0254766,0.00698823
63,46,1.00735,0.024503,0.00678835
63,47,1.00737,0.0234608,0.00655559
63,48,1.00738,0.0223546,0.00629157
63,49,1.00738,0.021189,0.00599802
63,50,1.00737,0.0199686,0.0056768
63,51,1.00736,0.0186977,0.00532983
63,52,1.00734,0.0173806,0.00495907
63,53,1.00732,0.0160215,0.00456654
63,54,1.0073,0.0146245,0.00415426
63,55,1.00727,0.0131934,0.00372426
63,56,1.00725,0.0117322,0.00327857
63,57,1.00722,0.0102445,0.00281917
63,58,1.0072,0.00873399,0.00234806
63,59,1.00717,0.00720429,0.00186718
63,60,1.00715,0.0056589,0.00137846
63,61,1.00713,0.00410129,0.000883799
63,62,1.0071,0.0025349,0.00038506
63,63,1.00708,0.000963149,-0.000115904
63,64,1.00707,-0.000610561,-0.000617261
63,65,1.00705,-0.00218281,-0.00111719
63,66,1.00703,-0.00375018,-0.00161389
63,67,1.00702,-0.00530921,-0.00210555
63,68,1.007,-0.00685639,-0.00259037
63,69,1.00699,-0.00838819,-0.00306653
63,70,1.00698,-0.00990097,-0.0035322
63,71,1.00697,-0.0113911,-0.00398557
63,72,1.00695,-0.0128547,-0.00442478
63,73,1.00694,-0.014288,-0.00484799
63,74,1.00692,-0.015687,-0.00525334
63,75,1.0069,-0.0170477,-0.00563898
63,76,1.00688,-0.0183658,-0.00600304
63,77,1.00685,-0.0196372,-0.00634371
63,78,1.00681,-0.0208574,-0.00665919
63,79,1.00677,-0.022022,-0.00694773
63,80,1.00672,-0.0231264,-0.00720764
63,81,1.00665,-0.0241662,-0.00743735
63,82,1.00658,-0.0251366,-0.00763538
63,83,1.00649,-0.0260331,-0.00780039
63,84,1.00638,-0.0268511,-0.00793121
63,85,1.00626,-0.0275861,-0.00802685
63,86,1.00612,-0.0282336,-0.00808656
63,87,1.00596,-0.0287895,-0.00810981
63,88,1.00577,-0.0292498,-0.00809635
63,89,1.00556,-0.0296109,-0.0080462
63,90,1.00533,-0.0298693,-0.00795969
63,91,1.00507,-0.0300223,-0.00783747
63,92,1.00478,-0.0300675,-0.00768051
63,93,1.00446,-0.0300031,-0.00749009
63,94,1.00412,-0.029828,-0.00726781
63,95,1.00374,-0.0295417,-0.00701561
63,96,1.00333,-0.0291447,-0.00673567
63,97,1.00289,-0.028638,-0.00643049
63,98,1.00242,-0.0280236,-0.00610277
63,99,1.00192,-0.0273041,-0.00575544
63,100,1.00139,-0.0264829,-0.00539157
63,101,1.00083,-0.0255638,-0.00501437
63,102,1.00024,-0.0245511,-0.00462711
63,103,0.999628,-0.0234493,-0.00423309
63,104,0.998991,-0.0222628,-0.00383557
63,105,0.998333,-0.0209955,-0.00343781
63,106,0.997657,-0.0196513,-0.00304293
63,107,0.996964,-0.0182332,-0.00265399
63,108,0.996259,-0.0167442,-0.00227396
63,109,0.995545,-0.0151873,-0.00190573
63,110,0.994826,-0.0135667,-0.00155215
63,111,0.994106,-0.0118887,-0.00121606
63,112,0.993389,-0.0101635,-0.000900344
63,113,0.992679,-0.00840734,-0.000607927
63,114,0.991982,-0.00664425,-0.000341788
63,115,0.991302,-0.00490857,-0.000104892
63,116,0.990644,-0.00324694,9.99421e-05
63,117,0.990013,-0.00172042,0.000270311
63,118,0.989414,-0.000406157,0.000404666
63,119,0.988852,0.000601723,0.000502971
63,120,0.988331,0.00119452,0.000567516
63,121,0.987856,0.00126012,0.000603527
63,122,0.987431,0.000714738,0.000618344
63,123,0.987058,-0.000423869,0.000617257
63,124,0.986738,-0.00188905,0.000593404
63,125,0.986473,-0.00290111,0.000504127
63,126,0.986265,-0.00175056,0.00023428
63,127,1,-0.00343474,0
64,0,1,0,0
64,1,0.986545,0.00185359,-0.000252264
64,2,0.986754,0.00306835,-0.000552964
64,3,0.987021,0.00199988,-0.000668023
64,4,0.987342,0.000410341,-0.000714925
64,5,0.987716,-0.000883225,-0.000738478
64,6,0.988143,-0.00159086,-0.000746559
64,7,0.988619,-0.00168158,-0.000733935
64,8,0.98914,-0.00123261,-0.000692868
64,9,0.989703,-0.000353483,-0.000617585
64,10,0.990302,0.00084754,-0.000505248
64,11,0.990933,0.00227586,-0.0003554
64,12,0.991591,0.00385363,-0.000169162
64,13,0.99227,0.00551923,5.14353e-05
64,14,0.992966,0.00722562,0.000303898
64,15,0.993674,0.00893824,0.000585535
64,16,0.994388,0.0106328,0.000893595
64,17,0.995106,0.0122931,0.00122532
64,18,0.995821,0.0139085,0.00157797
64,19,0.996531,0.0154724,0.00194874
64,20,0.997231,0.0169802,0.00233483
64,21,0.997918,0.0184282,0.00273329
64,22,0.998589,0.0198129,0.00314109
64,23,0.999241,0.0211304,0.00355506
64,24,0.999871,0.0223761,0.00397187
64,25,1.00048,0.0235451,0.0043881
64,26,1.00106,0.0246322,0.00480025
64,27,1.00161,0.0256319,0.00520476
64,28,1.00214,0.026539,0.00559806
64,29,1.00263,0.0273487,0.00597665
64,30,1.0031,0.0280568,0.00633714
64,31,1.00353,0.0286595,0.00667627
64,32,1.00393,0.0291541,0.00699098
64,33,1.00431,0.0295387,0.00727847
64,34,1.00465,0.029812,0.0075362
64,35,1.00496,0.0299738,0.00776191
64,36,1.00525,0.0300244,0.00795372
64,37,1.0055,0.0299652,0.00811003
64,38,1.00573,0.0297978,0.00822962
64,39,1.00593,0.0295247,0.00831161
64,40,1.00612,0.029149,0.00835548
64,41,1.00627,0.0286738,0.00836102
64,42,1.00641,0.028103,0.00832836
64,43,1.00653,0.0274407,0.00825792
64,44,1.00663,0.026691,0.00815039
64,45,1.00671,0.0258585,0.00800673
64,46,1.00678,0.0249478,0.00782811
64,47,1.00684,0.0239635,0.0076159
64,48,1.00689,0.0229102,0.00737162
64,49,1.00693,0.0217927,0.00709695
64,50,1.00695,0.0206156,0.00679366
64,51,1.00698,0.0193834,0.00646362
64,52,1.00699,0.0181008,0.00610875
64,53,1.00701,0.016772,0.00573101
64,54,1.00702,0.0154015,0.00533239
64,55,1.00702,0.0139933,0.00491489
64,56,1.00703,0.0125517,0.00448049
64,57,1.00703,0.0110807,0.00403117
64,58,1.00704,0.00958404,0.0035689
64,59,1.00704,0.00806562,0.0030956
64,60,1.00705,0.00652912,0.00261319
64,61,1.00705,0.00497819,0.00212355
64,62,1.00706,0.00341639,0.00162855
64,63,1.00707,0.00184722,0.00113002
64,64,1.00708,0.000274144,0.000629803
64,65,1.00709,-0.0012994,0.000129705
64,66,1.00711,-0.00287002,-0.000368462
64,67,1.00712,-0.0044343,-0.000862892
64,68,1.00714,-0.00598884,-0.00135177
64,69,1.00715,-0.00753022,-0.00183328
64,70,1.00717,-0.00905499,-0.0023056
64,71,1.00719,-0.0105597,-0.00276687
64,72,1.00721,-0.0120407,-0.00321524
64,73,1.00722,-0.0134944,-0.00364885
64,74,1.00724,-0.0149171,-0.0040658
64,75,1.00725,-0.0163051,-0.00446422
64,76,1.00726,-0.0176544,-0.00484223
64,77,1.00727,-0.018961,-0.00519795
64,78,1.00727,-0.0202209,-0.00552954
64,79,1.00726,-0.0214297,-0.00583521
64,80,1.00725,-0.0225832,-0.00611321
64,81,1.00723,-0.0236768,-0.00636189
64,82,1.00719,-0.0247061,-0.00657972
64,83,1.00714,-0.0256664,-0.00676526
64,84,1.00708,-0.026553,-0.00691726
64,85,1.00701,-0.0273613,-0.00703466
64,86,1.00691,-0.0280866,-0.00711658
64,87,1.00679,-0.0287244,-0.00716242
64,88,1.00666,-0.0292703,-0.0071718
64,89,1.0065,-0.0297201,-0.00714467
64,90,1.00632,-0.0300699,-0.00708124
64,91,1.00611,-0.0303161,-0.00698206
64,92,1.00587,-0.0304557,-0.00684802
64,93,1.0056,-0.030486,-0.00668031
64,94,1.00531,-0.0304051,-0.00648046
64,95,1.00498,-0.0302116,-0.00625034
64,96,1.00463,-0.0299052,-0.0059921
64,97,1.00424,-0.0294859,-0.00570819
64,98,1.00382,-0.0289547,-0.00540131
64,99,1.00337,-0.0283136,-0.00507437
64,100,1.00289,-0.0275649,-0.00473047
64,101,1.00238,-0.0267119,-0.00437285
64,102,1.00184,-0.0257581,-0.00400483
64,103,1.00127,-0.0247075,-0.00362976
64,104,1.00068,-0.0235639,-0.00325099
64,105,1.00006,-0.0223312,-0.00287183
64,106,0.999428,-0.0210127,-0.00249549
64,107,0.998775,-0.0196116,-0.00212511
64,108,0.998106,-0.0181307,-0.00176371
64,109,0.997427,-0.0165732,-0.00141426
64,110,0.996741,-0.0149434,-0.00107966
64,111,0.996051,-0.0132479,-0.000762811
64,112,0.995363,-0.0114972,-0.000466638
64,113,0.99468,-0.00970789,-0.000194122
64,114,0.994007,-0.00790467,5.17171e-05
64,115,0.993349,-0.00612261,0.00026788
64,116,0.992711,-0.00440946,0.000451542
64,117,0.992099,-0.00282775,0.000600312
64,118,0.991516,-0.00145671,0.000712667
64,119,0.990968,-0.000393217,0.000788554
64,120,0.99046,0.000250636,0.000830083
64,121,0.989996,0.000359442,0.000841867
64,122,0.98958,-0.000151581,0.000830194
64,123,0.989214,-0.00125842,0.000798651
64,124,0.9889,-0.00267226,0.000735985
64,125,0.988639,-0.00356445,0.000596534
64,126,0.988427,-0.00214691,0.000274472
64,127,1,-0.00343474,0
65,0,1,0,0
65,1,0.98442,0.00179667,-0.000224088
65,2,0.984635,0.00275581,-0.000455806
65,3,0.984902,0.00158928,-0.000524187
65,4,0.985225,-2.14823e-05,-0.000534441
65,5,0.985604,-0.00130759,-0.000527538
65,6,0.986038,-0.00200042,-0.000509774
65,7,0.986523,-0.0020751,-0.000473712
65,8,0.987056,-0.00160846,-0.000410453
65,9,0.987633,-0.000707996,-0.000313794
65,10,0.98825,0.000519657,-0.000180724
65,11,0.988902,0.00198058,-1.07558e-05
65,12,0.989583,0.00359676,0.000194978
65,13,0.990289,0.00530588,0.000434445
65,14,0.991014,0.00705987,0.000705177
65,15,0.991754,0.00882307,0.00100453
65,16,0.992503,0.01057,0.00132981
65,17,0.993257,0.0122834,0.00167833
65,18,0.994011,0.0139517,0.0020474
65,19,0.994762,0.0155674,0.00243433
65,20,0.995505,0.017125,0.00283635
65,21,0.996236,0.0186205,0.00325063
65,22,0.996952,0.0200497,0.00367422
65,23,0.99765,0.0214084,0.00410404
65,24,0.998327,0.0226918,0.00453687
65,25,0.99898,0.023895,0.00496939
65,26,0.999608,0.0250127,0.00539817
65,27,1.00021,0.0260396,0.00581975
65,28,1.00078,0.0269707,0.00623062
65,29,1.00132,0.0278013,0.00662734
65,30,1.00183,0.0285275,0.00700655
65,31,1.00231,0.029146,0.00736501
65,32,1.00276,0.0296544,0.00769968
65,33,1.00318,0.030051,0.00800772
65,34,1.00356,0.030335,0.00828655
65,35,1.00392,0.0305065,0.0085339
65,36,1.00424,0.0305663,0.00874778
65,37,1.00454,0.0305158,0.00892655
65,38,1.00481,0.0303571,0.00906889
65,39,1.00506,0.0300929,0.00917383
65,40,1.00528,0.0297264,0.00924074
65,41,1.00548,0.0292611,0.00926931
65,42,1.00565,0.0287009,0.00925958
65,43,1.00581,0.02805,0.00921185
65,44,1.00595,0.0273126,0.00912672
65,45,1.00607,0.0264932,0.00900504
65,46,1.00618,0.0255965,0.0088479
65,47,1.00627,0.0246269,0.00865656
65,48,1.00635,0.023589,0.00843249
65,49,1.00642,0.0224875,0.00817726
65,50,1.00649,0.0213266,0.00789259
65,51,1.00655,0.020111,0.00758027
65,52,1.0066,0.0188448,0.00724218
65,53,1.00664,0.0175322,0.00688021
65,54,1.00668,0.0161774,0.00649632
65,55,1.00672,0.0147844,0.00609245
65,56,1.00676,0.013357,0.00567056
65,57,1.0068,0.011899,0.00523259
65,58,1.00683,0.0104142,0.00478048
65,59,1.00687,0.00890627,0.00431613
65,60,1.0069,0.00737867,0.00384143
65,61,1.00694,0.00583495,0.00335825
65,62,1.00697,0.0042786,0.00286844
65,63,1.00701,0.00271305,0.00237383
65,64,1.00705,0.00114171,0.00187623
65,65,1.00709,-0.000432004,0.00137744
65,66,1.00713,-0.00200469,0.000879282
65,67,1.00718,-0.00357292,0.000383542
65,68,1.00722,-0.00513323,-0.000107964
65,69,1.00727,-0.00668213,-0.000593418
65,70,1.00732,-0.00821607,-0.00107099
65,71,1.00737,-0.00973142,-0.00153882
65,72,1.00742,-0.0112245,-0.00199506
65,73,1.00747,-0.0126915,-0.00243781
65,74,1.00752,-0.0141285,-0.00286518
65,75,1.00756,-0.0155315,-0.00327526
65,76,1.00761,-0.0168965,-0.00366614
65,77,1.00765,-0.0182193,-0.00403594
65,78,1.00769,-0.0194954,-0.00438275
65,79,1.00772,-0.0207204,-0.00470475
65,80,1.00774,-0.0218899,-0.00500015
65,81,1.00775,-0.0229991,-0.00526722
65,82,1.00776,-0.0240434,-0.00550438
65,83,1.00775,-0.025018,-0.00571011
65,84,1.00773,-0.0259183,-0.0058831
65,85,1.00769,-0.0267395,-0.00602218
65,86,1.00764,-0.0274769,-0.0061264
65,87,1.00756,-0.0281261,-0.00619505
65,88,1.00747,-0.0286827,-0.00622767
65,89,1.00735,-0.0291427,-0.00622408
65,90,1.00721,-0.0295023,-0.00618442
65,91,1.00705,-0.0297582,-0.00610912
65,92,1.00686,-0.0299074,-0.00599897
65,93,1.00664,-0.0299477,-0.00585508
65,94,1.00639,-0.0298773,-0.00567889
65,95,1.00611,-0.0296953,-0.00547219
65,96,1.0058,-0.0294015,-0.00523707
65,97,1.00546,-0.0289962,-0.00497592
65,98,1.00509,-0.028481,-0.00469142
65,99,1.00469,-0.0278579,-0.00438646
65,100,1.00426,-0.0271297,-0.00406413
65,101,1.00379,-0.0263,-0.00372769
65,102,1.00331,-0.0253725,-0.00338047
65,103,1.00279,-0.0243513,-0.00302587
65,104,1.00225,-0.0232406,-0.0026673
65,105,1.00168,-0.0220442,-0.00230811
65,106,1.0011,-0.0207655,-0.00195158
65,107,1.00049,-0.0194074,-0.0016009
65,108,0.999873,-0.0179726,-0.00125917
65,109,0.99924,-0.0164638,-0.000929385
65,110,0.998599,-0.0148847,-0.000614505
65,111,0.997954,-0.0132411,-0.000317476
65,112,0.997307,-0.0115429,-4.1267e-05
65,113,0.996663,-0.00980537,0.000211097
65,114,0.996027,-0.00805217,0.000436558
65,115,0.995403,-0.00631722,0.000632083
65,116,0.994797,-0.00464715,0.000794833
65,117,0.994212,-0.00310362,0.000922423
65,118,0.993654,-0.00176539,0.00101334
65,119,0.993128,-0.000729476,0.0010675
65,120,0.992638,-0.000108711,0.00108678
65,121,0.992189,-1.92713e-05,0.00107527
65,122,0.991785,-0.000544761,0.0010379
65,123,0.991429,-0.00165352,0.000975812
65,124,0.991121,-0.00303473,0.000876157
65,125,0.990864,-0.00381353,0.000689724
65,126,0.990662,-0.00212921,0.000299473
65,127,1,-0.00343474,0
66,0,1,0,0
66,1,0.98238,0.00147876,-0.000182681
66,2,0.982588,0.00218777,-0.000360394
66,3,0.982856,0.000921139,-0.000379348
66,4,0.98318,-0.00072528,-0.00035159
66,5,0.983561,-0.00203271,-0.000314527
66,6,0.983998,-0.00275401,-0.000270299
66,7,0.984489,-0.00286955,-0.00020999
66,8,0.985029,-0.00245421,-0.000123831
66,9,0.985615,-0.00161157,-5.11491e-06
66,10,0.986242,-0.0004446,0.000149306
66,11,0.986906,0.000955615,0.000339918
66,12,0.987601,0.00251308,0.000565563
66,13,0.988322,0.00416691,0.000824195
66,14,0.989065,0.00587011,0.00111336
66,15,0.989824,0.00758784,0.00143046
66,16,0.990595,0.00929538,0.00177284
66,17,0.991373,0.010976,0.00213789
66,18,0.992153,0.0126187,0.00252299
66,19,0.992932,0.0142164,0.00292551
66,20,0.993705,0.0157642,0.00334278
66,21,0.994468,0.0172582,0.00377205
66,22,0.995218,0.0186947,0.00421047
66,23,0.995952,0.0200695,0.00465506
66,24,0.996666,0.0213781,0.00510272
66,25,0.997359,0.0226152,0.00555022
66,26,0.998028,0.0237754,0.00599425
66,27,0.998671,0.0248531,0.00643143
66,28,0.999287,0.0258427,0.00685837
66,29,0.999873,0.026739,0.00727168
66,30,1.00043,0.0275373,0.00766807
66,31,1.00096,0.0282335,0.00804433
66,32,1.00145,0.0288244,0.00839744
66,33,1.00192,0.0293074,0.00872458
66,34,1.00235,0.0296807,0.00902315
66,35,1.00276,0.0299436,0.00929083
66,36,1.00313,0.0300959,0.0095256
66,37,1.00348,0.0301381,0.00972575
66,38,1.0038,0.0300716,0.00988989
66,39,1.00409,0.0298983,0.010017
66,40,1.00436,0.0296207,0.0101062
66,41,1.0046,0.0292415,0.0101573
66,42,1.00482,0.0287643,0.0101702
66,43,1.00502,0.0281927,0.0101449
66,44,1.0052,0.0275305,0.0100821
66,45,1.00537,0.0267821,0.00998248
66,46,1.00552,0.0259517,0.00984702
66,47,1.00565,0.0250438,0.0096769
66,48,1.00577,0.024063,0.00947349
66,49,1.00588,0.0230138,0.00923829
66,50,1.00598,0.0219008,0.00897293
66,51,1.00607,0.0207285,0.00867913
66,52,1.00616,0.0195014,0.0083587
66,53,1.00624,0.0182239,0.00801348
66,54,1.00631,0.0169004,0.00764537
66,55,1.00638,0.0155351,0.00725627
66,56,1.00645,0.0141322,0.00684808
66,57,1.00652,0.0126957,0.00642271
66,58,1.00658,0.0112296,0.00598206
66,59,1.00664,0.00973769,0.00552801
66,60,1.00671,0.00822375,0.00506241
66,61,1.00677,0.00669146,0.00458711
66,62,1.00684,0.00514442,0.00410394
66,63,1.00691,0.00358617,0.0036147
66,64,1.00697,0.00202018,0.00312118
66,65,1.00704,0.000449893,0.00262519
66,66,1.00712,-0.0011213,0.00212851
66,67,1.00719,-0.00269002,0.00163293
66,68,1.00726,-0.0042529,0.00114025
66,69,1.00734,-0.00580656,0.00065229
66,70,1.00742,-0.0073476,0.000170867
66,71,1.0075,-0.0088726,-0.000302167
66,72,1.00758,-0.0103781,-0.000764944
66,73,1.00766,-0.0118605,-0.00121558
66,74,1.00774,-0.0133163,-0.00165216
66,75,1.00782,-0.0147416,-0.00207277
66,76,1.0079,-0.0161328,-0.00247549
66,77,1.00798,-0.0174859,-0.00285838
66,78,1.00805,-0.0187968,-0.00321955
66,79,1.00812,-0.0200613,-0.00355711
66,80,1.00818,-0.021275,-0.00386923
66,81,1.00824,-0.0224337,-0.00415414
66,82,1.00828,-0.0235325,-0.00441018
66,83,1.00832,-0.0245669,-0.00463579
66,84,1.00834,-0.0255321,-0.00482956
66,85,1.00835,-0.0264232,-0.00499026
66,86,1.00834,-0.0272354,-0.00511683
66,87,1.00832,-0.0279638,-0.00520848
66,88,1.00827,-0.0286038,-0.00526464
66,89,1.00821,-0.0291508,-0.00528503
66,90,1.00812,-0.0296005,-0.00526968
66,91,1.00801,-0.0299489,-0.00521892
66,92,1.00787,-0.0301924,-0.00513344
66,93,1.0077,-0.030328,-0.00501424
66,94,1.00751,-0.030353,-0.00486268
66,95,1.00728,-0.0302657,-0.00468045
66,96,1.00703,-0.0300648,-0.00446958
66,97,1.00675,-0.0297502,-0.00423241
66,98,1.00643,-0.0293221,-0.00397154
66,99,1.00608,-0.0287819,-0.00368984
66,100,1.00571,-0.0281317,-0.0033904
66,101,1.0053,-0.0273739,-0.00307647
66,102,1.00487,-0.0265119,-0.00275139
66,103,1.0044,-0.0255492,-0.0024186
66,104,1.00391,-0.0244893,-0.00208152
66,105,1.0034,-0.0233357,-0.00174357
66,106,1.00286,-0.0220915,-0.00140808
66,107,1.0023,-0.0207595,-0.00107827
66,108,1.00173,-0.0193424,-0.000757295
66,109,1.00114,-0.0178427,-0.000448197
66,110,1.00054,-0.0162644,-0.00015397
66,111,0.999934,-0.0146133,0.000122401
66,112,0.999325,-0.0128994,0.000377915
66,113,0.998718,-0.0111385,0.000609509
66,114,0.998116,-0.00935469,0.000814094
66,115,0.997525,-0.0075825,0.000988614
66,116,0.996948,-0.00586962,0.00113022
66,117,0.996392,-0.00427914,0.00123656
66,118,0.99586,-0.00289178,0.00130612
66,119,0.995358,-0.00180702,0.0013388
66,120,0.99489,-0.0011405,0.00133627
66,121,0.99446,-0.00101062,0.00130192
66,122,0.994072,-0.00150035,0.00123947
66,123,0.993729,-0.00256987,0.00114813
66,124,0.993434,-0.00388495,0.00101053
66,125,0.993186,-0.00452373,0.000775108
66,126,0.992983,-0.00255849,0.000336326
66,127,1,-0.00343474,0
67,0,1,0,0
67,1,0.980448,0.00139812,-0.000152411
67,2,0.980658,0.0018756,-0.000260178
67,3,0.980921,0.000531876,-0.000232944
67,4,0.981243,-0.00112311,-0.000168631
67,5,0.981622,-0.00241793,-0.000100586
67,6,0.982059,-0.00312467,-2.95629e-05
67,7,0.98255,-0.00322778,5.53042e-05
67,8,0.983093,-0.00280024,0.000164759
67,9,0.983684,-0.00194257,0.00030583
67,10,0.984318,-0.000755499,0.000481787
67,11,0.984991,0.000670904,0.000693129
67,12,0.985699,0.00226065,0.000938675
67,13,0.986435,0.00395225,0.00121638
67,14,0.987196,0.00569773,0.0015238
67,15,0.987976,0.0074612,0.00185837
67,16,0.98877,0.00921683,0.00221752
67,17,0.989573,0.0109468,0.00259868
67,18,0.990382,0.0126392,0.00299931
67,19,0.991191,0.014286,0.00341686
67,20,0.991996,0.0158816,0.00384873
67,21,0.992794,0.0174215,0.00429228
67,22,0.99358,0.0189012,0.00474474
67,23,0.994351,0.0203164,0.00520326
67,24,0.995105,0.0216621,0.00566484
67,25,0.995837,0.022933,0.00612638
67,26,0.996547,0.0241236,0.00658468
67,27,0.997231,0.0252282,0.00703645
67,28,0.997888,0.0262414,0.00747841
67,29,0.998516,0.0271584,0.00790725
67,30,0.999114,0.0279745,0.00831975
67,31,0.999682,0.0286862,0.00871275
67,32,1.00022,0.0292903,0.00908326
67,33,1.00073,0.0297848,0.00942847
67,34,1.0012,0.0301684,0.00974578
67,35,1.00165,0.0304404,0.0100329
67,36,1.00206,0.0306011,0.0102876
67,37,1.00245,0.0306515,0.0105083
67,38,1.0028,0.0305932,0.0106935
67,39,1.00314,0.0304283,0.0108421
67,40,1.00344,0.0301595,0.0109532
67,41,1.00372,0.0297899,0.0110263
67,42,1.00398,0.029323,0.0110613
67,43,1.00422,0.0287625,0.0110583
67,44,1.00444,0.0281126,0.0110177
67,45,1.00464,0.0273774,0.0109401
67,46,1.00482,0.0265611,0.0108264
67,47,1.00499,0.0256683,0.0106777
67,48,1.00514,0.0247033,0.0104952
67,49,1.00529,0.0236706,0.0102805
67,50,1.00542,0.0225746,0.010035
67,51,1.00555,0.0214196,0.00976034
67,52,1.00567,0.0202099,0.00945833
67,53,1.00578,0.0189497,0.00913072
67,54,1.00589,0.0176432,0.00877933
67,55,1.00599,0.0162943,0.00840601
67,56,1.00609,0.0149071,0.00801263
67,57,1.00618,0.0134853,0.00760104
67,58,1.00628,0.0120327,0.00717309
67,59,1.00637,0.010553,0.00673062
67,60,1.00647,0.00904989,0.00627547
67,61,1.00656,0.0075268,0.00580943
67,62,1.00666,0.00598725,0.0053343
67,63,1.00675,0.00443471,0.00485187
67,64,1.00685,0.00287258,0.00436391
67,65,1.00695,0.00130426,0.00387217
67,66,1.00705,-0.000266855,0.00337845
67,67,1.00716,-0.00183738,0.0028845
67,68,1.00726,-0.00340391,0.00239211
67,69,1.00737,-0.004963,0.00190308
67,70,1.00748,-0.00651116,0.00141923
67,71,1.00759,-0.00804485,0.000942402
67,72,1.00771,-0.00956046,0.000474449
67,73,1.00782,-0.0110543,1.72631e-05
67,74,1.00794,-0.0125225,-0.000427249
67,75,1.00805,-0.0139612,-0.000857161
67,76,1.00816,-0.0153664,-0.00127053
67,77,1.00828,-0.0167339,-0.00166543
67,78,1.00839,-0.0180595,-0.00203992
67,79,1.00849,-0.0193387,-0.00239209
67,80,1.00859,-0.0205671,-0.00272008
67,81,1.00869,-0.0217399,-0.00302208
67,82,1.00877,-0.0228525,-0.00329637
67,83,1.00885,-0.0239001,-0.00354134
67,84,1.00891,-0.0248777,-0.00375551
67,85,1.00896,-0.0257805,-0.00393757
67,86,1.00899,-0.0266037,-0.0040864
67,87,1.00901,-0.0273425,-0.00420109
67,88,1.00901,-0.0279923,-0.004281
67,89,1.00899,-0.0285486,-0.00432575
67,90,1.00894,-0.0290074,-0.00433526
67,91,1.00888,-0.0293646,-0.00430976
67,92,1.00878,-0.0296171,-0.00424981
67,93,1.00867,-0.029762,-0.00415633
67,94,1.00852,-0.0297969,-0.00403058
67,95,1.00835,-0.0297204,-0.00387414
67,96,1.00814,-0.0295316,-0.00368897
67,97,1.00791,-0.0292304,-0.00347731
67,98,1.00764,-0.0288176,-0.00324171
67,99,1.00735,-0.0282949,-0.002985
67,100,1.00703,-0.0276644,-0.00271021
67,101,1.00667,-0.0269292,-0.00242057
67,102,1.00629,-0.0260928,-0.00211943
67,103,1.00588,-0.0251589,-0.00181021
67,104,1.00545,-0.0241312,-0.00149638
67,105,1.00499,-0.0230135,-0.00118135
67,106,1.00451,-0.0218087,-0.000868478
67,107,1.00401,-0.0205198,-0.000561042
67,108,1.00349,-0.0191489,-0.0002622
67,109,1.00295,-0.0176987,2.49689e-05
67,110,1.00241,-0.0161722,0.000297451
67,111,1.00185,-0.0145748,0.000552242
67,112,1.0013,-0.0129155,0.000786319
67,113,1.00074,-0.0112092,0.000996601
67,114,1.00018,-0.00947883,0.00117997
67,115,0.999634,-0.00775774,0.00133337
67,116,0.999099,-0.00609253,0.00145393
67,117,0.99858,-0.00454535,0.00153931
67,118,0.998083,-0.00319631,0.00158804
67,119,0.997612,-0.00214468,0.00159994
67,120,0.997171,-0.00150609,0.00157645
67,121,0.996764,-0.00139844,0.00152033
67,122,0.996396,-0.0019017,0.00143382
67,123,0.99607,-0.00296639,0.00131346
67,124,0.995787,-0.00423523,0.00114024
67,125,0.995548,-0.00474308,0.000859499
67,126,0.99536,-0.00250284,0.000356732
67,127,1,-0.00343474,0
68,0,1,0,0
68,1,0.978609,0.00112645,-0.000109789
68,2,0.978809,0.00138213,-0.000163495
68,3,0.979069,-3.87646e-05,-8.7767e-05
68,4,0.979386,-0.00171546,1.40093e-05
68,5,0.979761,-0.00302497,0.000112341
68,6,0.980195,-0.00375863,0.000210442
68,7,0.980684,-0.00390427,0.000320387
68,8,0.981225,-0.00353172,0.000453606
68,9,0.981815,-0.00273682,0.000617527
68,10,0.982451,-0.00161624,0.000815509
68,11,0.983126,-0.000257066,0.00104803
68,12,0.983837,0.0012668,0.00131388
68,13,0.984578,0.00289528,0.00161099
68,14,0.985346,0.00458153,0.00193693
68,15,0.986134,0.00629051,0.00228916
68,16,0.986939,0.00799718,0.00266516
68,17,0.987755,0.00968441,0.00306241
68,18,0.988579,0.0113409,0.00347844
68,19,0.989405,0.0129592,0.00391076
68,20,0.99023,0.0145343,0.00435688
68,21,0.991049,0.016062,0.00481421
68,22,0.991859,0.0175383,0.00528012
68,23,0.992657,0.0189591,0.00575185
68,24,0.993439,0.0203196,0.00622652
68,25,0.994202,0.0216144,0.00670114
68,26,0.994945,0.0228378,0.00717265
68,27,0.995663,0.0239841,0.00763788
68,28,0.996357,0.0250473,0.00809364
68,29,0.997024,0.026022,0.00853675
68,30,0.997662,0.0269029,0.00896403
68,31,0.998272,0.0276857,0.00937244
68,32,0.998852,0.0283665,0.00975901
68,33,0.999402,0.0289423,0.010121
68,34,0.999922,0.0294108,0.0104558
68,35,1.00041,0.0297706,0.010761
68,36,1.00087,0.030021,0.0110346
68,37,1.0013,0.0301621,0.0112748
68,38,1.00171,0.0301946,0.0114801
68,39,1.00208,0.0301198,0.0116492
68,40,1.00243,0.0299397,0.0117814
68,41,1.00276,0.0296568,0.0118759
68,42,1.00306,0.029274,0.0119327
68,43,1.00334,0.0287944,0.0119515
68,44,1.0036,0.0282218,0.0119329
68,45,1.00384,0.02756,0.0118772
68,46,1.00407,0.0268131,0.0117853
68,47,1.00427,0.0259853,0.0116582
68,48,1.00447,0.0250809,0.0114971
68,49,1.00465,0.0241044,0.0113032
68,50,1.00482,0.0230602,0.0110781
68,51,1.00498,0.0219528,0.0108233
68,52,1.00513,0.0207866,0.0105405
68,53,1.00528,0.019566,0.0102313
68,54,1.00542,0.0182954,0.00989756
68,55,1.00555,0.0169789,0.00954104
68,56,1.00568,0.0156208,0.00916355
68,57,1.00581,0.0142252,0.00876688
68,58,1.00594,0.012796,0.00835285
68,59,1.00606,0.011337,0.00792324
68,60,1.00618,0.00985224,0.00747984
68,61,1.00631,0.00834525,0.00702442
68,62,1.00643,0.0068197,0.00655873
68,63,1.00656,0.00527914,0.00608453
68,64,1.00669,0.00372705,0.00560356
68,65,1.00681,0.00216687,0.00511755
68,66,1.00695,0.000601983,0.00462825
68,67,1.00708,-0.000964266,0.0041374
68,68,1.00721,-0.00252854,0.00364678
68,69,1.00735,-0.00408753,0.00315815
68,70,1.00749,-0.00563789,0.00267331
68,71,1.00764,-0.00717627,0.0021941
68,72,1.00778,-0.00869928,0.00172235
68,73,1.00793,-0.0102035,0.00125996
68,74,1.00808,-0.0116853,0.000808805
68,75,1.00823,-0.0131413,0.000370826
68,76,1.00838,-0.0145675,-5.20416e-05
68,77,1.00852,-0.0159603,-0.00045785
68,78,1.00867,-0.0173155,-0.000844653
68,79,1.00881,-0.0186292,-0.00121053
68,80,1.00895,-0.019897,-0.00155357
68,81,1.00909,-0.0211144,-0.00187195
68,82,1.00921,-0.0222769,-0.00216389
68,83,1.00933,-0.0233797,-0.00242774
68,84,1.00944,-0.0244181,-0.00266196
68,85,1.00954,-0.0253869,-0.00286516
68,86,1.00962,-0.0262812,-0.00303614
68,87,1.00969,-0.0270959,-0.00317393
68,88,1.00974,-0.0278261,-0.00327777
68,89,1.00977,-0.0284669,-0.00334718
68,90,1.00978,-0.0290136,-0.00338198
68,91,1.00976,-0.0294618,-0.0033823
68,92,1.00972,-0.0298074,-0.00334859
68,93,1.00966,-0.0300469,-0.00328166
68,94,1.00957,-0.0301772,-0.00318264
68,95,1.00946,-0.0301959,-0.00305305
68,96,1.00931,-0.0301013,-0.00289471
68,97,1.00913,-0.0298925,-0.00270981
68,98,1.00893,-0.0295693,-0.0025008
68,99,1.00869,-0.0291326,-0.00227046
68,100,1.00843,-0.0285838,-0.00202176
68,101,1.00813,-0.027925,-0.00175791
68,102,1.00781,-0.0271592,-0.00148221
68,103,1.00746,-0.0262893,-0.0011981
68,104,1.00708,-0.0253186,-0.000909021
68,105,1.00667,-0.0242505,-0.000618415
68,106,1.00625,-0.0230876,-0.000329647
68,107,1.0058,-0.0218325,-4.60054e-05
68,108,1.00533,-0.0204875,0.000229336
68,109,1.00485,-0.0190548,0.000493285
68,110,1.00435,-0.0175379,0.000742821
68,111,1.00385,-0.0159419,0.000974932
68,112,1.00333,-0.0142761,0.00118659
68,113,1.00282,-0.0125555,0.0013747
68,114,1.00231,-0.0108033,0.00153615
68,115,1.0018,-0.00905369,0.00166786
68,116,1.0013,-0.00735411,0.00176699
68,117,1.00082,-0.00576809,0.00183121
68,118,1.00036,-0.00437756,0.00185908
68,119,0.99992,-0.00328397,0.0018504
68,120,0.999509,-0.00260508,0.00180635
68,121,0.999129,-0.0024598,0.00172896
68,122,0.998785,-0.00292572,0.00161912
68,123,0.998479,-0.00394325,0.00147127
68,124,0.998214,-0.00513107,0.00126183
68,125,0.99799,-0.00548124,0.000934616
68,126,0.997805,-0.00295575,0.000389103
68,127,1,-0.00343474,0
69,0,1,0,0
69,1,0.976883,0.00102704,-7.89195e-05
69,2,0.977081,0.00108124,-6.35242e-05
69,3,0.977333,-0.000395127,5.67617e-05
69,4,0.977643,-0.00206852,0.000194149
69,5,0.978012,-0.00336099,0.000323281
69,6,0.978438,-0.00408057,0.000448502
69,7,0.978921,-0.0042173,0.000583593
69,8,0.979458,-0.00383773,0.000740768
69,9,0.980044,-0.0030338,0.000927668
69,10,0.980677,-0.00189941,0.00114773
69,11,0.981352,-0.000520337,0.00140142
69,12,0.982065,0.00102966,0.00168751
69,13,0.982811,0.00269,0.00200391
69,14,0.983585,0.00441294,0.0023482
69,15,0.984382,0.00616243,0.00271789
69,16,0.985198,0.00791238,0.00311049
69,17,0.986029,0.00964466,0.00352355
69,18,0.986869,0.011347,0.00395464
69,19,0.987715,0.0130112,0.00440136
69,20,0.988561,0.0146312,0.00486128
69,21,0.989405,0.0162023,0.00533193
69,22,0.990241,0.0177199,0.00581075
69,23,0.991067,0.0191794,0.00629511
69,24,0.991879,0.0205756,0.00678224
69,25,0.992673,0.021903,0.00726928
69,26,0.993448,0.0231557,0.00775329
69,27,0.9942,0.0243279,0.00823123
69,28,0.994928,0.0254139,0.00870002
69,29,0.99563,0.0264082,0.00915658
69,30,0.996304,0.0273059,0.00959783
69,31,0.996949,0.028103,0.0100208
69,32,0.997565,0.028796,0.0104226
69,33,0.998151,0.0293821,0.0108005
69,34,0.998707,0.0298595,0.0111519
69,35,0.999234,0.0302272,0.0114745
69,36,0.99973,0.0304847,0.0117661
69,37,1.0002,0.0306326,0.0120251
69,38,1.00064,0.0306719,0.0122498
69,39,1.00105,0.0306043,0.0124389
69,40,1.00144,0.0304319,0.0125915
69,41,1.0018,0.0301574,0.012707
69,42,1.00213,0.0297838,0.0127851
69,43,1.00245,0.0293146,0.0128255
69,44,1.00274,0.0287535,0.0128286
69,45,1.00302,0.0281042,0.0127947
69,46,1.00328,0.027371,0.0127247
69,47,1.00352,0.0265579,0.0126193
69,48,1.00375,0.0256692,0.0124796
69,49,1.00397,0.0247092,0.012307
69,50,1.00417,0.0236822,0.0121027
69,51,1.00436,0.0225925,0.0118682
69,52,1.00455,0.0214442,0.0116052
69,53,1.00473,0.0202416,0.0113152
69,54,1.0049,0.0189888,0.0109999
69,55,1.00506,0.0176898,0.0106611
69,56,1.00523,0.0163486,0.0103005
69,57,1.00539,0.014969,0.00991986
69,58,1.00554,0.0135548,0.00952088
69,59,1.0057,0.0121098,0.00910533
69,60,1.00585,0.0106375,0.00867494
69,61,1.00601,0.00914153,0.00823145
69,62,1.00616,0.0076254,0.00777655
69,63,1.00632,0.00609254,0.00731196
69,64,1.00647,0.00454637,0.00683939
69,65,1.00663,0.00299026,0.00636054
69,66,1.00679,0.00142757,0.00587711
69,67,1.00696,-0.000138356,0.00539083
69,68,1.00713,-0.00170415,0.00490343
69,69,1.0073,-0.00326645,0.00441666
69,70,1.00747,-0.00482182,0.00393229
69,71,1.00764,-0.00636683,0.00345213
69,72,1.00782,-0.00789792,0.002978
69,73,1.008,-0.0094115,0.00251178
69,74,1.00819,-0.0109039,0.00205534
69,75,1.00837,-0.0123712,0.00161061
69,76,1.00856,-0.0138096,0.00117952
69,77,1.00874,-0.0152149,0.000764008
69,78,1.00893,-0.016583,0.00036604
69,79,1.00911,-0.0179096,-1.24525e-05
69,80,1.00929,-0.0191901,-0.000369554
69,81,1.00946,-0.02042,-0.000703401
69,82,1.00963,-0.0215945,-0.00101219
69,83,1.00979,-0.0227087,-0.00129423
69,84,1.00994,-0.0237578,-0.00154792
69,85,1.01008,-0.0247366,-0.00177182
69,86,1.0102,-0.0256402,-0.00196466
69,87,1.01031,-0.0264637,-0.00212539
69,88,1.01041,-0.027202,-0.00225317
69,89,1.01048,-0.0278506,-0.00234743
69,90,1.01054,-0.0284047,-0.00240789
69,91,1.01057,-0.0288603,-0.00243457
69,92,1.01058,-0.0292135,-0.00242782
69,93,1.01057,-0.0294609,-0.00238832
69,94,1.01053,-0.0295998,-0.00231711
69,95,1.01046,-0.0296279,-0.00221558
69,96,1.01036,-0.029544,-0.00208547
69,97,1.01024,-0.0293473,-0.00192884
69,98,1.01009,-0.0290381,-0.00174807
69,99,1.00991,-0.0286174,-0.00154585
69,100,1.0097,-0.0280869,-0.00132508
69,101,1.00946,-0.0274493,-0.0010889
69,102,1.00919,-0.0267075,-0.000840589
69,103,1.0089,-0.0258649,-0.000583536
69,104,1.00858,-0.024925,-0.000321164
69,105,1.00823,-0.0238912,-5.68982e-05
69,106,1.00786,-0.0227665,0.000205906
69,107,1.00748,-0.0215533,0.000463968
69,108,1.00707,-0.0202538,0.000714123
69,109,1.00665,-0.01887,0.000953287
69,110,1.00621,-0.0174049,0.00117846
69,111,1.00576,-0.015863,0.00138663
69,112,1.00531,-0.0142528,0.0015748
69,113,1.00485,-0.0125883,0.00173989
69,114,1.00439,-0.0108918,0.00187878
69,115,1.00393,-0.00919611,0.00198842
69,116,1.00349,-0.00754767,0.00206598
69,117,1.00305,-0.00600906,0.00210916
69,118,1.00263,-0.00466147,0.00211655
69,119,1.00223,-0.00360577,0.00208789
69,120,1.00185,-0.00295897,0.0020241
69,121,1.00151,-0.00283813,0.00192655
69,122,1.00119,-0.00331594,0.00179451
69,123,1.0009,-0.00432117,0.00161962
69,124,1.00066,-0.00544909,0.00137675
69,125,1.00045,-0.00565365,0.00100719
69,126,1.00028,-0.0028549,0.000403743
69,127,1,-0.00343474,0
70,0,1,0,0
70,1,0.975254,0.000808104,-3.63073e-05
70,2,0.975439,0.000673667,3.13526e-05
70,3,0.975684,-0.000856753,0.000198159
70,4,0.975986,-0.00253873,0.000371685
70,5,0.976345,-0.00383977,0.000530536
70,6,0.976763,-0.0045846,0.000682822
70,7,0.977237,-0.00476491,0.000843265
70,8,0.977765,-0.00444308,0.00102458
70,9,0.978344,-0.0037058,0.00123471
70,10,0.97897,-0.00264262,0.00147713
70,11,0.979638,-0.00133625,0.00175229
70,12,0.980345,0.000141645,0.0020589
70,13,0.981086,0.00173191,0.00239487
70,14,0.981856,0.00338791,0.00275777
70,15,0.982652,0.0050745,0.00314514
70,16,0.983469,0.00676641,0.0035545
70,17,0.984301,0.00844627,0.00398347
70,18,0.985145,0.0101025,0.00442967
70,19,0.985997,0.0117276,0.00489076
70,20,0.986852,0.0133161,0.00536437
70,21,0.987706,0.0148639,0.00584812
70,22,0.988556,0.0163669,0.00633955
70,23,0.989398,0.0178206,0.00683612
70,24,0.990228,0.0192203,0.0073352
70,25,0.991043,0.0205605,0.00783404
70,26,0.991841,0.0218353,0.00832983
70,27,0.99262,0.0230387,0.00881965
70,28,0.993376,0.0241647,0.00930057
70,29,0.994108,0.0252072,0.00976959
70,30,0.994815,0.026161,0.0102238
70,31,0.995495,0.0270212,0.0106602
70,32,0.996147,0.0277834,0.0110761
70,33,0.99677,0.0284441,0.0114688
70,34,0.997365,0.0290007,0.0118357
70,35,0.997931,0.0294511,0.0121745
70,36,0.998469,0.029794,0.0124832
70,37,0.998978,0.0300291,0.0127599
70,38,0.999459,0.0301564,0.013003
70,39,0.999913,0.0301769,0.0132113
70,40,1.00034,0.030092,0.0133837
70,41,1.00074,0.0299035,0.0135195
70,42,1.00112,0.029614,0.0136183
70,43,1.00148,0.0292264,0.0136799
70,44,1.00182,0.0287437,0.0137044
70,45,1.00213,0.0281696,0.0136922
70,46,1.00243,0.0275078,0.0136439
70,47,1.00271,0.0267622,0.0135603
70,48,1.00298,0.025937,0.0134423
70,49,1.00323,0.0250365,0.0132912
70,50,1.00347,0.0240648,0.0131081
70,51,1.0037,0.0230264,0.0128945
70,52,1.00392,0.0219256,0.0126519
70,53,1.00413,0.0207667,0.0123818
70,54,1.00433,0.0195541,0.0120858
70,55,1.00453,0.0182918,0.0117656
70,56,1.00473,0.0169842,0.0114229
70,57,1.00492,0.0156352,0.0110593
70,58,1.0051,0.0142489,0.0106765
70,59,1.00529,0.0128291,0.0102761
70,60,1.00547,0.0113798,0.00986001
70,61,1.00566,0.0099045,0.00942972
70,62,1.00584,0.00840696,0.00898694
70,63,1.00603,0.00689071,0.00853334
70,64,1.00622,0.00535923,0.00807057
70,65,1.00641,0.00381595,0.00760029
70,66,1.0066,0.00226421,0.00712419
70,67,1.00679,0.000707333,0.00664393
70,68,1.00699,-0.000851391,0.00616121
70,69,1.00719,-0.0024087,0.00567776
70,70,1.0074,-0.00396133,0.00519532
70,71,1.00761,-0.00550602,0.00471565
70,72,1.00782,-0.00703946,0.00424057
70,73,1.00803,-0.0085583,0.00377192
70,74,1.00825,-0.0100591,0.00331155
70,75,1.00847,-0.0115384,0.00286138
70,76,1.00869,-0.0129926,0.00242331
70,77,1.00891,-0.014418,0.0019993
70,78,1.00913,-0.0158105,0.00159128
70,79,1.00935,-0.0171664,0.00120121
70,80,1.00957,-0.0184812,0.000830994
70,81,1.00979,-0.0197506,0.000482527
70,82,1.01,-0.0209701,0.000157631
70,83,1.0102,-0.0221348,-0.000141957
70,84,1.0104,-0.0232399,-0.000414603
70,85,1.01058,-0.0242803,-0.000658815
70,86,1.01076,-0.0252509,-0.000873261
70,87,1.01092,-0.0261464,-0.00105681
70,88,1.01106,-0.0269616,-0.00120855
70,89,1.01119,-0.0276913,-0.00132781
70,90,1.0113,-0.0283306,-0.00141422
70,91,1.01139,-0.0288746,-0.0014677
70,92,1.01146,-0.0293189,-0.00148847
70,93,1.0115,-0.0296593,-0.00147712
70,94,1.01152,-0.0298924,-0.00143456
70,95,1.01151,-0.0300152,-0.00136208
70,96,1.01147,-0.0300254,-0.00126128
70,97,1.01141,-0.0299215,-0.00113414
70,98,1.01132,-0.029703,-0.000982926
70,99,1.0112,-0.02937,-0.000810227
70,100,1.01105,-0.0289235,-0.000618872
70,101,1.01087,-0.0283652,-0.000411927
70,102,1.01066,-0.0276974,-0.000192604
70,103,1.01043,-0.026923,3.57495e-05
70,104,1.01017,-0.0260448,0.000269755
70,105,1.00988,-0.0250658,0.000506016
70,106,1.00957,-0.0239887,0.000741205
70,107,1.00924,-0.0228156,0.000972064
70,108,1.00889,-0.0215486,0.00119546
70,109,1.00852,-0.0201896,0.00140832
70,110,1.00814,-0.0187413,0.00160769
70,111,1.00774,-0.0172086,0.0017906
70,112,1.00734,-0.0155997,0.00195406
70,113,1.00693,-0.0139289,0.00209504
70,114,1.00652,-0.0122187,0.00221043
70,115,1.00612,-0.0105024,0.00229722
70,116,1.00571,-0.00882739,0.00235261
70,117,1.00532,-0.00725753,0.00237436
70,118,1.00494,-0.00587572,0.00236109
70,119,1.00458,-0.00478469,0.0023125
70,120,1.00424,-0.00410287,0.00222928
70,121,1.00392,-0.00394705,0.00211199
70,122,1.00364,-0.00438563,0.0019585
70,123,1.00338,-0.00533545,0.00175826
70,124,1.00315,-0.00636783,0.00148163
70,125,1.00296,-0.00640038,0.00106937
70,126,1.0028,-0.00332233,0.000430777
70,127,1,-0.00343474,0
71,0,1,0,0
71,1,0.973738,0.000693144,-6.15003e-06
71,2,0.973919,0.000391154,0.000128278
71,3,0.974153,-0.00117324,0.000337091
71,4,0.974445,-0.00284098,0.000544559
71,5,0.974794,-0.00412118,0.000733377
71,6,0.9752,-0.00485256,0.000912499
71,7,0.975663,-0.00502717,0.00109811
71,8,0.976179,-0.00470298,0.00130353
71,9,0.976747,-0.00396206,0.00153681
71,10,0.977363,-0.00289078,0.00180147
71,11,0.978022,-0.00157032,0.00209792
71,12,0.978722,-7.2065e-05,0.00242486
71,13,0.979457,0.00154441,0.00278018
71,14,0.980225,0.00323163,0.00316146
71,15,0.981019,0.00495353,0.00356625
71,16,0.981836,0.00668383,0.00399214
71,17,0.982672,0.00840423,0.00443676
71,18,0.983523,0.0101023,0.0048978
71,19,0.984383,0.0117694,0.00537295
71,20,0.985249,0.0133997,0.00585994
71,21,0.986116,0.014988,0.00635646
71,22,0.986982,0.0165298,0.00686013
71,23,0.987841,0.0180201,0.00736854
71,24,0.988691,0.0194536,0.00787914
71,25,0.989528,0.0208246,0.00838934
71,26,0.99035,0.0221271,0.00889643
71,27,0.991153,0.0233549,0.00939764
71,28,0.991935,0.0245019,0.00989014
71,29,0.992694,0.0255626,0.0103711
71,30,0.993429,0.0265316,0.0108376
71,31,0.994138,0.0274043,0.0112869
71,32,0.99482,0.0281768,0.0117163
71,33,0.995474,0.028846,0.0121231
71,34,0.9961,0.0294094,0.0125049
71,35,0.996698,0.0298656,0.0128593
71,36,0.997267,0.0302137,0.0131844
71,37,0.997807,0.0304534,0.0134783
71,38,0.998321,0.0305855,0.0137393
71,39,0.998807,0.0306111,0.0139661
71,40,0.999268,0.0305317,0.0141578
71,41,0.999704,0.0303498,0.0143134
71,42,1.00012,0.0300678,0.0144326
71,43,1.00051,0.0296887,0.014515
71,44,1.00087,0.029216,0.0145608
71,45,1.00122,0.028653,0.0145701
71,46,1.00155,0.0280037,0.0145435
71,47,1.00187,0.0272718,0.0144817
71,48,1.00217,0.0264615,0.0143855
71,49,1.00245,0.0255768,0.0142561
71,50,1.00272,0.0246219,0.0140946
71,51,1.00299,0.023601,0.0139023
71,52,1.00324,0.0225181,0.0136807
71,53,1.00348,0.0213774,0.0134311
71,54,1.00372,0.020183,0.0131551
71,55,1.00395,0.0189389,0.0128544
71,56,1.00417,0.0176489,0.0125304
71,57,1.0044,0.016317,0.0121848
71,58,1.00461,0.0149469,0.0118192
71,59,1.00483,0.0135423,0.0114352
71,60,1.00505,0.012107,0.0110345
71,61,1.00526,0.0106444,0.0106187
71,62,1.00548,0.00915799,0.0101893
71,63,1.0057,0.00765129,0.00974797
71,64,1.00591,0.00612765,0.00929635
71,65,1.00614,0.00459042,0.00883605
71,66,1.00636,0.00304292,0.00836867
71,67,1.00659,0.00148846,0.00789585
71,68,1.00682,-6.96816e-05,0.00741927
71,69,1.00705,-0.00162818,0.00694058
71,70,1.00729,-0.00318372,0.00646151
71,71,1.00753,-0.0047329,0.00598378
71,72,1.00778,-0.00627231,0.00550918
71,73,1.00803,-0.00779842,0.00503951
71,74,1.00828,-0.00930765,0.00457662
71,75,1.00854,-0.0107963,0.00412236
71,76,1.00879,-0.0122605,0.00367866
71,77,1.00905,-0.0136963,0.00324744
71,78,1.00932,-0.0150997,0.00283062
71,79,1.00958,-0.0164663,0.00243015
71,80,1.00984,-0.0177917,0.00204795
71,81,1.01009,-0.0190714,0.00168591
71,82,1.01034,-0.0203006,0.00134587
71,83,1.01059,-0.0214745,0.00102959
71,84,1.01083,-0.0225881,0.00073874
71,85,1.01106,-0.0236363,0.000474843
71,86,1.01128,-0.0246139,0.000239288
71,87,1.01148,-0.0255158,3.32646e-05
71,88,1.01167,-0.0263369,-0.000142239
71,89,1.01185,-0.0270721,-0.000286487
71,90,1.01201,-0.0277166,-0.000399002
71,91,1.01214,-0.0282658,-0.000479608
71,92,1.01226,-0.0287154,-0.000528431
71,93,1.01235,-0.0290616,-0.000545941
71,94,1.01242,-0.029301,-0.000532933
71,95,1.01246,-0.0294312,-0.00049057
71,96,1.01248,-0.0294499,-0.000420343
71,97,1.01247,-0.0293562,-0.000324104
71,98,1.01243,-0.0291495,-0.00020401
71,99,1.01236,-0.0288303,-6.25385e-05
71,100,1.01227,-0.0284,9.75837e-05
71,101,1.01215,-0.0278605,0.000273382
71,102,1.012,-0.0272146,0.000461727
71,103,1.01182,-0.0264651,0.000659345
71,104,1.01162,-0.0256154,0.000862923
71,105,1.0114,-0.0246686,0.00106912
71,106,1.01115,-0.0236273,0.00127465
71,107,1.01088,-0.0224941,0.00147633
71,108,1.01059,-0.0212707,0.00167104
71,109,1.01029,-0.0199589,0.0018558
71,110,1.00997,-0.0185612,0.00202769
71,111,1.00964,-0.0170817,0.00218379
71,112,1.00929,-0.0155282,0.00232119
71,113,1.00895,-0.0139138,0.0024369
71,114,1.00859,-0.0122599,0.00252789
71,115,1.00824,-0.010599,0.00259117
71,116,1.0079,-0.00897732,0.00262401
71,117,1.00755,-0.00745772,0.00262421
71,118,1.00722,-0.00612228,0.00259043
71,119,1.00691,-0.00507282,0.00252236
71,120,1.00661,-0.00442628,0.00242039
71,121,1.00633,-0.00429625,0.0022844
71,122,1.00607,-0.00474431,0.00211058
71,123,1.00584,-0.0056738,0.00188555
71,124,1.00564,-0.00663309,0.00157832
71,125,1.00547,-0.0065089,0.00112785
71,126,1.00533,-0.00316955,0.000438894
71,127,1,-0.00343474,0
72,0,1,0,0
72,1,0.972316,0.000531838,3.54341e-05
72,2,0.972484,7.71502e-05,0.000218845
72,3,0.972709,-0.00151872,0.000471401
72,4,0.972989,-0.00318292,0.000713056
72,5,0.973325,-0.00446608,0.000930427
72,6,0.973719,-0.00522084,0.00113602
72,7,0.974168,-0.00543936,0.0013467
72,8,0.974671,-0.00517458,0.00157612
72,9,0.975225,-0.0045029,0.00183254
72,10,0.975826,-0.00350623,0.00211947
72,11,0.976472,-0.00226261,0.00243729
72,12,0.977158,-0.000841374,0.00278467
72,13,0.977881,0.000699298,0.00315946
72,14,0.978637,0.00231303,0.00355927
72,15,0.97942,0.00396464,0.00398165
72,16,0.980229,0.00562875,0.0044242
72,17,0.981057,0.00728783,0.0048846
72,18,0.981901,0.00893021,0.00536056
72,19,0.982757,0.0105482,0.00584986
72,20,0.983621,0.0121362,0.00635024
72,21,0.984489,0.0136902,0.00685948
72,22,0.985357,0.0152058,0.00737529
72,23,0.986222,0.0166787,0.00789533
72,24,0.98708,0.0181039,0.0084172
72,25,0.987928,0.0194759,0.0089384
72,26,0.988763,0.0207889,0.00945635
72,27,0.989582,0.0220364,0.0099684
72,28,0.990384,0.0232124,0.0104719
72,29,0.991164,0.0243107,0.010964
72,30,0.991923,0.0253256,0.0114421
72,31,0.992658,0.0262518,0.0119035
72,32,0.993369,0.0270847,0.0123454
72,33,0.994053,0.0278204,0.0127655
72,34,0.994711,0.0284556,0.0131612
72,35,0.995342,0.028988,0.0135304
72,36,0.995946,0.0294156,0.0138709
72,37,0.996523,0.0297376,0.014181
72,38,0.997073,0.0299535,0.0144591
72,39,0.997598,0.0300637,0.0147038
72,40,0.998096,0.0300692,0.0149139
72,41,0.998571,0.0299714,0.0150888
72,42,0.999021,0.0297722,0.0152278
72,43,0.999449,0.0294741,0.0153307
72,44,0.999856,0.0290799,0.0153973
72,45,1.00024,0.0285927,0.0154279
72,46,1.00061,0.0280159,0.0154229
72,47,1.00096,0.0273532,0.0153829
72,48,1.0013,0.0266085,0.0153087
72,49,1.00162,0.0257857,0.0152012
72,50,1.00193,0.024889,0.0150616
72,51,1.00222,0.0239225,0.0148911
72,52,1.00251,0.0228905,0.0146909
72,53,1.00279,0.0217971,0.0144624
72,54,1.00305,0.0206466,0.0142072
72,55,1.00332,0.0194431,0.0139266
72,56,1.00358,0.0181907,0.0136223
72,57,1.00383,0.0168936,0.0132957
72,58,1.00408,0.0155556,0.0129483
72,59,1.00433,0.0141806,0.0125818
72,60,1.00457,0.0127725,0.0121976
72,61,1.00482,0.011335,0.0117974
72,62,1.00507,0.00987169,0.0113827
72,63,1.00532,0.0083861,0.010955
72,64,1.00557,0.00688171,0.0105159
72,65,1.00582,0.00536192,0.0100669
72,66,1.00607,0.00383004,0.00960965
72,67,1.00633,0.00228935,0.00914571
72,68,1.0066,0.000743078,0.00867669
72,69,1.00686,-0.000805571,0.00820422
72,70,1.00713,-0.00235342,0.00772997
72,71,1.00741,-0.00389727,0.00725564
72,72,1.00769,-0.00543393,0.00678296
72,73,1.00797,-0.00696015,0.00631369
72,74,1.00826,-0.00847262,0.00584966
72,75,1.00855,-0.00996797,0.0053927
72,76,1.00885,-0.0114427,0.00494468
72,77,1.00915,-0.0128932,0.00450751
72,78,1.00945,-0.0143156,0.0040831
72,79,1.00975,-0.0157061,0.00367337
72,80,1.01005,-0.0170605,0.00328024
72,81,1.01035,-0.0183745,0.0029056
72,82,1.01065,-0.0196435,0.00255129
72,83,1.01094,-0.0208629,0.00221909
72,84,1.01122,-0.0220276,0.00191069
72,85,1.0115,-0.0231325,0.00162765
72,86,1.01177,-0.0241725,0.0013714
72,87,1.01202,-0.025142,0.00114319
72,88,1.01227,-0.0260358,0.000944075
72,89,1.0125,-0.0268483,0.000774857
72,90,1.01271,-0.0275744,0.000636108
72,91,1.0129,-0.0282087,0.000528095
72,92,1.01307,-0.0287464,0.000450801
72,93,1.01322,-0.0291831,0.000403865
72,94,1.01335,-0.0295147,0.000386614
72,95,1.01345,-0.0297378,0.000398003
72,96,1.01353,-0.0298495,0.000436672
72,97,1.01358,-0.0298479,0.000500888
72,98,1.0136,-0.0297317,0.000588624
72,99,1.0136,-0.0295006,0.000697515
72,100,1.01357,-0.0291551,0.000824953
72,101,1.01351,-0.0286965,0.000968065
72,102,1.01342,-0.0281266,0.00112382
72,103,1.01331,-0.0274479,0.00128904
72,104,1.01317,-0.026663,0.00146047
72,105,1.013,-0.0257747,0.00163487
72,106,1.01281,-0.0247853,0.00180901
72,107,1.01261,-0.0236968,0.00197976
72,108,1.01238,-0.0225111,0.00214411
72,109,1.01213,-0.0212297,0.0022991
72,110,1.01186,-0.0198549,0.00244192
72,111,1.01159,-0.018391,0.00256971
72,112,1.0113,-0.0168454,0.00267966
72,113,1.01101,-0.0152314,0.00276882
72,114,1.01071,-0.0135708,0.00283427
72,115,1.01041,-0.0118963,0.00287306
72,116,1.01011,-0.0102549,0.00288255
72,117,1.00982,-0.00871095,0.0028606
72,118,1.00953,-0.00734793,0.00280595
72,119,1.00926,-0.00626925,0.00271824
72,120,1.009,-0.00559255,0.00259763
72,121,1.00875,-0.00542986,0.0024432
72,122,1.00853,-0.00583653,0.00224972
72,123,1.00833,-0.0067023,0.00200164
72,124,1.00816,-0.00755249,0.00166366
72,125,1.00801,-0.00724602,0.00117533
72,126,1.00788,-0.00364337,0.000460155
72,127,1,-0.00343474,0
73,0,1,0,0
73,1,0.971006,0.000402835,6.38192e-05
73,2,0.971169,-0.00018358,0.000310541
73,3,0.971381,-0.00179268,0.000601872
73,4,0.971648,-0.0034328,0.000875243
73,5,0.971972,-0.00469197,0.00112121
73,6,0.972351,-0.00543398,0.00135282
73,7,0.972785,-0.00564963,0.00158816
73,8,0.973272,-0.00538648,0.00184133
73,9,0.973809,-0.00471578,0.0021206
73,10,0.974395,-0.00371594,0.00242947
73,11,0.975026,-0.00246333,0.00276831
73,12,0.975698,-0.00102686,0.00313575
73,13,0.976407,0.000534907,0.00352964
73,14,0.977151,0.00217486,0.0039476
73,15,0.977925,0.00385695,0.0043872
73,16,0.978725,0.00555485,0.00484607
73,17,0.979547,0.00725015,0.00532192
73,18,0.980387,0.00893031,0.0058125
73,19,0.981242,0.0105867,0.00631562
73,20,0.982107,0.0122133,0.0068291
73,21,0.982978,0.0138048,0.00735076
73,22,0.983852,0.0153566,0.00787841
73,23,0.984724,0.0168636,0.00840981
73,24,0.985592,0.0183205,0.00894264
73,25,0.986452,0.0197213,0.00947452
73,26,0.987301,0.0210599,0.010003
73,27,0.988136,0.02233,0.0105256
73,28,0.988954,0.0235252,0.0110397
73,29,0.989754,0.0246396,0.0115427
73,30,0.990533,0.0256676,0.012032
73,31,0.99129,0.0266042,0.012505
73,32,0.992022,0.0274451,0.0129591
73,33,0.99273,0.0281868,0.013392
73,34,0.993413,0.0288263,0.0138012
73,35,0.994069,0.0293617,0.0141846
73,36,0.994699,0.0297917,0.0145402
73,37,0.995302,0.0301155,0.0148662
73,38,0.99588,0.0303333,0.0151608
73,39,0.996432,0.0304457,0.0154229
73,40,0.996959,0.030454,0.0156513
73,41,0.997462,0.0303599,0.0158451
73,42,0.997942,0.0301655,0.0160036
73,43,0.998399,0.0298735,0.0161266
73,44,0.998836,0.0294867,0.016214
73,45,0.999253,0.0290084,0.0162657
73,46,0.999652,0.028442,0.0162823
73,47,1.00003,0.0277912,0.0162641
73,48,1.0004,0.0270597,0.0162119
73,49,1.00075,0.0262514,0.0161266
73,50,1.00109,0.0253703,0.0160092
73,51,1.00142,0.0244203,0.0158607
73,52,1.00174,0.0234055,0.0156825
73,53,1.00204,0.0223299,0.0154757
73,54,1.00235,0.0211975,0.0152419
73,55,1.00264,0.0200121,0.0149822
73,56,1.00293,0.0187777,0.0146983
73,57,1.00321,0.0174982,0.0143916
73,58,1.0035,0.0161771,0.0140634
73,59,1.00378,0.0148183,0.0137154
73,60,1.00405,0.0134254,0.0133489
73,61,1.00433,0.0120018,0.0129655
73,62,1.00461,0.0105511,0.0125666
73,63,1.00489,0.00907665,0.0121537
73,64,1.00517,0.00758179,0.0117284
73,65,1.00546,0.00606985,0.0112921
73,66,1.00575,0.00454409,0.0108463
73,67,1.00604,0.00300775,0.0103926
73,68,1.00633,0.00146407,0.00993258
73,69,1.00664,-8.37249e-05,0.00946775
73,70,1.00694,-0.00163239,0.00899974
73,71,1.00725,-0.00317863,0.00853023
73,72,1.00757,-0.00471911,0.00806089
73,73,1.00789,-0.00625044,0.00759346
73,74,1.00822,-0.00776912,0.0071297
73,75,1.00855,-0.00927156,0.00667142
73,76,1.00888,-0.010754,0.00622046
73,77,1.00922,-0.0122127,0.00577869
73,78,1.00956,-0.0136436,0.005348
73,79,1.0099,-0.0150424,0.00493028
73,80,1.01025,-0.016405,0.00452744
73,81,1.01059,-0.0177267,0.00414135
73,82,1.01093,-0.0190029,0.00377386
73,83,1.01126,-0.0202287,0.00342674
73,84,1.01159,-0.0213991,0.00310169
73,85,1.01192,-0.022509,0.0028003
73,86,1.01223,-0.0235531,0.00252404
73,87,1.01253,-0.0245261,0.00227418
73,88,1.01282,-0.0254228,0.00205183
73,89,1.0131,-0.0262378,0.00185788
73,90,1.01336,-0.026966,0.00169295
73,91,1.0136,-0.0276024,0.00155741
73,92,1.01382,-0.0281426,0.00145134
73,93,1.01402,-0.028582,0.00137448
73,94,1.0142,-0.0289171,0.00132627
73,95,1.01436,-0.0291446,0.00130581
73,96,1.01449,-0.029262,0.00131184
73,97,1.01459,-0.0292675,0.00134279
73,98,1.01467,-0.0291603,0.00139674
73,99,1.01472,-0.0289402,0.00147147
73,100,1.01474,-0.028608,0.0015645
73,101,1.01474,-0.0281653,0.00167309
73,102,1.01471,-0.0276142,0.00179431
73,103,1.01466,-0.0269575,0.0019251
73,104,1.01458,-0.026198,0.00206233
73,105,1.01447,-0.0253387,0.00220282
73,106,1.01435,-0.0243821,0.00234347
73,107,1.0142,-0.0233305,0.00248122
73,108,1.01403,-0.0221855,0.00261315
73,109,1.01385,-0.0209487,0.00273643
73,110,1.01365,-0.0196221,0.00284832
73,111,1.01344,-0.0182094,0.00294608
73,112,1.01321,-0.0167175,0.003027
73,113,1.01298,-0.0151589,0.00308826
73,114,1.01274,-0.0135542,0.003127
73,115,1.0125,-0.0119352,0.00314041
73,116,1.01226,-0.010348,0.00312591
73,117,1.01202,-0.00885571,0.00308148
73,118,1.01179,-0.00754119,0.00300588
73,119,1.01156,-0.00650655,0.00289875
73,120,1.01134,-0.00586723,0.00275999
73,121,1.01114,-0.00573076,0.00258799
73,122,1.01095,-0.00614379,0.00237584
73,123,1.01078,-0.00698099,0.00210526
73,124,1.01063,-0.00774595,0.00173997
73,125,1.0105,-0.00727579,0.00121849
73,126,1.01041,-0.00343323,0.000461508
73,127,1,-0.00343474,0
74,0,1,0,0
74,1,0.969785,0.000302568,0.000103595
74,2,0.969933,-0.000399699,0.000394923
74,3,0.970135,-0.00201885,0.000726657
74,4,0.970389,-0.00364445,0.00103181
74,5,0.970698,-0.00490149,0.0013047
74,6,0.971061,-0.00566486,0.00156171
74,7,0.971478,-0.00592402,0.00182137
74,8,0.971948,-0.00572082,0.00209791
74,9,0.972468,-0.00512063,0.00239975
74,10,0.973035,-0.00419734,0.00273035
74,11,0.973647,-0.00302423,0.00309004
74,12,0.9743,-0.00166823,0.00347742
74,13,0.974991,-0.000186529,0.00389035
74,14,0.975716,0.00137479,0.00432644
74,15,0.976472,0.00298059,0.00478327
74,16,0.977256,0.00460543,0.00525848
74,17,0.978062,0.00623171,0.00574982
74,18,0.978888,0.00784771,0.00625507
74,19,0.97973,0.00944565,0.00677206
74,20,0.980584,0.0110201,0.00729867
74,21,0.981446,0.0125667,0.00783277
74,22,0.982313,0.0140813,0.00837225
74,23,0.983182,0.0155594,0.00891492
74,24,0.984048,0.0169962,0.00945859
74,25,0.984909,0.0183861,0.010001
74,26,0.985761,0.0197232,0.0105398
74,27,0.986603,0.021001,0.0110725
74,28,0.98743,0.0222133,0.0115968
74,29,0.988242,0.0233537,0.0121102
74,30,0.989036,0.0244165,0.0126102
74,31,0.989809,0.0253959,0.0130942
74,32,0.990562,0.0262871,0.0135599
74,33,0.991292,0.0270859,0.0140049
74,34,0.991999,0.0277884,0.0144269
74,35,0.992681,0.028392,0.0148238
74,36,0.993339,0.0288942,0.0151937
74,37,0.993972,0.0292938,0.0155347
74,38,0.994581,0.0295898,0.0158454
74,39,0.995165,0.0297821,0.0161242
74,40,0.995725,0.029871,0.0163701
74,41,0.996261,0.0298577,0.0165822
74,42,0.996775,0.0297436,0.0167599
74,43,0.997268,0.0295306,0.0169026
74,44,0.997739,0.0292212,0.0170103
74,45,0.998191,0.028818,0.017083
74,46,0.998625,0.0283242,0.017121
74,47,0.999041,0.0277431,0.0171246
74,48,0.999442,0.0270782,0.0170945
74,49,0.999828,0.0263333,0.0170315
74,50,1.0002,0.0255123,0.0169365
74,51,1.00056,0.0246191,0.0168105
74,52,1.00091,0.0236577,0.0166547
74,53,1.00125,0.0226322,0.0164702
74,54,1.00159,0.0215468,0.0162583
74,55,1.00192,0.0204054,0.0160204
74,56,1.00224,0.0192122,0.0157577
74,57,1.00255,0.0179711,0.0154717
74,58,1.00287,0.0166859,0.0151637
74,59,1.00318,0.0153606,0.0148351
74,60,1.00349,0.013999,0.0144874
74,61,1.0038,0.0126046,0.0141219
74,62,1.00411,0.0111811,0.01374
74,63,1.00442,0.00973206,0.0133432
74,64,1.00474,0.00826081,0.012933
74,65,1.00505,0.00677074,0.0125106
74,66,1.00537,0.00526513,0.0120777
74,67,1.0057,0.00374718,0.0116357
74,68,1.00603,0.00222007,0.011186
74,69,1.00636,0.000686912,0.0107302
74,70,1.0067,-0.000849182,0.0102699
74,71,1.00705,-0.00238512,0.0098066
74,72,1.0074,-0.00391781,0.00934205
74,73,1.00776,-0.0054441,0.00887787
74,74,1.00812,-0.00696081,0.0084158
74,75,1.00849,-0.00846467,0.00795759
74,76,1.00887,-0.0099523,0.00750505
74,77,1.00924,-0.0114202,0.00705999
74,78,1.00963,-0.0128648,0.00662428
74,79,1.01001,-0.0142821,0.00619978
74,80,1.01039,-0.0156682,0.00578837
74,81,1.01078,-0.0170188,0.0053919
74,82,1.01117,-0.0183294,0.0050122
74,83,1.01155,-0.0195953,0.00465104
74,84,1.01193,-0.0208116,0.00431014
74,85,1.0123,-0.0219732,0.00399108
74,86,1.01266,-0.0230746,0.00369535
74,87,1.01302,-0.0241104,0.00342428
74,88,1.01336,-0.0250751,0.00317902
74,89,1.01369,-0.0259629,0.00296049
74,90,1.01401,-0.0267684,0.00276942
74,91,1.0143,-0.0274861,0.00260625
74,92,1.01458,-0.0281106,0.00247114
74,93,1.01484,-0.0286372,0.00236396
74,94,1.01508,-0.0290613,0.00228426
74,95,1.0153,-0.029379,0.00223124
74,96,1.01549,-0.0295871,0.00220381
74,97,1.01565,-0.0296829,0.0022005
74,98,1.01579,-0.0296648,0.00221956
74,99,1.0159,-0.0295319,0.0022589
74,100,1.01599,-0.0292841,0.00231618
74,101,1.01605,-0.0289223,0.00238878
74,102,1.01608,-0.028448,0.00247394
74,103,1.01609,-0.0278632,0.0025687
74,104,1.01607,-0.0271703,0.00267005
74,105,1.01603,-0.0263717,0.00277493
74,106,1.01596,-0.0254696,0.00288035
74,107,1.01588,-0.0244661,0.00298336
74,108,1.01577,-0.0233625,0.00308116
74,109,1.01564,-0.0221603,0.00317101
74,110,1.0155,-0.0208613,0.00325032
74,111,1.01534,-0.0194691,0.00331648
74,112,1.01517,-0.0179905,0.00336688
74,113,1.015,-0.016438,0.00339883
74,114,1.01481,-0.0148323,0.00340961
74,115,1.01462,-0.0132056,0.00339651
74,116,1.01443,-0.0116047,0.00335707
74,117,1.01424,-0.0100941,0.00328936
74,118,1.01405,-0.00875789,0.00319224
74,119,1.01387,-0.00769951,0.00306532
74,120,1.01369,-0.0070344,0.00290828
74,121,1.01353,-0.00686721,0.00271873
74,122,1.01338,-0.00723659,0.00248842
74,123,1.01324,-0.00800215,0.00219703
74,124,1.01312,-0.00864616,0.00180435
74,125,1.01301,-0.00798806,0.00125062
74,126,1.01292,-0.00390709,0.000477045
74,127,1,-0.00343474,0
75,0,1,0,0
75,1,0.968671,0.0001595,0.00012942
75,2,0.968813,-0.000638459,0.000479827
75,3,0.969002,-0.00225141,0.00084666
75,4,0.969242,-0.00384432,0.00118092
75,5,0.969536,-0.00507489,0.00148066
75,6,0.969884,-0.00582628,0.00176244
75,7,0.970283,-0.00608501,0.00204581
75,8,0.970734,-0.00588676,0.0023453
75,9,0.971235,-0.00529135,0.00266923
75,10,0.971782,-0.00436899,0.00302104
75,11,0.972374,-0.00319116,0.00340103
75,12,0.973008,-0.0018243,0.0038078
75,13,0.97368,-0.000325906,0.00423921
75,14,0.974387,0.00125728,0.00469288
75,15,0.975127,0.00288931,0.0051664
75,16,0.975895,0.00454386,0.00565747
75,17,0.976688,0.00620251,0.00616384
75,18,0.977502,0.0078527,0.00668331
75,19,0.978334,0.00948584,0.00721376
75,20,0.979181,0.0110957,0.00775312
75,21,0.980037,0.0126772,0.00829931
75,22,0.980901,0.0142255,0.00885027
75,23,0.981768,0.0157356,0.00940392
75,24,0.982635,0.017202,0.00995814
75,25,0.983499,0.0186187,0.0105108
75,26,0.984356,0.0199796,0.0110596
75,27,0.985204,0.021278,0.0116023
75,28,0.98604,0.0225076,0.0121366
75,29,0.986862,0.0236621,0.0126601
75,30,0.987668,0.0247357,0.0131705
75,31,0.988455,0.0257231,0.0136653
75,32,0.989222,0.0266198,0.0141423
75,33,0.989968,0.0274217,0.0145992
75,34,0.990691,0.0281256,0.0150337
75,35,0.991392,0.0287291,0.0154439
75,36,0.992069,0.0292304,0.0158278
75,37,0.992723,0.0296284,0.0161837
75,38,0.993352,0.0299228,0.0165099
75,39,0.993958,0.0301136,0.0168053
75,40,0.994541,0.0302018,0.0170685
75,41,0.995102,0.0301886,0.0172987
75,42,0.99564,0.0300757,0.0174953
75,43,0.996158,0.0298654,0.0176576
75,44,0.996655,0.0295601,0.0177856
75,45,0.997134,0.0291628,0.0178792
75,46,0.997594,0.0286764,0.0179386
75,47,0.998039,0.0281044,0.0179641
75,48,0.998468,0.0274502,0.0179562
75,49,0.998882,0.0267175,0.0179157
75,50,0.999285,0.0259099,0.0178435
75,51,0.999675,0.0250315,0.0177403
75,52,1.00006,0.0240858,0.0176073
75,53,1.00043,0.023077,0.0174456
75,54,1.00079,0.0220087,0.0172563
75,55,1.00115,0.0208848,0.0170407
75,56,1.0015,0.0197091,0.0168
75,57,1.00185,0.0184855,0.0165355
75,58,1.00219,0.0172174,0.0162486
75,59,1.00254,0.0159087,0.0159405
75,60,1.00288,0.0145627,0.0156125
75,61,1.00322,0.0131831,0.015266
75,62,1.00356,0.0117733,0.0149023
75,63,1.00391,0.0103365,0.0145228
75,64,1.00425,0.00887611,0.0141289
75,65,1.00461,0.00739536,0.0137218
75,66,1.00496,0.00589745,0.013303
75,67,1.00532,0.00438555,0.0128739
75,68,1.00568,0.00286281,0.0124359
75,69,1.00606,0.00133238,0.0119905
75,70,1.00643,-0.000202579,0.0115393
75,71,1.00682,-0.00173889,0.0110837
75,72,1.0072,-0.00327331,0.0106253
75,73,1.0076,-0.00480255,0.0101658
75,74,1.008,-0.00632324,0.0097068
75,75,1.00841,-0.00783188,0.00925006
75,76,1.00883,-0.00932489,0.00879731
75,77,1.00925,-0.0107985,0.00835034
75,78,1.00967,-0.0122489,0.00791096
75,79,1.0101,-0.0136719,0.00748099
75,80,1.01053,-0.0150633,0.00706229
75,81,1.01096,-0.0164187,0.00665666
75,82,1.01139,-0.0177334,0.00626593
75,83,1.01182,-0.0190027,0.00589184
75,84,1.01224,-0.0202214,0.0055361
75,85,1.01266,-0.0213845,0.0052003
75,86,1.01307,-0.0224865,0.00488594
75,87,1.01347,-0.0235222,0.00459436
75,88,1.01387,-0.0244861,0.00432675
75,89,1.01424,-0.0253727,0.00408408
75,90,1.01461,-0.0261765,0.00386713
75,91,1.01496,-0.0268925,0.00367641
75,92,1.01529,-0.0275156,0.00351219
75,93,1.0156,-0.0280411,0.0033744
75,94,1.01589,-0.0284649,0.00326273
75,95,1.01615,-0.0287833,0.0031765
75,96,1.0164,-0.0289933,0.00311474
75,97,1.01661,-0.0290926,0.00307613
75,98,1.01681,-0.0290798,0.00305907
75,99,1.01698,-0.0289542,0.00306162
75,100,1.01712,-0.028716,0.00308159
75,101,1.01723,-0.0283665,0.00311653
75,102,1.01732,-0.0279072,0.00316381
75,103,1.01739,-0.0273407,0.00322061
75,104,1.01743,-0.0266694,0.0032841
75,105,1.01745,-0.025896,0.00335132
75,106,1.01744,-0.0250231,0.00341945
75,107,1.01742,-0.0240526,0.00348565
75,108,1.01737,-0.0229861,0.00354727
75,109,1.01731,-0.0218249,0.00360171
75,110,1.01723,-0.0205708,0.00364653
75,111,1.01713,-0.0192269,0.00367926
75,112,1.01702,-0.0177994,0.00369747
75,113,1.01691,-0.0163,0.00369861
75,114,1.01678,-0.0147485,0.00368013
75,115,1.01665,-0.0131763,0.00363944
75,116,1.01651,-0.0116291,0.00357423
75,117,1.01638,-0.0101704,0.00348269
75,118,1.01624,-0.00888361,0.00336376
75,119,1.01611,-0.00787055,0.00321703
75,120,1.01598,-0.00724386,0.00304197
75,121,1.01585,-0.00710246,0.00283551
75,122,1.01574,-0.00747461,0.00258781
75,123,1.01563,-0.00820364,0.00227605
75,124,1.01553,-0.00875209,0.00185956
75,125,1.01545,-0.00792792,0.00127837
75,126,1.01539,-0.00363623,0.000471938
75,127,1,-0.00343474,0
76,0,1,0,0
76,1,0.967639,0.000122373,0.000166836
76,2,0.967765,-0.000755214,0.00055674
76,3,0.967942,-0.00235842,0.000960294
76,4,0.96817,-0.00392713,0.00132365
76,5,0.968448,-0.00515106,0.00164836
76,6,0.968778,-0.0059217,0.00195412
76,7,0.969159,-0.00622287,0.00226066
76,8,0.969591,-0.00608406,0.00258251
76,9,0.970071,-0.00555915,0.00292802
76,10,0.970597,-0.00471387,0.0033006
76,11,0.971168,-0.00361672,0.00370051
76,12,0.971779,-0.00233225,0.00412633
76,13,0.972429,-0.000916652,0.00457592
76,14,0.973113,0.00058432,0.00504693
76,15,0.97383,0.00213559,0.00553698
76,16,0.974576,0.00371171,0.00604376
76,17,0.975348,0.00529508,0.00656504
76,18,0.976141,0.00687399,0.00709866
76,19,0.976954,0.00844066,0.00764253
76,20,0.977782,0.00998967,0.0081946
76,21,0.978622,0.0115167,0.00875283
76,22,0.979472,0.0130176,0.00931524
76,23,0.980326,0.0144881,0.00987981
76,24,0.981183,0.0159231,0.0104445
76,25,0.982039,0.0173173,0.0110072
76,26,0.982891,0.0186646,0.0115659
76,27,0.983736,0.0199587,0.0121184
76,28,0.984572,0.0211932,0.0126624
76,29,0.985397,0.0223618,0.0131957
76,30,0.986208,0.0234584,0.0137161
76,31,0.987003,0.0244772,0.0142213
76,32,0.987781,0.0254132,0.0147091
76,33,0.988541,0.0262617,0.0151774
76,34,0.989281,0.0270188,0.0156239
76,35,0.989999,0.0276812,0.0160467
76,36,0.990697,0.0282463,0.0164441
76,37,0.991373,0.0287123,0.0168142
76,38,0.992026,0.0290778,0.0171556
76,39,0.992658,0.0293423,0.0174669
76,40,0.993268,0.0295057,0.0177469
76,41,0.993856,0.0295685,0.0179948
76,42,0.994423,0.029532,0.0182098
76,43,0.994971,0.0293974,0.0183915
76,44,0.995498,0.0291669,0.0185395
76,45,0.996008,0.0288428,0.0186538
76,46,0.9965,0.0284278,0.0187344
76,47,0.996975,0.0279248,0.0187818
76,48,0.997435,0.0273372,0.0187962
76,49,0.997882,0.0266682,0.0187784
76,50,0.998315,0.0259217,0.0187291
76,51,0.998737,0.0251012,0.0186491
76,52,0.999149,0.0242106,0.0185394
76,53,0.999552,0.0232539,0.0184009
76,54,0.999947,0.0222349,0.0182348
76,55,1.00034,0.0211576,0.0180422
76,56,1.00072,0.0200258,0.0178243
76,57,1.0011,0.0188436,0.0175822
76,58,1.00148,0.0176146,0.0173172
76,59,1.00185,0.0163427,0.0170304
76,60,1.00222,0.0150316,0.0167232
76,61,1.0026,0.0136848,0.0163968
76,62,1.00297,0.012306,0.0160525
76,63,1.00335,0.0108985,0.0156914
76,64,1.00373,0.00946573,0.0153149
76,65,1.00411,0.00801099,0.0149244
76,66,1.0045,0.00653747,0.014521
76,67,1.0049,0.00504833,0.0141062
76,68,1.0053,0.00354664,0.0136813
76,69,1.0057,0.00203545,0.0132477
76,70,1.00612,0.000517771,0.0128069
76,71,1.00654,-0.00100341,0.0123604
76,72,1.00696,-0.0025251,0.0119096
76,73,1.0074,-0.00404428,0.0114562
76,74,1.00784,-0.00555786,0.0110017
76,75,1.00829,-0.00706271,0.0105478
76,76,1.00874,-0.00855559,0.0100962
76,77,1.0092,-0.0100331,0.00964865
76,78,1.00967,-0.0114917,0.0092069
76,79,1.01014,-0.0129277,0.00877271
76,80,1.01061,-0.0143372,0.00834791
76,81,1.01109,-0.0157159,0.00793426
76,82,1.01156,-0.0170596,0.00753355
76,83,1.01204,-0.0183634,0.0071475
76,84,1.01251,-0.0196226,0.0067778
76,85,1.01298,-0.0208319,0.00642604
76,86,1.01344,-0.0219859,0.00609372
76,87,1.0139,-0.0230792,0.0057822
76,88,1.01435,-0.0241059,0.00549268
76,89,1.01478,-0.0250603,0.00522618
76,90,1.0152,-0.0259365,0.00498354
76,91,1.01561,-0.026729,0.00476533
76,92,1.01599,-0.027432,0.00457189
76,93,1.01636,-0.0280404,0.00440327
76,94,1.01671,-0.0285492,0.00425926
76,95,1.01704,-0.0289542,0.00413929
76,96,1.01734,-0.0292515,0.00404254
76,97,1.01762,-0.0294382,0.00396783
76,98,1.01788,-0.0295119,0.00391372
76,99,1.01811,-0.0294713,0.00387841
76,100,1.01831,-0.029316,0.00385989
76,101,1.01849,-0.0290462,0.00385586
76,102,1.01864,-0.028663,0.00386387
76,103,1.01877,-0.0281682,0.00388125
76,104,1.01887,-0.0275638,0.00390532
76,105,1.01894,-0.0268521,0.0039333
76,106,1.019,-0.0260351,0.00396249
76,107,1.01903,-0.0251146,0.00399023
76,108,1.01904,-0.0240919,0.00401402
76,109,1.01903,-0.0229682,0.00403141
76,110,1.01901,-0.021745,0.00404013
76,111,1.01897,-0.0204253,0.00403788
76,112,1.01892,-0.0190152,0.0040224
76,113,1.01885,-0.0175265,0.00399132
76,114,1.01878,-0.0159788,0.00394226
76,115,1.0187,-0.0144039,0.00387278
76,116,1.01861,-0.0128482,0.00378075
76,117,1.01852,-0.0113764,0.00366444
76,118,1.01843,-0.0100731,0.00352294
76,119,1.01834,-0.0090412,0.00335584
76,120,1.01825,-0.00839262,0.00316237
76,121,1.01816,-0.00822223,0.00293875
76,122,1.01808,-0.00854865,0.00267396
76,123,1.01801,-0.0091991,0.00234341
76,124,1.01794,-0.00961727,0.00190303
76,125,1.01788,-0.00860448,0.00129566
76,126,1.01783,-0.00410614,0.000482257
76,127,1,-0.00343474,0
77,0,1,0,0
77,1,0.966705,-3.602e-05,0.000189566
77,2,0.966827,-0.000974405,0.000633838
77,3,0.966991,-0.00255372,0.00106857
77,4,0.967204,-0.00408245,0.00145821
77,5,0.967467,-0.00527816,0.00180776
77,6,0.967781,-0.00603772,0.00213676
77,7,0.968143,-0.00634057,0.00246574
77,8,0.968555,-0.00620942,0.00280937
77,9,0.969014,-0.00569235,0.00317585
77,10,0.969519,-0.0048513,0.00356852
77,11,0.970067,-0.00375293,0.00398763
77,12,0.970656,-0.00246122,0.00443176
77,13,0.971283,-0.00103261,0.00489882
77,14,0.971946,0.000486546,0.00538645
77,15,0.972642,0.00206044,0.00589231
77,16,0.973368,0.00366282,0.00641413
77,17,0.97412,0.00527531,0.00694968
77,18,0.974896,0.00688539,0.00749685
77,19,0.975693,0.00848452,0.00805356
77,20,0.976507,0.0100665,0.00861781
77,21,0.977335,0.0116262,0.00918761
77,22,0.978173,0.0131589,0.00976102
77,23,0.979019,0.0146594,0.0103361
77,24,0.979869,0.0161224,0.0109109
77,25,0.980719,0.0175419,0.0114834
77,26,0.981568,0.0189115,0.0120517
77,27,0.982413,0.0202246,0.0126136
77,28,0.983249,0.0214748,0.0131671
77,29,0.984076,0.0226556,0.0137101
77,30,0.984891,0.0237611,0.0142404
77,31,0.985692,0.0247858,0.0147558
77,32,0.986477,0.0257247,0.0152542
77,33,0.987244,0.0265736,0.0157336
77,34,0.987993,0.0273291,0.016192
77,35,0.988723,0.0279882,0.0166274
77,36,0.989433,0.0285488,0.0170381
77,37,0.990122,0.0290095,0.0174223
77,38,0.99079,0.0293695,0.0177787
77,39,0.991437,0.0296285,0.0181058
77,40,0.992064,0.029787,0.0184026
77,41,0.99267,0.0298458,0.0186681
77,42,0.993256,0.0298063,0.0189015
77,43,0.993823,0.0296702,0.0191024
77,44,0.994372,0.0294398,0.0192704
77,45,0.994903,0.0291175,0.0194054
77,46,0.995417,0.028706,0.0195075
77,47,0.995916,0.0282084,0.0195768
77,48,0.996401,0.027628,0.0196137
77,49,0.996873,0.026968,0.0196189
77,50,0.997332,0.026232,0.0195928
77,51,0.997781,0.0254236,0.0195363
77,52,0.99822,0.0245464,0.0194503
77,53,0.99865,0.0236041,0.0193356
77,54,0.999074,0.0226004,0.0191933
77,55,0.999491,0.021539,0.0190244
77,56,0.999904,0.0204237,0.0188299
77,57,1.00031,0.0192579,0.018611
77,58,1.00072,0.0180454,0.0183687
77,59,1.00112,0.0167897,0.0181043
77,60,1.00153,0.0154942,0.0178189
77,61,1.00194,0.0141623,0.0175136
77,62,1.00234,0.0127974,0.0171896
77,63,1.00275,0.0114028,0.0168482
77,64,1.00317,0.00998173,0.0164904
77,65,1.00358,0.00853728,0.0161175
77,66,1.00401,0.0070726,0.0157308
77,67,1.00444,0.00559079,0.0153316
77,68,1.00487,0.00409491,0.0149211
77,69,1.00532,0.002588,0.0145006
77,70,1.00577,0.00107314,0.0140716
77,71,1.00622,-0.000446608,0.0136355
77,72,1.00669,-0.00196811,0.0131937
77,73,1.00716,-0.00348819,0.0127477
77,74,1.00765,-0.00500358,0.0122991
77,75,1.00814,-0.00651092,0.0118494
77,76,1.00863,-0.00800673,0.0114004
77,77,1.00914,-0.00948737,0.0109536
77,78,1.00965,-0.0109491,0.0105108
77,79,1.01016,-0.0123879,0.0100737
77,80,1.01068,-0.0137996,0.00964414
77,81,1.0112,-0.0151799,0.00922374
77,82,1.01173,-0.0165242,0.00881427
77,83,1.01225,-0.0178277,0.00841744
77,84,1.01277,-0.0190855,0.0080349
77,85,1.01329,-0.0202923,0.00766821
77,86,1.0138,-0.0214429,0.00731888
77,87,1.01431,-0.0225317,0.00698824
77,88,1.0148,-0.0235532,0.00667754
77,89,1.01529,-0.0245017,0.00638781
77,90,1.01576,-0.0253718,0.00611992
77,91,1.01621,-0.0261579,0.00587449
77,92,1.01665,-0.0268547,0.00565196
77,93,1.01707,-0.0274574,0.00545245
77,94,1.01747,-0.0279612,0.00527584
77,95,1.01785,-0.0283622,0.0051217
77,96,1.01821,-0.0286568,0.00498934
77,97,1.01854,-0.0288423,0.00487772
77,98,1.01885,-0.0289168,0.00478555
77,99,1.01913,-0.0288791,0.0047112
77,100,1.01939,-0.0287289,0.00465285
77,101,1.01962,-0.028467,0.00460837
77,102,1.01983,-0.0280945,0.00457548
77,103,1.02001,-0.0276135,0.0045517
77,104,1.02017,-0.0270264,0.00453454
77,105,1.0203,-0.0263355,0.00452137
77,106,1.02041,-0.0255431,0.0045097
77,107,1.0205,-0.0246513,0.00449702
77,108,1.02057,-0.0236614,0.00448103
77,109,1.02063,-0.0225746,0.00445944
77,110,1.02066,-0.0213922,0.00443019
77,111,1.02068,-0.0201171,0.00439117
77,112,1.02069,-0.0187547,0.00434032
77,113,1.02068,-0.0173159,0.00427549
77,114,1.02066,-0.01582,0.00419448
77,115,1.02064,-0.0142975,0.00409505
77,116,1.0206,-0.012794,0.00397523
77,117,1.02056,-0.0113735,0.00383347
77,118,1.02052,-0.0101194,0.00366893
77,119,1.02047,-0.0091331,0.00348122
77,120,1.02043,-0.00852307,0.00326935
77,121,1.02038,-0.0083774,0.00302897
77,122,1.02033,-0.00870291,0.00274761
77,123,1.02029,-0.00930979,0.0023985
77,124,1.02025,-0.00962466,0.00193787
77,125,1.02021,-0.00844812,0.00130899
77,126,1.02019,-0.00377367,0.000471462
77,127,1,-0.00343474,0
78,0,1,0,0
78,1,0.965846,-8.96462e-06,0.000224262
78,2,0.965951,-0.000992551,0.000702498
78,3,0.966105,-0.00254435,0.00117011
78,4,0.966304,-0.00404059,0.00158602
78,5,0.966551,-0.00522582,0.00195843
78,6,0.966847,-0.00600249,0.00230976
78,7,0.967191,-0.00634615,0.0026605
78,8,0.967583,-0.00627303,0.00302515
78,9,0.968021,-0.00582527,0.0034119
78,10,0.968503,-0.00506054,0.00382403
78,11,0.969028,-0.00404265,0.00426174
78,12,0.969593,-0.00283381,0.00472365
78,13,0.970196,-0.00148925,0.00520768
78,14,0.970834,-5.43589e-05,0.0057115
78,15,0.971504,0.00143587,0.00623279
78,16,0.972205,0.00295603,0.00676931
78,17,0.972932,0.00448856,0.00731886
78,18,0.973683,0.00602177,0.00787933
78,19,0.974456,0.00754795,0.00844868
78,20,0.975247,0.00906169,0.00902493
78,21,0.976053,0.0105587,0.00960615
78,22,0.976871,0.012035,0.0101904
78,23,0.977697,0.0134862,0.0107759
78,24,0.97853,0.0149075,0.0113607
78,25,0.979366,0.0162935,0.0119429
78,26,0.980202,0.0176381,0.0125205
78,27,0.981036,0.0189353,0.0130918
78,28,0.981865,0.0201785,0.0136545
78,29,0.982687,0.0213615,0.0142068
78,30,0.983499,0.0224781,0.0147466
78,31,0.984299,0.0235224,0.0152719
78,32,0.985087,0.0244892,0.0157807
78,33,0.98586,0.0253737,0.0162709
78,34,0.986617,0.0261716,0.0167407
78,35,0.987357,0.0268796,0.0171882
78,36,0.988079,0.0274946,0.0176117
78,37,0.988783,0.0280145,0.0180096
78,38,0.989467,0.0284375,0.0183805
78,39,0.990133,0.0287628,0.018723
78,40,0.99078,0.0289898,0.0190361
78,41,0.991407,0.0291188,0.0193188
78,42,0.992016,0.0291504,0.0195704
78,43,0.992607,0.0290856,0.0197902
78,44,0.993181,0.0289262,0.0199781
78,45,0.993738,0.028674,0.0201336
78,46,0.994278,0.0283314,0.020257
78,47,0.994804,0.027901,0.0203483
78,48,0.995316,0.0273857,0.0204078
78,49,0.995816,0.0267888,0.0204361
78,50,0.996303,0.0261134,0.0204335
78,51,0.99678,0.0253631,0.0204009
78,52,0.997248,0.0245416,0.020339
78,53,0.997707,0.0236524,0.0202486
78,54,0.99816,0.0226993,0.0201306
78,55,0.998607,0.0216861,0.019986
78,56,0.999049,0.0206166,0.0198157
78,57,0.999489,0.0194945,0.0196207
78,58,0.999926,0.0183234,0.0194021
78,59,1.00036,0.0171072,0.0191609
78,60,1.0008,0.0158493,0.0188982
78,61,1.00123,0.0145533,0.0186151
78,62,1.00167,0.0132226,0.0183126
78,63,1.00212,0.0118607,0.0179918
78,64,1.00256,0.0104707,0.0176539
78,65,1.00302,0.00905591,0.0172999
78,66,1.00347,0.00761945,0.0169312
78,67,1.00394,0.00616436,0.0165488
78,68,1.00441,0.00469365,0.0161539
78,69,1.00489,0.00321024,0.0157479
78,70,1.00537,0.00171705,0.0153321
78,71,1.00587,0.00021696,0.0149078
78,72,1.00637,-0.00128714,0.0144763
78,73,1.00689,-0.00279236,0.0140391
78,74,1.00741,-0.00429573,0.0135978
78,75,1.00794,-0.00579424,0.0131538
78,76,1.00848,-0.00728477,0.0127086
78,77,1.00902,-0.00876406,0.012264
78,78,1.00958,-0.0102287,0.0118215
78,79,1.01014,-0.0116751,0.0113828
78,80,1.0107,-0.0130993,0.0109496
78,81,1.01127,-0.0144975,0.0105236
78,82,1.01184,-0.0158651,0.0101065
78,83,1.01241,-0.0171976,0.00969988
78,84,1.01299,-0.0184902,0.00930543
78,85,1.01355,-0.0197376,0.00892467
78,86,1.01412,-0.0209345,0.00855908
78,87,1.01468,-0.0220752,0.00820999
78,88,1.01523,-0.023154,0.00787865
78,89,1.01577,-0.0241648,0.00756611
78,90,1.01629,-0.0251018,0.00727329
78,91,1.01681,-0.025959,0.00700084
78,92,1.0173,-0.0267306,0.00674928
78,93,1.01778,-0.0274111,0.0065188
78,94,1.01824,-0.0279951,0.00630939
78,95,1.01868,-0.028478,0.00612074
78,96,1.0191,-0.0288557,0.00595228
78,97,1.01949,-0.0291245,0.00580312
78,98,1.01986,-0.0292819,0.00567215
78,99,1.0202,-0.029326,0.0055579
78,100,1.02052,-0.0292557,0.00545874
78,101,1.02081,-0.0290712,0.0053727
78,102,1.02108,-0.0287729,0.00529772
78,103,1.02132,-0.0283623,0.0052315
78,104,1.02154,-0.0278412,0.00517175
78,105,1.02173,-0.0272116,0.00511603
78,106,1.0219,-0.0264754,0.00506205
78,107,1.02205,-0.0256342,0.00500747
78,108,1.02217,-0.0246894,0.00495019
78,109,1.02228,-0.0236417,0.00488814
78,110,1.02236,-0.0224925,0.00481945
78,111,1.02244,-0.0212442,0.00474221
78,112,1.02249,-0.0199024,0.00465461
78,113,1.02253,-0.0184779,0.00455467
78,114,1.02256,-0.0169897,0.00444045
78,115,1.02258,-0.0154687,0.00430988
78,116,1.0226,-0.0139612,0.00416119
78,117,1.0226,-0.0125322,0.00399298
78,118,1.0226,-0.0112663,0.00380453
78,119,1.02259,-0.0102655,0.00359545
78,120,1.02258,-0.00963714,0.00336459
78,121,1.02257,-0.00946421,0.00310694
78,122,1.02256,-0.00974247,0.00280905
78,123,1.02254,-0.0102655,0.00244285
78,124,1.02253,-0.0104441,0.00196179
78,125,1.02252,-0.00908327,0.00131291
78,126,1.0225,-0.00423823,0.000477424
78,127,1,-0.00343474,0
79,0,1,0,0
79,1,0.965077,-0.000184855,0.000243578
79,2,0.965178,-0.0011965,0.000771215
79,3,0.965319,-0.00270875,0.00126599
79,4,0.965505,-0.00415919,0.00170529
79,5,0.965737,-0.00531522,0.00210042
79,6,0.966017,-0.00608189,0.00247328
79,7,0.966342,-0.0064291,0.00284497
79,8,0.966714,-0.00636581,0.00322998
79,9,0.967131,-0.0059283,0.00363628
79,10,0.967591,-0.00517043,0.00406707
79,11,0.968092,-0.00415415,0.00452255
79,12,0.968634,-0.00294107,0.00500137
79,13,0.969213,-0.00158658,0.00550147
79,14,0.969827,-0.000136586,0.0060206
79,15,0.970474,0.00137325,0.00655647
79,16,0.971151,0.0029168,0.00710684
79,17,0.971857,0.00447577,0.00766957
79,18,0.972587,0.00603773,0.00824256
79,19,0.97334,0.00759419,0.00882381
79,20,0.974112,0.00913899,0.00941136
79,21,0.9749,0.0106671,0.0100033
79,22,0.975702,0.0121737,0.0105979
79,23,0.976515,0.0136539,0.0111932
79,24,0.977335,0.0151022,0.0117874
79,25,0.97816,0.0165125,0.0123788
79,26,0.978986,0.0178786,0.0129655
79,27,0.979812,0.0191939,0.0135457
79,28,0.980635,0.0204517,0.0141174
79,29,0.981452,0.0216457,0.0146788
79,30,0.982261,0.0227698,0.015228
79,31,0.98306,0.0238182,0.015763
79,32,0.983847,0.0247859,0.0162818
79,33,0.984621,0.0256686,0.0167827
79,34,0.985381,0.0264622,0.0172638
79,35,0.986125,0.0271639,0.0177234
79,36,0.986852,0.0277711,0.0181597
79,37,0.987562,0.028282,0.0185712
79,38,0.988255,0.0286956,0.0189566
79,39,0.988929,0.0290113,0.0193145
79,40,0.989586,0.0292291,0.0196439
79,41,0.990225,0.0293495,0.0199438
79,42,0.990847,0.0293735,0.0202135
79,43,0.991452,0.0293025,0.0204524
79,44,0.99204,0.0291385,0.0206602
79,45,0.992613,0.0288834,0.0208365
79,46,0.993172,0.0285398,0.0209813
79,47,0.993716,0.0281104,0.0210948
79,48,0.994248,0.0275981,0.0211772
79,49,0.994768,0.027006,0.0212288
79,50,0.995277,0.0263373,0.0212501
79,51,0.995776,0.0255955,0.0212418
79,52,0.996268,0.0247839,0.0212045
79,53,0.996751,0.0239061,0.0211389
79,54,0.997229,0.0229655,0.0210458
79,55,0.997702,0.0219659,0.0209261
79,56,0.998171,0.0209105,0.0207807
79,57,0.998638,0.0198031,0.0206105
79,58,0.999103,0.018647,0.0204164
79,59,0.999568,0.0174456,0.0201994
79,60,1.00003,0.0162024,0.0199603
79,61,1.0005,0.0149206,0.0197003
79,62,1.00097,0.0136035,0.0194203
79,63,1.00145,0.0122542,0.0191213
79,64,1.00193,0.010876,0.0188044
79,65,1.00241,0.00947178,0.0184706
79,66,1.0029,0.00804467,0.0181209
79,67,1.0034,0.00659762,0.0177566
79,68,1.00391,0.0051336,0.0173787
79,69,1.00443,0.00365556,0.0169885
79,70,1.00495,0.00216646,0.0165871
79,71,1.00549,0.000669253,0.0161759
79,72,1.00603,-0.000833041,0.0157561
79,73,1.00659,-0.00233735,0.0153291
79,74,1.00715,-0.00384054,0.0148963
79,75,1.00772,-0.00533936,0.0144592
79,76,1.00831,-0.00683043,0.0140193
79,77,1.0089,-0.00831025,0.0135781
79,78,1.0095,-0.00977514,0.0131372
79,79,1.0101,-0.0112212,0.0126982
79,80,1.01071,-0.0126445,0.0122628
79,81,1.01133,-0.0140406,0.0118325
79,82,1.01195,-0.0154051,0.0114089
79,83,1.01257,-0.0167333,0.0109938
79,84,1.01319,-0.0180202,0.0105886
79,85,1.01381,-0.0192606,0.0101949
79,86,1.01442,-0.0204493,0.00981404
79,87,1.01503,-0.0215806,0.00944744
79,88,1.01563,-0.022649,0.00909629
79,89,1.01622,-0.0236487,0.00876167
79,90,1.0168,-0.0245741,0.00844449
79,91,1.01736,-0.0254195,0.00814548
79,92,1.01791,-0.0261793,0.00786518
79,93,1.01844,-0.0268484,0.00760386
79,94,1.01895,-0.0274218,0.00736161
79,95,1.01944,-0.0278951,0.00713823
79,96,1.01991,-0.0282645,0.00693328
79,97,1.02035,-0.0285268,0.00674601
79,98,1.02077,-0.0286795,0.00657548
79,99,1.02117,-0.0287211,0.00642039
79,100,1.02154,-0.0286509,0.00627931
79,101,1.02189,-0.028469,0.00615047
79,102,1.02221,-0.0281764,0.00603202
79,103,1.0225,-0.0277746,0.00592187
79,104,1.02277,-0.0272657,0.00581793
79,105,1.02302,-0.026652,0.00571799
79,106,1.02324,-0.0259356,0.00561995
79,107,1.02344,-0.0251182,0.00552171
79,108,1.02362,-0.0242014,0.00542139
79,109,1.02378,-0.023186,0.00531711
79,110,1.02392,-0.0220731,0.00520725
79,111,1.02405,-0.0208652,0.00509013
79,112,1.02416,-0.0195671,0.00496419
79,113,1.02425,-0.018189,0.00482768
79,114,1.02434,-0.0167494,0.00467891
79,115,1.02441,-0.0152782,0.00451603
79,116,1.02447,-0.0138209,0.00433749
79,117,1.02452,-0.0124416,0.00414204
79,118,1.02456,-0.011224,0.0039291
79,119,1.0246,-0.0102684,0.00369828
79,120,1.02463,-0.00967805,0.00344823
79,121,1.02465,-0.00952845,0.00317346
79,122,1.02467,-0.00980249,0.00285931
79,123,1.02468,-0.0102765,0.00247602
79,124,1.02469,-0.0103473,0.0019781
79,125,1.0247,-0.00882966,0.00131363
79,126,1.02471,-0.0038458,0.000462031
79,127,1,-0.00343474,0
80,0,1,0,0
80,1,0.964374,-9.33901e-05,0.000275342
80,2,0.964459,-0.00111846,0.000831221
80,3,0.964589,-0.00258771,0.001355
80,4,0.964761,-0.00399887,0.00181774
80,5,0.964978,-0.0051413,0.00223354
80,6,0.96524,-0.00592299,0.00262697
80,7,0.965547,-0.00630894,0.00301883
80,8,0.9659,-0.00630147,0.00342332
80,9,0.966295,-0.0059311,0.00384834
80,10,0.966733,-0.00524767,0.004297
80,11,0.967212,-0.00431046,0.0047695
80,12,0.967729,-0.00317946,0.00526451
80,13,0.968283,-0.00190889,0.00578003
80,14,0.968871,-0.000543813,0.00631385
80,15,0.969492,0.000880927,0.00686373
80,16,0.970143,0.00233998,0.00742745
80,17,0.970822,0.00381585,0.00800289
80,18,0.971525,0.00529691,0.00858799
80,19,0.972251,0.00677548,0.00918076
80,20,0.972998,0.00824622,0.00977929
80,21,0.973761,0.00970492,0.0103817
80,22,0.974539,0.0111476,0.0109863
80,23,0.975328,0.01257,0.0115912
80,24,0.976127,0.0139673,0.0121946
80,25,0.976931,0.0153343,0.012795
80,26,0.97774,0.0166651,0.0133905
80,27,0.97855,0.0179535,0.0139793
80,28,0.979358,0.0191932,0.0145598
80,29,0.980164,0.0203778,0.01513
80,30,0.980963,0.0215014,0.0156882
80,31,0.981755,0.0225579,0.0162326
80,32,0.982538,0.0235421,0.0167612
80,33,0.98331,0.0244491,0.0172724
80,34,0.98407,0.0252744,0.0177645
80,35,0.984817,0.0260145,0.0182356
80,36,0.98555,0.0266661,0.0186843
80,37,0.986267,0.0272268,0.0191091
80,38,0.986969,0.0276947,0.0195086
80,39,0.987655,0.0280684,0.0198816
80,40,0.988325,0.0283472,0.0202269
80,41,0.988979,0.0285309,0.0205438
80,42,0.989617,0.0286198,0.0208314
80,43,0.99024,0.0286146,0.0210891
80,44,0.990847,0.0285167,0.0213166
80,45,0.99144,0.0283275,0.0215135
80,46,0.992019,0.0280492,0.0216798
80,47,0.992585,0.0276839,0.0218155
80,48,0.99314,0.0272344,0.0219208
80,49,0.993683,0.0267034,0.021996
80,50,0.994216,0.026094,0.0220415
80,51,0.99474,0.0254094,0.0220578
80,52,0.995256,0.024653,0.0220454
80,53,0.995765,0.0238283,0.0220051
80,54,0.996269,0.0229387,0.0219376
80,55,0.996768,0.0219878,0.0218435
80,56,0.997265,0.0209793,0.0217237
80,57,0.997759,0.0199167,0.0215789
80,58,0.998253,0.0188035,0.0214101
80,59,0.998746,0.0176435,0.0212181
80,60,0.999242,0.0164399,0.0210037
80,61,0.99974,0.0151962,0.0207678
80,62,1.00024,0.0139157,0.0205113
80,63,1.00075,0.0126017,0.0202352
80,64,1.00126,0.0112575,0.0199404
80,65,1.00178,0.00988598,0.0196279
80,66,1.0023,0.0084903,0.0192986
80,67,1.00284,0.00707338,0.0189535
80,68,1.00338,0.00563811,0.0185939
80,69,1.00393,0.00418732,0.0182207
80,70,1.0045,0.00272381,0.0178351
80,71,1.00507,0.00125035,0.0174383
80,72,1.00565,-0.000230297,0.0170315
80,73,1.00625,-0.00171534,0.016616
80,74,1.00685,-0.00320196,0.0161932
80,75,1.00746,-0.00468725,0.0157644
80,76,1.00809,-0.0061682,0.0153311
80,77,1.00872,-0.0076417,0.0148947
80,78,1.00937,-0.00910443,0.0144567
80,79,1.01002,-0.0105529,0.0140187
80,80,1.01068,-0.0119834,0.0135822
80,81,1.01134,-0.0133919,0.0131487
80,82,1.01201,-0.0147742,0.0127199
80,83,1.01268,-0.0161258,0.0122972
80,84,1.01335,-0.0174417,0.0118823
80,85,1.01402,-0.018717,0.0114765
80,86,1.01468,-0.0199461,0.0110812
80,87,1.01535,-0.0211234,0.0106978
80,88,1.016,-0.0222432,0.0103275
80,89,1.01665,-0.0232993,0.00997126
80,90,1.01728,-0.0242856,0.00963015
80,91,1.0179,-0.0251962,0.00930486
80,92,1.01851,-0.0260249,0.00899599
80,93,1.0191,-0.026766,0.0087039
80,94,1.01967,-0.027414,0.00842875
80,95,1.02022,-0.0279638,0.00817045
80,96,1.02074,-0.0284109,0.0079287
80,97,1.02125,-0.0287516,0.00770289
80,98,1.02173,-0.0289825,0.00749225
80,99,1.02218,-0.0291016,0.00729567
80,100,1.02261,-0.0291075,0.0071119
80,101,1.02301,-0.0289995,0.00693939
80,102,1.02339,-0.0287781,0.0067765
80,103,1.02374,-0.0284442,0.00662137
80,104,1.02407,-0.0279995,0.00647213
80,105,1.02437,-0.0274456,0.00632679
80,106,1.02464,-0.0267844,0.00618349
80,107,1.0249,-0.0260174,0.00604035
80,108,1.02513,-0.0251458,0.00589572
80,109,1.02534,-0.0241703,0.00574795
80,110,1.02553,-0.0230918,0.00559568
80,111,1.0257,-0.0219126,0.00543744
80,112,1.02586,-0.0206375,0.00527194
80,113,1.026,-0.0192765,0.00509769
80,114,1.02613,-0.0178478,0.00491323
80,115,1.02624,-0.0163818,0.00471696
80,116,1.02634,-0.0149245,0.00450753
80,117,1.02643,-0.0135409,0.00428386
80,118,1.02651,-0.0123158,0.0040455
80,119,1.02658,-0.0113498,0.00379207
80,120,1.02664,-0.0107446,0.00352208
80,121,1.02669,-0.0105697,0.00322948
80,122,1.02674,-0.010796,0.00289892
80,123,1.02678,-0.0111832,0.00249984
80,124,1.02681,-0.0111157,0.00198476
80,125,1.02684,-0.00942298,0.00130628
80,126,1.02685,-0.00430613,0.000464684
80,127,1,-0.00343474,0
81,0,1,0,0
81,1,0.963751,-0.000289553,0.000291093
81,2,0.963833,-0.0013128,0.000891304
81,3,0.963951,-0.00272915,0.00143827
81,4,0.964111,-0.00409019,0.00192152
81,5,0.964315,-0.00520324,0.00235789
81,6,0.964561,-0.00597622,0.00277107
81,7,0.964851,-0.0063674,0.00318225
81,8,0.965184,-0.00637153,0.00360551
81,9,0.96556,-0.0060133,0.00404846
81,10,0.965976,-0.00533883,0.00451411
81,11,0.966431,-0.00440556,0.00500269
81,12,0.966925,-0.00327284,0.00551292
81,13,0.967455,-0.00199497,0.00604288
81,14,0.968019,-0.000617448,0.0065904
81,15,0.968615,0.000824313,0.00715328
81,16,0.969242,0.00230432,0.00772936
81,17,0.969897,0.00380441,0.00831655
81,18,0.970578,0.00531224,0.00891283
81,19,0.971282,0.00681941,0.00951622
81,20,0.972007,0.00831985,0.0101249
81,21,0.97275,0.00980856,0.0107369
81,22,0.973509,0.0112808,0.0113507
81,23,0.974281,0.0127316,0.0119644
81,24,0.975063,0.0141556,0.0125765
81,25,0.975853,0.0155467,0.0131852
81,26,0.976647,0.0168988,0.0137889
81,27,0.977445,0.0182051,0.014386
81,28,0.978242,0.0194592,0.0149747
81,29,0.979038,0.0206546,0.0155534
81,30,0.979829,0.021785,0.0161204
81,31,0.980614,0.0228448,0.0166738
81,32,0.981391,0.0238288,0.0172121
81,33,0.982158,0.0247323,0.0177334
81,34,0.982915,0.0255514,0.0182363
81,35,0.98366,0.0262828,0.018719
81,36,0.984391,0.0269239,0.01918
81,37,0.985109,0.0274726,0.019618
81,38,0.985812,0.0279274,0.0200316
81,39,0.986501,0.0282877,0.0204196
81,40,0.987175,0.0285531,0.020781
81,41,0.987835,0.0287238,0.0211149
81,42,0.988479,0.0288005,0.0214204
81,43,0.98911,0.0287844,0.0216971
81,44,0.989726,0.0286769,0.0219445
81,45,0.99033,0.0284799,0.0221622
81,46,0.990921,0.0281956,0.0223502
81,47,0.9915,0.0278264,0.0225084
81,48,0.992069,0.0273749,0.0226369
81,49,0.992627,0.026844,0.022736
81,50,0.993177,0.0262368,0.0228061
81,51,0.993719,0.0255562,0.0228474
81,52,0.994254,0.0248056,0.0228605
81,53,0.994784,0.0239883,0.0228461
81,54,0.995309,0.0231075,0.0228046
81,55,0.99583,0.0221668,0.0227368
81,56,0.99635,0.0211694,0.0226433
81,57,0.996869,0.0201187,0.0225248
81,58,0.997388,0.019018,0.0223821
81,59,0.997908,0.0178706,0.022216
81,60,0.998431,0.0166797,0.0220271
81,61,0.998957,0.0154486,0.0218163
81,62,0.999488,0.0141804,0.0215845
81,63,1.00002,0.0128781,0.0213323
81,64,1.00057,0.0115448,0.0210607
81,65,1.00112,0.0101834,0.0207706
81,66,1.00168,0.00879677,0.0204628
81,67,1.00225,0.00738787,0.0201383
81,68,1.00283,0.00595953,0.0197981
81,69,1.00342,0.00451458,0.0194431
81,70,1.00402,0.00305586,0.0190745
81,71,1.00463,0.00158622,0.0186934
81,72,1.00525,0.000108574,0.0183009
81,73,1.00589,-0.00137414,0.0178983
81,74,1.00653,-0.00285888,0.0174867
81,75,1.00719,-0.00434251,0.0170675
81,76,1.00786,-0.00582179,0.0166421
81,77,1.00854,-0.0072933,0.0162118
81,78,1.00923,-0.00875347,0.015778
81,79,1.00993,-0.0101986,0.0153422
81,80,1.01063,-0.0116246,0.0149059
81,81,1.01134,-0.0130274,0.0144705
81,82,1.01206,-0.0144025,0.0140377
81,83,1.01278,-0.0157453,0.0136087
81,84,1.0135,-0.0170509,0.0131851
81,85,1.01422,-0.0183141,0.0127684
81,86,1.01494,-0.0195297,0.0123597
81,87,1.01565,-0.0206922,0.0119605
81,88,1.01635,-0.0217957,0.0115719
81,89,1.01705,-0.0228347,0.0111949
81,90,1.01773,-0.0238032,0.0108306
81,91,1.01841,-0.0246956,0.0104796
81,92,1.01906,-0.0255062,0.0101426
81,93,1.0197,-0.0262294,0.00982002
81,94,1.02032,-0.0268603,0.00951212
81,95,1.02092,-0.0273941,0.00921887
81,96,1.0215,-0.0278266,0.00894013
81,97,1.02205,-0.0281543,0.00867542
81,98,1.02258,-0.0283745,0.00842415
81,99,1.02308,-0.028485,0.00818539
81,100,1.02356,-0.0284849,0.00795809
81,101,1.02402,-0.0283738,0.00774092
81,102,1.02444,-0.0281524,0.00753249
81,103,1.02484,-0.0278218,0.00733114
81,104,1.02522,-0.0273838,0.00713527
81,105,1.02557,-0.0268404,0.00694313
81,106,1.0259,-0.0261938,0.00675311
81,107,1.0262,-0.0254455,0.00656357
81,108,1.02648,-0.0245968,0.00637311
81,109,1.02675,-0.0236486,0.00618034
81,110,1.02699,-0.0226019,0.00598414
81,111,1.02721,-0.0214585,0.00578333
81,112,1.02741,-0.0202229,0.00557689
81,113,1.0276,-0.0189045,0.00536358
81,114,1.02777,-0.017521,0.00514223
81,115,1.02793,-0.0161019,0.00491148
81,116,1.02807,-0.0146923,0.00467023
81,117,1.0282,-0.0133567,0.00441756
81,118,1.02832,-0.0121786,0.00415318
81,119,1.02843,-0.0112568,0.00387667
81,120,1.02852,-0.0106889,0.0035864
81,121,1.0286,-0.0105359,0.00327594
81,122,1.02868,-0.0107554,0.002929
81,123,1.02874,-0.0110903,0.00251391
81,124,1.02879,-0.0109145,0.00198512
81,125,1.02884,-0.00907607,0.00129667
81,126,1.02889,-0.00385767,0.000445904
81,127,1,-0.00343474,0
82,0,1,0,0
82,1,0.963185,-0.000134065,0.000319807
82,2,0.963252,-0.00114219,0.000942524
82,3,0.96336,-0.00250253,0.00151468
82,4,0.963507,-0.00381906,0.0020186
82,5,0.963695,-0.00491614,0.00247348
82,6,0.963926,-0.00570218,0.00290543
82,7,0.964199,-0.00612968,0.0033351
82,8,0.964513,-0.00618676,0.00377617
82,9,0.964868,-0.00589268,0.00423611
82,10,0.965263,-0.00528981,0.00471786
82,11,0.965696,-0.00443319,0.00522164
82,12,0.966167,-0.00338064,0.00574625
82,13,0.966672,-0.00218543,0.00628983
82,14,0.967212,-0.00089222,0.00685028
82,15,0.967782,0.000464318,0.00742546
82,16,0.968383,0.00185893,0.00801324
82,17,0.969011,0.00327421,0.00861157
82,18,0.969665,0.00469857,0.00921844
82,19,0.970342,0.00612442,0.00983193
82,20,0.97104,0.00754645,0.0104502
82,21,0.971757,0.00896049,0.0110715
82,22,0.97249,0.0103626,0.011694
82,23,0.973237,0.0117486,0.0123163
82,24,0.973995,0.0131139,0.0129365
82,25,0.974761,0.0144531,0.0135533
82,26,0.975535,0.0157605,0.0141649
82,27,0.976312,0.0170302,0.0147699
82,28,0.977092,0.0182558,0.0153665
82,29,0.977871,0.0194312,0.0159533
82,30,0.978648,0.0205502,0.0165286
82,31,0.979421,0.0216071,0.0170908
82,32,0.980188,0.0225965,0.0176383
82,33,0.980948,0.0235134,0.0181694
82,34,0.981699,0.0243535,0.0186827
82,35,0.98244,0.0251129,0.0191765
82,36,0.983171,0.0257884,0.0196495
82,37,0.98389,0.0263771,0.0201003
82,38,0.984597,0.0268772,0.0205277
82,39,0.985291,0.0272869,0.0209304
82,40,0.985972,0.0276053,0.0213075
82,41,0.98664,0.0278318,0.021658
82,42,0.987294,0.0279666,0.0219814
82,43,0.987937,0.0280101,0.0222768
82,44,0.988566,0.0279631,0.0225439
82,45,0.989184,0.0278271,0.0227824
82,46,0.98979,0.0276036,0.022992
82,47,0.990386,0.0272947,0.0231727
82,48,0.990971,0.0269027,0.0233246
82,49,0.991548,0.0264301,0.0234478
82,50,0.992117,0.0258798,0.0235426
82,51,0.992679,0.0252547,0.0236093
82,52,0.993234,0.0245578,0.0236484
82,53,0.993785,0.0237925,0.0236602
82,54,0.994332,0.0229621,0.0236454
82,55,0.994877,0.0220699,0.0236044
82,56,0.99542,0.0211193,0.0235379
82,57,0.995963,0.0201138,0.0234464
82,58,0.996507,0.0190568,0.0233306
82,59,0.997053,0.0179515,0.0231912
82,60,0.997603,0.0168015,0.0230288
82,61,0.998157,0.0156099,0.0228441
82,62,0.998716,0.01438,0.0226378
82,63,0.999282,0.0131148,0.0224107
82,64,0.999856,0.0118176,0.0221634
82,65,1.00044,0.0104912,0.0218968
82,66,1.00103,0.00913851,0.0216117
82,67,1.00163,0.00776246,0.0213089
82,68,1.00225,0.00636577,0.0209893
82,69,1.00287,0.00495118,0.0206539
82,70,1.00351,0.00352135,0.0203037
82,71,1.00416,0.00207896,0.0199396
82,72,1.00482,0.000626629,0.0195627
82,73,1.00549,-0.000832957,0.0191742
82,74,1.00618,-0.00229709,0.0187752
82,75,1.00688,-0.003763,0.0183669
82,76,1.00759,-0.00522778,0.0179506
82,77,1.00831,-0.00668842,0.0175277
82,78,1.00904,-0.00814173,0.0170994
82,79,1.00979,-0.00958431,0.0166671
82,80,1.01054,-0.0110125,0.0162322
82,81,1.0113,-0.0124225,0.0157961
82,82,1.01206,-0.0138101,0.0153603
82,83,1.01283,-0.0151708,0.014926
82,84,1.0136,-0.0164998,0.0144948
82,85,1.01437,-0.0177921,0.014068
82,86,1.01514,-0.0190423,0.0136468
82,87,1.01591,-0.0202447,0.0132325
82,88,1.01667,-0.0213935,0.0128263
82,89,1.01742,-0.0224825,0.0124291
82,90,1.01816,-0.0235057,0.012042
82,91,1.01889,-0.0244569,0.0116656
82,92,1.0196,-0.02533,0.0113008
82,93,1.0203,-0.0261189,0.0109479
82,94,1.02097,-0.026818,0.0106073
82,95,1.02163,-0.0274221,0.010279
82,96,1.02226,-0.0279264,0.00996313
82,97,1.02288,-0.0283266,0.00965926
82,98,1.02346,-0.0286195,0.009367
82,99,1.02402,-0.0288023,0.00908559
82,100,1.02456,-0.0288734,0.00881422
82,101,1.02507,-0.0288319,0.00855175
82,102,1.02555,-0.0286777,0.00829705
82,103,1.026,-0.0284117,0.0080487
82,104,1.02643,-0.028035,0.00780537
82,105,1.02683,-0.0275492,0.00756553
82,106,1.02721,-0.026956,0.00732787
82,107,1.02756,-0.0262569,0.00709097
82,108,1.02789,-0.0254529,0.00685372
82,109,1.0282,-0.0245446,0.00661498
82,110,1.02848,-0.0235329,0.0063739
82,111,1.02875,-0.0224194,0.00612955
82,112,1.02899,-0.0212085,0.00588122
82,113,1.02922,-0.0199095,0.00562791
82,114,1.02943,-0.0185398,0.00536876
82,115,1.02962,-0.0171292,0.00510262
82,116,1.0298,-0.0157234,0.00482866
82,117,1.02996,-0.0143874,0.00454611
82,118,1.03011,-0.013206,0.0042548
82,119,1.03024,-0.0122779,0.00395434
82,120,1.03036,-0.0116986,0.00364296
82,121,1.03047,-0.0115227,0.00331378
82,122,1.03057,-0.0116954,0.00295017
82,123,1.03065,-0.0119433,0.00252028
82,124,1.03073,-0.0116317,0.00197733
82,125,1.03079,-0.00963174,0.00128041
82,126,1.03083,-0.00431697,0.000446305
82,127,1,-0.00343474,0
83,0,1,0,0
83,1,0.962692,-0.000353602,0.000331965
83,2,0.962756,-0.00133336,0.000993938
83,3,0.962853,-0.00262988,0.00158541
83,4,0.962989,-0.00389355,0.00210705
83,5,0.963166,-0.00496185,0.0025804
83,6,0.963382,-0.00574069,0.00303031
83,7,0.963638,-0.00617494,0.0034776
83,8,0.963935,-0.00624506,0.00393573
83,9,0.964271,-0.00596461,0.00441183
83,10,0.964645,-0.00537241,0.00490875
83,11,0.965057,-0.00452172,0.00542675
83,12,0.965505,-0.00346967,0.0059647
83,13,0.965988,-0.00226954,0.00652084
83,14,0.966503,-0.000966297,0.00709314
83,15,0.96705,0.000404906,0.00767952
83,16,0.967627,0.00181827,0.00827792
83,17,0.968232,0.00325578,0.00888631
83,18,0.968863,0.00470522,0.00950272
83,19,0.969518,0.0061583,0.0101253
83,20,0.970194,0.00760898,0.0107522
83,21,0.970889,0.00905234,0.0113817
83,22,0.971602,0.0104837,0.0120121
83,23,0.972329,0.0118981,0.0126419
83,24,0.973069,0.0132901,0.0132696
83,25,0.973819,0.014654,0.0138936
83,26,0.974576,0.0159833,0.0145124
83,27,0.975338,0.0172715,0.0151246
83,28,0.976104,0.0185122,0.0157287
83,29,0.97687,0.0196987,0.0163231
83,30,0.977635,0.020825,0.0169064
83,31,0.978397,0.0218853,0.0174769
83,32,0.979155,0.0228743,0.0180333
83,33,0.979906,0.0237872,0.0185739
83,34,0.980649,0.0246202,0.0190974
83,35,0.981384,0.0253695,0.0196022
83,36,0.982109,0.0260326,0.020087
83,37,0.982823,0.0266071,0.0205506
83,38,0.983526,0.0270914,0.0209916
83,39,0.984218,0.0274845,0.021409
83,40,0.984898,0.027786,0.0218018
83,41,0.985566,0.0279956,0.0221692
83,42,0.986222,0.028114,0.0225103
83,43,0.986867,0.028142,0.0228247
83,44,0.9875,0.0280808,0.0231117
83,45,0.988123,0.0279321,0.0233711
83,46,0.988736,0.0276976,0.0236026
83,47,0.989339,0.0273797,0.0238061
83,48,0.989934,0.0269807,0.0239817
83,49,0.990521,0.0265032,0.0241294
83,50,0.991101,0.02595,0.0242494
83,51,0.991676,0.025324,0.0243419
83,52,0.992246,0.0246282,0.0244073
83,53,0.992812,0.0238658,0.024446
83,54,0.993376,0.0230399,0.0244584
83,55,0.993938,0.0221536,0.0244449
83,56,0.994501,0.0212103,0.0244061
83,57,0.995064,0.020213,0.0243424
83,58,0.99563,0.019165,0.0242544
83,59,0.996199,0.0180694,0.0241425
83,60,0.996772,0.0169293,0.0240075
83,61,0.997351,0.0157479,0.0238498
83,62,0.997938,0.0145279,0.0236701
83,63,0.998531,0.0132725,0.023469
83,64,0.999134,0.0119845,0.0232471
83,65,0.999747,0.0106668,0.0230051
83,66,1.00037,0.00932216,0.0227438
83,67,1.00101,0.00795332,0.0224639
83,68,1.00165,0.00656305,0.0221662
83,69,1.00231,0.00515405,0.0218515
83,70,1.00299,0.00372907,0.0215207
83,71,1.00367,0.00229085,0.0211748
83,72,1.00437,0.00084218,0.0208148
83,73,1.00509,-0.000614101,0.0204416
83,74,1.00582,-0.00207506,0.0200564
83,75,1.00656,-0.00353768,0.0196603
83,76,1.00731,-0.0049988,0.0192545
83,77,1.00808,-0.00645512,0.0188401
83,78,1.00886,-0.00790316,0.0184185
83,79,1.00965,-0.00933927,0.017991
83,80,1.01045,-0.0107596,0.0175587
83,81,1.01125,-0.01216,0.0171231
83,82,1.01207,-0.0135361,0.0166855
83,83,1.01288,-0.0148834,0.0162472
83,84,1.0137,-0.016197,0.0158095
83,85,1.01452,-0.0174719,0.0153737
83,86,1.01534,-0.0187028,0.014941
83,87,1.01616,-0.0198842,0.0145127
83,88,1.01697,-0.0210105,0.0140897
83,89,1.01777,-0.0220758,0.0136732
83,90,1.01856,-0.0230744,0.013264
83,91,1.01933,-0.0240004,0.012863
83,92,1.0201,-0.0248481,0.0124708
83,93,1.02084,-0.025612,0.012088
83,94,1.02157,-0.0262868,0.011715
83,95,1.02227,-0.0268677,0.0113519
83,96,1.02295,-0.0273502,0.0109988
83,97,1.02361,-0.0277305,0.0106556
83,98,1.02424,-0.0280056,0.0103221
83,99,1.02485,-0.0281732,0.00999756
83,100,1.02543,-0.0282318,0.00968153
83,101,1.02599,-0.0281808,0.00937305
83,102,1.02652,-0.0280204,0.00907125
83,103,1.02702,-0.0277516,0.00877496
83,104,1.02749,-0.0273759,0.00848313
83,105,1.02794,-0.0268951,0.0081945
83,106,1.02837,-0.026311,0.00790804
83,107,1.02876,-0.0256253,0.00762259
83,108,1.02914,-0.0248391,0.00733735
83,109,1.02949,-0.0239533,0.00705141
83,110,1.02982,-0.0229686,0.00676425
83,111,1.03013,-0.0218864,0.0064752
83,112,1.03041,-0.0207109,0.00618384
83,113,1.03068,-0.0194508,0.00588947
83,114,1.03093,-0.0181229,0.00559151
83,115,1.03116,-0.0167563,0.00528909
83,116,1.03138,-0.0153958,0.00498162
83,117,1.03157,-0.0141059,0.00466851
83,118,1.03175,-0.0129701,0.00434972
83,119,1.03192,-0.0120852,0.00402484
83,120,1.03207,-0.0115421,0.00369196
83,121,1.0322,-0.011387,0.00334395
83,122,1.03232,-0.0115516,0.00296355
83,123,1.03242,-0.0117466,0.00251843
83,124,1.03251,-0.0113302,0.0019646
83,125,1.03259,-0.00919941,0.00126281
83,126,1.03266,-0.00381806,0.000425282
83,127,1,-0.00343474,0
84,0,1,0,0
84,1,0.962245,-0.00013495,0.000357571
84,2,0.962294,-0.00107465,0.00103642
84,3,0.962382,-0.00230475,0.00164939
84,4,0.962507,-0.00352025,0.00218904
84,5,0.962669,-0.00457099,0.00267882
84,6,0.962871,-0.00536105,0.0031457
84,7,0.963111,-0.00582892,0.00360977
84,8,0.96339,-0.00594859,0.00408394
84,9,0.963708,-0.00572859,0.0045752
84,10,0.964063,-0.00520439,0.0050863
84,11,0.964454,-0.00442707,0.00561754
84,12,0.96488,-0.00345239,0.00616788
84,13,0.96534,-0.00233266,0.00673566
84,14,0.965833,-0.00111208,0.00731894
84,15,0.966356,0.000174899,0.0079157
84,16,0.966908,0.00150317,0.00852392
84,17,0.967487,0.00285542,0.00914163
84,18,0.968092,0.00422016,0.00976689
84,19,0.96872,0.00558981,0.0103979
84,20,0.96937,0.00695914,0.0110328
84,21,0.97004,0.00832399,0.0116699
84,22,0.970727,0.00968047,0.0123077
84,23,0.971429,0.0110244,0.0129447
84,24,0.972144,0.0123513,0.0135792
84,25,0.972869,0.0136559,0.01421
84,26,0.973604,0.0149326,0.0148357
84,27,0.974344,0.0161755,0.0154547
84,28,0.97509,0.0173785,0.0160657
84,29,0.975837,0.0185354,0.0166673
84,30,0.976585,0.0196403,0.017258
84,31,0.977332,0.0206874,0.0178365
84,32,0.978077,0.0216715,0.0184013
84,33,0.978816,0.0225875,0.018951
84,34,0.97955,0.0234311,0.0194843
84,35,0.980278,0.0241983,0.0199996
84,36,0.980997,0.024886,0.0204959
84,37,0.981708,0.0254911,0.0209717
84,38,0.98241,0.0260115,0.021426
84,39,0.983102,0.0264455,0.0218578
84,40,0.983783,0.0267918,0.022266
84,41,0.984455,0.0270498,0.0226498
84,42,0.985116,0.0272192,0.0230085
84,43,0.985767,0.0273002,0.0233415
84,44,0.986408,0.0272936,0.0236483
84,45,0.98704,0.0272003,0.0239285
84,46,0.987663,0.0270218,0.0241818
84,47,0.988278,0.0267598,0.0244082
84,48,0.988885,0.0264164,0.0246075
84,49,0.989485,0.0259938,0.0247798
84,50,0.990079,0.0254946,0.0249251
84,51,0.990669,0.0249216,0.0250438
84,52,0.991255,0.0242775,0.025136
84,53,0.991838,0.0235654,0.0252019
84,54,0.992419,0.0227884,0.025242
84,55,0.993,0.0219497,0.0252566
84,56,0.993582,0.0210525,0.0252461
84,57,0.994166,0.0201,0.0252108
84,58,0.994753,0.0190955,0.0251513
84,59,0.995344,0.0180423,0.0250678
84,60,0.995941,0.0169434,0.024961
84,61,0.996544,0.0158021,0.0248312
84,62,0.997156,0.0146213,0.0246791
84,63,0.997776,0.0134042,0.024505
84,64,0.998407,0.0121536,0.0243095
84,65,0.999048,0.0108725,0.0240933
84,66,0.999701,0.00956351,0.0238569
84,67,1.00037,0.00822949,0.023601
84,68,1.00105,0.00687306,0.0233263
84,69,1.00174,0.00549681,0.0230336
84,70,1.00245,0.00410333,0.0227236
84,71,1.00317,0.00269514,0.0223971
84,72,1.00391,0.00127478,0.0220552
84,73,1.00466,-0.000155179,0.0216987
84,74,1.00542,-0.00159215,0.0213286
84,75,1.00621,-0.00303345,0.0209459
84,76,1.007,-0.0044763,0.0205518
84,77,1.00781,-0.00591777,0.0201473
84,78,1.00863,-0.00735477,0.0197336
84,79,1.00947,-0.008784,0.019312
84,80,1.01031,-0.0102019,0.0188835
84,81,1.01116,-0.0116047,0.0184495
84,82,1.01202,-0.0129883,0.0180112
84,83,1.01289,-0.0143483,0.0175698
84,84,1.01376,-0.01568,0.0171266
84,85,1.01463,-0.0169783,0.0166827
84,86,1.0155,-0.018238,0.0162393
84,87,1.01636,-0.0194533,0.0157976
84,88,1.01722,-0.0206185,0.0153585
84,89,1.01808,-0.0217276,0.0149232
84,90,1.01892,-0.0227743,0.0144925
84,91,1.01975,-0.0237525,0.0140671
84,92,1.02057,-0.024656,0.0136479
84,93,1.02137,-0.0254788,0.0132354
84,94,1.02215,-0.0262151,0.0128301
84,95,1.02291,-0.0268595,0.0124321
84,96,1.02365,-0.0274071,0.0120419
84,97,1.02436,-0.0278535,0.0116593
84,98,1.02505,-0.0281952,0.0112842
84,99,1.02571,-0.0284292,0.0109164
84,100,1.02635,-0.0285535,0.0105553
84,101,1.02695,-0.028567,0.0102004
84,102,1.02753,-0.0284693,0.00985105
84,103,1.02808,-0.028261,0.00950631
84,104,1.02861,-0.027943,0.00916544
84,105,1.0291,-0.0275168,0.00882743
84,106,1.02957,-0.0269838,0.00849158
84,107,1.03001,-0.0263456,0.00815697
84,108,1.03043,-0.0256029,0.0078231
84,109,1.03082,-0.0247565,0.00748935
84,110,1.03119,-0.0238068,0.00715549
84,111,1.03154,-0.0227554,0.0068211
84,112,1.03186,-0.0216061,0.0064861
84,113,1.03216,-0.0203673,0.00615004
84,114,1.03244,-0.0190559,0.00581266
84,115,1.0327,-0.017701,0.00547331
84,116,1.03294,-0.0163479,0.00513167
84,117,1.03317,-0.0150616,0.00478729
84,118,1.03337,-0.0139266,0.00444025
84,119,1.03356,-0.0130394,0.00409014
84,120,1.03373,-0.0124888,0.00373497
84,121,1.03389,-0.0123139,0.00336723
84,122,1.03402,-0.012434,0.00296972
84,123,1.03414,-0.0125451,0.00251052
84,124,1.03425,-0.012,0.00194521
84,125,1.03433,-0.009725,0.0012399
84,126,1.0344,-0.00428093,0.000424343
84,127,1,-0.00343474,0
85,0,1,0,0
85,1,0.961862,-0.000381068,0.000366194
85,2,0.961911,-0.0012695,0.00107926
85,3,0.961989,-0.00242743,0.00170782
85,4,0.962103,-0.00358887,0.00226254
85,5,0.962255,-0.00461218,0.00276878
85,6,0.962444,-0.00539674,0.00325184
85,7,0.96267,-0.00587273,0.0037318
85,8,0.962933,-0.00600656,0.00422125
85,9,0.963234,-0.00580136,0.00472679
85,10,0.96357,-0.00528928,0.00525112
85,11,0.963941,-0.00451966,0.00579459
85,12,0.964347,-0.00354757,0.00635625
85,13,0.964785,-0.0024252,0.00693456
85,14,0.965255,-0.00119696,0.00752768
85,15,0.965756,0.000102362,0.00813367
85,16,0.966286,0.0014472,0.00875057
85,17,0.966843,0.00281972,0.00937645
85,18,0.967426,0.00420787,0.0100094
85,19,0.968032,0.00560343,0.0106477
85,20,0.968661,0.00700047,0.0112895
85,21,0.96931,0.0083941,0.0119333
85,22,0.969977,0.00977965,0.0125774
85,23,0.97066,0.0111522,0.0132204
85,24,0.971356,0.0125065,0.013861
85,25,0.972064,0.0138366,0.0144977
85,26,0.972782,0.0151362,0.0151293
85,27,0.973507,0.016399,0.0157543
85,28,0.974237,0.0176183,0.0163716
85,29,0.97497,0.0187878,0.0169797
85,30,0.975705,0.0199012,0.0175774
85,31,0.976439,0.0209527,0.0181633
85,32,0.977172,0.0219372,0.0187362
85,33,0.9779,0.0228498,0.0192945
85,34,0.978624,0.0236864,0.0198372
85,35,0.979342,0.0244434,0.0203628
85,36,0.980053,0.0251179,0.0208703
85,37,0.980757,0.0257076,0.0213583
85,38,0.981451,0.0262107,0.0218258
85,39,0.982137,0.026626,0.0222718
85,40,0.982814,0.0269528,0.0226953
85,41,0.983482,0.0271909,0.0230956
85,42,0.98414,0.0273405,0.023472
85,43,0.98479,0.0274023,0.0238237
85,44,0.98543,0.0273773,0.0241503
85,45,0.986063,0.027267,0.0244515
85,46,0.986687,0.0270729,0.0247269
85,47,0.987305,0.0267971,0.0249763
85,48,0.987916,0.0264418,0.0251996
85,49,0.988522,0.0260092,0.0253968
85,50,0.989123,0.0255022,0.0255679
85,51,0.989721,0.0249232,0.0257131
85,52,0.990317,0.0242753,0.0258325
85,53,0.99091,0.0235612,0.0259263
85,54,0.991504,0.022784,0.0259946
85,55,0.992098,0.0219467,0.0260379
85,56,0.992695,0.0210523,0.0260563
85,57,0.993295,0.0201039,0.0260502
85,58,0.993899,0.0191045,0.0260199
85,59,0.994509,0.0180571,0.0259657
85,60,0.995126,0.0169647,0.0258879
85,61,0.995751,0.0158302,0.025787
85,62,0.996385,0.0146564,0.0256633
85,63,0.99703,0.0134463,0.0255172
85,64,0.997685,0.0122026,0.0253492
85,65,0.998354,0.010928,0.0251597
85,66,0.999035,0.00962521,0.0249493
85,67,0.999731,0.00829686,0.0247186
85,68,1.00044,0.0069456,0.024468
85,69,1.00117,0.00557405,0.0241983
85,70,1.00191,0.00418483,0.0239102
85,71,1.00267,0.00278059,0.0236044
85,72,1.00344,0.00136401,0.0232818
85,73,1.00423,-6.21453e-05,0.022943
85,74,1.00504,-0.00149506,0.0225892
85,75,1.00586,-0.00293179,0.0222211
85,76,1.0067,-0.00436927,0.0218398
85,77,1.00755,-0.00580429,0.0214464
85,78,1.00841,-0.00723346,0.0210418
85,79,1.00929,-0.0086532,0.0206272
85,80,1.01018,-0.0100597,0.0202037
85,81,1.01108,-0.011449,0.0197724
85,82,1.01199,-0.0128168,0.0193345
85,83,1.0129,-0.0141586,0.0188912
85,84,1.01381,-0.0154696,0.0184435
85,85,1.01473,-0.0167448,0.0179925
85,86,1.01565,-0.0179791,0.0175395
85,87,1.01656,-0.019167,0.0170853
85,88,1.01747,-0.0203029,0.0166312
85,89,1.01837,-0.0213812,0.0161778
85,90,1.01926,-0.0223959,0.0157263
85,91,1.02014,-0.0233414,0.0152774
85,92,1.021,-0.024212,0.0148317
85,93,1.02185,-0.025002,0.01439
85,94,1.02268,-0.0257062,0.0139527
85,95,1.02348,-0.0263196,0.0135202
85,96,1.02426,-0.0268377,0.0130929
85,97,1.02502,-0.0272567,0.0126709
85,98,1.02576,-0.0275732,0.0122542
85,99,1.02646,-0.0277847,0.0118427
85,100,1.02714,-0.0278896,0.0114363
85,101,1.02779,-0.0278869,0.0110346
85,102,1.02841,-0.0277766,0.0106371
85,103,1.02901,-0.0275593,0.0102433
85,104,1.02957,-0.0272364,0.00985263
85,105,1.03011,-0.0268095,0.00946448
85,106,1.03062,-0.0262802,0.00907842
85,107,1.0311,-0.0256501,0.00869381
85,108,1.03156,-0.0249203,0.00831048
85,109,1.03199,-0.0240916,0.00792805
85,110,1.0324,-0.0231645,0.00754664
85,111,1.03278,-0.0221402,0.00716611
85,112,1.03314,-0.0210224,0.00678668
85,113,1.03348,-0.019819,0.00640817
85,114,1.03379,-0.0185464,0.00603066
85,115,1.03409,-0.0172328,0.00565375
85,116,1.03436,-0.0159229,0.00527736
85,117,1.03461,-0.0146809,0.00490122
85,118,1.03485,-0.0135902,0.00452554
85,119,1.03506,-0.0127452,0.00414984
85,120,1.03525,-0.01223,0.00377204
85,121,1.03542,-0.0120753,0.00338447
85,122,1.03558,-0.0121873,0.00296965
85,123,1.03571,-0.0122476,0.00249582
85,124,1.03583,-0.0116054,0.00192212
85,125,1.03593,-0.00921756,0.00121642
85,126,1.03601,-0.00373802,0.000402001
85,127,1,-0.00343474,0
86,0,1,0,0
86,1,0.961517,-0.0001005,0.000388658
86,2,0.961552,-0.00092776,0.00111315
86,3,0.961622,-0.00201154,0.00175967
86,4,0.961726,-0.00312275,0.00232989
86,5,0.961865,-0.0041276,0.00285058
86,6,0.96204,-0.00492166,0.00334885
86,7,0.962251,-0.00542831,0.00384385
86,8,0.962499,-0.00560783,0.00434751
86,9,0.962783,-0.00545883,0.00486628
86,10,0.963101,-0.0050105,0.00540277
86,11,0.963454,-0.00431029,0.00595741
86,12,0.96384,-0.00341202,0.00652935
86,13,0.964258,-0.00236699,0.0071172
86,14,0.964707,-0.00121888,0.0077192
86,15,0.965186,-1.83146e-06,0.0083335
86,16,0.965693,0.00125924,0.00895819
86,17,0.966226,0.00254715,0.00959142
86,18,0.966785,0.00385049,0.0102313
86,19,0.967368,0.00516176,0.0108761
86,20,0.967972,0.00647573,0.0115242
86,21,0.968596,0.00778827,0.0121738
86,22,0.969239,0.0090955,0.0128237
86,23,0.969897,0.0103933,0.0134723
86,24,0.97057,0.0116772,0.0141182
86,25,0.971255,0.012942,0.0147603
86,26,0.97195,0.0141823,0.0153973
86,27,0.972653,0.0153923,0.0160279
86,28,0.973363,0.0165658,0.0166509
86,29,0.974077,0.017697,0.0172651
86,30,0.974794,0.0187799,0.0178692
86,31,0.975512,0.019809,0.0184621
86,32,0.97623,0.020779,0.0190424
86,33,0.976945,0.021685,0.019609
86,34,0.977658,0.0225226,0.0201606
86,35,0.978366,0.023288,0.020696
86,36,0.979069,0.0239778,0.0212141
86,37,0.979766,0.024589,0.0217138
86,38,0.980456,0.0251195,0.022194
86,39,0.981139,0.0255672,0.0226538
86,40,0.981814,0.025931,0.0230923
86,41,0.982482,0.0262099,0.0235087
86,42,0.983141,0.0264035,0.0239023
86,43,0.983793,0.0265119,0.0242725
86,44,0.984438,0.0265354,0.0246188
86,45,0.985075,0.0264751,0.0249407
86,46,0.985706,0.0263319,0.025238
86,47,0.986331,0.0261075,0.0255103
86,48,0.98695,0.0258037,0.0257577
86,49,0.987565,0.0254225,0.0259799
86,50,0.988176,0.0249662,0.0261769
86,51,0.988785,0.0244374,0.0263488
86,52,0.989392,0.0238387,0.0264957
86,53,0.989998,0.0231728,0.0266176
86,54,0.990605,0.0224428,0.0267146
86,55,0.991214,0.0216515,0.026787
86,56,0.991826,0.0208022,0.026835
86,57,0.992441,0.0198977,0.0268586
86,58,0.993063,0.0189412,0.0268582
86,59,0.993691,0.0179357,0.0268339
86,60,0.994327,0.0168843,0.026786
86,61,0.994973,0.0157901,0.0267147
86,62,0.995628,0.0146558,0.0266203
86,63,0.996296,0.0134845,0.0265032
86,64,0.996975,0.0122789,0.0263636
86,65,0.997669,0.0110418,0.0262019
86,66,0.998376,0.00977581,0.0260186
86,67,0.999099,0.00848359,0.025814
86,68,0.999838,0.00716769,0.0255887
86,69,1.00059,0.0058306,0.0253433
86,70,1.00137,0.00447478,0.0250782
86,71,1.00216,0.00310268,0.0247943
86,72,1.00296,0.00171672,0.0244921
86,73,1.00379,0.000319378,0.0241724
86,74,1.00463,-0.00108684,0.023836
86,75,1.00549,-0.00249934,0.0234837
86,76,1.00637,-0.00391544,0.0231165
86,77,1.00726,-0.00533228,0.0227353
86,78,1.00816,-0.00674686,0.0223409
86,79,1.00908,-0.00815595,0.0219345
86,80,1.01001,-0.00955609,0.0215171
86,81,1.01095,-0.0109435,0.0210895
86,82,1.0119,-0.0123143,0.020653
86,83,1.01286,-0.013664,0.0202086
86,84,1.01382,-0.014988,0.0197573
86,85,1.01479,-0.0162813,0.0193001
86,86,1.01576,-0.0175388,0.0188381
86,87,1.01672,-0.0187549,0.0183722
86,88,1.01768,-0.0199237,0.0179034
86,89,1.01863,-0.0210393,0.0174327
86,90,1.01957,-0.0220957,0.0169608
86,91,1.0205,-0.0230867,0.0164885
86,92,1.02141,-0.0240061,0.0160168
86,93,1.02231,-0.0248481,0.015546
86,94,1.02319,-0.0256068,0.0150769
86,95,1.02405,-0.0262768,0.01461
86,96,1.02488,-0.0268531,0.0141457
86,97,1.02569,-0.0273315,0.0136842
86,98,1.02648,-0.0277079,0.0132259
86,99,1.02723,-0.0279796,0.0127707
86,100,1.02796,-0.0281443,0.0123188
86,101,1.02866,-0.0282006,0.01187
86,102,1.02933,-0.0281479,0.0114242
86,103,1.02997,-0.0279867,0.010981
86,104,1.03058,-0.0277175,0.0105404
86,105,1.03116,-0.0273419,0.0101019
86,106,1.03171,-0.026861,0.00966535
86,107,1.03224,-0.0262763,0.0092305
86,108,1.03273,-0.0255886,0.00879746
86,109,1.0332,-0.0247985,0.00836613
86,110,1.03364,-0.0239064,0.00793695
86,111,1.03405,-0.0229134,0.00751004
86,112,1.03444,-0.0218229,0.00708595
86,113,1.03481,-0.0206428,0.00666477
86,114,1.03515,-0.0193893,0.00624686
86,115,1.03547,-0.0180905,0.00583208
86,116,1.03576,-0.0167917,0.00542059
86,117,1.03604,-0.0155575,0.00501226
86,118,1.03629,-0.0144718,0.0046074
86,119,1.03652,-0.0136288,0.00420549
86,120,1.03673,-0.0131099,0.00380437
86,121,1.03692,-0.0129392,0.00339619
86,122,1.03709,-0.0130109,0.00296381
86,123,1.03723,-0.0129935,0.00247651
86,124,1.03736,-0.012234,0.0018937
86,125,1.03746,-0.00972243,0.00118875
86,126,1.03754,-0.00420972,0.000400388
86,127,1,-0.00343474,0
87,0,1,0,0
87,1,0.961228,-0.000376348,0.000393863
87,2,0.961262,-0.00113329,0.0011476
87,3,0.961324,-0.00213915,0.00180615
87,4,0.961419,-0.00319662,0.00238897
87,5,0.961549,-0.00417605,0.00292418
87,6,0.961713,-0.00496641,0.00343689
87,7,0.961912,-0.00548235,0.00394602
87,8,0.962146,-0.00567687,0.00446312
87,9,0.962414,-0.00554357,0.00499423
87,10,0.962716,-0.00510859,0.00554191
87,11,0.963051,-0.00441775,0.00610667
87,12,0.963418,-0.00352414,0.00668781
87,13,0.963817,-0.00247881,0.00728405
87,14,0.964246,-0.00132551,0.00789376
87,15,0.964705,-9.85983e-05,0.0085152
87,16,0.965191,0.00117667,0.00914651
87,17,0.965705,0.0024827,0.00978589
87,18,0.966243,0.0038076,0.0104315
87,19,0.966806,0.00514327,0.0110817
87,20,0.967391,0.00648384,0.0117348
87,21,0.967996,0.00782448,0.0123893
87,22,0.968619,0.00916056,0.0130438
87,23,0.96926,0.0104872,0.0136968
87,24,0.969915,0.0117991,0.0143472
87,25,0.970583,0.0130904,0.0149937
87,26,0.971263,0.014355,0.0156352
87,27,0.971951,0.0155864,0.0162704
87,28,0.972646,0.0167781,0.0168984
87,29,0.973346,0.0179237,0.0175179
87,30,0.97405,0.0190171,0.0181278
87,31,0.974755,0.0200525,0.0187269
87,32,0.97546,0.0210247,0.0193142
87,33,0.976165,0.0219288,0.0198885
87,34,0.976866,0.0227607,0.0204486
87,35,0.977564,0.0235167,0.0209934
87,36,0.978257,0.0241938,0.0215219
87,37,0.978945,0.0247897,0.022033
87,38,0.979627,0.0253024,0.0225257
87,39,0.980302,0.0257306,0.0229992
87,40,0.980971,0.0260734,0.0234525
87,41,0.981632,0.0263305,0.0238849
87,42,0.982286,0.026502,0.0242957
87,43,0.982934,0.0265884,0.0246843
87,44,0.983575,0.0265905,0.0250503
87,45,0.98421,0.0265096,0.025393
87,46,0.984839,0.026347,0.0257123
87,47,0.985464,0.0261047,0.0260079
87,48,0.986084,0.0257847,0.0262794
87,49,0.9867,0.025389,0.0265269
87,50,0.987315,0.0249202,0.0267501
87,51,0.987928,0.0243808,0.026949
87,52,0.98854,0.0237735,0.0271237
87,53,0.989153,0.0231009,0.0272742
87,54,0.989768,0.0223659,0.0274004
87,55,0.990386,0.0215714,0.0275025
87,56,0.991008,0.0207203,0.0275805
87,57,0.991636,0.0198154,0.0276346
87,58,0.99227,0.0188597,0.0276647
87,59,0.992913,0.017856,0.027671
87,60,0.993565,0.0168072,0.0276537
87,61,0.994228,0.0157161,0.0276129
87,62,0.994902,0.0145854,0.0275488
87,63,0.995589,0.0134178,0.0274614
87,64,0.996291,0.0122161,0.0273512
87,65,0.997007,0.0109829,0.0272183
87,66,0.997739,0.00972066,0.0270629
87,67,0.998488,0.00843204,0.0268856
87,68,0.999255,0.00711955,0.0266866
87,69,1.00004,0.00578573,0.0264664
87,70,1.00084,0.00443312,0.0262255
87,71,1.00166,0.00306429,0.0259644
87,72,1.0025,0.00168183,0.0256837
87,73,1.00336,0.000288433,0.025384
87,74,1.00424,-0.00111315,0.0250662
87,75,1.00514,-0.00252006,0.0247308
87,76,1.00605,-0.0039293,0.0243787
87,77,1.00698,-0.00533772,0.0240107
87,78,1.00793,-0.006742,0.0236277
87,79,1.00889,-0.00813864,0.0232305
87,80,1.00986,-0.0095239,0.0228201
87,81,1.01085,-0.0108938,0.0223974
87,82,1.01184,-0.0122443,0.0219633
87,83,1.01284,-0.0135708,0.0215188
87,84,1.01385,-0.0148687,0.0210649
87,85,1.01486,-0.0161331,0.0206024
87,86,1.01587,-0.017359,0.0201323
87,87,1.01687,-0.0185408,0.0196555
87,88,1.01788,-0.0196733,0.019173
87,89,1.01887,-0.0207508,0.0186856
87,90,1.01986,-0.0217676,0.0181941
87,91,1.02083,-0.0227181,0.0176992
87,92,1.02179,-0.0235966,0.0172018
87,93,1.02273,-0.0243978,0.0167026
87,94,1.02365,-0.0251163,0.0162022
87,95,1.02455,-0.0257472,0.0157011
87,96,1.02543,-0.0262862,0.0152
87,97,1.02628,-0.0267292,0.0146992
87,98,1.0271,-0.0270729,0.0141993
87,99,1.0279,-0.0273147,0.0137003
87,100,1.02866,-0.0274528,0.0132028
87,101,1.0294,-0.0274861,0.0127068
87,102,1.03011,-0.0274143,0.0122124
87,103,1.03079,-0.027238,0.0117196
87,104,1.03144,-0.0269581,0.0112286
87,105,1.03206,-0.0265761,0.0107393
87,106,1.03265,-0.0260937,0.0102519
87,107,1.0332,-0.0255122,0.00976634
87,108,1.03374,-0.0248328,0.00928314
87,109,1.03424,-0.0240561,0.00880247
87,110,1.03471,-0.0231824,0.00832509
87,111,1.03516,-0.0222128,0.00785139
87,112,1.03558,-0.0211504,0.00738225
87,113,1.03598,-0.0200027,0.00691802
87,114,1.03635,-0.0187852,0.00645939
87,115,1.03669,-0.0175257,0.00600644
87,116,1.03701,-0.0162683,0.0055596
87,117,1.03731,-0.015077,0.00511887
87,118,1.03759,-0.0140346,0.00468468
87,119,1.03784,-0.0132329,0.00425641
87,120,1.03806,-0.0127489,0.00383184
87,121,1.03826,-0.0125983,0.00340305
87,122,1.03844,-0.0126634,0.00295296
87,123,1.0386,-0.0126002,0.00245158
87,124,1.03873,-0.0117551,0.0018626
87,125,1.03885,-0.00915094,0.00116106
87,126,1.03895,-0.00362928,0.000377359
87,127,1,-0.00343474,0
88,0,1,0,0
88,1,0.960968,-3.54679e-05,0.00041316
88,2,0.960989,-0.000714089,0.00117312
88,3,0.961043,-0.00164078,0.00184627
88,4,0.961129,-0.00264749,0.00244222
88,5,0.961248,-0.0036082,0.00299
88,6,0.9614,-0.0044064,0.00351619
88,7,0.961586,-0.00494979,0.0040386
88,8,0.961806,-0.00518573,0.00456802
88,9,0.962059,-0.0051039,0.00511036
88,10,0.962346,-0.00472791,0.0056681
88,11,0.962664,-0.00410195,0.00624186
88,12,0.963014,-0.00327799,0.00683109
88,13,0.963395,-0.00230628,0.00743467
88,14,0.963805,-0.00122985,0.00805107
88,15,0.964244,-8.24619e-05,0.00867865
88,16,0.964711,0.00111124,0.00931563
88,17,0.965203,0.00233423,0.00996026
88,18,0.96572,0.00357523,0.0106108
88,19,0.966261,0.00482677,0.0112656
88,20,0.966824,0.00608367,0.011923
88,21,0.967407,0.00734179,0.0125816
88,22,0.968009,0.00859726,0.0132399
88,23,0.968627,0.00984601,0.0138968
88,24,0.969261,0.0110835,0.014551
88,25,0.969907,0.0123048,0.0152013
88,26,0.970566,0.0135043,0.0158467
88,27,0.971234,0.0146765,0.0164861
88,28,0.971909,0.0158154,0.0171184
88,29,0.972591,0.0169152,0.0177427
88,30,0.973278,0.0179701,0.0183578
88,31,0.973967,0.0189746,0.0189628
88,32,0.974658,0.0199235,0.0195565
88,33,0.975349,0.0208122,0.0201379
88,34,0.976039,0.0216362,0.0207059
88,35,0.976727,0.0223917,0.0212596
88,36,0.977411,0.0230753,0.0217979
88,37,0.978092,0.0236842,0.0223199
88,38,0.978767,0.0242159,0.0228246
88,39,0.979438,0.0246686,0.0233112
88,40,0.980103,0.0250408,0.0237788
88,41,0.980763,0.0253316,0.0242268
88,42,0.981416,0.0255403,0.0246544
88,43,0.982064,0.025667,0.0250611
88,44,0.982707,0.0257119,0.0254463
88,45,0.983344,0.0256755,0.0258097
88,46,0.983977,0.0255591,0.0261507
88,47,0.984605,0.0253637,0.0264692
88,48,0.985231,0.0250912,0.0267649
88,49,0.985853,0.0247433,0.0270375
88,50,0.986474,0.0243221,0.0272869
88,51,0.987095,0.02383,0.027513
88,52,0.987715,0.0232693,0.0277157
88,53,0.988337,0.0226428,0.0278949
88,54,0.988962,0.0219532,0.0280506
88,55,0.989591,0.0212032,0.0281827
88,56,0.990224,0.0203958,0.0282912
88,57,0.990865,0.0195338,0.0283761
88,58,0.991512,0.0186201,0.0284373
88,59,0.992169,0.0176578,0.0284749
88,60,0.992837,0.0166496,0.0284888
88,61,0.993515,0.0155985,0.0284792
88,62,0.994207,0.0145072,0.028446
88,63,0.994913,0.0133787,0.0283893
88,64,0.995634,0.0122154,0.0283092
88,65,0.996371,0.0110201,0.028206
88,66,0.997125,0.0097954,0.0280796
88,67,0.997898,0.00854376,0.0279305
88,68,0.998689,0.00726764,0.0277588
88,69,0.999499,0.00596946,0.0275649
88,70,1.00033,0.0046516,0.0273491
88,71,1.00118,0.00331641,0.027112
88,72,1.00205,0.00196627,0.0268539
88,73,1.00294,0.000603567,0.0265755
88,74,1.00385,-0.000769262,0.0262772
88,75,1.00478,-0.00214969,0.0259599
88,76,1.00572,-0.00353507,0.025624
88,77,1.00669,-0.00492264,0.0252703
88,78,1.00767,-0.00630942,0.0248997
88,79,1.00867,-0.00769225,0.0245127
88,80,1.00968,-0.00906772,0.0241103
88,81,1.0107,-0.0104322,0.0236933
88,82,1.01174,-0.0117816,0.0232625
88,83,1.01278,-0.0131118,0.0228187
88,84,1.01383,-0.0144182,0.0223628
88,85,1.01488,-0.0156959,0.0218957
88,86,1.01594,-0.0169397,0.0214182
88,87,1.01699,-0.0181443,0.0209311
88,88,1.01804,-0.0193039,0.0204353
88,89,1.01908,-0.0204128,0.0199315
88,90,1.02011,-0.0214649,0.0194207
88,91,1.02113,-0.0224543,0.0189035
88,92,1.02214,-0.0233751,0.0183808
88,93,1.02313,-0.0242213,0.0178533
88,94,1.02409,-0.0249874,0.0173216
88,95,1.02504,-0.025668,0.0167865
88,96,1.02597,-0.0262582,0.0162487
88,97,1.02686,-0.0267538,0.0157087
88,98,1.02774,-0.0271509,0.0151672
88,99,1.02858,-0.0274466,0.0146246
88,100,1.02939,-0.0276384,0.0140815
88,101,1.03017,-0.0277251,0.0135383
88,102,1.03093,-0.0277059,0.0129954
88,103,1.03165,-0.0275809,0.012453
88,104,1.03234,-0.0273508,0.0119118
88,105,1.03299,-0.0270167,0.0113718
88,106,1.03362,-0.0265799,0.0108336
88,107,1.03422,-0.0260417,0.0102975
88,108,1.03478,-0.0254028,0.00976436
88,109,1.03531,-0.0246638,0.00923455
88,110,1.03582,-0.023825,0.00870919
88,111,1.03629,-0.0228873,0.00818893
88,112,1.03674,-0.0218535,0.00767497
88,113,1.03716,-0.020731,0.0071679
88,114,1.03755,-0.0195353,0.00666872
88,115,1.03792,-0.0182939,0.00617771
88,116,1.03826,-0.0170514,0.00569557
88,117,1.03857,-0.015872,0.00522236
88,118,1.03886,-0.014839,0.00475862
88,119,1.03912,-0.0140436,0.00430368
88,120,1.03936,-0.0135603,0.00385522
88,121,1.03957,-0.0133981,0.00340525
88,122,1.03976,-0.0134285,0.00293738
88,123,1.03993,-0.0132967,0.00242319
88,124,1.04007,-0.0123497,0.00182724
88,125,1.04018,-0.00964468,0.00113002
88,126,1.04027,-0.00411497,0.000375462
88,127,1,-0.00343474,0
89,0,1,0,0
89,1,0.960755,-0.000344021,0.000415102
89,2,0.960777,-0.000937231,0.00119939
89,3,0.960824,-0.0017829,0.00188124
89,4,0.960902,-0.00273763,0.00248746
89,5,0.961013,-0.00367547,0.00304793
89,6,0.961156,-0.00447173,0.00358683
89,7,0.961332,-0.00502532,0.00412159
89,8,0.96154,-0.00527678,0.00466253
89,9,0.96178,-0.00521129,0.00521518
89,10,0.962052,-0.00484974,0.00578198
89,11,0.962355,-0.00423479,0.00636369
89,12,0.962689,-0.0034176,0.0069599
89,13,0.963052,-0.00244807,0.00756965
89,14,0.963445,-0.00136915,0.00819156
89,15,0.963866,-0.000214664,0.0088241
89,16,0.964315,0.000990537,0.00946555
89,17,0.964789,0.00222913,0.0101142
89,18,0.965289,0.00348942,0.0107685
89,19,0.965812,0.00476346,0.0114267
89,20,0.966357,0.00604545,0.0120872
89,21,0.966923,0.0073306,0.0127487
89,22,0.967508,0.00861432,0.0134099
89,23,0.96811,0.00989177,0.0140695
89,24,0.968728,0.0111577,0.0147264
89,25,0.969361,0.0124062,0.0153796
89,26,0.970005,0.0136313,0.0160279
89,27,0.970659,0.0148266,0.0166705
89,28,0.971322,0.0159856,0.0173064
89,29,0.971991,0.0171021,0.0179347
89,30,0.972666,0.0181698,0.0185543
89,31,0.973344,0.019183,0.0191643
89,32,0.974024,0.0201365,0.0197638
89,33,0.974704,0.0210256,0.0203517
89,34,0.975384,0.0218459,0.0209272
89,35,0.976062,0.0225939,0.0214893
89,36,0.976738,0.0232664,0.022037
89,37,0.977409,0.0238611,0.0225695
89,38,0.978077,0.0243758,0.0230859
89,39,0.97874,0.0248092,0.0235853
89,40,0.979398,0.0251603,0.0240671
89,41,0.98005,0.0254286,0.0245304
89,42,0.980698,0.0256142,0.0249747
89,43,0.981341,0.0257173,0.0253993
89,44,0.981978,0.0257386,0.0258038
89,45,0.982612,0.0256793,0.0261877
89,46,0.983241,0.0255407,0.0265506
89,47,0.983868,0.0253243,0.0268921
89,48,0.984491,0.025032,0.0272119
89,49,0.985114,0.024666,0.0275099
89,50,0.985735,0.0242284,0.0277857
89,51,0.986357,0.0237216,0.0280391
89,52,0.98698,0.0231482,0.0282701
89,53,0.987606,0.0225106,0.0284783
89,54,0.988235,0.0218117,0.0286638
89,55,0.98887,0.0210541,0.0288263
89,56,0.989511,0.0202406,0.0289657
89,57,0.990159,0.019374,0.0290819
89,58,0.990816,0.0184569,0.0291748
89,59,0.991484,0.0174923,0.0292442
89,60,0.992163,0.0164827,0.0292901
89,61,0.992855,0.015431,0.0293122
89,62,0.993562,0.0143397,0.0293107
89,63,0.994283,0.0132116,0.0292854
89,64,0.995022,0.0120491,0.0292363
89,65,0.995777,0.0108548,0.0291635
89,66,0.996552,0.0096312,0.0290669
89,67,0.997346,0.00838085,0.0289468
89,68,0.998159,0.00710617,0.0288033
89,69,0.998994,0.00580964,0.0286366
89,70,0.99985,0.00449374,0.0284469
89,71,1.00073,0.00316099,0.0282347
89,72,1.00163,0.00181392,0.0280001
89,73,1.00255,0.000455182,0.0277438
89,74,1.00349,-0.000912528,0.0274661
89,75,1.00445,-0.00228639,0.0271676
89,76,1.00543,-0.00366344,0.0268489
89,77,1.00643,-0.00504059,0.0265104
89,78,1.00745,-0.00641457,0.026153
89,79,1.00848,-0.0077819,0.0257772
89,80,1.00953,-0.00913894,0.0253837
89,81,1.01059,-0.0104818,0.0249732
89,82,1.01166,-0.0118063,0.0245465
89,83,1.01275,-0.0131082,0.0241042
89,84,1.01383,-0.014383,0.0236473
89,85,1.01493,-0.0156257,0.0231763
89,86,1.01602,-0.0168314,0.022692
89,87,1.01711,-0.017995,0.0221953
89,88,1.0182,-0.0191111,0.0216869
89,89,1.01928,-0.0201744,0.0211676
89,90,1.02035,-0.0211792,0.0206381
89,91,1.02141,-0.0221203,0.0200991
89,92,1.02245,-0.0229921,0.0195516
89,93,1.02348,-0.0237894,0.0189962
89,94,1.02449,-0.0245072,0.0184338
89,95,1.02547,-0.0251407,0.017865
89,96,1.02643,-0.0256856,0.0172908
89,97,1.02737,-0.0261381,0.0167118
89,98,1.02828,-0.0264949,0.016129
89,99,1.02916,-0.0267534,0.0155428
89,100,1.03,-0.0269118,0.0149543
89,101,1.03082,-0.0269688,0.0143639
89,102,1.03161,-0.0269242,0.0137725
89,103,1.03236,-0.0267782,0.0131806
89,104,1.03309,-0.0265318,0.0125891
89,105,1.03378,-0.0261863,0.0119984
89,106,1.03444,-0.0257432,0.0114095
89,107,1.03506,-0.0252037,0.0108229
89,108,1.03566,-0.024569,0.0102397
89,109,1.03622,-0.0238396,0.0096608
89,110,1.03676,-0.0230157,0.00908751
89,111,1.03726,-0.0220982,0.00852075
89,112,1.03774,-0.0210897,0.00796204
89,113,1.03818,-0.0199971,0.00741223
89,114,1.0386,-0.0188354,0.00687262
89,115,1.03899,-0.0176316,0.00634368
89,116,1.03935,-0.0164292,0.00582638
89,117,1.03968,-0.0152918,0.00532088
89,118,1.03998,-0.0143013,0.0048278
89,119,1.04026,-0.0135467,0.00434634
89,120,1.04051,-0.0130979,0.00387415
89,121,1.04074,-0.0129565,0.00340325
89,122,1.04093,-0.0129832,0.00291762
89,123,1.0411,-0.012813,0.00239005
89,124,1.04125,-0.0117951,0.00178991
89,125,1.04137,-0.00901941,0.00109925
89,126,1.04148,-0.00350275,0.000352071
89,127,1,-0.00343474,0
90,0,1,0,0
90,1,0.960563,5.52036e-05,0.000431207
90,2,0.960572,-0.000446615,0.00121681
90,3,0.960614,-0.00121078,0.00191008
90,4,0.960684,-0.00211564,0.00252722
90,5,0.960785,-0.00303503,0.00309848
90,6,0.960917,-0.00383747,0.00364915
90,7,0.961082,-0.00441504,0.00419536
90,8,0.961277,-0.00470326,0.00474668
90,9,0.961505,-0.00468408,0.00530846
90,10,0.961763,-0.00437632,0.00588315
90,11,0.962052,-0.00382126,0.00647162
90,12,0.962371,-0.00306908,0.00707364
90,13,0.962719,-0.00216888,0.00768845
90,14,0.963095,-0.00116297,0.00831479
90,15,0.9635,-8.45731e-05,0.00895123
90,16,0.963931,0.00104199,0.00959616
90,17,0.964387,0.00219993,0.010248
90,18,0.964868,0.0033781,0.010905
90,19,0.965372,0.00456911,0.0115657
90,20,0.965899,0.00576779,0.0122286
90,21,0.966445,0.00697001,0.0128924
90,22,0.967011,0.0081719,0.0135556
90,23,0.967594,0.00936939,0.0142173
90,24,0.968193,0.010558,0.0148763
90,25,0.968807,0.0117327,0.0155317
90,26,0.969433,0.0128883,0.0161824
90,27,0.970069,0.0140191,0.0168277
90,28,0.970715,0.0151193,0.0174665
90,29,0.971368,0.0161832,0.0180982
90,30,0.972028,0.0172053,0.0187217
90,31,0.972692,0.01818,0.0193363
90,32,0.973358,0.0191025,0.019941
90,33,0.974027,0.0199679,0.020535
90,34,0.974696,0.0207721,0.0211173
90,35,0.975365,0.0215113,0.0216872
90,36,0.976032,0.0221821,0.0222438
90,37,0.976697,0.0227817,0.0227862
90,38,0.977359,0.0233077,0.0233136
90,39,0.978017,0.0237581,0.0238254
90,40,0.978672,0.0241314,0.0243207
90,41,0.979322,0.0244266,0.0247988
90,42,0.979969,0.024643,0.0252593
90,43,0.980611,0.0247805,0.0257014
90,44,0.98125,0.0248391,0.0261247
90,45,0.981884,0.0248194,0.0265288
90,46,0.982516,0.0247221,0.0269131
90,47,0.983146,0.0245486,0.0272773
90,48,0.983773,0.0243001,0.0276211
90,49,0.9844,0.0239785,0.0279441
90,50,0.985026,0.0235855,0.0282462
90,51,0.985653,0.0231234,0.0285269
90,52,0.986282,0.0225944,0.0287861
90,53,0.986915,0.0220011,0.0290235
90,54,0.987552,0.0213458,0.0292388
90,55,0.988194,0.0206313,0.0294319
90,56,0.988843,0.0198603,0.0296025
90,57,0.989501,0.0190356,0.0297504
90,58,0.990169,0.0181599,0.0298752
90,59,0.990847,0.0172361,0.0299768
90,60,0.991538,0.0162668,0.030055
90,61,0.992243,0.0152549,0.0301096
90,62,0.992963,0.014203,0.0301403
90,63,0.993699,0.0131139,0.030147
90,64,0.994453,0.0119901,0.0301296
90,65,0.995225,0.0108341,0.0300879
90,66,0.996017,0.00964858,0.030022
90,67,0.99683,0.00843582,0.0299318
90,68,0.997663,0.00719826,0.0298173
90,69,0.998519,0.00593825,0.0296786
90,70,0.999397,0.0046581,0.0295159
90,71,1.0003,0.00336013,0.0293295
90,72,1.00122,0.00204666,0.0291194
90,73,1.00217,0.000720031,0.0288861
90,74,1.00313,-0.000617342,0.02863
90,75,1.00412,-0.00196297,0.0283513
90,76,1.00513,-0.00331424,0.0280505
90,77,1.00616,-0.00466841,0.0277282
90,78,1.00721,-0.00602255,0.0273849
90,79,1.00828,-0.00737351,0.027021
90,80,1.00936,-0.00871792,0.0266371
90,81,1.01045,-0.0100522,0.0262339
90,82,1.01156,-0.0113724,0.025812
90,83,1.01268,-0.0126743,0.0253719
90,84,1.0138,-0.0139534,0.0249143
90,85,1.01493,-0.0152051,0.02444
90,86,1.01606,-0.0164242,0.0239494
90,87,1.01719,-0.0176055,0.0234435
90,88,1.01832,-0.0187435,0.0229227
90,89,1.01944,-0.0198325,0.022388
90,90,1.02056,-0.0208669,0.02184
90,91,1.02166,-0.0218407,0.0212794
90,92,1.02275,-0.0227485,0.0207072
90,93,1.02382,-0.0235844,0.0201241
90,94,1.02487,-0.0243431,0.0195309
90,95,1.02589,-0.0250197,0.0189286
90,96,1.0269,-0.0256093,0.0183182
90,97,1.02788,-0.0261079,0.0177004
90,98,1.02883,-0.0265117,0.0170763
90,99,1.02975,-0.026818,0.0164468
90,100,1.03064,-0.0270244,0.0158131
90,101,1.0315,-0.0271295,0.0151759
90,102,1.03232,-0.0271325,0.0145364
90,103,1.03312,-0.0270336,0.0138953
90,104,1.03388,-0.0268331,0.013254
90,105,1.0346,-0.0265322,0.0126131
90,106,1.03529,-0.0261321,0.0119739
90,107,1.03595,-0.0256339,0.0113374
90,108,1.03658,-0.0250385,0.010705
90,109,1.03717,-0.0243462,0.0100776
90,110,1.03773,-0.0235572,0.00945713
90,111,1.03826,-0.0226722,0.00884461
90,112,1.03876,-0.0216937,0.00824191
90,113,1.03922,-0.0206285,0.00765006
90,114,1.03966,-0.0194913,0.00707069
90,115,1.04006,-0.018309,0.00650444
90,116,1.04043,-0.0171254,0.00595249
90,117,1.04078,-0.0160043,0.00541506
90,118,1.04109,-0.0150276,0.00489286
90,119,1.04138,-0.0142838,0.00438495
90,120,1.04164,-0.0138401,0.00388897
90,121,1.04187,-0.0136921,0.00339691
90,122,1.04208,-0.0136911,0.00289373
90,123,1.04225,-0.0134639,0.00235424
90,124,1.0424,-0.0123625,0.0017491
90,125,1.04252,-0.00951046,0.00106573
90,126,1.04261,-0.00400681,0.000350031
90,127,1,-0.00343474,0
91,0,1,0,0
91,1,0.96041,-0.000288784,0.000430069
91,2,0.960421,-0.000694171,0.00123517
91,3,0.960456,-0.00137684,0.001934
91,4,0.960521,-0.00223278,0.00255927
91,5,0.960615,-0.00313219,0.00314145
91,6,0.96074,-0.0039343,0.0037031
91,7,0.960896,-0.00452261,0.00425983
91,8,0.961082,-0.00482652,0.00482069
91,9,0.961298,-0.00482407,0.00539066
91,10,0.961544,-0.00453169,0.00597219
91,11,0.96182,-0.00398925,0.00656634
91,12,0.962125,-0.00324606,0.00717305
91,13,0.962458,-0.00235074,0.00779175
91,14,0.96282,-0.00134532,0.00842133
91,15,0.963209,-0.000262959,0.0090605
91,16,0.963624,0.000871969,0.0097077
91,17,0.964065,0.00204249,0.0103614
91,18,0.964531,0.00323715,0.0110201
91,19,0.96502,0.00444815,0.0116822
91,20,0.965531,0.0056698,0.0123463
91,21,0.966064,0.00689737,0.0130111
91,22,0.966615,0.00812631,0.0136754
91,23,0.967185,0.00935181,0.0143381
91,24,0.967771,0.0105686,0.0149981
91,25,0.968372,0.0117711,0.0156547
91,26,0.968986,0.012953,0.0163069
91,27,0.969612,0.0141083,0.0169539
91,28,0.970247,0.0152303,0.0175948
91,29,0.97089,0.016313,0.0182291
91,30,0.97154,0.0173503,0.0188558
91,31,0.972195,0.0183364,0.0194741
91,32,0.972853,0.0192661,0.0200834
91,33,0.973513,0.0201347,0.0206827
91,34,0.974175,0.020938,0.0212714
91,35,0.974836,0.0216722,0.0218486
91,36,0.975495,0.0223343,0.0224135
91,37,0.976153,0.0229217,0.0229654
91,38,0.976808,0.0234323,0.0235036
91,39,0.97746,0.0238648,0.0240272
91,40,0.978109,0.0242179,0.0245358
91,41,0.978754,0.0244912,0.0250285
91,42,0.979395,0.0246844,0.0255049
91,43,0.980032,0.0247979,0.0259643
91,44,0.980666,0.0248321,0.0264063
91,45,0.981297,0.0247881,0.0268303
91,46,0.981926,0.024667,0.0272359
91,47,0.982552,0.0244704,0.0276228
91,48,0.983178,0.0241998,0.0279905
91,49,0.983803,0.0238574,0.0283387
91,50,0.984429,0.023445,0.028667
91,51,0.985056,0.0229651,0.028975
91,52,0.985686,0.0224199,0.0292626
91,53,0.986321,0.0218119,0.0295292
91,54,0.98696,0.0211438,0.0297747
91,55,0.987606,0.020418,0.0299986
91,56,0.98826,0.0196372,0.0302006
91,57,0.988924,0.018804,0.0303804
91,58,0.989598,0.0179212,0.0305376
91,59,0.990284,0.0169914,0.0306719
91,60,0.990983,0.0160172,0.0307829
91,61,0.991698,0.0150012,0.0308703
91,62,0.992429,0.013946,0.0309337
91,63,0.993177,0.0128541,0.030973
91,64,0.993944,0.0117282,0.0309878
91,65,0.994731,0.0105705,0.030978
91,66,0.995539,0.00938371,0.0309432
91,67,0.996368,0.00817013,0.0308835
91,68,0.997221,0.00693223,0.0307987
91,69,0.998096,0.00567244,0.0306888
91,70,0.998994,0.00439321,0.0305538
91,71,0.999917,0.00309702,0.0303938
91,72,1.00086,0.00178643,0.030209
91,73,1.00183,0.000464023,0.0299994
91,74,1.00283,-0.000867493,0.0297654
91,75,1.00384,-0.00220532,0.0295072
91,76,1.00488,-0.00354651,0.0292252
91,77,1.00594,-0.004888,0.0289196
91,78,1.00702,-0.00622653,0.028591
91,79,1.00811,-0.00755867,0.0282396
91,80,1.00923,-0.00888081,0.0278661
91,81,1.01035,-0.0101891,0.0274707
91,82,1.01149,-0.0114795,0.0270541
91,83,1.01264,-0.0127478,0.0266168
91,84,1.0138,-0.0139896,0.0261592
91,85,1.01496,-0.0152001,0.025682
91,86,1.01613,-0.0163745,0.0251857
91,87,1.01729,-0.0175079,0.024671
91,88,1.01846,-0.0185952,0.0241384
91,89,1.01961,-0.0196312,0.0235888
91,90,1.02076,-0.0206106,0.0230227
91,91,1.02189,-0.0215284,0.022441
91,92,1.02301,-0.0223793,0.0218445
91,93,1.02412,-0.0231585,0.0212341
91,94,1.0252,-0.0238611,0.0206106
91,95,1.02626,-0.0244828,0.0199752
91,96,1.0273,-0.0250195,0.0193288
91,97,1.02831,-0.0254676,0.0186725
91,98,1.02929,-0.025824,0.0180076
91,99,1.03024,-0.0260863,0.0173351
91,100,1.03116,-0.0262527,0.0166565
91,101,1.03205,-0.026322,0.0159728
91,102,1.03291,-0.0262939,0.0152855
91,103,1.03373,-0.0261686,0.0145957
91,104,1.03452,-0.0259469,0.0139049
91,105,1.03528,-0.0256301,0.0132143
91,106,1.036,-0.0252195,0.0125254
91,107,1.03669,-0.0247163,0.0118394
91,108,1.03734,-0.0241215,0.0111582
91,109,1.03796,-0.0234356,0.010483
91,110,1.03854,-0.0226588,0.00981587
91,111,1.0391,-0.0217915,0.00915818
91,112,1.03962,-0.0208361,0.00851209
91,113,1.0401,-0.0197991,0.00787885
91,114,1.04056,-0.0186945,0.00726035
91,115,1.04098,-0.0175486,0.00665742
91,116,1.04137,-0.0164044,0.00607147
91,117,1.04173,-0.0153247,0.00550277
91,118,1.04206,-0.0143902,0.00495208
91,119,1.04236,-0.0136868,0.00441833
91,120,1.04263,-0.0132777,0.00389909
91,121,1.04287,-0.0131515,0.00338649
91,122,1.04308,-0.0131508,0.00286606
91,123,1.04326,-0.0128946,0.0023142
91,124,1.04341,-0.0117394,0.00170678
91,125,1.04354,-0.00883967,0.00103259
91,126,1.04364,-0.00336726,0.000326355
91,127,1,-0.00343474,0
92,0,1,0,0
92,1,0.960271,0.000166415,0.000442958
92,2,0.960271,-0.000138643,0.00124479
92,3,0.960301,-0.000740115,0.00195208
92,4,0.960358,-0.00154838,0.00258621
92,5,0.960445,-0.00242999,0.00317747
92,6,0.960561,-0.00323649,0.00374917
92,7,0.960706,-0.00384497,0.00431548
92,8,0.960882,-0.00418064,0.00488466
92,9,0.961087,-0.00421898,0.0054616
92,10,0.961322,-0.00397484,0.00604874
92,11,0.961585,-0.00348692,0.00664732
92,12,0.961878,-0.00280367,0.0072575
92,13,0.962198,-0.00197294,0.00787892
92,14,0.962546,-0.00103614,0.0085106
92,15,0.962921,-2.58823e-05,0.0091514
92,16,0.963321,0.00103398,0.00979985
92,17,0.963747,0.00212693,0.0104545
92,18,0.964198,0.00324201,0.0111139
92,19,0.964671,0.00437191,0.0117765
92,20,0.965166,0.00551151,0.012441
92,21,0.965683,0.00665667,0.0131061
92,22,0.966218,0.00780353,0.0137706
92,23,0.966772,0.00894801,0.0144337
92,24,0.967342,0.0100857,0.0150942
92,25,0.967927,0.0112116,0.0157513
92,26,0.968526,0.0123205,0.0164044
92,27,0.969137,0.0134069,0.0170525
92,28,0.969758,0.0144651,0.0176951
92,29,0.970388,0.0154897,0.0183314
92,30,0.971025,0.016475,0.0189607
92,31,0.971668,0.0174159,0.0195824
92,32,0.972316,0.0183074,0.0201956
92,33,0.972967,0.019145,0.0207998
92,34,0.973619,0.0199246,0.0213942
92,35,0.974273,0.0206423,0.0219781
92,36,0.974927,0.0212951,0.0225508
92,37,0.975579,0.0218799,0.0231116
92,38,0.97623,0.0223944,0.0236599
92,39,0.976879,0.0228367,0.0241949
92,40,0.977526,0.0232053,0.0247161
92,41,0.97817,0.023499,0.0252228
92,42,0.97881,0.0237171,0.0257145
92,43,0.979448,0.0238593,0.0261907
92,44,0.980084,0.0239256,0.0266507
92,45,0.980717,0.0239164,0.0270943
92,46,0.981348,0.0238325,0.0275208
92,47,0.981977,0.0236748,0.0279299
92,48,0.982606,0.0234446,0.0283211
92,49,0.983235,0.0231435,0.028694
92,50,0.983865,0.0227732,0.0290483
92,51,0.984498,0.0223356,0.0293835
92,52,0.985133,0.021833,0.0296992
92,53,0.985773,0.0212676,0.0299949
92,54,0.986418,0.0206417,0.0302704
92,55,0.987071,0.019958,0.0305251
92,56,0.987732,0.0192189,0.0307586
92,57,0.988402,0.0184271,0.0309704
92,58,0.989084,0.0175852,0.0311601
92,59,0.989779,0.0166959,0.0313272
92,60,0.990487,0.0157619,0.0314713
92,61,0.991211,0.0147858,0.0315918
92,62,0.991952,0.0137702,0.0316884
92,63,0.992712,0.0127177,0.0317607
92,64,0.993491,0.0116308,0.0318082
92,65,0.99429,0.010512,0.0318306
92,66,0.995112,0.0093638,0.0318277
92,67,0.995955,0.0081885,0.0317991
92,68,0.996823,0.00698846,0.0317446
92,69,0.997714,0.00576601,0.0316641
92,70,0.99863,0.00452344,0.0315574
92,71,0.99957,0.00326304,0.0314246
92,72,1.00054,0.00198712,0.0312656
92,73,1.00152,0.000698023,0.0310805
92,74,1.00254,-0.000601856,0.0308693
92,75,1.00358,-0.00191002,0.0306323
92,76,1.00464,-0.00322386,0.0303696
92,77,1.00572,-0.00454063,0.0300815
92,78,1.00682,-0.0058574,0.0297682
92,79,1.00794,-0.00717104,0.0294299
92,80,1.00908,-0.00847821,0.0290671
92,81,1.01024,-0.00977531,0.0286801
92,82,1.0114,-0.0110585,0.0282692
92,83,1.01258,-0.0123236,0.0278349
92,84,1.01377,-0.0135664,0.0273776
92,85,1.01497,-0.014782,0.0268977
92,86,1.01616,-0.0159658,0.0263958
92,87,1.01736,-0.0171125,0.0258724
92,88,1.01856,-0.0182169,0.0253281
92,89,1.01975,-0.0192736,0.0247635
92,90,1.02093,-0.0202773,0.0241794
92,91,1.0221,-0.0212223,0.0235765
92,92,1.02326,-0.0221034,0.0229557
92,93,1.0244,-0.0229153,0.0223179
92,94,1.02552,-0.023653,0.0216642
92,95,1.02662,-0.0243117,0.0209956
92,96,1.02769,-0.0248871,0.0203135
92,97,1.02874,-0.0253754,0.0196189
92,98,1.02976,-0.0257732,0.0189135
92,99,1.03075,-0.0260777,0.0181984
92,100,1.03171,-0.0262869,0.0174754
92,101,1.03263,-0.0263995,0.0167458
92,102,1.03353,-0.0264147,0.0160114
92,103,1.03438,-0.0263325,0.0152736
92,104,1.03521,-0.0261534,0.0145343
92,105,1.03599,-0.0258785,0.0137948
92,106,1.03675,-0.0255087,0.0130572
92,107,1.03746,-0.0250452,0.0123229
92,108,1.03814,-0.0244888,0.0115941
92,109,1.03878,-0.0238397,0.0108723
92,110,1.03939,-0.0230981,0.0101598
92,111,1.03997,-0.0222643,0.0094583
92,112,1.0405,-0.0213406,0.00877015
92,113,1.04101,-0.0203332,0.00809679
92,114,1.04148,-0.019256,0.00744043
92,115,1.04191,-0.0181353,0.00680198
92,116,1.04232,-0.0170139,0.00618309
92,117,1.04269,-0.0159549,0.00558401
92,118,1.04303,-0.0150386,0.00500558
92,119,1.04333,-0.0143505,0.00444655
92,120,1.04361,-0.0139509,0.00390447
92,121,1.04385,-0.0138234,0.00337152
92,122,1.04407,-0.013803,0.00283445
92,123,1.04425,-0.0135031,0.00227195
92,124,1.0444,-0.0122851,0.00166149
92,125,1.04452,-0.00933445,0.000997023
92,126,1.04461,-0.00389293,0.00032413
92,127,1,-0.00343474,0
93,0,1,0,0
93,1,0.960163,-0.000215458,0.000438949
93,2,0.960165,-0.000417216,0.00125553
93,3,0.96019,-0.000939265,0.00196551
93,4,0.960242,-0.00170278,0.00260578
93,5,0.960324,-0.00256746,0.00320626
93,6,0.960434,-0.0033749,0.00378719
93,7,0.960573,-0.0039942,0.00436211
93,8,0.960741,-0.00434531,0.00493873
93,9,0.960937,-0.00440048,0.00552164
93,10,0.961162,-0.00417252,0.00611332
93,11,0.961415,-0.00369883,0.00671524
93,12,0.961695,-0.00302691,0.00732774
93,13,0.962004,-0.00220396,0.0079507
93,14,0.962339,-0.00127098,0.0085833
93,15,0.962701,-0.000260301,0.00922454
93,16,0.963089,0.000804279,0.00987305
93,17,0.963502,0.00190621,0.0105275
93,18,0.963939,0.00303433,0.0111864
93,19,0.9644,0.00418101,0.0118484
93,20,0.964883,0.0053407,0.0125121
93,21,0.965388,0.00650874,0.0131765
93,22,0.965912,0.00768063,0.0138402
93,23,0.966455,0.00885162,0.0145026
93,24,0.967015,0.0100165,0.0151625
93,25,0.967591,0.0111697,0.0158193
93,26,0.968181,0.0123052,0.0164723
93,27,0.968783,0.0134168,0.0171207
93,28,0.969397,0.0144982,0.0177641
93,29,0.970019,0.0155431,0.0184016
93,30,0.97065,0.0165458,0.0190328
93,31,0.971287,0.0175004,0.019657
93,32,0.971929,0.0184019,0.0202736
93,33,0.972574,0.0192455,0.020882
93,34,0.973221,0.020027,0.0214815
93,35,0.97387,0.0207428,0.0220716
93,36,0.974519,0.0213896,0.0226516
93,37,0.975167,0.0219649,0.0232208
93,38,0.975814,0.0224666,0.0237787
93,39,0.976459,0.0228931,0.0243247
93,40,0.977102,0.0232433,0.0248581
93,41,0.977742,0.0235165,0.0253785
93,42,0.978379,0.0237124,0.0258852
93,43,0.979014,0.0238313,0.0263778
93,44,0.979647,0.0238735,0.0268557
93,45,0.980277,0.0238398,0.0273185
93,46,0.980906,0.0237314,0.0277657
93,47,0.981534,0.0235497,0.0281968
93,48,0.982161,0.0232961,0.0286114
93,49,0.98279,0.0229725,0.0290089
93,50,0.983419,0.0225808,0.0293891
93,51,0.984052,0.0221232,0.0297512
93,52,0.984688,0.021602,0.030095
93,53,0.985329,0.0210194,0.0304199
93,54,0.985977,0.0203778,0.0307254
93,55,0.986632,0.0196799,0.0310109
93,56,0.987296,0.018928,0.0312759
93,57,0.987971,0.0181248,0.0315199
93,58,0.988657,0.0172728,0.0317422
93,59,0.989357,0.0163746,0.0319423
93,60,0.990072,0.0154327,0.0321197
93,61,0.990804,0.0144497,0.0322736
93,62,0.991553,0.0134281,0.0324036
93,63,0.992321,0.0123704,0.0325091
93,64,0.99311,0.0112791,0.0325897
93,65,0.99392,0.0101565,0.0326447
93,66,0.994754,0.00900523,0.0326739
93,67,0.99561,0.00782758,0.0326768
93,68,0.996491,0.00662602,0.032653
93,69,0.997398,0.00540297,0.0326023
93,70,0.998329,0.00416089,0.0325244
93,71,0.999286,0.00290226,0.0324191
93,72,1.00027,0.00162965,0.0322863
93,73,1.00128,0.000345662,0.032126
93,74,1.00231,-0.000946985,0.0319381
93,75,1.00337,-0.00224547,0.0317226
93,76,1.00445,-0.00354686,0.0314796
93,77,1.00556,-0.00484807,0.0312092
93,78,1.00668,-0.00614585,0.0309115
93,79,1.00783,-0.0074368,0.0305866
93,80,1.00899,-0.00871732,0.0302349
93,81,1.01017,-0.00998364,0.0298564
93,82,1.01137,-0.0112318,0.0294515
93,83,1.01257,-0.0124577,0.0290205
93,84,1.01378,-0.0136569,0.0285636
93,85,1.01501,-0.014825,0.0280813
93,86,1.01623,-0.0159574,0.027574
93,87,1.01745,-0.0170493,0.0270421
93,88,1.01868,-0.0180959,0.0264863
93,89,1.01989,-0.0190923,0.025907
93,90,1.0211,-0.0200336,0.0253051
93,91,1.0223,-0.0209151,0.0246813
93,92,1.02349,-0.0217319,0.0240365
93,93,1.02465,-0.0224796,0.0233718
93,94,1.0258,-0.0231538,0.0226881
93,95,1.02693,-0.0237505,0.0219868
93,96,1.02803,-0.024266,0.0212693
93,97,1.0291,-0.0246971,0.020537
93,98,1.03015,-0.025041,0.0197915
93,99,1.03117,-0.0252954,0.0190344
93,100,1.03215,-0.0254589,0.0182676
93,101,1.03311,-0.0255303,0.0174927
93,102,1.03402,-0.0255093,0.016712
93,103,1.03491,-0.0253962,0.0159269
93,104,1.03576,-0.0251917,0.0151399
93,105,1.03657,-0.024897,0.0143526
93,106,1.03735,-0.0245134,0.0135673
93,107,1.03809,-0.0240419,0.0127857
93,108,1.03879,-0.0234835,0.0120104
93,109,1.03946,-0.0228384,0.0112431
93,110,1.04009,-0.0221069,0.0104865
93,111,1.04068,-0.0212892,0.00974227
93,112,1.04124,-0.0203871,0.00901328
93,113,1.04176,-0.0194067,0.00830105
93,114,1.04225,-0.0183613,0.00760804
93,115,1.0427,-0.0172764,0.00693529
93,116,1.04312,-0.0161942,0.00628467
93,117,1.0435,-0.0151764,0.00565642
93,118,1.04385,-0.0143022,0.00505143
93,119,1.04417,-0.0136543,0.00446822
93,120,1.04445,-0.0132895,0.00390435
93,121,1.0447,-0.0131855,0.00335212
93,122,1.04492,-0.01317,0.00279906
93,123,1.04511,-0.012852,0.00222569
93,124,1.04526,-0.0115987,0.0016149
93,125,1.04539,-0.00862372,0.000961821
93,126,1.04549,-0.0032289,0.000300069
93,127,1,-0.00343474,0
94,0,1,0,0
94,1,0.96006,0.000292903,0.000448612
94,2,0.960053,0.000196213,0.00125774
94,3,0.960074,-0.000247479,0.00197343
94,4,0.960121,-0.0009666,0.00262065
94,5,0.960196,-0.00181431,0.00322854
94,6,0.960298,-0.00262413,0.00381776
94,7,0.960429,-0.00325946,0.00440031
94,8,0.960588,-0.00363698,0.00498312
94,9,0.960775,-0.00372712,0.00557071
94,10,0.96099,-0.00354154,0.00616563
94,11,0.961233,-0.0031167,0.00676958
94,12,0.961503,-0.00249931,0.00738314
94,13,0.961801,-0.00173584,0.00800642
94,14,0.962125,-0.000866669,0.00863875
94,15,0.962476,7.63928e-05,0.00927932
94,16,0.962852,0.00107003,0.00992682
94,17,0.963253,0.0020981,0.01058
94,18,0.963678,0.00314985,0.0112375
94,19,0.964126,0.00421812,0.011898
94,20,0.964596,0.00529782,0.0125602
94,21,0.965088,0.00638485,0.0132229
94,22,0.965599,0.00747532,0.0138852
94,23,0.96613,0.00856519,0.0145462
94,24,0.966677,0.00965002,0.0152049
94,25,0.96724,0.010725,0.0158609
94,26,0.967818,0.0117849,0.0165132
94,27,0.968409,0.0128243,0.0171615
94,28,0.969012,0.0138379,0.017805
94,29,0.969624,0.01482,0.0184433
94,30,0.970245,0.0157653,0.0190759
94,31,0.970874,0.0166689,0.0197022
94,32,0.971508,0.0175258,0.0203216
94,33,0.972146,0.0183318,0.0209337
94,34,0.972788,0.0190827,0.0215379
94,35,0.973432,0.0197749,0.0221336
94,36,0.974078,0.0204052,0.0227202
94,37,0.974723,0.0209709,0.0232973
94,38,0.975369,0.0214695,0.0238643
94,39,0.976013,0.0218991,0.0244206
94,40,0.976656,0.0222583,0.0249657
94,41,0.977297,0.0225457,0.025499
94,42,0.977936,0.0227608,0.0260202
94,43,0.978573,0.022903,0.0265286
94,44,0.979208,0.0229723,0.0270237
94,45,0.979842,0.022969,0.0275052
94,46,0.980475,0.0228937,0.0279725
94,47,0.981107,0.0227473,0.028425
94,48,0.981739,0.0225309,0.0288624
94,49,0.982372,0.0222459,0.0292841
94,50,0.983007,0.021894,0.0296897
94,51,0.983645,0.0214769,0.0300785
94,52,0.984287,0.0209966,0.03045
94,53,0.984933,0.0204553,0.0308037
94,54,0.985586,0.0198551,0.0311389
94,55,0.986247,0.0191986,0.031455
94,56,0.986918,0.018488,0.0317514
94,57,0.987599,0.0177259,0.0320273
94,58,0.988292,0.0169149,0.0322822
94,59,0.988999,0.0160574,0.0325153
94,60,0.989721,0.015156,0.0327258
94,61,0.99046,0.0142134,0.0329132
94,62,0.991217,0.0132319,0.0330767
94,63,0.991993,0.0122142,0.0332156
94,64,0.992791,0.0111627,0.0333294
94,65,0.99361,0.0100798,0.0334173
94,66,0.994453,0.00896798,0.0334789
94,67,0.99532,0.00782952,0.0335135
94,68,0.996212,0.00666678,0.0335207
94,69,0.99713,0.00548207,0.0335001
94,70,0.998073,0.00427767,0.0334513
94,71,0.999043,0.0030559,0.0333739
94,72,1.00004,0.00181907,0.0332678
94,73,1.00106,0.000569551,0.0331326
94,74,1.00211,-0.000690231,0.0329683
94,75,1.00318,-0.00195776,0.0327747
94,76,1.00428,-0.00323039,0.0325516
94,77,1.0054,-0.00450535,0.0322992
94,78,1.00655,-0.0057797,0.0320173
94,79,1.00771,-0.00705031,0.031706
94,80,1.0089,-0.00831384,0.0313654
94,81,1.01009,-0.00956673,0.0309956
94,82,1.01131,-0.0108052,0.0305966
94,83,1.01254,-0.0120252,0.0301688
94,84,1.01377,-0.0132224,0.0297123
94,85,1.01502,-0.0143924,0.0292274
94,86,1.01627,-0.0155305,0.0287145
94,87,1.01752,-0.0166319,0.0281739
94,88,1.01877,-0.0176915,0.0276063
94,89,1.02001,-0.0187043,0.0270121
94,90,1.02125,-0.0196652,0.0263922
94,91,1.02248,-0.0205691,0.0257472
94,92,1.02369,-0.0214112,0.0250783
94,93,1.02489,-0.0221865,0.0243863
94,94,1.02607,-0.0228906,0.0236728
94,95,1.02723,-0.0235191,0.0229388
94,96,1.02837,-0.0240682,0.0221862
94,97,1.02947,-0.0245344,0.0214163
94,98,1.03055,-0.0249147,0.0206312
94,99,1.0316,-0.0252067,0.0198326
94,100,1.03262,-0.0254087,0.0190228
94,101,1.03361,-0.0255193,0.0182037
94,102,1.03456,-0.025538,0.0173776
94,103,1.03547,-0.0254649,0.0165466
94,104,1.03635,-0.0253004,0.0157132
94,105,1.03719,-0.0250455,0.0148795
94,106,1.03799,-0.0247011,0.0140481
94,107,1.03876,-0.0242683,0.0132209
94,108,1.03948,-0.0237478,0.0124009
94,109,1.04017,-0.0231398,0.0115899
94,110,1.04082,-0.0224442,0.0107911
94,111,1.04144,-0.0216613,0.0100062
94,112,1.04201,-0.0207928,0.0092383
94,113,1.04255,-0.0198445,0.00848911
94,114,1.04305,-0.0188297,0.00776133
94,115,1.04351,-0.0177736,0.00705608
94,116,1.04394,-0.0167183,0.0063754
94,117,1.04433,-0.0157255,0.00571949
94,118,1.04469,-0.0148739,0.00508925
94,119,1.04501,-0.0142456,0.004483
94,120,1.0453,-0.0138947,0.0038983
94,121,1.04555,-0.0137948,0.00332751
94,122,1.04578,-0.0137682,0.00275954
94,123,1.04596,-0.0134208,0.00217739
94,124,1.04612,-0.0121266,0.00156561
94,125,1.04624,-0.00912624,0.000924345
94,126,1.04632,-0.00377811,0.00029751
94,127,1,-0.00343474,0
95,0,1,0,0
95,1,0.959982,-0.000129014,0.000441965
95,2,0.959977,-0.000119764,0.00126125
95,3,0.959994,-0.000488529,0.00197702
95,4,0.960038,-0.00116795,0.00262856
95,5,0.960109,-0.00200169,0.003244
95,6,0.960207,-0.00281321,0.00384065
95,7,0.960333,-0.00345887,0.00442979
95,8,0.960486,-0.00385112,0.00501784
95,9,0.960666,-0.00395786,0.00560909
95,10,0.960874,-0.00378911,0.00620615
95,11,0.961108,-0.00338008,0.00681101
95,12,0.961369,-0.00277645,0.00742446
95,13,0.961657,-0.0020239,0.00804687
95,14,0.961971,-0.00116217,0.00867776
95,15,0.962312,-0.000222681,0.00931647
95,16,0.962677,0.000771504,0.00996179
95,17,0.963068,0.00180433,0.0106126
95,18,0.963483,0.00286496,0.0112675
95,19,0.963921,0.00394602,0.0119254
95,20,0.964382,0.00504208,0.012585
95,21,0.964865,0.00614859,0.0132451
95,22,0.965368,0.00726114,0.0139049
95,23,0.96589,0.00837504,0.0145636
95,24,0.96643,0.00948521,0.0152202
95,25,0.966987,0.0105861,0.0158743
95,26,0.967559,0.0116718,0.0165252
95,27,0.968144,0.0127362,0.0171724
95,28,0.968742,0.0137733,0.0178154
95,29,0.969351,0.0147768,0.0184537
95,30,0.969968,0.0157409,0.0190869
95,31,0.970593,0.0166602,0.0197146
95,32,0.971225,0.0175294,0.0203363
95,33,0.971861,0.0183439,0.0209514
95,34,0.972501,0.0190996,0.0215596
95,35,0.973143,0.0197927,0.0221604
95,36,0.973787,0.0204201,0.0227532
95,37,0.974432,0.0209792,0.0233377
95,38,0.975076,0.0214678,0.0239132
95,39,0.975719,0.0218843,0.0244794
95,40,0.976361,0.0222275,0.0250357
95,41,0.977001,0.0224966,0.0255817
95,42,0.97764,0.0226914,0.0261169
95,43,0.978277,0.0228117,0.0266407
95,44,0.978912,0.022858,0.0271528
95,45,0.979545,0.0228311,0.0276526
95,46,0.980178,0.0227317,0.0281396
95,47,0.98081,0.0225612,0.0286133
95,48,0.981443,0.0223211,0.0290732
95,49,0.982077,0.022013,0.0295188
95,50,0.982712,0.0216388,0.0299495
95,51,0.983351,0.0212005,0.0303646
95,52,0.983995,0.0207001,0.0307636
95,53,0.984643,0.0201399,0.0311458
95,54,0.985299,0.0195223,0.0315106
95,55,0.985962,0.0188496,0.0318571
95,56,0.986636,0.0181243,0.0321847
95,57,0.98732,0.0173487,0.0324925
95,58,0.988017,0.0165255,0.0327798
95,59,0.988728,0.015657,0.0330457
95,60,0.989455,0.0147458,0.0332895
95,61,0.9902,0.0137944,0.0335102
95,62,0.990963,0.0128052,0.0337072
95,63,0.991746,0.0117807,0.0338795
95,64,0.992551,0.0107233,0.0340264
95,65,0.993378,0.00963553,0.0341472
95,66,0.994229,0.00851975,0.0342412
95,67,0.995105,0.00737841,0.0343076
95,68,0.996007,0.00621394,0.0343458
95,69,0.996935,0.00502879,0.0343553
95,70,0.99789,0.00382545,0.0343356
95,71,0.998872,0.00260644,0.0342862
95,72,0.999881,0.00137436,0.0342066
95,73,1.00092,0.000131856,0.0340966
95,74,1.00198,-0.00111832,0.0339558
95,75,1.00307,-0.00237331,0.0337839
95,76,1.00418,-0.00363015,0.0335807
95,77,1.00532,-0.00488575,0.0333461
95,78,1.00648,-0.00613684,0.0330799
95,79,1.00766,-0.00738005,0.032782
95,80,1.00886,-0.00861182,0.0324524
95,81,1.01008,-0.00982843,0.032091
95,82,1.01131,-0.011026,0.0316979
95,83,1.01256,-0.0122005,0.0312731
95,84,1.01381,-0.0133479,0.0308168
95,85,1.01508,-0.0144637,0.0303291
95,86,1.01635,-0.0155436,0.0298105
95,87,1.01762,-0.0165831,0.0292611
95,88,1.01889,-0.0175779,0.0286816
95,89,1.02015,-0.0185232,0.0280725
95,90,1.02141,-0.0194147,0.0274345
95,91,1.02266,-0.020248,0.0267685
95,92,1.02389,-0.0210189,0.0260756
95,93,1.02511,-0.0217232,0.0253567
95,94,1.02631,-0.0223572,0.0246135
95,95,1.02749,-0.0229173,0.0238474
95,96,1.02865,-0.0234003,0.0230601
95,97,1.02978,-0.0238035,0.0222533
95,98,1.03088,-0.0241244,0.0214294
95,99,1.03196,-0.0243611,0.0205902
95,100,1.033,-0.0245124,0.0197383
95,101,1.034,-0.0245774,0.0188759
95,102,1.03498,-0.024556,0.0180057
95,103,1.03591,-0.0244483,0.0171299
95,104,1.03681,-0.0242552,0.0162516
95,105,1.03768,-0.0239777,0.0153729
95,106,1.0385,-0.0236169,0.014497
95,107,1.03929,-0.023174,0.0136259
95,108,1.04004,-0.0226497,0.0127629
95,109,1.04075,-0.0220442,0.0119101
95,110,1.04142,-0.0213574,0.0110708
95,111,1.04205,-0.0205895,0.0102471
95,112,1.04264,-0.0197419,0.00944219
95,113,1.04319,-0.0188201,0.00865793
95,114,1.04371,-0.0178368,0.00789727
95,115,1.04419,-0.0168165,0.00716137
95,116,1.04463,-0.0158004,0.00645247
95,117,1.04503,-0.0148491,0.00577071
95,118,1.0454,-0.0140395,0.00511701
95,119,1.04573,-0.0134515,0.00448942
95,120,1.04603,-0.0131357,0.00388548
95,121,1.04628,-0.0130608,0.00329772
95,122,1.04651,-0.0130443,0.00271594
95,123,1.0467,-0.0126902,0.00212503
95,124,1.04686,-0.0113799,0.00151507
95,125,1.04698,-0.00837836,0.000887142
95,126,1.04708,-0.00309076,0.000272879
95,127,1,-0.00343474,0
96,0,1,0,0
96,1,0.959902,0.000429201,0.000448421
96,2,0.959889,0.000544023,0.0012565
96,3,0.959904,0.00024842,0.00197551
96,4,0.959943,-0.000390744,0.00263222
96,5,0.960009,-0.00120834,0.00325345
96,6,0.960101,-0.00201989,0.00385657
96,7,0.96022,-0.00267705,0.00445128
96,8,0.960366,-0.00309003,0.00504326
96,9,0.960539,-0.00322567,0.00563681
96,10,0.960739,-0.0030932,0.00623466
96,11,0.960965,-0.00272712,0.00683908
96,12,0.961218,-0.00217234,0.00745111
96,13,0.961498,-0.00147386,0.0080714
96,14,0.961804,-0.000670786,0.00869963
96,15,0.962135,0.000205988,0.00933532
96,16,0.962492,0.00113382,0.00997737
96,17,0.962873,0.00209702,0.0106248
96,18,0.963278,0.00308513,0.0112762
96,19,0.963707,0.00409113,0.0119306
96,20,0.964158,0.00511003,0.0125866
96,21,0.964631,0.00613774,0.0132435
96,22,0.965124,0.00717041,0.0139001
96,23,0.965637,0.00820402,0.0145557
96,24,0.966168,0.00923418,0.0152097
96,25,0.966715,0.0102561,0.0158614
96,26,0.967279,0.0112648,0.0165103
96,27,0.967856,0.0122548,0.017156
96,28,0.968446,0.0132209,0.0177979
96,29,0.969048,0.0141578,0.0184359
96,30,0.969659,0.0150603,0.0190693
96,31,0.970279,0.0159235,0.0196979
96,32,0.970906,0.0167427,0.0203213
96,33,0.971539,0.0175136,0.0209391
96,34,0.972176,0.0182325,0.0215508
96,35,0.972817,0.0188956,0.0221561
96,36,0.97346,0.0195,0.0227546
96,37,0.974105,0.0200428,0.0233459
96,38,0.97475,0.0205218,0.0239294
96,39,0.975396,0.0209351,0.0245049
96,40,0.976041,0.0212811,0.0250718
96,41,0.976684,0.0215586,0.0256298
96,42,0.977327,0.0217669,0.0261783
96,43,0.977969,0.0219054,0.0267169
96,44,0.978609,0.0219741,0.0272452
96,45,0.979248,0.0219732,0.0277626
96,46,0.979887,0.0219031,0.0282687
96,47,0.980526,0.0217646,0.028763
96,48,0.981165,0.0215587,0.0292448
96,49,0.981805,0.0212867,0.0297136
96,50,0.982447,0.02095,0.0301688
96,51,0.983093,0.0205504,0.0306097
96,52,0.983742,0.0200897,0.0310357
96,53,0.984397,0.0195699,0.0314459
96,54,0.985059,0.018993,0.0318397
96,55,0.985729,0.0183613,0.0322162
96,56,0.986409,0.0176772,0.0325745
96,57,0.987099,0.016943,0.0329138
96,58,0.987802,0.0161611,0.0332331
96,59,0.98852,0.0153339,0.0335316
96,60,0.989253,0.014464,0.0338083
96,61,0.990003,0.0135537,0.0340622
96,62,0.990772,0.0126057,0.0342923
96,63,0.991561,0.0116223,0.0344979
96,64,0.992372,0.0106059,0.0346778
96,65,0.993206,0.00955895,0.0348313
96,66,0.994064,0.00848386,0.0349575
96,67,0.994947,0.00738294,0.0350556
96,68,0.995855,0.00625854,0.0351248
96,69,0.996791,0.00511298,0.0351644
96,70,0.997753,0.00394859,0.0351737
96,71,0.998743,0.00276769,0.0351521
96,72,0.99976,0.00157265,0.0350991
96,73,1.0008,0.000365885,0.0350141
96,74,1.00188,-0.000850132,0.0348967
96,75,1.00297,-0.00207283,0.0347464
96,76,1.0041,-0.00329954,0.034563
96,77,1.00524,-0.00452743,0.034346
96,78,1.00642,-0.00575355,0.0340953
96,79,1.00761,-0.00697475,0.0338105
96,80,1.00882,-0.0081877,0.0334914
96,81,1.01005,-0.00938889,0.0331381
96,82,1.0113,-0.0105746,0.0327503
96,83,1.01256,-0.0117409,0.032328
96,84,1.01383,-0.0128836,0.0318713
96,85,1.01511,-0.0139985,0.0313803
96,86,1.0164,-0.015081,0.0308553
96,87,1.01769,-0.0161268,0.0302966
96,88,1.01898,-0.017131,0.0297046
96,89,1.02027,-0.0180891,0.02908
96,90,1.02155,-0.0189963,0.0284235
96,91,1.02282,-0.0198481,0.027736
96,92,1.02408,-0.02064,0.0270187
96,93,1.02532,-0.0213678,0.0262729
96,94,1.02655,-0.0220274,0.0255
96,95,1.02776,-0.0226151,0.0247017
96,96,1.02894,-0.0231275,0.02388
96,97,1.0301,-0.0235617,0.0230369
96,98,1.03123,-0.0239152,0.0221748
96,99,1.03233,-0.0241859,0.0212959
96,100,1.0334,-0.0243724,0.020403
96,101,1.03443,-0.0244736,0.0194986
96,102,1.03543,-0.0244892,0.0185858
96,103,1.0364,-0.0244193,0.017667
96,104,1.03732,-0.0242644,0.0167457
96,105,1.03821,-0.0240253,0.0158241
96,106,1.03906,-0.023703,0.0149058
96,107,1.03987,-0.0232985,0.0139932
96,108,1.04064,-0.0228122,0.0130896
96,109,1.04137,-0.0222444,0.0121975
96,110,1.04205,-0.0215947,0.0113204
96,111,1.0427,-0.0208632,0.0104605
96,112,1.04331,-0.0200514,0.00962123
96,113,1.04388,-0.0191644,0.0088045
96,114,1.04441,-0.0182149,0.00801352
96,115,1.04489,-0.0172271,0.00724942
96,116,1.04534,-0.016242,0.00651464
96,117,1.04575,-0.0153198,0.00580917
96,118,1.04613,-0.0145371,0.00513396
96,119,1.04646,-0.0139726,0.00448678
96,120,1.04676,-0.0136748,0.00386517
96,121,1.04703,-0.0136093,0.00326174
96,122,1.04725,-0.0135903,0.00266773
96,123,1.04745,-0.0132214,0.00207054
96,124,1.0476,-0.0118921,0.00146189
96,125,1.04772,-0.00889033,0.000847678
96,126,1.0478,-0.0036642,0.000269796
96,127,1,-0.00343474,0
97,0,1,0,0
97,1,0.959838,-3.46334e-05,0.000439405
97,2,0.959828,0.0001845,0.00125327
97,3,0.95984,-4.28912e-05,0.00197004
97,4,0.959877,-0.000647975,0.00262943
97,5,0.959941,-0.0014542,0.00325654
97,6,0.960031,-0.00226755,0.00386521
97,7,0.960147,-0.00293391,0.00446442
97,8,0.960289,-0.0033604,0.00505934
97,9,0.960457,-0.0035121,0.00565412
97,10,0.960651,-0.00339692,0.00625164
97,11,0.960871,-0.00304817,0.00685447
97,12,0.961118,-0.00250966,0.0074639
97,13,0.96139,-0.0018254,0.00808089
97,14,0.961688,-0.00103371,0.00870528
97,15,0.962011,-0.000164891,0.00933679
97,16,0.96236,0.000758807,0.00997441
97,17,0.962734,0.00172192,0.0106173
97,18,0.963132,0.00271403,0.0112641
97,19,0.963553,0.00372801,0.0119139
97,20,0.963998,0.00475864,0.0125655
97,21,0.964464,0.00580147,0.013218
97,22,0.964952,0.00685221,0.0138704
97,23,0.965459,0.00790629,0.0145222
97,24,0.965985,0.00895871,0.0151726
97,25,0.966529,0.0100041,0.0158211
97,26,0.96709,0.0110366,0.0164672
97,27,0.967665,0.0120504,0.0171106
97,28,0.968253,0.0130393,0.0177508
97,29,0.968853,0.0139976,0.0183876
97,30,0.969464,0.0149194,0.0190206
97,31,0.970084,0.0157994,0.0196495
97,32,0.970712,0.0166324,0.020274
97,33,0.971346,0.017414,0.0208939
97,34,0.971984,0.0181399,0.0215086
97,35,0.972627,0.0188066,0.022118
97,36,0.973272,0.0194109,0.0227216
97,37,0.973919,0.01995,0.0233191
97,38,0.974566,0.020422,0.0239102
97,39,0.975214,0.020825,0.0244945
97,40,0.975861,0.0211578,0.0250715
97,41,0.976508,0.0214196,0.025641
97,42,0.977153,0.02161,0.0262024
97,43,0.977797,0.0217288,0.0267554
97,44,0.97844,0.0217763,0.0272994
97,45,0.979082,0.0217531,0.0278341
97,46,0.979723,0.0216601,0.0283588
97,47,0.980365,0.0214985,0.0288731
97,48,0.981006,0.0212694,0.0293764
97,49,0.98165,0.0209746,0.029868
97,50,0.982295,0.0206157,0.0303473
97,51,0.982943,0.0201946,0.0308135
97,52,0.983596,0.0197133,0.031266
97,53,0.984254,0.019174,0.0317038
97,54,0.984919,0.0185789,0.0321262
97,55,0.985593,0.0179302,0.0325322
97,56,0.986276,0.0172303,0.0329209
97,57,0.98697,0.0164815,0.0332912
97,58,0.987677,0.0156864,0.0336422
97,59,0.988399,0.0148472,0.0339729
97,60,0.989136,0.0139665,0.034282
97,61,0.989891,0.0130467,0.0345686
97,62,0.990664,0.0120902,0.0348317
97,63,0.991458,0.0110996,0.03507
97,64,0.992274,0.0100771,0.0352826
97,65,0.993114,0.00902533,0.0354684
97,66,0.993977,0.00794665,0.0356265
97,67,0.994866,0.00684354,0.0357558
97,68,0.995781,0.00571847,0.0358555
97,69,0.996722,0.00457393,0.0359247
97,70,0.997692,0.00341245,0.0359626
97,71,0.998689,0.00223662,0.0359684
97,72,0.999713,0.00104908,0.0359413
97,73,1.00077,-0.000147468,0.0358808
97,74,1.00185,-0.00135022,0.0357862
97,75,1.00295,-0.00255627,0.035657
97,76,1.00408,-0.00376264,0.0354926
97,77,1.00524,-0.0049662,0.0352926
97,78,1.00642,-0.00616371,0.0350566
97,79,1.00763,-0.00735179,0.0347842
97,80,1.00885,-0.00852695,0.0344751
97,81,1.01009,-0.00968554,0.034129
97,82,1.01135,-0.0108238,0.0337459
97,83,1.01262,-0.0119379,0.0333254
97,84,1.01391,-0.0130238,0.0328678
97,85,1.0152,-0.0140776,0.0323729
97,86,1.0165,-0.015095,0.031841
97,87,1.0178,-0.016072,0.0312724
97,88,1.0191,-0.0170044,0.0306676
97,89,1.0204,-0.0178882,0.0300272
97,90,1.0217,-0.0187193,0.029352
97,91,1.02298,-0.019494,0.0286431
97,92,1.02426,-0.0202085,0.0279015
97,93,1.02552,-0.0208592,0.0271288
97,94,1.02676,-0.021443,0.0263266
97,95,1.02799,-0.0219568,0.0254967
97,96,1.02919,-0.022398,0.0246414
97,97,1.03036,-0.0227644,0.0237627
97,98,1.03151,-0.0230539,0.0228634
97,99,1.03263,-0.0232653,0.021946
97,100,1.03372,-0.0233973,0.0210136
97,101,1.03477,-0.0234496,0.0200687
97,102,1.03579,-0.023422,0.019115
97,103,1.03677,-0.0233149,0.0181551
97,104,1.03772,-0.0231291,0.0171926
97,105,1.03862,-0.0228655,0.0162303
97,106,1.03949,-0.0225253,0.0152719
97,107,1.04032,-0.0221093,0.01432
97,108,1.04111,-0.0216183,0.0133784
97,109,1.04185,-0.0210522,0.0124494
97,110,1.04256,-0.0204108,0.0115371
97,111,1.04323,-0.019694,0.0106434
97,112,1.04385,-0.0189029,0.00977241
97,113,1.04443,-0.0180424,0.00892579
97,114,1.04497,-0.0171245,0.00810704
97,115,1.04548,-0.0161728,0.00731728
97,116,1.04594,-0.0152273,0.00655911
97,117,1.04636,-0.0143468,0.00583238
97,118,1.04674,-0.0136063,0.00513808
97,119,1.04709,-0.013082,0.00447361
97,120,1.04739,-0.0128195,0.00383653
97,121,1.04766,-0.0127806,0.00321957
97,122,1.04789,-0.0127769,0.00261489
97,123,1.04808,-0.0124127,0.00201176
97,124,1.04824,-0.0110862,0.00140738
97,125,1.04837,-0.00810561,0.000808373
97,126,1.04847,-0.00295325,0.000244389
97,127,1,-0.00343474,0
98,0,1,0,0
98,1,0.959766,0.000569613,0.000442725
98,2,0.95975,0.00089058,0.00124216
98,3,0.959761,0.000729053,0.00195999
98,4,0.959795,0.000159535,0.0026229
98,5,0.959855,-0.000631159,0.0032542
98,6,0.95994,-0.00144174,0.00386746
98,7,0.960051,-0.00211467,0.00447007
98,8,0.960188,-0.00255594,0.00506657
98,9,0.96035,-0.00273023,0.00566119
98,10,0.960539,-0.00264509,0.00625698
98,11,0.960753,-0.00233321,0.00685685
98,12,0.960994,-0.00183771,0.00746236
98,13,0.96126,-0.00120187,0.00807476
98,14,0.961552,-0.000463406,0.00869407
98,15,0.961869,0.000347914,0.00932024
98,16,0.962211,0.00121024,0.00995233
98,17,0.962578,0.00210844,0.0105896
98,18,0.962969,0.0030324,0.0112309
98,19,0.963384,0.0039753,0.0118752
98,20,0.963822,0.00493226,0.0125215
98,21,0.964282,0.00589928,0.0131689
98,22,0.964762,0.00687253,0.0138164
98,23,0.965263,0.00784805,0.0144637
98,24,0.965784,0.00882151,0.0151099
98,25,0.966322,0.00978822,0.0157547
98,26,0.966877,0.0107432,0.0163975
98,27,0.967447,0.0116814,0.0170382
98,28,0.968031,0.0125975,0.0176762
98,29,0.968628,0.0134865,0.0183115
98,30,0.969236,0.0143433,0.0189436
98,31,0.969854,0.0151632,0.0195725
98,32,0.97048,0.0159416,0.0201977
98,33,0.971113,0.0166746,0.0208191
98,34,0.971753,0.0173583,0.0214363
98,35,0.972397,0.0179893,0.0220493
98,36,0.973044,0.0185646,0.0226575
98,37,0.973695,0.0190815,0.0232608
98,38,0.974346,0.0195378,0.0238588
98,39,0.974999,0.0199316,0.0244513
98,40,0.975652,0.0202614,0.0250378
98,41,0.976305,0.020526,0.0256181
98,42,0.976957,0.0207246,0.0261918
98,43,0.977609,0.0208566,0.0267584
98,44,0.97826,0.0209219,0.0273174
98,45,0.97891,0.0209206,0.0278686
98,46,0.97956,0.020853,0.0284112
98,47,0.980209,0.02072,0.0289448
98,48,0.98086,0.0205223,0.0294687
98,49,0.981511,0.0202611,0.0299824
98,50,0.982165,0.0199378,0.030485
98,51,0.982822,0.0195539,0.0309758
98,52,0.983482,0.0191111,0.031454
98,53,0.984149,0.0186113,0.0319188
98,54,0.984821,0.0180564,0.032369
98,55,0.985502,0.0174487,0.0328038
98,56,0.986192,0.0167901,0.0332221
98,57,0.986892,0.0160831,0.0336229
98,58,0.987606,0.01533,0.0340049
98,59,0.988333,0.014533,0.034367
98,60,0.989075,0.0136946,0.034708
98,61,0.989835,0.0128172,0.0350268
98,62,0.990614,0.0119032,0.035322
98,63,0.991413,0.010955,0.0355926
98,64,0.992233,0.00997502,0.0358373
98,65,0.993076,0.0089656,0.0360549
98,66,0.993943,0.00792913,0.0362443
98,67,0.994835,0.00686798,0.0364043
98,68,0.995754,0.00578451,0.036534
98,69,0.996699,0.00468107,0.0366322
98,70,0.997672,0.00356002,0.0366981
98,71,0.998672,0.00242376,0.0367306
98,72,0.9997,0.00127468,0.036729
98,73,1.00076,0.000115276,0.0366923
98,74,1.00184,-0.00105193,0.0366199
98,75,1.00295,-0.00222431,0.036511
98,76,1.00409,-0.00339913,0.0363649
98,77,1.00525,-0.00457355,0.0361811
98,78,1.00643,-0.00574459,0.0359591
98,79,1.00764,-0.0069091,0.0356982
98,80,1.00887,-0.00806378,0.0353981
98,81,1.01012,-0.00920517,0.0350584
98,82,1.01139,-0.0103296,0.0346789
98,83,1.01267,-0.0114334,0.0342593
98,84,1.01396,-0.0125125,0.0337996
98,85,1.01526,-0.0135629,0.0332998
98,86,1.01657,-0.0145804,0.0327601
98,87,1.01789,-0.0155608,0.0321807
98,88,1.0192,-0.0164999,0.0315622
98,89,1.02052,-0.0173934,0.0309053
98,90,1.02183,-0.0182372,0.0302107
98,91,1.02314,-0.0190272,0.0294797
98,92,1.02443,-0.0197595,0.0287135
98,93,1.02571,-0.0204304,0.0279138
98,94,1.02697,-0.0210366,0.0270823
98,95,1.02822,-0.0215749,0.0262211
98,96,1.02944,-0.0220425,0.0253326
98,97,1.03064,-0.022437,0.0244192
98,98,1.03181,-0.0227565,0.0234838
98,99,1.03295,-0.0229993,0.0225291
98,100,1.03406,-0.0231643,0.0215586
98,101,1.03514,-0.0232508,0.0205752
98,102,1.03618,-0.0232587,0.0195826
98,103,1.03719,-0.0231881,0.0185838
98,104,1.03816,-0.0230396,0.0175828
98,105,1.03909,-0.0228139,0.0165825
98,106,1.03998,-0.0225121,0.0155869
98,107,1.04082,-0.0221349,0.0145987
98,108,1.04163,-0.0216826,0.0136221
98,109,1.0424,-0.0211553,0.0126596
98,110,1.04312,-0.0205526,0.0117152
98,111,1.0438,-0.0198742,0.0107912
98,112,1.04444,-0.0191212,0.00989174
98,113,1.04503,-0.0182984,0.00901853
98,114,1.04558,-0.0174174,0.00817525
98,115,1.04609,-0.0165018,0.00736295
98,116,1.04656,-0.0155911,0.00658439
98,117,1.04699,-0.0147437,0.00583922
98,118,1.04738,-0.0140339,0.0051284
98,119,1.04773,-0.0135366,0.00444904
98,120,1.04804,-0.0132957,0.00379867
98,121,1.04832,-0.013271,0.00317005
98,122,1.04855,-0.0132728,0.00255679
98,123,1.04875,-0.0129079,0.0019506
98,124,1.0489,-0.0115836,0.00135015
98,125,1.04903,-0.00862691,0.000766725
98,126,1.0491,-0.0035506,0.000240593
98,127,1,-0.00343474,0
99,0,1,0,0
99,1,0.959704,6.22616e-05,0.000431649
99,2,0.959691,0.000481657,0.0012328
99,3,0.9597,0.000379707,0.00194644
99,4,0.959734,-0.000161583,0.00261054
99,5,0.959793,-0.00094292,0.00324605
99,6,0.959877,-0.0017546,0.00386293
99,7,0.959987,-0.00243488,0.00446785
99,8,0.960122,-0.00288793,0.0050649
99,9,0.960281,-0.00307738,0.00565827
99,10,0.960466,-0.00300978,0.0062512
99,11,0.960677,-0.00271668,0.00684696
99,12,0.960913,-0.00223998,0.00744737
99,13,0.961174,-0.00162181,0.00805402
99,14,0.96146,-0.000898907,0.0086671
99,15,0.961772,-0.000100284,0.00928679
99,16,0.962109,0.000752766,0.00991222
99,17,0.962471,0.00164546,0.0105429
99,18,0.962857,0.00256785,0.0111775
99,19,0.963267,0.00351314,0.0118153
99,20,0.963701,0.00447632,0.0124553
99,21,0.964157,0.00545311,0.0130966
99,22,0.964635,0.00643936,0.0137385
99,23,0.965133,0.00743063,0.0143804
99,24,0.965651,0.00842208,0.0150216
99,25,0.966188,0.00940846,0.0156618
99,26,0.966743,0.0103842,0.0163006
99,27,0.967313,0.0113435,0.0169378
99,28,0.967898,0.0122806,0.017573
99,29,0.968497,0.0131897,0.0182061
99,30,0.969108,0.0140652,0.0188368
99,31,0.969728,0.0149019,0.0194649
99,32,0.970358,0.0156949,0.0200903
99,33,0.970996,0.0164396,0.0207127
99,34,0.97164,0.017132,0.021332
99,35,0.972289,0.0177685,0.0219479
99,36,0.972941,0.018346,0.0225602
99,37,0.973597,0.0188618,0.0231688
99,38,0.974254,0.0193138,0.0237732
99,39,0.974913,0.0197001,0.0243734
99,40,0.975572,0.0200196,0.0249689
99,41,0.97623,0.0202712,0.0255595
99,42,0.976888,0.0204544,0.0261448
99,43,0.977546,0.0205692,0.0267245
99,44,0.978202,0.0206156,0.0272981
99,45,0.978858,0.0205942,0.0278651
99,46,0.979513,0.0205056,0.0284251
99,47,0.980169,0.020351,0.0289774
99,48,0.980824,0.0201315,0.0295214
99,49,0.981481,0.0198485,0.0300564
99,50,0.98214,0.0195038,0.0305817
99,51,0.982802,0.0190991,0.0310965
99,52,0.983468,0.0186362,0.0315998
99,53,0.984139,0.0181173,0.0320907
99,54,0.984816,0.0175443,0.0325681
99,55,0.985501,0.0169196,0.0330311
99,56,0.986196,0.0162454,0.0334783
99,57,0.986901,0.0155239,0.0339087
99,58,0.987618,0.0147576,0.0343209
99,59,0.988349,0.0139488,0.0347138
99,60,0.989096,0.0130999,0.0350859
99,61,0.98986,0.0122133,0.035436
99,62,0.990642,0.0112915,0.0357627
99,63,0.991444,0.0103369,0.0360647
99,64,0.992268,0.00935192,0.0363405
99,65,0.993114,0.00833905,0.036589
99,66,0.993985,0.00730075,0.0368088
99,67,0.99488,0.00623953,0.0369986
99,68,0.995802,0.00515789,0.0371573
99,69,0.99675,0.00405839,0.0372836
99,70,0.997726,0.00294362,0.0373764
99,71,0.998729,0.00181621,0.0374346
99,72,0.99976,0.000678862,0.0374572
99,73,1.00082,-0.000465652,0.0374433
99,74,1.00191,-0.00161449,0.0373918
99,75,1.00302,-0.00276473,0.037302
99,76,1.00416,-0.00391334,0.0371731
99,77,1.00533,-0.0050572,0.0370042
99,78,1.00651,-0.0061931,0.0367948
99,79,1.00773,-0.00731771,0.0365442
99,80,1.00896,-0.00842759,0.0362519
99,81,1.01021,-0.00951925,0.0359174
99,82,1.01148,-0.0105891,0.0355403
99,83,1.01277,-0.0116334,0.0351205
99,84,1.01407,-0.0126484,0.0346577
99,85,1.01538,-0.0136305,0.034152
99,86,1.01669,-0.0145758,0.0336035
99,87,1.01801,-0.0154806,0.0330126
99,88,1.01934,-0.0163412,0.0323798
99,89,1.02066,-0.017154,0.0317058
99,90,1.02198,-0.0179156,0.0309916
99,91,1.02329,-0.0186226,0.0302385
99,92,1.0246,-0.019272,0.0294478
99,93,1.02589,-0.0198608,0.0286213
99,94,1.02716,-0.0203863,0.0277611
99,95,1.02842,-0.0208463,0.0268693
99,96,1.02965,-0.0212387,0.0259486
99,97,1.03087,-0.0215616,0.0250016
99,98,1.03205,-0.0218139,0.0240315
99,99,1.03321,-0.0219943,0.0230413
99,100,1.03433,-0.0221023,0.0220347
99,101,1.03543,-0.0221376,0.0210148
99,102,1.03649,-0.0221004,0.0199857
99,103,1.03751,-0.021991,0.0189505
99,104,1.03849,-0.0218104,0.0179136
99,105,1.03944,-0.0215593,0.016878
99,106,1.04035,-0.0212388,0.0158481
99,107,1.04121,-0.0208497,0.0148267
99,108,1.04203,-0.0203924,0.0138183
99,109,1.04282,-0.0198668,0.0128253
99,110,1.04355,-0.0192725,0.0118522
99,111,1.04425,-0.0186089,0.0109012
99,112,1.0449,-0.017877,0.00997652
99,113,1.04551,-0.017081,0.00907997
99,114,1.04608,-0.0162321,0.00821538
99,115,1.0466,-0.0153531,0.00738374
99,116,1.04708,-0.0144824,0.00658792
99,117,1.04752,-0.0136771,0.00582739
99,118,1.04792,-0.0130095,0.00510309
99,119,1.04828,-0.0125522,0.00441173
99,120,1.0486,-0.0123465,0.00375083
99,121,1.04887,-0.0123497,0.00311322
99,122,1.04911,-0.0123716,0.00249342
99,123,1.04931,-0.0120221,0.00188483
99,124,1.04947,-0.0107182,0.00129145
99,125,1.0496,-0.00780379,0.000725135
99,126,1.04969,-0.00281462,0.000214233
99,127,1,-0.00343474,0
100,0,1,0,0
100,1,0.959628,0.000708205,0.000431982
100,2,0.959611,0.00122152,0.00121608
100,3,0.95962,0.00117637,0.00192892
100,4,0.959652,0.000665732,0.00259505
100,5,0.959708,-0.000100248,0.00323318
100,6,0.95979,-0.000905841,0.00385269
100,7,0.959896,-0.00158739,0.0044588
100,8,0.960027,-0.00204902,0.00505502
100,9,0.960183,-0.00225466,0.00564575
100,10,0.960364,-0.00221075,0.00623442
100,11,0.960571,-0.00194837,0.0068247
100,12,0.960803,-0.00150872,0.00741869
100,13,0.961061,-0.000933199,0.00801831
100,14,0.961344,-0.000257896,0.00862393
100,15,0.961652,0.000488689,0.00923596
100,16,0.961985,0.00128565,0.00985363
100,17,0.962342,0.00211852,0.0104766
100,18,0.962724,0.00297758,0.0111036
100,19,0.96313,0.0038563,0.011734
100,20,0.96356,0.00474994,0.0123668
100,21,0.964012,0.0056546,0.0130014
100,22,0.964486,0.00656654,0.0136368
100,23,0.964981,0.00748187,0.0142726
100,24,0.965496,0.00839634,0.0149082
100,25,0.96603,0.0093054,0.0155435
100,26,0.966583,0.0102042,0.0161778
100,27,0.967151,0.0110879,0.0168111
100,28,0.967735,0.0119513,0.017443
100,29,0.968333,0.0127895,0.0180735
100,30,0.968944,0.0135977,0.0187022
100,31,0.969566,0.0143715,0.0193293
100,32,0.970198,0.0151064,0.0199543
100,33,0.970838,0.0157985,0.0205774
100,34,0.971485,0.0164442,0.0211981
100,35,0.972139,0.0170402,0.0218166
100,36,0.972797,0.0175835,0.0224325
100,37,0.973458,0.0180718,0.0230457
100,38,0.974123,0.0185027,0.023656
100,39,0.974789,0.0188744,0.0242632
100,40,0.975456,0.0191854,0.024867
100,41,0.976124,0.0194346,0.0254672
100,42,0.976792,0.019621,0.0260635
100,43,0.977459,0.0197442,0.0266554
100,44,0.978126,0.019804,0.0272427
100,45,0.978793,0.0198003,0.0278248
100,46,0.979459,0.0197336,0.0284011
100,47,0.980125,0.0196043,0.0289712
100,48,0.980792,0.0194133,0.0295344
100,49,0.981459,0.0191616,0.0300899
100,50,0.982129,0.0188505,0.030637
100,51,0.9828,0.0184814,0.0311747
100,52,0.983476,0.0180559,0.0317021
100,53,0.984156,0.0175757,0.0322182
100,54,0.984842,0.0170427,0.0327218
100,55,0.985536,0.0164588,0.0332119
100,56,0.986238,0.0158262,0.033687
100,57,0.98695,0.0151471,0.034146
100,58,0.987674,0.0144235,0.0345875
100,59,0.988411,0.0136579,0.0350101
100,60,0.989163,0.0128525,0.0354123
100,61,0.989931,0.0120097,0.0357927
100,62,0.990717,0.0111319,0.0361498
100,63,0.991522,0.0102213,0.0364821
100,64,0.992349,0.00928042,0.0367881
100,65,0.993197,0.00831159,0.0370665
100,66,0.994069,0.00731721,0.0373156
100,67,0.994965,0.00629965,0.0375342
100,68,0.995887,0.00526129,0.0377207
100,69,0.996836,0.00420453,0.037874
100,70,0.997811,0.00313178,0.0379926
100,71,0.998814,0.00204548,0.0380753
100,72,0.999844,0.00094811,0.038121
100,73,1.0009,-0.000157815,0.0381286
100,74,1.00199,-0.0012697,0.0380968
100,75,1.0031,-0.00238487,0.0380248
100,76,1.00424,-0.00350058,0.0379116
100,77,1.0054,-0.00461394,0.0377564
100,78,1.00659,-0.00572198,0.0375582
100,79,1.0078,-0.00682159,0.0373164
100,80,1.00904,-0.00790953,0.0370304
100,81,1.01029,-0.00898243,0.0366995
100,82,1.01156,-0.0100368,0.0363235
100,83,1.01285,-0.0110691,0.0359019
100,84,1.01415,-0.0120755,0.0354346
100,85,1.01547,-0.0130523,0.0349217
100,86,1.01679,-0.0139957,0.0343632
100,87,1.01812,-0.0149018,0.0337595
100,88,1.01945,-0.0157669,0.0331114
100,89,1.02078,-0.0165872,0.0324195
100,90,1.02211,-0.0173592,0.0316849
100,91,1.02344,-0.0180792,0.0309091
100,92,1.02475,-0.0187442,0.0300937
100,93,1.02606,-0.019351,0.0292405
100,94,1.02735,-0.0198968,0.0283518
100,95,1.02862,-0.0203793,0.02743
100,96,1.02988,-0.0207962,0.026478
100,97,1.03111,-0.0211457,0.0254986
100,98,1.03231,-0.0214263,0.0244954
100,99,1.03349,-0.0216369,0.0234714
100,100,1.03464,-0.0217767,0.0224308
100,101,1.03575,-0.0218455,0.0213768
100,102,1.03683,-0.0218431,0.0203138
100,103,1.03788,-0.02177,0.0192452
100,104,1.03888,-0.0216266,0.0181756
100,105,1.03985,-0.0214138,0.0171081
100,106,1.04077,-0.0211324,0.0160475
100,107,1.04165,-0.0207829,0.0149967
100,108,1.04249,-0.0203656,0.0139602
100,109,1.04329,-0.0198803,0.0129408
100,110,1.04405,-0.0193265,0.0119429
100,111,1.04476,-0.0187034,0.0109688
100,112,1.04542,-0.018012,0.0100229
100,113,1.04604,-0.0172564,0.00910695
100,114,1.04662,-0.0164476,0.00822494
100,115,1.04715,-0.015608,0.0073777
100,116,1.04764,-0.0147756,0.00656823
100,117,1.04809,-0.0140069,0.00579574
100,118,1.0485,-0.0133732,0.00506115
100,119,1.04886,-0.0129459,0.00436075
100,120,1.04918,-0.0127647,0.00369206
100,121,1.04947,-0.012786,0.00304787
100,122,1.04971,-0.0128206,0.00242408
100,123,1.04991,-0.0124832,0.00181633
100,124,1.05007,-0.0112009,0.00122988
100,125,1.05019,-0.00833303,0.000681063
100,126,1.05027,-0.00343488,0.000209557
100,127,1,-0.00343474,0
101,0,1,0,0
101,1,0.959554,0.000156009,0.000419208
101,2,0.959541,0.00075772,0.00120139
101,3,0.959549,0.00076198,0.00190848
101,4,0.959582,0.000273856,0.0025745
101,5,0.95964,-0.000483961,0.0032152
101,6,0.959722,-0.00128906,0.00383638
101,7,0.959829,-0.0019754,0.00444256
101,8,0.959959,-0.00244657,0.00503694
101,9,0.960115,-0.00266612,0.00562395
101,10,0.960295,-0.0026398,0.00620726
101,11,0.960499,-0.00239754,0.00679095
101,12,0.960729,-0.00197919,0.0073774
101,13,0.960984,-0.00142486,0.00796887
101,14,0.961264,-0.000769472,0.00856592
101,15,0.961569,-4.05918e-05,0.0091692
101,16,0.961899,0.000741576,0.00977803
101,17,0.962254,0.00156303,0.0103922
101,18,0.962634,0.00241437,0.0110106
101,19,0.963038,0.00328916,0.0116327
101,20,0.963465,0.00418266,0.0122574
101,21,0.963916,0.00509082,0.0128842
101,22,0.964389,0.00600963,0.0135123
101,23,0.964884,0.00693486,0.0141413
101,24,0.9654,0.00786185,0.0147706
101,25,0.965936,0.00878556,0.0154
101,26,0.96649,0.00970061,0.0160291
101,27,0.967061,0.0106015,0.0166577
101,28,0.967649,0.0114825,0.0172857
101,29,0.968251,0.0123383,0.017913
101,30,0.968867,0.0131634,0.0185392
101,31,0.969495,0.0139527,0.0191646
101,32,0.970133,0.0147015,0.0197887
101,33,0.97078,0.0154053,0.0204118
101,34,0.971435,0.0160604,0.0210335
101,35,0.972096,0.016663,0.0216539
101,36,0.972762,0.0172102,0.0222728
101,37,0.973432,0.0176992,0.0228901
101,38,0.974105,0.018128,0.0235056
101,39,0.97478,0.0184947,0.0241193
101,40,0.975456,0.0187979,0.0247308
101,41,0.976133,0.0190368,0.02534
101,42,0.976809,0.0192106,0.0259465
101,43,0.977486,0.0193193,0.0265501
101,44,0.978161,0.0193627,0.0271503
101,45,0.978836,0.0193414,0.0277467
101,46,0.979511,0.0192559,0.0283388
101,47,0.980185,0.0191072,0.0289259
101,48,0.980859,0.0188964,0.0295074
101,49,0.981535,0.0186248,0.0300826
101,50,0.982211,0.0182939,0.0306504
101,51,0.98289,0.0179055,0.0312102
101,52,0.983573,0.0174612,0.0317608
101,53,0.98426,0.0169631,0.0323011
101,54,0.984952,0.0164132,0.0328299
101,55,0.985651,0.0158136,0.033346
101,56,0.986359,0.0151664,0.033848
101,57,0.987076,0.014474,0.0343345
101,58,0.987805,0.0137386,0.0348041
101,59,0.988546,0.0129625,0.0352552
101,60,0.989302,0.0121481,0.0356862
101,61,0.990073,0.0112979,0.0360957
101,62,0.990862,0.0104142,0.0364819
101,63,0.99167,0.00949948,0.0368432
101,64,0.992498,0.00855618,0.037178
101,65,0.993348,0.00758681,0.0374848
101,66,0.994221,0.00659386,0.0377618
101,67,0.995119,0.00557988,0.0380075
101,68,0.996041,0.00454742,0.0382203
101,69,0.996989,0.00349909,0.0383989
101,70,0.997964,0.00243753,0.0385417
101,71,0.998966,0.00136544,0.0386472
101,72,0.999995,0.000285554,0.0387143
101,73,1.00105,-0.000799317,0.0387415
101,74,1.00214,-0.0018863,0.0387276
101,75,1.00325,-0.00297246,0.0386716
101,76,1.00438,-0.00405478,0.0385723
101,77,1.00555,-0.00513016,0.0384288
101,78,1.00673,-0.00619545,0.03824
101,79,1.00794,-0.00724741,0.0380053
101,80,1.00918,-0.00828273,0.0377237
101,81,1.01043,-0.00929807,0.0373949
101,82,1.0117,-0.01029,0.0370182
101,83,1.01299,-0.0112552,0.0365934
101,84,1.01429,-0.0121901,0.0361203
101,85,1.0156,-0.0130913,0.0355988
101,86,1.01693,-0.0139555,0.0350292
101,87,1.01825,-0.0147794,0.034412
101,88,1.01959,-0.0155598,0.0337478
101,89,1.02092,-0.0162936,0.0330375
101,90,1.02226,-0.016978,0.0322824
101,91,1.02359,-0.0176101,0.031484
101,92,1.02491,-0.0181875,0.0306441
101,93,1.02622,-0.018708,0.0297647
101,94,1.02752,-0.0191696,0.0288484
101,95,1.0288,-0.0195704,0.0278977
101,96,1.03007,-0.0199092,0.0269158
101,97,1.03131,-0.0201846,0.0259058
101,98,1.03252,-0.0203958,0.0248714
101,99,1.03371,-0.0205423,0.023816
101,100,1.03487,-0.0206237,0.0227439
101,101,1.036,-0.0206401,0.0216585
101,102,1.03709,-0.0205918,0.0205647
101,103,1.03815,-0.0204793,0.0194659
101,104,1.03917,-0.0203034,0.0183669
101,105,1.04015,-0.020065,0.0172711
101,106,1.04109,-0.019765,0.0161834
101,107,1.04199,-0.0194038,0.0151068
101,108,1.04284,-0.0189819,0.0140461
101,109,1.04366,-0.0184988,0.013004
101,110,1.04443,-0.0179538,0.0119853
101,111,1.04515,-0.0173462,0.010992
101,112,1.04583,-0.0166764,0.0100288
101,113,1.04647,-0.0159482,0.00909736
101,114,1.04706,-0.0151721,0.00820174
101,115,1.0476,-0.0143695,0.00734268
101,116,1.04811,-0.0135775,0.00652328
101,117,1.04856,-0.012851,0.00574246
101,118,1.04898,-0.0122593,0.00500113
101,119,1.04935,-0.0118715,0.00429511
101,120,1.04968,-0.011725,0.00362189
101,121,1.04997,-0.011775,0.00297424
101,122,1.05021,-0.0118335,0.00234888
101,123,1.05042,-0.0115208,0.00174291
101,124,1.05059,-0.0102749,0.00116669
101,125,1.05072,-0.00746881,0.000636993
101,126,1.05081,-0.00267173,0.000182123
101,127,1,-0.00343474,0
102,0,1,0,0
102,1,0.959462,0.000838851,0.000416798
102,2,0.959446,0.00152255,0.00118001
102,3,0.959456,0.0015732,0.00188485
102,4,0.959489,0.00111094,0.00255158
102,5,0.959546,0.000368893,0.00319337
102,6,0.959626,-0.00042626,0.00381526
102,7,0.959731,-0.00110822,0.00442043
102,8,0.95986,-0.00158163,0.00501162
102,9,0.960014,-0.0018109,0.00559358
102,10,0.960192,-0.00180193,0.00617019
102,11,0.960395,-0.00158423,0.00674599
102,12,0.960623,-0.00119695,0.00732362
102,13,0.960876,-0.000679437,0.00790573
102,14,0.961155,-6.59305e-05,0.00849302
102,15,0.961458,0.000616522,0.00908642
102,16,0.961787,0.0013481,0.00968533
102,17,0.96214,0.00211508,0.0102897
102,18,0.962518,0.00290827,0.0108985
102,19,0.962921,0.00372144,0.0115114
102,20,0.963347,0.00455008,0.0121271
102,21,0.963797,0.00539041,0.0127454
102,22,0.964269,0.00623883,0.0133654
102,23,0.964763,0.00709154,0.0139869
102,24,0.965279,0.00794445,0.0146092
102,25,0.965814,0.00879315,0.0152322
102,26,0.966369,0.00963299,0.0158555
102,27,0.966941,0.0104592,0.0164791
102,28,0.96753,0.0112669,0.0171026
102,29,0.968135,0.0120515,0.0177261
102,30,0.968754,0.0128083,0.0183494
102,31,0.969385,0.0135329,0.0189726
102,32,0.970028,0.0142213,0.0195954
102,33,0.97068,0.0148697,0.020218
102,34,0.971341,0.0154746,0.0208401
102,35,0.972009,0.0160329,0.0214619
102,36,0.972684,0.0165417,0.0220832
102,37,0.973362,0.0169987,0.022704
102,38,0.974045,0.0174018,0.023324
102,39,0.97473,0.0177491,0.0239434
102,40,0.975417,0.0180391,0.0245618
102,41,0.976106,0.0182708,0.0251791
102,42,0.976794,0.0184432,0.025795
102,43,0.977483,0.0185559,0.0264093
102,44,0.978171,0.0186085,0.0270215
102,45,0.978859,0.0186011,0.0276312
102,46,0.979547,0.0185338,0.0282379
102,47,0.980234,0.0184073,0.0288409
102,48,0.980921,0.0182222,0.0294396
102,49,0.981609,0.0179795,0.0300332
102,50,0.982298,0.0176803,0.0306207
102,51,0.982988,0.0173259,0.0312013
102,52,0.983682,0.0169178,0.0317737
102,53,0.984379,0.0164577,0.032337
102,54,0.985081,0.0159472,0.0328896
102,55,0.98579,0.0153884,0.0334304
102,56,0.986506,0.0147831,0.0339579
102,57,0.98723,0.0141335,0.0344705
102,58,0.987966,0.0134416,0.0349667
102,59,0.988713,0.0127097,0.0354449
102,60,0.989473,0.0119401,0.0359033
102,61,0.990249,0.011135,0.0363403
102,62,0.99104,0.0102966,0.0367541
102,63,0.99185,0.00942752,0.0371429
102,64,0.99268,0.00852994,0.0375049
102,65,0.99353,0.00760628,0.0378385
102,66,0.994402,0.00665891,0.0381417
102,67,0.995298,0.00569026,0.0384129
102,68,0.996218,0.00470271,0.0386504
102,69,0.997163,0.00369872,0.0388526
102,70,0.998134,0.00268072,0.0390178
102,71,0.999132,0.0016512,0.0391444
102,72,1.00016,0.000612685,0.0392309
102,73,1.00121,-0.000432263,0.039276
102,74,1.00229,-0.00148102,0.0392782
102,75,1.00339,-0.0025309,0.0392363
102,76,1.00452,-0.00357913,0.039149
102,77,1.00568,-0.00462286,0.0390152
102,78,1.00686,-0.00565915,0.0388339
102,79,1.00807,-0.00668497,0.0386043
102,80,1.0093,-0.0076972,0.0383254
102,81,1.01054,-0.00869261,0.0379966
102,82,1.01181,-0.00966791,0.0376175
102,83,1.0131,-0.0106197,0.0371877
102,84,1.0144,-0.0115447,0.036707
102,85,1.01571,-0.0124394,0.0361755
102,86,1.01704,-0.0133003,0.0355934
102,87,1.01837,-0.0141242,0.0349614
102,88,1.01971,-0.0149077,0.0342801
102,89,1.02105,-0.0156476,0.0335507
102,90,1.02239,-0.016341,0.0327745
102,91,1.02373,-0.0169849,0.0319532
102,92,1.02506,-0.0175768,0.0310888
102,93,1.02638,-0.0181143,0.0301837
102,94,1.02769,-0.0185952,0.0292405
102,95,1.02899,-0.0190177,0.028262
102,96,1.03026,-0.0193803,0.0272517
102,97,1.03152,-0.0196817,0.0262128
102,98,1.03275,-0.019921,0.0251493
102,99,1.03396,-0.0200975,0.0240649
102,100,1.03514,-0.0202108,0.022964
102,101,1.03628,-0.0202608,0.0218505
102,102,1.03739,-0.0202478,0.0207292
102,103,1.03847,-0.0201721,0.0196037
102,104,1.03951,-0.0200344,0.0184792
102,105,1.04051,-0.0198352,0.0173592
102,106,1.04147,-0.0195754,0.0162486
102,107,1.04238,-0.0192552,0.0151506
102,108,1.04325,-0.0188748,0.0140702
102,109,1.04408,-0.0184338,0.0130101
102,110,1.04487,-0.0179312,0.011975
102,111,1.0456,-0.0173663,0.0109671
102,112,1.0463,-0.0167393,0.00999116
102,113,1.04694,-0.0160541,0.00904862
102,114,1.04755,-0.0153208,0.0081438
102,115,1.0481,-0.0145606,0.00727716
102,116,1.04861,-0.0138099,0.00645193
102,117,1.04908,-0.0131228,0.00566668
102,118,1.0495,-0.0125675,0.00492227
102,119,1.04988,-0.0122118,0.00421404
102,120,1.05022,-0.0120917,0.00353948
102,121,1.05051,-0.0121628,0.00289117
102,122,1.05076,-0.0122397,0.00226715
102,123,1.05097,-0.01195,0.00166648
102,124,1.05114,-0.0107428,0.00110047
102,125,1.05127,-0.00800393,0.000590288
102,126,1.05135,-0.00331351,0.000176433
102,127,1,-0.00343474,0
103,0,1,0,0
103,1,0.959366,0.000240764,0.000402751
103,2,0.959355,0.000998911,0.00116101
103,3,0.959366,0.00108772,0.00185899
103,4,0.959401,0.000642747,0.00252454
103,5,0.95946,-9.13466e-05,0.00316739
103,6,0.959543,-0.0008835,0.00378906
103,7,0.95965,-0.00156703,0.0043922
103,8,0.959781,-0.00204725,0.00497928
103,9,0.959936,-0.0022889,0.00555521
103,10,0.960114,-0.00229734,0.00612414
103,11,0.960318,-0.00210094,0.00669105
103,12,0.960545,-0.0017374,0.00725885
103,13,0.960798,-0.00124457,0.00783057
103,14,0.961076,-0.000655392,0.00840709
103,15,0.961379,4.1904e-06,0.0089896
103,16,0.961707,0.000715197,0.00957758
103,17,0.96206,0.00146451,0.0101712
103,18,0.962437,0.00224334,0.0107694
103,19,0.96284,0.00304569,0.0113721
103,20,0.963267,0.00386713,0.0119779
103,21,0.963717,0.00470385,0.0125869
103,22,0.964191,0.00555209,0.013198
103,23,0.964688,0.00640782,0.0138111
103,24,0.965206,0.00726662,0.0144256
103,25,0.965745,0.00812369,0.0150415
103,26,0.966304,0.00897395,0.0156582
103,27,0.966881,0.00981212,0.0162759
103,28,0.967476,0.0106329,0.0168943
103,29,0.968087,0.0114309,0.0175134
103,30,0.968713,0.0122012,0.018133
103,31,0.969353,0.0129388,0.0187534
103,32,0.970004,0.0136392,0.0193741
103,33,0.970666,0.0142981,0.0199956
103,34,0.971336,0.0149117,0.0206174
103,35,0.972015,0.0154767,0.02124
103,36,0.9727,0.0159899,0.0218629
103,37,0.973389,0.0164488,0.0224865
103,38,0.974083,0.0168512,0.0231103
103,39,0.97478,0.0171953,0.0237347
103,40,0.975478,0.0174798,0.0243592
103,41,0.976178,0.0177035,0.0249839
103,42,0.976878,0.0178658,0.0256083
103,43,0.977578,0.0179665,0.0262324
103,44,0.978278,0.0180055,0.0268556
103,45,0.978976,0.0179831,0.0274777
103,46,0.979675,0.0178998,0.0280979
103,47,0.980372,0.0177564,0.0287158
103,48,0.98107,0.017554,0.0293306
103,49,0.981767,0.0172938,0.0299415
103,50,0.982466,0.0169772,0.0305475
103,51,0.983165,0.0166058,0.0311476
103,52,0.983867,0.0161813,0.0317406
103,53,0.984573,0.0157055,0.0323254
103,54,0.985283,0.0151804,0.0329005
103,55,0.985998,0.0146081,0.0334645
103,56,0.98672,0.0139905,0.0340159
103,57,0.987451,0.01333,0.0345531
103,58,0.988191,0.0126288,0.0350743
103,59,0.988942,0.0118892,0.0355779
103,60,0.989706,0.0111134,0.0360619
103,61,0.990484,0.010304,0.0365246
103,62,0.991278,0.00946329,0.0369641
103,63,0.99209,0.00859374,0.0373784
103,64,0.99292,0.00769782,0.0377657
103,65,0.99377,0.00677804,0.038124
103,66,0.994641,0.00583694,0.0384513
103,67,0.995535,0.00487708,0.0387459
103,68,0.996453,0.00390107,0.0390059
103,69,0.997395,0.00291154,0.0392294
103,70,0.998363,0.00191118,0.0394146
103,71,0.999356,0.000902706,0.0395599
103,72,1.00038,-0.00011112,0.0396636
103,73,1.00142,-0.00112748,0.0397242
103,74,1.0025,-0.00214351,0.03974
103,75,1.00359,-0.0031563,0.0397098
103,76,1.00472,-0.00416288,0.0396321
103,77,1.00587,-0.00516024,0.0395058
103,78,1.00705,-0.00614532,0.0393297
103,79,1.00825,-0.00711504,0.0391029
103,80,1.00947,-0.00806628,0.0388245
103,81,1.01071,-0.00899589,0.0384939
103,82,1.01197,-0.00990076,0.0381105
103,83,1.01325,-0.0107778,0.037674
103,84,1.01455,-0.0116238,0.0371843
103,85,1.01586,-0.012436,0.0366415
103,86,1.01718,-0.0132112,0.0360459
103,87,1.01851,-0.0139468,0.0353982
103,88,1.01984,-0.01464,0.0346994
103,89,1.02118,-0.0152884,0.0339506
103,90,1.02253,-0.0158896,0.0331534
103,91,1.02386,-0.0164416,0.0323097
103,92,1.0252,-0.0169425,0.0314217
103,93,1.02652,-0.0173906,0.0304918
103,94,1.02784,-0.0177847,0.0295231
103,95,1.02914,-0.0181235,0.0285186
103,96,1.03043,-0.0184063,0.0274819
103,97,1.03169,-0.0186323,0.0264164
103,98,1.03293,-0.0188013,0.0253266
103,99,1.03415,-0.0189129,0.0242161
103,100,1.03534,-0.0189674,0.0230898
103,101,1.03649,-0.0189649,0.0219515
103,102,1.03762,-0.018906,0.0208064
103,103,1.03871,-0.0187912,0.0196582
103,104,1.03976,-0.0186214,0.0185122
103,105,1.04077,-0.0183972,0.017372
103,106,1.04174,-0.0181193,0.0162429
103,107,1.04267,-0.0177883,0.0151279
103,108,1.04356,-0.017404,0.0140322
103,109,1.0444,-0.0169659,0.0129583
103,110,1.0452,-0.0164729,0.0119114
103,111,1.04595,-0.0159241,0.0108933
103,112,1.04666,-0.0153194,0.00990897
103,113,1.04732,-0.0146622,0.0089597
103,114,1.04794,-0.0139621,0.00804994
103,115,1.04851,-0.0132393,0.00717993
103,116,1.04903,-0.0125292,0.00635298
103,117,1.04951,-0.0118841,0.00556732
103,118,1.04994,-0.0113701,0.00482376
103,119,1.05033,-0.0110528,0.0041171
103,120,1.05067,-0.0109663,0.00344478
103,121,1.05097,-0.0110659,0.00279926
103,122,1.05123,-0.0111695,0.00217925
103,123,1.05145,-0.0109122,0.00158497
103,124,1.05162,-0.00975497,0.00103259
103,125,1.05175,-0.00709534,0.000543614
103,126,1.05185,-0.00252071,0.000147885
103,127,1,-0.00343474,0
104,0,1,0,0
104,1,0.959248,0.000955324,0.000397962
104,2,0.959237,0.0017798,0.00113613
104,3,0.959251,0.00190371,0.00183089
104,4,0.959288,0.00148022,0.00249611
104,5,0.959347,0.000763012,0.00313873
104,6,0.95943,-1.4828e-05,0.00375937
104,7,0.959537,-0.00068807,0.00435951
104,8,0.959668,-0.00116414,0.0049413
104,9,0.959823,-0.00140908,0.00551003
104,10,0.960002,-0.0014286,0.0060701
104,11,0.960205,-0.00125068,0.00662699
104,12,0.960433,-0.000912281,0.00718384
104,13,0.960687,-0.000450457,0.00774408
104,14,0.960965,0.000102576,0.00830876
104,15,0.961268,0.000721409,0.00887934
104,16,0.961597,0.00138745,0.00945539
104,17,0.961951,0.00208783,0.0100373
104,18,0.962329,0.00281395,0.010624
104,19,0.962733,0.00355998,0.0112155
104,20,0.963161,0.00432165,0.0118106
104,21,0.963612,0.0050954,0.0124094
104,22,0.964088,0.00587778,0.0130107
104,23,0.964586,0.00666515,0.0136148
104,24,0.965106,0.0074536,0.0142207
104,25,0.965648,0.00823892,0.0148288
104,26,0.96621,0.00901666,0.0154383
104,27,0.966791,0.00978229,0.0160496
104,28,0.96739,0.0105312,0.0166621
104,29,0.968005,0.0112589,0.0172763
104,30,0.968637,0.0119611,0.0178916
104,31,0.969282,0.0126336,0.0185085
104,32,0.96994,0.0132726,0.0191266
104,33,0.970609,0.0138744,0.0197462
104,34,0.971289,0.0144357,0.0203671
104,35,0.971976,0.0149537,0.0209896
104,36,0.972671,0.0154255,0.0216134
104,37,0.973372,0.0158489,0.0222389
104,38,0.974078,0.0162219,0.0228657
104,39,0.974787,0.0165426,0.0234941
104,40,0.975498,0.0168098,0.0241237
104,41,0.976211,0.0170223,0.0247546
104,42,0.976925,0.0171792,0.0253865
104,43,0.977639,0.01728,0.0260192
104,44,0.978353,0.0173243,0.0266523
104,45,0.979067,0.0173122,0.0272854
104,46,0.97978,0.0172439,0.0279179
104,47,0.980492,0.0171197,0.0285493
104,48,0.981204,0.0169404,0.0291786
104,49,0.981915,0.0167067,0.0298053
104,50,0.982627,0.0164198,0.0304282
104,51,0.983339,0.0160808,0.0310462
104,52,0.984054,0.0156912,0.0316582
104,53,0.984771,0.0152525,0.0322628
104,54,0.985491,0.0147664,0.0328586
104,55,0.986216,0.0142346,0.0334441
104,56,0.986947,0.013659,0.0340175
104,57,0.987685,0.0130416,0.0345774
104,58,0.988432,0.0123846,0.0351217
104,59,0.989188,0.0116899,0.0356487
104,60,0.989957,0.0109599,0.0361564
104,61,0.990738,0.0101967,0.0366428
104,62,0.991534,0.00940265,0.0371059
104,63,0.992346,0.00858006,0.0375436
104,64,0.993175,0.00773126,0.0379539
104,65,0.994024,0.00685863,0.0383348
104,66,0.994893,0.00596455,0.0386841
104,67,0.995783,0.00505144,0.0389998
104,68,0.996696,0.00412172,0.0392799
104,69,0.997632,0.00317784,0.0395224
104,70,0.998593,0.00222229,0.0397255
104,71,0.999579,0.00125756,0.0398871
104,72,1.00059,0.000286186,0.0400056
104,73,1.00163,-0.00068925,0.0400793
104,74,1.00269,-0.00166613,0.0401063
104,75,1.00378,-0.00264179,0.0400854
104,76,1.0049,-0.0036135,0.040015
104,77,1.00604,-0.00457847,0.0398938
104,78,1.00721,-0.00553388,0.0397206
104,79,1.0084,-0.00647681,0.0394945
104,80,1.00961,-0.00740431,0.0392145
104,81,1.01085,-0.00831339,0.0388799
104,82,1.0121,-0.00920101,0.0384903
104,83,1.01338,-0.0100641,0.0380453
104,84,1.01467,-0.0108997,0.0375449
104,85,1.01597,-0.0117046,0.0369894
104,86,1.01729,-0.0124761,0.0363791
104,87,1.01862,-0.0132112,0.0357148
104,88,1.01996,-0.0139071,0.0349977
104,89,1.0213,-0.0145612,0.0342292
104,90,1.02264,-0.0151712,0.0334109
104,91,1.02399,-0.0157349,0.032545
104,92,1.02533,-0.0162502,0.031634
104,93,1.02666,-0.0167154,0.0306804
104,94,1.02799,-0.0171291,0.0296876
104,95,1.0293,-0.01749,0.0286587
104,96,1.0306,-0.0177971,0.0275977
104,97,1.03188,-0.0180499,0.0265083
104,98,1.03313,-0.0182476,0.025395
104,99,1.03436,-0.0183902,0.0242616
104,100,1.03557,-0.0184776,0.0231133
104,101,1.03674,-0.0185099,0.0219541
104,102,1.03788,-0.0184875,0.0207892
104,103,1.03899,-0.0184108,0.0196226
104,104,1.04006,-0.0182804,0.0184597
104,105,1.04109,-0.018097,0.017304
104,106,1.04208,-0.0178609,0.0161611
104,107,1.04302,-0.0175725,0.0150339
104,108,1.04393,-0.0172315,0.0139278
104,109,1.04478,-0.0168372,0.0128453
104,110,1.0456,-0.0163885,0.0117914
104,111,1.04636,-0.0158843,0.0107681
104,112,1.04708,-0.0153246,0.00978032
104,113,1.04776,-0.0147125,0.00882914
104,114,1.04838,-0.0140574,0.00791916
104,115,1.04896,-0.0133793,0.00705034
104,116,1.0495,-0.0127128,0.00622607
104,117,1.04999,-0.0121092,0.00544416
104,118,1.05043,-0.0116333,0.00470537
104,119,1.05082,-0.0113491,0.00400395
104,120,1.05118,-0.01129,0.00333728
104,121,1.05148,-0.0114122,0.00269756
104,122,1.05175,-0.0115381,0.00208464
104,123,1.05197,-0.0113124,0.00150039
104,124,1.05214,-0.0102081,0.000961645
104,125,1.05228,-0.00763402,0.000494206
104,126,1.05236,-0.00318245,0.000141096
104,127,1,-0.00343474,0
105,0,1,0,0
105,1,0.959123,0.0003106,0.000383132
105,2,0.959117,0.00119198,0.00111406
105,3,0.959132,0.00134221,0.00180146
105,4,0.959172,0.000931563,0.00246481
105,5,0.959236,0.000223129,0.00310727
105,6,0.959324,-0.000548364,0.00372614
105,7,0.959434,-0.00121935,0.00432248
105,8,0.959568,-0.00169914,0.00489828
105,9,0.959726,-0.00195462,0.00545908
105,10,0.959908,-0.00199113,0.00600955
105,11,0.960113,-0.0018355,0.00655563
105,12,0.960343,-0.00152309,0.00710073
105,13,0.960598,-0.00108934,0.00764867
105,14,0.960878,-0.000564972,0.00820065
105,15,0.961183,2.58279e-05,0.00875844
105,16,0.961513,0.000665435,0.00932168
105,17,0.961868,0.00134171,0.00989096
105,18,0.962249,0.00204655,0.0104653
105,19,0.962654,0.00277447,0.0110448
105,20,0.963085,0.00352137,0.0116283
105,21,0.96354,0.00428377,0.0122159
105,22,0.964019,0.00505816,0.0128067
105,23,0.964521,0.00584079,0.0134008
105,24,0.965046,0.00662753,0.0139974
105,25,0.965593,0.00741388,0.0145968
105,26,0.966161,0.00819506,0.0151983
105,27,0.966749,0.00896614,0.0158022
105,28,0.967355,0.00972209,0.0164082
105,29,0.967979,0.010458,0.0170165
105,30,0.96862,0.0111689,0.0176267
105,31,0.969275,0.0118504,0.0182392
105,32,0.969943,0.012498,0.0188538
105,33,0.970624,0.0131077,0.0194707
105,34,0.971315,0.0136759,0.0200898
105,35,0.972015,0.0141993,0.0207113
105,36,0.972722,0.014675,0.0213352
105,37,0.973436,0.0151003,0.0219616
105,38,0.974154,0.0154733,0.0225903
105,39,0.974877,0.015792,0.0232217
105,40,0.975601,0.016055,0.0238553
105,41,0.976328,0.0162614,0.0244914
105,42,0.977056,0.0164104,0.0251296
105,43,0.977783,0.0165016,0.0257697
105,44,0.978511,0.016535,0.0264113
105,45,0.979237,0.0165106,0.0270542
105,46,0.979963,0.0164291,0.0276975
105,47,0.980687,0.016291,0.0283409
105,48,0.981411,0.0160974,0.0289834
105,49,0.982134,0.0158493,0.0296243
105,50,0.982856,0.0155481,0.0302624
105,51,0.983579,0.0151952,0.0308967
105,52,0.984303,0.0147923,0.0315257
105,53,0.985029,0.0143412,0.0321484
105,54,0.985758,0.0138437,0.0327629
105,55,0.986491,0.0133017,0.0333679
105,56,0.987228,0.0127174,0.0339614
105,57,0.987972,0.0120928,0.0345418
105,58,0.988724,0.0114303,0.035107
105,59,0.989485,0.0107319,0.0356552
105,60,0.990257,0.0100002,0.0361841
105,61,0.99104,0.0092373,0.0366918
105,62,0.991837,0.00844576,0.037176
105,63,0.992649,0.00762798,0.0376347
105,64,0.993478,0.00678644,0.0380655
105,65,0.994324,0.00592366,0.0384662
105,66,0.99519,0.00504219,0.0388347
105,67,0.996076,0.0041446,0.0391688
105,68,0.996984,0.00323352,0.0394662
105,69,0.997915,0.00231159,0.039725
105,70,0.998869,0.00138148,0.0399429
105,71,0.999848,0.000445927,0.040118
105,72,1.00085,-0.000492339,0.0402484
105,73,1.00188,-0.00143054,0.0403323
105,74,1.00294,-0.00236586,0.0403678
105,75,1.00402,-0.00329547,0.0403534
105,76,1.00512,-0.00421651,0.0402876
105,77,1.00625,-0.00512612,0.0401689
105,78,1.00741,-0.0060214,0.0399961
105,79,1.00859,-0.00689948,0.0397683
105,80,1.0098,-0.00775747,0.0394845
105,81,1.01102,-0.00859255,0.039144
105,82,1.01227,-0.00940189,0.0387463
105,83,1.01353,-0.0101828,0.0382914
105,84,1.01482,-0.0109325,0.037779
105,85,1.01611,-0.0116486,0.0372097
105,86,1.01743,-0.0123285,0.0365841
105,87,1.01875,-0.01297,0.0359029
105,88,1.02008,-0.013571,0.0351676
105,89,1.02142,-0.0141296,0.0343796
105,90,1.02276,-0.0146441,0.033541
105,91,1.02411,-0.0151129,0.032654
105,92,1.02545,-0.0155349,0.0317213
105,93,1.02679,-0.0159091,0.0307458
105,94,1.02811,-0.0162346,0.0297311
105,95,1.02943,-0.0165109,0.0286804
105,96,1.03073,-0.0167377,0.027598
105,97,1.03202,-0.0169149,0.0264877
105,98,1.03328,-0.0170424,0.0253543
105,99,1.03452,-0.0171205,0.0242018
105,100,1.03574,-0.0171496,0.0230355
105,101,1.03692,-0.0171301,0.0218594
105,102,1.03807,-0.0170626,0.0206792
105,103,1.03919,-0.0169477,0.0194986
105,104,1.04027,-0.0167862,0.0183234
105,105,1.04132,-0.0165787,0.017157
105,106,1.04232,-0.0163256,0.016005
105,107,1.04328,-0.0160272,0.0148705
105,108,1.0442,-0.0156832,0.0137589
105,109,1.04507,-0.0152927,0.0126724
105,110,1.0459,-0.0148545,0.0116164
105,111,1.04668,-0.0143671,0.0105926
105,112,1.04741,-0.0138302,0.00960599
105,113,1.0481,-0.0132465,0.00865747
105,114,1.04874,-0.0126248,0.00775175
105,115,1.04934,-0.0119842,0.0068885
105,116,1.04988,-0.0113579,0.00607119
105,117,1.05038,-0.0107955,0.0052972
105,118,1.05083,-0.0103598,0.00456724
105,119,1.05124,-0.0101123,0.00387495
105,120,1.0516,-0.0100849,0.00321762
105,121,1.05192,-0.0102345,0.0025872
105,122,1.05219,-0.0103883,0.00198408
105,123,1.05241,-0.0102005,0.00141096
105,124,1.0526,-0.00915712,0.000889212
105,125,1.05274,-0.00667771,0.000444992
105,126,1.05284,-0.00235754,0.000111504
105,127,1,-0.00343474,0
106,0,1,0,0
106,1,0.958974,0.00105142,0.000376456
106,2,0.958969,0.00198012,0.00108713
106,3,0.95899,0.00215371,0.00177095
106,4,0.959033,0.00176081,0.00243342
106,5,0.959098,0.00107107,0.00307477
106,6,0.959187,0.000318666,0.00369134
106,7,0.959299,-0.000336017,0.00428323
106,8,0.959435,-0.000805294,0.00485219
106,9,0.959594,-0.00105776,0.00540422
106,10,0.959778,-0.00109923,0.00594423
106,11,0.959986,-0.000956114,0.00647867
106,12,0.960218,-0.000663021,0.00701118
106,13,0.960475,-0.000254519,0.00754598
106,14,0.960758,0.0002394,0.00808442
106,15,0.961065,0.000795131,0.00862856
106,16,0.961398,0.00139544,0.00917811
106,17,0.961756,0.00202844,0.00973391
106,18,0.96214,0.00268618,0.0102949
106,19,0.962548,0.00336331,0.0108616
106,20,0.962982,0.00405588,0.0114326
106,21,0.96344,0.00476058,0.0120083
106,22,0.963923,0.00547416,0.0125876
106,23,0.964429,0.00619323,0.0131709
106,24,0.964958,0.00691408,0.0137573
106,25,0.96551,0.00763275,0.0143472
106,26,0.966083,0.00834507,0.0149398
106,27,0.966676,0.00904675,0.0155357
106,28,0.967289,0.0097335,0.0161342
106,29,0.967919,0.0104011,0.0167358
106,30,0.968567,0.0110454,0.01734
106,31,0.96923,0.0116627,0.0179474
106,32,0.969907,0.0122491,0.0185575
106,33,0.970597,0.0128014,0.0191708
106,34,0.971298,0.0133164,0.019787
106,35,0.972009,0.0137914,0.0204066
106,36,0.972728,0.0142238,0.0210293
106,37,0.973455,0.0146114,0.0216555
106,38,0.974186,0.0149522,0.0222849
106,39,0.974923,0.0152446,0.022918
106,40,0.975662,0.0154873,0.0235544
106,41,0.976404,0.0156792,0.0241942
106,42,0.977146,0.0158194,0.0248371
106,43,0.97789,0.0159074,0.0254831
106,44,0.978633,0.0159429,0.0261317
106,45,0.979375,0.0159257,0.0267825
106,46,0.980116,0.0158562,0.027435
106,47,0.980856,0.0157346,0.0280886
106,48,0.981595,0.0155615,0.0287423
106,49,0.982333,0.0153377,0.0293954
106,50,0.98307,0.0150642,0.0300467
106,51,0.983806,0.0147422,0.0306952
106,52,0.984543,0.014373,0.0313393
106,53,0.98528,0.0139579,0.0319777
106,54,0.98602,0.0134986,0.0326088
106,55,0.986762,0.0129968,0.0332309
106,56,0.987509,0.0124543,0.0338421
106,57,0.98826,0.011873,0.0344406
106,58,0.989018,0.0112549,0.0350242
106,59,0.989784,0.0106021,0.035591
106,60,0.990559,0.00991668,0.0361386
106,61,0.991344,0.00920087,0.036665
106,62,0.992142,0.0084569,0.0371678
106,63,0.992953,0.00768706,0.0376446
106,64,0.99378,0.00689365,0.0380931
106,65,0.994623,0.00607904,0.0385111
106,66,0.995484,0.0052456,0.038896
106,67,0.996364,0.00439573,0.0392456
106,68,0.997265,0.00353184,0.0395576
106,69,0.998187,0.00265639,0.0398297
106,70,0.999132,0.00177184,0.0400597
106,71,1.0001,0.000880675,0.0402456
106,72,1.00109,-1.45916e-05,0.0403851
106,73,1.00211,-0.000911422,0.0404764
106,74,1.00315,-0.00180725,0.0405177
106,75,1.00422,-0.00269949,0.0405072
106,76,1.00532,-0.00358551,0.0404434
106,77,1.00644,-0.00446266,0.0403247
106,78,1.00758,-0.00532826,0.0401501
106,79,1.00875,-0.00617961,0.0399183
106,80,1.00994,-0.007014,0.0396285
106,81,1.01116,-0.00782871,0.0392802
106,82,1.01239,-0.00862104,0.0388728
106,83,1.01365,-0.00938831,0.0384063
106,84,1.01493,-0.0101279,0.0378808
106,85,1.01622,-0.0108372,0.0372968
106,86,1.01753,-0.0115139,0.036655
106,87,1.01885,-0.0121555,0.0359566
106,88,1.02018,-0.0127598,0.0352029
106,89,1.02152,-0.013325,0.0343959
106,90,1.02286,-0.0138492,0.0335376
106,91,1.02421,-0.0143307,0.0326306
106,92,1.02556,-0.0147683,0.0316777
106,93,1.0269,-0.0151608,0.0306822
106,94,1.02824,-0.0155073,0.0296477
106,95,1.02956,-0.0158072,0.0285778
106,96,1.03088,-0.0160601,0.027477
106,97,1.03217,-0.0162656,0.0263491
106,98,1.03345,-0.0164238,0.0251993
106,99,1.03471,-0.0165347,0.0240316
106,100,1.03594,-0.0165985,0.0228515
106,101,1.03714,-0.0166156,0.0216631
106,102,1.0383,-0.0165864,0.0204721
106,103,1.03944,-0.0165114,0.0192825
106,104,1.04054,-0.0163912,0.0180999
106,105,1.0416,-0.0162261,0.0169279
106,106,1.04262,-0.0160165,0.0157722
106,107,1.04359,-0.0157624,0.0146355
106,108,1.04453,-0.0154633,0.0135235
106,109,1.04541,-0.0151183,0.0124384
106,110,1.04626,-0.0147258,0.0113855
106,111,1.04705,-0.0142846,0.0103662
106,112,1.0478,-0.0137942,0.00938577
106,113,1.0485,-0.0132572,0.00844481
106,114,1.04915,-0.0126822,0.00754813
106,115,1.04976,-0.0120879,0.00669504
106,116,1.05032,-0.0115066,0.0058891
106,117,1.05083,-0.010987,0.00512721
106,118,1.05129,-0.0105899,0.00440999
106,119,1.05171,-0.0103754,0.00373045
106,120,1.05207,-0.0103749,0.00308583
106,121,1.0524,-0.010547,0.00246766
106,122,1.05268,-0.0107251,0.00187732
106,123,1.05291,-0.0105746,0.00131882
106,124,1.05309,-0.00959539,0.000813932
106,125,1.05324,-0.00721753,0.000393079
106,126,1.05333,-0.00303761,0.000103602
106,127,1,-0.00343474,0
107,0,1,0,0
107,1,0.958814,0.000359626,0.000361403
107,2,0.958815,0.00132451,0.00106353
107,3,0.958838,0.00151239,0.00174025
107,4,0.958886,0.0011288,0.00240078
107,5,0.958958,0.000449631,0.00304138
107,6,0.959052,-0.000292371,0.00365529
107,7,0.959169,-0.00094053,0.00424235
107,8,0.95931,-0.0014101,0.0048042
107,9,0.959474,-0.00167099,0.00534714
107,10,0.959662,-0.00172876,0.00587634
107,11,0.959873,-0.00160863,0.00639873
107,12,0.960109,-0.0013435,0.00691819
107,13,0.96037,-0.000966164,0.00743934
107,14,0.960656,-0.000505007,0.00796365
107,15,0.960967,1.77269e-05,0.00849353
107,16,0.961303,0.000585882,0.00902872
107,17,0.961665,0.00118839,0.00957032
107,18,0.962052,0.00181791,0.0101173
107,19,0.962465,0.0024695,0.0106703
107,20,0.962903,0.00313949,0.011228
107,21,0.963366,0.00382473,0.0117909
107,22,0.963854,0.00452205,0.012358
107,23,0.964366,0.00522801,0.0129296
107,24,0.964901,0.00593883,0.0135048
107,25,0.96546,0.00665036,0.0140842
107,26,0.96604,0.0073582,0.014667
107,27,0.966642,0.00805777,0.0152538
107,28,0.967263,0.00874443,0.0158438
107,29,0.967904,0.00941357,0.0164376
107,30,0.968562,0.0100607,0.0170348
107,31,0.969236,0.0106816,0.0176358
107,32,0.969925,0.0112721,0.0182403
107,33,0.970627,0.0118284,0.0188487
107,34,0.971341,0.0123472,0.0194609
107,35,0.972065,0.0128252,0.0200772
107,36,0.972799,0.0132597,0.0206975
107,37,0.973539,0.0136482,0.0213221
107,38,0.974285,0.0139886,0.0219509
107,39,0.975036,0.0142792,0.0225843
107,40,0.97579,0.0145185,0.0232218
107,41,0.976547,0.0147056,0.0238638
107,42,0.977305,0.0148396,0.0245099
107,43,0.978063,0.0149201,0.0251601
107,44,0.97882,0.014947,0.0258138
107,45,0.979577,0.0149204,0.0264709
107,46,0.980332,0.0148406,0.0271306
107,47,0.981086,0.0147083,0.0277924
107,48,0.981838,0.0145243,0.0284553
107,49,0.982588,0.0142897,0.0291185
107,50,0.983337,0.0140056,0.0297808
107,51,0.984085,0.0136736,0.0304412
107,52,0.984832,0.013295,0.0310979
107,53,0.985579,0.0128717,0.0317497
107,54,0.986328,0.0124054,0.0323948
107,55,0.987078,0.011898,0.0330314
107,56,0.987831,0.0113515,0.0336576
107,57,0.988588,0.0107679,0.0342715
107,58,0.989351,0.0101495,0.0348707
107,59,0.99012,0.00949846,0.0354532
107,60,0.990897,0.00881704,0.0360166
107,61,0.991684,0.00810758,0.0365587
107,62,0.992482,0.00737247,0.0370768
107,63,0.993292,0.00661412,0.0375687
107,64,0.994116,0.00583501,0.0380318
107,65,0.994955,0.00503762,0.0384636
107,66,0.995811,0.00422449,0.0388617
107,67,0.996686,0.00339819,0.0392236
107,68,0.997579,0.00256129,0.0395468
107,69,0.998493,0.00171642,0.039829
107,70,0.999429,0.000866219,0.0400678
107,71,1.00039,1.33324e-05,0.0402611
107,72,1.00137,-0.000839562,0.0404066
107,73,1.00238,-0.00168978,0.0405024
107,74,1.00341,-0.00253464,0.0405464
107,75,1.00446,-0.00337143,0.0405369
107,76,1.00554,-0.00419749,0.0404723
107,77,1.00665,-0.00501014,0.0403512
107,78,1.00778,-0.00580674,0.0401722
107,79,1.00894,-0.00658467,0.0399343
107,80,1.01012,-0.00734139,0.0396368
107,81,1.01132,-0.00807438,0.0392789
107,82,1.01255,-0.00878123,0.0388605
107,83,1.01379,-0.00945963,0.0383815
107,84,1.01506,-0.0101074,0.0378421
107,85,1.01634,-0.0107224,0.0372431
107,86,1.01764,-0.0113028,0.0365852
107,87,1.01896,-0.0118468,0.0358699
107,88,1.02028,-0.0123528,0.0350988
107,89,1.02162,-0.0128196,0.0342738
107,90,1.02296,-0.0132461,0.0333974
107,91,1.0243,-0.0136313,0.0324723
107,92,1.02565,-0.0139745,0.0315017
107,93,1.02699,-0.0142754,0.0304888
107,94,1.02833,-0.0145336,0.0294376
107,95,1.02966,-0.0147492,0.0283519
107,96,1.03098,-0.0149223,0.0272363
107,97,1.03228,-0.0150531,0.0260949
107,98,1.03357,-0.015142,0.0249329
107,99,1.03483,-0.0151896,0.0237544
107,100,1.03607,-0.0151963,0.0225652
107,101,1.03728,-0.0151629,0.0213692
107,102,1.03846,-0.01509,0.0201725
107,103,1.03961,-0.0149781,0.0189787
107,104,1.04072,-0.014828,0.0177939
107,105,1.04179,-0.01464,0.0166213
107,106,1.04283,-0.0144145,0.0154669
107,107,1.04382,-0.0141515,0.0143331
107,108,1.04477,-0.0138502,0.0132259
107,109,1.04567,-0.0135097,0.0121469
107,110,1.04653,-0.0131283,0.011102
107,111,1.04734,-0.0127042,0.010092
107,112,1.0481,-0.0122368,0.00912245
107,113,1.04881,-0.0117283,0.00819358
107,114,1.04948,-0.0111865,0.00731035
107,115,1.0501,-0.0106291,0.00647173
107,116,1.05067,-0.0100872,0.00568132
107,117,1.0512,-0.00960749,0.00493554
107,118,1.05167,-0.00924859,0.00423495
107,119,1.0521,-0.00906834,0.00357187
107,120,1.05248,-0.00909674,0.00294341
107,121,1.05281,-0.00929404,0.00234076
107,122,1.05309,-0.00949969,0.00176565
107,123,1.05333,-0.00939032,0.00122261
107,124,1.05353,-0.00848018,0.000737699
107,125,1.05368,-0.00621033,0.000341722
107,126,1.05379,-0.00217833,7.31854e-05
107,127,1,-0.00343474,0
108,0,1,0,0
108,1,0.95863,0.00112107,0.000353458
108,2,0.958635,0.00211128,0.00103623
108,3,0.958664,0.00231067,0.00170989
108,4,0.958716,0.00194179,0.00236978
108,5,0.958791,0.00128371,0.00300919
108,6,0.958888,0.000565831,0.00362041
108,7,0.959009,-5.9998e-05,0.00420249
108,8,0.959152,-0.00051283,0.0047569
108,9,0.95932,-0.000764568,0.00529042
108,10,0.959511,-0.000821319,0.00580845
108,11,0.959727,-0.000707883,0.0063184
108,12,0.959967,-0.000456343,0.00682437
108,13,0.960232,-9.86013e-05,0.00733139
108,14,0.960522,0.000337752,0.00784106
108,15,0.960837,0.000831067,0.00835609
108,16,0.961178,0.00136559,0.0088763
108,17,0.961544,0.00193052,0.00940304
108,18,0.961936,0.00251865,0.00993529
108,19,0.962354,0.00312515,0.0104738
108,20,0.962797,0.00374647,0.0110174
108,21,0.963265,0.0043796,0.0115667
108,22,0.963758,0.00502158,0.0121206
108,23,0.964276,0.00566928,0.0126796
108,24,0.964817,0.00631929,0.0132427
108,25,0.965382,0.00696794,0.0138107
108,26,0.965969,0.00761137,0.0143826
108,27,0.966578,0.00824562,0.0149592
108,28,0.967207,0.00886671,0.0155396
108,29,0.967856,0.00947073,0.0161245
108,30,0.968523,0.0100539,0.0167134
108,31,0.969206,0.0106126,0.0173068
108,32,0.969905,0.0111434,0.0179044
108,33,0.970618,0.0116433,0.0185067
108,34,0.971343,0.0121093,0.0191133
108,35,0.97208,0.0125388,0.0197249
108,36,0.972826,0.0129294,0.0203412
108,37,0.97358,0.013279,0.0209627
108,38,0.97434,0.0135859,0.0215891
108,39,0.975106,0.0138484,0.0222209
108,40,0.975875,0.0140653,0.0228578
108,41,0.976647,0.0142355,0.0235001
108,42,0.977421,0.0143582,0.0241473
108,43,0.978195,0.014433,0.0247996
108,44,0.978969,0.0144594,0.0254563
108,45,0.979742,0.0144374,0.0261174
108,46,0.980514,0.0143671,0.0267819
108,47,0.981284,0.0142488,0.0274495
108,48,0.982051,0.0140832,0.0281192
108,49,0.982816,0.0138709,0.02879
108,50,0.98358,0.0136128,0.0294607
108,51,0.984341,0.01331,0.0301302
108,52,0.985101,0.0129637,0.0307969
108,53,0.98586,0.0125754,0.0314592
108,54,0.986619,0.0121465,0.0321154
108,55,0.987379,0.0116786,0.0327637
108,56,0.98814,0.0111735,0.0334019
108,57,0.988904,0.010633,0.0340281
108,58,0.989672,0.010059,0.0346398
108,59,0.990445,0.0094536,0.035235
108,60,0.991224,0.0088188,0.035811
108,61,0.992012,0.00815674,0.0363655
108,62,0.992809,0.00746961,0.0368958
108,63,0.993617,0.00675966,0.0373995
108,64,0.994437,0.00602914,0.0378738
108,65,0.995271,0.00528037,0.0383164
108,66,0.99612,0.00451568,0.0387244
108,67,0.996986,0.00373742,0.0390953
108,68,0.99787,0.00294798,0.0394266
108,69,0.998774,0.00214975,0.0397157
108,70,0.999698,0.00134515,0.0399603
108,71,1.00064,0.000536578,0.040158
108,72,1.00161,-0.000273516,0.0403065
108,73,1.00261,-0.00108269,0.0404038
108,74,1.00362,-0.00188851,0.0404478
108,75,1.00466,-0.00268851,0.0404367
108,76,1.00573,-0.00348023,0.0403689
108,77,1.00682,-0.00426123,0.040243
108,78,1.00794,-0.00502905,0.0400575
108,79,1.00908,-0.00578127,0.0398117
108,80,1.01025,-0.00651548,0.0395047
108,81,1.01144,-0.00722931,0.039136
108,82,1.01266,-0.00792043,0.0387053
108,83,1.01389,-0.0085866,0.0382129
108,84,1.01515,-0.00922564,0.0376592
108,85,1.01643,-0.0098355,0.0370449
108,86,1.01772,-0.0104143,0.0363712
108,87,1.01903,-0.0109601,0.0356395
108,88,1.02035,-0.0114714,0.0348518
108,89,1.02169,-0.0119469,0.0340102
108,90,1.02303,-0.0123851,0.0331174
108,91,1.02438,-0.0127853,0.0321763
108,92,1.02573,-0.0131465,0.0311903
108,93,1.02708,-0.0134681,0.0301629
108,94,1.02843,-0.0137499,0.0290983
108,95,1.02976,-0.0139917,0.0280003
108,96,1.03109,-0.0141934,0.0268738
108,97,1.03241,-0.0143552,0.025723
108,98,1.03371,-0.0144773,0.0245532
108,99,1.03498,-0.0145601,0.0233686
108,100,1.03624,-0.0146041,0.0221751
108,101,1.03746,-0.0146096,0.0209767
108,102,1.03866,-0.0145771,0.0197793
108,103,1.03982,-0.0145072,0.0185868
108,104,1.04095,-0.0144001,0.017405
108,105,1.04204,-0.0142564,0.0162373
108,106,1.04309,-0.0140759,0.0150894
108,107,1.04409,-0.0138585,0.013964
108,108,1.04506,-0.0136034,0.0128667
108,109,1.04598,-0.0133094,0.0117992
108,110,1.04685,-0.0129749,0.0107673
108,111,1.04767,-0.012598,0.0097716
108,112,1.04845,-0.012178,0.00881777
108,113,1.04918,-0.011717,0.00790571
108,114,1.04986,-0.0112227,0.00704048
108,115,1.05049,-0.0107123,0.00622066
108,116,1.05108,-0.010216,0.00544992
108,117,1.05161,-0.00977891,0.00472414
108,118,1.0521,-0.00945807,0.00404376
108,119,1.05253,-0.00930954,0.00340043
108,120,1.05292,-0.00936289,0.00279116
108,121,1.05327,-0.00958091,0.00220658
108,122,1.05356,-0.00981052,0.00164926
108,123,1.05381,-0.00974138,0.00112474
108,124,1.05401,-0.00890331,0.000659259
108,125,1.05416,-0.00674874,0.000287928
108,126,1.05426,-0.00287501,6.4263e-05
108,127,1,-0.00343474,0
109,0,1,0,0
109,1,0.958435,0.000382085,0.000338794
109,2,0.958446,0.00138494,0.00101289
109,3,0.95848,0.00158667,0.00168071
109,4,0.958538,0.00122448,0.00233956
109,5,0.958619,0.000579549,0.00297863
109,6,0.958724,-0.000123367,0.00358738
109,7,0.958851,-0.000738061,0.00416471
109,8,0.959001,-0.00118748,0.00471197
109,9,0.959174,-0.00144521,0.00523631
109,10,0.959371,-0.00151722,0.00574332
109,11,0.959592,-0.00142705,0.00624092
109,12,0.959837,-0.00120499,0.00673337
109,13,0.960107,-0.000881057,0.00722615
109,14,0.960402,-0.000481106,0.00772096
109,15,0.960722,-2.53216e-05,0.00822085
109,16,0.961068,0.000471719,0.00872569
109,17,0.96144,0.00100011,0.00923708
109,18,0.961837,0.00155333,0.00975404
109,19,0.96226,0.00212705,0.0102775
109,20,0.962709,0.00271808,0.0108063
109,21,0.963183,0.00332365,0.0113412
109,22,0.963683,0.00394098,0.011881
109,23,0.964208,0.004567,0.0124264
109,24,0.964757,0.00519832,0.0129765
109,25,0.96533,0.0058312,0.0135319
109,26,0.965925,0.00646167,0.0140918
109,27,0.966543,0.00708556,0.0146569
109,28,0.967182,0.00769866,0.0152265
109,29,0.967842,0.00829677,0.0158011
109,30,0.968519,0.00887579,0.0163803
109,31,0.969215,0.00943178,0.0169647
109,32,0.969926,0.00996098,0.0175538
109,33,0.970652,0.0104599,0.0181483
109,34,0.971391,0.0109253,0.0187477
109,35,0.972142,0.0113543,0.0193529
109,36,0.972902,0.0117442,0.0199633
109,37,0.973671,0.0120927,0.0205798
109,38,0.974446,0.0123978,0.0212018
109,39,0.975228,0.0126578,0.0218301
109,40,0.976013,0.0128714,0.0224642
109,41,0.976801,0.0130374,0.0231046
109,42,0.97759,0.0131552,0.0237507
109,43,0.97838,0.0132241,0.0244027
109,44,0.979169,0.0132441,0.02506
109,45,0.979957,0.0132152,0.0257226
109,46,0.980743,0.0131377,0.0263894
109,47,0.981527,0.0130121,0.0270602
109,48,0.982309,0.0128393,0.0277338
109,49,0.983087,0.0126201,0.0284094
109,50,0.983862,0.0123557,0.0290856
109,51,0.984635,0.0120475,0.0297614
109,52,0.985406,0.0116968,0.0304348
109,53,0.986175,0.0113053,0.0311046
109,54,0.986943,0.0108746,0.0317687
109,55,0.98771,0.0104067,0.0324253
109,56,0.988478,0.00990346,0.0330721
109,57,0.989247,0.00936685,0.0337072
109,58,0.990019,0.00879898,0.0343279
109,59,0.990795,0.00820203,0.0349322
109,60,0.991576,0.00757821,0.0355171
109,61,0.992364,0.00692981,0.0360804
109,62,0.993159,0.00625915,0.0366192
109,63,0.993964,0.00556861,0.0371311
109,64,0.99478,0.00486059,0.037613
109,65,0.995609,0.00413754,0.0380625
109,66,0.996451,0.00340193,0.0384767
109,67,0.99731,0.00265626,0.038853
109,68,0.998184,0.00190304,0.0391887
109,69,0.999078,0.00114479,0.0394812
109,70,0.999991,0.000384055,0.039728
109,71,1.00092,-0.000376629,0.0399268
109,72,1.00188,-0.00113473,0.0400751
109,73,1.00286,-0.00188772,0.0401708
109,74,1.00386,-0.00263309,0.0402119
109,75,1.00489,-0.00336836,0.0401966
109,76,1.00594,-0.0040911,0.0401231
109,77,1.00702,-0.0047989,0.0399902
109,78,1.00812,-0.00548942,0.0397964
109,79,1.00925,-0.00616038,0.0395411
109,80,1.0104,-0.0068096,0.0392232
109,81,1.01158,-0.00743497,0.0388427
109,82,1.01278,-0.00803451,0.0383994
109,83,1.01401,-0.00860636,0.0378935
109,84,1.01525,-0.0091488,0.0373256
109,85,1.01652,-0.00966027,0.0366967
109,86,1.0178,-0.0101394,0.0360081
109,87,1.01911,-0.010585,0.0352616
109,88,1.02042,-0.010996,0.0344591
109,89,1.02175,-0.0113717,0.0336032
109,90,1.02309,-0.0117114,0.0326967
109,91,1.02444,-0.0120149,0.0317427
109,92,1.02579,-0.012282,0.0307448
109,93,1.02714,-0.0125126,0.0297066
109,94,1.02849,-0.0127071,0.0286325
109,95,1.02983,-0.0128658,0.0275266
109,96,1.03116,-0.0129892,0.0263938
109,97,1.03248,-0.0130778,0.0252384
109,98,1.03379,-0.0131324,0.0240658
109,99,1.03507,-0.0131537,0.0228803
109,100,1.03634,-0.0131422,0.0216877
109,101,1.03758,-0.0130988,0.0204921
109,102,1.03878,-0.0130241,0.0192995
109,103,1.03996,-0.0129187,0.0181135
109,104,1.0411,-0.0127831,0.0169402
109,105,1.0422,-0.0126176,0.0157825
109,106,1.04327,-0.0124221,0.0146465
109,107,1.04429,-0.0121965,0.0135344
109,108,1.04527,-0.0119399,0.0124522
109,109,1.0462,-0.0116508,0.011401
109,110,1.04709,-0.0113273,0.0103868
109,111,1.04793,-0.0109676,0.00941003
109,112,1.04872,-0.0105704,0.00847635
109,113,1.04947,-0.0101373,0.00758536
109,114,1.05016,-0.0096754,0.00674224
109,115,1.05081,-0.00920081,0.00594519
109,116,1.05141,-0.0087423,0.00519791
109,117,1.05196,-0.00834307,0.00449574
109,118,1.05246,-0.00805766,0.00383901
109,119,1.0529,-0.0079399,0.00321865
109,120,1.0533,-0.0080184,0.00263149
109,121,1.05366,-0.00825812,0.0020677
109,122,1.05396,-0.0085132,0.00153006
109,123,1.05421,-0.00848614,0.00102436
109,124,1.05442,-0.00772275,0.000580889
109,125,1.05458,-0.00568768,0.000235316
109,126,1.0547,-0.00197944,3.34263e-05
109,127,1,-0.00343474,0
110,0,1,0,0
110,1,0.958218,0.00115841,0.000330296
110,2,0.958235,0.00216195,0.000987155
110,3,0.958276,0.00236339,0.00165349
110,4,0.95834,0.00201347,0.00231301
110,5,0.958425,0.00139241,0.00295199
110,6,0.958534,0.000718755,0.00355888
110,7,0.958665,0.000132336,0.00413191
110,8,0.958819,-0.000294249,0.00467233
110,9,0.958997,-0.000536828,0.00518772
110,10,0.959199,-0.000601952,0.00568388
110,11,0.959425,-0.000512744,0.0061692
110,12,0.959675,-0.000298638,0.00664816
110,13,0.959951,1.12905e-05,0.00712662
110,14,0.960252,0.000392011,0.00760641
110,15,0.960578,0.00082397,0.00809091
110,16,0.960929,0.00129302,0.00858005
110,17,0.961307,0.0017895,0.00907568
110,18,0.96171,0.00230708,0.00957681
110,19,0.96214,0.00284149,0.0100846
110,20,0.962595,0.00338965,0.0105979
110,21,0.963076,0.00394891,0.0111176
110,22,0.963583,0.00451667,0.0116424
110,23,0.964114,0.00509011,0.0121734
110,24,0.964671,0.00566617,0.0127093
110,25,0.965251,0.00624155,0.0132511
110,26,0.965855,0.00681275,0.0137977
110,27,0.966481,0.00737617,0.0143501
110,28,0.967129,0.0079282,0.0149073
110,29,0.967797,0.00846529,0.0154702
110,30,0.968484,0.00898399,0.0160381
110,31,0.96919,0.00948102,0.0166117
110,32,0.969912,0.00995327,0.0171905
110,33,0.97065,0.0103979,0.0177754
110,34,0.971401,0.0108122,0.0183657
110,35,0.972164,0.0111937,0.0189623
110,36,0.972938,0.0115404,0.0195648
110,37,0.97372,0.0118502,0.0201739
110,38,0.974511,0.0121214,0.0207893
110,39,0.975307,0.0123527,0.0214116
110,40,0.976107,0.0125427,0.0220404
110,41,0.976911,0.0126906,0.0226762
110,42,0.977717,0.0127955,0.0233185
110,43,0.978523,0.012857,0.0239675
110,44,0.979329,0.0128746,0.0246226
110,45,0.980133,0.0128484,0.0252836
110,46,0.980935,0.0127785,0.0259497
110,47,0.981735,0.012665,0.0266206
110,48,0.982532,0.0125087,0.0272949
110,49,0.983325,0.01231,0.027972
110,50,0.984114,0.01207,0.0286504
110,51,0.9849,0.0117895,0.0293289
110,52,0.985683,0.0114697,0.0300056
110,53,0.986463,0.011112,0.0306793
110,54,0.987241,0.0107178,0.0313476
110,55,0.988017,0.0102886,0.0320089
110,56,0.988792,0.00982604,0.0326607
110,57,0.989567,0.00933193,0.0333009
110,58,0.990343,0.0088081,0.033927
110,59,0.991122,0.00825646,0.0345365
110,60,0.991904,0.00767901,0.0351266
110,61,0.992691,0.00707781,0.0356949
110,62,0.993484,0.00645497,0.0362385
110,63,0.994285,0.00581264,0.0367547
110,64,0.995096,0.00515302,0.0372404
110,65,0.995917,0.00447833,0.0376932
110,66,0.996751,0.00379083,0.03811
110,67,0.9976,0.00309278,0.0384882
110,68,0.998464,0.00238647,0.0388248
110,69,0.999345,0.00167419,0.0391174
110,70,1.00024,0.000958242,0.0393633
110,71,1.00116,0.000240916,0.03956
110,72,1.0021,-0.000475496,0.0397052
110,73,1.00307,-0.00118871,0.0397967
110,74,1.00405,-0.00189647,0.0398323
110,75,1.00507,-0.00259653,0.0398105
110,76,1.0061,-0.00328666,0.0397293
110,77,1.00716,-0.00396468,0.0395876
110,78,1.00825,-0.00462844,0.039384
110,79,1.00936,-0.00527582,0.0391178
110,80,1.0105,-0.0059048,0.0387884
110,81,1.01167,-0.0065134,0.0383955
110,82,1.01286,-0.00709971,0.0379392
110,83,1.01407,-0.00766195,0.0374199
110,84,1.01531,-0.00819843,0.0368384
110,85,1.01657,-0.0087076,0.0361958
110,86,1.01785,-0.00918805,0.0354938
110,87,1.01915,-0.00963854,0.0347341
110,88,1.02046,-0.010058,0.033919
110,89,1.02179,-0.0104455,0.0330513
110,90,1.02313,-0.0108005,0.0321339
110,91,1.02448,-0.0111223,0.0311702
110,92,1.02583,-0.0114108,0.0301639
110,93,1.02719,-0.0116657,0.029119
110,94,1.02854,-0.0118872,0.0280397
110,95,1.0299,-0.0120755,0.0269304
110,96,1.03124,-0.0122309,0.0257961
110,97,1.03257,-0.0123538,0.0246411
110,98,1.03389,-0.0124447,0.0234709
110,99,1.03519,-0.0125041,0.0222898
110,100,1.03647,-0.0125325,0.0211037
110,101,1.03772,-0.0125305,0.0199164
110,102,1.03894,-0.0124985,0.0187342
110,103,1.04013,-0.012437,0.0175603
110,104,1.04129,-0.0123462,0.016401
110,105,1.04241,-0.0122262,0.015259
110,106,1.04349,-0.0120769,0.0141403
110,107,1.04453,-0.0118978,0.0130469
110,108,1.04553,-0.011688,0.0119848
110,109,1.04648,-0.011446,0.010955
110,110,1.04738,-0.0111697,0.00996346
110,111,1.04824,-0.0108573,0.00901031
110,112,1.04905,-0.0105075,0.00810133
110,113,1.04981,-0.010122,0.00723576
110,114,1.05052,-0.00970748,0.00641891
110,115,1.05118,-0.00927952,0.00564855
110,116,1.05179,-0.00886587,0.00492841
110,117,1.05235,-0.00850815,0.00425324
110,118,1.05286,-0.00825885,0.00362325
110,119,1.05332,-0.00817001,0.00302859
110,120,1.05373,-0.0082699,0.00246594
110,121,1.05409,-0.00852665,0.00192484
110,122,1.0544,-0.00880304,0.00140873
110,123,1.05467,-0.00881627,0.00092416
110,124,1.05488,-0.00812986,0.000501497
110,125,1.05504,-0.0062218,0.000180834
110,126,1.05515,-0.00269088,2.37238e-05
110,127,1,-0.00343474,0
111,0,1,0,0
111,1,0.957992,0.000372416,0.000316657
111,2,0.958016,0.00136259,0.000966001
111,3,0.958063,0.00155456,0.00162893
111,4,0.958133,0.00120942,0.00228947
111,5,0.958227,0.000604685,0.00292975
111,6,0.958343,-4.90741e-05,0.00353562
111,7,0.958481,-0.000619444,0.0041052
111,8,0.958643,-0.00103857,0.0046396
111,9,0.958828,-0.0012843,0.00514675
111,10,0.959036,-0.00136314,0.00563265
111,11,0.959268,-0.00129693,0.00610618
111,12,0.959525,-0.00111322,0.00657196
111,13,0.959807,-0.000839104,0.00703633
111,14,0.960114,-0.000497782,0.0075012
111,15,0.960446,-0.000107243,0.00797031
111,16,0.960804,0.000319621,0.0084436
111,17,0.961188,0.000774141,0.00892323
111,18,0.961598,0.00125071,0.00940819
111,19,0.962034,0.00174565,0.00989989
111,20,0.962496,0.00225629,0.010397
111,21,0.962984,0.00278031,0.0109008
111,22,0.963498,0.00331536,0.0114099
111,23,0.964038,0.00385879,0.0119253
111,24,0.964602,0.00440765,0.012446
111,25,0.965191,0.00495867,0.0129728
111,26,0.965804,0.00550832,0.0135048
111,27,0.96644,0.00605294,0.014043
111,28,0.967098,0.00658878,0.0145863
111,29,0.967777,0.00711208,0.0151357
111,30,0.968476,0.00761919,0.0156905
111,31,0.969193,0.00810653,0.0162514
111,32,0.969928,0.00857075,0.0168179
111,33,0.970679,0.00900866,0.0173909
111,34,0.971443,0.00941732,0.0179698
111,35,0.972221,0.00979403,0.0185555
111,36,0.973009,0.0101364,0.0191475
111,37,0.973807,0.0104422,0.0197468
111,38,0.974612,0.0107095,0.0203528
111,39,0.975424,0.0109369,0.0209664
111,40,0.97624,0.0111229,0.021587
111,41,0.97706,0.0112666,0.0222153
111,42,0.977881,0.0113672,0.0228507
111,43,0.978703,0.0114242,0.0234935
111,44,0.979524,0.0114374,0.024143
111,45,0.980344,0.0114067,0.0247992
111,46,0.981161,0.0113325,0.0254611
111,47,0.981975,0.0112153,0.0261284
111,48,0.982785,0.0110556,0.0267999
111,49,0.983591,0.0108544,0.0274748
111,50,0.984393,0.0106128,0.0281514
111,51,0.985191,0.0103319,0.0288288
111,52,0.985984,0.0100132,0.029505
111,53,0.986774,0.00965811,0.0301785
111,54,0.987559,0.00926831,0.030847
111,55,0.988343,0.00884551,0.0315089
111,56,0.989123,0.00839157,0.0321614
111,57,0.989903,0.00790842,0.0328025
111,58,0.990683,0.00739805,0.0334295
111,59,0.991463,0.00686254,0.03404
111,60,0.992245,0.00630404,0.0346311
111,61,0.993031,0.00572473,0.0352001
111,62,0.993822,0.00512686,0.0357441
111,63,0.994619,0.00451269,0.0362604
111,64,0.995424,0.00388454,0.0367458
111,65,0.996239,0.00324474,0.0371978
111,66,0.997064,0.00259566,0.0376131
111,67,0.997903,0.00193966,0.0379892
111,68,0.998756,0.00127913,0.038323
111,69,0.999625,0.000616423,0.038612
111,70,1.00051,-4.60737e-05,0.0388534
111,71,1.00142,-0.000706012,0.0390449
111,72,1.00234,-0.00136106,0.0391839
111,73,1.00329,-0.00200892,0.0392683
111,74,1.00426,-0.00264735,0.0392961
111,75,1.00526,-0.00327412,0.0392655
111,76,1.00628,-0.00388711,0.0391747
111,77,1.00732,-0.00448424,0.0390227
111,78,1.00839,-0.00506353,0.0388082
111,79,1.00949,-0.00562308,0.0385305
111,80,1.01061,-0.0061611,0.0381891
111,81,1.01177,-0.00667595,0.037784
111,82,1.01294,-0.00716607,0.0373153
111,83,1.01414,-0.0076301,0.0367837
111,84,1.01537,-0.00806679,0.0361901
111,85,1.01662,-0.00847509,0.0355358
111,86,1.01789,-0.00885411,0.0348225
111,87,1.01918,-0.00920318,0.0340524
111,88,1.02049,-0.00952178,0.033228
111,89,1.02181,-0.00980962,0.0323521
111,90,1.02315,-0.0100666,0.0314278
111,91,1.02449,-0.0102928,0.0304587
111,92,1.02585,-0.0104885,0.0294488
111,93,1.02721,-0.0106541,0.0284019
111,94,1.02857,-0.0107902,0.0273227
111,95,1.02992,-0.0108975,0.0262154
111,96,1.03127,-0.0109767,0.0250851
111,97,1.03261,-0.0110286,0.0239362
111,98,1.03394,-0.011054,0.0227742
111,99,1.03525,-0.0110539,0.0216033
111,100,1.03654,-0.0110288,0.0204295
111,101,1.0378,-0.0109797,0.0192565
111,102,1.03904,-0.0109069,0.0180904
111,103,1.04024,-0.0108112,0.0169344
111,104,1.04141,-0.0106928,0.0157947
111,105,1.04255,-0.0105518,0.0146737
111,106,1.04364,-0.0103881,0.0135776
111,107,1.0447,-0.0102011,0.0125081
111,108,1.04571,-0.00998969,0.0114712
111,109,1.04668,-0.00975229,0.0104675
111,110,1.0476,-0.00948672,0.00950318
111,111,1.04847,-0.00919071,0.008578
111,112,1.04929,-0.0088628,0.00769788
111,113,1.05007,-0.008504,0.0068617
111,114,1.05079,-0.00812038,0.00607489
111,115,1.05147,-0.0077264,0.00533478
111,116,1.05209,-0.00734823,0.00464516
111,117,1.05267,-0.00702535,0.00400015
111,118,1.05319,-0.00680776,0.00339981
111,119,1.05367,-0.00674523,0.00283349
111,120,1.05409,-0.00686532,0.00229765
111,121,1.05446,-0.00713888,0.00178122
111,122,1.05478,-0.0074369,0.00128775
111,123,1.05505,-0.00749093,0.00082385
111,124,1.05527,-0.00688242,0.000423754
111,125,1.05545,-0.00510394,0.000128466
111,126,1.05558,-0.00175741,-6.9149e-06
111,127,1,-0.00343474,0
112,0,1,0,0
112,1,0.95775,0.00115781,0.000308359
112,2,0.95778,0.00212165,0.000943763
112,3,0.957835,0.0023016,0.0016079
112,4,0.957912,0.00196676,0.00227157
112,5,0.95801,0.00138894,0.00291399
112,6,0.958131,0.000769644,0.00351995
112,7,0.958275,0.000233489,0.00408698
112,8,0.958442,-0.000156725,0.00461605
112,9,0.958632,-0.000381309,0.00511553
112,10,0.958846,-0.00044742,0.00559161
112,11,0.959084,-0.000376476,0.00605367
112,12,0.959347,-0.000195153,0.00650651
112,13,0.959636,7.04458e-05,0.00695692
112,14,0.959949,0.000398001,0.0074069
112,15,0.960288,0.000770191,0.00786056
112,16,0.960653,0.00117459,0.00831785
112,17,0.961044,0.00160281,0.00878121
112,18,0.961461,0.00204942,0.00924959
112,19,0.961904,0.00251083,0.00972464
112,20,0.962373,0.00298446,0.010205
112,21,0.962869,0.00346809,0.010692
112,22,0.963391,0.0039595,0.0111844
112,23,0.963938,0.0044563,0.0116833
112,24,0.96451,0.0049558,0.0121874
112,25,0.965108,0.00545511,0.012698
112,26,0.965729,0.00595115,0.0132139
112,27,0.966374,0.00644076,0.0137361
112,28,0.967041,0.00692072,0.0142637
112,29,0.967729,0.00738789,0.0147976
112,30,0.968438,0.0078392,0.0153371
112,31,0.969167,0.00827171,0.0158831
112,32,0.969912,0.00868266,0.0164349
112,33,0.970674,0.00906947,0.0169935
112,34,0.971451,0.00942973,0.0175583
112,35,0.972241,0.00976126,0.0181303
112,36,0.973043,0.0100621,0.018709
112,37,0.973855,0.0103305,0.0192953
112,38,0.974674,0.0105648,0.0198888
112,39,0.975501,0.0107639,0.0204903
112,40,0.976332,0.0109264,0.0210993
112,41,0.977167,0.0110516,0.0217166
112,42,0.978004,0.0111388,0.0223414
112,43,0.978842,0.0111874,0.0229742
112,44,0.979679,0.0111971,0.0236143
112,45,0.980514,0.0111679,0.0242617
112,46,0.981347,0.0110999,0.0249154
112,47,0.982176,0.0109934,0.0255751
112,48,0.983001,0.0108488,0.0262394
112,49,0.983821,0.0106667,0.0269077
112,50,0.984636,0.010448,0.0275784
112,51,0.985446,0.0101935,0.0282503
112,52,0.986251,0.00990445,0.0289213
112,53,0.98705,0.00958198,0.0295901
112,54,0.987845,0.00922745,0.0302544
112,55,0.988636,0.00884232,0.0309121
112,56,0.989423,0.00842816,0.0315608
112,57,0.990207,0.00798662,0.0321983
112,58,0.99099,0.00751944,0.0328217
112,59,0.991771,0.00702846,0.0334286
112,60,0.992554,0.00651554,0.034016
112,61,0.993338,0.00598264,0.0345814
112,62,0.994125,0.00543176,0.0351214
112,63,0.994917,0.00486493,0.0356335
112,64,0.995715,0.00428423,0.0361144
112,65,0.996521,0.00369175,0.0365614
112,66,0.997337,0.0030896,0.0369713
112,67,0.998165,0.00247992,0.0373415
112,68,0.999005,0.00186484,0.0376688
112,69,0.999861,0.00124648,0.0379509
112,70,1.00073,0.000626963,0.0381846
112,71,1.00162,8.39156e-06,0.0383679
112,72,1.00253,-0.000607154,0.0384981
112,73,1.00346,-0.00121762,0.0385731
112,74,1.00442,-0.001821,0.0385909
112,75,1.0054,-0.00241531,0.0385498
112,76,1.0064,-0.00299863,0.0384482
112,77,1.00743,-0.0035691,0.0382849
112,78,1.00848,-0.0041249,0.0380588
112,79,1.00957,-0.00466432,0.0377694
112,80,1.01068,-0.00518571,0.0374163
112,81,1.01182,-0.00568751,0.0369996
112,82,1.01298,-0.00616828,0.0365196
112,83,1.01417,-0.00662668,0.0359772
112,84,1.01539,-0.00706152,0.0353733
112,85,1.01663,-0.00747172,0.0347096
112,86,1.01789,-0.00785638,0.033988
112,87,1.01918,-0.00821473,0.0332108
112,88,1.02049,-0.0085462,0.0323806
112,89,1.02181,-0.00885037,0.0315004
112,90,1.02315,-0.009127,0.0305736
112,91,1.0245,-0.00937602,0.0296039
112,92,1.02586,-0.00959753,0.0285953
112,93,1.02722,-0.00979178,0.0275518
112,94,1.02859,-0.00995912,0.0264781
112,95,1.02995,-0.0101,0.0253785
112,96,1.03131,-0.0102151,0.0242582
112,97,1.03266,-0.0103049,0.0231214
112,98,1.034,-0.01037,0.0219739
112,99,1.03533,-0.010411,0.0208194
112,100,1.03663,-0.0104286,0.0196641
112,101,1.03791,-0.0104232,0.0185115
112,102,1.03916,-0.0103952,0.0173677
112,103,1.04038,-0.0103449,0.0162356
112,104,1.04157,-0.0102724,0.0151214
112,105,1.04272,-0.0101778,0.0140273
112,106,1.04384,-0.0100607,0.0129595
112,107,1.04491,-0.00992042,0.0119193
112,108,1.04594,-0.00975573,0.0109127
112,109,1.04692,-0.00956496,0.00994026
112,110,1.04786,-0.00934596,0.00900798
112,111,1.04874,-0.0090965,0.00811536
112,112,1.04958,-0.00881514,0.00726847
112,113,1.05037,-0.00850285,0.00646581
112,114,1.05111,-0.0081654,0.00571295
112,115,1.0518,-0.00781661,0.00500675
112,116,1.05244,-0.00748143,0.00435101
112,117,1.05303,-0.00719751,0.00373922
112,118,1.05357,-0.0070126,0.00317122
112,119,1.05405,-0.00697452,0.00263553
112,120,1.05448,-0.00711058,0.00212836
112,121,1.05487,-0.00739533,0.00163786
112,122,1.0552,-0.00770948,0.00116809
112,123,1.05548,-0.007801,0.000726262
112,124,1.05571,-0.00727156,0.000346722
112,125,1.05589,-0.00563026,7.51283e-05
112,126,1.05601,-0.00248141,-1.69844e-05
112,127,1,-0.00343474,0
113,0,1,0,0
113,1,0.957502,0.000325423,0.000296334
113,2,0.95754,0.0012477,0.000926593
113,3,0.957601,0.00140657,0.00159078
113,4,0.957685,0.00107521,0.00225849
113,5,0.957792,0.000517417,0.00290476
113,6,0.957921,-7.6599e-05,0.00351194
113,7,0.958073,-0.000591331,0.00407743
113,8,0.958247,-0.000969524,0.00460206
113,9,0.958445,-0.00119384,0.0050946
113,10,0.958666,-0.0012715,0.00556142
113,11,0.958911,-0.00122262,0.00601242
113,12,0.959181,-0.00107194,0.00645264
113,13,0.959476,-0.000843454,0.00688927
113,14,0.959796,-0.000557553,0.00732446
113,15,0.960142,-0.000229892,0.00776264
113,16,0.960513,0.00012844,0.00820381
113,17,0.960911,0.000510109,0.00865064
113,18,0.961335,0.000910479,0.00910207
113,19,0.961786,0.00132659,0.00955994
113,20,0.962263,0.00175634,0.0100228
113,21,0.962766,0.0021979,0.0104923
113,22,0.963296,0.00264937,0.0109669
113,23,0.963851,0.00310858,0.011448
113,24,0.964432,0.00357304,0.0119342
113,25,0.965038,0.00404,0.0124269
113,26,0.965669,0.00450643,0.0129248
113,27,0.966323,0.00496919,0.0134292
113,28,0.967,0.00542504,0.0139388
113,29,0.9677,0.00587072,0.014455
113,30,0.96842,0.00630303,0.0149767
113,31,0.969159,0.00671886,0.0155051
113,32,0.969917,0.00711525,0.0160394
113,33,0.970692,0.00748937,0.0165806
113,34,0.971482,0.00783862,0.0171281
113,35,0.972286,0.00816057,0.0176831
113,36,0.973101,0.00845304,0.0182449
113,37,0.973927,0.00871407,0.0188147
113,38,0.974762,0.00894196,0.0193919
113,39,0.975603,0.00913523,0.0199774
113,40,0.97645,0.00929266,0.0205708
113,41,0.9773,0.0094133,0.0211728
113,42,0.978152,0.00949643,0.0217829
113,43,0.979005,0.00954157,0.0224013
113,44,0.979857,0.00954849,0.0230275
113,45,0.980707,0.00951718,0.0236614
113,46,0.981554,0.00944784,0.0243021
113,47,0.982397,0.00934091,0.0249494
113,48,0.983235,0.009197,0.0256017
113,49,0.984068,0.0090169,0.0262585
113,50,0.984895,0.00880159,0.026918
113,51,0.985716,0.0085522,0.0275793
113,52,0.98653,0.00827001,0.02824
113,53,0.987338,0.0079564,0.0288989
113,54,0.988141,0.00761292,0.0295535
113,55,0.988938,0.00724118,0.0302019
113,56,0.98973,0.00684292,0.0308415
113,57,0.990518,0.00641994,0.03147
113,58,0.991303,0.00597414,0.0320845
113,59,0.992085,0.00550745,0.0326827
113,60,0.992867,0.0050219,0.0332612
113,61,0.993649,0.00451952,0.0338177
113,62,0.994432,0.00400243,0.0343487
113,63,0.995219,0.00347275,0.0348517
113,64,0.996011,0.00293262,0.0353233
113,65,0.996809,0.00238423,0.0357608
113,66,0.997615,0.00182975,0.0361609
113,67,0.998432,0.00127135,0.036521
113,68,0.99926,0.000711211,0.036838
113,69,1.0001,0.000151493,0.0371094
113,70,1.00096,-0.000405672,0.0373323
113,71,1.00184,-0.000958183,0.0375043
113,72,1.00273,-0.00150398,0.037623
113,73,1.00365,-0.00204106,0.0376864
113,74,1.00458,-0.00256747,0.0376924
113,75,1.00554,-0.00308134,0.0376395
113,76,1.00653,-0.00358089,0.037526
113,77,1.00754,-0.0040644,0.0373509
113,78,1.00858,-0.00453029,0.0371133
113,79,1.00965,-0.00497707,0.0368128
113,80,1.01074,-0.00540339,0.036449
113,81,1.01187,-0.00580802,0.0360224
113,82,1.01302,-0.00618989,0.0355331
113,83,1.0142,-0.00654806,0.0349825
113,84,1.0154,-0.00688176,0.0343715
113,85,1.01663,-0.00719041,0.0337021
113,86,1.01789,-0.00747357,0.0329762
113,87,1.01917,-0.00773101,0.0321963
113,88,1.02047,-0.00796264,0.0313652
113,89,1.02179,-0.00816858,0.0304861
113,90,1.02313,-0.00834911,0.0295625
113,91,1.02447,-0.00850466,0.0285981
113,92,1.02583,-0.00863581,0.0275971
113,93,1.0272,-0.00874326,0.0265634
113,94,1.02857,-0.00882781,0.0255019
113,95,1.02994,-0.00889035,0.0244168
113,96,1.03131,-0.00893178,0.0233134
113,97,1.03267,-0.00895303,0.0221956
113,98,1.03402,-0.00895499,0.0210694
113,99,1.03535,-0.00893852,0.0199382
113,100,1.03666,-0.00890439,0.0188083
113,101,1.03796,-0.00885326,0.0176827
113,102,1.03922,-0.00878567,0.0165678
113,103,1.04046,-0.00870202,0.015466
113,104,1.04166,-0.00860252,0.0143836
113,105,1.04283,-0.00848712,0.0133224
113,106,1.04396,-0.00835547,0.0122887
113,107,1.04505,-0.00820681,0.0112832
113,108,1.04609,-0.00803987,0.0103124
113,109,1.04709,-0.0078528,0.00937608
113,110,1.04804,-0.00764327,0.00848059
113,111,1.04895,-0.0074088,0.00762505
113,112,1.04981,-0.0071476,0.00681564
113,113,1.05061,-0.00686009,0.00605053
113,114,1.05137,-0.00655129,0.00533541
113,115,1.05207,-0.0062338,0.00466669
113,116,1.05273,-0.00593085,0.00404818
113,117,1.05333,-0.00567779,0.00347269
113,118,1.05388,-0.00551973,0.00293987
113,119,1.05437,-0.00550221,0.00243727
113,120,1.05482,-0.00565204,0.00196077
113,121,1.05521,-0.00594697,0.00149778
113,122,1.05555,-0.00627687,0.00105228
113,123,1.05585,-0.00640557,0.000631401
113,124,1.05608,-0.00595509,0.000273308
113,125,1.05627,-0.00445251,2.50995e-05
113,126,1.05642,-0.00150867,-4.65982e-05
113,127,1,-0.00343474,0
114,0,1,0,0
114,1,0.957244,0.00111417,0.000288934
114,2,0.957291,0.00198116,0.000909473
114,3,0.95736,0.00211642,0.00157827
114,4,0.957451,0.00179392,0.00225218
114,5,0.957564,0.00126651,0.00290325
114,6,0.957698,0.0007125,0.00351266
114,7,0.957855,0.000238224,0.00407727
114,8,0.958035,-0.000104732,0.00459783
114,9,0.958238,-0.000301751,0.0050836
114,10,0.958465,-0.000360791,0.0055412
114,11,0.958717,-0.000301557,0.0059811
114,12,0.958993,-0.000147841,0.00640856
114,13,0.959295,7.74027e-05,0.00683124
114,14,0.959622,0.000354752,0.00725141
114,15,0.959975,0.000669291,0.00767382
114,16,0.960354,0.00101045,0.00809846
114,17,0.960759,0.00137123,0.00852824
114,18,0.96119,0.00174718,0.00896206
114,19,0.961649,0.00213543,0.00940193
114,20,0.962133,0.00253398,0.00984638
114,21,0.962644,0.00294107,0.0102971
114,22,0.963181,0.00335493,0.0107525
114,23,0.963745,0.00377358,0.0112142
114,24,0.964334,0.0041948,0.0116807
114,25,0.964948,0.00461613,0.0121535
114,26,0.965588,0.00503497,0.0126313
114,27,0.966251,0.0054486,0.0131153
114,28,0.966937,0.00585428,0.0136044
114,29,0.967646,0.0062493,0.0140999
114,30,0.968376,0.00663101,0.0146008
114,31,0.969126,0.00699688,0.0151082
114,32,0.969894,0.00734449,0.0156214
114,33,0.97068,0.00767159,0.0161416
114,34,0.971482,0.00797609,0.016668
114,35,0.972298,0.00825607,0.0172018
114,36,0.973126,0.00850979,0.0177426
114,37,0.973965,0.00873569,0.0182914
114,38,0.974813,0.0089324,0.0188477
114,39,0.975669,0.00909873,0.0194125
114,40,0.97653,0.00923369,0.0199854
114,41,0.977394,0.00933646,0.0205672
114,42,0.978261,0.00940642,0.0211572
114,43,0.979129,0.00944314,0.021756
114,44,0.979996,0.00944635,0.0223627
114,45,0.980861,0.00941599,0.0229777
114,46,0.981722,0.00935213,0.0235998
114,47,0.982579,0.00925506,0.0242288
114,48,0.983431,0.0091252,0.0248633
114,49,0.984276,0.00896314,0.0255028
114,50,0.985115,0.0087696,0.0261453
114,51,0.985947,0.00854546,0.0267898
114,52,0.986772,0.00829173,0.0274343
114,53,0.987589,0.00800953,0.0280773
114,54,0.988399,0.00770012,0.0287163
114,55,0.989203,0.00736484,0.0293494
114,56,0.99,0.00700513,0.0299738
114,57,0.990791,0.00662253,0.0305875
114,58,0.991578,0.00621865,0.0311874
114,59,0.992361,0.00579518,0.031771
114,60,0.993141,0.00535384,0.0323352
114,61,0.99392,0.00489644,0.0328774
114,62,0.994699,0.0044248,0.0333942
114,63,0.995479,0.0039408,0.033883
114,64,0.996263,0.00344632,0.0343404
114,65,0.997052,0.00294329,0.0347638
114,66,0.997848,0.0024336,0.0351498
114,67,0.998653,0.0019192,0.0354958
114,68,0.999469,0.00140198,0.0357987
114,69,1.0003,0.000883849,0.036056
114,70,1.00114,0.000366679,0.0362649
114,71,1.002,-0.000147685,0.0364232
114,72,1.00288,-0.000657436,0.0365283
114,73,1.00378,-0.00116081,0.0365783
114,74,1.0047,-0.00165611,0.0365712
114,75,1.00564,-0.00214167,0.0365056
114,76,1.00661,-0.00261592,0.03638
114,77,1.00761,-0.00307735,0.0361934
114,78,1.00863,-0.00352454,0.0359451
114,79,1.00968,-0.00395616,0.0356347
114,80,1.01077,-0.00437096,0.0352621
114,81,1.01188,-0.00476783,0.0348277
114,82,1.01302,-0.00514574,0.0343321
114,83,1.01419,-0.0055038,0.0337766
114,84,1.01538,-0.00584125,0.0331624
114,85,1.01661,-0.00615746,0.0324916
114,86,1.01786,-0.00645196,0.0317662
114,87,1.01913,-0.00672439,0.030989
114,88,1.02043,-0.00697457,0.0301628
114,89,1.02175,-0.00720247,0.0292908
114,90,1.02309,-0.00740819,0.0283768
114,91,1.02444,-0.00759197,0.0274243
114,92,1.02581,-0.00775418,0.0264378
114,93,1.02718,-0.0078953,0.0254212
114,94,1.02856,-0.0080159,0.0243793
114,95,1.02994,-0.00811659,0.0233161
114,96,1.03131,-0.00819804,0.0222371
114,97,1.03269,-0.00826093,0.0211461
114,98,1.03405,-0.00830591,0.0200487
114,99,1.03539,-0.00833358,0.0189485
114,100,1.03672,-0.00834448,0.0178514
114,101,1.03803,-0.00833905,0.0167604
114,102,1.03931,-0.00831762,0.0156816
114,103,1.04056,-0.00828039,0.0146172
114,104,1.04178,-0.00822737,0.0135735
114,105,1.04297,-0.00815838,0.0125518
114,106,1.04411,-0.00807292,0.0115585
114,107,1.04522,-0.00797014,0.0105941
114,108,1.04628,-0.00784873,0.00966478
114,109,1.0473,-0.00770685,0.0087703
114,110,1.04827,-0.00754222,0.00791697
114,111,1.04919,-0.00735245,0.00710359
114,112,1.05006,-0.00713583,0.00633651
114,113,1.05089,-0.00689271,0.00561352
114,114,1.05166,-0.00662779,0.00494045
114,115,1.05238,-0.00635289,0.00431329
114,116,1.05304,-0.0060898,0.00373579
114,117,1.05366,-0.00587175,0.00320009
114,118,1.05422,-0.00574131,0.00270553
114,119,1.05473,-0.00574185,0.00223868
114,120,1.05519,-0.00589999,0.00179498
114,121,1.05559,-0.00619765,0.00136086
114,122,1.05595,-0.00653547,0.000940551
114,123,1.05624,-0.00669561,0.000541594
114,124,1.05649,-0.0063234,0.000202428
114,125,1.05669,-0.00496681,-2.48266e-05
114,126,1.05682,-0.00224265,-5.64672e-05
114,127,1,-0.00343474,0
115,0,1,0,0
115,1,0.956989,0.000236703,0.000278992
115,2,0.957043,0.00103243,0.000897567
115,3,0.95712,0.00113551,0.00157027
115,4,0.957218,0.000816139,0.00225126
115,5,0.957339,0.000313372,0.0029084
115,6,0.957481,-0.00020908,0.00352056
115,7,0.957645,-0.000655715,0.00408452
115,8,0.957832,-0.000981307,0.00460102
115,9,0.958043,-0.00117395,0.00507982
115,10,0.958277,-0.00124176,0.00552787
115,11,0.958535,-0.0012031,0.00595627
115,12,0.958818,-0.0010797,0.00637053
115,13,0.959127,-0.00089226,0.0067788
115,14,0.959461,-0.000658131,0.00718341
115,15,0.959821,-0.000390441,0.00758945
115,16,0.960206,-9.83247e-05,0.00799687
115,17,0.960619,0.000212325,0.0084088
115,18,0.961057,0.00053791,0.00882402
115,19,0.961523,0.000876236,0.00924472
115,20,0.962015,0.0012258,0.00966933
115,21,0.962533,0.00158528,0.0100997
115,22,0.963078,0.00195325,0.0105341
115,23,0.96365,0.00232803,0.0109743
115,24,0.964247,0.00270765,0.0114188
115,25,0.96487,0.00308985,0.011869
115,26,0.965518,0.00347216,0.0123237
115,27,0.96619,0.00385198,0.0127842
115,28,0.966886,0.0042266,0.0132494
115,29,0.967605,0.0045933,0.0137205
115,30,0.968345,0.00494939,0.0141965
115,31,0.969105,0.00529222,0.0146789
115,32,0.969885,0.00561927,0.0151666
115,33,0.970683,0.00592813,0.0156609
115,34,0.971496,0.00621654,0.0161613
115,35,0.972325,0.00648242,0.0166689
115,36,0.973166,0.00672386,0.0171832
115,37,0.974018,0.00693915,0.0177055
115,38,0.97488,0.00712677,0.0182352
115,39,0.975749,0.00728543,0.0187734
115,40,0.976624,0.00741404,0.0193197
115,41,0.977503,0.00751174,0.019875
115,42,0.978384,0.00757787,0.0204385
115,43,0.979266,0.007612,0.0210111
115,44,0.980147,0.00761391,0.0215919
115,45,0.981025,0.00758359,0.0221811
115,46,0.9819,0.00752121,0.0227777
115,47,0.98277,0.00742715,0.0233815
115,48,0.983634,0.00730196,0.0239911
115,49,0.984491,0.00714636,0.024606
115,50,0.985341,0.00696123,0.0252243
115,51,0.986183,0.00674759,0.0258451
115,52,0.987016,0.00650661,0.0264661
115,53,0.987842,0.00623956,0.027086
115,54,0.988659,0.00594783,0.0277021
115,55,0.989467,0.00563291,0.0283128
115,56,0.990269,0.00529638,0.0289152
115,57,0.991063,0.00493989,0.0295071
115,58,0.991851,0.00456515,0.0300854
115,59,0.992634,0.00417395,0.0306479
115,60,0.993413,0.00376811,0.0311912
115,61,0.994189,0.00334949,0.0317128
115,62,0.994963,0.00291998,0.0322094
115,63,0.995738,0.0024815,0.0326783
115,64,0.996514,0.00203598,0.0331161
115,65,0.997295,0.00158536,0.0335202
115,66,0.99808,0.00113156,0.0338873
115,67,0.998874,0.000676513,0.0342149
115,68,0.999677,0.000222117,0.0344998
115,69,1.00049,-0.000229755,0.0347397
115,70,1.00132,-0.000677267,0.0349317
115,71,1.00216,-0.00111863,0.0350737
115,72,1.00303,-0.00155211,0.0351632
115,73,1.00391,-0.00197604,0.0351986
115,74,1.00481,-0.00238884,0.0351777
115,75,1.00574,-0.00278899,0.0350994
115,76,1.0067,-0.00317508,0.0349621
115,77,1.00768,-0.00354581,0.0347652
115,78,1.00868,-0.00389999,0.0345079
115,79,1.00972,-0.00423653,0.0341901
115,80,1.01079,-0.0045545,0.0338118
115,81,1.01188,-0.0048531,0.0333734
115,82,1.01301,-0.00513166,0.0328759
115,83,1.01417,-0.00538966,0.0323204
115,84,1.01535,-0.00562675,0.0317086
115,85,1.01657,-0.00584272,0.0310423
115,86,1.01781,-0.00603752,0.030324
115,87,1.01908,-0.00621127,0.0295563
115,88,1.02038,-0.00636421,0.0287423
115,89,1.02169,-0.00649677,0.0278852
115,90,1.02303,-0.00660948,0.0269888
115,91,1.02438,-0.00670302,0.0260567
115,92,1.02575,-0.00677815,0.0250933
115,93,1.02713,-0.00683575,0.0241023
115,94,1.02851,-0.00687673,0.0230888
115,95,1.02989,-0.00690205,0.0220565
115,96,1.03128,-0.00691268,0.0210109
115,97,1.03266,-0.00690957,0.0199553
115,98,1.03403,-0.0068936,0.0188957
115,99,1.03539,-0.00686559,0.017835
115,100,1.03673,-0.00682625,0.0167793
115,101,1.03805,-0.00677619,0.0157312
115,102,1.03934,-0.00671584,0.0146966
115,103,1.04061,-0.00664549,0.0136775
115,104,1.04185,-0.00656523,0.0126801
115,105,1.04305,-0.00647489,0.0117053
115,106,1.04421,-0.00637398,0.0107595
115,107,1.04533,-0.00626161,0.00984278
115,108,1.04641,-0.00613639,0.00896152
115,109,1.04744,-0.00599639,0.00811499
115,110,1.04843,-0.00583918,0.00730966
115,111,1.04937,-0.00566213,0.006544
115,112,1.05026,-0.00546317,0.00582452
115,113,1.0511,-0.00524214,0.00514869
115,114,1.05188,-0.00500285,0.0045225
115,115,1.05262,-0.00475578,0.00394149
115,116,1.0533,-0.00452081,0.00340943
115,117,1.05393,-0.00432864,0.00291773
115,118,1.05451,-0.00421897,0.0024654
115,119,1.05503,-0.0042328,0.00203792
115,120,1.0555,-0.00439634,0.00163013
115,121,1.05591,-0.0046952,0.00122741
115,122,1.05627,-0.00504008,0.000833603
115,123,1.05658,-0.00523079,0.000455931
115,124,1.05684,-0.00493601,0.000136526
115,125,1.05704,-0.00372617,-7.03603e-05
115,126,1.0572,-0.00122946,-8.41133e-05
115,127,1,-0.00343474,0
116,0,1,0,0
116,1,0.956734,0.00102344,0.000273042
116,2,0.956796,0.00173389,0.000886503
116,3,0.956881,0.00180262,0.00156704
116,4,0.956986,0.00149185,0.00225657
116,5,0.957111,0.00102415,0.00291979
116,6,0.957258,0.000548313,0.00353443
116,7,0.957428,0.000149201,0.00409695
116,8,0.95762,-0.000134311,0.00460825
116,9,0.957836,-0.000293309,0.0050788
116,10,0.958076,-0.000336701,0.005516
116,11,0.95834,-0.000282358,0.00593163
116,12,0.95863,-0.000150938,0.00633149
116,13,0.958945,3.80524e-05,0.00672417
116,14,0.959285,0.000268371,0.00711208
116,15,0.959652,0.000527738,0.00750054
116,16,0.960045,0.000807621,0.00788944
116,17,0.960464,0.0011025,0.00828206
116,18,0.96091,0.00140899,0.00867706
116,19,0.961383,0.00172501,0.00907675
116,20,0.961882,0.00204911,0.00947941
116,21,0.962408,0.00238005,0.00988698
116,22,0.962961,0.0027165,0.0102977
116,23,0.96354,0.00305692,0.0107135
116,24,0.964145,0.00339956,0.0111325
116,25,0.964776,0.00374245,0.0115567
116,26,0.965432,0.00408346,0.0119843
116,27,0.966112,0.00442038,0.0124171
116,28,0.966817,0.00475095,0.0128536
116,29,0.967544,0.00507293,0.0132955
116,30,0.968293,0.00538414,0.0137416
116,31,0.969063,0.00568245,0.0141933
116,32,0.969853,0.00596587,0.0146497
116,33,0.970661,0.0062325,0.0151122
116,34,0.971485,0.00648059,0.0155802
116,35,0.972324,0.00670851,0.016055
116,36,0.973177,0.00691478,0.0165361
116,37,0.974041,0.00709809,0.0170247
116,38,0.974915,0.00725726,0.0175205
116,39,0.975797,0.00739127,0.0180246
116,40,0.976685,0.00749928,0.0185366
116,41,0.977577,0.00758058,0.0190575
116,42,0.978472,0.00763466,0.0195866
116,43,0.979367,0.00766112,0.0201249
116,44,0.980261,0.00765976,0.0206713
116,45,0.981153,0.00763053,0.0212264
116,46,0.98204,0.00757352,0.021789
116,47,0.982923,0.00748897,0.0223591
116,48,0.983799,0.00737729,0.0229352
116,49,0.984668,0.00723899,0.023517
116,50,0.985528,0.00707475,0.0241025
116,51,0.98638,0.00688535,0.0246909
116,52,0.987222,0.00667169,0.0252799
116,53,0.988055,0.00643479,0.0258683
116,54,0.988879,0.00617577,0.0264533
116,55,0.989693,0.00589583,0.0270334
116,56,0.990498,0.00559627,0.0276056
116,57,0.991295,0.00527846,0.0281679
116,58,0.992084,0.00494382,0.0287173
116,59,0.992866,0.00459386,0.0292513
116,60,0.993643,0.00423012,0.0297667
116,61,0.994415,0.00385417,0.030261
116,62,0.995185,0.00346763,0.030731
116,63,0.995953,0.00307215,0.0311739
116,64,0.996721,0.00266936,0.0315866
116,65,0.997492,0.00226094,0.0319664
116,66,0.998268,0.00184853,0.03231
116,67,0.999049,0.0014338,0.032615
116,68,0.99984,0.00101836,0.0328784
116,69,1.00064,0.000603832,0.0330978
116,70,1.00145,0.000191776,0.0332705
116,71,1.00228,-0.000216273,0.0333945
116,72,1.00313,-0.000618832,0.0334674
116,73,1.004,-0.00101448,0.0334876
116,74,1.00489,-0.00140184,0.0334532
116,75,1.0058,-0.00177963,0.033363
116,76,1.00674,-0.00214663,0.0332157
116,77,1.0077,-0.00250171,0.0330107
116,78,1.00869,-0.00284382,0.0327474
116,79,1.00972,-0.00317202,0.0324257
116,80,1.01077,-0.00348545,0.0320459
116,81,1.01186,-0.00378337,0.0316085
116,82,1.01297,-0.00406516,0.0311145
116,83,1.01412,-0.0043303,0.0305652
116,84,1.0153,-0.0045784,0.0299623
116,85,1.01651,-0.00480919,0.0293078
116,86,1.01775,-0.00502252,0.0286042
116,87,1.01902,-0.00521835,0.0278542
116,88,1.02031,-0.00539681,0.027061
116,89,1.02163,-0.0055581,0.0262276
116,90,1.02296,-0.00570254,0.025358
116,91,1.02432,-0.00583058,0.0244556
116,92,1.02569,-0.00594273,0.0235249
116,93,1.02707,-0.00603957,0.0225694
116,94,1.02846,-0.00612176,0.0215941
116,95,1.02986,-0.00618996,0.0206026
116,96,1.03125,-0.00624484,0.0196002
116,97,1.03265,-0.00628707,0.0185901
116,98,1.03403,-0.00631726,0.017578
116,99,1.0354,-0.00633596,0.0165666
116,100,1.03676,-0.00634363,0.0155619
116,101,1.03809,-0.00634063,0.014566
116,102,1.0394,-0.0063272,0.0135849
116,103,1.04069,-0.00630343,0.01262
116,104,1.04194,-0.00626925,0.0116776
116,105,1.04316,-0.00622437,0.0107582
116,106,1.04433,-0.0061682,0.00986808
116,107,1.04547,-0.00609984,0.009007
116,108,1.04657,-0.00601789,0.00818135
116,109,1.04762,-0.00592052,0.00739007
116,110,1.04862,-0.00580543,0.00663975
116,111,1.04958,-0.00567015,0.00592854
116,112,1.05048,-0.00551275,0.00526313
116,113,1.05134,-0.00533299,0.00464072
116,114,1.05214,-0.00513431,0.00406744
116,115,1.05289,-0.00492626,0.00353844
116,116,1.05358,-0.00472699,0.0030575
116,117,1.05423,-0.00456471,0.00261531
116,118,1.05482,-0.00447612,0.00221046
116,119,1.05535,-0.00449969,0.00182732
116,120,1.05583,-0.00466137,0.00145993
116,121,1.05626,-0.00495124,0.00109229
116,122,1.05663,-0.00529188,0.000727965
116,123,1.05695,-0.00550358,0.000374164
116,124,1.05721,-0.00528226,7.3239e-05
116,125,1.05742,-0.00422492,-0.000115288
116,126,1.05758,-0.00197083,-9.32288e-05
116,127,1,-0.00343474,0
117,0,1,0,0
117,1,0.956489,0.00010339,0.000265469
117,2,0.95656,0.00071277,0.000880306
117,3,0.956651,0.000739994,0.00156777
117,4,0.956763,0.000434194,0.00226559
117,5,0.956895,-2.14718e-06,0.00293436
117,6,0.957049,-0.000438413,0.0035499
117,7,0.957225,-0.000802395,0.00410895
117,8,0.957423,-0.0010624,0.00461282
117,9,0.957645,-0.00121248,0.00507289
117,10,0.957891,-0.00126167,0.0054971
117,11,0.958161,-0.00122629,0.00589797
117,12,0.958457,-0.00112467,0.00628156
117,13,0.958778,-0.000973838,0.00665687
117,14,0.959125,-0.000787756,0.0070263
117,15,0.959498,-0.000576772,0.00739536
117,16,0.959898,-0.000347895,0.00776379
117,17,0.960324,-0.000105478,0.00813496
117,18,0.960777,0.000147969,0.00850734
117,19,0.961256,0.000411023,0.00888332
117,20,0.961762,0.000682766,0.00926102
117,21,0.962295,0.000962376,0.00964246
117,22,0.962855,0.00124889,0.0100258
117,23,0.963441,0.00154111,0.0104129
117,24,0.964053,0.00183754,0.0108021
117,25,0.964692,0.00213646,0.0111951
117,26,0.965356,0.00243594,0.0115904
117,27,0.966044,0.00273393,0.0119896
117,28,0.966757,0.00302828,0.0123915
117,29,0.967493,0.0033168,0.0127976
117,30,0.968251,0.00359732,0.0132068
117,31,0.96903,0.00386771,0.0136206
117,32,0.96983,0.00412591,0.014038
117,33,0.970647,0.00436994,0.0144608
117,34,0.971482,0.00459793,0.0148881
117,35,0.972332,0.00480816,0.0153215
117,36,0.973196,0.00499904,0.0157604
117,37,0.974072,0.00516912,0.0162063
117,38,0.974958,0.00531713,0.0166588
117,39,0.975852,0.00544197,0.0171192
117,40,0.976753,0.00554273,0.017587
117,41,0.977657,0.00561865,0.0180635
117,42,0.978564,0.00566919,0.0185481
117,43,0.979472,0.00569398,0.0190416
117,44,0.980379,0.00569281,0.0195433
117,45,0.981283,0.00566569,0.0200538
117,46,0.982183,0.00561278,0.0205718
117,47,0.983077,0.0055344,0.0210976
117,48,0.983964,0.00543104,0.0216297
117,49,0.984843,0.00530334,0.0221678
117,50,0.985713,0.00515206,0.0227101
117,51,0.986574,0.00497812,0.0232557
117,52,0.987424,0.00478254,0.0238025
117,53,0.988264,0.00456643,0.0243492
117,54,0.989093,0.00433102,0.0248932
117,55,0.989912,0.00407761,0.025433
117,56,0.99072,0.0038076,0.0259657
117,57,0.991519,0.00352242,0.0264894
117,58,0.992309,0.00322358,0.0270009
117,59,0.993091,0.00291261,0.0274981
117,60,0.993865,0.00259111,0.0279777
117,61,0.994634,0.00226069,0.0284373
117,62,0.995399,0.00192296,0.0288737
117,63,0.996161,0.00157957,0.0292843
117,64,0.996922,0.00123217,0.0296659
117,65,0.997684,0.000882392,0.0300161
117,66,0.998449,0.000531859,0.0303317
117,67,0.99922,0.000182175,0.0306102
117,68,0.999998,-0.000165084,0.0308488
117,69,1.00079,-0.000508384,0.0310453
117,70,1.00159,-0.000846234,0.031197
117,71,1.0024,-0.0011772,0.031302
117,72,1.00323,-0.00149991,0.0313581
117,73,1.00408,-0.00181307,0.0313637
117,74,1.00496,-0.00211546,0.0313171
117,75,1.00585,-0.00240595,0.0312173
117,76,1.00677,-0.0026835,0.031063
117,77,1.00772,-0.0029472,0.0308537
117,78,1.0087,-0.00319623,0.030589
117,79,1.00971,-0.00342989,0.0302689
117,80,1.01075,-0.0036476,0.0298936
117,81,1.01182,-0.00384894,0.029464
117,82,1.01293,-0.00403357,0.0289809
117,83,1.01407,-0.00420133,0.0284459
117,84,1.01524,-0.00435217,0.0278606
117,85,1.01644,-0.00448618,0.027227
117,86,1.01767,-0.00460359,0.0265478
117,87,1.01893,-0.00470475,0.0258256
117,88,1.02022,-0.00479013,0.0250635
117,89,1.02154,-0.00486032,0.0242645
117,90,1.02287,-0.00491602,0.0234326
117,91,1.02423,-0.004958,0.0225711
117,92,1.0256,-0.00498711,0.0216843
117,93,1.02699,-0.00500427,0.0207756
117,94,1.02839,-0.00501042,0.01985
117,95,1.02979,-0.00500648,0.0189106
117,96,1.03119,-0.00499341,0.0179628
117,97,1.03259,-0.00497207,0.0170093
117,98,1.03399,-0.0049433,0.0160558
117,99,1.03537,-0.00490783,0.0151046
117,100,1.03674,-0.00486628,0.0141616
117,101,1.03809,-0.00481917,0.0132284
117,102,1.03941,-0.00476685,0.0123111
117,103,1.04071,-0.00470952,0.0114105
117,104,1.04198,-0.00464717,0.0105328
117,105,1.04321,-0.00457959,0.00967825
117,106,1.0444,-0.00450621,0.008853
117,107,1.04556,-0.00442613,0.00805644
117,108,1.04667,-0.00433796,0.00729503
117,109,1.04774,-0.00423979,0.00656734
117,110,1.04876,-0.00412923,0.00588009
117,111,1.04973,-0.00400362,0.00523115
117,112,1.05065,-0.00386071,0.00462742
117,113,1.05152,-0.00369972,0.00406583
117,114,1.05234,-0.00352313,0.00355275
117,115,1.0531,-0.003339,0.003083
117,116,1.05381,-0.00316331,0.00266039
117,117,1.05447,-0.00302138,0.00227497
117,118,1.05507,-0.0029467,0.00192494
117,119,1.05562,-0.00297502,0.0015934
117,120,1.05611,-0.00313175,0.00127347
117,121,1.05655,-0.00341092,0.000947546
117,122,1.05693,-0.00374606,0.000618098
117,123,1.05726,-0.00397715,0.000291336
117,124,1.05753,-0.0038272,1.26154e-05
117,125,1.05775,-0.00292153,-0.000156122
117,126,1.05792,-0.000917058,-0.000118178
117,127,1,-0.00343474,0
118,0,1,0,0
118,1,0.956257,0.00088348,0.000261313
118,2,0.956335,0.00137851,0.000875182
118,3,0.956433,0.00136346,0.00157176
118,4,0.95655,0.00106921,0.00227699
118,5,0.956686,0.000675451,0.00294844
118,6,0.956844,0.000294474,0.00356132
118,7,0.957023,-1.37889e-05,0.00411289
118,8,0.957225,-0.000224597,0.0046053
118,9,0.957451,-0.000335063,0.00505108
118,10,0.957702,-0.000354791,0.00545887
118,11,0.957978,-0.000299324,0.0058419
118,12,0.958279,-0.000185629,0.00620642
118,13,0.958606,-2.92619e-05,0.00656173
118,14,0.958959,0.000157107,0.0069101
118,15,0.959338,0.000364111,0.0072571
118,16,0.959744,0.000585414,0.00760223
118,17,0.960176,0.000817068,0.00794885
118,18,0.960635,0.00105677,0.0082952
118,19,0.961121,0.00130318,0.00864369
118,20,0.961634,0.00155542,0.00899223
118,21,0.962174,0.00181268,0.00934291
118,22,0.96274,0.00207408,0.00969371
118,23,0.963333,0.00233849,0.0100466
118,24,0.963952,0.00260462,0.0103998
118,25,0.964597,0.00287097,0.0107552
118,26,0.965268,0.0031359,0.011111
118,27,0.965964,0.0033977,0.0114693
118,28,0.966684,0.00365463,0.0118284
118,29,0.967427,0.00390493,0.0121903
118,30,0.968193,0.00414689,0.0125536
118,31,0.968981,0.00437884,0.0129202
118,32,0.969789,0.00459921,0.013289
118,33,0.970615,0.00480649,0.0136618
118,34,0.971459,0.00499929,0.0140379
118,35,0.972319,0.0051763,0.014419
118,36,0.973193,0.00533636,0.0148045
118,37,0.974079,0.00547838,0.0151962
118,38,0.974975,0.00560142,0.0155936
118,39,0.97588,0.00570468,0.0159983
118,40,0.976792,0.00578745,0.0164098
118,41,0.977708,0.00584917,0.0168295
118,42,0.978627,0.00588943,0.017257
118,43,0.979546,0.00590791,0.0176933
118,44,0.980464,0.00590447,0.0181376
118,45,0.98138,0.00587906,0.0185907
118,46,0.982291,0.00583179,0.0190516
118,47,0.983196,0.00576288,0.0195205
118,48,0.984093,0.00567268,0.0199961
118,49,0.984982,0.00556163,0.0204782
118,50,0.985861,0.00543033,0.020965
118,51,0.98673,0.00527944,0.0214559
118,52,0.987588,0.00510975,0.0219487
118,53,0.988435,0.00492212,0.0224424
118,54,0.989269,0.0047175,0.0229344
118,55,0.990092,0.00449692,0.0234234
118,56,0.990904,0.00426147,0.0239064
118,57,0.991704,0.00401232,0.0243817
118,58,0.992494,0.00375066,0.0248462
118,59,0.993275,0.00347776,0.0252979
118,60,0.994047,0.0031949,0.0257336
118,61,0.994812,0.0029034,0.0261511
118,62,0.995572,0.00260459,0.0265472
118,63,0.996328,0.00229983,0.0269195
118,64,0.997081,0.00199046,0.0272648
118,65,0.997834,0.00167785,0.0275809
118,66,0.998589,0.00136334,0.0278646
118,67,0.999349,0.00104824,0.0281137
118,68,1.00011,0.000733868,0.0283254
118,69,1.00089,0.000421482,0.0284977
118,70,1.00168,0.000112317,0.0286279
118,71,1.00248,-0.000192443,0.0287143
118,72,1.00329,-0.000491665,0.0287548
118,73,1.00413,-0.000784273,0.0287479
118,74,1.00499,-0.00106926,0.0286921
118,75,1.00587,-0.00134567,0.0285863
118,76,1.00678,-0.00161266,0.0284296
118,77,1.00771,-0.00186943,0.0282214
118,78,1.00868,-0.00211528,0.0279613
118,79,1.00968,-0.0023496,0.0276495
118,80,1.0107,-0.00257188,0.0272863
118,81,1.01177,-0.00278169,0.0268725
118,82,1.01286,-0.0029787,0.0264091
118,83,1.01399,-0.00316269,0.0258975
118,84,1.01516,-0.00333354,0.0253395
118,85,1.01635,-0.00349122,0.0247371
118,86,1.01758,-0.0036358,0.0240929
118,87,1.01884,-0.00376746,0.0234093
118,88,1.02013,-0.00388646,0.0226895
118,89,1.02144,-0.00399315,0.0219364
118,90,1.02278,-0.00408796,0.0211539
118,91,1.02414,-0.00417138,0.020345
118,92,1.02552,-0.00424396,0.019514
118,93,1.02692,-0.0043063,0.0186641
118,94,1.02832,-0.00435901,0.0178001
118,95,1.02973,-0.00440273,0.0169248
118,96,1.03115,-0.00443804,0.0160433
118,97,1.03256,-0.00446554,0.0151583
118,98,1.03396,-0.00448574,0.0142751
118,99,1.03536,-0.0044991,0.0133957
118,100,1.03674,-0.00450598,0.0125257
118,101,1.0381,-0.00450668,0.0116666
118,102,1.03944,-0.00450133,0.010824
118,103,1.04076,-0.00448997,0.00999862
118,104,1.04204,-0.00447248,0.00919643
118,105,1.04329,-0.00444852,0.00841719
118,106,1.0445,-0.00441753,0.00766714
118,107,1.04567,-0.00437863,0.00694523
118,108,1.0468,-0.00433052,0.00625797
118,109,1.04788,-0.00427147,0.0056036
118,110,1.04892,-0.00419933,0.00498896
118,111,1.04991,-0.00411173,0.00441169
118,112,1.05084,-0.00400659,0.00387887
118,113,1.05173,-0.00388314,0.00338728
118,114,1.05256,-0.00374344,0.00294352
118,115,1.05334,-0.00359445,0.0025422
118,116,1.05406,-0.00345012,0.00218722
118,117,1.05473,-0.00333278,0.0018681
118,118,1.05535,-0.00327229,0.00158267
118,119,1.0559,-0.00330124,0.00131284
118,120,1.05641,-0.00344421,0.00105059
118,121,1.05685,-0.00369963,0.000776352
118,122,1.05724,-0.00401368,0.000491294
118,123,1.05758,-0.00424915,0.000200471
118,124,1.05786,-0.00416088,-5.15231e-05
118,125,1.05808,-0.00340799,-0.000198359
118,126,1.05825,-0.00166535,-0.000126524
118,127,1,-0.00343474,0
119,0,1,0,0
119,1,0.956046,-7.48733e-05,0.000256133
119,2,0.956131,0.000292308,0.000873484
119,3,0.956234,0.000231567,0.00157624
119,4,0.956356,-5.06421e-05,0.00228483
119,5,0.956497,-0.000402325,0.0029536
119,6,0.956658,-0.000733371,0.00355737
119,7,0.956842,-0.000998232,0.00409494
119,8,0.957048,-0.00117972,0.00456986
119,9,0.957279,-0.00127765,0.00499603
119,10,0.957534,-0.00130123,0.00538279
119,11,0.957815,-0.00126394,0.00574395
119,12,0.958121,-0.00117997,0.00608578
119,13,0.958453,-0.00106208,0.00641766
119,14,0.958811,-0.000920439,0.00674159
119,15,0.959196,-0.00076237,0.00706304
119,16,0.959608,-0.000592642,0.00738113
119,17,0.960046,-0.000414049,0.00769915
119,18,0.96051,-0.000228054,0.00801499
119,19,0.961002,-3.53728e-05,0.00833105
119,20,0.961521,0.000163583,0.00864497
119,21,0.962066,0.000368409,0.0089589
119,22,0.962638,0.000578545,0.00927063
119,23,0.963237,0.000793197,0.00958223
119,24,0.963862,0.00101134,0.00989173
119,25,0.964514,0.00123173,0.0102011
119,26,0.965191,0.00145296,0.0105088
119,27,0.965893,0.00167351,0.0108165
119,28,0.966619,0.00189176,0.011123
119,29,0.96737,0.00210608,0.01143
119,30,0.968143,0.00231482,0.0117364
119,31,0.968938,0.00251634,0.0120441
119,32,0.969754,0.00270904,0.0123522
119,33,0.970588,0.00289141,0.0126626
119,34,0.971441,0.00306198,0.0129745
119,35,0.972309,0.0032194,0.01329
119,36,0.973193,0.0033624,0.0136085
119,37,0.974088,0.00348985,0.0139321
119,38,0.974995,0.00360073,0.0142602
119,39,0.97591,0.00369417,0.0145947
119,40,0.976832,0.00376942,0.0149353
119,41,0.977759,0.00382589,0.0152836
119,42,0.978688,0.00386314,0.0156392
119,43,0.979618,0.00388088,0.0160033
119,44,0.980547,0.00387896,0.0163755
119,45,0.981473,0.00385738,0.0167566
119,46,0.982394,0.00381628,0.0171456
119,47,0.983309,0.00375596,0.0175432
119,48,0.984216,0.00367682,0.0179481
119,49,0.985114,0.0035794,0.0183602
119,50,0.986002,0.00346436,0.018778
119,51,0.986878,0.00333246,0.019201
119,52,0.987743,0.00318454,0.0196271
119,53,0.988595,0.00302155,0.0200555
119,54,0.989435,0.00284451,0.0204838
119,55,0.990262,0.0026545,0.0209107
119,56,0.991076,0.00245267,0.0213334
119,57,0.991878,0.00224021,0.0217504
119,58,0.992668,0.00201835,0.0221588
119,59,0.993448,0.00178836,0.0225566
119,60,0.994218,0.00155153,0.0229408
119,61,0.99498,0.00130916,0.0233094
119,62,0.995735,0.00106258,0.0236591
119,63,0.996484,0.000813078,0.0239879
119,64,0.99723,0.00056198,0.0242927
119,65,0.997975,0.00031058,0.0245713
119,66,0.998721,6.01532e-05,0.0248207
119,67,0.999471,-0.000188052,0.0250389
119,68,1.00023,-0.00043282,0.0252231
119,69,1.00099,-0.000672976,0.0253714
119,70,1.00176,-0.000907396,0.0254814
119,71,1.00255,-0.00113501,0.0255514
119,72,1.00335,-0.00135481,0.0255794
119,73,1.00418,-0.00156585,0.0255641
119,74,1.00502,-0.00176729,0.0255038
119,75,1.00589,-0.00195833,0.0253978
119,76,1.00678,-0.0021383,0.0252449
119,77,1.0077,-0.00230659,0.0250449
119,78,1.00865,-0.00246273,0.0247973
119,79,1.00964,-0.00260632,0.0245024
119,80,1.01065,-0.00273708,0.0241604
119,81,1.01171,-0.00285485,0.0237721
119,82,1.01279,-0.00295958,0.0233385
119,83,1.01391,-0.00305131,0.022861
119,84,1.01507,-0.00313021,0.0223414
119,85,1.01626,-0.00319657,0.0217815
119,86,1.01748,-0.00325077,0.0211838
119,87,1.01874,-0.00329327,0.0205506
119,88,1.02002,-0.00332466,0.0198852
119,89,1.02134,-0.00334559,0.0191901
119,90,1.02268,-0.00335678,0.0184691
119,91,1.02404,-0.00335902,0.0177251
119,92,1.02542,-0.00335314,0.0169622
119,93,1.02682,-0.00333999,0.0161832
119,94,1.02823,-0.00332044,0.0153928
119,95,1.02965,-0.00329534,0.0145935
119,96,1.03107,-0.00326552,0.0137904
119,97,1.03249,-0.00323177,0.0129856
119,98,1.0339,-0.00319479,0.0121844
119,99,1.03531,-0.00315522,0.0113883
119,100,1.03671,-0.00311359,0.0106029
119,101,1.03808,-0.00307032,0.00982904
119,102,1.03943,-0.00302569,0.0090725
119,103,1.04076,-0.00297987,0.00833337
119,104,1.04206,-0.00293282,0.00761765
119,105,1.04332,-0.00288432,0.00692464
119,106,1.04455,-0.00283386,0.00626058
119,107,1.04574,-0.00278062,0.00562403
119,108,1.04688,-0.00272336,0.00502153
119,109,1.04798,-0.00266036,0.00445102
119,110,1.04903,-0.00258944,0.00391946
119,111,1.05004,-0.00250812,0.00342427
119,112,1.05099,-0.0024141,0.00297276
119,113,1.05189,-0.00230606,0.00256159
119,114,1.05273,-0.00218513,0.00219769
119,115,1.05353,-0.00205662,0.00187556
119,116,1.05426,-0.00193209,0.00159935
119,117,1.05495,-0.00183056,0.00135824
119,118,1.05557,-0.00177811,0.00114984
119,119,1.05614,-0.00180393,0.000955007
119,120,1.05665,-0.0019314,0.000764542
119,121,1.05711,-0.00216247,0.000556755
119,122,1.05751,-0.00245459,0.000330532
119,123,1.05785,-0.00269203,8.83311e-05
119,124,1.05814,-0.00266085,-0.00012446
119,125,1.05837,-0.00205529,-0.000240691
119,126,1.05855,-0.000575738,-0.000148999
119,127,1,-0.00343474,0
120,0,1,0,0
120,1,0.95586,0.000695544,0.000253622
120,2,0.955951,0.000925403,0.000870929
120,3,0.956058,0.000822476,0.00157661
120,4,0.956182,0.000562115,0.00228063
120,5,0.956323,0.000265329,0.00293623
120,6,0.956486,1.25895e-07,0.00352007
120,7,0.956671,-0.000201284,0.00403354
120,8,0.956879,-0.000328358,0.00448217
120,9,0.957113,-0.000383157,0.00488133
120,10,0.957371,-0.00037468,0.00524087
120,11,0.957655,-0.000314976,0.00557487
120,12,0.957966,-0.000216437,0.00588932
120,13,0.958302,-9.00642e-05,0.00619339
120,14,0.958666,5.5406e-05,0.00648855
120,15,0.959055,0.000213689,0.00677999
120,16,0.959472,0.000380678,0.00706634
120,17,0.959915,0.000553937,0.00735068
120,18,0.960385,0.00073214,0.00763053
120,19,0.960882,0.000914585,0.00790815
120,20,0.961405,0.00110081,0.00818095
120,21,0.961956,0.00129038,0.00845103
120,22,0.962534,0.00148272,0.00871603
120,23,0.963138,0.00167708,0.00897804
120,24,0.963768,0.00187254,0.009235
120,25,0.964425,0.00206805,0.00948901
120,26,0.965107,0.00226243,0.00973827
120,27,0.965815,0.00245445,0.00998489
120,28,0.966547,0.00264284,0.0102273
120,29,0.967304,0.00282635,0.0104678
120,30,0.968083,0.00300372,0.0107049
120,31,0.968884,0.00317374,0.0109409
120,32,0.969706,0.00333526,0.0111748
120,33,0.970548,0.00348718,0.0114089
120,34,0.971408,0.00362846,0.0116425
120,35,0.972284,0.00375815,0.0118779
120,36,0.973175,0.00387537,0.0121145
120,37,0.974079,0.00397932,0.0123547
120,38,0.974994,0.00406931,0.0125982
120,39,0.975918,0.00414472,0.0128471
120,40,0.976849,0.00420503,0.0131012
120,41,0.977785,0.00424983,0.0133625
120,42,0.978724,0.0042788,0.0136306
120,43,0.979664,0.00429174,0.0139073
120,44,0.980602,0.00428852,0.0141919
120,45,0.981538,0.00426914,0.0144859
120,46,0.982468,0.0042337,0.0147884
120,47,0.983392,0.00418237,0.0151003
120,48,0.984308,0.00411545,0.0154204
120,49,0.985214,0.00403331,0.015749
120,50,0.986109,0.00393641,0.0160847
120,51,0.986993,0.00382531,0.0164273
120,52,0.987864,0.00370061,0.0167749
120,53,0.988721,0.00356301,0.0171269
120,54,0.989565,0.00341326,0.0174809
120,55,0.990395,0.00325218,0.017836
120,56,0.991212,0.00308063,0.0181896
120,57,0.992015,0.0028995,0.0185402
120,58,0.992806,0.00270975,0.0188852
120,59,0.993584,0.00251235,0.0192227
120,60,0.994352,0.00230829,0.0195499
120,61,0.99511,0.00209858,0.0198648
120,62,0.995861,0.00188424,0.0201646
120,63,0.996604,0.00166631,0.0204471
120,64,0.997344,0.00144581,0.0207095
120,65,0.998081,0.00122376,0.0209496
120,66,0.998818,0.00100115,0.0211646
120,67,0.999558,0.000778965,0.0213527
120,68,1.0003,0.000558164,0.0215111
120,69,1.00105,0.00033967,0.021638
120,70,1.00182,0.000124367,0.0217311
120,71,1.00259,-8.68985e-05,0.0217888
120,72,1.00338,-0.000293332,0.021809
120,73,1.00419,-0.000494188,0.0217907
120,74,1.00502,-0.00068878,0.0217322
120,75,1.00588,-0.00087648,0.0216326
120,76,1.00676,-0.00105673,0.0214911
120,77,1.00767,-0.00122903,0.0213072
120,78,1.00861,-0.00139296,0.0210804
120,79,1.00958,-0.00154818,0.0208111
120,80,1.01059,-0.00169441,0.0204994
120,81,1.01163,-0.00183146,0.0201461
120,82,1.01271,-0.00195921,0.0197521
120,83,1.01382,-0.00207762,0.0193186
120,84,1.01497,-0.00218673,0.0188474
120,85,1.01616,-0.00228665,0.0183402
120,86,1.01738,-0.00237756,0.0177995
120,87,1.01863,-0.00245972,0.0172272
120,88,1.01992,-0.00253345,0.0166266
120,89,1.02123,-0.00259911,0.0159999
120,90,1.02258,-0.00265712,0.015351
120,91,1.02394,-0.00270797,0.0146821
120,92,1.02533,-0.00275213,0.0139976
120,93,1.02673,-0.00279012,0.0132998
120,94,1.02815,-0.00282247,0.0125934
120,95,1.02958,-0.00284968,0.0118804
120,96,1.03101,-0.00287225,0.0111659
120,97,1.03244,-0.00289064,0.0104514
120,98,1.03386,-0.00290524,0.0097423
120,99,1.03528,-0.00291641,0.00903964
120,100,1.03669,-0.00292442,0.00834892
120,101,1.03808,-0.00292947,0.00767055
120,102,1.03945,-0.00293167,0.00701025
120,103,1.04079,-0.00293101,0.0063677
120,104,1.0421,-0.00292737,0.00574882
120,105,1.04338,-0.00292047,0.00515254
120,106,1.04462,-0.00290984,0.00458505
120,107,1.04582,-0.00289475,0.00404456
120,108,1.04698,-0.00287414,0.00353763
120,109,1.0481,-0.00284658,0.00306189
120,110,1.04916,-0.00281026,0.00262441
120,111,1.05018,-0.0027631,0.0022224
120,112,1.05115,-0.00270313,0.00186342
120,113,1.05206,-0.00262919,0.00154406
120,114,1.05292,-0.002542,0.0012716
120,115,1.05373,-0.00244577,0.00104059
120,116,1.05448,-0.00234978,0.000855572
120,117,1.05517,-0.00226963,0.000705659
120,118,1.05581,-0.00222704,0.000588511
120,119,1.05639,-0.00224698,0.000484293
120,120,1.05691,-0.00235081,0.000382794
120,121,1.05737,-0.0025437,0.000260069
120,122,1.05778,-0.00279534,0.000112447
120,123,1.05813,-0.00301407,-6.08189e-05
120,124,1.05842,-0.00302203,-0.000217976
120,125,1.05865,-0.00255482,-0.000291349
120,126,1.05882,-0.00133878,-0.000157971
120,127,1,-0.00343474,0
121,0,1,0,0
121,1,0.95571,-0.000292416,0.000249751
121,2,0.955805,-0.00020501,0.000865771
121,3,0.955913,-0.000344029,0.00156277
121,4,0.956036,-0.00057498,0.00224619
121,5,0.956178,-0.000814169,0.00287107
121,6,0.95634,-0.00101939,0.00341814
121,7,0.956526,-0.00117248,0.00389294
121,8,0.956737,-0.00126892,0.00430331
121,9,0.956972,-0.00131189,0.00466577
121,10,0.957234,-0.00130878,0.00499014
121,11,0.957521,-0.0012688,0.00529022
121,12,0.957835,-0.00120114,0.00557127
121,13,0.958176,-0.00111378,0.00584191
121,14,0.958543,-0.00101291,0.00610282
121,15,0.958936,-0.000902819,0.00635871
121,16,0.959357,-0.000786141,0.00660762
121,17,0.959804,-0.000664281,0.00685227
121,18,0.960278,-0.000537851,0.00708978
121,19,0.96078,-0.000407052,0.00732224
121,20,0.961307,-0.00027196,0.00754678
121,21,0.961862,-0.000132712,0.00776544
121,22,0.962444,1.04032e-05,0.00797566
121,23,0.963052,0.000156906,0.00817956
121,24,0.963687,0.000306131,0.00837497
121,25,0.964348,0.000457253,0.00856405
121,26,0.965035,0.000609316,0.00874496
121,27,0.965747,0.000761271,0.00891992
121,28,0.966484,0.000912004,0.00908741
121,29,0.967245,0.00106036,0.00924973
121,30,0.96803,0.00120518,0.00940568
121,31,0.968836,0.0013453,0.00955765
121,32,0.969664,0.00147956,0.00970479
121,33,0.970512,0.00160686,0.00984956
121,34,0.971378,0.00172615,0.00999147
121,35,0.972261,0.00183642,0.010133
121,36,0.973159,0.00193674,0.010274
121,37,0.97407,0.00202627,0.010417
121,38,0.974993,0.00210425,0.0105619
121,39,0.975925,0.00217004,0.0107112
121,40,0.976864,0.00222307,0.0108649
121,41,0.977808,0.00226291,0.0110253
121,42,0.978756,0.00228924,0.0111924
121,43,0.979704,0.00230184,0.0113681
121,44,0.980652,0.00230062,0.0115523
121,45,0.981596,0.0022856,0.0117465
121,46,0.982535,0.00225691,0.0119503
121,47,0.983467,0.00221479,0.0121647
121,48,0.98439,0.00215957,0.0123889
121,49,0.985304,0.0020917,0.0126235
121,50,0.986206,0.00201169,0.0128673
121,51,0.987096,0.00192014,0.0131203
121,52,0.987972,0.00181774,0.0133809
121,53,0.988835,0.00170523,0.0136487
121,54,0.989683,0.0015834,0.0139217
121,55,0.990516,0.00145309,0.0141989
121,56,0.991335,0.00131521,0.0144781
121,57,0.992139,0.00117066,0.014758
121,58,0.99293,0.00102039,0.0150359
121,59,0.993708,0.000865373,0.0153105
121,60,0.994474,0.000706577,0.0155788
121,61,0.995229,0.000544989,0.0158391
121,62,0.995975,0.00038159,0.0160887
121,63,0.996714,0.000217359,0.0163255
121,64,0.997447,5.32586e-05,0.0165467
121,65,0.998177,-0.000109761,0.0167505
121,66,0.998906,-0.000270775,0.016934
121,67,0.999637,-0.000428884,0.0170953
121,68,1.00037,-0.000583226,0.017232
121,69,1.00111,-0.000732973,0.0173421
121,70,1.00187,-0.000877344,0.0174235
121,71,1.00263,-0.00101561,0.0174746
121,72,1.00341,-0.00114709,0.0174934
121,73,1.00421,-0.00127117,0.0174787
121,74,1.00503,-0.0013873,0.0174289
121,75,1.00587,-0.001495,0.0173432
121,76,1.00674,-0.00159386,0.0172205
121,77,1.00764,-0.00168358,0.0170605
121,78,1.00857,-0.00176389,0.0168626
121,79,1.00953,-0.00183465,0.016627
121,80,1.01052,-0.00189579,0.0163538
121,81,1.01156,-0.00194734,0.0160437
121,82,1.01263,-0.0019894,0.0156976
121,83,1.01373,-0.00202216,0.0153165
121,84,1.01488,-0.00204592,0.014902
121,85,1.01606,-0.00206104,0.0144557
121,86,1.01727,-0.00206796,0.01398
121,87,1.01852,-0.0020672,0.0134766
121,88,1.01981,-0.00205932,0.0129487
121,89,1.02112,-0.00204497,0.0123983
121,90,1.02246,-0.00202483,0.011829
121,91,1.02383,-0.00199959,0.011243
121,92,1.02522,-0.00197002,0.0106444
121,93,1.02663,-0.00193684,0.0100353
121,94,1.02805,-0.0019008,0.00942016
121,95,1.02948,-0.00186264,0.00880081
121,96,1.03092,-0.00182304,0.00818216
121,97,1.03236,-0.00178266,0.00756547
121,98,1.0338,-0.00174207,0.00695596
121,99,1.03523,-0.00170181,0.00635432
121,100,1.03665,-0.00166231,0.00576601
121,101,1.03805,-0.00162393,0.00519103
121,102,1.03943,-0.00158689,0.00463507
121,103,1.04078,-0.00155135,0.00409739
121,104,1.04211,-0.00151729,0.0035839
121,105,1.0434,-0.00148454,0.00309312
121,106,1.04466,-0.00145274,0.00263124
121,107,1.04587,-0.00142126,0.00219608
121,108,1.04705,-0.00138913,0.00179422
121,109,1.04818,-0.00135502,0.00142296
121,110,1.04926,-0.00131717,0.00108946
121,111,1.05029,-0.00127353,0.000790697
121,112,1.05127,-0.001222,0.000534426
121,113,1.0522,-0.00116102,0.000317196
121,114,1.05307,-0.0010905,0.000146667
121,115,1.05389,-0.00101308,1.75716e-05
121,116,1.05465,-0.000935562,-6.50022e-05
121,117,1.05535,-0.000870045,-0.000111647
121,118,1.056,-0.000833918,-0.000124233
121,119,1.05659,-0.000847872,-0.000122736
121,120,1.05712,-0.000930662,-0.000117886
121,121,1.05759,-0.00108931,-0.000135437
121,122,1.058,-0.0013033,-0.000182134
121,123,1.05836,-0.0015024,-0.000263408
121,124,1.05865,-0.00154237,-0.00034084
121,125,1.05889,-0.00119946,-0.000350979
121,126,1.05906,-0.000231681,-0.00017975
121,127,1,-0.00343474,0
122,0,1,0,0
122,1,0.955601,0.000473292,0.000246606
122,2,0.955695,0.000421946,0.00084956
122,3,0.955799,0.00026258,0.00151742
122,4,0.955918,7.60894e-05,0.00215286
122,5,0.956055,-9.34805e-05,0.00271909
122,6,0.956215,-0.000226943,0.00320526
122,7,0.956399,-0.000316548,0.00362187
122,8,0.956609,-0.000361261,0.00397852
122,9,0.956846,-0.000364351,0.00429188
122,10,0.957109,-0.000331773,0.00457089
122,11,0.957399,-0.000270718,0.00482832
122,12,0.957715,-0.000188353,0.00506819
122,13,0.958059,-9.09222e-05,0.00529817
122,14,0.958429,1.67136e-05,0.00551795
122,15,0.958826,0.000131143,0.00573159
122,16,0.95925,0.000250211,0.00593643
122,17,0.959701,0.0003727,0.00613484
122,18,0.960178,0.000497986,0.00632348
122,19,0.960683,0.000625747,0.00650425
122,20,0.961214,0.000755753,0.00667398
122,21,0.961773,0.00088773,0.00683465
122,22,0.962358,0.0010213,0.0069835
122,23,0.962969,0.00115595,0.00712265
122,24,0.963607,0.00129107,0.00724979
122,25,0.964272,0.00142593,0.00736715
122,26,0.964962,0.00155976,0.00747282
122,27,0.965678,0.00169173,0.00756915
122,28,0.966419,0.00182101,0.00765461
122,29,0.967184,0.00194675,0.00773165
122,30,0.967972,0.00206813,0.00779918
122,31,0.968783,0.00218436,0.00785977
122,32,0.969615,0.00229465,0.00791273
122,33,0.970467,0.00239829,0.00796078
122,34,0.971338,0.00249457,0.00800362
122,35,0.972227,0.00258286,0.00804408
122,36,0.97313,0.00266258,0.00808217
122,37,0.974048,0.00273318,0.00812076
122,38,0.974977,0.00279419,0.00816011
122,39,0.975915,0.00284522,0.00820303
122,40,0.976861,0.00288591,0.00824985
122,41,0.977813,0.00291599,0.00830322
122,42,0.978768,0.00293526,0.00836342
122,43,0.979724,0.00294359,0.00843281
122,44,0.980679,0.00294092,0.00851149
122,45,0.98163,0.00292728,0.0086014
122,46,0.982577,0.00290274,0.00870236
122,47,0.983516,0.00286747,0.00881581
122,48,0.984447,0.0028217,0.0089412
122,49,0.985367,0.00276572,0.00907941
122,50,0.986276,0.00269987,0.00922948
122,51,0.987171,0.00262458,0.00939174
122,52,0.988053,0.00254031,0.00956478
122,53,0.98892,0.00244757,0.0097484
122,54,0.989771,0.00234691,0.0099408
122,55,0.990607,0.00223892,0.0101413
122,56,0.991428,0.00212425,0.0103477
122,57,0.992234,0.00200352,0.010559
122,58,0.993024,0.00187743,0.0107726
122,59,0.993801,0.00174666,0.0109873
122,60,0.994566,0.00161192,0.0112002
122,61,0.995318,0.00147391,0.0114098
122,62,0.996061,0.00133335,0.0116133
122,63,0.996795,0.00119094,0.0118089
122,64,0.997523,0.00104739,0.0119938
122,65,0.998246,0.000903391,0.0121661
122,66,0.998968,0.000759608,0.0123232
122,67,0.999691,0.000616699,0.0124631
122,68,1.00042,0.000475292,0.0125834
122,69,1.00115,0.000335989,0.0126823
122,70,1.00189,0.000199362,0.0127574
122,71,1.00265,6.59438e-05,0.0128073
122,72,1.00342,-6.37679e-05,0.01283
122,73,1.0042,-0.000189318,0.0128242
122,74,1.00501,-0.000310295,0.0127883
122,75,1.00584,-0.000426337,0.0127214
122,76,1.0067,-0.00053713,0.0126225
122,77,1.00759,-0.000642412,0.012491
122,78,1.00851,-0.000741975,0.0123266
122,79,1.00947,-0.000835665,0.012129
122,80,1.01045,-0.000923384,0.0118985
122,81,1.01148,-0.00100509,0.0116356
122,82,1.01254,-0.0010808,0.011341
122,83,1.01364,-0.00115057,0.0110157
122,84,1.01478,-0.00121453,0.0106614
122,85,1.01596,-0.00127285,0.0102791
122,86,1.01717,-0.00132574,0.00987147
122,87,1.01842,-0.00137347,0.0094399
122,88,1.0197,-0.00141632,0.0089875
122,89,1.02102,-0.00145464,0.00851602
122,90,1.02236,-0.00148876,0.00802915
122,91,1.02373,-0.00151909,0.00752866
122,92,1.02513,-0.00154599,0.00701875
122,93,1.02654,-0.00156986,0.00650108
122,94,1.02797,-0.00159108,0.00598026
122,95,1.02941,-0.00161004,0.00545765
122,96,1.03086,-0.00162707,0.00493819
122,97,1.03231,-0.0016425,0.00442278
122,98,1.03375,-0.00165661,0.00391664
122,99,1.03519,-0.00166962,0.00342006
122,100,1.03662,-0.00168172,0.00293851
122,101,1.03803,-0.00169303,0.00247158
122,102,1.03942,-0.0017036,0.00202495
122,103,1.04079,-0.00171344,0.00159747
122,104,1.04213,-0.00172243,0.00119502
122,105,1.04344,-0.00173039,0.000815693
122,106,1.04471,-0.00173698,0.000465649
122,107,1.04594,-0.00174172,0.000142306
122,108,1.04712,-0.00174388,-0.000147809
122,109,1.04827,-0.0017425,-0.000407754
122,110,1.04936,-0.0017363,-0.000630413
122,111,1.05041,-0.00172379,-0.000819069
122,112,1.0514,-0.00170341,-0.000965892
122,113,1.05234,-0.00167394,-0.00107442
122,114,1.05322,-0.00163518,-0.00113668
122,115,1.05405,-0.00158885,-0.0011577
122,116,1.05483,-0.00153968,-0.00113172
122,117,1.05554,-0.00149627,-0.00106871
122,118,1.0562,-0.00147128,-0.000969568
122,119,1.0568,-0.00148028,-0.000853645
122,120,1.05733,-0.00153824,-0.000731308
122,121,1.05781,-0.00165288,-0.000629321
122,122,1.05823,-0.00181303,-0.000556909
122,123,1.05859,-0.00197068,-0.000524189
122,124,1.05889,-0.0020182,-0.000499885
122,125,1.05912,-0.00177771,-0.000426722
122,126,1.05928,-0.00103416,-0.000191891
122,127,1,-0.00343474,0
123,0,1,0,0
123,1,0.955543,-0.000519481,0.000240498
123,2,0.955633,-0.00068704,0.000812168
123,3,0.955726,-0.000839994,0.00141132
123,4,0.955834,-0.000968285,0.00195541
123,5,0.955964,-0.00107082,0.00242507
123,6,0.95612,-0.00114773,0.00282014
123,7,0.956302,-0.00119856,0.00315536
123,8,0.956511,-0.00122354,0.00344022
123,9,0.956748,-0.00122462,0.00368984
123,10,0.957012,-0.0012052,0.00391109
123,11,0.957304,-0.0011694,0.00411498
123,12,0.957622,-0.00112131,0.00430383
123,13,0.957968,-0.00106443,0.00448408
123,14,0.958341,-0.0010014,0.00465432
123,15,0.95874,-0.000933956,0.00481789
123,16,0.959167,-0.00086308,0.00497149
123,17,0.95962,-0.000789199,0.00511712
123,18,0.9601,-0.000712426,0.00525105
123,19,0.960607,-0.000632731,0.00537503
123,20,0.96114,-0.000550086,0.00548564
123,21,0.961701,-0.00046454,0.00558477
123,22,0.962288,-0.000376263,0.0056695
123,23,0.962901,-0.000285549,0.00574193
123,24,0.963542,-0.000192818,0.00579961
123,25,0.964208,-9.85884e-05,0.00584482
123,26,0.964901,-3.46791e-06,0.00587557
123,27,0.965619,9.18759e-05,0.00589428
123,28,0.966362,0.000186721,0.00589942
123,29,0.967129,0.00028032,0.00589358
123,30,0.96792,0.000371899,0.00587572
123,31,0.968734,0.000460685,0.0058486
123,32,0.96957,0.000545906,0.00581165
123,33,0.970426,0.000626812,0.00576783
123,34,0.971301,0.000702676,0.00571702
123,35,0.972193,0.000772812,0.00566233
123,36,0.973101,0.00083658,0.005604
123,37,0.974024,0.0008934,0.00554522
123,38,0.974958,0.00094275,0.0054865
123,39,0.975902,0.000984187,0.00543097
123,40,0.976855,0.00101734,0.00537927
123,41,0.977813,0.00104192,0.00533437
123,42,0.978774,0.00105773,0.00529686
123,43,0.979736,0.00106465,0.00526939
123,44,0.980698,0.00106265,0.00525238
123,45,0.981657,0.00105179,0.00524807
123,46,0.98261,0.0010322,0.00525654
123,47,0.983556,0.00100409,0.00527951
123,48,0.984493,0.000967767,0.00531667
123,49,0.985419,0.000923579,0.00536917
123,50,0.986333,0.000871947,0.00543623
123,51,0.987234,0.000813353,0.00551841
123,52,0.988121,0.000748318,0.00561448
123,53,0.988992,0.000677414,0.00572442
123,54,0.989847,0.000601242,0.00584658
123,55,0.990686,0.000520436,0.00598041
123,56,0.991509,0.000435648,0.00612387
123,57,0.992315,0.000347551,0.00627599
123,58,0.993107,0.000256822,0.00643443
123,59,0.993883,0.00016415,0.00659785
123,60,0.994646,7.02198e-05,0.00676369
123,61,0.995397,-2.42866e-05,0.00693035
123,62,0.996136,-0.000118697,0.00709517
123,63,0.996866,-0.00021235,0.00725636
123,64,0.99759,-0.000304603,0.00741122
123,65,0.998308,-0.00039483,0.00755791
123,66,0.999024,-0.000482433,0.00769379
123,67,0.99974,-0.000566835,0.007817
123,68,1.00046,-0.000647497,0.00792507
123,69,1.00118,-0.000723909,0.00801624
123,70,1.00192,-0.0007956,0.00808826
123,71,1.00266,-0.00086214,0.00813957
123,72,1.00342,-0.000923148,0.00816824
123,73,1.0042,-0.000978285,0.00817294
123,74,1.005,-0.00102727,0.00815219
123,75,1.00582,-0.00106988,0.00810495
123,76,1.00667,-0.00110594,0.00803026
123,77,1.00755,-0.00113534,0.00792746
123,78,1.00846,-0.00115805,0.00779617
123,79,1.00941,-0.00117408,0.00763617
123,80,1.01039,-0.00118352,0.00744771
123,81,1.0114,-0.00118653,0.00723103
123,82,1.01246,-0.00118333,0.0069871
123,83,1.01355,-0.00117419,0.00671657
123,84,1.01469,-0.00115946,0.00642115
123,85,1.01586,-0.00113953,0.00610188
123,86,1.01707,-0.00111486,0.00576118
123,87,1.01832,-0.00108593,0.0054004
123,88,1.0196,-0.00105329,0.00502263
123,89,1.02091,-0.00101749,0.00462938
123,90,1.02226,-0.00097913,0.00422434
123,91,1.02363,-0.000938802,0.00380904
123,92,1.02503,-0.000897118,0.00338767
123,93,1.02644,-0.00085468,0.00296159
123,94,1.02788,-0.000812082,0.00253543
123,95,1.02932,-0.00076989,0.00211018
123,96,1.03078,-0.000728639,0.00169079
123,97,1.03223,-0.000688826,0.00127778
123,98,1.03369,-0.000650897,0.000876355
123,99,1.03514,-0.000615242,0.000486397
123,100,1.03658,-0.000582191,0.000113317
123,101,1.038,-0.000552002,-0.000243708
123,102,1.0394,-0.000524863,-0.000579086
123,103,1.04078,-0.000500878,-0.000894408
123,104,1.04213,-0.000480058,-0.0011839
123,105,1.04345,-0.000462306,-0.00144992
123,106,1.04473,-0.000447391,-0.00168646
123,107,1.04597,-0.000434915,-0.00189656
123,108,1.04717,-0.000424271,-0.00207388
123,109,1.04833,-0.000414603,-0.00222194
123,110,1.04944,-0.000404776,-0.00233378
123,111,1.05049,-0.000393404,-0.00241311
123,112,1.0515,-0.000378972,-0.00245221
123,113,1.05245,-0.000360109,-0.00245483
123,114,1.05335,-0.000336071,-0.00241285
123,115,1.05419,-0.00030742,-0.00233114
123,116,1.05497,-0.000276824,-0.00220321
123,117,1.0557,-0.000249755,-0.00203817
123,118,1.05636,-0.000234724,-0.00183548
123,119,1.05697,-0.000242607,-0.00161297
123,120,1.05751,-0.000284485,-0.00137949
123,121,1.058,-0.000367229,-0.00116135
123,122,1.05842,-0.00048559,-0.000969167
123,123,1.05878,-0.000608968,-0.000817501
123,124,1.05908,-0.000661428,-0.000681076
123,125,1.05932,-0.000505455,-0.000511925
123,126,1.05948,5.17758e-05,-0.000214564
123,127,1,-0.00343474,0
124,0,1,0,0
124,1,0.955553,0.000271523,0.000232338
124,2,0.955618,4.22347e-05,0.000733488
124,3,0.95569,-7.22123e-05,0.00120321
124,4,0.955779,-0.000133505,0.0016002
124,5,0.955898,-0.000173032,0.00193226
124,6,0.956048,-0.000196451,0.00220749
124,7,0.956227,-0.000203771,0.00243991
124,8,0.956434,-0.000194436,0.0026359
124,9,0.956671,-0.000169172,0.0028074
124,10,0.956935,-0.000129898,0.00295831
124,11,0.957227,-7.91778e-05,0.0030973
124,12,0.957547,-1.96663e-05,0.00322481
124,13,0.957894,4.62862e-05,0.00334596
124,14,0.958268,0.000116839,0.00345833
124,15,0.958669,0.000190698,0.00356469
124,16,0.959097,0.00026703,0.00366123
124,17,0.959552,0.000345339,0.00374977
124,18,0.960033,0.000425326,0.00382637
124,19,0.960542,0.000506774,0.00389273
124,20,0.961076,0.000589472,0.00394529
124,21,0.961638,0.000673168,0.00398595
124,22,0.962226,0.000757552,0.00401168
124,23,0.962841,0.000842253,0.00402458
124,24,0.963482,0.000926846,0.0040221
124,25,0.96415,0.00101087,0.00400653
124,26,0.964843,0.00109383,0.00397581
124,27,0.965563,0.00117524,0.00393237
124,28,0.966307,0.00125458,0.00387467
124,29,0.967076,0.00133136,0.00380531
124,30,0.967869,0.00140508,0.00372327
124,31,0.968684,0.00147527,0.00363138
124,32,0.969522,0.00154149,0.00352911
124,33,0.97038,0.00160329,0.00341951
124,34,0.971258,0.00166029,0.00330253
124,35,0.972153,0.0017121,0.0031814
124,36,0.973065,0.00175839,0.00305644
124,37,0.973991,0.00179886,0.00293099
124,38,0.974929,0.00183326,0.00280564
124,39,0.975878,0.00186135,0.00268368
124,40,0.976835,0.00188298,0.00256583
124,41,0.977799,0.00189801,0.00245522
124,42,0.978765,0.00190637,0.00235254
124,43,0.979734,0.00190802,0.00226058
124,44,0.980701,0.00190299,0.00217984
124,45,0.981665,0.00189135,0.0021127
124,46,0.982624,0.00187321,0.00205933
124,47,0.983576,0.00184873,0.00202157
124,48,0.984519,0.00181811,0.00199918
124,49,0.985451,0.0017816,0.00199341
124,50,0.986371,0.00173947,0.00200359
124,51,0.987276,0.00169203,0.00203035
124,52,0.988167,0.00163962,0.00207256
124,53,0.989042,0.00158261,0.00213028
124,54,0.989901,0.00152138,0.00220196
124,55,0.990742,0.00145633,0.00228714
124,56,0.991567,0.00138787,0.0023839
124,57,0.992375,0.00131642,0.00249134
124,58,0.993167,0.00124242,0.00260725
124,59,0.993944,0.00116628,0.00273039
124,60,0.994706,0.00108843,0.00285833
124,61,0.995455,0.0010093,0.0029896
124,62,0.996192,0.0009293,0.00312165
124,63,0.996919,0.000848833,0.00325284
124,64,0.997638,0.000768292,0.00338062
124,65,0.998352,0.000688054,0.00350325
124,66,0.999063,0.000608478,0.00361826
124,67,0.999773,0.000529908,0.00372393
124,68,1.00049,0.000452663,0.00381794
124,69,1.0012,0.000377041,0.00389865
124,70,1.00193,0.000303318,0.00396399
124,71,1.00267,0.000231741,0.00401248
124,72,1.00342,0.000162532,0.00404236
124,73,1.00419,9.58824e-05,0.0040524
124,74,1.00498,3.19551e-05,0.00404125
124,75,1.00579,-2.91198e-05,0.00400797
124,76,1.00664,-8.72426e-05,0.0039517
124,77,1.00751,-0.000142349,0.00387184
124,78,1.00841,-0.000194404,0.00376813
124,79,1.00935,-0.000243411,0.00364034
124,80,1.01032,-0.000289403,0.00348885
124,81,1.01133,-0.000332447,0.00331383
124,82,1.01238,-0.000372638,0.00311635
124,83,1.01347,-0.000410106,0.00289696
124,84,1.0146,-0.000445001,0.00265744
124,85,1.01577,-0.000477502,0.00239869
124,86,1.01698,-0.000507804,0.00212314
124,87,1.01822,-0.000536125,0.00183196
124,88,1.01951,-0.000562686,0.00152822
124,89,1.02082,-0.000587728,0.00121319
124,90,1.02217,-0.000611482,0.000890516
124,91,1.02354,-0.000634192,0.000561403
124,92,1.02494,-0.000656082,0.00022998
124,93,1.02636,-0.000677378,-0.000102774
124,94,1.0278,-0.000698278,-0.000432357
124,95,1.02925,-0.000718976,-0.000758181
124,96,1.03071,-0.000739624,-0.00107546
124,97,1.03218,-0.000760369,-0.00138414
124,98,1.03364,-0.000781306,-0.00167921
124,99,1.0351,-0.000802521,-0.0019613
124,100,1.03655,-0.000824045,-0.00222521
124,101,1.03798,-0.000845896,-0.00247231
124,102,1.03939,-0.000868037,-0.00269725
124,103,1.04078,-0.000890412,-0.00290218
124,104,1.04214,-0.000912907,-0.0030816
124,105,1.04347,-0.000935384,-0.00323844
124,106,1.04476,-0.000957628,-0.00336701
124,107,1.04602,-0.000979378,-0.00347092
124,108,1.04723,-0.00100026,-0.00354418
124,109,1.0484,-0.00101981,-0.00359089
124,110,1.04951,-0.00103741,-0.00360451
124,111,1.05058,-0.00105235,-0.00358931
124,112,1.0516,-0.0010638,-0.00353794
124,113,1.05256,-0.00107106,-0.00345463
124,114,1.05347,-0.00107366,-0.00333139
124,115,1.05432,-0.00107183,-0.00317311
124,116,1.05511,-0.0010669,-0.00297279
124,117,1.05585,-0.00106167,-0.00273854
124,118,1.05652,-0.00106065,-0.00246803
124,119,1.05713,-0.0010698,-0.00217677
124,120,1.05769,-0.00109558,-0.0018708
124,121,1.05818,-0.00114286,-0.00157409
124,122,1.0586,-0.00121078,-0.00129654
124,123,1.05897,-0.00128478,-0.00105563
124,124,1.05928,-0.0013225,-0.000833761
124,125,1.05952,-0.00122893,-0.000589708
124,126,1.05967,-0.000826494,-0.000229109
124,127,1,-0.00343474,0
125,0,1,0,0
125,1,0.955658,-0.000657873,0.000209615
125,2,0.95565,-0.000844857,0.000569127
125,3,0.95568,-0.000892936,0.000841103
125,4,0.955752,-0.000900744,0.00104934
125,5,0.955861,-0.000905307,0.00122096
125,6,0.956005,-0.000908492,0.00136293
125,7,0.956181,-0.000908439,0.00148329
125,8,0.956387,-0.000904239,0.00158282
125,9,0.956622,-0.00089578,0.00166937
125,10,0.956886,-0.000883359,0.00174365
125,11,0.957179,-0.000867504,0.00181201
125,12,0.957499,-0.000848793,0.0018731
125,13,0.957847,-0.000827724,0.00193096
125,14,0.958222,-0.000804628,0.00198248
125,15,0.958623,-0.000779687,0.00203017
125,16,0.959052,-0.000752944,0.00207015
125,17,0.959507,-0.000724375,0.00210437
125,18,0.959989,-0.000693914,0.00212897
125,19,0.960497,-0.000661519,0.00214588
125,20,0.961032,-0.00062717,0.00215165
125,21,0.961593,-0.000590913,0.00214832
125,22,0.962181,-0.000552842,0.00213292
125,23,0.962796,-0.000513122,0.00210761
125,24,0.963436,-0.000471963,0.00206985
125,25,0.964104,-0.000429641,0.00202193
125,26,0.964797,-0.000386467,0.00196173
125,27,0.965516,-0.000342803,0.00189164
125,28,0.96626,-0.000299035,0.00181001
125,29,0.967029,-0.000255584,0.00171938
125,30,0.967822,-0.000212882,0.00161854
125,31,0.968638,-0.000171381,0.0015102
125,32,0.969477,-0.000131525,0.00139363
125,33,0.970336,-9.37609e-05,0.0012717
125,34,0.971215,-5.85121e-05,0.0011441
125,35,0.972113,-2.61886e-05,0.00101382
125,36,0.973027,2.84141e-06,0.000880912
125,37,0.973956,2.82377e-05,0.000748415
125,38,0.974897,4.97151e-05,0.000616623
125,39,0.97585,6.70289e-05,0.000488518
125,40,0.976811,7.99983e-05,0.000364507
125,41,0.977779,8.8491e-05,0.000247397
125,42,0.97875,9.24423e-05,0.000137566
125,43,0.979723,9.18387e-05,3.75265e-05
125,44,0.980696,8.67328e-05,-5.25023e-05
125,45,0.981666,7.72262e-05,-0.000130405
125,46,0.98263,6.34805e-05,-0.000196226
125,47,0.983588,4.56996e-05,-0.000248321
125,48,0.984536,2.4138e-05,-0.000287071
125,49,0.985473,-9.17175e-07,-0.00031134
125,50,0.986397,-2.91393e-05,-0.000321879
125,51,0.987308,-6.01803e-05,-0.000318063
125,52,0.988203,-9.36644e-05,-0.000301007
125,53,0.989082,-0.000129205,-0.00027057
125,54,0.989944,-0.0001664,-0.000228198
125,55,0.990788,-0.000204845,-0.000174176
125,56,0.991615,-0.00024413,-0.000110229
125,57,0.992425,-0.00028385,-3.69989e-05
125,58,0.993218,-0.000323604,4.35823e-05
125,59,0.993995,-0.000363002,0.000130591
125,60,0.994757,-0.00040166,0.000221962
125,61,0.995505,-0.000439214,0.00031657
125,62,0.99624,-0.00047531,0.000412292
125,63,0.996965,-0.000509614,0.000507876
125,64,0.997681,-0.000541807,0.000601214
125,65,0.998391,-0.000571594,0.000691002
125,66,0.999097,-0.000598697,0.000775217
125,67,0.999802,-0.000622866,0.000852566
125,68,1.00051,-0.000643869,0.000921184
125,69,1.00122,-0.000661503,0.00097985
125,70,1.00194,-0.000675591,0.00102693
125,71,1.00267,-0.000685988,0.00106132
125,72,1.00342,-0.000692573,0.00108169
125,73,1.00418,-0.000695268,0.00108713
125,74,1.00496,-0.000694017,0.00107666
125,75,1.00577,-0.000688812,0.00104961
125,76,1.0066,-0.000679673,0.00100544
125,77,1.00747,-0.000666668,0.000943729
125,78,1.00836,-0.000649894,0.000864452
125,79,1.00929,-0.000629499,0.000767492
125,80,1.01026,-0.000605658,0.000653361
125,81,1.01127,-0.0005786,0.000522243
125,82,1.01231,-0.000548572,0.000375241
125,83,1.0134,-0.000515875,0.00021281
125,84,1.01452,-0.00048082,3.66547e-05
125,85,1.01569,-0.000443769,-0.000152558
125,86,1.01689,-0.00040508,-0.000352538
125,87,1.01813,-0.000365156,-0.0005625
125,88,1.01942,-0.000324385,-0.000779614
125,89,1.02073,-0.000283191,-0.0010031
125,90,1.02208,-0.000241967,-0.00122965
125,91,1.02345,-0.000201135,-0.00145863
125,92,1.02486,-0.000161071,-0.00168635
125,93,1.02628,-0.000122175,-0.00191248
125,94,1.02773,-8.47859e-05,-0.002133
125,95,1.02918,-4.92605e-05,-0.00234803
125,96,1.03065,-1.58818e-05,-0.0025533
125,97,1.03212,1.50509e-05,-0.00274951
125,98,1.03359,4.33233e-05,-0.00293219
125,99,1.03505,6.8707e-05,-0.0031027
125,100,1.03651,9.10659e-05,-0.00325639
125,101,1.03795,0.000110251,-0.00339535
125,102,1.03937,0.000126213,-0.00351477
125,103,1.04077,0.000138889,-0.0036175
125,104,1.04214,0.000148324,-0.00369856
125,105,1.04348,0.000154559,-0.00376152
125,106,1.04478,0.000157752,-0.0038012
125,107,1.04605,0.000158075,-0.00382186
125,108,1.04727,0.000155839,-0.003818
125,109,1.04844,0.0001514,-0.00379439
125,110,1.04957,0.000145272,-0.00374502
125,111,1.05065,0.00013803,-0.00367488
125,112,1.05168,0.000130376,-0.00357722
125,113,1.05265,0.00012298,-0.00345699
125,114,1.05357,0.000116446,-0.00330669
125,115,1.05443,0.00011104,-0.00313158
125,116,1.05523,0.000106541,-0.00292446
125,117,1.05597,0.000101959,-0.00269262
125,118,1.05665,9.54845e-05,-0.00243181
125,119,1.05727,8.45173e-05,-0.00215452
125,120,1.05783,6.6147e-05,-0.00186258
125,121,1.05832,3.80139e-05,-0.0015755
125,122,1.05875,1.92535e-08,-0.00130004
125,123,1.05913,-4.31513e-05,-0.00105456
125,124,1.05944,-7.44941e-05,-0.00082703
125,125,1.0597,-3.72459e-05,-0.000585215
125,126,1.0599,0.000209812,-0.000235732
125,127,1,-0.00343474,0
126,0,1,0,0
126,1,0.955821,0.000311655,0.000132057
126,2,0.955712,0.000253435,0.000252382
126,3,0.955682,0.000252519,0.000304923
126,4,0.955739,0.00025833,0.000349614
126,5,0.955846,0.00026323,0.000392644
126,6,0.955987,0.000269688,0.00042695
126,7,0.956159,0.000279266,0.000455944
126,8,0.956362,0.000292173,0.000477542
126,9,0.956596,0.00030827,0.000496526
126,10,0.95686,0.000327254,0.000510742
126,11,0.957152,0.000348754,0.000524442
126,12,0.957472,0.000372311,0.000534895
126,13,0.95782,0.000397527,0.000545509
126,14,0.958194,0.000424007,0.000552995
126,15,0.958596,0.000451471,0.000560149
126,16,0.959024,0.000479634,0.00056352
126,17,0.959479,0.000508312,0.000565643
126,18,0.959959,0.000537283,0.000563215
126,19,0.960467,0.000566403,0.000558695
126,20,0.961,0.000595467,0.000549049
126,21,0.96156,0.00062434,0.000536702
126,22,0.962147,0.00065282,0.000518912
126,23,0.96276,0.000680772,0.000498055
126,24,0.9634,0.000708003,0.000471669
126,25,0.964066,0.000734389,0.000442076
126,26,0.964757,0.000759754,0.000407092
126,27,0.965475,0.000783995,0.000368991
126,28,0.966218,0.000806958,0.000325875
126,29,0.966986,0.000828565,0.000279983
126,30,0.967779,0.000848689,0.000229708
126,31,0.968594,0.000867275,0.000177272
126,32,0.969432,0.000884223,0.000121349
126,33,0.970292,0.000899501,6.41439e-05
126,34,0.971172,0.000913034,4.59375e-06
126,35,0.97207,0.000924807,-5.51302e-05
126,36,0.972986,0.000934772,-0.000115868
126,37,0.973916,0.000942931,-0.000175509
126,38,0.97486,0.000949257,-0.000234726
126,39,0.975815,0.00095377,-0.000291512
126,40,0.97678,0.000956463,-0.000346434
126,41,0.977751,0.000957373,-0.000397634
126,42,0.978726,0.000956513,-0.000445644
126,43,0.979704,0.000953933,-0.000488797
126,44,0.980681,0.000949664,-0.000527648
126,45,0.981655,0.00094377,-0.000560763
126,46,0.982625,0.000936295,-0.000588763
126,47,0.983587,0.000927315,-0.000610471
126,48,0.98454,0.000916886,-0.00062661
126,49,0.985482,0.000905089,-0.000636265
126,50,0.986411,0.000891989,-0.000640272
126,51,0.987325,0.000877671,-0.000637975
126,52,0.988225,0.000862205,-0.000630322
126,53,0.989107,0.000845676,-0.000616893
126,54,0.989972,0.000828154,-0.000598736
126,55,0.99082,0.000809724,-0.000575638
126,56,0.99165,0.000790453,-0.000548721
126,57,0.992461,0.000770421,-0.000517949
126,58,0.993255,0.000749691,-0.00048449
126,59,0.994033,0.000728337,-0.000448446
126,60,0.994795,0.000706416,-0.000411001
126,61,0.995542,0.000683993,-0.000372362
126,62,0.996276,0.000661117,-0.000333698
126,63,0.996999,0.000637846,-0.000295288
126,64,0.997713,0.000614216,-0.000258253
126,65,0.99842,0.000590278,-0.000222918
126,66,0.999123,0.000566057,-0.000190324
126,67,0.999824,0.000541594,-0.000160814
126,68,1.00053,0.000516902,-0.000135318
126,69,1.00123,0.000492013,-0.000114175
126,70,1.00195,0.000466929,-9.81711e-05
126,71,1.00267,0.000441672,-8.76178e-05
126,72,1.00341,0.000416234,-8.31238e-05
126,73,1.00417,0.00039063,-8.49571e-05
126,74,1.00495,0.00036484,-9.35119e-05
126,75,1.00575,0.000338875,-0.000108999
126,76,1.00657,0.000312707,-0.000131562
126,77,1.00743,0.00028634,-0.000161347
126,78,1.00832,0.000259742,-0.00019821
126,79,1.00925,0.000232918,-0.000242237
126,80,1.01021,0.000205828,-0.000292965
126,81,1.01121,0.000178483,-0.000350433
126,82,1.01225,0.000150842,-0.000413835
126,83,1.01333,0.000122925,-0.000483193
126,84,1.01445,9.46913e-05,-0.000557346
126,85,1.01561,6.61758e-05,-0.000636345
126,86,1.01682,3.73432e-05,-0.000718669
126,87,1.01806,8.24806e-06,-0.000804464
126,88,1.01934,-2.11363e-05,-0.000891855
126,89,1.02065,-5.07315e-05,-0.000981164
126,90,1.022,-8.05533e-05,-0.00107018
126,91,1.02338,-0.000110497,-0.00115948
126,92,1.02479,-0.000140566,-0.00124652
126,93,1.02621,-0.000170629,-0.00133225
126,94,1.02766,-0.000200679,-0.00141382
126,95,1.02912,-0.00023056,-0.00149258
126,96,1.03059,-0.000260257,-0.0015654
126,97,1.03207,-0.000289594,-0.00163413
126,98,1.03355,-0.000318553,-0.00169534
126,99,1.03502,-0.00034694,-0.00175144
126,100,1.03648,-0.000374741,-0.00179868
126,101,1.03793,-0.000401755,-0.00184006
126,102,1.03936,-0.000427974,-0.00187153
126,103,1.04077,-0.000453197,-0.00189667
126,104,1.04215,-0.000477429,-0.00191111
126,105,1.04349,-0.000500479,-0.00191904
126,106,1.04481,-0.000522376,-0.00191572
126,107,1.04608,-0.000542949,-0.00190591
126,108,1.04731,-0.000562255,-0.0018845
126,109,1.04849,-0.000580159,-0.0018567
126,110,1.04963,-0.000596751,-0.00181697
126,111,1.05072,-0.000611933,-0.00177085
126,112,1.05175,-0.000625823,-0.00171223
126,113,1.05273,-0.000638357,-0.00164684
126,114,1.05366,-0.000649667,-0.00156799
126,115,1.05453,-0.000659715,-0.00148164
126,116,1.05534,-0.000668644,-0.00138088
126,117,1.05609,-0.000676451,-0.00127252
126,118,1.05678,-0.000683317,-0.00115048
126,119,1.0574,-0.000689326,-0.0010237
126,120,1.05796,-0.000694745,-0.000888355
126,121,1.05846,-0.000699758,-0.000756471
126,122,1.05888,-0.000704659,-0.000626434
126,123,1.05925,-0.000709729,-0.000511526
126,124,1.05957,-0.000714468,-0.000408865
126,125,1.05988,-0.000710566,-0.00031876
126,126,1.06016,-0.000641636,-0.00015824
126,127,1,-0.00343474,0
127,0,1,0,0
127,1,1,0.00343474,0
127,2,1,0.0068612,0
127,3,1,0.0102711,0
127,4,1,0.0136563,0
127,5,1,0.0170086,0
127,6,1,0.0203199,0
127,7,1,0.0235823,0
127,8,1,0.0267878,0
127,9,1,0.0299289,0
127,10,1,0.0329978,0
127,11,1,0.0359872,0
127,12,1,0.0388899,0
127,13,1,0.041699,0
127,14,1,0.0444075,0
127,15,1,0.0470091,0
127,16,1,0.0494975,0
127,17,1,0.0518666,0
127,18,1,0.0541107,0
127,19,1,0.0562245,0
127,20,1,0.0582029,0
127,21,1,0.060041,0
127,22,1,0.0617345,0
127,23,1,0.0632793,0
127,24,1,0.0646716,0
127,25,1,0.0659081,0
127,26,1,0.0669858,0
127,27,1,0.0679022,0
127,28,1,0.068655,0
127,29,1,0.0692424,0
127,30,1,0.0696629,0
127,31,1,0.0699157,0
127,32,1,0.07,0
127,33,1,0.0699157,0
127,34,1,0.0696629,0
127,35,1,0.0692424,0
127,36,1,0.068655,0
127,37,1,0.0679022,0
127,38,1,0.0669858,0
127,39,1,0.0659081,0
127,40,1,0.0646716,0
127,41,1,0.0632793,0
127,42,1,0.0617345,0
127,43,1,0.060041,0
127,44,1,0.0582029,0
127,45,1,0.0562245,0
127,46,1,0.0541107,0
127,47,1,0.0518666,0
127,48,1,0.0494975,0
127,49,1,0.0470091,0
127,50,1,0.0444075,0
127,51,1,0.041699,0
127,52,1,0.0388899,0
127,53,1,0.0359872,0
127,54,1,0.0329978,0
127,55,1,0.0299289,0
127,56,1,0.0267878,0
127,57,1,0.0235823,0
127,58,1,0.0203199,0
127,59,1,0.0170086,0
127,60,1,0.0136563,0
127,61,1,0.0102711,0
127,62,1,0.0068612,0
127,63,1,0.00343474,0
127,64,1,8.57253e-18,0
127,65,1,-0.00343474,0
127,66,1,-0.0068612,0
127,67,1,-0.0102711,0
127,68,1,-0.0136563,0
127,69,1,-0.0170086,0
127,70,1,-0.0203199,0
127,71,1,-0.0235823,0
127,72,1,-0.0267878,0
127,73,1,-0.0299289,0
127,74,1,-0.0329978,0
127,75,1,-0.0359872,0
127,76,1,-0.0388899,0
127,77,1,-0.041699,0
127,78,1,-0.0444075,0
127,79,1,-0.0470091,0
127,80,1,-0.0494975,0
127,81,1,-0.0518666,0
127,82,1,-0.0541107,0
127,83,1,-0.0562245,0
127,84,1,-0.0582029,0
127,85,1,-0.060041,0
127,86,1,-0.0617345,0
127,87,1,-0.0632793,0
127,88,1,-0.0646716,0
127,89,1,-0.0659081,0
127,90,1,-0.0669858,0
127,91,1,-0.0679022,0
127,92,1,-0.068655,0
127,93,1,-0.0692424,0
127,94,1,-0.0696629,0
127,95,1,-0.0699157,0
127,96,1,-0.07,0
127,97,1,-0.0699157,0
127,98,1,-0.0696629,0
127,99,1,-0.0692424,0
127,100,1,-0.068655,0
127,101,1,-0.0679022,0
127,102,1,-0.0669858,0
127,103,1,-0.0659081,0
127,104,1,-0.0646716,0
127,105,1,-0.0632793,0
127,106,1,-0.0617345,0
127,107,1,-0.060041,0
127,108,1,-0.0582029,0
127,109,1,-0.0562245,0
127,110,1,-0.0541107,0
127,111,1,-0.0518666,0
127,112,1,-0.0494975,0
127,113,1,-0.0470091,0
127,114,1,-0.0444075,0
127,115,1,-0.041699,0
127,116,1,-0.0388899,0
127,117,1,-0.0359872,0
127,118,1,-0.0329978,0
127,119,1,-0.0299289,0
127,120,1,-0.0267878,0
127,121,1,-0.0235823,0
127,122,1,-0.0203199,0
127,123,1,-0.0170086,0
127,124,1,-0.0136563,0
127,125,1,-0.0102711,0
127,126,1,-0.0068612,0
127,127,1,-0.00343474,0
