x,y,rho,ux,uy
0,0,1,0,0
0,1,1,0.00343474,0
0,2,1,0.0068612,0
0,3,1,0.0102711,0
0,4,1,0.0136563,0
0,5,1,0.0170086,0
0,6,1,0.0203199,0
0,7,1,0.0235823,0
0,8,1,0.0267878,0
0,9,1,0.0299289,0
0,10,1,0.0329978,0
0,11,1,0.0359872,0
0,12,1,0.0388899,0
0,13,1,0.041699,0
0,14,1,0.0444075,0
0,15,1,0.0470091,0
0,16,1,0.0494975,0
0,17,1,0.0518666,0
0,18,1,0.0541107,0
0,19,1,0.0562245,0
0,20,1,0.0582029,0
0,21,1,0.060041,0
0,22,1,0.0617345,0
0,23,1,0.0632793,0
0,24,1,0.0646716,0
0,25,1,0.0659081,0
0,26,1,0.0669858,0
0,27,1,0.0679022,0
0,28,1,0.068655,0
0,29,1,0.0692424,0
0,30,1,0.0696629,0
0,31,1,0.0699157,0
0,32,1,0.07,0
0,33,1,0.0699157,0
0,34,1,0.0696629,0
0,35,1,0.0692424,0
0,36,1,0.068655,0
0,37,1,0.0679022,0
0,38,1,0.0669858,0
0,39,1,0.0659081,0
0,40,1,0.0646716,0
0,41,1,0.0632793,0
0,42,1,0.0617345,0
0,43,1,0.060041,0
0,44,1,0.0582029,0
0,45,1,0.0562245,0
0,46,1,0.0541107,0
0,47,1,0.0518666,0
0,48,1,0.0494975,0
0,49,1,0.0470091,0
0,50,1,0.0444075,0
0,51,1,0.041699,0
0,52,1,0.0388899,0
0,53,1,0.0359872,0
0,54,1,0.0329978,0
0,55,1,0.0299289,0
0,56,1,0.0267878,0
0,57,1,0.0235823,0
0,58,1,0.0203199,0
0,59,1,0.0170086,0
0,60,1,0.0136563,0
0,61,1,0.0102711,0
0,62,1,0.0068612,0
0,63,1,0.00343474,0
0,64,1,8.57253e-18,0
0,65,1,-0.00343474,0
0,66,1,-0.0068612,0
0,67,1,-0.0102711,0
0,68,1,-0.0136563,0
0,69,1,-0.0170086,0
0,70,1,-0.0203199,0
0,71,1,-0.0235823,0
0,72,1,-0.0267878,0
0,73,1,-0.0299289,0
0,74,1,-0.0329978,0
0,75,1,-0.0359872,0
0,76,1,-0.0388899,0
0,77,1,-0.041699,0
0,78,1,-0.0444075,0
0,79,1,-0.0470091,0
0,80,1,-0.0494975,0
0,81,1,-0.0518666,0
0,82,1,-0.0541107,0
0,83,1,-0.0562245,0
0,84,1,-0.0582029,0
0,85,1,-0.060041,0
0,86,1,-0.0617345,0
0,87,1,-0.0632793,0
0,88,1,-0.0646716,0
0,89,1,-0.0659081,0
0,90,1,-0.0669858,0
0,91,1,-0.0679022,0
0,92,1,-0.068655,0
0,93,1,-0.0692424,0
0,94,1,-0.0696629,0
0,95,1,-0.0699157,0
0,96,1,-0.07,0
0,97,1,-0.0699157,0
0,98,1,-0.0696629,0
0,99,1,-0.0692424,0
0,100,1,-0.068655,0
0,101,1,-0.0679022,0
0,102,1,-0.0669858,0
0,103,1,-0.0659081,0
0,104,1,-0.0646716,0
0,105,1,-0.0632793,0
0,106,1,-0.0617345,0
0,107,1,-0.060041,0
0,108,1,-0.0582029,0
0,109,1,-0.0562245,0
0,110,1,-0.0541107,0
0,111,1,-0.0518666,0
0,112,1,-0.0494975,0
0,113,1,-0.0470091,0
0,114,1,-0.0444075,0
0,115,1,-0.041699,0
0,116,1,-0.0388899,0
0,117,1,-0.0359872,0
0,118,1,-0.0329978,0
0,119,1,-0.0299289,0
0,120,1,-0.0267878,0
0,121,1,-0.0235823,0
0,122,1,-0.0203199,0
0,123,1,-0.0170086,0
0,124,1,-0.0136563,0
0,125,1,-0.0102711,0
0,126,1,-0.0068612,0
0,127,1,-0.00343474,0
1,0,1,0,0
1,1,0.935221,0.000384296,-0.000113174
1,2,0.935419,0.000358204,-0.000267704
1,3,0.935711,0.00037031,-0.000433218
1,4,0.936109,0.000387238,-0.000622779
1,5,0.936626,0.00040666,-0.000832632
1,6,0.937263,0.00042947,-0.00104651
1,7,0.938015,0.00045606,-0.00126654
1,8,0.938878,0.000486368,-0.00148191
1,9,0.939849,0.000520086,-0.00169791
1,10,0.940923,0.000556662,-0.00190629
1,11,0.942095,0.000595415,-0.00211352
1,12,0.94336,0.000635592,-0.00231244
1,13,0.944713,0.000676462,-0.00250972
1,14,0.946151,0.000717304,-0.00269881
1,15,0.947667,0.000757478,-0.0028862
1,16,0.949257,0.000796388,-0.00306578
1,17,0.950916,0.000833545,-0.00324355
1,18,0.95264,0.000868496,-0.00341367
1,19,0.954423,0.000900904,-0.00358141
1,20,0.95626,0.000930447,-0.00374113
1,21,0.958145,0.000956911,-0.00389737
1,22,0.960074,0.000980073,-0.00404471
1,23,0.962041,0.000999813,-0.00418703
1,24,0.964038,0.00101598,-0.0043193
1,25,0.96606,0.00102852,-0.00444481
1,26,0.9681,0.00103733,-0.00455901
1,27,0.97015,0.00104242,-0.00466469
1,28,0.972204,0.00104372,-0.00475785
1,29,0.974252,0.00104128,-0.00484083
1,30,0.976286,0.00103507,-0.00491022
1,31,0.978298,0.00102516,-0.004968
1,32,0.980279,0.00101154,-0.00501137
1,33,0.98222,0.00099429,-0.00504205
1,34,0.984111,0.000973408,-0.00505792
1,35,0.985943,0.000948969,-0.00506057
1,36,0.987708,0.000920974,-0.00504857
1,37,0.989397,0.000889489,-0.00502353
1,38,0.991001,0.000854517,-0.00498474
1,39,0.992513,0.000816124,-0.00493393
1,40,0.993927,0.000774327,-0.00487109
1,41,0.995235,0.00072921,-0.00479813
1,42,0.996433,0.000680829,-0.00471568
1,43,0.997515,0.000629311,-0.00462585
1,44,0.99848,0.000574777,-0.00452978
1,45,0.999323,0.000517424,-0.00442971
1,46,1.00004,0.00045746,-0.00432717
1,47,1.00064,0.000395169,-0.00422443
1,48,1.00112,0.000330857,-0.00412318
1,49,1.00148,0.000264898,-0.00402559
1,50,1.00172,0.000197688,-0.00393332
1,51,1.00185,0.000129675,-0.00384824
1,52,1.00188,6.13156e-05,-0.00377179
1,53,1.0018,-6.90552e-06,-0.00370537
1,54,1.00164,-7.4517e-05,-0.00364995
1,55,1.0014,-0.00014105,-0.00360633
1,56,1.0011,-0.000206077,-0.00357491
1,57,1.00073,-0.000269201,-0.00355575
1,58,1.00033,-0.000330095,-0.00354859
1,59,0.999889,-0.000388485,-0.0035528
1,60,0.999436,-0.00044418,-0.0035675
1,61,0.998981,-0.000497054,-0.00359147
1,62,0.998538,-0.000547066,-0.00362336
1,63,0.998119,-0.000594236,-0.00366155
1,64,0.997736,-0.000638653,-0.00370446
1,65,0.997403,-0.000680446,-0.00375032
1,66,0.997128,-0.000719796,-0.00379758
1,67,0.996921,-0.000756895,-0.00384454
1,68,0.996791,-0.000791962,-0.00388988
1,69,0.996744,-0.0008252,-0.00393215
1,70,0.996786,-0.000856823,-0.00397041
1,71,0.996922,-0.000887007,-0.00400353
1,72,0.997155,-0.000915926,-0.00403099
1,73,0.997487,-0.000943707,-0.00405198
1,74,0.99792,-0.000970476,-0.00406636
1,75,0.998456,-0.000996306,-0.00407358
1,76,0.999095,-0.00102128,-0.00407383
1,77,0.999837,-0.00104541,-0.00406672
1,78,1.00068,-0.00106876,-0.00405268
1,79,1.00163,-0.00109131,-0.00403138
1,80,1.00268,-0.0011131,-0.00400349
1,81,1.00383,-0.0011341,-0.00396865
1,82,1.00507,-0.00115433,-0.00392771
1,83,1.00642,-0.00117375,-0.00388028
1,84,1.00786,-0.00119239,-0.00382742
1,85,1.00939,-0.00121021,-0.00376864
1,86,1.01102,-0.00122722,-0.00370525
1,87,1.01273,-0.00124338,-0.00363668
1,88,1.01453,-0.00125869,-0.00356448
1,89,1.01642,-0.00127309,-0.00348797
1,90,1.01838,-0.00128658,-0.00340902
1,91,1.02042,-0.00129904,-0.00332673
1,92,1.02254,-0.00131047,-0.00324332
1,93,1.02472,-0.0013207,-0.0031576
1,94,1.02697,-0.00132971,-0.00307213
1,95,1.02927,-0.00133729,-0.00298533
1,96,1.03164,-0.00134336,-0.00290012
1,97,1.03405,-0.00134767,-0.0028144
1,98,1.03651,-0.00135013,-0.00273144
1,99,1.039,-0.00135041,-0.00264848
1,100,1.04153,-0.00134842,-0.00256922
1,101,1.04408,-0.00134379,-0.00249011
1,102,1.04664,-0.00133645,-0.00241531
1,103,1.04922,-0.00132601,-0.00234034
1,104,1.0518,-0.00131244,-0.00226998
1,105,1.05437,-0.00129541,-0.00219868
1,106,1.05693,-0.00127499,-0.00213191
1,107,1.05946,-0.00125095,-0.002063
1,108,1.06195,-0.00122357,-0.0019982
1,109,1.06439,-0.00119277,-0.00192955
1,110,1.06678,-0.00115908,-0.00186419
1,111,1.06911,-0.00112264,-0.00179274
1,112,1.07136,-0.00108422,-0.00172328
1,113,1.07352,-0.00104412,-0.00164494
1,114,1.07558,-0.00100323,-0.00156689
1,115,1.07753,-0.000961944,-0.00147688
1,116,1.07937,-0.00092116,-0.00138536
1,117,1.08109,-0.000881268,-0.00127888
1,118,1.08266,-0.000843204,-0.00116925
1,119,1.0841,-0.000807439,-0.00104177
1,120,1.08538,-0.000774899,-0.000909397
1,121,1.0865,-0.000745884,-0.000756662
1,122,1.08745,-0.000721014,-0.000599079
1,123,1.08821,-0.000700682,-0.00042299
1,124,1.08876,-0.000684375,-0.000250243
1,125,1.08908,-0.000665612,-8.73547e-05
1,126,1.08919,-0.000629494,-7.78801e-06
1,127,1,-0.00343474,0
2,0,1,0,0
2,1,0.935426,-0.000621231,-0.000175119
2,2,0.935594,-0.000694075,-0.000499147
2,3,0.935879,-0.000664672,-0.000841194
2,4,0.936281,-0.000632724,-0.00122399
2,5,0.936801,-0.000616836,-0.00165173
2,6,0.937437,-0.000615593,-0.0021029
2,7,0.938187,-0.000625259,-0.00257194
2,8,0.939047,-0.000642298,-0.00304265
2,9,0.940013,-0.000663958,-0.0035165
2,10,0.941082,-0.000688248,-0.00398312
2,11,0.942247,-0.000713731,-0.0044476
2,12,0.943506,-0.000739263,-0.00490225
2,13,0.944854,-0.000763947,-0.00535343
2,14,0.946285,-0.000787052,-0.00579475
2,15,0.947795,-0.000808091,-0.00623276
2,16,0.949379,-0.00082675,-0.00666158
2,17,0.951032,-0.000842944,-0.00708721
2,18,0.952749,-0.000856674,-0.00750372
2,19,0.954525,-0.000868053,-0.007916
2,20,0.956355,-0.000877141,-0.00831788
2,21,0.958233,-0.000884001,-0.00871308
2,22,0.960155,-0.00088856,-0.00909532
2,23,0.962113,-0.000890708,-0.00946736
2,24,0.964102,-0.000890192,-0.00982312
2,25,0.966115,-0.000886749,-0.0101647
2,26,0.968145,-0.000880011,-0.0104866
2,27,0.970185,-0.000869644,-0.0107903
2,28,0.972228,-0.000855264,-0.011071
2,29,0.974264,-0.000836566,-0.0113299
2,30,0.976287,-0.000813243,-0.0115627
2,31,0.978286,-0.000785106,-0.0117707
2,32,0.980254,-0.000751998,-0.0119504
2,33,0.982182,-0.000713908,-0.0121028
2,34,0.984059,-0.000670879,-0.0122254
2,35,0.985878,-0.000623108,-0.0123195
2,36,0.98763,-0.000570855,-0.0123835
2,37,0.989305,-0.00051452,-0.0124192
2,38,0.990897,-0.000454557,-0.0124261
2,39,0.992397,-0.000391527,-0.0124067
2,40,0.9938,-0.000326017,-0.0123616
2,41,0.995098,-0.000258676,-0.0122938
2,42,0.996288,-0.000190135,-0.0122053
2,43,0.997364,-0.000121034,-0.0120998
2,44,0.998323,-5.19516e-05,-0.0119799
2,45,0.999163,1.65794e-05,-0.0118499
2,46,0.999883,8.41232e-05,-0.0117132
2,47,1.00048,0.000150328,-0.011574
2,48,1.00096,0.000214959,-0.0114361
2,49,1.00132,0.000277885,-0.0113034
2,50,1.00157,0.000339089,-0.0111793
2,51,1.00171,0.000398644,-0.0110672
2,52,1.00175,0.000456715,-0.0109699
2,53,1.00169,0.000513521,-0.0108895
2,54,1.00154,0.000569326,-0.0108277
2,55,1.00132,0.000624403,-0.0107853
2,56,1.00103,0.00067901,-0.0107627
2,57,1.00068,0.000733365,-0.0107592
2,58,1.00029,0.000787624,-0.0107737
2,59,0.999864,0.000841865,-0.0108041
2,60,0.999426,0.000896077,-0.0108481
2,61,0.998985,0.000950157,-0.0109027
2,62,0.998554,0.00100392,-0.0109646
2,63,0.998146,0.00105709,-0.0110302
2,64,0.997774,0.00110936,-0.011096
2,65,0.997448,0.00116034,-0.0111583
2,66,0.99718,0.00120967,-0.0112139
2,67,0.996979,0.00125696,-0.0112595
2,68,0.996853,0.00130185,-0.0112924
2,69,0.996808,0.00134403,-0.01131
2,70,0.996852,0.00138323,-0.0113107
2,71,0.996987,0.00141925,-0.0112926
2,72,0.997219,0.00145195,-0.0112548
2,73,0.99755,0.00148126,-0.0111964
2,74,0.997981,0.00150717,-0.0111172
2,75,0.998514,0.00152972,-0.0110167
2,76,0.99915,0.00154898,-0.0108956
2,77,0.999888,0.00156509,-0.0107537
2,78,1.00073,0.00157819,-0.0105922
2,79,1.00167,0.00158844,-0.0104111
2,80,1.00272,0.001596,-0.0102119
2,81,1.00386,0.00160103,-0.00999483
2,82,1.0051,0.00160369,-0.00976161
2,83,1.00644,0.00160411,-0.00951265
2,84,1.00788,0.00160243,-0.00924993
2,85,1.00941,0.00159876,-0.00897396
2,86,1.01103,0.00159318,-0.00868706
2,87,1.01274,0.00158577,-0.00838978
2,88,1.01453,0.0015766,-0.00808488
2,89,1.01641,0.0015657,-0.00777291
2,90,1.01837,0.00155314,-0.00745702
2,91,1.02041,0.00153893,-0.00713769
2,92,1.02252,0.00152311,-0.00681847
2,93,1.02469,0.00150569,-0.0064996
2,94,1.02694,0.0014867,-0.00618498
2,95,1.02924,0.00146614,-0.00587443
2,96,1.0316,0.00144405,-0.00557213
2,97,1.03401,0.00142042,-0.00527726
2,98,1.03646,0.00139528,-0.0049942
2,99,1.03895,0.00136863,-0.00472131
2,100,1.04148,0.0013405,-0.00446311
2,101,1.04402,0.00131087,-0.00421693
2,102,1.04659,0.00127979,-0.00398745
2,103,1.04916,0.00124723,-0.00377074
2,104,1.05174,0.00121323,-0.00357171
2,105,1.0543,0.00117775,-0.003385
2,106,1.05685,0.00114085,-0.00321578
2,107,1.05938,0.00110246,-0.00305712
2,108,1.06187,0.00106263,-0.00291448
2,109,1.06431,0.00102128,-0.00277913
2,110,1.06669,0.000978431,-0.00265683
2,111,1.06901,0.000933994,-0.00253683
2,112,1.07125,0.000888043,-0.00242522
2,113,1.0734,0.000840549,-0.00230922
2,114,1.07546,0.000791731,-0.00219556
2,115,1.0774,0.000741723,-0.00206985
2,116,1.07923,0.000690875,-0.00194006
2,117,1.08094,0.000639346,-0.00179077
2,118,1.08251,0.000587381,-0.00163165
2,119,1.08393,0.000535046,-0.00144665
2,120,1.0852,0.000482877,-0.00124762
2,121,1.08631,0.000432273,-0.00101939
2,122,1.08725,0.000386607,-0.000779277
2,123,1.08801,0.000352264,-0.000521596
2,124,1.08857,0.000344134,-0.000286694
2,125,1.08894,0.000397735,-0.000100222
2,126,1.0891,0.000525945,-1.38654e-05
2,127,1,-0.00343474,0
3,0,1,0,0
3,1,0.935621,0.00032371,-0.000174854
3,2,0.935778,0.000231799,-0.000492008
3,3,0.936062,0.000308465,-0.000812917
3,4,0.936466,0.0004132,-0.001175
3,5,0.936986,0.000505042,-0.00159584
3,6,0.937621,0.000578866,-0.00205913
3,7,0.938367,0.000639623,-0.0025581
3,8,0.939222,0.000693314,-0.00307388
3,9,0.940183,0.000744505,-0.00360483
3,10,0.941245,0.000795958,-0.00413865
3,11,0.942404,0.000849061,-0.00467879
3,12,0.943656,0.000904316,-0.005217
3,13,0.944996,0.000961702,-0.00575908
3,14,0.94642,0.00102082,-0.00629878
3,15,0.947922,0.00108098,-0.00684256
3,16,0.949498,0.00114121,-0.00738485
3,17,0.951144,0.00120039,-0.00793157
3,18,0.952853,0.00125731,-0.0084769
3,19,0.954621,0.00131079,-0.00902542
3,20,0.956443,0.00135981,-0.00957069
3,21,0.958313,0.00140357,-0.0101158
3,22,0.960226,0.00144151,-0.0106541
3,23,0.962175,0.00147333,-0.0111873
3,24,0.964154,0.00149895,-0.0117089
3,25,0.966157,0.00151849,-0.01222
3,26,0.968177,0.00153219,-0.0127144
3,27,0.970206,0.00154039,-0.013193
3,28,0.972236,0.0015435,-0.0136502
3,29,0.974261,0.00154193,-0.0140867
3,30,0.97627,0.0015361,-0.0144976
3,31,0.978257,0.00152638,-0.0148837
3,32,0.980211,0.00151313,-0.015241
3,33,0.982124,0.00149659,-0.0155702
3,34,0.983986,0.001477,-0.0158683
3,35,0.985791,0.00145446,-0.0161362
3,36,0.987527,0.00142905,-0.0163722
3,37,0.989188,0.00140075,-0.0165774
3,38,0.990766,0.0013695,-0.0167514
3,39,0.992253,0.00133517,-0.0168961
3,40,0.993643,0.00129763,-0.017012
3,41,0.994931,0.00125673,-0.0171019
3,42,0.99611,0.00121231,-0.0171676
3,43,0.997178,0.00116427,-0.0172123
3,44,0.998131,0.00111257,-0.0172388
3,45,0.998967,0.00105721,-0.0172508
3,46,0.999685,0.000998333,-0.0172517
3,47,1.00028,0.000936134,-0.0172453
3,48,1.00077,0.000870939,-0.017235
3,49,1.00113,0.000803169,-0.0172245
3,50,1.00139,0.00073334,-0.0172168
3,51,1.00154,0.000662042,-0.0172145
3,52,1.00159,0.000589922,-0.01722
3,53,1.00154,0.000517652,-0.0172347
3,54,1.00141,0.000445901,-0.0172595
3,55,1.0012,0.0003753,-0.0172946
3,56,1.00092,0.000306418,-0.0173393
3,57,1.00059,0.000239724,-0.0173922
3,58,1.00022,0.000175576,-0.0174514
3,59,0.999814,0.000114198,-0.0175139
3,60,0.999393,5.56773e-05,-0.0175767
3,61,0.998968,-3.56311e-08,-0.017636
3,62,0.998552,-5.31147e-05,-0.0176879
3,63,0.998157,-0.000103841,-0.0177283
3,64,0.997797,-0.000152581,-0.0177534
3,65,0.997482,-0.000199757,-0.0177591
3,66,0.997223,-0.00024582,-0.017742
3,67,0.997029,-0.00029122,-0.0176988
3,68,0.996908,-0.000336383,-0.0176269
3,69,0.996867,-0.000381691,-0.0175239
3,70,0.996913,-0.000427461,-0.0173883
3,71,0.99705,-0.000473938,-0.0172187
3,72,0.997282,-0.00052129,-0.0170147
3,73,0.997612,-0.000569606,-0.0167758
3,74,0.998041,-0.0006189,-0.0165025
3,75,0.998571,-0.000669119,-0.0161951
3,76,0.999204,-0.000720152,-0.0158547
3,77,0.999938,-0.00077184,-0.0154822
3,78,1.00077,-0.000823987,-0.0150793
3,79,1.00171,-0.000876372,-0.0146472
3,80,1.00275,-0.000928754,-0.014188
3,81,1.00389,-0.000980889,-0.0137033
3,82,1.00513,-0.00103252,-0.0131955
3,83,1.00646,-0.00108341,-0.0126662
3,84,1.00789,-0.00113332,-0.0121186
3,85,1.00941,-0.001182,-0.0115542
3,86,1.01102,-0.00122923,-0.0109766
3,87,1.01273,-0.00127479,-0.0103877
3,88,1.01452,-0.00131848,-0.00979141
3,89,1.01639,-0.00136007,-0.00918965
3,90,1.01834,-0.00139936,-0.00858689
3,91,1.02037,-0.00143614,-0.00798501
3,92,1.02247,-0.00147019,-0.00738889
3,93,1.02465,-0.0015013,-0.00680021
3,94,1.02688,-0.00152924,-0.00622417
3,95,1.02918,-0.00155378,-0.00566205
3,96,1.03153,-0.00157467,-0.00511926
3,97,1.03394,-0.00159167,-0.00459643
3,98,1.03639,-0.00160451,-0.00409907
3,99,1.03887,-0.00161294,-0.00362691
3,100,1.04139,-0.0016167,-0.00318546
3,101,1.04393,-0.00161556,-0.00277329
3,102,1.04649,-0.00160929,-0.00239587
3,103,1.04906,-0.00159774,-0.00205034
3,104,1.05163,-0.00158079,-0.0017421
3,105,1.05419,-0.00155847,-0.00146664
3,106,1.05674,-0.0015309,-0.00122922
3,107,1.05926,-0.00149846,-0.0010234
3,108,1.06174,-0.00146168,-0.00085428
3,109,1.06418,-0.00142141,-0.000713136
3,110,1.06655,-0.00137874,-0.000604765
3,111,1.06887,-0.00133499,-0.000517892
3,112,1.0711,-0.00129162,-0.000457038
3,113,1.07324,-0.0012501,-0.00040839
3,114,1.07529,-0.00121174,-0.000376679
3,115,1.07723,-0.00117763,-0.000346238
3,116,1.07905,-0.00114858,-0.000323068
3,117,1.08075,-0.0011253,-0.000290816
3,118,1.08231,-0.00110838,-0.000257918
3,119,1.08373,-0.00109819,-0.000208597
3,120,1.08499,-0.00109408,-0.000155306
3,121,1.0861,-0.00109315,-8.58839e-05
3,122,1.08703,-0.00108812,-2.17152e-05
3,123,1.08779,-0.00106425,3.83843e-05
3,124,1.08838,-0.00099802,5.95417e-05
3,125,1.08878,-0.000859747,4.42437e-05
3,126,1.08901,-0.000677905,7.01704e-07
3,127,1,-0.00343474,0
4,0,1,0,0
4,1,0.935801,-0.000664801,-0.000160797
4,2,0.935965,-0.000809979,-0.000418807
4,3,0.936253,-0.00072718,-0.000642115
4,4,0.936657,-0.000587619,-0.000890303
4,5,0.937176,-0.00046284,-0.00119899
4,6,0.937806,-0.00037315,-0.00156333
4,7,0.938547,-0.000316202,-0.00198041
4,8,0.939396,-0.000283285,-0.00243179
4,9,0.940349,-0.000265731,-0.00291411
4,10,0.941402,-0.000256793,-0.00341376
4,11,0.942552,-0.000251627,-0.00393258
4,12,0.943794,-0.00024684,-0.00446171
4,13,0.945124,-0.000240089,-0.00500623
4,14,0.946538,-0.000229916,-0.00555992
4,15,0.94803,-0.000215658,-0.00612907
4,16,0.949596,-0.000197411,-0.0067084
4,17,0.95123,-0.000175857,-0.00730373
4,18,0.952929,-0.000152081,-0.00790946
4,19,0.954686,-0.000127297,-0.00852993
4,20,0.956497,-0.000102652,-0.00915867
4,21,0.958356,-7.90232e-05,-0.00979835
4,22,0.960257,-5.69542e-05,-0.0104418
4,23,0.962194,-3.6601e-05,-0.0110905
4,24,0.964161,-1.77872e-05,-0.0117371
4,25,0.966152,-4.26933e-08,-0.0123823
4,26,0.968159,1.7293e-05,-0.0130192
4,27,0.970174,3.50109e-05,-0.0136481
4,28,0.972191,5.39362e-05,-0.0142628
4,29,0.974201,7.48826e-05,-0.0148635
4,30,0.976196,9.85821e-05,-0.0154448
4,31,0.978167,0.000125662,-0.0160069
4,32,0.980106,0.000156599,-0.0165454
4,33,0.982003,0.000191717,-0.0170604
4,34,0.98385,0.000231164,-0.0175486
4,35,0.985638,0.000274921,-0.0180103
4,36,0.987359,0.000322798,-0.0184431
4,37,0.989004,0.000374459,-0.0188478
4,38,0.990568,0.000429425,-0.0192232
4,39,0.992041,0.000487112,-0.0195704
4,40,0.993418,0.000546845,-0.0198895
4,41,0.994694,0.0006079,-0.0201822
4,42,0.995864,0.000669528,-0.0204493
4,43,0.996924,0.00073099,-0.0206933
4,44,0.997871,0.000791587,-0.0209159
4,45,0.998704,0.00085069,-0.0211198
4,46,0.99942,0.00090776,-0.021307
4,47,1.00002,0.00096237,-0.0214805
4,48,1.00051,0.00101421,-0.0216424
4,49,1.00088,0.00106311,-0.0217951
4,50,1.00115,0.001109,-0.0219406
4,51,1.00131,0.00115193,-0.0220804
4,52,1.00137,0.00119204,-0.0222156
4,53,1.00134,0.00122955,-0.022347
4,54,1.00122,0.00126471,-0.0224743
4,55,1.00103,0.00129777,-0.022597
4,56,1.00078,0.00132897,-0.0227137
4,57,1.00047,0.00135852,-0.0228226
4,58,1.00012,0.00138652,-0.0229211
4,59,0.999737,0.00141303,-0.0230061
4,60,0.999337,0.00143797,-0.0230744
4,61,0.998933,0.0014612,-0.0231221
4,62,0.998537,0.00148249,-0.0231455
4,63,0.998161,0.00150152,-0.0231406
4,64,0.997817,0.00151793,-0.0231037
4,65,0.997517,0.00153133,-0.0230312
4,66,0.997271,0.00154135,-0.02292
4,67,0.997089,0.00154762,-0.0227673
4,68,0.996977,0.00154983,-0.0225709
4,69,0.996944,0.00154774,-0.022329
4,70,0.996996,0.00154119,-0.0220406
4,71,0.997138,0.00153011,-0.021705
4,72,0.997372,0.00151453,-0.0213223
4,73,0.997703,0.00149456,-0.0208927
4,74,0.998133,0.00147041,-0.0204174
4,75,0.998662,0.00144237,-0.0198974
4,76,0.999292,0.00141077,-0.0193346
4,77,1.00002,0.00137603,-0.0187308
4,78,1.00086,0.00133859,-0.0180883
4,79,1.00179,0.00129892,-0.0174094
4,80,1.00282,0.00125749,-0.016697
4,81,1.00396,0.00121481,-0.0159535
4,82,1.00519,0.00117136,-0.0151825
4,83,1.00651,0.00112761,-0.0143865
4,84,1.00794,0.00108401,-0.0135696
4,85,1.00945,0.00104101,-0.0127346
4,86,1.01106,0.00099899,-0.0118859
4,87,1.01275,0.000958344,-0.0110266
4,88,1.01453,0.000919412,-0.0101617
4,89,1.0164,0.000882514,-0.00929426
4,90,1.01834,0.000847931,-0.00842975
4,91,1.02036,0.000815918,-0.0075713
4,92,1.02246,0.000786693,-0.0067248
4,93,1.02462,0.000760447,-0.00589319
4,94,1.02685,0.000737333,-0.00508267
4,95,1.02914,0.000717475,-0.0042958
4,96,1.03149,0.000700957,-0.00353894
4,97,1.03388,0.00068783,-0.00281404
4,98,1.03632,0.000678102,-0.0021275
4,99,1.0388,0.000671739,-0.00148038
4,100,1.04131,0.000668656,-0.000878994
4,101,1.04385,0.000668716,-0.000323216
4,102,1.0464,0.000671709,0.000180808
4,103,1.04896,0.000677356,0.000634673
4,104,1.05153,0.000685271,0.0010325
4,105,1.05408,0.000694955,0.00137768
4,106,1.05662,0.00070575,0.00166471
4,107,1.05913,0.000716825,0.00189914
4,108,1.06161,0.000727127,0.00207601
4,109,1.06404,0.000735389,0.00220346
4,110,1.06641,0.000740137,0.00227729
4,111,1.06871,0.000739794,0.0023086
4,112,1.07094,0.000732808,0.00229391
4,113,1.07307,0.000717877,0.00224722
4,114,1.07511,0.000694152,0.00216515
4,115,1.07704,0.000661384,0.00206365
4,116,1.07886,0.000619932,0.00193793
4,117,1.08054,0.000570668,0.00180413
4,118,1.0821,0.000514941,0.0016541
4,119,1.08351,0.00045495,0.00150206
4,120,1.08477,0.000394801,0.00133419
4,121,1.08587,0.000342281,0.00115979
4,122,1.08681,0.000310617,0.000956844
4,123,1.08758,0.00031894,0.000730589
4,124,1.08818,0.000385471,0.000464708
4,125,1.08861,0.000507981,0.000204274
4,126,1.08888,0.000596855,2.65078e-05
4,127,1,-0.00343474,0
5,0,1,0,0
5,1,0.93599,0.000204789,-0.000148657
5,2,0.936164,-3.02415e-05,-0.000341962
5,3,0.936454,5.36955e-05,-0.000464457
5,4,0.936857,0.000259502,-0.000587199
5,5,0.937373,0.000479826,-0.000761703
5,6,0.938,0.000673542,-0.00099679
5,7,0.938735,0.000834374,-0.00129625
5,8,0.939576,0.000969123,-0.00164497
5,9,0.940521,0.00108718,-0.00203962
5,10,0.941565,0.00119645,-0.00246632
5,11,0.942705,0.00130257,-0.00292565
5,12,0.943937,0.00140919,-0.00340836
5,13,0.945257,0.00151843,-0.0039187
5,14,0.946659,0.00163112,-0.00445053
5,15,0.94814,0.00174699,-0.00500975
5,16,0.949695,0.00186477,-0.0055914
5,17,0.951319,0.00198246,-0.00620113
5,18,0.953006,0.00209761,-0.00683361
5,19,0.954753,0.00220772,-0.00749297
5,20,0.956552,0.00231045,-0.00817284
5,21,0.9584,0.00240396,-0.00887552
5,22,0.960289,0.00248692,-0.00959374
5,23,0.962214,0.00255863,-0.0103284
5,24,0.964169,0.00261889,-0.0110718
5,25,0.966147,0.00266798,-0.0118241
5,26,0.96814,0.00270647,-0.012578
5,27,0.970142,0.00273518,-0.013333
5,28,0.972145,0.00275502,-0.0140825
5,29,0.97414,0.00276694,-0.014826
5,30,0.976119,0.00277184,-0.0155576
5,31,0.978074,0.00277052,-0.0162769
5,32,0.979996,0.00276369,-0.0169788
5,33,0.981876,0.00275188,-0.0176629
5,34,0.983706,0.00273549,-0.0183252
5,35,0.985476,0.00271473,-0.0189654
5,36,0.98718,0.0026897,-0.0195805
5,37,0.988809,0.00266036,-0.0201705
5,38,0.990355,0.00262653,-0.0207334
5,39,0.991813,0.002588,-0.0212695
5,40,0.993175,0.00254443,-0.021778
5,41,0.994438,0.00249552,-0.0222597
5,42,0.995596,0.00244092,-0.0227144
5,43,0.996646,0.00238034,-0.0231434
5,44,0.997585,0.00231357,-0.0235474
5,45,0.998411,0.00224044,-0.0239279
5,46,0.999124,0.00216094,-0.024286
5,47,0.999725,0.00207516,-0.0246231
5,48,1.00021,0.00198333,-0.0249404
5,49,1.00059,0.0018858,-0.0252392
5,50,1.00087,0.00178307,-0.0255202
5,51,1.00104,0.00167572,-0.0257843
5,52,1.00111,0.00156445,-0.0260315
5,53,1.0011,0.00144997,-0.0262618
5,54,1.001,0.00133307,-0.0264743
5,55,1.00083,0.00121449,-0.0266681
5,56,1.0006,0.00109493,-0.0268412
5,57,1.00031,0.000975034,-0.0269917
5,58,0.999982,0.000855324,-0.0271168
5,59,0.999624,0.000736205,-0.0272136
5,60,0.999247,0.000617949,-0.0272788
5,61,0.998866,0.000500692,-0.0273087
5,62,0.998491,0.000384442,-0.0273001
5,63,0.998136,0.000269097,-0.0272492
5,64,0.997811,0.000154464,-0.0271527
5,65,0.997528,4.02912e-05,-0.0270075
5,66,0.997296,-7.37058e-05,-0.0268109
5,67,0.997127,-0.000187811,-0.0265607
5,68,0.997026,-0.000302283,-0.026255
5,69,0.997002,-0.000417324,-0.0258927
5,70,0.997061,-0.000533068,-0.0254733
5,71,0.997207,-0.000649562,-0.0249966
5,72,0.997445,-0.000766759,-0.0244631
5,73,0.997777,-0.000884517,-0.0238739
5,74,0.998207,-0.0010026,-0.0232305
5,75,0.998735,-0.00112068,-0.0225346
5,76,0.999363,-0.00123836,-0.0217887
5,77,1.00009,-0.00135517,-0.0209953
5,78,1.00092,-0.00147059,-0.0201574
5,79,1.00185,-0.00158405,-0.0192779
5,80,1.00288,-0.00169496,-0.0183606
5,81,1.004,-0.00180271,-0.0174085
5,82,1.00522,-0.00190669,-0.0164259
5,83,1.00654,-0.00200628,-0.0154162
5,84,1.00796,-0.00210086,-0.0143841
5,85,1.00946,-0.00218985,-0.0133334
5,86,1.01106,-0.00227267,-0.0122692
5,87,1.01275,-0.00234876,-0.0111954
5,88,1.01452,-0.0024176,-0.0101177
5,89,1.01637,-0.00247867,-0.00904014
5,90,1.01831,-0.0025315,-0.0079689
5,91,1.02032,-0.00257564,-0.006908
5,92,1.0224,-0.00261065,-0.00586404
5,93,1.02456,-0.00263614,-0.00484093
5,94,1.02678,-0.00265172,-0.00384553
5,95,1.02906,-0.00265706,-0.00288141
5,96,1.03139,-0.00265184,-0.0019556
5,97,1.03378,-0.00263579,-0.00107109
5,98,1.03621,-0.00260866,-0.000234914
5,99,1.03868,-0.00257029,0.000550784
5,100,1.04119,-0.00252056,0.00127909
5,101,1.04371,-0.00245945,0.001949
5,102,1.04626,-0.00238705,0.00255385
5,103,1.04881,-0.0023036,0.0030941
5,104,1.05137,-0.00220956,0.00356347
5,105,1.05392,-0.00210564,0.00396423
5,106,1.05645,-0.00199287,0.00429067
5,107,1.05895,-0.00187274,0.00454732
5,108,1.06142,-0.00174716,0.00472927
5,109,1.06384,-0.00161861,0.00484383
5,110,1.0662,-0.00149001,0.00488716
5,111,1.0685,-0.00136464,0.00486976
5,112,1.07072,-0.00124588,0.00478882
5,113,1.07285,-0.00113679,0.00465795
5,114,1.07488,-0.00103977,0.00447459
5,115,1.0768,-0.000956226,0.00425422
5,116,1.07861,-0.000886409,0.00399269
5,117,1.08029,-0.000829512,0.00370513
5,118,1.08184,-0.000783654,0.00338324
5,119,1.08324,-0.000745553,0.00303929
5,120,1.0845,-0.000709523,0.00265864
5,121,1.0856,-0.000666371,0.00224946
5,122,1.08654,-0.000603837,0.0017932
5,123,1.08732,-0.000511711,0.00130479
5,124,1.08794,-0.0003977,0.000792599
5,125,1.08839,-0.000318386,0.000335797
5,126,1.08869,-0.000424205,3.93284e-05
5,127,1,-0.00343474,0
6,0,1,0,0
6,1,0.936189,-0.000827339,-0.000133833
6,2,0.936366,-0.00120329,-0.000284204
6,3,0.936657,-0.00117331,-0.000328384
6,4,0.937058,-0.000960403,-0.000350635
6,5,0.937568,-0.000706242,-0.00041226
6,6,0.938188,-0.000476772,-0.000532339
6,7,0.938914,-0.000290927,-0.000722104
6,8,0.939745,-0.000145599,-0.000971396
6,9,0.940678,-3.04435e-05,-0.00127826
6,10,0.94171,6.53788e-05,-0.00162972
6,11,0.942837,0.000150959,-0.00202569
6,12,0.944055,0.000233264,-0.00245691
6,13,0.94536,0.000317283,-0.00292688
6,14,0.946748,0.00040615,-0.00342961
6,15,0.948215,0.000501237,-0.00397053
6,16,0.949754,0.000602313,-0.004545
6,17,0.951363,0.000707857,-0.00515841
6,18,0.953035,0.0008155,-0.00580576
6,19,0.954766,0.000922529,-0.0064909
6,20,0.956551,0.00102634,-0.00720766
6,21,0.958383,0.0011248,-0.00795798
6,22,0.960257,0.00121641,-0.00873459
6,23,0.962166,0.00130043,-0.00953785
6,24,0.964105,0.00137679,-0.01036
6,25,0.966067,0.00144598,-0.0112005
6,26,0.968044,0.0015089,-0.0120516
6,27,0.97003,0.00156674,-0.0129122
6,28,0.972015,0.00162079,-0.0137754
6,29,0.973993,0.00167231,-0.0146397
6,30,0.975955,0.00172251,-0.0154988
6,31,0.977892,0.00177237,-0.0163515
6,32,0.979795,0.00182268,-0.0171922
6,33,0.981657,0.00187397,-0.0180197
6,34,0.983469,0.0019265,-0.0188294
6,35,0.985221,0.00198027,-0.0196201
6,36,0.986907,0.00203502,-0.0203883
6,37,0.988518,0.0020903,-0.0211331
6,38,0.990048,0.00214545,-0.0218519
6,39,0.99149,0.00219965,-0.022544
6,40,0.992838,0.002252,-0.0232079
6,41,0.994088,0.0023015,-0.0238434
6,42,0.995236,0.00234716,-0.0244496
6,43,0.996277,0.002388,-0.0250268
6,44,0.997209,0.00242312,-0.0255747
6,45,0.998032,0.0024517,-0.026094
6,46,0.998745,0.00247307,-0.0265848
6,47,0.999347,0.00248673,-0.0270478
6,48,0.999841,0.00249234,-0.0274833
6,49,1.00023,0.00248974,-0.0278917
6,50,1.00051,0.00247894,-0.0282731
6,51,1.0007,0.00246015,-0.0286276
6,52,1.00079,0.00243369,-0.0289548
6,53,1.0008,0.00240002,-0.0292542
6,54,1.00072,0.00235968,-0.0295247
6,55,1.00058,0.00231325,-0.0297648
6,56,1.00037,0.00226134,-0.0299729
6,57,1.00011,0.00220451,-0.0301468
6,58,0.999813,0.0021433,-0.0302838
6,59,0.999485,0.00207814,-0.0303812
6,60,0.999138,0.00200936,-0.0304361
6,61,0.998785,0.00193721,-0.030445
6,62,0.998438,0.0018618,-0.030405
6,63,0.998109,0.00178319,-0.0303127
6,64,0.997808,0.00170133,-0.0301654
6,65,0.997548,0.00161614,-0.0299602
6,66,0.997337,0.00152751,-0.0296949
6,67,0.997185,0.00143536,-0.0293677
6,68,0.9971,0.0013396,-0.0289772
6,69,0.997089,0.00124026,-0.0285225
6,70,0.997159,0.00113739,-0.0280037
6,71,0.997314,0.00103118,-0.0274207
6,72,0.997558,0.000921905,-0.0267748
6,73,0.997895,0.000809942,-0.0260672
6,74,0.998328,0.000695777,-0.0252999
6,75,0.998857,0.00057999,-0.0244751
6,76,0.999484,0.000463245,-0.0235957
6,77,1.00021,0.00034628,-0.0226645
6,78,1.00104,0.000229889,-0.0216852
6,79,1.00196,0.000114909,-0.0206609
6,80,1.00298,2.20839e-06,-0.0195961
6,81,1.0041,-0.000107333,-0.0184942
6,82,1.00532,-0.000212832,-0.01736
6,83,1.00663,-0.000313415,-0.0161975
6,84,1.00803,-0.000408229,-0.0150119
6,85,1.00953,-0.000496445,-0.0138073
6,86,1.01112,-0.000577274,-0.0125896
6,87,1.01279,-0.000649964,-0.011363
6,88,1.01455,-0.00071381,-0.0101338
6,89,1.0164,-0.000768156,-0.00890664
6,90,1.01832,-0.000812399,-0.00768806
6,91,1.02032,-0.000845993,-0.00648274
6,92,1.02239,-0.000868451,-0.00529768
6,93,1.02454,-0.00087935,-0.00413746
6,94,1.02675,-0.000878332,-0.00300934
6,95,1.02902,-0.000865113,-0.0019176
6,96,1.03134,-0.000839487,-0.000869644
6,97,1.03372,-0.000801335,0.000130768
6,98,1.03614,-0.000750636,0.00107623
6,99,1.0386,-0.000687479,0.00196378
6,100,1.04109,-0.000612084,0.00278615
6,101,1.04361,-0.000524822,0.00354146
6,102,1.04614,-0.000426244,0.00422272
6,103,1.04869,-0.000317126,0.00482945
6,104,1.05123,-0.000198507,0.00535514
6,105,1.05377,-7.17567e-05,0.00580109
6,106,1.05629,6.13636e-05,0.00616146
6,107,1.05879,0.000198626,0.00643984
6,108,1.06125,0.000337294,0.00663137
6,109,1.06366,0.000474108,0.00674247
6,110,1.06601,0.000605378,0.00676953
6,111,1.0683,0.000727181,0.00672226
6,112,1.07051,0.000835734,0.00659831
6,113,1.07263,0.000927869,0.00641047
6,114,1.07465,0.00100158,0.00615671
6,115,1.07656,0.00105645,0.00585159
6,116,1.07836,0.00109385,0.00549123
6,117,1.08003,0.0011169,0.0050894
6,118,1.08157,0.00113042,0.00463766
6,119,1.08297,0.00114104,0.00414659
6,120,1.08423,0.00115773,0.00360196
6,121,1.08533,0.0011914,0.00301247
6,122,1.08627,0.0012512,0.00236567
6,123,1.08706,0.00133301,0.00168756
6,124,1.08768,0.00139689,0.00100426
6,125,1.08815,0.00133452,0.000416251
6,126,1.08846,0.000935608,5.92105e-05
6,127,1,-0.00343474,0
7,0,1,0,0
7,1,0.936406,-1.22922e-05,-0.000126368
7,2,0.936584,-0.000540997,-0.000242131
7,3,0.93687,-0.000560122,-0.000240213
7,4,0.937266,-0.000313077,-0.000198206
7,5,0.93777,2.57115e-05,-0.000182102
7,6,0.938381,0.000365419,-0.000219339
7,7,0.939098,0.00067189,-0.000326783
7,8,0.939919,0.000940687,-0.00049925
7,9,0.94084,0.00117933,-0.000736993
7,10,0.94186,0.00139808,-0.00102871
7,11,0.942973,0.00160625,-0.00137425
7,12,0.944178,0.00181111,-0.00176478
7,13,0.945469,0.00201769,-0.00220324
7,14,0.946843,0.00222879,-0.00268389
7,15,0.948295,0.00244508,-0.0032117
7,16,0.94982,0.00266529,-0.00378237
7,17,0.951414,0.00288664,-0.00440092
7,18,0.953072,0.00310536,-0.00506267
7,19,0.954789,0.00331734,-0.00577119
7,20,0.956558,0.0035187,-0.00652052
7,21,0.958376,0.00370616,-0.00731223
7,22,0.960235,0.00387734,-0.00813914
7,23,0.962129,0.00403081,-0.00900113
7,24,0.964053,0.00416601,-0.00989037
7,25,0.965999,0.00428314,-0.0108056
7,26,0.96796,0.00438296,-0.0117391
7,27,0.969928,0.00446662,-0.0126889
7,28,0.971897,0.00453543,-0.0136475
7,29,0.973857,0.00459077,-0.0146131
7,30,0.9758,0.00463397,-0.0155787
7,31,0.977718,0.00466618,-0.0165422
7,32,0.979602,0.00468836,-0.0174977
7,33,0.981444,0.0047012,-0.018443
7,34,0.983235,0.00470516,-0.019373
7,35,0.984967,0.00470046,-0.0202859
7,36,0.986632,0.00468706,-0.0211774
7,37,0.988224,0.00466475,-0.0220458
7,38,0.989734,0.00463312,-0.0228879
7,39,0.991157,0.00459167,-0.0237025
7,40,0.992488,0.0045398,-0.024487
7,41,0.993722,0.00447689,-0.0252407
7,42,0.994855,0.00440236,-0.0259621
7,43,0.995884,0.00431565,-0.0266507
7,44,0.996807,0.00421634,-0.0273056
7,45,0.997623,0.00410414,-0.0279268
7,46,0.998331,0.00397893,-0.0285137
7,47,0.998932,0.0038408,-0.0290664
7,48,0.999428,0.00369001,-0.0295847
7,49,0.999821,0.00352706,-0.0300686
7,50,1.00011,0.00335264,-0.0305176
7,51,1.00031,0.0031676,-0.0309316
7,52,1.00042,0.00297295,-0.0313099
7,53,1.00044,0.00276985,-0.0316517
7,54,1.00039,0.00255948,-0.0319559
7,55,1.00027,0.00234309,-0.0322211
7,56,1.00009,0.00212191,-0.0324455
7,57,0.999863,0.0018971,-0.0326272
7,58,0.999594,0.00166973,-0.0327639
7,59,0.999295,0.00144075,-0.032853
7,60,0.998979,0.00121095,-0.0328919
7,61,0.998656,0.000980988,-0.0328776
7,62,0.998339,0.000751332,-0.0328076
7,63,0.998037,0.000522323,-0.0326788
7,64,0.997763,0.000294171,-0.032489
7,65,0.997527,6.69884e-05,-0.0322356
7,66,0.997338,-0.000159179,-0.0319168
7,67,0.997206,-0.000384315,-0.031531
7,68,0.997138,-0.000608403,-0.0310772
7,69,0.997141,-0.000831391,-0.030555
7,70,0.997223,-0.00105317,-0.0299643
7,71,0.997387,-0.00127354,-0.0293058
7,72,0.997639,-0.00149222,-0.0285807
7,73,0.997981,-0.00170882,-0.0277904
7,74,0.998417,-0.00192284,-0.0269375
7,75,0.998947,-0.00213369,-0.026024
7,76,0.999574,-0.00234067,-0.0250534
7,77,1.0003,-0.00254301,-0.0240286
7,78,1.00112,-0.00273985,-0.0229536
7,79,1.00204,-0.00293032,-0.0218318
7,80,1.00305,-0.00311344,-0.0206678
7,81,1.00417,-0.00328827,-0.0194656
7,82,1.00537,-0.0034538,-0.0182301
7,83,1.00668,-0.00360905,-0.0169655
7,84,1.00807,-0.00375303,-0.0156774
7,85,1.00956,-0.00388479,-0.0143703
7,86,1.01114,-0.00400336,-0.0130502
7,87,1.0128,-0.00410785,-0.0117217
7,88,1.01455,-0.00419738,-0.0103914
7,89,1.01638,-0.0042711,-0.00906418
7,90,1.01829,-0.00432822,-0.00774689
7,91,1.02028,-0.00436798,-0.00644456
7,92,1.02234,-0.0043897,-0.00516441
7,93,1.02447,-0.00439271,-0.00391143
7,94,1.02667,-0.00437642,-0.00269305
7,95,1.02893,-0.00434031,-0.00151404
7,96,1.03124,-0.0042839,-0.000381958
7,97,1.0336,-0.00420684,0.00069891
7,98,1.03601,-0.00410882,0.001721
7,99,1.03846,-0.0039897,0.00268076
7,100,1.04094,-0.00384945,0.00357079
7,101,1.04345,-0.00368826,0.00438852
7,102,1.04597,-0.00350651,0.00512688
7,103,1.0485,-0.00330494,0.00578464
7,104,1.05104,-0.00308462,0.00635521
7,105,1.05357,-0.00284713,0.00683911
7,106,1.05608,-0.00259465,0.0072305
7,107,1.05856,-0.00233006,0.00753214
7,108,1.06101,-0.00205703,0.00773927
7,109,1.06341,-0.00178007,0.00785747
7,110,1.06576,-0.00150439,0.00788339
7,111,1.06803,-0.00123567,0.00782585
7,112,1.07023,-0.000979502,0.00768285
7,113,1.07234,-0.000740786,0.00746626
7,114,1.07436,-0.000522922,0.00717439
7,115,1.07626,-0.000327188,0.00682066
7,116,1.07805,-0.000152407,0.00640142
7,117,1.07972,5.00706e-06,0.00592901
7,118,1.08125,0.00015075,0.00539515
7,119,1.08265,0.000292278,0.00480921
7,120,1.0839,0.000438142,0.00415837
7,121,1.08499,0.000595473,0.00345297
7,122,1.08594,0.000762457,0.0026869
7,123,1.08673,0.000911814,0.00189405
7,124,1.08736,0.000963545,0.0011153
7,125,1.08783,0.000754105,0.000460619
7,126,1.08816,2.68172e-05,5.78744e-05
7,127,1,-0.00343474,0
8,0,1,0,0
8,1,0.936628,-0.00102721,-0.000112201
8,2,0.936798,-0.00172809,-0.000216219
8,3,0.937078,-0.00183786,-0.00018968
8,4,0.937466,-0.00161423,-0.000114202
8,5,0.937959,-0.00125846,-5.53216e-05
8,6,0.938559,-0.000885593,-4.34221e-05
8,7,0.939262,-0.000545561,-9.94946e-05
8,8,0.940068,-0.000250645,-0.000222676
8,9,0.940974,4.2058e-06,-0.000415312
8,10,0.941977,0.000229973,-0.000668173
8,11,0.943073,0.000438255,-0.000981448
8,12,0.94426,0.000639153,-0.00134712
8,13,0.945532,0.000840482,-0.00176778
8,14,0.946887,0.00104743,-0.00223813
8,15,0.948319,0.00126246,-0.00276272
8,16,0.949825,0.00148545,-0.00333763
8,17,0.951399,0.00171417,-0.00396748
8,18,0.953037,0.00194496,-0.00464797
8,19,0.954734,0.00217349,-0.00538227
8,20,0.956483,0.00239551,-0.00616472
8,21,0.958281,0.00260737,-0.00699649
8,22,0.96012,0.00280635,-0.00787055
8,23,0.961995,0.00299084,-0.00878632
8,24,0.963898,0.00316022,-0.00973595
8,25,0.965824,0.00331475,-0.0107176
8,26,0.967765,0.00345536,-0.0117234
8,27,0.969714,0.00358339,-0.0127507
8,28,0.971661,0.00370041,-0.0137918
8,29,0.973601,0.00380802,-0.014844
8,30,0.975523,0.00390771,-0.0159
8,31,0.97742,0.00400074,-0.0169569
8,32,0.979283,0.0040881,-0.0180082
8,33,0.981104,0.00417041,-0.0190513
8,34,0.982874,0.00424798,-0.0200802
8,35,0.984586,0.00432074,-0.0210925
8,36,0.986231,0.00438832,-0.0220834
8,37,0.987803,0.00445009,-0.0230505
8,38,0.989295,0.00450514,-0.02399
8,39,0.990702,0.00455243,-0.0249
8,40,0.992018,0.00459079,-0.0257775
8,41,0.993238,0.00461898,-0.0266212
8,42,0.994359,0.00463579,-0.0274289
8,43,0.99538,0.00464006,-0.0281998
8,44,0.996296,0.00463075,-0.0289323
8,45,0.997109,0.00460698,-0.029626
8,46,0.997817,0.00456809,-0.03028
8,47,0.998421,0.00451364,-0.0308939
8,48,0.998924,0.00444343,-0.0314671
8,49,0.999327,0.00435754,-0.0319994
8,50,0.999635,0.00425629,-0.0324903
8,51,0.999851,0.00414025,-0.0329392
8,52,0.999981,0.00401018,-0.0333454
8,53,1.00003,0.00386703,-0.0337083
8,54,1.00001,0.0037119,-0.0340267
8,55,0.999918,0.00354595,-0.0342994
8,56,0.999772,0.00337039,-0.0345249
8,57,0.999577,0.00318644,-0.0347015
8,58,0.999345,0.00299524,-0.0348272
8,59,0.999084,0.00279786,-0.0348998
8,60,0.998805,0.00259525,-0.0349172
8,61,0.99852,0.00238824,-0.0348769
8,62,0.998238,0.00217749,-0.0347765
8,63,0.997972,0.00196357,-0.0346136
8,64,0.99773,0.00174692,-0.0343862
8,65,0.997524,0.00152788,-0.0340922
8,66,0.997363,0.00130673,-0.0337301
8,67,0.997256,0.00108374,-0.0332985
8,68,0.99721,0.000859159,-0.0327968
8,69,0.997233,0.000633296,-0.0322246
8,70,0.997331,0.000406506,-0.0315822
8,71,0.997509,0.000179234,-0.0308701
8,72,0.997772,-4.79781e-05,-0.03009
8,73,0.998123,-0.000274479,-0.0292433
8,74,0.998564,-0.00049951,-0.0283325
8,75,0.999098,-0.000722204,-0.0273601
8,76,0.999727,-0.000941597,-0.0263293
8,77,1.00045,-0.00115664,-0.0252434
8,78,1.00127,-0.0013662,-0.0241063
8,79,1.00219,-0.0015691,-0.0229217
8,80,1.0032,-0.00176411,-0.0216942
8,81,1.0043,-0.00194998,-0.0204279
8,82,1.0055,-0.00212545,-0.0191279
8,83,1.0068,-0.00228925,-0.0177986
8,84,1.00818,-0.00244013,-0.0164456
8,85,1.00966,-0.00257689,-0.0150736
8,86,1.01122,-0.00269833,-0.0136886
8,87,1.01288,-0.00280331,-0.0122956
8,88,1.01461,-0.00289075,-0.0109012
8,89,1.01643,-0.00295961,-0.00951035
8,90,1.01833,-0.00300894,-0.0081301
8,91,1.02031,-0.00303785,-0.0067657
8,92,1.02235,-0.00304553,-0.00542438
8,93,1.02447,-0.00303124,-0.00411138
8,94,1.02665,-0.00299435,-0.00283418
8,95,1.0289,-0.00293434,-0.00159782
8,96,1.0312,-0.00285079,-0.000409884
8,97,1.03355,-0.00274343,0.000725008
8,98,1.03594,-0.00261212,0.0017993
8,99,1.03838,-0.00245694,0.00280904
8,100,1.04084,-0.00227816,0.00374683
8,101,1.04334,-0.00207633,0.00460967
8,102,1.04585,-0.00185232,0.0053905
8,103,1.04837,-0.00160737,0.00608757
8,104,1.05089,-0.00134324,0.00669436
8,105,1.05341,-0.00106222,0.00721077
8,106,1.05591,-0.00076732,0.0076311
8,107,1.05838,-0.000462338,0.00795742
8,108,1.06081,-0.000151923,0.00818519
8,109,1.0632,0.000158432,0.00831924
8,110,1.06554,0.000462549,0.00835648
8,111,1.0678,0.000753945,0.00830491
8,112,1.06999,0.00102644,0.00816286
8,113,1.07209,0.001275,0.00794119
8,114,1.07409,0.00149663,0.00763856
8,115,1.07599,0.00169116,0.00726715
8,116,1.07777,0.00186162,0.00682361
8,117,1.07943,0.00201408,0.0063189
8,118,1.08095,0.00215704,0.00574527
8,119,1.08234,0.00230041,0.00511126
8,120,1.08358,0.00245359,0.00440604
8,121,1.08467,0.00262082,0.00364143
8,122,1.08561,0.00279012,0.00281704
8,123,1.0864,0.00291252,0.0019724
8,124,1.08703,0.00287239,0.00115356
8,125,1.0875,0.00245979,0.000473332
8,126,1.08782,0.00137339,7.20945e-05
8,127,1,-0.00343474,0
9,0,1,0,0
9,1,0.936859,-0.000235088,-0.000106245
9,2,0.937021,-0.0010885,-0.000193082
9,3,0.93729,-0.00126374,-0.000162656
9,4,0.937666,-0.00102556,-7.84137e-05
9,5,0.938149,-0.000599824,-3.42631e-06
9,6,0.938736,-0.00012342,2.92469e-05
9,7,0.939427,0.000338183,-2.90712e-06
9,8,0.940219,0.000763189,-0.00010208
9,9,0.941109,0.00115164,-0.000272396
9,10,0.942096,0.00151227,-0.000506666
9,11,0.943176,0.00185582,-0.000805581
9,12,0.944345,0.00219215,-0.00116216
9,13,0.9456,0.00252888,-0.00157882
9,14,0.946936,0.00287083,-0.00205087
9,15,0.948351,0.00321976,-0.00258249
9,16,0.949838,0.00357454,-0.0031702
9,17,0.951395,0.00393167,-0.00381822
9,18,0.953014,0.00428608,-0.00452262
9,19,0.954693,0.00463201,-0.0052862
9,20,0.956425,0.00496385,-0.00610359
9,21,0.958204,0.00527675,-0.00697556
9,22,0.960025,0.00556701,-0.00789529
9,23,0.961881,0.00583222,-0.00886175
9,24,0.963766,0.0060712,-0.00986716
9,25,0.965673,0.00628383,-0.0109092
9,26,0.967594,0.00647077,-0.0119798
9,27,0.969523,0.00663327,-0.0130758
9,28,0.97145,0.00677285,-0.0141893
9,29,0.973368,0.00689115,-0.0153168
9,30,0.975268,0.00698974,-0.0164508
9,31,0.977143,0.00707001,-0.0175876
9,32,0.978983,0.00713305,-0.0187204
9,33,0.980781,0.00717969,-0.0198456
9,34,0.982527,0.00721038,-0.0209571
9,35,0.984215,0.00722528,-0.0220516
9,36,0.985837,0.00722426,-0.0231239
9,37,0.987387,0.00720692,-0.0241709
9,38,0.988857,0.0071727,-0.0251885
9,39,0.990242,0.00712085,-0.026174
9,40,0.991538,0.00705061,-0.0271242
9,41,0.99274,0.00696117,-0.0280372
9,42,0.993845,0.00685179,-0.0289104
9,43,0.994851,0.00672183,-0.0297424
9,44,0.995757,0.00657084,-0.0305316
9,45,0.996561,0.00639856,-0.031277
9,46,0.997264,0.00620499,-0.0319774
9,47,0.997868,0.00599038,-0.0326322
9,48,0.998373,0.00575527,-0.0332408
9,49,0.998783,0.00550049,-0.0338025
9,50,0.999101,0.00522713,-0.0343169
9,51,0.999332,0.00493652,-0.0347834
9,52,0.999481,0.00463022,-0.0352014
9,53,0.999554,0.00430993,-0.0355702
9,54,0.999557,0.00397748,-0.0358889
9,55,0.999498,0.00363475,-0.0361567
9,56,0.999384,0.00328364,-0.0363722
9,57,0.999225,0.00292598,-0.0365341
9,58,0.999029,0.00256351,-0.0366409
9,59,0.998807,0.00219784,-0.0366908
9,60,0.998567,0.00183037,-0.0366822
9,61,0.99832,0.00146235,-0.0366129
9,62,0.998076,0.00109483,-0.0364811
9,63,0.997846,0.000728633,-0.0362848
9,64,0.99764,0.000364454,-0.0360224
9,65,0.997466,2.81781e-06,-0.0356921
9,66,0.997335,-0.000355854,-0.0352928
9,67,0.997255,-0.000711215,-0.0348233
9,68,0.997234,-0.00106295,-0.0342831
9,69,0.997278,-0.00141075,-0.033672
9,70,0.997394,-0.00175424,-0.0329906
9,71,0.997588,-0.00209303,-0.0322393
9,72,0.997863,-0.00242658,-0.0314198
9,73,0.998223,-0.00275431,-0.0305337
9,74,0.998672,-0.00307548,-0.0295834
9,75,0.999212,-0.00338928,-0.0285714
9,76,0.999843,-0.00369475,-0.027501
9,77,1.00057,-0.00399088,-0.0263753
9,78,1.00139,-0.00427655,-0.0251984
9,79,1.0023,-0.00455055,-0.023974
9,80,1.00331,-0.00481164,-0.0227066
9,81,1.00441,-0.00505853,-0.0214004
9,82,1.0056,-0.0052899,-0.0200604
9,83,1.00688,-0.00550442,-0.0186912
9,84,1.00826,-0.00570075,-0.0172984
9,85,1.00973,-0.00587758,-0.0158866
9,86,1.01128,-0.0060336,-0.014462
9,87,1.01292,-0.00616754,-0.0130296
9,88,1.01465,-0.00627817,-0.0115958
9,89,1.01645,-0.0063643,-0.010166
9,90,1.01834,-0.00642479,-0.00874702
9,91,1.0203,-0.00645857,-0.0073442
9,92,1.02233,-0.00646461,-0.00596476
9,93,1.02444,-0.00644197,-0.00461409
9,94,1.0266,-0.00638976,-0.00329959
9,95,1.02883,-0.0063072,-0.00202646
9,96,1.03112,-0.00619362,-0.000802199
9,97,1.03345,-0.00604844,0.000368365
9,98,1.03583,-0.00587125,0.00147779
9,99,1.03825,-0.00566183,0.00252187
9,100,1.0407,-0.00542017,0.00349335
9,101,1.04318,-0.00514655,0.0043889
9,102,1.04568,-0.00484164,0.00520162
9,103,1.04819,-0.00450654,0.00592936
9,104,1.05069,-0.00414296,0.00656582
9,105,1.05319,-0.00375334,0.00711042
9,106,1.05568,-0.00334097,0.0075577
9,107,1.05814,-0.00291019,0.00790918
9,108,1.06056,-0.00246648,0.00816061
9,109,1.06294,-0.00201643,0.00831617
9,110,1.06526,-0.0015676,0.00837313
9,111,1.06751,-0.00112803,0.0083387
9,112,1.06969,-0.000705532,0.00821157
9,113,1.07177,-0.000306652,0.00800166
9,114,1.07377,6.44543e-05,0.00770797
9,115,1.07565,0.000406969,0.00734152
9,116,1.07742,0.000723847,0.00689933
9,117,1.07907,0.00102153,0.00639115
9,118,1.08059,0.00130888,0.00580997
9,119,1.08196,0.00159525,0.00516368
9,120,1.0832,0.00188712,0.00444349
9,121,1.08429,0.00218114,0.00366243
9,122,1.08522,0.00245007,0.00282406
9,123,1.086,0.00261898,0.00196967
9,124,1.08663,0.00253431,0.00115088
9,125,1.08709,0.00194083,0.00047677
9,126,1.08741,0.000507351,6.48129e-05
9,127,1,-0.00343474,0
10,0,1,0,0
10,1,0.937077,-0.00118777,-8.89516e-05
10,2,0.937225,-0.00219135,-0.000176252
10,3,0.937483,-0.00245931,-0.000147667
10,4,0.937846,-0.00225617,-6.89371e-05
10,5,0.938314,-0.00182548,2.31524e-06
10,6,0.938884,-0.00132363,3.49674e-05
10,7,0.939557,-0.000830454,5.76571e-06
10,8,0.94033,-0.000376117,-8.95603e-05
10,9,0.941201,3.56329e-05,-0.000256139
10,10,0.942167,0.000412851,-0.000488561
10,11,0.943225,0.000767504,-0.00078801
10,12,0.944371,0.00111156,-0.0011486
10,13,0.945603,0.00145503,-0.00157272
10,14,0.946916,0.00180488,-0.00205637
10,15,0.948306,0.00216459,-0.00260345
10,16,0.949769,0.00253414,-0.00321097
10,17,0.951301,0.00291061,-0.0038828
10,18,0.952896,0.00328903,-0.00461542
10,19,0.954549,0.00366346,-0.00541122
10,20,0.956256,0.00402789,-0.00626519
10,21,0.958011,0.00437704,-0.0071777
10,22,0.959807,0.00470682,-0.00814219
10,23,0.961639,0.00501451,-0.00915719
10,24,0.963499,0.00529872,-0.0102151
10,25,0.965381,0.00555923,-0.011313
10,26,0.967278,0.00579671,-0.0124429
10,27,0.969182,0.00601244,-0.013601
10,28,0.971085,0.00620805,-0.0147793
10,29,0.972978,0.00638525,-0.0159737
10,30,0.974855,0.00654568,-0.0171762
10,31,0.976705,0.00669073,-0.0183827
10,32,0.978521,0.00682147,-0.0195859
10,33,0.980295,0.00693861,-0.0207816
10,34,0.982018,0.00704243,-0.0219632
10,35,0.983684,0.00713283,-0.0231269
10,36,0.985284,0.00720938,-0.0242669
10,37,0.986812,0.0072713,-0.0253796
10,38,0.988263,0.00731759,-0.0264606
10,39,0.98963,0.00734707,-0.0275066
10,40,0.99091,0.00735846,-0.0285141
10,41,0.992098,0.00735045,-0.0294805
10,42,0.993192,0.00732178,-0.0304033
10,43,0.99419,0.00727131,-0.0312805
10,44,0.99509,0.00719805,-0.0321103
10,45,0.995893,0.00710128,-0.0328913
10,46,0.996598,0.00698053,-0.0336224
10,47,0.997207,0.00683563,-0.0343027
10,48,0.997722,0.00666673,-0.0349314
10,49,0.998146,0.00647431,-0.0355079
10,50,0.998482,0.00625916,-0.0360317
10,51,0.998736,0.00602237,-0.0365023
10,52,0.998911,0.00576528,-0.0369193
10,53,0.999015,0.00548947,-0.0372822
10,54,0.999052,0.00519665,-0.0375904
10,55,0.999031,0.00488868,-0.0378432
10,56,0.998958,0.00456745,-0.0380399
10,57,0.998842,0.00423485,-0.0381794
10,58,0.998691,0.00389272,-0.0382607
10,59,0.998514,0.0035428,-0.0382825
10,60,0.99832,0.00318669,-0.0382437
10,61,0.998119,0.00282583,-0.0381425
10,62,0.997921,0.00246149,-0.0379778
10,63,0.997734,0.00209476,-0.0377478
10,64,0.99757,0.00172659,-0.0374514
10,65,0.997435,0.00135778,-0.0370871
10,66,0.997341,0.000989018,-0.0366541
10,67,0.997294,0.000620944,-0.0361514
10,68,0.997303,0.000254149,-0.0355788
10,69,0.997374,-0.000110768,-0.0349361
10,70,0.997513,-0.000473174,-0.0342239
10,71,0.997727,-0.000832369,-0.0334428
10,72,0.998018,-0.00118757,-0.0325943
10,73,0.998393,-0.00153788,-0.0316801
10,74,0.998852,-0.00188231,-0.0307025
10,75,0.9994,-0.00221974,-0.0296639
10,76,1.00004,-0.00254896,-0.0285676
10,77,1.00076,-0.00286865,-0.0274167
10,78,1.00158,-0.00317738,-0.026215
10,79,1.0025,-0.0034737,-0.0249662
10,80,1.0035,-0.00375604,-0.0236748
10,81,1.00459,-0.00402283,-0.022345
10,82,1.00578,-0.00427246,-0.0209817
10,83,1.00706,-0.00450331,-0.0195894
10,84,1.00843,-0.00471377,-0.0181737
10,85,1.00988,-0.00490224,-0.0167393
10,86,1.01143,-0.00506716,-0.0152921
10,87,1.01306,-0.005207,-0.0138373
10,88,1.01477,-0.0053203,-0.0123812
10,89,1.01656,-0.00540564,-0.0109292
10,90,1.01843,-0.00546168,-0.00948801
10,91,1.02038,-0.00548717,-0.0080631
10,92,1.0224,-0.00548092,-0.00666152
10,93,1.02449,-0.00544188,-0.00528875
10,94,1.02664,-0.00536907,-0.00395205
10,95,1.02885,-0.00526166,-0.00265672
10,96,1.03112,-0.00511899,-0.00141009
10,97,1.03344,-0.00494052,-0.000217118
10,98,1.03581,-0.00472598,0.000914958
10,99,1.03821,-0.00447532,0.00198175
10,100,1.04065,-0.0041888,0.00297624
10,101,1.04311,-0.00386708,0.00389486
10,102,1.04559,-0.00351126,0.00473099
10,103,1.04808,-0.00312304,0.00548221
10,104,1.05057,-0.00270479,0.00614248
10,105,1.05306,-0.00225975,0.00671091
10,106,1.05553,-0.00179215,0.00718235
10,107,1.05797,-0.00130734,0.00755791
10,108,1.06038,-0.000811907,0.0078337
10,109,1.06274,-0.000313568,0.00801338
10,110,1.06505,0.00017904,0.00809461
10,111,1.06729,0.000656933,0.00808394
10,112,1.06945,0.00111166,0.00798045
10,113,1.07152,0.0015365,0.00779316
10,114,1.0735,0.00192771,0.00752146
10,115,1.07537,0.0022856,0.00717528
10,116,1.07713,0.00261491,0.00675209
10,117,1.07876,0.00292435,0.00626051
10,118,1.08027,0.00322501,0.00569435
10,119,1.08163,0.0035276,0.00506088
10,120,1.08286,0.0038377,0.00435315
10,121,1.08393,0.00414687,0.00358443
10,122,1.08486,0.0044161,0.00276132
10,123,1.08563,0.00454914,0.0019257
10,124,1.08625,0.00436094,0.0011272
10,125,1.0867,0.00355924,0.000470663
10,126,1.087,0.00178447,8.15461e-05
10,127,1,-0.00343474,0
11,0,1,0,0
11,1,0.937291,-0.000408038,-8.1322e-05
11,2,0.937427,-0.00152531,-0.000152466
11,3,0.937669,-0.00184701,-0.000135647
11,4,0.938017,-0.0016307,-7.29911e-05
11,5,0.93847,-0.00113587,-1.68863e-05
11,6,0.939025,-0.000536171,1.58834e-06
11,7,0.939681,7.51496e-05,-3.95865e-05
11,8,0.940436,0.000658935,-0.000145668
11,9,0.941288,0.00120612,-0.000322349
11,10,0.942235,0.00172191,-0.000565599
11,11,0.943272,0.00221683,-0.000876925
11,12,0.944398,0.00270215,-0.00125149
11,13,0.945609,0.00318739,-0.00169167
11,14,0.9469,0.00367894,-0.00219419
11,15,0.948269,0.00417943,-0.00276272
11,16,0.949711,0.00468774,-0.0033948
11,17,0.95122,0.00519961,-0.00409397
11,18,0.952794,0.00570861,-0.00485713
11,19,0.954426,0.00620728,-0.00568629
11,20,0.956111,0.00668823,-0.00657682
11,21,0.957844,0.00714494,-0.00752871
11,22,0.959618,0.00757227,-0.00853569
11,23,0.961427,0.00796664,-0.00959591
11,24,0.963265,0.00832603,-0.0107019
11,25,0.965125,0.00864974,-0.0118505
11,26,0.966999,0.00893813,-0.0130335
11,27,0.968879,0.00919227,-0.0142467
11,28,0.970757,0.00941369,-0.0154821
11,29,0.972626,0.00960407,-0.0167348
11,30,0.974477,0.00976506,-0.0179968
11,31,0.976301,0.00989814,-0.0192632
11,32,0.978091,0.0100045,-0.0205266
11,33,0.979838,0.010085,-0.0217819
11,34,0.981535,0.0101401,-0.0230224
11,35,0.983174,0.0101699,-0.0242436
11,36,0.984748,0.0101743,-0.0254393
11,37,0.986251,0.0101527,-0.0266056
11,38,0.987676,0.0101047,-0.0277374
11,39,0.98902,0.0100294,-0.0288312
11,40,0.990278,0.009926,-0.0298831
11,41,0.991447,0.00979375,-0.0308903
11,42,0.992523,0.00963198,-0.0318498
11,43,0.993506,0.00944019,-0.0327594
11,44,0.994394,0.00921814,-0.0336171
11,45,0.995188,0.00896582,-0.0344215
11,46,0.995889,0.00868356,-0.0351711
11,47,0.996498,0.00837203,-0.035865
11,48,0.997017,0.00803222,-0.0365024
11,49,0.99745,0.00766547,-0.0370828
11,50,0.9978,0.00727345,-0.0376056
11,51,0.998072,0.00685809,-0.0380707
11,52,0.998271,0.00642157,-0.0384776
11,53,0.998402,0.00596628,-0.0388261
11,54,0.998472,0.00549471,-0.039116
11,55,0.998486,0.00500944,-0.0393469
11,56,0.998453,0.00451303,-0.0395185
11,57,0.998379,0.00400801,-0.0396303
11,58,0.998273,0.00349675,-0.0396817
11,59,0.998143,0.0029815,-0.0396719
11,60,0.997997,0.00246428,-0.0396001
11,61,0.997844,0.0019469,-0.0394653
11,62,0.997692,0.00143092,-0.0392667
11,63,0.997552,0.000917688,-0.0390031
11,64,0.997432,0.000408312,-0.0386735
11,65,0.997339,-9.62771e-05,-0.0382771
11,66,0.997284,-0.000595309,-0.037813
11,67,0.997274,-0.00108813,-0.0372807
11,68,0.997316,-0.00157415,-0.0366801
11,69,0.997417,-0.00205282,-0.0360109
11,70,0.997583,-0.00252357,-0.0352739
11,71,0.997819,-0.0029858,-0.0344697
11,72,0.998131,-0.00343882,-0.0335998
11,73,0.998522,-0.00388184,-0.0326656
11,74,0.998995,-0.00431397,-0.0316694
11,75,0.999553,-0.00473421,-0.0306136
11,76,1.0002,-0.00514142,-0.0295013
11,77,1.00093,-0.00553436,-0.0283353
11,78,1.00175,-0.0059117,-0.0271195
11,79,1.00267,-0.00627199,-0.0258575
11,80,1.00367,-0.00661372,-0.0245535
11,81,1.00476,-0.00693532,-0.0232118
11,82,1.00594,-0.00723518,-0.021837
11,83,1.00722,-0.00751166,-0.0204337
11,84,1.00858,-0.00776309,-0.0190073
11,85,1.01003,-0.00798781,-0.0175624
11,86,1.01156,-0.00818419,-0.016105
11,87,1.01318,-0.00835061,-0.0146401
11,88,1.01488,-0.00848548,-0.013174
11,89,1.01666,-0.00858727,-0.011712
11,90,1.01851,-0.00865447,-0.0102607
11,91,1.02045,-0.00868568,-0.0088256
11,92,1.02245,-0.00867952,-0.0074136
11,93,1.02452,-0.00863473,-0.00603022
11,94,1.02666,-0.00855012,-0.00468251
11,95,1.02886,-0.00842461,-0.00337585
11,96,1.03111,-0.00825726,-0.00211733
11,97,1.03341,-0.00804727,-0.000911988
11,98,1.03576,-0.00779405,0.000233174
11,99,1.03815,-0.00749726,0.00131367
11,100,1.04056,-0.00715684,0.00232277
11,101,1.04301,-0.00677315,0.00325676
11,102,1.04547,-0.00634703,0.00410934
11,103,1.04794,-0.00587995,0.0048779
11,104,1.05042,-0.00537418,0.00555675
11,105,1.05289,-0.00483296,0.00614474
11,106,1.05534,-0.00426067,0.00663713
11,107,1.05777,-0.00366306,0.0070347
11,108,1.06016,-0.00304732,0.00733399
11,109,1.0625,-0.00242205,0.0075382
11,110,1.06479,-0.00179703,0.00764546
11,111,1.06701,-0.00118251,0.0076617
11,112,1.06916,-0.000588283,0.00758645
11,113,1.07122,-2.23096e-05,0.00742793
11,114,1.07318,0.000510742,0.00718595
11,115,1.07503,0.00101067,0.00686944
11,116,1.07678,0.00148216,0.00647635
11,117,1.0784,0.00193403,0.00601424
11,118,1.07989,0.00237713,0.00547774
11,119,1.08124,0.00282065,0.00487332
11,120,1.08246,0.00326595,0.00419552
11,121,1.08352,0.00369588,0.00345735
11,122,1.08443,0.00405596,0.00266683
11,123,1.08519,0.00422602,0.00186391
11,124,1.0858,0.00398847,0.00109986
11,125,1.08624,0.00301552,0.000471273
11,126,1.08654,0.000932986,7.52145e-05
11,127,1,-0.00343474,0
12,0,1,0,0
12,1,0.937474,-0.00127383,-5.89971e-05
12,2,0.937592,-0.00249223,-0.000130685
12,3,0.937821,-0.00288646,-0.000121928
12,4,0.938152,-0.00270044,-7.84384e-05
12,5,0.938586,-0.00220282,-4.54056e-05
12,6,0.939121,-0.00158168,-4.96972e-05
12,7,0.939756,-0.000941901,-0.000112335
12,8,0.940488,-0.00032996,-0.000239029
12,9,0.941316,0.000241446,-0.00043532
12,10,0.942238,0.000776536,-0.000698168
12,11,0.94325,0.00128661,-0.00102922
12,12,0.944349,0.00178463,-0.00142453
12,13,0.945532,0.00228213,-0.00188646
12,14,0.946795,0.00278741,-0.00241243
12,15,0.948135,0.00330465,-0.00300592
12,16,0.949547,0.00383376,-0.00366502
12,17,0.951027,0.00437102,-0.00439297
12,18,0.95257,0.0049101,-0.00518709
12,19,0.954172,0.00544336,-0.0060491
12,20,0.955827,0.00596305,-0.00697471
12,21,0.95753,0.00646219,-0.00796359
12,22,0.959274,0.00693519,-0.0090098
12,23,0.961054,0.00737808,-0.0101111
12,24,0.962863,0.00778853,-0.0112603
12,25,0.964693,0.0081656,-0.0124537
12,26,0.966538,0.00850948,-0.0136834
12,27,0.968389,0.00882116,-0.0149446
12,28,0.970239,0.00910206,-0.0162291
12,29,0.972079,0.00935384,-0.0175317
12,30,0.973902,0.00957808,-0.0188441
12,31,0.975699,0.00977618,-0.0201609
12,32,0.977462,0.00994924,-0.0214743
12,33,0.979183,0.010098,-0.0227789
12,34,0.980854,0.0102226,-0.0240674
12,35,0.982469,0.0103231,-0.0253348
12,36,0.984019,0.0103991,-0.0265748
12,37,0.9855,0.0104497,-0.0277829
12,38,0.986906,0.010474,-0.0289536
12,39,0.988232,0.0104709,-0.0300832
12,40,0.989474,0.0104391,-0.0311674
12,41,0.990629,0.0103776,-0.0322031
12,42,0.991695,0.0102852,-0.0331872
12,43,0.992671,0.0101611,-0.0341173
12,44,0.993556,0.0100045,-0.0349911
12,45,0.994351,0.00981512,-0.0358072
12,46,0.995056,0.00959288,-0.0365641
12,47,0.995674,0.00933809,-0.0372609
12,48,0.996207,0.00905142,-0.0378967
12,49,0.996658,0.0087339,-0.0384711
12,50,0.997031,0.00838692,-0.0389837
12,51,0.997331,0.00801218,-0.0394345
12,52,0.997563,0.00761169,-0.0398234
12,53,0.997731,0.00718766,-0.0401505
12,54,0.997842,0.0067425,-0.0404157
12,55,0.997902,0.00627872,-0.0406192
12,56,0.997917,0.00579888,-0.0407611
12,57,0.997895,0.00530554,-0.0408412
12,58,0.997842,0.00480118,-0.0408596
12,59,0.997767,0.00428818,-0.0408158
12,60,0.997676,0.00376872,-0.0407098
12,61,0.997579,0.00324484,-0.0405409
12,62,0.997482,0.00271834,-0.0403087
12,63,0.997396,0.00219084,-0.0400124
12,64,0.997327,0.00166374,-0.0396516
12,65,0.997284,0.00113828,-0.0392255
12,66,0.997275,0.000615545,-0.0387338
12,67,0.997307,9.6518e-05,-0.0381759
12,68,0.997388,-0.000417898,-0.0375518
12,69,0.997524,-0.000926826,-0.0368615
12,70,0.997722,-0.00142938,-0.0361057
12,71,0.997987,-0.00192465,-0.0352848
12,72,0.998323,-0.00241161,-0.0344004
12,73,0.998734,-0.0028892,-0.0334536
12,74,0.999225,-0.00335621,-0.0324468
12,75,0.999797,-0.00381132,-0.031382
12,76,1.00045,-0.00425311,-0.0302622
12,77,1.00119,-0.00468003,-0.0290901
12,78,1.00202,-0.00509045,-0.0278694
12,79,1.00294,-0.00548261,-0.0266035
12,80,1.00394,-0.00585472,-0.0252966
12,81,1.00503,-0.00620489,-0.0239526
12,82,1.00621,-0.00653121,-0.0225761
12,83,1.00748,-0.00683175,-0.0211717
12,84,1.00884,-0.00710454,-0.0197444
12,85,1.01028,-0.00734766,-0.0182991
12,86,1.0118,-0.00755917,-0.0168413
12,87,1.01341,-0.00773719,-0.0153762
12,88,1.0151,-0.00787987,-0.0139098
12,89,1.01686,-0.00798544,-0.0124475
12,90,1.01871,-0.00805218,-0.0109957
12,91,1.02063,-0.00807845,-0.00955987
12,92,1.02262,-0.00806273,-0.00814678
12,93,1.02467,-0.00800358,-0.00676194
12,94,1.02679,-0.00789969,-0.0054122
12,95,1.02897,-0.00774991,-0.00410295
12,96,1.03121,-0.00755326,-0.00284107
12,97,1.03349,-0.00730898,-0.00163161
12,98,1.03582,-0.00701656,-0.000481319
12,99,1.03819,-0.00667581,0.000605279
12,100,1.04059,-0.00628695,0.00162174
12,101,1.04302,-0.00585066,0.0025643
12,102,1.04546,-0.00536828,0.00342699
12,103,1.04792,-0.00484186,0.00420708
12,104,1.05037,-0.00427439,0.00489929
12,105,1.05282,-0.00366997,0.0055023
12,106,1.05526,-0.003034,0.00601181
12,107,1.05766,-0.00237335,0.00642834
12,108,1.06004,-0.00169641,0.00674892
12,109,1.06236,-0.00101306,0.0069764
12,110,1.06463,-0.000334229,0.00710938
12,111,1.06684,0.000328773,0.00715329
12,112,1.06897,0.00096545,0.00710811
12,113,1.07101,0.00156762,0.00698134
12,114,1.07295,0.002131,0.00677321
12,115,1.07479,0.00265648,0.00649171
12,116,1.07652,0.00315045,0.00613527
12,117,1.07812,0.0036238,0.0057104
12,118,1.07959,0.00408923,0.00521242
12,119,1.08093,0.00455672,0.00464689
12,120,1.08213,0.00502614,0.00400938
12,121,1.08318,0.005475,0.00331191
12,122,1.08407,0.00583772,0.00256355
12,123,1.08482,0.0059753,0.00180251
12,124,1.0854,0.00564352,0.00107512
12,125,1.08583,0.00448592,0.000472052
12,126,1.08609,0.00211606,9.88234e-05
12,127,1,-0.00343474,0
13,0,1,0,0
13,1,0.937639,-0.000507135,-4.83798e-05
13,2,0.937745,-0.00178288,-9.77298e-05
13,3,0.937954,-0.00220386,-0.00010238
13,4,0.938268,-0.00199404,-8.14442e-05
13,5,0.938684,-0.00142977,-7.39928e-05
13,6,0.9392,-0.000711858,-0.000105912
13,7,0.939815,4.3852e-05,-0.00019574
13,8,0.940528,0.000783207,-0.000348936
13,9,0.941334,0.00148875,-0.000570709
13,10,0.942233,0.00216201,-0.000858629
13,11,0.943222,0.00281282,-0.00121424
13,12,0.944297,0.00345332,-0.00163433
13,13,0.945455,0.00409444,-0.00212116
13,14,0.946694,0.00474376,-0.00267277
13,15,0.948009,0.00540446,-0.00329245
13,16,0.949396,0.00607525,-0.00397879
13,17,0.95085,0.00675093,-0.00473477
13,18,0.952369,0.00742364,-0.00555812
13,19,0.953945,0.0080842,-0.00645028
13,20,0.955575,0.00872339,-0.00740732
13,21,0.957252,0.00933294,-0.00842865
13,22,0.958971,0.00990616,-0.00950863
13,23,0.960725,0.0104382,-0.0106448
13,24,0.962507,0.010926,-0.0118301
13,25,0.964311,0.0113681,-0.0130605
13,26,0.966128,0.0117643,-0.0143283
13,27,0.967951,0.0121153,-0.0156283
13,28,0.969773,0.0124223,-0.0169523
13,29,0.971585,0.0126869,-0.0182945
13,30,0.973379,0.0129107,-0.0196467
13,31,0.975147,0.0130952,-0.0210028
13,32,0.97688,0.0132414,-0.0223549
13,33,0.978571,0.0133502,-0.023697
13,34,0.980213,0.0134222,-0.0250217
13,35,0.981798,0.0134576,-0.0263234
13,36,0.98332,0.0134561,-0.0275957
13,37,0.984773,0.0134174,-0.0288334
13,38,0.986152,0.0133411,-0.0300311
13,39,0.987453,0.0132265,-0.0311845
13,40,0.988672,0.0130731,-0.0322894
13,41,0.989806,0.0128803,-0.0333422
13,42,0.990854,0.0126478,-0.0343397
13,43,0.991815,0.0123755,-0.0352795
13,44,0.992689,0.0120636,-0.0361593
13,45,0.993477,0.0117126,-0.0369773
13,46,0.994179,0.0113234,-0.0377322
13,47,0.994799,0.0108972,-0.0384231
13,48,0.995339,0.0104356,-0.0390493
13,49,0.995803,0.00994073,-0.0396103
13,50,0.996194,0.00941482,-0.0401061
13,51,0.996517,0.00886053,-0.0405367
13,52,0.996777,0.00828072,-0.0409024
13,53,0.99698,0.00767843,-0.0412035
13,54,0.99713,0.00705684,-0.0414403
13,55,0.997233,0.00641917,-0.0416135
13,56,0.997296,0.0057686,-0.0417234
13,57,0.997325,0.00510825,-0.0417705
13,58,0.997326,0.00444109,-0.0417551
13,59,0.997306,0.0037699,-0.0416775
13,60,0.997273,0.00309723,-0.0415379
13,61,0.997234,0.00242537,-0.0413362
13,62,0.997195,0.00175634,-0.0410723
13,63,0.997165,0.00109189,-0.0407461
13,64,0.997152,0.000433542,-0.0403572
13,65,0.997162,-0.000217449,-0.0399053
13,66,0.997203,-0.000859997,-0.0393901
13,67,0.997283,-0.00149317,-0.0388114
13,68,0.997408,-0.00211616,-0.0381692
13,69,0.997585,-0.00272818,-0.0374636
13,70,0.997819,-0.00332851,-0.0366951
13,71,0.998116,-0.00391635,-0.0358642
13,72,0.998482,-0.00449087,-0.0349721
13,73,0.998919,-0.00505114,-0.0340202
13,74,0.999431,-0.00559613,-0.0330102
13,75,1.00002,-0.00612468,-0.0319444
13,76,1.00069,-0.0066355,-0.0308251
13,77,1.00145,-0.00712716,-0.0296553
13,78,1.00228,-0.00759814,-0.0284381
13,79,1.00321,-0.00804679,-0.0271769
13,80,1.00422,-0.00847137,-0.0258756
13,81,1.00531,-0.00887004,-0.024538
13,82,1.00649,-0.00924094,-0.0231687
13,83,1.00775,-0.00958212,-0.0217719
13,84,1.0091,-0.00989162,-0.0203525
13,85,1.01054,-0.0101675,-0.0189154
13,86,1.01206,-0.0104077,-0.0174659
13,87,1.01365,-0.0106104,-0.0160092
13,88,1.01533,-0.0107736,-0.014551
13,89,1.01709,-0.0108954,-0.0130968
13,90,1.01892,-0.010974,-0.0116527
13,91,1.02082,-0.0110077,-0.0102244
13,92,1.0228,-0.0109947,-0.00881816
13,93,1.02484,-0.0109334,-0.00743968
13,94,1.02694,-0.0108224,-0.00609555
13,95,1.0291,-0.0106603,-0.00479117
13,96,1.03132,-0.0104459,-0.00353315
13,97,1.03359,-0.0101781,-0.00232658
13,98,1.0359,-0.00985621,-0.0011779
13,99,1.03825,-0.00947969,-9.16701e-05
13,100,1.04063,-0.00904846,0.000926002
13,101,1.04303,-0.00856293,0.00187131
13,102,1.04546,-0.00802411,0.00273864
13,103,1.04789,-0.00743382,0.00352521
13,104,1.05032,-0.00679484,0.00422615
13,105,1.05275,-0.00611119,0.00484004
13,106,1.05516,-0.0053883,0.00536301
13,107,1.05755,-0.00463324,0.00579542
13,108,1.0599,-0.00385482,0.00613478
13,109,1.06221,-0.00306353,0.00638364
13,110,1.06445,-0.00227115,0.00654111
13,111,1.06664,-0.00148993,0.00661215
13,112,1.06874,-0.000731397,0.00659722
13,113,1.07076,-4.63291e-06,0.00650316
13,114,1.07269,0.000685421,0.00633063
13,115,1.07451,0.00133933,0.00608675
13,116,1.07621,0.00196348,0.00577036
13,117,1.0778,0.00256879,0.00538698
13,118,1.07925,0.00316749,0.00493243
13,119,1.08057,0.00376772,0.00441118
13,120,1.08175,0.00436491,0.00381945
13,121,1.08278,0.00492806,0.00316807
13,122,1.08366,0.00537739,0.00246598
13,123,1.08439,0.00555287,0.001748
13,124,1.08496,0.00518296,0.00106093
13,125,1.08537,0.00388407,0.000486045
13,126,1.08563,0.00127015,9.70715e-05
13,127,1,-0.00343474,0
14,0,1,0,0
14,1,0.937757,-0.0012729,-2.07624e-05
14,2,0.937843,-0.00258897,-6.59738e-05
14,3,0.938037,-0.00305104,-7.62434e-05
14,4,0.938333,-0.00285733,-7.5787e-05
14,5,0.938727,-0.00228541,-9.59132e-05
14,6,0.939221,-0.00154563,-0.00015728
14,7,0.939812,-0.000762782,-0.000276782
14,8,0.940498,3.10647e-06,-0.000459486
14,9,0.941278,0.000731611,-0.000709764
14,10,0.942148,0.00142351,-0.0010255
14,11,0.943107,0.00208943,-0.00140798
14,12,0.944151,0.00274308,-0.00185451
14,13,0.945278,0.00339727,-0.00236716
14,14,0.946483,0.00406135,-0.00294454
14,15,0.947765,0.00473997,-0.00358971
14,16,0.949117,0.00543276,-0.00430174
14,17,0.950537,0.00613508,-0.00508336
14,18,0.95202,0.00683917,-0.00593271
14,19,0.953562,0.00753571,-0.00685099
14,20,0.955156,0.00821512,-0.00783464
14,21,0.956798,0.00886871,-0.00888282
14,22,0.958482,0.00948931,-0.00999024
14,23,0.960201,0.0100716,-0.0111541
14,24,0.961949,0.0106122,-0.0123678
14,25,0.963718,0.0111091,-0.0136269
14,26,0.965502,0.011562,-0.0149238
14,27,0.967292,0.0119712,-0.016253
14,28,0.969081,0.0123378,-0.0176063
14,29,0.970861,0.0126632,-0.0189776
14,30,0.972624,0.0129487,-0.0203585
14,31,0.974361,0.0131957,-0.0217426
14,32,0.976065,0.0134052,-0.0231217
14,33,0.977727,0.0135778,-0.0244893
14,34,0.979342,0.0137139,-0.0258381
14,35,0.980901,0.0138135,-0.0271619
14,36,0.982399,0.0138762,-0.0284541
14,37,0.98383,0.0139014,-0.0297093
14,38,0.985189,0.0138885,-0.0309218
14,39,0.986473,0.0138364,-0.0320871
14,40,0.987677,0.0137444,-0.0332009
14,41,0.9888,0.0136117,-0.0342594
14,42,0.989841,0.0134376,-0.0352594
14,43,0.990798,0.0132217,-0.0361983
14,44,0.991672,0.0129639,-0.0370738
14,45,0.992464,0.0126643,-0.0378843
14,46,0.993175,0.0123236,-0.0386284
14,47,0.993809,0.0119426,-0.0393053
14,48,0.994368,0.0115227,-0.0399144
14,49,0.994856,0.0110656,-0.0404555
14,50,0.995277,0.0105734,-0.0409286
14,51,0.995635,0.0100483,-0.0413341
14,52,0.995935,0.00949316,-0.0416725
14,53,0.996182,0.00891073,-0.0419444
14,54,0.996382,0.00830407,-0.0421507
14,55,0.996539,0.0076763,-0.042292
14,56,0.996659,0.00703058,-0.0423695
14,57,0.996748,0.00637004,-0.0423838
14,58,0.996813,0.00569771,-0.0423358
14,59,0.996858,0.00501651,-0.0422262
14,60,0.996891,0.00432914,-0.0420556
14,61,0.996917,0.00363814,-0.0418243
14,62,0.996944,0.00294577,-0.0415327
14,63,0.996979,0.00225411,-0.041181
14,64,0.997028,0.00156499,-0.040769
14,65,0.997098,0.000880019,-0.0402967
14,66,0.997197,0.00020066,-0.0397641
14,67,0.99733,-0.000471785,-0.039171
14,68,0.997505,-0.00113612,-0.0385175
14,69,0.997728,-0.00179119,-0.0378035
14,70,0.998005,-0.00243589,-0.0370296
14,71,0.99834,-0.00306908,-0.0361962
14,72,0.998739,-0.00368956,-0.0353044
14,73,0.999206,-0.00429606,-0.0343552
14,74,0.999745,-0.0048872,-0.0333504
14,75,1.00036,-0.0054615,-0.0322916
14,76,1.00105,-0.00601734,-0.0311813
14,77,1.00182,-0.00655298,-0.030022
14,78,1.00267,-0.00706658,-0.0288167
14,79,1.0036,-0.00755618,-0.0275686
14,80,1.00461,-0.00801973,-0.0262813
14,81,1.00571,-0.0084551,-0.0249584
14,82,1.00689,-0.00886012,-0.0236044
14,83,1.00816,-0.00923254,-0.0222232
14,84,1.0095,-0.00957013,-0.0208198
14,85,1.01093,-0.00987063,-0.0193987
14,86,1.01244,-0.0101318,-0.0179652
14,87,1.01403,-0.0103514,-0.0165243
14,88,1.0157,-0.0105272,-0.0150817
14,89,1.01745,-0.0106572,-0.0136428
14,90,1.01927,-0.0107393,-0.0122135
14,91,1.02116,-0.0107714,-0.0107994
14,92,1.02312,-0.0107518,-0.00940678
14,93,1.02514,-0.0106786,-0.00804117
14,94,1.02723,-0.0105502,-0.00670899
14,95,1.02937,-0.0103652,-0.00541564
14,96,1.03157,-0.0101222,-0.00416748
14,97,1.03382,-0.00982031,-0.00296959
14,98,1.03611,-0.00945875,-0.00182814
14,99,1.03844,-0.00903719,-0.000747691
14,100,1.0408,-0.00855577,0.000265979
14,101,1.04318,-0.00801524,0.00120905
14,102,1.04558,-0.00741708,0.00207629
14,103,1.04799,-0.0067637,0.00286488
14,104,1.05041,-0.00605866,0.00357036
14,105,1.05282,-0.00530687,0.00419127
14,106,1.05521,-0.00451483,0.00472418
14,107,1.05757,-0.00369081,0.00516936
14,108,1.0599,-0.00284494,0.00552478
14,109,1.06218,-0.00198904,0.00579278
14,110,1.06441,-0.00113617,0.00597296
14,111,1.06657,-0.00029973,0.0060699
14,112,1.06866,0.000508021,0.00608448
14,113,1.07065,0.00127772,0.00602298
14,114,1.07256,0.0020048,0.00588641
14,115,1.07435,0.00269091,0.0056811
14,116,1.07604,0.00334413,0.00540622
14,117,1.0776,0.00397743,0.00506627
14,118,1.07903,0.00460485,0.00465741
14,119,1.08033,0.00523522,0.00418294
14,120,1.08149,0.00586257,0.00363938
14,121,1.0825,0.00645093,0.00303589
14,122,1.08336,0.00691063,0.00238143
14,123,1.08406,0.00706532,0.00170838
14,124,1.08461,0.00662119,0.00105744
14,125,1.08499,0.00517399,0.000503675
14,126,1.08521,0.00234346,0.000129613
14,127,1,-0.00343474,0
15,0,1,0,0
15,1,0.937846,-0.000522952,-6.9685e-06
15,2,0.937919,-0.00183271,-2.1694e-05
15,3,0.938093,-0.00228729,-4.14463e-05
15,4,0.938369,-0.0020531,-6.19639e-05
15,5,0.938745,-0.00140729,-0.000108028
15,6,0.939218,-0.000568534,-0.000199003
15,7,0.939787,0.000329846,-0.000348847
15,8,0.940451,0.00122147,-0.00056177
15,9,0.941206,0.00208193,-0.000841363
15,10,0.942052,0.00290974,-0.00118557
15,11,0.942984,0.00371434,-0.00159522
15,12,0.944002,0.00450878,-0.00206799
15,13,0.945101,0.00530527,-0.00260568
15,14,0.946279,0.00611245,-0.00320729
15,15,0.947532,0.00693392,-0.00387567
15,16,0.948856,0.00776803,-0.00461027
15,17,0.950248,0.00860859,-0.00541358
15,18,0.951702,0.00944624,-0.00628412
15,19,0.953214,0.01027,-0.00722285
15,20,0.95478,0.0110689,-0.00822659
15,21,0.956392,0.0118328,-0.0092943
15,22,0.958047,0.0125534,-0.010421
15,23,0.959736,0.0132245,-0.0116039
15,24,0.961453,0.0138419,-0.0128363
15,25,0.963192,0.0144031,-0.0141139
15,26,0.964945,0.0149071,-0.0154291
15,27,0.966703,0.0153541,-0.0167763
15,28,0.968461,0.0157449,-0.0181472
15,29,0.970208,0.0160807,-0.0195355
15,30,0.971938,0.0163629,-0.0209327
15,31,0.973643,0.0165927,-0.0223321
15,32,0.975314,0.0167713,-0.0237254
15,33,0.976944,0.0168994,-0.0251059
15,34,0.978526,0.0169778,-0.026466
15,35,0.980054,0.0170066,-0.0277993
15,36,0.981522,0.0169859,-0.029099
15,37,0.982923,0.0169157,-0.0303596
15,38,0.984255,0.0167956,-0.0315752
15,39,0.985513,0.0166256,-0.0327412
15,40,0.986694,0.0164055,-0.0338531
15,41,0.987797,0.0161352,-0.0349072
15,42,0.98882,0.015815,-0.0359001
15,43,0.989764,0.0154455,-0.0368294
15,44,0.990629,0.0150275,-0.0376927
15,45,0.991417,0.0145622,-0.0384884
15,46,0.99213,0.0140511,-0.0392153
15,47,0.99277,0.0134964,-0.0398726
15,48,0.993341,0.0129003,-0.04046
15,49,0.993847,0.0122657,-0.0409774
15,50,0.994291,0.0115955,-0.041425
15,51,0.994679,0.010893,-0.0418034
15,52,0.995015,0.0101619,-0.0421133
15,53,0.995304,0.00940565,-0.0423558
15,54,0.995551,0.00862813,-0.042532
15,55,0.99576,0.00783307,-0.0426429
15,56,0.995937,0.00702418,-0.0426899
15,57,0.996088,0.00620505,-0.0426742
15,58,0.996216,0.0053791,-0.042597
15,59,0.996329,0.00454953,-0.0424593
15,60,0.99643,0.0037193,-0.0422623
15,61,0.996526,0.00289107,-0.0420065
15,62,0.996623,0.00206723,-0.0416927
15,63,0.996727,0.00124989,-0.0413213
15,64,0.996843,0.000440856,-0.0408925
15,65,0.996979,-0.000358284,-0.0404064
15,66,0.997141,-0.00114617,-0.0398632
15,67,0.997334,-0.00192163,-0.0392627
15,68,0.997566,-0.00268359,-0.038605
15,69,0.997842,-0.00343109,-0.0378902
15,70,0.998167,-0.00416318,-0.0371185
15,71,0.998546,-0.00487892,-0.0362904
15,72,0.998986,-0.0055773,-0.0354066
15,73,0.999489,-0.00625724,-0.0344681
15,74,1.00006,-0.00691756,-0.0334762
15,75,1.0007,-0.00755695,-0.0324325
15,76,1.00141,-0.00817394,-0.0313391
15,77,1.0022,-0.00876695,-0.0301982
15,78,1.00307,-0.00933426,-0.0290127
15,79,1.00402,-0.00987402,-0.0277854
15,80,1.00504,-0.0103843,-0.0265198
15,81,1.00615,-0.010863,-0.0252193
15,82,1.00733,-0.0113079,-0.023888
15,83,1.0086,-0.011717,-0.0225298
15,84,1.00995,-0.012088,-0.0211494
15,85,1.01137,-0.0124185,-0.0197513
15,86,1.01288,-0.0127064,-0.0183406
15,87,1.01446,-0.0129494,-0.0169222
15,88,1.01612,-0.0131452,-0.0155017
15,89,1.01786,-0.0132916,-0.0140843
15,90,1.01966,-0.0133866,-0.0126759
15,91,1.02154,-0.013428,-0.0112819
15,92,1.02349,-0.0134139,-0.00990859
15,93,1.02549,-0.0133424,-0.00856135
15,94,1.02756,-0.0132116,-0.00724644
15,95,1.02969,-0.0130201,-0.00596922
15,96,1.03187,-0.0127662,-0.00473584
15,97,1.03409,-0.0124489,-0.00355135
15,98,1.03636,-0.0120671,-0.00242166
15,99,1.03867,-0.0116202,-0.0013513
15,100,1.04101,-0.0111083,-0.000345739
15,101,1.04337,-0.0105316,0.000591211
15,102,1.04574,-0.00989146,0.00145468
15,103,1.04813,-0.00919001,0.00224185
15,104,1.05052,-0.00843055,0.00294868
15,105,1.0529,-0.00761785,0.00357365
15,106,1.05527,-0.00675833,0.00411381
15,107,1.05761,-0.00586032,0.00456932
15,108,1.05991,-0.00493414,0.00493862
15,109,1.06217,-0.00399199,0.00522388
15,110,1.06437,-0.00304747,0.00542513
15,111,1.0665,-0.00211457,0.00554664
15,112,1.06856,-0.00120622,0.00558969
15,113,1.07054,-0.000332335,0.00556001
15,114,1.07241,0.000502179,0.00545898
15,115,1.07419,0.00129893,0.00529216
15,116,1.07585,0.00206619,0.00505897
15,117,1.07738,0.00281712,0.00476292
15,118,1.07879,0.00356537,0.00440035
15,119,1.08007,0.00431808,0.00397327
15,120,1.0812,0.0050651,0.00347822
15,121,1.08219,0.00576264,0.0029228
15,122,1.08302,0.00630832,0.00231507
15,123,1.08371,0.00650747,0.00168363
15,124,1.08423,0.00604384,0.0010694
15,125,1.0846,0.00449484,0.000537479
15,126,1.0848,0.00149843,0.00013474
15,127,1,-0.00343474,0
16,0,1,0,0
16,1,0.937873,-0.00118252,2.53325e-05
16,2,0.937926,-0.00246728,2.08876e-05
16,3,0.938085,-0.00292631,1.07443e-06
16,4,0.938341,-0.0026896,-3.61214e-05
16,5,0.938694,-0.00202773,-0.000107491
16,6,0.939143,-0.00116415,-0.000226604
16,7,0.939686,-0.000238504,-0.000405594
16,8,0.940321,0.000678332,-0.000647889
16,9,0.941047,0.0015597,-0.000955949
16,10,0.94186,0.00240377,-0.00132759
16,11,0.94276,0.00322091,-0.00176314
16,12,0.943743,0.00402587,-0.00226041
16,13,0.944807,0.00483275,-0.0028209
16,14,0.945947,0.00565195,-0.00344389
16,15,0.947162,0.0064885,-0.004132
16,16,0.948448,0.00734172,-0.004885
16,17,0.9498,0.00820599,-0.00570516
16,18,0.951214,0.00907211,-0.00659134
16,19,0.952686,0.00992906,-0.00754432
16,20,0.954211,0.0107655,-0.00856127
16,21,0.955783,0.011571,-0.009641
16,22,0.957397,0.0123367,-0.0107789
16,23,0.959046,0.0130559,-0.0119719
16,24,0.960724,0.013724,-0.0132138
16,25,0.962424,0.014338,-0.0145
16,26,0.964139,0.0148965,-0.0158232
16,27,0.96586,0.0153994,-0.0171775
16,28,0.967581,0.015847,-0.0185549
16,29,0.969293,0.0162403,-0.0199487
16,30,0.970989,0.0165803,-0.0213505
16,31,0.97266,0.0168683,-0.0227533
16,32,0.9743,0.017105,-0.0241488
16,33,0.9759,0.0172911,-0.0255302
16,34,0.977454,0.0174271,-0.0268896
16,35,0.978956,0.017513,-0.0282205
16,36,0.9804,0.0175488,-0.0295162
16,37,0.98178,0.0175343,-0.0307708
16,38,0.983094,0.017469,-0.0319785
16,39,0.984336,0.0173525,-0.0331347
16,40,0.985506,0.0171846,-0.0342347
16,41,0.986601,0.0169651,-0.035275
16,42,0.987621,0.0166939,-0.0362523
16,43,0.988565,0.0163713,-0.0371639
16,44,0.989436,0.0159979,-0.0380078
16,45,0.990234,0.0155746,-0.0387823
16,46,0.990962,0.0151028,-0.0394865
16,47,0.991623,0.0145841,-0.0401198
16,48,0.99222,0.0140205,-0.0406817
16,49,0.992758,0.0134145,-0.0411727
16,50,0.99324,0.0127689,-0.041593
16,51,0.993672,0.0120865,-0.0419435
16,52,0.994057,0.0113707,-0.0422251
16,53,0.994399,0.0106249,-0.0424392
16,54,0.994705,0.00985262,-0.0425872
16,55,0.994978,0.00905757,-0.0426704
16,56,0.995223,0.00824335,-0.0426905
16,57,0.995444,0.00741352,-0.0426491
16,58,0.995647,0.00657156,-0.0425476
16,59,0.995835,0.0057208,-0.0423875
16,60,0.996013,0.00486436,-0.0421701
16,61,0.996187,0.00400517,-0.0418963
16,62,0.996362,0.00314592,-0.0415673
16,63,0.996542,0.00228904,-0.0411834
16,64,0.996733,0.00143675,-0.0407453
16,65,0.996942,0.000591042,-0.0402532
16,66,0.997173,-0.00024629,-0.0397073
16,67,0.997433,-0.00107361,-0.0391074
16,68,0.997727,-0.00188942,-0.0384537
16,69,0.998061,-0.00269229,-0.0377462
16,70,0.998441,-0.00348084,-0.0369849
16,71,0.99887,-0.0042537,-0.0361701
16,72,0.999354,-0.00500946,-0.0353025
16,73,0.999898,-0.00574663,-0.0343825
16,74,1.0005,-0.00646366,-0.0334115
16,75,1.00118,-0.00715887,-0.0323907
16,76,1.00192,-0.00783045,-0.0313219
16,77,1.00273,-0.0084765,-0.030207
16,78,1.00362,-0.00909497,-0.0290486
16,79,1.00458,-0.00968369,-0.0278493
16,80,1.00562,-0.0102404,-0.0266123
16,81,1.00673,-0.0107628,-0.0253408
16,82,1.00793,-0.0112484,-0.0240387
16,83,1.0092,-0.0116948,-0.0227099
16,84,1.01054,-0.0120994,-0.0213586
16,85,1.01197,-0.0124598,-0.0199894
16,86,1.01347,-0.0127734,-0.0186071
16,87,1.01505,-0.0130377,-0.0172166
16,88,1.0167,-0.0132502,-0.0158232
16,89,1.01842,-0.0134085,-0.0144323
16,90,1.02022,-0.0135104,-0.0130495
16,91,1.02208,-0.0135534,-0.0116802
16,92,1.02401,-0.0135355,-0.0103304
16,93,1.026,-0.0134545,-0.00900567
16,94,1.02805,-0.0133087,-0.00771195
16,95,1.03016,-0.0130961,-0.00645462
16,96,1.03231,-0.0128154,-0.00523962
16,97,1.03452,-0.0124653,-0.00407196
16,98,1.03677,-0.0120448,-0.00295731
16,99,1.03905,-0.0115536,-0.00190017
16,100,1.04136,-0.0109917,-0.000905724
16,101,1.0437,-0.0103599,2.22543e-05
16,102,1.04605,-0.00965982,0.000879224
16,103,1.04842,-0.00889426,0.0016624
16,104,1.05078,-0.00806727,0.00236812
16,105,1.05314,-0.00718452,0.00299487
16,106,1.05548,-0.00625353,0.00354011
16,107,1.05779,-0.00528388,0.00400397
16,108,1.06007,-0.00428725,0.00438532
16,109,1.06231,-0.00327723,0.0046862
16,110,1.06448,-0.00226877,0.00490705
16,111,1.06659,-0.00127702,0.00505185
16,112,1.06863,-0.000315742,0.00512225
16,113,1.07058,0.000604879,0.0051235
16,114,1.07243,0.00148033,0.00505724
16,115,1.07418,0.00231333,0.0049283
16,116,1.07581,0.00311396,0.00473628
16,117,1.07732,0.0038975,0.00448372
16,118,1.0787,0.00467959,0.00416696
16,119,1.07995,0.00546826,0.00378676
16,120,1.08106,0.00625218,0.00333948
16,121,1.08202,0.00698314,0.00283083
16,122,1.08283,0.00754994,0.00226838
16,123,1.08349,0.00774387,0.00167834
16,124,1.08398,0.0072308,0.00109481
16,125,1.08432,0.0055767,0.00057617
16,126,1.08448,0.00244735,0.000177105
16,127,1,-0.00343474,0
17,0,1,0,0
17,1,0.937862,-0.000453464,4.18684e-05
17,2,0.937904,-0.00166608,7.58972e-05
17,3,0.938042,-0.00208013,5.25951e-05
17,4,0.938279,-0.00178371,-6.96406e-07
17,5,0.938613,-0.0010389,-9.39174e-05
17,6,0.93904,-7.28456e-05,-0.000239151
17,7,0.93956,0.000968664,-0.000445451
17,8,0.940171,0.00200967,-0.000715102
17,9,0.940871,0.00302026,-0.00104963
17,10,0.941658,0.00399684,-0.00144658
17,11,0.942529,0.00494894,-0.00190564
17,12,0.943483,0.00589087,-0.00242468
17,13,0.944517,0.00683634,-0.0030048
17,14,0.945627,0.0077951,-0.00364547
17,15,0.946811,0.00877118,-0.00434901
17,16,0.948065,0.00976257,-0.00511543
17,17,0.949385,0.0107621,-0.0059468
17,18,0.950767,0.0117589,-0.00684226
17,19,0.952207,0.0127404,-0.00780241
17,20,0.953699,0.0136935,-0.00882476
17,21,0.955238,0.0146066,-0.00990803
17,22,0.956819,0.0154697,-0.0110479
17,23,0.958435,0.0162749,-0.0122414
17,24,0.960079,0.0170169,-0.0134825
17,25,0.961744,0.0176921,-0.0147665
17,26,0.963424,0.0182987,-0.0160864
17,27,0.96511,0.0188358,-0.0174363
17,28,0.966796,0.0193039,-0.0188082
17,29,0.968472,0.0197036,-0.0201954
17,30,0.970133,0.020036,-0.0215896
17,31,0.971769,0.0203021,-0.0229837
17,32,0.973373,0.020503,-0.0243694
17,33,0.974939,0.0206395,-0.0257397
17,34,0.976459,0.0207123,-0.0270868
17,35,0.977929,0.020722,-0.0284042
17,36,0.979341,0.0206688,-0.0296851
17,37,0.980692,0.0205532,-0.0309235
17,38,0.981978,0.0203754,-0.0321139
17,39,0.983196,0.0201357,-0.0332514
17,40,0.984344,0.0198348,-0.0343316
17,41,0.985421,0.0194733,-0.0353509
17,42,0.986427,0.0190523,-0.0363061
17,43,0.987362,0.018573,-0.0371947
17,44,0.988228,0.0180371,-0.0380146
17,45,0.989027,0.0174467,-0.0387646
17,46,0.989761,0.0168043,-0.0394435
17,47,0.990435,0.0161125,-0.040051
17,48,0.991051,0.0153746,-0.040587
17,49,0.991615,0.014594,-0.0410517
17,50,0.992129,0.0137744,-0.0414459
17,51,0.992599,0.0129197,-0.0417704
17,52,0.993029,0.0120341,-0.0420267
17,53,0.993424,0.0111218,-0.0422159
17,54,0.993787,0.0101868,-0.04234
17,55,0.994123,0.00923339,-0.0424004
17,56,0.994436,0.00826563,-0.0423991
17,57,0.994729,0.00728743,-0.0423379
17,58,0.995008,0.00630253,-0.0422186
17,59,0.995275,0.00531442,-0.0420429
17,60,0.995534,0.00432633,-0.0418122
17,61,0.995791,0.00334123,-0.0415279
17,62,0.996048,0.00236178,-0.041191
17,63,0.996311,0.00139037,-0.0408024
17,64,0.996584,0.00042913,-0.0403628
17,65,0.996872,-0.000520092,-0.0398724
17,66,0.997181,-0.00145564,-0.0393315
17,67,0.997514,-0.00237606,-0.03874
17,68,0.997878,-0.00328001,-0.0380979
17,69,0.998278,-0.00416626,-0.0374052
17,70,0.998719,-0.00503363,-0.0366618
17,71,0.999206,-0.00588093,-0.0358677
17,72,0.999742,-0.00670695,-0.0350234
17,73,1.00033,-0.0075104,-0.0341291
17,74,1.00098,-0.00828988,-0.0331859
17,75,1.00169,-0.00904388,-0.0321947
17,76,1.00247,-0.00977077,-0.031157
17,77,1.00331,-0.0104687,-0.0300746
17,78,1.00422,-0.0111359,-0.0289495
17,79,1.00521,-0.0117702,-0.0277842
17,80,1.00626,-0.0123694,-0.0265817
17,81,1.00739,-0.0129314,-0.0253449
17,82,1.00859,-0.0134536,-0.0240775
17,83,1.00987,-0.0139337,-0.0227831
17,84,1.01122,-0.0143692,-0.021466
17,85,1.01264,-0.0147576,-0.0201304
17,86,1.01414,-0.0150964,-0.018781
17,87,1.01571,-0.0153831,-0.0174227
17,88,1.01736,-0.0156152,-0.0160608
17,89,1.01907,-0.0157902,-0.0147002
17,90,1.02085,-0.0159058,-0.0133467
17,91,1.0227,-0.0159596,-0.0120056
17,92,1.02461,-0.0159495,-0.0106828
17,93,1.02658,-0.0158733,-0.00938363
17,94,1.02861,-0.015729,-0.00811408
17,95,1.0307,-0.0155148,-0.00687943
17,96,1.03284,-0.0152291,-0.00568542
17,97,1.03502,-0.0148705,-0.00453704
17,98,1.03724,-0.014438,-0.00343973
17,99,1.0395,-0.0139309,-0.00239795
17,100,1.04179,-0.0133491,-0.00141661
17,101,1.0441,-0.0126932,-0.000499441
17,102,1.04642,-0.0119647,0.000349321
17,103,1.04876,-0.011166,0.00112694
17,104,1.0511,-0.0103009,0.00183009
17,105,1.05342,-0.00937509,0.00245729
17,106,1.05574,-0.00839579,0.00300637
17,107,1.05802,-0.00737254,0.00347745
17,108,1.06027,-0.00631705,0.00386977
17,109,1.06248,-0.00524305,0.00418526
17,110,1.06462,-0.00416572,0.00442473
17,111,1.06671,-0.00310049,0.00459189
17,112,1.06871,-0.0020614,0.0046887
17,113,1.07063,-0.00105881,0.00471997
17,114,1.07246,-9.72311e-05,0.00468754
17,115,1.07418,0.000826381,0.00459559
17,116,1.07578,0.00172261,0.00444381
17,117,1.07727,0.00260725,0.00423379
17,118,1.07862,0.00349587,0.0039618
17,119,1.07984,0.00439515,0.0036273
17,120,1.08092,0.00529006,0.00322625
17,121,1.08186,0.00612537,0.0027628
17,122,1.08264,0.00677856,0.00224323
17,123,1.08327,0.0070253,0.00169002
17,124,1.08374,0.00651418,0.0011372
17,125,1.08405,0.00480366,0.000632383
17,126,1.08421,0.00159938,0.000190419
17,127,1,-0.00343474,0
18,0,1,0,0
18,1,0.937781,-0.00100611,7.77305e-05
18,2,0.937803,-0.00212813,0.000128204
18,3,0.937926,-0.00250793,0.000111328
18,4,0.938143,-0.00218863,4.71636e-05
18,5,0.938454,-0.00141816,-6.61909e-05
18,6,0.938856,-0.000423538,-0.000234614
18,7,0.939348,0.000645764,-0.00046529
18,8,0.939929,0.00171058,-0.00075954
18,9,0.940597,0.00273939,-0.00111769
18,10,0.94135,0.00372862,-0.0015369
18,11,0.942185,0.00468897,-0.00201625
18,12,0.943101,0.00563657,-0.00255349
18,13,0.944096,0.00658711,-0.00314932
18,14,0.945165,0.00755219,-0.0038033
18,15,0.946307,0.0085373,-0.00451745
18,16,0.947518,0.0095415,-0.00529198
18,17,0.948794,0.0105583,-0.00612875
18,18,0.950132,0.0115771,-0.00702715
18,19,0.951526,0.0125852,-0.00798766
18,20,0.952973,0.0135696,-0.0090081
18,21,0.954467,0.0145182,-0.0100871
18,22,0.956002,0.0154206,-0.0112208
18,23,0.957573,0.0162685,-0.012406
18,24,0.959173,0.0170559,-0.0136371
18,25,0.960795,0.0177789,-0.0149096
18,26,0.962433,0.0184349,-0.0162165
18,27,0.964078,0.0190229,-0.0175519
18,28,0.965724,0.0195428,-0.0189081
18,29,0.967363,0.0199948,-0.0202784
18,30,0.968986,0.0203797,-0.0216546
18,31,0.970588,0.0206982,-0.0230295
18,32,0.97216,0.0209513,-0.0243951
18,33,0.973695,0.0211395,-0.0257442
18,34,0.975188,0.0212634,-0.0270693
18,35,0.976632,0.0213234,-0.0283636
18,36,0.978022,0.0213198,-0.0296205
18,37,0.979355,0.0212527,-0.0308343
18,38,0.980626,0.0211224,-0.0319992
18,39,0.981833,0.0209291,-0.0331107
18,40,0.982974,0.0206732,-0.0341644
18,41,0.984048,0.0203553,-0.0351567
18,42,0.985056,0.0199762,-0.0360847
18,43,0.985999,0.0195369,-0.0369459
18,44,0.986877,0.0190388,-0.0377385
18,45,0.987694,0.0184838,-0.0384612
18,46,0.988452,0.0178739,-0.0391132
18,47,0.989156,0.0172115,-0.0396941
18,48,0.989808,0.0164994,-0.0402042
18,49,0.990413,0.0157408,-0.0406437
18,50,0.990975,0.0149388,-0.0410136
18,51,0.991499,0.0140971,-0.041315
18,52,0.991989,0.0132195,-0.0415492
18,53,0.992448,0.0123097,-0.041718
18,54,0.992882,0.0113719,-0.041823
18,55,0.993293,0.0104099,-0.0418663
18,56,0.993685,0.00942769,-0.0418498
18,57,0.994061,0.00842925,-0.0417756
18,58,0.994425,0.00741833,-0.0416455
18,59,0.99478,0.00639855,-0.0414615
18,60,0.99513,0.00537339,-0.0412253
18,61,0.995477,0.00434609,-0.0409382
18,62,0.995825,0.00331968,-0.0406016
18,63,0.996177,0.00229696,-0.0402164
18,64,0.996538,0.00128052,-0.0397833
18,65,0.996913,0.000272725,-0.0393025
18,66,0.997304,-0.000724262,-0.0387745
18,67,0.997717,-0.00170843,-0.0381991
18,68,0.998157,-0.00267793,-0.0375762
18,69,0.998629,-0.00363097,-0.0369056
18,70,0.999136,-0.00456587,-0.0361872
18,71,0.999684,-0.00548094,-0.0354207
18,72,1.00028,-0.00637449,-0.0346063
18,73,1.00092,-0.00724478,-0.0337442
18,74,1.00162,-0.00809002,-0.0328349
18,75,1.00237,-0.0089083,-0.0318792
18,76,1.00318,-0.00969761,-0.0308783
18,77,1.00405,-0.0104558,-0.0298336
18,78,1.00499,-0.0111808,-0.0287471
18,79,1.00599,-0.01187,-0.0276207
18,80,1.00707,-0.0125212,-0.0264573
18,81,1.00821,-0.0131317,-0.0252596
18,82,1.00942,-0.013699,-0.024031
18,83,1.0107,-0.0142204,-0.022775
18,84,1.01206,-0.0146932,-0.0214957
18,85,1.01348,-0.0151146,-0.0201972
18,86,1.01497,-0.0154821,-0.0188841
18,87,1.01654,-0.0157928,-0.0175611
18,88,1.01817,-0.0160441,-0.0162333
18,89,1.01987,-0.0162335,-0.0149057
18,90,1.02164,-0.0163582,-0.013584
18,91,1.02347,-0.0164159,-0.0122733
18,92,1.02537,-0.0164042,-0.0109795
18,93,1.02732,-0.0163208,-0.00970793
18,94,1.02933,-0.0161636,-0.00846433
18,95,1.03139,-0.0159307,-0.00725399
18,96,1.0335,-0.0156204,-0.00608249
18,97,1.03566,-0.0152314,-0.00495477
18,98,1.03786,-0.0147626,-0.00387608
18,99,1.04009,-0.0142134,-0.00285082
18,100,1.04235,-0.0135839,-0.00188368
18,101,1.04464,-0.0128751,-0.000978332
18,102,1.04694,-0.0120886,-0.000138728
18,103,1.04925,-0.0112277,0.000632447
18,104,1.05155,-0.0102968,0.00133218
18,105,1.05386,-0.00930235,0.00195903
18,106,1.05614,-0.00825277,0.00251118
18,107,1.0584,-0.0071588,0.00298873
18,108,1.06062,-0.00603348,0.00339127
18,109,1.0628,-0.00489198,0.00372066
18,110,1.06492,-0.0037508,0.00397799
18,111,1.06698,-0.00262659,0.00416678
18,112,1.06896,-0.00153417,0.0042892
18,113,1.07085,-0.000484209,0.00434967
18,114,1.07265,0.000519233,0.00435015
18,115,1.07434,0.00148038,0.00429422
18,116,1.07592,0.00241176,0.00418156
18,117,1.07738,0.00333149,0.0040129
18,118,1.07871,0.00425735,0.00378428
18,119,1.07991,0.00519718,0.00349397
18,120,1.08096,0.00613509,0.00313746
18,121,1.08186,0.00701187,0.00271706
18,122,1.08262,0.00769717,0.00223834
18,123,1.08322,0.00795483,0.00172154
18,124,1.08366,0.00742075,0.00119318
18,125,1.08394,0.00565363,0.000693047
18,126,1.08405,0.00241189,0.000241997
18,127,1,-0.00343474,0
19,0,1,0,0
19,1,0.937655,-0.000302222,9.61532e-05
19,2,0.937669,-0.00128774,0.000191911
19,3,0.937773,-0.001584,0.00017813
19,4,0.937971,-0.00118496,0.000103982
19,5,0.938262,-0.000322233,-2.53645e-05
19,6,0.938643,0.000778246,-0.000214098
19,7,0.939112,0.00196342,-0.000466274
19,8,0.939668,0.00315031,-0.000781921
19,9,0.940309,0.00430483,-0.00116042
19,10,0.941034,0.00542206,-0.00159849
19,11,0.941839,0.00651223,-0.00209451
19,12,0.942725,0.00759132,-0.0026461
19,13,0.943687,0.00867482,-0.00325348
19,14,0.944724,0.00977382,-0.00391622
19,15,0.945832,0.0108929,-0.00463603
19,16,0.947009,0.0120299,-0.00541322
19,17,0.94825,0.0131766,-0.00624944
19,18,0.949553,0.0143209,-0.00714428
19,19,0.950912,0.0154485,-0.00809814
19,20,0.952323,0.0165447,-0.00910909
19,21,0.953781,0.0175961,-0.0101758
19,22,0.95528,0.018591,-0.0112947
19,23,0.956814,0.0195201,-0.0124626
19,24,0.958377,0.0203768,-0.0136745
19,25,0.959961,0.0211562,-0.0149255
19,26,0.961561,0.0218554,-0.0162094
19,27,0.963168,0.022473,-0.0175202
19,28,0.964776,0.0230085,-0.0188506
19,29,0.966377,0.023462,-0.0201937
19,30,0.967963,0.0238342,-0.0215417
19,31,0.969527,0.024126,-0.0228876
19,32,0.971062,0.0243383,-0.0242233
19,33,0.972562,0.024472,-0.0255419
19,34,0.974021,0.0245279,-0.026836
19,35,0.975432,0.024507,-0.028099
19,36,0.976792,0.02441,-0.0293244
19,37,0.978097,0.0242378,-0.0305066
19,38,0.979343,0.0239913,-0.03164
19,39,0.980528,0.0236717,-0.0327201
19,40,0.981651,0.0232802,-0.0337428
19,41,0.982712,0.0228184,-0.0347046
19,42,0.983711,0.0222883,-0.0356027
19,43,0.98465,0.021692,-0.0364348
19,44,0.98553,0.0210321,-0.0371993
19,45,0.986355,0.0203115,-0.0378948
19,46,0.987128,0.0195335,-0.0385209
19,47,0.987853,0.0187016,-0.0390772
19,48,0.988533,0.0178196,-0.0395639
19,49,0.989174,0.0168918,-0.0399817
19,50,0.989779,0.0159224,-0.0403315
19,51,0.990352,0.0149157,-0.0406144
19,52,0.990898,0.0138764,-0.0408321
19,53,0.991421,0.0128088,-0.0409862
19,54,0.991924,0.0117176,-0.0410787
19,55,0.99241,0.0106071,-0.0411115
19,56,0.992883,0.00948165,-0.0410869
19,57,0.993345,0.00834532,-0.0410069
19,58,0.993798,0.00720205,-0.0408736
19,59,0.994246,0.00605553,-0.040689
19,60,0.99469,0.00490921,-0.0404548
19,61,0.995134,0.00376629,-0.0401727
19,62,0.995579,0.00262968,-0.0398439
19,63,0.996028,0.00150207,-0.0394693
19,64,0.996485,0.000385873,-0.0390499
19,65,0.996953,-0.000716708,-0.0385859
19,66,0.997436,-0.00180368,-0.0380775
19,67,0.997937,-0.00287321,-0.0375247
19,68,0.99846,-0.00392363,-0.0369272
19,69,0.999011,-0.00495333,-0.0362848
19,70,0.999593,-0.00596078,-0.035597
19,71,1.00021,-0.00694447,-0.0348636
19,72,1.00087,-0.00790285,-0.0340843
19,73,1.00157,-0.00883436,-0.0332592
19,74,1.00232,-0.00973731,-0.0323886
19,75,1.00311,-0.0106099,-0.0314729
19,76,1.00397,-0.0114504,-0.030513
19,77,1.00488,-0.0122566,-0.02951
19,78,1.00584,-0.0130265,-0.0284657
19,79,1.00687,-0.0137577,-0.0273819
19,80,1.00797,-0.0144481,-0.0262609
19,81,1.00912,-0.015095,-0.0251055
19,82,1.01035,-0.015696,-0.0239187
19,83,1.01164,-0.0162484,-0.022704
19,84,1.01299,-0.0167496,-0.0214651
19,85,1.01442,-0.0171969,-0.0202062
19,86,1.01591,-0.0175877,-0.0189316
19,87,1.01746,-0.0179192,-0.017646
19,88,1.01909,-0.018189,-0.0163543
19,89,1.02077,-0.0183942,-0.0150616
19,90,1.02253,-0.0185325,-0.0137733
19,91,1.02434,-0.0186013,-0.0124947
19,92,1.02621,-0.0185984,-0.0112313
19,93,1.02815,-0.0185213,-0.00998858
19,94,1.03013,-0.0183682,-0.00877208
19,95,1.03217,-0.0181369,-0.00758708
19,96,1.03426,-0.0178258,-0.00643899
19,97,1.03638,-0.0174334,-0.00533273
19,98,1.03855,-0.0169588,-0.00427335
19,99,1.04076,-0.0164011,-0.00326519
19,100,1.04299,-0.0157605,-0.00231274
19,101,1.04524,-0.0150377,-0.0014196
19,102,1.04751,-0.0142342,-0.000589473
19,103,1.04979,-0.0133531,0.000175018
19,104,1.05207,-0.0123988,0.000871137
19,105,1.05434,-0.0113773,0.0014975
19,106,1.05659,-0.010297,0.00205257
19,107,1.05882,-0.00916847,0.00253645
19,108,1.06101,-0.00800464,0.00294904
19,109,1.06316,-0.0068206,0.00329209
19,110,1.06525,-0.00563283,0.00356696
19,111,1.06728,-0.00445793,0.00377694
19,112,1.06923,-0.00331069,0.00392438
19,113,1.0711,-0.00220156,0.00401333
19,114,1.07287,-0.00113421,0.00404583
19,115,1.07453,-0.000103746,0.00402491
19,116,1.07609,0.000903246,0.00395017
19,117,1.07752,0.00190578,0.00382156
19,118,1.07882,0.00292204,0.00363483
19,119,1.07999,0.00395896,0.00338706
19,120,1.08101,0.00499753,0.00307316
19,121,1.08189,0.00597228,0.00269399
19,122,1.08262,0.00674299,0.00225362
19,123,1.0832,0.00706076,0.00176864
19,124,1.08361,0.00655055,0.00126495
19,125,1.08387,0.00477706,0.00077041
19,126,1.08397,0.00156116,0.000262908
19,127,1,-0.00343474,0
20,0,1,0,0
20,1,0.937456,-0.000751975,0.000134106
20,2,0.93745,-0.00158451,0.000251658
20,3,0.93754,-0.00180761,0.000250726
20,4,0.93772,-0.00136489,0.000172108
20,5,0.937988,-0.00046685,2.88343e-05
20,6,0.938343,0.000665734,-0.000176787
20,7,0.938784,0.00187886,-0.000446899
20,8,0.939309,0.00308763,-0.000780471
20,9,0.939917,0.00425696,-0.0011757
20,10,0.940606,0.00538225,-0.00162883
20,11,0.941374,0.00647506,-0.00213758
20,12,0.942219,0.00755334,-0.00269933
20,13,0.943139,0.00863468,-0.00331385
20,14,0.944132,0.00973209,-0.00398065
20,15,0.945195,0.0108518,-0.00470115
20,16,0.946324,0.0119926,-0.00547572
20,17,0.947518,0.0131474,-0.00630583
20,18,0.948772,0.0143043,-0.00719124
20,19,0.950082,0.0154493,-0.00813228
20,20,0.951443,0.0165676,-0.00912729
20,21,0.952851,0.0176455,-0.010175
20,22,0.9543,0.0186711,-0.011272
20,23,0.955786,0.0196347,-0.0124155
20,24,0.9573,0.020529,-0.0136006
20,25,0.958838,0.0213486,-0.0148227
20,26,0.960392,0.0220903,-0.0160759
20,27,0.961956,0.0227519,-0.0173542
20,28,0.963521,0.0233325,-0.0186507
20,29,0.965082,0.023832,-0.0199589
20,30,0.96663,0.0242505,-0.021271
20,31,0.968159,0.0245886,-0.0225801
20,32,0.969662,0.024847,-0.0238787
20,33,0.971133,0.0250264,-0.0251598
20,34,0.972565,0.0251277,-0.0264163
20,35,0.973955,0.0251514,-0.0276418
20,36,0.975296,0.0250983,-0.02883
20,37,0.976586,0.0249692,-0.0299754
20,38,0.977822,0.024765,-0.0310727
20,39,0.979001,0.0244866,-0.0321176
20,40,0.980124,0.0241353,-0.033106
20,41,0.98119,0.0237124,-0.0340349
20,42,0.982199,0.0232197,-0.0349013
20,43,0.983154,0.022659,-0.0357033
20,44,0.984057,0.0220326,-0.0364393
20,45,0.98491,0.021343,-0.0371083
20,46,0.985717,0.0205932,-0.0377096
20,47,0.986483,0.0197862,-0.0382432
20,48,0.987211,0.0189254,-0.0387093
20,49,0.987905,0.0180145,-0.0391087
20,50,0.98857,0.0170573,-0.0394423
20,51,0.98921,0.0160578,-0.0397115
20,52,0.989828,0.01502,-0.0399177
20,53,0.990429,0.0139482,-0.0400629
20,54,0.991014,0.0128467,-0.0401489
20,55,0.991589,0.0117195,-0.0401779
20,56,0.992153,0.010571,-0.040152
20,57,0.992711,0.00940524,-0.0400733
20,58,0.993264,0.00822626,-0.039944
20,59,0.993813,0.00703794,-0.039766
20,60,0.99436,0.00584402,-0.0395413
20,61,0.994907,0.00464807,-0.0392713
20,62,0.995456,0.00345348,-0.0389574
20,63,0.996008,0.00226343,-0.0386005
20,64,0.996567,0.00108092,-0.0382015
20,65,0.997134,-9.12568e-05,-0.0377607
20,66,0.997713,-0.00125047,-0.0372782
20,67,0.998306,-0.00239426,-0.0367538
20,68,0.998918,-0.00352031,-0.0361873
20,69,0.999551,-0.00462639,-0.0355782
20,70,1.00021,-0.0057104,-0.0349259
20,71,1.0009,-0.00677025,-0.03423
20,72,1.00162,-0.00780388,-0.0334901
20,73,1.00238,-0.00880922,-0.0327059
20,74,1.00319,-0.00978416,-0.0318775
20,75,1.00403,-0.0107266,-0.031005
20,76,1.00493,-0.0116342,-0.0300891
20,77,1.00587,-0.0125047,-0.0291308
20,78,1.00687,-0.0133357,-0.0281313
20,79,1.00792,-0.0141246,-0.0270923
20,80,1.00903,-0.014869,-0.026016
20,81,1.01021,-0.0155662,-0.0249049
20,82,1.01144,-0.0162134,-0.0237618
20,83,1.01273,-0.0168079,-0.0225899
20,84,1.01409,-0.0173469,-0.021393
20,85,1.01551,-0.0178276,-0.020175
20,86,1.01699,-0.0182473,-0.0189402
20,87,1.01854,-0.0186031,-0.0176931
20,88,1.02015,-0.0188922,-0.0164386
20,89,1.02182,-0.0191121,-0.0151817
20,90,1.02355,-0.01926,-0.0139276
20,91,1.02535,-0.0193333,-0.0126816
20,92,1.0272,-0.0193297,-0.0114492
20,93,1.0291,-0.0192468,-0.0102358
20,94,1.03106,-0.0190824,-0.00904681
20,95,1.03307,-0.0188344,-0.00788745
20,96,1.03513,-0.0185012,-0.00676302
20,97,1.03723,-0.0180812,-0.00567837
20,98,1.03937,-0.0175733,-0.0046384
20,99,1.04154,-0.0169772,-0.0036474
20,100,1.04374,-0.0162927,-0.00270965
20,101,1.04596,-0.015521,-0.00182869
20,102,1.0482,-0.0146641,-0.00100801
20,103,1.05045,-0.0137252,-0.000250149
20,104,1.0527,-0.0127096,0.000442391
20,105,1.05494,-0.0116242,0.00106828
20,106,1.05716,-0.0104782,0.00162625
20,107,1.05936,-0.00928335,0.00211642
20,108,1.06153,-0.00805399,0.0025389
20,109,1.06365,-0.00680649,0.00289542
20,110,1.06572,-0.00555866,0.0031875
20,111,1.06772,-0.00432827,0.00341827
20,112,1.06964,-0.00313086,0.00359016
20,113,1.07149,-0.00197716,0.0037069
20,114,1.07323,-0.000870376,0.00377053
20,115,1.07488,0.000195685,0.00378358
20,116,1.0764,0.00123649,0.00374553
20,117,1.07781,0.00227361,0.00365559
20,118,1.07909,0.00332768,0.00350917
20,119,1.08024,0.00440711,0.00330231
20,120,1.08124,0.00549232,0.00302927
20,121,1.0821,0.00651429,0.00268925
20,122,1.0828,0.00732587,0.00228545
20,123,1.08335,0.007669,0.00183228
20,124,1.08375,0.00716242,0.00134736
20,125,1.08397,0.00538523,0.000849131
20,126,1.08402,0.00223378,0.000320496
20,127,1,-0.00343474,0
21,0,1,0,0
21,1,0.937211,-7.78357e-05,0.000153273
21,2,0.9372,-0.000714251,0.000321123
21,3,0.937273,-0.000815706,0.000329691
21,4,0.937435,-0.000273211,0.000247459
21,5,0.937685,0.000725939,9.45234e-05
21,6,0.93802,0.00196699,-0.000124921
21,7,0.938438,0.0032951,-0.000409864
21,8,0.938938,0.0046229,-0.000757881
21,9,0.939519,0.00591341,-0.00116628
21,10,0.940179,0.00716109,-0.00163077
21,11,0.940916,0.00837736,-0.00214842
21,12,0.941729,0.00958026,-0.00271633
21,13,0.942616,0.0107874,-0.00333383
21,14,0.943574,0.0120115,-0.00400031
21,15,0.944602,0.0132579,-0.00471687
21,16,0.945695,0.0145244,-0.00548389
21,17,0.946852,0.015802,-0.00630264
21,18,0.948069,0.0170776,-0.00717303
21,19,0.949341,0.0183352,-0.00809532
21,20,0.950664,0.0195587,-0.0090681
21,21,0.952033,0.0207329,-0.0100901
21,22,0.953444,0.0218447,-0.0111585
21,23,0.954889,0.0228835,-0.0122703
21,24,0.956364,0.0238409,-0.0134212
21,25,0.957862,0.0247112,-0.0146068
21,26,0.959376,0.0254904,-0.0158215
21,27,0.9609,0.026176,-0.0170597
21,28,0.962425,0.0267669,-0.0183149
21,29,0.963947,0.0272627,-0.0195805
21,30,0.965456,0.0276636,-0.0208495
21,31,0.966948,0.0279702,-0.022115
21,32,0.968414,0.0281834,-0.0233699
21,33,0.96985,0.0283042,-0.0246074
21,34,0.971249,0.0283337,-0.0258207
21,35,0.972608,0.0282732,-0.0270038
21,36,0.973921,0.0281239,-0.0281504
21,37,0.975186,0.0278875,-0.0292555
21,38,0.976401,0.0275654,-0.0303139
21,39,0.977563,0.0271598,-0.0313215
21,40,0.978674,0.0266726,-0.0322745
21,41,0.979732,0.0261064,-0.0331699
21,42,0.98074,0.0254639,-0.0340051
21,43,0.9817,0.0247483,-0.0347782
21,44,0.982613,0.023963,-0.0354876
21,45,0.983484,0.0231117,-0.0361325
21,46,0.984317,0.0221983,-0.0367124
21,47,0.985115,0.0212271,-0.0372272
21,48,0.985883,0.0202027,-0.0376772
21,49,0.986625,0.0191295,-0.0380632
21,50,0.987345,0.0180123,-0.0383862
21,51,0.988047,0.0168558,-0.0386474
21,52,0.988735,0.0156649,-0.0388484
21,53,0.989413,0.0144442,-0.0389911
21,54,0.990082,0.0131984,-0.0390773
21,55,0.990746,0.0119321,-0.0391091
21,56,0.991405,0.0106497,-0.0390887
21,57,0.992063,0.00935542,-0.0390182
21,58,0.992719,0.00805332,-0.0388996
21,59,0.993375,0.00674727,-0.038735
21,60,0.994031,0.00544094,-0.0385261
21,61,0.994689,0.00413775,-0.0382745
21,62,0.995349,0.00284095,-0.0379815
21,63,0.996012,0.00155355,-0.0376481
21,64,0.996679,0.000278389,-0.0372749
21,65,0.997354,-0.000981918,-0.0368622
21,66,0.998036,-0.00222491,-0.0364102
21,67,0.998729,-0.00344827,-0.0359186
21,68,0.999436,-0.00464983,-0.0353869
21,69,1.00016,-0.00582751,-0.0348146
21,70,1.0009,-0.00697931,-0.0342011
21,71,1.00167,-0.00810325,-0.0335456
21,72,1.00246,-0.00919739,-0.0328476
21,73,1.00329,-0.0102598,-0.0321066
21,74,1.00415,-0.0112883,-0.0313224
21,75,1.00505,-0.0122811,-0.030495
21,76,1.00598,-0.0132358,-0.0296248
21,77,1.00697,-0.0141504,-0.0287125
21,78,1.008,-0.0150224,-0.0277591
21,79,1.00907,-0.0158494,-0.0267662
21,80,1.01021,-0.016629,-0.0257357
21,81,1.01139,-0.0173587,-0.0246698
21,82,1.01263,-0.0180357,-0.0235712
21,83,1.01393,-0.0186575,-0.0224431
21,84,1.01528,-0.0192212,-0.021289
21,85,1.0167,-0.0197243,-0.0201126
21,86,1.01817,-0.020164,-0.0189182
21,87,1.01971,-0.0205376,-0.0177101
21,88,1.0213,-0.0208424,-0.0164933
21,89,1.02295,-0.0210758,-0.0152726
21,90,1.02466,-0.0212353,-0.0140532
21,91,1.02643,-0.0213184,-0.0128402
21,92,1.02825,-0.0213226,-0.0116392
21,93,1.03013,-0.0212458,-0.0104553
21,94,1.03206,-0.0210857,-0.00929398
21,95,1.03404,-0.0208405,-0.0081604
21,96,1.03606,-0.0205084,-0.0070597
21,97,1.03813,-0.020088,-0.00599669
21,98,1.04023,-0.0195783,-0.00497609
21,99,1.04237,-0.0189787,-0.00400214
21,100,1.04454,-0.0182893,-0.00307896
21,101,1.04672,-0.0175111,-0.00220998
21,102,1.04893,-0.0166461,-0.00139852
21,103,1.05114,-0.0156975,-0.000647033
21,104,1.05336,-0.0146703,4.21898e-05
21,105,1.05556,-0.0135713,0.000667882
21,106,1.05776,-0.0124097,0.00122898
21,107,1.05993,-0.011197,0.00172562
21,108,1.06206,-0.00994724,0.00215811
21,109,1.06415,-0.00867666,0.0025281
21,110,1.06619,-0.00740283,0.00283725
21,111,1.06816,-0.00614321,0.0030885
21,112,1.07006,-0.004913,0.00328434
21,113,1.07188,-0.00372242,0.00342819
21,114,1.0736,-0.00257393,0.00352204
21,115,1.07522,-0.00146033,0.00356799
21,116,1.07673,-0.000364884,0.00356536
21,117,1.07812,0.000735289,0.00351271
21,118,1.07937,0.00186169,0.0034051
21,119,1.0805,0.00302239,0.00323752
21,120,1.08148,0.00419529,0.00300356
21,121,1.08232,0.00530595,0.00270112
21,122,1.083,0.00619891,0.00233178
21,123,1.08354,0.00660682,0.00190624
21,124,1.08391,0.00614526,0.00144062
21,125,1.08412,0.00441485,0.000940317
21,126,1.08417,0.00139066,0.000345231
21,127,1,-0.00343474,0
22,0,1,0,0
22,1,0.936894,-0.00043276,0.000191635
22,2,0.936865,-0.000860202,0.000385258
22,3,0.936927,-0.000850842,0.000412496
22,4,0.937072,-0.00024407,0.000332116
22,5,0.9373,0.000799738,0.000171587
22,6,0.93761,0.00207589,-5.82543e-05
22,7,0.938,0.00343146,-0.000354429
22,8,0.938469,0.00477854,-0.000713376
22,9,0.939016,0.00607972,-0.00113129
22,10,0.939638,0.00733006,-0.00160334
22,11,0.940336,0.00854244,-0.002126
22,12,0.941107,0.00973699,-0.00269606
22,13,0.94195,0.0109335,-0.00331242
22,14,0.942862,0.0121467,-0.00397432
22,15,0.943841,0.0133837,-0.00468259
22,16,0.944885,0.0146434,-0.00543758
22,17,0.945991,0.0159181,-0.00624043
22,18,0.947155,0.0171949,-0.00709113
22,19,0.948374,0.0184585,-0.00798991
22,20,0.949644,0.0196928,-0.00893562
22,21,0.95096,0.0208826,-0.00992709
22,22,0.952318,0.0220145,-0.0109617
22,23,0.953712,0.0230775,-0.0120369
22,24,0.955136,0.0240629,-0.0131485
22,25,0.956584,0.0249644,-0.0142925
22,26,0.95805,0.0257774,-0.0154637
22,27,0.959528,0.0264991,-0.0166568
22,28,0.961011,0.0271276,-0.0178655
22,29,0.962491,0.0276623,-0.0190839
22,30,0.963963,0.0281029,-0.020305
22,31,0.96542,0.0284498,-0.0215225
22,32,0.966856,0.0287035,-0.0227296
22,33,0.968265,0.0288649,-0.0239197
22,34,0.969642,0.0289348,-0.0250865
22,35,0.970982,0.0289145,-0.0262241
22,36,0.972282,0.0288051,-0.0273267
22,37,0.973538,0.028608,-0.0283893
22,38,0.97475,0.0283248,-0.0294073
22,39,0.975915,0.0279573,-0.0303766
22,40,0.977033,0.0275074,-0.0312938
22,41,0.978106,0.0269774,-0.0321558
22,42,0.979135,0.0263698,-0.0329604
22,43,0.980121,0.0256873,-0.0337056
22,44,0.981068,0.0249328,-0.0343903
22,45,0.98198,0.0241098,-0.0350134
22,46,0.98286,0.0232216,-0.0355746
22,47,0.983712,0.022272,-0.0360738
22,48,0.984541,0.0212649,-0.0365114
22,49,0.98535,0.0202043,-0.0368881
22,50,0.986144,0.0190945,-0.0372049
22,51,0.986927,0.0179396,-0.0374631
22,52,0.987702,0.0167441,-0.0376642
22,53,0.988471,0.0155123,-0.0378098
22,54,0.989238,0.0142487,-0.0379019
22,55,0.990003,0.0129577,-0.0379424
22,56,0.990769,0.0116436,-0.0379334
22,57,0.991536,0.0103108,-0.037877
22,58,0.992305,0.00896345,-0.0377751
22,59,0.993075,0.00760581,-0.0376296
22,60,0.993848,0.00624192,-0.0374422
22,61,0.994622,0.00487571,-0.0372145
22,62,0.995398,0.00351101,-0.0369475
22,63,0.996176,0.00215146,-0.0366423
22,64,0.996957,0.000800594,-0.0362994
22,65,0.997742,-0.000538251,-0.0359191
22,66,0.998531,-0.00186188,-0.0355013
22,67,0.999326,-0.00316725,-0.0350457
22,68,1.00013,-0.00445146,-0.0345518
22,69,1.00094,-0.00571177,-0.034019
22,70,1.00177,-0.0069455,-0.0334463
22,71,1.00262,-0.00815011,-0.0328331
22,72,1.00348,-0.0093231,-0.0321785
22,73,1.00437,-0.010462,-0.0314819
22,74,1.00529,-0.0115644,-0.030743
22,75,1.00623,-0.0126279,-0.0299615
22,76,1.00721,-0.0136501,-0.0291376
22,77,1.00823,-0.0146284,-0.0282717
22,78,1.00928,-0.0155603,-0.0273649
22,79,1.01038,-0.0164433,-0.0264183
22,80,1.01153,-0.0172747,-0.0254336
22,81,1.01272,-0.018052,-0.0244131
22,82,1.01397,-0.0187724,-0.0233591
22,83,1.01526,-0.0194332,-0.0222748
22,84,1.01661,-0.0200316,-0.0211633
22,85,1.01801,-0.020565,-0.0200286
22,86,1.01947,-0.0210306,-0.0188745
22,87,1.02099,-0.0214256,-0.0177055
22,88,1.02256,-0.0217474,-0.0165263
22,89,1.02419,-0.0219933,-0.0153417
22,90,1.02587,-0.0221608,-0.0141569
22,91,1.02761,-0.0222472,-0.0129768
22,92,1.0294,-0.0222503,-0.011807
22,93,1.03125,-0.0221676,-0.0106525
22,94,1.03314,-0.0219969,-0.00951877
22,95,1.03509,-0.0217364,-0.00841077
22,96,1.03707,-0.0213842,-0.00733361
22,97,1.0391,-0.0209389,-0.00629201
22,98,1.04117,-0.0203994,-0.00529056
22,99,1.04327,-0.0197654,-0.00433342
22,100,1.0454,-0.019037,-0.00342455
22,101,1.04755,-0.0182153,-0.00256731
22,102,1.04972,-0.0173026,-0.00176484
22,103,1.0519,-0.0163027,-0.00101952
22,104,1.05408,-0.0152209,-0.000333461
22,105,1.05625,-0.0140649,0.000292144
22,106,1.05841,-0.0128448,0.000856402
22,107,1.06055,-0.011573,0.00135947
22,108,1.06266,-0.0102649,0.00180182
22,109,1.06472,-0.00893794,0.00218503
22,110,1.06674,-0.00761089,0.00251084
22,111,1.06869,-0.00630232,0.00278204
22,112,1.07057,-0.00502817,0.00300112
22,113,1.07236,-0.00379887,0.00317121
22,114,1.07407,-0.0026164,0.00329423
22,115,1.07567,-0.00147222,0.00337186
22,116,1.07716,-0.000347416,0.00340326
22,117,1.07853,0.000783632,0.00338638
22,118,1.07978,0.00194514,0.00331593
22,119,1.08089,0.00314694,0.00318602
22,120,1.08186,0.00436666,0.00298955
22,121,1.08268,0.00552674,0.00272291
22,122,1.08336,0.00646587,0.00238663
22,123,1.08387,0.0069108,0.00198914
22,124,1.08423,0.00647886,0.00153742
22,125,1.08443,0.00480005,0.00102611
22,126,1.08445,0.00193573,0.000402128
22,127,1,-0.00343474,0
23,0,1,0,0
23,1,0.936536,0.000206501,0.000210242
23,2,0.936505,2.69637e-05,0.000457005
23,3,0.936553,0.000194243,0.000499505
23,4,0.936683,0.000920374,0.000421653
23,5,0.936895,0.00207354,0.000257647
23,6,0.937185,0.00345988,2.03343e-05
23,7,0.937553,0.0049285,-0.000284136
23,8,0.937998,0.00639052,-0.000650737
23,9,0.938518,0.00780732,-0.00107482
23,10,0.939112,0.00917343,-0.00155103
23,11,0.939779,0.0105019,-0.00207521
23,12,0.940518,0.0118131,-0.00264388
23,13,0.941326,0.0131273,-0.0032555
23,14,0.942203,0.0144588,-0.00390917
23,15,0.943146,0.015814,-0.00460539
23,16,0.944153,0.017191,-0.00534448
23,17,0.945221,0.0185803,-0.0061274
23,18,0.946346,0.0199677,-0.00695423
23,19,0.947526,0.0213361,-0.00782518
23,20,0.948756,0.0226678,-0.00873929
23,21,0.950032,0.0239465,-0.00969554
23,22,0.951349,0.0251574,-0.0106916
23,23,0.952701,0.0262885,-0.0117252
23,24,0.954084,0.0273305,-0.0127925
23,25,0.955491,0.0282762,-0.01389
23,26,0.956917,0.0291206,-0.0150126
23,27,0.958354,0.0298604,-0.0161556
23,28,0.959796,0.0304938,-0.0173132
23,29,0.961237,0.0310198,-0.0184797
23,30,0.962671,0.0314382,-0.0196488
23,31,0.964091,0.0317494,-0.0208144
23,32,0.965492,0.0319542,-0.02197
23,33,0.966867,0.0320537,-0.0231097
23,34,0.968214,0.0320494,-0.0242274
23,35,0.969527,0.0319429,-0.0253174
23,36,0.970803,0.031736,-0.0263745
23,37,0.97204,0.0314309,-0.027394
23,38,0.973236,0.0310299,-0.0283713
23,39,0.974392,0.0305358,-0.0293027
23,40,0.975506,0.0299515,-0.030185
23,41,0.97658,0.0292803,-0.0310153
23,42,0.977617,0.0285258,-0.0317914
23,43,0.978618,0.0276919,-0.0325117
23,44,0.979587,0.0267827,-0.0331747
23,45,0.980529,0.0258027,-0.0337798
23,46,0.981447,0.0247565,-0.0343265
23,47,0.982344,0.0236488,-0.0348147
23,48,0.983227,0.0224844,-0.0352448
23,49,0.984098,0.0212685,-0.0356174
23,50,0.984962,0.0200059,-0.0359335
23,51,0.985823,0.0187016,-0.0361941
23,52,0.986682,0.0173607,-0.0364007
23,53,0.987544,0.0159879,-0.036555
23,54,0.988409,0.014588,-0.0366586
23,55,0.989279,0.0131657,-0.0367133
23,56,0.990154,0.0117255,-0.0367212
23,57,0.991035,0.0102717,-0.0366841
23,58,0.991922,0.00880878,-0.0366039
23,59,0.992813,0.00734065,-0.0364823
23,60,0.993707,0.00587133,-0.036321
23,61,0.994605,0.0044046,-0.0361211
23,62,0.995504,0.00294413,-0.035884
23,63,0.996404,0.00149343,-0.0356103
23,64,0.997304,5.58425e-05,-0.0353006
23,65,0.998205,-0.00136542,-0.0349551
23,66,0.999106,-0.0027673,-0.0345736
23,67,1.00001,-0.00414688,-0.0341557
23,68,1.00091,-0.00550136,-0.033701
23,69,1.00182,-0.00682808,-0.0332085
23,70,1.00274,-0.00812445,-0.0326773
23,71,1.00366,-0.009388,-0.0321067
23,72,1.0046,-0.0106163,-0.0314956
23,73,1.00555,-0.011807,-0.0308434
23,74,1.00653,-0.0129577,-0.0301494
23,75,1.00752,-0.0140661,-0.0294134
23,76,1.00854,-0.0151299,-0.0286353
23,77,1.00959,-0.0161465,-0.0278154
23,78,1.01067,-0.0171138,-0.0269545
23,79,1.01179,-0.0180291,-0.0260536
23,80,1.01294,-0.01889,-0.0251143
23,81,1.01414,-0.019694,-0.0241385
23,82,1.01539,-0.0204385,-0.0231287
23,83,1.01667,-0.0211209,-0.0220876
23,84,1.01801,-0.0217387,-0.0210185
23,85,1.0194,-0.0222891,-0.019925
23,86,1.02084,-0.0227697,-0.018811
23,87,1.02233,-0.0231777,-0.0176809
23,88,1.02388,-0.0235107,-0.0165391
23,89,1.02548,-0.0237661,-0.0153905
23,90,1.02713,-0.0239415,-0.0142401
23,91,1.02883,-0.0240344,-0.0130929
23,92,1.03059,-0.0240426,-0.0119542
23,93,1.03239,-0.0239639,-0.0108291
23,94,1.03425,-0.0237962,-0.00972281
23,95,1.03615,-0.0235376,-0.00864036
23,96,1.0381,-0.0231865,-0.00758668
23,97,1.04009,-0.0227416,-0.00656641
23,98,1.04211,-0.022202,-0.00558404
23,99,1.04417,-0.0215672,-0.00464362
23,100,1.04626,-0.0208375,-0.00374896
23,101,1.04837,-0.0200142,-0.00290336
23,102,1.0505,-0.0190995,-0.00210978
23,103,1.05264,-0.0180971,-0.00137052
23,104,1.05478,-0.0170126,-0.000687538
23,105,1.05692,-0.0158534,-6.1965e-05
23,106,1.05904,-0.0146294,0.00050545
23,107,1.06115,-0.013353,0.00101489
23,108,1.06322,-0.0120393,0.00146691
23,109,1.06526,-0.0107055,0.00186305
23,110,1.06725,-0.00937001,0.00220507
23,111,1.06917,-0.00805088,0.00249562
23,112,1.07103,-0.00676349,0.00273713
23,113,1.0728,-0.00551754,0.00293246
23,114,1.07449,-0.00431402,0.00308344
23,115,1.07607,-0.00314309,0.0031914
23,116,1.07755,-0.00198428,0.00325532
23,117,1.07891,-0.000810268,0.00327266
23,118,1.08015,0.000404516,0.00323776
23,119,1.08125,0.00167011,0.00314391
23,120,1.08221,0.0029623,0.00298325
23,121,1.08303,0.00419901,0.00275106
23,122,1.08369,0.00521243,0.00244607
23,123,1.08421,0.00572418,0.00207282
23,124,1.08456,0.00535762,0.00163574
23,125,1.08475,0.00377874,0.00111614
23,126,1.08478,0.00112667,0.000423184
23,127,1,-0.00343474,0
24,0,1,0,0
24,1,0.936113,-6.49805e-05,0.000247251
24,2,0.936068,1.10596e-05,0.000522037
24,3,0.936106,0.000324183,0.000588102
24,4,0.936221,0.00113463,0.000517996
24,5,0.936413,0.00234147,0.000352437
24,6,0.93668,0.00376542,0.00011086
24,7,0.937021,0.00526045,-0.000198553
24,8,0.937435,0.00673856,-0.000569577
24,9,0.937921,0.00816136,-0.00099651
24,10,0.938478,0.0095242,-0.00147346
24,11,0.939105,0.0108417,-0.00199575
24,12,0.9398,0.0121365,-0.00255957
24,13,0.940563,0.0134309,-0.00316302
24,14,0.941392,0.0147416,-0.00380501
24,15,0.942285,0.0160765,-0.0044858
24,16,0.94324,0.0174353,-0.00520566
24,17,0.944254,0.0188095,-0.00596542
24,18,0.945325,0.0201858,-0.0067652
24,19,0.94645,0.0215476,-0.00760525
24,20,0.947624,0.0228777,-0.00848479
24,21,0.948844,0.0241596,-0.00940294
24,22,0.950106,0.0253787,-0.0103577
24,23,0.951405,0.0265226,-0.011347
24,24,0.952735,0.0275817,-0.0123675
24,25,0.954091,0.0285484,-0.0134158
24,26,0.955468,0.0294173,-0.0144875
24,27,0.956859,0.0301844,-0.0155782
24,28,0.958258,0.0308475,-0.0166826
24,29,0.95966,0.0314052,-0.0177953
24,30,0.961058,0.0318567,-0.0189106
24,31,0.962446,0.0322023,-0.0200227
24,32,0.963819,0.0324425,-0.0211256
24,33,0.965172,0.032578,-0.0222138
24,34,0.966501,0.0326102,-0.0232816
24,35,0.967802,0.0325404,-0.0243238
24,36,0.969071,0.0323704,-0.0253353
24,37,0.970307,0.0321022,-0.0263118
24,38,0.971509,0.0317379,-0.027249
24,39,0.972677,0.0312801,-0.0281434
24,40,0.97381,0.0307314,-0.028992
24,41,0.97491,0.0300948,-0.0297922
24,42,0.975979,0.0293735,-0.0305418
24,43,0.977021,0.0285709,-0.0312392
24,44,0.978037,0.0276907,-0.0318832
24,45,0.979034,0.0267367,-0.032473
24,46,0.980013,0.025713,-0.0330083
24,47,0.98098,0.0246235,-0.0334888
24,48,0.981939,0.0234727,-0.0339149
24,49,0.982893,0.0222649,-0.0342872
24,50,0.983847,0.0210045,-0.0346064
24,51,0.984803,0.019696,-0.0348736
24,52,0.985765,0.018344,-0.0350901
24,53,0.986733,0.016953,-0.0352572
24,54,0.98771,0.0155276,-0.0353766
24,55,0.988696,0.0140725,-0.0354499
24,56,0.989692,0.0125921,-0.0354789
24,57,0.990696,0.0110913,-0.0354652
24,58,0.991707,0.00957438,-0.0354106
24,59,0.992725,0.00804607,-0.0353166
24,60,0.993747,0.00651085,-0.0351845
24,61,0.994771,0.00497315,-0.0350157
24,62,0.995795,0.00343736,-0.0348111
24,63,0.996818,0.00190776,-0.0345714
24,64,0.997839,0.000388499,-0.0342968
24,65,0.998855,-0.0011164,-0.0339877
24,66,0.999867,-0.00260305,-0.0336437
24,67,1.00087,-0.00406776,-0.0332643
24,68,1.00188,-0.00550697,-0.032849
24,69,1.00288,-0.00691732,-0.032397
24,70,1.00388,-0.0082956,-0.0319071
24,71,1.00488,-0.00963875,-0.0313785
24,72,1.00588,-0.0109439,-0.0308102
24,73,1.0069,-0.0122081,-0.0302014
24,74,1.00792,-0.0134289,-0.0295513
24,75,1.00895,-0.0146035,-0.0288596
24,76,1.01001,-0.0157295,-0.028126
24,77,1.01108,-0.0168042,-0.0273508
24,78,1.01218,-0.0178252,-0.0265346
24,79,1.01331,-0.01879,-0.0256782
24,80,1.01447,-0.0196961,-0.0247831
24,81,1.01567,-0.0205411,-0.0238511
24,82,1.0169,-0.0213222,-0.0228844
24,83,1.01818,-0.0220371,-0.0218858
24,84,1.0195,-0.0226832,-0.0208582
24,85,1.02086,-0.023258,-0.0198053
24,86,1.02228,-0.0237588,-0.0187308
24,87,1.02374,-0.0241833,-0.017639
24,88,1.02525,-0.0245287,-0.0165342
24,89,1.02681,-0.0247927,-0.0154213
24,90,1.02843,-0.0249729,-0.014305
24,91,1.03009,-0.0250667,-0.0131904
24,92,1.03181,-0.025072,-0.0120827
24,93,1.03357,-0.0249865,-0.0109868
24,94,1.03538,-0.0248082,-0.00990787
24,95,1.03724,-0.024535,-0.00885086
24,96,1.03914,-0.0241655,-0.00782058
24,97,1.04108,-0.0236982,-0.0068216
24,98,1.04306,-0.0231322,-0.00585825
24,99,1.04508,-0.0224671,-0.00493452
24,100,1.04712,-0.0217034,-0.00405409
24,101,1.04919,-0.0208423,-0.00322014
24,102,1.05127,-0.0198864,-0.00243552
24,103,1.05337,-0.0188397,-0.00170245
24,104,1.05547,-0.0177083,-0.00102274
24,105,1.05757,-0.0165001,-0.000397462
24,106,1.05967,-0.0152259,0.000172744
24,107,1.06174,-0.0138991,0.000688079
24,108,1.06378,-0.0125356,0.00114918
24,109,1.06579,-0.0111539,0.00155752
24,110,1.06775,-0.00977352,0.00191488
24,111,1.06966,-0.00841349,0.00222374
24,112,1.07149,-0.00708989,0.00248648
24,113,1.07325,-0.0058126,0.00270571
24,114,1.07492,-0.00458211,0.00288313
24,115,1.0765,-0.00338724,0.00301976
24,116,1.07797,-0.00220529,0.00311442
24,117,1.07932,-0.00100606,0.00316413
24,118,1.08056,0.000238937,0.0031629
24,119,1.08166,0.00154179,0.00310331
24,120,1.08262,0.00287832,0.00297685
24,121,1.08344,0.00416382,0.00277738
24,122,1.08411,0.00522598,0.00250242
24,123,1.08463,0.0057845,0.00215392
24,124,1.08498,0.00547339,0.00172649
24,125,1.08518,0.00399988,0.00119066
24,126,1.0852,0.00157663,0.000469644
24,127,1,-0.00343474,0
25,0,1,0,0
25,1,0.93566,0.000533626,0.000263938
25,2,0.935616,0.000898635,0.00059233
25,3,0.935644,0.00140267,0.000678467
25,4,0.935747,0.0023512,0.000616537
25,5,0.935924,0.00367513,0.000453256
25,6,0.936173,0.00521024,0.000210066
25,7,0.936494,0.00681549,-0.0001017
25,8,0.936885,0.00840352,-0.000474282
25,9,0.937346,0.00993549,-0.000901189
25,10,0.937875,0.0114067,-0.00137599
25,11,0.938472,0.0128321,-0.00189351
25,12,0.939135,0.014235,-0.00244964
25,13,0.939865,0.0156381,-0.00304213
25,14,0.940658,0.017058,-0.00366971
25,15,0.941515,0.0185022,-0.0043324
25,16,0.942432,0.0199692,-0.00503037
25,17,0.943408,0.0214492,-0.0057643
25,18,0.94444,0.0229273,-0.0065344
25,19,0.945525,0.0243854,-0.00734087
25,20,0.946659,0.0258047,-0.00818315
25,21,0.947838,0.0271675,-0.00906049
25,22,0.949059,0.0284579,-0.00997123
25,23,0.950316,0.0296628,-0.0109135
25,24,0.951605,0.0307714,-0.0118844
25,25,0.95292,0.0317757,-0.012881
25,26,0.954256,0.0326697,-0.0138994
25,27,0.955607,0.0334493,-0.0149354
25,28,0.956967,0.0341119,-0.0159844
25,29,0.958331,0.034656,-0.0170413
25,30,0.959692,0.0350811,-0.0181011
25,31,0.961046,0.0353874,-0.0191583
25,32,0.962387,0.0355756,-0.0202075
25,33,0.963711,0.0356469,-0.0212436
25,34,0.965014,0.0356031,-0.0222612
25,35,0.966293,0.035446,-0.0232556
25,36,0.967546,0.0351781,-0.0242221
25,37,0.96877,0.0348021,-0.0251565
25,38,0.969965,0.0343209,-0.026055
25,39,0.971131,0.033738,-0.0269144
25,40,0.972269,0.0330571,-0.0277316
25,41,0.973382,0.0322821,-0.0285042
25,42,0.974471,0.0314174,-0.0292303
25,43,0.97554,0.0304673,-0.0299083
25,44,0.976593,0.0294368,-0.0305369
25,45,0.977633,0.0283306,-0.0311154
25,46,0.978665,0.0271539,-0.0316432
25,47,0.979693,0.0259119,-0.0321204
25,48,0.980721,0.0246096,-0.0325469
25,49,0.981753,0.0232524,-0.0329232
25,50,0.982792,0.0218454,-0.0332501
25,51,0.983842,0.0203939,-0.0335282
25,52,0.984904,0.0189028,-0.0337588
25,53,0.98598,0.0173772,-0.033943
25,54,0.987071,0.015822,-0.0340822
25,55,0.988176,0.0142421,-0.0341778
25,56,0.989294,0.0126421,-0.0342314
25,57,0.990425,0.0110269,-0.0342443
25,58,0.991566,0.00940081,-0.0342181
25,59,0.992715,0.0077685,-0.0341542
25,60,0.993868,0.00613434,-0.0340536
25,61,0.995024,0.00450267,-0.0339175
25,62,0.996177,0.00287772,-0.0337467
25,63,0.997327,0.00126363,-0.0335417
25,64,0.998471,-0.000335573,-0.0333028
25,65,0.999605,-0.00191599,-0.03303
25,66,1.00073,-0.00347387,-0.0327231
25,67,1.00184,-0.00500561,-0.0323815
25,68,1.00295,-0.00650777,-0.0320047
25,69,1.00404,-0.00797705,-0.0315917
25,70,1.00512,-0.00941035,-0.0311416
25,71,1.00619,-0.0108047,-0.0306533
25,72,1.00726,-0.0121573,-0.0301259
25,73,1.00833,-0.0134653,-0.0295585
25,74,1.0094,-0.0147264,-0.0289504
25,75,1.01047,-0.0159378,-0.028301
25,76,1.01155,-0.0170973,-0.0276101
25,77,1.01265,-0.0182024,-0.0268778
25,78,1.01376,-0.0192508,-0.0261045
25,79,1.01489,-0.0202401,-0.025291
25,80,1.01605,-0.0211679,-0.0244387
25,81,1.01724,-0.022032,-0.0235491
25,82,1.01846,-0.02283,-0.0226245
25,83,1.01972,-0.0235595,-0.0216672
25,84,1.02101,-0.0242181,-0.0206805
25,85,1.02235,-0.0248035,-0.0196674
25,86,1.02373,-0.0253132,-0.0186319
25,87,1.02516,-0.0257449,-0.017578
25,88,1.02663,-0.0260962,-0.01651
25,89,1.02815,-0.0263648,-0.0154324
25,90,1.02972,-0.0265484,-0.0143502
25,91,1.03134,-0.0266448,-0.0132682
25,92,1.03301,-0.0266517,-0.0121914
25,93,1.03472,-0.0265672,-0.0111248
25,94,1.03649,-0.0263893,-0.0100734
25,95,1.03829,-0.0261163,-0.00904202
25,96,1.04014,-0.0257466,-0.00803533
25,97,1.04204,-0.025279,-0.00705783
25,98,1.04397,-0.0247128,-0.00611375
25,99,1.04593,-0.0240477,-0.00520695
25,100,1.04792,-0.0232842,-0.004341
25,101,1.04994,-0.0224239,-0.003519
25,102,1.05198,-0.0214693,-0.00274366
25,103,1.05403,-0.0204246,-0.00201712
25,104,1.05609,-0.0192958,-0.00134108
25,105,1.05815,-0.018091,-0.000716556
25,106,1.0602,-0.0168208,-0.000144092
25,107,1.06224,-0.0154985,0.000376518
25,108,1.06425,-0.01414,0.000845952
25,109,1.06623,-0.0127632,0.00126563
25,110,1.06816,-0.0113874,0.00163729
25,111,1.07004,-0.0100309,0.00196327
25,112,1.07185,-0.0087093,0.00224586
25,113,1.07359,-0.00743148,0.00248743
25,114,1.07525,-0.00619681,0.00268956
25,115,1.07682,-0.00499268,0.00285301
25,116,1.07828,-0.00379458,0.00297645
25,117,1.07963,-0.00257033,0.00305655
25,118,1.08086,-0.00128967,0.00308704
25,119,1.08196,6.02505e-05,0.00305985
25,120,1.08293,0.0014541,0.00296574
25,121,1.08376,0.00280369,0.00279756
25,122,1.08444,0.0039323,0.00255084
25,123,1.08497,0.00455941,0.00222333
25,124,1.08534,0.00433433,0.00180626
25,125,1.08555,0.00300885,0.00125854
25,126,1.08561,0.000844568,0.000477171
25,127,1,-0.00343474,0
26,0,1,0,0
26,1,0.935154,0.000331617,0.000297843
26,2,0.9351,0.000986713,0.000654564
26,3,0.935121,0.00166757,0.000768017
26,4,0.935211,0.0027195,0.000719093
26,5,0.93537,0.00410591,0.000559802
26,6,0.935598,0.00568091,0.000317891
26,7,0.935893,0.00731118,6.76238e-06
26,8,0.936255,0.00891178,-0.000364569
26,9,0.936682,0.0104448,-0.000788605
26,10,0.937175,0.0119066,-0.0012584
26,11,0.937731,0.0133139,-0.00176833
26,12,0.938352,0.0146922,-0.00231402
26,13,0.939035,0.0160665,-0.00289291
26,14,0.939781,0.0174554,-0.00350355
26,15,0.940586,0.0188684,-0.00414578
26,16,0.941451,0.0203055,-0.00481969
26,17,0.942372,0.0217581,-0.00552587
26,18,0.943348,0.0232124,-0.00626455
26,19,0.944377,0.024651,-0.00703597
26,20,0.945454,0.0260556,-0.00783974
26,21,0.946577,0.0274087,-0.00867526
26,22,0.947742,0.0286948,-0.00954117
26,23,0.948944,0.0299004,-0.0104358
26,24,0.95018,0.0310147,-0.0113569
26,25,0.951444,0.0320292,-0.0123016
26,26,0.952732,0.0329377,-0.0132665
26,27,0.954038,0.0337355,-0.014248
26,28,0.955357,0.0344195,-0.0152417
26,29,0.956684,0.0349878,-0.0162434
26,30,0.958012,0.0354395,-0.0172482
26,31,0.959338,0.0357744,-0.0182513
26,32,0.960657,0.0359929,-0.0192478
26,33,0.961965,0.0360959,-0.0202328
26,34,0.963257,0.0360849,-0.0212015
26,35,0.964531,0.0359616,-0.0221495
26,36,0.965786,0.0357281,-0.0230725
26,37,0.967019,0.0353869,-0.0239666
26,38,0.96823,0.0349408,-0.0248283
26,39,0.96942,0.0343926,-0.0256545
26,40,0.97059,0.0337459,-0.0264424
26,41,0.971742,0.033004,-0.0271897
26,42,0.972878,0.0321708,-0.0278946
26,43,0.974002,0.0312502,-0.0285555
26,44,0.975117,0.0302464,-0.0291712
26,45,0.976228,0.0291636,-0.0297409
26,46,0.977338,0.0280061,-0.0302641
26,47,0.978451,0.0267785,-0.0307405
26,48,0.979572,0.0254854,-0.0311702
26,49,0.980704,0.0241313,-0.0315534
26,50,0.981849,0.0227209,-0.0318906
26,51,0.98301,0.0212589,-0.0321825
26,52,0.984189,0.0197501,-0.0324299
26,53,0.985387,0.0181994,-0.0326339
26,54,0.986603,0.0166116,-0.0327954
26,55,0.987837,0.0149916,-0.0329157
26,56,0.989087,0.0133445,-0.032996
26,57,0.990351,0.0116753,-0.0330375
26,58,0.991625,0.00998903,-0.0330414
26,59,0.992908,0.00829089,-0.0330088
26,60,0.994193,0.00658598,-0.0329407
26,61,0.995479,0.00487943,-0.032838
26,62,0.99676,0.00317632,-0.0327012
26,63,0.998033,0.00148165,-0.0325308
26,64,0.999295,-0.000199695,-0.0323271
26,65,1.00054,-0.00186296,-0.0320898
26,66,1.00177,-0.00350357,-0.0318188
26,67,1.00298,-0.00511716,-0.0315136
26,68,1.00418,-0.0066996,-0.0311735
26,69,1.00535,-0.00824696,-0.0307976
26,70,1.00651,-0.0097556,-0.030385
26,71,1.00764,-0.0112221,-0.0299348
26,72,1.00877,-0.0126432,-0.029446
26,73,1.00988,-0.0140161,-0.0289176
26,74,1.01098,-0.0153378,-0.028349
26,75,1.01209,-0.0166057,-0.0277396
26,76,1.01319,-0.0178175,-0.0270891
26,77,1.01429,-0.0189706,-0.0263975
26,78,1.01541,-0.0200627,-0.0256651
26,79,1.01654,-0.0210916,-0.0248928
26,80,1.01768,-0.022055,-0.0240816
26,81,1.01885,-0.0229508,-0.023233
26,82,1.02005,-0.0237766,-0.0223491
26,83,1.02128,-0.0245303,-0.0214322
26,84,1.02255,-0.0252095,-0.0204853
26,85,1.02385,-0.0258121,-0.0195114
26,86,1.02519,-0.0263357,-0.0185143
26,87,1.02657,-0.026778,-0.0174978
26,88,1.028,-0.0271368,-0.0164662
26,89,1.02948,-0.0274098,-0.0154239
26,90,1.031,-0.0275947,-0.0143757
26,91,1.03257,-0.0276893,-0.0133262
26,92,1.03418,-0.0276916,-0.0122805
26,93,1.03585,-0.0275993,-0.0112433
26,94,1.03756,-0.0274105,-0.0102195
26,95,1.03931,-0.0271235,-0.00921391
26,96,1.04111,-0.0267368,-0.00823106
26,97,1.04294,-0.0262491,-0.00727533
26,98,1.04482,-0.0256597,-0.00635081
26,99,1.04673,-0.0249683,-0.0054613
26,100,1.04867,-0.0241755,-0.00461024
26,101,1.05064,-0.0232829,-0.00380063
26,102,1.05262,-0.0222933,-0.00303508
26,103,1.05463,-0.0212111,-0.00231565
26,104,1.05664,-0.0200426,-0.00164395
26,105,1.05865,-0.0187966,-0.00102095
26,106,1.06066,-0.0174843,-0.000447121
26,107,1.06266,-0.0161197,7.77475e-05
26,108,1.06464,-0.0147197,0.000554352
26,109,1.06658,-0.0133031,0.000984048
26,110,1.06848,-0.0118903,0.00136854
26,111,1.07034,-0.0105004,0.00171001
26,112,1.07213,-0.00914967,0.00201063
26,113,1.07386,-0.00784713,0.00227259
26,114,1.07551,-0.0065917,0.00249733
26,115,1.07706,-0.00536947,0.00268537
26,116,1.07852,-0.00415371,0.00283525
26,117,1.07987,-0.00290932,0.0029434
26,118,1.08111,-0.00160294,0.00300326
26,119,1.08222,-0.000219418,0.00300626
26,120,1.0832,0.00121631,0.00294254
26,121,1.08405,0.00261401,0.00280362
26,122,1.08475,0.0037942,0.00258355
26,123,1.0853,0.00447886,0.00227716
26,124,1.08569,0.00433619,0.00186579
26,125,1.08592,0.00316235,0.00129992
26,126,1.086,0.00124807,0.000503058
26,127,1,-0.00343474,0
27,0,1,0,0
27,1,0.934634,0.000883082,0.000311255
27,2,0.934585,0.00185488,0.000719598
27,3,0.934599,0.00275484,0.000856752
27,4,0.93468,0.00396228,0.000820979
27,5,0.934828,0.00547301,0.000669148
27,6,0.935041,0.00715966,0.000430835
27,7,0.935318,0.0088967,0.000122526
27,8,0.935658,0.0106015,-0.00024518
27,9,0.936062,0.0122366,-0.000664015
27,10,0.936528,0.0137987,-0.00112653
27,11,0.937056,0.0153053,-0.00162668
27,12,0.937646,0.0167827,-0.00215982
27,13,0.938297,0.0182564,-0.00272315
27,14,0.939008,0.0197453,-0.00331506
27,15,0.939778,0.0212583,-0.00393517
27,16,0.940606,0.0227943,-0.00458351
27,17,0.941489,0.0243437,-0.00526053
27,18,0.942427,0.0258909,-0.00596651
27,19,0.943416,0.0274171,-0.0067017
27,20,0.944454,0.0289026,-0.00746586
27,21,0.945537,0.0303287,-0.00825855
27,22,0.946662,0.0316783,-0.00907871
27,23,0.947824,0.0329374,-0.00992498
27,24,0.94902,0.0340943,-0.0107954
27,25,0.950245,0.0351399,-0.0116875
27,26,0.951494,0.0360674,-0.0125985
27,27,0.952762,0.0368719,-0.0135252
27,28,0.954044,0.0375503,-0.0144637
27,29,0.955336,0.0381006,-0.0154101
27,30,0.956632,0.0385218,-0.0163603
27,31,0.957928,0.0388139,-0.0173098
27,32,0.95922,0.0389777,-0.0182542
27,33,0.960504,0.0390145,-0.0191891
27,34,0.961778,0.038926,-0.0201102
27,35,0.963038,0.0387146,-0.0210133
27,36,0.964284,0.038383,-0.0218947
27,37,0.965514,0.0379344,-0.0227506
27,38,0.966728,0.0373723,-0.0235778
27,39,0.967929,0.0367007,-0.0243734
27,40,0.969116,0.0359237,-0.0251348
27,41,0.970293,0.035046,-0.0258598
27,42,0.971463,0.0340723,-0.0265467
27,43,0.972629,0.0330075,-0.0271938
27,44,0.973795,0.031857,-0.0278
27,45,0.974965,0.030626,-0.0283644
27,46,0.976143,0.0293198,-0.0288864
27,47,0.977334,0.0279441,-0.0293655
27,48,0.97854,0.0265042,-0.0298018
27,49,0.979765,0.0250056,-0.0301952
27,50,0.981012,0.0234537,-0.0305459
27,51,0.982282,0.021854,-0.0308545
27,52,0.983576,0.0202117,-0.0311215
27,53,0.984895,0.0185321,-0.0313475
27,54,0.986237,0.0168205,-0.0315335
27,55,0.987601,0.0150821,-0.0316802
27,56,0.988984,0.013322,-0.0317886
27,57,0.990382,0.0115454,-0.0318596
27,58,0.991792,0.00975738,-0.0318942
27,59,0.993209,0.00796305,-0.0318931
27,60,0.994628,0.00616747,-0.0318572
27,61,0.996044,0.00437563,-0.0317871
27,62,0.997452,0.0025925,-0.0316832
27,63,0.998847,0.000822905,-0.031546
27,64,1.00022,-0.000928416,-0.0313755
27,65,1.00158,-0.00265688,-0.0311716
27,66,1.00291,-0.0043581,-0.0309341
27,67,1.00422,-0.00602785,-0.0306626
27,68,1.0055,-0.00766218,-0.0303563
27,69,1.00675,-0.00925732,-0.0300146
27,70,1.00797,-0.0108098,-0.0296365
27,71,1.00916,-0.0123163,-0.0292213
27,72,1.01033,-0.0137739,-0.028768
27,73,1.01148,-0.0151797,-0.0282757
27,74,1.01262,-0.016531,-0.0277438
27,75,1.01374,-0.0178255,-0.0271717
27,76,1.01485,-0.0190608,-0.0265591
27,77,1.01596,-0.0202347,-0.0259059
27,78,1.01707,-0.021345,-0.0252125
27,79,1.01818,-0.0223896,-0.0244794
27,80,1.01931,-0.0233665,-0.0237077
27,81,1.02046,-0.0242736,-0.0228987
27,82,1.02163,-0.0251089,-0.0220544
27,83,1.02283,-0.0258702,-0.021177
27,84,1.02405,-0.0265555,-0.0202692
27,85,1.02531,-0.0271626,-0.019334
27,86,1.02661,-0.0276895,-0.0183749
27,87,1.02795,-0.028134,-0.0173956
27,88,1.02933,-0.028494,-0.0164003
27,89,1.03075,-0.0287672,-0.0153933
27,90,1.03222,-0.0289517,-0.0143792
27,91,1.03373,-0.0290453,-0.0133625
27,92,1.03529,-0.0290461,-0.0123481
27,93,1.0369,-0.0289521,-0.0113407
27,94,1.03855,-0.0287614,-0.010345
27,95,1.04025,-0.0284725,-0.00936563
27,96,1.04198,-0.028084,-0.00840711
27,97,1.04376,-0.0275949,-0.00747366
27,98,1.04558,-0.0270044,-0.00656929
27,99,1.04743,-0.0263125,-0.00569766
27,100,1.04931,-0.0255201,-0.00486211
27,101,1.05122,-0.0246287,-0.00406557
27,102,1.05316,-0.0236415,-0.00331053
27,103,1.0551,-0.0225629,-0.002599
27,104,1.05707,-0.0213994,-0.0019325
27,105,1.05903,-0.0201598,-0.00131196
27,106,1.06099,-0.0188554,-0.000737798
27,107,1.06294,-0.0175001,-0.000209821
27,108,1.06488,-0.0161105,0.00027267
27,109,1.06678,-0.0147054,0.000710961
27,110,1.06865,-0.0133046,0.00110669
27,111,1.07048,-0.0119267,0.00146188
27,112,1.07225,-0.0105872,0.0017786
27,113,1.07395,-0.00929424,0.00205884
27,114,1.07558,-0.00804559,0.0023039
27,115,1.07713,-0.00682581,0.00251414
27,116,1.07858,-0.0056063,0.00268801
27,117,1.07993,-0.00434975,0.00282171
27,118,1.08117,-0.00302068,0.00290852
27,119,1.08229,-0.00160267,0.00293939
27,120,1.08329,-0.000121083,0.00290381
27,121,1.08415,0.00133155,0.00279228
27,122,1.08487,0.00257372,0.00259667
27,123,1.08544,0.00333226,0.00230737
27,124,1.08587,0.00329803,0.00190228
27,125,1.08614,0.00230859,0.00132473
27,126,1.08627,0.00064334,0.00048848
27,127,1,-0.00343474,0
28,0,1,0,0
28,1,0.93408,0.000734656,0.000340377
28,2,0.934025,0.00201656,0.000775296
28,3,0.934035,0.00311882,0.000942211
28,4,0.934106,0.00444726,0.000923916
28,5,0.934239,0.00602913,0.000781006
28,6,0.934432,0.007758,0.000548828
28,7,0.934685,0.00951863,0.000245921
28,8,0.934998,0.0112324,-0.000115811
28,9,0.93537,0.0128635,-0.000527121
28,10,0.9358,0.0144102,-0.000980068
28,11,0.93629,0.0158918,-0.00146825
28,12,0.936837,0.0173367,-0.00198681
28,13,0.937443,0.0187728,-0.00253269
28,14,0.938106,0.0202212,-0.00310419
28,15,0.938825,0.0216925,-0.00370075
28,16,0.939601,0.0231873,-0.00432236
28,17,0.94043,0.0246974,-0.0049694
28,18,0.941312,0.0262083,-0.00564217
28,19,0.942245,0.0277021,-0.00634096
28,20,0.943226,0.02916,-0.00706568
28,21,0.944253,0.0305635,-0.00781604
28,22,0.945322,0.0318961,-0.00859123
28,23,0.946431,0.0331437,-0.00939019
28,24,0.947575,0.0342945,-0.0102113
28,25,0.948751,0.0353393,-0.0110525
28,26,0.949954,0.036271,-0.0119114
28,27,0.95118,0.0370843,-0.0127851
28,28,0.952425,0.0377755,-0.0136704
28,29,0.953684,0.0383422,-0.0145639
28,30,0.954953,0.0387832,-0.0154617
28,31,0.956227,0.039098,-0.01636
28,32,0.957503,0.0392869,-0.0172549
28,33,0.958779,0.0393509,-0.0181422
28,34,0.96005,0.0392915,-0.0190182
28,35,0.961315,0.0391106,-0.0198791
28,36,0.962574,0.0388107,-0.0207213
28,37,0.963825,0.0383946,-0.0215415
28,38,0.965068,0.0378653,-0.0223367
28,39,0.966306,0.0372265,-0.0231041
28,40,0.967539,0.0364817,-0.0238414
28,41,0.96877,0.035635,-0.0245465
28,42,0.970002,0.0346905,-0.0252175
28,43,0.971239,0.0336526,-0.025853
28,44,0.972484,0.0325258,-0.0264518
28,45,0.973741,0.0313146,-0.0270129
28,46,0.975014,0.0300238,-0.0275356
28,47,0.976307,0.0286582,-0.0280193
28,48,0.977622,0.0272226,-0.0284638
28,49,0.978962,0.025722,-0.0288689
28,50,0.980329,0.0241613,-0.0292345
28,51,0.981724,0.0225456,-0.029561
28,52,0.983148,0.0208801,-0.0298485
28,53,0.984599,0.0191701,-0.0300975
28,54,0.986076,0.0174209,-0.0303084
28,55,0.987576,0.015638,-0.0304819
28,56,0.989095,0.0138271,-0.0306183
28,57,0.990629,0.0119938,-0.0307185
28,58,0.992174,0.0101439,-0.0307831
28,59,0.993722,0.00828336,-0.0308125
28,60,0.99527,0.00641796,-0.0308074
28,61,0.996809,0.0045536,-0.0307682
28,62,0.998336,0.00269611,-0.0306953
28,63,0.999843,0.000851185,-0.0305889
28,64,1.00133,-0.000975617,-0.0304491
28,65,1.00278,-0.00277894,-0.0302758
28,66,1.0042,-0.00455368,-0.0300688
28,67,1.00559,-0.00629501,-0.0298278
28,68,1.00694,-0.00799841,-0.0295521
28,69,1.00825,-0.00965968,-0.0292413
28,70,1.00952,-0.011275,-0.0288945
28,71,1.01076,-0.0128408,-0.0285111
28,72,1.01197,-0.0143538,-0.0280901
28,73,1.01314,-0.0158112,-0.027631
28,74,1.01429,-0.0172102,-0.0271329
28,75,1.01542,-0.0185484,-0.0265955
28,76,1.01653,-0.0198235,-0.0260184
28,77,1.01763,-0.0210335,-0.0254014
28,78,1.01873,-0.0221763,-0.0247449
28,79,1.01983,-0.0232498,-0.0240494
28,80,1.02093,-0.0242523,-0.0233157
28,81,1.02205,-0.0251818,-0.0225451
28,82,1.02318,-0.0260365,-0.0217394
28,83,1.02434,-0.0268143,-0.0209006
28,84,1.02552,-0.0275133,-0.0200312
28,85,1.02674,-0.0281316,-0.0191342
28,86,1.02798,-0.0286671,-0.0182128
28,87,1.02927,-0.0291177,-0.0172706
28,88,1.0306,-0.0294814,-0.0163117
28,89,1.03196,-0.029756,-0.0153401
28,90,1.03338,-0.0299395,-0.0143602
28,91,1.03483,-0.0300298,-0.0133766
28,92,1.03633,-0.0300249,-0.0123938
28,93,1.03788,-0.0299229,-0.0114165
28,94,1.03947,-0.0297218,-0.0104494
28,95,1.0411,-0.0294201,-0.00949677
28,96,1.04278,-0.0290163,-0.0085631
28,97,1.04449,-0.0285094,-0.0076525
28,98,1.04625,-0.0278987,-0.00676886
28,99,1.04803,-0.0271842,-0.00591574
28,100,1.04986,-0.0263666,-0.00509641
28,101,1.0517,-0.0254477,-0.00431368
28,102,1.05358,-0.0244307,-0.00356999
28,103,1.05547,-0.0233204,-0.00286727
28,104,1.05737,-0.0221235,-0.00220698
28,105,1.05928,-0.0208491,-0.00159003
28,106,1.06119,-0.0195092,-0.00101682
28,107,1.0631,-0.0181182,-0.000487147
28,108,1.06499,-0.0166937,-3.4287e-07
28,109,1.06685,-0.0152551,0.000444804
28,110,1.06868,-0.013823,0.000849851
28,111,1.07048,-0.012417,0.0012167
28,112,1.07222,-0.0110529,0.00154726
28,113,1.0739,-0.0097392,0.00184337
28,114,1.07551,-0.00847314,0.0021062
28,115,1.07704,-0.00723807,0.00233596
28,116,1.07849,-0.00600327,0.00253102
28,117,1.07984,-0.00472849,0.00268746
28,118,1.08108,-0.00337505,0.00279841
28,119,1.08221,-0.00192396,0.00285448
28,120,1.08322,-0.000399765,0.00284456
28,121,1.08411,0.00110384,0.00275787
28,122,1.08486,0.00240452,0.00258453
28,123,1.08546,0.00323597,0.00231177
28,124,1.08592,0.00331293,0.00190864
28,125,1.08623,0.00250654,0.00131547
28,126,1.0864,0.00105182,0.000487492
28,127,1,-0.00343474,0
29,0,1,0,0
29,1,0.933532,0.00123174,0.000349198
29,2,0.933486,0.00284247,0.000831315
29,3,0.933493,0.00418572,0.00102421
29,4,0.933559,0.00568514,0.00102323
29,5,0.933683,0.00739812,0.000892289
29,6,0.933864,0.00923888,0.000668207
29,7,0.934102,0.0111025,0.000372463
29,8,0.934396,0.0129143,1.85789e-05
29,9,0.934746,0.01464,-0.000383431
29,10,0.935153,0.0162786,-0.000825143
29,11,0.935615,0.0178506,-0.00129982
29,12,0.936134,0.0193855,-0.00180239
29,13,0.936709,0.0209119,-0.00232965
29,14,0.93734,0.0224508,-0.00287975
29,15,0.938026,0.0240128,-0.00345201
29,16,0.938766,0.0255975,-0.00404633
29,17,0.93956,0.0271954,-0.00466304
29,18,0.940406,0.0287905,-0.00530242
29,19,0.941302,0.0303636,-0.00596481
29,20,0.942245,0.0318942,-0.00665023
29,21,0.943235,0.0333627,-0.00735857
29,22,0.944266,0.0347515,-0.00808926
29,23,0.945338,0.0360454,-0.0088415
29,24,0.946445,0.037232,-0.009614
29,25,0.947584,0.0383014,-0.0104052
29,26,0.948752,0.0392462,-0.0112129
29,27,0.949944,0.0400607,-0.0120349
29,28,0.951157,0.0407412,-0.0128684
29,29,0.952386,0.0412854,-0.0137104
29,30,0.953627,0.0416919,-0.0145575
29,31,0.954878,0.0419605,-0.0154064
29,32,0.956135,0.0420919,-0.0162536
29,33,0.957395,0.0420873,-0.0170956
29,34,0.958656,0.0419487,-0.0179287
29,35,0.959917,0.0416786,-0.0187497
29,36,0.961176,0.0412801,-0.0195553
29,37,0.962436,0.0407565,-0.0203425
29,38,0.963695,0.0401118,-0.0211084
29,39,0.964955,0.0393503,-0.0218505
29,40,0.966219,0.0384766,-0.0225666
29,41,0.96749,0.0374958,-0.0232546
29,42,0.968771,0.0364128,-0.0239128
29,43,0.970065,0.0352332,-0.0245396
29,44,0.971377,0.0339624,-0.0251338
29,45,0.972709,0.0326061,-0.0256944
29,46,0.974066,0.0311701,-0.0262203
29,47,0.975451,0.0296601,-0.026711
29,48,0.976867,0.028082,-0.027166
29,49,0.978315,0.0264414,-0.0275847
29,50,0.979796,0.0247444,-0.0279669
29,51,0.981312,0.0229966,-0.0283126
29,52,0.982861,0.0212038,-0.0286216
29,53,0.984441,0.0193718,-0.028894
29,54,0.986049,0.0175065,-0.0291299
29,55,0.987682,0.0156135,-0.0293296
29,56,0.989335,0.0136988,-0.0294933
29,57,0.991002,0.0117682,-0.0296214
29,58,0.992677,0.00982741,-0.0297141
29,59,0.994353,0.00788232,-0.0297719
29,60,0.996024,0.00593867,-0.029795
29,61,0.997681,0.00400215,-0.0297839
29,62,0.999319,0.00207835,-0.0297387
29,63,1.00093,0.000172718,-0.0296596
29,64,1.00251,-0.00170947,-0.0295469
29,65,1.00405,-0.00356318,-0.0294004
29,66,1.00555,-0.0053836,-0.0292201
29,67,1.00701,-0.00716621,-0.0290057
29,68,1.00842,-0.00890682,-0.0287569
29,69,1.00978,-0.0106015,-0.0284732
29,70,1.0111,-0.0122467,-0.0281541
29,71,1.01237,-0.0138392,-0.0277989
29,72,1.0136,-0.0153759,-0.0274071
29,73,1.01479,-0.0168541,-0.026978
29,74,1.01595,-0.0182715,-0.0265111
29,75,1.01708,-0.0196257,-0.0260058
29,76,1.01818,-0.0209147,-0.0254618
29,77,1.01927,-0.0221364,-0.0248791
29,78,1.02034,-0.0232891,-0.0242578
29,79,1.02141,-0.0243709,-0.0235983
29,80,1.02249,-0.0253801,-0.0229014
29,81,1.02357,-0.0263148,-0.0221683
29,82,1.02466,-0.0271734,-0.0214003
29,83,1.02577,-0.0279539,-0.0205996
29,84,1.02691,-0.0286545,-0.0197684
29,85,1.02807,-0.0292734,-0.0189093
29,86,1.02927,-0.0298086,-0.0180256
29,87,1.0305,-0.0302582,-0.0171207
29,88,1.03177,-0.0306202,-0.0161983
29,89,1.03308,-0.0308925,-0.0152623
29,90,1.03443,-0.0310733,-0.0143171
29,91,1.03583,-0.0311606,-0.013367
29,92,1.03727,-0.0311524,-0.0124164
29,93,1.03875,-0.031047,-0.0114699
29,94,1.04027,-0.0308426,-0.0105318
29,95,1.04184,-0.0305377,-0.0096066
29,96,1.04345,-0.030131,-0.00869846
29,97,1.0451,-0.0296215,-0.0078114
29,98,1.04679,-0.0290088,-0.00694923
29,99,1.04851,-0.028293,-0.00611541
29,100,1.05027,-0.027475,-0.00531311
29,101,1.05205,-0.0265568,-0.00454507
29,102,1.05386,-0.0255417,-0.00381366
29,103,1.05569,-0.0244346,-0.00312077
29,104,1.05753,-0.0232425,-0.00246779
29,105,1.05938,-0.0219747,-0.00185564
29,106,1.06123,-0.0206429,-0.00128467
29,107,1.06308,-0.019262,-0.000754743
29,108,1.06492,-0.017849,-0.000265202
29,109,1.06673,-0.0164233,0.000185074
29,110,1.06852,-0.0150051,0.000597548
29,111,1.07027,-0.0136135,0.000973976
29,112,1.07197,-0.0122636,0.00131614
29,113,1.07362,-0.010963,0.0016257
29,114,1.07521,-0.00970776,0.00190373
29,115,1.07672,-0.00847987,0.00215031
29,116,1.07815,-0.00724668,0.00236378
29,117,1.07949,-0.00596563,0.00254015
29,118,1.08074,-0.00459565,0.00267246
29,119,1.08187,-0.00311595,0.002751
29,120,1.08289,-0.00155068,0.00276408
29,121,1.08379,5.49837e-06,0.00269984
29,122,1.08456,0.00137083,0.00254604
29,123,1.0852,0.00228821,0.00228546
29,124,1.0857,0.00249758,0.00188499
29,125,1.08605,0.00189286,0.00128494
29,126,1.08628,0.000615431,0.000447733
29,127,1,-0.00343474,0
30,0,1,0,0
30,1,0.932974,0.00111962,0.00037195
30,2,0.932926,0.00304393,0.000876781
30,3,0.932932,0.00460799,0.00110047
30,4,0.932991,0.00624392,0.00112053
30,5,0.933103,0.00803647,0.00100275
30,6,0.933268,0.009922,0.000788928
30,7,0.933484,0.011808,0.000502513
30,8,0.933753,0.0136254,0.000158363
30,9,0.934074,0.0153423,-0.000232538
30,10,0.934447,0.0169598,-0.000661293
30,11,0.934872,0.0185002,-0.00112087
30,12,0.93535,0.0199953,-0.00160605
30,13,0.935882,0.021476,-0.00211347
30,14,0.936466,0.0229656,-0.00264121
30,15,0.937103,0.0244762,-0.00318851
30,16,0.937792,0.0260093,-0.00375522
30,17,0.938533,0.0275567,-0.00434162
30,18,0.939325,0.0291038,-0.00494804
30,19,0.940166,0.0306323,-0.00557484
30,20,0.941055,0.0321228,-0.00622219
30,21,0.94199,0.0335563,-0.00689009
30,22,0.942968,0.0349156,-0.00757822
30,23,0.943988,0.0361859,-0.00828602
30,24,0.945047,0.0373548,-0.00901252
30,25,0.946141,0.0384124,-0.00975646
30,26,0.947267,0.0393508,-0.0105162
30,27,0.948422,0.0401644,-0.0112897
30,28,0.949602,0.0408488,-0.0120746
30,29,0.950805,0.0414014,-0.0128685
30,30,0.952026,0.0418204,-0.0136684
30,31,0.953262,0.0421052,-0.0144715
30,32,0.954512,0.042256,-0.0152745
30,33,0.955773,0.0422737,-0.0160744
30,34,0.957042,0.0421598,-0.016868
30,35,0.95832,0.0419164,-0.0176524
30,36,0.959605,0.0415461,-0.0184244
30,37,0.960898,0.0410518,-0.0191814
30,38,0.9622,0.040437,-0.0199208
30,39,0.963513,0.0397054,-0.0206402
30,40,0.964838,0.0388611,-0.0213374
30,41,0.966178,0.0379083,-0.0220105
30,42,0.967537,0.0368516,-0.0226577
30,43,0.968919,0.0356955,-0.0232775
30,44,0.970325,0.034445,-0.0238686
30,45,0.97176,0.0331049,-0.0244298
30,46,0.973227,0.0316804,-0.02496
30,47,0.974728,0.0301766,-0.0254583
30,48,0.976265,0.0285989,-0.0259241
30,49,0.977839,0.0269526,-0.0263565
30,50,0.979451,0.0252433,-0.0267551
30,51,0.981099,0.0234765,-0.0271194
30,52,0.982783,0.0216583,-0.027449
30,53,0.984498,0.0197944,-0.0277436
30,54,0.986242,0.0178911,-0.0280029
30,55,0.988008,0.0159545,-0.028227
30,56,0.989792,0.0139912,-0.0284156
30,57,0.991586,0.0120076,-0.0285689
30,58,0.993384,0.0100102,-0.0286869
30,59,0.995177,0.00800568,-0.0287698
30,60,0.996958,0.00600062,-0.0288177
30,61,0.99872,0.00400152,-0.028831
30,62,1.00045,0.00201472,-0.0288097
30,63,1.00215,4.63978e-05,-0.0287541
30,64,1.00381,-0.00189753,-0.0286644
30,65,1.00543,-0.00381144,-0.0285408
30,66,1.00699,-0.00569005,-0.0283832
30,67,1.0085,-0.00752844,-0.0281916
30,68,1.00996,-0.0093221,-0.0279658
30,69,1.01135,-0.0110669,-0.0277057
30,70,1.0127,-0.0127591,-0.0274109
30,71,1.01399,-0.0143953,-0.0270809
30,72,1.01523,-0.0159726,-0.0267153
30,73,1.01642,-0.0174882,-0.0263135
30,74,1.01758,-0.0189398,-0.0258752
30,75,1.01869,-0.0203251,-0.0253999
30,76,1.01978,-0.0216423,-0.0248872
30,77,1.02085,-0.0228895,-0.0243371
30,78,1.0219,-0.024065,-0.0237496
30,79,1.02293,-0.0251671,-0.0231249
30,80,1.02397,-0.0261942,-0.0224639
30,81,1.02501,-0.0271446,-0.0217673
30,82,1.02606,-0.0280166,-0.0210367
30,83,1.02713,-0.0288086,-0.0202736
30,84,1.02821,-0.0295189,-0.0194803
30,85,1.02932,-0.0301454,-0.0186592
30,86,1.03047,-0.0306865,-0.0178132
30,87,1.03164,-0.0311402,-0.0169456
30,88,1.03285,-0.0315044,-0.01606
30,89,1.0341,-0.0317773,-0.0151601
30,90,1.03539,-0.0319568,-0.0142499
30,91,1.03673,-0.0320409,-0.0133337
30,92,1.0381,-0.0320276,-0.0124158
30,93,1.03952,-0.0319151,-0.0115005
30,94,1.04098,-0.0317017,-0.0105921
30,95,1.04248,-0.0313857,-0.00969484
30,96,1.04402,-0.0309658,-0.00881282
30,97,1.0456,-0.0304411,-0.00794996
30,98,1.04722,-0.029811,-0.00710993
30,99,1.04887,-0.0290757,-0.00629614
30,100,1.05056,-0.0282361,-0.00551164
30,101,1.05227,-0.0272943,-0.00475914
30,102,1.05401,-0.0262536,-0.00404093
30,103,1.05577,-0.0251193,-0.00335887
30,104,1.05755,-0.0238984,-0.00271433
30,105,1.05933,-0.0226005,-0.0021082
30,106,1.06112,-0.021238,-0.00154087
30,107,1.06291,-0.019826,-0.0010122
30,108,1.06469,-0.0183823,-0.000521601
30,109,1.06645,-0.0169268,-6.80436e-05
30,110,1.06818,-0.0154806,0.000349839
30,111,1.06989,-0.0140631,0.00073366
30,112,1.07155,-0.0126902,0.00108507
30,113,1.07316,-0.0113693,0.00140557
30,114,1.07472,-0.0100964,0.00169611
30,115,1.0762,-0.00885218,0.0019567
30,116,1.07761,-0.00760198,0.00218565
30,117,1.07894,-0.0063004,0.00237895
30,118,1.08017,-0.00490302,0.00252961
30,119,1.08131,-0.00338616,0.00262767
30,120,1.08234,-0.00177255,0.00266092
30,121,1.08325,-0.000156894,0.00261615
30,122,1.08404,0.00128042,0.00247915
30,123,1.08471,0.00229226,0.00222965
30,124,1.08524,0.00264141,0.00182819
30,125,1.08564,0.00222908,0.0012198
30,126,1.08591,0.00106562,0.000420698
30,127,1,-0.00343474,0
31,0,1,0,0
31,1,0.932446,0.00155429,0.0003749
31,2,0.932412,0.00380195,0.000920127
31,3,0.93242,0.00562107,0.00117062
31,4,0.932477,0.00744083,0.00121122
31,5,0.932583,0.00937069,0.0011092
31,6,0.932739,0.0113683,0.000907231
31,7,0.932943,0.0133534,0.000631491
31,8,0.933196,0.0152624,0.000298462
31,9,0.933498,0.0170662,-8.00848e-05
31,10,0.93385,0.0187671,-0.000494782
31,11,0.934251,0.0203891,-0.000938328
31,12,0.934704,0.0219651,-0.00140536
31,13,0.935207,0.0235269,-0.00189243
31,14,0.935762,0.025098,-0.00239753
31,15,0.936368,0.0266904,-0.00291984
31,16,0.937026,0.0283046,-0.00345915
31,17,0.937734,0.0299311,-0.00401569
31,18,0.938492,0.0315541,-0.00458981
31,19,0.9393,0.0331538,-0.0051819
31,20,0.940155,0.0347093,-0.00579222
31,21,0.941056,0.0362004,-0.00642093
31,22,0.942001,0.0376088,-0.00706792
31,23,0.942988,0.0389186,-0.00773285
31,24,0.944014,0.0401168,-0.00841508
31,25,0.945076,0.0411929,-0.00911366
31,26,0.946172,0.0421386,-0.0098273
31,27,0.947299,0.0429481,-0.0105544
31,28,0.948454,0.0436169,-0.0112932
31,29,0.949633,0.0441423,-0.0120413
31,30,0.950835,0.0445227,-0.0127966
31,31,0.952056,0.0447578,-0.0135563
31,32,0.953295,0.0448479,-0.0143178
31,33,0.95455,0.0447944,-0.0150785
31,34,0.95582,0.0445991,-0.0158354
31,35,0.957104,0.0442648,-0.0165858
31,36,0.958403,0.0437946,-0.0173272
31,37,0.959717,0.0431921,-0.0180569
31,38,0.961047,0.0424616,-0.0187726
31,39,0.962397,0.0416076,-0.019472
31,40,0.963767,0.040635,-0.020153
31,41,0.965162,0.0395491,-0.0208138
31,42,0.966584,0.0383554,-0.0214525
31,43,0.968037,0.0370596,-0.0220676
31,44,0.969524,0.0356677,-0.0226576
31,45,0.971048,0.0341857,-0.0232212
31,46,0.972612,0.0326197,-0.0237572
31,47,0.974217,0.0309761,-0.0242644
31,48,0.975864,0.0292612,-0.0247417
31,49,0.977554,0.0274812,-0.0251882
31,50,0.979286,0.0256428,-0.025603
31,51,0.981058,0.0237522,-0.0259853
31,52,0.982868,0.0218161,-0.0263344
31,53,0.98471,0.0198409,-0.0266495
31,54,0.986579,0.0178333,-0.0269302
31,55,0.98847,0.0157997,-0.027176
31,56,0.990375,0.0137468,-0.0273865
31,57,0.992287,0.0116811,-0.0275615
31,58,0.994196,0.00960911,-0.0277009
31,59,0.996096,0.00753722,-0.0278047
31,60,0.997976,0.00547173,-0.0278731
31,61,0.999829,0.00341877,-0.0279061
31,62,1.00165,0.00138427,-0.0279042
31,63,1.00342,-0.000626075,-0.0278674
31,64,1.00515,-0.00260686,-0.0277963
31,65,1.00682,-0.00455297,-0.0276911
31,66,1.00843,-0.00645962,-0.0275519
31,67,1.00998,-0.00832239,-0.0273791
31,68,1.01147,-0.0101372,-0.0271727
31,69,1.01289,-0.0119004,-0.0269326
31,70,1.01425,-0.0136085,-0.0266588
31,71,1.01555,-0.0152586,-0.026351
31,72,1.01679,-0.0168479,-0.026009
31,73,1.01798,-0.018374,-0.0256323
31,74,1.01912,-0.0198347,-0.0252206
31,75,1.02022,-0.0212279,-0.0247734
31,76,1.02129,-0.0225518,-0.0242905
31,77,1.02233,-0.0238047,-0.0237717
31,78,1.02334,-0.024985,-0.0232169
31,79,1.02435,-0.026091,-0.0226263
31,80,1.02534,-0.0271211,-0.0220005
31,81,1.02634,-0.0280737,-0.0213402
31,82,1.02734,-0.0289472,-0.0206465
31,83,1.02836,-0.02974,-0.019921
31,84,1.0294,-0.0304502,-0.0191656
31,85,1.03046,-0.0310762,-0.0183825
31,86,1.03154,-0.031616,-0.0175745
31,87,1.03266,-0.0320678,-0.0167446
31,88,1.03381,-0.0324298,-0.015896
31,89,1.035,-0.0326999,-0.0150326
31,90,1.03623,-0.0328762,-0.014158
31,91,1.0375,-0.0329569,-0.0132762
31,92,1.03881,-0.03294,-0.0123915
31,93,1.04016,-0.0328239,-0.011508
31,94,1.04155,-0.0326067,-0.0106299
31,95,1.04298,-0.0322872,-0.00976121
31,96,1.04445,-0.0318639,-0.00890597
31,97,1.04596,-0.0313361,-0.00806797
31,98,1.04751,-0.0307034,-0.00725081
31,99,1.04909,-0.029966,-0.00645778
31,100,1.0507,-0.0291251,-0.00569188
31,101,1.05235,-0.0281829,-0.00495577
31,102,1.05401,-0.0271428,-0.00425168
31,103,1.0557,-0.0260102,-0.00358144
31,104,1.0574,-0.0247924,-0.00294641
31,105,1.05912,-0.0234992,-0.00234749
31,106,1.06084,-0.0221428,-0.00178507
31,107,1.06256,-0.0207385,-0.00125907
31,108,1.06427,-0.019304,-0.000768974
31,109,1.06597,-0.0178591,-0.000313829
31,110,1.06764,-0.0164242,0.000107608
31,111,1.06929,-0.0150187,0.000496808
31,112,1.0709,-0.0136575,0.000855274
31,113,1.07246,-0.0123475,0.00118436
31,114,1.07397,-0.0110835,0.00148491
31,115,1.07542,-0.00984487,0.00175687
31,116,1.0768,-0.00859511,0.00199854
31,117,1.0781,-0.00728647,0.00220597
31,118,1.07932,-0.00587188,0.00237215
31,119,1.08044,-0.00432532,0.00248693
31,120,1.08147,-0.00266814,0.00253751
31,121,1.08238,-0.000994398,0.00250954
31,122,1.08319,0.000518555,0.00238629
31,123,1.08387,0.00163522,0.00214356
31,124,1.08443,0.00213882,0.00174236
31,125,1.08487,0.0019205,0.0011362
31,126,1.0852,0.000813718,0.000360162
31,127,1,-0.00343474,0
32,0,1,0,0
32,1,0.931939,0.00146023,0.000389796
32,2,0.931906,0.00400655,0.00095175
32,3,0.931917,0.00605663,0.00123259
32,4,0.931971,0.00802559,0.00129683
32,5,0.932068,0.010043,0.00121144
32,6,0.93221,0.0120883,0.00102312
32,7,0.932396,0.014095,0.000759808
32,8,0.932626,0.0160066,0.000439343
32,9,0.932902,0.0177972,7.44739e-05
32,10,0.933223,0.0194717,-0.000324965
32,11,0.93359,0.0210561,-0.000751435
32,12,0.934004,0.0225858,-0.00119947
32,13,0.934467,0.0240948,-0.00166555
32,14,0.934978,0.0256086,-0.00214766
32,15,0.935538,0.0271411,-0.00264493
32,16,0.936147,0.0286942,-0.00315713
32,17,0.936805,0.0302602,-0.00368451
32,18,0.937512,0.0318244,-0.00422741
32,19,0.938267,0.0333683,-0.00478629
32,20,0.939071,0.0348721,-0.00536152
32,21,0.939921,0.0363164,-0.00595337
32,22,0.940816,0.0376835,-0.0065619
32,23,0.941756,0.038958,-0.00718703
32,24,0.942738,0.0401271,-0.00782833
32,25,0.94376,0.0411804,-0.00848518
32,26,0.944821,0.0421094,-0.00915659
32,27,0.945917,0.0429081,-0.00984135
32,28,0.947046,0.0435717,-0.0105379
32,29,0.948207,0.0440972,-0.0112445
32,30,0.949397,0.0444825,-0.0119592
32,31,0.950614,0.0447268,-0.0126797
32,32,0.951856,0.0448301,-0.0134038
32,33,0.953123,0.0447932,-0.014129
32,34,0.954413,0.0446176,-0.0148529
32,35,0.955727,0.0443054,-0.015573
32,36,0.957064,0.0438593,-0.016287
32,37,0.958426,0.0432824,-0.0169924
32,38,0.959814,0.0425782,-0.0176871
32,39,0.961229,0.0417507,-0.0183689
32,40,0.962676,0.0408043,-0.0190358
32,41,0.964155,0.0397434,-0.0196859
32,42,0.96567,0.0385729,-0.0203175
32,43,0.967223,0.0372979,-0.0209288
32,44,0.968818,0.0359236,-0.0215183
32,45,0.970456,0.0344554,-0.0220844
32,46,0.972138,0.032899,-0.0226258
32,47,0.973867,0.0312601,-0.023141
32,48,0.975641,0.0295448,-0.0236287
32,49,0.97746,0.0277591,-0.0240877
32,50,0.979323,0.0259093,-0.0245166
32,51,0.981224,0.0240021,-0.0249144
32,52,0.983162,0.022044,-0.02528
32,53,0.985129,0.0200419,-0.0256123
32,54,0.98712,0.0180028,-0.0259105
32,55,0.989127,0.0159338,-0.0261739
32,56,0.991143,0.0138421,-0.0264019
32,57,0.993159,0.0117348,-0.0265941
32,58,0.995165,0.00961918,-0.0267502
32,59,0.997153,0.00750227,-0.0268701
32,60,0.999113,0.00539101,-0.026954
32,61,1.00104,0.00329214,-0.0270021
32,62,1.00292,0.00121212,-0.0270147
32,63,1.00475,-0.000842888,-0.0269923
32,64,1.00652,-0.00286708,-0.0269353
32,65,1.00823,-0.00485502,-0.0268444
32,66,1.00987,-0.00680171,-0.0267199
32,67,1.01145,-0.00870255,-0.0265623
32,68,1.01295,-0.0105534,-0.0263719
32,69,1.01438,-0.0123504,-0.026149
32,70,1.01574,-0.0140902,-0.0258936
32,71,1.01704,-0.0157699,-0.0256057
32,72,1.01827,-0.0173868,-0.0252852
32,73,1.01945,-0.0189384,-0.0249318
32,74,1.02057,-0.0204227,-0.0245451
32,75,1.02165,-0.0218377,-0.0241249
32,76,1.02269,-0.0231818,-0.0236707
32,77,1.02369,-0.0244531,-0.0231822
32,78,1.02468,-0.0256502,-0.0226595
32,79,1.02564,-0.0267716,-0.0221025
32,80,1.0266,-0.0278157,-0.0215115
32,81,1.02755,-0.0287809,-0.0208871
32,82,1.02851,-0.0296657,-0.0202303
32,83,1.02948,-0.0304685,-0.0195423
32,84,1.03046,-0.0311874,-0.0188249
32,85,1.03147,-0.0318207,-0.01808
32,86,1.0325,-0.0323665,-0.0173102
32,87,1.03356,-0.032823,-0.0165182
32,88,1.03466,-0.0331881,-0.0157071
32,89,1.03579,-0.03346,-0.0148805
32,90,1.03695,-0.0336365,-0.0140418
32,91,1.03816,-0.0337157,-0.0131949
32,92,1.0394,-0.0336956,-0.0123439
32,93,1.04068,-0.0335744,-0.0114927
32,94,1.04201,-0.0333504,-0.0106453
32,95,1.04337,-0.033022,-0.00980565
32,96,1.04477,-0.0325879,-0.0089777
32,97,1.04621,-0.0320474,-0.00816511
32,98,1.04768,-0.0313999,-0.00737137
32,99,1.04919,-0.0306457,-0.00659973
32,100,1.05072,-0.0297861,-0.0058531
32,101,1.05229,-0.0288231,-0.00513409
32,102,1.05388,-0.0277606,-0.00444492
32,103,1.05549,-0.0266038,-0.00378738
32,104,1.05711,-0.0253604,-0.00316285
32,105,1.05875,-0.0240402,-0.00257223
32,106,1.06039,-0.022656,-0.00201594
32,107,1.06204,-0.0212233,-0.00149397
32,108,1.06368,-0.0197602,-0.00100587
32,109,1.06531,-0.0182871,-0.000550784
32,110,1.06692,-0.016825,-0.000127596
32,111,1.0685,-0.0153937,0.00026502
32,112,1.07005,-0.0140083,0.000628421
32,113,1.07156,-0.0126759,0.000963816
32,114,1.07302,-0.011391,0.00127195
32,115,1.07442,-0.0101319,0.00155269
32,116,1.07576,-0.00886022,0.00180439
32,117,1.07703,-0.00752538,0.00202314
32,118,1.07822,-0.00607685,0.00220197
32,119,1.07932,-0.00448526,0.00233061
32,120,1.08033,-0.00276965,0.00239569
32,121,1.08125,-0.00102269,0.00238144
32,122,1.08206,0.000581645,0.00226904
32,123,1.08275,0.00181849,0.00203191
32,124,1.08334,0.0024851,0.00162845
32,125,1.08381,0.00244202,0.00102498
32,126,1.08416,0.00131611,0.000314961
32,127,1,-0.00343474,0
33,0,1,0,0
33,1,0.931491,0.0018236,0.000385631
33,2,0.931475,0.00466848,0.000978893
33,3,0.931492,0.0069785,0.00128585
33,4,0.931547,0.00914072,0.00137287
33,5,0.931643,0.0113009,0.00130625
33,6,0.93178,0.0134585,0.0011328
33,7,0.931956,0.0155605,0.000882869
33,8,0.932174,0.0175575,0.000575898
33,9,0.932434,0.0194272,0.000225459
33,10,0.932737,0.0211767,-0.000158143
33,11,0.933084,0.0228338,-0.000567139
33,12,0.933476,0.0244355,-0.000995988
33,13,0.933914,0.0260168,-0.00144114
33,14,0.934399,0.0276035,-0.00190055
33,15,0.934932,0.0292092,-0.00237334
33,16,0.935513,0.030835,-0.00285925
33,17,0.936143,0.0324721,-0.00335851
33,18,0.936821,0.0341045,-0.00387147
33,19,0.937547,0.035712,-0.00439864
33,20,0.938322,0.0372736,-0.00494044
33,21,0.939143,0.0387686,-0.00549728
33,22,0.94001,0.0401782,-0.00606941
33,23,0.940922,0.041486,-0.0066569
33,24,0.941878,0.0426784,-0.00725962
33,25,0.942875,0.0437444,-0.00787719
33,26,0.943912,0.0446754,-0.00850896
33,27,0.944988,0.0454648,-0.00915404
33,28,0.9461,0.046108,-0.00981125
33,29,0.947246,0.0466019,-0.0104792
33,30,0.948426,0.0469445,-0.0111562
33,31,0.949637,0.0471354,-0.0118405
33,32,0.950879,0.0471748,-0.01253
33,33,0.952151,0.0470638,-0.0132228
33,34,0.953453,0.0468045,-0.0139166
33,35,0.954785,0.0463994,-0.0146093
33,36,0.956148,0.045852,-0.0152987
33,37,0.957543,0.0451659,-0.0159826
33,38,0.958973,0.0443456,-0.0166589
33,39,0.960439,0.0433959,-0.0173255
33,40,0.961943,0.042322,-0.0179805
33,41,0.963489,0.0411296,-0.018622
33,42,0.965078,0.0398245,-0.019248
33,43,0.966714,0.0384129,-0.0198569
33,44,0.968398,0.0369013,-0.0204469
33,45,0.970132,0.0352964,-0.0210161
33,46,0.971917,0.0336049,-0.021563
33,47,0.973752,0.0318338,-0.0220859
33,48,0.975637,0.0299902,-0.022583
33,49,0.977569,0.0280813,-0.0230529
33,50,0.979545,0.0261145,-0.0234938
33,51,0.981561,0.0240969,-0.0239044
33,52,0.98361,0.0220361,-0.0242832
33,53,0.985687,0.0199392,-0.0246289
33,54,0.987783,0.0178137,-0.0249405
33,55,0.98989,0.0156669,-0.0252169
33,56,0.992,0.0135058,-0.0254575
33,57,0.994102,0.0113376,-0.0256617
33,58,0.996188,0.00916899,-0.0258292
33,59,0.998247,0.00700665,-0.0259599
33,60,1.00027,0.00485693,-0.0260541
33,61,1.00225,0.00272592,-0.0261121
33,62,1.00418,0.000619372,-0.0261343
33,63,1.00605,-0.00145728,-0.0261216
33,64,1.00785,-0.00349895,-0.0260745
33,65,1.00958,-0.00550092,-0.0259938
33,66,1.01124,-0.00745884,-0.0258804
33,67,1.01283,-0.00936871,-0.0257348
33,68,1.01433,-0.0112269,-0.0255577
33,69,1.01577,-0.01303,-0.0253495
33,70,1.01712,-0.0147751,-0.0251104
33,71,1.01841,-0.0164595,-0.0248407
33,72,1.01963,-0.0180806,-0.0245402
33,73,1.02078,-0.0196364,-0.0242088
33,74,1.02189,-0.0211247,-0.0238462
33,75,1.02294,-0.0225436,-0.023452
33,76,1.02395,-0.0238914,-0.0230259
33,77,1.02492,-0.0251665,-0.0225674
33,78,1.02587,-0.0263671,-0.0220764
33,79,1.02679,-0.0274917,-0.0215527
33,80,1.02771,-0.0285387,-0.0209964
33,81,1.02862,-0.0295065,-0.020408
33,82,1.02953,-0.0303934,-0.019788
33,83,1.03046,-0.0311977,-0.0191377
33,84,1.03139,-0.0319176,-0.0184584
33,85,1.03235,-0.0325514,-0.017752
33,86,1.03332,-0.0330971,-0.0170206
33,87,1.03433,-0.0335529,-0.0162668
33,88,1.03536,-0.0339168,-0.0154936
33,89,1.03643,-0.0341868,-0.014704
33,90,1.03754,-0.0343611,-0.0139017
33,91,1.03868,-0.0344378,-0.0130901
33,92,1.03986,-0.0344148,-0.0122731
33,93,1.04107,-0.0342906,-0.0114546
33,94,1.04233,-0.0340633,-0.0106384
33,95,1.04362,-0.0337317,-0.00982828
33,96,1.04494,-0.0332944,-0.00902809
33,97,1.04631,-0.0327507,-0.00824141
33,98,1.0477,-0.0321004,-0.00747163
33,99,1.04913,-0.0313437,-0.00672192
33,100,1.05059,-0.0304819,-0.00599516
33,101,1.05208,-0.0295174,-0.00529391
33,102,1.05359,-0.028454,-0.00462037
33,103,1.05511,-0.0272971,-0.00397632
33,104,1.05666,-0.0260544,-0.00336314
33,105,1.05822,-0.0247361,-0.00278176
33,106,1.05978,-0.0233547,-0.00223265
33,107,1.06134,-0.021926,-0.00171587
33,108,1.06291,-0.020468,-0.00123102
33,109,1.06446,-0.0190008,-0.000777401
33,110,1.06599,-0.0175451,-0.000354
33,111,1.0675,-0.0161203,4.03514e-05
33,112,1.06898,-0.014741,0.000406856
33,113,1.07042,-0.0134137,0.000746576
33,114,1.07182,-0.0121319,0.00106015
33,115,1.07317,-0.0108726,0.00134741
33,116,1.07445,-0.00959589,0.00160675
33,117,1.07567,-0.0082487,0.00183434
33,118,1.07682,-0.00677763,0.00202331
33,119,1.07789,-0.0051503,0.00216325
33,120,1.07888,-0.00338321,0.00224019
33,121,1.07978,-0.00156656,0.00223709
33,122,1.08058,0.000130659,0.00213265
33,123,1.08127,0.00149443,0.00189738
33,124,1.08187,0.00232967,0.00149389
33,125,1.08236,0.00244651,0.000904279
33,126,1.08275,0.00123463,0.000243749
33,127,1,-0.00343474,0
34,0,1,0,0
34,1,0.931097,0.00172872,0.000391297
34,2,0.931087,0.0048374,0.00099319
34,3,0.931111,0.00737884,0.00132857
34,4,0.931167,0.00969933,0.00144077
34,5,0.931257,0.0119545,0.00139349
34,6,0.931383,0.0141631,0.00123634
34,7,0.931545,0.0162865,0.00100115
34,8,0.931744,0.0182835,0.000708703
34,9,0.93198,0.0201361,0.000373571
34,10,0.932256,0.0218544,6.53726e-06
34,11,0.932571,0.0234688,-0.000384427
34,12,0.932929,0.0250185,-0.000793724
34,13,0.933329,0.0265408,-0.0012178
34,14,0.933774,0.0280635,-0.00165465
34,15,0.934264,0.0296018,-0.00210339
34,16,0.9348,0.0311585,-0.00256379
34,17,0.935383,0.0327263,-0.00303607
34,18,0.936014,0.0342903,-0.00352065
34,19,0.936693,0.0358321,-0.00401806
34,20,0.93742,0.0373314,-0.00452881
34,21,0.938195,0.0387688,-0.00505342
34,22,0.939018,0.0401262,-0.00559227
34,23,0.939889,0.0413878,-0.00614563
34,24,0.940807,0.0425404,-0.00671354
34,25,0.94177,0.0435731,-0.00729586
34,26,0.942779,0.0444773,-0.00789222
34,27,0.943831,0.0452465,-0.00850198
34,28,0.944927,0.0458755,-0.00912426
34,29,0.946064,0.0463611,-0.00975797
34,30,0.947241,0.0467009,-0.0104018
34,31,0.948459,0.046894,-0.0110541
34,32,0.949715,0.0469401,-0.0117134
34,33,0.951011,0.0468401,-0.0123778
34,34,0.952345,0.0465952,-0.0130453
34,35,0.953719,0.0462077,-0.013714
34,36,0.955133,0.0456802,-0.0143819
34,37,0.956589,0.0450161,-0.015047
34,38,0.958088,0.044219,-0.0157072
34,39,0.959633,0.0432933,-0.0163606
34,40,0.961224,0.0422434,-0.0170051
34,41,0.962864,0.0410743,-0.0176388
34,42,0.964555,0.0397914,-0.0182598
34,43,0.966298,0.0384003,-0.0188661
34,44,0.968095,0.0369068,-0.0194557
34,45,0.969945,0.035317,-0.0200267
34,46,0.971849,0.0336374,-0.0205772
34,47,0.973804,0.0318747,-0.0211052
34,48,0.975808,0.0300356,-0.0216087
34,49,0.977859,0.0281272,-0.0220858
34,50,0.97995,0.026157,-0.0225347
34,51,0.982077,0.0241321,-0.0229535
34,52,0.984232,0.0220604,-0.0233406
34,53,0.986409,0.0199493,-0.0236945
34,54,0.988597,0.0178066,-0.0240138
34,55,0.990789,0.01564,-0.0242976
34,56,0.992974,0.0134571,-0.0245449
34,57,0.995144,0.0112653,-0.0247554
34,58,0.997288,0.00907193,-0.0249287
34,59,0.999397,0.00688404,-0.0250648
34,60,1.00146,0.00470836,-0.0251641
34,61,1.00347,0.00255128,-0.0252272
34,62,1.00543,0.000418848,-0.0252546
34,63,1.00731,-0.0016833,-0.0252475
34,64,1.00913,-0.00374991,-0.0252067
34,65,1.01087,-0.00577617,-0.0251332
34,66,1.01253,-0.00775764,-0.025028
34,67,1.01411,-0.00969029,-0.0248921
34,68,1.01561,-0.0115705,-0.0247263
34,69,1.01703,-0.0133948,-0.0245311
34,70,1.01837,-0.0151605,-0.024307
34,71,1.01964,-0.0168646,-0.0240542
34,72,1.02084,-0.0185049,-0.0237729
34,73,1.02198,-0.0200791,-0.0234629
34,74,1.02305,-0.0215851,-0.0231238
34,75,1.02408,-0.0230212,-0.0227553
34,76,1.02506,-0.0243855,-0.022357
34,77,1.026,-0.0256763,-0.0219283
34,78,1.02691,-0.0268921,-0.0214689
34,79,1.0278,-0.0280313,-0.0209784
34,80,1.02868,-0.029092,-0.0204568
34,81,1.02955,-0.0300728,-0.0199043
34,82,1.03042,-0.030972,-0.0193214
34,83,1.0313,-0.0317876,-0.0187088
34,84,1.03218,-0.032518,-0.0180678
34,85,1.03309,-0.0331611,-0.0173999
34,86,1.03402,-0.0337151,-0.0167072
34,87,1.03497,-0.034178,-0.0159918
34,88,1.03595,-0.0345477,-0.0152566
34,89,1.03696,-0.0348222,-0.0145044
34,90,1.038,-0.0349993,-0.0137386
34,91,1.03908,-0.0350771,-0.0129625
34,92,1.0402,-0.0350536,-0.0121798
34,93,1.04134,-0.0349268,-0.0113942
34,94,1.04253,-0.0346952,-0.0106094
34,95,1.04375,-0.0343571,-0.00982915
34,96,1.045,-0.0339114,-0.00905703
34,97,1.04629,-0.0333572,-0.00829656
34,98,1.04761,-0.0326943,-0.00755109
34,99,1.04896,-0.0319229,-0.0068237
34,100,1.05033,-0.0310445,-0.00611725
34,101,1.05174,-0.0300614,-0.00543425
34,102,1.05316,-0.0289775,-0.00477688
34,103,1.05461,-0.0277985,-0.00414694
34,104,1.05606,-0.0265321,-0.00354582
34,105,1.05753,-0.0251886,-0.00297449
34,106,1.05901,-0.023781,-0.00243346
34,107,1.06049,-0.0223251,-0.00192287
34,108,1.06197,-0.0208394,-0.00144243
34,109,1.06344,-0.0193442,-0.000991526
34,110,1.06489,-0.0178608,-0.000569307
34,111,1.06632,-0.0164086,-0.000174752
34,112,1.06772,-0.0150028,0.000193185
34,113,1.06909,-0.0136497,0.000535418
34,114,1.07042,-0.0123424,0.000852483
34,115,1.0717,-0.0110574,0.00114417
34,116,1.07292,-0.00975258,0.00140892
34,117,1.07409,-0.0083723,0.00164302
34,118,1.07519,-0.00685949,0.00183971
34,119,1.07622,-0.00517781,0.00198847
34,120,1.07717,-0.0033403,0.00207477
34,121,1.07804,-0.00143406,0.00208006
34,122,1.07882,0.000376633,0.00198096
34,123,1.07951,0.00188561,0.00174691
34,124,1.0801,0.00289547,0.00134213
34,125,1.0806,0.00314496,0.000767574
34,126,1.081,0.00177394,0.000191877
34,127,1,-0.00343474,0
35,0,1,0,0
35,1,0.930795,0.00201115,0.000378833
35,2,0.930807,0.00537283,0.00100078
35,3,0.93084,0.00816855,0.00136005
35,4,0.930902,0.0106876,0.00149626
35,5,0.930995,0.0130899,0.00146997
35,6,0.931118,0.0154111,0.00132998
35,7,0.931275,0.0176265,0.00111013
35,8,0.931465,0.0197029,0.000832723
35,9,0.931689,0.0216271,0.000513209
35,10,0.93195,0.0234121,0.000162859
35,11,0.932249,0.0250907,-0.000210149
35,12,0.932588,0.0267039,-0.000600187
35,13,0.932968,0.02829,-0.00100372
35,14,0.933391,0.0298774,-0.00141879
35,15,0.933859,0.0314809,-0.0018445
35,16,0.934372,0.0331028,-0.00228066
35,17,0.934931,0.0347342,-0.00272747
35,18,0.935538,0.0363593,-0.00318537
35,19,0.936193,0.0379579,-0.00365491
35,20,0.936897,0.0395087,-0.00413669
35,21,0.937649,0.0409907,-0.0046313
35,22,0.938451,0.0423847,-0.00513925
35,23,0.939301,0.043674,-0.00566098
35,24,0.940199,0.0448447,-0.00619671
35,25,0.941145,0.0458852,-0.00674654
35,26,0.942139,0.0467867,-0.00731031
35,27,0.943179,0.0475421,-0.00788765
35,28,0.944266,0.0481466,-0.00847798
35,29,0.945398,0.0485967,-0.00908046
35,30,0.946575,0.0488904,-0.00969405
35,31,0.947797,0.0490269,-0.0103175
35,32,0.949063,0.0490064,-0.0109494
35,33,0.950375,0.0488299,-0.0115882
35,34,0.951732,0.0484996,-0.0122322
35,35,0.953135,0.0480181,-0.0128796
35,36,0.954586,0.0473887,-0.0135285
35,37,0.956086,0.0466157,-0.014177
35,38,0.957637,0.0457035,-0.0148232
35,39,0.95924,0.0446574,-0.015465
35,40,0.960897,0.0434831,-0.0161004
35,41,0.962609,0.0421865,-0.0167273
35,42,0.964379,0.0407743,-0.0173437
35,43,0.966207,0.0392533,-0.0179474
35,44,0.968092,0.0376307,-0.0185362
35,45,0.970035,0.035914,-0.019108
35,46,0.972033,0.0341108,-0.0196603
35,47,0.974084,0.0322291,-0.0201911
35,48,0.976184,0.0302768,-0.0206981
35,49,0.978329,0.0282622,-0.0211789
35,50,0.980512,0.0261933,-0.0216316
35,51,0.982726,0.0240783,-0.022054
35,52,0.984964,0.0219253,-0.0224443
35,53,0.987216,0.0197422,-0.0228009
35,54,0.989474,0.0175368,-0.0231225
35,55,0.991727,0.0153166,-0.0234078
35,56,0.993967,0.0130888,-0.0236562
35,57,0.996182,0.0108605,-0.0238672
35,58,0.998364,0.00863821,-0.0240407
35,59,1.0005,0.00642818,-0.024177
35,60,1.00259,0.00423628,-0.0242765
35,61,1.00462,0.002068,-0.0243401
35,62,1.00658,-7.15394e-05,-0.0243688
35,63,1.00847,-0.00217759,-0.0243638
35,64,1.01029,-0.00424576,-0.0243261
35,65,1.01202,-0.00627198,-0.0242572
35,66,1.01368,-0.0082525,-0.0241582
35,67,1.01525,-0.0101838,-0.0240302
35,68,1.01673,-0.0120628,-0.0238742
35,69,1.01814,-0.0138865,-0.023691
35,70,1.01946,-0.0156521,-0.0234811
35,71,1.02071,-0.017357,-0.0232449
35,72,1.02189,-0.0189991,-0.0229824
35,73,1.023,-0.0205759,-0.0226934
35,74,1.02405,-0.0220855,-0.0223778
35,75,1.02504,-0.0235259,-0.022035
35,76,1.026,-0.0248951,-0.0216645
35,77,1.02691,-0.0261912,-0.0212656
35,78,1.02779,-0.0274125,-0.0208378
35,79,1.02864,-0.0285572,-0.0203807
35,80,1.02949,-0.0296234,-0.0198939
35,81,1.03032,-0.0306093,-0.0193775
35,82,1.03115,-0.0315131,-0.0188316
35,83,1.03198,-0.0323329,-0.0182569
35,84,1.03282,-0.0330667,-0.0176543
35,85,1.03368,-0.0337126,-0.0170251
35,86,1.03456,-0.0342686,-0.016371
35,87,1.03546,-0.0347328,-0.0156942
35,88,1.03638,-0.035103,-0.014997
35,89,1.03734,-0.0353773,-0.0142824
35,90,1.03832,-0.0355536,-0.0135532
35,91,1.03934,-0.0356301,-0.0128128
35,92,1.04038,-0.0356048,-0.0120646
35,93,1.04147,-0.0354759,-0.0113121
35,94,1.04258,-0.0352418,-0.0105589
35,95,1.04373,-0.0349011,-0.00980863
35,96,1.04491,-0.0344526,-0.00906479
35,97,1.04612,-0.0338956,-0.00833078
35,98,1.04736,-0.0332299,-0.00760988
35,99,1.04863,-0.0324559,-0.00690512
35,100,1.04992,-0.0315749,-0.00621931
35,101,1.05124,-0.0305894,-0.00555493
35,102,1.05258,-0.0295035,-0.00491417
35,103,1.05394,-0.0283227,-0.00429883
35,104,1.05531,-0.027055,-0.00371032
35,105,1.05669,-0.0257107,-0.00314965
35,106,1.05808,-0.0243027,-0.00261742
35,107,1.05947,-0.022847,-0.0021138
35,108,1.06086,-0.0213618,-0.00163864
35,109,1.06223,-0.0198675,-0.00119145
35,110,1.0636,-0.0183848,-0.000771514
35,111,1.06494,-0.016933,-0.000377976
35,112,1.06626,-0.0155267,-9.95717e-06
35,113,1.06754,-0.0141717,0.000333307
35,114,1.06879,-0.0128604,0.000652246
35,115,1.07,-0.0115681,0.000946612
35,116,1.07115,-0.0102513,0.00121491
35,117,1.07225,-0.00885183,0.00145358
35,118,1.07329,-0.00730948,0.00165598
35,119,1.07426,-0.00558418,0.00181149
35,120,1.07517,-0.00368499,0.00190497
35,121,1.07599,-0.00169473,0.00191649
35,122,1.07674,0.000228257,0.00182045
35,123,1.07741,0.001884,0.0015849
35,124,1.07799,0.00306354,0.001182
35,125,1.07849,0.00341699,0.000632685
35,126,1.0789,0.00182539,0.000121575
35,127,1,-0.00343474,0
36,0,1,0,0
36,1,0.930585,0.00189636,0.00037405
36,2,0.930609,0.00546578,0.000994481
36,3,0.930652,0.00848248,0.00137876
36,4,0.930718,0.0111645,0.00154066
36,5,0.930809,0.0136681,0.00153565
36,6,0.930926,0.0160441,0.00141391
36,7,0.931071,0.0182814,0.00121037
36,8,0.931245,0.0203559,0.000948673
36,9,0.93145,0.0222599,0.000645259
36,10,0.931687,0.0240097,0.000311913
36,11,0.931959,0.0256412,-4.29977e-05
36,12,0.932267,0.0271978,-0.000413824
36,13,0.932614,0.0287199,-0.000797083
36,14,0.933,0.0302377,-0.00119087
36,15,0.933429,0.0317679,-0.00159437
36,16,0.933901,0.033314,-0.0020074
36,17,0.934419,0.0348687,-0.00243021
36,18,0.934983,0.0364175,-0.00286327
36,19,0.935596,0.0379418,-0.00330718
36,20,0.936257,0.0394214,-0.0037626
36,21,0.93697,0.0408364,-0.0042302
36,22,0.937733,0.0421686,-0.00471061
36,23,0.938548,0.0434021,-0.00520435
36,24,0.939415,0.0445233,-0.00571184
36,25,0.940335,0.0455212,-0.00623331
36,26,0.941308,0.0463868,-0.00676881
36,27,0.942334,0.0471133,-0.00731816
36,28,0.943413,0.0476955,-0.00788099
36,29,0.944544,0.0481298,-0.00845669
36,30,0.945729,0.0484137,-0.00904443
36,31,0.946967,0.0485462,-0.00964319
36,32,0.948258,0.048527,-0.0102518
36,33,0.949603,0.0483567,-0.0108687
36,34,0.951003,0.0480368,-0.0114926
36,35,0.952458,0.0475696,-0.0121217
36,36,0.95397,0.0469578,-0.0127542
36,37,0.955538,0.0462051,-0.0133883
36,38,0.957166,0.0453155,-0.0140219
36,39,0.958853,0.0442935,-0.0146531
36,40,0.9606,0.0431443,-0.0152798
36,41,0.962409,0.0418735,-0.0158996
36,42,0.964279,0.0404869,-0.0165104
36,43,0.966209,0.0389911,-0.0171098
36,44,0.9682,0.0373926,-0.0176954
36,45,0.970247,0.0356986,-0.0182647
36,46,0.972349,0.0339164,-0.0188153
36,47,0.9745,0.0320536,-0.0193445
36,48,0.976697,0.0301181,-0.0198499
36,49,0.978933,0.0281178,-0.020329
36,50,0.9812,0.0260608,-0.0207796
36,51,0.983491,0.0239552,-0.0211995
36,52,0.985797,0.0218092,-0.0215867
36,53,0.988109,0.0196308,-0.0219397
36,54,0.990418,0.0174279,-0.022257
36,55,0.992712,0.0152082,-0.0225377
36,56,0.994984,0.0129792,-0.0227812
36,57,0.997224,0.0107479,-0.0229871
36,58,0.999422,0.00852107,-0.0231557
36,59,1.00157,0.00630519,-0.0232874
36,60,1.00366,0.00410624,-0.023383
36,61,1.00569,0.00192982,-0.0234436
36,62,1.00764,-0.000218847,-0.0234704
36,63,1.00952,-0.00233494,-0.0234648
36,64,1.01132,-0.00441398,-0.0234283
36,65,1.01304,-0.00645187,-0.0233623
36,66,1.01467,-0.00844479,-0.0232682
36,67,1.01622,-0.0103892,-0.0231473
36,68,1.01769,-0.012282,-0.0230006
36,69,1.01907,-0.01412,-0.0228291
36,70,1.02037,-0.0159006,-0.0226332
36,71,1.0216,-0.0176211,-0.0224134
36,72,1.02275,-0.019279,-0.0221698
36,73,1.02384,-0.0208722,-0.0219022
36,74,1.02487,-0.0223983,-0.0216102
36,75,1.02584,-0.0238554,-0.0212932
36,76,1.02677,-0.0252414,-0.0209507
36,77,1.02765,-0.0265543,-0.0205818
36,78,1.0285,-0.0277923,-0.0201858
36,79,1.02933,-0.0289535,-0.0197621
36,80,1.03014,-0.0300358,-0.0193102
36,81,1.03093,-0.0310374,-0.0188298
36,82,1.03173,-0.0319563,-0.018321
36,83,1.03252,-0.0327905,-0.0177841
36,84,1.03332,-0.033538,-0.0172198
36,85,1.03414,-0.0341966,-0.0166292
36,86,1.03497,-0.0347643,-0.0160138
36,87,1.03582,-0.0352389,-0.0153754
36,88,1.03669,-0.0356182,-0.0147164
36,89,1.03759,-0.0359,-0.0140391
36,90,1.03851,-0.0360823,-0.0133466
36,91,1.03947,-0.0361628,-0.0126418
36,92,1.04045,-0.0361397,-0.011928
36,93,1.04147,-0.036011,-0.0112086
36,94,1.04252,-0.0357749,-0.010487
36,95,1.04359,-0.03543,-0.00976674
36,96,1.0447,-0.0349751,-0.00905121
36,97,1.04583,-0.0344095,-0.00834373
36,98,1.04699,-0.0337328,-0.0076475
36,99,1.04818,-0.0329457,-0.0069655
36,100,1.04939,-0.0320495,-0.0063005
36,101,1.05062,-0.0310468,-0.00565498
36,102,1.05187,-0.0299417,-0.00503111
36,103,1.05314,-0.0287399,-0.00443071
36,104,1.05442,-0.0274496,-0.00385521
36,105,1.05571,-0.0260811,-0.00330569
36,106,1.057,-0.0246477,-0.00278279
36,107,1.0583,-0.0231654,-0.0022868
36,108,1.05959,-0.0216527,-0.00181766
36,109,1.06087,-0.0201302,-0.00137502
36,110,1.06215,-0.0186189,-0.000958317
36,111,1.0634,-0.0171383,-0.000566857
36,112,1.06463,-0.015703,-0.000199932
36,113,1.06582,-0.014319,0.000143068
36,114,1.06699,-0.0129783,0.000462463
36,115,1.06811,-0.0116553,0.000757971
36,116,1.06919,-0.0103051,0.00102816
36,117,1.07021,-0.0088666,0.00126963
36,118,1.07118,-0.00727582,0.00147588
36,119,1.07209,-0.00548798,0.00163622
36,120,1.07294,-0.00350724,0.00173489
36,121,1.07372,-0.00141159,0.00175045
36,122,1.07443,0.00064552,0.00165552
36,123,1.07507,0.00246545,0.00141863
36,124,1.07563,0.00381577,0.00101737
36,125,1.07611,0.00424105,0.000493875
36,126,1.07651,0.00237072,7.37581e-05
36,127,1,-0.00343474,0
37,0,1,0,0
37,1,0.930505,0.00208775,0.000352241
37,2,0.930554,0.00584281,0.000979478
37,3,0.930611,0.00909649,0.00138392
37,4,0.930687,0.0119774,0.00157002
37,5,0.930783,0.0146313,0.00158745
37,6,0.930902,0.0171204,0.00148449
37,7,0.931045,0.0194468,0.00129756
37,8,0.931214,0.0215953,0.00105172
37,9,0.93141,0.0235637,0.000764342
37,10,0.931637,0.0253725,0.000447727
37,11,0.931896,0.0270601,0.000110442
37,12,0.932189,0.0286722,-0.000241859
37,13,0.93252,0.0302505,-0.000605758
37,14,0.932889,0.0318256,-0.000979423
37,15,0.9333,0.0334139,-0.00136208
37,16,0.933753,0.0350182,-0.00175358
37,17,0.934252,0.0366302,-0.00215419
37,18,0.934798,0.0382339,-0.00256439
37,19,0.935393,0.0398094,-0.00298481
37,20,0.936037,0.0413351,-0.00341615
37,21,0.936733,0.0427897,-0.00385915
37,22,0.937481,0.0441541,-0.00431451
37,23,0.938282,0.0454111,-0.00478289
37,24,0.939137,0.0465465,-0.00526482
37,25,0.940048,0.0475486,-0.00576068
37,26,0.941013,0.0484081,-0.00627069
37,27,0.942035,0.049118,-0.00679486
37,28,0.943114,0.049673,-0.00733301
37,29,0.944249,0.0500695,-0.00788472
37,30,0.945442,0.0503055,-0.00844936
37,31,0.946693,0.05038,-0.00902609
37,32,0.948003,0.0502932,-0.00961386
37,33,0.949373,0.0500464,-0.0102114
37,34,0.950802,0.0496416,-0.0108174
37,35,0.952294,0.0490817,-0.0114301
37,36,0.953848,0.0483705,-0.0120479
37,37,0.955465,0.0475122,-0.0126688
37,38,0.957146,0.0465121,-0.0132909
37,39,0.958892,0.0453757,-0.013912
37,40,0.960704,0.0441095,-0.0145299
37,41,0.96258,0.0427202,-0.0151422
37,42,0.964521,0.0412151,-0.0157463
37,43,0.966524,0.039602,-0.0163397
37,44,0.968588,0.0378889,-0.0169198
37,45,0.970708,0.0360843,-0.0174838
37,46,0.972881,0.0341968,-0.0180289
37,47,0.975102,0.0322352,-0.0185524
37,48,0.977363,0.0302082,-0.0190516
37,49,0.979658,0.0281248,-0.019524
37,50,0.981979,0.0259935,-0.0199671
37,51,0.984317,0.0238231,-0.0203787
37,52,0.986663,0.0216217,-0.020757
37,53,0.989007,0.0193973,-0.0211004
37,54,0.99134,0.0171575,-0.0214077
37,55,0.993651,0.0149095,-0.0216781
37,56,0.995933,0.0126599,-0.0219113
37,57,0.998175,0.010415,-0.0221073
37,58,1.00037,0.00818062,-0.0222665
37,59,1.00251,0.00596219,-0.0223897
37,60,1.00459,0.00376462,-0.022478
37,61,1.0066,0.00159252,-0.0225327
37,62,1.00853,-0.000549869,-0.0225552
37,63,1.01039,-0.00265861,-0.0225473
37,64,1.01217,-0.00473003,-0.0225105
37,65,1.01387,-0.00676066,-0.0224465
37,66,1.01548,-0.00874725,-0.0223568
37,67,1.01701,-0.0106867,-0.0222426
37,68,1.01845,-0.0125761,-0.0221052
37,69,1.01981,-0.0144125,-0.0219455
37,70,1.02109,-0.0161933,-0.021764
37,71,1.0223,-0.0179158,-0.021561
37,72,1.02343,-0.0195776,-0.0213367
37,73,1.0245,-0.021176,-0.0210908
37,74,1.0255,-0.0227089,-0.0208227
37,75,1.02645,-0.0241737,-0.020532
37,76,1.02736,-0.0255682,-0.0202176
37,77,1.02822,-0.0268903,-0.0198789
37,78,1.02904,-0.0281376,-0.0195148
37,79,1.02984,-0.029308,-0.0191246
37,80,1.03062,-0.0303993,-0.0187075
37,81,1.03138,-0.0314094,-0.0182632
37,82,1.03214,-0.0323361,-0.0177913
37,83,1.0329,-0.0331773,-0.0172921
37,84,1.03366,-0.0339308,-0.016766
37,85,1.03443,-0.0345945,-0.0162138
37,86,1.03521,-0.0351662,-0.0156369
37,87,1.03601,-0.0356438,-0.0150368
37,88,1.03684,-0.0360251,-0.0144156
37,89,1.03768,-0.0363081,-0.0137756
37,90,1.03855,-0.0364906,-0.0131195
37,91,1.03944,-0.0365708,-0.0124502
37,92,1.04036,-0.0365467,-0.0117707
37,93,1.04131,-0.0364165,-0.0110843
37,94,1.04229,-0.0361786,-0.0103942
37,95,1.04329,-0.0358317,-0.00970393
37,96,1.04432,-0.0353745,-0.00901668
37,97,1.04538,-0.0348065,-0.00833574
37,98,1.04646,-0.0341275,-0.0076642
37,99,1.04757,-0.0333379,-0.00700503
37,100,1.04869,-0.0324391,-0.00636094
37,101,1.04984,-0.0314339,-0.0057344
37,102,1.051,-0.0303262,-0.00512759
37,103,1.05218,-0.0291219,-0.00454234
37,104,1.05337,-0.027829,-0.00398012
37,105,1.05456,-0.026458,-0.00344205
37,106,1.05577,-0.0250219,-0.00292887
37,107,1.05697,-0.0235369,-0.00244096
37,108,1.05816,-0.0220213,-0.00197836
37,109,1.05935,-0.0204955,-0.00154087
37,110,1.06053,-0.0189803,-0.00112808
37,111,1.06168,-0.0174948,-0.000739486
37,112,1.06282,-0.0160534,-0.000374547
37,113,1.06392,-0.0146614,-3.28129e-05
37,114,1.06499,-0.0133104,0.000285924
37,115,1.06603,-0.011974,0.000581352
37,116,1.06702,-0.0106056,0.000852115
37,117,1.06796,-0.00914199,0.00109497
37,118,1.06886,-0.00751565,0.0013036
37,119,1.0697,-0.00567717,0.00146725
37,120,1.07048,-0.00362522,0.0015695
37,121,1.07121,-0.0014318,0.00158755
37,122,1.07187,0.000755018,0.00149225
37,123,1.07246,0.00273459,0.00125248
37,124,1.07299,0.0042408,0.000856476
37,125,1.07345,0.00470198,0.000366609
37,126,1.07384,0.00250745,1.35892e-05
37,127,1,-0.00343474,0
38,0,1,0,0
38,1,0.930558,0.00193445,0.000336062
38,2,0.930623,0.0058193,0.000949738
38,3,0.930695,0.00927156,0.00137434
38,4,0.930778,0.0123151,0.00158562
38,5,0.930876,0.0150755,0.0016255
38,6,0.930992,0.0176233,0.00154207
38,7,0.931127,0.0199731,0.00137241
38,8,0.931283,0.0221189,0.00114278
38,9,0.931464,0.0240648,0.000871591
38,10,0.93167,0.0258354,0.000571692
38,11,0.931905,0.0274726,0.000251843
38,12,0.932172,0.0290245,-8.23024e-05
38,13,0.932473,0.0305352,-0.00042741
38,14,0.93281,0.0320368,-0.000781746
38,15,0.933186,0.0335474,-0.00114461
38,16,0.933604,0.035071,-0.00151593
38,17,0.934065,0.0366008,-0.001896
38,18,0.934573,0.0381223,-0.00228534
38,19,0.93513,0.0396169,-0.0026846
38,20,0.935738,0.0410644,-0.00309455
38,21,0.936399,0.0424447,-0.00351595
38,22,0.937115,0.0437397,-0.0039496
38,23,0.937887,0.0449332,-0.0043962
38,24,0.938718,0.0460115,-0.00485638
38,25,0.939609,0.0469635,-0.00533063
38,26,0.940561,0.0477801,-0.00581926
38,27,0.941576,0.0484543,-0.00632243
38,28,0.942654,0.0489809,-0.00684006
38,29,0.943796,0.0493562,-0.00737186
38,30,0.945004,0.0495778,-0.00791733
38,31,0.946278,0.0496445,-0.00847574
38,32,0.947619,0.0495561,-0.00904613
38,33,0.949028,0.0493135,-0.00962734
38,34,0.950506,0.0489183,-0.010218
38,35,0.952052,0.0483729,-0.0108165
38,36,0.953668,0.0476807,-0.0114211
38,37,0.955354,0.0468455,-0.0120299
38,38,0.95711,0.0458719,-0.0126407
38,39,0.958935,0.0447651,-0.0132514
38,40,0.960829,0.043531,-0.0138593
38,41,0.962789,0.0421758,-0.014462
38,42,0.964815,0.0407063,-0.0150568
38,43,0.966902,0.0391299,-0.0156408
38,44,0.969046,0.0374542,-0.0162112
38,45,0.971244,0.035687,-0.0167651
38,46,0.973489,0.0338366,-0.0172994
38,47,0.975775,0.0319114,-0.0178113
38,48,0.978095,0.0299198,-0.0182981
38,49,0.980439,0.0278703,-0.0187572
38,50,0.9828,0.0257712,-0.0191862
38,51,0.98517,0.0236309,-0.019583
38,52,0.987537,0.0214574,-0.0199458
38,53,0.989894,0.0192585,-0.0202735
38,54,0.992232,0.0170415,-0.020565
38,55,0.99454,0.0148136,-0.0208199
38,56,0.996812,0.0125813,-0.0210381
38,57,0.999038,0.0103509,-0.0212199
38,58,1.00121,0.00812827,-0.0213662
38,59,1.00333,0.00591873,-0.0214779
38,60,1.00538,0.00372734,-0.0215564
38,61,1.00736,0.00155877,-0.0216034
38,62,1.00927,-0.000582634,-0.0216204
38,63,1.0111,-0.00269282,-0.0216093
38,64,1.01285,-0.00476799,-0.0215719
38,65,1.01451,-0.00680454,-0.0215097
38,66,1.0161,-0.00879908,-0.0214245
38,67,1.0176,-0.0107484,-0.0213175
38,68,1.01902,-0.0126493,-0.0211899
38,69,1.02036,-0.0144989,-0.0210425
38,70,1.02162,-0.0162943,-0.020876
38,71,1.02281,-0.0180326,-0.0206905
38,72,1.02392,-0.0197113,-0.020486
38,73,1.02497,-0.0213276,-0.0202623
38,74,1.02596,-0.0228789,-0.0200186
38,75,1.02689,-0.0243628,-0.0197544
38,76,1.02777,-0.0257769,-0.0194685
38,77,1.02861,-0.0271186,-0.01916
38,78,1.02942,-0.0283858,-0.0188278
38,79,1.03019,-0.0295759,-0.018471
38,80,1.03094,-0.0306868,-0.0180887
38,81,1.03168,-0.031716,-0.0176801
38,82,1.03241,-0.0326614,-0.0172449
38,83,1.03313,-0.0335206,-0.016783
38,84,1.03385,-0.0342913,-0.0162947
38,85,1.03458,-0.0349712,-0.0157806
38,86,1.03532,-0.0355579,-0.0152417
38,87,1.03608,-0.0360493,-0.0146796
38,88,1.03685,-0.0364429,-0.0140959
38,89,1.03764,-0.0367365,-0.0134928
38,90,1.03845,-0.036928,-0.0128728
38,91,1.03929,-0.037015,-0.0122386
38,92,1.04015,-0.0369956,-0.0115931
38,93,1.04103,-0.0368679,-0.0109394
38,94,1.04194,-0.0366302,-0.0102807
38,95,1.04287,-0.0362809,-0.00962011
38,96,1.04383,-0.035819,-0.00896097
38,97,1.04481,-0.0352438,-0.0083064
38,98,1.04581,-0.0345551,-0.00765945
38,99,1.04683,-0.0337535,-0.00702303
38,100,1.04787,-0.0328406,-0.00639983
38,101,1.04893,-0.0318189,-0.00579229
38,102,1.05,-0.0306928,-0.0052026
38,103,1.05109,-0.0294683,-0.0046326
38,104,1.05219,-0.0281534,-0.00408383
38,105,1.05329,-0.0267588,-0.00355745
38,106,1.05439,-0.0252979,-0.00305427
38,107,1.0555,-0.0237867,-0.00257478
38,108,1.0566,-0.0222439,-0.00211915
38,109,1.05769,-0.0206899,-0.00168731
38,110,1.05876,-0.0191457,-0.00127903
38,111,1.05982,-0.0176305,-0.000893979
38,112,1.06086,-0.0161587,-0.000531791
38,113,1.06187,-0.0147357,-0.000192182
38,114,1.06285,-0.0133527,0.000124941
38,115,1.0638,-0.0119827,0.000419233
38,116,1.0647,-0.0105776,0.000689416
38,117,1.06556,-0.00907148,0.000932424
38,118,1.06638,-0.0073927,0.00114211
38,119,1.06715,-0.00548631,0.00130767
38,120,1.06786,-0.00334453,0.00141207
38,121,1.06852,-0.00103301,0.00143107
38,122,1.06913,0.00130383,0.00133428
38,123,1.06968,0.00345715,0.00109259
38,124,1.07017,0.00511541,0.000702077
38,125,1.0706,0.00558053,0.000244827
38,126,1.07096,0.00302511,-2.30599e-05
38,127,1,-0.00343474,0
39,0,1,0,0
39,1,0.93078,0.00202504,0.000304162
39,2,0.930873,0.00600616,0.000909698
39,3,0.930963,0.00966552,0.00134928
39,4,0.931059,0.0129028,0.00158392
39,5,0.931166,0.015815,0.00164696
39,6,0.931286,0.0184768,0.00158333
39,7,0.931423,0.0209136,0.00143095
39,8,0.931577,0.0231288,0.0012174
39,9,0.931753,0.0251329,0.000962042
39,10,0.931952,0.0269553,0.000678292
39,11,0.932178,0.0286415,0.000375116
39,12,0.932433,0.0302419,5.81563e-05
39,13,0.932721,0.0318021,-0.000269343
39,14,0.933045,0.0333546,-0.000605748
39,15,0.933407,0.0349174,-0.000950429
39,16,0.93381,0.0364938,-0.00130335
39,17,0.934258,0.0380758,-0.00166483
39,18,0.934752,0.0396476,-0.00203539
39,19,0.935296,0.0411893,-0.00241572
39,20,0.935891,0.0426792,-0.00280657
39,21,0.936541,0.0440962,-0.00320877
39,22,0.937247,0.0454206,-0.00362313
39,23,0.938012,0.0466355,-0.00405042
39,24,0.938837,0.0477264,-0.00449134
39,25,0.939724,0.0486814,-0.00494646
39,26,0.940675,0.0494911,-0.00541619
39,27,0.941692,0.0501484,-0.00590077
39,28,0.942776,0.050648,-0.00640022
39,29,0.943927,0.0509864,-0.00691436
39,30,0.945149,0.0511613,-0.00744277
39,31,0.94644,0.0511721,-0.00798479
39,32,0.947803,0.0510191,-0.00853953
39,33,0.949239,0.0507038,-0.00910584
39,34,0.950747,0.0502285,-0.00968236
39,35,0.952328,0.0495966,-0.0102675
39,36,0.953983,0.0488122,-0.0108594
39,37,0.955712,0.0478802,-0.011456
39,38,0.957513,0.0468066,-0.012055
39,39,0.959385,0.0455975,-0.012654
39,40,0.961327,0.0442602,-0.0132505
39,41,0.963336,0.0428022,-0.0138414
39,42,0.965409,0.0412318,-0.0144241
39,43,0.967542,0.0395576,-0.0149953
39,44,0.96973,0.0377883,-0.0155522
39,45,0.971966,0.0359332,-0.0160914
39,46,0.974245,0.0340016,-0.0166102
39,47,0.976558,0.0320027,-0.0171054
39,48,0.978899,0.0299456,-0.0175743
39,49,0.981258,0.0278393,-0.0180145
39,50,0.983626,0.0256925,-0.0184238
39,51,0.985995,0.0235133,-0.0188002
39,52,0.988356,0.0213097,-0.0191424
39,53,0.990699,0.0190888,-0.0194494
39,54,0.993017,0.0168574,-0.0197205
39,55,0.995301,0.0146218,-0.0199557
39,56,0.997544,0.0123877,-0.0201552
39,57,0.999739,0.0101602,-0.0203199
39,58,1.00188,0.00794418,-0.0204506
39,59,1.00396,0.00574392,-0.0205489
39,60,1.00597,0.00356345,-0.0206163
39,61,1.00792,0.00140651,-0.0206546
39,62,1.00979,-0.000723396,-0.0206656
39,63,1.01159,-0.00282292,-0.0206511
39,64,1.01331,-0.00488884,-0.0206131
39,65,1.01495,-0.00691802,-0.0205533
39,66,1.01651,-0.0089074,-0.0204731
39,67,1.01798,-0.0108539,-0.020374
39,68,1.01938,-0.0127546,-0.0202569
39,69,1.0207,-0.0146063,-0.0201227
39,70,1.02195,-0.0164062,-0.0199719
39,71,1.02312,-0.0181512,-0.0198046
39,72,1.02422,-0.0198384,-0.0196206
39,73,1.02525,-0.0214649,-0.0194195
39,74,1.02622,-0.0230278,-0.0192007
39,75,1.02714,-0.0245241,-0.0189631
39,76,1.02801,-0.0259512,-0.0187058
39,77,1.02883,-0.0273063,-0.0184276
39,78,1.02962,-0.0285867,-0.0181272
39,79,1.03037,-0.0297897,-0.0178036
39,80,1.0311,-0.0309128,-0.0174556
39,81,1.03181,-0.0319534,-0.0170824
39,82,1.0325,-0.0329091,-0.0166834
39,83,1.03319,-0.0337774,-0.0162584
39,84,1.03388,-0.0345559,-0.0158074
39,85,1.03457,-0.0352422,-0.0153308
39,86,1.03527,-0.0358341,-0.0148296
39,87,1.03597,-0.0363293,-0.0143048
39,88,1.0367,-0.0367255,-0.0137581
39,89,1.03743,-0.0370207,-0.0131915
39,90,1.03819,-0.0372127,-0.0126072
39,91,1.03896,-0.0372996,-0.0120077
39,92,1.03976,-0.0372795,-0.0113959
39,93,1.04057,-0.0371506,-0.0107746
39,94,1.04141,-0.0369113,-0.0101468
39,95,1.04227,-0.0365604,-0.00951579
39,96,1.04316,-0.0360967,-0.00888455
39,97,1.04406,-0.0355197,-0.00825619
39,98,1.04498,-0.0348291,-0.00763369
39,99,1.04592,-0.0340257,-0.00701992
39,100,1.04688,-0.0331108,-0.00641752
39,101,1.04785,-0.0320872,-0.00582894
39,102,1.04884,-0.030959,-0.00525636
39,103,1.04984,-0.0297321,-0.00470165
39,104,1.05084,-0.0284146,-0.00416639
39,105,1.05185,-0.0270171,-0.0036518
39,106,1.05287,-0.0255527,-0.00315877
39,107,1.05388,-0.0240375,-0.00268791
39,108,1.05488,-0.02249,-0.0022395
39,109,1.05587,-0.0209304,-0.00181365
39,110,1.05685,-0.0193795,-0.00141028
39,111,1.05782,-0.0178562,-0.00102924
39,112,1.05876,-0.0163746,-0.000670353
39,113,1.05967,-0.0149397,-0.000333506
39,114,1.06056,-0.0135423,-1.87181e-05
39,115,1.06141,-0.0121548,0.000273632
39,116,1.06223,-0.0107277,0.00054235
39,117,1.06301,-0.00919289,0.000784557
39,118,1.06374,-0.00747496,0.000994303
39,119,1.06443,-0.00551341,0.00116074
39,120,1.06508,-0.0032934,0.00126621
39,121,1.06567,-0.000873303,0.00128526
39,122,1.06622,0.00160582,0.00118634
39,123,1.06671,0.00392256,0.000942209
39,124,1.06716,0.0057108,0.000560625
39,125,1.06755,0.00614347,0.000140686
39,126,1.06789,0.00320194,-6.80027e-05
39,127,1,-0.00343474,0
40,0,1,0,0
40,1,0.931177,0.00181625,0.000276118
40,2,0.931291,0.00582776,0.000854474
40,3,0.931398,0.00965062,0.00130798
40,4,0.931505,0.0130445,0.00156629
40,5,0.931617,0.0160667,0.00165222
40,6,0.931737,0.0187919,0.00160884
40,7,0.931868,0.0212546,0.00147414
40,8,0.932014,0.0234674,0.00127679
40,9,0.932176,0.0254478,0.00103718
40,10,0.932358,0.0272303,0.000769335
40,11,0.932564,0.0288641,0.00048242
40,12,0.932796,0.0304025,0.000182071
40,13,0.933058,0.0318931,-0.000128571
40,14,0.933352,0.0333702,-0.000447991
40,15,0.933684,0.034853,-0.000775655
40,16,0.934054,0.036346,-0.00111159
40,17,0.934468,0.0378428,-0.00145617
40,18,0.934929,0.039329,-0.00180993
40,19,0.935439,0.0407859,-0.00217358
40,20,0.936002,0.0421934,-0.00254789
40,21,0.936621,0.0435315,-0.00293371
40,22,0.937299,0.044782,-0.00333185
40,23,0.938039,0.0459287,-0.00374312
40,24,0.938844,0.046958,-0.00416823
40,25,0.939716,0.0478587,-0.00460778
40,26,0.940658,0.0486217,-0.00506221
40,27,0.941671,0.0492402,-0.00553179
40,28,0.942757,0.0497089,-0.00601657
40,29,0.943919,0.0500244,-0.00651639
40,30,0.945157,0.0501843,-0.00703084
40,31,0.946473,0.0501877,-0.00755927
40,32,0.947866,0.0500348,-0.00810076
40,33,0.949339,0.0497266,-0.00865412
40,34,0.95089,0.0492652,-0.00921792
40,35,0.952521,0.0486536,-0.00979045
40,36,0.954229,0.0478955,-0.0103697
40,37,0.956014,0.0469955,-0.0109536
40,38,0.957874,0.0459589,-0.0115396
40,39,0.959806,0.0447915,-0.012125
40,40,0.961807,0.0434999,-0.0127071
40,41,0.963874,0.0420913,-0.0132828
40,42,0.966001,0.0405732,-0.0138491
40,43,0.968183,0.0389536,-0.0144028
40,44,0.970414,0.0372407,-0.0149406
40,45,0.972687,0.0354431,-0.0154596
40,46,0.974994,0.0335692,-0.0159565
40,47,0.977327,0.0316277,-0.0164287
40,48,0.979678,0.029627,-0.0168735
40,49,0.982039,0.0275754,-0.0172887
40,50,0.9844,0.0254809,-0.0176723
40,51,0.986754,0.0233512,-0.0180229
40,52,0.989092,0.0211936,-0.0183393
40,53,0.991406,0.0190149,-0.0186209
40,54,0.993689,0.0168216,-0.0188677
40,55,0.995935,0.0146197,-0.0190799
40,56,0.998135,0.0124148,-0.0192581
40,57,1.00029,0.0102119,-0.0194035
40,58,1.00238,0.00801594,-0.0195173
40,59,1.00442,0.00583132,-0.0196012
40,60,1.00639,0.00366221,-0.019657
40,61,1.00829,0.00151257,-0.0196865
40,62,1.01013,-0.000613875,-0.0196917
40,63,1.01189,-0.00271351,-0.0196745
40,64,1.01357,-0.00478284,-0.0196368
40,65,1.01518,-0.00681847,-0.0195801
40,66,1.01672,-0.00881703,-0.019506
40,67,1.01817,-0.0107752,-0.0194157
40,68,1.01955,-0.0126897,-0.0193101
40,69,1.02086,-0.0145572,-0.01919
40,70,1.02208,-0.0163746,-0.0190557
40,71,1.02324,-0.0181385,-0.0189072
40,72,1.02433,-0.0198459,-0.0187442
40,73,1.02535,-0.0214934,-0.0185662
40,74,1.02631,-0.0230782,-0.0183723
40,75,1.02722,-0.024597,-0.0181616
40,76,1.02807,-0.026047,-0.0179328
40,77,1.02888,-0.0274251,-0.0176846
40,78,1.02965,-0.0287286,-0.0174157
40,79,1.03039,-0.0299546,-0.0171248
40,80,1.03109,-0.0311005,-0.0168106
40,81,1.03178,-0.0321635,-0.0164723
40,82,1.03245,-0.0331409,-0.0161089
40,83,1.03311,-0.0340303,-0.01572
40,84,1.03376,-0.0348291,-0.0153056
40,85,1.03441,-0.0355347,-0.0148659
40,86,1.03507,-0.0361446,-0.0144015
40,87,1.03573,-0.0366565,-0.0139134
40,88,1.0364,-0.0370679,-0.0134031
40,89,1.03709,-0.0373764,-0.0128723
40,90,1.03779,-0.0375799,-0.0123231
40,91,1.0385,-0.0376761,-0.0117579
40,92,1.03924,-0.0376629,-0.0111792
40,93,1.03999,-0.0375385,-0.0105898
40,94,1.04076,-0.0373012,-0.00999266
40,95,1.04155,-0.0369496,-0.00939075
40,96,1.04236,-0.0364825,-0.00878707
40,97,1.04319,-0.0358994,-0.00818464
40,98,1.04403,-0.0352002,-0.00758635
40,99,1.04489,-0.0343856,-0.00699503
40,100,1.04577,-0.0334571,-0.00641329
40,101,1.04665,-0.0324177,-0.00584356
40,102,1.04755,-0.0312716,-0.00528803
40,103,1.04846,-0.0300249,-0.00474861
40,104,1.04938,-0.0286859,-0.00422689
40,105,1.05029,-0.0272653,-0.00372417
40,106,1.05121,-0.0257766,-0.00324144
40,107,1.05213,-0.0242359,-0.00277939
40,108,1.05304,-0.0226618,-0.00233847
40,109,1.05394,-0.0210745,-0.0019189
40,110,1.05482,-0.019495,-0.00152081
40,111,1.05569,-0.0179421,-0.00114422
40,112,1.05654,-0.0164301,-0.000789137
40,113,1.05736,-0.0149637,-0.000455616
40,114,1.05816,-0.0135338,-0.000143794
40,115,1.05892,-0.0121118,0.000145917
40,116,1.05965,-0.0106472,0.000412403
40,117,1.06035,-0.00906922,0.000652974
40,118,1.061,-0.00729797,0.000861881
40,119,1.06162,-0.00526654,0.00102825
40,120,1.06219,-0.00295213,0.00113388
40,121,1.06272,-0.000405635,0.00115208
40,122,1.06321,0.00223296,0.00105071
40,123,1.06365,0.00472314,0.000805653
40,124,1.06405,0.00663437,0.000433139
40,125,1.0644,0.0070075,4.76034e-05
40,126,1.0647,0.00366503,-9.05433e-05
40,127,1,-0.00343474,0
41,0,1,0,0
41,1,0.931783,0.00179798,0.000233951
41,2,0.931927,0.00579565,0.000788034
41,3,0.932055,0.00978269,0.00124995
41,4,0.932178,0.0133591,0.00152978
41,5,0.932301,0.016533,0.00163889
41,6,0.932428,0.0193733,0.00161577
41,7,0.932563,0.0219221,0.00149858
41,8,0.932708,0.0242008,0.0013171
41,9,0.932868,0.0262344,0.00109271
41,10,0.933045,0.0280629,0.000840031
41,11,0.933244,0.0297398,0.000568456
41,12,0.933467,0.0313211,0.000283609
41,13,0.933719,0.0328559,-1.14761e-05
41,14,0.934002,0.0343793,-0.000315394
41,15,0.934322,0.03591,-0.000627695
41,16,0.934681,0.0374523,-0.000948454
41,17,0.935084,0.0389982,-0.00127804
41,18,0.935533,0.0405323,-0.00161702
41,19,0.936033,0.0420346,-0.00196608
41,20,0.936586,0.0434835,-0.00232597
41,21,0.937197,0.0448578,-0.00269753
41,22,0.937869,0.0461381,-0.00308157
41,23,0.938604,0.0473072,-0.0034789
41,24,0.939405,0.0483508,-0.00389022
41,25,0.940276,0.0492568,-0.00431613
41,26,0.941219,0.0500161,-0.00475708
41,27,0.942235,0.0506215,-0.00521334
41,28,0.943328,0.0510678,-0.00568497
41,29,0.944498,0.0513517,-0.0061718
41,30,0.945747,0.0514712,-0.00667339
41,31,0.947077,0.0514261,-0.00718905
41,32,0.948488,0.0512169,-0.0077178
41,33,0.949979,0.0508455,-0.00825838
41,34,0.951552,0.050315,-0.00880924
41,35,0.953205,0.0496291,-0.00936852
41,36,0.954937,0.0487927,-0.00993411
41,37,0.956746,0.0478114,-0.0105036
41,38,0.958628,0.0466916,-0.0110744
41,39,0.960582,0.0454406,-0.0116436
41,40,0.962603,0.0440662,-0.0122083
41,41,0.964685,0.0425766,-0.0127652
41,42,0.966824,0.0409807,-0.0133111
41,43,0.969013,0.0392874,-0.0138428
41,44,0.971244,0.0375062,-0.0143571
41,45,0.973511,0.0356464,-0.0148508
41,46,0.975806,0.0337172,-0.0153211
41,47,0.97812,0.0317277,-0.0157654
41,48,0.980446,0.0296867,-0.0161813
41,49,0.982774,0.0276025,-0.0165668
41,50,0.985098,0.025483,-0.0169205
41,51,0.987409,0.0233356,-0.0172412
41,52,0.989701,0.021167,-0.0175284
41,53,0.991965,0.0189834,-0.0177819
41,54,0.994196,0.0167903,-0.0180019
41,55,0.996388,0.014593,-0.0181891
41,56,0.998536,0.0123959,-0.0183446
41,57,1.00063,0.0102033,-0.0184698
41,58,1.00268,0.00801896,-0.0185662
41,59,1.00467,0.0058465,-0.0186357
41,60,1.00659,0.00368927,-0.0186802
41,61,1.00845,0.0015505,-0.0187015
41,62,1.01025,-0.000566647,-0.0187017
41,63,1.01198,-0.00265905,-0.0186827
41,64,1.01363,-0.00472355,-0.0186462
41,65,1.01522,-0.00675695,-0.0185938
41,66,1.01673,-0.00875602,-0.0185268
41,67,1.01816,-0.0107174,-0.0184463
41,68,1.01953,-0.0126378,-0.0183532
41,69,1.02082,-0.0145137,-0.018248
41,70,1.02203,-0.0163416,-0.0181308
41,71,1.02318,-0.018118,-0.0180017
41,72,1.02426,-0.0198395,-0.0178601
41,73,1.02527,-0.0215024,-0.0177053
41,74,1.02623,-0.0231034,-0.0175365
41,75,1.02712,-0.0246391,-0.0173525
41,76,1.02797,-0.026106,-0.0171519
41,77,1.02876,-0.0275008,-0.0169333
41,78,1.02952,-0.0288205,-0.0166953
41,79,1.03023,-0.0300619,-0.0164365
41,80,1.03092,-0.031222,-0.0161554
41,81,1.03158,-0.0322979,-0.0158511
41,82,1.03222,-0.0332869,-0.0155224
41,83,1.03285,-0.0341861,-0.015169
41,84,1.03347,-0.0349931,-0.0147903
41,85,1.03408,-0.0357052,-0.0143866
41,86,1.03469,-0.0363202,-0.0139583
41,87,1.03531,-0.0368355,-0.0135062
41,88,1.03593,-0.0372491,-0.0130315
41,89,1.03656,-0.0375586,-0.0125359
41,90,1.0372,-0.0377621,-0.0120212
41,91,1.03786,-0.0378576,-0.0114896
41,92,1.03853,-0.0378433,-0.0109435
41,93,1.03921,-0.0377174,-0.0103856
41,94,1.03992,-0.0374785,-0.0098187
41,95,1.04064,-0.0371252,-0.00924557
41,96,1.04137,-0.0366567,-0.00866917
41,97,1.04212,-0.0360724,-0.00809239
41,98,1.04289,-0.0353722,-0.0075181
41,99,1.04368,-0.0345567,-0.00694904
41,100,1.04447,-0.0336275,-0.0063878
41,101,1.04528,-0.0325874,-0.00583681
41,102,1.0461,-0.0314406,-0.00529825
41,103,1.04692,-0.0301929,-0.00477404
41,104,1.04775,-0.0288525,-0.00426584
41,105,1.04858,-0.02743,-0.00377502
41,106,1.04941,-0.0259387,-0.00330264
41,107,1.05024,-0.0243944,-0.00284951
41,108,1.05106,-0.0228157,-0.00241621
41,109,1.05187,-0.0212227,-0.00200313
41,110,1.05267,-0.0196358,-0.00161057
41,111,1.05345,-0.0180738,-0.00123873
41,112,1.05421,-0.0165506,-0.000887814
41,113,1.05494,-0.0150709,-0.000558035
41,114,1.05565,-0.0136249,-0.00024965
41,115,1.05633,-0.0121839,3.68968e-05
41,116,1.05697,-0.0106961,0.000300575
41,117,1.05759,-0.00908863,0.000538894
41,118,1.05816,-0.00727749,0.000746319
41,119,1.0587,-0.00518937,0.000911974
41,120,1.05921,-0.00279296,0.00101714
41,121,1.05967,-0.000131154,0.00103418
41,122,1.0601,0.00265629,0.000930477
41,123,1.06049,0.0053052,0.000684697
41,124,1.06084,0.00731415,0.000323987
41,125,1.06115,0.00759644,-2.55246e-05
41,126,1.06141,0.00384699,-0.000119024
41,127,1,-0.00343474,0
42,0,1,0,0
42,1,0.932605,0.00152019,0.000194362
42,2,0.932771,0.00542967,0.000706689
42,3,0.932919,0.00953225,0.00117502
42,4,0.933055,0.0132531,0.00147601
42,5,0.933185,0.016539,0.00160776
42,6,0.933314,0.0194476,0.00160511
42,7,0.933446,0.0220261,0.00150563
42,8,0.933584,0.0243043,0.00133999
42,9,0.933733,0.0263146,0.00113062
42,10,0.933895,0.0281032,0.00089276
42,11,0.934075,0.0297275,0.000636035
42,12,0.934277,0.0312469,0.000366063
42,13,0.934504,0.0327124,8.57661e-05
42,14,0.934761,0.0341608,-0.000203578
42,15,0.935051,0.0356119,-0.000501619
42,16,0.935379,0.0370711,-0.000808497
42,17,0.93575,0.0385319,-0.00112462
42,18,0.936167,0.0399801,-0.00145055
42,19,0.936634,0.0413972,-0.00178697
42,20,0.937156,0.0427631,-0.00213463
42,21,0.937738,0.044058,-0.00249432
42,22,0.938382,0.0452637,-0.00286683
42,23,0.939093,0.0463643,-0.00325291
42,24,0.939874,0.0473461,-0.00365322
42,25,0.940729,0.0481982,-0.0040683
42,26,0.941661,0.0489117,-0.00449856
42,27,0.942671,0.0494799,-0.00494419
42,28,0.943763,0.0498981,-0.00540517
42,29,0.944939,0.0501628,-0.00588124
42,30,0.946199,0.0502723,-0.0063719
42,31,0.947544,0.050226,-0.00687631
42,32,0.948975,0.0500244,-0.00739338
42,33,0.950491,0.0496694,-0.0079217
42,34,0.952091,0.0491634,-0.00845954
42,35,0.953774,0.04851,-0.00900487
42,36,0.955538,0.0477137,-0.00955539
42,37,0.957378,0.0467795,-0.0101085
42,38,0.959291,0.0457135,-0.0106614
42,39,0.961273,0.0445221,-0.011211
42,40,0.963317,0.0432124,-0.0117543
42,41,0.965418,0.0417922,-0.0122878
42,42,0.96757,0.0402691,-0.0128085
42,43,0.969764,0.0386516,-0.0133129
42,44,0.971994,0.0369478,-0.0137982
42,45,0.974251,0.035166,-0.0142612
42,46,0.976528,0.0333146,-0.0146994
42,47,0.978816,0.0314016,-0.0151105
42,48,0.981107,0.0294348,-0.0154925
42,49,0.983395,0.0274215,-0.0158439
42,50,0.985672,0.0253689,-0.0161636
42,51,0.987931,0.0232836,-0.0164512
42,52,0.990166,0.0211717,-0.0167063
42,53,0.992372,0.019039,-0.0169294
42,54,0.994543,0.0168907,-0.017121
42,55,0.996675,0.0147319,-0.0172823
42,56,0.998763,0.0125671,-0.0174147
42,57,1.0008,0.0104006,-0.0175196
42,58,1.00279,0.00823642,-0.017599
42,59,1.00473,0.00607847,-0.0176548
42,60,1.00661,0.00393046,-0.0176888
42,61,1.00843,0.00179601,-0.0177031
42,62,1.01019,-0.000321287,-0.0176995
42,63,1.01188,-0.00241787,-0.01768
42,64,1.01351,-0.00449017,-0.0176459
42,65,1.01506,-0.00653457,-0.017599
42,66,1.01655,-0.00854744,-0.0175402
42,67,1.01797,-0.0105251,-0.0174705
42,68,1.01932,-0.0124638,-0.0173907
42,69,1.0206,-0.0143598,-0.017301
42,70,1.02181,-0.0162093,-0.0172015
42,71,1.02295,-0.0180086,-0.0170919
42,72,1.02402,-0.0197539,-0.0169718
42,73,1.02503,-0.0214414,-0.0168403
42,74,1.02597,-0.0230675,-0.0166962
42,75,1.02686,-0.0246286,-0.0165385
42,76,1.0277,-0.0261212,-0.0163656
42,77,1.02848,-0.0275419,-0.016176
42,78,1.02922,-0.0288872,-0.0159681
42,79,1.02992,-0.0301541,-0.0157405
42,80,1.03059,-0.0313394,-0.0154917
42,81,1.03123,-0.03244,-0.0152204
42,82,1.03184,-0.0334531,-0.0149255
42,83,1.03244,-0.0343759,-0.0146064
42,84,1.03302,-0.0352055,-0.0142626
42,85,1.0336,-0.0359393,-0.0138939
42,86,1.03417,-0.0365747,-0.0135007
42,87,1.03474,-0.0371092,-0.0130837
42,88,1.03531,-0.0375402,-0.0126438
42,89,1.03589,-0.0378655,-0.0121826
42,90,1.03648,-0.0380827,-0.0117016
42,91,1.03708,-0.0381896,-0.011203
42,92,1.03769,-0.0381843,-0.0106889
42,93,1.03831,-0.0380648,-0.010162
42,94,1.03894,-0.0378294,-0.0096247
42,95,1.0396,-0.0374769,-0.00907989
42,96,1.04026,-0.0370063,-0.00853035
42,97,1.04094,-0.0364169,-0.00797889
42,98,1.04163,-0.0357087,-0.0074283
42,99,1.04234,-0.0348827,-0.00688126
42,100,1.04306,-0.0339404,-0.00634035
42,101,1.04378,-0.0328848,-0.00580796
42,102,1.04452,-0.0317203,-0.00528628
42,103,1.04526,-0.0304531,-0.00477726
42,104,1.04601,-0.0290916,-0.00428261
42,105,1.04676,-0.0276465,-0.00380374
42,106,1.0475,-0.0261314,-0.00334183
42,107,1.04825,-0.0245624,-0.00289779
42,108,1.04898,-0.0229579,-0.00247233
42,109,1.04971,-0.0213382,-0.00206601
42,110,1.05042,-0.0197237,-0.00167927
42,111,1.05111,-0.0181333,-0.00131253
42,112,1.05179,-0.0165806,-0.000966167
42,113,1.05244,-0.0150704,-0.000640545
42,114,1.05306,-0.0135928,-0.000336042
42,115,1.05366,-0.0121185,-5.31391e-05
42,116,1.05423,-0.0105945,0.000207218
42,117,1.05477,-0.00894556,0.00044273
42,118,1.05527,-0.00708295,0.000648084
42,119,1.05575,-0.0049261,0.000812438
42,120,1.05618,-0.00243436,0.000916648
42,121,1.05659,0.000357429,0.000932198
42,122,1.05696,0.00330724,0.000826522
42,123,1.0573,0.00612131,0.000581816
42,124,1.05761,0.00822047,0.00023261
42,125,1.05788,0.00839295,-8.54262e-05
42,126,1.0581,0.00423983,-0.000127708
42,127,1,-0.00343474,0
43,0,1,0,0
43,1,0.93367,0.00138885,0.00014268
43,2,0.933868,0.00515718,0.000614259
43,3,0.934037,0.0093682,0.00108319
43,4,0.93419,0.0132541,0.00140286
43,5,0.934333,0.0166898,0.00155711
43,6,0.93447,0.0197151,0.00157474
43,7,0.934606,0.02238,0.00149266
43,8,0.934745,0.0247223,0.00134247
43,9,0.934892,0.0267823,0.00114755
43,10,0.93505,0.0286127,0.000923749
43,11,0.935223,0.030276,0.000680965
43,12,0.935416,0.0318345,0.000424799
43,13,0.935633,0.0333411,0.000158064
43,14,0.935879,0.0348331,-0.000118078
43,15,0.936158,0.0363305,-0.000403357
43,16,0.936474,0.0378377,-0.000697953
43,17,0.936833,0.0393473,-0.00100227
43,18,0.937238,0.0408439,-0.00131686
43,19,0.937695,0.0423077,-0.00164236
43,20,0.938207,0.0437173,-0.00197946
43,21,0.938779,0.0450516,-0.00232889
43,22,0.939414,0.0462913,-0.00269139
43,23,0.940118,0.0474194,-0.00306761
43,24,0.940893,0.0484215,-0.00345817
43,25,0.941743,0.0492861,-0.00386351
43,26,0.942671,0.0500038,-0.00428395
43,27,0.943679,0.050568,-0.0047196
43,28,0.94477,0.0509737,-0.00517034
43,29,0.945945,0.051218,-0.0056358
43,30,0.947205,0.0512993,-0.00611533
43,31,0.948552,0.0512178,-0.00660798
43,32,0.949984,0.0509746,-0.00711249
43,33,0.951501,0.0505722,-0.00762727
43,34,0.953102,0.0500142,-0.00815042
43,35,0.954784,0.049305,-0.00867972
43,36,0.956543,0.04845,-0.00921267
43,37,0.958377,0.0474556,-0.0097465
43,38,0.96028,0.0463286,-0.0102782
43,39,0.962247,0.0450768,-0.0108047
43,40,0.964272,0.0437082,-0.0113227
43,41,0.966348,0.0422315,-0.0118289
43,42,0.968468,0.0406554,-0.0123201
43,43,0.970625,0.038989,-0.0127932
43,44,0.972811,0.0372412,-0.0132453
43,45,0.975018,0.0354208,-0.0136737
43,46,0.977239,0.0335365,-0.0140761
43,47,0.979467,0.0315965,-0.0144507
43,48,0.981694,0.0296086,-0.0147958
43,49,0.983913,0.0275799,-0.0151106
43,50,0.986119,0.0255172,-0.0153945
43,51,0.988307,0.0234267,-0.0156473
43,52,0.99047,0.0213138,-0.0158694
43,53,0.992604,0.0191837,-0.0160615
43,54,0.994705,0.0170408,-0.0162247
43,55,0.99677,0.0148894,-0.0163604
43,56,0.998795,0.0127332,-0.0164702
43,57,1.00078,0.0105757,-0.0165558
43,58,1.00271,0.00842022,-0.0166193
43,59,1.0046,0.00627009,-0.0166625
43,60,1.00643,0.00412843,-0.0166874
43,61,1.00821,0.00199843,-0.016696
43,62,1.00993,-0.000116668,-0.01669
43,63,1.01159,-0.00221353,-0.0166711
43,64,1.01319,-0.00428872,-0.0166408
43,65,1.01473,-0.00633866,-0.0166003
43,66,1.0162,-0.00835965,-0.0165506
43,67,1.01761,-0.0103479,-0.0164926
43,68,1.01895,-0.0122994,-0.0164265
43,69,1.02022,-0.0142102,-0.0163528
43,70,1.02142,-0.0160763,-0.0162711
43,71,1.02255,-0.0178935,-0.0161812
43,72,1.02362,-0.0196577,-0.0160824
43,73,1.02462,-0.0213648,-0.0159737
43,74,1.02556,-0.0230108,-0.0158539
43,75,1.02644,-0.0245918,-0.0157218
43,76,1.02726,-0.0261038,-0.0155758
43,77,1.02803,-0.0275431,-0.0154142
43,78,1.02876,-0.0289061,-0.0152356
43,79,1.02944,-0.0301892,-0.0150381
43,80,1.03008,-0.0313893,-0.0148204
43,81,1.0307,-0.0325029,-0.014581
43,82,1.03128,-0.0335272,-0.0143188
43,83,1.03185,-0.0344591,-0.014033
43,84,1.03239,-0.035296,-0.0137228
43,85,1.03293,-0.0360352,-0.0133882
43,86,1.03345,-0.0366743,-0.0130291
43,87,1.03398,-0.0372108,-0.0126462
43,88,1.0345,-0.0376426,-0.0122403
43,89,1.03502,-0.0379674,-0.0118126
43,90,1.03555,-0.0381832,-0.0113647
43,91,1.03609,-0.0382883,-0.0108984
43,92,1.03664,-0.0382807,-0.0104158
43,93,1.03719,-0.0381589,-0.00991926
43,94,1.03776,-0.0379215,-0.00941125
43,95,1.03835,-0.0375673,-0.00889439
43,96,1.03894,-0.0370953,-0.00837139
43,97,1.03955,-0.0365053,-0.00784497
43,98,1.04018,-0.0357971,-0.00731784
43,99,1.04081,-0.0349715,-0.00679264
43,100,1.04146,-0.0340301,-0.0062719
43,101,1.04211,-0.0329757,-0.00575799
43,102,1.04277,-0.0318125,-0.00525312
43,103,1.04344,-0.0305466,-0.00475926
43,104,1.04411,-0.029186,-0.00427815
43,105,1.04479,-0.0277413,-0.00381128
43,106,1.04546,-0.0262257,-0.00335991
43,107,1.04612,-0.0246552,-0.00292508
43,108,1.04678,-0.023048,-0.00250762
43,109,1.04743,-0.021424,-0.00210825
43,110,1.04806,-0.0198035,-0.00172759
43,111,1.04868,-0.018205,-0.00136622
43,112,1.04928,-0.016642,-0.0010247
43,113,1.04985,-0.015119,-0.000703568
43,114,1.05041,-0.013626,-0.000403299
43,115,1.05093,-0.0121334,-0.000124409
43,116,1.05143,-0.0105874,0.000132238
43,117,1.0519,-0.00891046,0.00036454
43,118,1.05234,-0.00700975,0.00056742
43,119,1.05275,-0.00479744,0.000730103
43,120,1.05313,-0.00222323,0.000833117
43,121,1.05347,0.00068629,0.000847387
43,122,1.05379,0.0037857,0.000740442
43,123,1.05408,0.00674787,0.000497454
43,124,1.05435,0.00891271,0.000161552
43,125,1.05457,0.00895267,-0.000125887
43,126,1.05477,0.00440481,-0.000141066
43,127,1,-0.00343474,0
44,0,1,0,0
44,1,0.934985,0.00103445,9.30278e-05
44,2,0.935206,0.00458185,0.000508339
44,3,0.935396,0.00884828,0.000975077
44,4,0.935562,0.0128602,0.00131238
44,5,0.935712,0.0164079,0.00148831
44,6,0.935851,0.0195069,0.0015262
44,7,0.935985,0.0222068,0.00146162
44,8,0.936117,0.0245523,0.0013268
44,9,0.936253,0.0265915,0.00114613
44,10,0.936396,0.0283838,0.000936105
44,11,0.93655,0.0299965,0.000706863
44,12,0.936722,0.0314956,0.000464008
44,13,0.936914,0.0329359,0.000210241
44,14,0.937132,0.0343561,-5.34021e-05
44,15,0.93738,0.0357774,-0.000326743
44,16,0.937665,0.0372052,-0.000610014
44,17,0.93799,0.0386333,-0.000903638
44,18,0.93836,0.0400478,-0.00120814
44,19,0.938782,0.0414301,-0.00152412
44,20,0.93926,0.0427605,-0.00185222
44,21,0.939798,0.0440194,-0.00219308
44,22,0.940403,0.0451887,-0.00254733
44,23,0.941077,0.0462528,-0.00291555
44,24,0.941826,0.0471983,-0.00329818
44,25,0.942652,0.0480145,-0.00369557
44,26,0.94356,0.0486931,-0.00410788
44,27,0.944553,0.0492276,-0.00453505
44,28,0.945631,0.0496136,-0.0049768
44,29,0.946797,0.0498483,-0.00543258
44,30,0.948052,0.0499305,-0.00590156
44,31,0.949396,0.04986,-0.00638259
44,32,0.950828,0.0496381,-0.00687419
44,33,0.952346,0.0492669,-0.00737458
44,34,0.953948,0.0487496,-0.00788164
44,35,0.95563,0.0480904,-0.00839295
44,36,0.957389,0.047294,-0.00890584
44,37,0.959219,0.0463661,-0.00941738
44,38,0.961115,0.0453128,-0.00992449
44,39,0.96307,0.0441411,-0.010424
44,40,0.965077,0.0428579,-0.0109125
44,41,0.96713,0.0414708,-0.0113871
44,42,0.96922,0.0399875,-0.0118444
44,43,0.971339,0.0384156,-0.0122818
44,44,0.973481,0.0367629,-0.0126965
44,45,0.975638,0.0350368,-0.0130863
44,46,0.977802,0.0332447,-0.0134494
44,47,0.979967,0.0313936,-0.0137843
44,48,0.982127,0.0294901,-0.0140901
44,49,0.984276,0.0275405,-0.0143663
44,50,0.98641,0.0255506,-0.0146128
44,51,0.988523,0.0235258,-0.01483
44,52,0.990612,0.0214714,-0.0150187
44,53,0.992674,0.019392,-0.01518
44,54,0.994705,0.0172922,-0.0153153
44,55,0.996702,0.015176,-0.0154262
44,56,0.998663,0.0130476,-0.0155146
44,57,1.00058,0.0109108,-0.0155823
44,58,1.00247,0.00876946,-0.0156313
44,59,1.0043,0.00662724,-0.0156636
44,60,1.00609,0.00448792,-0.015681
44,61,1.00783,0.00235526,-0.0156854
44,62,1.00952,0.000233078,-0.0156784
44,63,1.01115,-0.00187474,-0.0156614
44,64,1.01273,-0.00396421,-0.0156359
44,65,1.01425,-0.00603127,-0.0156028
44,66,1.0157,-0.00807178,-0.0155629
44,67,1.01709,-0.0100815,-0.0155169
44,68,1.01842,-0.0120562,-0.015465
44,69,1.01968,-0.0139915,-0.0154072
44,70,1.02087,-0.015883,-0.0153433
44,71,1.022,-0.0177264,-0.0152727
44,72,1.02306,-0.0195174,-0.0151947
44,73,1.02405,-0.0212518,-0.0151082
44,74,1.02498,-0.0229252,-0.0150119
44,75,1.02585,-0.0245337,-0.0149045
44,76,1.02667,-0.0260732,-0.0147843
44,77,1.02743,-0.0275399,-0.0146498
44,78,1.02814,-0.0289301,-0.0144991
44,79,1.0288,-0.0302403,-0.0143306
44,80,1.02942,-0.0314669,-0.0141428
44,81,1.03001,-0.0326068,-0.0139341
44,82,1.03057,-0.0336569,-0.0137033
44,83,1.0311,-0.034614,-0.0134494
44,84,1.03161,-0.0354754,-0.0131718
44,85,1.03211,-0.0362382,-0.01287
44,86,1.03259,-0.0368997,-0.012544
44,87,1.03307,-0.0374575,-0.0121943
44,88,1.03354,-0.0379089,-0.0118213
44,89,1.03401,-0.0382515,-0.0114263
44,90,1.03449,-0.0384832,-0.0110106
44,91,1.03497,-0.0386017,-0.0105759
44,92,1.03546,-0.038605,-0.0101241
44,93,1.03595,-0.0384914,-0.0096573
44,94,1.03646,-0.0382591,-0.00917796
44,95,1.03698,-0.037907,-0.00868856
44,96,1.03751,-0.037434,-0.00819166
44,97,1.03805,-0.0368397,-0.00768992
44,98,1.03861,-0.0361242,-0.00718596
44,99,1.03917,-0.0352884,-0.00668236
44,100,1.03975,-0.0343341,-0.00618162
44,101,1.04033,-0.0332643,-0.00568611
44,102,1.04092,-0.0320835,-0.00519802
44,103,1.04152,-0.0307981,-0.00471935
44,104,1.04212,-0.0294164,-0.00425187
44,105,1.04272,-0.0279494,-0.00379716
44,106,1.04332,-0.0264105,-0.00335655
44,107,1.04391,-0.0248157,-0.00293118
44,108,1.0445,-0.0231835,-0.00252203
44,109,1.04507,-0.0215339,-0.00212995
44,110,1.04564,-0.0198871,-0.00175573
44,111,1.04618,-0.0182616,-0.00140012
44,112,1.04671,-0.0166708,-0.00106385
44,113,1.04722,-0.0151191,-0.000747593
44,114,1.04771,-0.0135965,-0.000451946
44,115,1.04817,-0.0120729,-0.00017745
44,116,1.04861,-0.0104935,7.51062e-05
44,117,1.04902,-0.00877854,0.000303815
44,118,1.0494,-0.00683018,0.000503836
44,119,1.04975,-0.00455269,0.000664517
44,120,1.05008,-0.00188539,0.000766184
44,121,1.05037,0.0011533,0.000779329
44,122,1.05065,0.0044123,0.00067199
44,123,1.0509,0.00752664,0.000432568
44,124,1.05112,0.00975164,0.00010916
44,125,1.05132,0.00964972,-0.000153275
44,126,1.05147,0.00472315,-0.000137905
44,127,1,-0.00343474,0
45,0,1,0,0
45,1,0.93657,0.000792364,3.38901e-05
45,2,0.936819,0.00406086,0.00039292
45,3,0.93703,0.00836848,0.000851427
45,4,0.937212,0.0125216,0.0012035
45,5,0.937373,0.016215,0.00140055
45,6,0.937519,0.0194329,0.00145831
45,7,0.937656,0.022221,0.00141088
45,8,0.937788,0.0246305,0.00129106
45,9,0.93792,0.0267179,0.00112416
45,10,0.938057,0.0285499,0.000927306
45,11,0.938203,0.0301995,0.000710891
45,12,0.938364,0.0317361,0.000480514
45,13,0.938543,0.0332167,0.00023877
45,14,0.938747,0.0346806,-1.34128e-05
45,15,0.938981,0.0361489,-0.000275928
45,16,0.93925,0.0376264,-0.00054903
45,17,0.939559,0.039106,-0.000833122
45,18,0.939913,0.0405725,-0.00112868
45,19,0.940319,0.0420065,-0.00143622
45,20,0.94078,0.0433865,-0.00175629
45,21,0.941303,0.0446919,-0.00208942
45,22,0.941891,0.0459036,-0.0024361
45,23,0.94255,0.0470048,-0.00279678
45,24,0.943283,0.0479814,-0.00317176
45,25,0.944094,0.0488221,-0.00356121
45,26,0.944986,0.049518,-0.00396513
45,27,0.945962,0.0500626,-0.00438329
45,28,0.947024,0.0504516,-0.00481522
45,29,0.948172,0.0506824,-0.00526019
45,30,0.949408,0.050754,-0.00571715
45,31,0.950731,0.050667,-0.00618476
45,32,0.952139,0.050423,-0.00666134
45,33,0.953631,0.0500252,-0.00714489
45,34,0.955203,0.0494774,-0.00763313
45,35,0.956852,0.0487846,-0.00812346
45,36,0.958573,0.0479525,-0.00861307
45,37,0.96036,0.0469877,-0.00909895
45,38,0.962207,0.0458971,-0.00957796
45,39,0.964108,0.0446884,-0.0100469
45,40,0.966056,0.0433695,-0.0105027
45,41,0.968043,0.0419486,-0.0109422
45,42,0.970061,0.0404338,-0.0113627
45,43,0.972105,0.0388335,-0.0117615
45,44,0.974166,0.0371557,-0.0121365
45,45,0.976238,0.0354081,-0.0124859
45,46,0.978315,0.0335982,-0.0128082
45,47,0.980392,0.031733,-0.0131025
45,48,0.982462,0.0298189,-0.0133685
45,49,0.984522,0.027862,-0.013606
45,50,0.986568,0.0258678,-0.0138157
45,51,0.988595,0.0238413,-0.0139981
45,52,0.990602,0.0217871,-0.0141546
45,53,0.992585,0.0197095,-0.0142866
45,54,0.994542,0.0176123,-0.0143957
45,55,0.996471,0.0154992,-0.0144837
45,56,0.998368,0.0133736,-0.0145525
45,57,1.00023,0.011239,-0.0146042
45,58,1.00206,0.00909855,-0.0146406
45,59,1.00385,0.00695573,-0.0146637
45,60,1.0056,0.00481393,-0.0146752
45,61,1.0073,0.00267671,-0.0146768
45,62,1.00896,0.000547723,-0.01467
45,63,1.01056,-0.00156918,-0.0146561
45,64,1.01212,-0.00367002,-0.0146361
45,65,1.01362,-0.00575064,-0.014611
45,66,1.01505,-0.00780673,-0.0145813
45,67,1.01643,-0.00983388,-0.0145475
45,68,1.01775,-0.0118275,-0.0145096
45,69,1.019,-0.0137831,-0.0144676
45,70,1.02018,-0.0156959,-0.0144209
45,71,1.0213,-0.0175613,-0.014369
45,72,1.02235,-0.0193747,-0.014311
45,73,1.02334,-0.0211313,-0.0142457
45,74,1.02426,-0.0228267,-0.0141719
45,75,1.02512,-0.0244565,-0.014088
45,76,1.02592,-0.0260164,-0.0139925
45,77,1.02666,-0.0275022,-0.0138835
45,78,1.02735,-0.02891,-0.0137595
45,79,1.02799,-0.0302359,-0.0136186
45,80,1.02859,-0.0314764,-0.0134592
45,81,1.02915,-0.0326281,-0.0132798
45,82,1.02967,-0.0336877,-0.0130791
45,83,1.03017,-0.0346523,-0.0128559
45,84,1.03064,-0.035519,-0.0126096
45,85,1.03109,-0.036285,-0.0123395
45,86,1.03153,-0.036948,-0.0120455
45,87,1.03195,-0.0375055,-0.0117278
45,88,1.03237,-0.0379553,-0.011387
45,89,1.03279,-0.0382953,-0.0110238
45,90,1.03321,-0.0385237,-0.0106396
45,91,1.03363,-0.0386384,-0.0102357
45,92,1.03406,-0.038638,-0.00981403
45,93,1.03449,-0.0385208,-0.00937654
45,94,1.03494,-0.0382856,-0.00892544
45,95,1.03539,-0.0379312,-0.00846311
45,96,1.03586,-0.037457,-0.00799201
45,97,1.03634,-0.0368625,-0.00751469
45,98,1.03683,-0.0361478,-0.00703369
45,99,1.03734,-0.0353138,-0.00655155
45,100,1.03785,-0.0343622,-0.00607073
45,101,1.03837,-0.0332958,-0.00559357
45,102,1.0389,-0.0321188,-0.00512226
45,103,1.03943,-0.0308374,-0.00465882
45,104,1.03997,-0.0294596,-0.00420508
45,105,1.04051,-0.027996,-0.00376267
45,106,1.04105,-0.0264598,-0.00333301
45,107,1.04158,-0.0248667,-0.00291735
45,108,1.04211,-0.0232348,-0.00251678
45,109,1.04262,-0.0215838,-0.0021323
45,110,1.04313,-0.0199337,-0.00176486
45,111,1.04362,-0.0183026,-0.00141537
45,112,1.04409,-0.0167038,-0.0010847
45,113,1.04454,-0.0151417,-0.000773674
45,114,1.04497,-0.013606,-0.000482989
45,115,1.04538,-0.0120666,-0.000213212
45,116,1.04576,-0.010468,3.49442e-05
45,117,1.04612,-0.00872833,0.000259766
45,118,1.04645,-0.00674556,0.000456671
45,119,1.04676,-0.00441612,0.000615175
45,120,1.04704,-0.00166886,0.000715547
45,121,1.04729,0.00148587,0.000728171
45,122,1.04753,0.00489035,0.000621579
45,123,1.04774,0.00813946,0.000386597
45,124,1.04793,0.0104039,7.66114e-05
45,125,1.04809,0.0101474,-0.000163358
45,126,1.04822,0.00486091,-0.000138686
45,127,1,-0.00343474,0
46,0,1,0,0
46,1,0.938424,0.000362418,-2.28516e-05
46,2,0.938694,0.00327165,0.000266944
46,3,0.938922,0.00756428,0.000713839
46,4,0.939116,0.0118187,0.00107894
46,5,0.939283,0.0156221,0.00129594
46,6,0.93943,0.0189194,0.00137333
46,7,0.939562,0.0217493,0.00134305
46,8,0.939685,0.0241674,0.00123822
46,9,0.939804,0.0262384,0.00108503
46,10,0.939924,0.0280364,0.00090125
46,11,0.940049,0.0296399,0.000697518
46,12,0.940185,0.031122,0.000479434
46,13,0.940336,0.0325419,0.000249488
46,14,0.940509,0.0339403,8.49107e-06
46,15,0.940708,0.0353391,-0.000243527
46,16,0.94094,0.0367443,-0.000506853
46,17,0.94121,0.0381499,-0.000781879
46,18,0.941524,0.0395419,-0.00106903
46,19,0.941888,0.0409023,-0.00136876
46,20,0.942307,0.0422114,-0.00168149
46,21,0.942788,0.04345,-0.00200762
46,22,0.943335,0.0446002,-0.00234751
46,23,0.943953,0.0456469,-0.0027014
46,24,0.944647,0.046577,-0.00306943
46,25,0.945421,0.0473801,-0.00345156
46,26,0.946278,0.0480484,-0.00384755
46,27,0.94722,0.0485759,-0.00425696
46,28,0.948249,0.0489587,-0.00467908
46,29,0.949367,0.0491945,-0.00511293
46,30,0.950573,0.0492824,-0.00555723
46,31,0.951867,0.049223,-0.00601041
46,32,0.953246,0.0490178,-0.00647057
46,33,0.954708,0.0486694,-0.00693552
46,34,0.956248,0.0481813,-0.00740278
46,35,0.957863,0.0475578,-0.00786964
46,36,0.959547,0.0468038,-0.00833319
46,37,0.961293,0.045925,-0.00879039
46,38,0.963094,0.0449274,-0.00923815
46,39,0.964945,0.0438172,-0.00967339
46,40,0.966837,0.0426012,-0.0100932
46,41,0.968762,0.0412861,-0.0104947
46,42,0.970715,0.0398787,-0.0108755
46,43,0.972687,0.0383856,-0.0112333
46,44,0.974673,0.0368135,-0.0115666
46,45,0.976667,0.0351686,-0.0118739
46,46,0.978662,0.0334571,-0.0121543
46,47,0.980655,0.0316846,-0.0124075
46,48,0.98264,0.0298567,-0.0126336
46,49,0.984616,0.0279784,-0.012833
46,50,0.986579,0.0260546,-0.0130066
46,51,0.988526,0.0240898,-0.0131556
46,52,0.990454,0.0220886,-0.0132815
46,53,0.992363,0.0200549,-0.0133859
46,54,0.99425,0.017993,-0.0134707
46,55,0.996112,0.0159068,-0.0135379
46,56,0.997949,0.0138002,-0.0135893
46,57,0.999757,0.0116772,-0.013627
46,58,1.00153,0.0095418,-0.0136527
46,59,1.00328,0.007398,-0.0136684
46,60,1.00499,0.00524995,-0.0136755
46,61,1.00665,0.0031019,-0.0136757
46,62,1.00828,0.000958174,-0.0136702
46,63,1.00986,-0.00117676,-0.01366
46,64,1.01139,-0.00329833,-0.0136462
46,65,1.01287,-0.00540189,-0.0136294
46,66,1.01429,-0.00748268,-0.01361
46,67,1.01565,-0.00953587,-0.0135881
46,68,1.01695,-0.0115566,-0.0135639
46,69,1.01819,-0.0135399,-0.0135369
46,70,1.01936,-0.015481,-0.0135067
46,71,1.02047,-0.017375,-0.0134726
46,72,1.02151,-0.019217,-0.0134335
46,73,1.02248,-0.0210024,-0.0133882
46,74,1.02339,-0.0227265,-0.0133355
46,75,1.02423,-0.0243848,-0.0132738
46,76,1.02502,-0.025973,-0.0132014
46,77,1.02574,-0.0274869,-0.0131166
46,78,1.02641,-0.0289226,-0.0130177
46,79,1.02703,-0.0302763,-0.0129029
46,80,1.0276,-0.0315443,-0.0127705
46,81,1.02813,-0.0327232,-0.0126189
46,82,1.02862,-0.0338097,-0.0124469
46,83,1.02908,-0.0348008,-0.0122531
46,84,1.02951,-0.0356934,-0.0120367
46,85,1.02992,-0.0364848,-0.0117971
46,86,1.03032,-0.0371721,-0.0115339
46,87,1.0307,-0.0377527,-0.0112472
46,88,1.03107,-0.0382243,-0.0109374
46,89,1.03143,-0.0385843,-0.0106051
46,90,1.0318,-0.0388305,-0.0102515
46,91,1.03217,-0.0389608,-0.00987769
46,92,1.03254,-0.0389732,-0.00948544
46,93,1.03292,-0.0388658,-0.00907655
46,94,1.0333,-0.0386373,-0.0086531
46,95,1.0337,-0.0382862,-0.00821732
46,96,1.03411,-0.0378118,-0.00777157
46,97,1.03453,-0.0372137,-0.00731831
46,98,1.03496,-0.0364922,-0.00686001
46,99,1.03541,-0.035648,-0.00639914
46,100,1.03586,-0.0346833,-0.00593813
46,101,1.03632,-0.0336012,-0.0054793
46,102,1.03679,-0.0324062,-0.00502485
46,103,1.03727,-0.0311048,-0.00457681
46,104,1.03775,-0.0297056,-0.00413706
46,105,1.03823,-0.0282194,-0.00370727
46,106,1.03871,-0.0266597,-0.00328895
46,107,1.03919,-0.0250425,-0.00288343
46,108,1.03966,-0.0233861,-0.00249193
46,109,1.04012,-0.0217103,-0.00211557
46,110,1.04057,-0.020035,-0.00175544
46,111,1.04101,-0.0183783,-0.00141258
46,112,1.04143,-0.0167535,-0.00108803
46,113,1.04184,-0.0151648,-0.000782716
46,114,1.04222,-0.0136018,-0.000497428
46,115,1.04258,-0.0120343,-0.000232759
46,116,1.04292,-0.0104059,1.06504e-05
46,117,1.04324,-0.00863241,0.00023127
46,118,1.04353,-0.00660698,0.00042478
46,119,1.0438,-0.00421759,0.00058094
46,120,1.04404,-0.00138211,0.000680119
46,121,1.04426,0.00189711,0.000692746
46,122,1.04446,0.00545412,0.000588134
46,123,1.04465,0.008841,0.000359376
46,124,1.04481,0.0111433,6.16576e-05
46,125,1.04494,0.0107326,-0.000161783
46,126,1.04504,0.00510953,-0.00012625
46,127,1,-0.00343474,0
47,0,1,0,0
47,1,0.940558,2.1096e-05,-8.58294e-05
47,2,0.94085,0.0025136,0.000134803
47,3,0.941095,0.00677139,0.000564012
47,4,0.941301,0.0111371,0.00093884
47,5,0.941476,0.0150798,0.00117472
47,6,0.941626,0.0184982,0.00127113
47,7,0.941759,0.0214195,0.00125762
47,8,0.941878,0.0239033,0.00116751
47,9,0.94199,0.0260228,0.00102776
47,10,0.942099,0.0278603,0.000856736
47,11,0.94221,0.0295007,0.000665315
47,12,0.94233,0.031021,0.000459095
47,13,0.942464,0.0324827,0.000240464
47,14,0.942617,0.0339271,1.01363e-05
47,15,0.942794,0.0353762,-0.000231913
47,16,0.943004,0.0368354,-0.000485971
47,17,0.94325,0.0382979,-0.000752387
47,18,0.943539,0.0397486,-0.00103151
47,19,0.943877,0.0411684,-0.00132365
47,20,0.94427,0.0425364,-0.00162912
47,21,0.944724,0.043832,-0.00194816
47,22,0.945243,0.0450365,-0.00228092
47,23,0.945831,0.0461334,-0.00262748
47,24,0.946495,0.0471091,-0.00298773
47,25,0.947236,0.0479524,-0.00336144
47,26,0.948059,0.048655,-0.00374813
47,27,0.948965,0.0492106,-0.00414714
47,28,0.949955,0.0496154,-0.00455753
47,29,0.951031,0.0498671,-0.00497808
47,30,0.952192,0.0499652,-0.00540731
47,31,0.953437,0.0499105,-0.00584342
47,32,0.954763,0.0497052,-0.00628434
47,33,0.956167,0.0493523,-0.00672771
47,34,0.957645,0.048856,-0.00717096
47,35,0.959192,0.0482213,-0.00761128
47,36,0.960803,0.0474538,-0.00804576
47,37,0.962471,0.0465595,-0.00847141
47,38,0.964189,0.0455453,-0.00888525
47,39,0.965951,0.0444179,-0.0092844
47,40,0.96775,0.0431846,-0.00966616
47,41,0.969579,0.0418526,-0.0100281
47,42,0.971431,0.0404289,-0.0103681
47,43,0.973301,0.0389207,-0.0106844
47,44,0.975183,0.0373347,-0.0109759
47,45,0.977072,0.0356773,-0.0112415
47,46,0.978964,0.0339548,-0.0114811
47,47,0.980855,0.0321728,-0.0116946
47,48,0.982741,0.0303368,-0.0118826
47,49,0.984621,0.0284517,-0.012046
47,50,0.986491,0.0265222,-0.0121861
47,51,0.988351,0.0245526,-0.0123042
47,52,0.990198,0.0225469,-0.0124022
47,53,0.99203,0.020509,-0.0124819
47,54,0.993846,0.0184426,-0.0125452
47,55,0.995644,0.0163514,-0.012594
47,56,0.997421,0.014239,-0.0126305
47,57,0.999175,0.012109,-0.0126563
47,58,1.0009,0.00996517,-0.0126733
47,59,1.0026,0.00781139,-0.0126832
47,60,1.00427,0.00565163,-0.0126874
47,61,1.00591,0.00349005,-0.0126872
47,62,1.0075,0.00133099,-0.0126837
47,63,1.00905,-0.000821063,-0.0126779
47,64,1.01056,-0.00296144,-0.0126704
47,65,1.01201,-0.00508531,-0.0126618
47,66,1.01342,-0.00718775,-0.0126523
47,67,1.01476,-0.0092637,-0.0126419
47,68,1.01604,-0.011308,-0.0126305
47,69,1.01726,-0.0133156,-0.0126177
47,70,1.01842,-0.0152812,-0.0126029
47,71,1.01951,-0.0171996,-0.0125852
47,72,1.02054,-0.0190658,-0.0125636
47,73,1.02149,-0.0208747,-0.012537
47,74,1.02238,-0.0226215,-0.0125038
47,75,1.02321,-0.0243013,-0.0124626
47,76,1.02397,-0.0259095,-0.0124118
47,77,1.02467,-0.0274418,-0.0123495
47,78,1.02531,-0.0288939,-0.0122741
47,79,1.0259,-0.0302619,-0.0121837
47,80,1.02644,-0.0315419,-0.0120767
47,81,1.02693,-0.0327305,-0.0119514
47,82,1.02738,-0.0338244,-0.0118065
47,83,1.0278,-0.0348203,-0.0116407
47,84,1.02819,-0.0357156,-0.0114529
47,85,1.02855,-0.0365073,-0.0112425
47,86,1.0289,-0.0371932,-0.011009
47,87,1.02923,-0.0377707,-0.0107523
47,88,1.02954,-0.0382378,-0.0104725
47,89,1.02985,-0.0385925,-0.0101703
47,90,1.03016,-0.0388327,-0.00984639
47,91,1.03048,-0.0389568,-0.009502
47,92,1.03079,-0.0389633,-0.00913855
47,93,1.03111,-0.0388507,-0.00875774
47,94,1.03144,-0.0386177,-0.00836148
47,95,1.03179,-0.0382636,-0.00795188
47,96,1.03214,-0.0377875,-0.0075312
47,97,1.03251,-0.0371892,-0.00710177
47,98,1.03289,-0.036469,-0.00666602
47,99,1.03328,-0.0356278,-0.00622635
47,100,1.03368,-0.0346674,-0.00578514
47,101,1.0341,-0.0335908,-0.00534471
47,102,1.03452,-0.0324022,-0.00490725
47,103,1.03495,-0.0311077,-0.00447482
47,104,1.03539,-0.0297156,-0.00404931
47,105,1.03582,-0.0282364,-0.00363247
47,106,1.03626,-0.0266831,-0.00322586
47,107,1.0367,-0.0250714,-0.00283092
47,108,1.03713,-0.0234191,-0.00244896
47,109,1.03755,-0.0217457,-0.00208123
47,110,1.03796,-0.0200707,-0.00172892
47,111,1.03836,-0.0184121,-0.00139323
47,112,1.03874,-0.0167828,-0.00107529
47,113,1.03911,-0.015187,-0.000776153
47,114,1.03946,-0.0136144,-0.000496685
47,115,1.03978,-0.0120346,-0.000237496
47,116,1.04009,-0.0103909,8.43086e-07
47,117,1.04038,-0.00859734,0.000216987
47,118,1.04064,-0.00654251,0.0004069
47,119,1.04088,-0.00410645,0.00056065
47,120,1.04109,-0.00119617,0.000658882
47,121,1.04128,0.00219369,0.000672387
47,122,1.04146,0.00588842,0.000571176
47,123,1.04161,0.00939688,0.000349656
47,124,1.04175,0.0117221,6.45367e-05
47,125,1.04186,0.0111544,-0.000145694
47,126,1.04195,0.0052188,-0.000117212
47,127,1,-0.00343474,0
48,0,1,0,0
48,1,0.942963,-0.000472427,-0.000145104
48,2,0.943269,0.00152892,-3.26468e-06
48,3,0.943526,0.00569462,0.000404573
48,4,0.943738,0.0101311,0.000786666
48,5,0.943914,0.0141791,0.0010398
48,6,0.944061,0.0176827,0.00115471
48,7,0.944185,0.0206533,0.00115789
48,8,0.944291,0.0231529,0.00108256
48,9,0.944386,0.0252621,0.000956403
48,10,0.944473,0.0270716,0.000798328
48,11,0.944559,0.0286723,0.000619444
48,12,0.944649,0.0301453,0.000425336
48,13,0.944749,0.0315542,0.000218295
48,14,0.944864,0.0329418,-1.06584e-06
48,15,0.945001,0.0343308,-0.00023283
48,16,0.945166,0.0357276,-0.000477293
48,17,0.945365,0.0371263,-0.000734769
48,18,0.945604,0.0385134,-0.00100553
48,19,0.945891,0.0398708,-0.00128978
48,20,0.946231,0.0411794,-0.00158769
48,21,0.94663,0.0424201,-0.00189932
48,22,0.947093,0.0435757,-0.00222464
48,23,0.947626,0.0446311,-0.00256348
48,24,0.948234,0.0455737,-0.00291554
48,25,0.948919,0.0463937,-0.0032803
48,26,0.949685,0.0470835,-0.00365705
48,27,0.950535,0.0476374,-0.00404485
48,28,0.95147,0.0480521,-0.00444251
48,29,0.952489,0.0483255,-0.00484857
48,30,0.953593,0.0484571,-0.00526132
48,31,0.95478,0.0484477,-0.00567875
48,32,0.956046,0.0482989,-0.00609862
48,33,0.957388,0.0480134,-0.00651846
48,34,0.958802,0.0475947,-0.00693559
48,35,0.960282,0.0470466,-0.00734723
48,36,0.961822,0.0463739,-0.00775049
48,37,0.963415,0.0455814,-0.00814252
48,38,0.965056,0.0446745,-0.00852053
48,39,0.966737,0.0436586,-0.0088819
48,40,0.968452,0.0425394,-0.00922428
48,41,0.970194,0.0413224,-0.00954561
48,42,0.971957,0.0400132,-0.00984424
48,43,0.973736,0.0386172,-0.0101189
48,44,0.975525,0.0371396,-0.0103689
48,45,0.977322,0.0355856,-0.0105937
48,46,0.979121,0.03396,-0.0107936
48,47,0.980921,0.0322675,-0.0109691
48,48,0.982719,0.0305125,-0.0111211
48,49,0.984513,0.0286995,-0.0112508
48,50,0.986301,0.0268325,-0.0113598
48,51,0.988082,0.0249159,-0.0114498
48,52,0.989854,0.0229536,-0.0115226
48,53,0.991616,0.0209497,-0.0115803
48,54,0.993367,0.0189085,-0.0116247
48,55,0.995104,0.0168341,-0.0116578
48,56,0.996825,0.0147307,-0.0116815
48,57,0.998528,0.0126028,-0.0116976
48,58,1.00021,0.0104548,-0.0117076
48,59,1.00187,0.00829151,-0.0117132
48,60,1.0035,0.00611757,-0.0117155
48,61,1.00509,0.00393793,-0.0117158
48,62,1.00665,0.00175759,-0.0117149
48,63,1.00817,-0.000418302,-0.0117136
48,64,1.00965,-0.00258453,-0.0117124
48,65,1.01108,-0.00473577,-0.0117116
48,66,1.01246,-0.00686667,-0.0117114
48,67,1.01378,-0.00897182,-0.0117116
48,68,1.01504,-0.0110458,-0.011712
48,69,1.01624,-0.0130832,-0.0117122
48,70,1.01737,-0.0150787,-0.0117113
48,71,1.01844,-0.0170269,-0.0117086
48,72,1.01944,-0.0189226,-0.011703
48,73,1.02038,-0.0207609,-0.0116932
48,74,1.02124,-0.0225367,-0.0116779
48,75,1.02204,-0.0242453,-0.0116555
48,76,1.02278,-0.0258821,-0.0116245
48,77,1.02345,-0.0274428,-0.011583
48,78,1.02406,-0.0289232,-0.0115293
48,79,1.02462,-0.0303193,-0.0114617
48,80,1.02512,-0.0316275,-0.0113784
48,81,1.02558,-0.0328441,-0.0112779
48,82,1.02599,-0.0339659,-0.0111586
48,83,1.02637,-0.0349896,-0.0110193
48,84,1.02672,-0.0359123,-0.0108588
48,85,1.02704,-0.036731,-0.0106763
48,86,1.02734,-0.0374431,-0.0104713
48,87,1.02762,-0.0380459,-0.0102433
48,88,1.02789,-0.0385368,-0.00999254
48,89,1.02815,-0.0389135,-0.00971929
48,90,1.02841,-0.0391738,-0.00942423
48,91,1.02867,-0.0393154,-0.00910834
48,92,1.02894,-0.0393365,-0.0087729
48,93,1.02921,-0.0392353,-0.00841944
48,94,1.02949,-0.0390103,-0.00804973
48,95,1.02979,-0.0386605,-0.00766577
48,96,1.03009,-0.0381849,-0.00726969
48,97,1.03041,-0.0375834,-0.00686375
48,98,1.03074,-0.0368562,-0.0064503
48,99,1.03109,-0.0360046,-0.0060317
48,100,1.03145,-0.0350305,-0.00561029
48,101,1.03182,-0.0339373,-0.00518837
48,102,1.03219,-0.0327298,-0.00476812
48,103,1.03258,-0.0314144,-0.00435163
48,104,1.03297,-0.0299999,-0.00394082
48,105,1.03337,-0.0284971,-0.00353746
48,106,1.03377,-0.0269197,-0.0031432
48,107,1.03416,-0.0252834,-0.00275952
48,108,1.03456,-0.0236065,-0.00238785
48,109,1.03494,-0.0219085,-0.0020295
48,110,1.03532,-0.020209,-0.00168579
48,111,1.03569,-0.0185259,-0.001358
48,112,1.03604,-0.016872,-0.00104738
48,113,1.03638,-0.0152515,-0.000755072
48,114,1.0367,-0.0136541,-0.00048199
48,115,1.037,-0.0120491,-0.000228766
48,116,1.03729,-0.0103792,4.0975e-06
48,117,1.03755,-0.00855633,0.000215429
48,118,1.03779,-0.00646433,0.000401486
48,119,1.03801,-0.0039747,0.000552731
48,120,1.0382,-0.000983236,0.000650262
48,121,1.03838,0.00252318,0.000665409
48,122,1.03853,0.00636037,0.000569045
48,123,1.03867,0.0099935,0.000356474
48,124,1.03879,0.0123448,8.27614e-05
48,125,1.03889,0.0116294,-0.000119865
48,126,1.03895,0.00540819,-9.78895e-05
48,127,1,-0.00343474,0
49,0,1,0,0
49,1,0.945634,-0.000890733,-0.000206853
49,2,0.945953,0.000569525,-0.000142438
49,3,0.946219,0.00461998,0.000238218
49,4,0.946437,0.0091322,0.000623788
49,5,0.946615,0.0133106,0.00089251
49,6,0.94676,0.0169367,0.00102497
49,7,0.946877,0.0200026,0.00104439
49,8,0.946974,0.0225708,0.000983685
49,9,0.947055,0.0247304,0.000871081
49,10,0.947127,0.0265807,0.000725974
49,11,0.947193,0.0282199,0.000559666
49,12,0.94726,0.0297333,0.000377724
49,13,0.947335,0.0311869,0.00018234
49,14,0.947422,0.0326244,-2.59541e-05
49,15,0.947529,0.0340686,-0.000247278
49,16,0.947662,0.0355252,-0.000481911
49,17,0.947828,0.0369879,-0.000730099
49,18,0.948032,0.0384418,-0.000992008
49,19,0.948281,0.0398681,-0.00126771
49,20,0.948582,0.0412463,-0.0015572
49,21,0.94894,0.0425562,-0.00186034
49,22,0.94936,0.0437794,-0.00217691
49,23,0.949847,0.0448999,-0.0025065
49,24,0.950406,0.0459041,-0.00284856
49,25,0.95104,0.0467813,-0.00320235
49,26,0.951751,0.0475234,-0.0035669
49,27,0.952542,0.0481244,-0.00394105
49,28,0.953414,0.0485806,-0.00432336
49,29,0.954367,0.04889,-0.00471218
49,30,0.955399,0.0490522,-0.00510561
49,31,0.956509,0.049068,-0.00550149
49,32,0.957693,0.0489395,-0.00589749
49,33,0.958949,0.0486697,-0.00629105
49,34,0.960271,0.0482622,-0.00667952
49,35,0.961654,0.0477217,-0.00706016
49,36,0.963093,0.047053,-0.00743022
49,37,0.964582,0.0462616,-0.00778703
49,38,0.966113,0.0453532,-0.00812807
49,39,0.967682,0.0443336,-0.00845104
49,40,0.969283,0.0432088,-0.00875395
49,41,0.970909,0.0419848,-0.00903518
49,42,0.972557,0.0406673,-0.00929348
49,43,0.974221,0.0392622,-0.00952809
49,44,0.975897,0.0377749,-0.00973865
49,45,0.977582,0.0362106,-0.00992528
49,46,0.979275,0.0345745,-0.0100885
49,47,0.980971,0.0328713,-0.0102292
49,48,0.98267,0.0311056,-0.0103486
49,49,0.984371,0.0292816,-0.0104483
49,50,0.986071,0.0274037,-0.0105299
49,51,0.987769,0.0254759,-0.0105953
49,52,0.989465,0.0235021,-0.0106464
49,53,0.991156,0.0214863,-0.0106853
49,54,0.992841,0.0194324,-0.0107138
49,55,0.994517,0.0173446,-0.0107339
49,56,0.996182,0.0152269,-0.0107473
49,57,0.997834,0.0130835,-0.0107556
49,58,0.999468,0.0109189,-0.0107604
49,59,1.00108,0.00873754,-0.010763
49,60,1.00267,0.00654426,-0.0107644
49,61,1.00423,0.00434392,-0.0107657
49,62,1.00575,0.00214161,-0.0107676
49,63,1.00724,-5.7463e-05,-0.0107706
49,64,1.00868,-0.00224792,-0.0107752
49,65,1.01008,-0.0044243,-0.0107816
49,66,1.01143,-0.00658101,-0.0107898
49,67,1.01272,-0.00871245,-0.0107995
49,68,1.01395,-0.0108129,-0.0108104
49,69,1.01512,-0.0128768,-0.010822
49,70,1.01623,-0.0148985,-0.0108335
49,71,1.01726,-0.0168724,-0.0108441
49,72,1.01824,-0.0187931,-0.0108526
49,73,1.01914,-0.0206551,-0.0108579
49,74,1.01997,-0.0224534,-0.0108585
49,75,1.02074,-0.0241829,-0.0108531
49,76,1.02144,-0.0258387,-0.0108399
49,77,1.02208,-0.0274164,-0.0108172
49,78,1.02265,-0.0289116,-0.0107835
49,79,1.02317,-0.03032,-0.0107368
49,80,1.02363,-0.031638,-0.0106756
49,81,1.02405,-0.0328618,-0.0105982
49,82,1.02442,-0.0339882,-0.010503
49,83,1.02475,-0.0350139,-0.0103887
49,84,1.02505,-0.0359362,-0.010254
49,85,1.02532,-0.0367522,-0.0100981
49,86,1.02556,-0.0374595,-0.00992024
49,87,1.02579,-0.0380557,-0.00971993
49,88,1.02601,-0.0385389,-0.00949709
49,89,1.02622,-0.0389069,-0.00925187
49,90,1.02643,-0.039158,-0.00898479
49,91,1.02664,-0.0392904,-0.00869665
49,92,1.02686,-0.0393029,-0.00838855
49,93,1.02708,-0.039194,-0.00806187
49,94,1.02732,-0.0389626,-0.00771826
49,95,1.02757,-0.038608,-0.00735956
49,96,1.02783,-0.0381296,-0.00698781
49,97,1.02811,-0.0375274,-0.0066052
49,98,1.0284,-0.0368017,-0.00621398
49,99,1.02871,-0.0359536,-0.00581647
49,100,1.02903,-0.0349851,-0.00541498
49,101,1.02937,-0.0338992,-0.00501179
49,102,1.02971,-0.0327004,-0.00460907
49,103,1.03007,-0.0313949,-0.00420891
49,104,1.03044,-0.0299909,-0.00381327
49,105,1.03081,-0.0284988,-0.00342396
49,106,1.03118,-0.0269317,-0.00304266
49,107,1.03155,-0.0253051,-0.00267094
49,108,1.03192,-0.0236366,-0.00231027
49,109,1.03229,-0.0219454,-0.00196206
49,110,1.03264,-0.0202506,-0.0016277
49,111,1.03299,-0.0185699,-0.00130856
49,112,1.03333,-0.0169158,-0.00100597
49,113,1.03365,-0.0152924,-0.000721127
49,114,1.03395,-0.0136896,-0.000455008
49,115,1.03424,-0.0120768,-0.000208242
49,116,1.03451,-0.0103963,1.87328e-05
49,117,1.03475,-0.00855847,0.000224918
49,118,1.03498,-0.00644298,0.000406888
49,119,1.03519,-0.00391337,0.000555581
49,120,1.03537,-0.000854683,0.000652745
49,121,1.03553,0.00275365,0.000670543
49,122,1.03568,0.0067182,0.000580598
49,123,1.0358,0.0104619,0.000378121
49,124,1.03591,0.0128309,0.000115947
49,125,1.036,0.0119741,-8.23791e-05
49,126,1.03605,0.00549325,-8.14379e-05
49,127,1,-0.00343474,0
50,0,1,0,0
50,1,0.948552,-0.00142451,-0.000262887
50,2,0.948875,-0.000566416,-0.000281466
50,3,0.949144,0.00331334,6.84399e-05
50,4,0.949361,0.00786082,0.000454324
50,5,0.949534,0.0121367,0.000736415
50,6,0.949668,0.0158525,0.000885503
50,7,0.949772,0.0189756,0.000920911
50,8,0.94985,0.0215672,0.000874938
50,9,0.949908,0.0237238,0.000776222
50,10,0.949952,0.0255533,0.000644569
50,11,0.949987,0.0271605,0.000491432
50,12,0.950018,0.028635,0.000322349
50,13,0.950053,0.0300452,0.000139416
50,14,0.950096,0.0314358,-5.6921e-05
50,15,0.950154,0.0328305,-0.000266822
50,16,0.950235,0.034236,-0.000490557
50,17,0.950344,0.0356466,-0.000728319
50,18,0.950489,0.037049,-0.000980183
50,19,0.950676,0.0384256,-0.0012461
50,20,0.950911,0.0397573,-0.00152589
50,21,0.951201,0.0410257,-0.00181926
50,22,0.951552,0.0422136,-0.00212574
50,23,0.951967,0.0433065,-0.00244473
50,24,0.952452,0.0442921,-0.00277542
50,25,0.953011,0.0451606,-0.00311682
50,26,0.953646,0.0459047,-0.00346772
50,27,0.95436,0.0465192,-0.0038267
50,28,0.955152,0.0470007,-0.00419212
50,29,0.956024,0.0473472,-0.00456211
50,30,0.956973,0.0475584,-0.00493462
50,31,0.957998,0.0476346,-0.00530736
50,32,0.959096,0.0475774,-0.00567793
50,33,0.960263,0.0473891,-0.00604376
50,34,0.961495,0.0470725,-0.00640225
50,35,0.962785,0.0466309,-0.00675076
50,36,0.964129,0.046068,-0.00708675
50,37,0.96552,0.0453879,-0.00740777
50,38,0.966954,0.0445946,-0.00771163
50,39,0.968424,0.0436925,-0.00799639
50,40,0.969924,0.0426859,-0.00826046
50,41,0.97145,0.041579,-0.00850262
50,42,0.972998,0.0403762,-0.00872211
50,43,0.974563,0.0390816,-0.00891856
50,44,0.976143,0.0376993,-0.00909207
50,45,0.977734,0.0362334,-0.00924313
50,46,0.979335,0.0346877,-0.00937261
50,47,0.980943,0.0330663,-0.00948171
50,48,0.982557,0.0313729,-0.00957191
50,49,0.984177,0.0296117,-0.0096449
50,50,0.9858,0.0277866,-0.00970251
50,51,0.987426,0.0259017,-0.00974667
50,52,0.989052,0.0239612,-0.00977933
50,53,0.990678,0.0219696,-0.00980242
50,54,0.992302,0.0199313,-0.00981782
50,55,0.993921,0.0178511,-0.00982728
50,56,0.995532,0.0157339,-0.00983245
50,57,0.997131,0.0135847,-0.00983481
50,58,0.998716,0.0114087,-0.00983569
50,59,1.00028,0.00921132,-0.00983622
50,60,1.00183,0.00699808,-0.00983739
50,61,1.00334,0.0047746,-0.00983998
50,62,1.00483,0.00254662,-0.0098446
50,63,1.00627,0.000319951,-0.00985169
50,64,1.00768,-0.00189952,-0.0098615
50,65,1.00903,-0.00410586,-0.00987413
50,66,1.01034,-0.00629314,-0.00988949
50,67,1.0116,-0.00845544,-0.00990732
50,68,1.01279,-0.0105868,-0.00992722
50,69,1.01392,-0.0126815,-0.00994861
50,70,1.01499,-0.0147337,-0.00997074
50,71,1.01599,-0.0167378,-0.00999272
50,72,1.01693,-0.0186882,-0.0100135
50,73,1.01779,-0.0205797,-0.0100319
50,74,1.01859,-0.0224071,-0.0100465
50,75,1.01932,-0.0241655,-0.010056
50,76,1.01998,-0.02585,-0.0100587
50,77,1.02057,-0.0274563,-0.0100531
50,78,1.02111,-0.0289801,-0.0100374
50,79,1.02158,-0.0304174,-0.0100099
50,80,1.022,-0.0317642,-0.00996901
50,81,1.02237,-0.0330171,-0.00991297
50,82,1.0227,-0.0341727,-0.00984025
50,83,1.02299,-0.0352277,-0.0097494
50,84,1.02324,-0.0361791,-0.00963916
50,85,1.02346,-0.037024,-0.00950844
50,86,1.02367,-0.0377595,-0.00935641
50,87,1.02385,-0.0383831,-0.00918248
50,88,1.02403,-0.0388922,-0.00898635
50,89,1.02419,-0.0392845,-0.00876805
50,90,1.02436,-0.0395575,-0.00852788
50,91,1.02453,-0.0397093,-0.00826649
50,92,1.0247,-0.039738,-0.00798483
50,93,1.02488,-0.0396419,-0.00768412
50,94,1.02508,-0.0394195,-0.00736589
50,95,1.02529,-0.0390699,-0.00703186
50,96,1.02552,-0.0385924,-0.00668399
50,97,1.02576,-0.0379869,-0.00632436
50,98,1.02602,-0.0372538,-0.00595519
50,99,1.02629,-0.0363945,-0.00557874
50,100,1.02658,-0.0354113,-0.00519729
50,101,1.02689,-0.0343077,-0.00481309
50,102,1.02721,-0.0330885,-0.00442832
50,103,1.02754,-0.0317606,-0.00404507
50,104,1.02788,-0.0303326,-0.0036653
50,105,1.02822,-0.0288156,-0.00329085
50,106,1.02857,-0.0272231,-0.00292343
50,107,1.02892,-0.025571,-0.00256465
50,108,1.02927,-0.0238772,-0.00221601
50,109,1.02962,-0.0221611,-0.001879
50,110,1.02996,-0.020442,-0.00155504
50,111,1.0303,-0.0187373,-0.00124557
50,112,1.03062,-0.0170598,-0.000951953
50,113,1.03093,-0.0154133,-0.000675448
50,114,1.03122,-0.0137878,-0.000417047
50,115,1.0315,-0.0121525,-0.000177382
50,116,1.03177,-0.0104493,4.31695e-05
50,117,1.03201,-0.0085866,0.000243775
50,118,1.03223,-0.00643957,0.000421339
50,119,1.03243,-0.00386352,0.000567367
50,120,1.03261,-0.000732501,0.000664444
50,121,1.03277,0.00298166,0.000685755
50,122,1.03291,0.00707665,0.000603768
50,123,1.03303,0.0109347,0.000413087
50,124,1.03313,0.0133297,0.000161573
50,125,1.0332,0.0123487,-3.7151e-05
50,126,1.03325,0.00563618,-5.70982e-05
50,127,1,-0.00343474,0
51,0,1,0,0
51,1,0.951699,-0.00188763,-0.000317523
51,2,0.952022,-0.00166681,-0.000415368
51,3,0.952289,0.00201892,-0.000101322
51,4,0.952503,0.00660235,0.000280635
51,5,0.952669,0.010996,0.000573704
51,6,0.952795,0.0148342,0.000738025
51,7,0.952885,0.018056,0.000788788
51,8,0.952947,0.0207195,0.000757407
51,9,0.952986,0.0229287,0.000672716
51,10,0.953006,0.0248012,0.00055481
51,11,0.953015,0.026449,0.000415244
51,12,0.953017,0.0279666,0.000259503
51,13,0.953018,0.0294248,8.95886e-05
51,14,0.953026,0.0308694,-9.41256e-05
51,15,0.953047,0.0323241,-0.00029182
51,16,0.953087,0.0337952,-0.000503735
51,17,0.953154,0.0352765,-0.000729989
51,18,0.953253,0.0367535,-0.000970545
51,19,0.953392,0.0382079,-0.00122521
51,20,0.953577,0.0396193,-0.00149364
51,21,0.953813,0.0409682,-0.00177535
51,22,0.954106,0.0422362,-0.00206966
51,23,0.95446,0.0434076,-0.00237575
51,24,0.954881,0.0444692,-0.00269258
51,25,0.955371,0.0454102,-0.00301895
51,26,0.955933,0.0462227,-0.00335344
51,27,0.956568,0.0469008,-0.00369443
51,28,0.957278,0.0474406,-0.0040401
51,29,0.958062,0.0478401,-0.00438847
51,30,0.958918,0.0480985,-0.00473735
51,31,0.959845,0.0482164,-0.00508444
51,32,0.96084,0.0481954,-0.0054273
51,33,0.961899,0.0480377,-0.00576346
51,34,0.963018,0.0477465,-0.0060904
51,35,0.964193,0.0473253,-0.0064057
51,36,0.965418,0.0467781,-0.00670703
51,37,0.966688,0.0461092,-0.00699225
51,38,0.967999,0.045323,-0.00725949
51,39,0.969345,0.0444243,-0.00750719
51,40,0.970723,0.0434175,-0.00773416
51,41,0.972127,0.0423074,-0.00793958
51,42,0.973555,0.0410986,-0.00812307
51,43,0.975004,0.0397957,-0.00828466
51,44,0.976471,0.038403,-0.00842479
51,45,0.977954,0.036925,-0.00854426
51,46,0.979451,0.0353659,-0.00864419
51,47,0.980962,0.0337298,-0.008726
51,48,0.982484,0.032021,-0.0087913
51,49,0.984016,0.0302435,-0.00884189
51,50,0.985557,0.0284016,-0.00887963
51,51,0.987107,0.0264992,-0.00890644
51,52,0.988662,0.0245408,-0.00892422
51,53,0.990221,0.0225306,-0.00893481
51,54,0.991782,0.0204731,-0.00893997
51,55,0.993341,0.0183731,-0.00894132
51,56,0.994895,0.0162352,-0.00894035
51,57,0.996441,0.0140645,-0.00893838
51,58,0.997974,0.0118661,-0.00893658
51,59,0.99949,0.0096454,-0.00893594
51,60,1.00098,0.00740788,-0.00893728
51,61,1.00245,0.00515922,-0.00894126
51,62,1.00389,0.00290522,-0.00894836
51,63,1.00529,0.000651799,-0.0089589
51,64,1.00665,-0.00159501,-0.00897305
51,65,1.00796,-0.00382914,-0.00899083
51,66,1.00922,-0.00604444,-0.00901209
51,67,1.01042,-0.00823481,-0.00903655
51,68,1.01157,-0.0103941,-0.00906377
51,69,1.01266,-0.0125163,-0.00909317
51,70,1.01368,-0.0145953,-0.00912401
51,71,1.01464,-0.0166254,-0.00915543
51,72,1.01552,-0.0186007,-0.00918643
51,73,1.01634,-0.0205157,-0.00921585
51,74,1.01709,-0.0223649,-0.00924243
51,75,1.01777,-0.0241433,-0.00926478
51,76,1.01838,-0.0258458,-0.00928141
51,77,1.01893,-0.0274677,-0.00929075
51,78,1.01941,-0.0290045,-0.00929117
51,79,1.01984,-0.0304522,-0.00928098
51,80,1.02021,-0.0318066,-0.0092585
51,81,1.02053,-0.0330643,-0.00922208
51,82,1.0208,-0.0342217,-0.00917012
51,83,1.02104,-0.0352757,-0.00910111
51,84,1.02124,-0.0362234,-0.0090137
51,85,1.02141,-0.0370621,-0.0089067
51,86,1.02156,-0.0377893,-0.00877915
51,87,1.0217,-0.0384027,-0.0086303
51,88,1.02182,-0.0389001,-0.00845971
51,89,1.02194,-0.0392798,-0.00826722
51,90,1.02206,-0.0395399,-0.00805299
51,91,1.02219,-0.039679,-0.00781749
51,92,1.02232,-0.0396956,-0.00756152
51,93,1.02247,-0.0395885,-0.00728617
51,94,1.02263,-0.039357,-0.00699283
51,95,1.0228,-0.0390004,-0.00668312
51,96,1.023,-0.0385183,-0.00635889
51,97,1.02321,-0.0379109,-0.00602216
51,98,1.02345,-0.0371787,-0.00567508
51,99,1.0237,-0.0363232,-0.00531986
51,100,1.02397,-0.0353464,-0.00495875
51,101,1.02426,-0.0342516,-0.00459397
51,102,1.02456,-0.0330434,-0.0042277
51,103,1.02488,-0.0317282,-0.003862
51,104,1.0252,-0.030314,-0.00349885
51,105,1.02554,-0.0288116,-0.0031401
51,106,1.02588,-0.0272338,-0.00278747
51,107,1.02623,-0.0255959,-0.00244259
51,108,1.02657,-0.0239153,-0.002107
51,109,1.02691,-0.0222109,-0.0017822
51,110,1.02725,-0.0205014,-0.00146967
51,111,1.02758,-0.0188041,-0.00117085
51,112,1.0279,-0.0171313,-0.000887149
51,113,1.02821,-0.0154869,-0.000619837
51,114,1.02851,-0.0138609,-0.00036992
51,115,1.02879,-0.0122228,-0.000138018
51,116,1.02905,-0.0105141,7.55544e-05
51,117,1.0293,-0.00864213,0.000270127
51,118,1.02952,-0.00647814,0.00044296
51,119,1.02972,-0.00386999,0.000586213
51,120,1.0299,-0.000681477,0.000683513
51,121,1.03006,0.00312289,0.000709344
51,122,1.0302,0.00733294,0.000636928
51,123,1.03032,0.0112936,0.000459361
51,124,1.03042,0.0137123,0.000218844
51,125,1.03049,0.0126212,1.70965e-05
51,126,1.03054,0.0057035,-3.50716e-05
51,127,1,-0.00343474,0
52,0,1,0,0
52,1,0.955043,-0.0024294,-0.000364252
52,2,0.955356,-0.00288675,-0.000542432
52,3,0.955616,0.00055478,-0.000267153
52,4,0.95582,0.00513439,0.000107162
52,5,0.955973,0.00961374,0.000408318
52,6,0.956081,0.0135436,0.000586395
52,7,0.956151,0.0168293,0.000651972
52,8,0.956188,0.0195236,0.00063521
52,9,0.956198,0.0217371,0.000564949
52,10,0.956186,0.023596,0.000461449
52,11,0.956157,0.0252196,0.000336302
52,12,0.956118,0.0267069,0.000194923
52,13,0.956074,0.0281308,3.92123e-05
52,14,0.956032,0.0295383,-0.000130526
52,15,0.955999,0.030954,-0.0003145
52,16,0.955981,0.0323848,-0.000512931
52,17,0.955985,0.0338252,-0.000725884
52,18,0.956017,0.0352622,-0.000953234
52,19,0.956086,0.0366786,-0.00119467
52,20,0.956196,0.0380555,-0.00144971
52,21,0.956355,0.0393748,-0.00171769
52,22,0.956567,0.0406197,-0.00199777
52,23,0.956838,0.0417757,-0.00228891
52,24,0.957171,0.0428307,-0.00258988
52,25,0.957572,0.0437752,-0.00289926
52,26,0.958042,0.0446017,-0.00321545
52,27,0.958583,0.0453051,-0.00353666
52,28,0.959195,0.0458817,-0.00386092
52,29,0.95988,0.0463295,-0.00418614
52,30,0.960636,0.0466474,-0.00451006
52,31,0.96146,0.0468357,-0.00483037
52,32,0.96235,0.0468952,-0.00514467
52,33,0.963304,0.0468273,-0.00545058
52,34,0.964316,0.0466339,-0.00574576
52,35,0.965383,0.0463174,-0.00602799
52,36,0.966499,0.0458803,-0.00629521
52,37,0.967662,0.0453255,-0.00654561
52,38,0.968865,0.0446558,-0.00677766
52,39,0.970105,0.0438742,-0.00699016
52,40,0.971378,0.0429837,-0.0071823
52,41,0.972681,0.0419875,-0.00735365
52,42,0.974009,0.0408887,-0.00750418
52,43,0.975361,0.0396903,-0.00763426
52,44,0.976735,0.0383957,-0.00774461
52,45,0.978128,0.037008,-0.00783626
52,46,0.97954,0.0355308,-0.00791053
52,47,0.980968,0.0339675,-0.00796897
52,48,0.982412,0.0323219,-0.00801327
52,49,0.983869,0.0305978,-0.00804524
52,50,0.98534,0.0287995,-0.00806673
52,51,0.986821,0.0269314,-0.00807958
52,52,0.988311,0.024998,-0.00808561
52,53,0.989808,0.0230042,-0.00808651
52,54,0.991308,0.0209552,-0.0080839
52,55,0.992808,0.0188564,-0.00807925
52,56,0.994305,0.0167134,-0.00807386
52,57,0.995794,0.0145319,-0.00806892
52,58,0.997271,0.012318,-0.00806541
52,59,0.998732,0.0100777,-0.00806419
52,60,1.00017,0.00781729,-0.00806594
52,61,1.00158,0.00554312,-0.0080712
52,62,1.00296,0.0032616,-0.00808035
52,63,1.00431,0.000979178,-0.00809364
52,64,1.00561,-0.00129767,-0.00811116
52,65,1.00687,-0.00356249,-0.0081329
52,66,1.00807,-0.00580882,-0.00815867
52,67,1.00922,-0.00803029,-0.00818817
52,68,1.01031,-0.0102206,-0.00822099
52,69,1.01134,-0.0123735,-0.00825656
52,70,1.01231,-0.014483,-0.00829419
52,71,1.0132,-0.0165432,-0.00833306
52,72,1.01403,-0.0185483,-0.00837224
52,73,1.0148,-0.0204927,-0.00841065
52,74,1.01549,-0.0223712,-0.0084471
52,75,1.01611,-0.0241787,-0.00848028
52,76,1.01667,-0.0259103,-0.0085088
52,77,1.01716,-0.0275614,-0.00853114
52,78,1.01759,-0.0291278,-0.00854572
52,79,1.01796,-0.0306052,-0.00855091
52,80,1.01828,-0.0319899,-0.00854504
52,81,1.01855,-0.0332781,-0.00852645
52,82,1.01878,-0.0344664,-0.00849352
52,83,1.01896,-0.0355516,-0.00844467
52,84,1.01912,-0.0365305,-0.00837847
52,85,1.01925,-0.0374002,-0.00829363
52,86,1.01936,-0.0381578,-0.00818903
52,87,1.01945,-0.0388006,-0.00806381
52,88,1.01954,-0.0393262,-0.00791736
52,89,1.01962,-0.0397321,-0.00774937
52,90,1.0197,-0.0400161,-0.00755984
52,91,1.01979,-0.0401761,-0.00734909
52,92,1.0199,-0.0402103,-0.00711778
52,93,1.02001,-0.0401172,-0.00686688
52,94,1.02015,-0.0398955,-0.00659765
52,95,1.0203,-0.0395443,-0.00631164
52,96,1.02047,-0.0390632,-0.00601061
52,97,1.02066,-0.0384522,-0.00569651
52,98,1.02087,-0.0377122,-0.00537143
52,99,1.02111,-0.0368446,-0.00503755
52,100,1.02136,-0.0358519,-0.00469708
52,101,1.02163,-0.034738,-0.00435222
52,102,1.02192,-0.0335078,-0.00400511
52,103,1.02223,-0.0321685,-0.00365781
52,104,1.02254,-0.0307287,-0.00331228
52,105,1.02287,-0.0291997,-0.00297034
52,106,1.0232,-0.027595,-0.00263373
52,107,1.02354,-0.0259303,-0.00230405
52,108,1.02388,-0.0242235,-0.00198286
52,109,1.02422,-0.0224936,-0.00167164
52,110,1.02456,-0.0207596,-0.00137187
52,111,1.02489,-0.0190387,-0.001085
52,112,1.02521,-0.0173432,-0.000812418
52,113,1.02553,-0.0156771,-0.000555398
52,114,1.02583,-0.0140302,-0.000314933
52,115,1.02611,-0.012372,-9.16252e-05
52,116,1.02638,-0.0106438,0.000114267
52,117,1.02663,-0.00875107,0.000302231
52,118,1.02686,-0.00656109,0.000469895
52,119,1.02707,-0.00391413,0.000610165
52,120,1.02726,-0.000663712,0.000707898
52,121,1.02743,0.00323334,0.000739075
52,122,1.02757,0.00756034,0.000677757
52,123,1.02769,0.0116283,0.000515071
52,124,1.02779,0.0140838,0.000285308
52,125,1.02786,0.0129065,7.71892e-05
52,126,1.02791,0.00581203,-6.99483e-06
52,127,1,-0.00343474,0
53,0,1,0,0
53,1,0.958553,-0.00289919,-0.00040623
53,2,0.958854,-0.00404918,-0.000658058
53,3,0.9591,-0.000871735,-0.000425414
53,4,0.959291,0.00370147,-6.32386e-05
53,5,0.959429,0.00828176,0.000242888
53,6,0.95952,0.012331,0.000432763
53,7,0.959569,0.0157167,0.000512196
53,8,0.959584,0.0184851,0.000509798
53,9,0.959568,0.0207531,0.000454126
53,10,0.959527,0.0226566,0.000365448
53,11,0.959467,0.0243226,0.000255312
53,12,0.959393,0.0258549,0.000129032
53,13,0.959312,0.0273293,-1.15906e-05
53,14,0.95923,0.0287937,-0.000166314
53,15,0.959154,0.0302728,-0.000335358
53,16,0.95909,0.0317731,-0.000518913
53,17,0.959045,0.0332888,-0.000716978
53,18,0.959027,0.0348059,-0.000929333
53,19,0.95904,0.0363063,-0.00115555
53,20,0.959093,0.03777,-0.001395
53,21,0.959189,0.0391778,-0.00164687
53,22,0.959336,0.0405116,-0.00191015
53,23,0.959537,0.0417558,-0.00218363
53,24,0.959796,0.0428971,-0.00246592
53,25,0.960117,0.0439249,-0.00275546
53,26,0.960502,0.044831,-0.00305048
53,27,0.960953,0.0456093,-0.00334909
53,28,0.961471,0.0462557,-0.00364927
53,29,0.962055,0.0467676,-0.00394885
53,30,0.962706,0.0471438,-0.00424561
53,31,0.96342,0.0473841,-0.00453728
53,32,0.964196,0.0474892,-0.00482158
53,33,0.965031,0.0474607,-0.00509628
53,34,0.965922,0.0473004,-0.00535927
53,35,0.966865,0.0470109,-0.00560856
53,36,0.967856,0.0465949,-0.00584241
53,37,0.968893,0.0460555,-0.00605932
53,38,0.969971,0.0453958,-0.00625811
53,39,0.971087,0.0446193,-0.00643792
53,40,0.972238,0.0437294,-0.00659829
53,41,0.973421,0.0427296,-0.0067391
53,42,0.974634,0.0416235,-0.00686061
53,43,0.975875,0.0404148,-0.00696342
53,44,0.977143,0.039107,-0.00704846
53,45,0.978435,0.037704,-0.00711692
53,46,0.97975,0.0362097,-0.00717022
53,47,0.981088,0.0346278,-0.00720992
53,48,0.982445,0.0329625,-0.00723772
53,49,0.983822,0.031218,-0.00725539
53,50,0.985216,0.0293986,-0.00726466
53,51,0.986624,0.0275088,-0.00726728
53,52,0.988045,0.0255534,-0.0072649
53,53,0.989474,0.0235373,-0.00725906
53,54,0.99091,0.0214656,-0.00725121
53,55,0.992347,0.0193436,-0.00724265
53,56,0.993781,0.0171769,-0.00723452
53,57,0.995209,0.0149712,-0.00722785
53,58,0.996625,0.0127324,-0.00722348
53,59,0.998024,0.0104667,-0.00722215
53,60,0.9994,0.00818023,-0.00722442
53,61,1.00075,0.00587937,-0.00723074
53,62,1.00207,0.00357058,-0.00724144
53,63,1.00335,0.00126042,-0.00725668
53,64,1.00458,-0.00104454,-0.00727655
53,65,1.00577,-0.00333769,-0.00730099
53,66,1.00691,-0.00561243,-0.00732983
53,67,1.00799,-0.0078622,-0.0073628
53,68,1.00902,-0.0100805,-0.00739949
53,69,1.00998,-0.0122609,-0.00743939
53,70,1.01088,-0.0143971,-0.00748189
53,71,1.01171,-0.0164829,-0.00752622
53,72,1.01247,-0.0185125,-0.00757154
53,73,1.01317,-0.0204799,-0.00761686
53,74,1.01379,-0.0223796,-0.00766109
53,75,1.01435,-0.0242063,-0.00770302
53,76,1.01485,-0.0259548,-0.00774133
53,77,1.01527,-0.0276204,-0.00777459
53,78,1.01564,-0.0291984,-0.00780129
53,79,1.01595,-0.0306846,-0.00781984
53,80,1.01621,-0.0320749,-0.0078286
53,81,1.01642,-0.0333656,-0.00782591
53,82,1.01659,-0.0345532,-0.00781011
53,83,1.01672,-0.0356345,-0.0077796
53,84,1.01682,-0.0366065,-0.00773284
53,85,1.0169,-0.0374665,-0.00766844
53,86,1.01696,-0.0382119,-0.00758519
53,87,1.01701,-0.0388405,-0.00748209
53,88,1.01705,-0.0393503,-0.00735837
53,89,1.01709,-0.0397394,-0.0072136
53,90,1.01714,-0.0400062,-0.00704762
53,91,1.01719,-0.0401493,-0.00686063
53,92,1.01726,-0.0401674,-0.00665314
53,93,1.01735,-0.0400598,-0.00642602
53,94,1.01746,-0.0398256,-0.00618042
53,95,1.01759,-0.0394645,-0.0059178
53,96,1.01775,-0.0389766,-0.00563983
53,97,1.01793,-0.0383622,-0.0053484
53,98,1.01813,-0.0376222,-0.00504556
53,99,1.01835,-0.0367583,-0.00473341
53,100,1.0186,-0.0357727,-0.00441413
53,101,1.01887,-0.0346691,-0.00408988
53,102,1.01916,-0.0334523,-0.00376276
53,103,1.01946,-0.0321286,-0.00343481
53,104,1.01978,-0.0307064,-0.00310795
53,105,1.02011,-0.0291962,-0.00278397
53,106,1.02045,-0.0276108,-0.00246458
53,107,1.0208,-0.0259655,-0.00215136
53,108,1.02114,-0.0242772,-0.00184585
53,109,1.02149,-0.0225645,-0.0015495
53,110,1.02184,-0.0208459,-0.00126376
53,111,1.02218,-0.0191379,-0.000990049
53,112,1.02252,-0.0174529,-0.000729741
53,113,1.02284,-0.0157943,-0.000484072
53,114,1.02316,-0.0141525,-0.000254011
53,115,1.02345,-0.0124969,-4.01297e-05
53,116,1.02374,-0.0107689,0.000157368
53,117,1.024,-0.00887288,0.000338125
53,118,1.02424,-0.00667294,0.000500161
53,119,1.02446,-0.00400277,0.000637217
53,120,1.02466,-0.000706563,0.000735574
53,121,1.02484,0.00326627,0.000772982
53,122,1.02499,0.00769426,0.000724316
53,123,1.02511,0.0118594,0.000578034
53,124,1.02522,0.0143546,0.000359898
53,125,1.02529,0.0131116,0.000143958
53,126,1.02534,0.00586739,1.93407e-05
53,127,1,-0.00343474,0
54,0,1,0,0
54,1,0.962191,-0.00341321,-0.000438618
54,2,0.96247,-0.00527212,-0.000760801
54,3,0.962698,-0.00240012,-0.000572442
54,4,0.962869,0.0021288,-0.000226336
54,5,0.962986,0.00677857,8.12491e-05
54,6,0.963053,0.0109174,0.000280841
54,7,0.963076,0.014371,0.00037318
54,8,0.963061,0.0171759,0.000384952
54,9,0.963012,0.0194542,0.000344182
54,10,0.962935,0.0213507,0.000270972
54,11,0.962834,0.0229994,0.000176746
54,12,0.962717,0.0245089,6.66894e-05
54,13,0.962588,0.025957,-5.75011e-05
54,14,0.962455,0.0273927,-0.000195644
54,15,0.962322,0.0288415,-0.000347977
54,16,0.962198,0.0303104,-0.000514677
54,17,0.96209,0.0317943,-0.000695702
54,18,0.962002,0.0332805,-0.00089077
54,19,0.961943,0.0347518,-0.00109937
54,20,0.961918,0.03619,-0.00132078
54,21,0.961934,0.037577,-0.00155406
54,22,0.961995,0.0388961,-0.00179809
54,23,0.962107,0.040133,-0.00205153
54,24,0.962274,0.0412756,-0.00231287
54,25,0.962499,0.0423141,-0.0025804
54,26,0.962786,0.0432411,-0.00285231
54,27,0.963135,0.0440511,-0.0031266
54,28,0.963548,0.0447399,-0.0034012
54,29,0.964026,0.0453051,-0.00367397
54,30,0.964567,0.0457451,-0.00394272
54,31,0.965171,0.0460592,-0.00420528
54,32,0.965836,0.0462473,-0.0044595
54,33,0.966559,0.0463099,-0.00470334
54,34,0.967338,0.0462479,-0.00493492
54,35,0.96817,0.0460623,-0.00515254
54,36,0.969051,0.0457546,-0.00535472
54,37,0.969979,0.0453263,-0.0055403
54,38,0.97095,0.044779,-0.0057084
54,39,0.971963,0.0441146,-0.00585849
54,40,0.973013,0.043335,-0.00599039
54,41,0.974099,0.0424423,-0.00610426
54,42,0.975218,0.0414386,-0.00620058
54,43,0.976369,0.0403265,-0.00628014
54,44,0.97755,0.0391084,-0.00634399
54,45,0.97876,0.0377874,-0.00639341
54,46,0.979997,0.0363665,-0.00642982
54,47,0.981258,0.0348492,-0.00645479
54,48,0.982543,0.0332393,-0.00646995
54,49,0.98385,0.0315409,-0.00647693
54,50,0.985175,0.0297584,-0.00647738
54,51,0.986517,0.0278968,-0.00647284
54,52,0.987872,0.0259612,-0.0064648
54,53,0.989237,0.023957,-0.00645464
54,54,0.990607,0.0218901,-0.00644361
54,55,0.991979,0.0197665,-0.00643283
54,56,0.993348,0.0175925,-0.0064233
54,57,0.99471,0.0153745,-0.00641587
54,58,0.996058,0.0131193,-0.00641129
54,59,0.997388,0.0108337,-0.00641015
54,60,0.998694,0.00852443,-0.00641294
54,61,0.999972,0.00619854,-0.00642005
54,62,1.00122,0.00386298,-0.00643172
54,63,1.00242,0.00152473,-0.00644813
54,64,1.00358,-0.000809221,-0.00646933
54,65,1.0047,-0.00313196,-0.00649527
54,66,1.00576,-0.00543664,-0.00652582
54,67,1.00676,-0.00771648,-0.00656072
54,68,1.00771,-0.00996485,-0.00659963
54,69,1.00859,-0.0121752,-0.00664211
54,70,1.00941,-0.0143413,-0.00668763
54,71,1.01017,-0.0164569,-0.00673552
54,72,1.01085,-0.018516,-0.00678502
54,73,1.01147,-0.0205129,-0.00683528
54,74,1.01203,-0.0224422,-0.00688529
54,75,1.01251,-0.0242987,-0.00693395
54,76,1.01293,-0.0260772,-0.00698003
54,77,1.01329,-0.0277731,-0.00702221
54,78,1.0136,-0.029382,-0.00705903
54,79,1.01384,-0.0308996,-0.00708897
54,80,1.01404,-0.0323219,-0.0071104
54,81,1.01419,-0.0336452,-0.00712166
54,82,1.01431,-0.0348659,-0.00712109
54,83,1.01439,-0.0359806,-0.00710701
54,84,1.01444,-0.0369862,-0.00707783
54,85,1.01448,-0.0378795,-0.00703207
54,86,1.01449,-0.0386577,-0.00696839
54,87,1.0145,-0.0393182,-0.00688569
54,88,1.01451,-0.0398583,-0.00678308
54,89,1.01453,-0.0402757,-0.00665997
54,90,1.01455,-0.0405682,-0.00651612
54,91,1.01458,-0.0407339,-0.00635157
54,92,1.01463,-0.0407711,-0.00616676
54,93,1.0147,-0.0406785,-0.00596244
54,94,1.0148,-0.040455,-0.00573967
54,95,1.01491,-0.0401001,-0.00549984
54,96,1.01506,-0.0396134,-0.00524456
54,97,1.01523,-0.0389955,-0.00497566
54,98,1.01542,-0.0382473,-0.00469513
54,99,1.01564,-0.0373708,-0.00440503
54,100,1.01589,-0.0363686,-0.00410748
54,101,1.01615,-0.0352448,-0.0038046
54,102,1.01644,-0.0340048,-0.00349844
54,103,1.01674,-0.0326557,-0.00319098
54,104,1.01706,-0.0312065,-0.00288408
54,105,1.01739,-0.0296684,-0.00257949
54,106,1.01773,-0.0280548,-0.00227886
54,107,1.01808,-0.0263816,-0.00198371
54,108,1.01844,-0.0246662,-0.00169551
54,109,1.01879,-0.0229274,-0.00141566
54,110,1.01915,-0.0211839,-0.00114554
54,111,1.0195,-0.0194526,-0.000886523
54,112,1.01985,-0.0177455,-0.000639912
54,113,1.02019,-0.0160663,-0.000406893
54,114,1.02051,-0.0144052,-0.000188392
54,115,1.02083,-0.0127318,1.50534e-05
54,116,1.02112,-0.010987,0.000203293
54,117,1.0214,-0.00907394,0.000376113
54,118,1.02166,-0.00685331,0.000531942
54,119,1.02189,-0.00415232,0.000665436
54,120,1.02211,-0.000805943,0.000764478
54,121,1.02229,0.00324428,0.000808786
54,122,1.02245,0.00777433,0.000774185
54,123,1.02259,0.0120423,0.000646173
54,124,1.02269,0.0145941,0.000440263
54,125,1.02278,0.0133149,0.0002148
54,126,1.02283,0.00595042,5.03758e-05
54,127,1,-0.00343474,0
55,0,1,0,0
55,1,0.965919,-0.00385205,-0.000464066
55,2,0.966173,-0.00641108,-0.00084708
55,3,0.966378,-0.00385746,-0.000705098
55,4,0.966526,0.000622806,-0.000379409
55,5,0.96662,0.00535226,-7.4034e-05
55,6,0.966664,0.00960276,0.000132755
55,7,0.966661,0.0131547,0.000236645
55,8,0.966619,0.0160336,0.000262088
55,9,0.96654,0.0183669,0.000236241
55,10,0.966432,0.0203083,0.000178846
55,11,0.966297,0.0219998,0.000101098
55,12,0.966144,0.0235549,8.01891e-06
55,13,0.965976,0.025054,-9.88001e-05
55,14,0.965802,0.0265473,-0.00021923
55,15,0.965626,0.0280603,-0.000353517
55,16,0.965456,0.0295999,-0.000501816
55,17,0.965298,0.0311604,-0.000664044
55,18,0.96516,0.0327285,-0.000839858
55,19,0.965046,0.0342861,-0.00102868
55,20,0.964962,0.0358138,-0.00122969
55,21,0.964916,0.0372925,-0.00144188
55,22,0.964911,0.0387043,-0.00166401
55,23,0.964952,0.0400334,-0.00189468
55,24,0.965043,0.0412668,-0.00213229
55,25,0.965187,0.0423935,-0.00237509
55,26,0.965387,0.043405,-0.00262121
55,27,0.965645,0.0442948,-0.00286867
55,28,0.965962,0.0450583,-0.00311544
55,29,0.966338,0.0456922,-0.00335943
55,30,0.966772,0.0461944,-0.00359859
55,31,0.967266,0.046564,-0.00383087
55,32,0.967816,0.0468008,-0.00405435
55,33,0.968422,0.046905,-0.00426722
55,34,0.969081,0.0468776,-0.00446784
55,35,0.969792,0.0467198,-0.0046548
55,36,0.970551,0.0464332,-0.00482693
55,37,0.971358,0.0460196,-0.00498336
55,38,0.97221,0.0454811,-0.0051235
55,39,0.973105,0.04482,-0.00524708
55,40,0.974041,0.0440386,-0.00535416
55,41,0.975016,0.0431396,-0.00544509
55,42,0.976028,0.0421259,-0.0055205
55,43,0.977077,0.0410004,-0.00558128
55,44,0.97816,0.0397662,-0.00562851
55,45,0.979276,0.0384269,-0.00566346
55,46,0.980424,0.0369861,-0.00568752
55,47,0.9816,0.0354478,-0.00570214
55,48,0.982804,0.033816,-0.00570882
55,49,0.984032,0.0320952,-0.00570903
55,50,0.985282,0.0302902,-0.00570421
55,51,0.986551,0.0284058,-0.00569575
55,52,0.987834,0.0264474,-0.00568491
55,53,0.989127,0.0244205,-0.00567289
55,54,0.990426,0.0223307,-0.00566074
55,55,0.991727,0.0201842,-0.00564943
55,56,0.993023,0.0179871,-0.00563978
55,57,0.994311,0.0157457,-0.00563254
55,58,0.995584,0.0134667,-0.00562833
55,59,0.996837,0.0111568,-0.00562766
55,60,0.998065,0.00882279,-0.00563096
55,61,0.999262,0.00647159,-0.00563856
55,62,1.00042,0.00411022,-0.0056507
55,63,1.00154,0.00174571,-0.00566752
55,64,1.00262,-0.000614911,-0.00568911
55,65,1.00365,-0.0029646,-0.00571543
55,66,1.00462,-0.00529636,-0.0057464
55,67,1.00554,-0.00760327,-0.00578182
55,68,1.00639,-0.00987851,-0.00582142
55,69,1.00719,-0.0121153,-0.00586485
55,70,1.00792,-0.0143072,-0.00591166
55,71,1.00859,-0.0164477,-0.0059613
55,72,1.00919,-0.0185306,-0.00601313
55,73,1.00972,-0.0205499,-0.00606638
55,74,1.01019,-0.0224998,-0.00612019
55,75,1.0106,-0.0243747,-0.00617357
55,76,1.01094,-0.0261694,-0.00622538
55,77,1.01122,-0.0278789,-0.00627439
55,78,1.01145,-0.0294983,-0.00631924
55,79,1.01162,-0.0310233,-0.00635843
55,80,1.01175,-0.0324496,-0.0063904
55,81,1.01184,-0.0337734,-0.00641349
55,82,1.01189,-0.034991,-0.00642602
55,83,1.01191,-0.0360991,-0.00642629
55,84,1.01191,-0.0370946,-0.00641264
55,85,1.01189,-0.0379748,-0.00638354
55,86,1.01187,-0.0387371,-0.00633755
55,87,1.01183,-0.0393793,-0.00627346
55,88,1.0118,-0.0398993,-0.0061903
55,89,1.01178,-0.0402956,-0.00608739
55,90,1.01177,-0.0405666,-0.00596434
55,91,1.01178,-0.0407111,-0.00582114
55,92,1.01181,-0.0407282,-0.0056581
55,93,1.01187,-0.0406173,-0.0054759
55,94,1.01195,-0.0403781,-0.00527554
55,95,1.01206,-0.0400105,-0.0050583
55,96,1.01219,-0.039515,-0.00482575
55,97,1.01236,-0.0388922,-0.00457964
55,98,1.01256,-0.0381435,-0.00432188
55,99,1.01278,-0.0372708,-0.0040545
55,100,1.01303,-0.0362768,-0.00377954
55,101,1.0133,-0.0351653,-0.00349903
55,102,1.0136,-0.0339414,-0.00321498
55,103,1.01391,-0.0326115,-0.00292927
55,104,1.01425,-0.0311841,-0.0026437
55,105,1.01459,-0.0296696,-0.00235994
55,106,1.01495,-0.0280809,-0.00207954
55,107,1.01532,-0.0264327,-0.00180396
55,108,1.01569,-0.024742,-0.00153457
55,109,1.01606,-0.0230268,-0.0012727
55,110,1.01643,-0.0213051,-0.00101966
55,111,1.01681,-0.0195932,-0.000776719
55,112,1.01717,-0.0179028,-0.000545108
55,113,1.01753,-0.0162375,-0.000325941
55,114,1.01787,-0.0145876,-0.000120088
55,115,1.01821,-0.0129228,7.19568e-05
55,116,1.01852,-0.0111841,0.000250091
55,117,1.01882,-0.00927401,0.000414246
55,118,1.01909,-0.00705077,0.000563275
55,119,1.01934,-0.0043363,0.000692829
55,120,1.01957,-0.000957568,0.000792566
55,121,1.01977,0.00315145,0.000844435
55,122,1.01994,0.00776648,0.000825285
55,123,1.02008,0.0121278,0.000717241
55,124,1.0202,0.0147425,0.000525151
55,125,1.02029,0.0134527,0.000290209
55,126,1.02034,0.0059967,8.01988e-05
55,127,1,-0.00343474,0
56,0,1,0,0
56,1,0.969696,-0.00430618,-0.000479323
56,2,0.969919,-0.00755647,-0.000916372
56,3,0.970096,-0.0053507,-0.000820667
56,4,0.970218,-0.000953543,-0.00051902
56,5,0.970284,0.00382469,-0.000219718
56,6,0.970299,0.00815775,-8.32642e-06
56,7,0.970267,0.0117774,0.000105738
56,8,0.970192,0.0146957,0.000144347
56,9,0.970079,0.0170434,0.000133505
56,10,0.969933,0.0189827,9.23812e-05
56,11,0.969759,0.0206624,3.18498e-05
56,12,0.969563,0.0222004,-4.32627e-05
56,13,0.96935,0.0236794,-0.000131474
56,14,0.969126,0.0251504,-0.000232703
56,15,0.968898,0.0266393,-0.000347215
56,16,0.968672,0.0281537,-0.000475159
56,17,0.968454,0.0296887,-0.000616439
56,18,0.968251,0.0312317,-0.000770692
56,19,0.968068,0.0327659,-0.000937307
56,20,0.967913,0.0342732,-0.00111544
56,21,0.967789,0.0357356,-0.00130404
56,22,0.967704,0.0371366,-0.00150183
56,23,0.96766,0.0384617,-0.00170738
56,24,0.967662,0.0396988,-0.00191906
56,25,0.967714,0.0408379,-0.00213513
56,26,0.967818,0.0418713,-0.00235372
56,27,0.967977,0.0427928,-0.0025729
56,28,0.968192,0.043598,-0.00279072
56,29,0.968464,0.0442836,-0.0030052
56,30,0.968794,0.0448474,-0.00321442
56,31,0.969181,0.0452876,-0.00341654
56,32,0.969624,0.0456033,-0.00360983
56,33,0.970122,0.0457939,-0.00379273
56,34,0.970675,0.0458591,-0.00396386
56,35,0.971281,0.045799,-0.00412209
56,36,0.971937,0.0456137,-0.00426652
56,37,0.972643,0.0453037,-0.00439653
56,38,0.973397,0.0448695,-0.00451179
56,39,0.974196,0.0443121,-0.00461224
56,40,0.97504,0.0436324,-0.00469812
56,41,0.975926,0.0428317,-0.00476991
56,42,0.976854,0.0419117,-0.00482833
56,43,0.977821,0.0408743,-0.00487428
56,44,0.978826,0.0397218,-0.00490884
56,45,0.979866,0.0384568,-0.00493321
56,46,0.98094,0.0370824,-0.00494867
56,47,0.982045,0.0356023,-0.00495651
56,48,0.983179,0.0340203,-0.00495805
56,49,0.984338,0.032341,-0.00495459
56,50,0.985519,0.0305692,-0.00494735
56,51,0.986717,0.0287102,-0.00493749
56,52,0.98793,0.0267696,-0.00492607
56,53,0.989152,0.0247537,-0.00491409
56,54,0.990378,0.0226686,-0.00490243
56,55,0.991603,0.020521,-0.00489188
56,56,0.992822,0.0183179,-0.00488313
56,57,0.994029,0.0160661,-0.00487679
56,58,0.995219,0.013773,-0.0048734
56,59,0.996387,0.0114459,-0.00487341
56,60,0.997527,0.00909206,-0.00487718
56,61,0.998634,0.00671893,-0.00488502
56,62,0.999703,0.00433393,-0.00489716
56,63,1.00073,0.00194445,-0.00491376
56,64,1.00171,-0.000442164,-0.00493492
56,65,1.00264,-0.00281863,-0.00496066
56,66,1.00351,-0.00517775,-0.00499095
56,67,1.00433,-0.00751246,-0.00502565
56,68,1.00509,-0.00981582,-0.0050646
56,69,1.00579,-0.0120811,-0.00510753
56,70,1.00642,-0.0143015,-0.00515409
56,71,1.00699,-0.0164709,-0.00520386
56,72,1.00749,-0.018583,-0.00525631
56,73,1.00794,-0.0206317,-0.00531081
56,74,1.00831,-0.0226115,-0.0053666
56,75,1.00863,-0.0245169,-0.00542282
56,76,1.00889,-0.0263427,-0.00547844
56,77,1.00909,-0.028084,-0.00553232
56,78,1.00924,-0.029736,-0.00558318
56,79,1.00934,-0.0312944,-0.00562959
56,80,1.0094,-0.032755,-0.00567002
56,81,1.00943,-0.0341138,-0.00570284
56,82,1.00942,-0.0353671,-0.00572635
56,83,1.00939,-0.0365113,-0.00573884
56,84,1.00934,-0.0375431,-0.00573862
56,85,1.00928,-0.0384594,-0.00572408
56,86,1.00921,-0.0392573,-0.00569374
56,87,1.00915,-0.0399339,-0.00564631
56,88,1.00909,-0.0404869,-0.00558073
56,89,1.00905,-0.0409139,-0.00549626
56,90,1.00902,-0.041213,-0.00539243
56,91,1.00902,-0.0413824,-0.00526915
56,92,1.00904,-0.0414206,-0.00512668
56,93,1.00908,-0.0413267,-0.00496562
56,94,1.00916,-0.0410998,-0.00478691
56,95,1.00927,-0.0407398,-0.00459177
56,96,1.00941,-0.0402468,-0.00438172
56,97,1.00957,-0.0396215,-0.00415843
56,98,1.00977,-0.0388654,-0.00392377
56,99,1.01,-0.0379806,-0.00367966
56,100,1.01025,-0.0369703,-0.00342809
56,101,1.01053,-0.0358388,-0.003171
56,102,1.01083,-0.0345915,-0.0029103
56,103,1.01116,-0.0332359,-0.00264777
56,104,1.0115,-0.031781,-0.0023851
56,105,1.01185,-0.030238,-0.00212385
56,106,1.01222,-0.0286204,-0.00186546
56,107,1.01259,-0.0269437,-0.00161127
56,108,1.01298,-0.0252253,-0.00136254
56,109,1.01336,-0.0234837,-0.00112047
56,110,1.01375,-0.0217371,-0.000886263
56,111,1.01414,-0.020002,-0.00066107
56,112,1.01452,-0.0182902,-0.00044602
56,113,1.01489,-0.0166054,-0.000242131
56,114,1.01526,-0.0149376,-5.02048e-05
56,115,1.0156,-0.0132568,0.000129309
56,116,1.01594,-0.0115037,0.000296351
56,117,1.01625,-0.0095798,0.000450989
56,118,1.01654,-0.00734086,0.000592513
56,119,1.01681,-0.00460369,0.00071763
56,120,1.01705,-0.00118756,0.000817923
56,121,1.01726,0.00298163,0.00087777
56,122,1.01744,0.00768212,0.000875252
56,123,1.0176,0.0121426,0.000789084
56,124,1.01772,0.0148397,0.0006123
56,125,1.01781,0.0135734,0.000367958
56,126,1.01787,0.00605825,0.000113728
56,127,1,-0.00343474,0
57,0,1,0,0
57,1,0.973484,-0.00468393,-0.000486984
57,2,0.973675,-0.00859481,-0.000966564
57,3,0.973821,-0.00674021,-0.000917116
57,4,0.973915,-0.00243048,-0.000643166
57,5,0.973954,0.00240223,-0.000353777
57,6,0.973941,0.00683394,-0.000140684
57,7,0.97388,0.0105458,-1.81546e-05
57,8,0.973776,0.0135351,3.28338e-05
57,9,0.973634,0.015936,3.67764e-05
57,10,0.973456,0.0179189,1.20497e-05
57,11,0.97325,0.0196402,-3.09064e-05
57,12,0.97302,0.0212225,-8.74982e-05
57,13,0.972771,0.0227511,-0.000156353
57,14,0.97251,0.024278,-0.000237434
57,15,0.972243,0.0258293,-0.000331011
57,16,0.971976,0.0274124,-0.000437233
57,17,0.971715,0.029022,-0.000555991
57,18,0.971466,0.0306448,-0.000686911
57,19,0.971235,0.0322633,-0.00082937
57,20,0.971028,0.0338582,-0.000982513
57,21,0.97085,0.0354106,-0.00114527
57,22,0.970705,0.0369027,-0.00131639
57,23,0.970597,0.0383187,-0.00149442
57,24,0.970531,0.0396452,-0.00167779
57,25,0.97051,0.0408711,-0.00186479
57,26,0.970537,0.0419875,-0.00205366
57,27,0.970612,0.0429874,-0.00224256
57,28,0.970739,0.0438655,-0.00242969
57,29,0.970919,0.0446179,-0.00261324
57,30,0.971151,0.0452416,-0.00279151
57,31,0.971436,0.0457347,-0.00296287
57,32,0.971775,0.046096,-0.00312586
57,33,0.972167,0.0463249,-0.00327919
57,34,0.972611,0.046421,-0.00342176
57,35,0.973107,0.0463847,-0.00355269
57,36,0.973654,0.0462163,-0.00367135
57,37,0.974251,0.0459168,-0.00377737
57,38,0.974897,0.0454871,-0.0038706
57,39,0.975591,0.0449287,-0.00395116
57,40,0.976331,0.0442433,-0.00401938
57,41,0.977118,0.0434327,-0.00407581
57,42,0.977949,0.0424993,-0.00412117
57,43,0.978823,0.0414457,-0.00415633
57,44,0.979737,0.0402747,-0.00418228
57,45,0.980691,0.0389898,-0.00420005
57,46,0.98168,0.0375945,-0.00421076
57,47,0.982704,0.0360928,-0.00421551
57,48,0.983758,0.0344892,-0.00421538
57,49,0.984838,0.0327884,-0.00421143
57,50,0.98594,0.0309954,-0.00420464
57,51,0.987061,0.0291156,-0.00419594
57,52,0.988195,0.0271548,-0.0041862
57,53,0.989337,0.0251189,-0.00417618
57,54,0.990482,0.0230143,-0.0041666
57,55,0.991623,0.0208474,-0.00415809
57,56,0.992756,0.0186249,-0.00415123
57,57,0.993875,0.0163537,-0.00414653
57,58,0.994974,0.0140409,-0.00414444
57,59,0.996047,0.0116935,-0.00414536
57,60,0.997091,0.009319,-0.00414963
57,61,0.998098,0.00692456,-0.00415755
57,62,0.999065,0.00451762,-0.00416936
57,63,0.999988,0.00210555,-0.00418524
57,64,1.00086,-0.000304261,-0.00420533
57,65,1.00168,-0.00270445,-0.00422971
57,66,1.00245,-0.00508772,-0.0042584
57,67,1.00316,-0.00744685,-0.00429137
57,68,1.00381,-0.00977473,-0.00432852
57,69,1.0044,-0.0120644,-0.00436969
57,70,1.00493,-0.0143089,-0.00441466
57,71,1.00539,-0.0165017,-0.00446311
57,72,1.00579,-0.0186363,-0.00451463
57,73,1.00613,-0.0207063,-0.00456873
57,74,1.00641,-0.0227057,-0.00462476
57,75,1.00662,-0.0246287,-0.00468198
57,76,1.00679,-0.0264698,-0.00473948
57,77,1.0069,-0.0282236,-0.00479622
57,78,1.00697,-0.0298851,-0.00485098
57,79,1.00699,-0.0314496,-0.00490243
57,80,1.00697,-0.0329127,-0.00494907
57,81,1.00693,-0.0342701,-0.00498932
57,82,1.00685,-0.0355181,-0.0050215
57,83,1.00676,-0.0366532,-0.00504389
57,84,1.00666,-0.0376722,-0.0050548
57,85,1.00655,-0.0385722,-0.0050526
57,86,1.00644,-0.0393507,-0.00503577
57,87,1.00633,-0.0400055,-0.00500299
57,88,1.00624,-0.0405347,-0.00495317
57,89,1.00617,-0.0409368,-0.00488551
57,90,1.00612,-0.0412106,-0.0047995
57,91,1.0061,-0.0413553,-0.00469501
57,92,1.0061,-0.0413701,-0.00457224
57,93,1.00614,-0.041255,-0.00443173
57,94,1.00621,-0.04101,-0.00427437
57,95,1.00632,-0.0406355,-0.00410133
57,96,1.00646,-0.0401324,-0.00391404
57,97,1.00663,-0.0395019,-0.0037141
57,98,1.00684,-0.0387456,-0.00350329
57,99,1.00708,-0.0378659,-0.00328344
57,100,1.00734,-0.0368659,-0.00305642
57,101,1.00764,-0.0357495,-0.00282406
57,102,1.00796,-0.0345221,-0.00258814
57,103,1.0083,-0.0331902,-0.00235032
57,104,1.00865,-0.0317624,-0.00211216
57,105,1.00903,-0.0302489,-0.00187506
57,106,1.00942,-0.0286624,-0.00164033
57,107,1.00981,-0.0270176,-0.00140918
57,108,1.01022,-0.0253309,-0.00118272
57,109,1.01062,-0.0236199,-0.000962038
57,110,1.01103,-0.0219023,-0.000748175
57,111,1.01144,-0.0201938,-0.00054217
57,112,1.01184,-0.0185058,-0.000345028
57,113,1.01224,-0.0168417,-0.000157665
57,114,1.01262,-0.0151917,1.91973e-05
57,115,1.01299,-0.0135259,0.000185154
57,116,1.01334,-0.0117851,0.000340188
57,117,1.01368,-0.00987069,0.000484497
57,118,1.01398,-0.00763674,0.000617822
57,119,1.01427,-0.00489646,0.000737987
57,120,1.01452,-0.00146286,0.000838639
57,121,1.01474,0.00274585,0.00090682
57,122,1.01494,0.00751293,0.000922021
57,123,1.0151,0.0120625,0.000859468
57,124,1.01523,0.0148496,0.000700305
57,125,1.01532,0.0136359,0.000448238
57,126,1.01539,0.00609386,0.000146439
57,127,1,-0.00343474,0
58,0,1,0,0
58,1,0.977246,-0.00505586,-0.000485131
58,2,0.977402,-0.00959684,-0.000998384
58,3,0.977516,-0.00810916,-0.000993136
58,4,0.977579,-0.00391618,-0.000749627
58,5,0.977588,0.000941095,-0.000473918
58,6,0.977545,0.00544268,-0.000261967
58,7,0.977454,0.00921731,-0.000132665
58,8,0.977319,0.0122454,-7.00976e-05
58,9,0.977143,0.0146625,-5.15792e-05
58,10,0.976932,0.0166462,-5.97444e-05
58,11,0.97669,0.0183595,-8.46921e-05
58,12,0.976422,0.0199289,-0.00012209
58,13,0.976133,0.0214416,-0.000170675
58,14,0.97583,0.0229503,-0.000230447
58,15,0.975519,0.0244816,-0.000301691
58,16,0.975204,0.0260434,-0.000384568
58,17,0.974892,0.0276309,-0.000478991
58,18,0.974589,0.0292316,-0.000584613
58,19,0.974301,0.0308291,-0.000700843
58,20,0.974032,0.0324051,-0.000826865
58,21,0.973788,0.0339419,-0.000961659
58,22,0.973573,0.035423,-0.00110402
58,23,0.973393,0.0368337,-0.00125257
58,24,0.97325,0.0381616,-0.00140582
58,25,0.973149,0.0393967,-0.00156218
58,26,0.973091,0.0405306,-0.00171999
58,27,0.973081,0.0415568,-0.0018776
58,28,0.973119,0.0424703,-0.00203337
58,29,0.973207,0.0432672,-0.00218569
58,30,0.973347,0.0439442,-0.0023331
58,31,0.973539,0.0444992,-0.00247421
58,32,0.973785,0.04493,-0.00260783
58,33,0.974083,0.0452353,-0.00273292
58,34,0.974434,0.0454137,-0.00284864
58,35,0.974839,0.0454643,-0.00295437
58,36,0.975296,0.0453865,-0.00304969
58,37,0.975805,0.0451796,-0.00313443
58,38,0.976366,0.0448435,-0.00320859
58,39,0.976977,0.0443782,-0.00327239
58,40,0.977638,0.0437842,-0.00332623
58,41,0.978347,0.0430623,-0.00337066
58,42,0.979102,0.0422137,-0.00340634
58,43,0.979902,0.0412399,-0.00343405
58,44,0.980745,0.0401431,-0.00345462
58,45,0.981628,0.038926,-0.00346893
58,46,0.982547,0.0375918,-0.00347786
58,47,0.9835,0.036144,-0.00348227
58,48,0.984483,0.0345871,-0.00348302
58,49,0.985491,0.0329256,-0.0034809
58,50,0.98652,0.0311649,-0.00347665
58,51,0.987565,0.0293106,-0.00347097
58,52,0.98862,0.0273688,-0.0034645
58,53,0.98968,0.025346,-0.00345782
58,54,0.99074,0.0232488,-0.00345148
58,55,0.991793,0.0210845,-0.00344597
58,56,0.992834,0.0188602,-0.00344175
58,57,0.993857,0.0165833,-0.00343924
58,58,0.994857,0.0142613,-0.00343884
58,59,0.995828,0.011902,-0.00344091
58,60,0.996766,0.00951296,-0.00344577
58,61,0.997665,0.00710192,-0.00345371
58,62,0.998521,0.00467657,-0.00346499
58,63,0.999331,0.00224457,-0.00347982
58,64,1.00009,-0.000186455,-0.0034984
58,65,1.0008,-0.00260898,-0.00352085
58,66,1.00145,-0.00501556,-0.00354727
58,67,1.00204,-0.00739887,-0.00357771
58,68,1.00257,-0.00975172,-0.00361217
58,69,1.00304,-0.0120671,-0.00365059
58,70,1.00345,-0.0143381,-0.00369286
58,71,1.0038,-0.0165581,-0.00373878
58,72,1.00409,-0.0187207,-0.00378807
58,73,1.00432,-0.0208196,-0.00384034
58,74,1.00449,-0.0228488,-0.0038951
58,75,1.00461,-0.0248027,-0.0039517
58,76,1.00468,-0.0266756,-0.00400935
58,77,1.0047,-0.0284625,-0.0040671
58,78,1.00468,-0.0301582,-0.00412384
58,79,1.00462,-0.0317582,-0.00417829
58,80,1.00453,-0.0332578,-0.00422904
58,81,1.00442,-0.0346528,-0.00427453
58,82,1.00429,-0.0359394,-0.00431313
58,83,1.00414,-0.0371136,-0.00434316
58,84,1.00399,-0.0381721,-0.00436292
58,85,1.00384,-0.0391116,-0.0043708
58,86,1.00369,-0.039929,-0.00436529
58,87,1.00356,-0.0406218,-0.00434506
58,88,1.00345,-0.0411875,-0.00430902
58,89,1.00336,-0.041624,-0.00425635
58,90,1.0033,-0.0419295,-0.00418653
58,91,1.00327,-0.0421026,-0.00409942
58,92,1.00327,-0.0421421,-0.00399518
58,93,1.00331,-0.0420474,-0.00387434
58,94,1.00338,-0.0418182,-0.00373772
58,95,1.00349,-0.0414545,-0.00358645
58,96,1.00364,-0.0409571,-0.00342188
58,97,1.00382,-0.040327,-0.00324555
58,98,1.00403,-0.039566,-0.00305912
58,99,1.00428,-0.0386767,-0.00286432
58,100,1.00455,-0.0376626,-0.00266288
58,101,1.00485,-0.0365279,-0.00245651
58,102,1.00518,-0.0352787,-0.00224682
58,103,1.00553,-0.0339223,-0.00203532
58,104,1.0059,-0.0324678,-0.00182339
58,105,1.00628,-0.0309264,-0.00161227
58,106,1.00668,-0.0293114,-0.0014031
58,107,1.00709,-0.0276383,-0.00119689
58,108,1.0075,-0.025924,-0.000994613
58,109,1.00792,-0.0241867,-0.000797165
58,110,1.00835,-0.0224443,-0.000605437
58,111,1.00877,-0.0207131,-0.000420313
58,112,1.00918,-0.0190043,-0.000242656
58,113,1.00959,-0.0173215,-7.32641e-05
58,114,1.00999,-0.0156549,8.72261e-05
58,115,1.01038,-0.0139745,0.000238456
58,116,1.01074,-0.0122213,0.000380442
58,117,1.01109,-0.0102958,0.000513506
58,118,1.01141,-0.00805074,0.000637841
58,119,1.01171,-0.00529585,0.000752429
58,120,1.01197,-0.00183832,0.000853085
58,121,1.01221,0.00241171,0.000929683
58,122,1.01241,0.00724552,0.000963408
58,123,1.01257,0.0118897,0.000926254
58,124,1.01271,0.0147872,0.000786937
58,125,1.01281,0.0136636,0.000528973
58,126,1.01287,0.00613202,0.000182042
58,127,1,-0.00343474,0
59,0,1,0,0
59,1,0.980953,-0.0053547,-0.000476476
59,2,0.981074,-0.0104783,-0.00101124
59,3,0.981156,-0.00934987,-0.00104808
59,4,0.981189,-0.00527595,-0.000837465
59,5,0.981169,-0.000391906,-0.000578945
59,6,0.981099,0.00419005,-0.000371094
59,7,0.980981,0.00804602,-0.000236916
59,8,0.980818,0.0111387,-0.000163788
59,9,0.980615,0.0136048,-0.000131167
59,10,0.980376,0.0156291,-0.000122925
59,11,0.980106,0.0173812,-0.000129813
59,12,0.97981,0.0189921,-0.000147795
59,13,0.979493,0.0205511,-0.000175719
59,14,0.97916,0.022112,-0.000213614
59,15,0.978818,0.0237016,-0.000261774
59,16,0.978472,0.0253276,-0.000320375
59,17,0.978127,0.0269847,-0.000389356
59,18,0.977789,0.0286602,-0.00046841
59,19,0.977464,0.0303365,-0.000556993
59,20,0.977156,0.0319947,-0.00065435
59,21,0.976869,0.0336157,-0.00075953
59,22,0.976609,0.035182,-0.000871414
59,23,0.976379,0.0366775,-0.000988741
59,24,0.976183,0.0380887,-0.00111014
59,25,0.976024,0.0394042,-0.00123419
59,26,0.975904,0.0406146,-0.0013594
59,27,0.975826,0.0417125,-0.00148434
59,28,0.975793,0.042692,-0.00160759
59,29,0.975805,0.0435484,-0.00172782
59,30,0.975865,0.0442782,-0.00184381
59,31,0.975974,0.0448786,-0.00195448
59,32,0.976133,0.0453475,-0.00205892
59,33,0.976342,0.0456834,-0.00215635
59,34,0.976603,0.0458852,-0.00224622
59,35,0.976916,0.0459523,-0.00232814
59,36,0.97728,0.0458842,-0.00240189
59,37,0.977697,0.0456811,-0.00246745
59,38,0.978166,0.0453432,-0.00252495
59,39,0.978686,0.0448714,-0.00257467
59,40,0.979258,0.0442668,-0.00261698
59,41,0.979879,0.0435309,-0.0026524
59,42,0.980548,0.0426656,-0.00268148
59,43,0.981264,0.0416733,-0.00270484
59,44,0.982023,0.0405568,-0.0027231
59,45,0.982824,0.0393194,-0.00273692
59,46,0.983662,0.0379648,-0.00274691
59,47,0.984533,0.036497,-0.00275368
59,48,0.985435,0.0349208,-0.00275779
59,49,0.98636,0.0332409,-0.00275976
59,50,0.987305,0.0314629,-0.0027601
59,51,0.988264,0.0295923,-0.00275924
59,52,0.989232,0.0276353,-0.00275762
59,53,0.990201,0.0255981,-0.00275564
59,54,0.991166,0.0234873,-0.00275368
59,55,0.992122,0.0213097,-0.00275211
59,56,0.993063,0.0190723,-0.0027513
59,57,0.993982,0.0167824,-0.00275159
59,58,0.994874,0.0144471,-0.00275334
59,59,0.995734,0.012074,-0.00275687
59,60,0.996558,0.00967051,-0.0027625
59,61,0.99734,0.00724423,-0.00277053
59,62,0.998077,0.00480276,-0.00278125
59,63,0.998765,0.00235373,-0.0027949
59,64,0.999401,-9.52589e-05,-0.00281172
59,65,0.999983,-0.00253662,-0.0028319
59,66,1.00051,-0.00496283,-0.00285561
59,67,1.00098,-0.00736643,-0.00288298
59,68,1.00138,-0.00974007,-0.0029141
59,69,1.00173,-0.0120765,-0.00294901
59,70,1.00202,-0.0143686,-0.0029877
59,71,1.00225,-0.0166094,-0.00303009
59,72,1.00242,-0.0187922,-0.00307601
59,73,1.00253,-0.0209103,-0.00312521
59,74,1.0026,-0.0229573,-0.00317727
59,75,1.00261,-0.0249272,-0.00323169
59,76,1.00257,-0.0268138,-0.00328779
59,77,1.0025,-0.0286117,-0.0033447
59,78,1.00238,-0.0303154,-0.00340141
59,79,1.00224,-0.0319197,-0.00345675
59,80,1.00207,-0.03342,-0.00350936
59,81,1.00188,-0.0348118,-0.00355777
59,82,1.00167,-0.036091,-0.00360042
59,83,1.00147,-0.0372539,-0.00363567
59,84,1.00126,-0.0382971,-0.00366191
59,85,1.00106,-0.0392178,-0.00367756
59,86,1.00087,-0.0400134,-0.00368117
59,87,1.0007,-0.0406817,-0.00367145
59,88,1.00056,-0.0412211,-0.00364735
59,89,1.00044,-0.0416303,-0.00360806
59,90,1.00036,-0.0419084,-0.00355312
59,91,1.00031,-0.0420548,-0.00348236
59,92,1.0003,-0.0420694,-0.00339594
59,93,1.00033,-0.0419525,-0.00329437
59,94,1.00041,-0.0417046,-0.00317842
59,95,1.00052,-0.0413267,-0.00304916
59,96,1.00067,-0.0408199,-0.00290785
59,97,1.00085,-0.040186,-0.00275592
59,98,1.00108,-0.0394271,-0.0025949
59,99,1.00133,-0.0385459,-0.00242638
59,100,1.00162,-0.0375457,-0.00225192
59,101,1.00194,-0.0364309,-0.00207306
59,102,1.00228,-0.0352067,-0.00189121
59,103,1.00265,-0.0338798,-0.0017077
59,104,1.00304,-0.0324588,-0.00152369
59,105,1.00344,-0.0309539,-0.00134025
59,106,1.00386,-0.0293775,-0.00115829
59,107,1.00429,-0.0277438,-0.000978669
59,108,1.00472,-0.026069,-0.000802139
59,109,1.00516,-0.0243702,-0.000629435
59,110,1.0056,-0.0226647,-0.000461274
59,111,1.00604,-0.0209678,-0.00029838
59,112,1.00648,-0.0192904,-0.000141471
59,113,1.00691,-0.0176358,8.77832e-06
59,114,1.00732,-0.0159939,0.000151815
59,115,1.00773,-0.0143352,0.000287326
59,116,1.00811,-0.0126007,0.000415355
59,117,1.00847,-0.0106911,0.000536344
59,118,1.0088,-0.00845878,0.000650949
59,119,1.00911,-0.00571156,0.000759342
59,120,1.00938,-0.00225246,0.000859588
59,121,1.00963,0.00201586,0.000944586
59,122,1.00983,0.00689514,0.000997471
59,123,1.01,0.0116215,0.000987256
59,124,1.01013,0.0146363,0.000870617
59,125,1.01023,0.0136337,0.000610025
59,126,1.0103,0.00615015,0.000216948
59,127,1,-0.00343474,0
60,0,1,0,0
60,1,0.984576,-0.00563507,-0.000459992
60,2,0.984664,-0.0112955,-0.00100699
60,3,0.984713,-0.0105283,-0.00108211
60,4,0.984716,-0.00659605,-0.000905809
60,5,0.984669,-0.00171331,-0.000667651
60,6,0.984571,0.00292066,-0.000466633
60,7,0.984425,0.00682948,-0.000329371
60,8,0.984235,0.00995661,-0.000246677
60,9,0.984004,0.0124382,-0.000200416
60,10,0.983738,0.0144646,-0.000175911
60,11,0.983439,0.0162109,-0.000164659
60,12,0.983113,0.0178115,-0.000162949
60,13,0.982765,0.0193572,-0.000169732
60,14,0.982401,0.0209025,-0.000185062
60,15,0.982025,0.0224746,-0.000209247
60,16,0.981643,0.0240812,-0.000242494
60,17,0.98126,0.0257178,-0.000284797
60,18,0.980882,0.027372,-0.000335919
60,19,0.980513,0.0290273,-0.000395408
60,20,0.980158,0.0306657,-0.000462612
60,21,0.979822,0.0322693,-0.000536703
60,22,0.979509,0.0338215,-0.000616695
60,23,0.979223,0.0353074,-0.000701485
60,24,0.978967,0.0367145,-0.000789881
60,25,0.978745,0.0380323,-0.000880645
60,26,0.97856,0.0392522,-0.000972531
60,27,0.978415,0.0403672,-0.00106432
60,28,0.978311,0.0413719,-0.00115487
60,29,0.978252,0.0422616,-0.00124312
60,30,0.978239,0.0430328,-0.00132814
60,31,0.978275,0.0436823,-0.00140913
60,32,0.978359,0.0442076,-0.00148544
60,33,0.978495,0.0446065,-0.00155658
60,34,0.978682,0.0448769,-0.00162222
60,35,0.978922,0.0450173,-0.00168218
60,36,0.979215,0.0450263,-0.00173643
60,37,0.979561,0.0449027,-0.00178504
60,38,0.979961,0.0446459,-0.00182822
60,39,0.980413,0.0442554,-0.00186626
60,40,0.980917,0.0437312,-0.0018995
60,41,0.981472,0.0430739,-0.00192833
60,42,0.982075,0.0422843,-0.00195318
60,43,0.982725,0.041364,-0.00197447
60,44,0.983418,0.0403151,-0.0019926
60,45,0.98415,0.0391402,-0.00200795
60,46,0.984919,0.0378427,-0.00202089
60,47,0.98572,0.0364262,-0.00203173
60,48,0.986547,0.0348952,-0.00204075
60,49,0.987395,0.0332547,-0.00204822
60,50,0.988259,0.0315101,-0.00205437
60,51,0.989133,0.0296672,-0.00205943
60,52,0.990011,0.0277325,-0.00206363
60,53,0.990887,0.0257125,-0.00206719
60,54,0.991755,0.0236142,-0.00207034
60,55,0.992609,0.0214448,-0.00207336
60,56,0.993442,0.0192118,-0.00207651
60,57,0.994251,0.0169227,-0.00208007
60,58,0.995028,0.0145852,-0.00208436
60,59,0.99577,0.0122071,-0.00208968
60,60,0.996472,0.00979616,-0.00209635
60,61,0.99713,0.00736025,-0.00210466
60,62,0.99774,0.0049072,-0.00211494
60,63,0.9983,0.00244483,-0.00212745
60,64,0.998806,-1.90979e-05,-0.00214248
60,65,0.999257,-0.00247689,-0.00216027
60,66,0.99965,-0.00492091,-0.00218107
60,67,0.999986,-0.00734366,-0.00220507
60,68,1.00026,-0.00973773,-0.00223245
60,69,1.00048,-0.0120959,-0.00226335
60,70,1.00064,-0.014411,-0.00229785
60,71,1.00075,-0.0166761,-0.00233598
60,72,1.00079,-0.0188845,-0.00237768
60,73,1.00079,-0.0210297,-0.00242279
60,74,1.00074,-0.0231054,-0.00247103
60,75,1.00064,-0.0251054,-0.00252199
60,76,1.0005,-0.0270239,-0.00257508
60,77,1.00033,-0.0288552,-0.00262958
60,78,1.00012,-0.0305941,-0.00268455
60,79,0.999895,-0.0322354,-0.00273891
60,80,0.999647,-0.0337743,-0.00279141
60,81,0.999387,-0.0352062,-0.00284067
60,82,0.999123,-0.0365269,-0.00288522
60,83,0.998859,-0.0377323,-0.00292352
60,84,0.998604,-0.0388188,-0.00295403
60,85,0.998363,-0.039783,-0.00297529
60,86,0.998143,-0.0406221,-0.00298592
60,87,0.997948,-0.0413332,-0.00298471
60,88,0.997783,-0.0419142,-0.00297068
60,89,0.997652,-0.0423632,-0.00294312
60,90,0.997559,-0.0426785,-0.00290159
60,91,0.997505,-0.0428592,-0.00284595
60,92,0.997493,-0.0429045,-0.0027764
60,93,0.997523,-0.042814,-0.00269341
60,94,0.997595,-0.042588,-0.00259774
60,95,0.997708,-0.0422268,-0.00249037
60,96,0.997862,-0.0417316,-0.00237248
60,97,0.998054,-0.0411039,-0.00224539
60,98,0.998283,-0.0403458,-0.00211047
60,99,0.998546,-0.03946,-0.00196915
60,100,0.99884,-0.0384504,-0.00182282
60,101,0.999164,-0.0373214,-0.00167278
60,102,0.999513,-0.0360791,-0.00152025
60,103,0.999885,-0.0347309,-0.00136633
60,104,1.00028,-0.0332858,-0.00121195
60,105,1.00069,-0.0317551,-0.00105794
60,106,1.00111,-0.0301517,-0.000905001
60,107,1.00154,-0.0284908,-0.000753752
60,108,1.00199,-0.0267892,-0.000604744
60,109,1.00244,-0.0250648,-0.000458504
60,110,1.00289,-0.0233351,-0.000315558
60,111,1.00333,-0.0216158,-0.000176451
60,112,1.00378,-0.0199182,-4.17423e-05
60,113,1.00422,-0.0182455,8.8022e-05
60,114,1.00464,-0.0165879,0.000212378
60,115,1.00505,-0.0149158,0.000331052
60,116,1.00544,-0.0131702,0.00044411
60,117,1.00581,-0.0112518,0.000552109
60,118,1.00615,-0.00901234,0.000656161
60,119,1.00647,-0.00625829,0.000757637
60,120,1.00674,-0.00278898,0.000856898
60,121,1.00699,0.00150063,0.00094998
60,122,1.0072,0.0064256,0.00102228
60,123,1.00736,0.0112389,0.0010404
60,124,1.0075,0.0143903,0.000949068
60,125,1.00759,0.0135479,0.000689229
60,126,1.00766,0.00615685,0.000253896
60,127,1,-0.00343474,0
61,0,1,0,0
61,1,0.988097,-0.00585068,-0.000438473
61,2,0.988154,-0.0119907,-0.000986227
61,3,0.988174,-0.0115663,-0.00109585
61,4,0.98815,-0.0077744,-0.000954819
61,5,0.988077,-0.00289288,-0.00073973
61,6,0.987955,0.00179879,-0.000548192
61,7,0.987786,0.00577355,-0.000409703
61,8,0.987574,0.00895555,-0.000318564
61,9,0.987322,0.0114799,-0.000259329
61,10,0.987035,0.0135423,-0.000218974
61,11,0.986716,0.0153235,-0.000189848
61,12,0.98637,0.0169614,-0.000168589
61,13,0.986003,0.0185489,-0.000154256
61,14,0.985619,0.0201414,-0.00014692
61,15,0.985223,0.021766,-0.000146902
61,16,0.984821,0.0234305,-0.00015444
61,17,0.984418,0.0251301,-0.000169588
61,18,0.984018,0.0268519,-0.000192194
61,19,0.983627,0.0285785,-0.000221906
61,20,0.983247,0.030291,-0.000258191
61,21,0.982885,0.0319705,-0.000300356
61,22,0.982542,0.0335992,-0.000347575
61,23,0.982224,0.0351609,-0.000398924
61,24,0.981933,0.036642,-0.000453417
61,25,0.981672,0.0380308,-0.000510046
61,26,0.981444,0.0393174,-0.000567818
61,27,0.981252,0.0404942,-0.000625795
61,28,0.981098,0.0415546,-0.00068312
61,29,0.980985,0.0424936,-0.000739041
61,30,0.980914,0.0433071,-0.000792933
61,31,0.980888,0.0439918,-0.000844303
61,32,0.980909,0.0445449,-0.000892797
61,33,0.980977,0.0449643,-0.000938196
61,34,0.981095,0.0452484,-0.000980404
61,35,0.981264,0.0453959,-0.00101944
61,36,0.981485,0.0454061,-0.00105541
61,37,0.981758,0.0452783,-0.0010885
61,38,0.982083,0.0450126,-0.00111895
61,39,0.98246,0.0446093,-0.00114702
61,40,0.982889,0.0440693,-0.00117297
61,41,0.983368,0.0433939,-0.00119708
61,42,0.983896,0.0425848,-0.00121956
61,43,0.984468,0.0416444,-0.00124063
61,44,0.985083,0.0405752,-0.00126041
61,45,0.985737,0.0393807,-0.00127902
61,46,0.986425,0.0380645,-0.00129653
61,47,0.987143,0.0366308,-0.00131294
61,48,0.987885,0.0350843,-0.00132826
61,49,0.988645,0.0334301,-0.00134248
61,50,0.989418,0.0316736,-0.00135558
61,51,0.990198,0.0298206,-0.00136758
61,52,0.990978,0.0278772,-0.00137849
61,53,0.991751,0.02585,-0.00138839
61,54,0.992513,0.0237454,-0.00139737
61,55,0.993256,0.0215704,-0.00140561
61,56,0.993975,0.0193322,-0.00141328
61,57,0.994665,0.0170379,-0.00142063
61,58,0.995321,0.0146949,-0.00142791
61,59,0.995938,0.0123108,-0.00143543
61,60,0.996511,0.00989306,-0.00144349
61,61,0.997038,0.00744937,-0.0014524
61,62,0.997516,0.00498744,-0.00146249
61,63,0.997941,0.002515,-0.00147408
61,64,0.998311,3.97666e-05,-0.00148747
61,65,0.998625,-0.00243053,-0.00150297
61,66,0.998882,-0.00488822,-0.00152086
61,67,0.999081,-0.00732566,-0.00154142
61,68,0.999223,-0.00973529,-0.00156489
61,69,0.999307,-0.0121096,-0.0015915
61,70,0.999336,-0.0144413,-0.00162141
61,71,0.999311,-0.0167232,-0.00165474
61,72,0.999235,-0.018948,-0.00169152
61,73,0.99911,-0.0211089,-0.00173171
61,74,0.99894,-0.0231991,-0.00177511
61,75,0.998729,-0.025212,-0.00182141
61,76,0.998483,-0.0271414,-0.00187014
61,77,0.998207,-0.0289811,-0.00192067
61,78,0.997906,-0.0307253,-0.00197217
61,79,0.997586,-0.0323687,-0.00202368
61,80,0.997255,-0.0339059,-0.00207406
61,81,0.996918,-0.0353323,-0.00212207
61,82,0.996583,-0.0366435,-0.00216635
61,83,0.996256,-0.0378356,-0.0022055
61,84,0.995943,-0.038905,-0.00223813
61,85,0.995651,-0.0398489,-0.00226291
61,86,0.995385,-0.0406647,-0.0022786
61,87,0.995151,-0.0413504,-0.00228412
61,88,0.994953,-0.0419045,-0.00227862
61,89,0.994794,-0.0423258,-0.00226147
61,90,0.994677,-0.042614,-0.00223232
61,91,0.994604,-0.0427687,-0.0021911
61,92,0.994577,-0.0427902,-0.00213801
61,93,0.994596,-0.0426793,-0.00207352
61,94,0.994661,-0.0424369,-0.00199834
61,95,0.99477,-0.0420644,-0.00191338
61,96,0.994922,-0.0415634,-0.00181969
61,97,0.995116,-0.0409359,-0.00171843
61,98,0.995349,-0.0401846,-0.00161082
61,99,0.995617,-0.0393123,-0.00149806
61,100,0.995919,-0.0383225,-0.00138132
61,101,0.996252,-0.0372198,-0.00126165
61,102,0.996612,-0.0360094,-0.00114004
61,103,0.996995,-0.0346982,-0.00101729
61,104,0.9974,-0.0332945,-0.000894111
61,105,0.997823,-0.0318083,-0.000771066
61,106,0.99826,-0.0302517,-0.000648615
61,107,0.998708,-0.0286388,-0.000527142
61,108,0.999165,-0.0269853,-0.00040698
61,109,0.999627,-0.0253079,-0.000288451
61,110,1.00009,-0.0236233,-0.000171891
61,111,1.00055,-0.0219466,-5.76698e-05
61,112,1.00101,-0.0202882,5.38067e-05
61,113,1.00146,-0.0186512,0.000162116
61,114,1.00189,-0.0170256,0.000266875
61,115,1.00231,-0.0153818,0.000367846
61,116,1.00271,-0.0136612,0.000465113
61,117,1.00309,-0.0117652,0.000559344
61,118,1.00343,-0.00954618,0.00065211
61,119,1.00375,-0.00681068,0.000745982
61,120,1.00403,-0.00335618,0.000843635
61,121,1.00427,0.00092917,0.000944354
61,122,1.00448,0.00587571,0.00103609
61,123,1.00464,0.0107601,0.00108356
61,124,1.00477,0.0140518,0.0010205
61,125,1.00486,0.0133998,0.000766058
61,126,1.00492,0.00614548,0.000289827
61,127,1,-0.00343474,0
62,0,1,0,0
62,1,0.991501,-0.00604238,-0.000411268
62,2,0.99153,-0.0126086,-0.000951519
62,3,0.991523,-0.0125163,-0.00109062
62,4,0.991474,-0.0088798,-0.000984808
62,5,0.991378,-0.00402476,-0.000794988
62,6,0.991234,0.000697145,-0.000615201
62,7,0.991044,0.00471044,-0.000477141
62,8,0.990812,0.0079193,-0.000378605
62,9,0.99054,0.0104561,-0.000307032
62,10,0.990233,0.0125203,-0.000251226
62,11,0.989895,0.0142966,-0.00020447
62,12,0.98953,0.0159256,-0.000163772
62,13,0.989143,0.0175014,-0.000128292
62,14,0.988739,0.0190797,-9.81133e-05
62,15,0.988322,0.0206879,-7.35698e-05
62,16,0.987898,0.022334,-5.49489e-05
62,17,0.987471,0.0240133,-4.23861e-05
62,18,0.987045,0.0257135,-3.58394e-05
62,19,0.986625,0.0274181,-3.50915e-05
62,20,0.986216,0.0291089,-3.97635e-05
62,21,0.98582,0.0307677,-4.9336e-05
62,22,0.985443,0.0323779,-6.31771e-05
62,23,0.985087,0.0339244,-8.0577e-05
62,24,0.984755,0.0353944,-0.000100785
62,25,0.984452,0.0367771,-0.00012305
62,26,0.984179,0.0380635,-0.000146654
62,27,0.983941,0.0392465,-0.000170948
62,28,0.983739,0.0403202,-0.000195376
62,29,0.983576,0.0412796,-0.000219493
62,30,0.983454,0.0421208,-0.000242977
62,31,0.983377,0.0428402,-0.000265628
62,32,0.983345,0.0434348,-0.000287368
62,33,0.983362,0.0439022,-0.000308222
62,34,0.983428,0.0442398,-0.000328306
62,35,0.983544,0.0444458,-0.000347805
62,36,0.983712,0.0445185,-0.000366946
62,37,0.983933,0.0444564,-0.000385975
62,38,0.984205,0.0442585,-0.000405133
62,39,0.98453,0.0439242,-0.000424631
62,40,0.984904,0.0434535,-0.000444633
62,41,0.985328,0.0428466,-0.000465244
62,42,0.985798,0.0421045,-0.000486496
62,43,0.986311,0.0412286,-0.000508346
62,44,0.986863,0.040221,-0.000530682
62,45,0.987451,0.0390844,-0.000553329
62,46,0.98807,0.0378221,-0.000576059
62,47,0.988714,0.036438,-0.000598613
62,48,0.989377,0.0349364,-0.000620718
62,49,0.990054,0.0333224,-0.000642105
62,50,0.990739,0.0316015,-0.000662531
62,51,0.991424,0.0297795,-0.000681793
62,52,0.992104,0.0278627,-0.000699743
62,53,0.992774,0.0258578,-0.000716297
62,54,0.993425,0.0237717,-0.000731442
62,55,0.994054,0.0216115,-0.000745233
62,56,0.994654,0.0193847,-0.000757788
62,57,0.995221,0.0170988,-0.000769288
62,58,0.99575,0.0147613,-0.00077996
62,59,0.996236,0.0123801,-0.000790072
62,60,0.996676,0.00996283,-0.00079992
62,61,0.997067,0.00751745,-0.00080982
62,62,0.997407,0.00505178,-0.000820104
62,63,0.997692,0.00257365,-0.000831106
62,64,0.997922,9.08878e-05,-0.000843166
62,65,0.998096,-0.00238872,-0.000856623
62,66,0.998213,-0.00485744,-0.00087181
62,67,0.998272,-0.00730762,-0.000889052
62,68,0.998276,-0.00973171,-0.000908661
62,69,0.998225,-0.0121222,-0.000930919
62,70,0.99812,-0.0144719,-0.000956076
62,71,0.997965,-0.0167735,-0.000984324
62,72,0.997762,-0.01902,-0.00101578
62,73,0.997514,-0.0212046,-0.00105048
62,74,0.997228,-0.0233206,-0.00108834
62,75,0.996906,-0.0253616,-0.00112912
62,76,0.996554,-0.0273213,-0.00117247
62,77,0.996178,-0.0291937,-0.00121785
62,78,0.995785,-0.0309731,-0.00126457
62,79,0.99538,-0.0326539,-0.00131177
62,80,0.994971,-0.0342311,-0.00135847
62,81,0.994564,-0.0356997,-0.00140356
62,82,0.994166,-0.0370552,-0.00144585
62,83,0.993783,-0.0382934,-0.0014841
62,84,0.993423,-0.0394105,-0.0015171
62,85,0.993089,-0.0404031,-0.00154368
62,86,0.992788,-0.0412682,-0.00156279
62,87,0.992524,-0.0420031,-0.00157351
62,88,0.992302,-0.0426059,-0.00157514
62,89,0.992123,-0.0430747,-0.00156718
62,90,0.99199,-0.0434084,-0.00154939
62,91,0.991905,-0.043606,-0.00152176
62,92,0.991868,-0.0436671,-0.00148454
62,93,0.99188,-0.0435919,-0.0014382
62,94,0.991938,-0.0433806,-0.00138339
62,95,0.992042,-0.0430342,-0.00132094
62,96,0.992189,-0.042554,-0.00125177
62,97,0.992379,-0.0419418,-0.00117689
62,98,0.992607,-0.0411998,-0.0010973
62,99,0.992872,-0.040331,-0.00101399
62,100,0.993169,-0.0393393,-0.000927871
62,101,0.993497,-0.0382294,-0.000839747
62,102,0.993853,-0.037007,-0.000750302
62,103,0.994232,-0.0356797,-0.000660084
62,104,0.994633,-0.0342563,-0.000569506
62,105,0.995051,-0.0327479,-0.000478862
62,106,0.995485,-0.0311672,-0.000388347
62,107,0.995931,-0.0295293,-0.000298092
62,108,0.996385,-0.0278506,-0.000208194
62,109,0.996845,-0.0261485,-0.000118751
62,110,0.997308,-0.0244405,-2.98966e-05
62,111,0.997769,-0.0227419,5.81846e-05
62,112,0.998226,-0.0210637,0.000145245
62,113,0.998674,-0.019409,0.000230986
62,114,0.999109,-0.0177681,0.000315106
62,115,0.999527,-0.0161114,0.0003974
62,116,0.999925,-0.0143805,0.000477964
62,117,1.0003,-0.0124773,0.000557574
62,118,1.00064,-0.0102545,0.000638246
62,119,1.00095,-0.00751931,0.000723729
62,120,1.00123,-0.00406796,0.000818982
62,121,1.00147,0.000218264,0.000926568
62,122,1.00167,0.00518731,0.00103729
62,123,1.00182,0.0101463,0.00111478
62,124,1.00194,0.0135951,0.00108254
62,125,1.00202,0.0131724,0.000838057
62,126,1.00206,0.00610713,0.000326682
62,127,1,-0.00343474,0
63,0,1,0,0
63,1,0.994783,-0.0061816,-0.000381144
63,2,0.994788,-0.0131138,-0.000904054
63,3,0.994758,-0.0133264,-0.00106792
63,4,0.994688,-0.00983931,-0.00099682
63,5,0.994572,-0.00501137,-0.000833884
63,6,0.994411,-0.000257236,-0.000667886
63,7,0.994206,0.003803,-0.000531861
63,8,0.99396,0.00705424,-0.000427021
63,9,0.993675,0.00962583,-0.00034388
63,10,0.993356,0.0117204,-0.000273235
63,11,0.993007,0.0135267,-0.000209378
63,12,0.992632,0.0151882,-0.000149716
63,13,0.992236,0.0168004,-9.35061e-05
63,14,0.991824,0.0184197,-4.08413e-05
63,15,0.991399,0.0200739,7.9295e-06
63,16,0.990967,0.0217707,5.24682e-05
63,17,0.990532,0.0235054,9.25522e-05
63,18,0.990098,0.0252649,0.000128107
63,19,0.98967,0.027032,0.000159212
63,20,0.989251,0.0287877,0.000186087
63,21,0.988844,0.0305129,0.000209071
63,22,0.988454,0.0321896,0.000228598
63,23,0.988083,0.0338016,0.000245153
63,24,0.987734,0.035335,0.000259242
63,25,0.987411,0.0367778,0.000271348
63,26,0.987115,0.03812,0.000281902
63,27,0.986851,0.0393535,0.00029125
63,28,0.986619,0.0404716,0.000299634
63,29,0.986424,0.041469,0.000307184
63,30,0.986267,0.0423412,0.000313909
63,31,0.986151,0.0430845,0.00031971
63,32,0.986078,0.0436961,0.000324391
63,33,0.986049,0.0441734,0.000327679
63,34,0.986068,0.0445147,0.000329255
63,35,0.986134,0.0447183,0.000328774
63,36,0.98625,0.0447833,0.000325904
63,37,0.986416,0.0447091,0.00032035
63,38,0.986631,0.0444954,0.000311878
63,39,0.986896,0.0441425,0.000300343
63,40,0.987209,0.0436512,0.0002857
63,41,0.987568,0.0430227,0.000268014
63,42,0.98797,0.0422587,0.000247464
63,43,0.988413,0.0413615,0.000224333
63,44,0.988893,0.0403338,0.000199003
63,45,0.989404,0.0391788,0.000171929
63,46,0.989942,0.0379003,0.000143621
63,47,0.990501,0.0365024,0.000114617
63,48,0.991076,0.0349897,8.54565e-05
63,49,0.991659,0.0333672,5.66528e-05
63,50,0.992246,0.0316403,2.86714e-05
63,51,0.992829,0.0298146,1.90952e-06
63,52,0.993402,0.0278963,-2.33179e-05
63,53,0.993959,0.0258915,-4.67871e-05
63,54,0.994494,0.0238069,-6.83688e-05
63,55,0.995002,0.0216491,-8.80254e-05
63,56,0.995477,0.0194252,-0.000105805
63,57,0.995915,0.0171423,-0.000121831
63,58,0.996311,0.0148076,-0.000136291
63,59,0.996662,0.0124286,-0.000149423
63,60,0.996965,0.0100128,-0.000161505
63,61,0.997216,0.0075677,-0.000172847
63,62,0.997415,0.0051011,-0.000183777
63,63,0.997558,0.0026207,-0.00019464
63,64,0.997645,0.000134251,-0.000205791
63,65,0.997676,-0.00235047,-0.000217595
63,66,0.997651,-0.00482569,-0.000230417
63,67,0.99757,-0.00728366,-0.000244621
63,68,0.997434,-0.00971667,-0.000260563
63,69,0.997245,-0.0121171,-0.000278582
63,70,0.997007,-0.0144772,-0.000298982
63,71,0.99672,-0.0167897,-0.000322019
63,72,0.99639,-0.0190471,-0.000347885
63,73,0.99602,-0.0212421,-0.000376679
63,74,0.995616,-0.0233677,-0.000408399
63,75,0.995181,-0.0254169,-0.000442911
63,76,0.994722,-0.0273831,-0.000479948
63,77,0.994245,-0.0292597,-0.000519091
63,78,0.993756,-0.0310406,-0.000559775
63,79,0.993261,-0.03272,-0.000601295
63,80,0.992769,-0.0342924,-0.00064282
63,81,0.992285,-0.0357529,-0.000683424
63,82,0.991815,-0.0370967,-0.000722112
63,83,0.991367,-0.0383199,-0.000757863
63,84,0.990946,-0.0394188,-0.000789674
63,85,0.990558,-0.0403905,-0.0008166
63,86,0.990208,-0.0412325,-0.000837801
63,87,0.989899,-0.0419428,-0.000852575
63,88,0.989636,-0.0425201,-0.000860396
63,89,0.989421,-0.0429635,-0.000860929
63,90,0.989256,-0.0432728,-0.000854048
63,91,0.989142,-0.0434481,-0.000839834
63,92,0.98908,-0.0434898,-0.000818566
63,93,0.989068,-0.043399,-0.000790696
63,94,0.989107,-0.0431769,-0.000756825
63,95,0.989194,-0.0428252,-0.000717662
63,96,0.989327,-0.0423457,-0.000673981
63,97,0.989504,-0.0417408,-0.000626581
63,98,0.989723,-0.0410131,-0.000576241
63,99,0.98998,-0.0401657,-0.000523679
63,100,0.990272,-0.0392021,-0.000469519
63,101,0.990596,-0.0381268,-0.000414272
63,102,0.99095,-0.0369451,-0.000358312
63,103,0.991329,-0.0356637,-0.000301883
63,104,0.99173,-0.0342908,-0.000245098
63,105,0.992151,-0.032836,-0.000187965
63,106,0.992587,-0.0313114,-0.000130408
63,107,0.993036,-0.0297305,-7.23072e-05
63,108,0.993495,-0.0281088,-1.35264e-05
63,109,0.993958,-0.0264626,4.60458e-05
63,110,0.994424,-0.0248083,0.000106468
63,111,0.994889,-0.0231605,0.000167724
63,112,0.995347,-0.0215295,0.00022971
63,113,0.995797,-0.019918,0.000292239
63,114,0.996232,-0.0183161,0.000355078
63,115,0.99665,-0.0166943,0.000418045
63,116,0.997046,-0.0149947,0.00048125
63,117,0.997416,-0.0131201,0.000545574
63,118,0.997755,-0.0109251,0.000613473
63,119,0.998061,-0.00821913,0.000689841
63,120,0.99833,-0.00479873,0.00078187
63,121,0.998559,-0.000539675,0.000895413
63,122,0.998746,0.00442485,0.00102438
63,123,0.998889,0.00943829,0.00113204
63,124,0.99899,0.0130421,0.00113321
63,125,0.999053,0.0128754,0.000904286
63,126,0.999084,0.00605017,0.000361592
63,127,1,-0.00343474,0
64,0,1,0,0
64,1,0.997939,-0.00629621,-0.000347365
64,2,0.997924,-0.0135399,-0.000846627
64,3,0.997875,-0.0140368,-0.00102977
64,4,0.997788,-0.0107065,-0.000992022
64,5,0.997657,-0.00592736,-0.000857029
64,6,0.997481,-0.00116697,-0.000706397
64,7,0.997264,0.00291416,-0.000573746
64,8,0.997006,0.00618194,-0.000463579
64,9,0.996711,0.00876116,-0.000369592
64,10,0.996383,0.0108559,-0.000284689
64,11,0.996025,0.0126572,-0.000204236
64,12,0.995641,0.0143102,-0.000126046
64,13,0.995237,0.0159113,-4.9471e-05
64,14,0.994816,0.0175171,2.53914e-05
64,15,0.994382,0.0191553,9.81738e-05
64,16,0.993941,0.0208338,0.000168477
64,17,0.993495,0.022548,0.000235974
64,18,0.99305,0.0242853,0.000300455
64,19,0.992608,0.026029,0.000361837
64,20,0.992174,0.0277606,0.000420158
64,21,0.991751,0.0294619,0.000475556
64,22,0.991342,0.0311157,0.000528241
64,23,0.99095,0.0327069,0.000578459
64,24,0.990579,0.0342222,0.000626456
64,25,0.990231,0.0356508,0.000672439
64,26,0.98991,0.0369833,0.000716548
64,27,0.989619,0.0382125,0.00075883
64,28,0.98936,0.0393322,0.000799224
64,29,0.989135,0.0403374,0.000837556
64,30,0.988948,0.0412238,0.000873547
64,31,0.988802,0.0419879,0.00090682
64,32,0.988697,0.0426267,0.00093693
64,33,0.988637,0.0431373,0.000963389
64,34,0.988623,0.0435175,0.0009857
64,35,0.988656,0.0437653,0.00100339
64,36,0.988737,0.0438788,0.00101604
64,37,0.988867,0.0438569,0.00102334
64,38,0.989045,0.0436983,0.00102507
64,39,0.989269,0.0434027,0.00102116
64,40,0.989539,0.04297,0.0010117
64,41,0.989852,0.0424005,0.000996919
64,42,0.990204,0.0416951,0.000977191
64,43,0.990593,0.0408556,0.000953032
64,44,0.991013,0.0398838,0.00092507
64,45,0.991459,0.0387826,0.000894015
64,46,0.991927,0.0375551,0.000860635
64,47,0.99241,0.0362052,0.000825716
64,48,0.992902,0.0347371,0.000790032
64,49,0.993397,0.0331559,0.000754317
64,50,0.993889,0.0314666,0.000719233
64,51,0.99437,0.0296752,0.00068535
64,52,0.994836,0.0277875,0.000653138
64,53,0.995281,0.0258101,0.000622948
64,54,0.995698,0.0237496,0.00059502
64,55,0.996083,0.021613,0.000569484
64,56,0.996431,0.0194074,0.000546367
64,57,0.996737,0.0171401,0.000525611
64,58,0.996999,0.0148185,0.000507078
64,59,0.997212,0.0124503,0.000490572
64,60,0.997375,0.010043,0.000475845
64,61,0.997484,0.00760442,0.000462612
64,62,0.99754,0.00514225,0.000450559
64,63,0.997539,0.0026643,0.000439346
64,64,0.997483,0.000178384,0.000428616
64,65,0.99737,-0.00230771,0.000417996
64,66,0.997202,-0.00478622,0.0004071
64,67,0.99698,-0.00724942,0.000395541
64,68,0.996706,-0.00968965,0.000382928
64,69,0.996382,-0.0120993,0.000368886
64,70,0.99601,-0.0144709,0.000353064
64,71,0.995595,-0.0167971,0.000335155
64,72,0.99514,-0.0190705,0.000314911
64,73,0.994651,-0.0212842,0.000292161
64,74,0.994132,-0.0234311,0.000266837
64,75,0.993588,-0.0255045,0.000238978
64,76,0.993027,-0.0274979,0.000208754
64,77,0.992454,-0.029405,0.000176459
64,78,0.991875,-0.0312197,0.000142521
64,79,0.991299,-0.0329362,0.000107486
64,80,0.99073,-0.0345492,7.20013e-05
64,81,0.990177,-0.0360534,3.6794e-05
64,82,0.989645,-0.0374443,2.63815e-06
64,83,0.98914,-0.0387174,-2.96799e-05
64,84,0.988669,-0.0398689,-5.93987e-05
64,85,0.988236,-0.0408953,-8.5819e-05
64,86,0.987845,-0.0417937,-0.000108339
64,87,0.987501,-0.0425614,-0.000126481
64,88,0.987206,-0.0431965,-0.000139921
64,89,0.986962,-0.0436974,-0.000148493
64,90,0.98677,-0.044063,-0.000152203
64,91,0.986632,-0.0442926,-0.000151216
64,92,0.986546,-0.0443858,-0.000145847
64,93,0.986513,-0.044343,-0.000136532
64,94,0.98653,-0.0441646,-0.000123804
64,95,0.986595,-0.0438516,-0.00010825
64,96,0.986708,-0.0434054,-9.04779e-05
64,97,0.986864,-0.0428278,-7.10755e-05
64,98,0.987062,-0.0421211,-5.05738e-05
64,99,0.987298,-0.0412883,-2.94153e-05
64,100,0.987569,-0.0403331,-7.9284e-06
64,101,0.987873,-0.0392599,1.36889e-05
64,102,0.988206,-0.0380747,3.53757e-05
64,103,0.988565,-0.0367844,5.72045e-05
64,104,0.988947,-0.0353981,7.9367e-05
64,105,0.989349,-0.0339262,0.00010215
64,106,0.989768,-0.0323816,0.000125905
64,107,0.990201,-0.0307788,0.000151012
64,108,0.990644,-0.029134,0.000177842
64,109,0.991093,-0.0274646,0.000206723
64,110,0.991546,-0.0257876,0.000237907
64,111,0.991997,-0.0241184,0.000271549
64,112,0.992444,-0.0224677,0.000307686
64,113,0.992881,-0.0208385,0.000346242
64,114,0.993305,-0.0192211,0.000387046
64,115,0.993711,-0.0175863,0.000429941
64,116,0.994095,-0.0158765,0.000475047
64,117,0.994453,-0.0139954,0.00052335
64,118,0.994779,-0.0117992,0.000577727
64,119,0.995072,-0.00909976,0.00064416
64,120,0.995326,-0.00569474,0.000731972
64,121,0.99554,-0.00145455,0.000850226
64,122,0.99571,0.00350804,0.000996161
64,123,0.995835,0.00857837,0.00113364
64,124,0.995917,0.0123501,0.0011701
64,125,0.99596,0.0124753,0.000961914
64,126,0.99597,0.00594949,0.000395863
64,127,1,-0.00343474,0
65,0,1,0,0
65,1,1.00098,-0.00637273,-0.000312638
65,2,1.00095,-0.0138703,-0.000780513
65,3,1.00088,-0.014618,-0.000978067
65,4,1.00078,-0.0114338,-0.000972033
65,5,1.00064,-0.00670359,-0.000865455
65,6,1.00046,-0.00193739,-0.00073146
65,7,1.00023,0.00216931,-0.000603397
65,8,0.999968,0.00546503,-0.000488871
65,9,0.999669,0.00806976,-0.000384842
65,10,0.999339,0.0101884,-0.000286421
65,11,0.99898,0.0120144,-0.0001901
65,12,0.998597,0.0136944,-9.41156e-05
65,13,0.998194,0.015326,2.08469e-06
65,14,0.997775,0.0169664,9.83973e-05
65,15,0.997345,0.0186434,0.000194434
65,16,0.996906,0.0203651,0.000289732
65,17,0.996465,0.0221264,0.000383858
65,18,0.996023,0.0239144,0.000476466
65,19,0.995585,0.0257115,0.000567314
65,20,0.995154,0.0274986,0.000656262
65,21,0.994732,0.0292563,0.000743254
65,22,0.994324,0.0309665,0.000828284
65,23,0.993932,0.0326129,0.000911367
65,24,0.993559,0.0341811,0.000992497
65,25,0.993208,0.0356591,0.00107161
65,26,0.992881,0.0370367,0.00114857
65,27,0.992581,0.0383056,0.00122313
65,28,0.992311,0.0394591,0.00129492
65,29,0.992072,0.0404917,0.00136349
65,30,0.991869,0.0413987,0.00142827
65,31,0.991703,0.0421767,0.00148862
65,32,0.991576,0.0428226,0.00154384
65,33,0.99149,0.0433339,0.00159325
65,34,0.991447,0.043709,0.00163618
65,35,0.991448,0.0439463,0.00167203
65,36,0.991493,0.0440448,0.00170031
65,37,0.991584,0.0440041,0.00172066
65,38,0.991719,0.0438242,0.00173291
65,39,0.991896,0.0435053,0.00173706
65,40,0.992115,0.0430483,0.0017333
65,41,0.992373,0.0424546,0.00172203
65,42,0.992665,0.041726,0.0017038
65,43,0.992989,0.0408647,0.00167935
65,44,0.99334,0.0398735,0.00164953
65,45,0.993712,0.0387554,0.00161529
65,46,0.994099,0.0375142,0.00157762
65,47,0.994496,0.0361539,0.00153755
65,48,0.994897,0.0346788,0.00149606
65,49,0.995295,0.0330938,0.00145408
65,50,0.995684,0.031404,0.00141247
65,51,0.996058,0.0296148,0.00137195
65,52,0.996411,0.0277319,0.00133313
65,53,0.996738,0.0257613,0.0012965
65,54,0.997032,0.0237093,0.00126239
65,55,0.99729,0.0215823,0.00123103
65,56,0.997508,0.019387,0.00120253
65,57,0.99768,0.0171303,0.0011769
65,58,0.997805,0.0148193,0.00115407
65,59,0.997879,0.0124611,0.00113389
65,60,0.997901,0.0100631,0.00111614
65,61,0.997868,0.0076328,0.0011006
65,62,0.99778,0.00517771,0.00108696
65,63,0.997636,0.00270549,0.00107491
65,64,0.997436,0.000223873,0.0010641
65,65,0.997182,-0.00225939,0.00105417
65,66,0.996873,-0.00473652,0.00104472
65,67,0.996512,-0.0071997,0.00103535
65,68,0.996101,-0.00964115,0.00102566
65,69,0.995643,-0.0120531,0.00101526
65,70,0.995141,-0.0144278,0.00100375
65,71,0.9946,-0.0167576,0.000990793
65,72,0.994023,-0.0190348,0.000976095
65,73,0.993416,-0.0212521,0.000959428
65,74,0.992784,-0.0234021,0.000940652
65,75,0.992133,-0.0254775,0.00091972
65,76,0.99147,-0.0274715,0.000896693
65,77,0.9908,-0.0293773,0.000871738
65,78,0.99013,-0.0311886,0.000845128
65,79,0.989467,-0.0328993,0.000817229
65,80,0.988818,-0.0345037,0.000788482
65,81,0.988188,-0.0359967,0.000759383
65,82,0.987585,-0.0373737,0.000730456
65,83,0.987013,-0.0386303,0.000702219
65,84,0.986478,-0.0397631,0.00067516
65,85,0.985985,-0.0407691,0.000649702
65,86,0.985538,-0.0416457,0.000626183
65,87,0.98514,-0.0423913,0.000604834
65,88,0.984793,-0.0430044,0.000585766
65,89,0.9845,-0.0434843,0.000568964
65,90,0.984262,-0.0438309,0.000554295
65,91,0.984079,-0.0440443,0.000541512
65,92,0.983951,-0.0441252,0.000530282
65,93,0.983876,-0.0440745,0.000520201
65,94,0.983854,-0.0438936,0.000510834
65,95,0.983884,-0.0435842,0.000501741
65,96,0.983961,-0.0431481,0.000492513
65,97,0.984086,-0.0425874,0.000482806
65,98,0.984253,-0.0419049,0.000472369
65,99,0.984462,-0.0411034,0.000461063
65,100,0.984708,-0.0401863,0.000448884
65,101,0.98499,-0.039158,0.000435967
65,102,0.985303,-0.0380236,0.000422582
65,103,0.985644,-0.0367895,0.000409127
65,104,0.986011,-0.0354635,0.000396102
65,105,0.986399,-0.0340552,0.000384086
65,106,0.986806,-0.0325762,0.000373697
65,107,0.987228,-0.0310399,0.000365557
65,108,0.987661,-0.0294613,0.000360254
65,109,0.988101,-0.0278566,0.000358308
65,110,0.988544,-0.0262419,0.000360139
65,111,0.988987,-0.0246315,0.000366044
65,112,0.989424,-0.0230357,0.00037618
65,113,0.989851,-0.0214569,0.000390557
65,114,0.990265,-0.0198853,0.000409056
65,115,0.99066,-0.0182916,0.000431534
65,116,0.991031,-0.0166189,0.000458122
65,117,0.991375,-0.0147722,0.000489914
65,118,0.991687,-0.0126109,0.000530191
65,119,0.991964,-0.00995036,0.000585964
65,120,0.992201,-0.00659134,0.000668563
65,121,0.992397,-0.00240031,0.000790168
65,122,0.992547,0.00253066,0.000951501
65,123,0.992652,0.0076331,0.00111783
65,124,0.99271,0.0115633,0.00119123
65,125,0.992729,0.0120002,0.00100971
65,126,0.992714,0.00582918,0.000426566
65,127,1,-0.00343474,0
66,0,1,0,0
66,1,1.0039,-0.00642587,-0.000275797
66,2,1.00386,-0.0141263,-0.000708356
66,3,1.00379,-0.0150975,-0.000915126
66,4,1.00368,-0.0120601,-0.000938537
66,5,1.00353,-0.00739655,-0.00086036
66,6,1.00334,-0.0026485,-0.000743798
66,7,1.00311,0.00145942,-0.000621246
66,8,1.00284,0.00475944,-0.000503191
66,9,1.00254,0.00736556,-0.000389858
66,10,1.00221,0.00948171,-0.000278621
66,11,1.00186,0.0113017,-0.000167124
66,12,1.00148,0.012973,-5.403e-05
66,13,1.00108,0.0145934,6.11181e-05
66,14,1.00066,0.0162201,0.000178213
66,15,1.00023,0.0178811,0.000296844
66,16,0.999794,0.0195843,0.000416474
66,17,0.999353,0.0213248,0.000536556
66,18,0.998911,0.0230897,0.000656596
66,19,0.998471,0.0248621,0.000776182
66,20,0.998037,0.0266231,0.000894985
66,21,0.997612,0.0283542,0.00101274
66,22,0.997198,0.0300379,0.00112923
66,23,0.996799,0.0316587,0.00124422
66,24,0.996418,0.0332032,0.00135746
66,25,0.996057,0.0346601,0.00146863
66,26,0.995719,0.0360202,0.00157731
66,27,0.995408,0.0372759,0.00168298
66,28,0.995125,0.0384211,0.00178502
66,29,0.994874,0.0394507,0.0018827
66,30,0.994657,0.0403607,0.00197518
66,31,0.994476,0.0411476,0.0020616
66,32,0.994334,0.0418084,0.00214107
66,33,0.994232,0.0423406,0.0022127
66,34,0.994172,0.0427421,0.0022757
66,35,0.994153,0.0430111,0.00232936
66,36,0.994178,0.0431461,0.00237314
66,37,0.994245,0.0431461,0.00240666
66,38,0.994353,0.0430103,0.00242978
66,39,0.9945,0.0427384,0.00244256
66,40,0.994684,0.0423306,0.00244531
66,41,0.994902,0.0417875,0.00243854
66,42,0.99515,0.0411101,0.00242298
66,43,0.995423,0.0403001,0.00239954
66,44,0.995717,0.0393595,0.00236926
66,45,0.996025,0.0382911,0.00233328
66,46,0.996342,0.0370979,0.00229279
66,47,0.996662,0.0357837,0.00224899
66,48,0.996978,0.0343525,0.00220307
66,49,0.997285,0.032809,0.00215611
66,50,0.997576,0.0311581,0.00210912
66,51,0.997846,0.0294052,0.00206297
66,52,0.998088,0.027556,0.0020184
66,53,0.998298,0.0256166,0.00197601
66,54,0.998472,0.0235933,0.00193625
66,55,0.998604,0.0214926,0.00189944
66,56,0.998691,0.0193214,0.00186577
66,57,0.998731,0.0170866,0.00183535
66,58,0.998719,0.0147953,0.00180817
66,59,0.998655,0.012455,0.00178416
66,60,0.998536,0.0100729,0.00176316
66,61,0.998362,0.00765671,0.00174498
66,62,0.998133,0.00521389,0.00172937
66,63,0.997847,0.00275215,0.00171606
66,64,0.997507,0.000279187,0.00170472
66,65,0.997112,-0.00219727,0.001695
66,66,0.996666,-0.00466949,0.00168651
66,67,0.996169,-0.00712976,0.00167887
66,68,0.995625,-0.00957039,0.00167166
66,69,0.995037,-0.0119837,0.00166447
66,70,0.99441,-0.0143622,0.0016569
66,71,0.993747,-0.0166984,0.00164856
66,72,0.993053,-0.0189849,0.00163912
66,73,0.992335,-0.0212145,0.00162831
66,74,0.991596,-0.02338,0.00161589
66,75,0.990845,-0.0254747,0.00160175
66,76,0.990086,-0.0274917,0.00158581
66,77,0.989327,-0.0294247,0.00156812
66,78,0.988573,-0.0312674,0.00154877
66,79,0.987833,-0.0330141,0.00152794
66,80,0.987111,-0.0346591,0.00150584
66,81,0.986415,-0.0361972,0.00148274
66,82,0.985749,-0.0376238,0.00145887
66,83,0.98512,-0.0389345,0.0014345
66,84,0.984531,-0.0401252,0.00140982
66,85,0.983988,-0.0411927,0.00138498
66,86,0.983493,-0.0421339,0.00136005
66,87,0.983049,-0.0429463,0.00133501
66,88,0.982659,-0.0436279,0.00130979
66,89,0.982323,-0.044177,0.00128418
66,90,0.982043,-0.0445925,0.00125794
66,91,0.981818,-0.0448737,0.00123077
66,92,0.981649,-0.0450202,0.00120232
66,93,0.981532,-0.0450321,0.00117224
66,94,0.981469,-0.0449098,0.0011402
66,95,0.981455,-0.044654,0.00110594
66,96,0.981491,-0.0442659,0.00106925
66,97,0.981572,-0.043747,0.00103003
66,98,0.981697,-0.0430994,0.000988322
66,99,0.981863,-0.0423257,0.000944292
66,100,0.982067,-0.0414292,0.000898254
66,101,0.982307,-0.0404143,0.000850668
66,102,0.982579,-0.0392863,0.000802127
66,103,0.982881,-0.0380522,0.00075334
66,104,0.983209,-0.0367203,0.000705105
66,105,0.983561,-0.0353011,0.000658276
66,106,0.983933,-0.033807,0.000613725
66,107,0.984322,-0.0322524,0.000572306
66,108,0.984723,-0.0306534,0.000534812
66,109,0.985133,-0.0290271,0.000501946
66,110,0.985549,-0.0273905,0.000474288
66,111,0.985964,-0.0257589,0.000452272
66,112,0.986376,-0.024143,0.000436167
66,113,0.986779,-0.022546,0.000426064
66,114,0.987169,-0.0209582,0.000421891
66,115,0.987541,-0.0193506,0.000423518
66,116,0.987889,-0.017667,0.000431095
66,117,0.98821,-0.0158137,0.000445822
66,118,0.9885,-0.0136526,0.000471358
66,119,0.988753,-0.0110033,0.000515657
66,120,0.988967,-0.00766996,0.000591895
66,121,0.989138,-0.00351551,0.000715175
66,122,0.989264,0.00138932,0.00088981
66,123,0.989342,0.00652603,0.0010834
66,124,0.989374,0.010623,0.00119442
66,125,0.989363,0.0114013,0.00104459
66,126,0.989319,0.00564839,0.000454604
66,127,1,-0.00343474,0
67,0,1,0,0
67,1,1.00673,-0.0064557,-0.000239589
67,2,1.00668,-0.0143073,-0.000631186
67,3,1.0066,-0.0154649,-0.000842881
67,4,1.00649,-0.0125597,-0.000893466
67,5,1.00633,-0.00796179,-0.000843173
67,6,1.00614,-0.00323365,-0.000744535
67,7,1.00592,0.000877499,-0.000628265
67,8,1.00565,0.00418992,-0.000507469
67,9,1.00536,0.00681156,-0.000385619
67,10,1.00504,0.00894478,-0.000262376
67,11,1.00469,0.0107836,-0.000136561
67,12,1.00432,0.0124762,-7.27386e-06
67,13,1.00393,0.0141209,0.000125846
67,14,1.00352,0.0157755,0.000262683
67,15,1.0031,0.0174681,0.000402798
67,16,1.00268,0.0192066,0.000545582
67,17,1.00225,0.020986,0.000690375
67,18,1.00182,0.022793,0.000836541
67,19,1.0014,0.0246099,0.000983507
67,20,1.00097,0.0264172,0.00113077
67,21,1.00056,0.0281953,0.00127788
67,22,1.00016,0.0299258,0.0014244
67,23,0.999768,0.0315921,0.00156991
67,24,0.999395,0.0331797,0.00171391
67,25,0.999041,0.0346765,0.00185584
67,26,0.998709,0.0360722,0.00199504
67,27,0.998401,0.0373584,0.00213074
67,28,0.99812,0.0385285,0.00226207
67,29,0.997868,0.039577,0.00238803
67,30,0.997647,0.0404994,0.00250758
67,31,0.99746,0.0412922,0.00261963
67,32,0.997309,0.0419528,0.00272308
67,33,0.997194,0.042479,0.00281691
67,34,0.997117,0.0428691,0.00290016
67,35,0.997079,0.043122,0.00297204
67,36,0.997079,0.0432372,0.00303194
67,37,0.997117,0.0432143,0.00307948
67,38,0.997191,0.0430536,0.0031145
67,39,0.997301,0.0427558,0.00313713
67,40,0.997441,0.042322,0.00314775
67,41,0.997611,0.0417535,0.00314698
67,42,0.997804,0.0410525,0.00313568
67,43,0.998016,0.0402211,0.0031149
67,44,0.998243,0.0392621,0.00308584
67,45,0.998479,0.0381787,0.00304979
67,46,0.998717,0.0369742,0.00300812
67,47,0.998951,0.0356524,0.00296218
67,48,0.999176,0.0342176,0.00291329
67,49,0.999386,0.0326741,0.00286271
67,50,0.999574,0.0310268,0.00281157
67,51,0.999735,0.0292807,0.00276088
67,52,0.999864,0.0274412,0.00271149
67,53,0.999956,0.0255138,0.00266412
67,54,1.00001,0.0235043,0.00261933
67,55,1.00001,0.021419,0.00257755
67,56,0.99997,0.0192641,0.00253906
67,57,0.999877,0.0170461,0.00250406
67,58,0.999731,0.0147719,0.00247263
67,59,0.99953,0.0124483,0.00244477
67,60,0.999274,0.0100825,0.0024204
67,61,0.998961,0.00768174,0.00239939
67,62,0.998593,0.00525338,0.00238156
67,63,0.99817,0.00280494,0.00236667
67,64,0.997692,0.000344017,0.00235442
67,65,0.997162,-0.00212173,0.00234451
67,66,0.996582,-0.00458457,0.00233658
67,67,0.995955,-0.00703675,0.00233023
67,68,0.995283,-0.00947047,0.00232507
67,69,0.994571,-0.011878,0.00232068
67,70,0.993823,-0.0142515,0.00231663
67,71,0.993043,-0.0165832,0.00231255
67,72,0.992238,-0.0188657,0.00230803
67,73,0.991411,-0.0210911,0.00230276
67,74,0.99057,-0.0232523,0.00229644
67,75,0.98972,-0.0253418,0.00228884
67,76,0.988868,-0.0273527,0.00227978
67,77,0.98802,-0.0292783,0.00226913
67,78,0.987182,-0.0311121,0.00225681
67,79,0.98636,-0.032848,0.0022428
67,80,0.985561,-0.0344804,0.00222705
67,81,0.98479,-0.0360042,0.00220957
67,82,0.984052,-0.0374147,0.00219032
67,83,0.983353,-0.0387078,0.00216925
67,84,0.982696,-0.03988,0.00214628
67,85,0.982086,-0.0409282,0.00212126
67,86,0.981525,-0.0418501,0.00209399
67,87,0.981016,-0.0426439,0.00206423
67,88,0.98056,-0.0433082,0.00203168
67,89,0.98016,-0.0438423,0.00199602
67,90,0.979815,-0.0442458,0.00195688
67,91,0.979526,-0.0445187,0.00191394
67,92,0.979292,-0.0446616,0.00186686
67,93,0.979113,-0.0446751,0.00181539
67,94,0.978987,-0.0445603,0.00175934
67,95,0.978914,-0.0443185,0.00169863
67,96,0.978891,-0.0439512,0.00163331
67,97,0.978916,-0.0434603,0.00156356
67,98,0.978987,-0.042848,0.00148971
67,99,0.979102,-0.0421166,0.00141226
67,100,0.979258,-0.0412694,0.00133185
67,101,0.979453,-0.0403102,0.00124929
67,102,0.979684,-0.0392437,0.00116546
67,103,0.979948,-0.038076,0.00108141
67,104,0.980241,-0.0368146,0.000998186
67,105,0.980561,-0.0354689,0.000916916
67,106,0.980903,-0.03405,0.000838695
67,107,0.981264,-0.0325711,0.000764572
67,108,0.98164,-0.0310471,0.000695513
67,109,0.982026,-0.0294939,0.000632365
67,110,0.982418,-0.0279277,0.000575829
67,111,0.982812,-0.0263625,0.000526441
67,112,0.983202,-0.0248088,0.000484548
67,113,0.983583,-0.0232688,0.000450295
67,114,0.983951,-0.0217328,0.000423639
67,115,0.984301,-0.020172,0.000404458
67,116,0.984628,-0.0185306,0.000392919
67,117,0.984926,-0.0167171,0.000390332
67,118,0.985192,-0.0145969,0.000400714
67,119,0.985422,-0.011995,0.000432875
67,120,0.985612,-0.00872057,0.000501657
67,121,0.985758,-0.00463492,0.000624896
67,122,0.985858,0.000211977,0.000810509
67,123,0.985908,0.00535387,0.00102916
67,124,0.98591,0.00959964,0.00117805
67,125,0.985868,0.0107288,0.00106538
67,126,0.985791,0.00544915,0.000476873
67,127,1,-0.00343474,0
68,0,1,0,0
68,1,1.00947,-0.00646277,-0.000202192
68,2,1.00942,-0.0144201,-0.000551363
68,3,1.00934,-0.0157335,-0.000763683
68,4,1.00922,-0.012956,-0.000838779
68,5,1.00907,-0.0084379,-0.000815521
68,6,1.00888,-0.00375132,-0.000734869
68,7,1.00866,0.000340613,-0.000625359
68,8,1.00841,0.00364401,-0.000502464
68,9,1.00812,0.00625984,-0.000372808
68,10,1.0078,0.00838708,-0.000238323
68,11,1.00746,0.0102184,-9.89984e-05
68,12,1.0071,0.0119013,4.56295e-05
68,13,1.00672,0.013534,0.000195824
68,14,1.00633,0.0151744,0.000351461
68,15,1.00592,0.0168504,0.000512071
68,16,1.00551,0.0185699,0.00067697
68,17,1.00509,0.020328,0.000845383
68,18,1.00467,0.0221113,0.00101653
68,19,1.00425,0.0239025,0.00118968
68,20,1.00383,0.0256825,0.00136415
68,21,1.00342,0.027432,0.0015393
68,22,1.00302,0.0291335,0.00171451
68,23,1.00263,0.030771,0.00188913
68,24,1.00226,0.0323308,0.00206245
68,25,1.00191,0.0338017,0.00223371
68,26,1.00157,0.0351742,0.002402
68,27,1.00126,0.0364408,0.00256633
68,28,1.00098,0.0375954,0.0027256
68,29,1.00072,0.0386331,0.00287863
68,30,1.0005,0.03955,0.00302415
68,31,1.00031,0.0403429,0.0031609
68,32,1.00015,0.0410092,0.00328763
68,33,1.00003,0.0415467,0.00340316
68,34,0.999942,0.0419538,0.00350645
68,35,0.999893,0.0422291,0.00359661
68,36,0.999879,0.0423714,0.003673
68,37,0.9999,0.0423802,0.00373519
68,38,0.999954,0.0422551,0.00378306
68,39,1.00004,0.0419962,0.00381675
68,40,1.00015,0.0416038,0.00383671
68,41,1.00028,0.0410789,0.00384362
68,42,1.00043,0.0404228,0.00383844
68,43,1.0006,0.0396371,0.00382231
68,44,1.00077,0.038724,0.00379653
68,45,1.00094,0.037686,0.00376253
68,46,1.00111,0.0365263,0.00372177
68,47,1.00127,0.0352482,0.00367572
68,48,1.00141,0.0338557,0.00362583
68,49,1.00153,0.0323528,0.00357346
68,50,1.00162,0.0307444,0.00351985
68,51,1.00168,0.0290353,0.00346612
68,52,1.0017,0.0272309,0.00341325
68,53,1.00168,0.0253368,0.00336205
68,54,1.00161,0.0233589,0.00331321
68,55,1.00149,0.0213033,0.00326724
68,56,1.00133,0.0191766,0.00322457
68,57,1.0011,0.0169852,0.00318546
68,58,1.00083,0.014736,0.00315012
68,59,1.00049,0.012436,0.00311862
68,60,1.0001,0.0100923,0.00309098
68,61,0.999657,0.0077122,0.00306715
68,62,0.999155,0.0053031,0.00304701
68,63,0.998599,0.00287245,0.00303036
68,64,0.997989,0.000427774,0.003017
68,65,0.99733,-0.00202334,0.00300662
68,66,0.996622,-0.0044733,0.0029989
68,67,0.99587,-0.00691448,0.00299348
68,68,0.995077,-0.00933928,0.00298997
68,69,0.994247,-0.0117401,0.00298795
68,70,0.993385,-0.0141096,0.00298698
68,71,0.992495,-0.0164401,0.00298665
68,72,0.991585,-0.0187244,0.00298654
68,73,0.990658,-0.0209554,0.00298624
68,74,0.989722,-0.023126,0.0029854
68,75,0.988782,-0.0252293,0.00298365
68,76,0.987844,-0.0272587,0.0029807
68,77,0.986915,-0.0292079,0.00297624
68,78,0.986001,-0.0310707,0.00297001
68,79,0.985107,-0.0328413,0.00296174
68,80,0.98424,-0.0345144,0.00295116
68,81,0.983404,-0.0360849,0.00293799
68,82,0.982604,-0.037548,0.00292192
68,83,0.981845,-0.0388994,0.00290263
68,84,0.981129,-0.0401354,0.00287973
68,85,0.980462,-0.0412526,0.00285282
68,86,0.979844,-0.0422478,0.00282147
68,87,0.979278,-0.0431185,0.00278521
68,88,0.978765,-0.0438626,0.00274359
68,89,0.978306,-0.0444783,0.00269616
68,90,0.977901,-0.0449642,0.00264251
68,91,0.977551,-0.0453192,0.0025823
68,92,0.977255,-0.0455426,0.00251527
68,93,0.977013,-0.045634,0.00244128
68,94,0.976822,-0.0455934,0.00236029
68,95,0.976683,-0.0454209,0.00227244
68,96,0.976593,-0.0451171,0.00217803
68,97,0.976551,-0.044683,0.00207752
68,98,0.976555,-0.0441201,0.00197155
68,99,0.976604,-0.0434303,0.00186092
68,100,0.976695,-0.0426165,0.00174659
68,101,0.976825,-0.0416823,0.00162964
68,102,0.976993,-0.0406328,0.00151128
68,103,0.977196,-0.0394742,0.00139278
68,104,0.977431,-0.0382147,0.00127548
68,105,0.977694,-0.0368644,0.0011607
68,106,0.977983,-0.0354353,0.00104973
68,107,0.978293,-0.0339418,0.000943784
68,108,0.97862,-0.0323998,0.000843977
68,109,0.978961,-0.0308265,0.000751276
68,110,0.97931,-0.0292388,0.000666487
68,111,0.979662,-0.0276521,0.000590231
68,112,0.980013,-0.0260774,0.000522923
68,113,0.980358,-0.0245179,0.000464755
68,114,0.980691,-0.0229641,0.000415709
68,115,0.981006,-0.0213877,0.000375677
68,116,0.9813,-0.0197338,0.000344849
68,117,0.981567,-0.0179124,0.000324645
68,118,0.981802,-0.0157925,0.000319408
68,119,0.982001,-0.0132047,0.0003387
68,120,0.98216,-0.00996337,0.000398817
68,121,0.982276,-0.0059286,0.000520047
68,122,0.982345,-0.00112995,0.000713872
68,123,0.982365,0.0040203,0.000954825
68,124,0.982335,0.00841855,0.00114068
68,125,0.982258,0.00991954,0.00106916
68,126,0.982145,0.00517449,0.00049423
68,127,1,-0.00343474,0
69,0,1,0,0
69,1,1.01216,-0.00646052,-0.000166613
69,2,1.0121,-0.0144786,-0.000469538
69,3,1.01202,-0.0159101,-0.000679333
69,4,1.01191,-0.0132431,-0.000776569
69,5,1.01176,-0.00880239,-0.000779116
69,6,1.01158,-0.00415957,-0.000716255
69,7,1.01136,-8.65228e-05,-0.000613841
69,8,1.01112,0.00321347,-0.000489431
69,9,1.01084,0.00583453,-0.000352696
69,10,1.01054,0.00797171,-0.000207798
69,11,1.01022,0.00981587,-5.58875e-05
69,12,1.00987,0.0115142,0.000103063
69,13,1.00951,0.013165,0.000269214
69,14,1.00913,0.0148265,0.000442424
69,15,1.00874,0.0165269,0.000622193
69,16,1.00835,0.0182743,0.000807763
69,17,1.00794,0.0200633,0.000998251
69,18,1.00754,0.0218804,0.00119275
69,19,1.00714,0.0237076,0.00139037
69,20,1.00674,0.0255251,0.0015903
69,21,1.00634,0.0273129,0.00179172
69,22,1.00596,0.0290525,0.00199384
69,23,1.00559,0.0307269,0.00219583
69,24,1.00523,0.0323216,0.00239682
69,25,1.00489,0.0338242,0.00259582
69,26,1.00457,0.0352247,0.00279175
69,27,1.00426,0.0365146,0.00298343
69,28,1.00399,0.0376873,0.00316955
69,29,1.00374,0.0387376,0.00334874
69,30,1.00351,0.0396613,0.00351958
69,31,1.00332,0.0404552,0.00368063
69,32,1.00316,0.0411169,0.0038305
69,33,1.00303,0.0416446,0.00396788
69,34,1.00293,0.0420371,0.00409163
69,35,1.00287,0.0422937,0.00420079
69,36,1.00284,0.0424142,0.00429464
69,37,1.00283,0.0423987,0.00437274
69,38,1.00286,0.0422478,0.00443493
69,39,1.00291,0.0419626,0.00448137
69,40,1.00298,0.0415443,0.00451252
69,41,1.00307,0.0409947,0.00452912
69,42,1.00316,0.0403159,0.00453215
69,43,1.00327,0.0395101,0.00452284
69,44,1.00338,0.0385802,0.00450254
69,45,1.00348,0.0375291,0.00447276
69,46,1.00357,0.0363601,0.00443504
69,47,1.00365,0.0350768,0.00439095
69,48,1.0037,0.033683,0.004342
69,49,1.00373,0.0321829,0.00428967
69,50,1.00372,0.0305809,0.00423528
69,51,1.00368,0.0288817,0.00418006
69,52,1.00359,0.0270901,0.0041251
69,53,1.00345,0.0252114,0.00407132
69,54,1.00327,0.023251,0.0040195
69,55,1.00303,0.0212148,0.0039703
69,56,1.00274,0.0191085,0.00392423
69,57,1.0024,0.0169385,0.00388169
69,58,1.00199,0.0147112,0.00384296
69,59,1.00153,0.0124331,0.00380825
69,60,1.00101,0.0101113,0.00377765
69,61,1.00044,0.00775257,0.00375121
69,62,0.999811,0.00536419,0.00372886
69,63,0.999129,0.00295342,0.0037105
69,64,0.998395,0.000527666,0.00369595
69,65,0.997612,-0.00190559,0.00368497
69,66,0.996784,-0.00433877,0.00367728
69,67,0.995914,-0.00676427,0.00367253
69,68,0.995007,-0.00917443,0.00367034
69,69,0.994066,-0.0115616,0.00367031
69,70,0.993097,-0.0139181,0.00367199
69,71,0.992105,-0.0162365,0.00367493
69,72,0.991095,-0.018509,0.00367867
69,73,0.990074,-0.0207283,0.00368274
69,74,0.989047,-0.0228872,0.00368667
69,75,0.988019,-0.0249784,0.00369002
69,76,0.986998,-0.0269953,0.0036923
69,77,0.985989,-0.0289311,0.00369306
69,78,0.984996,-0.0307796,0.0036918
69,79,0.984027,-0.0325351,0.00368804
69,80,0.983085,-0.034192,0.00368125
69,81,0.982175,-0.0357454,0.00367086
69,82,0.981302,-0.0371908,0.0036563
69,83,0.98047,-0.0385242,0.00363695
69,84,0.97968,-0.0397422,0.00361216
69,85,0.978937,-0.0408419,0.00358128
69,86,0.978242,-0.0418209,0.00354364
69,87,0.977597,-0.0426773,0.00349862
69,88,0.977004,-0.0434095,0.00344562
69,89,0.976463,-0.0440165,0.00338412
69,90,0.975975,-0.0444977,0.0033137
69,91,0.97554,-0.0448526,0.00323405
69,92,0.975158,-0.0450813,0.00314502
69,93,0.97483,-0.0451839,0.00304661
69,94,0.974554,-0.0451607,0.00293901
69,95,0.97433,-0.0450125,0.00282259
69,96,0.974157,-0.0447401,0.00269794
69,97,0.974035,-0.0443445,0.0025658
69,98,0.973961,-0.0438273,0.00242714
69,99,0.973935,-0.0431902,0.00228306
69,100,0.973955,-0.0424358,0.00213483
69,101,0.974018,-0.0415672,0.00198383
69,102,0.974123,-0.0405888,0.00183153
69,103,0.974268,-0.039506,0.00167944
69,104,0.974448,-0.0383261,0.00152911
69,105,0.97466,-0.0370578,0.00138203
69,106,0.974901,-0.0357124,0.00123965
69,107,0.975167,-0.0343026,0.00110331
69,108,0.975454,-0.0328433,0.000974206
69,109,0.975755,-0.0313504,0.000853382
69,110,0.976068,-0.0298399,0.0007417
69,111,0.976386,-0.0283263,0.000639822
69,112,0.976703,-0.0268198,0.000548191
69,113,0.977016,-0.025323,0.000467016
69,114,0.977317,-0.0238262,0.000396284
69,115,0.977602,-0.0223012,0.00033589
69,116,0.977866,-0.0206939,0.000286052
69,117,0.978103,-0.0189164,0.000248299
69,118,0.978309,-0.0168423,0.000227274
69,119,0.978479,-0.0143084,0.000233186
69,120,0.978609,-0.0111362,0.000283575
69,121,0.978696,-0.0071861,0.000400912
69,122,0.978736,-0.00246893,0.000600111
69,123,0.978725,0.00265713,0.00086009
69,124,0.978663,0.00718149,0.00108154
69,125,0.978551,0.00905059,0.00105536
69,126,0.978401,0.00488786,0.00050343
69,127,1,-0.00343474,0
70,0,1,0,0
70,1,1.0148,-0.00643359,-0.000130205
70,2,1.01474,-0.014473,-0.000387842
70,3,1.01466,-0.0159912,-0.000592128
70,4,1.01455,-0.0134274,-0.000708937
70,5,1.01441,-0.00907534,-0.000735917
70,6,1.01424,-0.00449564,-0.0006903
70,7,1.01403,-0.000461923,-0.000595038
70,8,1.0138,0.00281537,-0.000469549
70,9,1.01354,0.00542287,-0.000326376
70,10,1.01325,0.00754999,-0.000171831
70,11,1.01294,0.0093843,-8.18944e-06
70,12,1.01261,0.0110714,0.000164148
70,13,1.01226,0.0127091,0.000345235
70,14,1.0119,0.0143553,0.000534915
70,15,1.01153,0.0160383,0.000732654
70,16,1.01114,0.0177661,0.000937626
70,17,1.01076,0.0195332,0.00114884
70,18,1.01036,0.0213263,0.00136528
70,19,1.00997,0.0231273,0.00158591
70,20,1.00958,0.0249168,0.00180977
70,21,1.0092,0.0266753,0.0020359
70,22,1.00882,0.0283845,0.00226334
70,23,1.00845,0.0300284,0.00249112
70,24,1.0081,0.0315931,0.00271817
70,25,1.00776,0.0330671,0.00294336
70,26,1.00744,0.0344411,0.00316543
70,27,1.00714,0.0357075,0.00338302
70,28,1.00686,0.0368603,0.00359469
70,29,1.00661,0.037895,0.00379889
70,30,1.00638,0.0388079,0.00399407
70,31,1.00619,0.0395962,0.00417866
70,32,1.00602,0.0402577,0.00435116
70,33,1.00589,0.0407907,0.00451016
70,34,1.00578,0.0411939,0.00465443
70,35,1.00571,0.0414664,0.00478294
70,36,1.00566,0.0416077,0.00489492
70,37,1.00564,0.0416176,0.00498988
70,38,1.00565,0.0414962,0.00506766
70,39,1.00567,0.0412438,0.00512839
70,40,1.00571,0.0408613,0.00517251
70,41,1.00576,0.0403498,0.00520078
70,42,1.00582,0.0397107,0.0052142
70,43,1.00588,0.0389459,0.00521398
70,44,1.00593,0.0380575,0.00520152
70,45,1.00598,0.037048,0.00517835
70,46,1.006,0.0359203,0.00514606
70,47,1.006,0.0346777,0.00510625
70,48,1.00598,0.0333237,0.0050605
70,49,1.00592,0.0318624,0.00501034
70,50,1.00582,0.0302979,0.00495718
70,51,1.00568,0.028635,0.00490235
70,52,1.00549,0.0268785,0.004847
70,53,1.00525,0.0250336,0.00479219
70,54,1.00496,0.0231059,0.0047388
70,55,1.00461,0.0211012,0.00468761
70,56,1.0042,0.0190255,0.00463924
70,57,1.00374,0.0168851,0.00459421
70,58,1.00321,0.0146864,0.00455292
70,59,1.00263,0.0124361,0.00451568
70,60,1.002,0.0101411,0.00448269
70,61,1.0013,0.00780835,0.00445408
70,62,1.00055,0.00544494,0.00442988
70,63,0.999752,0.00305811,0.00441004
70,64,0.998901,0.000655125,0.00439445
70,65,0.998003,-0.00175666,0.00438293
70,66,0.997063,-0.00416986,0.00437521
70,67,0.996083,-0.0065771,0.00437098
70,68,0.995069,-0.00897099,0.00436987
70,69,0.994026,-0.0113442,0.00437148
70,70,0.992958,-0.0136895,0.00437533
70,71,0.991871,-0.0159996,0.00438095
70,72,0.990771,-0.0182675,0.0043878
70,73,0.989663,-0.0204862,0.00439534
70,74,0.988552,-0.022649,0.00440301
70,75,0.987446,-0.0247494,0.0044102
70,76,0.986349,-0.026781,0.00441628
70,77,0.985268,-0.0287376,0.00442059
70,78,0.984206,-0.0306136,0.00442245
70,79,0.983169,-0.0324035,0.00442111
70,80,0.982162,-0.0341019,0.0044158
70,81,0.981188,-0.0357043,0.0044057
70,82,0.980252,-0.0372059,0.00438997
70,83,0.979355,-0.0386028,0.00436773
70,84,0.978501,-0.0398911,0.00433811
70,85,0.977692,-0.0410675,0.00430025
70,86,0.97693,-0.0421288,0.00425331
70,87,0.976216,-0.0430723,0.00419655
70,88,0.97555,-0.0438955,0.0041293
70,89,0.974935,-0.0445964,0.00405102
70,90,0.974369,-0.0451729,0.00396133
70,91,0.973855,-0.0456235,0.00386003
70,92,0.973391,-0.0459468,0.00374709
70,93,0.972978,-0.0461416,0.00362272
70,94,0.972616,-0.046207,0.00348734
70,95,0.972304,-0.0461424,0.00334159
70,96,0.972043,-0.0459475,0.00318633
70,97,0.971831,-0.0456223,0.00302262
70,98,0.971669,-0.0451675,0.00285169
70,99,0.971555,-0.0445841,0.00267495
70,100,0.971488,-0.0438743,0.00249392
70,101,0.971466,-0.043041,0.00231022
70,102,0.971489,-0.0420885,0.00212554
70,103,0.971553,-0.0410225,0.00194157
70,104,0.971655,-0.0398509,0.00176001
70,105,0.971794,-0.0385832,0.00158247
70,106,0.971964,-0.0372314,0.00141051
70,107,0.972162,-0.0358096,0.00124552
70,108,0.972385,-0.0343337,0.00108877
70,109,0.972626,-0.0328209,0.00094134
70,110,0.972881,-0.0312885,0.000804119
70,111,0.973145,-0.029752,0.000677793
70,112,0.973413,-0.0282226,0.000562819
70,113,0.973677,-0.0267039,0.000459416
70,114,0.973934,-0.0251866,0.000367576
70,115,0.974176,-0.0236431,0.000287203
70,116,0.9744,-0.0220203,0.000218551
70,117,0.974598,-0.0202325,0.000163259
70,118,0.974767,-0.0181572,0.000126232
70,119,0.974902,-0.0156377,0.000118213
70,120,0.974999,-0.0125026,0.000157751
70,121,0.975053,-0.00861313,0.00026916
70,122,0.975061,-0.00396235,0.000470608
70,123,0.975018,0.00114524,0.000745956
70,124,0.974922,0.00579587,0.00100045
70,125,0.974777,0.0080432,0.00102177
70,126,0.974589,0.00451478,0.0005058
70,127,1,-0.00343474,0
71,0,1,0,0
71,1,1.01741,-0.00641013,-9.65583e-05
71,2,1.01737,-0.014432,-0.000306548
71,3,1.01729,-0.0160006,-0.000503694
71,4,1.01718,-0.0135218,-0.000638071
71,5,1.01705,-0.00925507,-0.000687848
71,6,1.01688,-0.00474053,-0.000658738
71,7,1.01669,-0.000746622,-0.000570572
71,8,1.01647,0.00251189,-0.000444368
71,9,1.01623,0.00511441,-0.000295388
71,10,1.01596,0.00724431,-0.000131989
71,11,1.01566,0.00908552,4.24652e-05
71,12,1.01535,0.0107821,0.000227152
71,13,1.01502,0.0124318,0.000422011
71,14,1.01468,0.0140926,0.00062686
71,15,1.01432,0.0157932,0.000841134
71,16,1.01396,0.0175415,0.00106394
71,17,1.01359,0.0193321,0.00129421
71,18,1.01322,0.0211513,0.00153081
71,19,1.01284,0.0229805,0.0017726
71,20,1.01247,0.0247997,0.0020185
71,21,1.0121,0.0265886,0.00226743
71,22,1.01174,0.0283283,0.00251832
71,23,1.01138,0.0300017,0.00277005
71,24,1.01104,0.0315943,0.00302144
71,25,1.01071,0.0330936,0.00327119
71,26,1.0104,0.0344895,0.00351794
71,27,1.01011,0.0357739,0.00376019
71,28,1.00984,0.0369403,0.00399634
71,29,1.00959,0.0379837,0.00422475
71,30,1.00937,0.0389002,0.00444372
71,31,1.00917,0.0396871,0.00465158
71,32,1.009,0.0403422,0.00484672
71,33,1.00886,0.0408643,0.00502765
71,34,1.00874,0.0412525,0.00519305
71,35,1.00865,0.0415065,0.0053418
71,36,1.00858,0.0416266,0.00547308
71,37,1.00854,0.0416132,0.00558635
71,38,1.00851,0.0414674,0.00568136
71,39,1.0085,0.0411905,0.00575823
71,40,1.0085,0.040784,0.00581735
71,41,1.00851,0.0402498,0.00585944
71,42,1.00851,0.0395901,0.00588547
71,43,1.00852,0.0388074,0.00589665
71,44,1.00851,0.0379043,0.00589437
71,45,1.00848,0.0368836,0.00588013
71,46,1.00844,0.0357486,0.00585556
71,47,1.00836,0.0345027,0.00582226
71,48,1.00826,0.0331494,0.00578187
71,49,1.00811,0.0316925,0.00573595
71,50,1.00792,0.0301362,0.005686
71,51,1.00768,0.0284848,0.0056334
71,52,1.0074,0.0267429,0.00557942
71,53,1.00705,0.0249154,0.0055252
71,54,1.00666,0.0230074,0.00547175
71,55,1.0062,0.0210243,0.00541994
71,56,1.00569,0.0189717,0.00537054
71,57,1.00511,0.0168555,0.00532418
71,58,1.00448,0.014682,0.00528137
71,59,1.00379,0.0124573,0.00524253
71,60,1.00304,0.0101882,0.00520796
71,61,1.00223,0.0078812,0.00517788
71,62,1.00137,0.00554331,0.0051524
71,63,1.00046,0.00318152,0.00513155
71,64,0.999501,0.000802966,0.00511527
71,65,0.998498,-0.00158513,0.00510342
71,66,0.997454,-0.00397549,0.00509578
71,67,0.996374,-0.00636075,0.00509205
71,68,0.995262,-0.00873354,0.00509188
71,69,0.994124,-0.0110865,0.00509483
71,70,0.992965,-0.0134123,0.00510043
71,71,0.991791,-0.0157036,0.00510813
71,72,0.990606,-0.0179532,0.00511734
71,73,0.989416,-0.0201541,0.00512744
71,74,0.988227,-0.0222992,0.00513771
71,75,0.987045,-0.024382,0.00514743
71,76,0.985873,-0.0263958,0.00515578
71,77,0.984719,-0.0283346,0.00516192
71,78,0.983585,-0.0301924,0.00516492
71,79,0.982475,-0.0319638,0.00516382
71,80,0.981395,-0.0336437,0.00515759
71,81,0.980347,-0.0352275,0.00514516
71,82,0.979334,-0.0367109,0.00512545
71,83,0.978359,-0.0380901,0.00509736
71,84,0.977423,-0.0393619,0.0050598
71,85,0.976529,-0.0405232,0.00501175
71,86,0.975678,-0.0415717,0.00495227
71,87,0.974872,-0.042505,0.00488051
71,88,0.974111,-0.0433215,0.0047958
71,89,0.973396,-0.0440196,0.00469764
71,90,0.97273,-0.044598,0.00458574
71,91,0.972111,-0.0450557,0.00446005
71,92,0.971542,-0.0453918,0.00432074
71,93,0.971023,-0.0456055,0.00416826
71,94,0.970555,-0.0456965,0.00400331
71,95,0.970138,-0.0456643,0.00382681
71,96,0.969774,-0.0455087,0.00363994
71,97,0.969461,-0.04523,0.00344404
71,98,0.969201,-0.0448286,0.00324065
71,99,0.968993,-0.0443054,0.00303144
71,100,0.968836,-0.0436621,0.00281819
71,101,0.968729,-0.0429013,0.00260273
71,102,0.968671,-0.0420264,0.00238691
71,103,0.968659,-0.0410426,0.00217259
71,104,0.968691,-0.0399565,0.00196155
71,105,0.968763,-0.0387768,0.0017555
71,106,0.968871,-0.0375142,0.001556
71,107,0.969012,-0.0361815,0.0013645
71,108,0.969181,-0.0347936,0.00118224
71,109,0.969372,-0.0333663,0.00101029
71,110,0.96958,-0.031916,0.000849529
71,111,0.969799,-0.0304573,0.000700602
71,112,0.970024,-0.0290004,0.000563945
71,113,0.970248,-0.0275484,0.000439751
71,114,0.970467,-0.0260918,0.000327995
71,115,0.970673,-0.024603,0.00022858
71,116,0.970861,-0.0230298,0.000141798
71,117,0.971026,-0.0212889,6.93956e-05
71,118,0.971163,-0.0192624,1.65062e-05
71,119,0.971267,-0.0168012,-5.70175e-06
71,120,0.971333,-0.0137418,2.21105e-05
71,121,0.971358,-0.00994836,0.000125797
71,122,0.971337,-0.0053981,0.000326514
71,123,0.971266,-0.000343877,0.00061329
71,124,0.97114,0.00439929,0.000898009
71,125,0.970962,0.00700634,0.000969112
71,126,0.970739,0.00414433,0.000498065
71,127,1,-0.00343474,0
72,0,1,0,0
72,1,1.02003,-0.00635612,-6.20178e-05
72,2,1.01998,-0.0143259,-0.000227732
72,3,1.01991,-0.0159152,-0.000416297
72,4,1.01981,-0.0135134,-0.000566143
72,5,1.01968,-0.00934155,-0.000637124
72,6,1.01953,-0.00490955,-0.000623516
72,7,1.01935,-0.000973994,-0.000542129
72,8,1.01914,0.0022484,-0.00041543
72,9,1.01891,0.00482933,-0.000261173
72,10,1.01866,0.00694461,-8.96287e-05
72,11,1.01838,0.00877317,9.48108e-05
72,12,1.01809,0.0104566,0.000290913
72,13,1.01777,0.0120915,0.000498502
72,14,1.01744,0.0137357,0.000717369
72,15,1.0171,0.0154178,0.000946919
72,16,1.01675,0.0171459,0.00118621
72,17,1.0164,0.0189143,0.00143409
72,18,1.01603,0.0207092,0.00168934
72,19,1.01567,0.0225123,0.00195074
72,20,1.0153,0.0243036,0.00221709
72,21,1.01494,0.0260631,0.00248723
72,22,1.01458,0.0277723,0.00275995
72,23,1.01423,0.029415,0.00303405
72,24,1.01389,0.030977,0.00330823
72,25,1.01356,0.0324468,0.00358108
72,26,1.01325,0.0338151,0.00385112
72,27,1.01295,0.0350744,0.00411675
72,28,1.01268,0.036219,0.00437626
72,29,1.01243,0.0372446,0.00462792
72,30,1.0122,0.0381478,0.00486993
72,31,1.01199,0.0389261,0.00510053
72,32,1.01182,0.0395779,0.00531804
72,33,1.01166,0.0401018,0.00552087
72,34,1.01153,0.0404971,0.00570764
72,35,1.01143,0.0407632,0.00587718
72,36,1.01134,0.0409002,0.00602858
72,37,1.01127,0.0409083,0.00616123
72,38,1.01122,0.0407878,0.00627484
72,39,1.01118,0.0405396,0.00636943
72,40,1.01115,0.0401647,0.00644536
72,41,1.01112,0.0396645,0.00650326
72,42,1.01108,0.0390405,0.00654405
72,43,1.01104,0.0382947,0.00656888
72,44,1.01098,0.0374292,0.00657909
72,45,1.0109,0.0364465,0.00657617
72,46,1.01079,0.0353493,0.00656169
72,47,1.01065,0.0341409,0.00653727
72,48,1.01047,0.0328245,0.00650456
72,49,1.01024,0.0314039,0.00646514
72,50,1.00997,0.029883,0.00642056
72,51,1.00965,0.0282663,0.00637227
72,52,1.00927,0.0265584,0.00632163
72,53,1.00884,0.0247641,0.00626988
72,54,1.00835,0.0228887,0.00621812
72,55,1.00779,0.0209376,0.00616736
72,56,1.00718,0.0189166,0.00611847
72,57,1.00651,0.0168317,0.0060722
72,58,1.00577,0.014689,0.00602917
72,59,1.00498,0.0124948,0.00598991
72,60,1.00412,0.0102558,0.00595483
72,61,1.00322,0.00797851,0.00592423
72,62,1.00225,0.00566984,0.00589829
72,63,1.00124,0.00333665,0.00587712
72,64,1.00019,0.000985899,0.0058607
72,65,0.999086,-0.0013754,0.00584894
72,66,0.997947,-0.00374021,0.00584163
72,67,0.996776,-0.00610151,0.00583849
72,68,0.995575,-0.00845228,0.00583916
72,69,0.994351,-0.0107856,0.00584319
72,70,0.99311,-0.0130946,0.00585004
72,71,0.991855,-0.0153725,0.00585912
72,72,0.990593,-0.0176127,0.00586974
72,73,0.98933,-0.0198087,0.00588116
72,74,0.98807,-0.0219543,0.00589254
72,75,0.986818,-0.0240433,0.00590298
72,76,0.98558,-0.0260701,0.0059115
72,77,0.984359,-0.0280288,0.00591704
72,78,0.98316,-0.0299144,0.00591846
72,79,0.981986,-0.0317216,0.00591457
72,80,0.980841,-0.0334457,0.00590411
72,81,0.979727,-0.0350821,0.00588581
72,82,0.978646,-0.0366268,0.00585837
72,83,0.977601,-0.0380755,0.00582052
72,84,0.976594,-0.0394248,0.00577104
72,85,0.975625,-0.0406709,0.00570879
72,86,0.974695,-0.0418107,0.00563278
72,87,0.973807,-0.0428411,0.00554219
72,88,0.972961,-0.0437591,0.00543638
72,89,0.972157,-0.0445619,0.00531497
72,90,0.971398,-0.045247,0.00517784
72,91,0.970684,-0.0458118,0.00502515
72,92,0.970016,-0.0462541,0.00485732
72,93,0.969396,-0.0465716,0.00467508
72,94,0.968825,-0.0467624,0.00447942
72,95,0.968305,-0.0468247,0.00427159
72,96,0.967835,-0.0467571,0.00405303
72,97,0.967418,-0.0465585,0.0038254
72,98,0.967054,-0.0462286,0.00359048
72,99,0.966743,-0.0457674,0.00335017
72,100,0.966484,-0.0451761,0.00310643
72,101,0.966278,-0.0444569,0.00286124
72,102,0.966123,-0.0436133,0.00261657
72,103,0.966018,-0.0426507,0.00237433
72,104,0.965959,-0.0415761,0.00213634
72,105,0.965944,-0.0403991,0.00190432
72,106,0.96597,-0.0391311,0.00167981
72,107,0.966032,-0.0377864,0.00146421
72,108,0.966125,-0.0363809,0.00125873
72,109,0.966245,-0.034932,0.00106438
72,110,0.966386,-0.0334571,0.000881981
72,111,0.966542,-0.0319722,0.000712141
72,112,0.966708,-0.0304889,0.000555256
72,113,0.966878,-0.0290109,0.000411491
72,114,0.967044,-0.0275294,0.000280806
72,115,0.967203,-0.0260177,0.000163112
72,116,0.967346,-0.0244247,5.87472e-05
72,117,0.96747,-0.0226694,-3.04336e-05
72,118,0.967568,-0.0206384,-9.91092e-05
72,119,0.967636,-0.0181895,-0.000135798
72,120,0.967669,-0.0151673,-0.000120602
72,121,0.967662,-0.0114391,-2.64866e-05
72,122,0.967611,-0.00696805,0.000170417
72,123,0.96751,-0.00195747,0.000464581
72,124,0.967357,0.00287666,0.000775622
72,125,0.967148,0.00584241,0.000896367
72,126,0.966892,0.0036816,0.000482615
72,127,1,-0.00343474,0
73,0,1,0,0
73,1,1.02267,-0.00631739,-3.11423e-05
73,2,1.02262,-0.0142007,-0.00015133
73,3,1.02255,-0.0157775,-0.000331399
73,4,1.02246,-0.0134355,-0.000495398
73,5,1.02234,-0.00935464,-0.000585792
73,6,1.02219,-0.00500669,-0.000586567
73,7,1.02202,-0.00113007,-0.000511568
73,8,1.02183,0.00205914,-0.000384522
73,9,1.02162,0.00462527,-0.000225484
73,10,1.02138,0.00673627,-4.64971e-05
73,11,1.02112,0.00856583,0.000147083
73,12,1.02084,0.0102531,0.000353623
73,13,1.02054,0.0118941,0.000572824
73,14,1.02023,0.0135468,0.000804441
73,15,1.0199,0.0152401,0.00104785
73,16,1.01957,0.0169821,0.00130208
73,17,1.01922,0.0187672,0.00156591
73,18,1.01887,0.0205812,0.00183806
73,19,1.01852,0.0224055,0.00211725
73,20,1.01817,0.0242195,0.00240221
73,21,1.01781,0.0260026,0.00269171
73,22,1.01747,0.0277358,0.00298447
73,23,1.01712,0.0294017,0.00327922
73,24,1.01679,0.0309859,0.00357457
73,25,1.01647,0.0324758,0.00386905
73,26,1.01616,0.0338616,0.00416108
73,27,1.01587,0.0351352,0.004449
73,28,1.01559,0.0362904,0.00473101
73,29,1.01534,0.0373225,0.00500528
73,30,1.0151,0.038228,0.00526997
73,31,1.01489,0.0390043,0.00552321
73,32,1.0147,0.03965,0.00576326
73,33,1.01453,0.0401638,0.00598845
73,34,1.01438,0.0405456,0.00619731
73,35,1.01425,0.0407953,0.00638861
73,36,1.01414,0.0409134,0.00656133
73,37,1.01404,0.040901,0.0067148
73,38,1.01396,0.0407592,0.00684862
73,39,1.01388,0.0404895,0.00696273
73,40,1.0138,0.0400938,0.00705738
73,41,1.01372,0.039574,0.00713313
73,42,1.01363,0.0389325,0.0071908
73,43,1.01353,0.0381715,0.00723146
73,44,1.01341,0.0372939,0.00725638
73,45,1.01327,0.0363024,0.00726699
73,46,1.01309,0.0352,0.00726483
73,47,1.01288,0.0339899,0.00725149
73,48,1.01263,0.0326757,0.00722862
73,49,1.01233,0.0312608,0.00719783
73,50,1.01198,0.0297493,0.00716071
73,51,1.01157,0.0281452,0.00711878
73,52,1.01111,0.0264528,0.00707345
73,53,1.0106,0.0246768,0.00702607
73,54,1.01002,0.0228221,0.00697786
73,55,1.00937,0.0208939,0.00692991
73,56,1.00867,0.0188974,0.00688321
73,57,1.0079,0.0168384,0.00683862
73,58,1.00708,0.0147227,0.00679688
73,59,1.00619,0.0125564,0.00675861
73,60,1.00524,0.0103458,0.0067243
73,61,1.00424,0.00809717,0.00669433
73,62,1.00319,0.00581719,0.00666897
73,63,1.00209,0.00351251,0.00664836
73,64,1.00095,0.00118992,0.00663253
73,65,0.999759,-0.00114372,0.00662141
73,66,0.998536,-0.00348153,0.00661481
73,67,0.997282,-0.00581655,0.00661246
73,68,0.996002,-0.00814184,0.00661395
73,69,0.9947,-0.0104505,0.00661881
73,70,0.993383,-0.0127356,0.00662644
73,71,0.992056,-0.0149904,0.00663616
73,72,0.990723,-0.0172083,0.00664719
73,73,0.98939,-0.0193825,0.00665866
73,74,0.988061,-0.0215069,0.00666959
73,75,0.986742,-0.0235751,0.00667891
73,76,0.985435,-0.0255814,0.00668544
73,77,0.984146,-0.02752,0.00668793
73,78,0.982877,-0.0293857,0.00668503
73,79,0.981632,-0.0311735,0.00667534
73,80,0.980412,-0.0328786,0.00665741
73,81,0.97922,-0.0344968,0.00662976
73,82,0.978057,-0.0360241,0.00659093
73,83,0.976926,-0.0374568,0.00653952
73,84,0.975828,-0.0387918,0.00647421
73,85,0.974763,-0.0400258,0.00639384
73,86,0.973734,-0.0411561,0.00629742
73,87,0.972741,-0.0421803,0.00618419
73,88,0.971785,-0.0430958,0.00605363
73,89,0.970869,-0.0439004,0.00590555
73,90,0.969994,-0.0445921,0.00574005
73,91,0.969162,-0.0451688,0.00555754
73,92,0.968375,-0.0456286,0.00535876
73,93,0.967635,-0.0459696,0.00514475
73,94,0.966944,-0.0461903,0.00491683
73,95,0.966305,-0.0462889,0.00467655
73,96,0.965719,-0.0462643,0.00442568
73,97,0.965188,-0.0461154,0.00416614
73,98,0.964714,-0.0458416,0.00389996
73,99,0.964297,-0.045443,0.00362925
73,100,0.963938,-0.0449203,0.0033561
73,101,0.963637,-0.0442753,0.00308263
73,102,0.963391,-0.0435109,0.00281085
73,103,0.963201,-0.0426316,0.00254271
73,104,0.963062,-0.0416439,0.00228
73,105,0.962973,-0.040556,0.00202439
73,106,0.962929,-0.0393785,0.00177736
73,107,0.962925,-0.0381244,0.0015402
73,108,0.962958,-0.0368084,0.00131403
73,109,0.963021,-0.0354466,0.00109975
73,110,0.963109,-0.0340556,0.000898083
73,111,0.963215,-0.0326502,0.000709545
73,112,0.963334,-0.0312411,0.000534451
73,113,0.96346,-0.0298315,0.000372905
73,114,0.963585,-0.0284123,0.000224831
73,115,0.963704,-0.0269567,9.01382e-05
73,116,0.963812,-0.0254146,-3.07899e-05
73,117,0.963901,-0.0237074,-0.000135998
73,118,0.963968,-0.0217267,-0.000220009
73,119,0.964006,-0.0193379,-0.00027113
73,120,0.964012,-0.0163945,-0.000269111
73,121,0.96398,-0.0127686,-0.000186031
73,122,0.963904,-0.00841157,4.33578e-06
73,123,0.963781,-0.00348095,0.000301818
73,124,0.963604,0.00140473,0.000635383
73,125,0.963371,0.00469604,0.000805923
73,126,0.963088,0.0032457,0.000456187
73,127,1,-0.00343474,0
74,0,1,0,0
74,1,1.02534,-0.00623739,9.58107e-07
74,2,1.0253,-0.0140028,-7.95687e-05
74,3,1.02523,-0.015541,-0.000251294
74,4,1.02514,-0.0132523,-0.000428008
74,5,1.02502,-0.00927157,-0.000536228
74,6,1.02489,-0.00502358,-0.000550069
74,7,1.02473,-0.00122271,-0.000480835
74,8,1.02455,0.00191769,-0.000353448
74,9,1.02434,0.00445421,-0.000190018
74,10,1.02411,0.00654566,-4.18772e-06
74,11,1.02386,0.00835928,0.000197797
74,12,1.0236,0.0100309,0.000413922
74,13,1.02331,0.0116551,0.000643761
74,14,1.02301,0.0132898,0.000887031
74,15,1.02269,0.0149635,0.0011431
74,16,1.02237,0.0166845,0.00141094
74,17,1.02203,0.0184471,0.00168933
74,18,1.02168,0.020237,0.00197693
74,19,1.02133,0.0220355,0.00227243
74,20,1.02098,0.0238221,0.0025745
74,21,1.02063,0.0255766,0.00288186
74,22,1.02027,0.0272802,0.0031932
74,23,1.01993,0.0289162,0.00350717
74,24,1.01959,0.0304706,0.00382235
74,25,1.01926,0.0319317,0.0041372
74,26,1.01894,0.0332902,0.00445009
74,27,1.01863,0.0345389,0.00475927
74,28,1.01835,0.0356723,0.00506291
74,29,1.01808,0.0366862,0.00535911
74,30,1.01783,0.0375776,0.00564597
74,31,1.0176,0.0383446,0.00592156
74,32,1.01739,0.0389856,0.00618406
74,33,1.0172,0.0394998,0.00643175
74,34,1.01703,0.0398868,0.0066631
74,35,1.01688,0.0401466,0.00687676
74,36,1.01674,0.0402794,0.00707166
74,37,1.01662,0.0402858,0.00724702
74,38,1.0165,0.0401665,0.00740233
74,39,1.01639,0.0399227,0.00753743
74,40,1.01627,0.0395555,0.00765246
74,41,1.01615,0.0390664,0.00774786
74,42,1.01602,0.0384572,0.00782434
74,43,1.01587,0.0377298,0.00788287
74,44,1.0157,0.0368864,0.00792462
74,45,1.0155,0.0359295,0.00795094
74,46,1.01527,0.0348618,0.00796331
74,47,1.015,0.0336862,0.00796329
74,48,1.01468,0.0324061,0.0079525
74,49,1.01432,0.0310249,0.00793257
74,50,1.0139,0.0295466,0.00790511
74,51,1.01342,0.0279752,0.0078717
74,52,1.01289,0.0263153,0.00783382
74,53,1.0123,0.0245714,0.00779291
74,54,1.01164,0.0227486,0.00775026
74,55,1.01092,0.0208522,0.00770708
74,56,1.01013,0.0188876,0.00766447
74,57,1.00929,0.0168605,0.00762337
74,58,1.00838,0.0147767,0.00758463
74,59,1.00741,0.0126425,0.00754895
74,60,1.00638,0.0104639,0.0075169
74,61,1.0053,0.00824736,0.00748893
74,62,1.00417,0.00599929,0.00746535
74,63,1.00299,0.0037262,0.00744635
74,64,1.00177,0.00143465,0.00743199
74,65,1.0005,-0.000868781,0.0074222
74,66,0.999205,-0.00317753,0.00741679
74,67,0.997878,-0.00548505,0.00741546
74,68,0.996526,-0.00778487,0.00741777
74,69,0.995155,-0.0100706,0.00742317
74,70,0.99377,-0.0123359,0.007431
74,71,0.992377,-0.0145748,0.00744047
74,72,0.990979,-0.0167811,0.00745068
74,73,0.989582,-0.0189491,0.00746061
74,74,0.988191,-0.0210731,0.00746912
74,75,0.986809,-0.0231478,0.00747496
74,76,0.98544,-0.025168,0.00747678
74,77,0.984088,-0.0271286,0.00747312
74,78,0.982755,-0.0290249,0.00746245
74,79,0.981444,-0.0308522,0.00744318
74,80,0.980156,-0.0326063,0.0074137
74,81,0.978893,-0.0342829,0.00737238
74,82,0.977657,-0.035878,0.00731768
74,83,0.976449,-0.0373876,0.00724812
74,84,0.97527,-0.0388078,0.00716239
74,85,0.97412,-0.040135,0.00705934
74,86,0.973002,-0.0413655,0.0069381
74,87,0.971916,-0.0424955,0.00679805
74,88,0.970864,-0.0435215,0.00663889
74,89,0.969848,-0.0444397,0.00646068
74,90,0.968869,-0.0452467,0.00626382
74,91,0.967931,-0.0459388,0.00604904
74,92,0.967036,-0.0465125,0.00581742
74,93,0.966186,-0.0469645,0.00557035
74,94,0.965384,-0.0472914,0.00530947
74,95,0.964633,-0.0474903,0.00503668
74,96,0.963936,-0.0475585,0.004754
74,97,0.963294,-0.0474939,0.0044636
74,98,0.962711,-0.0472949,0.0041677
74,99,0.962186,-0.0469608,0.00386855
74,100,0.961721,-0.0464916,0.00356833
74,101,0.961315,-0.045889,0.00326918
74,102,0.960969,-0.0451558,0.00297311
74,103,0.96068,-0.0442969,0.00268199
74,104,0.960447,-0.043319,0.00239754
74,105,0.960266,-0.0422313,0.00212131
74,106,0.960134,-0.0410454,0.00185463
74,107,0.960047,-0.0397753,0.00159866
74,108,0.960001,-0.0384371,0.00135438
74,109,0.959988,-0.0370486,0.00112254
74,110,0.960005,-0.0356275,0.000903755
74,111,0.960045,-0.0341901,0.000698428
74,112,0.960102,-0.0327484,0.000506792
74,113,0.96017,-0.0313065,0.000328895
74,114,0.960242,-0.0298562,0.000164632
74,115,0.960312,-0.0283714,1.39211e-05
74,116,0.960374,-0.0268034,-0.000122798
74,117,0.960423,-0.0250761,-0.00024347
74,118,0.960452,-0.0230855,-0.000342499
74,119,0.960457,-0.0207044,-0.000408082
74,120,0.960433,-0.0177949,-0.00041982
74,121,0.960373,-0.0142339,-0.000349245
74,122,0.960274,-0.00996319,-0.000168092
74,123,0.960128,-0.00509771,0.000128843
74,124,0.959931,-0.000161719,0.000480253
74,125,0.959678,0.00344437,0.000698137
74,126,0.959372,0.00271642,0.000422758
74,127,1,-0.00343474,0
75,0,1,0,0
75,1,1.02807,-0.00618437,2.83272e-05
75,2,1.02803,-0.0138001,-1.20695e-05
75,3,1.02796,-0.015271,-0.000177276
75,4,1.02787,-0.0130208,-0.000366219
75,5,1.02776,-0.0091366,-0.00049048
75,6,1.02763,-0.00498933,-0.00051602
75,7,1.02747,-0.00126429,-0.000451905
75,8,1.0273,0.00182991,-0.000324127
75,9,1.0271,0.00434242,-0.000156653
75,10,1.02688,0.00642275,3.54478e-05
75,11,1.02664,0.00823164,0.000245119
75,12,1.02638,0.00990165,0.000469976
75,13,1.02611,0.0115266,0.000709456
75,14,1.02581,0.0131641,0.000963235
75,15,1.0255,0.0148432,0.00123066
75,16,1.02518,0.0165722,0.00151071
75,17,1.02485,0.0183454,0.00180213
75,18,1.02451,0.0201483,0.00210358
75,19,1.02416,0.0219619,0.00241373
75,20,1.02381,0.0237651,0.00273125
75,21,1.02346,0.0255373,0.00305483
75,22,1.0231,0.0272591,0.00338317
75,23,1.02275,0.0289132,0.00371488
75,24,1.02241,0.0304849,0.00404851
75,25,1.02207,0.0319619,0.0043825
75,26,1.02175,0.0333345,0.00471519
75,27,1.02144,0.0345948,0.00504479
75,28,1.02114,0.0357368,0.00536942
75,29,1.02085,0.0367562,0.00568715
75,30,1.02059,0.0376496,0.005996
75,31,1.02034,0.0384151,0.006294
75,32,1.02011,0.0390511,0.00657926
75,33,1.01989,0.0395572,0.00684999
75,34,1.01969,0.0399331,0.00710457
75,35,1.01951,0.0401794,0.00734156
75,36,1.01934,0.0402967,0.00755979
75,37,1.01917,0.0402862,0.00775835
75,38,1.01901,0.0401494,0.00793663
75,39,1.01886,0.0398879,0.00809433
75,40,1.0187,0.0395036,0.00823145
75,41,1.01853,0.0389987,0.0083483
75,42,1.01834,0.0383754,0.00844546
75,43,1.01814,0.0376361,0.00852379
75,44,1.01791,0.0367835,0.00858434
75,45,1.01766,0.0358204,0.00862839
75,46,1.01736,0.0347497,0.00865733
75,47,1.01703,0.0335744,0.00867269
75,48,1.01665,0.032298,0.00867606
75,49,1.01622,0.030924,0.00866908
75,50,1.01574,0.029456,0.00865338
75,51,1.0152,0.0278981,0.00863058
75,52,1.01459,0.0262545,0.00860225
75,53,1.01393,0.0245296,0.00856988
75,54,1.01321,0.0227282,0.00853485
75,55,1.01242,0.0208552,0.00849848
75,56,1.01156,0.0189158,0.00846192
75,57,1.01065,0.0169154,0.00842623
75,58,1.00967,0.0148597,0.00839232
75,59,1.00863,0.0127543,0.00836096
75,60,1.00753,0.0106053,0.0083328
75,61,1.00638,0.00841877,0.00830831
75,62,1.00518,0.00620087,0.00828785
75,63,1.00393,0.00395789,0.00827163
75,64,1.00264,0.00169619,0.00825971
75,65,1.00131,-0.000577854,0.00825201
75,66,0.999944,-0.00285783,0.00824831
75,67,0.998553,-0.00513733,0.00824827
75,68,0.997138,-0.00740999,0.00825138
75,69,0.995705,-0.00966948,0.00825702
75,70,0.994258,-0.0119096,0.00826442
75,71,0.992804,-0.0141241,0.00827267
75,72,0.991346,-0.0163071,0.00828075
75,73,0.989888,-0.0184526,0.00828748
75,74,0.988435,-0.0205551,0.00829156
75,75,0.98699,-0.0226089,0.00829157
75,76,0.985556,-0.024609,0.00828597
75,77,0.984135,-0.0265502,0.00827313
75,78,0.982731,-0.0284277,0.00825136
75,79,0.981344,-0.0302372,0.00821892
75,80,0.979977,-0.0319742,0.00817406
75,81,0.97863,-0.0336348,0.00811509
75,82,0.977305,-0.0352151,0.00804041
75,83,0.976001,-0.0367114,0.00794853
75,84,0.974722,-0.0381203,0.0078382
75,85,0.973467,-0.0394385,0.00770839
75,86,0.972238,-0.0406625,0.00755839
75,87,0.971037,-0.0417891,0.0073878
75,88,0.969866,-0.0428152,0.00719661
75,89,0.968728,-0.0437376,0.00698517
75,90,0.967625,-0.0445529,0.00675423
75,91,0.966561,-0.0452581,0.00650489
75,92,0.965539,-0.0458499,0.0062386
75,93,0.964563,-0.0463252,0.00595711
75,94,0.963637,-0.0466811,0.0056624
75,95,0.962764,-0.0469147,0.00535667
75,96,0.961948,-0.0470236,0.00504222
75,97,0.961192,-0.0470056,0.00472143
75,98,0.960497,-0.0468591,0.00439667
75,99,0.959866,-0.0465833,0.0040703
75,100,0.959301,-0.0461781,0.00374454
75,101,0.9588,-0.0456448,0.00342151
75,102,0.958364,-0.0449858,0.00310318
75,103,0.957991,-0.0442053,0.00279131
75,104,0.957678,-0.0433094,0.00248749
75,105,0.957423,-0.0423064,0.0021931
75,106,0.957223,-0.0412068,0.00190931
75,107,0.957071,-0.0400236,0.00163709
75,108,0.956964,-0.0387717,0.00137723
75,109,0.956895,-0.0374677,0.00113031
75,110,0.956859,-0.0361282,0.00089677
75,111,0.95685,-0.0347685,0.000676882
75,112,0.956861,-0.0333996,0.000470761
75,113,0.956886,-0.0320251,0.000278366
75,114,0.956918,-0.030636,9.95471e-05
75,115,0.956952,-0.0292067,-6.57773e-05
75,116,0.95698,-0.0276889,-0.000217115
75,117,0.956998,-0.0260093,-0.000352321
75,118,0.957,-0.0240686,-0.000465707
75,119,0.95698,-0.0217472,-0.000545445
75,120,0.956934,-0.0189165,-0.00057116
75,121,0.956855,-0.0154595,-0.000514088
75,122,0.956739,-0.011311,-0.000344319
75,123,0.956579,-0.00654785,-5.16304e-05
75,124,0.956368,-0.00160477,0.000313506
75,125,0.956102,0.00227027,0.00057701
75,126,0.955782,0.00224718,0.000378866
75,127,1,-0.00343474,0
76,0,1,0,0
76,1,1.03087,-0.00607389,5.73887e-05
76,2,1.03082,-0.0135099,4.85836e-05
76,3,1.03075,-0.0148926,-0.000111708
76,4,1.03066,-0.0126781,-0.000312103
76,5,1.03055,-0.00890018,-0.000450949
76,6,1.03042,-0.00486857,-0.000486688
76,7,1.03027,-0.00123472,-0.000426843
76,8,1.03009,0.00179906,-0.000298504
76,9,1.0299,0.00427414,-0.000127227
76,10,1.02968,0.00632971,7.06804e-05
76,11,1.02945,0.00811896,0.000287435
76,12,1.02919,0.00977048,0.000520303
76,13,1.02891,0.0113764,0.000768583
76,14,1.02862,0.0129941,0.00103191
76,15,1.02831,0.0146525,0.00130962
76,16,1.02798,0.0163597,0.0016007
76,17,1.02765,0.0181101,0.00190391
76,18,1.0273,0.019889,0.00221793
76,19,1.02694,0.0216773,0.00254142
76,20,1.02658,0.0234541,0.00287308
76,21,1.02621,0.0251988,0.00321161
76,22,1.02585,0.0268923,0.0035557
76,23,1.02548,0.0285179,0.00390398
76,24,1.02512,0.0300614,0.00425499
76,25,1.02476,0.0315111,0.00460715
76,26,1.02442,0.0328578,0.00495877
76,27,1.02408,0.0340944,0.00530805
76,28,1.02376,0.0352156,0.00565308
76,29,1.02345,0.0362175,0.00599189
76,30,1.02316,0.0370974,0.00632245
76,31,1.02288,0.0378535,0.00664276
76,32,1.02262,0.0384848,0.00695086
76,33,1.02237,0.0389906,0.00724489
76,34,1.02214,0.0393709,0.00752314
76,35,1.02192,0.039626,0.00778409
76,36,1.02172,0.0397564,0.00802644
76,37,1.02151,0.0397629,0.00824919
76,38,1.02132,0.0396466,0.00845157
76,39,1.02112,0.0394085,0.00863315
76,40,1.02092,0.0390502,0.00879379
76,41,1.0207,0.0385733,0.00893365
76,42,1.02048,0.0379796,0.00905317
76,43,1.02023,0.037271,0.00915307
76,44,1.01995,0.0364499,0.0092343
76,45,1.01964,0.0355185,0.009298
76,46,1.0193,0.0344797,0.00934551
76,47,1.01891,0.0333364,0.0093783
76,48,1.01848,0.0320917,0.00939794
76,49,1.018,0.0307492,0.00940604
76,50,1.01746,0.0293125,0.00940426
76,51,1.01686,0.0277858,0.00939427
76,52,1.0162,0.0261732,0.00937766
76,53,1.01548,0.0244794,0.009356
76,54,1.0147,0.0227092,0.00933076
76,55,1.01385,0.0208676,0.00930331
76,56,1.01294,0.0189598,0.0092749
76,57,1.01196,0.0169914,0.00924663
76,58,1.01092,0.014968,0.00921949
76,59,1.00983,0.0128953,0.00919431
76,60,1.00867,0.0107793,0.00917175
76,61,1.00746,0.00862578,0.00915233
76,62,1.0062,0.00644092,0.00913642
76,63,1.00489,0.00423075,0.00912421
76,64,1.00354,0.00200133,0.00911574
76,65,1.00215,-0.000241272,0.00911091
76,66,1.00073,-0.00249107,0.00910944
76,67,0.999286,-0.00474214,0.00911091
76,68,0.997815,-0.00698865,0.00911474
76,69,0.996326,-0.00922489,0.00912018
76,70,0.994824,-0.0114453,0.00912636
76,71,0.993313,-0.0136445,0.00913223
76,72,0.991799,-0.0158173,0.0091366
76,73,0.990284,-0.0179585,0.00913813
76,74,0.988772,-0.0200634,0.00913536
76,75,0.987267,-0.0221271,0.00912669
76,76,0.985771,-0.0241453,0.00911044
76,77,0.984286,-0.0261135,0.0090848
76,78,0.982815,-0.0280275,0.00904797
76,79,0.981358,-0.0298831,0.0089981
76,80,0.979916,-0.0316762,0.00893339
76,81,0.978492,-0.0334027,0.00885211
76,82,0.977084,-0.0350587,0.00875269
76,83,0.975696,-0.03664,0.00863376
76,84,0.974326,-0.0381424,0.00849418
76,85,0.972978,-0.0395617,0.00833316
76,86,0.971652,-0.0408934,0.00815022
76,87,0.970351,-0.0421331,0.00794528
76,88,0.969077,-0.0432761,0.00771869
76,89,0.967834,-0.0443177,0.00747118
76,90,0.966624,-0.045253,0.00720388
76,91,0.965452,-0.0460773,0.00691832
76,92,0.964321,-0.0467856,0.00661632
76,93,0.963236,-0.0473733,0.0063
76,94,0.962201,-0.0478358,0.00597167
76,95,0.96122,-0.0481689,0.0056338
76,96,0.960297,-0.0483689,0.00528891
76,97,0.959435,-0.0484324,0.00493954
76,98,0.958637,-0.0483571,0.00458814
76,99,0.957905,-0.0481413,0.00423709
76,100,0.957239,-0.0477846,0.0038886
76,101,0.956642,-0.0472879,0.00354469
76,102,0.956111,-0.0466539,0.00320719
76,103,0.955646,-0.0458869,0.00287769
76,104,0.955244,-0.0449936,0.00255758
76,105,0.954903,-0.0439831,0.00224802
76,106,0.954619,-0.042867,0.00194996
76,107,0.954388,-0.0416596,0.00166415
76,108,0.954204,-0.0403771,0.00139116
76,109,0.954063,-0.0390376,0.00113138
76,110,0.953959,-0.0376593,0.000885085
76,111,0.953886,-0.0362588,0.000652396
76,112,0.953837,-0.0348486,0.000433321
76,113,0.953807,-0.033433,0.000227747
76,114,0.953789,-0.0320045,3.54926e-05
76,115,0.953776,-0.0305379,-0.000143506
76,116,0.953763,-0.0289866,-0.000308692
76,117,0.953744,-0.0272796,-0.000457826
76,118,0.953713,-0.0253223,-0.000585161
76,119,0.953664,-0.0230021,-0.000678924
76,120,0.953593,-0.0201991,-0.000718921
76,121,0.953494,-0.0168027,-0.000676386
76,122,0.953361,-0.0127422,-0.000520072
76,123,0.953187,-0.00806115,-0.00023489
76,124,0.952966,-0.00310994,0.000139134
76,125,0.952692,0.00101633,0.000443897
76,126,0.952362,0.00168543,0.000330399
76,127,1,-0.00343474,0
77,0,1,0,0
77,1,1.03375,-0.00600335,8.03198e-05
77,2,1.0337,-0.0132291,0.000103116
77,3,1.03362,-0.0145005,-5.56798e-05
77,4,1.03352,-0.0123106,-0.000267818
77,5,1.03341,-0.00863625,-0.000419522
77,6,1.03327,-0.00472012,-0.000463965
77,7,1.03312,-0.00117653,-0.000407591
77,8,1.03294,0.00179972,-0.000278495
77,9,1.03275,0.00424239,-0.00010363
77,10,1.03253,0.00628033,9.96458e-05
77,11,1.03229,0.0080593,0.000322911
77,12,1.03203,0.00970414,0.000563095
77,13,1.03174,0.0113057,0.000819346
77,14,1.03144,0.0129212,0.00109125
77,15,1.03113,0.0145798,0.00137814
77,16,1.0308,0.0162898,0.00167904
77,17,1.03045,0.0180455,0.00199274
77,18,1.03009,0.019832,0.00231795
77,19,1.02972,0.0216299,0.00265338
77,20,1.02935,0.023418,0.00299779
77,21,1.02897,0.0251753,0.00334991
77,22,1.02858,0.0268821,0.00370846
77,23,1.0282,0.0285212,0.0040721
77,24,1.02782,0.0300778,0.00443939
77,25,1.02744,0.0315399,0.00480877
77,26,1.02708,0.0328977,0.00517855
77,27,1.02672,0.0341437,0.00554691
77,28,1.02637,0.035272,0.00591193
77,29,1.02603,0.0362786,0.0062716
77,30,1.02571,0.0371605,0.00662387
77,31,1.0254,0.0379159,0.00696667
77,32,1.02511,0.0385436,0.00729798
77,33,1.02482,0.0390434,0.00761587
77,34,1.02455,0.0394152,0.00791853
77,35,1.02429,0.0396598,0.00820432
77,36,1.02404,0.0397781,0.00847185
77,37,1.0238,0.0397714,0.00871995
77,38,1.02355,0.0396413,0.00894772
77,39,1.0233,0.0393896,0.00915458
77,40,1.02305,0.0390182,0.00934021
77,41,1.02279,0.0385292,0.00950464
77,42,1.02251,0.037925,0.00964814
77,43,1.0222,0.037208,0.0097713
77,44,1.02188,0.0363808,0.00987493
77,45,1.02152,0.0354461,0.0099601
77,46,1.02112,0.0344069,0.010028
77,47,1.02068,0.0332662,0.0100802
77,48,1.0202,0.0320272,0.010118
77,49,1.01966,0.0306934,0.0101432
77,50,1.01907,0.0292685,0.0101574
77,51,1.01843,0.0277564,0.0101623
77,52,1.01772,0.026161,0.0101595
77,53,1.01695,0.0244869,0.0101507
77,54,1.01612,0.0227386,0.0101374
77,55,1.01522,0.0209209,0.010121
77,56,1.01426,0.0190387,0.0101028
77,57,1.01323,0.0170972,0.010084
77,58,1.01214,0.0151019,0.0100656
77,59,1.011,0.0130581,0.0100484
77,60,1.00979,0.0109716,0.0100332
77,61,1.00853,0.00884795,0.0100204
77,62,1.00722,0.00669299,0.0100105
77,63,1.00586,0.00451254,0.0100035
77,64,1.00447,0.00231242,0.00999946
77,65,1.00303,9.84798e-05,0.00999823
77,66,1.00156,-0.00212347,0.00999944
77,67,1.00006,-0.00434767,0.0100026
77,68,0.998543,-0.00656842,0.0100069
77,69,0.997004,-0.0087801,0.0100116
77,70,0.99545,-0.0109772,0.0100157
77,71,0.993887,-0.0131544,0.0100178
77,72,0.992318,-0.0153063,0.0100168
77,73,0.990746,-0.0174279,0.0100111
77,74,0.989175,-0.0195142,0.00999907
77,75,0.987607,-0.0215605,0.00997895
77,76,0.986044,-0.0235622,0.00994893
77,77,0.984488,-0.0255148,0.00990711
77,78,0.98294,-0.0274139,0.00985158
77,79,0.981401,-0.0292555,0.00978045
77,80,0.979873,-0.0310355,0.00969191
77,81,0.978355,-0.0327498,0.0095843
77,82,0.97685,-0.0343946,0.00945614
77,83,0.975358,-0.0359659,0.00930622
77,84,0.97388,-0.0374598,0.00913363
77,85,0.972419,-0.0388721,0.00893784
77,86,0.970976,-0.0401989,0.00871871
77,87,0.969555,-0.041436,0.00847653
77,88,0.968158,-0.0425788,0.00821204
77,89,0.96679,-0.0436232,0.00792639
77,90,0.965456,-0.0445645,0.00762114
77,91,0.964159,-0.0453981,0.00729822
77,92,0.962906,-0.0461197,0.00695984
77,93,0.9617,-0.0467248,0.00660846
77,94,0.960548,-0.0472091,0.00624671
77,95,0.959453,-0.0475687,0.00587727
77,96,0.95842,-0.0478001,0.00550285
77,97,0.957453,-0.0479001,0.0051261
77,98,0.956555,-0.0478666,0.00474951
77,99,0.955728,-0.0476979,0.00437545
77,100,0.954974,-0.0473937,0.00400604
77,101,0.954292,-0.0469547,0.00364318
77,102,0.953682,-0.0463833,0.00328854
77,103,0.953143,-0.0456835,0.0029435
77,104,0.952672,-0.0448614,0.00260924
77,105,0.952267,-0.0439254,0.00228668
77,106,0.951923,-0.0428862,0.00197651
77,107,0.951635,-0.0417569,0.00167926
77,108,0.951399,-0.040553,0.00139524
77,109,0.951209,-0.0392911,0.00112466
77,110,0.951059,-0.0379883,0.000867565
77,111,0.950943,-0.0366603,0.000623932
77,112,0.950854,-0.0353185,0.00039363
77,113,0.950787,-0.0339665,0.000176454
77,114,0.950735,-0.0325961,-2.78219e-05
77,115,0.950691,-0.0311822,-0.000219253
77,116,0.95065,-0.029679,-0.000397219
77,117,0.950606,-0.0280179,-0.000559395
77,118,0.950554,-0.0261088,-0.000699994
77,119,0.950487,-0.0238465,-0.000807361
77,120,0.950402,-0.02112,-0.000861609
77,121,0.950291,-0.0178262,-0.000834158
77,122,0.95015,-0.0138914,-0.000692809
77,123,0.949971,-0.00933037,-0.000418158
77,124,0.949748,-0.00441644,-3.90979e-05
77,125,0.949473,-9.41746e-05,0.000303909
77,126,0.949144,0.00122331,0.000273163
77,127,1,-0.00343474,0
78,0,1,0,0
78,1,1.03672,-0.00585336,0.000105449
78,2,1.03666,-0.0128395,0.000148403
78,3,1.03657,-0.013985,-1.16247e-05
78,4,1.03646,-0.011822,-0.000235203
78,5,1.03633,-0.00826266,-0.000398475
78,6,1.03619,-0.00447638,-0.000450048
78,7,1.03602,-0.00103719,-0.000396177
78,8,1.03584,0.00186841,-0.000266046
78,9,1.03563,0.00426621,-8.77225e-05
78,10,1.0354,0.00627398,0.000120582
78,11,1.03515,0.00802926,0.000349891
78,12,1.03488,0.00965243,0.000596818
78,13,1.03458,0.0112326,0.00086036
78,14,1.03427,0.0128262,0.00114005
78,15,1.03393,0.0144626,0.00143524
78,16,1.03358,0.0161498,0.00174498
78,17,1.03322,0.0178821,0.00206813
78,18,1.03284,0.0196446,0.00240347
78,19,1.03244,0.0214177,0.00274978
78,20,1.03204,0.0231801,0.00310588
78,21,1.03163,0.024911,0.00347056
78,22,1.03122,0.026591,0.00384261
78,23,1.03081,0.0282032,0.00422073
78,24,1.03039,0.0297334,0.0046035
78,25,1.02999,0.0311699,0.0049894
78,26,1.02958,0.0325036,0.00537673
78,27,1.02919,0.0337274,0.00576369
78,28,1.0288,0.0348364,0.00614834
78,29,1.02843,0.0358266,0.00652864
78,30,1.02806,0.0366958,0.00690252
78,31,1.02771,0.0374423,0.00726785
78,32,1.02738,0.0380653,0.00762256
78,33,1.02705,0.0385645,0.00796462
78,34,1.02674,0.0389401,0.00829215
78,35,1.02644,0.0391926,0.00860339
78,36,1.02614,0.0393226,0.00889682
78,37,1.02585,0.0393313,0.00917114
78,38,1.02556,0.0392197,0.00942529
78,39,1.02527,0.0389894,0.00965854
78,40,1.02497,0.0386416,0.00987041
78,41,1.02466,0.0381783,0.0100607
78,42,1.02433,0.0376013,0.0102297
78,43,1.02399,0.0369126,0.0103776
78,44,1.02361,0.0361144,0.0105053
78,45,1.02321,0.0352093,0.0106137
78,46,1.02277,0.0341999,0.0107039
78,47,1.02229,0.0330891,0.0107772
78,48,1.02176,0.0318801,0.0108353
78,49,1.02119,0.0305763,0.0108796
78,50,1.02056,0.0291814,0.0109118
78,51,1.01987,0.0276993,0.0109336
78,52,1.01912,0.0261341,0.0109468
78,53,1.01831,0.0244904,0.010953
78,54,1.01744,0.0227727,0.0109537
78,55,1.0165,0.0209859,0.0109505
78,56,1.0155,0.0191351,0.0109446
78,57,1.01443,0.0172254,0.0109373
78,58,1.01331,0.0152622,0.0109296
78,59,1.01212,0.0132509,0.0109223
78,60,1.01088,0.011197,0.0109161
78,61,1.00958,0.00910612,0.0109115
78,62,1.00823,0.00698376,0.0109089
78,63,1.00683,0.0048355,0.0109083
78,64,1.00539,0.00266683,0.0109096
78,65,1.00391,0.000483209,0.0109126
78,66,1.0024,-0.00171003,0.0109168
78,67,1.00086,-0.00390765,0.0109216
78,68,0.999294,-0.00610458,0.0109261
78,69,0.997708,-0.00829587,0.0109294
78,70,0.996107,-0.0104768,0.0109302
78,71,0.994494,-0.0126426,0.0109271
78,72,0.992872,-0.0147891,0.0109187
78,73,0.991244,-0.0169118,0.0109034
78,74,0.989614,-0.0190066,0.0108793
78,75,0.987984,-0.0210696,0.0108445
78,76,0.986356,-0.0230967,0.0107972
78,77,0.98473,-0.0250842,0.0107354
78,78,0.983109,-0.027028,0.010657
78,79,0.981492,-0.0289243,0.0105603
78,80,0.979882,-0.030769,0.0104435
78,81,0.97828,-0.0325579,0.0103052
78,82,0.976685,-0.0342867,0.0101439
78,83,0.9751,-0.0359507,0.00995874
78,84,0.973527,-0.0375452,0.00974917
78,85,0.971968,-0.0390649,0.009515
78,86,0.970426,-0.0405045,0.00925649
78,87,0.968904,-0.0418584,0.00897438
78,88,0.967406,-0.0431206,0.00866986
78,89,0.965936,-0.0442851,0.00834453
78,90,0.964501,-0.0453457,0.00800041
78,91,0.963104,-0.0462963,0.00763983
78,92,0.961752,-0.0471307,0.00726538
78,93,0.96045,-0.0478429,0.00687983
78,94,0.959203,-0.0484273,0.00648605
78,95,0.958015,-0.0488786,0.0060869
78,96,0.956892,-0.0491923,0.00568521
78,97,0.955837,-0.0493642,0.00528363
78,98,0.954853,-0.0493914,0.00488467
78,99,0.953941,-0.0492717,0.00449056
78,100,0.953104,-0.0490045,0.00410328
78,101,0.952342,-0.0485905,0.00372455
78,102,0.951654,-0.0480321,0.00335579
78,103,0.951037,-0.0473338,0.00299816
78,104,0.950492,-0.0465023,0.00265253
78,105,0.950013,-0.0455468,0.00231955
78,106,0.949597,-0.0444793,0.00199967
78,107,0.949241,-0.043314,0.00169312
78,108,0.948939,-0.0420678,0.00140001
78,109,0.948685,-0.0407589,0.00112029
78,110,0.948475,-0.0394061,0.000853863
78,111,0.948303,-0.0380263,0.000600529
78,112,0.948161,-0.0366323,0.000360051
78,113,0.948045,-0.0352291,0.000132156
78,114,0.947948,-0.0338094,-8.34037e-05
78,115,0.947864,-0.032349,-0.000286649
78,116,0.947787,-0.0308037,-0.000476883
78,117,0.947712,-0.0291073,-0.000651689
78,118,0.947632,-0.027174,-0.000805261
78,119,0.947544,-0.0249052,-0.000926114
78,120,0.94744,-0.0221987,-0.000994779
78,121,0.947315,-0.0189586,-0.000983093
78,122,0.947165,-0.0151098,-0.000858162
78,123,0.946982,-0.010643,-0.000596501
78,124,0.946758,-0.00576154,-0.000216945
78,125,0.946487,-0.00126425,0.000158656
78,126,0.946161,0.0006672,0.000215071
78,127,1,-0.00343474,0
79,0,1,0,0
79,1,1.03978,-0.00575944,0.000122589
79,2,1.03971,-0.0124759,0.000185612
79,3,1.03961,-0.0134796,1.96541e-05
79,4,1.03948,-0.0113373,-0.000216221
79,5,1.03934,-0.00789105,-0.00038936
79,6,1.03918,-0.00423323,-0.00044655
79,7,1.039,-0.000895999,-0.000394354
79,8,1.03879,0.00194265,-0.000262938
79,9,1.03857,0.00430058,-8.12923e-05
79,10,1.03832,0.00628461,0.000131705
79,11,1.03805,0.00802437,0.00036661
79,12,1.03775,0.00963607,0.000619733
79,13,1.03744,0.0112073,0.000889905
79,14,1.0371,0.0127943,0.0011766
79,15,1.03674,0.0144263,0.0014792
79,16,1.03636,0.0161117,0.0017968
79,17,1.03597,0.0178446,0.00212836
79,18,1.03556,0.0196099,0.00247273
79,19,1.03514,0.0213879,0.00282881
79,20,1.03471,0.0231569,0.00319549
79,21,1.03427,0.0248956,0.00357168
79,22,1.03383,0.0265845,0.00395623
79,23,1.03338,0.028206,0.00434791
79,24,1.03293,0.0297455,0.00474536
79,25,1.03249,0.0311911,0.0051471
79,26,1.03205,0.032533,0.00555145
79,27,1.03161,0.033764,0.00595663
79,28,1.03119,0.0348785,0.00636068
79,29,1.03077,0.0358726,0.00676156
79,30,1.03037,0.0367436,0.00715715
79,31,1.02997,0.0374899,0.00754527
79,32,1.02959,0.0381105,0.00792379
79,33,1.02922,0.0386053,0.00829058
79,34,1.02886,0.0389746,0.00864367
79,35,1.0285,0.0392192,0.00898118
79,36,1.02816,0.0393403,0.00930144
79,37,1.02781,0.0393391,0.00960301
79,38,1.02747,0.0392174,0.00988468
79,39,1.02713,0.0389769,0.0101455
79,40,1.02677,0.0386198,0.0103849
79,41,1.02641,0.0381481,0.0106025
79,42,1.02604,0.0375643,0.0107983
79,43,1.02564,0.0368706,0.0109726
79,44,1.02522,0.0360697,0.0111259
79,45,1.02477,0.0351644,0.0112591
79,46,1.02429,0.0341574,0.0113733
79,47,1.02376,0.0330518,0.0114696
79,48,1.0232,0.0318508,0.0115497
79,49,1.02258,0.0305578,0.011615
79,50,1.02191,0.0291763,0.0116672
79,51,1.02119,0.0277102,0.011708
79,52,1.02041,0.0261634,0.0117392
79,53,1.01956,0.0245402,0.0117624
79,54,1.01866,0.0228449,0.0117792
79,55,1.01769,0.0210823,0.0117911
79,56,1.01666,0.0192569,0.0117995
79,57,1.01556,0.0173738,0.0118056
79,58,1.01441,0.015438,0.0118104
79,59,1.01319,0.0134546,0.0118147
79,60,1.01191,0.0114289,0.0118192
79,61,1.01058,0.00936616,0.0118242
79,62,1.0092,0.0072716,0.0118301
79,63,1.00777,0.00515056,0.0118369
79,64,1.0063,0.0030083,0.0118443
79,65,1.00479,0.000850038,0.011852
79,66,1.00324,-0.00131908,0.0118593
79,67,1.00166,-0.00349398,0.0118656
79,68,1.00005,-0.00566968,0.0118697
79,69,0.998423,-0.00784134,0.0118706
79,70,0.996775,-0.0100042,0.0118668
79,71,0.995112,-0.0121536,0.0118569
79,72,0.993437,-0.0142851,0.0118391
79,73,0.991752,-0.0163942,0.0118117
79,74,0.990061,-0.0184768,0.0117728
79,75,0.988363,-0.0205285,0.0117205
79,76,0.986663,-0.0225453,0.0116526
79,77,0.984959,-0.0245231,0.0115673
79,78,0.983254,-0.0264578,0.0114626
79,79,0.981549,-0.0283453,0.0113368
79,80,0.979845,-0.0301816,0.0111883
79,81,0.978143,-0.0319622,0.0110157
79,82,0.976444,-0.0336829,0.0108181
79,83,0.974751,-0.035339,0.0105948
79,84,0.973066,-0.0369258,0.0103456
79,85,0.971392,-0.0384383,0.0100708
79,86,0.969734,-0.0398712,0.00977113
79,87,0.968095,-0.041219,0.00944775
79,88,0.96648,-0.0424762,0.00910233
79,89,0.964895,-0.043637,0.00873693
79,90,0.963345,-0.0446955,0.008354
79,91,0.961838,-0.0456458,0.00795623
79,92,0.960378,-0.0464823,0.00754654
79,93,0.958972,-0.0471993,0.00712796
79,94,0.957626,-0.0477916,0.00670355
79,95,0.956344,-0.0482545,0.00627629
79,96,0.955132,-0.0485837,0.00584904
79,97,0.953993,-0.0487756,0.00542445
79,98,0.95293,-0.0488276,0.00500492
79,99,0.951944,-0.0487379,0.00459257
79,100,0.951038,-0.0485059,0.00418921
79,101,0.950212,-0.0481325,0.00379633
79,102,0.949463,-0.0476201,0.0034151
79,103,0.948791,-0.046973,0.00304644
79,104,0.948193,-0.0461974,0.00269095
79,105,0.947665,-0.0453021,0.00234903
79,106,0.947204,-0.0442981,0.00202083
79,107,0.946805,-0.043199,0.00170635
79,108,0.946463,-0.0420203,0.00140545
79,109,0.946172,-0.0407793,0.00111788
79,110,0.945927,-0.0394934,0.000843328
79,111,0.945721,-0.0381787,0.000581453
79,112,0.945549,-0.0368468,0.000331891
79,113,0.945404,-0.0355018,9.42864e-05
79,114,0.945282,-0.0341357,-0.000131638
79,115,0.945174,-0.0327245,-0.000345876
79,116,0.945077,-0.0312244,-0.000547655
79,117,0.944985,-0.0295716,-0.000734472
79,118,0.944891,-0.0276844,-0.000900511
79,119,0.944791,-0.0254711,-0.0010345
79,120,0.94468,-0.022838,-0.00111745
79,121,0.944551,-0.0196971,-0.00112175
79,122,0.944401,-0.0159744,-0.00101416
79,123,0.944221,-0.0116411,-0.000767778
79,124,0.944005,-0.00683847,-0.000390929
79,125,0.943744,-0.00222696,1.36406e-05
79,126,0.943432,0.000253199,0.000150425
79,127,1,-0.00343474,0
80,0,1,0,0
80,1,1.04294,-0.00555821,0.000142404
80,2,1.04284,-0.0119764,0.000210919
80,3,1.04272,-0.0128315,3.56867e-05
80,4,1.04257,-0.0107182,-0.000212325
80,5,1.04241,-0.00739854,-0.000394178
80,6,1.04222,-0.00388311,-0.000455448
80,7,1.04202,-0.000660955,-0.00040397
80,8,1.04179,0.00209845,-0.000270985
80,9,1.04154,0.00440464,-8.61039e-05
80,10,1.04126,0.00635304,0.000131321
80,11,1.04096,0.00806477,0.000371456
80,12,1.04064,0.00965133,0.000630324
80,13,1.04029,0.0111982,0.000906591
80,14,1.03992,0.0127611,0.00119968
80,15,1.03952,0.0143691,0.00150898
80,16,1.03911,0.0160304,0.00183369
80,17,1.03868,0.017739,0.00217284
80,18,1.03823,0.0194798,0.00252542
80,19,1.03777,0.0212329,0.00289045
80,20,1.03729,0.0229767,0.00326693
80,21,1.03681,0.0246899,0.00365388
80,22,1.03632,0.026353,0.00405024
80,23,1.03582,0.027949,0.00445486
80,24,1.03533,0.0294636,0.00486645
80,25,1.03483,0.0308851,0.00528356
80,26,1.03434,0.0322044,0.00570458
80,27,1.03386,0.0334148,0.0061277
80,28,1.03338,0.0345111,0.00655099
80,29,1.03292,0.0354899,0.00697238
80,30,1.03246,0.0363489,0.0073897
80,31,1.03201,0.0370866,0.00780076
80,32,1.03158,0.0377025,0.00820333
80,33,1.03115,0.0381964,0.00859521
80,34,1.03074,0.0385688,0.00897432
80,35,1.03033,0.0388202,0.00933866
80,36,1.02994,0.0389516,0.00968643
80,37,1.02954,0.0389641,0.010016
80,38,1.02915,0.0388591,0.0103261
80,39,1.02876,0.038638,0.0106156
80,40,1.02836,0.0383025,0.0108836
80,41,1.02795,0.0378543,0.0111297
80,42,1.02753,0.0372955,0.0113537
80,43,1.02709,0.036628,0.0115557
80,44,1.02663,0.0358543,0.0117361
80,45,1.02614,0.0349767,0.0118958
80,46,1.02562,0.033998,0.0120355
80,47,1.02507,0.032921,0.0121566
80,48,1.02447,0.0317488,0.0122605
80,49,1.02382,0.0304848,0.0123486
80,50,1.02312,0.0291325,0.0124227
80,51,1.02237,0.0276958,0.0124845
80,52,1.02156,0.0261786,0.0125356
80,53,1.0207,0.0245853,0.0125778
80,54,1.01977,0.0229203,0.0126127
80,55,1.01878,0.0211881,0.0126417
80,56,1.01772,0.0193936,0.0126663
80,57,1.0166,0.0175415,0.0126876
80,58,1.01542,0.015637,0.0127066
80,59,1.01418,0.013685,0.012724
80,60,1.01289,0.0116906,0.0127406
80,61,1.01153,0.00965888,0.0127565
80,62,1.01013,0.00759486,0.012772
80,63,1.00867,0.00550354,0.0127869
80,64,1.00717,0.00338979,0.0128009
80,65,1.00562,0.0012584,0.0128135
80,66,1.00404,-0.000885993,0.0128239
80,67,1.00243,-0.00303889,0.0128312
80,68,1.00078,-0.00519595,0.0128342
80,69,0.999111,-0.00735303,0.0128315
80,70,0.997418,-0.00950612,0.0128217
80,71,0.995705,-0.0116514,0.0128029
80,72,0.993976,-0.0137851,0.0127735
80,73,0.992233,-0.0159036,0.0127315
80,74,0.990479,-0.0180034,0.0126749
80,75,0.988715,-0.0200809,0.0126016
80,76,0.986942,-0.0221325,0.0125097
80,77,0.985163,-0.0241546,0.0123973
80,78,0.983378,-0.0261433,0.0122626
80,79,0.981589,-0.0280946,0.0121039
80,80,0.979797,-0.030004,0.0119199
80,81,0.978005,-0.0318669,0.0117096
80,82,0.976214,-0.0336782,0.0114724
80,83,0.974428,-0.0354324,0.011208
80,84,0.972649,-0.0371237,0.0109167
80,85,0.970882,-0.0387457,0.0105993
80,86,0.96913,-0.0402918,0.010257
80,87,0.9674,-0.0417551,0.00989144
80,88,0.965696,-0.0431281,0.00950482
80,89,0.964025,-0.0444037,0.00909965
80,90,0.962393,-0.0455743,0.00867873
80,91,0.960806,-0.0466325,0.00824514
80,92,0.95927,-0.0475711,0.00780204
80,93,0.957791,-0.0483832,0.00735265
80,94,0.956375,-0.0490624,0.00690014
80,95,0.955026,-0.0496028,0.00644754
80,96,0.95375,-0.0499993,0.00599767
80,97,0.952548,-0.0502477,0.00555309
80,98,0.951424,-0.0503446,0.00511604
80,99,0.95038,-0.0502881,0.00468844
80,100,0.949416,-0.0500774,0.00427187
80,101,0.948531,-0.0497134,0.00386756
80,102,0.947725,-0.0491988,0.00347642
80,103,0.946996,-0.0485383,0.00309905
80,104,0.946341,-0.0477389,0.00273579
80,105,0.945757,-0.0468101,0.00238674
80,106,0.945241,-0.0457641,0.00205179
80,107,0.944787,-0.0446157,0.00173069
80,108,0.944392,-0.0433819,0.00142307
80,109,0.944049,-0.0420815,0.00112849
80,110,0.943754,-0.0407336,0.000846461
80,111,0.943502,-0.0393555,0.000576516
80,112,0.943286,-0.0379604,0.000318197
80,113,0.943101,-0.0365537,7.11014e-05
80,114,0.942941,-0.0351284,-0.000165047
80,115,0.9428,-0.0336614,-0.00039019
80,116,0.942673,-0.0321108,-0.000603457
80,117,0.942555,-0.0304149,-0.00080225
80,118,0.942441,-0.0284962,-0.000980757
80,119,0.942324,-0.0262691,-0.00112793
80,120,0.9422,-0.023648,-0.00122536
80,121,0.942064,-0.0205528,-0.00124613
80,122,0.941911,-0.0169116,-0.00115683
80,123,0.941733,-0.0126809,-0.000927407
80,124,0.941524,-0.00794742,-0.000557294
80,125,0.941276,-0.00324214,-0.000130082
80,126,0.940979,-0.000263093,8.91991e-05
80,127,1,-0.00343474,0
81,0,1,0,0
81,1,1.04618,-0.00543471,0.000151844
81,2,1.04607,-0.0115262,0.000226106
81,3,1.04592,-0.0122249,3.60888e-05
81,4,1.04574,-0.0101395,-0.000225159
81,5,1.04555,-0.00694551,-0.000413989
81,6,1.04533,-0.00356947,-0.000477917
81,7,1.0451,-0.000457987,-0.000426443
81,8,1.04484,0.00222716,-0.000291695
81,9,1.04455,0.00448712,-0.000103721
81,10,1.04424,0.00640624,0.000117831
81,11,1.0439,0.00809758,0.000362817
81,12,1.04353,0.00966834,0.000626984
81,13,1.04314,0.0112023,0.000908819
81,14,1.04273,0.0127546,0.00120768
81,15,1.04229,0.0143543,0.001523
81,16,1.04183,0.0160098,0.00185405
81,17,1.04135,0.017715,0.00219999
81,18,1.04086,0.0194545,0.00255996
81,19,1.04034,0.0212083,0.0029331
81,20,1.03982,0.0229543,0.00331857
81,21,1.03929,0.0246711,0.0037155
81,22,1.03875,0.0263389,0.00412296
81,23,1.0382,0.0279402,0.00453988
81,24,1.03766,0.0294605,0.00496507
81,25,1.03711,0.0308877,0.00539713
81,26,1.03657,0.0322125,0.00583448
81,27,1.03603,0.0334277,0.00627535
81,28,1.0355,0.0345278,0.00671781
81,29,1.03498,0.0355092,0.00715976
81,30,1.03447,0.0363694,0.00759902
81,31,1.03397,0.0371069,0.00803332
81,32,1.03348,0.037721,0.00846036
81,33,1.033,0.0382117,0.00887788
81,34,1.03253,0.0385794,0.00928366
81,35,1.03206,0.0388251,0.00967559
81,36,1.03161,0.03895,0.0100517
81,37,1.03116,0.0389556,0.0104103
81,38,1.03071,0.0388435,0.0107498
81,39,1.03027,0.0386156,0.0110689
81,40,1.02982,0.0382741,0.0113668
81,41,1.02936,0.0378211,0.0116426
81,42,1.02889,0.0372588,0.0118961
81,43,1.02841,0.0365899,0.0121272
81,44,1.0279,0.0358167,0.0123363
81,45,1.02738,0.034942,0.0125238
81,46,1.02682,0.0339686,0.0126908
81,47,1.02623,0.0328994,0.0128383
81,48,1.02559,0.0317376,0.0129677
81,49,1.02492,0.0304864,0.0130805
81,50,1.0242,0.0291494,0.0131783
81,51,1.02342,0.0277301,0.0132628
81,52,1.0226,0.0262324,0.0133357
81,53,1.02171,0.0246602,0.0133987
81,54,1.02076,0.0230179,0.0134534
81,55,1.01975,0.0213096,0.0135013
81,56,1.01868,0.0195398,0.0135437
81,57,1.01755,0.0177132,0.0135818
81,58,1.01636,0.0158343,0.0136165
81,59,1.0151,0.013908,0.0136484
81,60,1.01378,0.0119389,0.0136782
81,61,1.01241,0.00993193,0.0137059
81,62,1.01098,0.00789172,0.0137317
81,63,1.00951,0.00582301,0.0137553
81,64,1.00798,0.00373046,0.0137762
81,65,1.00641,0.00161864,0.0137937
81,66,1.0048,-0.000507969,0.0138068
81,67,1.00315,-0.00264499,0.0138145
81,68,1.00147,-0.00478816,0.0138153
81,69,0.999755,-0.00693331,0.0138077
81,70,0.998016,-0.00907638,0.0137901
81,71,0.996253,-0.0112134,0.0137606
81,72,0.994468,-0.0133404,0.0137172
81,73,0.992663,-0.0154536,0.0136581
81,74,0.990842,-0.0175491,0.013581
81,75,0.989005,-0.019623,0.0134841
81,76,0.987154,-0.0216714,0.0133653
81,77,0.985291,-0.0236902,0.0132229
81,78,0.983418,-0.0256753,0.0130553
81,79,0.981535,-0.0276222,0.0128611
81,80,0.979646,-0.0295263,0.0126393
81,81,0.977753,-0.0313826,0.0123893
81,82,0.97586,-0.0331859,0.0121108
81,83,0.973968,-0.0349306,0.0118042
81,84,0.972084,-0.0366107,0.0114701
81,85,0.970211,-0.0382201,0.0111098
81,86,0.968356,-0.0397521,0.0107251
81,87,0.966524,-0.0412,0.0103182
81,88,0.964721,-0.0425569,0.00989157
81,89,0.962955,-0.0438156,0.00944817
81,90,0.961232,-0.0449693,0.00899117
81,91,0.959559,-0.046011,0.00852386
81,92,0.957942,-0.046934,0.00804962
81,93,0.956387,-0.0477322,0.00757175
81,94,0.9549,-0.0483997,0.00709348
81,95,0.953486,-0.0489313,0.00661778
81,96,0.952149,-0.0493225,0.00614741
81,97,0.950891,-0.0495699,0.00568476
81,98,0.949715,-0.0496706,0.0052319
81,99,0.948623,-0.0496232,0.00479055
81,100,0.947614,-0.0494274,0.00436204
81,101,0.946688,-0.0490843,0.00394735
81,102,0.945844,-0.0485968,0.00354713
81,103,0.945079,-0.0479695,0.00316173
81,104,0.944391,-0.0472091,0.00279122
81,105,0.943776,-0.0463247,0.00243547
81,106,0.94323,-0.0453279,0.00209413
81,107,0.942748,-0.0442325,0.00176672
81,108,0.942326,-0.0430545,0.00145267
81,109,0.941959,-0.0418116,0.00115136
81,110,0.941641,-0.0405216,0.000862139
81,111,0.941366,-0.0392009,0.000584413
81,112,0.941129,-0.0378614,0.000317629
81,113,0.940924,-0.0365074,6.13296e-05
81,114,0.940746,-0.0351315,-0.000184768
81,115,0.94059,-0.0337104,-0.000420557
81,116,0.94045,-0.0322026,-0.000645074
81,117,0.940321,-0.0305486,-0.000855627
81,118,0.940199,-0.0286747,-0.00104641
81,119,0.940077,-0.0265013,-0.00120661
81,120,0.939952,-0.0239508,-0.00131844
81,121,0.939818,-0.0209512,-0.00135571
81,122,0.939669,-0.0174349,-0.0012852
81,123,0.939501,-0.0133475,-0.0010744
81,124,0.939307,-0.00872973,-0.000713422
81,125,0.939076,-0.00399337,-0.000267212
81,126,0.938804,-0.000594676,2.33905e-05
81,127,1,-0.00343474,0
82,0,1,0,0
82,1,1.0495,-0.00517029,0.000164379
82,2,1.04935,-0.010909,0.000226553
82,3,1.04917,-0.0114536,1.84584e-05
82,4,1.04897,-0.00941059,-0.00025561
82,5,1.04874,-0.00635734,-0.00045037
82,6,1.04849,-0.00313397,-0.000515575
82,7,1.04821,-0.000145305,-0.000463304
82,8,1.04791,0.0024539,-0.00032662
82,9,1.04757,0.00465607,-0.000135686
82,10,1.04722,0.00653428,8.97282e-05
82,11,1.04683,0.00819319,0.000339232
82,12,1.04641,0.00973519,0.000608313
82,13,1.04597,0.0112418,0.000895278
82,14,1.0455,0.0127675,0.00119943
82,15,1.04501,0.0143411,0.00152022
82,16,1.04449,0.0159707,0.00185704
82,17,1.04396,0.0176503,0.00220918
82,18,1.0434,0.0193643,0.00257594
82,19,1.04283,0.0210926,0.00295662
82,20,1.04225,0.0228132,0.00335052
82,21,1.04165,0.0245047,0.00375694
82,22,1.04105,0.0261473,0.00417504
82,23,1.04044,0.0277239,0.00460389
82,24,1.03983,0.0292201,0.00504236
82,25,1.03923,0.0306244,0.00548912
82,26,1.03862,0.0319278,0.00594263
82,27,1.03802,0.0331233,0.00640115
82,28,1.03743,0.0342062,0.00686275
82,29,1.03684,0.0351729,0.00732532
82,30,1.03627,0.0360215,0.00778665
82,31,1.03571,0.0367506,0.00824441
82,32,1.03515,0.0373597,0.00869624
82,33,1.03461,0.037849,0.00913977
82,34,1.03408,0.0382189,0.00957269
82,35,1.03356,0.0384702,0.00999276
82,36,1.03305,0.038604,0.0103979
82,37,1.03255,0.0386215,0.0107862
82,38,1.03205,0.0385243,0.011156
82,39,1.03156,0.0383139,0.0115057
82,40,1.03106,0.037992,0.0118344
82,41,1.03056,0.0375605,0.0121411
82,42,1.03005,0.0370215,0.0124253
82,43,1.02952,0.036377,0.0126869
82,44,1.02898,0.0356293,0.0129259
82,45,1.02842,0.0347809,0.0131429
82,46,1.02783,0.0338345,0.0133387
82,47,1.02721,0.0327929,0.0135142
82,48,1.02656,0.0316591,0.0136708
82,49,1.02586,0.0304362,0.0138098
82,50,1.02512,0.0291278,0.013933
82,51,1.02433,0.0277373,0.014042
82,52,1.02349,0.0262687,0.0141384
82,53,1.02259,0.024726,0.0142239
82,54,1.02163,0.0231131,0.0143
82,55,1.02061,0.0214345,0.0143684
82,56,1.01953,0.0196944,0.0144301
82,57,1.01839,0.0178975,0.0144863
82,58,1.01718,0.0160482,0.0145379
82,59,1.01591,0.0141511,0.0145854
82,60,1.01459,0.0122107,0.0146293
82,61,1.0132,0.0102316,0.0146696
82,62,1.01175,0.00821824,0.0147062
82,63,1.01026,0.00617499,0.0147387
82,64,1.00871,0.00410609,0.0147664
82,65,1.00711,0.00201565,0.0147884
82,66,1.00547,-9.23748e-05,0.0148037
82,67,1.00379,-0.00221418,0.0148108
82,68,1.00207,-0.00434612,0.0148082
82,69,1.00032,-0.00648469,0.0147942
82,70,0.998528,-0.00862654,0.014767
82,71,0.996712,-0.0107684,0.0147246
82,72,0.99487,-0.012907,0.014665
82,73,0.993003,-0.0150391,0.0145861
82,74,0.991113,-0.0171616,0.0144859
82,75,0.989204,-0.0192708,0.0143625
82,76,0.987277,-0.0213633,0.014214
82,77,0.985334,-0.0234352,0.0140388
82,78,0.983378,-0.0254821,0.0138357
82,79,0.981411,-0.0274995,0.0136035
82,80,0.979436,-0.0294822,0.0133417
82,81,0.977457,-0.0314247,0.0130502
82,82,0.975478,-0.0333207,0.0127291
82,83,0.973504,-0.0351636,0.0123792
82,84,0.971539,-0.0369462,0.012002
82,85,0.969589,-0.038661,0.011599
82,86,0.967661,-0.0402999,0.0111727
82,87,0.96576,-0.0418546,0.0107256
82,88,0.963895,-0.0433168,0.0102607
82,89,0.96207,-0.0446779,0.00978124
82,90,0.960294,-0.0459295,0.00929068
82,91,0.958573,-0.0470634,0.00879248
82,92,0.956911,-0.0480718,0.0082901
82,93,0.955316,-0.0489474,0.0077869
82,94,0.953792,-0.0496835,0.00728603
82,95,0.952343,-0.0502741,0.00679039
82,96,0.950973,-0.0507141,0.00630255
82,97,0.949683,-0.0509995,0.00582473
82,98,0.948475,-0.0511272,0.00535876
82,99,0.94735,-0.0510956,0.00490611
82,100,0.946308,-0.0509042,0.00446784
82,101,0.945348,-0.0505544,0.00404469
82,102,0.944468,-0.0500493,0.00363702
82,103,0.943666,-0.049394,0.00324493
82,104,0.94294,-0.0485958,0.00286825
82,105,0.942285,-0.0476648,0.00250658
82,106,0.941699,-0.0466133,0.00215936
82,107,0.941176,-0.0454566,0.00182593
82,108,0.940713,-0.0442121,0.00150551
82,109,0.940305,-0.0428988,0.00119734
82,110,0.939947,-0.0415361,0.00090066
82,111,0.939634,-0.0401419,0.000614762
82,112,0.939361,-0.0387296,0.000339043
82,113,0.939123,-0.0373047,7.30266e-05
82,114,0.938914,-0.035861,-0.000183542
82,115,0.93873,-0.0343765,-0.000430479
82,116,0.938566,-0.0328111,-0.000666708
82,117,0.938417,-0.0311076,-0.000889431
82,118,0.938277,-0.0291963,-0.00109284
82,119,0.938143,-0.0270029,-0.0012664
82,120,0.93801,-0.0244573,-0.00139292
82,121,0.937872,-0.0214957,-0.00144711
82,122,0.937725,-0.0180555,-0.00139601
82,123,0.937563,-0.0140757,-0.00120485
82,124,0.93738,-0.00955865,-0.000856511
82,125,0.937168,-0.00480789,-0.00039784
82,126,0.936917,-0.00104692,-3.48694e-05
82,127,1,-0.00343474,0
83,0,1,0,0
83,1,1.05288,-0.00501357,0.000163654
83,2,1.05271,-0.0103753,0.000214933
83,3,1.05249,-0.0107672,-1.69652e-05
83,4,1.05225,-0.00877073,-0.000304843
83,5,1.05198,-0.00585742,-0.000503711
83,6,1.05168,-0.00278159,-0.000568996
83,7,1.05135,9.1015e-05,-0.000515472
83,8,1.051,0.00261099,-0.000376831
83,9,1.05062,0.00476189,-0.00018318
83,10,1.0502,0.00660609,4.57474e-05
83,11,1.04976,0.00824043,0.000299384
83,12,1.04928,0.00976296,0.000572959
83,13,1.04878,0.0112533,0.000864596
83,14,1.04825,0.0127653,0.00117352
83,15,1.04769,0.0143275,0.00149924
83,16,1.04711,0.0159482,0.00184124
83,17,1.04651,0.0176209,0.00219899
83,18,1.04589,0.0193302,0.00257193
83,19,1.04525,0.0210555,0.00295956
83,20,1.0446,0.0227747,0.00336135
83,21,1.04394,0.024466,0.00377673
83,22,1.04327,0.0261096,0.00420502
83,23,1.04259,0.0276879,0.0046454
83,24,1.04192,0.0291864,0.00509683
83,25,1.04125,0.0305933,0.00555806
83,26,1.04057,0.0318991,0.0060276
83,27,1.03991,0.033097,0.00650373
83,28,1.03925,0.0341817,0.00698452
83,29,1.0386,0.0351497,0.00746787
83,30,1.03796,0.0359985,0.00795151
83,31,1.03734,0.0367269,0.00843308
83,32,1.03672,0.0373344,0.00891013
83,33,1.03612,0.0378211,0.00938022
83,34,1.03553,0.0381876,0.00984092
83,35,1.03495,0.0384348,0.0102899
83,36,1.03438,0.0385641,0.0107248
83,37,1.03382,0.038577,0.0111437
83,38,1.03326,0.0384754,0.0115447
83,39,1.03271,0.0382611,0.0119261
83,40,1.03216,0.0379362,0.0122867
83,41,1.03161,0.0375029,0.0126255
83,42,1.03106,0.0369636,0.0129416
83,43,1.03049,0.0363206,0.0132349
83,44,1.02992,0.0355764,0.0135054
83,45,1.02932,0.0347338,0.0137532
83,46,1.0287,0.0337953,0.0139792
83,47,1.02806,0.0327638,0.0141842
83,48,1.02738,0.0316424,0.0143695
83,49,1.02666,0.0304341,0.0145365
83,50,1.02591,0.0291422,0.0146866
83,51,1.0251,0.0277701,0.0148215
83,52,1.02425,0.0263214,0.0149429
83,53,1.02334,0.0247998,0.0150523
83,54,1.02237,0.023209,0.0151514
83,55,1.02135,0.0215531,0.0152414
83,56,1.02026,0.0198362,0.0153236
83,57,1.01911,0.0180622,0.0153991
83,58,1.01789,0.0162356,0.0154684
83,59,1.01662,0.0143604,0.0155323
83,60,1.01528,0.0124409,0.0155908
83,61,1.01388,0.0104814,0.015644
83,62,1.01242,0.00848601,0.0156916
83,63,1.01091,0.00645883,0.0157328
83,64,1.00934,0.00440392,0.015767
83,65,1.00772,0.00232524,0.015793
83,66,1.00605,0.000226648,0.0158094
83,67,1.00433,-0.00188807,0.0158148
83,68,1.00258,-0.00401523,0.0158074
83,69,1.00078,-0.00615118,0.0157854
83,70,0.998941,-0.00829234,0.0157468
83,71,0.997071,-0.0104351,0.0156895
83,72,0.995168,-0.0125759,0.0156115
83,73,0.993235,-0.0147111,0.0155107
83,74,0.991275,-0.0168367,0.0153852
83,75,0.98929,-0.0189489,0.0152332
83,76,0.987282,-0.0210435,0.0150531
83,77,0.985255,-0.023116,0.0148436
83,78,0.983212,-0.0251615,0.0146036
83,79,0.981156,-0.027175,0.0143326
83,80,0.97909,-0.0291508,0.0140305
83,81,0.977021,-0.031083,0.0136974
83,82,0.974951,-0.0329651,0.0133344
83,83,0.972888,-0.0347904,0.0129425
83,84,0.970838,-0.0365516,0.0125238
83,85,0.968806,-0.0382412,0.0120803
83,86,0.9668,-0.0398514,0.0116149
83,87,0.964826,-0.0413744,0.0111306
83,88,0.962892,-0.0428022,0.0106306
83,89,0.961005,-0.0441269,0.0101184
83,90,0.959172,-0.0453407,0.00959757
83,91,0.957398,-0.0464364,0.00907174
83,92,0.955691,-0.0474068,0.00854434
83,93,0.954054,-0.0482456,0.00801867
83,94,0.952492,-0.0489469,0.00749776
83,95,0.951009,-0.0495057,0.00698437
83,96,0.949608,-0.0499177,0.00648087
83,97,0.948291,-0.0501798,0.00598927
83,98,0.947058,-0.0502897,0.00551119
83,99,0.94591,-0.0502463,0.00504785
83,100,0.944847,-0.0500499,0.00460009
83,101,0.943867,-0.0497021,0.00416842
83,102,0.942969,-0.0492061,0.003753
83,103,0.942149,-0.0485673,0.00335371
83,104,0.941405,-0.0477927,0.00297017
83,105,0.940734,-0.0468919,0.00260182
83,106,0.940131,-0.0458768,0.00224792
83,107,0.939593,-0.0447616,0.00190763
83,108,0.939114,-0.0435627,0.00158007
83,109,0.938691,-0.0422982,0.00126431
83,110,0.938318,-0.0409861,0.000959507
83,111,0.937991,-0.039643,0.000664862
83,112,0.937705,-0.0382813,0.000379712
83,113,0.937454,-0.0369054,0.000103556
83,114,0.937234,-0.0355083,-0.000163839
83,115,0.93704,-0.0340678,-0.000422221
83,116,0.936867,-0.0325445,-0.000670405
83,117,0.936712,-0.0308828,-0.000905489
83,118,0.936568,-0.0290165,-0.00112167
83,119,0.936433,-0.0268765,-0.00130865
83,120,0.936301,-0.0243999,-0.00144988
83,121,0.936168,-0.0215312,-0.00152095
83,122,0.93603,-0.0182142,-0.00148946
83,123,0.935882,-0.0143847,-0.00131913
83,124,0.935717,-0.0100144,-0.000985041
83,125,0.935527,-0.00531078,-0.000517137
83,126,0.935306,-0.00127273,-9.65559e-05
83,127,1,-0.00343474,0
84,0,1,0,0
84,1,1.05629,-0.00467683,0.000166431
84,2,1.05608,-0.00964134,0.000185843
84,3,1.05583,-0.00989289,-7.2297e-05
84,4,1.05554,-0.0079625,-0.000372931
84,5,1.05522,-0.00520485,-0.000574985
84,6,1.05488,-0.00228867,-0.000639269
84,7,1.0545,0.000456828,-0.00058399
84,8,1.05409,0.00288642,-0.000443442
84,9,1.05364,0.0049747,-0.000247343
84,10,1.05316,0.00677334,-1.52503e-05
84,11,1.05265,0.00837119,0.000242137
84,12,1.05211,0.00986158,0.00051981
84,13,1.05154,0.0113218,0.000815703
84,14,1.05093,0.0128047,0.00112898
84,15,1.0503,0.0143385,0.00145918
84,16,1.04965,0.0159313,0.00180593
84,17,1.04897,0.0175768,0.00216884
84,18,1.04827,0.0192592,0.00254756
84,19,1.04756,0.0209581,0.00294175
84,20,1.04683,0.0226511,0.00335108
84,21,1.04609,0.0243167,0.00377513
84,22,1.04535,0.0259351,0.00421337
84,23,1.0446,0.0274889,0.00466508
84,24,1.04384,0.0289638,0.00512935
84,25,1.04309,0.0303482,0.00560496
84,26,1.04235,0.0316332,0.0060905
84,27,1.04161,0.0328121,0.00658428
84,28,1.04088,0.03388,0.00708436
84,29,1.04016,0.0348337,0.00758864
84,30,1.03945,0.035671,0.00809482
84,31,1.03875,0.0363909,0.00860048
84,32,1.03807,0.0369931,0.00910311
84,33,1.0374,0.0374776,0.00960017
84,34,1.03675,0.0378452,0.0100891
84,35,1.03611,0.0380968,0.0105675
84,36,1.03548,0.0382336,0.0110329
84,37,1.03486,0.0382569,0.0114831
84,38,1.03426,0.0381683,0.0119161
84,39,1.03366,0.0379696,0.0123301
84,40,1.03306,0.0376625,0.0127237
84,41,1.03247,0.0372489,0.0130955
84,42,1.03187,0.036731,0.0134448
84,43,1.03127,0.0361108,0.0137711
84,44,1.03066,0.0353906,0.0140741
84,45,1.03004,0.0345729,0.0143542
84,46,1.0294,0.0336602,0.0146118
84,47,1.02873,0.0326551,0.0148478
84,48,1.02803,0.0315607,0.0150632
84,49,1.0273,0.0303798,0.0152594
84,50,1.02653,0.0291156,0.0154379
84,51,1.02572,0.0277715,0.0156002
84,52,1.02486,0.0263509,0.0157479
84,53,1.02394,0.0248574,0.0158825
84,54,1.02297,0.0232948,0.0160056
84,55,1.02194,0.021667,0.0161184
84,56,1.02085,0.0199777,0.016222
84,57,1.0197,0.0182311,0.0163174
84,58,1.01848,0.0164312,0.0164052
84,59,1.01719,0.0145819,0.0164858
84,60,1.01585,0.0126873,0.0165593
84,61,1.01444,0.0107512,0.0166254
84,62,1.01297,0.00877763,0.0166837
84,63,1.01143,0.00677027,0.0167333
84,64,1.00984,0.00473277,0.0167733
84,65,1.0082,0.00266863,0.0168023
84,66,1.0065,0.000581248,0.0168189
84,67,1.00474,-0.00152613,0.0168213
84,68,1.00295,-0.00365036,0.0168076
84,69,1.0011,-0.00578838,0.0167758
84,70,0.999213,-0.00793716,0.016724
84,71,0.997286,-0.0100937,0.0166499
84,72,0.995322,-0.0122548,0.0165516
84,73,0.993323,-0.0144174,0.016427
84,74,0.991294,-0.0165778,0.0162744
84,75,0.989237,-0.0187325,0.0160922
84,76,0.987155,-0.0208771,0.015879
84,77,0.985053,-0.0230073,0.0156339
84,78,0.982934,-0.0251178,0.0153563
84,79,0.980803,-0.0272031,0.0150461
84,80,0.978666,-0.0292569,0.0147035
84,81,0.976528,-0.0312723,0.0143296
84,82,0.974395,-0.0332421,0.0139256
84,83,0.972273,-0.0351582,0.0134933
84,84,0.97017,-0.0370122,0.0130351
84,85,0.968091,-0.0387953,0.0125536
84,86,0.966045,-0.0404985,0.012052
84,87,0.964039,-0.0421127,0.0115335
84,88,0.962078,-0.0436285,0.0110018
84,89,0.960171,-0.0450371,0.0104603
84,90,0.958322,-0.0463294,0.00991287
84,91,0.956537,-0.0474973,0.00936294
84,92,0.954822,-0.0485328,0.00881394
84,93,0.95318,-0.0494288,0.00826903
84,94,0.951615,-0.0501787,0.0077311
84,95,0.950129,-0.0507772,0.00720267
84,96,0.948724,-0.0512194,0.00668592
84,97,0.947402,-0.0515019,0.00618262
84,98,0.946163,-0.0516221,0.00569416
84,99,0.945006,-0.0515788,0.00522153
84,100,0.943931,-0.0513724,0.00476535
84,101,0.942935,-0.0510044,0.00432591
84,102,0.942018,-0.0504786,0.00390318
84,103,0.941177,-0.0498004,0.00349683
84,104,0.940408,-0.0489775,0.00310634
84,105,0.93971,-0.0480203,0.00273095
84,106,0.939077,-0.0469414,0.00236981
84,107,0.938507,-0.0457564,0.00202193
84,108,0.937996,-0.0444829,0.00168631
84,109,0.93754,-0.0431402,0.00136194
84,110,0.937134,-0.041748,0.0010479
84,111,0.936775,-0.0403244,0.000743346
84,112,0.936457,-0.038883,0.000447589
84,113,0.936177,-0.0374299,0.000160145
84,114,0.93593,-0.0359591,-0.000119169
84,115,0.935711,-0.0344497,-0.000390004
84,116,0.935517,-0.032864,-0.000651047
84,117,0.935344,-0.0311487,-0.000899282
84,118,0.935186,-0.0292409,-0.0011289
84,119,0.93504,-0.0270767,-0.00132986
84,120,0.934901,-0.0245997,-0.00148622
84,121,0.934766,-0.0217625,-0.00157457
84,122,0.934631,-0.018516,-0.0015631
84,123,0.93449,-0.0147967,-0.00141411
84,124,0.934339,-0.0105526,-0.0010973
84,125,0.93417,-0.00590672,-0.00062662
84,126,0.933972,-0.0016491,-0.000147141
84,127,1,-0.00343474,0
85,0,1,0,0
85,1,1.05972,-0.00448918,0.000152752
85,2,1.05948,-0.00904076,0.000143275
85,3,1.05918,-0.0091635,-0.000146357
85,4,1.05885,-0.00730736,-0.000460329
85,5,1.05848,-0.0047037,-0.000663691
85,6,1.05808,-0.00193934,-0.00072615
85,7,1.05764,0.000688447,-0.000669054
85,8,1.05716,0.00303644,-0.000526854
85,9,1.05665,0.00507015,-0.000328741
85,10,1.0561,0.0068313,-9.39686e-05
85,11,1.05551,0.00840151,0.000166689
85,12,1.0549,0.00986989,0.000447984
85,13,1.05424,0.0113117,0.000747661
85,14,1.05356,0.0127788,0.00106481
85,15,1.05285,0.0142993,0.00139902
85,16,1.05211,0.0158811,0.00175003
85,17,1.05135,0.0175176,0.00211765
85,18,1.05057,0.0191928,0.0025017
85,19,1.04978,0.0208861,0.00290205
85,20,1.04897,0.0225749,0.00331855
85,21,1.04815,0.0242374,0.00375095
85,22,1.04732,0.0258536,0.00419888
85,23,1.04649,0.0274061,0.00466173
85,24,1.04566,0.0288803,0.00513868
85,25,1.04483,0.0302645,0.00562862
85,26,1.04401,0.0315495,0.00613016
85,27,1.0432,0.0327284,0.00664165
85,28,1.04239,0.0337962,0.00716118
85,29,1.0416,0.0347495,0.00768661
85,30,1.04082,0.0355861,0.00821563
85,31,1.04005,0.0363047,0.00874577
85,32,1.0393,0.0369051,0.00927443
85,33,1.03857,0.0373874,0.009799
85,34,1.03785,0.0377523,0.0103168
85,35,1.03715,0.038001,0.0108253
85,36,1.03646,0.0381348,0.0113219
85,37,1.03578,0.0381554,0.0118043
85,38,1.03512,0.0380646,0.0122702
85,39,1.03447,0.0378643,0.0127178
85,40,1.03382,0.0375566,0.0131453
85,41,1.03318,0.0371437,0.0135513
85,42,1.03255,0.036628,0.0139349
85,43,1.03191,0.0360117,0.0142953
85,44,1.03127,0.0352973,0.0146322
85,45,1.03061,0.0344874,0.0149457
85,46,1.02994,0.0335844,0.0152362
85,47,1.02926,0.0325911,0.0155045
85,48,1.02854,0.0315103,0.0157514
85,49,1.0278,0.0303447,0.0159781
85,50,1.02701,0.0290974,0.0161862
85,51,1.02619,0.0277715,0.016377
85,52,1.02532,0.0263701,0.0165521
85,53,1.0244,0.0248966,0.0167129
85,54,1.02343,0.0233542,0.0168609
85,55,1.02239,0.0217467,0.0169971
85,56,1.0213,0.0200774,0.0171228
85,57,1.02014,0.01835,0.0172386
85,58,1.01892,0.0165682,0.0173451
85,59,1.01763,0.0147356,0.0174425
85,60,1.01628,0.0128559,0.0175308
85,61,1.01486,0.0109328,0.0176095
85,62,1.01337,0.00896986,0.017678
85,63,1.01182,0.00697069,0.0177353
85,64,1.01021,0.0049388,0.0177802
85,65,1.00853,0.00287763,0.0178112
85,66,1.0068,0.000790618,0.0178266
85,67,1.00501,-0.00131886,0.0178245
85,68,1.00317,-0.00344741,0.017803
85,69,1.00128,-0.00559163,0.01776
85,70,0.99934,-0.00774806,0.0176933
85,71,0.997356,-0.0099131,0.017601
85,72,0.995331,-0.012083,0.0174809
85,73,0.993267,-0.0142539,0.0173314
85,74,0.991169,-0.0164214,0.0171508
85,75,0.989041,-0.0185811,0.0169378
85,76,0.986887,-0.0207279,0.0166915
85,77,0.984711,-0.0228567,0.0164112
85,78,0.982519,-0.0249615,0.016097
85,79,0.980317,-0.0270361,0.015749
85,80,0.978111,-0.0290739,0.0153683
85,81,0.975906,-0.0310675,0.0149561
85,82,0.973711,-0.0330094,0.0145143
85,83,0.971532,-0.0348917,0.0140452
85,84,0.969377,-0.036706,0.0135515
85,85,0.967252,-0.0384441,0.0130363
85,86,0.965166,-0.0400973,0.0125029
85,87,0.963125,-0.0416571,0.0119549
85,88,0.961135,-0.0431151,0.0113958
85,89,0.959204,-0.0444632,0.0108293
85,90,0.957336,-0.0456936,0.010259
85,91,0.955537,-0.046799,0.00968849
85,92,0.95381,-0.0477726,0.00912089
85,93,0.952159,-0.0486084,0.00855922
85,94,0.950587,-0.0493009,0.00800617
85,95,0.949097,-0.0498458,0.00746406
85,96,0.947688,-0.0502392,0.00693485
85,97,0.946362,-0.0504786,0.00642012
85,98,0.945119,-0.0505623,0.00592104
85,99,0.943958,-0.0504898,0.00543845
85,100,0.942878,-0.0502618,0.0049728
85,101,0.941878,-0.0498806,0.00452423
85,102,0.940955,-0.0493499,0.00409258
85,103,0.940108,-0.0486753,0.0036774
85,104,0.939332,-0.0478643,0.00327806
85,105,0.938626,-0.0469269,0.00289372
85,106,0.937985,-0.0458751,0.00252342
85,107,0.937407,-0.0447235,0.00216611
85,108,0.936887,-0.0434889,0.0018207
85,109,0.936421,-0.0421893,0.00148613
85,110,0.936005,-0.0408432,0.0011614
85,111,0.935636,-0.0394674,0.000845651
85,112,0.935308,-0.0380743,0.000538162
85,113,0.935019,-0.0366687,0.00023845
85,114,0.934763,-0.0352441,-5.3623e-05
85,115,0.934537,-0.0337792,-0.000337627
85,116,0.934337,-0.0322369,-0.000612129
85,117,0.934159,-0.0305654,-0.000874004
85,118,0.933999,-0.0287047,-0.00111743
85,119,0.933853,-0.0265956,-0.0013326
85,120,0.933717,-0.0241879,-0.0015042
85,121,0.933588,-0.0214421,-0.00160973
85,122,0.933462,-0.0183172,-0.00161825
85,123,0.933335,-0.0147528,-0.00149146
85,124,0.933202,-0.0106801,-0.00119279
85,125,0.933057,-0.00615031,-0.000721865
85,126,0.932892,-0.00175739,-0.000201036
85,127,1,-0.00343474,0
86,0,1,0,0
86,1,1.06312,-0.00407732,0.000143148
86,2,1.06283,-0.00820642,8.12411e-05
86,3,1.06249,-0.00822235,-0.000240594
86,4,1.06211,-0.00646316,-0.000565961
86,5,1.06169,-0.00402809,-0.000769942
86,6,1.06123,-0.00142567,-0.000829955
86,7,1.06073,0.00107478,-0.000770964
86,8,1.06018,0.00333072,-0.000627481
86,9,1.0596,0.00529878,-0.000427847
86,10,1.05897,0.007011,-0.000190913
86,11,1.05831,0.0085417,7.24988e-05
86,12,1.0576,0.00997542,0.000356918
86,13,1.05687,0.0113849,0.000659903
86,14,1.0561,0.0128211,0.000980473
86,15,1.0553,0.0143114,0.00131827
86,16,1.05447,0.0158637,0.00167316
86,17,1.05362,0.0174712,0.00204512
86,18,1.05275,0.0191182,0.0024342
86,19,1.05187,0.0207837,0.00284046
86,20,1.05097,0.0224454,0.00326392
86,21,1.05006,0.0240815,0.00370452
86,22,1.04914,0.0256721,0.00416201
86,23,1.04823,0.0271998,0.00463594
86,24,1.04731,0.0286505,0.00512557
86,25,1.0464,0.0300124,0.00562987
86,26,1.0455,0.0312768,0.0061475
86,27,1.0446,0.032437,0.00667683
86,28,1.04372,0.0334882,0.00721598
86,29,1.04284,0.0344272,0.0077628
86,30,1.04199,0.0352522,0.00831493
86,31,1.04115,0.035962,0.00886985
86,32,1.04033,0.0365565,0.00942493
86,33,1.03953,0.0370358,0.00997744
86,34,1.03874,0.0374009,0.0105246
86,35,1.03798,0.0376527,0.0110638
86,36,1.03723,0.0377925,0.0115922
86,37,1.0365,0.0378218,0.0121074
86,38,1.03578,0.0377423,0.0126071
86,39,1.03508,0.0375557,0.013089
86,40,1.03439,0.0372638,0.0135513
86,41,1.03371,0.0368687,0.0139925
86,42,1.03304,0.0363725,0.0144114
86,43,1.03237,0.0357771,0.014807
86,44,1.03169,0.0350849,0.015179
86,45,1.03101,0.0342982,0.0155271
86,46,1.03032,0.0334193,0.0158517
86,47,1.02961,0.0324508,0.0161533
86,48,1.02888,0.0313953,0.0164328
86,49,1.02813,0.0302556,0.0166912
86,50,1.02733,0.0290344,0.0169299
86,51,1.0265,0.0277346,0.0171502
86,52,1.02563,0.0263595,0.0173536
86,53,1.02471,0.024912,0.0175413
86,54,1.02373,0.0233955,0.0177147
86,55,1.02269,0.0218133,0.0178749
86,56,1.0216,0.0201688,0.0180229
86,57,1.02043,0.0184653,0.0181593
86,58,1.01921,0.0167064,0.0182844
86,59,1.01791,0.0148954,0.0183984
86,60,1.01655,0.0130358,0.018501
86,61,1.01511,0.011131,0.0185918
86,62,1.01361,0.00918425,0.0186697
86,63,1.01204,0.00719882,0.0187337
86,64,1.0104,0.00517788,0.0187825
86,65,1.0087,0.0031245,0.0188142
86,66,1.00693,0.00104172,0.0188272
86,67,1.0051,-0.00106749,0.0188194
86,68,1.00322,-0.00320017,0.0187888
86,69,1.00128,-0.0053533,0.0187332
86,70,0.999287,-0.00752382,0.0186506
86,71,0.997247,-0.00970847,0.0185389
86,72,0.995163,-0.0119038,0.0183964
86,73,0.993039,-0.0141061,0.0182214
86,74,0.99088,-0.0163111,0.0180126
86,75,0.988691,-0.0185144,0.0177691
86,76,0.986476,-0.0207109,0.0174902
86,77,0.984244,-0.0228949,0.0171759
86,78,0.981998,-0.0250601,0.0168265
86,79,0.979748,-0.0271998,0.016443
86,80,0.977498,-0.0293065,0.0160266
86,81,0.975258,-0.0313722,0.0155791
86,82,0.973035,-0.0333885,0.015103
86,83,0.970835,-0.0353463,0.0146009
86,84,0.968667,-0.0372365,0.0140757
86,85,0.966537,-0.0390496,0.0135309
86,86,0.964453,-0.0407761,0.01297
86,87,0.962421,-0.0424066,0.0123965
86,88,0.960446,-0.0439317,0.0118141
86,89,0.958534,-0.0453425,0.0112264
86,90,0.956689,-0.0466304,0.0106369
86,91,0.954914,-0.0477876,0.010049
86,92,0.953213,-0.0488066,0.0094656
86,93,0.951588,-0.0496808,0.00888961
86,94,0.950041,-0.0504044,0.00832345
86,95,0.948572,-0.0509726,0.00776924
86,96,0.947182,-0.0513812,0.00722874
86,97,0.945871,-0.0516274,0.00670334
86,98,0.944639,-0.0517092,0.00619405
86,99,0.943484,-0.051626,0.00570156
86,100,0.942405,-0.0513785,0.00522618
86,101,0.941401,-0.0509689,0.00476794
86,102,0.94047,-0.050401,0.00432658
86,103,0.939608,-0.0496807,0.00390157
86,104,0.938815,-0.048816,0.00349219
86,105,0.938087,-0.0478173,0.00309754
86,106,0.937422,-0.0466975,0.00271658
86,107,0.936816,-0.0454723,0.00234823
86,108,0.936267,-0.0441593,0.00199135
86,109,0.93577,-0.0427781,0.00164484
86,110,0.935324,-0.0413485,0.00130769
86,111,0.934924,-0.0398887,0.00097902
86,112,0.934567,-0.0384127,0.000658128
86,113,0.934249,-0.0369267,0.000344566
86,114,0.933967,-0.0354255,3.82649e-05
86,115,0.933717,-0.0338892,-0.000260238
86,116,0.933496,-0.0322823,-0.000549378
86,117,0.933299,-0.0305554,-0.000825908
86,118,0.933124,-0.0286517,-0.00108399
86,119,0.932967,-0.0265161,-0.00131404
86,120,0.932824,-0.0241047,-0.00150136
86,121,0.932692,-0.0213853,-0.00162444
86,122,0.932568,-0.018326,-0.00165319
86,123,0.932448,-0.0148721,-0.00154866
86,124,0.932328,-0.0109447,-0.0012708
86,125,0.932202,-0.00653401,-0.000805845
86,126,0.93206,-0.0020577,-0.000240975
86,127,1,-0.00343474,0
87,0,1,0,0
87,1,1.06646,-0.00387036,0.000113995
87,2,1.06614,-0.00757523,5.64442e-06
87,3,1.06576,-0.00750596,-0.000352451
87,4,1.06533,-0.005854,-0.00068924
87,5,1.06485,-0.00358371,-0.000892042
87,6,1.06433,-0.0011323,-0.000949325
87,7,1.06376,0.00125297,-0.000888886
87,8,1.06314,0.00342791,-0.000744739
87,9,1.06248,0.00534032,-0.000544294
87,10,1.06177,0.00701348,-0.000305909
87,11,1.06102,0.00851524,-4.04138e-05
87,12,1.06023,0.00992612,0.000246504
87,13,1.05941,0.0113168,0.00055221
87,14,1.05855,0.0127369,0.000875656
87,15,1.05765,0.0142137,0.00121653
87,16,1.05673,0.0157545,0.00157483
87,17,1.05579,0.0173525,0.00195073
87,18,1.05483,0.0189913,0.00234447
87,19,1.05385,0.0206501,0.00275631
87,20,1.05286,0.0223061,0.00318647
87,21,1.05186,0.0239375,0.00363506
87,22,1.05085,0.025524,0.00410198
87,23,1.04985,0.0270485,0.0045869
87,24,1.04884,0.0284963,0.00508917
87,25,1.04785,0.0298559,0.00560784
87,26,1.04686,0.0311183,0.00614164
87,27,1.04588,0.0322766,0.00668896
87,28,1.04492,0.0333261,0.00724793
87,29,1.04397,0.0342635,0.00781638
87,30,1.04304,0.0350866,0.00839195
87,31,1.04212,0.0357945,0.00897205
87,32,1.04123,0.036387,0.00955399
87,33,1.04036,0.0368642,0.0101349
87,34,1.03951,0.0372271,0.0107121
87,35,1.03868,0.0374767,0.0112825
87,36,1.03787,0.0376146,0.0118435
87,37,1.03708,0.0376425,0.0123923
87,38,1.03631,0.0375622,0.0129264
87,39,1.03556,0.0373756,0.0134436
87,40,1.03482,0.0370848,0.0139417
87,41,1.0341,0.0366921,0.014419
87,42,1.03339,0.0361996,0.0148741
87,43,1.03268,0.0356096,0.015306
87,44,1.03197,0.0349244,0.015714
87,45,1.03127,0.0341464,0.0160978
87,46,1.03055,0.0332779,0.0164575
87,47,1.02982,0.0323214,0.0167935
87,48,1.02908,0.0312794,0.0171065
87,49,1.0283,0.0301543,0.0173975
87,50,1.0275,0.0289489,0.0176676
87,51,1.02666,0.0276658,0.0179181
87,52,1.02578,0.0263077,0.0181503
87,53,1.02485,0.0248775,0.0183654
87,54,1.02387,0.023378,0.0185646
87,55,1.02283,0.0218121,0.018749
87,56,1.02173,0.020183,0.0189192
87,57,1.02056,0.0184935,0.019076
87,58,1.01933,0.016747,0.0192194
87,59,1.01802,0.0149464,0.0193495
87,60,1.01665,0.013095,0.0194658
87,61,1.0152,0.0111958,0.0195677
87,62,1.01368,0.00925206,0.0196541
87,63,1.01209,0.00726693,0.0197238
87,64,1.01042,0.00524361,0.0197752
87,65,1.00869,0.00318528,0.0198065
87,66,1.00689,0.00109521,0.0198159
87,67,1.00502,-0.00102326,0.0198012
87,68,1.0031,-0.0031667,0.0197604
87,69,1.00111,-0.0053315,0.0196914
87,70,0.999069,-0.00751387,0.0195923
87,71,0.996977,-0.00970975,0.019461
87,72,0.99484,-0.0119148,0.0192961
87,73,0.992662,-0.0141243,0.0190963
87,74,0.990449,-0.0163332,0.0188604
87,75,0.988207,-0.0185358,0.018588
87,76,0.985942,-0.0207264,0.0182789
87,77,0.983661,-0.0228983,0.0179335
87,78,0.981372,-0.0250447,0.0175526
87,79,0.979083,-0.0271582,0.0171375
87,80,0.9768,-0.029231,0.01669
87,81,0.974532,-0.0312551,0.0162123
87,82,0.972287,-0.0332219,0.0157072
87,83,0.970073,-0.0351228,0.0151775
87,84,0.967896,-0.0369492,0.0146265
87,85,0.965763,-0.0386924,0.0140575
87,86,0.963681,-0.0403436,0.0134743
87,87,0.961655,-0.0418944,0.0128803
87,88,0.959691,-0.0433367,0.0122791
87,89,0.957792,-0.0446628,0.0116741
87,90,0.955962,-0.0458654,0.0110687
87,91,0.954205,-0.0469377,0.0104661
87,92,0.952521,-0.0478736,0.00986891
87,93,0.950913,-0.0486677,0.00927987
87,94,0.949382,-0.0493154,0.00870121
87,95,0.947928,-0.0498128,0.00813487
87,96,0.946551,-0.0501568,0.00758244
87,97,0.94525,-0.0503454,0.00704519
87,98,0.944027,-0.0503774,0.00652404
87,99,0.942878,-0.0502529,0.00601959
87,100,0.941803,-0.0499729,0.0055321
87,101,0.940801,-0.0495401,0.00506157
87,102,0.939869,-0.0489585,0.0046077
87,103,0.939006,-0.048234,0.00416996
87,104,0.938209,-0.0473743,0.00374762
87,105,0.937476,-0.0463894,0.00333978
87,106,0.936805,-0.0452918,0.0029454
87,107,0.936192,-0.044096,0.00256339
87,108,0.935634,-0.0428189,0.0021926
87,109,0.935129,-0.0414787,0.00183193
87,110,0.934673,-0.0400939,0.00148037
87,111,0.934264,-0.0386816,0.00113703
87,112,0.933897,-0.0372544,0.000801205
87,113,0.93357,-0.0358173,0.000472481
87,114,0.933279,-0.0343643,0.000150837
87,115,0.933021,-0.0328753,-0.000163102
87,116,0.932793,-0.0313153,-0.000467652
87,117,0.932591,-0.0296362,-0.000759454
87,118,0.932413,-0.0277837,-0.00103265
87,119,0.932255,-0.0257067,-0.00127787
87,120,0.932113,-0.0233666,-0.00148098
87,121,0.931986,-0.0207386,-0.00162141
87,122,0.931871,-0.0177998,-0.00167018
87,123,0.931763,-0.0145034,-0.0015885
87,124,0.93166,-0.0107656,-0.0013316
87,125,0.931556,-0.00652775,-0.000874264
87,126,0.931446,-0.00204639,-0.000285079
87,127,1,-0.00343474,0
88,0,1,0,0
88,1,1.06969,-0.00339019,9.00313e-05
88,2,1.06933,-0.00667717,-8.96675e-05
88,3,1.06891,-0.00655279,-0.000482191
88,4,1.06843,-0.00503056,-0.000827539
88,5,1.0679,-0.00293635,-0.00102893
88,6,1.06731,-0.00064309,-0.00108349
88,7,1.06668,0.00161923,-0.00102205
88,8,1.06599,0.0037038,-0.000878014
88,9,1.06525,0.00555011,-0.00067756
88,10,1.06446,0.00717314,-0.000438503
88,11,1.06362,0.00863425,-0.000171673
88,12,1.06274,0.0100096,0.000117044
88,13,1.06182,0.0113672,0.000424833
88,14,1.06087,0.0127557,0.00075058
88,15,1.05988,0.0142015,0.00109402
88,16,1.05887,0.0157119,0.0014553
88,17,1.05783,0.01728,0.00183476
88,18,1.05676,0.0188895,0.00223285
88,19,1.05569,0.0205196,0.00265003
88,20,1.0546,0.0221477,0.00308672
88,21,1.0535,0.0237519,0.00354317
88,22,1.0524,0.0253122,0.00401945
88,23,1.0513,0.0268116,0.00451534
88,24,1.05021,0.0282356,0.00503028
88,25,1.04912,0.0295729,0.00556341
88,26,1.04805,0.0308147,0.00611349
88,27,1.04698,0.0319543,0.00667896
88,28,1.04594,0.0329872,0.00725793
88,29,1.04491,0.0339102,0.00784826
88,30,1.0439,0.0347214,0.00844752
88,31,1.04291,0.0354201,0.00905312
88,32,1.04195,0.0360059,0.00966226
88,33,1.041,0.0364793,0.0102721
88,34,1.04009,0.0368411,0.0108796
88,35,1.03919,0.0370925,0.0114818
88,36,1.03833,0.0372348,0.0120758
88,37,1.03748,0.0372696,0.0126588
88,38,1.03666,0.0371986,0.0132281
88,39,1.03586,0.0370236,0.0137812
88,40,1.03508,0.0367465,0.0143158
88,41,1.03431,0.0363692,0.01483
88,42,1.03356,0.0358938,0.0153223
88,43,1.03282,0.0353224,0.0157913
88,44,1.03209,0.034657,0.0162362
88,45,1.03135,0.0338998,0.0166565
88,46,1.03061,0.0330529,0.0170522
88,47,1.02987,0.0321188,0.0174234
88,48,1.0291,0.0310997,0.0177707
88,49,1.02832,0.0299979,0.0180949
88,50,1.02751,0.0288159,0.0183971
88,51,1.02666,0.0275563,0.0186782
88,52,1.02577,0.0262216,0.0189396
88,53,1.02483,0.0248144,0.0191823
88,54,1.02384,0.0233374,0.0194074
88,55,1.0228,0.0217935,0.0196158
88,56,1.02169,0.0201853,0.0198081
88,57,1.02052,0.0185159,0.0199848
88,58,1.01927,0.0167881,0.020146
88,59,1.01795,0.0150047,0.0202914
88,60,1.01656,0.0131687,0.0204206
88,61,1.0151,0.0112831,0.0205327
88,62,1.01356,0.00935067,0.0206266
88,63,1.01194,0.00737445,0.0207009
88,64,1.01025,0.00535732,0.020754
88,65,1.00848,0.00330226,0.0207839
88,66,1.00665,0.00121225,0.0207888
88,67,1.00474,-0.000909628,0.0207666
88,68,1.00277,-0.00306016,0.0207152
88,69,1.00074,-0.00523596,0.0206326
88,70,0.99866,-0.00743343,0.0205171
88,71,0.996523,-0.00964866,0.0203668
88,72,0.994342,-0.0118774,0.0201806
88,73,0.992122,-0.0141149,0.0199574
88,74,0.989869,-0.0163561,0.0196965
88,75,0.987591,-0.0185954,0.0193978
88,76,0.985296,-0.0208264,0.0190616
88,77,0.982992,-0.0230424,0.0186886
88,78,0.980686,-0.0252361,0.0182801
88,79,0.978388,-0.0273997,0.0178378
88,80,0.976104,-0.0295248,0.0173639
88,81,0.973845,-0.0316027,0.0168609
88,82,0.971616,-0.0336244,0.0163317
88,83,0.969426,-0.0355805,0.0157794
88,84,0.967281,-0.0374618,0.0152074
88,85,0.965187,-0.0392587,0.014619
88,86,0.963149,-0.040962,0.0140178
88,87,0.961172,-0.0425627,0.0134073
88,88,0.959259,-0.044052,0.0127908
88,89,0.957413,-0.0454216,0.0121716
88,90,0.955636,-0.0466636,0.0115529
88,91,0.95393,-0.047771,0.0109375
88,92,0.952296,-0.048737,0.0103281
88,93,0.950734,-0.0495558,0.00972704
88,94,0.949244,-0.0502224,0.00913642
88,95,0.947827,-0.0507324,0.00855805
88,96,0.946481,-0.0510826,0.0079934
88,97,0.945205,-0.0512703,0.00744365
88,98,0.944,-0.0512943,0.00690967
88,99,0.942863,-0.0511542,0.00639202
88,100,0.941793,-0.0508511,0.00589095
88,101,0.94079,-0.0503873,0.00540646
88,102,0.939852,-0.0497669,0.00493826
88,103,0.938976,-0.0489959,0.00448584
88,104,0.938162,-0.0480822,0.0040485
88,105,0.937408,-0.0470364,0.00362534
88,106,0.936711,-0.0458713,0.00321537
88,107,0.93607,-0.0446025,0.0028175
88,108,0.935482,-0.0432477,0.00243061
88,109,0.934945,-0.0418266,0.00205363
88,110,0.934457,-0.0403589,0.00168554
88,111,0.934015,-0.038863,0.00132549
88,112,0.933617,-0.037353,0.000972822
88,113,0.933259,-0.0358355,0.000627155
88,114,0.93294,-0.0343058,0.000288549
88,115,0.932656,-0.0327455,-4.22645e-05
88,116,0.932404,-0.0311212,-0.000363472
88,117,0.932182,-0.0293871,-0.000671603
88,118,0.931987,-0.027492,-0.000960775
88,119,0.931816,-0.0253884,-0.00122181
88,120,0.931665,-0.023043,-0.00144113
88,121,0.931533,-0.0204381,-0.0015992
88,122,0.931416,-0.0175603,-0.00166802
88,123,0.931313,-0.0143731,-0.00160885
88,124,0.931221,-0.0107932,-0.00137526
88,125,0.931134,-0.00672321,-0.000931467
88,126,0.931044,-0.00227947,-0.000312981
88,127,1,-0.00343474,0
89,0,1,0,0
89,1,1.07277,-0.00318767,4.42131e-05
89,2,1.07239,-0.00607447,-0.00019619
89,3,1.07193,-0.00592497,-0.000625418
89,4,1.07141,-0.00454232,-0.000978896
89,5,1.07083,-0.00261714,-0.0011774
89,6,1.07018,-0.00046798,-0.00122965
89,7,1.06948,0.00168608,-0.00116826
89,8,1.06871,0.00369352,-0.00102539
89,9,1.06789,0.00548589,-0.000826004
89,10,1.06702,0.00707082,-0.000587314
89,11,1.0661,0.00850411,-0.000320114
89,12,1.06513,0.00985816,-3.04866e-05
89,13,1.06412,0.0111988,0.000278576
89,14,1.06307,0.0125734,0.00060589
89,15,1.06199,0.0140076,0.000951245
89,16,1.06087,0.0155083,0.00131492
89,17,1.05973,0.0170682,0.00169744
89,18,1.05857,0.0186708,0.00209946
89,19,1.0574,0.0202949,0.00252163
89,20,1.05621,0.0219177,0.00296456
89,21,1.05502,0.0235171,0.00342867
89,22,1.05383,0.0250731,0.00391416
89,23,1.05264,0.0265684,0.00442093
89,24,1.05145,0.0279888,0.00494852
89,25,1.05027,0.0293227,0.00549612
89,26,1.04911,0.0305613,0.00606255
89,27,1.04796,0.031698,0.00664629
89,28,1.04683,0.0327281,0.00724545
89,29,1.04572,0.0336485,0.00785787
89,30,1.04464,0.0344572,0.00848111
89,31,1.04357,0.0351533,0.00911252
89,32,1.04254,0.0357367,0.00974924
89,33,1.04153,0.0362079,0.0103883
89,34,1.04054,0.0365676,0.0110267
89,35,1.03959,0.0368172,0.0116612
89,36,1.03866,0.0369581,0.0122889
89,37,1.03776,0.0369921,0.0129067
89,38,1.03688,0.0369209,0.0135117
89,39,1.03603,0.0367466,0.0141014
89,40,1.0352,0.0364713,0.0146732
89,41,1.03439,0.0360969,0.0152251
89,42,1.0336,0.0356256,0.0157552
89,43,1.03282,0.0350596,0.016262
89,44,1.03206,0.0344011,0.0167446
89,45,1.03129,0.0336521,0.0172022
89,46,1.03053,0.0328148,0.0176345
89,47,1.02976,0.0318914,0.0180415
89,48,1.02898,0.030884,0.0184237
89,49,1.02818,0.0297949,0.0187817
89,50,1.02735,0.0286261,0.0191162
89,51,1.02649,0.02738,0.0194284
89,52,1.02559,0.0260587,0.0197191
89,53,1.02464,0.0246647,0.0199894
89,54,1.02365,0.0232001,0.0202402
89,55,1.02259,0.0216676,0.0204723
89,56,1.02147,0.0200695,0.0206862
89,57,1.02029,0.0184084,0.0208823
89,58,1.01903,0.0166869,0.0210604
89,59,1.0177,0.0149077,0.0212204
89,60,1.01629,0.0130735,0.0213615
89,61,1.01481,0.0111872,0.0214829
89,62,1.01325,0.00925167,0.0215834
89,63,1.0116,0.00726995,0.0216614
89,64,1.00989,0.00524518,0.0217153
89,65,1.00809,0.00318068,0.0217431
89,66,1.00622,0.0010799,0.0217431
89,67,1.00429,-0.00105347,0.0217131
89,68,1.00228,-0.00321549,0.0216513
89,69,1.00022,-0.00540195,0.0215557
89,70,0.9981,-0.00760828,0.0214249
89,71,0.99593,-0.00982959,0.0212573
89,72,0.993717,-0.0120605,0.021052
89,73,0.991468,-0.0142954,0.0208082
89,74,0.98919,-0.016528,0.0205258
89,75,0.986893,-0.0187518,0.0202048
89,76,0.984583,-0.0209597,0.0198461
89,77,0.982271,-0.0231443,0.0194508
89,78,0.979964,-0.0252978,0.0190204
89,79,0.97767,-0.0274122,0.018557
89,80,0.975399,-0.029479,0.0180629
89,81,0.973157,-0.0314899,0.0175409
89,82,0.970953,-0.0334363,0.016994
89,83,0.968792,-0.0353095,0.0164252
89,84,0.96668,-0.0371011,0.0158379
89,85,0.964624,-0.0388028,0.0152355
89,86,0.962626,-0.0404065,0.0146211
89,87,0.96069,-0.0419044,0.0139982
89,88,0.958818,-0.0432891,0.01337
89,89,0.957013,-0.0445537,0.0127393
89,90,0.955276,-0.0456917,0.0121092
89,91,0.953608,-0.0466971,0.0114824
89,92,0.952008,-0.0475646,0.0108611
89,93,0.950477,-0.0482896,0.0102478
89,94,0.949015,-0.0488679,0.00964427
89,95,0.947621,-0.0492963,0.00905233
89,96,0.946294,-0.0495723,0.00847339
89,97,0.945034,-0.0496941,0.00790862
89,98,0.943839,-0.0496611,0.00735888
89,99,0.94271,-0.0494733,0.00682479
89,100,0.941645,-0.0491324,0.00630667
89,101,0.940643,-0.0486409,0.00580459
89,102,0.939703,-0.048003,0.00531835
89,103,0.938824,-0.0472247,0.00484754
89,104,0.938004,-0.0463136,0.00439154
89,105,0.937241,-0.04528,0.00394955
89,106,0.936536,-0.044136,0.00352064
89,107,0.935884,-0.0428963,0.00310379
89,108,0.935285,-0.0415777,0.00269795
89,109,0.934737,-0.0401986,0.00230207
89,110,0.934236,-0.0387775,0.00191519
89,111,0.933782,-0.0373314,0.00153646
89,112,0.933371,-0.0358731,0.00116525
89,113,0.933001,-0.034408,0.000801216
89,114,0.93267,-0.0329309,0.000444473
89,115,0.932376,-0.0314227,9.58277e-05
89,116,0.932115,-0.0298505,-0.000242795
89,117,0.931885,-0.0281699,-0.000567825
89,118,0.931684,-0.0263317,-0.000873355
89,119,0.931509,-0.0242919,-0.0011504
89,120,0.931357,-0.0220214,-0.0013859
89,121,0.931227,-0.0195092,-0.00156122
89,122,0.931117,-0.0167511,-0.00164967
89,123,0.931024,-0.0137221,-0.00161337
89,124,0.930945,-0.0103435,-0.00140253
89,125,0.930877,-0.00648989,-0.000972923
89,126,0.930817,-0.00215313,-0.000346652
89,127,1,-0.00343474,0
90,0,1,0,0
90,1,1.07565,-0.00265784,5.82146e-06
90,2,1.07523,-0.00517079,-0.000319687
90,3,1.07474,-0.00503064,-0.000780709
90,4,1.07419,-0.00380572,-0.00113881
90,5,1.07356,-0.00205547,-0.00133494
90,6,1.07286,-5.37383e-05,-0.00138569
90,7,1.07209,0.0019867,-0.00132541
90,8,1.07126,0.00390929,-0.00118496
90,9,1.07037,0.00563843,-0.000987838
90,10,1.06942,0.00717499,-0.000750662
90,11,1.06841,0.00856913,-0.000484185
90,12,1.06736,0.00988914,-0.000194663
90,13,1.06626,0.0111982,0.000114747
90,14,1.06511,0.0125423,0.000442804
90,15,1.06393,0.0139463,0.000789346
90,16,1.06272,0.0154171,0.00115479
90,17,1.06149,0.0169472,0.00153984
90,18,1.06023,0.0185202,0.00194535
90,19,1.05896,0.0201152,0.00237216
90,20,1.05767,0.0217095,0.00282104
90,21,1.05638,0.0232813,0.0032926
90,22,1.05509,0.0248107,0.00378715
90,23,1.05381,0.0262806,0.00430471
90,24,1.05253,0.0276768,0.0048449
90,25,1.05126,0.0289882,0.00540697
90,26,1.05001,0.030206,0.00598981
90,27,1.04877,0.0313237,0.00659189
90,28,1.04756,0.0323369,0.00721135
90,29,1.04637,0.0332425,0.00784602
90,30,1.04521,0.0340388,0.00849343
90,31,1.04407,0.0347249,0.00915087
90,32,1.04296,0.0353008,0.00981544
90,33,1.04188,0.0357669,0.0104841
90,34,1.04083,0.0361242,0.0111536
90,35,1.03981,0.0363738,0.0118208
90,36,1.03882,0.0365172,0.0124825
90,37,1.03786,0.0365559,0.0131355
90,38,1.03693,0.0364918,0.0137768
90,39,1.03603,0.0363266,0.0144036
90,40,1.03516,0.0360621,0.0150131
90,41,1.03431,0.0357004,0.0156032
90,42,1.03348,0.0352433,0.0161716
90,43,1.03266,0.0346928,0.0167169
90,44,1.03186,0.0340509,0.0172376
90,45,1.03107,0.0333195,0.017733
90,46,1.03028,0.0325007,0.0182024
90,47,1.02949,0.0315964,0.0186457
90,48,1.02869,0.0306086,0.0190632
90,49,1.02787,0.0295393,0.0194551
90,50,1.02702,0.0283906,0.0198223
90,51,1.02615,0.0271645,0.0201654
90,52,1.02523,0.0258631,0.0204854
90,53,1.02428,0.0244886,0.0207832
90,54,1.02327,0.0230432,0.0210594
90,55,1.0222,0.0215291,0.0213148
90,56,1.02107,0.0199486,0.0215497
90,57,1.01987,0.0183041,0.0217644
90,58,1.0186,0.0165981,0.0219589
90,59,1.01725,0.0148331,0.0221326
90,60,1.01582,0.0130116,0.0222849
90,61,1.01432,0.0111364,0.0224148
90,62,1.01273,0.00921031,0.0225211
90,63,1.01107,0.00723616,0.0226023
90,64,1.00932,0.005217,0.0226566
90,65,1.0075,0.00315602,0.0226824
90,66,1.00561,0.00105657,0.0226777
90,67,1.00364,-0.00107775,0.0226406
90,68,1.00161,-0.00324312,0.0225695
90,69,0.999521,-0.00543538,0.0224625
90,70,0.997377,-0.00765006,0.0223185
90,71,0.995187,-0.00988228,0.0221362
90,72,0.992958,-0.0121268,0.021915
90,73,0.990699,-0.0143778,0.0216545
90,74,0.988418,-0.0166292,0.0213547
90,75,0.986125,-0.0188742,0.0210164
90,76,0.983827,-0.0211058,0.0206403
90,77,0.981535,-0.0233163,0.020228
90,78,0.979257,-0.0254979,0.0197813
90,79,0.977001,-0.0276422,0.0193024
90,80,0.974775,-0.0297407,0.0187938
90,81,0.972588,-0.0317845,0.0182583
90,82,0.970444,-0.0337648,0.0176988
90,83,0.96835,-0.0356727,0.0171184
90,84,0.96631,-0.0374993,0.0165203
90,85,0.964328,-0.0392358,0.0159076
90,86,0.962406,-0.0408737,0.0152835
90,87,0.960547,-0.0424049,0.014651
90,88,0.958752,-0.0438215,0.0140131
90,89,0.957022,-0.0451159,0.0133726
90,90,0.955355,-0.0462814,0.0127321
90,91,0.953753,-0.0473114,0.0120941
90,92,0.952214,-0.0482002,0.011461
90,93,0.950737,-0.0489426,0.0108349
90,94,0.949322,-0.0495341,0.0102176
90,95,0.947968,-0.0499708,0.0096108
90,96,0.946673,-0.05025,0.00901597
90,97,0.945438,-0.0503693,0.0084343
90,98,0.944261,-0.0503278,0.00786674
90,99,0.943141,-0.0501252,0.00731396
90,100,0.942078,-0.0497626,0.00677641
90,101,0.941072,-0.0492426,0.00625426
90,102,0.940121,-0.0485691,0.00574744
90,103,0.939225,-0.047748,0.00525566
90,104,0.938384,-0.0467871,0.00477841
90,105,0.937596,-0.0456969,0.004315
90,106,0.936861,-0.04449,0.0038646
90,107,0.936177,-0.0431818,0.00342627
90,108,0.935544,-0.04179,0.00299904
90,109,0.934959,-0.040334,0.00258192
90,110,0.934423,-0.0388337,0.002174
90,111,0.933932,-0.0373074,0.00177449
90,112,0.933486,-0.0357695,0.00138281
90,113,0.933082,-0.0342267,0.000998649
90,114,0.93272,-0.0326753,0.000622207
90,115,0.932395,-0.0310981,0.000254381
90,116,0.932107,-0.029464,-0.000102792
90,117,0.931854,-0.0277307,-0.000445644
90,118,0.931632,-0.0258519,-0.000768249
90,119,0.93144,-0.023787,-0.00106179
90,120,0.931276,-0.0215113,-0.00131372
90,121,0.931137,-0.0190201,-0.00150641
90,122,0.931023,-0.0163191,-0.0016143
90,123,0.930931,-0.0133962,-0.00160008
90,124,0.93086,-0.010182,-0.00141408
90,125,0.930806,-0.00653196,-0.00100426
90,126,0.93076,-0.00233373,-0.000362323
90,127,1,-0.00343474,0
91,0,1,0,0
91,1,1.07829,-0.00249637,-5.51057e-05
91,2,1.07786,-0.00467612,-0.000448507
91,3,1.07735,-0.00458021,-0.000941597
91,4,1.07677,-0.00351985,-0.00130382
91,5,1.0761,-0.00193384,-0.00149673
91,6,1.07535,-6.30929e-05,-0.00154719
91,7,1.07453,0.00188011,-0.00148972
91,8,1.07363,0.00373274,-0.00135326
91,9,1.07267,0.00541262,-0.00115995
91,10,1.07165,0.00691491,-0.000925767
91,11,1.07056,0.00828508,-0.000661393
91,12,1.06942,0.00958798,-0.000373254
91,13,1.06823,0.0108845,-6.46642e-05
91,14,1.067,0.0122191,0.000263078
91,15,1.06573,0.0136161,0.000609863
91,16,1.06442,0.0150813,0.000976236
91,17,1.06309,0.016607,0.00136308
91,18,1.06174,0.0181765,0.00177144
91,19,1.06037,0.0197683,0.00220235
91,20,1.05899,0.0213596,0.00265675
91,21,1.05761,0.0229284,0.00313539
91,22,1.05622,0.0244547,0.00363872
91,23,1.05485,0.0259215,0.00416684
91,24,1.05348,0.0273145,0.00471947
91,25,1.05212,0.0286226,0.00529593
91,26,1.05078,0.0298371,0.00589513
91,27,1.04946,0.0309516,0.00651556
91,28,1.04817,0.0319616,0.00715539
91,29,1.0469,0.0328641,0.00781241
91,30,1.04565,0.0336573,0.00848412
91,31,1.04444,0.0343405,0.00916778
91,32,1.04326,0.0349137,0.0098604
91,33,1.04211,0.0353772,0.0105588
91,34,1.04099,0.0357321,0.0112598
91,35,1.03991,0.0359797,0.01196
91,36,1.03886,0.0361215,0.0126561
91,37,1.03784,0.0361592,0.0133447
91,38,1.03686,0.0360946,0.0140226
91,39,1.03591,0.0359298,0.0146868
91,40,1.03499,0.0356666,0.0153345
91,41,1.03409,0.035307,0.0159632
91,42,1.03322,0.0348531,0.0165705
91,43,1.03237,0.0343069,0.0171545
91,44,1.03153,0.0336703,0.0177139
91,45,1.03071,0.0329453,0.0182474
91,46,1.02989,0.0321338,0.0187542
91,47,1.02907,0.0312376,0.0192341
91,48,1.02824,0.0302585,0.019687
91,49,1.02739,0.0291985,0.0201131
91,50,1.02653,0.0280593,0.0205129
91,51,1.02564,0.0268427,0.020887
91,52,1.02471,0.0255504,0.0212361
91,53,1.02373,0.0241845,0.021561
91,54,1.02271,0.0227467,0.0218622
91,55,1.02162,0.0212391,0.0221404
91,56,1.02048,0.0196637,0.0223958
91,57,1.01926,0.0180228,0.0226286
91,58,1.01798,0.0163184,0.0228386
91,59,1.01661,0.0145532,0.0230254
91,60,1.01517,0.0127298,0.0231883
91,61,1.01365,0.0108508,0.0233262
91,62,1.01204,0.00891922,0.0234381
91,63,1.01036,0.00693836,0.0235223
91,64,1.00859,0.00491164,0.0235773
91,65,1.00675,0.00284278,0.0236015
91,66,1.00484,0.00073585,0.023593
91,67,1.00285,-0.00140478,0.0235503
91,68,1.00081,-0.00357438,0.0234718
91,69,0.998708,-0.00576783,0.023356
91,70,0.996557,-0.00797961,0.0232019
91,71,0.994365,-0.0102038,0.0230087
91,72,0.99214,-0.0124342,0.0227759
91,73,0.98989,-0.014664,0.0225035
91,74,0.987626,-0.0168861,0.0221919
91,75,0.985356,-0.0190933,0.0218419
91,76,0.983089,-0.0212779,0.0214548
91,77,0.980834,-0.023432,0.021032
91,78,0.9786,-0.0255476,0.0205757
91,79,0.976395,-0.0276165,0.0200879
91,80,0.974226,-0.0296305,0.0195713
91,81,0.972098,-0.0315816,0.0190286
91,82,0.970018,-0.0334616,0.0184624
91,83,0.96799,-0.0352627,0.0178758
91,84,0.966016,-0.0369772,0.0172717
91,85,0.964101,-0.0385976,0.016653
91,86,0.962245,-0.0401166,0.0160225
91,87,0.960449,-0.0415276,0.015383
91,88,0.958713,-0.0428239,0.0147374
91,89,0.957038,-0.0439996,0.014088
91,90,0.955422,-0.0450489,0.0134375
91,91,0.953864,-0.0459667,0.0127882
91,92,0.952365,-0.0467482,0.0121421
91,93,0.950922,-0.0473893,0.0115015
91,94,0.949535,-0.0478865,0.0108682
91,95,0.948203,-0.0482367,0.0102438
91,96,0.946925,-0.0484378,0.00962991
91,97,0.945701,-0.0484883,0.00902781
91,98,0.944531,-0.0483875,0.00843858
91,99,0.943414,-0.0481358,0.00786307
91,100,0.94235,-0.0477346,0.00730189
91,101,0.941339,-0.0471865,0.00675541
91,102,0.940381,-0.0464957,0.00622375
91,103,0.939475,-0.0456679,0.00570679
91,104,0.938622,-0.0447108,0.00520423
91,105,0.93782,-0.0436342,0.00471552
91,106,0.93707,-0.0424503,0.00423999
91,107,0.93637,-0.0411737,0.00377684
91,108,0.93572,-0.0398211,0.00332519
91,109,0.935119,-0.0384105,0.00288414
91,110,0.934565,-0.0369606,0.00245286
91,111,0.934057,-0.0354885,0.00203058
91,112,0.933594,-0.034007,0.00161676
91,113,0.933174,-0.0325221,0.00121113
91,114,0.932795,-0.0310289,0.00081393
91,115,0.932456,-0.02951,0.000426115
91,116,0.932155,-0.0279346,4.98106e-05
91,117,0.93189,-0.0262617,-0.00031124
91,118,0.931659,-0.0244468,-0.000651094
91,119,0.93146,-0.0224517,-0.000961111
91,120,0.931291,-0.0202557,-0.00122923
91,121,0.931152,-0.0178595,-0.00143867
91,122,0.93104,-0.015278,-0.00156529
91,123,0.930954,-0.0125121,-0.00157328
91,124,0.930893,-0.00950479,-0.00141085
91,125,0.930854,-0.00610147,-0.00102036
91,126,0.930836,-0.00210068,-0.000385843
91,127,1,-0.00343474,0
92,0,1,0,0
92,1,1.08062,-0.00194682,-0.000104605
92,2,1.08018,-0.00384043,-0.000587636
92,3,1.07967,-0.00382178,-0.00110486
92,4,1.07906,-0.00293581,-0.0014676
92,5,1.07836,-0.00151313,-0.00165886
92,6,1.07758,0.000227584,-0.0017107
92,7,1.07671,0.00207106,-0.00165775
92,8,1.07576,0.00384818,-0.00152709
92,9,1.07474,0.00547126,-0.00133929
92,10,1.07365,0.00693024,-0.00110972
92,11,1.07249,0.00826578,-0.000849005
92,12,1.07128,0.00953884,-0.000563709
92,13,1.07001,0.0108076,-0.000257281
92,14,1.06869,0.012115,6.89298e-05
92,15,1.06734,0.0134843,0.000414869
92,16,1.06594,0.0149215,0.000781212
92,17,1.06452,0.0164186,0.00116902
92,18,1.06308,0.0179593,0.0015795
92,19,1.06162,0.0195222,0.00201388
92,20,1.06014,0.021085,0.00247327
92,21,1.05867,0.0226259,0.00295855
92,22,1.05719,0.0241252,0.00347028
92,23,1.05573,0.025566,0.00400868
92,24,1.05427,0.0269345,0.00457352
92,25,1.05282,0.0282195,0.00516418
92,26,1.0514,0.0294126,0.00577959
92,27,1.04999,0.0305075,0.00641829
92,28,1.04861,0.0314999,0.00707842
92,29,1.04726,0.0323868,0.00775777
92,30,1.04594,0.0331667,0.0084538
92,31,1.04466,0.0338387,0.00916372
92,32,1.0434,0.034403,0.00988446
92,33,1.04218,0.0348599,0.0106128
92,34,1.041,0.0352105,0.0113453
92,35,1.03985,0.0354561,0.0120786
92,36,1.03874,0.035598,0.0128092
92,37,1.03767,0.0356379,0.0135336
92,38,1.03663,0.0355775,0.0142483
92,39,1.03563,0.0354187,0.0149502
92,40,1.03466,0.0351632,0.0156363
92,41,1.03372,0.0348129,0.0163037
92,42,1.0328,0.0343697,0.0169501
92,43,1.03191,0.0338354,0.0175732
92,44,1.03104,0.0332119,0.0181713
92,45,1.03018,0.0325008,0.0187431
92,46,1.02933,0.0317041,0.0192876
92,47,1.02848,0.0308233,0.0198041
92,48,1.02762,0.0298602,0.0202925
92,49,1.02675,0.0288166,0.0207527
92,50,1.02587,0.027694,0.021185
92,51,1.02495,0.0264942,0.0215899
92,52,1.024,0.0252189,0.0219679
92,53,1.02301,0.0238698,0.0223196
92,54,1.02196,0.0224487,0.0226454
92,55,1.02086,0.0209575,0.0229459
92,56,1.0197,0.0193981,0.0232214
92,57,1.01847,0.0177728,0.0234718
92,58,1.01716,0.0160835,0.023697
92,59,1.01578,0.0143329,0.0238966
92,60,1.01432,0.0125233,0.0240699
92,61,1.01278,0.0106577,0.0242159
92,62,1.01116,0.00873877,0.0243336
92,63,1.00946,0.00676989,0.0244215
92,64,1.00768,0.00475444,0.0244782
92,65,1.00583,0.00269617,0.0245022
92,66,1.00391,0.000599064,0.024492
92,67,1.00192,-0.00153252,0.0244461
92,68,0.999875,-0.00369392,0.0243631
92,69,0.997777,-0.0058801,0.024242
92,70,0.995636,-0.00808566,0.0240819
92,71,0.993461,-0.0103048,0.0238824
92,72,0.99126,-0.0125314,0.0236431
92,73,0.989043,-0.014759,0.0233643
92,74,0.986819,-0.0169806,0.0230466
92,75,0.984598,-0.0191891,0.022691
92,76,0.982389,-0.0213769,0.0222987
92,77,0.9802,-0.0235364,0.0218715
92,78,0.97804,-0.0256597,0.0214113
92,79,0.975915,-0.0277386,0.0209203
92,80,0.973832,-0.0297651,0.0204008
92,81,0.971796,-0.0317308,0.0198555
92,82,0.96981,-0.0336277,0.0192869
92,83,0.967878,-0.0354476,0.0186976
92,84,0.966003,-0.0371826,0.0180904
92,85,0.964184,-0.0388248,0.0174679
92,86,0.962423,-0.0403668,0.0168328
92,87,0.960718,-0.0418012,0.0161875
92,88,0.959069,-0.0431211,0.0155345
92,89,0.957475,-0.0443199,0.0148764
92,90,0.955934,-0.0453914,0.0142153
92,91,0.954445,-0.0463297,0.0135535
92,92,0.953005,-0.0471298,0.0128931
92,93,0.951614,-0.0477869,0.0122363
92,94,0.95027,-0.0482969,0.0115849
92,95,0.948973,-0.0486563,0.0109406
92,96,0.947722,-0.0488624,0.0103051
92,97,0.946516,-0.0489133,0.00967995
92,98,0.945356,-0.0488077,0.00906627
92,99,0.944242,-0.0485457,0.00846515
92,100,0.943173,-0.0481282,0.00787743
92,101,0.94215,-0.0475575,0.00730368
92,102,0.941174,-0.0468375,0.00674425
92,103,0.940245,-0.0459738,0.00619923
92,104,0.939364,-0.0449741,0.00566851
92,105,0.93853,-0.0438484,0.00515173
92,106,0.937745,-0.0426091,0.00464841
92,107,0.937007,-0.0412713,0.00415786
92,108,0.936317,-0.0398526,0.00367935
92,109,0.935674,-0.0383719,0.00321207
92,110,0.935079,-0.0368491,0.00275527
92,111,0.93453,-0.0353026,0.00230824
92,112,0.934027,-0.0337468,0.00187051
92,113,0.933569,-0.0321889,0.00144185
92,114,0.933154,-0.0306259,0.00102255
92,115,0.932781,-0.029042,0.000613646
92,116,0.932449,-0.0274086,0.00021734
92,117,0.932156,-0.0256868,-0.000162556
92,118,0.9319,-0.0238347,-0.0005201
92,119,0.931681,-0.0218173,-0.000846811
92,120,0.931496,-0.0196174,-0.00113109
92,121,0.931344,-0.0172415,-0.00135714
92,122,0.931224,-0.0147135,-0.00150203
92,123,0.931136,-0.0120492,-0.00153101
92,124,0.931078,-0.00920724,-0.00139395
92,125,0.931049,-0.0060303,-0.00102809
92,126,0.931041,-0.00224688,-0.00038987
92,127,1,-0.00343474,0
93,0,1,0,0
93,1,1.08264,-0.00187276,-0.000175057
93,2,1.08222,-0.00354286,-0.000722319
93,3,1.0817,-0.00363634,-0.00126232
93,4,1.08109,-0.00292683,-0.00162561
93,5,1.08037,-0.00165413,-0.00181521
93,6,1.07956,-2.63577e-05,-0.00187048
93,7,1.07866,0.00173383,-0.00182441
93,8,1.07767,0.00345061,-0.00170168
93,9,1.07659,0.00503155,-0.00152147
93,10,1.07544,0.00646245,-0.00129852
93,11,1.07422,0.00778016,-0.00104336
93,12,1.07294,0.00904248,-0.000762693
93,13,1.0716,0.0103053,-0.000460079
93,14,1.0702,0.0116098,-0.000136913
93,15,1.06877,0.0129784,0.000206804
93,16,1.06729,0.0144161,0.000571872
93,17,1.06578,0.0159146,0.000959517
93,18,1.06425,0.0174568,0.00137114
93,19,1.06271,0.0190212,0.00180812
93,20,1.06115,0.0205849,0.00227174
93,21,1.05958,0.0221261,0.002763
93,22,1.05802,0.0236251,0.00328259
93,23,1.05647,0.025065,0.00383078
93,24,1.05492,0.0264319,0.00440744
93,25,1.05339,0.0277149,0.00501197
93,26,1.05188,0.0289055,0.00564335
93,27,1.0504,0.0299976,0.00630011
93,28,1.04894,0.030987,0.00698039
93,29,1.04751,0.0318707,0.00768196
93,30,1.04612,0.0326473,0.00840224
93,31,1.04475,0.0333161,0.00913836
93,32,1.04343,0.033877,0.00988721
93,33,1.04214,0.0343308,0.0106455
93,34,1.04089,0.0346784,0.0114096
93,35,1.03968,0.0349213,0.0121761
93,36,1.03851,0.0350608,0.0129412
93,37,1.03738,0.0350987,0.0137014
93,38,1.03628,0.0350369,0.014453
93,39,1.03523,0.0348772,0.0151927
93,40,1.03421,0.0346215,0.0159173
93,41,1.03322,0.0342718,0.0166236
93,42,1.03225,0.0338299,0.0173091
93,43,1.03132,0.0332977,0.0179713
93,44,1.03041,0.032677,0.0186083
93,45,1.02951,0.0319696,0.0192185
93,46,1.02862,0.0311771,0.0198006
93,47,1.02774,0.0303012,0.0203538
93,48,1.02685,0.0293434,0.0208776
93,49,1.02595,0.0283053,0.0213719
93,50,1.02504,0.0271885,0.0218366
93,51,1.0241,0.0259943,0.0222721
93,52,1.02313,0.0247243,0.0226788
93,53,1.02211,0.02338,0.023057
93,54,1.02105,0.0219631,0.0234073
93,55,1.01993,0.0204753,0.0237299
93,56,1.01875,0.0189185,0.0240251
93,57,1.0175,0.0172946,0.024293
93,58,1.01618,0.0156059,0.0245334
93,59,1.01479,0.0138548,0.0247459
93,60,1.01332,0.0120441,0.0249299
93,61,1.01177,0.0101768,0.0250846
93,62,1.01014,0.00825621,0.025209
93,63,1.00843,0.00628596,0.0253018
93,64,1.00665,0.0042701,0.0253619
93,65,1.0048,0.00221305,0.025388
93,66,1.00289,0.000119587,0.0253786
93,67,1.00091,-0.00200509,0.0253327
93,68,0.998884,-0.00415541,0.0252491
93,69,0.996811,-0.0063254,0.025127
93,70,0.994702,-0.00850877,0.0249658
93,71,0.992565,-0.0106988,0.0247651
93,72,0.99041,-0.0128887,0.0245251
93,73,0.988247,-0.0150711,0.0242459
93,74,0.986084,-0.0172388,0.0239284
93,75,0.983931,-0.019384,0.0235736
93,76,0.981795,-0.0214993,0.0231827
93,77,0.979686,-0.023577,0.0227575
93,78,0.97761,-0.0256094,0.0222996
93,79,0.975572,-0.0275889,0.0218112
93,80,0.973578,-0.0295082,0.0212944
93,81,0.971632,-0.0313598,0.0207515
93,82,0.969736,-0.0331367,0.0201848
93,83,0.967892,-0.0348318,0.0195967
93,84,0.966101,-0.0364385,0.0189896
93,85,0.964363,-0.0379503,0.0183658
93,86,0.962677,-0.0393609,0.0177276
93,87,0.961042,-0.0406645,0.0170775
93,88,0.959457,-0.0418552,0.0164176
93,89,0.95792,-0.0429277,0.0157502
93,90,0.956428,-0.0438771,0.0150775
93,91,0.954981,-0.0446985,0.0144017
93,92,0.953576,-0.0453879,0.0137249
93,93,0.952213,-0.0459413,0.0130491
93,94,0.950891,-0.0463556,0.0123765
93,95,0.949608,-0.0466278,0.0117088
93,96,0.948366,-0.046756,0.0110479
93,97,0.947163,-0.0467386,0.0103955
93,98,0.946002,-0.0465751,0.00975309
93,99,0.944881,-0.0462656,0.00912191
93,100,0.943802,-0.0458115,0.00850311
93,101,0.942767,-0.0452152,0.00789754
93,102,0.941775,-0.0444807,0.00730584
93,103,0.940829,-0.0436134,0.00672838
93,104,0.939928,-0.0426207,0.00616531
93,105,0.939073,-0.0415123,0.00561652
93,106,0.938266,-0.0403,0.00508172
93,107,0.937505,-0.0389981,0.00456043
93,108,0.936793,-0.037623,0.00405207
93,109,0.936127,-0.0361927,0.00355595
93,110,0.935509,-0.0347258,0.00307141
93,111,0.934938,-0.0332391,0.00259781
93,112,0.934412,-0.0317459,0.00213471
93,113,0.933932,-0.0302523,0.0016819
93,114,0.933497,-0.0287543,0.0012397
93,115,0.933105,-0.027236,0.000809179
93,116,0.932755,-0.0256688,0.000392591
93,117,0.932446,-0.024015,-6.21606e-06
93,118,0.932177,-0.0222343,-0.000381307
93,119,0.931947,-0.0202938,-0.000724381
93,120,0.931754,-0.0181791,-0.00102429
93,121,0.931597,-0.0159013,-0.00126602
93,122,0.931476,-0.0134926,-0.00142818
93,123,0.931391,-0.0109828,-0.001478
93,124,0.931339,-0.0083477,-0.00136434
93,125,0.931321,-0.00543503,-0.00102148
93,126,0.931335,-0.00191695,-0.000404067
93,127,1,-0.00343474,0
94,0,1,0,0
94,1,1.08429,-0.00133973,-0.00022803
94,2,1.08388,-0.00284912,-0.000857017
94,3,1.08338,-0.00307945,-0.00140966
94,4,1.08277,-0.00254532,-0.00177048
94,5,1.08205,-0.00141472,-0.00196117
94,6,1.08122,0.000105192,-0.00202234
94,7,1.08029,0.00178261,-0.00198547
94,8,1.07927,0.0034361,-0.00187302
94,9,1.07816,0.00496954,-0.00170265
94,10,1.07697,0.0063649,-0.00148849
94,11,1.0757,0.00765497,-0.001241
94,12,1.07436,0.00889384,-0.000966943
94,13,1.07295,0.0101346,-0.000670004
94,14,1.07149,0.0114167,-0.000351599
94,15,1.06998,0.0127617,-1.16693e-05
94,16,1.06844,0.0141743,0.000350711
94,17,1.06685,0.0156462,0.00073693
94,18,1.06524,0.0171607,0.00114855
94,19,1.06362,0.0186968,0.00158714
94,20,1.06198,0.020232,0.0020541
94,21,1.06033,0.0217449,0.00255057
94,22,1.05869,0.0232162,0.00307731
94,23,1.05705,0.0246292,0.0036347
94,24,1.05542,0.0259705,0.00422265
94,25,1.05381,0.0272293,0.0048406
94,26,1.05222,0.0283974,0.00548753
94,27,1.05065,0.0294688,0.006162
94,28,1.04912,0.0304392,0.00686213
94,29,1.04761,0.031306,0.00758564
94,30,1.04614,0.0320677,0.00832993
94,31,1.04471,0.0327236,0.00909205
94,32,1.04331,0.0332738,0.00986882
94,33,1.04195,0.033719,0.0106568
94,34,1.04064,0.03406,0.0114524
94,35,1.03936,0.0342983,0.0122519
94,36,1.03813,0.0344352,0.0130514
94,37,1.03694,0.0344725,0.0138473
94,38,1.03579,0.0344118,0.0146358
94,39,1.03468,0.0342549,0.0154131
94,40,1.0336,0.0340036,0.016176
94,41,1.03256,0.0336597,0.0169212
94,42,1.03156,0.033225,0.0176457
94,43,1.03058,0.0327012,0.0183469
94,44,1.02962,0.0320901,0.0190227
94,45,1.02868,0.0313932,0.0196712
94,46,1.02776,0.0306123,0.0202909
94,47,1.02684,0.0297488,0.0208807
94,48,1.02592,0.0288042,0.0214399
94,49,1.02499,0.0277801,0.0219681
94,50,1.02405,0.0266779,0.0224651
94,51,1.02308,0.0254989,0.0229312
94,52,1.02208,0.0242448,0.0233664
94,53,1.02104,0.0229171,0.0237711
94,54,1.01996,0.0215173,0.0241457
94,55,1.01882,0.0200471,0.0244905
94,56,1.01762,0.0185085,0.0248057
94,57,1.01636,0.0169034,0.0250914
94,58,1.01503,0.0152341,0.0253474
94,59,1.01363,0.0135032,0.0255736
94,60,1.01215,0.0117133,0.0257694
94,61,1.0106,0.00986746,0.0259341
94,62,1.00897,0.00796912,0.0260669
94,63,1.00727,0.00602191,0.0261669
94,64,1.0055,0.00402984,0.026233
94,65,1.00367,0.00199728,0.0262642
94,66,1.00178,-7.10792e-05,0.0262594
94,67,0.999828,-0.00217018,0.0262175
94,68,0.997835,-0.00429465,0.0261379
94,69,0.995805,-0.00643879,0.0260198
94,70,0.993747,-0.00859659,0.0258627
94,71,0.991669,-0.0107618,0.0256667
94,72,0.989581,-0.0129278,0.0254316
94,73,0.987493,-0.0150879,0.025158
94,74,0.985413,-0.0172351,0.0248466
94,75,0.98335,-0.0193624,0.0244983
94,76,0.981312,-0.0214626,0.0241143
94,77,0.979305,-0.0235283,0.0236961
94,78,0.977336,-0.0255522,0.0232454
94,79,0.975408,-0.0275269,0.0227638
94,80,0.973527,-0.0294452,0.0222533
94,81,0.971694,-0.0312996,0.0217158
94,82,0.969911,-0.033083,0.0211535
94,83,0.968178,-0.0347882,0.0205683
94,84,0.966495,-0.0364082,0.0199624
94,85,0.964861,-0.037936,0.0193378
94,86,0.963273,-0.039365,0.0186967
94,87,0.961731,-0.0406887,0.0180412
94,88,0.96023,-0.0419008,0.0173734
94,89,0.95877,-0.0429953,0.0166954
94,90,0.957348,-0.0439666,0.0160094
94,91,0.955961,-0.0448094,0.0153175
94,92,0.954608,-0.0455189,0.0146219
94,93,0.953287,-0.0460906,0.0139248
94,94,0.951999,-0.0465208,0.0132282
94,95,0.950741,-0.0468061,0.0125343
94,96,0.949515,-0.0469439,0.011845
94,97,0.948321,-0.0469323,0.0111624
94,98,0.94716,-0.04677,0.010488
94,99,0.946032,-0.0464569,0.00982369
94,100,0.94494,-0.0459939,0.00917071
94,101,0.943884,-0.0453829,0.00853026
94,102,0.942866,-0.0446277,0.00790331
94,103,0.941889,-0.0437333,0.00729049
94,104,0.940953,-0.0427073,0.00669226
94,105,0.940059,-0.041559,0.00610874
94,106,0.93921,-0.0403006,0.00553991
94,107,0.938405,-0.0389468,0.00498545
94,108,0.937647,-0.0375146,0.00444499
94,109,0.936935,-0.036023,0.00391794
94,110,0.936271,-0.0344913,0.00340378
94,111,0.935653,-0.032938,0.00290192
94,112,0.935084,-0.0313774,0.00241198
94,113,0.934561,-0.0298173,0.00193379
94,114,0.934085,-0.0282554,0.00146771
94,115,0.933655,-0.0266776,0.00101484
94,116,0.93327,-0.0250575,0.000577487
94,117,0.932929,-0.0233597,0.000159507
94,118,0.932632,-0.0215464,-0.000233189
94,119,0.932377,-0.0195872,-0.000592474
94,120,0.932164,-0.0174711,-0.000907627
94,121,0.931991,-0.0152135,-0.0011646
94,122,0.931859,-0.0128556,-0.00134325
94,123,0.931767,-0.0104417,-0.00141223
94,124,0.931716,-0.00796782,-0.00132345
94,125,0.931703,-0.00529243,-0.00100862
94,126,0.931722,-0.00204827,-0.000397496
94,127,1,-0.00343474,0
95,0,1,0,0
95,1,1.08559,-0.00140078,-0.000298248
95,2,1.08522,-0.00282684,-0.000974946
95,3,1.08474,-0.00322369,-0.00153833
95,4,1.08415,-0.00286245,-0.00189776
95,5,1.08343,-0.00186054,-0.00209037
95,6,1.0826,-0.000433671,-0.00216015
95,7,1.08166,0.00117485,-0.00213536
95,8,1.08062,0.0027781,-0.00203584
95,9,1.07948,0.0042772,-0.00187791
95,10,1.07825,0.00565144,-0.0016751
95,11,1.07694,0.00693053,-0.00143773
95,12,1.07555,0.00816567,-0.00117263
95,13,1.07409,0.00940761,-0.00088356
95,14,1.07258,0.0106941,-0.000571956
95,15,1.07101,0.0120454,-0.000237698
95,16,1.06939,0.0134653,0.000120263
95,17,1.06774,0.0149449,0.000503476
95,18,1.06606,0.0164669,0.000913674
95,19,1.06436,0.0180097,0.00135258
95,20,1.06265,0.0195507,0.00182173
95,21,1.06092,0.0210681,0.00232237
95,22,1.0592,0.0225427,0.00285538
95,23,1.05748,0.0239577,0.00342117
95,24,1.05578,0.0252999,0.00401971
95,25,1.05409,0.0265585,0.00465047
95,26,1.05242,0.0277255,0.00531243
95,27,1.05078,0.0287951,0.00600414
95,28,1.04917,0.0297631,0.00672369
95,29,1.04759,0.030627,0.00746878
95,30,1.04605,0.0313854,0.00823674
95,31,1.04454,0.0320378,0.00902456
95,32,1.04308,0.0325843,0.00982896
95,33,1.04165,0.0330257,0.0106464
95,34,1.04027,0.033363,0.0114732
95,35,1.03893,0.0335976,0.0123054
95,36,1.03764,0.033731,0.0131392
95,37,1.03639,0.0337651,0.0139706
95,38,1.03518,0.0337015,0.0147956
95,39,1.03401,0.0335422,0.0156105
95,40,1.03288,0.0332889,0.0164115
95,41,1.03179,0.0329436,0.0171953
95,42,1.03073,0.0325081,0.0179587
95,43,1.0297,0.0319841,0.0186989
95,44,1.0287,0.0313733,0.0194134
95,45,1.02772,0.0306775,0.0201
95,46,1.02675,0.0298981,0.0207572
95,47,1.0258,0.0290368,0.0213835
95,48,1.02484,0.0280948,0.021978
95,49,1.02388,0.0270737,0.0225402
95,50,1.02291,0.0259749,0.0230696
95,51,1.02191,0.0247995,0.0235663
95,52,1.02089,0.0235492,0.0240302
95,53,1.01983,0.0222252,0.0244617
95,54,1.01872,0.0208293,0.024861
95,55,1.01757,0.019363,0.0252285
95,56,1.01636,0.0178283,0.0255643
95,57,1.01509,0.0162273,0.0258685
95,58,1.01376,0.0145625,0.0261413
95,59,1.01235,0.0128364,0.0263824
95,60,1.01088,0.0110523,0.0265916
95,61,1.00934,0.00921338,0.0267683
95,62,1.00773,0.00732358,0.026912
95,63,1.00605,0.0053871,0.0270219
95,64,1.00431,0.00340854,0.0270972
95,65,1.00251,0.00139295,0.0271372
95,66,1.00065,-0.000654274,0.0271409
95,67,0.998756,-0.00272734,0.0271077
95,68,0.99682,-0.00482013,0.0270369
95,69,0.994855,-0.00692623,0.026928
95,70,0.992868,-0.00903898,0.0267806
95,71,0.99087,-0.0111515,0.0265948
95,72,0.988869,-0.0132568,0.0263706
95,73,0.986874,-0.0153478,0.0261084
95,74,0.984893,-0.0174174,0.0258088
95,75,0.982933,-0.0194583,0.0254727
95,76,0.981001,-0.0214637,0.025101
95,77,0.979102,-0.0234265,0.0246949
95,78,0.977242,-0.0253398,0.0242559
95,79,0.975424,-0.0271971,0.0237853
95,80,0.973649,-0.0289916,0.0232848
95,81,0.97192,-0.0307172,0.022756
95,82,0.970237,-0.0323676,0.0222005
95,83,0.968598,-0.0339367,0.0216203
95,84,0.967003,-0.0354187,0.021017
95,85,0.96545,-0.036808,0.0203925
95,86,0.963936,-0.0380991,0.0197487
95,87,0.962459,-0.0392865,0.0190874
95,88,0.961016,-0.0403654,0.0184108
95,89,0.959604,-0.0413307,0.0177208
95,90,0.958223,-0.0421779,0.0170196
95,91,0.956868,-0.0429028,0.0163093
95,92,0.95554,-0.0435012,0.0155921
95,93,0.954237,-0.0439698,0.0148703
95,94,0.952959,-0.0443053,0.0141463
95,95,0.951705,-0.0445051,0.0134222
95,96,0.950478,-0.044567,0.0127005
95,97,0.949277,-0.0444897,0.0119833
95,98,0.948104,-0.0442724,0.0112727
95,99,0.946961,-0.0439152,0.0105707
95,100,0.945849,-0.0434192,0.00987896
95,101,0.944772,-0.0427866,0.00919914
95,102,0.943731,-0.0420209,0.00853251
95,103,0.942728,-0.0411273,0.00788008
95,104,0.941764,-0.040113,0.00724264
95,105,0.940843,-0.0389869,0.00662061
95,106,0.939965,-0.0377607,0.00601426
95,107,0.939132,-0.0364481,0.00542352
95,108,0.938345,-0.0350654,0.0048482
95,109,0.937604,-0.0336302,0.00428789
95,110,0.936911,-0.0321607,0.00374217
95,111,0.936266,-0.0306739,0.00321053
95,112,0.935669,-0.0291829,0.00269263
95,113,0.93512,-0.0276943,0.0021883
95,114,0.934619,-0.0262051,0.00169792
95,115,0.934165,-0.0247006,0.00122257
95,116,0.933759,-0.0231548,0.000764566
95,117,0.933398,-0.0215331,0.000327755
95,118,0.933084,-0.0197991,-8.20017e-05
95,119,0.932814,-0.0179243,-0.000456782
95,120,0.932589,-0.0158993,-0.000786284
95,121,0.932408,-0.0137435,-0.00105722
95,122,0.932271,-0.0115049,-0.001251
95,123,0.932178,-0.00924158,-0.00133871
95,124,0.932128,-0.00696973,-0.00127213
95,125,0.932122,-0.00456449,-0.000982463
95,126,0.932161,-0.00163145,-0.000403466
95,127,1,-0.00343474,0
96,0,1,0,0
96,1,1.0865,-0.000916427,-0.000343503
96,2,1.08616,-0.00232634,-0.00108129
96,3,1.08572,-0.00290013,-0.00164454
96,4,1.08515,-0.00269954,-0.00200062
96,5,1.08445,-0.00181264,-0.00219891
96,6,1.08363,-0.000470274,-0.00228032
96,7,1.08269,0.0010728,-0.00227034
96,8,1.08164,0.00262564,-0.00218654
96,9,1.08049,0.00408748,-0.00204376
96,10,1.07924,0.00543494,-0.00185497
96,11,1.0779,0.00669424,-0.00163032
96,12,1.07648,0.00791301,-0.00137669
96,13,1.07498,0.00913913,-0.00109786
96,14,1.07342,0.0104085,-0.000795279
96,15,1.0718,0.0117402,-0.000468746
96,16,1.07013,0.013138,-0.000117088
96,17,1.06842,0.0145929,0.000261402
96,18,1.06668,0.0160882,0.000668618
96,19,1.06491,0.0176027,0.00110643
96,20,1.06313,0.0191145,0.0015765
96,21,1.06134,0.0206024,0.00208019
96,22,1.05955,0.0220477,0.00261843
96,23,1.05776,0.0234342,0.0031917
96,24,1.05598,0.0247488,0.0038
96,25,1.05422,0.0259812,0.00444281
96,26,1.05248,0.0271236,0.00511911
96,27,1.05076,0.0281703,0.00582743
96,28,1.04908,0.0291173,0.00656584
96,29,1.04743,0.0299622,0.00733197
96,30,1.04581,0.0307035,0.00812309
96,31,1.04424,0.0313408,0.00893614
96,32,1.0427,0.0318743,0.00976772
96,33,1.04121,0.0323046,0.0106142
96,34,1.03976,0.0326329,0.0114717
96,35,1.03836,0.0328603,0.0123364
96,36,1.037,0.0329886,0.013204
96,37,1.03569,0.0330192,0.0140704
96,38,1.03443,0.0329539,0.0149317
96,39,1.0332,0.0327945,0.0157836
96,40,1.03202,0.0325428,0.0166225
96,41,1.03087,0.0322006,0.0174447
96,42,1.02977,0.0317697,0.0182467
96,43,1.02869,0.0312516,0.0190255
96,44,1.02764,0.0306482,0.0197785
96,45,1.02662,0.0299611,0.0205032
96,46,1.02561,0.0291918,0.0211977
96,47,1.02461,0.0283418,0.0218606
96,48,1.02362,0.0274125,0.0224905
96,49,1.02262,0.0264055,0.0230867
96,50,1.02162,0.0253221,0.0236488
96,51,1.02059,0.0241638,0.0241763
96,52,1.01955,0.0229319,0.0246695
96,53,1.01847,0.0216281,0.0251283
96,54,1.01735,0.0202539,0.0255531
96,55,1.01618,0.0188112,0.0259442
96,56,1.01497,0.0173019,0.0263017
96,57,1.0137,0.0157282,0.0266261
96,58,1.01237,0.0140926,0.0269173
96,59,1.01097,0.0123979,0.0271754
96,60,1.00951,0.0106471,0.0274004
96,61,1.00799,0.0088436,0.0275919
96,62,1.00641,0.00699126,0.0277495
96,63,1.00477,0.00509415,0.0278729
96,64,1.00307,0.00315676,0.0279614
96,65,1.00132,0.00118389,0.0280145
96,66,0.999521,-0.000819338,0.0280315
96,67,0.997689,-0.00284752,0.0280118
96,68,0.995826,-0.00489497,0.027955
96,69,0.993942,-0.00695581,0.0278606
96,70,0.992045,-0.00902396,0.0277283
96,71,0.990143,-0.0110932,0.0275581
96,72,0.988246,-0.0131571,0.02735
96,73,0.98636,-0.0152093,0.0271042
96,74,0.984493,-0.0172433,0.0268212
96,75,0.982652,-0.0192526,0.0265016
96,76,0.980841,-0.0212305,0.026146
96,77,0.979067,-0.0231707,0.0257555
96,78,0.977331,-0.0250665,0.025331
96,79,0.975637,-0.0269115,0.0248737
96,80,0.973985,-0.0286991,0.0243849
96,81,0.972376,-0.0304229,0.0238657
96,82,0.970809,-0.0320765,0.0233178
96,83,0.969281,-0.0336535,0.0227425
96,84,0.967791,-0.0351476,0.0221414
96,85,0.966337,-0.0365526,0.021516
96,86,0.964914,-0.0378624,0.0208682
96,87,0.96352,-0.0390711,0.0201996
96,88,0.962152,-0.040173,0.0195123
96,89,0.960807,-0.0411624,0.0188081
96,90,0.959482,-0.0420342,0.0180892
96,91,0.958176,-0.0427835,0.0173578
96,92,0.956887,-0.0434056,0.0166162
96,93,0.955614,-0.0438966,0.0158669
96,94,0.954358,-0.0442526,0.0151124
96,95,0.953118,-0.0444705,0.0143553
96,96,0.951895,-0.0445478,0.013598
96,97,0.950691,-0.0444825,0.0128432
96,98,0.949509,-0.0442734,0.0120933
96,99,0.948349,-0.0439201,0.0113505
96,100,0.947215,-0.0434233,0.0106172
96,101,0.94611,-0.0427847,0.0098951
96,102,0.945035,-0.0420077,0.00918604
96,103,0.943994,-0.0410969,0.00849134
96,104,0.942989,-0.0400593,0.00781216
96,105,0.942022,-0.0389038,0.00714926
96,106,0.941097,-0.0376421,0.00650317
96,107,0.940214,-0.0362882,0.00587409
96,108,0.939376,-0.0348588,0.00526206
96,109,0.938585,-0.0333723,0.00466681
96,110,0.937841,-0.0318478,0.00408806
96,111,0.937146,-0.0303034,0.00352539
96,112,0.936501,-0.0287536,0.00297853
96,113,0.935905,-0.0272064,0.0024473
96,114,0.93536,-0.0256604,0.00193212
96,115,0.934865,-0.0241032,0.00143404
96,116,0.93442,-0.0225107,0.000955388
96,117,0.934024,-0.0208508,0.000499963
96,118,0.933678,-0.0190894,7.35542e-05
96,119,0.933381,-0.0172004,-0.000316123
96,120,0.933132,-0.0151772,-0.00065918
96,121,0.932931,-0.0130428,-0.000943267
96,122,0.93278,-0.0108523,-0.00115106
96,123,0.932676,-0.00867845,-0.00125532
96,124,0.932623,-0.00655956,-0.00121212
96,125,0.932619,-0.00439167,-0.000952392
96,126,0.932657,-0.00176773,-0.000387596
96,127,1,-0.00343474,0
97,0,1,0,0
97,1,1.08707,-0.00114845,-0.000401568
97,2,1.0868,-0.00262107,-0.00115938
97,3,1.08639,-0.00339268,-0.00172144
97,4,1.08586,-0.00334816,-0.00207656
97,5,1.08519,-0.00256666,-0.00228185
97,6,1.08438,-0.00129987,-0.00237786
97,7,1.08345,0.000185687,-0.00238584
97,8,1.08241,0.00169583,-0.00232069
97,9,1.08125,0.00312896,-0.00219602
97,10,1.07998,0.00446024,-0.00202421
97,11,1.07863,0.00571347,-0.00181518
97,12,1.07718,0.00693368,-0.0015758
97,13,1.07565,0.00816638,-0.00130987
97,14,1.07405,0.0094456,-0.0010188
97,15,1.07239,0.0107893,-0.000702325
97,16,1.07068,0.0121998,-0.000359133
97,17,1.06892,0.0136676,1.26429e-05
97,18,1.06712,0.0151752,0.00041505
97,19,1.0653,0.016701,0.00085011
97,20,1.06345,0.0182227,0.0013196
97,21,1.0616,0.019719,0.00182498
97,22,1.05974,0.0211708,0.00236724
97,23,1.05788,0.0225623,0.00294692
97,24,1.05604,0.0238802,0.00356401
97,25,1.05421,0.0251145,0.004218
97,26,1.0524,0.0262574,0.00490786
97,27,1.05061,0.0273035,0.00563209
97,28,1.04886,0.0282489,0.00638869
97,29,1.04714,0.0290914,0.00717526
97,30,1.04546,0.0298298,0.00798899
97,31,1.04381,0.0304636,0.00882672
97,32,1.04221,0.0309932,0.00968497
97,33,1.04066,0.0314194,0.01056
97,34,1.03914,0.0317433,0.0114478
97,35,1.03768,0.0319665,0.0123444
97,36,1.03626,0.0320904,0.0132453
97,37,1.03489,0.0321169,0.0141465
97,38,1.03356,0.0320478,0.0150435
97,39,1.03228,0.0318848,0.0159322
97,40,1.03104,0.03163,0.0168086
97,41,1.02984,0.0312851,0.0176688
97,42,1.02868,0.030852,0.0185092
97,43,1.02756,0.0303325,0.0193265
97,44,1.02646,0.0297283,0.0201178
97,45,1.02539,0.029041,0.0208806
97,46,1.02434,0.0282724,0.0216126
97,47,1.0233,0.0274238,0.0223121
97,48,1.02227,0.0264968,0.0229777
97,49,1.02125,0.0254929,0.0236084
97,50,1.02021,0.0244135,0.0242036
97,51,1.01916,0.02326,0.0247628
97,52,1.0181,0.0220339,0.025286
97,53,1.017,0.0207369,0.0257732
97,54,1.01587,0.0193706,0.0262248
97,55,1.01471,0.0179369,0.0266409
97,56,1.01349,0.0164379,0.0270219
97,57,1.01223,0.0148761,0.0273683
97,58,1.01091,0.0132542,0.0276802
97,59,1.00954,0.011575,0.0279579
97,60,1.00811,0.00984218,0.0282015
97,61,1.00663,0.00805938,0.028411
97,62,1.00509,0.00623083,0.0285862
97,63,1.0035,0.00436112,0.0287268
97,64,1.00186,0.00245522,0.0288326
97,65,1.00018,0.000518436,0.0289032
97,66,0.998465,-0.00144357,0.028938
97,67,0.996718,-0.00342489,0.0289366
97,68,0.994949,-0.00541934,0.0288986
97,69,0.993165,-0.00742059,0.0288236
97,70,0.991374,-0.00942217,0.0287113
97,71,0.989584,-0.0114175,0.0285615
97,72,0.987803,-0.0134002,0.0283742
97,73,0.986037,-0.0153635,0.0281493
97,74,0.984292,-0.017301,0.027887
97,75,0.982574,-0.0192064,0.0275877
97,76,0.980887,-0.0210735,0.0272518
97,77,0.979234,-0.022896,0.0268799
97,78,0.977617,-0.024668,0.0264726
97,79,0.976037,-0.0263837,0.0260308
97,80,0.974495,-0.0280374,0.0255554
97,81,0.972989,-0.0296234,0.0250473
97,82,0.971518,-0.0311365,0.0245077
97,83,0.97008,-0.0325711,0.0239378
97,84,0.968671,-0.0339222,0.0233388
97,85,0.967288,-0.0351846,0.0227122
97,86,0.965928,-0.0363533,0.0220595
97,87,0.964588,-0.0374235,0.0213823
97,88,0.963265,-0.0383905,0.0206825
97,89,0.961957,-0.03925,0.019962
97,90,0.96066,-0.0399975,0.019223
97,91,0.959374,-0.0406291,0.0184678
97,92,0.958098,-0.0411412,0.0176988
97,93,0.95683,-0.0415303,0.0169187
97,94,0.955573,-0.0417935,0.0161302
97,95,0.954326,-0.0419282,0.0153362
97,96,0.953091,-0.0419324,0.0145394
97,97,0.951871,-0.0418046,0.0137429
97,98,0.950667,-0.041544,0.0129495
97,99,0.949484,-0.0411505,0.0121618
97,100,0.948323,-0.0406249,0.0113826
97,101,0.947187,-0.0399692,0.0106142
97,102,0.946082,-0.0391866,0.00985869
97,103,0.945008,-0.0382817,0.00911789
97,104,0.943969,-0.0372612,0.00839338
97,105,0.942969,-0.0361336,0.00768625
97,106,0.942009,-0.03491,0.00699742
97,107,0.941092,-0.0336036,0.00632734
97,108,0.940221,-0.0322301,0.00567631
97,109,0.939396,-0.0308068,0.00504425
97,110,0.938619,-0.0293516,0.00443104
97,111,0.937891,-0.027881,0.0038363
97,112,0.937214,-0.0264084,0.00325983
97,113,0.936589,-0.0249405,0.00270144
97,114,0.936014,-0.0234752,0.00216152
97,115,0.935492,-0.0219995,0.00164107
97,116,0.935021,-0.0204897,0.00114239
97,117,0.934602,-0.0189143,0.000669184
97,118,0.934235,-0.0172405,0.000227145
97,119,0.93392,-0.0154433,-0.000176262
97,120,0.933656,-0.0135176,-0.000531559
97,121,0.933443,-0.0114888,-0.00082712
97,122,0.933283,-0.00941785,-0.0010472
97,123,0.933175,-0.00738957,-0.0011673
97,124,0.93312,-0.00546373,-0.00114409
97,125,0.933117,-0.00356139,-0.000910129
97,126,0.933171,-0.00127341,-0.000386548
97,127,1,-0.00343474,0
98,0,1,0,0
98,1,1.0873,-0.000727584,-0.00042748
98,2,1.08707,-0.00231896,-0.00121705
98,3,1.08672,-0.0032813,-0.00176797
98,4,1.08622,-0.00337134,-0.00212118
98,5,1.08558,-0.00267754,-0.00233777
98,6,1.0848,-0.00147503,-0.00245151
98,7,1.08389,-4.06252e-05,-0.00248022
98,8,1.08286,0.00142971,-0.00243665
98,9,1.0817,0.00283403,-0.00233302
98,10,1.08044,0.00414571,-0.00218111
98,11,1.07907,0.00538548,-0.00199062
98,12,1.07761,0.00659488,-0.00176833
98,13,1.07606,0.00781652,-0.001518
98,14,1.07444,0.00908235,-0.00124102
98,15,1.07275,0.0104092,-0.000936985
98,16,1.071,0.0117991,-0.000604468
98,17,1.0692,0.0132426,-0.000241433
98,18,1.06736,0.0147229,0.000154318
98,19,1.06548,0.016219,0.000584945
98,20,1.06359,0.0177094,0.00105233
98,21,1.06168,0.0191735,0.00155802
98,22,1.05976,0.0205931,0.00210305
98,23,1.05785,0.0219528,0.00268798
98,24,1.05594,0.0232399,0.00331282
98,25,1.05404,0.0244448,0.00397704
98,26,1.05217,0.0255599,0.00467958
98,27,1.05032,0.02658,0.00541888
98,28,1.0485,0.0275015,0.00619291
98,29,1.04671,0.0283221,0.00699919
98,30,1.04496,0.0290406,0.00783483
98,31,1.04326,0.0296567,0.00869658
98,32,1.04159,0.0301707,0.00958085
98,33,1.03997,0.0305835,0.0104838
98,34,1.0384,0.030896,0.0114013
98,35,1.03687,0.0311098,0.0123292
98,36,1.03539,0.0312264,0.0132629
98,37,1.03396,0.0312475,0.0141982
98,38,1.03257,0.0311748,0.0151305
98,39,1.03123,0.0310103,0.0160555
98,40,1.02994,0.0307557,0.016969
98,41,1.02869,0.0304128,0.0178669
98,42,1.02748,0.0299836,0.0187454
98,43,1.0263,0.0294698,0.0196011
98,44,1.02516,0.0288732,0.0204307
98,45,1.02404,0.0281954,0.0212315
98,46,1.02295,0.0274382,0.0220011
98,47,1.02188,0.0266032,0.0227376
98,48,1.02082,0.0256919,0.0234393
98,49,1.01976,0.024706,0.0241052
98,50,1.0187,0.0236469,0.0247343
98,51,1.01763,0.0225162,0.0253262
98,52,1.01655,0.0213157,0.0258807
98,53,1.01545,0.0200469,0.0263979
98,54,1.01431,0.0187117,0.0268779
98,55,1.01315,0.0173121,0.0273211
98,56,1.01195,0.0158504,0.0277279
98,57,1.0107,0.0143289,0.0280989
98,58,1.00941,0.0127504,0.0284344
98,59,1.00807,0.0111178,0.0287348
98,60,1.00669,0.00943445,0.0290005
98,61,1.00526,0.00770405,0.0292316
98,62,1.00378,0.00593054,0.0294283
98,63,1.00225,0.0041182,0.0295904
98,64,1.00069,0.00227162,0.0297178
98,65,0.999091,0.000395655,0.0298103
98,66,0.997465,-0.00150461,0.0298675
98,67,0.995817,-0.00342386,0.029889
98,68,0.994153,-0.00535664,0.0298744
98,69,0.99248,-0.00729735,0.0298233
98,70,0.990807,-0.00924031,0.0297352
98,71,0.989139,-0.0111798,0.0296098
98,72,0.987484,-0.0131099,0.0294467
98,73,0.985847,-0.015025,0.0292459
98,74,0.984233,-0.0169192,0.0290072
98,75,0.982646,-0.0187866,0.0287305
98,76,0.981091,-0.0206216,0.028416
98,77,0.979567,-0.0224182,0.028064
98,78,0.978078,-0.0241708,0.0276747
98,79,0.976622,-0.0258734,0.0272487
98,80,0.9752,-0.0275203,0.0267866
98,81,0.973808,-0.0291056,0.0262889
98,82,0.972445,-0.0306235,0.0257567
98,83,0.971108,-0.0320681,0.0251907
98,84,0.969793,-0.0334337,0.0245922
98,85,0.968496,-0.0347145,0.0239623
98,86,0.967215,-0.0359049,0.0233025
98,87,0.965944,-0.0369994,0.0226143
98,88,0.964682,-0.0379926,0.0218995
98,89,0.963425,-0.0388794,0.0211601
98,90,0.962172,-0.039655,0.0203982
98,91,0.96092,-0.0403146,0.0196164
98,92,0.959669,-0.0408542,0.0188171
98,93,0.958419,-0.0412699,0.0180033
98,94,0.957171,-0.0415582,0.0171779
98,95,0.955926,-0.0417161,0.016344
98,96,0.954686,-0.0417412,0.015505
98,97,0.953453,-0.0416316,0.0146641
98,98,0.952231,-0.041386,0.0138245
98,99,0.951022,-0.041004,0.0129894
98,100,0.949831,-0.0404859,0.0121619
98,101,0.948661,-0.0398332,0.0113447
98,102,0.947515,-0.0390488,0.0105406
98,103,0.946398,-0.0381369,0.00975166
98,104,0.945312,-0.0371038,0.00897991
98,105,0.944262,-0.0359579,0.00822681
98,106,0.943251,-0.0347102,0.00749365
98,107,0.942281,-0.033374,0.00678116
98,108,0.941355,-0.0319653,0.00608991
98,109,0.940476,-0.0305019,0.00542
98,110,0.939645,-0.0290025,0.00477149
98,111,0.938865,-0.0274847,0.00414407
98,112,0.938136,-0.0259629,0.00353762
98,113,0.937461,-0.0244455,0.00295191
98,114,0.936839,-0.0229319,0.00238737
98,115,0.936273,-0.0214112,0.00184491
98,116,0.935761,-0.0198618,0.00132678
98,117,0.935304,-0.0182547,0.000836567
98,118,0.934902,-0.0165595,0.00037985
98,119,0.934556,-0.0147533,-3.61754e-05
98,120,0.934266,-0.0128332,-0.000402443
98,121,0.934031,-0.0108274,-0.000708264
98,122,0.933853,-0.00880274,-0.000939126
98,123,0.933731,-0.00685691,-0.0010724
98,124,0.933669,-0.00507228,-0.00107001
98,125,0.933665,-0.00339783,-0.000866406
98,126,0.933714,-0.00143413,-0.000362816
98,127,1,-0.00343474,0
99,0,1,0,0
99,1,1.08727,-0.00114126,-0.000463409
99,2,1.08711,-0.00291605,-0.00124011
99,3,1.08681,-0.00408033,-0.00178086
99,4,1.08635,-0.00430209,-0.00213567
99,5,1.08574,-0.00369399,-0.00236479
99,6,1.08499,-0.00255613,-0.00249899
99,7,1.0841,-0.00117426,-0.00255142
99,8,1.08308,0.000255183,-0.00253229
99,9,1.08194,0.00163111,-0.00245269
99,10,1.08068,0.00292648,-0.00232376
99,11,1.07931,0.00416018,-0.00215484
99,12,1.07784,0.00537138,-0.00195259
99,13,1.07628,0.00660041,-0.00172072
99,14,1.07464,0.00787732,-0.00146051
99,15,1.07292,0.00921747,-0.00117145
99,16,1.07114,0.0106218,-0.000851965
99,17,1.0693,0.0120801,-0.000499853
99,18,1.06742,0.0135746,-0.000112767
99,19,1.06551,0.0150839,0.000311595
99,20,1.06356,0.0165862,0.000775219
99,21,1.06161,0.0180605,0.00127971
99,22,1.05964,0.0194885,0.00182616
99,23,1.05766,0.0208548,0.00241514
99,24,1.0557,0.0221468,0.00304663
99,25,1.05375,0.0233549,0.00372009
99,26,1.05181,0.0244718,0.0044344
99,27,1.0499,0.0254923,0.00518797
99,28,1.04802,0.0264131,0.00597866
99,29,1.04617,0.027232,0.00680393
99,30,1.04436,0.0279481,0.00766081
99,31,1.04259,0.0285612,0.00854593
99,32,1.04086,0.0290717,0.0094556
99,33,1.03918,0.0294805,0.0103859
99,34,1.03754,0.029789,0.0113325
99,35,1.03596,0.0299987,0.0122911
99,36,1.03442,0.0301111,0.0132572
99,37,1.03293,0.0301282,0.0142261
99,38,1.03148,0.0300519,0.0151933
99,39,1.03009,0.029884,0.0161543
99,40,1.02874,0.0296266,0.0171045
99,41,1.02744,0.0292816,0.0180399
99,42,1.02618,0.0288509,0.0189564
99,43,1.02495,0.0283365,0.0198503
99,44,1.02377,0.0277402,0.0207184
99,45,1.02261,0.0270638,0.0215575
99,46,1.02148,0.0263092,0.0223652
99,47,1.02037,0.025478,0.0231393
99,48,1.01928,0.0245719,0.023878
99,49,1.0182,0.0235926,0.0245799
99,50,1.01712,0.0225418,0.0252442
99,51,1.01604,0.0214211,0.0258703
99,52,1.01495,0.0202324,0.0264578
99,53,1.01385,0.0189775,0.0270067
99,54,1.01272,0.0176584,0.0275173
99,55,1.01157,0.0162771,0.02799
99,56,1.01039,0.0148362,0.0284252
99,57,1.00918,0.0133382,0.0288237
99,58,1.00793,0.0117861,0.0291858
99,59,1.00664,0.010183,0.0295123
99,60,1.00531,0.00853266,0.0298036
99,61,1.00394,0.00683888,0.03006
99,62,1.00254,0.00510596,0.0302819
99,63,1.0011,0.00333849,0.0304694
99,64,0.999628,0.00154137,0.0306224
99,65,0.998131,-0.000280206,0.0307408
99,66,0.996611,-0.00212084,0.0308243
99,67,0.995076,-0.00397491,0.0308725
99,68,0.993532,-0.00583668,0.030885
99,69,0.991983,-0.0077003,0.0308611
99,70,0.990437,-0.00955989,0.0308005
99,71,0.9889,-0.0114095,0.0307024
99,72,0.987376,-0.0132434,0.0305664
99,73,0.98587,-0.0150557,0.0303921
99,74,0.984387,-0.0168406,0.0301789
99,75,0.982929,-0.0185926,0.0299266
99,76,0.981498,-0.0203062,0.0296349
99,77,0.980096,-0.021976,0.0293038
99,78,0.978721,-0.0235966,0.0289333
99,79,0.977374,-0.0251628,0.0285235
99,80,0.976053,-0.0266696,0.0280746
99,81,0.974755,-0.0281119,0.0275872
99,82,0.973477,-0.0294847,0.0270617
99,83,0.972216,-0.0307832,0.026499
99,84,0.970968,-0.0320027,0.0258998
99,85,0.969729,-0.0331383,0.0252653
99,86,0.968496,-0.0341856,0.0245967
99,87,0.967266,-0.0351401,0.0238956
99,88,0.966035,-0.0359975,0.0231637
99,89,0.964801,-0.0367538,0.022403
99,90,0.963562,-0.0374049,0.0216157
99,91,0.962318,-0.0379473,0.0208044
99,92,0.961067,-0.0383775,0.0199719
99,93,0.959812,-0.0386926,0.0191212
99,94,0.958552,-0.0388897,0.0182556
99,95,0.95729,-0.0389666,0.0173786
99,96,0.956029,-0.0389212,0.0164938
99,97,0.954771,-0.0387522,0.0156049
99,98,0.95352,-0.0384587,0.0147157
99,99,0.95228,-0.0380404,0.0138296
99,100,0.951055,-0.037498,0.0129504
99,101,0.949849,-0.0368329,0.0120812
99,102,0.948666,-0.0360481,0.0112252
99,103,0.947511,-0.0351476,0.0103851
99,104,0.946388,-0.0341374,0.00956332
99,105,0.945299,-0.0330256,0.00876173
99,106,0.944249,-0.0318224,0.00798202
99,107,0.94324,-0.0305404,0.00722523
99,108,0.942277,-0.0291947,0.00649225
99,109,0.94136,-0.0278019,0.00578336
99,110,0.940493,-0.0263792,0.00509882
99,111,0.939677,-0.0249432,0.00443837
99,112,0.938913,-0.0235067,0.00380196
99,113,0.938205,-0.0220769,0.00318933
99,114,0.937551,-0.0206524,0.00260087
99,115,0.936954,-0.0192217,0.00203736
99,116,0.936413,-0.0177636,0.00150099
99,117,0.93593,-0.0162495,0.000995184
99,118,0.935504,-0.0146499,0.000525359
99,119,0.935137,-0.0129431,9.83929e-05
99,120,0.934828,-0.0111268,-0.000277065
99,121,0.934578,-0.00923061,-0.000591036
99,122,0.934388,-0.00732562,-0.000830566
99,123,0.934259,-0.00551967,-0.000975996
99,124,0.934191,-0.00391576,-0.000990372
99,125,0.934185,-0.00249312,-0.000811635
99,126,0.934245,-0.000870881,-0.000356001
99,127,1,-0.00343474,0
100,0,1,0,0
100,1,1.08701,-0.000771429,-0.000462468
100,2,1.08689,-0.00275998,-0.00124052
100,3,1.08662,-0.00410202,-0.00176321
100,4,1.08621,-0.00442745,-0.00211928
100,5,1.08563,-0.00388446,-0.00236519
100,6,1.08491,-0.002797,-0.00252263
100,7,1.08405,-0.00145761,-0.00260123
100,8,1.08305,-6.21305e-05,-0.00260926
100,9,1.08192,0.00128921,-0.00255647
100,10,1.08067,0.00256822,-0.00245334
100,11,1.0793,0.00379103,-0.00230885
100,12,1.07783,0.00499344,-0.00212948
100,13,1.07626,0.00621276,-0.00191877
100,14,1.07461,0.00747687,-0.00167792
100,15,1.07288,0.00879987,-0.00140624
100,16,1.07107,0.0101823,-0.00110202
100,17,1.06921,0.0116141,-0.000762867
100,18,1.0673,0.0130782,-0.000386298
100,19,1.06535,0.0145541,3.01219e-05
100,20,1.06337,0.0160207,0.000488459
100,21,1.06137,0.0174583,0.000990383
100,22,1.05935,0.0188492,0.001537
100,23,1.05733,0.0201787,0.00212888
100,24,1.05531,0.0214351,0.00276598
100,25,1.05331,0.022609,0.00344771
100,26,1.05132,0.0236936,0.0041729
100,27,1.04935,0.024684,0.00493988
100,28,1.04741,0.0255769,0.00574644
100,29,1.0455,0.0263704,0.00658995
100,30,1.04363,0.0270635,0.00746732
100,31,1.0418,0.0276561,0.00837511
100,32,1.04002,0.0281486,0.00930952
100,33,1.03828,0.0285419,0.0102665
100,34,1.03658,0.0288372,0.0112416
100,35,1.03494,0.0290361,0.0122304
100,36,1.03334,0.0291402,0.0132282
100,37,1.03179,0.0291513,0.0142303
100,38,1.0303,0.0290713,0.0152319
100,39,1.02885,0.0289022,0.0162284
100,40,1.02745,0.0286458,0.0172152
100,41,1.0261,0.0283042,0.0181879
100,42,1.02479,0.0278794,0.0191423
100,43,1.02352,0.0273733,0.0200746
100,44,1.02229,0.026788,0.0209813
100,45,1.0211,0.0261252,0.0218592
100,46,1.01994,0.0253869,0.0227055
100,47,1.0188,0.024575,0.0235179
100,48,1.01768,0.0236913,0.0242946
100,49,1.01658,0.0227376,0.0250339
100,50,1.01549,0.0217157,0.0257349
100,51,1.0144,0.0206275,0.0263968
100,52,1.01331,0.0194749,0.0270193
100,53,1.01221,0.0182599,0.0276023
100,54,1.01111,0.0169844,0.028146
100,55,1.00998,0.0156507,0.0286509
100,56,1.00883,0.0142612,0.0291176
100,57,1.00766,0.0128184,0.0295466
100,58,1.00646,0.0113251,0.0299388
100,59,1.00523,0.00978434,0.0302948
100,60,1.00397,0.00819948,0.0306153
100,61,1.00268,0.00657403,0.0309008
100,62,1.00136,0.00491183,0.0311517
100,63,1.00002,0.00321694,0.0313683
100,64,0.998648,0.00149366,0.0315506
100,65,0.997259,-0.000253533,0.0316985
100,66,0.995855,-0.00201996,0.0318117
100,67,0.99444,-0.00380081,0.0318898
100,68,0.99302,-0.00559118,0.0319322
100,69,0.991601,-0.00738606,0.0319383
100,70,0.990186,-0.00918039,0.0319074
100,71,0.988782,-0.0109691,0.0318385
100,72,0.987393,-0.012747,0.031731
100,73,0.986022,-0.014509,0.0315841
100,74,0.984671,-0.0162499,0.0313971
100,75,0.983345,-0.0179645,0.0311692
100,76,0.982042,-0.0196476,0.0309001
100,77,0.980764,-0.0212939,0.0305892
100,78,0.979509,-0.0228981,0.0302363
100,79,0.978276,-0.0244548,0.0298412
100,80,0.977063,-0.0259586,0.0294039
100,81,0.975866,-0.0274041,0.0289247
100,82,0.974683,-0.0287858,0.0284037
100,83,0.973508,-0.0300982,0.0278417
100,84,0.972339,-0.0313359,0.0272392
100,85,0.971171,-0.0324936,0.0265973
100,86,0.97,-0.033566,0.0259172
100,87,0.968823,-0.034548,0.0252003
100,88,0.967638,-0.0354347,0.0244484
100,89,0.966441,-0.0362213,0.0236634
100,90,0.965231,-0.0369034,0.0228479
100,91,0.964008,-0.0374769,0.0220043
100,92,0.962771,-0.037938,0.0211359
100,93,0.961521,-0.0382832,0.0202457
100,94,0.96026,-0.0385094,0.0193375
100,95,0.95899,-0.038614,0.0184151
100,96,0.957714,-0.0385946,0.0174824
100,97,0.956435,-0.0384495,0.0165435
100,98,0.955158,-0.0381774,0.0156027
100,99,0.953886,-0.0377779,0.014664
100,100,0.952625,-0.0372509,0.0137315
100,101,0.951379,-0.0365977,0.0128089
100,102,0.950152,-0.0358206,0.0118999
100,103,0.948949,-0.0349234,0.0110076
100,104,0.947775,-0.0339116,0.0101349
100,105,0.946633,-0.0327929,0.00928409
100,106,0.945529,-0.0315775,0.00845726
100,107,0.944465,-0.0302778,0.00765574
100,108,0.943445,-0.028909,0.00688077
100,109,0.942472,-0.0274882,0.00613279
100,110,0.941549,-0.0260332,0.00541228
100,111,0.940678,-0.0245613,0.00471904
100,112,0.939862,-0.0230864,0.00405312
100,113,0.939102,-0.0216172,0.00341421
100,114,0.9384,-0.0201538,0.00280268
100,115,0.937756,-0.0186867,0.00221919
100,116,0.937173,-0.0171969,0.00166587
100,117,0.936649,-0.0156583,0.00114589
100,118,0.936188,-0.0140438,0.000664531
100,119,0.935787,-0.0123337,0.000228307
100,120,0.93545,-0.0105273,-0.000154545
100,121,0.935175,-0.00865631,-0.000475004
100,122,0.934964,-0.00679616,-0.000721304
100,123,0.934819,-0.0050654,-0.000875735
100,124,0.93474,-0.0035883,-0.000907389
100,125,0.934729,-0.0023759,-0.000757923
100,126,0.934781,-0.00107479,-0.000325945
100,127,1,-0.00343474,0
101,0,1,0,0
101,1,1.08662,-0.00134634,-0.000472446
101,2,1.08655,-0.00358691,-0.00120777
101,3,1.08632,-0.00510997,-0.00171593
101,4,1.08593,-0.00554123,-0.0020774
101,5,1.08539,-0.00507128,-0.00234079
101,6,1.08469,-0.00404597,-0.00252361
101,7,1.08385,-0.00276207,-0.00263087
101,8,1.08287,-0.00141315,-0.00266852
101,9,1.08175,-9.70783e-05,-0.0026452
101,10,1.08051,0.00115838,-0.00257066
101,11,1.07915,0.00236807,-0.0024534
101,12,1.07768,0.00356571,-0.00229966
101,13,1.0761,0.00478644,-0.00211277
101,14,1.07444,0.0060563,-0.00189379
101,15,1.07269,0.00738791,-0.00164186
101,16,1.07087,0.0087807,-0.0013551
101,17,1.06898,0.0102236,-0.00103093
101,18,1.06704,0.011699,-0.000666734
101,19,1.06506,0.0131857,-0.00025994
101,20,1.06304,0.0146622,0.000191589
101,21,1.061,0.0161085,0.000689582
101,22,1.05894,0.0175068,0.00123514
101,23,1.05688,0.0188423,0.00182883
101,24,1.05481,0.0201032,0.00247056
101,25,1.05276,0.0212802,0.00315969
101,26,1.05072,0.0223667,0.00389495
101,27,1.0487,0.0233579,0.00467461
101,28,1.0467,0.0242505,0.00549636
101,29,1.04474,0.025043,0.00635747
101,30,1.04282,0.0257343,0.00725475
101,31,1.04093,0.0263246,0.00818465
101,32,1.03909,0.0268145,0.00914325
101,33,1.03729,0.0272049,0.0101264
101,34,1.03554,0.0274974,0.0111295
101,35,1.03384,0.0276935,0.0121481
101,36,1.03219,0.027795,0.0131772
101,37,1.03059,0.0278038,0.0142121
101,38,1.02904,0.0277221,0.0152479
101,39,1.02755,0.0275518,0.0162798
101,40,1.0261,0.0272951,0.017303
101,41,1.0247,0.0269541,0.018313
101,42,1.02335,0.0265309,0.0193056
101,43,1.02204,0.0260277,0.0202766
101,44,1.02078,0.0254465,0.0212224
101,45,1.01955,0.0247895,0.0221397
101,46,1.01836,0.0240586,0.0230255
101,47,1.0172,0.023256,0.0238774
101,48,1.01606,0.0223835,0.0246933
101,49,1.01495,0.0214432,0.0254716
101,50,1.01385,0.0204371,0.026211
101,51,1.01277,0.0193671,0.0269108
101,52,1.01169,0.0182353,0.0275705
101,53,1.01061,0.0170438,0.0281899
101,54,1.00953,0.0157949,0.0287694
101,55,1.00844,0.0144908,0.0293093
101,56,1.00734,0.0131341,0.0298103
101,57,1.00622,0.0117276,0.030273
101,58,1.00508,0.010274,0.0306983
101,59,1.00393,0.00877675,0.0310871
101,60,1.00275,0.00723914,0.03144
101,61,1.00155,0.00566493,0.0317576
101,62,1.00033,0.0040581,0.0320406
101,63,0.999089,0.00242289,0.0322891
101,64,0.997833,0.000763774,0.0325034
101,65,0.996564,-0.000914579,0.0326833
101,66,0.995284,-0.00260731,0.0328285
101,67,0.993998,-0.00430943,0.0329385
101,68,0.99271,-0.00601585,0.0330126
101,69,0.991424,-0.00772138,0.0330501
101,70,0.990144,-0.00942085,0.0330498
101,71,0.988875,-0.011109,0.033011
101,72,0.987618,-0.0127808,0.0329324
101,73,0.986378,-0.0144309,0.0328131
101,74,0.985155,-0.0160542,0.0326521
101,75,0.98395,-0.0176459,0.0324483
101,76,0.982764,-0.0192007,0.0322011
101,77,0.981597,-0.0207139,0.0319096
101,78,0.980445,-0.0221805,0.0315732
101,79,0.979308,-0.0235957,0.0311916
101,80,0.978182,-0.0249549,0.0307646
101,81,0.977064,-0.0262532,0.0302919
101,82,0.975951,-0.0274861,0.0297738
101,83,0.974837,-0.028649,0.0292107
101,84,0.973719,-0.0297376,0.028603
101,85,0.972593,-0.0307475,0.0279517
101,86,0.971457,-0.0316744,0.0272579
101,87,0.970305,-0.0325145,0.0265229
101,88,0.969137,-0.0332638,0.0257486
101,89,0.96795,-0.0339186,0.0249371
101,90,0.966742,-0.0344756,0.0240908
101,91,0.965515,-0.0349315,0.0232125
101,92,0.964268,-0.0352835,0.0223055
101,93,0.963003,-0.0355288,0.0213733
101,94,0.961721,-0.0356651,0.0204199
101,95,0.960426,-0.0356904,0.0194494
101,96,0.959122,-0.0356028,0.0184662
101,97,0.957811,-0.0354012,0.0174749
101,98,0.9565,-0.0350846,0.0164801
101,99,0.955191,-0.0346527,0.0154864
101,100,0.953892,-0.0341058,0.0144985
101,101,0.952605,-0.0334451,0.0135204
101,102,0.951338,-0.032673,0.0125564
101,103,0.950094,-0.0317929,0.0116101
101,104,0.948878,-0.0308102,0.010685
101,105,0.947695,-0.029732,0.00978369
101,106,0.946549,-0.0285679,0.00890874
101,107,0.945444,-0.0273297,0.00806178
101,108,0.944383,-0.0260313,0.00724441
101,109,0.943371,-0.0246888,0.00645728
101,110,0.942409,-0.0233186,0.00570107
101,111,0.9415,-0.0219366,0.00497565
101,112,0.940647,-0.0205555,0.00428116
101,113,0.939851,-0.0191824,0.00361718
101,114,0.939114,-0.0178168,0.00298408
101,115,0.938438,-0.0164485,0.00238234
101,116,0.937823,-0.0150585,0.00181397
101,117,0.937272,-0.0136213,0.00128189
101,118,0.936783,-0.0121104,0.000791169
101,119,0.93636,-0.0105069,0.000347928
101,120,0.936001,-0.00881032,-4.00308e-05
101,121,0.935709,-0.00705296,-0.000364412
101,122,0.935483,-0.00531253,-0.00061496
101,123,0.935327,-0.00371536,-0.00077709
101,124,0.935239,-0.00240407,-0.00082133
101,125,0.935222,-0.00142203,-0.000694352
101,126,0.93528,-0.000450303,-0.000314636
101,127,1,-0.00343474,0
102,0,1,0,0
102,1,1.08611,-0.000988434,-0.000444563
102,2,1.08606,-0.00347803,-0.00115781
102,3,1.08586,-0.00514401,-0.00164599
102,4,1.08549,-0.00564841,-0.00201265
102,5,1.08497,-0.00522743,-0.00229741
102,6,1.08429,-0.00424536,-0.00250781
102,7,1.08347,-0.00300115,-0.00264564
102,8,1.0825,-0.00168561,-0.00271517
102,9,1.0814,-0.000394819,-0.00272366
102,10,1.08017,0.000842818,-0.00268014
102,11,1.07881,0.00203963,-0.00259259
102,12,1.07734,0.00322608,-0.00246693
102,13,1.07576,0.00443428,-0.00230623
102,14,1.07409,0.00568799,-0.00211136
102,15,1.07233,0.00699851,-0.00188124
102,16,1.07049,0.00836476,-0.00161381
102,17,1.06859,0.00977595,-0.00130632
102,18,1.06663,0.011215,-0.000956002
102,19,1.06462,0.0126619,-0.000560175
102,20,1.06257,0.0140961,-0.000116647
102,21,1.0605,0.0154987,0.000376351
102,22,1.0584,0.016853,0.000919901
102,23,1.0563,0.0181451,0.00151454
102,24,1.05419,0.0193638,0.00216011
102,25,1.05209,0.0205005,0.00285591
102,26,1.05,0.021549,0.00360058
102,27,1.04794,0.0225048,0.00439228
102,28,1.04589,0.0233649,0.00522861
102,29,1.04388,0.0241278,0.00610674
102,30,1.04191,0.0247927,0.00702337
102,31,1.03997,0.0253596,0.00797484
102,32,1.03807,0.0258292,0.00895712
102,33,1.03623,0.0262025,0.0099659
102,34,1.03442,0.0264808,0.0109966
102,35,1.03267,0.0266658,0.0120445
102,36,1.03097,0.0267592,0.0131047
102,37,1.02933,0.0267631,0.0141721
102,38,1.02773,0.0266793,0.0152419
102,39,1.02619,0.02651,0.016309
102,40,1.0247,0.0262573,0.0173686
102,41,1.02326,0.0259235,0.018416
102,42,1.02187,0.0255107,0.0194469
102,43,1.02053,0.025021,0.020457
102,44,1.01923,0.0244568,0.0214425
102,45,1.01798,0.0238201,0.0224
102,46,1.01676,0.0231133,0.0233263
102,47,1.01559,0.0223383,0.0242189
102,48,1.01444,0.0214973,0.0250755
102,49,1.01332,0.0205925,0.0258943
102,50,1.01223,0.0196259,0.026674
102,51,1.01115,0.0185996,0.0274137
102,52,1.01009,0.0175158,0.0281129
102,53,1.00904,0.0163765,0.0287713
102,54,1.00799,0.0151839,0.0293891
102,55,1.00694,0.0139404,0.0299668
102,56,1.00589,0.0126482,0.030505
102,57,1.00484,0.0113099,0.0310044
102,58,1.00377,0.00992807,0.0314658
102,59,1.0027,0.00850558,0.0318902
102,60,1.00161,0.00704539,0.0322784
102,61,1.0005,0.00555069,0.0326309
102,62,0.999389,0.00402483,0.0329485
102,63,0.99826,0.00247136,0.0332314
102,64,0.997121,0.000894015,0.0334798
102,65,0.995973,-0.000703334,0.0336935
102,66,0.994819,-0.00231666,0.0338721
102,67,0.993662,-0.0039418,0.0340151
102,68,0.992506,-0.0055745,0.0341217
102,69,0.991353,-0.00721041,0.0341908
102,70,0.990207,-0.00884507,0.0342213
102,71,0.98907,-0.010474,0.0342119
102,72,0.987945,-0.0120925,0.0341615
102,73,0.986833,-0.013696,0.0340686
102,74,0.985736,-0.0152798,0.0339319
102,75,0.984653,-0.016839,0.0337504
102,76,0.983584,-0.0183687,0.0335227
102,77,0.982529,-0.019864,0.0332481
102,78,0.981483,-0.0213198,0.0329256
102,79,0.980446,-0.0227309,0.0325545
102,80,0.979412,-0.0240923,0.0321345
102,81,0.97838,-0.0253987,0.0316652
102,82,0.977344,-0.0266449,0.0311467
102,83,0.9763,-0.0278258,0.0305791
102,84,0.975245,-0.0289363,0.0299628
102,85,0.974174,-0.0299714,0.0292988
102,86,0.973084,-0.0309262,0.028588
102,87,0.971971,-0.0317963,0.0278319
102,88,0.970834,-0.0325771,0.0270322
102,89,0.96967,-0.0332646,0.0261913
102,90,0.968479,-0.0338549,0.0253116
102,91,0.967261,-0.0343443,0.0243961
102,92,0.966016,-0.0347297,0.0234485
102,93,0.964747,-0.0350081,0.0224724
102,94,0.963455,-0.0351769,0.0214722
102,95,0.962144,-0.0352338,0.0204523
102,96,0.960817,-0.0351769,0.0194176
102,97,0.95948,-0.0350045,0.018373
102,98,0.958136,-0.0347155,0.0173238
102,99,0.956792,-0.0343091,0.0162748
102,100,0.955452,-0.0337855,0.0152312
102,101,0.954121,-0.0331453,0.0141978
102,102,0.952807,-0.0323903,0.0131792
102,103,0.951512,-0.0315237,0.0121795
102,104,0.950244,-0.0305503,0.0112025
102,105,0.949007,-0.0294768,0.0102514
102,106,0.947806,-0.0283125,0.00932921
102,107,0.946644,-0.027069,0.00843778
102,108,0.945527,-0.0257603,0.00757909
102,109,0.944458,-0.0244024,0.00675395
102,110,0.94344,-0.0230123,0.00596332
102,111,0.942476,-0.0216065,0.00520708
102,112,0.941569,-0.0201985,0.0044855
102,113,0.940722,-0.0187969,0.00379809
102,114,0.939935,-0.0174024,0.00314521
102,115,0.939212,-0.0160071,0.00252712
102,116,0.938554,-0.014594,0.00194577
102,117,0.937961,-0.0131401,0.00140374
102,118,0.937435,-0.0116211,0.000905924
102,119,0.936977,-0.0100201,0.000457972
102,120,0.936587,-0.00833807,6.7269e-05
102,121,0.936268,-0.00660844,-0.000258896
102,122,0.93602,-0.00491175,-0.000511391
102,123,0.935844,-0.0033824,-0.000677601
102,124,0.935743,-0.00218156,-0.000734613
102,125,0.935719,-0.0013853,-0.000634389
102,126,0.935765,-0.000715074,-0.000279886
102,127,1,-0.00343474,0
103,0,1,0,0
103,1,1.0856,-0.00167985,-0.00043244
103,2,1.08558,-0.0044263,-0.00108308
103,3,1.0854,-0.0062336,-0.00155713
103,4,1.08505,-0.00681969,-0.00193344
103,5,1.08454,-0.00646572,-0.00223961
103,6,1.08387,-0.0055502,-0.00247912
103,7,1.08306,-0.00437105,-0.00264948
103,8,1.0821,-0.00311425,-0.00275282
103,9,1.081,-0.00187228,-0.00279526
103,10,1.07977,-0.000672316,-0.00278506
103,11,1.07841,0.000497235,-0.00272951
103,12,1.07694,0.00166513,-0.00263419
103,13,1.07536,0.00286155,-0.00250181
103,14,1.07368,0.00410851,-0.00233306
103,15,1.0719,0.00541592,-0.0021266
103,16,1.07005,0.00678164,-0.00188021
103,17,1.06812,0.00819405,-0.00159092
103,18,1.06614,0.0096354,-0.00125587
103,19,1.0641,0.0110851,-0.000872232
103,20,1.06203,0.0125224,-0.000437785
103,21,1.05992,0.0139279,4.92772e-05
103,22,1.05779,0.0152847,0.000589997
103,23,1.05565,0.0165787,0.00118488
103,24,1.0535,0.0177987,0.00183367
103,25,1.05136,0.0189362,0.0025356
103,26,1.04923,0.0199848,0.00328919
103,27,1.04712,0.0209402,0.00409251
103,28,1.04503,0.0217995,0.00494304
103,29,1.04297,0.0225612,0.00583785
103,30,1.04095,0.0232247,0.00677351
103,31,1.03896,0.0237902,0.00774625
103,32,1.03702,0.0242583,0.00875194
103,33,1.03512,0.0246303,0.00978617
103,34,1.03327,0.0249077,0.0108442
103,35,1.03148,0.0250922,0.0119213
103,36,1.02973,0.0251857,0.0130123
103,37,1.02804,0.0251903,0.0141122
103,38,1.0264,0.0251083,0.0152159
103,39,1.02482,0.0249417,0.0163184
103,40,1.02329,0.0246929,0.0174146
103,41,1.02182,0.0243643,0.0184998
103,42,1.0204,0.0239582,0.0195695
103,43,1.01903,0.0234769,0.0206193
103,44,1.0177,0.0229228,0.0216453
103,45,1.01643,0.0222983,0.0226438
103,46,1.0152,0.0216057,0.0236118
103,47,1.01402,0.0208472,0.0245463
103,48,1.01287,0.0200253,0.0254451
103,49,1.01175,0.0191421,0.0263061
103,50,1.01067,0.0181999,0.027128
103,51,1.00961,0.0172009,0.0279097
103,52,1.00857,0.0161474,0.0286504
103,53,1.00756,0.0150416,0.0293501
103,54,1.00655,0.0138858,0.0300087
103,55,1.00556,0.0126824,0.0306265
103,56,1.00457,0.0114339,0.0312042
103,57,1.00359,0.0101429,0.0317426
103,58,1.00261,0.00881195,0.0322423
103,59,1.00162,0.00744407,0.0327045
103,60,1.00063,0.00604228,0.0331297
103,61,0.999627,0.00460985,0.0335188
103,62,0.998623,0.00315022,0.0338724
103,63,0.997611,0.00166705,0.0341907
103,64,0.996594,0.000164168,0.034474
103,65,0.995573,-0.00135441,0.0347219
103,66,0.994549,-0.0028845,0.034934
103,67,0.993523,-0.00442179,0.0351098
103,68,0.992499,-0.00596187,0.0352481
103,69,0.991478,-0.00750019,0.0353479
103,70,0.990463,-0.00903218,0.0354079
103,71,0.989455,-0.0105532,0.0354265
103,72,0.988455,-0.0120585,0.0354023
103,73,0.987464,-0.0135435,0.0353338
103,74,0.986483,-0.0150034,0.0352193
103,75,0.98551,-0.0164335,0.0350576
103,76,0.984545,-0.0178292,0.0348471
103,77,0.983585,-0.0191858,0.0345868
103,78,0.982627,-0.0204987,0.0342755
103,79,0.98167,-0.0217633,0.0339123
103,80,0.980708,-0.0229751,0.0334967
103,81,0.979738,-0.0241297,0.0330282
103,82,0.978755,-0.0252227,0.0325065
103,83,0.977757,-0.0262499,0.0319319
103,84,0.976738,-0.0272074,0.0313045
103,85,0.975695,-0.0280911,0.0306253
103,86,0.974624,-0.0288975,0.0298951
103,87,0.973524,-0.0296229,0.0291155
103,88,0.972392,-0.030264,0.0282883
103,89,0.971227,-0.0308179,0.0274157
103,90,0.970028,-0.0312817,0.0265006
103,91,0.968796,-0.0316528,0.0255462
103,92,0.967533,-0.0319289,0.0245562
103,93,0.96624,-0.0321079,0.0235346
103,94,0.96492,-0.0321878,0.0224861
103,95,0.963578,-0.032167,0.0214156
103,96,0.962218,-0.0320442,0.0203282
103,97,0.960844,-0.0318181,0.0192295
103,98,0.959462,-0.0314879,0.0181249
103,99,0.958077,-0.0310533,0.01702
103,100,0.956696,-0.0305142,0.0159205
103,101,0.955323,-0.0298715,0.0148315
103,102,0.953966,-0.029127,0.0137582
103,103,0.952628,-0.0282835,0.012705
103,104,0.951317,-0.0273455,0.0116765
103,105,0.950037,-0.0263193,0.0106761
103,106,0.948793,-0.0252135,0.00970735
103,107,0.947589,-0.0240388,0.00877232
103,108,0.94643,-0.0228082,0.00787344
103,109,0.94532,-0.0215365,0.00701165
103,110,0.944262,-0.0202395,0.0061882
103,111,0.943259,-0.018932,0.00540297
103,112,0.942314,-0.0176264,0.00465638
103,113,0.94143,-0.0163296,0.00394778
103,114,0.940608,-0.0150416,0.00327756
103,115,0.939851,-0.0137536,0.00264572
103,116,0.93916,-0.0124488,0.00205408
103,117,0.938537,-0.0111044,0.0015049
103,118,0.937983,-0.00969674,0.00100283
103,119,0.9375,-0.00820908,0.000553003
103,120,0.937088,-0.00664247,0.000162374
103,121,0.936748,-0.00502994,-0.000162542
103,122,0.936483,-0.00345272,-0.000414053
103,123,0.936294,-0.00205016,-0.000582756
103,124,0.93618,-0.00099831,-0.000647312
103,125,0.936145,-0.000404738,-0.000565817
103,126,0.936194,-3.62656e-05,-0.00026539
103,127,1,-0.00343474,0
104,0,1,0,0
104,1,1.0851,-0.00128092,-0.000384634
104,2,1.08507,-0.0042499,-0.00100158
104,3,1.08488,-0.00615096,-0.00145821
104,4,1.08453,-0.00678171,-0.00184388
104,5,1.08403,-0.00646512,-0.00217507
104,6,1.08337,-0.00558971,-0.0024455
104,7,1.08255,-0.00445091,-0.00264988
104,8,1.0816,-0.00323015,-0.00278885
104,9,1.0805,-0.00201736,-0.00286713
104,10,1.07927,-0.000839975,-0.00289216
104,11,1.07791,0.000311393,-0.00287056
104,12,1.07643,0.00146241,-0.00280749
104,13,1.07484,0.00264027,-0.00270524
104,14,1.07315,0.00386471,-0.00256427
104,15,1.07137,0.00514423,-0.00238294
104,16,1.0695,0.00647619,-0.00215888
104,17,1.06756,0.00784919,-0.00188889
104,18,1.06555,0.00924624,-0.00157002
104,19,1.06349,0.0106478,-0.00119933
104,20,1.06139,0.0120343,-0.000774599
104,21,1.05925,0.0133877,-0.00029399
104,22,1.05709,0.014692,0.000243465
104,23,1.05492,0.0159345,0.000838223
104,24,1.05274,0.0171046,0.00148992
104,25,1.05056,0.0181945,0.0021977
104,26,1.04839,0.0191985,0.00295995
104,27,1.04624,0.0201125,0.00377465
104,28,1.04411,0.020934,0.00463915
104,29,1.04201,0.0216617,0.0055504
104,30,1.03994,0.022295,0.00650486
104,31,1.03791,0.0228341,0.00749866
104,32,1.03593,0.0232798,0.00852755
104,33,1.03399,0.0236333,0.00958702
104,34,1.0321,0.0238961,0.0106723
104,35,1.03026,0.0240698,0.0117783
104,36,1.02847,0.0241564,0.0129001
104,37,1.02674,0.0241579,0.0140325
104,38,1.02507,0.0240765,0.0151701
104,39,1.02345,0.0239145,0.016308
104,40,1.02189,0.023674,0.017441
104,41,1.02038,0.0233576,0.0185643
104,42,1.01893,0.0229675,0.0196732
104,43,1.01754,0.0225062,0.0207632
104,44,1.0162,0.0219761,0.0218304
104,45,1.01491,0.0213797,0.022871
104,46,1.01368,0.0207193,0.0238815
104,47,1.01249,0.0199972,0.0248592
104,48,1.01134,0.019216,0.0258015
104,49,1.01024,0.0183777,0.0267062
104,50,1.00917,0.0174848,0.0275719
104,51,1.00814,0.0165395,0.0283972
104,52,1.00713,0.0155438,0.0291815
104,53,1.00616,0.0145,0.0299243
104,54,1.0052,0.0134103,0.0306255
104,55,1.00427,0.0122767,0.0312855
104,56,1.00335,0.0111015,0.0319046
104,57,1.00244,0.00988693,0.0324837
104,58,1.00153,0.00863518,0.0330235
104,59,1.00064,0.00734867,0.0335248
104,60,0.999742,0.0060299,0.0339884
104,61,0.998849,0.00468147,0.034415
104,62,0.997955,0.00330614,0.0348052
104,63,0.99706,0.00190682,0.0351593
104,64,0.996163,0.000486578,0.0354772
104,65,0.995265,-0.000951374,0.0357589
104,66,0.994367,-0.00240365,0.0360037
104,67,0.993469,-0.00386672,0.0362109
104,68,0.992573,-0.0053369,0.0363794
104,69,0.991679,-0.00681034,0.0365079
104,70,0.99079,-0.00828308,0.0365949
104,71,0.989906,-0.009751,0.0366387
104,72,0.989028,-0.0112098,0.0366378
104,73,0.988154,-0.0126552,0.0365902
104,74,0.987286,-0.0140827,0.0364944
104,75,0.986421,-0.0154875,0.0363486
104,76,0.985558,-0.016865,0.0361513
104,77,0.984695,-0.0182103,0.0359011
104,78,0.983827,-0.0195185,0.0355968
104,79,0.982953,-0.0207847,0.0352373
104,80,0.982067,-0.0220038,0.0348218
104,81,0.981167,-0.023171,0.0343498
104,82,0.980246,-0.0242813,0.0338209
104,83,0.979302,-0.0253299,0.0332352
104,84,0.97833,-0.0263122,0.0325929
104,85,0.977327,-0.0272237,0.0318948
104,86,0.976289,-0.02806,0.031142
104,87,0.975214,-0.0288174,0.0303358
104,88,0.9741,-0.0294919,0.0294784
104,89,0.972946,-0.0300802,0.028572
104,90,0.971753,-0.0305791,0.0276196
104,91,0.97052,-0.0309858,0.0266247
104,92,0.96925,-0.0312977,0.0255913
104,93,0.967944,-0.0315125,0.0245236
104,94,0.966607,-0.0316282,0.0234267
104,95,0.965243,-0.031643,0.0223057
104,96,0.963855,-0.0315552,0.0211664
104,97,0.96245,-0.0313636,0.0200145
104,98,0.961032,-0.0310669,0.0188561
104,99,0.959608,-0.0306646,0.017697
104,100,0.958184,-0.0301563,0.0165434
104,101,0.956766,-0.0295425,0.0154009
104,102,0.95536,-0.0288243,0.0142753
104,103,0.953972,-0.0280042,0.0131713
104,104,0.952608,-0.0270863,0.0120939
104,105,0.951274,-0.0260762,0.0110469
104,106,0.949975,-0.0249821,0.0100343
104,107,0.948715,-0.0238145,0.00905842
104,108,0.9475,-0.0225861,0.00812211
104,109,0.946334,-0.0213119,0.00722643
104,110,0.945221,-0.0200076,0.00637291
104,111,0.944164,-0.0186887,0.00556143
104,112,0.943166,-0.0173682,0.00479259
104,113,0.942231,-0.0160541,0.00406558
104,114,0.94136,-0.0147479,0.00338086
104,115,0.940557,-0.0134426,0.00273812
104,116,0.939822,-0.0121236,0.00213914
104,117,0.939158,-0.0107703,0.00158575
104,118,0.938565,-0.00936156,0.00108239
104,119,0.938047,-0.00788234,0.000633633
104,120,0.937603,-0.0063348,0.000246019
104,121,0.937235,-0.00475254,-7.50223e-05
104,122,0.936946,-0.00321805,-0.000322848
104,123,0.936735,-0.00187586,-0.000490008
104,124,0.936606,-0.000916743,-0.000561972
104,125,0.936561,-0.000479121,-0.000503373
104,126,0.936594,-0.000378119,-0.000227661
104,127,1,-0.00343474,0
105,0,1,0,0
105,1,1.08468,-0.00203652,-0.00035956
105,2,1.08466,-0.00521028,-0.000906696
105,3,1.08447,-0.00720173,-0.00135339
105,4,1.08412,-0.00789178,-0.00175319
105,5,1.08361,-0.00763934,-0.00210911
105,6,1.08294,-0.00683777,-0.0024117
105,7,1.08212,-0.00577652,-0.00265176
105,8,1.08116,-0.00463,-0.00282795
105,9,1.08006,-0.00348341,-0.00294379
105,10,1.07882,-0.0023622,-0.00300587
105,11,1.07745,-0.00125715,-0.00301998
105,12,1.07596,-0.000143832,-0.00299083
105,13,1.07436,0.00100332,-0.00292025
105,14,1.07265,0.00220256,-0.00280846
105,15,1.07085,0.0034612,-0.00265349
105,16,1.06896,0.00477572,-0.00245282
105,17,1.067,0.00613405,-0.00220304
105,18,1.06497,0.0075187,-0.00190111
105,19,1.06288,0.00890975,-0.00154399
105,20,1.06075,0.0102873,-0.00112947
105,21,1.05859,0.0116328,-0.000655695
105,22,1.05639,0.0129305,-0.000121794
105,23,1.05419,0.014167,0.000472638
105,24,1.05197,0.0153319,0.00112711
105,25,1.04976,0.0164172,0.00184065
105,26,1.04755,0.017417,0.00261153
105,27,1.04536,0.0183274,0.0034376
105,28,1.04319,0.0191457,0.00431607
105,29,1.04105,0.0198707,0.00524379
105,30,1.03894,0.0205019,0.00621709
105,31,1.03687,0.0210396,0.007232
105,32,1.03485,0.0214846,0.00828414
105,33,1.03287,0.0218381,0.00936891
105,34,1.03094,0.0221019,0.0104814
105,35,1.02907,0.0222775,0.0116166
105,36,1.02725,0.0223672,0.0127693
105,37,1.02548,0.0223731,0.0139342
105,38,1.02377,0.0222974,0.0151061
105,39,1.02213,0.0221425,0.0162797
105,40,1.02054,0.0219108,0.0174498
105,41,1.01901,0.0216048,0.0186116
105,42,1.01754,0.0212272,0.0197602
105,43,1.01613,0.0207803,0.0208911
105,44,1.01478,0.0202667,0.0220001
105,45,1.01349,0.019689,0.0230834
105,46,1.01225,0.0190498,0.0241375
105,47,1.01106,0.0183515,0.0251593
105,48,1.00992,0.0175967,0.0261462
105,49,1.00883,0.0167877,0.0270958
105,50,1.00779,0.0159269,0.0280065
105,51,1.00679,0.0150167,0.0288768
105,52,1.00582,0.0140593,0.0297058
105,53,1.0049,0.013057,0.030493
105,54,1.004,0.0120121,0.031238
105,55,1.00312,0.0109267,0.0319411
105,56,1.00227,0.00980312,0.0326027
105,57,1.00144,0.00864361,0.0332232
105,58,1.00063,0.00745051,0.0338034
105,59,0.999827,0.00622625,0.034344
105,60,0.999034,0.0049734,0.0348459
105,61,0.998248,0.00369462,0.0353095
105,62,0.997467,0.00239276,0.0357355
105,63,0.996689,0.00107084,0.036124
105,64,0.995912,-0.000267965,0.0364751
105,65,0.995138,-0.00162028,0.0367885
105,66,0.994364,-0.00298256,0.0370636
105,67,0.993591,-0.00435109,0.0372995
105,68,0.99282,-0.005722,0.0374951
105,69,0.99205,-0.00709127,0.0376489
105,70,0.991281,-0.00845476,0.0377593
105,71,0.990514,-0.0098082,0.0378246
105,72,0.989747,-0.0111473,0.0378429
105,73,0.988981,-0.0124675,0.0378123
105,74,0.988214,-0.0137645,0.0377309
105,75,0.987444,-0.0150337,0.0375969
105,76,0.986669,-0.0162707,0.0374087
105,77,0.985885,-0.0174709,0.0371647
105,78,0.98509,-0.0186299,0.0368634
105,79,0.984279,-0.0197433,0.0365037
105,80,0.983449,-0.0208069,0.0360847
105,81,0.982595,-0.0218165,0.0356056
105,82,0.981714,-0.0227682,0.0350663
105,83,0.9808,-0.0236582,0.0344664
105,84,0.979851,-0.0244828,0.0338065
105,85,0.978862,-0.0252388,0.0330871
105,86,0.977832,-0.025923,0.0323093
105,87,0.976759,-0.0265326,0.0314747
105,88,0.97564,-0.0270649,0.0305854
105,89,0.974475,-0.0275177,0.0296439
105,90,0.973265,-0.0278889,0.0286533
105,91,0.972011,-0.0281766,0.0276173
105,92,0.970716,-0.0283793,0.0265401
105,93,0.969382,-0.0284953,0.0254264
105,94,0.968012,-0.0285234,0.0242815
105,95,0.966613,-0.0284625,0.0231108
105,96,0.965188,-0.0283114,0.0219205
105,97,0.963743,-0.0280692,0.0207167
105,98,0.962285,-0.0277352,0.0195059
105,99,0.960819,-0.0273088,0.0182944
105,100,0.959353,-0.0267899,0.0170888
105,101,0.957891,-0.0261789,0.015895
105,102,0.956442,-0.0254768,0.0147193
105,103,0.955011,-0.024686,0.0135668
105,104,0.953603,-0.0238099,0.0124431
105,105,0.952226,-0.0228539,0.0113522
105,106,0.950884,-0.0218253,0.0102985
105,107,0.949583,-0.0207339,0.00928472
105,108,0.948327,-0.0195913,0.00831399
105,109,0.94712,-0.0184112,0.00738748
105,110,0.945967,-0.0172081,0.0065071
105,111,0.944871,-0.0159958,0.00567264
105,112,0.943835,-0.0147859,0.00488492
105,113,0.942863,-0.0135852,0.00414293
105,114,0.941956,-0.0123938,0.00344719
105,115,0.941118,-0.0112043,0.00279707
105,116,0.940351,-0.0100016,0.00219428
105,117,0.939656,-0.0087655,0.00164019
105,118,0.939035,-0.007475,0.00113904
105,119,0.938489,-0.00611526,0.000694781
105,120,0.938022,-0.00468796,0.000313514
105,121,0.937632,-0.00322557,-1.76925e-07
105,122,0.937324,-0.00180973,-0.000240999
105,123,0.937097,-0.000586993,-0.000404765
105,124,0.936953,0.000241303,-0.000478482
105,125,0.936894,0.000508667,-0.000433636
105,126,0.936926,0.000348813,-0.000211313
105,127,1,-0.00343474,0
106,0,1,0,0
106,1,1.08433,-0.00154785,-0.000302324
106,2,1.08429,-0.00487036,-0.000815994
106,3,1.08408,-0.00689951,-0.00125108
106,4,1.08371,-0.00760695,-0.00166469
106,5,1.08318,-0.00738118,-0.00204903
106,6,1.0825,-0.00661661,-0.0023856
106,7,1.08167,-0.00559618,-0.00266274
106,8,1.0807,-0.00448822,-0.0028778
106,9,1.07958,-0.00337483,-0.00303282
106,10,1.07833,-0.0022813,-0.00313353
106,11,1.07695,-0.00120031,-0.00318487
106,12,1.07545,-0.000110306,-0.00319109
106,13,1.07383,0.00101145,-0.00315347
106,14,1.07211,0.00218096,-0.00307197
106,15,1.07029,0.00340416,-0.00294427
106,16,1.06838,0.00467703,-0.0027677
106,17,1.0664,0.00598774,-0.00253864
106,18,1.06435,0.00731958,-0.002254
106,19,1.06224,0.00865379,-0.00191063
106,20,1.06008,0.00997174,-0.00150638
106,21,1.05789,0.0112564,-0.00103942
106,22,1.05567,0.012493,-0.00050898
106,23,1.05343,0.0136696,8.52622e-05
106,24,1.05119,0.0147766,0.000742654
106,25,1.04894,0.0158069,0.00146213
106,26,1.0467,0.0167551,0.00224179
106,27,1.04448,0.0176179,0.00307939
106,28,1.04227,0.018393,0.00397196
106,29,1.0401,0.0190791,0.00491626
106,30,1.03795,0.0196762,0.00590848
106,31,1.03585,0.0201845,0.00694456
106,32,1.03379,0.0206048,0.00801999
106,33,1.03178,0.0209384,0.00913009
106,34,1.02982,0.021187,0.0102699
106,35,1.02791,0.0213521,0.0114342
106,36,1.02605,0.021436,0.0126178
106,37,1.02426,0.0214405,0.0138153
106,38,1.02253,0.0213681,0.0150214
106,39,1.02085,0.021221,0.0162308
106,40,1.01924,0.0210015,0.0174382
106,41,1.0177,0.0207123,0.0186386
106,42,1.01621,0.0203557,0.0198271
106,43,1.01479,0.0199344,0.0209991
106,44,1.01343,0.0194507,0.0221504
106,45,1.01213,0.0189074,0.0232769
106,46,1.0109,0.0183068,0.0243749
106,47,1.00972,0.0176516,0.0254414
106,48,1.00859,0.016944,0.0264734
106,49,1.00752,0.0161864,0.0274685
106,50,1.00651,0.0153813,0.0284248
106,51,1.00554,0.0145307,0.0293407
106,52,1.00461,0.0136368,0.0302151
106,53,1.00373,0.0127016,0.0310471
106,54,1.00289,0.0117272,0.0318364
106,55,1.00208,0.0107153,0.0325829
106,56,1.0013,0.00966799,0.0332869
106,57,1.00055,0.00858698,0.0339487
106,58,0.999819,0.00747414,0.034569
106,59,0.999108,0.00633137,0.0351483
106,60,0.998413,0.0051606,0.0356874
106,61,0.99773,0.00396387,0.0361867
106,62,0.997056,0.00274333,0.0366466
106,63,0.99639,0.00150129,0.0370675
106,64,0.995729,0.000240211,0.0374492
106,65,0.995071,-0.00103726,0.0377914
106,66,0.994416,-0.00232829,0.0380934
106,67,0.993762,-0.00362981,0.0383543
106,68,0.993108,-0.00493859,0.0385729
106,69,0.992455,-0.00625114,0.0387476
106,70,0.991801,-0.00756379,0.0388768
106,71,0.991145,-0.00887268,0.0389586
106,72,0.990486,-0.0101737,0.038991
106,73,0.989824,-0.0114627,0.038972
106,74,0.989155,-0.0127352,0.0388998
106,75,0.988478,-0.0139867,0.0387722
106,76,0.98779,-0.0152125,0.0385875
106,77,0.987088,-0.0164078,0.0383441
106,78,0.986367,-0.0175681,0.0380405
106,79,0.985624,-0.0186883,0.0376754
106,80,0.984855,-0.0197639,0.0372478
106,81,0.984055,-0.0207901,0.0367571
106,82,0.98322,-0.0217625,0.0362027
106,83,0.982346,-0.0226768,0.0355847
106,84,0.98143,-0.0235288,0.0349034
106,85,0.980469,-0.0243148,0.0341593
106,86,0.979458,-0.0250311,0.0333539
106,87,0.978398,-0.0256745,0.0324887
106,88,0.977287,-0.0262422,0.0315659
106,89,0.976124,-0.0267314,0.0305881
106,90,0.97491,-0.02714,0.0295589
106,91,0.973648,-0.0274658,0.028482
106,92,0.972338,-0.0277071,0.027362
106,93,0.970985,-0.0278623,0.0262036
106,94,0.969593,-0.02793,0.0250127
106,95,0.968166,-0.0279088,0.0237948
106,96,0.966711,-0.0277976,0.0225566
106,97,0.965231,-0.0275953,0.0213044
106,98,0.963735,-0.0273009,0.0200452
106,99,0.962229,-0.0269136,0.0187855
106,100,0.960719,-0.0264329,0.0175324
106,101,0.959212,-0.0258588,0.016292
106,102,0.957715,-0.025192,0.0150712
106,103,0.956234,-0.0244341,0.0138753
106,104,0.954775,-0.0235882,0.0127103
106,105,0.953346,-0.0226591,0.0115805
106,106,0.951951,-0.0216537,0.0104907
106,107,0.950596,-0.0205811,0.0094438
106,108,0.949286,-0.019453,0.00844335
106,109,0.948025,-0.0182826,0.00749059
106,110,0.946819,-0.0170845,0.00658775
106,111,0.945671,-0.0158729,0.00573458
106,112,0.944585,-0.0146598,0.0049321
106,113,0.943563,-0.0134529,0.00417912
106,114,0.942609,-0.0122538,0.00347628
106,115,0.941726,-0.0110566,0.00282258
106,116,0.940915,-0.00984839,0.00221975
106,117,0.94018,-0.0086113,0.00166864
106,118,0.939521,-0.00732647,0.00117333
106,119,0.93894,-0.0059808,0.00073709
106,120,0.93844,-0.00457679,0.000365635
106,121,0.938022,-0.00314689,6.23598e-05
106,122,0.937688,-0.00177253,-0.000168398
106,123,0.937438,-0.00060251,-0.000324383
106,124,0.937277,0.000151706,-0.000399419
106,125,0.937205,0.000296933,-0.000372419
106,126,0.937219,-8.4339e-05,-0.000172382
106,127,1,-0.00343474,0
107,0,1,0,0
107,1,1.08413,-0.00232454,-0.000274331
107,2,1.08408,-0.00576259,-0.000721994
107,3,1.08385,-0.00782672,-0.00115387
107,4,1.08346,-0.00857132,-0.00158646
107,5,1.08292,-0.0084062,-0.00199904
107,6,1.08222,-0.00772158,-0.00237095
107,7,1.08137,-0.00679024,-0.00268691
107,8,1.08038,-0.00577163,-0.00294239
107,9,1.07924,-0.00474212,-0.00313814
107,10,1.07797,-0.00372433,-0.00327901
107,11,1.07657,-0.00271048,-0.00336901
107,12,1.07505,-0.00167978,-0.00341187
107,13,1.07341,-0.000610691,-0.00340831
107,14,1.07166,0.000511638,-0.00335802
107,15,1.06982,0.00169227,-0.00325833
107,16,1.06789,0.00292658,-0.00310645
107,17,1.06588,0.00420234,-0.00289852
107,18,1.0638,0.00550261,-0.00263145
107,19,1.06167,0.00680842,-0.002302
107,20,1.05948,0.00810097,-0.00190809
107,21,1.05726,0.00936302,-0.0014479
107,22,1.05501,0.0105797,-0.00092083
107,23,1.05275,0.0117387,-0.000326616
107,24,1.05047,0.0128305,0.000333901
107,25,1.04819,0.0138475,0.00105955
107,26,1.04592,0.0147845,0.00184825
107,27,1.04366,0.0156377,0.00269762
107,28,1.04142,0.016405,0.00360455
107,29,1.03921,0.017085,0.00456568
107,30,1.03704,0.0176775,0.00557704
107,31,1.0349,0.0181827,0.00663449
107,32,1.03281,0.0186016,0.00773339
107,33,1.03076,0.0189355,0.00886898
107,34,1.02877,0.0191858,0.0100362
107,35,1.02683,0.0193545,0.0112297
107,36,1.02496,0.0194435,0.0124443
107,37,1.02314,0.0194551,0.0136745
107,38,1.02138,0.0193915,0.0149149
107,39,1.01969,0.0192552,0.0161601
107,40,1.01806,0.0190487,0.0174048
107,41,1.0165,0.0187744,0.0186439
107,42,1.015,0.0184349,0.0198724
107,43,1.01357,0.018033,0.0210856
107,44,1.01221,0.0175711,0.022279
107,45,1.01092,0.0170519,0.0234487
107,46,1.00969,0.0164781,0.0245907
107,47,1.00852,0.0158522,0.0257018
107,48,1.00741,0.0151767,0.0267789
107,49,1.00637,0.014454,0.0278194
107,50,1.00538,0.0136866,0.0288211
107,51,1.00445,0.0128767,0.0297823
107,52,1.00357,0.0120266,0.0307015
107,53,1.00274,0.0111384,0.0315778
107,54,1.00195,0.0102141,0.0324106
107,55,1.0012,0.00925578,0.0331996
107,56,1.0005,0.00826527,0.0339448
107,57,0.999823,0.00724456,0.0346464
107,58,0.999178,0.00619556,0.0353048
107,59,0.998558,0.00512024,0.0359206
107,60,0.99796,0.00402065,0.0364942
107,61,0.997379,0.00289892,0.0370262
107,62,0.996811,0.00175735,0.0375168
107,63,0.996254,0.000598365,0.0379662
107,64,0.995704,-0.000575407,0.0383743
107,65,0.99516,-0.00176114,0.0387407
107,66,0.994619,-0.00295581,0.0390648
107,67,0.994078,-0.00415618,0.0393456
107,68,0.993537,-0.00535879,0.0395817
107,69,0.992993,-0.00656,0.0397718
107,70,0.992446,-0.00775599,0.039914
107,71,0.991893,-0.00894277,0.0400065
107,72,0.991332,-0.0101162,0.0400472
107,73,0.990762,-0.0112721,0.0400341
107,74,0.99018,-0.0124062,0.0399652
107,75,0.989582,-0.013514,0.0398385
107,76,0.988966,-0.0145914,0.039652
107,77,0.988328,-0.0156339,0.0394042
107,78,0.987665,-0.0166373,0.0390935
107,79,0.986971,-0.0175976,0.0387185
107,80,0.986243,-0.0185108,0.0382784
107,81,0.985476,-0.0193731,0.0377722
107,82,0.984667,-0.0201811,0.0371997
107,83,0.983812,-0.0209314,0.0365607
107,84,0.982907,-0.0216212,0.0358557
107,85,0.981949,-0.0222476,0.0350854
107,86,0.980937,-0.0228085,0.0342511
107,87,0.979869,-0.0233016,0.0333545
107,88,0.978744,-0.0237252,0.0323981
107,89,0.977563,-0.0240779,0.0313846
107,90,0.976327,-0.0243584,0.0303177
107,91,0.975038,-0.0245655,0.0292014
107,92,0.973699,-0.0246985,0.0280405
107,93,0.972313,-0.0247565,0.02684
107,94,0.970886,-0.0247389,0.025606
107,95,0.969422,-0.0246448,0.0243443
107,96,0.967927,-0.0244737,0.023062
107,97,0.966408,-0.0242247,0.0217656
107,98,0.964871,-0.0238972,0.0204624
107,99,0.963323,-0.0234905,0.0191591
107,100,0.961771,-0.0230043,0.0178633
107,101,0.960221,-0.0224384,0.0165814
107,102,0.958681,-0.0217935,0.0153205
107,103,0.957158,-0.0210708,0.0140863
107,104,0.955658,-0.0202731,0.0128852
107,105,0.954187,-0.0194046,0.0117215
107,106,0.95275,-0.0184715,0.0106008
107,107,0.951355,-0.0174821,0.00952577
107,108,0.950005,-0.0164469,0.00850063
107,109,0.948705,-0.0153781,0.00752652
107,110,0.94746,-0.0142887,0.00660608
107,111,0.946274,-0.0131914,0.00573893
107,112,0.945151,-0.0120967,0.00492638
107,113,0.944093,-0.011011,0.00416696
107,114,0.943105,-0.00993451,0.00346147
107,115,0.942187,-0.00886068,0.00280855
107,116,0.941344,-0.00777622,0.00220992
107,117,0.940578,-0.00666315,0.0016659
107,118,0.93989,-0.00550273,0.00118046
107,119,0.939283,-0.00428171,0.000756105
107,120,0.938758,-0.00300174,0.000398189
107,121,0.938317,-0.00169348,0.000109147
107,122,0.937962,-0.000436088,-0.000107925
107,123,0.937695,0.000622488,-0.000254067
107,124,0.937516,0.00126499,-0.000324483
107,125,0.937427,0.00127569,-0.000305268
107,126,0.937437,0.00068515,-0.00015552
107,127,1,-0.00343474,0
108,0,1,0,0
108,1,1.08402,-0.0017147,-0.000217352
108,2,1.08392,-0.00520263,-0.000640159
108,3,1.08367,-0.00724742,-0.00106817
108,4,1.08326,-0.00798205,-0.00151962
108,5,1.08269,-0.0078309,-0.00196446
108,6,1.08196,-0.00717733,-0.00237385
108,7,1.08109,-0.00628431,-0.00273023
108,8,1.08007,-0.00530404,-0.00302788
108,9,1.07892,-0.00430921,-0.00326595
108,10,1.07762,-0.00332194,-0.00344845
108,11,1.0762,-0.00233602,-0.00357842
108,12,1.07465,-0.00133323,-0.00365913
108,13,1.07299,-0.000294694,-0.00369063
108,14,1.07123,0.000792325,-0.00367239
108,15,1.06936,0.00193156,-0.00360131
108,16,1.06741,0.00311793,-0.00347453
108,17,1.06538,0.00433948,-0.00328795
108,18,1.06327,0.00558007,-0.00303852
108,19,1.06111,0.00682197,-0.0027229
108,20,1.05891,0.00804774,-0.00233915
108,21,1.05666,0.0092416,-0.00188548
108,22,1.05438,0.01039,-0.00136147
108,23,1.05209,0.011482,-0.000766955
108,24,1.04978,0.012509,-0.000102996
108,25,1.04747,0.0134644,0.000629126
108,26,1.04517,0.0143437,0.00142712
108,27,1.04288,0.0151437,0.00228849
108,28,1.04062,0.0158625,0.00320995
108,29,1.03838,0.0164992,0.00418802
108,30,1.03617,0.0170537,0.00521858
108,31,1.03401,0.0175263,0.00629739
108,32,1.03189,0.017918,0.00741969
108,33,1.02982,0.0182301,0.00858064
108,34,1.0278,0.0184641,0.00977502
108,35,1.02583,0.0186218,0.0109976
108,36,1.02393,0.0187051,0.0122429
108,37,1.02209,0.0187161,0.0135054
108,38,1.02031,0.0186571,0.0147797
108,39,1.0186,0.0185303,0.0160602
108,40,1.01696,0.0183381,0.0173417
108,41,1.01539,0.018083,0.0186189
108,42,1.01389,0.0177675,0.0198867
108,43,1.01245,0.017394,0.0211404
108,44,1.01109,0.0169651,0.0223753
108,45,1.0098,0.0164834,0.0235874
108,46,1.00858,0.0159512,0.0247726
108,47,1.00742,0.015371,0.0259274
108,48,1.00633,0.0147453,0.0270486
108,49,1.00531,0.0140762,0.0281335
108,50,1.00435,0.013366,0.0291794
108,51,1.00346,0.0126169,0.0301846
108,52,1.00262,0.0118307,0.0311473
108,53,1.00183,0.0110093,0.0320663
108,54,1.0011,0.0101544,0.0329407
108,55,1.00042,0.0092677,0.0337701
108,56,0.999775,0.00835072,0.0345542
108,57,0.999175,0.00740492,0.035293
108,58,0.998609,0.00643175,0.0359868
108,59,0.998074,0.00543263,0.0366358
108,60,0.997565,0.00440903,0.0372404
108,61,0.997079,0.0033625,0.0378011
108,62,0.99661,0.00229469,0.038318
108,63,0.996154,0.00120742,0.0387913
108,64,0.995709,0.000102662,0.0392208
108,65,0.99527,-0.00101737,0.0396062
108,66,0.994835,-0.00215024,0.0399466
108,67,0.994401,-0.00329326,0.0402413
108,68,0.993966,-0.00444348,0.0404888
108,69,0.993526,-0.00559769,0.0406878
108,70,0.993079,-0.00675241,0.0408365
108,71,0.992624,-0.00790394,0.040933
108,72,0.992158,-0.00904833,0.0409753
108,73,0.991677,-0.0101814,0.0409614
108,74,0.991178,-0.011299,0.0408892
108,75,0.99066,-0.0123965,0.0407568
108,76,0.990117,-0.0134694,0.0405623
108,77,0.989545,-0.0145133,0.0403041
108,78,0.988942,-0.0155235,0.0399805
108,79,0.988302,-0.0164956,0.0395904
108,80,0.987621,-0.0174252,0.0391327
108,81,0.986895,-0.0183081,0.0386067
108,82,0.98612,-0.0191403,0.0380122
108,83,0.985292,-0.0199183,0.0373491
108,84,0.984408,-0.0206384,0.0366178
108,85,0.983466,-0.0212978,0.0358193
108,86,0.982464,-0.0218936,0.034955
108,87,0.9814,-0.0224236,0.0340267
108,88,0.980274,-0.0228856,0.033037
108,89,0.979087,-0.0232779,0.031989
108,90,0.97784,-0.0235992,0.0308864
108,91,0.976535,-0.0238483,0.0297334
108,92,0.975177,-0.024024,0.0285352
108,93,0.973768,-0.0241256,0.0272968
108,94,0.972314,-0.0241523,0.0260246
108,95,0.970821,-0.0241032,0.0247247
108,96,0.969293,-0.0239774,0.0234043
108,97,0.967738,-0.0237742,0.0220701
108,98,0.966163,-0.0234927,0.0207298
108,99,0.964574,-0.0231318,0.0193902
108,100,0.962979,-0.022691,0.0180593
108,101,0.961386,-0.0221697,0.0167433
108,102,0.9598,-0.0215681,0.0154501
108,103,0.958229,-0.0208871,0.0141852
108,104,0.95668,-0.0201288,0.0129555
108,105,0.95516,-0.0192969,0.0117654
108,106,0.953673,-0.0183972,0.0106209
108,107,0.952227,-0.0174374,0.00952475
108,108,0.950827,-0.0164275,0.00848153
108,109,0.949477,-0.0153795,0.00749238
108,110,0.948182,-0.0143063,0.00656034
108,111,0.946947,-0.0132208,0.00568484
108,112,0.945776,-0.0121337,0.00486755
108,113,0.944672,-0.0110521,0.00410672
108,114,0.943638,-0.00997754,0.00340338
108,115,0.942678,-0.00890502,0.00275575
108,116,0.941794,-0.00782323,0.00216569
108,117,0.940988,-0.00671639,0.00163294
108,118,0.940263,-0.00556784,0.0011614
108,119,0.939622,-0.00436591,0.00075281
108,120,0.939065,-0.00311284,0.000412218
108,121,0.938595,-0.00183866,0.000140752
108,122,0.938214,-0.000620954,-5.9343e-05
108,123,0.937923,0.000392962,-0.000191038
108,124,0.937725,0.00098067,-0.000256154
108,125,0.937623,0.000905693,-0.000248764
108,126,0.937612,0.000149156,-0.000117161
108,127,1,-0.00343474,0
109,0,1,0,0
109,1,1.08405,-0.00248708,-0.000193818
109,2,1.08395,-0.00598642,-0.000561468
109,3,1.08367,-0.00801137,-0.000994265
109,4,1.08323,-0.00876027,-0.00147018
109,5,1.08263,-0.00866354,-0.00194751
109,6,1.08189,-0.00809276,-0.00239609
109,7,1.08099,-0.0072973,-0.00279487
109,8,1.07995,-0.00641891,-0.00313633
109,9,1.07876,-0.00552364,-0.00341825
109,10,1.07744,-0.00463029,-0.00364382
109,11,1.07599,-0.00373161,-0.00381503
109,12,1.07442,-0.00280967,-0.00393466
109,13,1.07274,-0.00184634,-0.00400213
109,14,1.07094,-0.000829652,-0.00401667
109,15,1.06905,0.000243636,-0.00397478
109,16,1.06707,0.00136819,-0.00387355
109,17,1.06501,0.00253203,-0.00370863
109,18,1.06288,0.0037191,-0.00347706
109,19,1.06069,0.00491175,-0.00317539
109,20,1.05846,0.00609259,-0.00280188
109,21,1.05618,0.00724582,-0.00235474
109,22,1.05387,0.00835785,-0.00183378
109,23,1.05155,0.00941752,-0.00123892
109,24,1.04921,0.010416,-0.00057147
109,25,1.04687,0.0113467,0.000167185
109,26,1.04454,0.0122046,0.000974515
109,27,1.04223,0.0129866,0.00184792
109,28,1.03993,0.0136904,0.00278389
109,29,1.03766,0.014315,0.00377885
109,30,1.03543,0.0148601,0.0048285
109,31,1.03324,0.0153261,0.00592852
109,32,1.03109,0.0157137,0.00707398
109,33,1.02899,0.0160241,0.00825999
109,34,1.02695,0.016259,0.00948119
109,35,1.02497,0.0164199,0.0107323
109,36,1.02304,0.0165088,0.0120077
109,37,1.02118,0.0165278,0.0133019
109,38,1.01939,0.0164792,0.0146093
109,39,1.01767,0.0163652,0.0159244
109,40,1.01601,0.0161883,0.0172417
109,41,1.01443,0.0159509,0.0185559
109,42,1.01292,0.0156555,0.0198619
109,43,1.01149,0.0153047,0.0211548
109,44,1.01013,0.014901,0.0224299
109,45,1.00884,0.014447,0.0236829
109,46,1.00763,0.0139452,0.0249096
109,47,1.00649,0.0133981,0.0261063
109,48,1.00542,0.0128083,0.0272697
109,49,1.00442,0.0121779,0.0283966
109,50,1.00349,0.0115093,0.0294845
109,51,1.00263,0.0108047,0.0305311
109,52,1.00183,0.0100662,0.0315345
109,53,1.0011,0.00929558,0.0324932
109,54,1.00042,0.00849482,0.0334061
109,55,0.99979,0.00766562,0.0342724
109,56,0.999214,0.00680963,0.0350915
109,57,0.998684,0.00592846,0.0358634
109,58,0.998195,0.00502367,0.0365879
109,59,0.997741,0.00409684,0.0372653
109,60,0.997319,0.00314957,0.0378958
109,61,0.996922,0.00218358,0.0384797
109,62,0.996547,0.00120068,0.0390171
109,63,0.996189,0.000202849,0.039508
109,64,0.995842,-0.000807747,0.0399524
109,65,0.995504,-0.00182872,0.0403499
109,66,0.995169,-0.00285746,0.0406998
109,67,0.994835,-0.00389111,0.0410012
109,68,0.994498,-0.00492655,0.0412529
109,69,0.994154,-0.00596046,0.0414535
109,70,0.9938,-0.00698928,0.0416014
109,71,0.993433,-0.00800927,0.0416948
109,72,0.99305,-0.00901651,0.0417317
109,73,0.992647,-0.010007,0.0417103
109,74,0.992221,-0.0109766,0.0416284
109,75,0.991768,-0.0119212,0.0414844
109,76,0.991283,-0.0128368,0.0412762
109,77,0.990763,-0.0137192,0.0410024
109,78,0.990204,-0.0145646,0.0406615
109,79,0.9896,-0.0153693,0.0402523
109,80,0.988948,-0.0161297,0.0397738
109,81,0.988244,-0.0168427,0.0392254
109,82,0.987484,-0.0175053,0.0386069
109,83,0.986664,-0.0181149,0.0379183
109,84,0.985782,-0.0186693,0.0371603
109,85,0.984836,-0.0191665,0.0363339
109,86,0.983824,-0.019605,0.0354405
109,87,0.982745,-0.0199837,0.0344822
109,88,0.9816,-0.0203015,0.0334618
109,89,0.98039,-0.0205579,0.0323824
109,90,0.979116,-0.0207524,0.0312479
109,91,0.977782,-0.0208847,0.0300628
109,92,0.976391,-0.0209547,0.0288322
109,93,0.974948,-0.0209621,0.0275616
109,94,0.973458,-0.020907,0.0262575
109,95,0.971927,-0.0207889,0.0249259
109,96,0.97036,-0.0206075,0.0235745
109,97,0.968766,-0.0203622,0.0222098
109,98,0.96715,-0.0200524,0.02084
109,99,0.965521,-0.0196772,0.0194718
109,100,0.963886,-0.0192361,0.0181135
109,101,0.962252,-0.0187285,0.0167714
109,102,0.960625,-0.0181543,0.0154537
109,103,0.959015,-0.0175141,0.0141658
109,104,0.957426,-0.0168098,0.0129152
109,105,0.955867,-0.0160444,0.0117062
109,106,0.954342,-0.0152229,0.0105451
109,107,0.952858,-0.0143524,0.00943484
109,108,0.951419,-0.0134417,0.00838034
109,109,0.950033,-0.0125016,0.00738263
109,110,0.948702,-0.0115436,0.0064452
109,111,0.947431,-0.0105789,0.00556727
109,112,0.946225,-0.00961694,0.0047509
109,113,0.945086,-0.00866321,0.00399398
109,114,0.944019,-0.00771802,0.00329788
109,115,0.943026,-0.00677544,0.00266033
109,116,0.942111,-0.00582366,0.0020834
109,117,0.941275,-0.00484665,0.00156623
109,118,0.940522,-0.00382761,0.00111276
109,119,0.939854,-0.00275438,0.000723891
109,120,0.939273,-0.00162799,0.000404424
109,121,0.93878,-0.000476062,0.000154413
109,122,0.938378,0.000627426,-2.49977e-05
109,123,0.938068,0.00153868,-0.000140118
109,124,0.937851,0.0020344,-0.000193915
109,125,0.93773,0.00186255,-0.000187668
109,126,0.937711,0.00095619,-0.00010106
109,127,1,-0.00343474,0
110,0,1,0,0
110,1,1.08417,-0.00174493,-0.000143485
110,2,1.08402,-0.00519027,-0.000498838
110,3,1.08371,-0.00714169,-0.00093635
110,4,1.08324,-0.00785288,-0.00143687
110,5,1.08261,-0.00775477,-0.00195103
110,6,1.08184,-0.00720569,-0.00244125
110,7,1.08091,-0.00644257,-0.0028842
110,8,1.07984,-0.00559882,-0.00327128
110,9,1.07863,-0.00473636,-0.00359859
110,10,1.07729,-0.00387307,-0.00386859
110,11,1.07581,-0.00300296,-0.00408222
110,12,1.07422,-0.00211039,-0.00424186
110,13,1.0725,-0.00117965,-0.00434621
110,14,1.07068,-0.000200738,-0.00439434
110,15,1.06877,0.000828337,-0.00438227
110,16,1.06676,0.00190182,-0.00430709
110,17,1.06468,0.00300804,-0.00416419
110,18,1.06252,0.00413179,-0.00395075
110,19,1.06031,0.00525663,-0.00366322
110,20,1.05805,0.00636659,-0.00330008
110,21,1.05575,0.00744736,-0.00285957
110,22,1.05341,0.00848675,-0.00234177
110,23,1.05106,0.00947491,-0.00174669
110,24,1.0487,0.0104042,-0.00107592
110,25,1.04634,0.0112688,-0.000330952
110,26,1.04398,0.0120647,0.000485418
110,27,1.04164,0.0127892,0.00137048
110,28,1.03931,0.0134407,0.00232049
110,29,1.03702,0.0140184,0.00333178
110,30,1.03476,0.0145222,0.00439986
110,31,1.03255,0.0149525,0.0055203
110,32,1.03038,0.0153104,0.00668805
110,33,1.02826,0.0155969,0.00789811
110,34,1.02619,0.0158135,0.00914501
110,35,1.02419,0.015962,0.0104234
110,36,1.02225,0.016044,0.0117275
110,37,1.02037,0.0160617,0.0130519
110,38,1.01856,0.016017,0.0143908
110,39,1.01682,0.0159121,0.0157387
110,40,1.01516,0.0157494,0.0170899
110,41,1.01357,0.015531,0.0184391
110,42,1.01206,0.0152593,0.0197811
110,43,1.01062,0.0149368,0.0211109
110,44,1.00926,0.0145657,0.0224236
110,45,1.00798,0.0141485,0.0237148
110,46,1.00678,0.0136874,0.0249801
110,47,1.00565,0.0131849,0.0262158
110,48,1.0046,0.012643,0.0274181
110,49,1.00362,0.012064,0.0285839
110,50,1.00272,0.0114499,0.0297102
110,51,1.00189,0.0108025,0.0307946
110,52,1.00112,0.0101237,0.0318347
110,53,1.00043,0.00941513,0.032829
110,54,0.999797,0.00867824,0.0337759
110,55,0.999224,0.00791444,0.0346744
110,56,0.998706,0.00712499,0.0355238
110,57,0.998239,0.00631106,0.0363236
110,58,0.997818,0.00547378,0.0370735
110,59,0.997439,0.00461423,0.0377736
110,60,0.997094,0.00373352,0.038424
110,61,0.996781,0.00283282,0.0390248
110,62,0.996491,0.00191341,0.0395761
110,63,0.996222,0.000976723,0.0400779
110,64,0.995967,2.43925e-05,0.0405302
110,65,0.995721,-0.000941723,0.0409326
110,66,0.99548,-0.0019195,0.0412845
110,67,0.995239,-0.00290653,0.0415851
110,68,0.994994,-0.00390013,0.0418335
110,69,0.99474,-0.00489729,0.0420282
110,70,0.994475,-0.00589474,0.0421678
110,71,0.994192,-0.00688894,0.0422506
110,72,0.99389,-0.00787611,0.042275
110,73,0.993564,-0.00885228,0.042239
110,74,0.993209,-0.00981332,0.0421409
110,75,0.992821,-0.010755,0.0419789
110,76,0.992396,-0.011673,0.0417514
110,77,0.991931,-0.0125632,0.0414567
110,78,0.991419,-0.0134212,0.0410938
110,79,0.990857,-0.0142432,0.0406613
110,80,0.99024,-0.0150252,0.0401586
110,81,0.989565,-0.0157637,0.0395852
110,82,0.988828,-0.0164553,0.0389409
110,83,0.988026,-0.0170971,0.038226
110,84,0.987156,-0.0176865,0.0374411
110,85,0.986216,-0.0182212,0.0365874
110,86,0.985205,-0.0186995,0.0356667
110,87,0.984123,-0.0191198,0.034681
110,88,0.98297,-0.0194811,0.0336333
110,89,0.981748,-0.0197823,0.0325269
110,90,0.980458,-0.0200231,0.0313659
110,91,0.979105,-0.0202029,0.0301546
110,92,0.977691,-0.0203214,0.0288987
110,93,0.976222,-0.0203784,0.0276034
110,94,0.974704,-0.0203735,0.0262755
110,95,0.973141,-0.0203065,0.0249211
110,96,0.971541,-0.0201767,0.0235478
110,97,0.969912,-0.0199835,0.0221623
110,98,0.968259,-0.019726,0.0207729
110,99,0.966591,-0.0194032,0.0193862
110,100,0.964915,-0.0190141,0.0180107
110,101,0.963239,-0.0185578,0.0166527
110,102,0.96157,-0.018034,0.0153206
110,103,0.959915,-0.0174428,0.0140197
110,104,0.958282,-0.0167855,0.0127578
110,105,0.956676,-0.0160647,0.0115392
110,106,0.955106,-0.0152849,0.0103706
110,107,0.953575,-0.0144526,0.00925472
110,108,0.952091,-0.0135762,0.008197
110,109,0.950658,-0.0126661,0.00719827
110,110,0.949281,-0.0117335,0.0062625
110,111,0.947965,-0.0107897,0.00538864
110,112,0.946715,-0.00984427,0.00457919
110,113,0.945533,-0.00890337,0.00383169
110,114,0.944425,-0.00796833,0.00314791
110,115,0.943392,-0.00703472,0.00252513
110,116,0.942438,-0.00609262,0.00196572
110,117,0.941565,-0.00512807,0.00146823
110,118,0.940777,-0.00412622,0.00103672
110,119,0.940076,-0.0030763,0.000671279
110,120,0.939464,-0.00197964,0.000376567
110,121,0.938943,-0.000862594,0.000151233
110,122,0.938515,0.000203685,-4.29101e-06
110,123,0.938181,0.00107882,-9.82839e-05
110,124,0.937945,0.00153939,-0.00013998
110,125,0.937808,0.00131972,-0.000138891
110,126,0.937768,0.00030923,-6.49508e-05
110,127,1,-0.00343474,0
111,0,1,0,0
111,1,1.08441,-0.00250402,-0.000127957
111,2,1.08424,-0.00585869,-0.000442065
111,3,1.08391,-0.00773904,-0.000892721
111,4,1.08341,-0.00844111,-0.00142367
111,5,1.08277,-0.00838868,-0.0019752
111,6,1.08196,-0.00792219,-0.00250889
111,7,1.08101,-0.00726215,-0.00299795
111,8,1.07992,-0.00653004,-0.00343212
111,9,1.07868,-0.00578032,-0.0038061
111,10,1.07731,-0.00502695,-0.00412169
111,11,1.07581,-0.00426241,-0.00437873
111,12,1.07418,-0.00347088,-0.00457928
111,13,1.07244,-0.00263704,-0.00472129
111,14,1.0706,-0.00175123,-0.00480372
111,15,1.06865,-0.000811586,-0.00482214
111,16,1.06662,0.000176304,-0.00477367
111,17,1.06451,0.00120111,-0.00465344
111,18,1.06233,0.00224809,-0.00445878
111,19,1.06009,0.0033012,-0.00418605
111,20,1.05779,0.00434483,-0.00383398
111,21,1.05547,0.00536484,-0.00340081
111,22,1.05311,0.00634913,-0.00288693
111,23,1.05073,0.00728779,-0.00229243
111,24,1.04834,0.008173,-0.00161919
111,25,1.04595,0.00899883,-0.000868806
111,26,1.04356,0.00976095,-4.43546e-05
111,27,1.04119,0.0104564,0.000851341
111,28,1.03884,0.0110832,0.0018143
111,29,1.03653,0.0116405,0.00284074
111,30,1.03424,0.0121279,0.00392597
111,31,1.032,0.0125457,0.00506548
111,32,1.02981,0.0128946,0.00625402
111,33,1.02767,0.0131755,0.00748653
111,34,1.02559,0.01339,0.00875739
111,35,1.02356,0.0135394,0.0100612
111,36,1.0216,0.0136256,0.0113921
111,37,1.01971,0.0136504,0.0127445
111,38,1.01789,0.0136159,0.0141125
111,39,1.01614,0.0135242,0.0154906
111,40,1.01447,0.0133774,0.016873
111,41,1.01287,0.0131779,0.0182544
111,42,1.01136,0.0129279,0.0196292
111,43,1.00992,0.0126299,0.0209926
111,44,1.00856,0.0122862,0.0223394
111,45,1.00728,0.0118991,0.0236651
111,46,1.00609,0.0114711,0.0249652
111,47,1.00497,0.0110046,0.0262356
111,48,1.00394,0.0105016,0.0274726
111,49,1.00298,0.00996453,0.0286725
111,50,1.0021,0.0093954,0.0298324
111,51,1.0013,0.00879625,0.0309494
111,52,1.00057,0.00816894,0.032021
111,53,0.999915,0.00751525,0.0330452
111,54,0.999326,0.00683682,0.0340204
111,55,0.998802,0.00613518,0.0349451
111,56,0.998338,0.00541174,0.0358183
111,57,0.99793,0.00466785,0.0366394
111,58,0.997574,0.0039048,0.0374079
111,59,0.997262,0.00312385,0.0381236
111,60,0.996991,0.00232629,0.0387865
111,61,0.996754,0.00151348,0.0393967
111,62,0.996545,0.000686858,0.0399542
111,63,0.996359,-0.00015196,0.0404591
111,64,0.996188,-0.00100119,0.0409113
111,65,0.996029,-0.00185881,0.0413105
111,66,0.995874,-0.00272257,0.0416564
111,67,0.995719,-0.00358997,0.0419483
111,68,0.995558,-0.00445824,0.0421854
111,69,0.995387,-0.00532434,0.0423665
111,70,0.9952,-0.00618504,0.0424904
111,71,0.994994,-0.00703687,0.0425557
111,72,0.994762,-0.00787621,0.0425609
111,73,0.994501,-0.00869934,0.0425043
111,74,0.994205,-0.00950245,0.0423843
111,75,0.993871,-0.0102818,0.0421995
111,76,0.993493,-0.0110335,0.0419483
111,77,0.993067,-0.0117541,0.0416294
111,78,0.992588,-0.0124401,0.0412416
111,79,0.992052,-0.0130883,0.0407842
111,80,0.991455,-0.0136958,0.0402563
111,81,0.990793,-0.01426,0.0396577
111,82,0.990062,-0.0147786,0.0389883
111,83,0.989261,-0.0152498,0.0382486
111,84,0.988385,-0.015672,0.0374394
111,85,0.987435,-0.0160443,0.0365619
111,86,0.986409,-0.0163659,0.0356181
111,87,0.985308,-0.0166364,0.0346101
111,88,0.984133,-0.0168556,0.033541
111,89,0.982884,-0.0170237,0.0324141
111,90,0.981566,-0.0171411,0.0312338
111,91,0.980181,-0.017208,0.0300045
111,92,0.978734,-0.0172251,0.0287317
111,93,0.977231,-0.0171926,0.0274207
111,94,0.975676,-0.0171108,0.0260785
111,95,0.974077,-0.0169798,0.024711
111,96,0.97244,-0.0167994,0.023326
111,97,0.970772,-0.0165692,0.0219299
111,98,0.969082,-0.0162885,0.0205312
111,99,0.967376,-0.0159564,0.0191364
111,100,0.965662,-0.015572,0.0177541
111,101,0.963948,-0.0151343,0.0163903
111,102,0.962242,-0.0146426,0.0150538
111,103,0.960551,-0.014097,0.0137496
111,104,0.958881,-0.0134984,0.0124859
111,105,0.95724,-0.0128487,0.0112667
111,106,0.955634,-0.0121519,0.0100993
111,107,0.954068,-0.0114135,0.00898601
111,108,0.95255,-0.010641,0.00793288
111,109,0.951083,-0.0098435,0.00694043
111,110,0.949673,-0.00903088,0.00601317
111,111,0.948324,-0.00821289,0.0051497
111,112,0.947041,-0.00739755,0.00435304
111,113,0.945828,-0.00658956,0.00362032
111,114,0.944688,-0.00578899,0.00295377
111,115,0.943625,-0.00499041,0.0023502
111,116,0.942641,-0.00418323,0.00181242
111,117,0.941741,-0.00335307,0.00133835
111,118,0.940926,-0.00248465,0.000932351
111,119,0.940199,-0.00156641,0.000593665
111,120,0.939563,-0.000598013,0.000326918
111,121,0.939019,0.000397221,0.00012962
111,122,0.93857,0.00135299,1.29196e-06
111,123,0.938217,0.00213492,-6.97159e-05
111,124,0.937962,0.00252347,-9.35516e-05
111,125,0.937805,0.00224523,-8.67536e-05
111,126,0.937754,0.00114919,-5.07142e-05
111,127,1,-0.00343474,0
112,0,1,0,0
112,1,1.0847,-0.0016338,-8.71131e-05
112,2,1.08449,-0.00483812,-0.000401895
112,3,1.08412,-0.00659564,-0.000865826
112,4,1.0836,-0.00723267,-0.0014274
112,5,1.08292,-0.00716205,-0.00202048
112,6,1.0821,-0.00670593,-0.0025998
112,7,1.08112,-0.00607008,-0.0031363
112,8,1.08,-0.00536661,-0.0036188
112,9,1.07874,-0.00464526,-0.00404039
112,10,1.07734,-0.00391874,-0.00440233
112,11,1.07581,-0.00318047,-0.00470347
112,12,1.07416,-0.00241667,-0.00494562
112,13,1.0724,-0.0016142,-0.005126
112,14,1.07053,-0.000765279,-0.0052435
112,15,1.06856,0.000130837,-0.00529317
112,16,1.0665,0.00106816,-0.00527222
112,17,1.06437,0.00203569,-0.0051755
112,18,1.06216,0.00301948,-0.00500052
112,19,1.05989,0.00400473,-0.00474354
112,20,1.05758,0.00497721,-0.00440357
112,21,1.05523,0.00592423,-0.00397886
112,22,1.05284,0.00683509,-0.00347012
112,23,1.05044,0.00770119,-0.00287752
112,24,1.04803,0.00851585,-0.00220324
112,25,1.04561,0.00927411,-0.00144901
112,26,1.04321,0.00997248,-0.000618181
112,27,1.04081,0.0106086,0.000286317
112,28,1.03844,0.0111811,0.00126024
112,29,1.0361,0.0116893,0.00229972
112,30,1.0338,0.0121333,0.00339983
112,31,1.03154,0.0125133,0.00455597
112,32,1.02932,0.0128302,0.00576272
112,33,1.02716,0.0130851,0.00701495
112,34,1.02506,0.0132792,0.00830686
112,35,1.02302,0.0134141,0.00963298
112,36,1.02104,0.0134913,0.0109873
112,37,1.01914,0.0135126,0.0123643
112,38,1.0173,0.0134799,0.0137578
112,39,1.01554,0.013395,0.0151623
112,40,1.01386,0.01326,0.0165719
112,41,1.01226,0.013077,0.0179812
112,42,1.01073,0.0128481,0.0193846
112,43,1.00929,0.0125754,0.0207769
112,44,1.00793,0.012261,0.022153
112,45,1.00666,0.0119071,0.0235082
112,46,1.00547,0.0115159,0.0248378
112,47,1.00436,0.0110893,0.0261376
112,48,1.00334,0.0106294,0.0274035
112,49,1.0024,0.0101381,0.0286319
112,50,1.00154,0.00961734,0.0298193
112,51,1.00076,0.00906874,0.0309627
112,52,1.00006,0.00849391,0.0320594
112,53,0.999439,0.00789431,0.0331071
112,54,0.998888,0.00727126,0.0341038
112,55,0.998406,0.00662594,0.0350478
112,56,0.997989,0.00595942,0.0359379
112,57,0.997633,0.00527266,0.0367732
112,58,0.997332,0.00456654,0.0375529
112,59,0.997082,0.00384192,0.0382769
112,60,0.996876,0.00309963,0.0389449
112,61,0.996708,0.00234059,0.0395568
112,62,0.996572,0.00156578,0.0401128
112,63,0.996461,0.000776363,0.040613
112,64,0.996369,-2.63383e-05,0.0410573
112,65,0.996289,-0.00084075,0.0414456
112,66,0.996215,-0.00166504,0.0417778
112,67,0.99614,-0.00249707,0.0420535
112,68,0.996059,-0.00333443,0.0422719
112,69,0.995966,-0.00417438,0.0424323
112,70,0.995855,-0.00501391,0.0425338
112,71,0.995721,-0.00584974,0.0425751
112,72,0.995558,-0.00667837,0.0425551
112,73,0.995362,-0.0074961,0.0424724
112,74,0.995126,-0.00829912,0.0423257
112,75,0.994846,-0.00908358,0.0421138
112,76,0.994518,-0.00984559,0.0418354
112,77,0.994135,-0.0105814,0.0414894
112,78,0.993694,-0.0112872,0.0410749
112,79,0.99319,-0.0119597,0.0405912
112,80,0.992618,-0.0125957,0.0400378
112,81,0.991976,-0.0131922,0.0394146
112,82,0.99126,-0.0137466,0.0387218
112,83,0.990468,-0.0142569,0.0379598
112,84,0.989597,-0.0147212,0.0371297
112,85,0.988647,-0.0151381,0.0362328
112,86,0.987616,-0.0155066,0.0352711
112,87,0.986506,-0.0158261,0.034247
112,88,0.985318,-0.0160962,0.0331636
112,89,0.984053,-0.0163167,0.0320242
112,90,0.982716,-0.0164878,0.0308334
112,91,0.981309,-0.0166098,0.0295953
112,92,0.979837,-0.0166827,0.0283156
112,93,0.978307,-0.0167069,0.0269997
112,94,0.976723,-0.0166825,0.0256542
112,95,0.975093,-0.0166093,0.0242851
112,96,0.973424,-0.0164871,0.0229001
112,97,0.971722,-0.0163151,0.0215055
112,98,0.969996,-0.0160927,0.0201097
112,99,0.968254,-0.0158185,0.0187188
112,100,0.966503,-0.0154916,0.0173416
112,101,0.964751,-0.0151105,0.0159839
112,102,0.963006,-0.0146745,0.0146545
112,103,0.961275,-0.0141831,0.0133582
112,104,0.959565,-0.0136368,0.0121035
112,105,0.957883,-0.0130372,0.010894
112,106,0.956235,-0.0123877,0.00973741
112,107,0.954628,-0.0116935,0.0086358
112,108,0.953068,-0.0109614,0.00759572
112,109,0.95156,-0.0102002,0.0066173
112,110,0.950109,-0.00941942,0.00570563
112,111,0.94872,-0.00862873,0.00485891
112,112,0.947397,-0.00783629,0.00408073
112,113,0.946145,-0.00704732,0.00336778
112,114,0.944967,-0.00626285,0.0027229
112,115,0.943867,-0.0054789,0.0021424
112,116,0.942849,-0.00468668,0.00162966
112,117,0.941914,-0.00387379,0.00118202
112,118,0.941067,-0.00302675,0.000804305
112,119,0.94031,-0.00213517,0.000494957
112,120,0.939645,-0.00119863,0.000258757
112,121,0.939074,-0.000238552,9.18032e-05
112,122,0.9386,0.000682932,-6.87813e-06
112,123,0.938224,0.0014375,-5.09493e-05
112,124,0.937949,0.0018104,-5.63633e-05
112,125,0.937776,0.00152227,-4.79322e-05
112,126,0.937704,0.000387317,-1.831e-05
112,127,1,-0.00343474,0
113,0,1,0,0
113,1,1.08507,-0.00238081,-7.99984e-05
113,2,1.08485,-0.00540317,-0.000367662
113,3,1.08447,-0.00704353,-0.000852597
113,4,1.08392,-0.00764892,-0.0014502
113,5,1.08323,-0.00761452,-0.00208493
113,6,1.08237,-0.00723962,-0.00271093
113,7,1.08138,-0.00671093,-0.00329574
113,8,1.08023,-0.0061272,-0.00382688
113,9,1.07895,-0.00552989,-0.00429614
113,10,1.07752,-0.00492729,-0.00470448
113,11,1.07598,-0.00431094,-0.00504975
113,12,1.0743,-0.00366654,-0.00533364
113,13,1.07252,-0.00298106,-0.00555265
113,14,1.07062,-0.0022467,-0.00570566
113,15,1.06863,-0.00146251,-0.00578724
113,16,1.06655,-0.000633949,-0.0057947
113,17,1.06438,0.000228722,-0.00572257
113,18,1.06215,0.0011124,-0.0055686
113,19,1.05986,0.00200304,-0.0053289
113,20,1.05752,0.00288704,-0.00500278
113,21,1.05515,0.00375217,-0.00458846
113,22,1.05274,0.00458799,-0.00408699
113,23,1.05031,0.00538597,-0.00349856
113,24,1.04787,0.00613937,-0.0028257
113,25,1.04543,0.00684306,-0.00207021
113,26,1.043,0.00749329,-0.00123573
113,27,1.04058,0.00808743,-0.000325294
113,28,1.03819,0.0086238,0.000656593
113,29,1.03583,0.00910145,0.00170597
113,30,1.0335,0.00952005,0.00281769
113,31,1.03122,0.00987974,0.00398706
113,32,1.02898,0.010181,0.00520845
113,33,1.0268,0.0104248,0.00647667
113,34,1.02468,0.0106121,0.00778575
113,35,1.02262,0.0107443,0.00913016
113,36,1.02063,0.0108227,0.0105038
113,37,1.01871,0.0108491,0.0119008
113,38,1.01686,0.0108252,0.0133153
113,39,1.01509,0.0107527,0.0147414
113,40,1.0134,0.0106336,0.0161732
113,41,1.01179,0.0104699,0.0176051
113,42,1.01026,0.0102637,0.0190315
113,43,1.00882,0.010017,0.0204471
113,44,1.00746,0.009732,0.0218467
113,45,1.00619,0.00941075,0.0232252
113,46,1.005,0.00905541,0.024578
113,47,1.0039,0.00866807,0.0259006
113,48,1.00289,0.00825079,0.0271888
113,49,1.00196,0.00780555,0.0284386
113,50,1.00112,0.00733427,0.0296465
113,51,1.00036,0.00683877,0.0308091
113,52,0.999689,0.00632075,0.0319234
113,53,0.999094,0.0057818,0.032987
113,54,0.998575,0.0052234,0.0339974
113,55,0.998131,0.00464688,0.0349529
113,56,0.997756,0.00405349,0.035852
113,57,0.997446,0.00344436,0.0366934
113,58,0.997197,0.00282057,0.0374764
113,59,0.997002,0.00218315,0.0382004
113,60,0.996855,0.00153313,0.0388653
113,61,0.996751,0.000871564,0.0394709
113,62,0.996681,0.000199615,0.0400173
113,63,0.996639,-0.000481443,0.0405048
113,64,0.996618,-0.00117016,0.0409334
113,65,0.996611,-0.00186489,0.0413033
113,66,0.996609,-0.00256374,0.0416145
113,67,0.996608,-0.00326458,0.0418668
113,68,0.996599,-0.00396502,0.04206
113,69,0.996575,-0.00466242,0.0421936
113,70,0.996531,-0.00535391,0.0422669
113,71,0.996461,-0.00603644,0.0422792
113,72,0.996357,-0.00670679,0.0422297
113,73,0.996215,-0.00736166,0.0421173
113,74,0.996028,-0.00799769,0.041941
113,75,0.995791,-0.00861155,0.0417
113,76,0.9955,-0.00920003,0.0413932
113,77,0.995148,-0.00976004,0.0410199
113,78,0.994731,-0.0102887,0.0405794
113,79,0.994245,-0.0107835,0.040071
113,80,0.993685,-0.0112421,0.0394948
113,81,0.993049,-0.0116627,0.0388505
113,82,0.992334,-0.0120436,0.0381385
113,83,0.991537,-0.0123838,0.0373595
113,84,0.990656,-0.0126826,0.0365147
113,85,0.989692,-0.0129395,0.0356053
113,86,0.988643,-0.0131547,0.0346337
113,87,0.987512,-0.0133283,0.0336019
113,88,0.986299,-0.013461,0.0325134
113,89,0.985007,-0.0135535,0.0313714
113,90,0.983641,-0.0136066,0.0301802
113,91,0.982203,-0.0136214,0.0289442
113,92,0.980699,-0.0135986,0.0276689
113,93,0.979135,-0.0135391,0.0263594
113,94,0.977517,-0.0134434,0.0250225
113,95,0.975853,-0.0133118,0.0236637
113,96,0.974148,-0.0131442,0.0222907
113,97,0.972412,-0.0129403,0.0209094
113,98,0.970651,-0.0126994,0.0195283
113,99,0.968875,-0.0124204,0.018153
113,100,0.967089,-0.0121022,0.0167925
113,101,0.965304,-0.0117435,0.0154519
113,102,0.963525,-0.0113432,0.0141404
113,103,0.961761,-0.0109006,0.0128623
113,104,0.960018,-0.0104159,0.0116264
113,105,0.958304,-0.00989038,0.0104358
113,106,0.956626,-0.0093266,0.0092989
113,107,0.954988,-0.0087289,0.00821713
113,108,0.953397,-0.0081033,0.00719764
113,109,0.951858,-0.00745726,0.00624014
113,110,0.950377,-0.00679905,0.00535031
113,111,0.948959,-0.00613681,0.00452587
113,112,0.947607,-0.00547721,0.00377107
113,113,0.946326,-0.00482407,0.0030821
113,114,0.945119,-0.00417712,0.00246246
113,115,0.943992,-0.00353139,0.00190797
113,116,0.942946,-0.00287734,0.00142272
113,117,0.941986,-0.00220198,0.0010035
113,118,0.941114,-0.00149116,0.000655765
113,119,0.940333,-0.000733355,0.000377235
113,120,0.939645,7.39634e-05,0.000173032
113,121,0.939053,0.000913165,3.81833e-05
113,122,0.938559,0.00172819,-2.88734e-05
113,123,0.938165,0.00239906,-4.51224e-05
113,124,0.93787,0.00271942,-2.72234e-05
113,125,0.937677,0.00241027,-6.7595e-06
113,126,0.937593,0.0012557,-6.7498e-06
113,127,1,-0.00343474,0
114,0,1,0,0
114,1,1.08546,-0.00139472,-4.89534e-05
114,2,1.0852,-0.004183,-0.000348478
114,3,1.08479,-0.00565698,-0.000854103
114,4,1.08423,-0.00617216,-0.0014871
114,5,1.08351,-0.00610371,-0.00216615
114,6,1.08263,-0.00572834,-0.00283917
114,7,1.08161,-0.00521573,-0.00347157
114,8,1.08045,-0.0046541,-0.00405043
114,9,1.07914,-0.00407961,-0.00456622
114,10,1.0777,-0.00349896,-0.0050198
114,11,1.07613,-0.00290445,-0.00540825
114,12,1.07443,-0.00228363,-0.00573323
114,13,1.07262,-0.00162554,-0.00599055
114,14,1.07071,-0.000924167,-0.00617916
114,15,1.06869,-0.000179629,-0.00629305
114,16,1.06659,0.000602252,-0.0063297
114,17,1.06441,0.00141149,-0.00628327
114,18,1.06215,0.00223579,-0.00615176
114,19,1.05984,0.00306223,-0.00593109
114,20,1.05748,0.00387854,-0.00562087
114,21,1.05508,0.00467388,-0.0052193
114,22,1.05265,0.00543913,-0.00472772
114,23,1.0502,0.00616701,-0.00414637
114,24,1.04774,0.0068519,-0.00347809
114,25,1.04528,0.00748962,-0.00272474
114,26,1.04283,0.00807722,-0.00189026
114,27,1.0404,0.00861273,-0.000977754
114,28,1.03798,0.00909499,8.00987e-06
114,29,1.0356,0.00952342,0.001063
114,30,1.03325,0.00989799,0.00218182
114,31,1.03095,0.010219,0.00335973
114,32,1.0287,0.0104871,0.00459089
114,33,1.0265,0.0107032,0.00587003
114,34,1.02436,0.0108683,0.00719103
114,35,1.02229,0.0109837,0.00854827
114,36,1.02028,0.0110506,0.00993548
114,37,1.01834,0.0110707,0.0113469
114,38,1.01648,0.0110455,0.0127762
114,39,1.0147,0.0109765,0.0142178
114,40,1.013,0.0108655,0.0156654
114,41,1.01138,0.0107144,0.0171135
114,42,1.00984,0.0105248,0.0185562
114,43,1.00839,0.0102986,0.0199882
114,44,1.00703,0.0100377,0.021404
114,45,1.00576,0.00974403,0.0227987
114,46,1.00457,0.00941932,0.0241673
114,47,1.00348,0.00906545,0.0255053
114,48,1.00247,0.00868418,0.0268081
114,49,1.00155,0.00827723,0.0280717
114,50,1.00072,0.00784622,0.0292922
114,51,0.999983,0.00739269,0.0304661
114,52,0.999327,0.00691804,0.0315902
114,53,0.998755,0.00642356,0.0326617
114,54,0.998264,0.00591043,0.033678
114,55,0.997851,0.00537967,0.0346371
114,56,0.997512,0.0048322,0.0355372
114,57,0.997242,0.00426881,0.036377
114,58,0.997037,0.00369024,0.0371554
114,59,0.996891,0.00309716,0.0378719
114,60,0.996797,0.00249021,0.0385262
114,61,0.996749,0.00187009,0.0391182
114,62,0.996739,0.00123756,0.0396479
114,63,0.99676,0.000593499,0.0401158
114,64,0.996805,-6.10301e-05,0.0405221
114,65,0.996865,-0.000724753,0.0408672
114,66,0.996932,-0.00139615,0.0411513
114,67,0.996999,-0.00207341,0.0413747
114,68,0.997058,-0.00275447,0.0415374
114,69,0.997101,-0.00343694,0.0416394
114,70,0.997122,-0.00411819,0.0416804
114,71,0.997114,-0.00479533,0.0416602
114,72,0.997069,-0.00546527,0.0415782
114,73,0.996981,-0.00612477,0.0414338
114,74,0.996844,-0.0067705,0.0412265
114,75,0.996653,-0.0073991,0.0409556
114,76,0.996401,-0.00800724,0.0406206
114,77,0.996084,-0.00859173,0.0402208
114,78,0.995696,-0.00914954,0.039756
114,79,0.995234,-0.00967786,0.0392257
114,80,0.994693,-0.0101742,0.03863
114,81,0.99407,-0.0106364,0.037969
114,82,0.993363,-0.0110626,0.0372432
114,83,0.992569,-0.0114514,0.0364534
114,84,0.991688,-0.0118018,0.0356008
114,85,0.990718,-0.0121131,0.0346867
114,86,0.989661,-0.0123849,0.0337136
114,87,0.988517,-0.0126172,0.0326835
114,88,0.987289,-0.0128103,0.0315997
114,89,0.985979,-0.0129646,0.0304655
114,90,0.984591,-0.0130807,0.0292852
114,91,0.98313,-0.0131592,0.0280627
114,92,0.981602,-0.0132008,0.0268038
114,93,0.980011,-0.0132059,0.0255129
114,94,0.978365,-0.0131749,0.024197
114,95,0.976671,-0.0131078,0.022861
114,96,0.974936,-0.0130044,0.0215128
114,97,0.973169,-0.0128641,0.0201574
114,98,0.971376,-0.0126861,0.0188035
114,99,0.969566,-0.0124692,0.0174561
114,100,0.967747,-0.0122119,0.0161242
114,101,0.965927,-0.011913,0.0148125
114,102,0.964114,-0.011571,0.0135301
114,103,0.962315,-0.0111851,0.0122809
114,104,0.960537,-0.0107551,0.0110739
114,105,0.958787,-0.0102819,0.00991193
114,106,0.957072,-0.00976785,0.00880348
114,107,0.955398,-0.00921676,0.00774965
114,108,0.953771,-0.0086342,0.00675811
114,109,0.952196,-0.00802719,0.00582805
114,110,0.950679,-0.00740369,0.00496577
114,111,0.949225,-0.00677164,0.00416847
114,112,0.947838,-0.00613785,0.00344107
114,113,0.946523,-0.00550663,0.00277925
114,114,0.945283,-0.0048787,0.00218728
114,115,0.944123,-0.00425052,0.00166049
114,116,0.943046,-0.00361435,0.00120379
114,117,0.942055,-0.00295919,0.000813505
114,118,0.941154,-0.00227259,0.000495922
114,119,0.940345,-0.00154398,0.000248171
114,120,0.939632,-0.000770361,7.60014e-05
114,121,0.939015,3.32869e-05,-2.6761e-05
114,122,0.938498,0.000816461,-6.17572e-05
114,123,0.938082,0.00146788,-4.79072e-05
114,124,0.937768,0.00179079,-7.06595e-06
114,125,0.937561,0.00150802,2.10277e-05
114,126,0.937456,0.00037984,2.08407e-05
114,127,1,-0.00343474,0
115,0,1,0,0
115,1,1.08589,-0.00213477,-4.88309e-05
115,2,1.08563,-0.0046634,-0.000333606
115,3,1.08521,-0.00598066,-0.00086592
115,4,1.08462,-0.00644501,-0.00153758
115,5,1.08389,-0.00640552,-0.00225856
115,6,1.083,-0.00611132,-0.00297648
115,7,1.08196,-0.00571039,-0.00365387
115,8,1.08078,-0.00527606,-0.00427723
115,9,1.07945,-0.00483555,-0.00483625
115,10,1.07799,-0.00439083,-0.00533207
115,11,1.0764,-0.00393217,-0.00576103
115,12,1.07469,-0.00344658,-0.00612498
115,13,1.07286,-0.002923,-0.00641906
115,14,1.07093,-0.00235524,-0.00664231
115,15,1.06889,-0.00174293,-0.00678819
115,16,1.06677,-0.00109103,-0.00685431
115,17,1.06457,-0.000408443,-0.00683446
115,18,1.06229,0.000293715,-0.00672686
115,19,1.05996,0.00100364,-0.0065272
115,20,1.05758,0.00171,-0.00623539
115,21,1.05516,0.00240266,-0.0058495
115,22,1.05271,0.00307296,-0.0053712
115,23,1.05024,0.00371388,-0.00480069
115,24,1.04775,0.00431982,-0.00414111
115,25,1.04527,0.00488654,-0.00339431
115,26,1.0428,0.00541086,-0.00256454
115,27,1.04034,0.00589057,-0.00165491
115,28,1.03791,0.00632416,-0.000670457
115,29,1.0355,0.00671076,0.000384743
115,30,1.03314,0.00704999,0.00150507
115,31,1.03082,0.00734186,0.00268573
115,32,1.02855,0.0075867,0.00392068
115,33,1.02633,0.00778511,0.0052046
115,34,1.02417,0.00793791,0.00653118
115,35,1.02208,0.00804611,0.00789478
115,36,1.02006,0.00811084,0.00928894
115,37,1.01811,0.0081334,0.0107079
115,38,1.01624,0.00811518,0.0121451
115,39,1.01444,0.00805769,0.0135949
115,40,1.01273,0.00796251,0.015051
115,41,1.0111,0.00783129,0.0165078
115,42,1.00955,0.00766575,0.0179591
115,43,1.0081,0.00746767,0.0193998
115,44,1.00673,0.00723885,0.020824
115,45,1.00545,0.00698111,0.0222269
115,46,1.00427,0.00669629,0.0236032
115,47,1.00318,0.00638621,0.0249482
115,48,1.00217,0.00605267,0.0262573
115,49,1.00126,0.00569743,0.0275263
115,50,1.00044,0.00532216,0.028751
115,51,0.999715,0.00492848,0.0299278
115,52,0.999075,0.00451791,0.0310532
115,53,0.998523,0.00409186,0.0321243
115,54,0.998055,0.00365162,0.0331382
115,55,0.997669,0.00319838,0.0340926
115,56,0.99736,0.00273321,0.0349857
115,57,0.997126,0.00225707,0.0358159
115,58,0.996959,0.00177085,0.0365822
115,59,0.996856,0.00127536,0.0372837
115,60,0.996809,0.000771413,0.0379202
115,61,0.996811,0.00025981,0.0384916
115,62,0.996855,-0.000258585,0.0389982
115,63,0.996933,-0.000782815,0.0394403
115,64,0.997036,-0.00131178,0.0398185
115,65,0.997155,-0.00184422,0.0401334
115,66,0.997284,-0.00237865,0.0403857
115,67,0.997412,-0.00291337,0.0405759
115,68,0.997531,-0.00344645,0.0407046
115,69,0.997633,-0.00397574,0.0407721
115,70,0.99771,-0.00449886,0.0407786
115,71,0.997755,-0.00501327,0.0407243
115,72,0.997759,-0.0055163,0.0406092
115,73,0.997717,-0.00600519,0.040433
115,74,0.99762,-0.00647717,0.0401957
115,75,0.997464,-0.00692952,0.0398969
115,76,0.997241,-0.00735962,0.0395363
115,77,0.996948,-0.00776503,0.0391138
115,78,0.996578,-0.00814356,0.0386291
115,79,0.996128,-0.00849328,0.0380823
115,80,0.995594,-0.00881261,0.0374733
115,81,0.994973,-0.00910031,0.0368026
115,82,0.994263,-0.00935553,0.0360707
115,83,0.993461,-0.0095778,0.0352785
115,84,0.992568,-0.00976699,0.0344271
115,85,0.991583,-0.00992336,0.0335181
115,86,0.990506,-0.0100475,0.0325537
115,87,0.98934,-0.0101401,0.0315359
115,88,0.988088,-0.0102023,0.030468
115,89,0.986751,-0.0102352,0.029353
115,90,0.985335,-0.01024,0.0281952
115,91,0.983845,-0.010218,0.0269982
115,92,0.982286,-0.0101702,0.0257676
115,93,0.980664,-0.0100977,0.0245075
115,94,0.978987,-0.0100011,0.0232246
115,95,0.977261,-0.00988079,0.0219235
115,96,0.975495,-0.0097368,0.0206117
115,97,0.973696,-0.00956877,0.0192939
115,98,0.971872,-0.00937596,0.0179785
115,99,0.970031,-0.00915728,0.01667
115,100,0.968182,-0.00891139,0.0153774
115,101,0.966333,-0.00863681,0.0141045
115,102,0.96449,-0.00833215,0.0128609
115,103,0.962662,-0.00799634,0.0116496
115,104,0.960856,-0.00762891,0.0104802
115,105,0.959079,-0.00723034,0.00935446
115,106,0.957336,-0.00680232,0.00828163
115,107,0.955635,-0.00634797,0.00726216
115,108,0.953981,-0.00587191,0.00630426
115,109,0.95238,-0.00538004,0.00540655
115,110,0.950837,-0.004879,0.00457595
115,111,0.949356,-0.00437536,0.00380908
115,112,0.947944,-0.00387448,0.00311158
115,113,0.946603,-0.00337932,0.00247854
115,114,0.945338,-0.00288941,0.00191505
115,115,0.944153,-0.00240028,0.00141593
115,116,0.943052,-0.00190347,0.000987048
115,117,0.942038,-0.0013873,0.000624292
115,118,0.941115,-0.000838534,0.000334999
115,119,0.940285,-0.000245205,0.000115842
115,120,0.939551,0.000398246,-2.64953e-05
115,121,0.938915,0.00108138,-9.88945e-05
115,122,0.93838,0.0017611,-0.000102954
115,123,0.937946,0.00233684,-6.05572e-05
115,124,0.937615,0.00262457,6.02456e-06
115,125,0.937388,0.00235556,5.05858e-05
115,126,0.937272,0.00127196,2.93252e-05
115,127,1,-0.00343474,0
116,0,1,0,0
116,1,1.08631,-0.0010473,-2.64548e-05
116,2,1.08602,-0.00327202,-0.000330585
116,3,1.08558,-0.00438693,-0.000886889
116,4,1.08498,-0.00474117,-0.00159302
116,5,1.08423,-0.00465606,-0.00235362
116,6,1.08332,-0.00435382,-0.00311131
116,7,1.08227,-0.00396291,-0.0038273
116,8,1.08107,-0.00354491,-0.00448865
116,9,1.07973,-0.00312127,-0.00508455
116,10,1.07825,-0.00269232,-0.00561674
116,11,1.07664,-0.00224911,-0.00608109
116,12,1.07491,-0.00178055,-0.00647976
116,13,1.07307,-0.00127772,-0.00680723
116,14,1.07111,-0.000736149,-0.00706269
116,15,1.06906,-0.000156581,-0.00723897
116,16,1.06692,0.000455643,-0.00733384
116,17,1.0647,0.00109188,-0.00734062
116,18,1.06241,0.00174175,-0.00725774
116,19,1.06006,0.00239448,-0.00708063
116,20,1.05766,0.00303998,-0.00680943
116,21,1.05522,0.00366935,-0.00644206
116,22,1.05275,0.00427521,-0.00598046
116,23,1.05026,0.00485165,-0.00542476
116,24,1.04776,0.00539415,-0.00477835
116,25,1.04526,0.00589933,-0.00404305
116,26,1.04277,0.0063648,-0.00322335
116,27,1.0403,0.00678897,-0.00232235
116,28,1.03784,0.00717085,-0.00134532
116,29,1.03542,0.00750997,-0.000296343
116,30,1.03304,0.00780623,0.000818763
116,31,1.0307,0.00805987,0.00199518
116,32,1.02841,0.00827133,0.00322668
116,33,1.02618,0.00844128,0.00450793
116,34,1.02401,0.00857054,0.00583244
116,35,1.0219,0.00866006,0.00719454
116,36,1.01986,0.00871091,0.00858763
116,37,1.0179,0.00872426,0.0100059
116,38,1.01601,0.00870134,0.0114427
116,39,1.0142,0.00864347,0.0128924
116,40,1.01248,0.00855204,0.0143484
116,41,1.01084,0.00842848,0.0158051
116,42,1.00928,0.00827428,0.0172564
116,43,1.00782,0.00809096,0.0186968
116,44,1.00644,0.00788007,0.0201206
116,45,1.00516,0.00764317,0.0215227
116,46,1.00397,0.00738181,0.0228977
116,47,1.00288,0.00709755,0.0242409
116,48,1.00188,0.00679191,0.0255474
116,49,1.00097,0.00646635,0.0268129
116,50,1.00016,0.00612229,0.0280331
116,51,0.999438,0.00576104,0.0292043
116,52,0.99881,0.00538385,0.0303226
116,53,0.998272,0.00499184,0.031385
116,54,0.997823,0.00458602,0.0323885
116,55,0.997459,0.00416729,0.0333306
116,56,0.997176,0.00373641,0.0342092
116,57,0.996972,0.00329407,0.0350227
116,58,0.996839,0.00284084,0.03577
116,59,0.996774,0.00237722,0.0364501
116,60,0.996768,0.0019037,0.0370628
116,61,0.996816,0.00142076,0.0376081
116,62,0.996908,0.000928925,0.0380863
116,63,0.997038,0.000428814,0.0384979
116,64,0.997195,-7.88127e-05,0.0388439
116,65,0.997371,-0.000593017,0.0391251
116,66,0.997556,-0.00111265,0.0393425
116,67,0.997742,-0.00163631,0.0394971
116,68,0.997919,-0.00216236,0.0395899
116,69,0.998078,-0.00268889,0.0396217
116,70,0.99821,-0.00321377,0.0395932
116,71,0.998308,-0.00373462,0.0395051
116,72,0.998362,-0.00424893,0.0393577
116,73,0.998365,-0.00475402,0.0391513
116,74,0.99831,-0.00524717,0.0388863
116,75,0.998191,-0.00572566,0.0385626
116,76,0.998001,-0.00618683,0.0381805
116,77,0.997735,-0.00662812,0.0377398
116,78,0.997388,-0.00704721,0.0372407
116,79,0.996956,-0.00744198,0.0366834
116,80,0.996435,-0.0078106,0.0360681
116,81,0.995822,-0.00815159,0.0353951
116,82,0.995116,-0.00846378,0.0346653
116,83,0.994314,-0.00874636,0.0338793
116,84,0.993416,-0.00899886,0.0330386
116,85,0.992423,-0.00922113,0.0321444
116,86,0.991335,-0.00941332,0.031199
116,87,0.990155,-0.00957585,0.0302042
116,88,0.988886,-0.00970931,0.0291633
116,89,0.98753,-0.00981445,0.0280788
116,90,0.986093,-0.00989209,0.026955
116,91,0.98458,-0.00994305,0.0257952
116,92,0.982997,-0.00996808,0.0246048
116,93,0.98135,-0.00996777,0.0233873
116,94,0.979646,-0.00994252,0.0221493
116,95,0.977893,-0.00989244,0.0208947
116,96,0.976099,-0.00981733,0.0196309
116,97,0.974272,-0.00971664,0.018362
116,98,0.972419,-0.00958949,0.0170961
116,99,0.970549,-0.00943467,0.0158371
116,100,0.968671,-0.00925075,0.0145939
116,101,0.966791,-0.0090362,0.0133697
116,102,0.964919,-0.00878954,0.012174
116,103,0.963061,-0.00850958,0.0110092
116,104,0.961224,-0.00819573,0.00988501
116,105,0.959416,-0.00784823,0.00880275
116,106,0.957643,-0.0074685,0.0077719
116,107,0.955911,-0.00705931,0.00679231
116,108,0.954226,-0.00662488,0.00587271
116,109,0.952594,-0.00617068,0.00501108
116,110,0.95102,-0.00570303,0.00421498
116,111,0.94951,-0.00522831,0.00348038
116,112,0.948067,-0.00475201,0.00281365
116,113,0.946696,-0.00427765,0.00220926
116,114,0.945403,-0.0038058,0.00167316
116,115,0.94419,-0.00333353,0.00119964
116,116,0.943062,-0.00285433,0.000795614
116,117,0.942022,-0.00235863,0.000456582
116,118,0.941073,-0.001835,0.000191127
116,119,0.940219,-0.0012724,-4.32951e-06
116,120,0.939462,-0.000664538,-0.000121774
116,121,0.938805,-1.85075e-05,-0.000168673
116,122,0.938249,0.000629622,-0.000145844
116,123,0.937797,0.00119074,-7.65674e-05
116,124,0.937449,0.00149533,1.27217e-05
116,125,0.937208,0.00128443,6.80923e-05
116,126,0.937073,0.000288565,5.14853e-05
116,127,1,-0.00343474,0
117,0,1,0,0
117,1,1.08675,-0.00178668,-3.09307e-05
117,2,1.08645,-0.00368973,-0.000327905
117,3,1.086,-0.00461875,-0.000909128
117,4,1.08539,-0.00491105,-0.00164605
117,5,1.08463,-0.00485373,-0.00243602
117,6,1.08372,-0.00463649,-0.0032226
117,7,1.08265,-0.00436324,-0.00396571
117,8,1.08144,-0.00407948,-0.00465339
117,9,1.08009,-0.00379746,-0.00527507
117,10,1.0786,-0.00351303,-0.00583355
117,11,1.07698,-0.00321556,-0.00632436
117,12,1.07523,-0.00289364,-0.00675011
117,13,1.07337,-0.00253835,-0.0071046
117,14,1.0714,-0.00214501,-0.00738719
117,15,1.06934,-0.0017137,-0.00759004
117,16,1.06718,-0.00124864,-0.00771104
117,17,1.06494,-0.000757086,-0.007743
117,18,1.06263,-0.000247922,-0.00768453
117,19,1.06027,0.000269519,-0.00753069
117,20,1.05785,0.000786344,-0.00728183
117,21,1.05539,0.00129464,-0.00693563
117,22,1.05291,0.00178768,-0.00649426
117,23,1.0504,0.00225999,-0.00595764
117,24,1.04788,0.00270722,-0.0053294
117,25,1.04537,0.00312602,-0.00461124
117,26,1.04286,0.00351389,-0.00380782
117,27,1.04036,0.00386899,-0.00292217
117,28,1.03789,0.00419007,-0.00195975
117,29,1.03545,0.00447635,-0.000924571
117,30,1.03305,0.00472742,0.000177361
117,31,1.0307,0.00494316,0.00134126
117,32,1.02839,0.00512374,0.00256075
117,33,1.02614,0.0052695,0.0038305
117,34,1.02395,0.005381,0.00514389
117,35,1.02183,0.00545893,0.00649523
117,36,1.01978,0.00550411,0.00787781
117,37,1.0178,0.0055175,0.00928579
117,38,1.0159,0.00550015,0.0107125
117,39,1.01407,0.00545318,0.0121521
117,40,1.01234,0.00537783,0.013598
117,41,1.01068,0.0052754,0.0150447
117,42,1.00912,0.00514725,0.0164858
117,43,1.00765,0.00499479,0.0179158
117,44,1.00627,0.00481949,0.019329
117,45,1.00498,0.00462284,0.0207201
117,46,1.00378,0.00440635,0.0220837
117,47,1.00269,0.00417153,0.023415
117,48,1.00168,0.0039199,0.024709
117,49,1.00078,0.00365292,0.0259613
117,50,0.999969,0.00337204,0.0271674
117,51,0.999254,0.00307862,0.0283234
117,52,0.998635,0.00277396,0.0294255
117,53,0.998109,0.00245927,0.0304703
117,54,0.997674,0.00213566,0.0314548
117,55,0.997328,0.00180412,0.0323764
117,56,0.997067,0.00146554,0.0332328
117,57,0.996887,0.0011207,0.0340225
117,58,0.996783,0.000770287,0.0347439
117,59,0.99675,0.00041491,0.0353964
117,60,0.99678,5.51319e-05,0.0359796
117,61,0.996867,-0.000308506,0.0364937
117,62,0.997001,-0.000675442,0.036939
117,63,0.997176,-0.00104506,0.0373165
117,64,0.99738,-0.00141664,0.0376271
117,65,0.997605,-0.00178934,0.0378721
117,66,0.997841,-0.00216215,0.038053
117,67,0.998077,-0.00253386,0.0381711
117,68,0.998304,-0.00290309,0.0382279
117,69,0.998512,-0.00326824,0.0382247
117,70,0.998691,-0.00362756,0.0381627
117,71,0.998832,-0.00397911,0.038043
117,72,0.998927,-0.00432087,0.0378665
117,73,0.998968,-0.00465075,0.037634
117,74,0.998946,-0.00496664,0.0373461
117,75,0.998856,-0.00526649,0.0370033
117,76,0.99869,-0.00554837,0.0366059
117,77,0.998442,-0.00581051,0.0361542
117,78,0.998109,-0.00605138,0.0356486
117,79,0.997685,-0.00626971,0.0350892
117,80,0.997168,-0.00646452,0.0344766
117,81,0.996555,-0.00663518,0.0338111
117,82,0.995843,-0.00678136,0.0330935
117,83,0.995032,-0.0069031,0.0323245
117,84,0.994122,-0.00700073,0.0315053
117,85,0.993112,-0.00707489,0.0306372
117,86,0.992006,-0.00712647,0.0297223
117,87,0.990805,-0.00715653,0.0287621
117,88,0.989512,-0.00716634,0.0277599
117,89,0.988132,-0.0071572,0.0267177
117,90,0.986669,-0.00713045,0.0256398
117,91,0.985129,-0.00708737,0.0245288
117,92,0.983518,-0.00702912,0.02339
117,93,0.981843,-0.00695665,0.0222264
117,94,0.980111,-0.00687065,0.0210443
117,95,0.97833,-0.00677151,0.019847
117,96,0.976508,-0.00665922,0.0186416
117,97,0.974653,-0.00653345,0.0174315
117,98,0.972773,-0.00639343,0.0162247
117,99,0.970877,-0.00623808,0.0150242
117,100,0.968973,-0.00606604,0.0138389
117,101,0.967068,-0.00587579,0.0126712
117,102,0.96517,-0.00566579,0.0115306
117,103,0.963288,-0.00543475,0.0104188
117,104,0.961427,-0.00518182,0.00934571
117,105,0.959595,-0.0049069,0.0083119
117,106,0.957799,-0.00461088,0.00732724
117,107,0.956044,-0.00429583,0.00639087
117,108,0.954336,-0.00396508,0.00551206
117,109,0.952682,-0.00362301,0.00468807
117,110,0.951085,-0.00327471,0.0039271
117,111,0.949552,-0.00292523,0.00322441
117,112,0.948087,-0.00257872,0.00258709
117,113,0.946694,-0.00223745,0.00200893
117,114,0.945379,-0.00190095,0.00149674
117,115,0.944145,-0.00156546,0.00104422
117,116,0.942996,-0.00122389,0.000659353
117,117,0.941936,-0.000866162,0.000337253
117,118,0.940968,-0.000480147,8.79037e-05
117,119,0.940096,-5.34306e-05,-9.23607e-05
117,120,0.939322,0.000423018,-0.000193804
117,121,0.938648,0.000947226,-0.000223761
117,122,0.938077,0.00149183,-0.000181758
117,123,0.93761,0.00198091,-9.28674e-05
117,124,0.937248,0.00226216,1.6934e-05
117,125,0.93699,0.00209325,8.7981e-05
117,126,0.936844,0.00119966,5.70947e-05
117,127,1,-0.00343474,0
118,0,1,0,0
118,1,1.08715,-0.000613711,-1.49359e-05
118,2,1.08683,-0.00216143,-0.000330201
118,3,1.08636,-0.00286595,-0.000925305
118,4,1.08575,-0.00303963,-0.00167773
118,5,1.08497,-0.00293373,-0.00248149
118,6,1.08405,-0.00270637,-0.00327813
118,7,1.08297,-0.00243957,-0.0040287
118,8,1.08175,-0.00216639,-0.00472378
118,9,1.08039,-0.00189357,-0.0053536
118,10,1.07888,-0.0016159,-0.00592236
118,11,1.07725,-0.00132409,-0.00642546
118,12,1.07549,-0.001009,-0.00686593
118,13,1.07362,-0.000664035,-0.00723689
118,14,1.07164,-0.000286364,-0.00753779
118,15,1.06956,0.000122821,-0.00776007
118,16,1.06738,0.000558877,-0.00790167
118,17,1.06513,0.00101477,-0.00795484
118,18,1.06281,0.00148226,-0.00791829
118,19,1.06043,0.00195297,-0.00778666
118,20,1.058,0.0024191,-0.00756045
118,21,1.05553,0.00287387,-0.007237
118,22,1.05302,0.00331169,-0.00681862
118,23,1.0505,0.00372812,-0.006305
118,24,1.04797,0.00411975,-0.00569987
118,25,1.04544,0.00448405,-0.00500474
118,26,1.04291,0.00481924,-0.00422439
118,27,1.0404,0.0051241,-0.00336168
118,28,1.03792,0.00539788,-0.00242218
118,29,1.03546,0.00564018,-0.00140978
118,30,1.03305,0.0058509,-0.00033059
118,31,1.03068,0.00603017,0.000810702
118,32,1.02836,0.0061783,0.00200761
118,33,1.02609,0.00629573,0.00325488
118,34,1.02389,0.00638306,0.00454579
118,35,1.02175,0.00644096,0.00587471
118,36,1.01968,0.0064702,0.00723485
118,37,1.01769,0.00647165,0.00862038
118,38,1.01577,0.00644622,0.0100246
118,39,1.01394,0.00639492,0.0114416
118,40,1.01219,0.00631877,0.0128649
118,41,1.01052,0.0062189,0.0142888
118,42,1.00895,0.00609643,0.015707
118,43,1.00746,0.00595257,0.017114
118,44,1.00607,0.00578853,0.0185039
118,45,1.00478,0.00560554,0.0198715
118,46,1.00358,0.00540487,0.0212113
118,47,1.00247,0.00518775,0.0225185
118,48,1.00147,0.00495543,0.0237879
118,49,1.00056,0.0047091,0.0250152
118,50,0.999754,0.00444994,0.0261958
118,51,0.999044,0.00417904,0.0273256
118,52,0.99843,0.00389743,0.0284008
118,53,0.997913,0.00360603,0.029418
118,54,0.99749,0.0033057,0.0303739
118,55,0.997158,0.00299715,0.0312659
118,56,0.996915,0.00268101,0.0320917
118,57,0.996757,0.00235778,0.0328495
118,58,0.996678,0.00202787,0.0335381
118,59,0.996673,0.00169164,0.0341566
118,60,0.996736,0.00134934,0.0347047
118,61,0.996858,0.00100123,0.0351828
118,62,0.997031,0.000647594,0.0355913
118,63,0.997247,0.000288739,0.0359313
118,64,0.997495,-7.49159e-05,0.0362043
118,65,0.997766,-0.000442822,0.0364117
118,66,0.998049,-0.000814261,0.0365555
118,67,0.998333,-0.00118832,0.0366374
118,68,0.998608,-0.00156388,0.0366593
118,69,0.998864,-0.00193959,0.0366231
118,70,0.999089,-0.00231393,0.0365304
118,71,0.999275,-0.00268514,0.036383
118,72,0.999411,-0.00305137,0.036182
118,73,0.99949,-0.00341061,0.0359287
118,74,0.999503,-0.00376084,0.0356242
118,75,0.999443,-0.00410003,0.0352691
118,76,0.999304,-0.00442618,0.0348642
118,77,0.999079,-0.00473746,0.03441
118,78,0.998763,-0.00503218,0.0339069
118,79,0.998353,-0.00530885,0.0333553
118,80,0.997845,-0.00556626,0.0327556
118,81,0.997236,-0.00580347,0.0321083
118,82,0.996525,-0.00601979,0.0314141
118,83,0.995712,-0.00621487,0.0306735
118,84,0.994795,-0.00638861,0.0298878
118,85,0.993777,-0.00654117,0.0290579
118,86,0.992658,-0.00667295,0.0281858
118,87,0.991442,-0.0067845,0.0272727
118,88,0.990133,-0.00687655,0.0263216
118,89,0.988734,-0.00694988,0.0253342
118,90,0.987251,-0.00700532,0.0243145
118,91,0.985689,-0.00704365,0.0232646
118,92,0.984056,-0.00706556,0.0221894
118,93,0.982357,-0.00707157,0.0210915
118,94,0.980601,-0.00706201,0.0199768
118,95,0.978795,-0.00703693,0.0188478
118,96,0.976949,-0.00699612,0.0177115
118,97,0.975068,-0.00693901,0.0165704
118,98,0.973164,-0.00686477,0.0154323
118,99,0.971242,-0.00677226,0.0142993
118,100,0.969312,-0.00666012,0.0131803
118,101,0.967382,-0.00652686,0.0120767
118,102,0.96546,-0.00637102,0.0109981
118,103,0.963552,-0.00619134,0.00994533
118,104,0.961666,-0.00598697,0.00892848
118,105,0.959809,-0.00575773,0.00794734
118,106,0.957987,-0.00550436,0.00701208
118,107,0.956206,-0.00522866,0.00612111
118,108,0.954473,-0.00493361,0.00528415
118,109,0.952793,-0.00462324,0.00449777
118,110,0.951171,-0.0043023,0.00377072
118,111,0.949612,-0.0039757,0.00309756
118,112,0.948122,-0.00364773,0.00248605
118,113,0.946705,-0.00332126,0.00192927
118,114,0.945366,-0.00299698,0.00143486
118,115,0.944108,-0.00267284,0.000995862
118,116,0.942937,-0.00234397,0.000621308
118,117,0.941855,-0.00200271,0.000305877
118,118,0.940866,-0.00163917,6.10081e-05
118,119,0.939974,-0.0012423,-0.000116893
118,120,0.939181,-0.000802635,-0.000215956
118,121,0.93849,-0.000318593,-0.000242987
118,122,0.937902,0.000190613,-0.000195089
118,123,0.93742,0.000663288,-9.70578e-05
118,124,0.937044,0.000966851,2.3239e-05
118,125,0.936776,0.000877331,0.000100002
118,126,0.936615,0.000122121,7.40463e-05
118,127,1,-0.00343474,0
119,0,1,0,0
119,1,1.08753,-0.00136367,-2.02549e-05
119,2,1.08722,-0.00255417,-0.000322572
119,3,1.08675,-0.00306511,-0.00091818
119,4,1.08613,-0.0031823,-0.00166408
119,5,1.08535,-0.00311365,-0.00245174
119,6,1.08442,-0.00297974,-0.00322768
119,7,1.08334,-0.00283621,-0.0039554
119,8,1.08211,-0.00270024,-0.00462901
119,9,1.08074,-0.00257052,-0.00524039
119,10,1.07923,-0.00243863,-0.00579541
119,11,1.07758,-0.00229459,-0.00628931
119,12,1.07582,-0.00212954,-0.0067255
119,13,1.07393,-0.00193717,-0.00709632
119,14,1.07194,-0.00171447,-0.00740124
119,15,1.06985,-0.00146183,-0.00763093
119,16,1.06766,-0.00118259,-0.00778336
119,17,1.0654,-0.000882113,-0.00785013
119,18,1.06306,-0.000566878,-0.00783005
119,19,1.06067,-0.000243589,-0.00771721
119,20,1.05822,8.14232e-05,-0.00751223
119,21,1.05574,0.000402556,-0.00721198
119,22,1.05322,0.000715078,-0.00681886
119,23,1.05069,0.00101513,-0.00633214
119,24,1.04814,0.00129963,-0.00575561
119,25,1.04559,0.0015662,-0.00509043
119,26,1.04305,0.00181302,-0.0043414
119,27,1.04053,0.00203874,-0.0035111
119,28,1.03803,0.00224239,-0.00260511
119,29,1.03556,0.00242333,-0.0016271
119,30,1.03313,0.00258116,-0.000583168
119,31,1.03074,0.00271572,0.000522168
119,32,1.02841,0.00282701,0.00168241
119,33,1.02613,0.00291519,0.00289245
119,34,1.02391,0.00298058,0.00414555
119,35,1.02176,0.00302359,0.00543621
119,36,1.01967,0.00304475,0.00675761
119,37,1.01766,0.00304469,0.00810405
119,38,1.01574,0.00302411,0.00946877
119,39,1.01389,0.00298382,0.010846
119,40,1.01212,0.00292467,0.0122293
119,41,1.01045,0.00284761,0.0136128
119,42,1.00886,0.00275363,0.0149905
119,43,1.00737,0.00264378,0.0163568
119,44,1.00597,0.00251917,0.0177059
119,45,1.00466,0.00238092,0.0190325
119,46,1.00346,0.00223021,0.0203313
119,47,1.00235,0.0020682,0.0215973
119,48,1.00134,0.00189607,0.0228255
119,49,1.00043,0.001715,0.0240115
119,50,0.99962,0.00152612,0.0251506
119,51,0.99891,0.00133053,0.026239
119,52,0.9983,0.00112925,0.0272726
119,53,0.997788,0.000923257,0.0282481
119,54,0.997373,0.000713416,0.0291621
119,55,0.997053,0.0005005,0.0300122
119,56,0.996824,0.00028518,0.0307958
119,57,0.996682,6.80178e-05,0.0315113
119,58,0.996623,-0.000150523,0.0321574
119,59,0.996642,-0.000370072,0.0327334
119,60,0.996731,-0.000590325,0.0332391
119,61,0.996882,-0.000811031,0.0336749
119,62,0.997088,-0.00103195,0.0340415
119,63,0.997339,-0.00125283,0.0343404
119,64,0.997624,-0.00147336,0.0345731
119,65,0.997934,-0.00169316,0.0347417
119,66,0.998257,-0.0019117,0.0348483
119,67,0.998582,-0.00212836,0.0348952
119,68,0.998898,-0.00234231,0.0348848
119,69,0.999193,-0.00255262,0.0348193
119,70,0.999457,-0.00275816,0.034701
119,71,0.99968,-0.00295771,0.0345319
119,72,0.99985,-0.00314993,0.0343138
119,73,0.99996,-0.00333345,0.0340482
119,74,1,-0.00350686,0.0337365
119,75,0.999964,-0.00366882,0.0333797
119,76,0.999843,-0.00381806,0.0329787
119,77,0.999633,-0.00395347,0.0325342
119,78,0.999328,-0.00407412,0.0320467
119,79,0.998924,-0.0041793,0.0315165
119,80,0.998418,-0.00426855,0.0309441
119,81,0.997808,-0.00434168,0.0303298
119,82,0.997092,-0.00439875,0.0296742
119,83,0.996269,-0.0044401,0.0289775
119,84,0.99534,-0.00446632,0.028241
119,85,0.994307,-0.0044782,0.027465
119,86,0.993171,-0.00447674,0.0266514
119,87,0.991936,-0.00446305,0.0258011
119,88,0.990606,-0.00443836,0.0249166
119,89,0.989185,-0.00440391,0.0239993
119,90,0.987678,-0.00436092,0.0230527
119,91,0.986093,-0.00431055,0.0220783
119,92,0.984435,-0.0042538,0.0210809
119,93,0.982712,-0.00419149,0.0200621
119,94,0.980931,-0.00412419,0.0190276
119,95,0.979101,-0.00405219,0.0179791
119,96,0.97723,-0.00397545,0.0169235
119,97,0.975326,-0.00389362,0.015862
119,98,0.973398,-0.00380599,0.0148026
119,99,0.971454,-0.00371158,0.0137462
119,100,0.969503,-0.00360913,0.0127016
119,101,0.967551,-0.00349722,0.0116693
119,102,0.965607,-0.00337441,0.010659
119,103,0.963679,-0.00323937,0.00967043
119,104,0.961773,-0.0030911,0.00871386
119,105,0.959896,-0.00292912,0.00778828
119,106,0.958055,-0.00275372,0.00690412
119,107,0.956255,-0.00256606,0.00605902
119,108,0.954503,-0.00236829,0.00526313
119,109,0.952804,-0.0021634,0.00451227
119,110,0.951163,-0.00195496,0.00381576
119,111,0.949586,-0.00174659,0.00316739
119,112,0.948078,-0.00154132,0.00257561
119,113,0.946642,-0.00134086,0.00203272
119,114,0.945285,-0.00114494,0.00154712
119,115,0.94401,-0.000950865,0.00111111
119,116,0.942821,-0.000753352,0.000734647
119,117,0.941723,-0.000544563,0.00041186
119,118,0.940718,-0.00031434,0.000155564
119,119,0.939811,-5.08374e-05,-3.77668e-05
119,120,0.939004,0.000257581,-0.000153877
119,121,0.938301,0.00061731,-0.00019824
119,122,0.937701,0.00101842,-0.000164574
119,123,0.937208,0.00141456,-7.67049e-05
119,124,0.936822,0.00169502,4.06279e-05
119,125,0.936542,0.00166124,0.000118492
119,126,0.936373,0.00104974,7.80882e-05
119,127,1,-0.00343474,0
120,0,1,0,0
120,1,1.08786,-0.00013086,-6.09358e-06
120,2,1.08754,-0.000953268,-0.000303822
120,3,1.08707,-0.00124732,-0.000867559
120,4,1.08644,-0.00125865,-0.00156591
120,5,1.08566,-0.00115071,-0.00229425
120,6,1.08473,-0.00100887,-0.00300422
120,7,1.08364,-0.000866613,-0.00366534
120,8,1.08241,-0.000730333,-0.00427698
120,9,1.08103,-0.000595355,-0.00483302
120,10,1.07951,-0.000453922,-0.00534096
120,11,1.07785,-0.000298505,-0.00579568
120,12,1.07608,-0.000123109,-0.0062008
120,13,1.07418,7.60184e-05,-0.00654772
120,14,1.07218,0.000299996,-0.00683588
120,15,1.07007,0.000547302,-0.0070551
120,16,1.06788,0.000814204,-0.00720339
120,17,1.0656,0.00109548,-0.00727167
120,18,1.06326,0.00138525,-0.00725881
120,19,1.06085,0.00167762,-0.00715831
120,20,1.05839,0.00196722,-0.00697081
120,21,1.05589,0.00224945,-0.00669266
120,22,1.05337,0.00252057,-0.0063262
120,23,1.05082,0.00277762,-0.00587021
120,24,1.04826,0.00301838,-0.00532839
120,25,1.0457,0.00324123,-0.00470143
120,26,1.04315,0.00344501,-0.00399402
120,27,1.04061,0.00362895,-0.00320832
120,28,1.0381,0.00379258,-0.00234979
120,29,1.03562,0.00393566,-0.00142171
120,30,1.03317,0.00405813,-0.000430093
120,31,1.03077,0.00416009,0.000620884
120,32,1.02842,0.00424174,0.00172482
120,33,1.02613,0.00430338,0.00287689
120,34,1.0239,0.0043454,0.00407045
120,35,1.02173,0.00436827,0.00530023
120,36,1.01963,0.00437249,0.00655952
120,37,1.01761,0.00435866,0.00784282
120,38,1.01567,0.0043274,0.00914347
120,39,1.01381,0.0042794,0.0104559
120,40,1.01203,0.00421539,0.0117737
120,41,1.01035,0.00413614,0.0130914
120,42,1.00875,0.00404246,0.0144027
120,43,1.00724,0.00393521,0.0157026
120,44,1.00583,0.00381526,0.016985
120,45,1.00452,0.00368352,0.0182452
120,46,1.00331,0.00354091,0.0194775
120,47,1.00219,0.00338836,0.0206775
120,48,1.00118,0.00322678,0.02184
120,49,1.00026,0.00305709,0.0229608
120,50,0.999453,0.00288016,0.0240354
120,51,0.998743,0.00269682,0.0250599
120,52,0.998135,0.00250784,0.0260305
120,53,0.997628,0.00231392,0.0269438
120,54,0.997219,0.00211568,0.0277966
120,55,0.996908,0.00191363,0.0285865
120,56,0.996691,0.00170819,0.0293111
120,57,0.996564,0.00149967,0.0299689
120,58,0.996524,0.00128828,0.0305586
120,59,0.996563,0.00107414,0.0310797
120,60,0.996676,0.000857305,0.0315322
120,61,0.996854,0.00063777,0.0319167
120,62,0.99709,0.000415515,0.0322342
120,63,0.997373,0.000190533,0.0324863
120,64,0.997693,-3.71332e-05,0.032675
120,65,0.998039,-0.000267357,0.0328026
120,66,0.998401,-0.000499891,0.0328718
120,67,0.998764,-0.000734344,0.0328853
120,68,0.999119,-0.000970161,0.0328459
120,69,0.999454,-0.00120661,0.0327563
120,70,0.999755,-0.0014428,0.0326191
120,71,1.00001,-0.00167765,0.0324368
120,72,1.00022,-0.00191,0.0322115
120,73,1.00036,-0.00213854,0.0319451
120,74,1.00043,-0.00236193,0.0316392
120,75,1.00042,-0.00257881,0.031295
120,76,1.00032,-0.00278787,0.0309134
120,77,1.00013,-0.00298785,0.0304953
120,78,0.999835,-0.00317765,0.030041
120,79,0.999442,-0.0033563,0.0295508
120,80,0.998942,-0.00352303,0.0290251
120,81,0.998334,-0.00367728,0.0284638
120,82,0.997617,-0.00381868,0.0278673
120,83,0.99679,-0.0039471,0.0272355
120,84,0.995855,-0.00406258,0.0265692
120,85,0.994812,-0.00416536,0.0258684
120,86,0.993664,-0.00425583,0.0251346
120,87,0.992415,-0.00433449,0.024368
120,88,0.991068,-0.00440193,0.0235709
120,89,0.98963,-0.00445876,0.0227439
120,90,0.988104,-0.00450561,0.0218901
120,91,0.986499,-0.00454302,0.0210106
120,92,0.98482,-0.00457147,0.0201093
120,93,0.983076,-0.00459127,0.0191874
120,94,0.981274,-0.00460259,0.01825
120,95,0.979422,-0.00460536,0.0172981
120,96,0.97753,-0.00459931,0.016338
120,97,0.975605,-0.0045839,0.0153703
120,98,0.973655,-0.00455839,0.0144023
120,99,0.97169,-0.00452179,0.0134342
120,100,0.969717,-0.00447295,0.0124745
120,101,0.967745,-0.00441061,0.0115228
120,102,0.96578,-0.00433351,0.0105886
120,103,0.963832,-0.00424051,0.00967072
120,104,0.961905,-0.00413076,0.00877947
120,105,0.960008,-0.00400387,0.00791299
120,106,0.958146,-0.00386009,0.00708188
120,107,0.956326,-0.00370045,0.00628303
120,108,0.954553,-0.00352684,0.00552693
120,109,0.952834,-0.00334195,0.00480869
120,110,0.951173,-0.00314906,0.00413811
120,111,0.949575,-0.00295165,0.0035083
120,112,0.948047,-0.00275292,0.0029283
120,113,0.946592,-0.00255516,0.00238967
120,114,0.945215,-0.00235932,0.00190149
120,115,0.943921,-0.0021645,0.00145526
120,116,0.942714,-0.00196785,0.00106168
120,117,0.941598,-0.00176438,0.000714157
120,118,0.940578,-0.00154687,0.000426629
120,119,0.939655,-0.0013059,0.000195479
120,120,0.938834,-0.00103077,3.7373e-05
120,121,0.938117,-0.00071285,-5.15364e-05
120,122,0.937506,-0.000354449,-6.02631e-05
120,123,0.937003,1.38326e-05,-8.9085e-06
120,124,0.936608,0.000305908,8.08913e-05
120,125,0.936322,0.00035115,0.000139018
120,126,0.936145,-9.70357e-05,9.17081e-05
120,127,1,-0.00343474,0
121,0,1,0,0
121,1,1.08816,-0.000922456,-5.41337e-06
121,2,1.08785,-0.00141236,-0.00025347
121,3,1.08738,-0.00154892,-0.000743427
121,4,1.08676,-0.00153653,-0.00133884
121,5,1.08599,-0.00148669,-0.00194541
121,6,1.08505,-0.00144566,-0.00252877
121,7,1.08396,-0.00142336,-0.00306671
121,8,1.08272,-0.00141454,-0.00356451
121,9,1.08134,-0.00141017,-0.00401816
121,10,1.07981,-0.00140179,-0.00443627
121,11,1.07815,-0.00138256,-0.00481302
121,12,1.07637,-0.00134731,-0.00515189
121,13,1.07446,-0.00129269,-0.0054433
121,14,1.07245,-0.00121732,-0.00568664
121,15,1.07034,-0.00112173,-0.00587096
121,16,1.06813,-0.00100814,-0.00599436
121,17,1.06585,-0.000879921,-0.00604713
121,18,1.06349,-0.000741042,-0.00602822
121,19,1.06108,-0.000595549,-0.00593056
121,20,1.05861,-0.000447214,-0.00575476
121,21,1.0561,-0.000299347,-0.00549655
121,22,1.05356,-0.000154721,-0.00515816
121,23,1.051,-1.55894e-05,-0.00473771
121,24,1.04843,0.000116254,-0.0042387
121,25,1.04586,0.000239405,-0.00366117
121,26,1.0433,0.000352781,-0.00300956
121,27,1.04075,0.000455556,-0.0022854
121,28,1.03822,0.000547122,-0.00149388
121,29,1.03573,0.000627047,-0.000637723
121,30,1.03327,0.000695045,0.000277346
121,31,1.03086,0.00075096,0.00124766
121,32,1.0285,0.000794744,0.00226708
121,33,1.02619,0.000826444,0.00333124
121,34,1.02395,0.000846197,0.00443377
121,35,1.02177,0.000854218,0.0055698
121,36,1.01966,0.000850794,0.00673288
121,37,1.01763,0.00083628,0.00791787
121,38,1.01567,0.000811097,0.00911839
121,39,1.0138,0.000775725,0.0103292
121,40,1.01201,0.000730703,0.0115442
121,41,1.01031,0.000676622,0.0127581
121,42,1.0087,0.000614127,0.0139651
121,43,1.00719,0.000543907,0.0151603
121,44,1.00577,0.000466692,0.016338
121,45,1.00445,0.00038325,0.0174937
121,46,1.00323,0.000294375,0.0186221
121,47,1.0021,0.000200879,0.0197189
121,48,1.00108,0.000103585,0.0207793
121,49,1.00017,3.3124e-06,0.0217995
121,50,0.999351,-9.91357e-05,0.022775
121,51,0.99864,-0.000202986,0.0237023
121,52,0.998032,-0.00030751,0.0245778
121,53,0.997526,-0.000412038,0.0253984
121,54,0.997121,-0.000515975,0.0261612
121,55,0.996816,-0.000618811,0.0268638
121,56,0.996607,-0.000720129,0.0275043
121,57,0.996491,-0.000819616,0.0280812
121,58,0.996463,-0.000917057,0.0285936
121,59,0.996518,-0.00101234,0.0290413
121,60,0.99665,-0.00110542,0.0294243
121,61,0.99685,-0.00119635,0.0297438
121,62,0.997109,-0.00128521,0.0300009
121,63,0.997418,-0.0013721,0.0301978
121,64,0.997767,-0.00145712,0.0303366
121,65,0.998143,-0.0015403,0.0304203
121,66,0.998535,-0.00162165,0.0304517
121,67,0.998931,-0.00170104,0.0304341
121,68,0.999319,-0.00177825,0.0303707
121,69,0.999685,-0.00185293,0.0302646
121,70,1.00002,-0.00192463,0.0301188
121,71,1.00031,-0.00199277,0.029936
121,72,1.00054,-0.0020567,0.0297187
121,73,1.00071,-0.0021157,0.029469
121,74,1.0008,-0.00216902,0.0291884
121,75,1.0008,-0.00221594,0.0288783
121,76,1.00072,-0.00225579,0.0285397
121,77,1.00054,-0.002288,0.0281729
121,78,1.00026,-0.00231212,0.0277783
121,79,0.99987,-0.00232785,0.0273558
121,80,0.999372,-0.00233508,0.0269054
121,81,0.998762,-0.00233388,0.0264264
121,82,0.99804,-0.00232452,0.025919
121,83,0.997206,-0.00230745,0.0253822
121,84,0.99626,-0.00228328,0.0248165
121,85,0.995204,-0.00225278,0.0242211
121,86,0.994041,-0.00221681,0.0235969
121,87,0.992775,-0.00217635,0.0229435
121,88,0.99141,-0.00213239,0.0222625
121,89,0.989952,-0.00208592,0.0215538
121,90,0.988407,-0.00203791,0.0208199
121,91,0.98678,-0.00198922,0.020061
121,92,0.985081,-0.00194059,0.0192807
121,93,0.983315,-0.00189261,0.0184791
121,94,0.981492,-0.00184566,0.017661
121,95,0.97962,-0.0017999,0.0168264
121,96,0.977707,-0.00175525,0.0159811
121,97,0.975762,-0.00171138,0.0151249
121,98,0.973793,-0.00166771,0.0142647
121,99,0.971809,-0.00162344,0.0133999
121,100,0.969818,-0.00157756,0.0125383
121,101,0.967828,-0.00152895,0.0116789
121,102,0.965846,-0.00147641,0.0108307
121,103,0.963881,-0.00141882,0.00999184
121,104,0.961938,-0.00135526,0.00917248
121,105,0.960025,-0.00128511,0.00836994
121,106,0.958147,-0.00120826,0.00759488
121,107,0.956312,-0.00112519,0.00684348
121,108,0.954524,-0.00103704,0.00612646
121,109,0.952789,-0.000945514,0.0054383
121,110,0.951113,-0.000852784,0.00478922
121,111,0.949501,-0.000761096,0.0041717
121,112,0.947958,-0.000672394,0.00359533
121,113,0.946488,-0.000587826,0.00305099
121,114,0.945097,-0.000507355,0.00254834
121,115,0.943789,-0.000429437,0.00207804
121,116,0.942569,-0.000350879,0.00165136
121,117,0.94144,-0.000266701,0.00126072
121,118,0.940407,-0.000169959,0.000920795
121,119,0.939473,-5.14866e-05,0.000627445
121,120,0.938642,9.98958e-05,0.000399316
121,121,0.937917,0.000295428,0.000234314
121,122,0.937299,0.000540094,0.000148777
121,123,0.936789,0.000818293,0.000127864
121,124,0.93639,0.00106906,0.000158948
121,125,0.9361,0.00115582,0.000176078
121,126,0.935923,0.000855283,9.74425e-05
121,127,1,-0.00343474,0
122,0,1,0,0
122,1,1.08839,0.000313123,1.47797e-05
122,2,1.08809,0.000119002,-0.000167193
122,3,1.08764,0.000136324,-0.000521285
122,4,1.08703,0.000212665,-0.000941236
122,5,1.08625,0.000285009,-0.00135403
122,6,1.08532,0.000338583,-0.00174223
122,7,1.08423,0.000378447,-0.00209477
122,8,1.08298,0.000413805,-0.0024227
122,9,1.08159,0.000452508,-0.00272308
122,10,1.08006,0.000499958,-0.00300474
122,11,1.07839,0.000559634,-0.00326065
122,12,1.0766,0.000633672,-0.00349394
122,13,1.07468,0.000723013,-0.00369407
122,14,1.07266,0.000827359,-0.0038605
122,15,1.07054,0.000945148,-0.00398172
122,16,1.06833,0.00107377,-0.00405609
122,17,1.06603,0.00120993,-0.00407347
122,18,1.06366,0.0013501,-0.00403299
122,19,1.06124,0.00149085,-0.00392707
122,20,1.05876,0.00162916,-0.00375635
122,21,1.05624,0.00176251,-0.00351589
122,22,1.0537,0.00188894,-0.00320778
122,23,1.05113,0.00200694,-0.00282937
122,24,1.04855,0.00211545,-0.00238385
122,25,1.04597,0.00221373,-0.00187044
122,26,1.04339,0.00230131,-0.00129318
122,27,1.04083,0.00237791,-0.000652795
122,28,1.0383,0.00244343,4.60031e-05
122,29,1.03579,0.00249784,0.000801266
122,30,1.03333,0.00254125,0.00160774
122,31,1.0309,0.00257378,0.00246251
122,32,1.02853,0.00259564,0.0033599
122,33,1.02621,0.00260708,0.00429625
122,34,1.02396,0.00260838,0.00526565
122,35,1.02177,0.00259984,0.0062639
122,36,1.01965,0.00258182,0.00728499
122,37,1.0176,0.00255467,0.00832443
122,38,1.01564,0.00251879,0.00937628
122,39,1.01375,0.0024746,0.0104359
122,40,1.01196,0.00242254,0.0114976
122,41,1.01025,0.0023631,0.0125568
122,42,1.00863,0.00229676,0.0136081
122,43,1.0071,0.00222405,0.014647
122,44,1.00568,0.00214551,0.0156686
122,45,1.00435,0.00206169,0.0166686
122,46,1.00312,0.00197316,0.0176425
122,47,1.00199,0.00188051,0.0185863
122,48,1.00096,0.00178432,0.0194958
122,49,1.00004,0.00168514,0.0203674
122,50,0.999221,0.00158354,0.0211975
122,51,0.998508,0.00148002,0.021983
122,52,0.997899,0.00137506,0.0227205
122,53,0.997395,0.00126908,0.0234075
122,54,0.996993,0.00116241,0.0240414
122,55,0.996693,0.00105533,0.0246205
122,56,0.996491,0.000948008,0.0251431
122,57,0.996385,0.000840529,0.0256082
122,58,0.996369,0.000732878,0.0260153
122,59,0.996439,0.000624949,0.0263644
122,60,0.996587,0.000516554,0.0266563
122,61,0.996806,0.00040744,0.0268923
122,62,0.997087,0.000297311,0.027074
122,63,0.99742,0.000185855,0.027204
122,64,0.997795,7.27709e-05,0.0272851
122,65,0.998199,-4.21937e-05,0.0273204
122,66,0.998621,-0.000159217,0.0273133
122,67,0.999047,-0.000278372,0.0272676
122,68,0.999465,-0.000399608,0.0271867
122,69,0.999862,-0.000522732,0.0270741
122,70,1.00022,-0.000647405,0.0269332
122,71,1.00054,-0.00077315,0.0267669
122,72,1.0008,-0.000899359,0.0265777
122,73,1.00099,-0.00102532,0.0263677
122,74,1.00111,-0.00115025,0.0261385
122,75,1.00114,-0.00127332,0.0258911
122,76,1.00107,-0.00139369,0.0256262
122,77,1.0009,-0.00151056,0.0253438
122,78,1.00063,-0.0016232,0.0250437
122,79,1.00025,-0.00173095,0.0247251
122,80,0.999759,-0.00183329,0.0243874
122,81,0.999151,-0.00192982,0.0240292
122,82,0.998427,-0.00202027,0.0236496
122,83,0.997588,-0.0021045,0.023247
122,84,0.996635,-0.00218253,0.0228209
122,85,0.99557,-0.00225447,0.0223696
122,86,0.994396,-0.00232051,0.0218932
122,87,0.993116,-0.00238093,0.0213903
122,88,0.991737,-0.00243604,0.0208617
122,89,0.990263,-0.00248617,0.0203064
122,90,0.9887,-0.00253162,0.0197262
122,91,0.987057,-0.00257265,0.0191203
122,92,0.985339,-0.00260943,0.0184918
122,93,0.983555,-0.00264206,0.0178398
122,94,0.981713,-0.00267051,0.0171686
122,95,0.979822,-0.00269461,0.0164774
122,96,0.977891,-0.00271405,0.0157713
122,97,0.975927,-0.0027284,0.0150494
122,98,0.973941,-0.00273707,0.014318
122,99,0.971939,-0.00273933,0.0135757
122,100,0.969931,-0.00273439,0.0128299
122,101,0.967924,-0.00272136,0.0120788
122,102,0.965926,-0.00269937,0.0113309
122,103,0.963944,-0.00266763,0.0105837
122,104,0.961985,-0.00262549,0.00984704
122,105,0.960056,-0.0025726,0.00911749
122,106,0.958162,-0.00250897,0.00840564
122,107,0.956311,-0.0024351,0.00770698
122,108,0.954507,-0.00235201,0.00703239
122,109,0.952757,-0.00226122,0.00637574
122,110,0.951066,-0.00216469,0.00574762
122,111,0.949438,-0.00206455,0.00513996
122,112,0.94788,-0.0019629,0.00456286
122,113,0.946395,-0.00186142,0.00400662
122,114,0.94499,-0.00176116,0.00348142
122,115,0.943667,-0.00166227,0.00297713
122,116,0.942433,-0.00156388,0.00250541
122,117,0.941292,-0.00146395,0.00205752
122,118,0.940247,-0.0013589,0.00164839
122,119,0.939302,-0.00124317,0.00127276
122,120,0.938461,-0.00110872,0.000950404
122,121,0.937727,-0.000945578,0.000680116
122,122,0.937102,-0.000745472,0.000483525
122,123,0.936588,-0.000511566,0.000353033
122,124,0.936186,-0.000279501,0.000286979
122,125,0.935898,-0.00014972,0.000229199
122,126,0.935723,-0.000314938,0.000111704
122,127,1,-0.00343474,0
123,0,1,0,0
123,1,1.08858,-0.000590229,2.89577e-05
123,2,1.08832,-0.000588873,-3.38118e-05
123,3,1.08789,-0.000516234,-0.000192898
123,4,1.08729,-0.000474639,-0.000369513
123,5,1.08652,-0.000477138,-0.000523024
123,6,1.08559,-0.000512706,-0.000659191
123,7,1.0845,-0.000566259,-0.000776818
123,8,1.08325,-0.000626526,-0.000890398
123,9,1.08185,-0.000686418,-0.000996437
123,10,1.08031,-0.000741837,-0.00110289
123,11,1.07863,-0.000790323,-0.00120124
123,12,1.07683,-0.000830266,-0.00129432
123,13,1.07491,-0.000860649,-0.00137099
123,14,1.07288,-0.000881098,-0.00143111
123,15,1.07075,-0.000891939,-0.0014631
123,16,1.06853,-0.000894142,-0.00146596
123,17,1.06623,-0.000889128,-0.00142947
123,18,1.06385,-0.000878546,-0.00135326
123,19,1.06142,-0.000864048,-0.00122945
123,20,1.05894,-0.000847148,-0.00105883
123,21,1.05641,-0.000829142,-0.000835938
123,22,1.05385,-0.000811096,-0.000562682
123,23,1.05128,-0.000793854,-0.00023566
123,24,1.04869,-0.000778081,0.000142335
123,25,1.0461,-0.000764289,0.000572994
123,26,1.04352,-0.000752874,0.00105283
123,27,1.04095,-0.000744133,0.0015821
123,28,1.03841,-0.000738294,0.00215675
123,29,1.0359,-0.000735512,0.00277582
123,30,1.03342,-0.000735895,0.00343476
123,31,1.03099,-0.000739498,0.00413163
123,32,1.02861,-0.000746337,0.00486152
123,33,1.02628,-0.000756386,0.00562169
123,34,1.02401,-0.000769583,0.00640699
123,35,1.02181,-0.000785831,0.00721413
123,36,1.01968,-0.000805002,0.0080379
123,37,1.01763,-0.000826931,0.00887465
123,38,1.01565,-0.000851425,0.00971924
123,39,1.01376,-0.000878257,0.0105679
123,40,1.01195,-0.000907169,0.0114157
123,41,1.01023,-0.000937871,0.0122589
123,42,1.00861,-0.000970047,0.0130929
123,43,1.00707,-0.00100335,0.013914
123,44,1.00564,-0.00103739,0.014718
123,45,1.0043,-0.00107178,0.0155017
123,46,1.00306,-0.00110609,0.016261
123,47,1.00192,-0.00113989,0.0169929
123,48,1.00089,-0.00117271,0.0176939
123,49,0.999965,-0.00120411,0.0183613
123,50,0.999143,-0.00123365,0.018992
123,51,0.998426,-0.00126088,0.0195836
123,52,0.997815,-0.00128541,0.0201336
123,53,0.99731,-0.00130688,0.02064
123,54,0.996909,-0.001325,0.0211011
123,55,0.996611,-0.00133953,0.0215156
123,56,0.996413,-0.00135031,0.0218824
123,57,0.996313,-0.00135729,0.0222011
123,58,0.996305,-0.00136047,0.0224719
123,59,0.996384,-0.00135998,0.0226954
123,60,0.996544,-0.00135603,0.0228727
123,61,0.996777,-0.00134888,0.0230058
123,62,0.997075,-0.00133887,0.0230969
123,63,0.997426,-0.00132639,0.0231491
123,64,0.997821,-0.00131181,0.0231655
123,65,0.998247,-0.00129551,0.0231498
123,66,0.998692,-0.00127783,0.023106
123,67,0.999142,-0.00125902,0.023038
123,68,0.999584,-0.00123927,0.0229497
123,69,1.00001,-0.00121865,0.0228449
123,70,1.00039,-0.00119716,0.0227268
123,71,1.00073,-0.00117464,0.0225986
123,72,1.00102,-0.0011509,0.0224626
123,73,1.00123,-0.00112563,0.0223207
123,74,1.00136,-0.00109851,0.022174
123,75,1.0014,-0.00106918,0.0220231
123,76,1.00135,-0.00103729,0.0218679
123,77,1.0012,-0.00100258,0.0217077
123,78,1.00093,-0.000964811,0.0215414
123,79,1.00056,-0.000923884,0.0213671
123,80,1.00006,-0.000879804,0.0211833
123,81,0.999456,-0.000832704,0.0209872
123,82,0.998728,-0.000782853,0.0207771
123,83,0.997883,-0.000730644,0.02055
123,84,0.996921,-0.000676589,0.0203042
123,85,0.995845,-0.000621292,0.020037
123,86,0.994658,-0.000565436,0.0197473
123,87,0.993365,-0.000509745,0.0194326
123,88,0.99197,-0.000454963,0.0190929
123,89,0.99048,-0.000401817,0.018726
123,90,0.9889,-0.000350994,0.018333
123,91,0.987239,-0.000303102,0.0179121
123,92,0.985503,-0.000258657,0.0174658
123,93,0.983702,-0.000218047,0.0169925
123,94,0.981842,-0.000181534,0.0164956
123,95,0.979934,-0.000149215,0.0159738
123,96,0.977986,-0.000121043,0.0154317
123,97,0.976006,-9.67993e-05,0.0148676
123,98,0.974003,-7.61238e-05,0.0142874
123,99,0.971986,-5.85023e-05,0.0136889
123,100,0.969963,-4.3317e-05,0.0130792
123,101,0.967942,-2.98483e-05,0.0124557
123,102,0.96593,-1.73529e-05,0.0118266
123,103,0.963935,-5.085e-06,0.0111885
123,104,0.961963,7.59719e-06,0.010551
123,105,0.960021,2.11951e-05,0.00991002
123,106,0.958116,3.59512e-05,0.00927585
123,107,0.956252,5.18306e-05,0.00864336
123,108,0.954437,6.84428e-05,0.00802343
123,109,0.952675,8.5108e-05,0.00740936
123,110,0.950972,0.000100893,0.00681199
123,111,0.949334,0.000114815,0.00622279
123,112,0.947764,0.000126002,0.00565228
123,113,0.946268,0.000133972,0.00509032
123,114,0.944852,0.000138776,0.00454754
123,115,0.943519,0.000141178,0.00401315
123,116,0.942275,0.00014267,0.00349903
123,117,0.941124,0.000145589,0.00299527
123,118,0.94007,0.000153277,0.00251658
123,119,0.939118,0.000170548,0.002056
123,120,0.93827,0.000204203,0.00163316
123,121,0.937531,0.000263244,0.00124634
123,122,0.936903,0.000357356,0.000920652
123,123,0.936388,0.000491324,0.000654934
123,124,0.935988,0.000649996,0.000462366
123,125,0.935702,0.000770514,0.000303582
123,126,0.935538,0.000692168,0.000122595
123,127,1,-0.00343474,0
124,0,1,0,0
124,1,1.08872,0.000553801,5.44302e-05
124,2,1.0885,0.000655927,0.000120177
124,3,1.08809,0.00076113,0.000191594
124,4,1.08751,0.000816747,0.000286267
124,5,1.08675,0.000839244,0.000405895
124,6,1.08582,0.000846822,0.000526857
124,7,1.08472,0.000851885,0.000645531
124,8,1.08347,0.00086077,0.000747694
124,9,1.08206,0.000876134,0.000839073
124,10,1.08051,0.000898669,0.000913062
124,11,1.07883,0.000928172,0.000979346
124,12,1.07702,0.000964172,0.00103495
124,13,1.07509,0.00100599,0.00109088
124,14,1.07305,0.00105276,0.0011462
124,15,1.07091,0.00110326,0.00121187
124,16,1.06868,0.00115606,0.0012877
124,17,1.06637,0.00120953,0.00138337
124,18,1.06399,0.00126214,0.00149836
124,19,1.06155,0.00131244,0.0016404
124,20,1.05905,0.0013593,0.00180824
124,21,1.05652,0.00140183,0.00200764
124,22,1.05396,0.00143943,0.00223666
124,23,1.05137,0.00147173,0.00249936
124,24,1.04878,0.00149858,0.00279327
124,25,1.04618,0.00151995,0.00312097
124,26,1.0436,0.00153595,0.00347959
124,27,1.04102,0.00154672,0.0038704
124,28,1.03847,0.00155249,0.00429013
124,29,1.03595,0.0015535,0.00473895
124,30,1.03347,0.00155001,0.00521321
124,31,1.03103,0.0015423,0.00571213
124,32,1.02864,0.00153062,0.00623177
124,33,1.0263,0.00151523,0.00677059
124,34,1.02403,0.00149638,0.00732446
124,35,1.02182,0.00147432,0.00789127
124,36,1.01969,0.00144927,0.00846686
124,37,1.01762,0.00142147,0.00904878
124,38,1.01564,0.00139113,0.00963294
124,39,1.01374,0.00135847,0.0102168
124,40,1.01192,0.00132369,0.0107964
124,41,1.01019,0.00128701,0.0113692
124,42,1.00856,0.00124864,0.0119316
124,43,1.00702,0.00120879,0.0124813
124,44,1.00557,0.0011677,0.0130149
124,45,1.00423,0.00112557,0.0135302
124,46,1.00299,0.00108266,0.0140243
124,47,1.00184,0.00103918,0.0144953
124,48,1.00081,0.000995372,0.0149406
124,49,0.999874,0.000951465,0.0153584
124,50,0.999048,0.000907673,0.0157467
124,51,0.998329,0.000864192,0.0161039
124,52,0.997716,0.000821186,0.0164283
124,53,0.99721,0.000778779,0.016719
124,54,0.996809,0.000737045,0.0169748
124,55,0.996513,0.000695995,0.0171954
124,56,0.996318,0.000655568,0.0173803
124,57,0.996222,0.000615628,0.0175299
124,58,0.996221,0.000575958,0.017645
124,59,0.996309,0.000536263,0.0177269
124,60,0.996479,0.000496175,0.0177773
124,61,0.996725,0.000455268,0.0177987
124,62,0.997036,0.000413074,0.017794
124,63,0.997404,0.000369108,0.0177665
124,64,0.997817,0.000322892,0.0177198
124,65,0.998262,0.000273988,0.0176582
124,66,0.998728,0.000222023,0.0175856
124,67,0.9992,0.000166722,0.0175063
124,68,0.999665,0.000107927,0.0174242
124,69,1.00011,4.56129e-05,0.0173429
124,70,1.00052,-2.00985e-05,0.0172657
124,71,1.00088,-8.8944e-05,0.0171953
124,72,1.00119,-0.000160526,0.0171335
124,73,1.00142,-0.00023433,0.0170817
124,74,1.00157,-0.000309749,0.0170403
124,75,1.00163,-0.000386116,0.017009
124,76,1.00159,-0.000462731,0.0169868
124,77,1.00145,-0.000538898,0.0169719
124,78,1.00119,-0.000613954,0.0169621
124,79,1.00082,-0.000687298,0.0169545
124,80,1.00033,-0.000758406,0.0169461
124,81,0.999724,-0.000826857,0.0169332
124,82,0.998995,-0.000892328,0.0169127
124,83,0.998146,-0.000954606,0.0168805
124,84,0.997178,-0.00101357,0.0168338
124,85,0.996094,-0.0010692,0.0167687
124,86,0.994897,-0.00112154,0.0166831
124,87,0.993592,-0.00117067,0.0165735
124,88,0.992184,-0.00121672,0.0164391
124,89,0.99068,-0.00125983,0.0162767
124,90,0.989085,-0.00130012,0.0160868
124,91,0.987408,-0.00133768,0.0158669
124,92,0.985657,-0.00137257,0.0156187
124,93,0.983839,-0.00140476,0.0153402
124,94,0.981964,-0.0014342,0.0150342
124,95,0.98004,-0.00146075,0.0146989
124,96,0.978076,-0.0014842,0.0143384
124,97,0.976081,-0.00150429,0.0139506
124,98,0.974064,-0.00152069,0.0135409
124,99,0.972032,-0.00153306,0.0131066
124,100,0.969995,-0.00154099,0.0126545
124,101,0.967961,-0.00154408,0.0121811
124,102,0.965936,-0.00154194,0.0116944
124,103,0.963928,-0.00153423,0.0111905
124,104,0.961944,-0.00152068,0.0106782
124,105,0.95999,-0.00150114,0.0101528
124,106,0.958073,-0.00147563,0.0096243
124,107,0.956198,-0.00144436,0.0090869
124,108,0.954371,-0.00140777,0.00855122
124,109,0.952598,-0.00136653,0.00801001
124,110,0.950885,-0.00132152,0.00747412
124,111,0.949235,-0.00127373,0.00693464
124,112,0.947655,-0.00122424,0.00640237
124,113,0.946149,-0.00117404,0.00586682
124,114,0.944722,-0.00112397,0.00533905
124,115,0.94338,-0.00107468,0.00480774
124,116,0.942126,-0.00102654,0.00428496
124,117,0.940966,-0.000979616,0.00375975
124,118,0.939904,-0.000933472,0.0032463
124,119,0.938944,-0.000886818,0.00273566
124,120,0.93809,-0.000836969,0.00224619
124,121,0.937347,-0.000779319,0.00177385
124,122,0.936716,-0.000707476,0.00134409
124,123,0.936201,-0.000615065,0.000958941
124,124,0.935803,-0.000503373,0.00064364
124,125,0.935524,-0.000403446,0.000379079
124,126,0.935369,-0.0004378,0.0001365
124,127,1,-0.00343474,0
125,0,1,0,0
125,1,1.08886,-0.000522939,6.60515e-05
125,2,1.08867,-0.000450722,0.000237488
125,3,1.0883,-0.000411762,0.00047869
125,4,1.08773,-0.000421042,0.000758069
125,5,1.08697,-0.000454096,0.00105148
125,6,1.08604,-0.000498003,0.00132904
125,7,1.08494,-0.000546765,0.00159009
125,8,1.08367,-0.0005972,0.00182385
125,9,1.08226,-0.000647879,0.00203857
125,10,1.0807,-0.000698194,0.0022283
125,11,1.07901,-0.000747922,0.0024028
125,12,1.07719,-0.000796771,0.00255801
125,13,1.07525,-0.000844504,0.00270377
125,14,1.07321,-0.000890811,0.00283727
125,15,1.07106,-0.000935553,0.00296796
125,16,1.06882,-0.000978592,0.00309372
125,17,1.0665,-0.00101997,0.00322294
125,18,1.06412,-0.00105968,0.0033536
125,19,1.06167,-0.00109783,0.00349264
125,20,1.05917,-0.00113444,0.00363789
125,21,1.05663,-0.0011696,0.00379488
125,22,1.05406,-0.0012033,0.00396133
125,23,1.05147,-0.0012356,0.0041415
125,24,1.04888,-0.00126647,0.00433306
125,25,1.04627,-0.00129595,0.00453917
125,26,1.04368,-0.001324,0.00475742
125,27,1.0411,-0.00135065,0.00498997
125,28,1.03855,-0.00137586,0.00523429
125,29,1.03602,-0.00139964,0.00549161
125,30,1.03353,-0.00142195,0.00575925
125,31,1.03109,-0.0014428,0.00603765
125,32,1.02869,-0.00146215,0.00632398
125,33,1.02635,-0.00147998,0.00661801
125,34,1.02407,-0.00149626,0.00691685
125,35,1.02186,-0.00151099,0.00721977
125,36,1.01971,-0.00152412,0.00752388
125,37,1.01765,-0.00153563,0.00782816
125,38,1.01565,-0.00154548,0.00812983
125,39,1.01375,-0.00155365,0.00842771
125,40,1.01192,-0.00156008,0.00871924
125,41,1.01019,-0.00156473,0.00900321
125,42,1.00855,-0.00156754,0.00927734
125,43,1.007,-0.00156843,0.00954048
125,44,1.00555,-0.00156731,0.00979065
125,45,1.0042,-0.0015641,0.0100268
125,46,1.00295,-0.00155866,0.0102473
125,47,1.0018,-0.00155088,0.0104511
125,48,1.00076,-0.00154062,0.010637
125,49,0.99982,-0.00152773,0.0108041
125,50,0.99899,-0.00151208,0.0109513
125,51,0.998266,-0.00149351,0.0110781
125,52,0.99765,-0.00147193,0.0111837
125,53,0.997141,-0.00144723,0.0112679
125,54,0.996739,-0.00141936,0.0113303
125,55,0.996442,-0.00138831,0.0113714
125,56,0.996248,-0.00135413,0.0113914
125,57,0.996154,-0.00131692,0.0113912
125,58,0.996156,-0.00127686,0.0113721
125,59,0.996248,-0.00123418,0.0113357
125,60,0.996425,-0.00118917,0.0112842
125,61,0.996678,-0.00114218,0.0112202
125,62,0.996999,-0.00109358,0.0111466
125,63,0.997378,-0.00104376,0.0110667
125,64,0.997804,-0.000993111,0.0109841
125,65,0.998264,-0.000941981,0.0109025
125,66,0.998746,-0.000890677,0.0108255
125,67,0.999235,-0.000839435,0.0107568
125,68,0.999718,-0.0007884,0.0106998
125,69,1.00018,-0.000737626,0.0106572
125,70,1.00061,-0.000687064,0.0106316
125,71,1.00099,-0.000636576,0.0106247
125,72,1.00131,-0.00058594,0.0106376
125,73,1.00156,-0.000534879,0.0106707
125,74,1.00173,-0.000483072,0.0107236
125,75,1.0018,-0.000430195,0.010795
125,76,1.00177,-0.000375938,0.0108834
125,77,1.00164,-0.000320044,0.0109861
125,78,1.00139,-0.00026232,0.0111004
125,79,1.00102,-0.000202673,0.0112227
125,80,1.00054,-0.000141105,0.0113497
125,81,0.999926,-7.77454e-05,0.0114771
125,82,0.999195,-1.2822e-05,0.0116015
125,83,0.99834,5.33073e-05,0.0117184
125,84,0.997365,0.00012021,0.0118249
125,85,0.996273,0.000187344,0.0119166
125,86,0.995066,0.000254137,0.0119914
125,87,0.993749,0.000319939,0.0120453
125,88,0.992329,0.00038413,0.0120772
125,89,0.990811,0.000446051,0.0120837
125,90,0.989202,0.000505129,0.0120651
125,91,0.987511,0.000560789,0.0120185
125,92,0.985745,0.000612586,0.0119453
125,93,0.983912,0.000660098,0.0118429
125,94,0.982022,0.000703064,0.0117143
125,95,0.980084,0.000741251,0.0115569
125,96,0.978106,0.000774603,0.0113747
125,97,0.976098,0.000803077,0.011165
125,98,0.974067,0.000826807,0.0109329
125,99,0.972024,0.000845914,0.0106752
125,100,0.969975,0.00086068,0.0103983
125,101,0.967929,0.000871336,0.0100981
125,102,0.965894,0.000878246,0.00978208
125,103,0.963875,0.000881678,0.00944551
125,104,0.961882,0.000881996,0.00909681
125,105,0.959918,0.000879417,0.00873041
125,106,0.957992,0.000874212,0.00835573
125,107,0.956109,0.000866469,0.00796613
125,108,0.954274,0.000856305,0.00757178
125,109,0.952493,0.000843662,0.00716478
125,110,0.950771,0.000828541,0.00675575
125,111,0.949114,0.000810851,0.00633533
125,112,0.947526,0.000790661,0.00591442
125,113,0.946012,0.000768085,0.00548228
125,114,0.944578,0.000743502,0.00505022
125,115,0.943229,0.000717419,0.00460664
125,116,0.941968,0.000690618,0.00416371
125,117,0.940802,0.000664002,0.00370968
125,118,0.939734,0.000638741,0.00325818
125,119,0.938769,0.000616262,0.00279833
125,120,0.937911,0.000598567,0.00234658
125,121,0.937165,0.000588421,0.0018953
125,122,0.936533,0.000589449,0.00146687
125,123,0.93602,0.000605616,0.00106099
125,124,0.935626,0.000639713,0.000707711
125,125,0.935353,0.000680819,0.000402529
125,126,0.935197,0.000648543,0.00013828
125,127,1,-0.00343474,0
126,0,1,0,0
126,1,1.08899,0.000530744,4.13854e-05
126,2,1.08884,0.00055084,0.000153571
126,3,1.0885,0.000568965,0.000326441
126,4,1.08793,0.000586899,0.000511768
126,5,1.08717,0.000608987,0.000697553
126,6,1.08623,0.000635951,0.00086863
126,7,1.08512,0.000667442,0.00103146
126,8,1.08385,0.000702872,0.00117717
126,9,1.08242,0.000741811,0.0013144
126,10,1.08086,0.000783418,0.00143636
126,11,1.07915,0.000827109,0.0015515
126,12,1.07732,0.000872033,0.00165379
126,13,1.07538,0.000917656,0.00175106
126,14,1.07332,0.000963133,0.0018381
126,15,1.07117,0.00100792,0.00192214
126,16,1.06892,0.0010512,0.00199868
126,17,1.0666,0.00109249,0.00207412
126,18,1.0642,0.00113109,0.0021445
126,19,1.06175,0.00116673,0.00221528
126,20,1.05925,0.00119893,0.00228292
126,21,1.0567,0.00122765,0.00235203
126,22,1.05413,0.00125268,0.00241949
126,23,1.05154,0.00127414,0.00248912
126,24,1.04893,0.00129203,0.0025582
126,25,1.04633,0.0013066,0.00262987
126,26,1.04373,0.00131793,0.00270171
126,27,1.04115,0.00132636,0.00277623
126,28,1.03859,0.00133202,0.00285126
126,29,1.03606,0.00133523,0.00292871
126,30,1.03357,0.00133614,0.00300659
126,31,1.03112,0.00133506,0.00308627
126,32,1.02872,0.00133211,0.00316593
126,33,1.02637,0.00132755,0.00324648
126,34,1.02409,0.00132148,0.00332621
126,35,1.02187,0.0013141,0.00340571
126,36,1.01973,0.0013055,0.0034834
126,37,1.01765,0.00129582,0.00355962
126,38,1.01566,0.0012851,0.00363293
126,39,1.01374,0.00127345,0.00370353
126,40,1.01191,0.0012609,0.00377016
126,41,1.01018,0.00124752,0.0038329
126,42,1.00853,0.0012333,0.0038907
126,43,1.00698,0.00121831,0.0039436
126,44,1.00552,0.00120254,0.00399072
126,45,1.00416,0.00118602,0.00403208
126,46,1.00291,0.00116875,0.00406696
126,47,1.00176,0.00115073,0.0040954
126,48,1.00071,0.00113198,0.00411681
126,49,0.999766,0.00111248,0.00413125
126,50,0.998932,0.00109223,0.0041383
126,51,0.998205,0.00107121,0.00413806
126,52,0.997585,0.00104937,0.00413031
126,53,0.997074,0.00102666,0.00411527
126,54,0.996669,0.00100301,0.00409294
126,55,0.996371,0.000978315,0.00406378
126,56,0.996176,0.00095244,0.00402811
126,57,0.996082,0.000925236,0.00398667
126,58,0.996085,0.000896513,0.00394018
126,59,0.996181,0.000866071,0.00388974
126,60,0.996361,0.000833682,0.00383647
126,61,0.996621,0.00079912,0.00378183
126,62,0.996949,0.000762153,0.00372729
126,63,0.997338,0.000722569,0.00367458
126,64,0.997774,0.000680181,0.00362536
126,65,0.998246,0.000634846,0.00358142
126,66,0.998741,0.000586472,0.00354442
126,67,0.999245,0.000535037,0.00351594
126,68,0.999743,0.000480582,0.00349736
126,69,1.00022,0.000423236,0.00348984
126,70,1.00067,0.000363193,0.00349423
126,71,1.00106,0.000300731,0.00351105
126,72,1.0014,0.000236182,0.00354051
126,73,1.00166,0.000169941,0.00358239
126,74,1.00184,0.000102433,0.00363622
126,75,1.00193,3.41235e-05,0.00370105
126,76,1.00191,-3.45291e-05,0.00377586
126,77,1.00178,-0.00010305,0.00385907
126,78,1.00154,-0.000171004,0.00394924
126,79,1.00118,-0.000237957,0.00404434
126,80,1.0007,-0.000303542,0.00414278
126,81,1.00009,-0.000367397,0.00424222
126,82,0.999355,-0.000429247,0.00434115
126,83,0.998497,-0.000488817,0.00443709
126,84,0.997516,-0.000545926,0.00452884
126,85,0.996417,-0.000600375,0.00461391
126,86,0.995201,-0.000652064,0.00469159
126,87,0.993874,-0.000700848,0.00475946
126,88,0.992443,-0.000746686,0.00481749
126,89,0.990913,-0.000789459,0.0048633
126,90,0.989292,-0.000829154,0.00489768
126,91,0.987588,-0.000865657,0.00491823
126,92,0.985808,-0.00089896,0.00492666
126,93,0.983963,-0.000928939,0.00492042
126,94,0.98206,-0.000955585,0.00490216
126,95,0.980108,-0.000978757,0.00486903
126,96,0.978118,-0.00099845,0.00482464
126,97,0.976097,-0.00101452,0.00476564
126,98,0.974055,-0.00102697,0.0046966
126,99,0.972001,-0.00103567,0.00461353
126,100,0.969941,-0.00104065,0.00452194
126,101,0.967885,-0.00104181,0.00441705
126,102,0.96584,-0.00103923,0.00430535
126,103,0.963813,-0.00103285,0.00418117
126,104,0.96181,-0.00102279,0.004052
126,105,0.959839,-0.00100904,0.0039112
126,106,0.957905,-0.000991786,0.00376722
126,107,0.956014,-0.00097109,0.00361241
126,108,0.954172,-0.000947187,0.0034561
126,109,0.952384,-0.000920239,0.00328956
126,110,0.950656,-0.00089057,0.00312287
126,111,0.948992,-0.000858465,0.00294615
126,112,0.947398,-0.000824373,0.00277016
126,113,0.945878,-0.000788737,0.00258395
126,114,0.944438,-0.000752156,0.00239895
126,115,0.943083,-0.00071524,0.0022034
126,116,0.941817,-0.000678724,0.00200949
126,117,0.940645,-0.000643336,0.00180494
126,118,0.939572,-0.000609862,0.00160284
126,119,0.938602,-0.000579,0.00139075
126,120,0.937741,-0.000551345,0.001183
126,121,0.936993,-0.000527214,0.00096804
126,122,0.936362,-0.000506695,0.000762898
126,123,0.935851,-0.000489483,0.000558956
126,124,0.935464,-0.00047474,0.000378505
126,125,0.935193,-0.000463247,0.000220105
126,126,0.935023,-0.000478918,8.94554e-05
126,127,1,-0.00343474,0
127,0,1,0,0
127,1,1,0.00343474,0
127,2,1,0.0068612,0
127,3,1,0.0102711,0
127,4,1,0.0136563,0
127,5,1,0.0170086,0
127,6,1,0.0203199,0
127,7,1,0.0235823,0
127,8,1,0.0267878,0
127,9,1,0.0299289,0
127,10,1,0.0329978,0
127,11,1,0.0359872,0
127,12,1,0.0388899,0
127,13,1,0.041699,0
127,14,1,0.0444075,0
127,15,1,0.0470091,0
127,16,1,0.0494975,0
127,17,1,0.0518666,0
127,18,1,0.0541107,0
127,19,1,0.0562245,0
127,20,1,0.0582029,0
127,21,1,0.060041,0
127,22,1,0.0617345,0
127,23,1,0.0632793,0
127,24,1,0.0646716,0
127,25,1,0.0659081,0
127,26,1,0.0669858,0
127,27,1,0.0679022,0
127,28,1,0.068655,0
127,29,1,0.0692424,0
127,30,1,0.0696629,0
127,31,1,0.0699157,0
127,32,1,0.07,0
127,33,1,0.0699157,0
127,34,1,0.0696629,0
127,35,1,0.0692424,0
127,36,1,0.068655,0
127,37,1,0.0679022,0
127,38,1,0.0669858,0
127,39,1,0.0659081,0
127,40,1,0.0646716,0
127,41,1,0.0632793,0
127,42,1,0.0617345,0
127,43,1,0.060041,0
127,44,1,0.0582029,0
127,45,1,0.0562245,0
127,46,1,0.0541107,0
127,47,1,0.0518666,0
127,48,1,0.0494975,0
127,49,1,0.0470091,0
127,50,1,0.0444075,0
127,51,1,0.041699,0
127,52,1,0.0388899,0
127,53,1,0.0359872,0
127,54,1,0.0329978,0
127,55,1,0.0299289,0
127,56,1,0.0267878,0
127,57,1,0.0235823,0
127,58,1,0.0203199,0
127,59,1,0.0170086,0
127,60,1,0.0136563,0
127,61,1,0.0102711,0
127,62,1,0.0068612,0
127,63,1,0.00343474,0
127,64,1,8.57253e-18,0
127,65,1,-0.00343474,0
127,66,1,-0.0068612,0
127,67,1,-0.0102711,0
127,68,1,-0.0136563,0
127,69,1,-0.0170086,0
127,70,1,-0.0203199,0
127,71,1,-0.0235823,0
127,72,1,-0.0267878,0
127,73,1,-0.0299289,0
127,74,1,-0.0329978,0
127,75,1,-0.0359872,0
127,76,1,-0.0388899,0
127,77,1,-0.041699,0
127,78,1,-0.0444075,0
127,79,1,-0.0470091,0
127,80,1,-0.0494975,0
127,81,1,-0.0518666,0
127,82,1,-0.0541107,0
127,83,1,-0.0562245,0
127,84,1,-0.0582029,0
127,85,1,-0.060041,0
127,86,1,-0.0617345,0
127,87,1,-0.0632793,0
127,88,1,-0.0646716,0
127,89,1,-0.0659081,0
127,90,1,-0.0669858,0
127,91,1,-0.0679022,0
127,92,1,-0.068655,0
127,93,1,-0.0692424,0
127,94,1,-0.0696629,0
127,95,1,-0.0699157,0
127,96,1,-0.07,0
127,97,1,-0.0699157,0
127,98,1,-0.0696629,0
127,99,1,-0.0692424,0
127,100,1,-0.068655,0
127,101,1,-0.0679022,0
127,102,1,-0.0669858,0
127,103,1,-0.0659081,0
127,104,1,-0.0646716,0
127,105,1,-0.0632793,0
127,106,1,-0.0617345,0
127,107,1,-0.060041,0
127,108,1,-0.0582029,0
127,109,1,-0.0562245,0
127,110,1,-0.0541107,0
127,111,1,-0.0518666,0
127,112,1,-0.0494975,0
127,113,1,-0.0470091,0
127,114,1,-0.0444075,0
127,115,1,-0.041699,0
127,116,1,-0.0388899,0
127,117,1,-0.0359872,0
127,118,1,-0.0329978,0
127,119,1,-0.0299289,0
127,120,1,-0.0267878,0
127,121,1,-0.0235823,0
127,122,1,-0.0203199,0
127,123,1,-0.0170086,0
127,124,1,-0.0136563,0
127,125,1,-0.0102711,0
127,126,1,-0.0068612,0
127,127,1,-0.00343474,0
