x,y,rho,ux,uy
0,0,1,0,0
0,1,1,0.00343474,0
0,2,1,0.0068612,0
0,3,1,0.0102711,0
0,4,1,0.0136563,0
0,5,1,0.0170086,0
0,6,1,0.0203199,0
0,7,1,0.0235823,0
0,8,1,0.0267878,0
0,9,1,0.0299289,0
0,10,1,0.0329978,0
0,11,1,0.0359872,0
0,12,1,0.0388899,0
0,13,1,0.041699,0
0,14,1,0.0444075,0
0,15,1,0.0470091,0
0,16,1,0.0494975,0
0,17,1,0.0518666,0
0,18,1,0.0541107,0
0,19,1,0.0562245,0
0,20,1,0.0582029,0
0,21,1,0.060041,0
0,22,1,0.0617345,0
0,23,1,0.0632793,0
0,24,1,0.0646716,0
0,25,1,0.0659081,0
0,26,1,0.0669858,0
0,27,1,0.0679022,0
0,28,1,0.068655,0
0,29,1,0.0692424,0
0,30,1,0.0696629,0
0,31,1,0.0699157,0
0,32,1,0.07,0
0,33,1,0.0699157,0
0,34,1,0.0696629,0
0,35,1,0.0692424,0
0,36,1,0.068655,0
0,37,1,0.0679022,0
0,38,1,0.0669858,0
0,39,1,0.0659081,0
0,40,1,0.0646716,0
0,41,1,0.0632793,0
0,42,1,0.0617345,0
0,43,1,0.060041,0
0,44,1,0.0582029,0
0,45,1,0.0562245,0
0,46,1,0.0541107,0
0,47,1,0.0518666,0
0,48,1,0.0494975,0
0,49,1,0.0470091,0
0,50,1,0.0444075,0
0,51,1,0.041699,0
0,52,1,0.0388899,0
0,53,1,0.0359872,0
0,54,1,0.0329978,0
0,55,1,0.0299289,0
0,56,1,0.0267878,0
0,57,1,0.0235823,0
0,58,1,0.0203199,0
0,59,1,0.0170086,0
0,60,1,0.0136563,0
0,61,1,0.0102711,0
0,62,1,0.0068612,0
0,63,1,0.00343474,0
0,64,1,8.57253e-18,0
0,65,1,-0.00343474,0
0,66,1,-0.0068612,0
0,67,1,-0.0102711,0
0,68,1,-0.0136563,0
0,69,1,-0.0170086,0
0,70,1,-0.0203199,0
0,71,1,-0.0235823,0
0,72,1,-0.0267878,0
0,73,1,-0.0299289,0
0,74,1,-0.0329978,0
0,75,1,-0.0359872,0
0,76,1,-0.0388899,0
0,77,1,-0.041699,0
0,78,1,-0.0444075,0
0,79,1,-0.0470091,0
0,80,1,-0.0494975,0
0,81,1,-0.0518666,0
0,82,1,-0.0541107,0
0,83,1,-0.0562245,0
0,84,1,-0.0582029,0
0,85,1,-0.060041,0
0,86,1,-0.0617345,0
0,87,1,-0.0632793,0
0,88,1,-0.0646716,0
0,89,1,-0.0659081,0
0,90,1,-0.0669858,0
0,91,1,-0.0679022,0
0,92,1,-0.068655,0
0,93,1,-0.0692424,0
0,94,1,-0.0696629,0
0,95,1,-0.0699157,0
0,96,1,-0.07,0
0,97,1,-0.0699157,0
0,98,1,-0.0696629,0
0,99,1,-0.0692424,0
0,100,1,-0.068655,0
0,101,1,-0.0679022,0
0,102,1,-0.0669858,0
0,103,1,-0.0659081,0
0,104,1,-0.0646716,0
0,105,1,-0.0632793,0
0,106,1,-0.0617345,0
0,107,1,-0.060041,0
0,108,1,-0.0582029,0
0,109,1,-0.0562245,0
0,110,1,-0.0541107,0
0,111,1,-0.0518666,0
0,112,1,-0.0494975,0
0,113,1,-0.0470091,0
0,114,1,-0.0444075,0
0,115,1,-0.041699,0
0,116,1,-0.0388899,0
0,117,1,-0.0359872,0
0,118,1,-0.0329978,0
0,119,1,-0.0299289,0
0,120,1,-0.0267878,0
0,121,1,-0.0235823,0
0,122,1,-0.0203199,0
0,123,1,-0.0170086,0
0,124,1,-0.0136563,0
0,125,1,-0.0102711,0
0,126,1,-0.0068612,0
0,127,1,-0.00343474,0
1,0,1,0,0
1,1,1.05813,0.000817772,0.000330178
1,2,1.05764,0.000980377,0.000621332
1,3,1.05722,0.00100977,0.000690657
1,4,1.05692,0.00101998,0.000720747
1,5,1.05667,0.00103049,0.00074628
1,6,1.05643,0.00104229,0.000784774
1,7,1.05619,0.00105542,0.000835723
1,8,1.05595,0.00107026,0.000904061
1,9,1.05569,0.00108673,0.000980279
1,10,1.05541,0.00110423,0.00106502
1,11,1.05511,0.00112211,0.00114919
1,12,1.05479,0.00113966,0.00123538
1,13,1.05445,0.00115639,0.00131727
1,14,1.05409,0.00117171,0.00139937
1,15,1.0537,0.00118528,0.00147714
1,16,1.05329,0.00119664,0.00155564
1,17,1.05285,0.00120555,0.00163097
1,18,1.05239,0.00121165,0.00170788
1,19,1.05189,0.00121478,0.00178263
1,20,1.05136,0.00121465,0.00185937
1,21,1.0508,0.00121121,0.00193444
1,22,1.0502,0.00120425,0.00201138
1,23,1.04957,0.00119379,0.00208668
1,24,1.04889,0.00117969,0.00216333
1,25,1.04818,0.00116204,0.00223801
1,26,1.04742,0.00114077,0.0023132
1,27,1.04662,0.00111602,0.00238587
1,28,1.04579,0.00108778,0.00245806
1,29,1.04491,0.00105623,0.00252705
1,30,1.04399,0.00102139,0.00259451
1,31,1.04303,0.000983489,0.00265808
1,32,1.04204,0.000942596,0.00271917
1,33,1.04101,0.000898943,0.00277582
1,34,1.03996,0.000852645,0.00282925
1,35,1.03887,0.000803943,0.00287789
1,36,1.03776,0.000752974,0.00292284
1,37,1.03663,0.000699983,0.00296294
1,38,1.03547,0.000645115,0.00299919
1,39,1.03431,0.000588608,0.0030308
1,40,1.03313,0.000530611,0.00305869
1,41,1.03195,0.000471345,0.00308239
1,42,1.03076,0.000410954,0.00310272
1,43,1.02957,0.000349642,0.00311947
1,44,1.02839,0.000287547,0.00313333
1,45,1.02721,0.000224852,0.00314427
1,46,1.02604,0.00016169,0.00315284
1,47,1.02488,9.82287e-05,0.00315912
1,48,1.02373,3.45951e-05,0.00316349
1,49,1.02259,-2.90522e-05,0.00316608
1,50,1.02147,-9.25903e-05,0.00316711
1,51,1.02037,-0.000155868,0.00316671
1,52,1.01927,-0.000218765,0.00316496
1,53,1.0182,-0.000281134,0.00316197
1,54,1.01714,-0.000342857,0.00315767
1,55,1.01609,-0.000403793,0.00315221
1,56,1.01505,-0.000463824,0.00314535
1,57,1.01403,-0.000522816,0.00313729
1,58,1.01302,-0.000580653,0.00312769
1,59,1.01202,-0.000637205,0.00311678
1,60,1.01103,-0.000692361,0.00310417
1,61,1.01004,-0.000745995,0.00309016
1,62,1.00906,-0.000798,0.0030743
1,63,1.00809,-0.000848257,0.003057
1,64,1.00712,-0.000896663,0.00303781
1,65,1.00615,-0.000943107,0.00301723
1,66,1.00517,-0.000987498,0.00299484
1,67,1.0042,-0.00102974,0.00297129
1,68,1.00322,-0.00106975,0.00294616
1,69,1.00224,-0.00110747,0.0029203
1,70,1.00125,-0.00114283,0.00289327
1,71,1.00026,-0.00117579,0.00286611
1,72,0.999252,-0.00120634,0.00283837
1,73,0.998239,-0.00123446,0.00281125
1,74,0.997216,-0.00126019,0.00278426
1,75,0.996182,-0.00128353,0.00275871
1,76,0.995136,-0.00130456,0.002734
1,77,0.994078,-0.00132335,0.00271154
1,78,0.993006,-0.00133998,0.0026905
1,79,0.991921,-0.00135455,0.00267236
1,80,0.990822,-0.00136719,0.00265601
1,81,0.989708,-0.00137799,0.00264293
1,82,0.988579,-0.00138709,0.00263167
1,83,0.987434,-0.00139458,0.00262369
1,84,0.986275,-0.00140059,0.00261716
1,85,0.9851,-0.0014052,0.00261354
1,86,0.983909,-0.0014085,0.00261062
1,87,0.982705,-0.00141055,0.00260989
1,88,0.981486,-0.00141141,0.00260875
1,89,0.980254,-0.00141109,0.00260883
1,90,0.979011,-0.00140962,0.00260714
1,91,0.977757,-0.00140696,0.00260556
1,92,0.976494,-0.00140313,0.00260076
1,93,0.975226,-0.00139804,0.00259494
1,94,0.973953,-0.00139167,0.00258449
1,95,0.972679,-0.00138393,0.00257203
1,96,0.971407,-0.00137478,0.00255367
1,97,0.970139,-0.00136412,0.00253255
1,98,0.96888,-0.00135191,0.0025045
1,99,0.967631,-0.00133807,0.00247325
1,100,0.966396,-0.00132259,0.00243434
1,101,0.96518,-0.00130539,0.00239212
1,102,0.963985,-0.00128652,0.00234182
1,103,0.962814,-0.00126594,0.00228842
1,104,0.961671,-0.00124374,0.00222679
1,105,0.960559,-0.00121995,0.00216254
1,106,0.95948,-0.00119471,0.00209011
1,107,0.958437,-0.00116812,0.00201575
1,108,0.957433,-0.00114039,0.00193339
1,109,0.956469,-0.0011117,0.00184985
1,110,0.955549,-0.00108234,0.00175854
1,111,0.954673,-0.00105257,0.00166687
1,112,0.953843,-0.00102283,0.00156775
1,113,0.953062,-0.000993508,0.00146925
1,114,0.952329,-0.000965189,0.00136406
1,115,0.951647,-0.000938457,0.00126118
1,116,0.951016,-0.000914054,0.00115354
1,117,0.950437,-0.000892683,0.00105157
1,118,0.94991,-0.000875059,0.000948935
1,119,0.949435,-0.000861635,0.00085754
1,120,0.949009,-0.000852449,0.000771246
1,121,0.94863,-0.000846661,0.000701224
1,122,0.948292,-0.000842479,0.000636978
1,123,0.947989,-0.00083791,0.000582369
1,124,0.947706,-0.000831109,0.000517579
1,125,0.947406,-0.000810897,0.000429065
1,126,0.947119,-0.000715727,0.000212201
1,127,1,-0.00343474,0
2,0,1,0,0
2,1,1.05768,9.77363e-05,0.000495086
2,2,1.05743,0.000711295,0.00119795
2,3,1.05716,0.000931292,0.00154847
2,4,1.05689,0.000979122,0.00171318
2,5,1.05664,0.000959863,0.00181536
2,6,1.0564,0.000911758,0.00192731
2,7,1.05615,0.000855824,0.00206685
2,8,1.0559,0.000804272,0.00224097
2,9,1.05563,0.000762038,0.00243657
2,10,1.05535,0.000729371,0.00264856
2,11,1.05505,0.000704251,0.00286242
2,12,1.05473,0.000684106,0.00307659
2,13,1.05438,0.000666673,0.00328233
2,14,1.05402,0.000650421,0.00348301
2,15,1.05363,0.000634508,0.00367409
2,16,1.05322,0.00061869,0.00386102
2,17,1.05278,0.000603059,0.00404066
2,18,1.05231,0.000587925,0.00421842
2,19,1.05181,0.000573623,0.00439123
2,20,1.05128,0.000560516,0.00456365
2,21,1.05071,0.000548885,0.00473238
2,22,1.05011,0.000538998,0.0049011
2,23,1.04948,0.000531038,0.00506636
2,24,1.0488,0.000525183,0.00523104
2,25,1.04808,0.000521539,0.00539172
2,26,1.04733,0.000520218,0.0055506
2,27,1.04653,0.000521258,0.00570439
2,28,1.04569,0.000524702,0.00585479
2,29,1.04482,0.00053052,0.00599874
2,30,1.0439,0.000538675,0.00613759
2,31,1.04295,0.000549053,0.00626867
2,32,1.04196,0.000561528,0.0063931
2,33,1.04093,0.000575895,0.00650872
2,34,1.03988,0.000591938,0.00661656
2,35,1.0388,0.000609364,0.00671502
2,36,1.03769,0.000627874,0.00680513
2,37,1.03656,0.000647102,0.00688586
2,38,1.03542,0.000666684,0.00695829
2,39,1.03426,0.000686205,0.00702187
2,40,1.03309,0.000705262,0.00707774
2,41,1.03191,0.000723421,0.00712575
2,42,1.03073,0.000740271,0.00716699
2,43,1.02954,0.000755391,0.00720159
2,44,1.02836,0.000768396,0.00723054
2,45,1.02719,0.000778914,0.0072541
2,46,1.02602,0.000786619,0.00727307
2,47,1.02487,0.000791214,0.00728774
2,48,1.02372,0.000792464,0.00729867
2,49,1.02259,0.000790171,0.0073061
2,50,1.02147,0.000784206,0.0073103
2,51,1.02037,0.00077449,0.00731142
2,52,1.01928,0.000761008,0.00730947
2,53,1.01821,0.0007438,0.00730452
2,54,1.01715,0.000722967,0.00729634
2,55,1.0161,0.000698661,0.00728494
2,56,1.01507,0.000671089,0.00726992
2,57,1.01405,0.000640501,0.00725128
2,58,1.01305,0.000607195,0.0072285
2,59,1.01205,0.000571501,0.00720164
2,60,1.01106,0.000533786,0.00717014
2,61,1.01008,0.000494439,0.00713415
2,62,1.0091,0.000453875,0.00709314
2,63,1.00813,0.000412514,0.00704747
2,64,1.00716,0.000370791,0.00699667
2,65,1.0062,0.000329133,0.00694134
2,66,1.00523,0.000287966,0.00688116
2,67,1.00425,0.00024769,0.00681703
2,68,1.00328,0.000208693,0.0067488
2,69,1.0023,0.00017132,0.0066777
2,70,1.00131,0.000135889,0.00660374
2,71,1.00032,0.000102664,0.00652845
2,72,0.999316,7.18703e-05,0.00645197
2,73,0.998303,4.36709e-05,0.00637608
2,74,0.99728,1.81865e-05,0.00630093
2,75,0.996245,-4.52878e-06,0.00622847
2,76,0.995198,-2.446e-05,0.00615868
2,77,0.994138,-4.1656e-05,0.00609357
2,78,0.993064,-5.6195e-05,0.00603281
2,79,0.991977,-6.82108e-05,0.00597828
2,80,0.990875,-7.78521e-05,0.00592921
2,81,0.989758,-8.53112e-05,0.00588727
2,82,0.988626,-9.0779e-05,0.0058511
2,83,0.987479,-9.44775e-05,0.00582209
2,84,0.986316,-9.66107e-05,0.00579822
2,85,0.985138,-9.74041e-05,0.00578065
2,86,0.983946,-9.70518e-05,0.0057667
2,87,0.982739,-9.57632e-05,0.00575734
2,88,0.981518,-9.37074e-05,0.0057493
2,89,0.980284,-9.10677e-05,0.00574351
2,90,0.97904,-8.79822e-05,0.00573621
2,91,0.977785,-8.46069e-05,0.00572846
2,92,0.976522,-8.10511e-05,0.00571612
2,93,0.975254,-7.7449e-05,0.00570058
2,94,0.973982,-7.38882e-05,0.00567743
2,95,0.972709,-7.04901e-05,0.00564855
2,96,0.971437,-6.73293e-05,0.00560938
2,97,0.970171,-6.45222e-05,0.00556241
2,98,0.968913,-6.21376e-05,0.00550298
2,99,0.967666,-6.02912e-05,0.00543432
2,100,0.966433,-5.90472e-05,0.00535165
2,101,0.965218,-5.8519e-05,0.00525902
2,102,0.964025,-5.87611e-05,0.00515151
2,103,0.962856,-5.98754e-05,0.00503398
2,104,0.961715,-6.1895e-05,0.00490131
2,105,0.960604,-6.48953e-05,0.00475912
2,106,0.959526,-6.88722e-05,0.00460201
2,107,0.958485,-7.38585e-05,0.00443632
2,108,0.957482,-7.98021e-05,0.00425621
2,109,0.956519,-8.66922e-05,0.0040687
2,110,0.955599,-9.44494e-05,0.00386749
2,111,0.954724,-0.000103069,0.00366026
2,112,0.953894,-0.000112541,0.00344044
2,113,0.953113,-0.000123014,0.0032167
2,114,0.95238,-0.000134745,0.00298279
2,115,0.951696,-0.00014826,0.00274918
2,116,0.951064,-0.000164267,0.00251108
2,117,0.950482,-0.000183696,0.00228185
2,118,0.949952,-0.000207376,0.002059
2,119,0.949471,-0.000235629,0.00185845
2,120,0.94904,-0.000267277,0.00167765
2,121,0.948655,-0.000298346,0.00152889
2,122,0.948314,-0.000320616,0.00139821
2,123,0.948011,-0.000321301,0.00127527
2,124,0.947747,-0.000280719,0.00110481
2,125,0.947528,-0.000147833,0.000817996
2,126,0.947367,0.000190399,0.000320794
2,127,1,-0.00343474,0
3,0,1,0,0
3,1,1.05739,0.00116474,0.000500401
3,2,1.05728,0.00215113,0.00132758
3,3,1.05709,0.00265366,0.00182986
3,4,1.05686,0.00285611,0.00211182
3,5,1.05662,0.00289658,0.00229352
3,6,1.05638,0.00286265,0.00246428
3,7,1.05613,0.00280878,0.0026583
3,8,1.05587,0.00276374,0.00289052
3,9,1.0556,0.00273871,0.00314912
3,10,1.05531,0.00273421,0.00342691
3,11,1.05501,0.0027455,0.00370657
3,12,1.05468,0.00276627,0.00398375
3,13,1.05433,0.00279073,0.00424791
3,14,1.05397,0.00281449,0.00450118
3,15,1.05357,0.00283469,0.00473861
3,16,1.05315,0.00284972,0.0049656
3,17,1.05271,0.00285884,0.00517937
3,18,1.05224,0.00286185,0.00538569
3,19,1.05173,0.00285881,0.00558203
3,20,1.0512,0.00284989,0.00577338
3,21,1.05063,0.0028353,0.00595693
3,22,1.05002,0.00281527,0.00613669
3,23,1.04938,0.00279002,0.00630963
3,24,1.0487,0.00275978,0.00647889
3,25,1.04798,0.00272479,0.00664137
3,26,1.04723,0.00268527,0.00679946
3,27,1.04643,0.00264144,0.00695013
3,28,1.04559,0.00259352,0.00709522
3,29,1.04471,0.00254168,0.0072319
3,30,1.0438,0.00248609,0.0073616
3,31,1.04285,0.00242687,0.00748189
3,32,1.04186,0.00236411,0.00759397
3,33,1.04084,0.00229786,0.00769589
3,34,1.03979,0.00222815,0.0077888
3,35,1.03871,0.00215494,0.0078713
3,36,1.03761,0.00207822,0.00794457
3,37,1.03649,0.00199791,0.00800779
3,38,1.03535,0.00191394,0.00806219
3,39,1.03419,0.00182622,0.00810746
3,40,1.03303,0.00173466,0.00814487
3,41,1.03185,0.00163918,0.00817447
3,42,1.03068,0.00153971,0.00819749
3,43,1.0295,0.00143619,0.00821422
3,44,1.02832,0.00132862,0.00822574
3,45,1.02716,0.00121698,0.00823243
3,46,1.02599,0.00110134,0.00823513
3,47,1.02484,0.000981775,0.0082342
3,48,1.0237,0.000858418,0.00823016
3,49,1.02258,0.000731448,0.00822326
3,50,1.02146,0.000601092,0.0082137
3,51,1.02037,0.000467623,0.00820159
3,52,1.01928,0.000331363,0.00818683
3,53,1.01822,0.000192673,0.0081694
3,54,1.01716,5.19613e-05,0.00814893
3,55,1.01613,-9.03319e-05,0.00812532
3,56,1.0151,-0.000233731,0.00809802
3,57,1.01409,-0.000377731,0.00806692
3,58,1.01309,-0.000521806,0.00803136
3,59,1.0121,-0.00066541,0.00799128
3,60,1.01111,-0.000807985,0.00794602
3,61,1.01014,-0.000948968,0.00789567
3,62,1.00917,-0.00108779,0.00783961
3,63,1.0082,-0.00122391,0.00777817
3,64,1.00724,-0.00135676,0.00771089
3,65,1.00628,-0.00148583,0.0076384
3,66,1.00531,-0.00161062,0.00756043
3,67,1.00435,-0.00173068,0.007478
3,68,1.00338,-0.00184558,0.00739107
3,69,1.0024,-0.00195496,0.00730106
3,70,1.00142,-0.0020585,0.00720815
3,71,1.00043,-0.00215596,0.00711413
3,72,0.999426,-0.00224713,0.00701933
3,73,0.998415,-0.00233188,0.00692582
3,74,0.997392,-0.00241015,0.00683397
3,75,0.996358,-0.00248193,0.006746
3,76,0.99531,-0.00254726,0.00666214
3,77,0.994248,-0.00260626,0.0065846
3,78,0.993173,-0.00265905,0.00651326
3,79,0.992082,-0.00270582,0.00645016
3,80,0.990977,-0.00274677,0.00639467
3,81,0.989857,-0.00278214,0.00634852
3,82,0.988721,-0.00281214,0.00631042
3,83,0.98757,-0.00283702,0.00628174
3,84,0.986403,-0.002857,0.00626043
3,85,0.985221,-0.00287231,0.00624753
3,86,0.984024,-0.00288312,0.00624025
3,87,0.982813,-0.00288963,0.00623936
3,88,0.981588,-0.00289199,0.00624139
3,89,0.980351,-0.00289032,0.00624701
3,90,0.979103,-0.00288472,0.0062522
3,91,0.977845,-0.00287529,0.00625768
3,92,0.97658,-0.00286209,0.00625904
3,93,0.975309,-0.00284517,0.00625729
3,94,0.974035,-0.00282458,0.00624771
3,95,0.972761,-0.00280038,0.00623178
3,96,0.971488,-0.0027726,0.00620464
3,97,0.97022,-0.00274131,0.00616839
3,98,0.968961,-0.0027066,0.00611808
3,99,0.967713,-0.00266856,0.00605656
3,100,0.96648,-0.00262733,0.00597882
3,101,0.965264,-0.00258305,0.00588854
3,102,0.96407,-0.00253593,0.00578063
3,103,0.962901,-0.00248618,0.00565963
3,104,0.961758,-0.00243405,0.00552029
3,105,0.960647,-0.00237982,0.00536798
3,106,0.959568,-0.00232379,0.00519724
3,107,0.958525,-0.00226631,0.00501421
3,108,0.957521,-0.00220775,0.00481307
3,109,0.956557,-0.00214856,0.0046007
3,110,0.955635,-0.00208928,0.00437098
3,111,0.954758,-0.00203067,0.00413159
3,112,0.953927,-0.00197376,0.0038764
3,113,0.953143,-0.00192003,0.00361447
3,114,0.952407,-0.00187151,0.00334052
3,115,0.951721,-0.00183089,0.0030661
3,116,0.951086,-0.00180148,0.00278829
3,117,0.950501,-0.0017869,0.00252241
3,118,0.949966,-0.00179025,0.00226863
3,119,0.949481,-0.00181261,0.00204502
3,120,0.949046,-0.00185058,0.00185062
3,121,0.948658,-0.00189278,0.00169648
3,122,0.948317,-0.00191603,0.0015632
3,123,0.948021,-0.0018824,0.00142871
3,124,0.947773,-0.00174009,0.00122399
3,125,0.947592,-0.00142464,0.000876114
3,126,0.947501,-0.000871551,0.000323688
3,127,1,-0.00343474,0
4,0,1,0,0
4,1,1.05727,0.000272207,0.000489966
4,2,1.05717,0.00153766,0.00130064
4,3,1.057,0.00230036,0.00183654
4,4,1.0568,0.00264306,0.00216235
4,5,1.05658,0.00270761,0.00237554
4,6,1.05634,0.00262794,0.00256575
4,7,1.05609,0.00249909,0.00277338
4,8,1.05583,0.00237629,0.00301768
4,9,1.05555,0.00228396,0.00328874
4,10,1.05526,0.00222663,0.00357894
4,11,1.05495,0.00219841,0.00386978
4,12,1.05461,0.00218979,0.00415521
4,13,1.05426,0.00219156,0.00442341
4,14,1.05388,0.00219674,0.00467538
4,15,1.05348,0.00220089,0.00490572
4,16,1.05306,0.00220175,0.00511946
4,17,1.0526,0.00219863,0.00531399
4,18,1.05212,0.00219171,0.00549519
4,19,1.05161,0.00218163,0.00566097
4,20,1.05107,0.00216915,0.00581662
4,21,1.05049,0.00215502,0.00595987
4,22,1.04988,0.00213991,0.00609507
4,23,1.04924,0.00212442,0.00621974
4,24,1.04855,0.00210905,0.00633736
4,25,1.04783,0.00209423,0.00644534
4,26,1.04707,0.00208032,0.00654638
4,27,1.04627,0.0020676,0.00663793
4,28,1.04543,0.00205626,0.0067221
4,29,1.04456,0.0020464,0.00679651
4,30,1.04364,0.00203801,0.00686283
4,31,1.04269,0.00203098,0.006919
4,32,1.04171,0.00202509,0.00696646
4,33,1.0407,0.00202003,0.00700361
4,34,1.03965,0.00201537,0.00703177
4,35,1.03858,0.00201062,0.00704989
4,36,1.03748,0.0020052,0.00705931
4,37,1.03637,0.00199849,0.0070595
4,38,1.03523,0.00198982,0.00705186
4,39,1.03409,0.00197852,0.00703633
4,40,1.03293,0.0019639,0.00701432
4,41,1.03176,0.00194531,0.00698614
4,42,1.03059,0.00192211,0.0069531
4,43,1.02943,0.00189372,0.00691574
4,44,1.02826,0.00185961,0.0068752
4,45,1.0271,0.00181934,0.00683206
4,46,1.02594,0.00177252,0.00678722
4,47,1.0248,0.00171888,0.00674118
4,48,1.02367,0.00165823,0.00669451
4,49,1.02255,0.00159048,0.00664757
4,50,1.02145,0.00151565,0.00660059
4,51,1.02036,0.00143385,0.00655375
4,52,1.01929,0.00134528,0.00650695
4,53,1.01823,0.00125026,0.00646021
4,54,1.01718,0.00114918,0.00641314
4,55,1.01615,0.00104253,0.00636567
4,56,1.01514,0.000930849,0.00631722
4,57,1.01413,0.000814776,0.00626766
4,58,1.01314,0.000694987,0.0062163
4,59,1.01216,0.000572209,0.00616307
4,60,1.01119,0.000447207,0.00610725
4,61,1.01022,0.000320773,0.00604891
4,62,1.00926,0.000193707,0.00598739
4,63,1.0083,6.68152e-05,0.00592299
4,64,1.00735,-5.91085e-05,0.00585521
4,65,1.00639,-0.000183291,0.00578464
4,66,1.00544,-0.000304994,0.00571099
4,67,1.00448,-0.000423521,0.00563524
4,68,1.00351,-0.00053823,0.00555731
4,69,1.00254,-0.000648539,0.00547858
4,70,1.00156,-0.000753938,0.0053992
4,71,1.00058,-0.000853983,0.00532091
4,72,0.999579,-0.000948315,0.00524401
4,73,0.998569,-0.00103664,0.00517052
4,74,0.997548,-0.00111876,0.00510075
4,75,0.996513,-0.00119454,0.0050369
4,76,0.995464,-0.00126389,0.00497911
4,77,0.994401,-0.00132683,0.00492956
4,78,0.993322,-0.00138341,0.00488806
4,79,0.992229,-0.00143371,0.00485661
4,80,0.99112,-0.00147788,0.0048345
4,81,0.989995,-0.00151609,0.00482341
4,82,0.988854,-0.00154852,0.00482198
4,83,0.987697,-0.00157538,0.00483151
4,84,0.986524,-0.00159688,0.0048499
4,85,0.985336,-0.00161323,0.00487808
4,86,0.984133,-0.00162466,0.0049132
4,87,0.982916,-0.00163137,0.00495592
4,88,0.981686,-0.00163357,0.00500269
4,89,0.980443,-0.00163146,0.00505401
4,90,0.979189,-0.00162525,0.00510578
4,91,0.977927,-0.00161513,0.00515853
4,92,0.976656,-0.00160132,0.00520771
4,93,0.975381,-0.00158403,0.0052541
4,94,0.974102,-0.00156348,0.00529284
4,95,0.972823,-0.00153991,0.00532512
4,96,0.971546,-0.00151359,0.00534592
4,97,0.970275,-0.00148479,0.00535702
4,98,0.969012,-0.00145381,0.00535327
4,99,0.96776,-0.00142097,0.0053372
4,100,0.966524,-0.00138662,0.00530359
4,101,0.965305,-0.00135111,0.00525578
4,102,0.964108,-0.0013148,0.0051885
4,103,0.962935,-0.00127805,0.00510593
4,104,0.96179,-0.00124121,0.00500271
4,105,0.960675,-0.00120462,0.00488387
4,106,0.959593,-0.00116857,0.00474389
4,107,0.958547,-0.00113335,0.00458858
4,108,0.957539,-0.00109922,0.00441221
4,109,0.956572,-0.00106648,0.00422142
4,110,0.955647,-0.00103553,0.0040103
4,111,0.954767,-0.001007,0.00378651
4,112,0.953932,-0.000981923,0.00354443
4,113,0.953144,-0.000961936,0.00329341
4,114,0.952405,-0.000949527,0.00302918
4,115,0.951715,-0.000948141,0.00276413
4,116,0.951074,-0.000962118,0.00249693
4,117,0.950485,-0.000996121,0.00224427
4,118,0.949945,-0.00105384,0.00200822
4,119,0.949456,-0.00113547,0.00180793
4,120,0.949016,-0.00123362,0.0016432
4,121,0.948626,-0.00132772,0.00152373
4,122,0.948285,-0.00137792,0.00142708
4,123,0.947995,-0.00132176,0.00132552
4,124,0.947761,-0.00108096,0.00114703
4,125,0.947592,-0.000594193,0.000824847
4,126,0.947505,0.000126651,0.00030849
4,127,1,-0.00343474,0
5,0,1,0,0
5,1,1.05724,0.00135658,0.000469234
5,2,1.05713,0.00288465,0.00124057
5,3,1.05698,0.00390148,0.00173958
5,4,1.05679,0.00441581,0.00204225
5,5,1.05658,0.00456674,0.00223788
5,6,1.05635,0.00451762,0.00240816
5,7,1.0561,0.00439542,0.00259252
5,8,1.05583,0.00427805,0.0028112
5,9,1.05555,0.00420144,0.00305538
5,10,1.05524,0.00417323,0.00331743
5,11,1.05492,0.00418572,0.00357843
5,12,1.05458,0.00422541,0.00383129
5,13,1.05422,0.00427882,0.0040634
5,14,1.05383,0.00433518,0.00427486
5,15,1.05342,0.00438722,0.00445982
5,16,1.05299,0.00443074,0.00462288
5,17,1.05253,0.00446378,0.00476142
5,18,1.05204,0.00448578,0.00488125
5,19,1.05152,0.00449694,0.0049806
5,20,1.05097,0.00449777,0.00506492
5,21,1.05038,0.00448894,0.00513242
5,22,1.04976,0.00447111,0.0051877
5,23,1.04911,0.00444492,0.00522885
5,24,1.04842,0.00441099,0.00525963
5,25,1.04769,0.00436989,0.00527801
5,26,1.04693,0.00432216,0.005287
5,27,1.04613,0.00426829,0.00528458
5,28,1.04529,0.00420869,0.00527316
5,29,1.04441,0.0041437,0.00525086
5,30,1.0435,0.00407355,0.0052196
5,31,1.04255,0.00399837,0.00517783
5,32,1.04157,0.00391822,0.00512718
5,33,1.04056,0.00383302,0.00506652
5,34,1.03951,0.00374264,0.00499738
5,35,1.03845,0.00364684,0.00491911
5,36,1.03736,0.00354536,0.00483324
5,37,1.03624,0.00343787,0.00473964
5,38,1.03512,0.00332404,0.00463987
5,39,1.03398,0.00320353,0.00453425
5,40,1.03282,0.00307603,0.00442434
5,41,1.03167,0.00294124,0.00431078
5,42,1.03051,0.00279893,0.00419508
5,43,1.02934,0.00264892,0.00407806
5,44,1.02819,0.0024911,0.00396103
5,45,1.02703,0.00232544,0.00384485
5,46,1.02589,0.00215199,0.00373055
5,47,1.02475,0.00197089,0.00361891
5,48,1.02363,0.00178237,0.00351063
5,49,1.02252,0.00158676,0.00340628
5,50,1.02143,0.00138444,0.0033062
5,51,1.02035,0.00117593,0.00321076
5,52,1.01928,0.000961774,0.00311995
5,53,1.01823,0.00074263,0.00303393
5,54,1.0172,0.000519204,0.00295238
5,55,1.01618,0.000292268,0.00287532
5,56,1.01518,6.26421e-05,0.0028022
5,57,1.01419,-0.00016881,0.00273296
5,58,1.0132,-0.000401193,0.0026669
5,59,1.01223,-0.000633588,0.00260399
5,60,1.01127,-0.000865067,0.00254345
5,61,1.01032,-0.0010947,0.00248535
5,62,1.00937,-0.00132155,0.00242894
5,63,1.00842,-0.00154474,0.0023745
5,64,1.00748,-0.00176338,0.00232138
5,65,1.00653,-0.00197664,0.00227012
5,66,1.00559,-0.00218374,0.00222026
5,67,1.00464,-0.00238397,0.00217267
5,68,1.00368,-0.00257667,0.00212709
5,69,1.00272,-0.00276126,0.00208476
5,70,1.00175,-0.00293724,0.0020456
5,71,1.00076,-0.0031042,0.0020112
5,72,0.999771,-0.00326179,0.00198163
5,73,0.998765,-0.00340976,0.00195871
5,74,0.997745,-0.00354794,0.00194254
5,75,0.996711,-0.00367623,0.00193509
5,76,0.995662,-0.00379459,0.00193631
5,77,0.994598,-0.00390305,0.00194818
5,78,0.993517,-0.00400169,0.00197029
5,79,0.99242,-0.00409062,0.00200446
5,80,0.991307,-0.00417001,0.0020498
5,81,0.990177,-0.00424002,0.00210783
5,82,0.98903,-0.00430085,0.00217701
5,83,0.987867,-0.00435267,0.0022585
5,84,0.986688,-0.00439568,0.00235004
5,85,0.985493,-0.00443007,0.00245243
5,86,0.984283,-0.00445599,0.00256269
5,87,0.983059,-0.00447362,0.00268131
5,88,0.981821,-0.00448307,0.00280463
5,89,0.980571,-0.0044845,0.00293298
5,90,0.97931,-0.00447801,0.00306214
5,91,0.97804,-0.00446371,0.00319243
5,92,0.976763,-0.00444172,0.00331919
5,93,0.97548,-0.00441217,0.00344294
5,94,0.974195,-0.00437518,0.00355871
5,95,0.97291,-0.00433092,0.00366741
5,96,0.971627,-0.00427958,0.00376386
5,97,0.97035,-0.00422139,0.00384953
5,98,0.969081,-0.00415664,0.00391916
5,99,0.967824,-0.00408564,0.00397489
5,100,0.966582,-0.00400879,0.00401141
5,101,0.965358,-0.00392652,0.00403167
5,102,0.964155,-0.00383931,0.00403032
5,103,0.962977,-0.00374771,0.00401118
5,104,0.961826,-0.00365228,0.00396883
5,105,0.960706,-0.00355363,0.00390796
5,106,0.959619,-0.00345242,0.00382306
5,107,0.958567,-0.00334932,0.00371967
5,108,0.957554,-0.00324511,0.00359218
5,109,0.956581,-0.00314071,0.00344704
5,110,0.95565,-0.00303734,0.00327866
5,111,0.954764,-0.00293665,0.0030947
5,112,0.953924,-0.00284106,0.00289012
5,113,0.95313,-0.00275403,0.00267458
5,114,0.952386,-0.00268035,0.00244479
5,115,0.95169,-0.00262628,0.00221379
5,116,0.951044,-0.0025993,0.00198165
5,117,0.950449,-0.00260715,0.00176595
5,118,0.949905,-0.00265559,0.00157021
5,119,0.949411,-0.00274455,0.00141407
5,120,0.948968,-0.00286194,0.0012979
5,121,0.948575,-0.00297566,0.00123036
5,122,0.948234,-0.00302567,0.00118813
5,123,0.947945,-0.00292267,0.00114213
5,124,0.947713,-0.00256414,0.00102134
5,125,0.947542,-0.00189108,0.000759352
5,126,0.947439,-0.000981904,0.000294897
5,127,1,-0.00343474,0
6,0,1,0,0
6,1,1.05724,0.000536448,0.000462082
6,2,1.05711,0.0023452,0.00117407
6,3,1.05696,0.00359029,0.00161342
6,4,1.05677,0.00422989,0.00186241
6,5,1.05656,0.00441021,0.00200884
6,6,1.05632,0.00432454,0.00213127
6,7,1.05607,0.00413413,0.00226665
6,8,1.0558,0.00394308,0.00243428
6,9,1.0555,0.00380226,0.00262566
6,10,1.05519,0.00372506,0.00283302
6,11,1.05486,0.00370363,0.00303741
6,12,1.05451,0.00372159,0.00323112
6,13,1.05413,0.00376187,0.00340116
6,14,1.05373,0.00381069,0.00354688
6,15,1.05331,0.00385871,0.00366215
6,16,1.05286,0.0039006,0.00375105
6,17,1.05239,0.00393402,0.00381093
6,18,1.05189,0.00395846,0.00384737
6,19,1.05136,0.00397445,0.00385886
6,20,1.05079,0.00398292,0.00385083
6,21,1.0502,0.00398491,0.00382192
6,22,1.04957,0.00398148,0.00377691
6,23,1.04891,0.00397355,0.00371437
6,24,1.04821,0.00396199,0.00363832
6,25,1.04748,0.00394757,0.00354727
6,26,1.04671,0.00393094,0.00344452
6,27,1.04591,0.00391266,0.00332861
6,28,1.04506,0.00389314,0.00320221
6,29,1.04419,0.00387266,0.00306401
6,30,1.04328,0.0038513,0.00291621
6,31,1.04233,0.00382901,0.00275777
6,32,1.04135,0.00380554,0.0025906
6,33,1.04034,0.00378049,0.00241408
6,34,1.03931,0.00375331,0.00222998
6,35,1.03825,0.00372331,0.00203815
6,36,1.03716,0.00368973,0.00184035
6,37,1.03606,0.0036517,0.00163692
6,38,1.03494,0.00360836,0.00142964
6,39,1.03381,0.0035588,0.00121927
6,40,1.03267,0.00350213,0.0010076
6,41,1.03152,0.00343753,0.00079568
6,42,1.03037,0.00336424,0.000585216
6,43,1.02922,0.00328156,0.000377406
6,44,1.02808,0.00318893,0.000173778
6,45,1.02694,0.00308589,-2.44812e-05
6,46,1.0258,0.00297211,-0.000216131
6,47,1.02468,0.0028474,-0.000400117
6,48,1.02357,0.00271169,-0.000575565
6,49,1.02247,0.00256508,-0.000741639
6,50,1.02139,0.0024078,-0.000897864
6,51,1.02032,0.0022402,-0.00104366
6,52,1.01927,0.00206277,-0.00117895
6,53,1.01824,0.00187615,-0.0013034
6,54,1.01722,0.00168105,-0.00141727
6,55,1.01621,0.00147832,-0.00152043
6,56,1.01522,0.00126889,-0.00161343
6,57,1.01424,0.00105376,-0.00169625
6,58,1.01328,0.000834004,-0.00176965
6,59,1.01232,0.000610756,-0.00183365
6,60,1.01137,0.00038517,-0.00188911
6,61,1.01043,0.000158427,-0.00193601
6,62,1.0095,-6.82911e-05,-0.00197523
6,63,1.00856,-0.000293812,-0.0020066
6,64,1.00763,-0.000516991,-0.00203095
6,65,1.0067,-0.000736724,-0.00204788
6,66,1.00576,-0.000951962,-0.00205807
6,67,1.00482,-0.00116172,-0.00206086
6,68,1.00388,-0.00136509,-0.00205675
6,69,1.00292,-0.00156126,-0.00204474
6,70,1.00196,-0.00174948,-0.00202518
6,71,1.00098,-0.00192913,-0.00199674
6,72,0.999994,-0.00209966,-0.00195965
6,73,0.998992,-0.00226063,-0.00191235
6,74,0.997975,-0.00241169,-0.00185502
6,75,0.996942,-0.00255258,-0.00178598
6,76,0.995892,-0.00268312,-0.00170554
6,77,0.994826,-0.0028032,-0.001612
6,78,0.993742,-0.00291279,-0.00150601
6,79,0.992641,-0.00301188,-0.001386
6,80,0.991523,-0.00310054,-0.00125308
6,81,0.990387,-0.00317886,-0.00110597
6,82,0.989233,-0.00324697,-0.000946397
6,83,0.988063,-0.003305,-0.000773425
6,84,0.986876,-0.0033531,-0.000589464
6,85,0.985672,-0.00339145,-0.000393946
6,86,0.984453,-0.00342022,-0.000189984
6,87,0.98322,-0.00343957,2.26875e-05
6,88,0.981973,-0.0034497,0.000240301
6,89,0.980713,-0.0034508,0.000462941
6,90,0.979443,-0.00344307,0.00068628
6,91,0.978164,-0.00342675,0.000910385
6,92,0.976877,-0.00340207,0.00113049
6,93,0.975586,-0.00336933,0.00134684
6,94,0.974291,-0.00332885,0.00155435
6,95,0.972997,-0.00328099,0.00175363
6,96,0.971706,-0.00322617,0.00193941
6,97,0.970421,-0.00316487,0.00211282
6,98,0.969144,-0.00309762,0.00226852
6,99,0.967879,-0.003025,0.00240829
6,100,0.966629,-0.00294766,0.00252678
6,101,0.965397,-0.00286627,0.00262655
6,102,0.964187,-0.00278155,0.00270225
6,103,0.963002,-0.00269425,0.00275732
6,104,0.961844,-0.00260511,0.0027864
6,105,0.960717,-0.00251486,0.0027938
6,106,0.959622,-0.00242425,0.00277416
6,107,0.958564,-0.00233401,0.00273271
6,108,0.957544,-0.00224493,0.00266409
6,109,0.956564,-0.00215795,0.00257455
6,110,0.955627,-0.00207431,0.00245895
6,111,0.954734,-0.00199582,0.00232487
6,112,0.953887,-0.0019252,0.002168
6,113,0.953087,-0.00186642,0.00199816
6,114,0.952336,-0.00182513,0.00181306
6,115,0.951633,-0.00180874,0.00162616
6,116,0.950981,-0.00182607,0.00143872
6,117,0.950379,-0.00188599,0.0012688
6,118,0.949829,-0.00199461,0.00112097
6,119,0.949329,-0.00215009,0.00101494
6,120,0.948881,-0.00233495,0.000951481
6,121,0.948484,-0.002506,0.00093853
6,122,0.94814,-0.00258521,0.000952652
6,123,0.94785,-0.00245993,0.000964397
6,124,0.947617,-0.00200724,0.000903509
6,125,0.947445,-0.00116416,0.000700272
6,126,0.947333,-4.99269e-05,0.000282736
6,127,1,-0.00343474,0
7,0,1,0,0
7,1,1.05728,0.00164389,0.000439919
7,2,1.05715,0.00376145,0.00111293
7,3,1.05699,0.00525171,0.00148999
7,4,1.05681,0.00604916,0.00167585
7,5,1.05659,0.00631077,0.00176209
7,6,1.05636,0.00625682,0.0018241
7,7,1.0561,0.00607667,0.00189762
7,8,1.05582,0.00589483,0.00200107
7,9,1.05551,0.00577338,0.00212598
7,10,1.05519,0.00572929,0.00226447
7,11,1.05485,0.00575341,0.00239786
7,12,1.05448,0.00582561,0.00251812
7,13,1.05409,0.00592453,0.00261218
7,14,1.05368,0.00603246,0.00267887
7,15,1.05325,0.00613696,0.00271187
7,16,1.05279,0.00623047,0.00271475
7,17,1.0523,0.00630908,0.00268485
7,18,1.05179,0.00637132,0.00262744
7,19,1.05124,0.00641704,0.00254117
7,20,1.05067,0.00644681,0.0024314
7,21,1.05006,0.00646147,0.00229711
7,22,1.04942,0.00646195,0.00214317
7,23,1.04875,0.00644923,0.00196862
7,24,1.04805,0.00642424,0.00177765
7,25,1.04731,0.0063879,0.00156934
7,26,1.04653,0.00634104,0.0013472
7,27,1.04572,0.00628443,0.00111038
7,28,1.04487,0.00621873,0.000861786
7,29,1.04399,0.00614445,0.000600722
7,30,1.04308,0.00606196,0.00032966
7,31,1.04213,0.00597146,4.81583e-05
7,32,1.04116,0.00587297,-0.000241585
7,33,1.04015,0.00576639,-0.000539633
7,34,1.03912,0.00565143,-0.000843909
7,35,1.03806,0.00552773,-0.00115403
7,36,1.03698,0.00539483,-0.00146794
7,37,1.03589,0.0052522,-0.0017848
7,38,1.03478,0.00509932,-0.00210252
7,39,1.03365,0.00493567,-0.00241991
7,40,1.03252,0.00476075,-0.00273488
7,41,1.03138,0.00457416,-0.00304597
7,42,1.03024,0.00437555,-0.00335122
7,43,1.0291,0.00416471,-0.00364903
7,44,1.02796,0.0039415,-0.00393767
7,45,1.02683,0.00370595,-0.0042156
7,46,1.02571,0.00345819,-0.00448139
7,47,1.0246,0.00319851,-0.00473371
7,48,1.0235,0.0029273,-0.00497152
7,49,1.02241,0.0026451,-0.00519376
7,50,1.02134,0.00235256,-0.00539984
7,51,1.02029,0.00205047,-0.00558901
7,52,1.01925,0.00173971,-0.00576112
7,53,1.01823,0.00142127,-0.00591573
7,54,1.01722,0.0010962,-0.00605309
7,55,1.01623,0.000765655,-0.006173
7,56,1.01526,0.000430848,-0.00627606
7,57,1.01429,9.30351e-05,-0.00636226
7,58,1.01334,-0.000246488,-0.00643244
7,59,1.0124,-0.000586401,-0.00648669
7,60,1.01147,-0.000925378,-0.00652601
7,61,1.01055,-0.0012621,-0.0065505
7,62,1.00963,-0.00159525,-0.00656122
7,63,1.00871,-0.00192357,-0.00655819
7,64,1.00779,-0.00224584,-0.00654245
7,65,1.00688,-0.00256089,-0.00651383
7,66,1.00595,-0.00286762,-0.00647327
7,67,1.00503,-0.00316502,-0.00642037
7,68,1.00409,-0.00345217,-0.00635592
7,69,1.00315,-0.00372824,-0.00627921
7,70,1.0022,-0.0039925,-0.00619088
7,71,1.00123,-0.00424433,-0.00608992
7,72,1.00025,-0.00448319,-0.00597684
7,73,0.999248,-0.00470868,-0.00585041
7,74,0.998235,-0.00492047,-0.00571109
7,75,0.997204,-0.00511832,-0.0055575
7,76,0.996155,-0.00530208,-0.00539023
7,77,0.995088,-0.00547167,-0.00520785
7,78,0.994002,-0.00562706,-0.00501124
7,79,0.992898,-0.00576829,-0.00479911
7,80,0.991775,-0.00589543,-0.00457277
7,81,0.990633,-0.00600858,-0.00433118
7,82,0.989472,-0.00610785,-0.00407623
7,83,0.988294,-0.00619336,-0.00380722
7,84,0.987098,-0.00626526,-0.00352668
7,85,0.985886,-0.00632366,-0.00323428
7,86,0.984657,-0.00636869,-0.00293322
7,87,0.983414,-0.00640046,-0.00262348
7,88,0.982156,-0.00641908,-0.0023089
7,89,0.980887,-0.00642467,-0.00198962
7,90,0.979606,-0.00641732,-0.00167005
7,91,0.978316,-0.00639717,-0.00135038
7,92,0.977019,-0.00636437,-0.00103541
7,93,0.975717,-0.00631908,-0.000725199
7,94,0.974413,-0.00626153,-0.000424848
7,95,0.973109,-0.00619198,-0.000134078
7,96,0.971808,-0.00611079,0.000141832
7,97,0.970512,-0.00601836,0.000403663
7,98,0.969226,-0.0059152,0.000646066
7,99,0.967951,-0.0058019,0.000870473
7,100,0.966692,-0.00567914,0.00107154
7,101,0.965451,-0.00554769,0.00125146
7,102,0.964232,-0.00540841,0.00140494
7,103,0.963037,-0.00526223,0.00153503
7,104,0.96187,-0.00511016,0.00163649
7,105,0.960734,-0.00495327,0.00171327
7,106,0.959631,-0.00479269,0.00176021
7,107,0.958564,-0.00462966,0.0017822
7,108,0.957535,-0.00446561,0.00177422
7,109,0.956546,-0.00430222,0.00174227
7,110,0.9556,-0.00414176,0.00168167
7,111,0.954699,-0.00398728,0.00159996
7,112,0.953843,-0.00384314,0.00149346
7,113,0.953035,-0.00371541,0.00137209
7,114,0.952276,-0.0036123,0.00123443
7,115,0.951566,-0.00354423,0.00109414
7,116,0.950906,-0.00352323,0.000953418
7,117,0.950298,-0.00356109,0.000830408
7,118,0.94974,-0.00366554,0.00073042
7,119,0.949235,-0.00383373,0.000672799
7,120,0.948782,-0.00404253,0.000658565
7,121,0.948381,-0.00423652,0.000694898
7,122,0.948033,-0.00431782,0.000758636
7,123,0.947738,-0.00414792,0.000819861
7,124,0.9475,-0.00358002,0.000808846
7,125,0.947318,-0.00254429,0.000653748
7,126,0.947196,-0.00119196,0.000271871
7,127,1,-0.00343474,0
8,0,1,0,0
8,1,1.05733,0.000888629,0.000435037
8,2,1.05718,0.00333345,0.00105511
8,3,1.05701,0.00505975,0.00137836
8,4,1.05681,0.0059802,0.00150596
8,5,1.05659,0.00627028,0.00153122
8,6,1.05634,0.00618338,0.00153094
8,7,1.05608,0.00594119,0.00153986
8,8,1.05579,0.00569237,0.00157548
8,9,1.05547,0.00551313,0.00162963
8,10,1.05514,0.00542616,0.00169446
8,11,1.05478,0.00542256,0.00175175
8,12,1.0544,0.00547971,0.00179335
8,13,1.05399,0.00557296,0.00180642
8,14,1.05356,0.00568167,0.00178938
8,15,1.05311,0.0057913,0.00173592
8,16,1.05263,0.00589298,0.00164917
8,17,1.05213,0.0059822,0.00152646
8,18,1.0516,0.00605728,0.00137274
8,19,1.05104,0.00611815,0.00118683
8,20,1.05045,0.00616555,0.000973928
8,21,1.04983,0.00620052,0.000733374
8,22,1.04918,0.00622422,0.000470029
8,23,1.0485,0.00623778,0.000183417
8,24,1.04778,0.00624229,-0.000122142
8,25,1.04703,0.00623876,-0.00044702
8,26,1.04625,0.00622811,-0.000787481
8,27,1.04543,0.00621113,-0.00114379
8,28,1.04459,0.00618844,-0.00151274
8,29,1.0437,0.00616049,-0.00189444
8,30,1.04279,0.00612749,-0.00228608
8,31,1.04185,0.00608944,-0.00268751
8,32,1.04087,0.0060461,-0.00309619
8,33,1.03987,0.00599702,-0.00351158
8,34,1.03885,0.00594156,-0.00393129
8,35,1.0378,0.00587892,-0.00435436
8,36,1.03673,0.00580815,-0.00477842
8,37,1.03564,0.00572825,-0.00520209
8,38,1.03454,0.00563818,-0.005623
8,39,1.03343,0.00553689,-0.00603946
8,40,1.03231,0.00542338,-0.00644914
8,41,1.03118,0.00529674,-0.00685015
8,42,1.03005,0.00515615,-0.00724029
8,43,1.02893,0.00500093,-0.00761763
8,44,1.0278,0.00483054,-0.00798023
8,45,1.02669,0.00464464,-0.00832627
8,46,1.02558,0.00444302,-0.00865418
8,47,1.02448,0.00422568,-0.00896241
8,48,1.0234,0.0039928,-0.00924982
8,49,1.02233,0.00374473,-0.0095152
8,50,1.02128,0.003482,-0.00975792
8,51,1.02024,0.00320531,-0.00997715
8,52,1.01922,0.00291553,-0.0101727
8,53,1.01821,0.00261366,-0.0103442
8,54,1.01722,0.00230085,-0.0104919
8,55,1.01625,0.00197835,-0.0106157
8,56,1.01529,0.00164753,-0.0107161
8,57,1.01435,0.00130985,-0.0107935
8,58,1.01341,0.00096681,-0.0108486
8,59,1.01249,0.000619991,-0.0108819
8,60,1.01158,0.000270985,-0.0108944
8,61,1.01067,-7.8597e-05,-0.0108864
8,62,1.00977,-0.000427154,-0.0108593
8,63,1.00887,-0.000773111,-0.0108133
8,64,1.00797,-0.00111494,-0.0107497
8,65,1.00707,-0.00145115,-0.0106686
8,66,1.00616,-0.00178037,-0.0105712
8,67,1.00525,-0.00210128,-0.0104575
8,68,1.00433,-0.00241266,-0.0103284
8,69,1.00339,-0.00271341,-0.0101837
8,70,1.00245,-0.00300254,-0.0100242
8,71,1.00149,-0.00327918,-0.00984923
8,72,1.00052,-0.00354256,-0.00965961
8,73,0.999524,-0.00379204,-0.0094544
8,74,0.998514,-0.0040271,-0.00923432
8,75,0.997485,-0.00424729,-0.00899829
8,76,0.996437,-0.0044523,-0.00874709
8,77,0.995368,-0.00464187,-0.0084796
8,78,0.99428,-0.00481584,-0.00819686
8,79,0.993171,-0.00497409,-0.00789782
8,80,0.992042,-0.00511658,-0.00758392
8,81,0.990893,-0.0052433,-0.00725436
8,82,0.989724,-0.00535428,-0.00691109
8,83,0.988537,-0.00544957,-0.00655364
8,84,0.987331,-0.00552925,-0.00618458
8,85,0.986108,-0.00559342,-0.00580378
8,86,0.984868,-0.00564217,-0.00541446
8,87,0.983613,-0.00567565,-0.00501677
8,88,0.982343,-0.005694,-0.00461457
8,89,0.981061,-0.0056974,-0.0042082
8,90,0.979768,-0.00568605,-0.00380204
8,91,0.978465,-0.00566021,-0.00339649
8,92,0.977156,-0.00562018,-0.00299634
8,93,0.975842,-0.00556631,-0.00260188
8,94,0.974525,-0.00549905,-0.00221817
8,95,0.973209,-0.00541892,-0.00184521
8,96,0.971895,-0.00532653,-0.00148823
8,97,0.970588,-0.00522258,-0.00114675
8,98,0.96929,-0.0051079,-0.000826055
8,99,0.968005,-0.0049834,-0.000525056
8,100,0.966734,-0.00485008,-0.000249011
8,101,0.965483,-0.00470903,3.91402e-06
8,102,0.964253,-0.00456144,0.000228535
8,103,0.963048,-0.00440852,0.000427525
8,104,0.961871,-0.00425153,0.000595806
8,105,0.960725,-0.00409178,0.000736955
8,106,0.959612,-0.00393061,0.000846034
8,107,0.958535,-0.00376942,0.00092761
8,108,0.957497,-0.00360977,0.000976972
8,109,0.956499,-0.00345355,0.000999857
8,110,0.955545,-0.00330321,0.000992063
8,111,0.954634,-0.00316215,0.000960933
8,112,0.95377,-0.00303519,0.000903443
8,113,0.952953,-0.00292916,0.000829422
8,114,0.952185,-0.00285323,0.000738202
8,115,0.951466,-0.00281905,0.000643358
8,116,0.950799,-0.00283995,0.000547803
8,117,0.950182,-0.00292868,0.000469392
8,118,0.949617,-0.00309291,0.000413844
8,119,0.949104,-0.00332758,0.000399786
8,120,0.948644,-0.00360367,0.000428269
8,121,0.948237,-0.00385455,0.000505519
8,122,0.947884,-0.00396481,0.000608635
8,123,0.947585,-0.00377323,0.000707639
8,124,0.947344,-0.00311041,0.000733468
8,125,0.947161,-0.0018956,0.00061239
8,126,0.947036,-0.000301446,0.000261493
8,127,1,-0.00343474,0
9,0,1,0,0
9,1,1.0574,0.00199393,0.00041107
9,2,1.05726,0.00478485,0.00100404
9,3,1.05708,0.00676997,0.00127908
9,4,1.05688,0.00785158,0.00135429
9,5,1.05665,0.00822473,0.00132592
9,6,1.0564,0.00817333,0.00126815
9,7,1.05612,0.00794688,0.00121581
9,8,1.05582,0.00771345,0.00118617
9,9,1.05549,0.00755972,0.00117149
9,10,1.05514,0.00751174,0.00116409
9,11,1.05477,0.00755936,0.00114649
9,12,1.05437,0.00767643,0.00111064
9,13,1.05395,0.00783417,0.00104406
9,14,1.05351,0.00800816,0.000944978
9,15,1.05304,0.00818076,0.000807189
9,16,1.05254,0.00834081,0.000633428
9,17,1.05202,0.00848212,0.000421109
9,18,1.05148,0.00860186,0.000174854
9,19,1.0509,0.00869918,-0.000106356
9,20,1.0503,0.00877428,-0.000417481
9,21,1.04966,0.00882788,-0.000758879
9,22,1.049,0.00886094,-0.0011257
9,23,1.0483,0.00887452,-0.00151797
9,24,1.04757,0.00886975,-0.00193126
9,25,1.04682,0.00884772,-0.0023654
9,26,1.04602,0.0088095,-0.00281645
9,27,1.0452,0.00875607,-0.00328408
9,28,1.04435,0.00868828,-0.0037648
9,29,1.04346,0.00860681,-0.0042581
9,30,1.04254,0.00851212,-0.00476086
9,31,1.0416,0.00840449,-0.00527229
9,32,1.04062,0.00828396,-0.00578952
9,33,1.03963,0.00815036,-0.00631142
9,34,1.0386,0.00800337,-0.00683523
9,35,1.03756,0.0078425,-0.00735945
9,36,1.03649,0.00766717,-0.00788137
9,37,1.03541,0.00747676,-0.00839913
9,38,1.03432,0.00727062,-0.00891005
9,39,1.03321,0.00704814,-0.00941202
9,40,1.0321,0.00680879,-0.00990243
9,41,1.03098,0.00655213,-0.010379
9,42,1.02986,0.00627786,-0.0108395
9,43,1.02875,0.00598582,-0.0112815
9,44,1.02763,0.00567603,-0.011703
9,45,1.02653,0.00534868,-0.012102
9,46,1.02543,0.00500412,-0.0124769
9,47,1.02435,0.00464289,-0.0128259
9,48,1.02328,0.00426569,-0.0131478
9,49,1.02223,0.00387341,-0.0134415
9,50,1.02119,0.00346706,-0.0137063
9,51,1.02016,0.0030478,-0.0139414
9,52,1.01916,0.00261693,-0.0141468
9,53,1.01817,0.00217586,-0.0143219
9,54,1.0172,0.00172608,-0.0144674
9,55,1.01624,0.00126918,-0.0145831
9,56,1.0153,0.000806814,-0.0146698
9,57,1.01438,0.000340681,-0.014728
9,58,1.01346,-0.000127487,-0.0147587
9,59,1.01256,-0.00059594,-0.0147624
9,60,1.01167,-0.00106293,-0.0147405
9,61,1.01078,-0.00152673,-0.0146937
9,62,1.0099,-0.00198563,-0.0146233
9,63,1.00902,-0.00243799,-0.01453
9,64,1.00814,-0.00288222,-0.0144153
9,65,1.00725,-0.00331682,-0.0142797
9,66,1.00637,-0.00374037,-0.0141246
9,67,1.00547,-0.00415154,-0.0139502
9,68,1.00456,-0.00454912,-0.0137579
9,69,1.00365,-0.00493204,-0.0135477
9,70,1.00271,-0.0052993,-0.0133206
9,71,1.00177,-0.00565006,-0.0130764
9,72,1.0008,-0.00598359,-0.012816
9,73,0.999815,-0.00629928,-0.0125389
9,74,0.99881,-0.00659662,-0.0122458
9,75,0.997785,-0.00687523,-0.0119361
9,76,0.996738,-0.0071348,-0.0116107
9,77,0.995669,-0.00737512,-0.0112686
9,78,0.994579,-0.00759605,-0.010911
9,79,0.993466,-0.00779751,-0.0105371
9,80,0.992332,-0.00797945,-0.0101484
9,81,0.991176,-0.00814189,-0.00974422
9,82,0.99,-0.00828485,-0.00932652
9,83,0.988804,-0.00840837,-0.00889498
9,84,0.987588,-0.00851252,-0.00845214
9,85,0.986354,-0.00859735,-0.00799801
9,86,0.985103,-0.00866293,-0.00753572
9,87,0.983836,-0.00870932,-0.00706559
9,88,0.982554,-0.00873659,-0.00659134
9,89,0.981259,-0.00874484,-0.00611349
9,90,0.979953,-0.00873418,-0.00563627
9,91,0.978637,-0.00870473,-0.00516028
9,92,0.977315,-0.0086567,-0.00469016
9,93,0.975988,-0.00859032,-0.0042264
9,94,0.974658,-0.00850591,-0.00377394
9,95,0.973329,-0.00840389,-0.003333
9,96,0.972003,-0.00828478,-0.00290868
9,97,0.970683,-0.0081492,-0.00250077
9,98,0.969373,-0.00799793,-0.00211443
9,99,0.968075,-0.00783186,-0.00174887
9,100,0.966793,-0.00765204,-0.00140921
9,101,0.96553,-0.00745962,-0.00109397
9,102,0.964288,-0.00725593,-0.000808152
9,103,0.963072,-0.00704237,-0.000549472
9,104,0.961883,-0.00682049,-0.00032281
9,105,0.960726,-0.00659193,-0.000124973
9,106,0.959602,-0.00635847,3.93485e-05
9,107,0.958514,-0.00612208,0.000174347
9,108,0.957465,-0.00588502,0.000275646
9,109,0.956456,-0.00565006,0.000348645
9,110,0.955491,-0.00542074,0.000389586
9,111,0.95457,-0.00520186,0.000405532
9,112,0.953695,-0.005,0.000394011
9,113,0.952869,-0.00482415,0.000364609
9,114,0.952091,-0.00468607,0.00031725
9,115,0.951364,-0.00460034,0.000265189
9,116,0.950687,-0.00458328,0.000211816
9,117,0.950063,-0.00465018,0.000174397
9,118,0.949491,-0.0048099,0.000158812
9,119,0.948971,-0.00505585,0.000182722
9,120,0.948505,-0.00535314,0.000247084
9,121,0.948092,-0.00562316,0.000357205
9,122,0.947733,-0.00573156,0.000490679
9,123,0.947429,-0.00549246,0.000617534
9,124,0.94718,-0.00471189,0.000670779
9,125,0.946988,-0.00329783,0.000577854
9,126,0.946855,-0.00144447,0.000250526
9,127,1,-0.00343474,0
10,0,1,0,0
10,1,1.05746,0.001292,0.000407685
10,2,1.0573,0.00443634,0.000953033
10,3,1.05711,0.00666968,0.00118817
10,4,1.0569,0.00788143,0.00122005
10,5,1.05666,0.00829051,0.00114387
10,6,1.0564,0.00821528,0.001035
10,7,1.0561,0.00793692,0.00092758
10,8,1.05579,0.00764652,0.000838274
10,9,1.05545,0.00744409,0.000760018
10,10,1.05508,0.00736122,0.000685428
10,11,1.05469,0.00738821,0.000597826
10,12,1.05427,0.00749684,0.000489371
10,13,1.05383,0.00765545,0.000348156
10,14,1.05336,0.00783703,0.000172269
10,15,1.05287,0.00802199,-4.4237e-05
10,16,1.05236,0.00819791,-0.000298935
10,17,1.05181,0.00835792,-0.000594277
10,18,1.05125,0.00849884,-0.000925937
10,19,1.05065,0.00861969,-0.00129474
10,20,1.05003,0.00872065,-0.00169582
10,21,1.04938,0.00880244,-0.00212921
10,22,1.0487,0.00886606,-0.0025901
10,23,1.04799,0.00891258,-0.00307808
10,24,1.04725,0.00894314,-0.00358862
10,25,1.04648,0.00895882,-0.00412102
10,26,1.04568,0.00896067,-0.00467113
10,27,1.04485,0.00894963,-0.00523805
10,28,1.04399,0.00892644,-0.00581802
10,29,1.0431,0.00889169,-0.0064099
10,30,1.04219,0.00884567,-0.00701025
10,31,1.04124,0.00878843,-0.00761768
10,32,1.04027,0.00871978,-0.00822899
10,33,1.03928,0.00863922,-0.00884245
10,34,1.03826,0.00854609,-0.00945499
10,35,1.03722,0.00843951,-0.0100646
10,36,1.03617,0.00831848,-0.0106682
10,37,1.0351,0.00818195,-0.0112635
10,38,1.03401,0.00802881,-0.0118476
10,39,1.03292,0.00785802,-0.012418
10,40,1.03182,0.00766858,-0.0129719
10,41,1.03072,0.00745965,-0.0135068
10,42,1.02962,0.0072305,-0.0140201
10,43,1.02852,0.00698062,-0.0145095
10,44,1.02742,0.00670967,-0.0149727
10,45,1.02633,0.00641753,-0.0154077
10,46,1.02525,0.00610432,-0.0158128
10,47,1.02419,0.00577034,-0.0161863
10,48,1.02314,0.00541615,-0.016527
10,49,1.0221,0.0050425,-0.0168338
10,50,1.02108,0.00465035,-0.0171062
10,51,1.02007,0.00424083,-0.0173434
10,52,1.01909,0.00381527,-0.0175456
10,53,1.01812,0.00337516,-0.0177124
10,54,1.01717,0.00292211,-0.0178446
10,55,1.01623,0.00245786,-0.0179422
10,56,1.01531,0.00198427,-0.0180064
10,57,1.01441,0.00150325,-0.0180376
10,58,1.01352,0.0010168,-0.0180373
10,59,1.01264,0.000526939,-0.0180061
10,60,1.01176,3.57099e-05,-0.0179458
10,61,1.0109,-0.000454847,-0.0178572
10,62,1.01004,-0.000942716,-0.017742
10,63,1.00918,-0.00142592,-0.0176011
10,64,1.00832,-0.00190256,-0.0174363
10,65,1.00745,-0.0023708,-0.0172483
10,66,1.00658,-0.00282891,-0.0170389
10,67,1.0057,-0.00327524,-0.0168085
10,68,1.00481,-0.0037083,-0.0165588
10,69,1.00391,-0.0041267,-0.0162899
10,70,1.00299,-0.00452918,-0.0160033
10,71,1.00205,-0.00491463,-0.0156989
10,72,1.00109,-0.00528206,-0.0153779
10,73,1.00011,-0.00563062,-0.0150398
10,74,0.999113,-0.00595957,-0.0146858
10,75,0.99809,-0.00626832,-0.0143153
10,76,0.997044,-0.00655634,-0.0139292
10,77,0.995974,-0.00682325,-0.0135269
10,78,0.99488,-0.00706872,-0.0131095
10,79,0.993763,-0.00729251,-0.0126763
10,80,0.992623,-0.00749443,-0.0122289
10,81,0.991459,-0.00767436,-0.0117667
10,82,0.990274,-0.0078322,-0.0112915
10,83,0.989067,-0.00796792,-0.0108032
10,84,0.98784,-0.00808148,-0.0103042
10,85,0.986594,-0.00817291,-0.00979444
10,86,0.985329,-0.00824223,-0.00927706
10,87,0.984049,-0.00828952,-0.00875238
10,88,0.982753,-0.00831488,-0.00822396
10,89,0.981443,-0.00831847,-0.00769239
10,90,0.980122,-0.00830049,-0.00716173
10,91,0.978792,-0.00826122,-0.00663267
10,92,0.977455,-0.00820102,-0.00610966
10,93,0.976112,-0.00812035,-0.00559333
10,94,0.974768,-0.00801977,-0.00508841
10,95,0.973425,-0.00789999,-0.00459531
10,96,0.972084,-0.00776183,-0.00411893
10,97,0.970751,-0.00760629,-0.0036593
10,98,0.969427,-0.00743449,-0.00322137
10,99,0.968116,-0.00724772,-0.00280465
10,100,0.966821,-0.00704742,-0.00241404
10,101,0.965544,-0.00683515,-0.00204839
10,102,0.964291,-0.00661262,-0.00171251
10,103,0.963062,-0.0063816,-0.00140449
10,104,0.961862,-0.00614399,-0.00112896
10,105,0.960693,-0.00590176,-0.00088314
10,106,0.959558,-0.00565698,-0.000671451
10,107,0.958459,-0.0054119,-0.000490103
10,108,0.957399,-0.00516903,-0.00034315
10,109,0.956381,-0.00493143,-0.000225582
10,110,0.955405,-0.00470297,-0.000140757
10,111,0.954474,-0.00448888,-8.19802e-05
10,112,0.95359,-0.00429632,-5.1262e-05
10,113,0.952754,-0.00413503,-3.94029e-05
10,114,0.951967,-0.00401775,-4.60309e-05
10,115,0.95123,-0.00396018,-5.84086e-05
10,116,0.950545,-0.00397972,-7.2867e-05
10,117,0.949911,-0.00409236,-7.29529e-05
10,118,0.949331,-0.00430653,-5.28174e-05
10,119,0.948803,-0.00461317,4.06054e-06
10,120,0.948329,-0.00497143,9.84801e-05
10,121,0.947909,-0.00529195,0.00023479
10,122,0.947545,-0.00542381,0.000391242
10,123,0.947236,-0.00515962,0.000538668
10,124,0.946985,-0.0042831,0.000612294
10,125,0.946793,-0.00268843,0.000540214
10,126,0.946661,-0.000583611,0.000239524
10,127,1,-0.00343474,0
11,0,1,0,0
11,1,1.05755,0.00237508,0.000380912
11,2,1.05739,0.00588343,0.000904864
11,3,1.0572,0.00838404,0.00110188
11,4,1.05698,0.00976253,0.00109427
11,5,1.05674,0.010261,0.000978259
11,6,1.05646,0.010229,0.000825263
11,7,1.05616,0.00997497,0.000669336
11,8,1.05583,0.00970864,0.000526968
11,9,1.05547,0.00953989,0.00039166
11,10,1.05509,0.00950337,0.000256378
11,11,1.05468,0.00958816,0.000105402
11,12,1.05424,0.0097627,-6.88175e-05
11,13,1.05378,0.00999141,-0.000277538
11,14,1.05329,0.0102437,-0.000522709
11,15,1.05278,0.010497,-0.000809956
11,16,1.05225,0.0107367,-0.00113711
11,17,1.05168,0.0109542,-0.00150644
11,18,1.0511,0.0111451,-0.00191389
11,19,1.05048,0.0113075,-0.00236008
11,20,1.04984,0.011441,-0.00284032
11,21,1.04917,0.011546,-0.00335435
11,22,1.04848,0.0116229,-0.00389737
11,23,1.04775,0.0116729,-0.0044686
11,24,1.047,0.011697,-0.00506339
11,25,1.04622,0.0116963,-0.00568057
11,26,1.04541,0.011672,-0.0063158
11,27,1.04457,0.0116251,-0.00696763
11,28,1.0437,0.0115566,-0.00763202
11,29,1.04281,0.0114672,-0.00830728
11,30,1.04189,0.0113576,-0.00898965
11,31,1.04094,0.0112281,-0.0096772
11,32,1.03997,0.0110787,-0.0103664
11,33,1.03897,0.0109092,-0.0110549
11,34,1.03796,0.0107195,-0.0117395
11,35,1.03692,0.0105088,-0.0124176
11,36,1.03587,0.0102768,-0.0130859
11,37,1.0348,0.0100227,-0.0137417
11,38,1.03373,0.00974597,-0.014382
11,39,1.03264,0.00944608,-0.0150038
11,40,1.03155,0.00912261,-0.0156043
11,41,1.03046,0.00877528,-0.0161808
11,42,1.02936,0.00840402,-0.0167307
11,43,1.02827,0.00800893,-0.0172513
11,44,1.02719,0.00759032,-0.0177407
11,45,1.02611,0.00714875,-0.0181966
11,46,1.02505,0.00668496,-0.0186175
11,47,1.024,0.00619991,-0.0190017
11,48,1.02296,0.00569475,-0.0193482
11,49,1.02194,0.00517081,-0.0196559
11,50,1.02093,0.00462961,-0.0199245
11,51,1.01995,0.00407279,-0.0201535
11,52,1.01898,0.00350212,-0.020343
11,53,1.01803,0.00291951,-0.0204932
11,54,1.0171,0.00232693,-0.0206048
11,55,1.01618,0.00172644,-0.0206782
11,56,1.01529,0.00112014,-0.0207147
11,57,1.0144,0.000510175,-0.0207151
11,58,1.01353,-0.000101295,-0.0206811
11,59,1.01268,-0.000712115,-0.0206136
11,60,1.01183,-0.00132015,-0.0205145
11,61,1.01098,-0.00192329,-0.0203849
11,62,1.01015,-0.00251949,-0.0202269
11,63,1.00931,-0.00310677,-0.0200415
11,64,1.00847,-0.00368322,-0.0198308
11,65,1.00763,-0.00424703,-0.0195958
11,66,1.00678,-0.00479651,-0.0193384
11,67,1.00592,-0.00533006,-0.0190595
11,68,1.00504,-0.00584623,-0.0187607
11,69,1.00416,-0.00634369,-0.0184426
11,70,1.00325,-0.00682123,-0.0181067
11,71,1.00232,-0.0072778,-0.0177532
11,72,1.00138,-0.00771246,-0.0173834
11,73,1.00041,-0.00812443,-0.0169971
11,74,0.999415,-0.00851303,-0.0165954
11,75,0.998397,-0.00887769,-0.0161779
11,76,0.997353,-0.00921797,-0.0157456
11,77,0.996283,-0.0095335,-0.0152981
11,78,0.995188,-0.00982402,-0.0148363
11,79,0.994067,-0.0100893,-0.0143598
11,80,0.992921,-0.0103292,-0.0138699
11,81,0.991751,-0.0105436,-0.0133662
11,82,0.990557,-0.0107325,-0.0128503
11,83,0.989341,-0.0108957,-0.0123221
11,84,0.988103,-0.0110333,-0.0117838
11,85,0.986845,-0.0111452,-0.0112356
11,86,0.985568,-0.0112314,-0.0106802
11,87,0.984273,-0.011292,-0.0101179
11,88,0.982964,-0.0113269,-0.00955221
11,89,0.98164,-0.0113363,-0.00898363
11,90,0.980305,-0.0113202,-0.008416
11,91,0.97896,-0.0112788,-0.00785007
11,92,0.977609,-0.0112123,-0.00729002
11,93,0.976252,-0.0111211,-0.00673659
11,94,0.974893,-0.0110055,-0.00619426
11,95,0.973535,-0.0108662,-0.00566358
11,96,0.972181,-0.0107038,-0.0051492
11,97,0.970834,-0.0105192,-0.00465134
11,98,0.969496,-0.0103134,-0.00417472
11,99,0.968172,-0.0100878,-0.0037191
11,100,0.966863,-0.00984368,-0.00328914
11,101,0.965574,-0.00958269,-0.00288402
11,102,0.964308,-0.00930659,-0.00250829
11,103,0.963067,-0.00901736,-0.00216039
11,104,0.961854,-0.00871711,-0.00184475
11,105,0.960673,-0.00840815,-0.00155894
11,106,0.959526,-0.00809297,-0.00130715
11,107,0.958416,-0.00777439,-0.00108599
11,108,0.957344,-0.00745563,-0.00089923
11,109,0.956314,-0.00714064,-0.000742279
11,110,0.955327,-0.00683444,-0.000618153
11,111,0.954385,-0.00654365,-0.000520605
11,112,0.953491,-0.00627719,-0.00045127
11,113,0.952644,-0.00604687,-0.000401457
11,114,0.951848,-0.00586792,-0.000370473
11,115,0.951102,-0.00575871,-0.000346251
11,116,0.950407,-0.00573934,-0.000324986
11,117,0.949766,-0.00582792,-0.000291178
11,118,0.949178,-0.00603371,-0.000239102
11,119,0.948643,-0.00634593,-0.000153421
11,120,0.948163,-0.00671807,-3.34475e-05
11,121,0.947738,-0.00704968,0.000124435
11,122,0.947368,-0.00717263,0.000299484
11,123,0.947053,-0.00685718,0.000463318
11,124,0.946795,-0.00586396,0.000554724
11,125,0.946594,-0.004074,0.000505039
11,126,0.946453,-0.00170857,0.000226434
11,127,1,-0.00343474,0
12,0,1,0,0
12,1,1.05761,0.00172006,0.000377355
12,2,1.05743,0.00559173,0.000852962
12,3,1.05723,0.00834422,0.00101633
12,4,1.057,0.00985763,0.000974973
12,5,1.05674,0.0104,0.000822312
12,6,1.05645,0.0103548,0.00063032
12,7,1.05613,0.0100606,0.000431917
12,8,1.05578,0.00974859,0.000242742
12,9,1.05541,0.00954121,5.69768e-05
12,10,1.055,0.00947832,-0.000132127
12,11,1.05457,0.00954964,-0.000339371
12,12,1.05411,0.00972186,-0.000571989
12,13,1.05363,0.00995702,-0.000840532
12,14,1.05311,0.0102223,-0.00114694
12,15,1.05258,0.0104935,-0.00149644
12,16,1.05202,0.0107548,-0.00188709
12,17,1.05143,0.010997,-0.00232092
12,18,1.05082,0.0112153,-0.00279412
12,19,1.05018,0.0114074,-0.00330709
12,20,1.04952,0.0115729,-0.00385531
12,21,1.04883,0.0117119,-0.00443821
12,22,1.04812,0.0118248,-0.00505106
12,23,1.04738,0.0119125,-0.00569268
12,24,1.04661,0.0119759,-0.00635836
12,25,1.04582,0.0120161,-0.00704647
12,26,1.045,0.012034,-0.0077525
12,27,1.04415,0.0120307,-0.00847448
12,28,1.04328,0.0120068,-0.00920814
12,29,1.04238,0.0119631,-0.00995126
12,30,1.04146,0.0118999,-0.0106998
12,31,1.04051,0.0118173,-0.0114513
12,32,1.03954,0.0117152,-0.012202
12,33,1.03855,0.0115931,-0.0129491
12,34,1.03755,0.0114504,-0.013689
12,35,1.03652,0.0112863,-0.0144188
12,36,1.03548,0.0110999,-0.015135
12,37,1.03442,0.0108902,-0.0158347
12,38,1.03336,0.0106563,-0.0165144
12,39,1.03229,0.0103972,-0.0171713
12,40,1.03121,0.0101121,-0.0178024
12,41,1.03013,0.00980056,-0.0184048
12,42,1.02905,0.00946206,-0.0189759
12,43,1.02798,0.00909643,-0.0195132
12,44,1.02691,0.00870374,-0.0200146
12,45,1.02586,0.00828429,-0.0204781
12,46,1.02481,0.00783863,-0.0209021
12,47,1.02378,0.00736758,-0.0212852
12,48,1.02276,0.00687217,-0.0216267
12,49,1.02176,0.00635367,-0.0219254
12,50,1.02078,0.00581356,-0.0221814
12,51,1.01981,0.00525351,-0.0223943
12,52,1.01886,0.00467536,-0.0225646
12,53,1.01794,0.00408111,-0.0226926
12,54,1.01703,0.00347289,-0.0227792
12,55,1.01614,0.00285292,-0.0228252
12,56,1.01526,0.00222353,-0.022832
12,57,1.0144,0.00158709,-0.0228008
12,58,1.01356,0.000946038,-0.0227333
12,59,1.01272,0.000302804,-0.0226308
12,60,1.0119,-0.000340171,-0.0224954
12,61,1.01108,-0.000980473,-0.0223285
12,62,1.01026,-0.00161573,-0.0221323
12,63,1.00945,-0.00224364,-0.0219081
12,64,1.00863,-0.00286197,-0.0216581
12,65,1.00781,-0.0034686,-0.0213836
12,66,1.00698,-0.0040615,-0.0210867
12,67,1.00613,-0.00463879,-0.0207683
12,68,1.00528,-0.00519868,-0.0204305
12,69,1.00441,-0.00573957,-0.0200738
12,70,1.00351,-0.00625996,-0.0197
12,71,1.0026,-0.00675853,-0.0193093
12,72,1.00166,-0.00723407,-0.0189031
12,73,1.0007,-0.00768555,-0.0184815
12,74,0.999711,-0.00811203,-0.0180455
12,75,0.998695,-0.00851272,-0.0175949
12,76,0.997652,-0.00888696,-0.0171307
12,77,0.996581,-0.00923417,-0.0166523
12,78,0.995483,-0.00955386,-0.0161609
12,79,0.994357,-0.00984564,-0.0156559
12,80,0.993204,-0.0101092,-0.0151386
12,81,0.992026,-0.0103442,-0.0146084
12,82,0.990822,-0.0105505,-0.014067
12,83,0.989594,-0.0107279,-0.0135141
12,84,0.988344,-0.0108762,-0.0129518
12,85,0.987072,-0.0109954,-0.0123802
12,86,0.985781,-0.0110854,-0.0118017
12,87,0.984472,-0.0111462,-0.0112168
12,88,0.983147,-0.0111779,-0.0106284
12,89,0.981808,-0.0111805,-0.0100373
12,90,0.980457,-0.0111543,-0.00944689
12,91,0.979096,-0.0110995,-0.008858
12,92,0.977729,-0.0110165,-0.00827452
12,93,0.976356,-0.010906,-0.00769724
12,94,0.974982,-0.0107686,-0.00713035
12,95,0.973608,-0.0106052,-0.00657454
12,96,0.972239,-0.0104169,-0.00603415
12,97,0.970877,-0.0102048,-0.00550959
12,98,0.969525,-0.00997059,-0.0050053
12,99,0.968187,-0.00971583,-0.00452127
12,100,0.966865,-0.00944242,-0.00406191
12,101,0.965563,-0.00915243,-0.00362667
12,102,0.964284,-0.00884811,-0.00321987
12,103,0.96303,-0.00853187,-0.00284028
12,104,0.961806,-0.00820624,-0.00249206
12,105,0.960613,-0.00787394,-0.00217321
12,106,0.959455,-0.00753785,-0.00188763
12,107,0.958334,-0.00720111,-0.00163237
12,108,0.957252,-0.00686732,-0.00141091
12,109,0.956212,-0.00654076,-0.00121915
12,110,0.955215,-0.00622684,-0.00105977
12,111,0.954264,-0.00593267,-0.000927049
12,112,0.95336,-0.00566772,-0.000822313
12,113,0.952504,-0.00544458,-0.000737463
12,114,0.951699,-0.00527931,-0.00067158
12,115,0.950944,-0.00519127,-0.000613365
12,116,0.950241,-0.00520141,-0.000558972
12,117,0.949591,-0.00532829,-0.000493937
12,118,0.948994,-0.00558056,-0.000412721
12,119,0.948452,-0.00594487,-0.000301182
12,120,0.947965,-0.0063691,-0.0001587
12,121,0.947532,-0.0067429,1.76342e-05
12,122,0.947157,-0.00688313,0.000208199
12,123,0.946838,-0.0065405,0.00038617
12,124,0.946579,-0.00545469,0.000493326
12,125,0.946381,-0.0034913,0.000462465
12,126,0.946242,-0.000877284,0.000213365
12,127,1,-0.00343474,0
13,0,1,0,0
13,1,1.05769,0.00276985,0.000346937
13,2,1.05753,0.00701119,0.000801334
13,3,1.05732,0.0100315,0.000929347
13,4,1.05708,0.011713,0.00085434
13,5,1.05682,0.0123492,0.000670069
13,6,1.05651,0.0123543,0.000443632
13,7,1.05618,0.012093,0.000207499
13,8,1.05582,0.0118138,-2.30698e-05
13,9,1.05542,0.0116484,-0.00025346
13,10,1.055,0.0116392,-0.000490138
13,11,1.05454,0.0117748,-0.000746931
13,12,1.05406,0.0120186,-0.00103075
13,13,1.05356,0.0123289,-0.00135142
13,14,1.05302,0.0126696,-0.00171083
13,15,1.05247,0.0130135,-0.00211383
13,16,1.05188,0.0133428,-0.00255865
13,17,1.05127,0.0136466,-0.00304708
13,18,1.05064,0.0139188,-0.00357555
13,19,1.04998,0.0141563,-0.00414425
13,20,1.0493,0.0143579,-0.00474882
13,21,1.04859,0.014523,-0.00538845
13,22,1.04786,0.0146519,-0.00605845
13,23,1.0471,0.0147453,-0.0067573
13,24,1.04632,0.0148038,-0.00748026
13,25,1.04551,0.0148286,-0.00822529
13,26,1.04468,0.0148206,-0.00898774
13,27,1.04382,0.0147809,-0.0097652
13,28,1.04294,0.0147106,-0.0105532
13,29,1.04203,0.0146103,-0.011349
13,30,1.0411,0.0144809,-0.0121484
13,31,1.04015,0.0143225,-0.0129485
13,32,1.03918,0.0141355,-0.0137452
13,33,1.03819,0.0139198,-0.0145354
13,34,1.03718,0.0136751,-0.0153153
13,35,1.03615,0.0134011,-0.0160816
13,36,1.03511,0.0130974,-0.0168308
13,37,1.03406,0.0127635,-0.0175595
13,38,1.033,0.0123991,-0.0182645
13,39,1.03194,0.012004,-0.0189426
13,40,1.03087,0.011578,-0.0195908
13,41,1.0298,0.0111213,-0.0202062
13,42,1.02873,0.0106342,-0.0207864
13,43,1.02767,0.0101172,-0.0213288
13,44,1.02661,0.0095713,-0.0218315
13,45,1.02557,0.00899744,-0.0222926
13,46,1.02454,0.00839694,-0.0227108
13,47,1.02352,0.00777133,-0.0230847
13,48,1.02252,0.00712231,-0.0234138
13,49,1.02153,0.00645178,-0.0236974
13,50,1.02057,0.00576181,-0.0239355
13,51,1.01962,0.00505457,-0.0241281
13,52,1.0187,0.00433236,-0.0242759
13,53,1.01779,0.00359756,-0.0243794
13,54,1.01691,0.00285263,-0.0244399
13,55,1.01604,0.00210006,-0.0244582
13,56,1.01519,0.00134236,-0.0244362
13,57,1.01435,0.00058207,-0.024375
13,58,1.01353,-0.000178308,-0.0242768
13,59,1.01272,-0.000936282,-0.024143
13,60,1.01192,-0.00168941,-0.0239758
13,61,1.01113,-0.0024353,-0.0237769
13,62,1.01034,-0.00317164,-0.0235486
13,63,1.00955,-0.0038962,-0.0232925
13,64,1.00875,-0.00460683,-0.0230108
13,65,1.00795,-0.00530152,-0.0227051
13,66,1.00715,-0.00597835,-0.0223776
13,67,1.00632,-0.00663552,-0.0220293
13,68,1.00549,-0.00727138,-0.0216624
13,69,1.00463,-0.00788442,-0.0212776
13,70,1.00375,-0.00847325,-0.0208767
13,71,1.00285,-0.00903662,-0.0204601
13,72,1.00193,-0.00957344,-0.0200293
13,73,1.00097,-0.0100827,-0.0195842
13,74,0.99999,-0.0105636,-0.0191261
13,75,0.998979,-0.0110155,-0.0186548
13,76,0.997938,-0.0114376,-0.018171
13,77,0.996867,-0.0118295,-0.0176746
13,78,0.995766,-0.0121908,-0.0171662
13,79,0.994636,-0.012521,-0.0166455
13,80,0.993478,-0.0128199,-0.0161135
13,81,0.992292,-0.0130873,-0.0155697
13,82,0.991079,-0.013323,-0.0150155
13,83,0.989841,-0.0135267,-0.0144507
13,84,0.988579,-0.0136984,-0.0138769
13,85,0.987296,-0.0138379,-0.0132943
13,86,0.985991,-0.0139452,-0.0127051
13,87,0.984669,-0.0140201,-0.0121096
13,88,0.983329,-0.0140626,-0.0115106
13,89,0.981976,-0.0140728,-0.0109086
13,90,0.98061,-0.0140508,-0.0103069
13,91,0.979235,-0.0139967,-0.00970623
13,92,0.977852,-0.0139107,-0.0091102
13,93,0.976465,-0.0137933,-0.00851965
13,94,0.975077,-0.0136451,-0.00793846
13,95,0.973689,-0.0134667,-0.00736739
13,96,0.972306,-0.013259,-0.00681051
13,97,0.970931,-0.0130231,-0.00626837
13,98,0.969565,-0.0127605,-0.00574512
13,99,0.968214,-0.0124726,-0.00524096
13,100,0.96688,-0.0121613,-0.00476004
13,101,0.965565,-0.0118285,-0.00430206
13,102,0.964274,-0.0114767,-0.00387109
13,103,0.963009,-0.0111082,-0.00346623
13,104,0.961773,-0.0107259,-0.00309139
13,105,0.960569,-0.0103326,-0.00274495
13,106,0.959399,-0.00993165,-0.00243056
13,107,0.958267,-0.00952668,-0.00214571
13,108,0.957175,-0.00912195,-0.00189363
13,109,0.956124,-0.0087226,-0.00167068
13,110,0.955117,-0.00833512,-0.00147932
13,111,0.954156,-0.00796794,-0.00131435
13,112,0.953242,-0.00763221,-0.00117687
13,113,0.952377,-0.00734244,-0.00105942
13,114,0.951562,-0.00711697,-0.000960947
13,115,0.950799,-0.00697759,-0.000870967
13,116,0.950089,-0.0069476,-0.000785657
13,117,0.949431,-0.00704742,-0.000691607
13,118,0.948829,-0.00728629,-0.000583456
13,119,0.94828,-0.00764923,-0.000448193
13,120,0.947788,-0.008079,-0.000285178
13,121,0.947351,-0.00845551,-9.19448e-05
13,122,0.94697,-0.00858069,0.000113252
13,123,0.946646,-0.00818566,0.000304797
13,124,0.94638,-0.00698901,0.000428659
13,125,0.946172,-0.00484137,0.000421601
13,126,0.946026,-0.00197367,0.000197413
13,127,1,-0.00343474,0
14,0,1,0,0
14,1,1.05774,0.00216022,0.000342213
14,2,1.05755,0.00676551,0.000744223
14,3,1.05733,0.010034,0.000839148
14,4,1.05708,0.0118502,0.000733711
14,5,1.0568,0.0125348,0.000518073
14,6,1.05648,0.0125351,0.000259732
14,7,1.05613,0.0122435,-1.03003e-05
14,8,1.05575,0.0119286,-0.000277855
14,9,1.05533,0.0117334,-0.000547793
14,10,1.05488,0.0117053,-0.000826385
14,11,1.0544,0.0118333,-0.0011266
14,12,1.0539,0.0120795,-0.00145503
14,13,1.05336,0.0124002,-0.00182079
14,14,1.0528,0.0127575,-0.00222571
14,15,1.05222,0.0131229,-0.00267422
14,16,1.05161,0.0134775,-0.00316469
14,17,1.05097,0.0138098,-0.0036987
14,18,1.05031,0.0141134,-0.00427289
14,19,1.04963,0.0143847,-0.00488723
14,20,1.04892,0.0146222,-0.00553754
14,21,1.04819,0.0148251,-0.00622275
14,22,1.04744,0.0149934,-0.00693828
14,23,1.04666,0.0151274,-0.0076823
14,24,1.04587,0.0152277,-0.00845004
14,25,1.04505,0.015295,-0.00923913
14,26,1.0442,0.01533,-0.0100448
14,27,1.04334,0.0153338,-0.0108642
14,28,1.04245,0.015307,-0.0116928
14,29,1.04154,0.0152504,-0.0125275
14,30,1.04061,0.0151643,-0.0133637
14,31,1.03966,0.0150489,-0.0141983
14,32,1.03869,0.0149042,-0.0150269
14,33,1.0377,0.01473,-0.0158461
14,34,1.0367,0.0145258,-0.0166521
14,35,1.03568,0.0142909,-0.0174412
14,36,1.03465,0.0140248,-0.0182098
14,37,1.03361,0.0137267,-0.0189546
14,38,1.03257,0.0133959,-0.0196721
14,39,1.03152,0.013032,-0.0203591
14,40,1.03046,0.0126347,-0.0210128
14,41,1.02941,0.0122037,-0.0216303
14,42,1.02836,0.0117391,-0.0222092
14,43,1.02731,0.0112414,-0.0227472
14,44,1.02628,0.0107111,-0.0232424
14,45,1.02525,0.010149,-0.0236932
14,46,1.02424,0.00955645,-0.0240985
14,47,1.02324,0.0089347,-0.0244571
14,48,1.02226,0.00828542,-0.0247687
14,49,1.0213,0.00761046,-0.0250329
14,50,1.02036,0.00691188,-0.0252499
14,51,1.01943,0.00619188,-0.02542
14,52,1.01853,0.00545284,-0.0255441
14,53,1.01765,0.00469725,-0.025623
14,54,1.01679,0.00392772,-0.025658
14,55,1.01594,0.00314691,-0.0256504
14,56,1.01512,0.00235757,-0.0256021
14,57,1.01431,0.00156245,-0.0255145
14,58,1.01351,0.000764343,-0.0253897
14,59,1.01273,-3.39911e-05,-0.0252296
14,60,1.01195,-0.000829806,-0.0250365
14,61,1.01118,-0.00162041,-0.0248121
14,62,1.01041,-0.00240316,-0.0245588
14,63,1.00965,-0.00317552,-0.0242785
14,64,1.00888,-0.00393503,-0.0239734
14,65,1.0081,-0.00467934,-0.0236452
14,66,1.00731,-0.00540623,-0.0232962
14,67,1.00651,-0.0061136,-0.0229276
14,68,1.00568,-0.00679949,-0.0225414
14,69,1.00484,-0.00746209,-0.0221387
14,70,1.00398,-0.00809973,-0.021721
14,71,1.00309,-0.00871089,-0.0212891
14,72,1.00217,-0.0092942,-0.0208443
14,73,1.00123,-0.00984842,-0.0203867
14,74,1.00025,-0.0103724,-0.0199173
14,75,0.999239,-0.0108653,-0.0194361
14,76,0.998199,-0.0113262,-0.0189439
14,77,0.997126,-0.0117542,-0.0184402
14,78,0.996022,-0.0121488,-0.0179258
14,79,0.994886,-0.0125095,-0.0174002
14,80,0.99372,-0.0128356,-0.0168642
14,81,0.992525,-0.0131267,-0.0163174
14,82,0.991302,-0.0133825,-0.0157609
14,83,0.990052,-0.0136026,-0.0151944
14,84,0.988778,-0.0137868,-0.0146194
14,85,0.98748,-0.0139347,-0.0140358
14,86,0.986162,-0.0140463,-0.0134456
14,87,0.984824,-0.0141214,-0.0128492
14,88,0.983469,-0.01416,-0.0122488
14,89,0.9821,-0.0141621,-0.0116451
14,90,0.980718,-0.0141279,-0.011041
14,91,0.979327,-0.0140577,-0.0104373
14,92,0.977929,-0.0139519,-0.00983711
14,93,0.976526,-0.0138113,-0.00924145
14,94,0.975123,-0.0136365,-0.00865383
14,95,0.97372,-0.0134286,-0.00807512
14,96,0.972323,-0.013189,-0.00750906
14,97,0.970933,-0.0129193,-0.00695635
14,98,0.969555,-0.0126211,-0.00642085
14,99,0.968191,-0.0122965,-0.00590293
14,100,0.966844,-0.011948,-0.00540649
14,101,0.965518,-0.0115781,-0.00493146
14,102,0.964215,-0.0111895,-0.00448167
14,103,0.962939,-0.0107853,-0.00405653
14,104,0.961693,-0.0103688,-0.00365969
14,105,0.960479,-0.00994324,-0.0032899
14,106,0.9593,-0.00951247,-0.00295059
14,107,0.958159,-0.00908053,-0.00263967
14,108,0.957058,-0.00865205,-0.00236014
14,109,0.955998,-0.0082326,-0.00210886
14,110,0.954983,-0.00782908,-0.00188805
14,111,0.954014,-0.00745042,-0.00169309
14,112,0.953093,-0.00710833,-0.0015249
14,113,0.95222,-0.00681799,-0.00137668
14,114,0.951398,-0.00659853,-0.00124729
14,115,0.950628,-0.00647256,-0.00112707
14,116,0.94991,-0.0064641,-0.00101227
14,117,0.949246,-0.00659383,-0.000890531
14,118,0.948636,-0.00687034,-0.000756678
14,119,0.948081,-0.00727622,-0.000598795
14,120,0.947582,-0.00774909,-0.000416183
14,121,0.947139,-0.00816004,-0.000206851
14,122,0.946755,-0.00829769,1.22953e-05
14,123,0.946429,-0.00787582,0.000217543
14,124,0.946163,-0.00659348,0.000357955
14,125,0.945959,-0.0042841,0.000371798
14,126,0.945817,-0.00117582,0.000181906
14,127,1,-0.00343474,0
15,0,1,0,0
15,1,1.0578,0.00317057,0.00030798
15,2,1.05763,0.00814454,0.000686538
15,3,1.05741,0.0116758,0.000745237
15,4,1.05715,0.0136572,0.000607479
15,5,1.05686,0.0144369,0.000363641
15,6,1.05653,0.014492,7.59175e-05
15,7,1.05616,0.0142398,-0.000225292
15,8,1.05576,0.0139649,-0.000526308
15,9,1.05532,0.0138186,-0.00083171
15,10,1.05485,0.0138505,-0.00114757
15,11,1.05435,0.0140482,-0.00148595
15,12,1.05382,0.0143706,-0.00185313
15,13,1.05327,0.0147706,-0.00225752
15,14,1.05268,0.0152068,-0.0027009
15,15,1.05207,0.0156483,-0.00318729
15,16,1.05144,0.016074,-0.00371523
15,17,1.05078,0.0164708,-0.00428606
15,18,1.0501,0.016831,-0.00489664
15,19,1.04939,0.0171503,-0.00554678
15,20,1.04866,0.017426,-0.00623247
15,21,1.04791,0.0176572,-0.00695245
15,22,1.04714,0.0178432,-0.00770224
15,23,1.04634,0.017984,-0.00847978
15,24,1.04553,0.0180802,-0.00928032
15,25,1.04469,0.0181322,-0.0101012
15,26,1.04383,0.0181411,-0.0109376
15,27,1.04296,0.0181076,-0.0117864
15,28,1.04206,0.0180328,-0.0126428
15,29,1.04114,0.0179176,-0.0135034
15,30,1.0402,0.0177625,-0.0143637
15,31,1.03924,0.0175681,-0.01522
15,32,1.03827,0.0173348,-0.016068
15,33,1.03728,0.0170628,-0.0169041
15,34,1.03627,0.0167519,-0.0177241
15,35,1.03525,0.0164023,-0.0185244
15,36,1.03423,0.0160138,-0.0193014
15,37,1.03319,0.0155865,-0.0200514
15,38,1.03215,0.0151203,-0.0207713
15,39,1.0311,0.0146156,-0.0214578
15,40,1.03005,0.0140728,-0.0221081
15,41,1.02901,0.0134926,-0.0227195
15,42,1.02796,0.0128759,-0.0232897
15,43,1.02693,0.012224,-0.0238166
15,44,1.0259,0.0115384,-0.0242985
15,45,1.02489,0.0108208,-0.024734
15,46,1.02389,0.010073,-0.0251222
15,47,1.02291,0.00929737,-0.0254622
15,48,1.02195,0.00849614,-0.0257539
15,49,1.02101,0.00767182,-0.0259971
15,50,1.02008,0.00682703,-0.0261923
15,51,1.01918,0.00596449,-0.02634
15,52,1.0183,0.00508698,-0.0264412
15,53,1.01744,0.00419732,-0.0264971
15,54,1.0166,0.00329837,-0.0265091
15,55,1.01579,0.00239298,-0.0264786
15,56,1.01499,0.00148399,-0.0264078
15,57,1.0142,0.000574219,-0.0262982
15,58,1.01343,-0.000333575,-0.026152
15,59,1.01267,-0.00123668,-0.0259713
15,60,1.01192,-0.00213244,-0.0257583
15,61,1.01118,-0.00301831,-0.025515
15,62,1.01044,-0.00389178,-0.0252439
15,63,1.0097,-0.0047505,-0.0249469
15,64,1.00895,-0.00559216,-0.0246262
15,65,1.00819,-0.00641461,-0.0242837
15,66,1.00743,-0.00721578,-0.0239215
15,67,1.00664,-0.00799376,-0.0235412
15,68,1.00584,-0.00874674,-0.0231446
15,69,1.00502,-0.00947305,-0.0227328
15,70,1.00417,-0.0101712,-0.0223076
15,71,1.00329,-0.0108397,-0.0218695
15,72,1.00238,-0.0114773,-0.0214198
15,73,1.00144,-0.0120829,-0.0209588
15,74,1.00047,-0.0126555,-0.0204874
15,75,0.999467,-0.0131942,-0.0200056
15,76,0.998428,-0.0136981,-0.0195138
15,77,0.997354,-0.0141666,-0.0190119
15,78,0.996247,-0.0145991,-0.0185004
15,79,0.995107,-0.014995,-0.0179786
15,80,0.993934,-0.0153539,-0.0174474
15,81,0.992731,-0.0156753,-0.0169061
15,82,0.991499,-0.015959,-0.0163556
15,83,0.990238,-0.0162044,-0.0157956
15,84,0.988952,-0.0164115,-0.0152272
15,85,0.987642,-0.0165798,-0.0146505
15,86,0.986311,-0.0167093,-0.014067
15,87,0.98496,-0.0167997,-0.013477
15,88,0.983591,-0.0168509,-0.0128825
15,89,0.982208,-0.016863,-0.0122842
15,90,0.980813,-0.0168359,-0.0116845
15,91,0.979408,-0.0167698,-0.0110843
15,92,0.977997,-0.0166651,-0.0104864
15,93,0.976581,-0.0165221,-0.00989181
15,94,0.975165,-0.0163416,-0.00930373
15,95,0.97375,-0.0161244,-0.0087231
15,96,0.972341,-0.0158717,-0.00815336
15,97,0.97094,-0.0155847,-0.00759533
15,98,0.96955,-0.0152651,-0.00705258
15,99,0.968175,-0.0149148,-0.00652567
15,100,0.966818,-0.014536,-0.00601821
15,101,0.965482,-0.0141313,-0.00553039
15,102,0.96417,-0.0137032,-0.00506576
15,103,0.962885,-0.013255,-0.00462403
15,104,0.961629,-0.0127898,-0.00420863
15,105,0.960406,-0.0123113,-0.00381867
15,106,0.959219,-0.0118235,-0.00345733
15,107,0.958069,-0.0113308,-0.00312297
15,108,0.956959,-0.0108386,-0.00281838
15,109,0.955892,-0.0103531,-0.00254091
15,110,0.954869,-0.00988209,-0.00229261
15,111,0.953892,-0.00943588,-0.00206942
15,112,0.952963,-0.0090276,-0.0018721
15,113,0.952084,-0.00867425,-0.00169457
15,114,0.951255,-0.00839699,-0.0015356
15,115,0.950478,-0.00822061,-0.0013864
15,116,0.949755,-0.00817124,-0.00124328
15,117,0.949085,-0.00827121,-0.00109491
15,118,0.948471,-0.0085296,-0.000936271
15,119,0.947912,-0.0089276,-0.00075646
15,120,0.94741,-0.00939846,-0.00055466
15,121,0.946964,-0.00980502,-0.00032913
15,122,0.946576,-0.00992332,-9.5287e-05
15,123,0.946245,-0.00945036,0.000124466
15,124,0.945974,-0.00806606,0.00028353
15,125,0.945761,-0.00558704,0.000324442
15,126,0.945611,-0.0022359,0.000163074
15,127,1,-0.00343474,0
16,0,1,0,0
16,1,1.05782,0.00260609,0.000301616
16,2,1.05762,0.00793914,0.000623037
16,3,1.05739,0.01171,0.000647235
16,4,1.05712,0.0138215,0.000479582
16,5,1.05681,0.0146508,0.000206404
16,6,1.05646,0.0147061,-0.000109612
16,7,1.05608,0.0144309,-0.000439655
16,8,1.05565,0.0141278,-0.000771233
16,9,1.05519,0.0139583,-0.00110851
16,10,1.0547,0.0139764,-0.00145743
16,11,1.05417,0.0141704,-0.00182926
16,12,1.05362,0.014498,-0.00223
16,13,1.05303,0.0149104,-0.00266735
16,14,1.05242,0.0153648,-0.00314305
16,15,1.05178,0.0158292,-0.0036607
16,16,1.05111,0.0162819,-0.004219
16,17,1.05042,0.016709,-0.00481907
16,18,1.04971,0.0171025,-0.00545799
16,19,1.04898,0.0174575,-0.00613539
16,20,1.04823,0.0177713,-0.00684746
16,21,1.04745,0.0180422,-0.00759279
16,22,1.04666,0.0182693,-0.00836702
16,23,1.04585,0.0184523,-0.0091679
16,24,1.04502,0.0185912,-0.00999072
16,25,1.04417,0.0186862,-0.0108326
16,26,1.0433,0.018738,-0.0116887
16,27,1.04241,0.0187472,-0.0125557
16,28,1.0415,0.0187145,-0.0134286
16,29,1.04058,0.0186405,-0.014304
16,30,1.03964,0.0185257,-0.015177
16,31,1.03868,0.0183706,-0.016044
16,32,1.03771,0.0181752,-0.0169004
16,33,1.03673,0.0179395,-0.0177424
16,34,1.03573,0.0176635,-0.018566
16,35,1.03472,0.0173469,-0.0193673
16,36,1.0337,0.0169894,-0.0201428
16,37,1.03267,0.0165909,-0.0208889
16,38,1.03164,0.0161513,-0.0216023
16,39,1.03061,0.0156705,-0.0222801
16,40,1.02958,0.015149,-0.0229195
16,41,1.02855,0.014587,-0.023518
16,42,1.02752,0.0139856,-0.0240734
16,43,1.02651,0.0133455,-0.0245838
16,44,1.0255,0.0126682,-0.0250479
16,45,1.02451,0.0119551,-0.0254643
16,46,1.02353,0.0112082,-0.0258324
16,47,1.02257,0.0104294,-0.0261517
16,48,1.02163,0.00962105,-0.0264221
16,49,1.02071,0.00878554,-0.0266438
16,50,1.01981,0.00792548,-0.0268174
16,51,1.01893,0.00704362,-0.0269437
16,52,1.01808,0.00614281,-0.027024
16,53,1.01724,0.00522599,-0.0270593
16,54,1.01643,0.00429615,-0.0270516
16,55,1.01564,0.00335633,-0.0270022
16,56,1.01486,0.00240957,-0.0269133
16,57,1.0141,0.00145894,-0.0267868
16,58,1.01336,0.000507454,-0.0266248
16,59,1.01262,-0.00044188,-0.0264295
16,60,1.0119,-0.00138612,-0.0262032
16,61,1.01118,-0.0023224,-0.0259479
16,62,1.01046,-0.00324792,-0.0256661
16,63,1.00974,-0.00415997,-0.0253598
16,64,1.00902,-0.00505596,-0.0250312
16,65,1.00828,-0.0059334,-0.0246822
16,66,1.00753,-0.00678994,-0.024315
16,67,1.00677,-0.00762333,-0.023931
16,68,1.00598,-0.00843148,-0.0235322
16,69,1.00517,-0.00921244,-0.0231197
16,70,1.00433,-0.00996437,-0.0226951
16,71,1.00346,-0.0106856,-0.022259
16,72,1.00256,-0.0113746,-0.0218126
16,73,1.00163,-0.0120299,-0.0213563
16,74,1.00066,-0.0126503,-0.0208908
16,75,0.999657,-0.0132345,-0.020416
16,76,0.998617,-0.0137816,-0.0199325
16,77,0.997541,-0.0142905,-0.0194399
16,78,0.996429,-0.0147605,-0.0189385
16,79,0.995282,-0.0151906,-0.0184278
16,80,0.994102,-0.0155802,-0.0179082
16,81,0.992889,-0.0159287,-0.0173792
16,82,0.991646,-0.0162354,-0.0168413
16,83,0.990374,-0.0164999,-0.0162942
16,84,0.989075,-0.0167216,-0.0157387
16,85,0.987752,-0.0169001,-0.0151748
16,86,0.986407,-0.0170351,-0.0146038
16,87,0.985041,-0.0171264,-0.0140258
16,88,0.983659,-0.0171737,-0.0134427
16,89,0.982261,-0.0171771,-0.0128549
16,90,0.980851,-0.0171367,-0.0122647
16,91,0.979432,-0.0170528,-0.0116729
16,92,0.978007,-0.0169257,-0.011082
16,93,0.976578,-0.0167563,-0.010493
16,94,0.975149,-0.0165455,-0.00990877
16,95,0.973722,-0.0162945,-0.0093304
16,96,0.9723,-0.0160048,-0.00876101
16,97,0.970888,-0.0156782,-0.00820151
16,98,0.969488,-0.015317,-0.00765522
16,99,0.968103,-0.0149234,-0.00712282
16,100,0.966736,-0.0145003,-0.0066077
16,101,0.965391,-0.0140509,-0.00611024
16,102,0.96407,-0.0135783,-0.00563376
16,103,0.962777,-0.0130862,-0.00517824
16,104,0.961515,-0.0125786,-0.0047469
16,105,0.960285,-0.0120594,-0.00433917
16,106,0.959091,-0.0115333,-0.00395803
16,107,0.957935,-0.0110052,-0.00360227
16,108,0.95682,-0.0104807,-0.00327446
16,109,0.955747,-0.00996668,-0.00297246
16,110,0.954719,-0.00947138,-0.00269814
16,111,0.953737,-0.00900548,-0.002448
16,112,0.952803,-0.00858274,-0.00222272
16,113,0.951919,-0.0082208,-0.00201686
16,114,0.951086,-0.00794151,-0.00182918
16,115,0.950305,-0.00777042,-0.00165169
16,116,0.949577,-0.00773427,-0.00148083
16,117,0.948903,-0.00785558,-0.00130621
16,118,0.948284,-0.00814278,-0.00112304
16,119,0.94772,-0.00857485,-0.000921369
16,120,0.947213,-0.00908046,-0.000700276
16,121,0.946764,-0.00951467,-0.000458362
16,122,0.946373,-0.00964197,-0.000209665
16,123,0.946042,-0.00914407,2.54258e-05
16,124,0.945773,-0.00768273,0.000203235
16,125,0.945567,-0.00505584,0.000267727
16,126,0.945423,-0.0014751,0.000145217
16,127,1,-0.00343474,0
17,0,1,0,0
17,1,1.05785,0.00357246,0.000263784
17,2,1.05767,0.00926852,0.00055905
17,3,1.05743,0.0132933,0.000545497
17,4,1.05716,0.0155642,0.000345586
17,5,1.05684,0.0164871,4.57586e-05
17,6,1.05648,0.0165996,-0.000296791
17,7,1.05607,0.0163681,-0.000653906
17,8,1.05563,0.0161102,-0.00101358
17,9,1.05515,0.0159949,-0.0013798
17,10,1.05464,0.0160779,-0.00175831
17,11,1.05409,0.0163457,-0.00215955
17,12,1.05351,0.016753,-0.00258919
17,13,1.0529,0.0172474,-0.0030543
17,14,1.05226,0.0177833,-0.00355653
17,15,1.05159,0.0183261,-0.00409913
17,16,1.05091,0.0188518,-0.00468093
17,17,1.05019,0.0193454,-0.00530288
17,18,1.04946,0.0197973,-0.00596227
17,19,1.0487,0.0202018,-0.00665862
17,20,1.04793,0.0205553,-0.00738834
17,21,1.04713,0.0208556,-0.00814989
17,22,1.04632,0.0211014,-0.00893907
17,23,1.04549,0.0212919,-0.00975351
17,24,1.04464,0.0214269,-0.0105886
17,25,1.04377,0.0215066,-0.0114413
17,26,1.04289,0.0215317,-0.0123068
17,27,1.04198,0.0215027,-0.0131816
17,28,1.04106,0.0214206,-0.0140608
17,29,1.04013,0.0212862,-0.0149407
17,30,1.03918,0.0211004,-0.0158164
17,31,1.03821,0.0208637,-0.0166841
17,32,1.03724,0.0205769,-0.0175393
17,33,1.03624,0.0202404,-0.0183781
17,34,1.03524,0.0198546,-0.0191964
17,35,1.03423,0.01942,-0.0199905
17,36,1.03321,0.0189371,-0.0207566
17,37,1.03218,0.0184064,-0.0214916
17,38,1.03116,0.0178287,-0.022192
17,39,1.03013,0.0172049,-0.0228551
17,40,1.0291,0.0165362,-0.0234783
17,41,1.02808,0.0158241,-0.0240592
17,42,1.02706,0.0150702,-0.0245959
17,43,1.02605,0.0142765,-0.0250868
17,44,1.02506,0.0134452,-0.0255305
17,45,1.02408,0.0125789,-0.0259261
17,46,1.02312,0.0116801,-0.0262732
17,47,1.02217,0.0107517,-0.0265713
17,48,1.02125,0.00979662,-0.0268209
17,49,1.02035,0.008818,-0.0270221
17,50,1.01947,0.00781892,-0.0271758
17,51,1.01861,0.00680259,-0.027283
17,52,1.01778,0.00577218,-0.0273451
17,53,1.01697,0.00473088,-0.0273634
17,54,1.01618,0.00368185,-0.0273397
17,55,1.01541,0.0026282,-0.0272757
17,56,1.01466,0.00157297,-0.0271736
17,57,1.01393,0.000519166,-0.0270352
17,58,1.01321,-0.000530316,-0.026863
17,59,1.01251,-0.00157264,-0.0266588
17,60,1.01181,-0.00260508,-0.0264253
17,61,1.01111,-0.00362497,-0.0261643
17,62,1.01042,-0.00462977,-0.0258784
17,63,1.00973,-0.00561702,-0.0255694
17,64,1.00902,-0.00658437,-0.0252398
17,65,1.00831,-0.00752957,-0.0248912
17,66,1.00758,-0.00845048,-0.0245259
17,67,1.00683,-0.00934509,-0.0241454
17,68,1.00606,-0.0102115,-0.0237513
17,69,1.00527,-0.0110478,-0.023345
17,70,1.00444,-0.0118525,-0.0229279
17,71,1.00358,-0.012624,-0.0225007
17,72,1.00269,-0.0133607,-0.0220644
17,73,1.00176,-0.0140615,-0.0216194
17,74,1.0008,-0.014725,-0.0211663
17,75,0.999797,-0.0153502,-0.0207051
17,76,0.998757,-0.015936,-0.020236
17,77,0.997678,-0.0164816,-0.0197587
17,78,0.996562,-0.0169862,-0.0192734
17,79,0.995409,-0.0174488,-0.0187794
17,80,0.994222,-0.017869,-0.018277
17,81,0.993,-0.0182459,-0.0177656
17,82,0.991748,-0.0185791,-0.0172455
17,83,0.990465,-0.0188681,-0.0167162
17,84,0.989155,-0.0191123,-0.0161784
17,85,0.98782,-0.0193113,-0.0156319
17,86,0.986463,-0.0194648,-0.0150778
17,87,0.985086,-0.0195725,-0.0145161
17,88,0.983691,-0.0196342,-0.0139484
17,89,0.982282,-0.0196498,-0.0133751
17,90,0.980861,-0.0196192,-0.0127981
17,91,0.979431,-0.0195427,-0.0122183
17,92,0.977995,-0.0194206,-0.0116378
17,93,0.976556,-0.0192535,-0.0110577
17,94,0.975117,-0.019042,-0.0104806
17,95,0.973681,-0.0187873,-0.00990761
17,96,0.972252,-0.0184906,-0.00934153
17,97,0.970832,-0.0181536,-0.00878338
17,98,0.969425,-0.0177781,-0.00823624
17,99,0.968033,-0.0173665,-0.00770095
17,100,0.96666,-0.0169213,-0.00718063
17,101,0.965309,-0.0164454,-0.00667586
17,102,0.963983,-0.015942,-0.00618976
17,103,0.962685,-0.0154148,-0.00572254
17,104,0.961417,-0.0148675,-0.00527722
17,105,0.960183,-0.0143044,-0.00485354
17,106,0.958984,-0.0137301,-0.00445433
17,107,0.957824,-0.01315,-0.00407873
17,108,0.956704,-0.01257,-0.00372917
17,109,0.955627,-0.0119977,-0.00340396
17,110,0.954594,-0.0114422,-0.00310485
17,111,0.953608,-0.0109153,-0.00282889
17,112,0.95267,-0.010432,-0.00257666
17,113,0.951782,-0.0100115,-0.00234339
17,114,0.950945,-0.00967768,-0.00212783
17,115,0.950161,-0.00945789,-0.0019228
17,116,0.94943,-0.0093808,-0.00172483
17,117,0.948754,-0.00947039,-0.00152448
17,118,0.948133,-0.0097356,-0.00131713
17,119,0.947568,-0.0101543,-0.00109373
17,120,0.94706,-0.0106515,-0.000853232
17,121,0.94661,-0.0110755,-0.000594372
17,122,0.946218,-0.0111807,-0.000329739
17,123,0.945885,-0.0106345,-7.8429e-05
17,124,0.945611,-0.00908157,0.000120202
17,125,0.945397,-0.00630146,0.000214657
17,126,0.945245,-0.00249173,0.00012375
17,127,1,-0.00343474,0
18,0,1,0,0
18,1,1.05783,0.00305207,0.000255572
18,2,1.05762,0.00909752,0.000489599
18,3,1.05737,0.0133498,0.000440328
18,4,1.05708,0.0157434,0.000210817
18,5,1.05674,0.0167141,-0.000116995
18,6,1.05636,0.0168293,-0.000485293
18,7,1.05594,0.0165794,-0.000867571
18,8,1.05548,0.0162984,-0.00125302
18,9,1.05498,0.0161644,-0.00164526
18,10,1.05444,0.0162367,-0.00204992
18,11,1.05386,0.0165026,-0.00247671
18,12,1.05325,0.0169158,-0.00293098
18,13,1.05261,0.0174227,-0.00341916
18,14,1.05194,0.0179765,-0.00394283
18,15,1.05124,0.0185418,-0.0045049
18,16,1.05053,0.0190941,-0.00510433
18,17,1.04978,0.0196178,-0.00574187
18,18,1.04902,0.0201031,-0.00641506
18,19,1.04824,0.0205436,-0.0071233
18,20,1.04744,0.0209355,-0.00786323
18,21,1.04662,0.021276,-0.00863323
18,22,1.04579,0.0215632,-0.00942928
18,23,1.04494,0.0217961,-0.0102489
18,24,1.04407,0.0219739,-0.0110877
18,25,1.04319,0.0220964,-0.0119425
18,26,1.04229,0.0221637,-0.0128086
18,27,1.04138,0.0221763,-0.0136823
18,28,1.04045,0.0221347,-0.0145588
18,29,1.03951,0.0220396,-0.0154342
18,30,1.03856,0.0218914,-0.0163039
18,31,1.0376,0.0216909,-0.0171637
18,32,1.03662,0.0214385,-0.0180094
18,33,1.03563,0.0211345,-0.0188369
18,34,1.03464,0.0207794,-0.0196423
18,35,1.03363,0.0203734,-0.0204218
18,36,1.03262,0.0199168,-0.0211719
18,37,1.03161,0.0194103,-0.0218894
18,38,1.03059,0.0188543,-0.0225711
18,39,1.02957,0.0182496,-0.0232144
18,40,1.02856,0.0175973,-0.0238168
18,41,1.02755,0.0168987,-0.0243763
18,42,1.02656,0.0161552,-0.024891
18,43,1.02557,0.0153687,-0.0253597
18,44,1.02459,0.0145413,-0.0257812
18,45,1.02363,0.0136751,-0.0261548
18,46,1.02269,0.0127727,-0.0264802
18,47,1.02177,0.0118369,-0.0267575
18,48,1.02087,0.0108704,-0.0269869
18,49,1.01999,0.00987625,-0.027169
18,50,1.01913,0.00885761,-0.0273049
18,51,1.0183,0.00781765,-0.0273956
18,52,1.01749,0.00675961,-0.0274426
18,53,1.01671,0.00568678,-0.0274475
18,54,1.01594,0.00460246,-0.0274119
18,55,1.0152,0.00350994,-0.0273379
18,56,1.01447,0.0024125,-0.0272274
18,57,1.01377,0.00131335,-0.0270826
18,58,1.01307,0.000215697,-0.0269055
18,59,1.01239,-0.00087735,-0.0266985
18,60,1.01172,-0.00196274,-0.0264637
18,61,1.01104,-0.00303751,-0.0262032
18,62,1.01037,-0.00409878,-0.0259195
18,63,1.0097,-0.00514377,-0.0256144
18,64,1.00902,-0.00616982,-0.0252902
18,65,1.00832,-0.00717436,-0.0249486
18,66,1.00761,-0.00815493,-0.0245917
18,67,1.00687,-0.00910922,-0.024221
18,68,1.00612,-0.010035,-0.0238383
18,69,1.00533,-0.0109302,-0.0234445
18,70,1.00451,-0.0117929,-0.0230411
18,71,1.00366,-0.0126213,-0.0226289
18,72,1.00278,-0.0134135,-0.0222087
18,73,1.00185,-0.0141681,-0.0217807
18,74,1.00089,-0.0148834,-0.0213457
18,75,0.999886,-0.0155583,-0.0209033
18,76,0.998843,-0.0161912,-0.0204539
18,77,0.997759,-0.0167812,-0.019997
18,78,0.996637,-0.0173269,-0.0195325
18,79,0.995478,-0.0178275,-0.0190598
18,80,0.994281,-0.0182819,-0.018579
18,81,0.993051,-0.0186892,-0.0180893
18,82,0.991787,-0.0190486,-0.0175909
18,83,0.990494,-0.0193592,-0.0170832
18,84,0.989172,-0.0196205,-0.0165666
18,85,0.987825,-0.0198318,-0.0160409
18,86,0.986456,-0.0199925,-0.0155068
18,87,0.985066,-0.0201022,-0.0149644
18,88,0.983659,-0.0201606,-0.014415
18,89,0.982238,-0.0201677,-0.0138589
18,90,0.980806,-0.0201234,-0.0132978
18,91,0.979365,-0.020028,-0.0127324
18,92,0.977919,-0.0198819,-0.0121648
18,93,0.97647,-0.0196861,-0.0115958
18,94,0.975022,-0.0194414,-0.0110281
18,95,0.973578,-0.0191493,-0.0104625
18,96,0.972141,-0.0188116,-0.00990172
18,97,0.970714,-0.0184303,-0.00934689
18,98,0.9693,-0.0180079,-0.00880082
18,99,0.967903,-0.0175472,-0.00826446
18,100,0.966525,-0.0170515,-0.00774073
18,101,0.96517,-0.0165243,-0.00723038
18,102,0.96384,-0.0159694,-0.00673632
18,103,0.962538,-0.015391,-0.006259
18,104,0.961268,-0.0147936,-0.00580124
18,105,0.960031,-0.014182,-0.00536308
18,106,0.95883,-0.0135615,-0.00494719
18,107,0.957668,-0.0129377,-0.00455304
18,108,0.956547,-0.0123174,-0.00418296
18,109,0.955468,-0.0117084,-0.00383566
18,110,0.954435,-0.0111204,-0.0035128
18,111,0.953448,-0.0105656,-0.00321194
18,112,0.952509,-0.0100598,-0.00293361
18,113,0.95162,-0.00962267,-0.00267363
18,114,0.950782,-0.00927871,-0.00243079
18,115,0.949997,-0.00905608,-0.00219865
18,116,0.949265,-0.00898394,-0.0019739
18,117,0.948587,-0.00908645,-0.00174799
18,118,0.947964,-0.00937192,-0.00151651
18,119,0.947398,-0.00981621,-0.0012713
18,120,0.946888,-0.0103404,-0.00101121
18,121,0.946437,-0.010786,-0.000735244
18,122,0.946045,-0.0108974,-0.000454676
18,123,0.945713,-0.0103289,-0.000186546
18,124,0.945444,-0.00870832,3.24857e-05
18,125,0.945238,-0.00579543,0.000152364
18,126,0.945094,-0.00177016,0.000103861
18,127,1,-0.00343474,0
19,0,1,0,0
19,1,1.0578,0.00397,0.000214556
19,2,1.05761,0.0103679,0.000420134
19,3,1.05737,0.0148622,0.000332364
19,4,1.05707,0.0174072,7.11707e-05
19,5,1.05673,0.0184684,-0.000281618
19,6,1.05634,0.0186414,-0.000673798
19,7,1.0559,0.018438,-0.00107955
19,8,1.05542,0.0182061,-0.00148851
19,9,1.05489,0.0181301,-0.00190418
19,10,1.05433,0.0182709,-0.00233198
19,11,1.05373,0.0186136,-0.00278081
19,12,1.0531,0.0191088,-0.0032557
19,13,1.05244,0.0196996,-0.00376246
19,14,1.05174,0.0203364,-0.0043026
19,15,1.05102,0.0209813,-0.0048787
19,16,1.05028,0.0216079,-0.00548985
19,17,1.04952,0.0221992,-0.0061367
19,18,1.04873,0.0227438,-0.00681698
19,19,1.04793,0.0232348,-0.00753005
19,20,1.0471,0.0236672,-0.00827278
19,21,1.04626,0.0240377,-0.00904353
19,22,1.04541,0.0243441,-0.00983852
19,23,1.04454,0.0245847,-0.0106553
19,24,1.04365,0.0247587,-0.0114895
19,25,1.04275,0.0248658,-0.012338
19,26,1.04184,0.024906,-0.0131962
19,27,1.04091,0.0248798,-0.0140605
19,28,1.03997,0.024788,-0.0149261
19,29,1.03902,0.0246314,-0.0157891
19,30,1.03805,0.0244108,-0.0166449
19,31,1.03708,0.0241274,-0.0174895
19,32,1.03609,0.023782,-0.0183185
19,33,1.0351,0.0233757,-0.0191281
19,34,1.03409,0.0229094,-0.0199143
19,35,1.03308,0.0223841,-0.0206736
19,36,1.03207,0.0218011,-0.0214024
19,37,1.03105,0.0211617,-0.0220978
19,38,1.03004,0.0204675,-0.0227568
19,39,1.02902,0.0197202,-0.0233768
19,40,1.02802,0.0189218,-0.0239558
19,41,1.02701,0.0180747,-0.0244916
19,42,1.02602,0.0171813,-0.024983
19,43,1.02504,0.0162446,-0.0254285
19,44,1.02408,0.0152676,-0.0258275
19,45,1.02313,0.0142533,-0.0261794
19,46,1.0222,0.0132053,-0.0264841
19,47,1.0213,0.0121269,-0.0267418
19,48,1.02041,0.0110217,-0.026953
19,49,1.01955,0.00989323,-0.0271184
19,50,1.01872,0.00874513,-0.0272392
19,51,1.01791,0.00758093,-0.0273166
19,52,1.01712,0.00640413,-0.0273522
19,53,1.01636,0.00521816,-0.0273474
19,54,1.01562,0.00402637,-0.0273043
19,55,1.0149,0.00283202,-0.0272246
19,56,1.01421,0.00163827,-0.0271106
19,57,1.01352,0.000448176,-0.0269641
19,58,1.01286,-0.000735309,-0.0267875
19,59,1.0122,-0.00190933,-0.0265827
19,60,1.01155,-0.00307114,-0.0263521
19,61,1.0109,-0.00421807,-0.0260976
19,62,1.01025,-0.00534758,-0.0258216
19,63,1.0096,-0.00645718,-0.0255259
19,64,1.00894,-0.0075445,-0.0252127
19,65,1.00826,-0.00860725,-0.0248837
19,66,1.00756,-0.00964325,-0.0245408
19,67,1.00685,-0.0106504,-0.0241855
19,68,1.0061,-0.0116267,-0.0238193
19,69,1.00533,-0.0125701,-0.0234433
19,70,1.00452,-0.013479,-0.0230589
19,71,1.00368,-0.0143515,-0.0226666
19,72,1.0028,-0.015186,-0.0222674
19,73,1.00188,-0.0159811,-0.0218613
19,74,1.00091,-0.0167352,-0.0214488
19,75,0.999908,-0.017447,-0.0210297
19,76,0.998862,-0.0181152,-0.0206041
19,77,0.997775,-0.0187387,-0.0201714
19,78,0.996647,-0.0193163,-0.0197316
19,79,0.99548,-0.019847,-0.0192838
19,80,0.994276,-0.0203299,-0.0188279
19,81,0.993036,-0.020764,-0.0183631
19,82,0.991763,-0.0211486,-0.0178894
19,83,0.99046,-0.0214828,-0.0174061
19,84,0.989128,-0.021766,-0.0169134
19,85,0.987771,-0.0219975,-0.0164109
19,86,0.986391,-0.0221768,-0.0158992
19,87,0.984992,-0.0223035,-0.0153783
19,88,0.983577,-0.0223773,-0.0148492
19,89,0.982147,-0.022398,-0.0143122
19,90,0.980707,-0.0223654,-0.0137687
19,91,0.979259,-0.0222799,-0.0132195
19,92,0.977807,-0.0221418,-0.0126663
19,93,0.976353,-0.0219517,-0.0121101
19,94,0.9749,-0.0217105,-0.0115531
19,95,0.973453,-0.0214194,-0.0109963
19,96,0.972013,-0.0210799,-0.0104423
19,97,0.970584,-0.020694,-0.00989215
19,98,0.969169,-0.0202639,-0.00934846
19,99,0.96777,-0.0197921,-0.00881232
19,100,0.966392,-0.0192817,-0.00828645
19,101,0.965037,-0.018736,-0.00777176
19,102,0.963707,-0.0181587,-0.00727097
19,103,0.962406,-0.0175538,-0.00678475
19,104,0.961136,-0.0169256,-0.00631574
19,105,0.9599,-0.016279,-0.00586426
19,106,0.9587,-0.0156192,-0.00543282
19,107,0.957538,-0.0149523,-0.00502124
19,108,0.956417,-0.0142852,-0.00463172
19,109,0.955339,-0.0136262,-0.00426338
19,110,0.954306,-0.0129858,-0.00391779
19,111,0.953319,-0.012377,-0.00359299
19,112,0.95238,-0.0118168,-0.00328949
19,113,0.951492,-0.0113264,-0.00300368
19,114,0.950654,-0.0109318,-0.00273441
19,115,0.949869,-0.0106629,-0.00247594
19,116,0.949138,-0.0105505,-0.00222511
19,117,0.948461,-0.0106202,-0.00197425
19,118,0.94784,-0.0108807,-0.00171915
19,119,0.947275,-0.0113071,-0.00145245
19,120,0.946767,-0.0118175,-0.00117294
19,121,0.946318,-0.0122483,-0.000879652
19,122,0.945927,-0.0123357,-0.000582511
19,123,0.945595,-0.0117225,-0.000297293
19,124,0.945323,-0.0100215,-5.63759e-05
19,125,0.945111,-0.00697313,9.50547e-05
19,126,0.944961,-0.00273623,8.01488e-05
19,127,1,-0.00343474,0
20,0,1,0,0
20,1,1.05772,0.003491,0.000204426
20,2,1.0575,0.0102231,0.000345837
20,3,1.05724,0.0149295,0.000222179
20,4,1.05694,0.0175875,-6.74359e-05
20,5,1.05658,0.0186929,-0.00044616
20,6,1.05617,0.0188691,-0.000861123
20,7,1.05571,0.01865,-0.00128822
20,8,1.05521,0.0183982,-0.00171827
20,9,1.05466,0.0183061,-0.0021545
20,10,1.05408,0.0184376,-0.00260214
20,11,1.05345,0.0187785,-0.00306942
20,12,1.05279,0.0192786,-0.00356102
20,13,1.05209,0.0198803,-0.00408217
20,14,1.05137,0.020533,-0.00463428
20,15,1.05062,0.0211984,-0.00521963
20,16,1.04985,0.0218496,-0.00583745
20,17,1.04905,0.0224692,-0.00648824
20,18,1.04824,0.0230457,-0.00716996
20,19,1.04741,0.0235715,-0.00788195
20,20,1.04656,0.0240412,-0.00862131
20,21,1.0457,0.0244511,-0.00938642
20,22,1.04482,0.0247982,-0.0101737
20,23,1.04393,0.0250806,-0.0109808
20,24,1.04303,0.0252967,-0.0118035
20,25,1.04212,0.0254458,-0.0126387
20,26,1.04119,0.0255274,-0.0134821
20,27,1.04026,0.0255417,-0.0143299
20,28,1.03931,0.0254891,-0.0151777
20,29,1.03835,0.0253701,-0.0160214
20,30,1.03738,0.0251855,-0.0168568
20,31,1.03641,0.0249362,-0.0176797
20,32,1.03542,0.024623,-0.0184859
20,33,1.03443,0.0242469,-0.0192718
20,34,1.03343,0.0238086,-0.0200334
20,35,1.03243,0.0233093,-0.0207675
20,36,1.03142,0.0227501,-0.0214706
20,37,1.03042,0.0221323,-0.0221398
20,38,1.02941,0.0214572,-0.0227726
20,39,1.02841,0.0207265,-0.0233664
20,40,1.02742,0.0199421,-0.0239194
20,41,1.02643,0.0191062,-0.0244298
20,42,1.02545,0.0182211,-0.0248964
20,43,1.02449,0.0172894,-0.0253181
20,44,1.02355,0.0163139,-0.0256944
20,45,1.02262,0.0152977,-0.0260249
20,46,1.02171,0.0142439,-0.0263098
20,47,1.02083,0.0131558,-0.0265493
20,48,1.01997,0.0120368,-0.0267441
20,49,1.01913,0.0108905,-0.0268952
20,50,1.01832,0.00972031,-0.0270038
20,51,1.01753,0.00852983,-0.027071
20,52,1.01677,0.00732261,-0.0270987
20,53,1.01603,0.00610218,-0.0270883
20,54,1.01531,0.00487206,-0.0270418
20,55,1.01462,0.00363569,-0.026961
20,56,1.01395,0.00239645,-0.0268481
20,57,1.01329,0.00115769,-0.0267049
20,58,1.01264,-7.73675e-05,-0.0265337
20,59,1.01201,-0.00130554,-0.0263363
20,60,1.01138,-0.00252376,-0.0261151
20,61,1.01075,-0.00372903,-0.025872
20,62,1.01012,-0.00491846,-0.025609
20,63,1.00948,-0.00608924,-0.0253281
20,64,1.00884,-0.00723867,-0.0250312
20,65,1.00817,-0.00836414,-0.02472
20,66,1.00749,-0.00946315,-0.0243962
20,67,1.00678,-0.0105333,-0.0240612
20,68,1.00605,-0.0115723,-0.0237166
20,69,1.00528,-0.0125779,-0.0233633
20,70,1.00448,-0.013548,-0.0230024
20,71,1.00364,-0.0144807,-0.0226346
20,72,1.00276,-0.015374,-0.0222605
20,73,1.00184,-0.0162262,-0.0218803
20,74,1.00087,-0.0170354,-0.0214942
20,75,0.999867,-0.0178001,-0.021102
20,76,0.998817,-0.0185188,-0.0207037
20,77,0.997723,-0.0191898,-0.0202985
20,78,0.996588,-0.0198119,-0.0198863
20,79,0.995413,-0.0203837,-0.0194662
20,80,0.9942,-0.0209039,-0.0190377
20,81,0.992951,-0.0213714,-0.0186002
20,82,0.991668,-0.0217849,-0.0181533
20,83,0.990355,-0.0221434,-0.0176963
20,84,0.989013,-0.022446,-0.0172292
20,85,0.987647,-0.0226918,-0.0167515
20,86,0.986258,-0.0228801,-0.0162637
20,87,0.98485,-0.0230102,-0.0157656
20,88,0.983426,-0.0230817,-0.0152579
20,89,0.981988,-0.0230943,-0.0147411
20,90,0.980541,-0.0230481,-0.0142162
20,91,0.979087,-0.0229432,-0.0136841
20,92,0.977629,-0.0227802,-0.0131462
20,93,0.976171,-0.0225598,-0.0126035
20,94,0.974715,-0.0222833,-0.0120581
20,95,0.973264,-0.0219523,-0.011511
20,96,0.971823,-0.0215686,-0.0109645
20,97,0.970392,-0.0211347,-0.0104197
20,98,0.968977,-0.0206534,-0.00987921
20,99,0.967579,-0.0201279,-0.0093441
20,100,0.966201,-0.0195618,-0.00881695
20,101,0.964848,-0.0189591,-0.00829878
20,102,0.96352,-0.0183241,-0.00779218
20,103,0.962221,-0.0176616,-0.00729798
20,104,0.960954,-0.0169766,-0.00681869
20,105,0.959721,-0.0162745,-0.00635486
20,106,0.958524,-0.0155612,-0.00590888
20,107,0.957366,-0.0148432,-0.00548087
20,108,0.956249,-0.0141281,-0.00507292
20,109,0.955175,-0.0134247,-0.00468452
20,110,0.954145,-0.012744,-0.00431719
20,111,0.953162,-0.0120996,-0.00396939
20,112,0.952227,-0.011509,-0.00364161
20,113,0.951342,-0.0109941,-0.00333079
20,114,0.950507,-0.0105816,-0.00303585
20,115,0.949725,-0.010302,-0.00275171
20,116,0.948996,-0.0101866,-0.00247541
20,117,0.948322,-0.010261,-0.00220007
20,118,0.947702,-0.0105336,-0.00192178
20,119,0.947139,-0.0109774,-0.00163395
20,120,0.946632,-0.0115074,-0.00133534
20,121,0.946184,-0.0119541,-0.00102517
20,122,0.945796,-0.0120454,-0.000712126
20,123,0.945468,-0.0114128,-0.000409881
20,124,0.945203,-0.00965384,-0.000148319
20,125,0.945001,-0.00648902,2.89725e-05
20,126,0.944861,-0.00205447,5.8698e-05
20,127,1,-0.00343474,0
21,0,1,0,0
21,1,1.05763,0.00435561,0.000160745
21,2,1.05744,0.0114236,0.000272108
21,3,1.05718,0.0163572,0.000110394
21,4,1.05687,0.019157,-0.000209202
21,5,1.0565,0.0203484,-0.000610292
21,6,1.05609,0.0205817,-0.00104571
21,7,1.05562,0.0204108,-0.00149212
21,8,1.0551,0.0202108,-0.00194079
21,9,1.05453,0.0201799,-0.00239485
21,10,1.05392,0.0203825,-0.00285932
21,11,1.05328,0.0208022,-0.00334165
21,12,1.05259,0.0213858,-0.00384617
21,13,1.05188,0.0220726,-0.00437753
21,14,1.05113,0.0228091,-0.00493704
21,15,1.05036,0.0235547,-0.00552674
21,16,1.04957,0.0242809,-0.00614596
21,17,1.04875,0.0249685,-0.00679514
21,18,1.04791,0.0256049,-0.00747247
21,19,1.04706,0.0261815,-0.00817727
21,20,1.04619,0.0266921,-0.00890693
21,21,1.04531,0.0271324,-0.00965988
21,22,1.04441,0.027499,-0.0104328
21,23,1.0435,0.0277893,-0.0112234
21,24,1.04258,0.0280018,-0.0120279
21,25,1.04165,0.0281354,-0.0128431
21,26,1.04071,0.0281899,-0.0136649
21,27,1.03975,0.0281653,-0.0144897
21,28,1.03879,0.0280622,-0.0153133
21,29,1.03782,0.0278815,-0.0161317
21,30,1.03684,0.0276243,-0.0169407
21,31,1.03585,0.0272919,-0.0177365
21,32,1.03485,0.0268857,-0.0185149
21,33,1.03385,0.0264072,-0.0192725
21,34,1.03284,0.0258582,-0.0200054
21,35,1.03183,0.0252403,-0.0207106
21,36,1.03082,0.0245557,-0.0213848
21,37,1.02981,0.0238066,-0.0220254
21,38,1.0288,0.0229954,-0.0226299
21,39,1.0278,0.0221249,-0.0231961
21,40,1.02681,0.0211979,-0.0237222
21,41,1.02582,0.0202177,-0.0242068
21,42,1.02485,0.0191878,-0.0246487
21,43,1.0239,0.0181117,-0.0250472
21,44,1.02296,0.0169933,-0.0254019
21,45,1.02205,0.0158365,-0.0257125
21,46,1.02116,0.0146453,-0.0259795
21,47,1.02029,0.0134237,-0.0262031
21,48,1.01944,0.0121757,-0.0263843
21,49,1.01862,0.0109054,-0.026524
21,50,1.01783,0.00961662,-0.0266235
21,51,1.01707,0.00831323,-0.0266842
21,52,1.01633,0.00699892,-0.0267076
21,53,1.01561,0.00567726,-0.0266955
21,54,1.01492,0.00435171,-0.0266497
21,55,1.01425,0.00302556,-0.026572
21,56,1.0136,0.001702,-0.0264645
21,57,1.01296,0.00038408,-0.026329
21,58,1.01234,-0.000925282,-0.0261676
21,59,1.01173,-0.00222327,-0.0259823
21,60,1.01112,-0.00350716,-0.025775
21,61,1.01052,-0.00477435,-0.0255477
21,62,1.00991,-0.00602229,-0.0253023
21,63,1.00929,-0.00724853,-0.0250406
21,64,1.00866,-0.00845069,-0.0247644
21,65,1.00801,-0.00962644,-0.0244753
21,66,1.00734,-0.0107735,-0.0241749
21,67,1.00665,-0.0118898,-0.0238645
21,68,1.00592,-0.0129731,-0.0235454
21,69,1.00516,-0.0140213,-0.0232186
21,70,1.00436,-0.0150325,-0.0228851
21,71,1.00353,-0.0160048,-0.0225453
21,72,1.00265,-0.0169363,-0.0221998
21,73,1.00173,-0.0178251,-0.0218487
21,74,1.00076,-0.0186697,-0.0214922
21,75,0.999747,-0.0194683,-0.0211298
21,76,0.998691,-0.0202193,-0.0207613
21,77,0.997592,-0.0209214,-0.0203861
21,78,0.996449,-0.021573,-0.0200038
21,79,0.995266,-0.0221728,-0.0196133
21,80,0.994044,-0.0227195,-0.0192143
21,81,0.992786,-0.023212,-0.0188057
21,82,0.991495,-0.023649,-0.0183871
21,83,0.990173,-0.0240297,-0.0179577
21,84,0.988823,-0.024353,-0.0175174
21,85,0.987449,-0.024618,-0.0170655
21,86,0.986053,-0.0248242,-0.0166024
21,87,0.984639,-0.0249708,-0.0161277
21,88,0.98321,-0.0250574,-0.0156422
21,89,0.981769,-0.0250839,-0.0151461
21,90,0.980319,-0.02505,-0.0146404
21,91,0.978864,-0.0249561,-0.0141257
21,92,0.977406,-0.0248024,-0.0136035
21,93,0.975948,-0.0245899,-0.0130747
21,94,0.974494,-0.0243194,-0.0125411
21,95,0.973047,-0.0239925,-0.012004
21,96,0.971609,-0.0236109,-0.0114653
21,97,0.970183,-0.0231768,-0.0109264
21,98,0.968773,-0.0226927,-0.0103894
21,99,0.967381,-0.0221616,-0.00985582
21,100,0.96601,-0.021587,-0.00932787
21,101,0.964663,-0.0209725,-0.00880678
21,102,0.963343,-0.0203223,-0.00829497
21,103,0.962051,-0.0196408,-0.00779346
21,104,0.960791,-0.018933,-0.00730462
21,105,0.959564,-0.0182041,-0.00682923
21,106,0.958374,-0.01746,-0.00636957
21,107,0.957222,-0.0167073,-0.00592602
21,108,0.956111,-0.0159537,-0.0055006
21,109,0.955043,-0.0152084,-0.00509313
21,110,0.954019,-0.0144829,-0.00470509
21,111,0.953041,-0.0137918,-0.00433535
21,112,0.952111,-0.0131533,-0.0039844
21,113,0.951231,-0.0125906,-0.00364968
21,114,0.950401,-0.0121318,-0.00333019
21,115,0.949623,-0.011809,-0.00302149
21,116,0.948899,-0.0116547,-0.00272083
21,117,0.948229,-0.0116959,-0.0024221
21,118,0.947614,-0.0119413,-0.00212165
21,119,0.947056,-0.0123634,-0.00181361
21,120,0.946555,-0.0128751,-0.00149671
21,121,0.946111,-0.0133032,-0.00117015
21,122,0.945726,-0.0133694,-0.000841321
21,123,0.945401,-0.0126963,-0.000522635
21,124,0.945135,-0.0108686,-0.000239694
21,125,0.944929,-0.00758743,-3.08365e-05
21,126,0.944784,-0.00296289,3.32157e-05
21,127,1,-0.00343474,0
22,0,1,0,0
22,1,1.05748,0.00391355,0.000148716
22,2,1.05726,0.0112941,0.000194262
22,3,1.05699,0.0164213,-2.34878e-06
22,4,1.05667,0.0193225,-0.000348075
22,5,1.05629,0.0205528,-0.000771979
22,6,1.05586,0.0207881,-0.00122627
22,7,1.05537,0.0206028,-0.00168945
22,8,1.05483,0.0203847,-0.00215397
22,9,1.05424,0.0203388,-0.00262278
22,10,1.05361,0.0205322,-0.00310068
22,11,1.05294,0.020949,-0.00359446
22,12,1.05223,0.0215354,-0.00410809
22,13,1.05149,0.02223,-0.00464569
22,14,1.05071,0.0229791,-0.00520847
22,15,1.04991,0.0237419,-0.0057982
22,16,1.04909,0.0244894,-0.00641436
22,17,1.04824,0.0252024,-0.00705728
22,18,1.04738,0.0258679,-0.0077254
22,19,1.0465,0.0264768,-0.00841805
22,20,1.04561,0.0270226,-0.00913291
22,21,1.0447,0.0275004,-0.00986848
22,22,1.04378,0.0279062,-0.0106218
22,23,1.04286,0.028237,-0.0113905
22,24,1.04192,0.0284905,-0.0121712
22,25,1.04097,0.0286651,-0.012961
22,26,1.04002,0.0287601,-0.0137558
22,27,1.03905,0.0287751,-0.0145524
22,28,1.03808,0.0287104,-0.0153465
22,29,1.03711,0.0285665,-0.0161346
22,30,1.03612,0.0283444,-0.0169126
22,31,1.03513,0.0280453,-0.0176767
22,32,1.03413,0.0276704,-0.0184231
22,33,1.03313,0.0272213,-0.0191484
22,34,1.03213,0.0266995,-0.0198492
22,35,1.03112,0.0261069,-0.0205224
22,36,1.03012,0.0254455,-0.021165
22,37,1.02912,0.0247174,-0.0217747
22,38,1.02812,0.0239249,-0.022349
22,39,1.02713,0.0230707,-0.0228862
22,40,1.02615,0.0221575,-0.0233845
22,41,1.02518,0.0211883,-0.0238428
22,42,1.02423,0.0201664,-0.0242601
22,43,1.02329,0.0190952,-0.0246358
22,44,1.02237,0.0179782,-0.0249697
22,45,1.02148,0.0168191,-0.0252618
22,46,1.0206,0.0156217,-0.0255125
22,47,1.01975,0.0143898,-0.0257224
22,48,1.01893,0.0131273,-0.0258924
22,49,1.01813,0.0118381,-0.0260234
22,50,1.01736,0.010526,-0.026117
22,51,1.01662,0.00919493,-0.0261743
22,52,1.0159,0.00784857,-0.0261971
22,53,1.01521,0.00649062,-0.026187
22,54,1.01454,0.0051247,-0.0261458
22,55,1.01389,0.00375435,-0.0260753
22,56,1.01326,0.00238299,-0.0259774
22,57,1.01265,0.00101397,-0.0258539
22,58,1.01204,-0.000349453,-0.0257067
22,59,1.01145,-0.00170413,-0.0255377
22,60,1.01086,-0.003047,-0.0253487
22,61,1.01027,-0.00437507,-0.0251416
22,62,1.00967,-0.00568547,-0.0249181
22,63,1.00907,-0.0069754,-0.0246798
22,64,1.00845,-0.00824211,-0.0244285
22,65,1.00781,-0.00948299,-0.0241656
22,66,1.00715,-0.0106955,-0.0238925
22,67,1.00646,-0.0118771,-0.0236105
22,68,1.00574,-0.0130253,-0.0233207
22,69,1.00498,-0.014138,-0.0230239
22,70,1.00419,-0.0152128,-0.022721
22,71,1.00335,-0.0162475,-0.0224124
22,72,1.00247,-0.01724,-0.0220984
22,73,1.00154,-0.0181882,-0.0217792
22,74,1.00057,-0.0190902,-0.0214546
22,75,0.999555,-0.0199441,-0.0211243
22,76,0.998493,-0.0207479,-0.0207879
22,77,0.997385,-0.0215,-0.0204446
22,78,0.996235,-0.0221984,-0.0200937
22,79,0.995044,-0.0228417,-0.0197344
22,80,0.993813,-0.0234281,-0.0193659
22,81,0.992547,-0.0239561,-0.0189873
22,82,0.991248,-0.0244244,-0.0185978
22,83,0.989918,-0.0248314,-0.0181967
22,84,0.988561,-0.0251761,-0.0177837
22,85,0.987181,-0.0254572,-0.017358
22,86,0.98578,-0.0256738,-0.0169197
22,87,0.984361,-0.0258251,-0.0164687
22,88,0.982929,-0.0259104,-0.0160054
22,89,0.981485,-0.0259295,-0.0155299
22,90,0.980035,-0.0258822,-0.0150431
22,91,0.978579,-0.0257688,-0.0145458
22,92,0.977122,-0.0255897,-0.0140391
22,93,0.975667,-0.025346,-0.013524
22,94,0.974216,-0.0250389,-0.0130022
22,95,0.972772,-0.0246701,-0.0124749
22,96,0.97134,-0.024242,-0.011944
22,97,0.96992,-0.0237571,-0.0114108
22,98,0.968516,-0.0232186,-0.0108776
22,99,0.967131,-0.0226301,-0.0103456
22,100,0.965768,-0.0219956,-0.0098171
22,101,0.964429,-0.0213196,-0.00929341
22,102,0.963117,-0.0206067,-0.00877684
22,103,0.961834,-0.0198623,-0.00826853
22,104,0.960583,-0.0190919,-0.00777078
22,105,0.959366,-0.0183015,-0.00728453
22,106,0.958185,-0.0174975,-0.00681198
22,107,0.957042,-0.0166872,-0.00635376
22,108,0.95594,-0.0158788,-0.00591183
22,109,0.954881,-0.0150822,-0.00548629
22,110,0.953866,-0.0143093,-0.0050786
22,111,0.952897,-0.0135753,-0.00468799
22,112,0.951975,-0.0128992,-0.00431497
22,113,0.951102,-0.0123048,-0.00395745
22,114,0.95028,-0.0118206,-0.00361451
22,115,0.949509,-0.0114795,-0.00328233
22,116,0.948791,-0.0113146,-0.00295836
22,117,0.948127,-0.0113527,-0.00263724
22,118,0.947517,-0.0116021,-0.00231563
22,119,0.946964,-0.0120339,-0.00198838
22,120,0.946467,-0.0125581,-0.00165421
22,121,0.946028,-0.0129967,-0.00131241
22,122,0.945648,-0.0130646,-0.000969213
22,123,0.945329,-0.0123751,-0.000634842
22,124,0.945072,-0.0104997,-0.000332556
22,125,0.944879,-0.00711982,-9.88261e-05
22,126,0.944745,-0.00232012,1.07703e-05
22,127,1,-0.00343474,0
23,0,1,0,0
23,1,1.05731,0.00471956,0.00010296
23,2,1.05713,0.0124126,0.000117551
23,3,1.05686,0.0177489,-0.000115583
23,4,1.05654,0.0207805,-0.000488518
23,5,1.05616,0.0220911,-0.000931178
23,6,1.05571,0.0223819,-0.00140157
23,7,1.05521,0.0222457,-0.00187909
23,8,1.05466,0.0220816,-0.00235671
23,9,1.05406,0.0220991,-0.00283735
23,10,1.05341,0.0223656,-0.00332556
23,11,1.05272,0.0228627,-0.00382741
23,12,1.05199,0.0235335,-0.00434646
23,13,1.05123,0.0243137,-0.00488633
23,14,1.05043,0.025147,-0.00544812
23,15,1.04961,0.0259903,-0.0060334
23,16,1.04877,0.026813,-0.00664176
23,17,1.04791,0.0275943,-0.00727351
23,18,1.04702,0.0283199,-0.00792732
23,19,1.04613,0.0289799,-0.0086026
23,20,1.04521,0.0295669,-0.00929729
23,21,1.04429,0.0300753,-0.01001
23,22,1.04335,0.0305008,-0.0107382
23,23,1.0424,0.0308398,-0.0114797
23,24,1.04145,0.0310899,-0.0122312
23,25,1.04048,0.0312496,-0.0129902
23,26,1.03951,0.0313178,-0.0137529
23,27,1.03853,0.0312944,-0.0145162
23,28,1.03754,0.0311798,-0.0152763
23,29,1.03654,0.0309749,-0.0160296
23,30,1.03554,0.0306811,-0.0167724
23,31,1.03453,0.0303,-0.0175011
23,32,1.03352,0.0298335,-0.0182122
23,33,1.03251,0.0292839,-0.0189025
23,34,1.0315,0.0286534,-0.0195687
23,35,1.03048,0.0279449,-0.0202079
23,36,1.02947,0.0271611,-0.0208176
23,37,1.02846,0.0263054,-0.0213953
23,38,1.02746,0.0253811,-0.0219391
23,39,1.02647,0.0243918,-0.0224471
23,40,1.02549,0.0233416,-0.0229181
23,41,1.02452,0.0222344,-0.0233509
23,42,1.02357,0.0210747,-0.0237448
23,43,1.02264,0.0198668,-0.0240993
23,44,1.02173,0.0186152,-0.0244144
23,45,1.02084,0.0173246,-0.0246901
23,46,1.01998,0.0159994,-0.0249271
23,47,1.01915,0.0146442,-0.0251259
23,48,1.01834,0.0132633,-0.0252876
23,49,1.01756,0.0118612,-0.0254131
23,50,1.01681,0.0104418,-0.0255039
23,51,1.01609,0.00900934,-0.0255614
23,52,1.01539,0.00756747,-0.0255871
23,53,1.01472,0.00611986,-0.0255825
23,54,1.01407,0.00466998,-0.0255496
23,55,1.01344,0.00322111,-0.0254899
23,56,1.01283,0.00177638,-0.0254053
23,57,1.01224,0.000338782,-0.0252974
23,58,1.01166,-0.00108883,-0.0251681
23,59,1.01108,-0.0025037,-0.0250191
23,60,1.01051,-0.00390318,-0.0248521
23,61,1.00994,-0.00528469,-0.0246687
23,62,1.00936,-0.00664574,-0.0244706
23,63,1.00877,-0.00798386,-0.0242592
23,64,1.00816,-0.00929665,-0.0240362
23,65,1.00753,-0.0105818,-0.0238027
23,66,1.00688,-0.0118368,-0.0235601
23,67,1.0062,-0.0130596,-0.0233095
23,68,1.00548,-0.0142477,-0.0230518
23,69,1.00473,-0.015399,-0.0227878
23,70,1.00393,-0.0165112,-0.0225181
23,71,1.00309,-0.0175822,-0.0222431
23,72,1.00221,-0.0186099,-0.021963
23,73,1.00128,-0.0195921,-0.0216777
23,74,1.0003,-0.0205268,-0.0213871
23,75,0.999276,-0.0214121,-0.0210905
23,76,0.998206,-0.022246,-0.0207876
23,77,0.99709,-0.0230267,-0.0204774
23,78,0.995932,-0.0237524,-0.0201592
23,79,0.994732,-0.0244214,-0.019832
23,80,0.993493,-0.0250321,-0.0194948
23,81,0.992219,-0.0255829,-0.0191466
23,82,0.990912,-0.0260724,-0.0187867
23,83,0.989576,-0.0264993,-0.0184142
23,84,0.988214,-0.0268624,-0.0180284
23,85,0.986829,-0.0271607,-0.0176289
23,86,0.985425,-0.0273932,-0.0172154
23,87,0.984005,-0.0275592,-0.0167878
23,88,0.982573,-0.0276581,-0.0163462
23,89,0.981132,-0.0276896,-0.015891
23,90,0.979685,-0.0276537,-0.0154228
23,91,0.978235,-0.0275506,-0.0149423
23,92,0.976784,-0.0273808,-0.0144507
23,93,0.975337,-0.0271452,-0.0139489
23,94,0.973896,-0.0268449,-0.0134384
23,95,0.972463,-0.0264817,-0.0129206
23,96,0.971042,-0.0260576,-0.0123972
23,97,0.969634,-0.025575,-0.0118695
23,98,0.968244,-0.025037,-0.0113398
23,99,0.966873,-0.0244468,-0.0108093
23,100,0.965524,-0.0238083,-0.0102803
23,101,0.964199,-0.0231255,-0.00975407
23,102,0.962901,-0.0224031,-0.00923294
23,103,0.961632,-0.0216459,-0.00871815
23,104,0.960395,-0.0208593,-0.00821193
23,105,0.959191,-0.0200491,-0.00771538
23,106,0.958023,-0.0192216,-0.00723063
23,107,0.956894,-0.0183841,-0.00675854
23,108,0.955804,-0.0175448,-0.006301
23,109,0.954756,-0.0167138,-0.00585841
23,110,0.953751,-0.0159035,-0.00543219
23,111,0.952792,-0.0151296,-0.00502192
23,112,0.95188,-0.0144119,-0.00462814
23,113,0.951017,-0.0137753,-0.00424919
23,114,0.950203,-0.0132494,-0.00388427
23,115,0.949441,-0.0128683,-0.00353011
23,116,0.948732,-0.0126662,-0.0031844
23,117,0.948076,-0.0126711,-0.00284249
23,118,0.947474,-0.0128916,-0.00250132
23,119,0.946929,-0.0132987,-0.00215638
23,120,0.946439,-0.0138008,-0.0018064
23,121,0.946008,-0.0142176,-0.00145053
23,122,0.945634,-0.01426,-0.00109377
23,123,0.94532,-0.0135349,-0.000745067
23,124,0.945065,-0.0116029,-0.000423343
23,125,0.944868,-0.00812745,-0.000159426
23,126,0.944733,-0.00316414,-1.59594e-05
23,127,1,-0.00343474,0
24,0,1,0,0
24,1,1.05709,0.00430861,8.91292e-05
24,2,1.05688,0.0122855,3.74276e-05
24,3,1.05661,0.0177936,-0.000228691
24,4,1.05627,0.0209132,-0.000624587
24,5,1.05588,0.0222557,-0.00108603
24,6,1.05542,0.0225461,-0.00157054
24,7,1.05491,0.0223953,-0.00205952
24,8,1.05434,0.0222138,-0.00254721
24,9,1.05372,0.0222168,-0.00303643
24,10,1.05305,0.0224733,-0.00353147
24,11,1.05233,0.0229652,-0.00403781
24,12,1.05158,0.0236355,-0.00455862
24,13,1.05079,0.0244198,-0.00509702
24,14,1.04997,0.0252615,-0.00565403
24,15,1.04912,0.0261176,-0.00623102
24,16,1.04825,0.0269574,-0.00682768
24,17,1.04736,0.02776,-0.00744433
24,18,1.04645,0.0285109,-0.00807983
24,19,1.04553,0.0291999,-0.00873369
24,20,1.04459,0.0298191,-0.00940415
24,21,1.04364,0.0303625,-0.01009
24,22,1.04269,0.030825,-0.0107889
24,23,1.04172,0.0312027,-0.011499
24,24,1.04075,0.0314924,-0.0122174
24,25,1.03977,0.031692,-0.0129416
24,26,1.03878,0.0318,-0.0136684
24,27,1.03779,0.0318157,-0.0143947
24,28,1.03679,0.0317392,-0.0151171
24,29,1.03579,0.0315712,-0.0158323
24,30,1.03479,0.0313127,-0.0165367
24,31,1.03378,0.0309653,-0.0172272
24,32,1.03277,0.0305307,-0.0179004
24,33,1.03175,0.0300111,-0.0185533
24,34,1.03074,0.0294089,-0.0191829
24,35,1.02973,0.0287267,-0.0197866
24,36,1.02872,0.0279674,-0.020362
24,37,1.02772,0.0271341,-0.0209069
24,38,1.02673,0.02623,-0.0214194
24,39,1.02575,0.0252587,-0.0218982
24,40,1.02478,0.0242239,-0.0223419
24,41,1.02383,0.0231294,-0.0227497
24,42,1.02289,0.0219793,-0.023121
24,43,1.02197,0.0207777,-0.0234555
24,44,1.02108,0.0195289,-0.0237532
24,45,1.02021,0.0182371,-0.0240144
24,46,1.01937,0.0169066,-0.0242397
24,47,1.01855,0.0155418,-0.0244297
24,48,1.01777,0.0141468,-0.0245856
24,49,1.01701,0.0127258,-0.0247084
24,50,1.01628,0.011283,-0.0247994
24,51,1.01557,0.00982231,-0.02486
24,52,1.01489,0.00834761,-0.0248917
24,53,1.01424,0.0068627,-0.0248962
24,54,1.01361,0.00537124,-0.0248749
24,55,1.01301,0.00387676,-0.0248295
24,56,1.01241,0.00238269,-0.0247616
24,57,1.01184,0.000892362,-0.024673
24,58,1.01127,-0.00059101,-0.0245651
24,59,1.01071,-0.0020643,-0.0244395
24,60,1.01015,-0.00352448,-0.0242979
24,61,1.00959,-0.00496858,-0.0241416
24,62,1.00902,-0.00639373,-0.0239722
24,63,1.00844,-0.00779712,-0.023791
24,64,1.00784,-0.009176,-0.0235993
24,65,1.00721,-0.0105277,-0.0233982
24,66,1.00656,-0.0118495,-0.023189
24,67,1.00588,-0.0131388,-0.0229724
24,68,1.00516,-0.0143932,-0.0227494
24,69,1.00441,-0.0156101,-0.0225206
24,70,1.00361,-0.0167871,-0.0222864
24,71,1.00276,-0.0179217,-0.022047
24,72,1.00188,-0.0190115,-0.0218026
24,73,1.00094,-0.0200543,-0.0215529
24,74,0.999954,-0.0210476,-0.0212976
24,75,0.998922,-0.0219894,-0.0210361
24,76,0.997843,-0.0228773,-0.0207677
24,77,0.996719,-0.0237093,-0.0204915
24,78,0.995552,-0.0244832,-0.0202066
24,79,0.994345,-0.025197,-0.0199118
24,80,0.993099,-0.0258487,-0.0196062
24,81,0.991819,-0.0264365,-0.0192886
24,82,0.990506,-0.0269585,-0.0189581
24,83,0.989166,-0.0274132,-0.0186138
24,84,0.987801,-0.027799,-0.018255
24,85,0.986415,-0.0281144,-0.0178811
24,86,0.985011,-0.0283584,-0.0174917
24,87,0.983593,-0.02853,-0.0170867
24,88,0.982164,-0.0286283,-0.0166662
24,89,0.980727,-0.0286531,-0.0162305
24,90,0.979286,-0.0286041,-0.01578
24,91,0.977842,-0.0284815,-0.0153156
24,92,0.976401,-0.028286,-0.0148382
24,93,0.974963,-0.0280186,-0.0143489
24,94,0.973532,-0.0276808,-0.013849
24,95,0.972111,-0.0272746,-0.01334
24,96,0.970702,-0.0268024,-0.0128235
24,97,0.969308,-0.0262672,-0.0123009
24,98,0.967932,-0.0256725,-0.0117743
24,99,0.966575,-0.0250222,-0.0112451
24,100,0.96524,-0.0243207,-0.0107154
24,101,0.963931,-0.0235729,-0.0101867
24,102,0.962648,-0.0227841,-0.00966122
24,103,0.961394,-0.0219598,-0.00914026
24,104,0.960172,-0.0211061,-0.00862601
24,105,0.958984,-0.0202294,-0.00811972
24,106,0.957831,-0.0193368,-0.00762349
24,107,0.956716,-0.0184361,-0.00713834
24,108,0.955641,-0.0175362,-0.00666615
24,109,0.954607,-0.0166477,-0.00620755
24,110,0.953616,-0.0157838,-0.00576397
24,111,0.95267,-0.0149607,-0.00533527
24,112,0.951771,-0.0141988,-0.00492206
24,113,0.950919,-0.0135236,-0.00452305
24,114,0.950117,-0.0129655,-0.00413757
24,115,0.949366,-0.0125591,-0.00376286
24,116,0.948666,-0.012339,-0.0033969
24,117,0.948019,-0.0123334,-0.00303566
24,118,0.947426,-0.0125502,-0.00267644
24,119,0.946888,-0.0129594,-0.00231535
24,120,0.946406,-0.013467,-0.00195111
24,121,0.945982,-0.0138892,-0.00158291
24,122,0.945616,-0.0139315,-0.00121458
24,123,0.94531,-0.0131934,-0.000852805
24,124,0.945066,-0.0112244,-0.000514257
24,125,0.944884,-0.00766974,-0.000227568
24,126,0.94476,-0.00255867,-3.87838e-05
24,127,1,-0.00343474,0
25,0,1,0,0
25,1,1.05685,0.00505071,4.19404e-05
25,2,1.05667,0.0133093,-4.10613e-05
25,3,1.05641,0.0190052,-0.00034142
25,4,1.05608,0.0222421,-0.000761027
25,5,1.05568,0.0236578,-0.00123692
25,6,1.05522,0.024001,-0.00173249
25,7,1.05469,0.0238995,-0.00223029
25,8,1.05411,0.0237736,-0.00272515
25,9,1.05348,0.0238418,-0.00321997
25,10,1.0528,0.0241729,-0.00371878
25,11,1.05207,0.024746,-0.00422634
25,12,1.0513,0.0255013,-0.00474543
25,13,1.05049,0.0263714,-0.00527872
25,14,1.04966,0.0272973,-0.0058271
25,15,1.0488,0.028234,-0.00639181
25,16,1.04791,0.029149,-0.00697267
25,17,1.047,0.0300199,-0.00757
25,18,1.04607,0.0308311,-0.00818291
25,19,1.04513,0.0315713,-0.00881103
25,20,1.04418,0.0322319,-0.0094529
25,21,1.04321,0.0328062,-0.0101075
25,22,1.04224,0.0332888,-0.0107729
25,23,1.04125,0.0336752,-0.0114474
25,24,1.04026,0.0339623,-0.0121285
25,25,1.03926,0.0341476,-0.0128141
25,26,1.03826,0.0342299,-0.0135011
25,27,1.03725,0.0342084,-0.014187
25,28,1.03623,0.0340837,-0.0148684
25,29,1.03521,0.0338564,-0.0155426
25,30,1.03418,0.0335283,-0.0162062
25,31,1.03316,0.0331014,-0.0168562
25,32,1.03213,0.0325781,-0.0174897
25,33,1.0311,0.0319612,-0.0181038
25,34,1.03008,0.0312541,-0.0186958
25,35,1.02905,0.0304603,-0.0192634
25,36,1.02803,0.0295836,-0.0198042
25,37,1.02703,0.028628,-0.0203164
25,38,1.02603,0.0275981,-0.0207984
25,39,1.02504,0.0264985,-0.0212487
25,40,1.02407,0.0253339,-0.0216665
25,41,1.02311,0.0241093,-0.0220508
25,42,1.02218,0.0228298,-0.0224013
25,43,1.02127,0.0215005,-0.0227179
25,44,1.02038,0.0201266,-0.0230005
25,45,1.01952,0.0187133,-0.0232496
25,46,1.01869,0.0172654,-0.0234658
25,47,1.01789,0.0157878,-0.0236499
25,48,1.01712,0.0142854,-0.0238028
25,49,1.01637,0.0127625,-0.0239258
25,50,1.01566,0.0112234,-0.02402
25,51,1.01497,0.00967229,-0.0240868
25,52,1.01432,0.00811294,-0.0241276
25,53,1.01368,0.00654898,-0.0241439
25,54,1.01307,0.00498383,-0.0241373
25,55,1.01248,0.00342073,-0.0241092
25,56,1.01191,0.00186272,-0.0240611
25,57,1.01135,0.000312716,-0.0239945
25,58,1.0108,-0.00122649,-0.0239108
25,59,1.01026,-0.00275223,-0.0238115
25,60,1.00971,-0.00426187,-0.023698
25,61,1.00916,-0.00575289,-0.0235715
25,62,1.0086,-0.00722278,-0.0234333
25,63,1.00803,-0.00866904,-0.0232846
25,64,1.00743,-0.0100892,-0.0231266
25,65,1.00681,-0.0114809,-0.0229603
25,66,1.00617,-0.0128415,-0.0227865
25,67,1.00548,-0.0141687,-0.0226061
25,68,1.00477,-0.0154599,-0.0224197
25,69,1.00401,-0.0167127,-0.0222278
25,70,1.0032,-0.0179247,-0.0220307
25,71,1.00235,-0.0190933,-0.0218284
25,72,1.00146,-0.0202161,-0.021621
25,73,1.00051,-0.0212906,-0.021408
25,74,0.999519,-0.0223146,-0.021189
25,75,0.998478,-0.0232856,-0.0209632
25,76,0.99739,-0.0242013,-0.02073
25,77,0.996257,-0.0250595,-0.0204881
25,78,0.995082,-0.025858,-0.0202367
25,79,0.993866,-0.0265948,-0.0199744
25,80,0.992613,-0.0272679,-0.0197002
25,81,0.991327,-0.0278754,-0.0194129
25,82,0.99001,-0.0284155,-0.0191115
25,83,0.988667,-0.0288868,-0.0187949
25,84,0.9873,-0.0292877,-0.0184624
25,85,0.985915,-0.0296169,-0.0181133
25,86,0.984513,-0.0298734,-0.0177472
25,87,0.9831,-0.0300564,-0.017364
25,88,0.981677,-0.0301653,-0.0169636
25,89,0.980249,-0.0301996,-0.0165463
25,90,0.978818,-0.0301594,-0.0161127
25,91,0.977387,-0.030045,-0.0156633
25,92,0.97596,-0.0298569,-0.0151993
25,93,0.974538,-0.0295963,-0.0147215
25,94,0.973124,-0.0292645,-0.0142315
25,95,0.971722,-0.0288635,-0.0137304
25,96,0.970332,-0.0283956,-0.0132201
25,97,0.968959,-0.0278637,-0.012702
25,98,0.967603,-0.0272709,-0.012178
25,99,0.966268,-0.0266211,-0.0116497
25,100,0.964955,-0.0259184,-0.0111191
25,101,0.963667,-0.0251674,-0.0105879
25,102,0.962405,-0.024373,-0.010058
25,103,0.961173,-0.0235406,-0.00953098
25,104,0.959971,-0.0226759,-0.00900901
25,105,0.958803,-0.0217851,-0.00849344
25,106,0.957669,-0.020875,-0.00798633
25,107,0.956572,-0.0199534,-0.00748888
25,108,0.955514,-0.0190291,-0.00700296
25,109,0.954497,-0.0181129,-0.0065294
25,110,0.953522,-0.0172181,-0.00606965
25,111,0.952591,-0.0163613,-0.00562387
25,112,0.951706,-0.0155638,-0.0051927
25,113,0.950868,-0.0148516,-0.00477521
25,114,0.950078,-0.0142562,-0.00437089
25,115,0.949339,-0.0138129,-0.00397746
25,116,0.948651,-0.0135577,-0.00359316
25,117,0.948015,-0.013519,-0.00321456
25,118,0.947433,-0.0137057,-0.0028393
25,119,0.946906,-0.0140874,-0.00246401
25,120,0.946434,-0.0145699,-0.00208744
25,121,0.946019,-0.0149679,-0.00170852
25,122,0.945662,-0.0149849,-0.00132992
25,123,0.945363,-0.0142166,-0.000956956
25,124,0.945122,-0.0122039,-0.000601908
25,125,0.944938,-0.00857608,-0.000287417
25,126,0.944815,-0.00333247,-6.62034e-05
25,127,1,-0.00343474,0
26,0,1,0,0
26,1,1.05655,0.00466425,2.64927e-05
26,2,1.05635,0.0131708,-0.000122313
26,3,1.05608,0.0190137,-0.000453208
26,4,1.05574,0.0223231,-0.000892119
26,5,1.05534,0.023762,-0.00138222
26,6,1.05487,0.024101,-0.00188668
26,7,1.05433,0.023984,-0.00239027
26,8,1.05374,0.0238407,-0.00288922
26,9,1.05309,0.0238939,-0.0033864
26,10,1.05239,0.0242133,-0.0038856
26,11,1.05164,0.0247785,-0.00439102
26,12,1.05085,0.0255294,-0.00490501
26,13,1.05002,0.0263989,-0.00542984
26,14,1.04916,0.0273283,-0.00596631
26,15,1.04827,0.0282727,-0.00651551
26,16,1.04736,0.0291998,-0.00707736
26,17,1.04642,0.0300872,-0.00765224
26,18,1.04547,0.0309191,-0.00823947
26,19,1.04451,0.0316841,-0.00883882
26,20,1.04353,0.0323733,-0.00944911
26,21,1.04255,0.0329793,-0.0100696
26,22,1.04155,0.0334963,-0.0106985
26,23,1.04055,0.0339193,-0.0113347
26,24,1.03954,0.0342444,-0.0119759
26,25,1.03853,0.0344687,-0.0126202
26,26,1.03751,0.0345902,-0.0132651
26,27,1.03648,0.0346079,-0.0139081
26,28,1.03546,0.0345216,-0.0145466
26,29,1.03443,0.0343321,-0.0151778
26,30,1.0334,0.0340406,-0.0157987
26,31,1.03237,0.0336489,-0.0164068
26,32,1.03134,0.0331594,-0.0169993
26,33,1.03031,0.032575,-0.0175736
26,34,1.02929,0.0318987,-0.0181272
26,35,1.02827,0.031134,-0.018658
26,36,1.02725,0.0302847,-0.0191641
26,37,1.02625,0.0293547,-0.0196436
26,38,1.02526,0.0283483,-0.0200952
26,39,1.02428,0.0272698,-0.0205177
26,40,1.02332,0.0261238,-0.0209102
26,41,1.02238,0.024915,-0.0212721
26,42,1.02146,0.0236482,-0.0216031
26,43,1.02056,0.0223281,-0.0219031
26,44,1.01969,0.0209595,-0.0221723
26,45,1.01885,0.0195473,-0.0224111
26,46,1.01803,0.0180961,-0.0226203
26,47,1.01725,0.0166106,-0.0228005
26,48,1.01649,0.0150952,-0.0229528
26,49,1.01577,0.0135544,-0.0230782
26,50,1.01507,0.0119924,-0.0231781
26,51,1.0144,0.0104133,-0.0232537
26,52,1.01376,0.00882106,-0.0233063
26,53,1.01314,0.00721947,-0.0233372
26,54,1.01255,0.00561219,-0.023348
26,55,1.01197,0.00400276,-0.0233398
26,56,1.01141,0.00239457,-0.0233142
26,57,1.01087,0.00079091,-0.0232723
26,58,1.01033,-0.000805025,-0.0232155
26,59,1.00979,-0.00239014,-0.023145
26,60,1.00925,-0.00396141,-0.0230621
26,61,1.00871,-0.00551588,-0.0229678
26,62,1.00815,-0.00705064,-0.0228632
26,63,1.00758,-0.00856285,-0.0227494
26,64,1.00699,-0.0100497,-0.0226272
26,65,1.00637,-0.0115084,-0.0224976
26,66,1.00572,-0.0129361,-0.0223612
26,67,1.00503,-0.0143301,-0.0222186
26,68,1.00431,-0.0156878,-0.0220704
26,69,1.00354,-0.0170063,-0.0219169
26,70,1.00273,-0.018283,-0.0217581
26,71,1.00188,-0.0195151,-0.021594
26,72,1.00097,-0.0207,-0.0214244
26,73,1.00002,-0.0218351,-0.0212488
26,74,0.999013,-0.0229176,-0.0210666
26,75,0.997963,-0.023945,-0.020877
26,76,0.996867,-0.0249148,-0.020679
26,77,0.995726,-0.0258243,-0.0204715
26,78,0.994543,-0.0266712,-0.0202534
26,79,0.993322,-0.0274529,-0.0200233
26,80,0.992064,-0.0281673,-0.01978
26,81,0.990775,-0.028812,-0.0195222
26,82,0.989457,-0.029385,-0.019249
26,83,0.988114,-0.0298844,-0.0189592
26,84,0.98675,-0.0303083,-0.0186519
26,85,0.985369,-0.0306552,-0.0183266
26,86,0.983974,-0.0309237,-0.0179827
26,87,0.982569,-0.0311127,-0.0176199
26,88,0.981156,-0.0312213,-0.0172384
26,89,0.979739,-0.0312491,-0.0168383
26,90,0.978322,-0.031196,-0.0164203
26,91,0.976906,-0.0310622,-0.0159847
26,92,0.975494,-0.0308483,-0.0155329
26,93,0.97409,-0.0305557,-0.0150656
26,94,0.972694,-0.0301859,-0.0145844
26,95,0.971311,-0.0297413,-0.0140905
26,96,0.969942,-0.0292244,-0.0135856
26,97,0.968589,-0.0286386,-0.0130713
26,98,0.967254,-0.0279877,-0.0125494
26,99,0.96594,-0.0272761,-0.0120216
26,100,0.964648,-0.0265084,-0.0114899
26,101,0.963381,-0.02569,-0.010956
26,102,0.962141,-0.0248265,-0.0104218
26,103,0.96093,-0.023924,-0.00988902
26,104,0.959749,-0.0229888,-0.00935972
26,105,0.958601,-0.0220278,-0.00883542
26,106,0.957488,-0.0210486,-0.00831815
26,107,0.956411,-0.0200593,-0.00780926
26,108,0.955372,-0.0190697,-0.00731061
26,109,0.954373,-0.018091,-0.00682324
26,110,0.953415,-0.0171372,-0.00634861
26,111,0.952501,-0.0162257,-0.00588711
26,112,0.951632,-0.0153781,-0.00543947
26,113,0.95081,-0.0146213,-0.00500508
26,114,0.950035,-0.0139874,-0.00458358
26,115,0.949309,-0.0135124,-0.00417313
26,116,0.948634,-0.0132323,-0.00377224
26,117,0.94801,-0.0131759,-0.00337808
26,118,0.947439,-0.0133516,-0.0029886
26,119,0.946922,-0.0137281,-0.00260098
26,120,0.94646,-0.0142094,-0.00221397
26,121,0.946054,-0.0146079,-0.00182642
26,122,0.945706,-0.0146232,-0.00143983
26,123,0.945417,-0.0138457,-0.00105719
26,124,0.945188,-0.0118074,-0.000688595
26,125,0.945021,-0.0081217,-0.000354135
26,126,0.94491,-0.00276226,-8.87643e-05
26,127,1,-0.00343474,0
27,0,1,0,0
27,1,1.05624,0.00533765,-2.1436e-05
27,2,1.05607,0.0140881,-0.000201517
27,3,1.05582,0.0200943,-0.000564021
27,4,1.05548,0.0235056,-0.00102282
27,5,1.05508,0.0250091,-0.00152274
27,6,1.05461,0.0253971,-0.00203297
27,7,1.05407,0.0253289,-0.00253969
27,8,1.05347,0.0252423,-0.00303989
27,9,1.05281,0.0253622,-0.00353664
27,10,1.0521,0.0257573,-0.0040334
27,11,1.05134,0.0264042,-0.00453374
27,12,1.05054,0.0272401,-0.00503958
27,13,1.0497,0.0281952,-0.00555281
27,14,1.04882,0.0292086,-0.00607411
27,15,1.04792,0.0302334,-0.00660448
27,16,1.047,0.0312356,-0.007144
27,17,1.04605,0.0321913,-0.00769306
27,18,1.04509,0.0330836,-0.00825126
27,19,1.04411,0.0339,-0.00881851
27,20,1.04311,0.0346308,-0.00939396
27,21,1.04211,0.0352682,-0.00997707
27,22,1.0411,0.0358059,-0.0105666
27,23,1.04007,0.0362385,-0.0111614
27,24,1.03905,0.0365619,-0.0117598
27,25,1.03801,0.0367733,-0.0123602
27,26,1.03697,0.0368707,-0.0129605
27,27,1.03593,0.0368533,-0.0135587
27,28,1.03488,0.0367211,-0.0141522
27,29,1.03383,0.0364752,-0.0147388
27,30,1.03278,0.0361173,-0.0153158
27,31,1.03173,0.0356498,-0.015881
27,32,1.03068,0.0350759,-0.0164317
27,33,1.02964,0.034399,-0.0169658
27,34,1.0286,0.0336231,-0.0174811
27,35,1.02756,0.0327526,-0.0179755
27,36,1.02654,0.0317922,-0.0184474
27,37,1.02552,0.030747,-0.0188952
27,38,1.02452,0.0296223,-0.0193176
27,39,1.02354,0.0284235,-0.0197137
27,40,1.02257,0.0271563,-0.0200826
27,41,1.02163,0.0258264,-0.0204239
27,42,1.02071,0.0244396,-0.0207373
27,43,1.01982,0.0230016,-0.021023
27,44,1.01896,0.0215181,-0.021281
27,45,1.01812,0.0199946,-0.021512
27,46,1.01731,0.0184364,-0.0217164
27,47,1.01654,0.0168488,-0.0218953
27,48,1.0158,0.0152365,-0.0220494
27,49,1.01509,0.0136042,-0.0221799
27,50,1.0144,0.0119563,-0.0222879
27,51,1.01375,0.0102968,-0.0223746
27,52,1.01313,0.0086296,-0.0224413
27,53,1.01252,0.00695824,-0.0224892
27,54,1.01194,0.0052861,-0.0225196
27,55,1.01138,0.00361633,-0.0225336
27,56,1.01084,0.00195192,-0.0225325
27,57,1.0103,0.000295723,-0.0225174
27,58,1.00978,-0.00134953,-0.0224895
27,59,1.00925,-0.00298117,-0.0224498
27,60,1.00872,-0.00459661,-0.0223992
27,61,1.00818,-0.00619327,-0.0223388
27,62,1.00763,-0.0077686,-0.0222695
27,63,1.00706,-0.00932003,-0.0221921
27,64,1.00647,-0.010845,-0.0221072
27,65,1.00585,-0.0123408,-0.0220156
27,66,1.0052,-0.0138049,-0.0219178
27,67,1.00451,-0.0152346,-0.0218143
27,68,1.00378,-0.0166271,-0.0217052
27,69,1.003,-0.0179796,-0.0215909
27,70,1.00218,-0.0192895,-0.0214711
27,71,1.00132,-0.0205538,-0.0213458
27,72,1.0004,-0.0217698,-0.0212145
27,73,0.999437,-0.0229347,-0.0210766
27,74,0.998425,-0.0240456,-0.0209314
27,75,0.997364,-0.0250998,-0.0207778
27,76,0.996258,-0.0260946,-0.0206149
27,77,0.995109,-0.0270274,-0.0204414
27,78,0.993919,-0.0278957,-0.020256
27,79,0.992691,-0.0286969,-0.0200574
27,80,0.991429,-0.0294288,-0.0198442
27,81,0.990137,-0.0300893,-0.0196152
27,82,0.988818,-0.0306761,-0.0193692
27,83,0.987477,-0.0311876,-0.019105
27,84,0.986117,-0.0316221,-0.0188219
27,85,0.984742,-0.0319782,-0.018519
27,86,0.983355,-0.0322546,-0.018196
27,87,0.98196,-0.0324505,-0.0178525
27,88,0.980561,-0.0325653,-0.0174886
27,89,0.97916,-0.0325985,-0.0171045
27,90,0.97776,-0.0325503,-0.0167007
27,91,0.976364,-0.032421,-0.0162779
27,92,0.974974,-0.0322114,-0.015837
27,93,0.973592,-0.0319228,-0.0153792
27,94,0.972222,-0.0315569,-0.0149058
27,95,0.970864,-0.0311158,-0.0144181
27,96,0.969522,-0.0306022,-0.0139179
27,97,0.968197,-0.0300192,-0.0134067
27,98,0.96689,-0.0293705,-0.0128864
27,99,0.965604,-0.0286601,-0.0123586
27,100,0.964341,-0.0278927,-0.0118255
27,101,0.963102,-0.0270731,-0.0112887
27,102,0.96189,-0.0262067,-0.0107502
27,103,0.960706,-0.0252993,-0.0102118
27,104,0.959551,-0.024357,-0.00967546
27,105,0.958428,-0.0233862,-0.00914288
27,106,0.957339,-0.0223943,-0.00861608
27,107,0.956285,-0.0213893,-0.00809653
27,108,0.955268,-0.0203807,-0.00758612
27,109,0.95429,-0.0193798,-0.00708604
27,110,0.953353,-0.0184007,-0.00659781
27,111,0.952457,-0.017461,-0.00612203
27,112,0.951606,-0.016583,-0.00565952
27,113,0.9508,-0.0157939,-0.00520997
27,114,0.95004,-0.0151267,-0.00477317
27,115,0.949329,-0.0146178,-0.0043477
27,116,0.948668,-0.0143042,-0.00393234
27,117,0.948058,-0.0142152,-0.00352478
27,118,0.9475,-0.0143597,-0.00312331
27,119,0.946996,-0.0147065,-0.00272553
27,120,0.946546,-0.0151601,-0.00233021
27,121,0.946151,-0.0155325,-0.00193587
27,122,0.945813,-0.0155236,-0.00154285
27,123,0.945532,-0.0147217,-0.00115272
27,124,0.945309,-0.0126535,-0.000771105
27,125,0.945141,-0.00891849,-0.00041185
27,126,0.945032,-0.00346151,-0.000116276
27,127,1,-0.00343474,0
28,0,1,0,0
28,1,1.05588,0.00496919,-3.82162e-05
28,2,1.05569,0.0139252,-0.000282906
28,3,1.05543,0.0200506,-0.000673354
28,4,1.0551,0.0235167,-0.00114769
28,5,1.05469,0.0250332,-0.00165709
28,6,1.05421,0.0254119,-0.00217087
28,7,1.05366,0.0253264,-0.00267777
28,8,1.05305,0.0252217,-0.0031763
28,9,1.05238,0.0253256,-0.00366959
28,10,1.05165,0.0257069,-0.00416087
28,11,1.05087,0.0263424,-0.00465315
28,12,1.05005,0.0271695,-0.00514796
28,13,1.04919,0.0281188,-0.00564681
28,14,1.0483,0.0291301,-0.00615032
28,15,1.04737,0.0301569,-0.00665939
28,16,1.04643,0.0311654,-0.0071742
28,17,1.04546,0.0321321,-0.00769525
28,18,1.04447,0.03304,-0.00822232
28,19,1.04347,0.0338764,-0.00875552
28,20,1.04245,0.0346313,-0.00929429
28,21,1.04143,0.0352968,-0.00983833
28,22,1.0404,0.0358657,-0.0103867
28,23,1.03936,0.0363324,-0.0109387
28,24,1.03831,0.0366923,-0.011493
28,25,1.03726,0.0369416,-0.0120483
28,26,1.03621,0.037078,-0.0126029
28,27,1.03515,0.0371,-0.013155
28,28,1.0341,0.0370075,-0.0137027
28,29,1.03304,0.036801,-0.014244
28,30,1.03198,0.0364819,-0.0147765
28,31,1.03093,0.0360525,-0.0152982
28,32,1.02987,0.0355156,-0.015807
28,33,1.02883,0.0348747,-0.0163008
28,34,1.02778,0.0341336,-0.0167777
28,35,1.02675,0.0332964,-0.017236
28,36,1.02573,0.0323679,-0.017674
28,37,1.02472,0.0313529,-0.0180906
28,38,1.02373,0.0302562,-0.0184845
28,39,1.02275,0.0290833,-0.0188549
28,40,1.0218,0.0278393,-0.0192012
28,41,1.02087,0.0265296,-0.019523
28,42,1.01996,0.0251596,-0.0198201
28,43,1.01908,0.0237346,-0.0200928
28,44,1.01823,0.02226,-0.0203411
28,45,1.01741,0.0207408,-0.0205657
28,46,1.01662,0.0191821,-0.0207672
28,47,1.01586,0.0175888,-0.0209464
28,48,1.01513,0.0159656,-0.0211041
28,49,1.01444,0.0143169,-0.0212415
28,50,1.01377,0.0126472,-0.0213596
28,51,1.01313,0.0109606,-0.0214594
28,52,1.01252,0.00926104,-0.0215421
28,53,1.01193,0.00755233,-0.0216089
28,54,1.01136,0.00583814,-0.0216608
28,55,1.01081,0.00412197,-0.0216989
28,56,1.01027,0.00240722,-0.0217243
28,57,1.00974,0.000697157,-0.0217378
28,58,1.00922,-0.00100503,-0.0217405
28,59,1.0087,-0.00269622,-0.0217332
28,60,1.00817,-0.00437338,-0.0217167
28,61,1.00763,-0.00603348,-0.0216918
28,62,1.00708,-0.00767356,-0.0216591
28,63,1.00651,-0.00929065,-0.0216194
28,64,1.00591,-0.0108818,-0.021573
28,65,1.00529,-0.0124441,-0.0215206
28,66,1.00463,-0.0139746,-0.0214624
28,67,1.00393,-0.0154702,-0.0213987
28,68,1.00319,-0.0169281,-0.0213295
28,69,1.00241,-0.0183453,-0.0212549
28,70,1.00158,-0.0197186,-0.0211747
28,71,1.0007,-0.0210452,-0.0210883
28,72,0.999772,-0.022322,-0.0209954
28,73,0.998798,-0.023546,-0.0208951
28,74,0.997776,-0.0247141,-0.0207866
28,75,0.996707,-0.0258234,-0.0206687
28,76,0.995593,-0.026871,-0.0205403
28,77,0.994437,-0.0278539,-0.0204
28,78,0.993243,-0.0287693,-0.0202465
28,79,0.992013,-0.0296144,-0.0200784
28,80,0.990751,-0.0303867,-0.0198942
28,81,0.98946,-0.0310835,-0.0196927
28,82,0.988146,-0.0317026,-0.0194725
28,83,0.986811,-0.0322417,-0.0192326
28,84,0.985459,-0.0326989,-0.0189721
28,85,0.984095,-0.0330723,-0.0186903
28,86,0.982722,-0.0333605,-0.0183866
28,87,0.981342,-0.0335623,-0.0180609
28,88,0.97996,-0.0336769,-0.0177131
28,89,0.978578,-0.0337036,-0.0173435
28,90,0.977198,-0.0336426,-0.0169526
28,91,0.975824,-0.033494,-0.0165411
28,92,0.974458,-0.0332588,-0.01611
28,93,0.973101,-0.0329382,-0.0156605
28,94,0.971755,-0.0325343,-0.0151938
28,95,0.970424,-0.0320493,-0.0147115
28,96,0.969108,-0.0314864,-0.0142151
28,97,0.967809,-0.0308491,-0.0137064
28,98,0.96653,-0.0301417,-0.0131871
28,99,0.965271,-0.0293686,-0.0126592
28,100,0.964034,-0.0285351,-0.0121244
28,101,0.962822,-0.0276469,-0.0115847
28,102,0.961636,-0.0267098,-0.0110421
28,103,0.960478,-0.0257303,-0.0104984
28,104,0.959348,-0.0247152,-0.00995552
28,105,0.95825,-0.0236717,-0.00941532
28,106,0.957185,-0.0226077,-0.00887979
28,107,0.956154,-0.0215318,-0.00835055
28,108,0.95516,-0.0204542,-0.00782949
28,109,0.954203,-0.0193869,-0.00731796
28,110,0.953287,-0.0183445,-0.00681751
28,111,0.952411,-0.0173453,-0.00632896
28,112,0.951578,-0.0164122,-0.0058532
28,113,0.95079,-0.0155733,-0.00539019
28,114,0.950048,-0.0148619,-0.00493991
28,115,0.949353,-0.0143152,-0.00450127
28,116,0.948706,-0.0139704,-0.00407336
28,117,0.94811,-0.013857,-0.00365435
28,118,0.947565,-0.0139834,-0.00324287
28,119,0.947072,-0.014318,-0.00283694
28,120,0.946633,-0.0147642,-0.00243534
28,121,0.946249,-0.0151326,-0.0020364
28,122,0.945922,-0.0151207,-0.00163934
28,123,0.945652,-0.0143137,-0.00124329
28,124,0.945441,-0.012232,-0.000851747
28,125,0.94529,-0.00846201,-0.000475696
28,126,0.945194,-0.00292467,-0.000137912
28,127,1,-0.00343474,0
29,0,1,0,0
29,1,1.05551,0.00557041,-8.61439e-05
29,2,1.05536,0.0147264,-0.000361919
29,3,1.05511,0.0209874,-0.00078138
29,4,1.05478,0.0245379,-0.00127179
29,5,1.05438,0.0261086,-0.00178639
29,6,1.0539,0.0265314,-0.00230072
29,7,1.05335,0.0264935,-0.00280532
29,8,1.05274,0.0264461,-0.00329962
29,9,1.05206,0.0266177,-0.00378701
29,10,1.05133,0.0270752,-0.00427042
29,11,1.05055,0.0277924,-0.00475222
29,12,1.04972,0.0287041,-0.00523355
29,13,1.04885,0.0297385,-0.00571555
29,14,1.04795,0.0308333,-0.00619876
29,15,1.04702,0.03194,-0.00668405
29,16,1.04606,0.0330233,-0.00717171
29,17,1.04508,0.0340582,-0.00766234
29,18,1.04408,0.0350263,-0.00815596
29,19,1.04306,0.0359143,-0.00865286
29,20,1.04203,0.0367113,-0.00915278
29,21,1.04099,0.0374086,-0.0096557
29,22,1.03994,0.037999,-0.0101611
29,23,1.03889,0.0384764,-0.0106685
29,24,1.03782,0.0388361,-0.011177
29,25,1.03675,0.0390743,-0.0116857
29,26,1.03568,0.0391889,-0.0121933
29,27,1.0346,0.0391785,-0.0126985
29,28,1.03352,0.0390432,-0.0131995
29,29,1.03244,0.038784,-0.0136948
29,30,1.03136,0.0384029,-0.0141825
29,31,1.03028,0.0379026,-0.0146607
29,32,1.02921,0.0372867,-0.0151276
29,33,1.02814,0.0365593,-0.0155815
29,34,1.02709,0.0357251,-0.0160207
29,35,1.02604,0.0347893,-0.0164436
29,36,1.025,0.0337574,-0.0168489
29,37,1.02398,0.0326353,-0.0172354
29,38,1.02298,0.031429,-0.0176022
29,39,1.022,0.0301447,-0.0179486
29,40,1.02104,0.0287889,-0.018274
29,41,1.0201,0.0273678,-0.0185781
29,42,1.0192,0.0258878,-0.0188608
29,43,1.01832,0.0243552,-0.0191224
29,44,1.01747,0.0227758,-0.019363
29,45,1.01666,0.0211557,-0.0195833
29,46,1.01587,0.0195003,-0.0197837
29,47,1.01513,0.017815,-0.0199652
29,48,1.01441,0.0161047,-0.0201285
29,49,1.01372,0.0143743,-0.0202746
29,50,1.01307,0.0126279,-0.0204045
29,51,1.01244,0.0108698,-0.0205192
29,52,1.01184,0.00910367,-0.0206196
29,53,1.01126,0.00733309,-0.0207069
29,54,1.01071,0.00556137,-0.0207818
29,55,1.01017,0.00379162,-0.0208454
29,56,1.00964,0.00202679,-0.0208985
29,57,1.00912,0.000269736,-0.0209419
29,58,1.0086,-0.00147681,-0.0209764
29,59,1.00808,-0.00321016,-0.0210025
29,60,1.00756,-0.00492765,-0.0210211
29,61,1.00702,-0.00662661,-0.0210325
29,62,1.00647,-0.00830436,-0.0210374
29,63,1.00589,-0.00995818,-0.021036
29,64,1.00529,-0.0115853,-0.0210289
29,65,1.00466,-0.0131828,-0.0210161
29,66,1.00399,-0.0147479,-0.0209979
29,67,1.00329,-0.0162776,-0.0209743
29,68,1.00254,-0.0177687,-0.0209453
29,69,1.00174,-0.0192183,-0.0209105
29,70,1.0009,-0.0206231,-0.0208696
29,71,1.00001,-0.02198,-0.0208221
29,72,0.999075,-0.0232857,-0.0207672
29,73,0.99809,-0.0245371,-0.020704
29,74,0.997057,-0.0257309,-0.0206316
29,75,0.995979,-0.026864,-0.0205486
29,76,0.994857,-0.0279333,-0.0204538
29,77,0.993695,-0.0289357,-0.0203458
29,78,0.992496,-0.0298685,-0.0202232
29,79,0.991263,-0.0307287,-0.0200843
29,80,0.99,-0.0315138,-0.0199278
29,81,0.988712,-0.0322213,-0.0197524
29,82,0.987401,-0.0328489,-0.0195567
29,83,0.986073,-0.0333948,-0.0193397
29,84,0.984731,-0.033857,-0.0191004
29,85,0.983379,-0.034234,-0.018838
29,86,0.98202,-0.0345246,-0.0185523
29,87,0.980658,-0.0347278,-0.0182429
29,88,0.979295,-0.0348431,-0.0179098
29,89,0.977935,-0.0348703,-0.0175533
29,90,0.97658,-0.0348093,-0.0171741
29,91,0.975232,-0.0346609,-0.0167727
29,92,0.973893,-0.0344259,-0.0163503
29,93,0.972566,-0.0341059,-0.015908
29,94,0.971252,-0.0337027,-0.0154472
29,95,0.969953,-0.0332188,-0.0149693
29,96,0.96867,-0.0326573,-0.0144761
29,97,0.967404,-0.0320215,-0.0139692
29,98,0.966159,-0.0313154,-0.0134506
29,99,0.964934,-0.0305435,-0.012922
29,100,0.963731,-0.0297107,-0.0123855
29,101,0.962552,-0.0288223,-0.0118428
29,102,0.961398,-0.027884,-0.0112962
29,103,0.960271,-0.0269019,-0.0107473
29,104,0.959172,-0.0258823,-0.0101983
29,105,0.958104,-0.0248322,-0.00965105
29,106,0.957066,-0.0237591,-0.00910752
29,107,0.956062,-0.0226715,-0.00856945
29,108,0.955093,-0.0215793,-0.00803878
29,109,0.954161,-0.0204943,-0.00751699
29,110,0.953266,-0.0194312,-0.00700569
29,111,0.952412,-0.0184086,-0.00650588
29,112,0.951599,-0.0174494,-0.00601856
29,113,0.950829,-0.0165823,-0.00554391
29,114,0.950104,-0.0158409,-0.00508209
29,115,0.949426,-0.0152631,-0.00463237
29,116,0.948795,-0.0148863,-0.00419409
29,117,0.948213,-0.0147406,-0.00376587
29,118,0.947683,-0.0148348,-0.00334664
29,119,0.947204,-0.015138,-0.0029348
29,120,0.946778,-0.0155541,-0.00252909
29,121,0.946406,-0.0158953,-0.00212747
29,122,0.946089,-0.0158606,-0.00172799
29,123,0.945829,-0.0150357,-0.00132835
29,124,0.945624,-0.0129384,-0.000927463
29,125,0.945473,-0.00914419,-0.000529968
29,126,0.945381,-0.00354696,-0.000164867
29,127,1,-0.00343474,0
30,0,1,0,0
30,1,1.0551,0.00521457,-0.000103859
30,2,1.05493,0.0145288,-0.00044262
30,3,1.05468,0.0208783,-0.000887638
30,4,1.05435,0.0244637,-0.00138999
30,5,1.05395,0.026035,-0.00190946
30,6,1.05347,0.0264424,-0.00242224
30,7,1.05291,0.0263847,-0.0029218
30,8,1.05229,0.0263183,-0.00340925
30,9,1.0516,0.0264724,-0.00388813
30,10,1.05086,0.0269135,-0.0043611
30,11,1.05006,0.0276154,-0.00483
30,12,1.04922,0.0285133,-0.00529558
30,13,1.04833,0.0295362,-0.00575868
30,14,1.04741,0.0306226,-0.00621975
30,15,1.04646,0.031725,-0.00667962
30,16,1.04548,0.0328084,-0.00713871
30,17,1.04448,0.033848,-0.00759769
30,18,1.04346,0.0348258,-0.00805682
30,19,1.04242,0.0357282,-0.00851655
30,20,1.04137,0.0365445,-0.00897692
30,21,1.04031,0.0372655,-0.00943816
30,22,1.03924,0.0378836,-0.00990006
30,23,1.03816,0.0383924,-0.0103625
30,24,1.03708,0.0387865,-0.010825
30,25,1.03599,0.0390617,-0.0112871
30,26,1.0349,0.0392151,-0.0117476
30,27,1.03381,0.039245,-0.0122058
30,28,1.03272,0.0391509,-0.0126604
30,29,1.03164,0.0389335,-0.0131099
30,30,1.03055,0.0385942,-0.0135529
30,31,1.02947,0.0381357,-0.0139879
30,32,1.02839,0.0375611,-0.0144134
30,33,1.02732,0.0368744,-0.0148278
30,34,1.02626,0.0360802,-0.0152297
30,35,1.02521,0.0351832,-0.0156179
30,36,1.02418,0.0341889,-0.015991
30,37,1.02317,0.0331026,-0.0163483
30,38,1.02217,0.0319302,-0.0166888
30,39,1.0212,0.0306775,-0.0170119
30,40,1.02025,0.0293504,-0.0173172
30,41,1.01933,0.0279549,-0.0176045
30,42,1.01843,0.0264968,-0.0178738
30,43,1.01757,0.0249818,-0.0181253
30,44,1.01673,0.0234156,-0.0183593
30,45,1.01593,0.0218036,-0.0185763
30,46,1.01516,0.0201511,-0.0187769
30,47,1.01442,0.0184632,-0.0189618
30,48,1.01372,0.0167445,-0.0191319
30,49,1.01305,0.0149998,-0.019288
30,50,1.0124,0.0132335,-0.0194309
30,51,1.01179,0.0114496,-0.0195617
30,52,1.01119,0.0096523,-0.019681
30,53,1.01062,0.0078453,-0.0197899
30,54,1.01007,0.00603229,-0.0198891
30,55,1.00954,0.0042168,-0.0199793
30,56,1.00901,0.00240224,-0.0200612
30,57,1.0085,0.000591909,-0.0201355
30,58,1.00798,-0.00121094,-0.0202027
30,59,1.00746,-0.00300311,-0.0202633
30,60,1.00693,-0.00478147,-0.0203177
30,61,1.00639,-0.00654288,-0.0203662
30,62,1.00583,-0.00828423,-0.0204091
30,63,1.00525,-0.0100024,-0.0204468
30,64,1.00464,-0.0116942,-0.0204791
30,65,1.004,-0.0133564,-0.0205064
30,66,1.00332,-0.014986,-0.0205283
30,67,1.0026,-0.0165796,-0.0205449
30,68,1.00184,-0.0181339,-0.0205558
30,69,1.00104,-0.0196457,-0.0205606
30,70,1.00018,-0.0211115,-0.0205588
30,71,0.999282,-0.022528,-0.0205495
30,72,0.998334,-0.0238919,-0.020532
30,73,0.997339,-0.0251997,-0.0205052
30,74,0.996298,-0.0264481,-0.0204679
30,75,0.995213,-0.0276337,-0.0204188
30,76,0.994087,-0.0287531,-0.0203565
30,77,0.992922,-0.0298032,-0.0202795
30,78,0.991723,-0.0307808,-0.0201863
30,79,0.990492,-0.0316828,-0.0200752
30,80,0.989235,-0.0325063,-0.0199449
30,81,0.987954,-0.0332486,-0.019794
30,82,0.986653,-0.033907,-0.0196211
30,83,0.985338,-0.0344792,-0.0194252
30,84,0.984011,-0.0349631,-0.0192054
30,85,0.982677,-0.0353567,-0.0189609
30,86,0.981338,-0.0356586,-0.0186914
30,87,0.979998,-0.0358675,-0.0183967
30,88,0.978659,-0.0359825,-0.0180767
30,89,0.977325,-0.0360033,-0.017732
30,90,0.975997,-0.0359297,-0.0173629
30,91,0.974677,-0.0357623,-0.0169704
30,92,0.973368,-0.035502,-0.0165555
30,93,0.972071,-0.0351505,-0.0161193
30,94,0.970788,-0.0347097,-0.0156634
30,95,0.96952,-0.0341824,-0.0151893
30,96,0.968268,-0.033572,-0.0146986
30,97,0.967034,-0.0328821,-0.0141931
30,98,0.96582,-0.0321174,-0.0136748
30,99,0.964626,-0.0312828,-0.0131454
30,100,0.963453,-0.0303838,-0.0126071
30,101,0.962304,-0.0294263,-0.0120617
30,102,0.96118,-0.0284166,-0.0115113
30,103,0.960082,-0.0273615,-0.0109578
30,104,0.959011,-0.026268,-0.0104033
30,105,0.957969,-0.0251436,-0.00984977
30,106,0.956958,-0.0239965,-0.00929919
30,107,0.95598,-0.0228358,-0.0087534
30,108,0.955035,-0.0216719,-0.00821436
30,109,0.954126,-0.0205174,-0.00768369
30,110,0.953254,-0.0193876,-0.00716305
30,111,0.95242,-0.0183017,-0.00665359
30,112,0.951628,-0.0172833,-0.00615642
30,113,0.950877,-0.0163618,-0.00567195
30,114,0.95017,-0.0155713,-0.00520048
30,115,0.949508,-0.0149502,-0.0047416
30,116,0.948893,-0.0145365,-0.00429493
30,117,0.948326,-0.0143599,-0.00385949
30,118,0.947809,-0.0144295,-0.00343454
30,119,0.947342,-0.0147139,-0.0030188
30,120,0.946928,-0.0151167,-0.00261101
30,121,0.946567,-0.0154495,-0.00220888
30,122,0.946262,-0.015411,-0.00180934
30,123,0.946012,-0.0145856,-0.00140759
30,124,0.94582,-0.0124874,-0.00100049
30,125,0.945686,-0.00868216,-0.000589534
30,126,0.945606,-0.00304213,-0.000184897
30,127,1,-0.00343474,0
31,0,1,0,0
31,1,1.05469,0.00574239,-0.000151
31,2,1.05456,0.0152087,-0.000520684
31,3,1.05432,0.0216629,-0.000992472
31,4,1.054,0.0253122,-0.00150736
31,5,1.0536,0.0269254,-0.00202764
31,6,1.05313,0.0273709,-0.00253612
31,7,1.05257,0.0273591,-0.00302848
31,8,1.05195,0.0273502,-0.00350694
31,9,1.05127,0.0275724,-0.00397538
31,10,1.05052,0.0280896,-0.00443607
31,11,1.04972,0.0288726,-0.0048903
31,12,1.04888,0.0298541,-0.00533838
31,13,1.04799,0.030961,-0.00578087
31,14,1.04706,0.03213,-0.00621815
31,15,1.0461,0.0333114,-0.00665102
31,16,1.04511,0.034469,-0.00708003
31,17,1.0441,0.0355764,-0.00750597
31,18,1.04307,0.0366144,-0.00792929
31,19,1.04202,0.0375685,-0.00835066
31,20,1.04096,0.0384271,-0.00877039
31,21,1.03988,0.0391807,-0.00918898
31,22,1.03879,0.0398212,-0.00960658
31,23,1.0377,0.040342,-0.0100234
31,24,1.0366,0.0407377,-0.0104393
31,25,1.03549,0.041004,-0.0108542
31,26,1.03438,0.0411383,-0.0112675
31,27,1.03327,0.0411391,-0.0116786
31,28,1.03215,0.0410062,-0.0120866
31,29,1.03104,0.0407406,-0.0124905
31,30,1.02993,0.0403444,-0.0128892
31,31,1.02883,0.0398207,-0.0132815
31,32,1.02773,0.0391735,-0.0136661
31,33,1.02664,0.0384074,-0.0140418
31,34,1.02556,0.0375276,-0.0144074
31,35,1.0245,0.03654,-0.0147619
31,36,1.02345,0.0354509,-0.0151041
31,37,1.02243,0.0342666,-0.0154333
31,38,1.02142,0.0329938,-0.0157488
31,39,1.02044,0.0316395,-0.0160501
31,40,1.01949,0.0302106,-0.0163368
31,41,1.01856,0.0287137,-0.0166089
31,42,1.01766,0.0271558,-0.0168663
31,43,1.0168,0.0255433,-0.0171093
31,44,1.01597,0.0238825,-0.0173381
31,45,1.01517,0.0221796,-0.0175533
31,46,1.01441,0.0204401,-0.0177555
31,47,1.01368,0.0186697,-0.0179453
31,48,1.01299,0.0168732,-0.0181234
31,49,1.01232,0.0150554,-0.0182907
31,50,1.01169,0.0132207,-0.0184478
31,51,1.01108,0.0113731,-0.0185956
31,52,1.0105,0.00951645,-0.0187349
31,53,1.00993,0.00765426,-0.0188663
31,54,1.00939,0.00578981,-0.0189904
31,55,1.00886,0.00392624,-0.019108
31,56,1.00834,0.00206654,-0.0192193
31,57,1.00783,0.000213594,-0.019325
31,58,1.00731,-0.00162976,-0.0194253
31,59,1.00679,-0.00346073,-0.0195206
31,60,1.00626,-0.0052765,-0.0196111
31,61,1.00572,-0.00707423,-0.0196968
31,62,1.00515,-0.00885102,-0.019778
31,63,1.00456,-0.0106039,-0.0198545
31,64,1.00394,-0.0123299,-0.0199263
31,65,1.00329,-0.0140257,-0.0199933
31,66,1.0026,-0.0156883,-0.0200551
31,67,1.00187,-0.0173141,-0.0201114
31,68,1.0011,-0.0188999,-0.0201618
31,69,1.00028,-0.0204422,-0.0202055
31,70,0.999416,-0.0219373,-0.0202419
31,71,0.998504,-0.0233817,-0.0202701
31,72,0.997545,-0.0247718,-0.020289
31,73,0.99654,-0.026104,-0.0202974
31,74,0.995491,-0.0273746,-0.020294
31,75,0.9944,-0.0285802,-0.0202775
31,76,0.993269,-0.0297172,-0.0202462
31,77,0.992101,-0.0307823,-0.0201987
31,78,0.990901,-0.0317723,-0.0201333
31,79,0.989673,-0.0326842,-0.0200485
31,80,0.988419,-0.0335151,-0.0199428
31,81,0.987145,-0.0342623,-0.0198147
31,82,0.985855,-0.0349234,-0.019663
31,83,0.984552,-0.0354963,-0.0194867
31,84,0.98324,-0.0359791,-0.0192848
31,85,0.981924,-0.0363703,-0.0190566
31,86,0.980605,-0.0366685,-0.0188019
31,87,0.979288,-0.036873,-0.0185204
31,88,0.977975,-0.0369831,-0.0182122
31,89,0.976668,-0.0369987,-0.0178779
31,90,0.975369,-0.0369202,-0.0175179
31,91,0.974081,-0.0367482,-0.0171331
31,92,0.972805,-0.0364839,-0.0167247
31,93,0.971542,-0.0361291,-0.0162938
31,94,0.970295,-0.0356858,-0.0158421
31,95,0.969063,-0.0351568,-0.015371
31,96,0.967848,-0.0345454,-0.0148823
31,97,0.966652,-0.0338554,-0.0143778
31,98,0.965475,-0.0330909,-0.0138594
31,99,0.964318,-0.0322569,-0.0133291
31,100,0.963183,-0.0313585,-0.0127889
31,101,0.96207,-0.0304013,-0.0122409
31,102,0.960981,-0.0293914,-0.011687
31,103,0.959917,-0.0283351,-0.0111293
31,104,0.958879,-0.027239,-0.0105699
31,105,0.957869,-0.0261104,-0.0100107
31,106,0.956888,-0.024957,-0.0094539
31,107,0.955938,-0.0237876,-0.00890136
31,108,0.95502,-0.0226125,-0.0083551
31,109,0.954136,-0.021444,-0.00781681
31,110,0.953288,-0.0202973,-0.00728826
31,111,0.952477,-0.0191916,-0.00677074
31,112,0.951705,-0.0181508,-0.00626544
31,113,0.950974,-0.0172043,-0.00577298
31,114,0.950285,-0.0163867,-0.00529384
31,115,0.94964,-0.0157366,-0.0048279
31,116,0.949041,-0.0152922,-0.004375
31,117,0.94849,-0.0150836,-0.00393456
31,118,0.947987,-0.0151202,-0.00350611
31,119,0.947534,-0.0153714,-0.00308865
31,120,0.947133,-0.0157424,-0.00268091
31,121,0.946784,-0.0160473,-0.00228014
31,122,0.946489,-0.0159878,-0.00188215
31,123,0.946249,-0.0151513,-0.00148066
31,124,0.946063,-0.0130522,-0.00106789
31,125,0.945931,-0.00924849,-0.000639045
31,126,0.945854,-0.00358723,-0.000210589
31,127,1,-0.00343474,0
32,0,1,0,0
32,1,1.05425,0.00539603,-0.000169136
32,2,1.0541,0.0149705,-0.000600006
32,3,1.05387,0.0214796,-0.00109545
32,4,1.05355,0.0251412,-0.00161906
32,5,1.05315,0.0267411,-0.00213989
32,6,1.05267,0.0271641,-0.00264219
32,7,1.05211,0.0271297,-0.00312496
32,8,1.05149,0.0271004,-0.00359226
32,9,1.05079,0.0273033,-0.00404813
32,10,1.05004,0.0278011,-0.00449458
32,11,1.04923,0.0285644,-0.00493234
32,12,1.04836,0.0295265,-0.00536137
32,13,1.04746,0.0306158,-0.00578195
32,14,1.04651,0.0317697,-0.0061944
32,15,1.04554,0.0329399,-0.0065995
32,16,1.04453,0.0340906,-0.00699791
32,17,1.0435,0.0351959,-0.00739053
32,18,1.04244,0.036237,-0.007778
32,19,1.04137,0.0371994,-0.00816115
32,20,1.04029,0.0380716,-0.00854056
32,21,1.03919,0.038844,-0.00891697
32,22,1.03808,0.0395082,-0.00929084
32,23,1.03697,0.0400573,-0.00966273
32,24,1.03585,0.0404852,-0.0100328
32,25,1.03473,0.0407873,-0.0104014
32,26,1.0336,0.0409604,-0.0107681
32,27,1.03248,0.0410024,-0.0111329
32,28,1.03135,0.0409126,-0.0114952
32,29,1.03023,0.0406915,-0.0118544
32,30,1.02912,0.0403408,-0.0122096
32,31,1.02801,0.0398633,-0.01256
32,32,1.0269,0.0392625,-0.0129045
32,33,1.02581,0.0385427,-0.0132423
32,34,1.02474,0.0377089,-0.0135722
32,35,1.02368,0.0367666,-0.0138936
32,36,1.02264,0.0357215,-0.0142055
32,37,1.02162,0.0345797,-0.0145073
32,38,1.02062,0.0333475,-0.0147984
32,39,1.01965,0.0320313,-0.0150784
32,40,1.0187,0.0306374,-0.0153472
32,41,1.01779,0.0291722,-0.0156046
32,42,1.0169,0.0276418,-0.0158507
32,43,1.01605,0.0260523,-0.0160857
32,44,1.01523,0.0244096,-0.01631
32,45,1.01445,0.0227193,-0.016524
32,46,1.0137,0.0209867,-0.0167283
32,47,1.01298,0.0192171,-0.0169235
32,48,1.01229,0.0174153,-0.0171103
32,49,1.01164,0.0155861,-0.0172893
32,50,1.01101,0.0137338,-0.0174613
32,51,1.01041,0.0118626,-0.0176268
32,52,1.00983,0.00997664,-0.0177865
32,53,1.00927,0.00807973,-0.0179409
32,54,1.00873,0.00617559,-0.0180905
32,55,1.0082,0.00426781,-0.0182358
32,56,1.00768,0.00235989,-0.018377
32,57,1.00717,0.000455242,-0.0185143
32,58,1.00665,-0.00144275,-0.0186481
32,59,1.00612,-0.00333076,-0.0187783
32,60,1.00559,-0.00520545,-0.0189049
32,61,1.00503,-0.0070635,-0.0190279
32,62,1.00446,-0.00890156,-0.0191471
32,63,1.00386,-0.0107162,-0.0192623
32,64,1.00323,-0.0125041,-0.0193732
32,65,1.00256,-0.0142617,-0.0194795
32,66,1.00186,-0.0159855,-0.0195806
32,67,1.00112,-0.017672,-0.019676
32,68,1.00033,-0.0193174,-0.019765
32,69,0.999501,-0.0209182,-0.0198467
32,70,0.998625,-0.0224706,-0.0199203
32,71,0.997703,-0.0239709,-0.0199847
32,72,0.996736,-0.0254153,-0.0200387
32,73,0.995724,-0.0268,-0.020081
32,74,0.99467,-0.0281214,-0.0201101
32,75,0.993576,-0.0293757,-0.0201246
32,76,0.992445,-0.0305594,-0.0201228
32,77,0.991281,-0.0316688,-0.020103
32,78,0.990086,-0.0327006,-0.0200638
32,79,0.988866,-0.0336515,-0.0200034
32,80,0.987624,-0.0345183,-0.0199204
32,81,0.986364,-0.0352981,-0.0198134
32,82,0.98509,-0.0359882,-0.0196811
32,83,0.983806,-0.036586,-0.0195224
32,84,0.982516,-0.0370894,-0.0193366
32,85,0.981224,-0.0374965,-0.0191231
32,86,0.979931,-0.0378056,-0.0188814
32,87,0.978642,-0.0380157,-0.0186116
32,88,0.977358,-0.0381258,-0.0183138
32,89,0.976082,-0.0381355,-0.0179884
32,90,0.974816,-0.0380451,-0.0176362
32,91,0.973561,-0.037855,-0.017258
32,92,0.972319,-0.0375664,-0.016855
32,93,0.97109,-0.0371811,-0.0164286
32,94,0.969877,-0.0367013,-0.0159803
32,95,0.96868,-0.03613,-0.0155116
32,96,0.967499,-0.0354708,-0.0150245
32,97,0.966337,-0.0347277,-0.0145207
32,98,0.965193,-0.0339055,-0.0140022
32,99,0.964069,-0.0330095,-0.013471
32,100,0.962966,-0.0320454,-0.0129292
32,101,0.961885,-0.0310196,-0.0123789
32,102,0.960826,-0.0299384,-0.011822
32,103,0.959792,-0.028809,-0.0112608
32,104,0.958783,-0.0276386,-0.0106972
32,105,0.957801,-0.0264351,-0.0101334
32,106,0.956846,-0.0252066,-0.00957152
32,107,0.955922,-0.0239628,-0.00901347
32,108,0.955029,-0.0227143,-0.00846134
32,109,0.954168,-0.0214741,-0.00791695
32,110,0.953342,-0.0202581,-0.00738209
32,111,0.952552,-0.0190861,-0.00685819
32,112,0.9518,-0.0179827,-0.00634655
32,113,0.951088,-0.0169778,-0.00584797
32,114,0.950417,-0.0161069,-0.00536309
32,115,0.949789,-0.0154087,-0.00489203
32,116,0.949205,-0.0149219,-0.00443489
32,117,0.948668,-0.0146767,-0.00399143
32,118,0.948178,-0.0146824,-0.00356145
32,119,0.947738,-0.0149086,-0.00314424
32,120,0.947348,-0.0152606,-0.00273849
32,121,0.94701,-0.0155532,-0.00234117
32,122,0.946726,-0.0154892,-0.00194697
32,123,0.946497,-0.014657,-0.0015471
32,124,0.946323,-0.0125701,-0.00113177
32,125,0.946205,-0.00877995,-0.000692892
32,126,0.946139,-0.00311378,-0.000228321
32,127,1,-0.00343474,0
33,0,1,0,0
33,1,1.05382,0.0058524,-0.00021467
33,2,1.0537,0.0155294,-0.000676474
33,3,1.05348,0.0221092,-0.00119702
33,4,1.05317,0.0258113,-0.00173004
33,5,1.05278,0.0274386,-0.00224773
33,6,1.05231,0.0278929,-0.00274142
33,7,1.05175,0.0279021,-0.00321286
33,8,1.05113,0.02793,-0.00366738
33,9,1.05044,0.0282009,-0.00410933
33,10,1.04968,0.028774,-0.00454032
33,11,1.04887,0.0296171,-0.00496053
33,12,1.04801,0.0306612,-0.00536951
33,13,1.0471,0.0318327,-0.00576726
33,14,1.04615,0.0330676,-0.00615407
33,15,1.04517,0.0343156,-0.0065307
33,16,1.04416,0.0355395,-0.00689792
33,17,1.04312,0.036712,-0.00725673
33,18,1.04206,0.0378129,-0.00760798
33,19,1.04097,0.038827,-0.00795266
33,20,1.03988,0.0397419,-0.0082916
33,21,1.03877,0.0405475,-0.00862579
33,22,1.03764,0.0412352,-0.00895601
33,23,1.03651,0.0417977,-0.00928309
33,24,1.03537,0.0422292,-0.00960761
33,25,1.03423,0.0425251,-0.00993011
33,26,1.03308,0.0426822,-0.0102508
33,27,1.03193,0.0426988,-0.0105698
33,28,1.03079,0.0425746,-0.010887
33,29,1.02964,0.0423105,-0.0112021
33,30,1.02851,0.0419087,-0.0115145
33,31,1.02737,0.0413725,-0.0118237
33,32,1.02625,0.0407061,-0.012129
33,33,1.02514,0.0399145,-0.0124297
33,34,1.02405,0.0390034,-0.012725
33,35,1.02298,0.0379792,-0.0130143
33,36,1.02192,0.0368484,-0.0132969
33,37,1.02089,0.0356181,-0.0135724
33,38,1.01988,0.0342954,-0.0138402
33,39,1.0189,0.0328876,-0.0141002
33,40,1.01795,0.0314019,-0.0143521
33,41,1.01704,0.0298455,-0.0145959
33,42,1.01615,0.0282254,-0.0148317
33,43,1.0153,0.0265484,-0.0150599
33,44,1.01449,0.0248209,-0.0152806
33,45,1.0137,0.0230491,-0.0154944
33,46,1.01296,0.0212389,-0.0157017
33,47,1.01225,0.0193956,-0.0159032
33,48,1.01157,0.0175244,-0.0160993
33,49,1.01092,0.01563,-0.0162908
33,50,1.0103,0.0137168,-0.016478
33,51,1.0097,0.0117888,-0.0166617
33,52,1.00913,0.00984988,-0.0168421
33,53,1.00858,0.00790358,-0.0170198
33,54,1.00804,0.00595325,-0.0171951
33,55,1.00751,0.00400213,-0.0173681
33,56,1.00699,0.0020533,-0.0175391
33,57,1.00647,0.000109794,-0.0177081
33,58,1.00595,-0.00182538,-0.017875
33,59,1.00542,-0.00374922,-0.0180397
33,60,1.00488,-0.00565868,-0.0182021
33,61,1.00432,-0.00755065,-0.0183618
33,62,1.00373,-0.00942196,-0.0185185
33,63,1.00312,-0.0112693,-0.0186717
33,64,1.00248,-0.0130893,-0.018821
33,65,1.00181,-0.0148785,-0.0189656
33,66,1.00109,-0.0166332,-0.0191051
33,67,1.00034,-0.0183497,-0.0192384
33,68,0.999541,-0.0200243,-0.0193648
33,69,0.998699,-0.0216529,-0.0194833
33,70,0.997813,-0.0232317,-0.0195927
33,71,0.996881,-0.0247567,-0.0196919
33,72,0.995906,-0.0262238,-0.0197795
33,73,0.994888,-0.0276291,-0.019854
33,74,0.99383,-0.0289686,-0.0199139
33,75,0.992734,-0.0302384,-0.0199576
33,76,0.991603,-0.0314348,-0.0199834
33,77,0.990441,-0.0325542,-0.0199897
33,78,0.989251,-0.0335932,-0.0199748
33,79,0.988038,-0.0345483,-0.019937
33,80,0.986805,-0.0354167,-0.019875
33,81,0.985558,-0.0361956,-0.0197872
33,82,0.984299,-0.0368823,-0.0196726
33,83,0.983033,-0.0374748,-0.01953
33,84,0.981764,-0.0379712,-0.0193588
33,85,0.980494,-0.0383698,-0.0191583
33,86,0.979227,-0.0386695,-0.0189284
33,87,0.977965,-0.0388694,-0.0186689
33,88,0.97671,-0.0389691,-0.0183802
33,89,0.975465,-0.0389687,-0.0180628
33,90,0.974232,-0.0388685,-0.0177173
33,91,0.973012,-0.0386694,-0.0173449
33,92,0.971805,-0.0383729,-0.0169466
33,93,0.970614,-0.0379807,-0.016524
33,94,0.969439,-0.0374954,-0.0160785
33,95,0.96828,-0.0369198,-0.0156119
33,96,0.967139,-0.0362576,-0.0151259
33,97,0.966015,-0.0355127,-0.0146226
33,98,0.964911,-0.0346897,-0.0141039
33,99,0.963826,-0.0337936,-0.0135719
33,100,0.962761,-0.03283,-0.0130286
33,101,0.961717,-0.0318048,-0.0124762
33,102,0.960694,-0.0307241,-0.0119168
33,103,0.959695,-0.0295946,-0.0113526
33,104,0.958719,-0.0284231,-0.0107855
33,105,0.957769,-0.0272171,-0.0102179
33,106,0.956845,-0.0259846,-0.00965184
33,107,0.955949,-0.0247345,-0.00908937
33,108,0.955083,-0.0234774,-0.00853258
33,109,0.954248,-0.022226,-0.00798341
33,110,0.953445,-0.020996,-0.00744371
33,111,0.952677,-0.0198071,-0.00691504
33,112,0.951946,-0.0186841,-0.0063988
33,113,0.951252,-0.0176569,-0.00589594
33,114,0.950599,-0.0167611,-0.00540726
33,115,0.949987,-0.0160355,-0.00493313
33,116,0.949419,-0.0155189,-0.00447386
33,117,0.948896,-0.0152417,-0.00402951
33,118,0.94842,-0.0152137,-0.00360014
33,119,0.947992,-0.0154053,-0.00318526
33,120,0.947615,-0.0157241,-0.00278353
33,121,0.947289,-0.0159882,-0.00239144
33,122,0.947014,-0.0159054,-0.0020026
33,123,0.946793,-0.0150693,-0.0016067
33,124,0.946625,-0.0129963,-0.00118931
33,125,0.946509,-0.00923328,-0.000736253
33,126,0.946447,-0.00358369,-0.000251984
33,127,1,-0.00343474,0
34,0,1,0,0
34,1,1.05336,0.00551566,-0.00023261
34,2,1.05323,0.0152511,-0.000753817
34,3,1.05301,0.0218494,-0.00129677
34,4,1.0527,0.0255381,-0.00183578
34,5,1.05231,0.0271365,-0.00235018
34,6,1.05183,0.0275606,-0.00283369
34,7,1.05128,0.0275443,-0.00329187
34,8,1.05065,0.0275502,-0.00373194
34,9,1.04995,0.0277998,-0.00415843
34,10,1.04918,0.0283501,-0.00457261
34,11,1.04836,0.0291685,-0.00497413
34,12,1.04749,0.0301874,-0.00536219
34,13,1.04656,0.0313346,-0.00573655
34,14,1.0456,0.0325474,-0.00609744
34,15,1.0446,0.0337767,-0.00644561
34,16,1.04356,0.0349862,-0.00678194
34,17,1.0425,0.0361492,-0.00710751
34,18,1.04142,0.037246,-0.00742332
34,19,1.04032,0.0382616,-0.00773052
34,20,1.0392,0.039184,-0.00803016
34,21,1.03807,0.0400029,-0.00832342
34,22,1.03692,0.0407097,-0.00861135
34,23,1.03577,0.0412969,-0.00889508
34,24,1.03462,0.0417582,-0.00917549
34,25,1.03346,0.0420885,-0.00945343
34,26,1.0323,0.0422842,-0.00972948
34,27,1.03114,0.0423429,-0.0100041
34,28,1.02998,0.0422638,-0.0102775
34,29,1.02883,0.0420473,-0.0105496
34,30,1.02769,0.0416951,-0.0108203
34,31,1.02655,0.0412098,-0.0110894
34,32,1.02543,0.0405954,-0.0113564
34,33,1.02432,0.0398563,-0.0116208
34,34,1.02323,0.0389978,-0.0118822
34,35,1.02216,0.0380258,-0.01214
34,36,1.02111,0.0369462,-0.0123939
34,37,1.02009,0.0357657,-0.0126435
34,38,1.01909,0.0344908,-0.0128884
34,39,1.01812,0.0331281,-0.0131285
34,40,1.01719,0.0316844,-0.0133638
34,41,1.01628,0.0301662,-0.0135942
34,42,1.01541,0.0285799,-0.0138199
34,43,1.01457,0.0269317,-0.0140413
34,44,1.01377,0.0252276,-0.0142586
34,45,1.013,0.0234735,-0.0144722
34,46,1.01226,0.0216746,-0.0146827
34,47,1.01156,0.0198364,-0.0148904
34,48,1.01089,0.0179637,-0.015096
34,49,1.01025,0.0160613,-0.0152999
34,50,1.00963,0.0141336,-0.0155025
34,51,1.00904,0.012185,-0.0157042
34,52,1.00847,0.0102195,-0.0159054
34,53,1.00792,0.00824114,-0.0161064
34,54,1.00738,0.00625373,-0.0163071
34,55,1.00685,0.004261,-0.0165078
34,56,1.00633,0.0022666,-0.0167083
34,57,1.0058,0.000274148,-0.0169086
34,58,1.00527,-0.00171278,-0.0171083
34,59,1.00473,-0.00369061,-0.0173072
34,60,1.00418,-0.00565575,-0.0175048
34,61,1.00361,-0.00760461,-0.0177006
34,62,1.00302,-0.00953352,-0.017894
34,63,1.00239,-0.0114388,-0.0180844
34,64,1.00174,-0.0133166,-0.018271
34,65,1.00105,-0.0151633,-0.018453
34,66,1.00032,-0.0169748,-0.0186295
34,67,0.999557,-0.0187473,-0.0187995
34,68,0.998749,-0.0204767,-0.018962
34,69,0.997897,-0.022159,-0.0191157
34,70,0.997003,-0.0237902,-0.0192594
34,71,0.996065,-0.0253662,-0.0193917
34,72,0.995086,-0.0268828,-0.019511
34,73,0.994066,-0.028336,-0.019616
34,74,0.993008,-0.0297217,-0.0197048
34,75,0.991915,-0.031036,-0.0197758
34,76,0.990789,-0.0322751,-0.0198274
34,77,0.989636,-0.0334351,-0.0198577
34,78,0.988458,-0.0345125,-0.0198651
34,79,0.987259,-0.0355037,-0.0198481
34,80,0.986044,-0.0364056,-0.019805
34,81,0.984817,-0.037215,-0.0197347
34,82,0.983581,-0.0379292,-0.0196359
34,83,0.98234,-0.0385456,-0.0195076
34,84,0.981098,-0.039062,-0.0193492
34,85,0.979857,-0.0394764,-0.0191602
34,86,0.978621,-0.0397873,-0.0189404
34,87,0.977391,-0.0399935,-0.0186899
34,88,0.97617,-0.0400943,-0.018409
34,89,0.97496,-0.0400893,-0.0180982
34,90,0.973762,-0.0399788,-0.0177584
34,91,0.972578,-0.0397634,-0.0173907
34,92,0.971407,-0.0394445,-0.0169964
34,93,0.970252,-0.0390239,-0.0165768
34,94,0.969112,-0.0385041,-0.0161336
34,95,0.967989,-0.0378882,-0.0156686
34,96,0.966883,-0.03718,-0.0151837
34,97,0.965794,-0.0363839,-0.0146808
34,98,0.964723,-0.0355048,-0.014162
34,99,0.963671,-0.0345483,-0.0136293
34,100,0.962637,-0.0335203,-0.013085
34,101,0.961624,-0.0324274,-0.0125311
34,102,0.960632,-0.0312764,-0.0119698
34,103,0.959661,-0.0300744,-0.0114033
34,104,0.958713,-0.0288289,-0.0108339
34,105,0.957789,-0.0275479,-0.0102635
34,106,0.956891,-0.02624,-0.00969448
34,107,0.956019,-0.0249147,-0.00912892
34,108,0.955176,-0.0235832,-0.00856896
34,109,0.954363,-0.0222586,-0.00801657
34,110,0.953581,-0.0209574,-0.00747371
34,111,0.952833,-0.0196998,-0.00694201
34,112,0.95212,-0.0185113,-0.00642298
34,113,0.951444,-0.0174225,-0.00591773
34,114,0.950807,-0.0164695,-0.00542718
34,115,0.95021,-0.0156916,-0.00495191
34,116,0.949656,-0.0151277,-0.00449246
34,117,0.949146,-0.0148086,-0.00404916
34,118,0.948682,-0.014744,-0.00362231
34,119,0.948266,-0.0149047,-0.00321164
34,120,0.947899,-0.0151991,-0.00281576
34,121,0.947582,-0.0154472,-0.0024309
34,122,0.947317,-0.0153594,-0.0020495
34,123,0.947105,-0.0145326,-0.00165881
34,124,0.946948,-0.012485,-0.00124243
34,125,0.946845,-0.00875997,-0.000782863
34,126,0.946792,-0.00314183,-0.000266716
34,127,1,-0.00343474,0
35,0,1,0,0
35,1,1.05292,0.00590645,-0.000275724
35,2,1.05281,0.0156966,-0.000828093
35,3,1.0526,0.0223282,-0.00139518
35,4,1.05231,0.0260306,-0.00194099
35,5,1.05192,0.0276402,-0.00244881
35,6,1.05145,0.0280879,-0.00292017
35,7,1.0509,0.0281127,-0.00336384
35,8,1.05027,0.0281751,-0.00378843
35,9,1.04957,0.0284919,-0.00419872
35,10,1.04881,0.029116,-0.00459553
35,11,1.04799,0.030012,-0.00497796
35,12,1.04711,0.0311104,-0.00534481
35,13,1.04619,0.0323374,-0.00569562
35,14,1.04522,0.033629,-0.00603053
35,15,1.04422,0.0349345,-0.00635032
35,16,1.04318,0.0362159,-0.00665595
35,17,1.04211,0.037445,-0.00694858
35,18,1.04102,0.0386011,-0.00722936
35,19,1.03991,0.0396682,-0.00749958
35,20,1.03878,0.0406335,-0.00776049
35,21,1.03763,0.0414864,-0.00801348
35,22,1.03647,0.0422179,-0.00825985
35,23,1.03531,0.0428203,-0.00850099
35,24,1.03413,0.0432874,-0.00873809
35,25,1.03295,0.0436143,-0.00897232
35,26,1.03177,0.0437976,-0.00920458
35,27,1.03059,0.0438351,-0.00943566
35,28,1.02942,0.0437265,-0.00966607
35,29,1.02824,0.0434725,-0.00989618
35,30,1.02708,0.0430754,-0.0101261
35,31,1.02593,0.0425384,-0.0103559
35,32,1.02479,0.0418659,-0.0105854
35,33,1.02366,0.0410631,-0.0108145
35,34,1.02256,0.040136,-0.0110427
35,35,1.02147,0.039091,-0.01127
35,36,1.02041,0.0379353,-0.0114959
35,37,1.01938,0.0366759,-0.0117204
35,38,1.01838,0.0353203,-0.0119432
35,39,1.01741,0.0338761,-0.0121643
35,40,1.01646,0.0323506,-0.0123836
35,41,1.01556,0.0307513,-0.0126014
35,42,1.01469,0.0290851,-0.0128177
35,43,1.01385,0.0273591,-0.0130329
35,44,1.01305,0.0255797,-0.0132473
35,45,1.01229,0.0237531,-0.0134612
35,46,1.01155,0.0218853,-0.0136752
35,47,1.01086,0.0199817,-0.0138896
35,48,1.01019,0.0180474,-0.0141048
35,49,1.00955,0.0160872,-0.0143213
35,50,1.00894,0.0141055,-0.0145393
35,51,1.00836,0.0121064,-0.0147591
35,52,1.00779,0.0100938,-0.0149809
35,53,1.00724,0.00807142,-0.0152047
35,54,1.0067,0.00604274,-0.0154306
35,55,1.00617,0.00401113,-0.0156585
35,56,1.00564,0.00197989,-0.015888
35,57,1.00511,-4.77116e-05,-0.0161188
35,58,1.00458,-0.00206842,-0.0163506
35,59,1.00403,-0.00407894,-0.0165827
35,60,1.00347,-0.00607592,-0.0168145
35,61,1.00289,-0.00805591,-0.0170453
35,62,1.00229,-0.0100154,-0.0172743
35,63,1.00166,-0.0119506,-0.0175006
35,64,1.00099,-0.0138579,-0.0177232
35,65,1.00029,-0.0157333,-0.0179411
35,66,0.999555,-0.0175729,-0.0181532
35,67,0.998779,-0.0193724,-0.0183583
35,68,0.997961,-0.0211277,-0.0185551
35,69,0.997102,-0.0228345,-0.0187422
35,70,0.9962,-0.0244884,-0.0189183
35,71,0.995258,-0.0260852,-0.0190818
35,72,0.994275,-0.0276204,-0.019231
35,73,0.993254,-0.0290898,-0.0193644
35,74,0.992197,-0.0304891,-0.0194801
35,75,0.991107,-0.0318142,-0.0195765
35,76,0.989987,-0.0330612,-0.0196518
35,77,0.988842,-0.0342261,-0.0197042
35,78,0.987674,-0.0353053,-0.0197321
35,79,0.986489,-0.0362956,-0.0197339
35,80,0.985289,-0.0371937,-0.0197081
35,81,0.984079,-0.0379967,-0.0196535
35,82,0.982863,-0.0387022,-0.0195688
35,83,0.981644,-0.0393079,-0.0194534
35,84,0.980426,-0.0398119,-0.0193064
35,85,0.979212,-0.0402127,-0.0191276
35,86,0.978003,-0.0405092,-0.0189167
35,87,0.976804,-0.0407005,-0.018674
35,88,0.975615,-0.0407864,-0.0183999
35,89,0.974438,-0.040767,-0.0180949
35,90,0.973274,-0.0406428,-0.0177601
35,91,0.972125,-0.0404149,-0.0173965
35,92,0.970992,-0.0400848,-0.0170054
35,93,0.969874,-0.0396546,-0.0165885
35,94,0.968773,-0.0391269,-0.0161473
35,95,0.967689,-0.0385048,-0.0156837
35,96,0.966621,-0.0377922,-0.0151997
35,97,0.965571,-0.0369932,-0.0146971
35,98,0.964539,-0.0361126,-0.0141782
35,99,0.963524,-0.0351558,-0.0136451
35,100,0.962528,-0.0341284,-0.0131
35,101,0.961552,-0.0330366,-0.012545
35,102,0.960594,-0.0318868,-0.0119824
35,103,0.959657,-0.0306857,-0.0114143
35,104,0.958742,-0.0294405,-0.0108431
35,105,0.957849,-0.0281586,-0.0102709
35,106,0.956979,-0.0268483,-0.00969989
35,107,0.956135,-0.0255188,-0.00913236
35,108,0.955317,-0.0241807,-0.00857045
35,109,0.954528,-0.0228471,-0.00801621
35,110,0.953768,-0.0215341,-0.00747165
35,111,0.95304,-0.020262,-0.00693852
35,112,0.952346,-0.0190561,-0.00641841
35,113,0.951687,-0.0179469,-0.00591257
35,114,0.951066,-0.0169706,-0.00542204
35,115,0.950484,-0.0161665,-0.00494761
35,116,0.949943,-0.0155735,-0.00449
35,117,0.949446,-0.0152222,-0.00404978
35,118,0.948994,-0.015123,-0.00362748
35,119,0.948589,-0.0152478,-0.00322298
35,120,0.948232,-0.0155076,-0.00283489
35,121,0.947925,-0.015727,-0.00245891
35,122,0.947669,-0.0156228,-0.00208648
35,123,0.947464,-0.0147992,-0.00170331
35,124,0.947311,-0.0127802,-0.00128842
35,125,0.947209,-0.00910716,-0.000818581
35,126,0.947159,-0.00354069,-0.000287537
35,127,1,-0.00343474,0
36,0,1,0,0
36,1,1.05245,0.00558328,-0.000292805
36,2,1.05233,0.0153859,-0.00090288
36,3,1.05212,0.0219967,-0.00149181
36,4,1.05182,0.0256569,-0.00204142
36,5,1.05143,0.0272205,-0.00254272
36,6,1.05095,0.0276302,-0.00300075
36,7,1.0504,0.0276266,-0.0034285
36,8,1.04976,0.0276656,-0.00383652
36,9,1.04906,0.0279589,-0.00422967
36,10,1.04829,0.0285564,-0.00460838
36,11,1.04745,0.0294227,-0.00497121
36,12,1.04656,0.0304896,-0.00531663
36,13,1.04562,0.0316853,-0.00564394
36,14,1.04464,0.0329474,-0.00595325
36,15,1.04361,0.0342265,-0.00624533
36,16,1.04256,0.0354856,-0.00652119
36,17,1.04147,0.0366974,-0.00678208
36,18,1.04035,0.0378418,-0.00702924
36,19,1.03922,0.0389033,-0.00726409
36,20,1.03807,0.0398694,-0.00748802
36,21,1.0369,0.0407297,-0.00770259
36,22,1.03573,0.0414754,-0.00790932
36,23,1.03454,0.0420985,-0.00810981
36,24,1.03335,0.0425926,-0.00830553
36,25,1.03216,0.0429523,-0.0084979
36,26,1.03097,0.0431737,-0.00868815
36,27,1.02978,0.0432542,-0.00887735
36,28,1.02859,0.0431928,-0.00906635
36,29,1.02742,0.0429895,-0.00925581
36,30,1.02625,0.042646,-0.00944618
36,31,1.0251,0.042165,-0.00963778
36,32,1.02396,0.0415503,-0.00983072
36,33,1.02284,0.0408064,-0.0100251
36,34,1.02174,0.0399388,-0.0102208
36,35,1.02067,0.0389533,-0.0104179
36,36,1.01962,0.0378562,-0.0106162
36,37,1.0186,0.0366541,-0.0108158
36,38,1.01761,0.0353539,-0.0110165
36,39,1.01665,0.0339622,-0.0112185
36,40,1.01572,0.0324859,-0.0114219
36,41,1.01483,0.0309316,-0.0116268
36,42,1.01397,0.0293058,-0.0118335
36,43,1.01315,0.0276148,-0.0120423
36,44,1.01236,0.0258647,-0.0122534
36,45,1.01161,0.0240613,-0.0124674
36,46,1.01089,0.02221,-0.0126845
36,47,1.0102,0.0203162,-0.0129052
36,48,1.00954,0.018385,-0.0131297
36,49,1.00891,0.016421,-0.0133583
36,50,1.0083,0.0144289,-0.0135912
36,51,1.00772,0.012413,-0.0138286
36,52,1.00715,0.0103777,-0.0140705
36,53,1.0066,0.00832709,-0.0143168
36,54,1.00606,0.00626513,-0.0145672
36,55,1.00553,0.00419577,-0.0148216
36,56,1.00499,0.00212294,-0.0150793
36,57,1.00446,5.04831e-05,-0.01534
36,58,1.00391,-0.00201772,-0.0156029
36,59,1.00336,-0.00407779,-0.0158673
36,60,1.00279,-0.00612581,-0.0161322
36,61,1.0022,-0.00815784,-0.0163968
36,62,1.00158,-0.0101699,-0.0166601
36,63,1.00094,-0.0121578,-0.0169209
36,64,1.00026,-0.0141176,-0.017178
36,65,0.999554,-0.0160449,-0.0174302
36,66,0.998808,-0.0179357,-0.0176761
36,67,0.998023,-0.0197854,-0.0179145
36,68,0.997199,-0.0215899,-0.0181438
36,69,0.996334,-0.0233448,-0.0183625
36,70,0.99543,-0.0250455,-0.018569
36,71,0.994486,-0.0266878,-0.0187616
36,72,0.993504,-0.0282672,-0.0189387
36,73,0.992487,-0.0297795,-0.0190985
36,74,0.991437,-0.0312204,-0.0192391
36,75,0.990356,-0.0325857,-0.0193588
36,76,0.989249,-0.0338714,-0.0194558
36,77,0.988118,-0.0350735,-0.0195283
36,78,0.986968,-0.0361883,-0.0195747
36,79,0.985803,-0.0372123,-0.0195934
36,80,0.984626,-0.0381421,-0.0195829
36,81,0.983442,-0.0389746,-0.0195422
36,82,0.982254,-0.0397069,-0.01947
36,83,0.981064,-0.0403365,-0.0193657
36,84,0.979878,-0.0408611,-0.0192286
36,85,0.978696,-0.0412787,-0.0190584
36,86,0.977522,-0.041588,-0.0188552
36,87,0.976358,-0.0417876,-0.018619
36,88,0.975205,-0.0418769,-0.0183505
36,89,0.974064,-0.0418556,-0.0180503
36,90,0.972937,-0.041724,-0.0177195
36,91,0.971825,-0.0414828,-0.0173591
36,92,0.970728,-0.0411335,-0.0169708
36,93,0.969646,-0.040678,-0.0165559
36,94,0.968581,-0.040119,-0.0161163
36,95,0.967531,-0.0394597,-0.0156539
36,96,0.966497,-0.0387041,-0.0151706
36,97,0.96548,-0.0378566,-0.0146685
36,98,0.96448,-0.0369225,-0.0141497
36,99,0.963496,-0.0359075,-0.0136165
36,100,0.96253,-0.0348178,-0.0130711
36,101,0.961582,-0.03366,-0.0125156
36,102,0.960652,-0.0324413,-0.0119524
36,103,0.959741,-0.0311689,-0.0113837
36,104,0.95885,-0.0298504,-0.0108118
36,105,0.957981,-0.0284941,-0.0102389
36,106,0.957134,-0.0271086,-0.0096673
36,107,0.956312,-0.0257036,-0.00909921
36,108,0.955514,-0.0242904,-0.00853685
36,109,0.954744,-0.0228827,-0.00798236
36,110,0.954002,-0.0214971,-0.0074378
36,111,0.953291,-0.0201544,-0.00690499
36,112,0.952613,-0.0188806,-0.00638562
36,113,0.951969,-0.017707,-0.00588104
36,114,0.951362,-0.0166701,-0.00539244
36,115,0.950793,-0.0158098,-0.00492074
36,116,0.950264,-0.0151652,-0.00446686
36,117,0.949777,-0.0147671,-0.0040316
36,118,0.949335,-0.0146259,-0.00361568
36,119,0.948939,-0.0147143,-0.00321915
36,120,0.948591,-0.0149447,-0.00284058
36,121,0.948291,-0.0151445,-0.00247537
36,122,0.948043,-0.0150349,-0.00211387
36,123,0.947845,-0.0142256,-0.00173935
36,124,0.947701,-0.0122451,-0.00132897
36,125,0.947609,-0.00863352,-0.000856337
36,126,0.947566,-0.00313147,-0.000298564
36,127,1,-0.00343474,0
37,0,1,0,0
37,1,1.05199,0.00591837,-0.000332776
37,2,1.05189,0.0157329,-0.00097437
37,3,1.05169,0.0223363,-0.00158707
37,4,1.05139,0.0259799,-0.00214144
37,5,1.051,0.027537,-0.00263344
37,6,1.05053,0.0279623,-0.0030767
37,7,1.04998,0.0279972,-0.00348788
37,8,1.04935,0.0280917,-0.00387891
37,9,1.04864,0.0284507,-0.0042548
37,10,1.04787,0.0291197,-0.00461548
37,11,1.04703,0.0300606,-0.00495894
37,12,1.04614,0.0312038,-0.00528326
37,13,1.0452,0.0324763,-0.00558756
37,14,1.04421,0.0338144,-0.00587185
37,15,1.04319,0.0351674,-0.00613691
37,16,1.04212,0.0364966,-0.00638379
37,17,1.04103,0.0377735,-0.00661381
37,18,1.03991,0.0389766,-0.00682831
37,19,1.03877,0.0400894,-0.00702879
37,20,1.0376,0.0410989,-0.0072168
37,21,1.03643,0.0419941,-0.00739405
37,22,1.03524,0.0427658,-0.00756225
37,23,1.03404,0.0434062,-0.00772321
37,24,1.03283,0.0439088,-0.00787864
37,25,1.03162,0.0442684,-0.00803025
37,26,1.03041,0.0444813,-0.00817954
37,27,1.02921,0.0445453,-0.00832789
37,28,1.02801,0.0444596,-0.00847644
37,29,1.02681,0.0442248,-0.00862618
37,30,1.02563,0.043843,-0.00877784
37,31,1.02446,0.0433174,-0.00893204
37,32,1.02331,0.0426524,-0.00908919
37,33,1.02218,0.0418532,-0.0092496
37,34,1.02108,0.0409256,-0.00941348
37,35,1.01999,0.0398764,-0.00958101
37,36,1.01894,0.0387125,-0.0097523
37,37,1.01791,0.0374413,-0.00992747
37,38,1.01692,0.0360702,-0.0101067
37,39,1.01596,0.0346067,-0.0102901
37,40,1.01503,0.0330584,-0.0104779
37,41,1.01414,0.0314327,-0.0106703
37,42,1.01329,0.0297365,-0.0108676
37,43,1.01247,0.027977,-0.0110702
37,44,1.01168,0.0261605,-0.0112784
37,45,1.01094,0.0242933,-0.0114925
37,46,1.01022,0.0223814,-0.0117128
37,47,1.00954,0.0204301,-0.0119396
37,48,1.00888,0.0184447,-0.0121732
37,49,1.00826,0.0164299,-0.0124137
37,50,1.00765,0.0143903,-0.0126612
37,51,1.00707,0.0123302,-0.0129157
37,52,1.00651,0.0102536,-0.0131771
37,53,1.00596,0.00816428,-0.0134451
37,54,1.00541,0.00606604,-0.0137193
37,55,1.00488,0.00396247,-0.0139992
37,56,1.00434,0.00185716,-0.0142842
37,57,1.0038,-0.00024633,-0.0145735
37,58,1.00325,-0.00234441,-0.0148663
37,59,1.00269,-0.00443342,-0.0151616
37,60,1.00212,-0.00650965,-0.0154583
37,61,1.00152,-0.00856926,-0.0157552
37,62,1.00089,-0.0106083,-0.0160511
37,63,1.00024,-0.0126228,-0.0163446
37,64,0.999558,-0.0146084,-0.0166344
37,65,0.998841,-0.0165609,-0.016919
37,66,0.998088,-0.018476,-0.0171969
37,67,0.997297,-0.020349,-0.0174665
37,68,0.996468,-0.0221754,-0.0177262
37,69,0.995601,-0.0239507,-0.0179743
37,70,0.994695,-0.0256701,-0.0182092
37,71,0.993752,-0.027329,-0.0184289
37,72,0.992773,-0.0289228,-0.0186316
37,73,0.991761,-0.030447,-0.0188157
37,74,0.990717,-0.031897,-0.0189791
37,75,0.989646,-0.0332686,-0.01912
37,76,0.98855,-0.0345577,-0.0192367
37,77,0.987433,-0.0357603,-0.0193274
37,78,0.986299,-0.0368726,-0.0193904
37,79,0.985151,-0.0378912,-0.0194243
37,80,0.983994,-0.0388128,-0.0194276
37,81,0.982831,-0.0396347,-0.0193992
37,82,0.981666,-0.0403541,-0.0193381
37,83,0.980502,-0.040969,-0.0192436
37,84,0.979342,-0.0414773,-0.0191152
37,85,0.978189,-0.0418776,-0.0189526
37,86,0.977045,-0.0421688,-0.0187559
37,87,0.975911,-0.0423501,-0.0185255
37,88,0.97479,-0.0424214,-0.0182618
37,89,0.973683,-0.0423828,-0.0179657
37,90,0.972591,-0.0422349,-0.0176383
37,91,0.971514,-0.0419789,-0.0172808
37,92,0.970452,-0.0416165,-0.0168948
37,93,0.969407,-0.0411498,-0.0164817
37,94,0.968379,-0.0405816,-0.0160436
37,95,0.967366,-0.0399152,-0.0155822
37,96,0.96637,-0.0391545,-0.0150996
37,97,0.96539,-0.0383039,-0.014598
37,98,0.964426,-0.0373684,-0.0140795
37,99,0.963478,-0.0363535,-0.0135465
37,100,0.962547,-0.035265,-0.0130011
37,101,0.961633,-0.0341093,-0.0124456
37,102,0.960736,-0.0328928,-0.0118824
37,103,0.959857,-0.0316227,-0.0113137
37,104,0.958996,-0.0303059,-0.0107418
37,105,0.958155,-0.0289503,-0.0101691
37,106,0.957335,-0.0275641,-0.0095978
37,107,0.956537,-0.0261566,-0.00903022
37,108,0.955762,-0.0247388,-0.00846863
37,109,0.955013,-0.0233239,-0.00791521
37,110,0.954291,-0.0219283,-0.00737206
37,111,0.953597,-0.0205728,-0.00684111
37,112,0.952935,-0.0192832,-0.00632411
37,113,0.952305,-0.0180906,-0.00582252
37,114,0.951711,-0.0170316,-0.00533765
37,115,0.951154,-0.0161459,-0.00487057
37,116,0.950636,-0.0154724,-0.00442235
37,117,0.95016,-0.0150418,-0.00399398
37,118,0.949727,-0.0148652,-0.00358635
37,119,0.94934,-0.0149164,-0.00319965
37,120,0.948999,-0.015111,-0.00283241
37,121,0.948707,-0.0152819,-0.00247955
37,122,0.948465,-0.0151582,-0.00213045
37,123,0.948273,-0.0143592,-0.00176687
37,124,0.948131,-0.0124215,-0.00136152
37,125,0.948039,-0.00888512,-0.000882798
37,126,0.947999,-0.00346535,-0.000315695
37,127,1,-0.00343474,0
38,0,1,0,0
38,1,1.0515,0.00561629,-0.000348409
38,2,1.05138,0.0154041,-0.00104602
38,3,1.05117,0.0219447,-0.00168048
38,4,1.05087,0.0255146,-0.00223705
38,5,1.05047,0.0270077,-0.00272007
38,6,1.05,0.0273875,-0.00314787
38,7,1.04943,0.0273917,-0.00354168
38,8,1.04879,0.0274615,-0.00391524
38,9,1.04808,0.0277946,-0.00427356
38,10,1.04729,0.028433,-0.00461604
38,11,1.04644,0.029339,-0.00494019
38,12,1.04554,0.0304444,-0.00524372
38,13,1.04458,0.0316786,-0.00552558
38,14,1.04357,0.0329797,-0.00578572
38,15,1.04252,0.0342985,-0.00602488
38,16,1.04144,0.0355976,-0.00624416
38,17,1.04032,0.0368493,-0.00644491
38,18,1.03918,0.0380329,-0.00662854
38,19,1.03802,0.0391328,-0.0067966
38,20,1.03683,0.0401363,-0.00695076
38,21,1.03564,0.041033,-0.00709282
38,22,1.03443,0.0418137,-0.00722465
38,23,1.03321,0.0424708,-0.00734822
38,24,1.032,0.0429974,-0.00746548
38,25,1.03078,0.0433881,-0.00757833
38,26,1.02956,0.0436387,-0.00768855
38,27,1.02835,0.0437463,-0.00779778
38,28,1.02714,0.0437097,-0.00790746
38,29,1.02595,0.0435287,-0.00801886
38,30,1.02477,0.0432047,-0.00813301
38,31,1.02361,0.0427402,-0.00825082
38,32,1.02247,0.0421387,-0.00837297
38,33,1.02135,0.0414048,-0.00850005
38,34,1.02026,0.0405436,-0.00863251
38,35,1.01919,0.0395611,-0.00877077
38,36,1.01815,0.0384634,-0.00891513
38,37,1.01714,0.037257,-0.00906592
38,38,1.01616,0.0359488,-0.00922342
38,39,1.01522,0.0345453,-0.00938795
38,40,1.01431,0.0330535,-0.00955981
38,41,1.01344,0.0314799,-0.00973934
38,42,1.0126,0.0298309,-0.00992686
38,43,1.0118,0.028113,-0.0101227
38,44,1.01103,0.026332,-0.0103273
38,45,1.0103,0.0244939,-0.0105408
38,46,1.00959,0.0226043,-0.0107637
38,47,1.00892,0.0206683,-0.010996
38,48,1.00827,0.0186912,-0.0112379
38,49,1.00765,0.0166778,-0.0114896
38,50,1.00705,0.0146329,-0.0117509
38,51,1.00647,0.0125611,-0.0120216
38,52,1.00591,0.0104667,-0.0123016
38,53,1.00536,0.00835417,-0.0125903
38,54,1.00481,0.00622775,-0.0128873
38,55,1.00427,0.00409165,-0.0131917
38,56,1.00373,0.00195008,-0.0135028
38,57,1.00319,-0.000192765,-0.0138195
38,58,1.00263,-0.00233268,-0.0141409
38,59,1.00206,-0.00446542,-0.0144656
38,60,1.00148,-0.00658671,-0.0147925
38,61,1.00087,-0.00869223,-0.01512
38,62,1.00024,-0.0107776,-0.0154468
38,63,0.999581,-0.0128384,-0.0157713
38,64,0.998891,-0.0148701,-0.0160919
38,65,0.998169,-0.0168681,-0.016407
38,66,0.997411,-0.0188279,-0.0167148
38,67,0.996618,-0.0207449,-0.0170136
38,68,0.995788,-0.0226143,-0.0173016
38,69,0.994921,-0.0244315,-0.017577
38,70,0.994018,-0.026192,-0.017838
38,71,0.993081,-0.0278909,-0.0180826
38,72,0.99211,-0.0295239,-0.0183089
38,73,0.991108,-0.0310862,-0.0185151
38,74,0.990077,-0.0325737,-0.0186992
38,75,0.989021,-0.0339818,-0.0188594
38,76,0.987944,-0.0353066,-0.0189939
38,77,0.986847,-0.0365439,-0.0191008
38,78,0.985736,-0.0376899,-0.0191787
38,79,0.984614,-0.0387411,-0.019226
38,80,0.983485,-0.039694,-0.0192414
38,81,0.982351,-0.0405455,-0.0192238
38,82,0.981218,-0.0412926,-0.0191722
38,83,0.980086,-0.0419328,-0.0190861
38,84,0.97896,-0.0424639,-0.018965
38,85,0.977842,-0.0428837,-0.0188087
38,86,0.976734,-0.0431909,-0.0186175
38,87,0.975637,-0.0433842,-0.0183917
38,88,0.974552,-0.0434629,-0.0181319
38,89,0.973482,-0.0434267,-0.017839
38,90,0.972426,-0.0432759,-0.0175143
38,91,0.971385,-0.0430113,-0.0171589
38,92,0.97036,-0.0426343,-0.0167746
38,93,0.969349,-0.042147,-0.0163629
38,94,0.968354,-0.041552,-0.0159259
38,95,0.967375,-0.0408527,-0.0154653
38,96,0.96641,-0.0400531,-0.0149835
38,97,0.96546,-0.0391579,-0.0144825
38,98,0.964526,-0.0381724,-0.0139645
38,99,0.963606,-0.0371024,-0.013432
38,100,0.962701,-0.0359544,-0.0128871
38,101,0.961812,-0.0347352,-0.0123323
38,102,0.960939,-0.0334519,-0.0117698
38,103,0.960083,-0.032112,-0.0112021
38,104,0.959243,-0.0307234,-0.0106313
38,105,0.958422,-0.0292942,-0.0100599
38,106,0.957621,-0.0278333,-0.00949023
38,107,0.956841,-0.0263506,-0.00892456
38,108,0.956083,-0.0248574,-0.00836521
38,109,0.955349,-0.0233677,-0.00781442
38,110,0.954641,-0.0218984,-0.00727433
38,111,0.953961,-0.0204709,-0.00674695
38,112,0.953311,-0.0191114,-0.00623408
38,113,0.952693,-0.017852,-0.0057373
38,114,0.952109,-0.0167295,-0.00525799
38,115,0.951562,-0.0157841,-0.00479738
38,116,0.951053,-0.0150549,-0.00435664
38,117,0.950584,-0.014573,-0.00393696
38,118,0.950159,-0.0143494,-0.00353938
38,119,0.949777,-0.014359,-0.00316423
38,120,0.949443,-0.0145194,-0.00280997
38,121,0.949156,-0.0146673,-0.00247125
38,122,0.948918,-0.0145378,-0.00213639
38,123,0.948731,-0.0137579,-0.00178481
38,124,0.948596,-0.0118714,-0.00138751
38,125,0.948512,-0.00841816,-0.000909979
38,126,0.948474,-0.00309061,-0.000322309
38,127,1,-0.00343474,0
39,0,1,0,0
39,1,1.05099,0.00590866,-0.00038475
39,2,1.05089,0.0156732,-0.00111414
39,3,1.05068,0.022163,-0.00177233
39,4,1.05038,0.0256829,-0.00233215
39,5,1.04999,0.0271508,-0.002804
39,6,1.04951,0.0275386,-0.00321557
39,7,1.04894,0.0275788,-0.003592
39,8,1.0483,0.0277026,-0.00394833
39,9,1.04758,0.0280994,-0.00428953
39,10,1.04679,0.0288062,-0.00461447
39,11,1.04594,0.029783,-0.00492006
39,12,1.04503,0.0309609,-0.00520368
39,13,1.04407,0.0322683,-0.00546405
39,14,1.04306,0.0336423,-0.00570107
39,15,1.042,0.0350324,-0.00591546
39,16,1.04091,0.0363998,-0.00610831
39,17,1.03979,0.0377154,-0.00628101
39,18,1.03865,0.0389572,-0.00643501
39,19,1.03747,0.0401086,-0.00657193
39,20,1.03628,0.0411563,-0.0066935
39,21,1.03508,0.0420892,-0.00680164
39,22,1.03386,0.0428981,-0.00689834
39,23,1.03263,0.0435751,-0.00698575
39,24,1.03141,0.0441134,-0.00706599
39,25,1.03017,0.0445079,-0.0071412
39,26,1.02895,0.0447545,-0.00721339
39,27,1.02772,0.0448507,-0.00728448
39,28,1.02651,0.0447956,-0.00735619
39,29,1.02531,0.0445894,-0.00743008
39,30,1.02412,0.044234,-0.00750749
39,31,1.02295,0.0437324,-0.00758958
39,32,1.0218,0.0430886,-0.00767735
39,33,1.02068,0.0423076,-0.00777164
39,34,1.01958,0.0413953,-0.00787318
39,35,1.01851,0.0403581,-0.00798259
39,36,1.01747,0.0392028,-0.0081004
39,37,1.01646,0.0379367,-0.00822712
39,38,1.01549,0.036567,-0.00836321
39,39,1.01455,0.0351013,-0.0085091
39,40,1.01365,0.0335469,-0.00866521
39,41,1.01278,0.031911,-0.00883195
39,42,1.01195,0.0302008,-0.00900971
39,43,1.01115,0.0284231,-0.00919884
39,44,1.01039,0.0265844,-0.00939969
39,45,1.00966,0.0246909,-0.00961254
39,46,1.00896,0.0227484,-0.0098376
39,47,1.0083,0.0207625,-0.010075
39,48,1.00766,0.0187385,-0.0103249
39,49,1.00704,0.0166813,-0.0105871
39,50,1.00645,0.0145955,-0.0108615
39,51,1.00587,0.0124856,-0.0111477
39,52,1.00531,0.0103559,-0.0114453
39,53,1.00476,0.00821031,-0.0117538
39,54,1.00422,0.00605299,-0.0120723
39,55,1.00368,0.00388782,-0.0123999
39,56,1.00314,0.00171872,-0.0127357
39,57,1.00259,-0.0004504,-0.0130783
39,58,1.00203,-0.00261556,-0.0134266
39,59,1.00146,-0.00477274,-0.0137791
39,60,1.00087,-0.00691781,-0.0141343
39,61,1.00026,-0.00904655,-0.0144906
39,62,0.999623,-0.0111546,-0.0148464
39,63,0.99896,-0.0132376,-0.0151998
39,64,0.998267,-0.0152909,-0.0155491
39,65,0.997543,-0.0173098,-0.0158924
39,66,0.996784,-0.0192897,-0.0162279
39,67,0.995991,-0.0212257,-0.0165537
39,68,0.995163,-0.0231129,-0.0168678
39,69,0.9943,-0.0249464,-0.0171683
39,70,0.993402,-0.0267214,-0.0174532
39,71,0.992472,-0.028433,-0.0177205
39,72,0.99151,-0.0300764,-0.0179683
39,73,0.990519,-0.0316468,-0.0181946
39,74,0.989501,-0.0331397,-0.0183974
39,75,0.98846,-0.0345507,-0.018575
39,76,0.987399,-0.0358754,-0.0187253
39,77,0.986321,-0.0371099,-0.0188469
39,78,0.985229,-0.0382504,-0.018938
39,79,0.984129,-0.0392933,-0.0189972
39,80,0.983022,-0.0402353,-0.0190232
39,81,0.981913,-0.0410735,-0.0190151
39,82,0.980805,-0.0418053,-0.0189719
39,83,0.979701,-0.0424285,-0.0188931
39,84,0.978602,-0.0429411,-0.0187784
39,85,0.977513,-0.0433416,-0.0186277
39,86,0.976434,-0.0436289,-0.0184411
39,87,0.975368,-0.0438022,-0.0182193
39,88,0.974315,-0.0438614,-0.0179628
39,89,0.973277,-0.0438067,-0.0176727
39,90,0.972254,-0.0436386,-0.0173502
39,91,0.971247,-0.0433583,-0.0169968
39,92,0.970255,-0.0429677,-0.0166139
39,93,0.96928,-0.0424689,-0.0162035
39,94,0.968319,-0.0418647,-0.0157674
39,95,0.967374,-0.0411586,-0.0153077
39,96,0.966444,-0.0403545,-0.0148266
39,97,0.965529,-0.039457,-0.0143262
39,98,0.964629,-0.0384712,-0.013809
39,99,0.963742,-0.0374026,-0.0132772
39,100,0.96287,-0.0362573,-0.0127332
39,101,0.962012,-0.0350417,-0.0121794
39,102,0.961169,-0.0337625,-0.0116181
39,103,0.960341,-0.0324268,-0.0110518
39,104,0.959528,-0.0310417,-0.0104828
39,105,0.958733,-0.0296152,-0.00991356
39,106,0.957955,-0.0281556,-0.00934635
39,107,0.957196,-0.0266722,-0.00878357
39,108,0.956458,-0.0251762,-0.00822756
39,109,0.955742,-0.023681,-0.00768059
39,110,0.95505,-0.0222035,-0.00714488
39,111,0.954384,-0.0207646,-0.00662248
39,112,0.953747,-0.0193906,-0.00611527
39,113,0.95314,-0.0181132,-0.0056249
39,114,0.952566,-0.0169694,-0.00515285
39,115,0.952027,-0.015999,-0.00470045
39,116,0.951526,-0.015241,-0.00426901
39,117,0.951064,-0.0147263,-0.00385984
39,118,0.950644,-0.0144663,-0.00347411
39,119,0.950269,-0.0144375,-0.00311226
39,120,0.949939,-0.014561,-0.0027727
39,121,0.949657,-0.0146798,-0.00244963
39,122,0.949423,-0.0145385,-0.00213045
39,123,0.949239,-0.0137755,-0.00179316
39,124,0.949104,-0.0119452,-0.00140449
39,125,0.949018,-0.00858802,-0.000925452
39,126,0.948982,-0.00336722,-0.000334879
39,127,1,-0.00343474,0
40,0,1,0,0
40,1,1.05044,0.00563735,-0.000398602
40,2,1.05031,0.0153449,-0.00118212
40,3,1.05009,0.0217278,-0.00186211
40,4,1.04978,0.0251402,-0.00242299
40,5,1.04938,0.0265262,-0.00288435
40,6,1.04889,0.0268619,-0.00327958
40,7,1.04831,0.0268698,-0.00363849
40,8,1.04765,0.0269679,-0.00397773
40,9,1.04692,0.0273364,-0.00430208
40,10,1.04611,0.0280089,-0.00460982
40,11,1.04524,0.0289455,-0.00489736
40,12,1.04432,0.0300796,-0.00516178
40,13,1.04333,0.031342,-0.00540161
40,14,1.0423,0.0326719,-0.00561668
40,15,1.04123,0.0340204,-0.00580766
40,16,1.04012,0.0353502,-0.00597567
40,17,1.03897,0.0366331,-0.00612207
40,18,1.0378,0.0378482,-0.00624835
40,19,1.03661,0.0389798,-0.00635615
40,20,1.0354,0.0400151,-0.00644724
40,21,1.03418,0.0409437,-0.0065236
40,22,1.03295,0.0417568,-0.00658733
40,23,1.03171,0.0424464,-0.00664069
40,24,1.03047,0.043006,-0.00668596
40,25,1.02924,0.0434299,-0.00672547
40,26,1.02801,0.0437138,-0.00676146
40,27,1.02679,0.0438545,-0.00679607
40,28,1.02558,0.0438503,-0.0068313
40,29,1.02438,0.0437009,-0.00686898
40,30,1.02321,0.0434073,-0.00691073
40,31,1.02205,0.0429716,-0.00695802
40,32,1.02092,0.0423969,-0.00701211
40,33,1.01981,0.0416875,-0.00707415
40,34,1.01873,0.0408483,-0.00714509
40,35,1.01769,0.0398848,-0.00722581
40,36,1.01667,0.038803,-0.00731709
40,37,1.01568,0.0376091,-0.00741961
40,38,1.01473,0.0363097,-0.00753401
40,39,1.01382,0.0349114,-0.00766087
40,40,1.01294,0.0334207,-0.00780074
40,41,1.01209,0.0318441,-0.00795411
40,42,1.01128,0.030188,-0.00812142
40,43,1.01051,0.0284587,-0.00830308
40,44,1.00976,0.0266621,-0.00849942
40,45,1.00905,0.024804,-0.00871071
40,46,1.00837,0.0228901,-0.00893712
40,47,1.00771,0.0209257,-0.00917872
40,48,1.00708,0.0189161,-0.00943546
40,49,1.00648,0.0168664,-0.00970717
40,50,1.00589,0.0147813,-0.00999353
40,51,1.00532,0.0126657,-0.0102941
40,52,1.00476,0.0105244,-0.0106082
40,53,1.00421,0.0083618,-0.0109351
40,54,1.00367,0.00618263,-0.0112738
40,55,1.00313,0.00399139,-0.0116232
40,56,1.00259,0.00179263,-0.0119821
40,57,1.00204,-0.000409103,-0.0123491
40,58,1.00147,-0.00260924,-0.0127226
40,59,1.0009,-0.00480318,-0.0131011
40,60,1.00031,-0.00698627,-0.0134829
40,61,0.999695,-0.00915382,-0.013866
40,62,0.999057,-0.0113011,-0.0142487
40,63,0.998393,-0.0134233,-0.0146289
40,64,0.9977,-0.0155156,-0.0150048
40,65,0.996976,-0.0175732,-0.0153742
40,66,0.99622,-0.0195912,-0.0157353
40,67,0.99543,-0.0215646,-0.0160858
40,68,0.994608,-0.0234887,-0.0164239
40,69,0.993752,-0.0253584,-0.0167473
40,70,0.992865,-0.0271691,-0.017054
40,71,0.991946,-0.0289158,-0.017342
40,72,0.990998,-0.030594,-0.0176092
40,73,0.990023,-0.0321989,-0.0178536
40,74,0.989024,-0.033726,-0.0180733
40,75,0.988004,-0.0351711,-0.0182664
40,76,0.986966,-0.0365297,-0.018431
40,77,0.985913,-0.0377979,-0.0185654
40,78,0.98485,-0.0389718,-0.0186682
40,79,0.983778,-0.0400477,-0.0187379
40,80,0.982702,-0.0410221,-0.0187732
40,81,0.981626,-0.0418919,-0.0187732
40,82,0.980551,-0.042654,-0.0187372
40,83,0.979481,-0.0433058,-0.0186646
40,84,0.978418,-0.043845,-0.0185551
40,85,0.977365,-0.0442696,-0.0184089
40,86,0.976323,-0.0445779,-0.0182261
40,87,0.975293,-0.0447686,-0.0180073
40,88,0.974277,-0.044841,-0.0177533
40,89,0.973275,-0.0447947,-0.0174653
40,90,0.972288,-0.0446299,-0.0171444
40,91,0.971316,-0.0443475,-0.0167922
40,92,0.970358,-0.0439486,-0.0164103
40,93,0.969416,-0.0434354,-0.0160007
40,94,0.968487,-0.0428106,-0.0155653
40,95,0.967573,-0.0420774,-0.0151062
40,96,0.966672,-0.0412399,-0.0146257
40,97,0.965784,-0.0403028,-0.0141261
40,98,0.96491,-0.0392716,-0.0136097
40,99,0.964048,-0.0381523,-0.013079
40,100,0.963199,-0.0369512,-0.0125363
40,101,0.962363,-0.0356754,-0.011984
40,102,0.96154,-0.0343321,-0.0114247
40,103,0.960731,-0.0329289,-0.0108607
40,104,0.959936,-0.0314739,-0.0102944
40,105,0.959156,-0.0299752,-0.00972827
40,106,0.958393,-0.0284419,-0.0091647
40,107,0.957648,-0.0268838,-0.00860607
40,108,0.956923,-0.0253127,-0.00805476
40,109,0.956218,-0.0237425,-0.00751308
40,110,0.955537,-0.0221905,-0.00698328
40,111,0.95488,-0.0206783,-0.00646746
40,112,0.954251,-0.0192329,-0.00596756
40,113,0.953652,-0.0178866,-0.00548531
40,114,0.953085,-0.0166767,-0.00502226
40,115,0.952552,-0.0156435,-0.00457983
40,116,0.952055,-0.0148262,-0.00415944
40,117,0.951598,-0.014256,-0.00376249
40,118,0.951182,-0.0139444,-0.00339031
40,119,0.95081,-0.0138692,-0.00304339
40,120,0.950483,-0.0139539,-0.0027201
40,121,0.950202,-0.0140463,-0.00241438
40,122,0.949971,-0.0138987,-0.00211264
40,123,0.949788,-0.0131595,-0.00179066
40,124,0.949656,-0.011392,-0.00141369
40,125,0.949575,-0.00813707,-0.000940241
40,126,0.949539,-0.0030295,-0.000336373
40,127,1,-0.00343474,0
41,0,1,0,0
41,1,1.04984,0.00590101,-0.000431236
41,2,1.04972,0.0155591,-0.00124635
41,3,1.0495,0.0218457,-0.00194988
41,4,1.04918,0.0251728,-0.00251295
41,5,1.04877,0.026515,-0.00296229
41,6,1.04827,0.0268517,-0.00334112
41,7,1.04769,0.0268934,-0.00368321
41,8,1.04703,0.0270439,-0.0040062
41,9,1.04628,0.0274735,-0.00431471
41,10,1.04547,0.0282106,-0.00460636
41,11,1.0446,0.0292139,-0.00487705
41,12,1.04366,0.0304161,-0.00512349
41,13,1.04268,0.0317478,-0.00534406
41,14,1.04164,0.0331474,-0.00553847
41,15,1.04056,0.0345648,-0.00570737
41,16,1.03945,0.0359612,-0.00585186
41,17,1.0383,0.0373072,-0.00597329
41,18,1.03712,0.0385805,-0.00607316
41,19,1.03593,0.0397644,-0.00615311
41,20,1.03471,0.0408453,-0.00621497
41,21,1.03349,0.0418125,-0.00626076
41,22,1.03225,0.0426567,-0.00629267
41,23,1.03101,0.0433699,-0.00631308
41,24,1.02977,0.0439454,-0.00632442
41,25,1.02853,0.0443779,-0.0063292
41,26,1.02729,0.044663,-0.00632988
41,27,1.02607,0.0447982,-0.00632885
41,28,1.02486,0.0447819,-0.00632835
41,29,1.02366,0.0446142,-0.00633051
41,30,1.02249,0.0442965,-0.00633723
41,31,1.02133,0.0438313,-0.00635026
41,32,1.0202,0.0432224,-0.00637117
41,33,1.0191,0.0424743,-0.00640136
41,34,1.01803,0.0415925,-0.00644207
41,35,1.01698,0.0405831,-0.00649443
41,36,1.01597,0.0394527,-0.00655942
41,37,1.015,0.038208,-0.00663794
41,38,1.01406,0.0368562,-0.0067308
41,39,1.01315,0.0354046,-0.00683873
41,40,1.01228,0.0338602,-0.00696238
41,41,1.01144,0.0322302,-0.00710234
41,42,1.01064,0.0305215,-0.0072591
41,43,1.00988,0.0287408,-0.0074331
41,44,1.00915,0.0268946,-0.00762466
41,45,1.00844,0.024989,-0.00783402
41,46,1.00777,0.02303,-0.00806129
41,47,1.00713,0.0210232,-0.00830646
41,48,1.00651,0.0189739,-0.00856939
41,49,1.00591,0.0168872,-0.00884978
41,50,1.00533,0.014768,-0.00914717
41,51,1.00477,0.0126208,-0.00946094
41,52,1.00422,0.0104502,-0.0097903
41,53,1.00367,0.0082607,-0.0101343
41,54,1.00314,0.00605647,-0.0104917
41,55,1.0026,0.00384183,-0.0108614
41,56,1.00206,0.00162106,-0.0112417
41,57,1.00151,-0.000601562,-0.0116313
41,58,1.00095,-0.00282169,-0.0120282
41,59,1.00038,-0.00503491,-0.0124307
41,60,0.999787,-0.00723672,-0.0128369
41,61,0.999176,-0.00942253,-0.0132448
41,62,0.998541,-0.0115877,-0.0136522
41,63,0.99788,-0.0137273,-0.0140571
41,64,0.99719,-0.0158366,-0.0144573
41,65,0.996471,-0.0179106,-0.0148507
41,66,0.995721,-0.0199443,-0.015235
41,67,0.994938,-0.0219326,-0.0156081
41,68,0.994124,-0.0238705,-0.0159678
41,69,0.993279,-0.0257528,-0.016312
41,70,0.992403,-0.0275745,-0.0166385
41,71,0.991497,-0.0293306,-0.0169451
41,72,0.990564,-0.0310162,-0.0172298
41,73,0.989606,-0.0326264,-0.0174905
41,74,0.988625,-0.0341566,-0.0177253
41,75,0.987624,-0.0356022,-0.0179323
41,76,0.986607,-0.036959,-0.0181096
41,77,0.985576,-0.0382227,-0.0182556
41,78,0.984535,-0.0393896,-0.0183687
41,79,0.983487,-0.0404559,-0.0184476
41,80,0.982437,-0.0414185,-0.0184911
41,81,0.981386,-0.0422742,-0.0184984
41,82,0.980337,-0.0430204,-0.0184686
41,83,0.979295,-0.0436548,-0.0184014
41,84,0.97826,-0.0441752,-0.0182966
41,85,0.977235,-0.0445803,-0.0181542
41,86,0.976222,-0.0448686,-0.0179746
41,87,0.975222,-0.0450396,-0.0177585
41,88,0.974236,-0.0450928,-0.0175067
41,89,0.973265,-0.0450283,-0.0172203
41,90,0.972309,-0.0448468,-0.0169008
41,91,0.971368,-0.0445495,-0.0165496
41,92,0.970443,-0.0441379,-0.0161686
41,93,0.969533,-0.0436144,-0.0157597
41,94,0.968637,-0.0429817,-0.0153249
41,95,0.967755,-0.0422433,-0.0148664
41,96,0.966886,-0.0414032,-0.0143865
41,97,0.966031,-0.0404659,-0.0138877
41,98,0.965187,-0.0394367,-0.0133722
41,99,0.964356,-0.0383211,-0.0128426
41,100,0.963537,-0.0371253,-0.0123014
41,101,0.96273,-0.0358558,-0.011751
41,102,0.961934,-0.0345193,-0.0111938
41,103,0.961151,-0.033123,-0.0106325
41,104,0.96038,-0.0316743,-0.0100694
41,105,0.959623,-0.0301809,-0.00950704
41,106,0.95888,-0.0286513,-0.00894779
41,107,0.958154,-0.0270951,-0.0083941
41,108,0.957445,-0.0255233,-0.00784838
41,109,0.956755,-0.0239496,-0.007313
41,110,0.956086,-0.0223911,-0.00679023
41,111,0.955441,-0.0208692,-0.00628222
41,112,0.954821,-0.0194105,-0.00579098
41,113,0.954229,-0.0180473,-0.00531828
41,114,0.953668,-0.0168168,-0.00486576
41,115,0.95314,-0.0157589,-0.00443491
41,116,0.952648,-0.0149128,-0.00402722
41,117,0.952194,-0.0143093,-0.0036442
41,118,0.951781,-0.0139606,-0.00328724
41,119,0.951411,-0.0138459,-0.00295691
41,120,0.951085,-0.0138927,-0.00265153
41,121,0.950806,-0.0139559,-0.00236461
41,122,0.950575,-0.0137984,-0.00208173
41,123,0.950393,-0.0130824,-0.00177734
41,124,0.950259,-0.0113831,-0.00141277
41,125,0.950173,-0.00824185,-0.000942886
41,126,0.950137,-0.00325787,-0.000343504
41,127,1,-0.00343474,0
42,0,1,0,0
42,1,1.04916,0.00566969,-0.000443399
42,2,1.04901,0.0152494,-0.00131024
42,3,1.04877,0.0213842,-0.00203512
42,4,1.04844,0.0245695,-0.00259847
42,5,1.04801,0.0258129,-0.00303688
42,6,1.0475,0.0260924,-0.00339988
42,7,1.0469,0.0261011,-0.00372568
42,8,1.04622,0.0262253,-0.00403317
42,9,1.04546,0.0266246,-0.00432658
42,10,1.04463,0.0273239,-0.00460292
42,11,1.04374,0.0282824,-0.00485758
42,12,1.04278,0.0294355,-0.00508702
42,13,1.04177,0.0307162,-0.00528942
42,14,1.04071,0.0320654,-0.00546444
42,15,1.03961,0.0334349,-0.00561267
42,16,1.03848,0.0347871,-0.00573519
42,17,1.03731,0.036094,-0.00583333
42,18,1.03612,0.0373343,-0.00590855
42,19,1.0349,0.0384923,-0.00596252
42,20,1.03367,0.0395554,-0.00599706
42,21,1.03243,0.0405134,-0.00601422
42,22,1.03119,0.0413576,-0.00601625
42,23,1.02994,0.0420802,-0.00600561
42,24,1.0287,0.0426747,-0.00598486
42,25,1.02746,0.0431353,-0.00595667
42,26,1.02623,0.0434576,-0.00592367
42,27,1.02502,0.0436381,-0.00588849
42,28,1.02382,0.0436747,-0.00585362
42,29,1.02264,0.0435668,-0.00582144
42,30,1.02149,0.0433146,-0.00579413
42,31,1.02035,0.04292,-0.00577375
42,32,1.01925,0.0423855,-0.00576213
42,33,1.01817,0.0417149,-0.00576095
42,34,1.01713,0.0409126,-0.00577175
42,35,1.01611,0.0399835,-0.00579588
42,36,1.01513,0.0389334,-0.00583457
42,37,1.01419,0.037768,-0.00588894
42,38,1.01328,0.0364936,-0.00595997
42,39,1.0124,0.0351165,-0.00604855
42,40,1.01156,0.0336429,-0.00615545
42,41,1.01075,0.0320792,-0.00628135
42,42,1.00998,0.0304316,-0.00642682
42,43,1.00924,0.0287062,-0.00659231
42,44,1.00853,0.0269089,-0.00677817
42,45,1.00785,0.0250456,-0.0069846
42,46,1.0072,0.0231219,-0.00721167
42,47,1.00657,0.0211434,-0.00745928
42,48,1.00597,0.0191152,-0.0077272
42,49,1.00538,0.0170428,-0.008015
42,50,1.00481,0.0149311,-0.00832209
42,51,1.00426,0.0127853,-0.00864769
42,52,1.00372,0.0106102,-0.00899083
42,53,1.00318,0.00841089,-0.00935036
42,54,1.00265,0.00619215,-0.00972496
42,55,1.00211,0.00395888,-0.0101131
42,56,1.00158,0.00171598,-0.0105132
42,57,1.00103,-0.000531653,-0.0109234
42,58,1.00048,-0.0027791,-0.0113418
42,59,0.999909,-0.00502141,-0.0117664
42,60,0.999322,-0.00725361,-0.012195
42,61,0.998715,-0.00947067,-0.0126255
42,62,0.998085,-0.0116676,-0.0130556
42,63,0.997429,-0.0138392,-0.013483
42,64,0.996747,-0.0159805,-0.0139054
42,65,0.996035,-0.0180865,-0.0143205
42,66,0.995294,-0.0201519,-0.014726
42,67,0.994523,-0.0221717,-0.0151196
42,68,0.993722,-0.0241409,-0.015499
42,69,0.992891,-0.0260544,-0.0158619
42,70,0.99203,-0.0279074,-0.0162062
42,71,0.991143,-0.0296948,-0.0165296
42,72,0.990229,-0.031412,-0.0168301
42,73,0.989293,-0.0330542,-0.0171055
42,74,0.988335,-0.0346169,-0.0173538
42,75,0.987359,-0.0360956,-0.0175732
42,76,0.986369,-0.0374859,-0.0177618
42,77,0.985366,-0.0387839,-0.017918
42,78,0.984356,-0.0399855,-0.0180403
42,79,0.98334,-0.0410869,-0.0181273
42,80,0.982322,-0.0420847,-0.018178
42,81,0.981304,-0.0429755,-0.0181915
42,82,0.980291,-0.0437563,-0.0181671
42,83,0.979284,-0.0444243,-0.0181044
42,84,0.978285,-0.044977,-0.0180033
42,85,0.977297,-0.0454123,-0.0178639
42,86,0.976321,-0.0457283,-0.0176868
42,87,0.975357,-0.0459238,-0.0174726
42,88,0.974407,-0.0459976,-0.0172222
42,89,0.973472,-0.0459494,-0.0169369
42,90,0.972551,-0.0457792,-0.0166181
42,91,0.971644,-0.0454877,-0.0162674
42,92,0.970752,-0.0450759,-0.0158868
42,93,0.969873,-0.0445459,-0.0154781
42,94,0.969007,-0.0439002,-0.0150435
42,95,0.968154,-0.0431421,-0.0145854
42,96,0.967313,-0.0422755,-0.014106
42,97,0.966483,-0.0413053,-0.0136078
42,98,0.965663,-0.0402367,-0.0130933
42,99,0.964855,-0.0390758,-0.0125651
42,100,0.964056,-0.0378291,-0.0120256
42,101,0.963268,-0.0365037,-0.0114773
42,102,0.962489,-0.0351069,-0.010923
42,103,0.961722,-0.0336464,-0.0103649
42,104,0.960965,-0.0321303,-0.00980577
42,105,0.960221,-0.0305669,-0.00924796
42,106,0.95949,-0.0289653,-0.00869398
42,107,0.958774,-0.0273355,-0.00814629
42,108,0.958074,-0.0256892,-0.00760733
42,109,0.957392,-0.0240408,-0.00707949
42,110,0.95673,-0.0224076,-0.00656508
42,111,0.95609,-0.0208118,-0.00606631
42,112,0.955475,-0.0192805,-0.0055852
42,113,0.954887,-0.0178466,-0.00512361
42,114,0.954329,-0.0165477,-0.00468321
42,115,0.953803,-0.0154244,-0.00426555
42,116,0.953312,-0.0145159,-0.00387218
42,117,0.952859,-0.0138531,-0.0035047
42,118,0.952446,-0.0134488,-0.00316456
42,119,0.952075,-0.0132832,-0.00285238
42,120,0.951749,-0.0132869,-0.0025664
42,121,0.951469,-0.0133205,-0.0022999
42,122,0.951236,-0.0131562,-0.00203755
42,123,0.951053,-0.0124678,-0.0017518
42,124,0.950918,-0.0108416,-0.00140274
42,125,0.950834,-0.00781832,-0.000943393
42,126,0.950794,-0.00296039,-0.000339167
42,127,1,-0.00343474,0
43,0,1,0,0
43,1,1.04839,0.00591658,-0.000472768
43,2,1.04825,0.0154284,-0.00137024
43,3,1.048,0.0214208,-0.00211763
43,4,1.04765,0.0244856,-0.00268239
43,5,1.04722,0.0256679,-0.00310905
43,6,1.0467,0.0259426,-0.00345692
43,7,1.04609,0.0259835,-0.00376777
43,8,1.0454,0.0261585,-0.00406116
43,9,1.04463,0.0266158,-0.00434091
43,10,1.04379,0.0273757,-0.00460338
43,11,1.04288,0.0283964,-0.00484347
43,12,1.04192,0.0296133,-0.00505731
43,13,1.0409,0.0309597,-0.00524295
43,14,1.03984,0.0323757,-0.00539995
43,15,1.03874,0.033812,-0.00552884
43,16,1.0376,0.0352299,-0.00563065
43,17,1.03643,0.0365998,-0.0057067
43,18,1.03523,0.0378993,-0.00575844
43,19,1.03402,0.0391114,-0.00578751
43,20,1.03279,0.040223,-0.00579575
43,21,1.03156,0.041223,-0.00578524
43,22,1.03031,0.0421025,-0.0057583
43,23,1.02907,0.0428535,-0.00571746
43,24,1.02783,0.0434693,-0.00566542
43,25,1.0266,0.0439444,-0.00560499
43,26,1.02538,0.0442744,-0.00553903
43,27,1.02417,0.0444561,-0.00547035
43,28,1.02298,0.0444878,-0.00540171
43,29,1.02181,0.044369,-0.00533574
43,30,1.02067,0.0441005,-0.00527492
43,31,1.01955,0.0436844,-0.00522159
43,32,1.01845,0.0431237,-0.00517786
43,33,1.01739,0.0424227,-0.00514571
43,34,1.01636,0.0415863,-0.00512691
43,35,1.01536,0.0406199,-0.0051231
43,36,1.01439,0.0395296,-0.00513574
43,37,1.01346,0.0383221,-0.00516613
43,38,1.01257,0.0370038,-0.00521544
43,39,1.01171,0.0355818,-0.00528471
43,40,1.01089,0.034063,-0.00537483
43,41,1.0101,0.0324541,-0.00548657
43,42,1.00934,0.030762,-0.00562056
43,43,1.00861,0.0289932,-0.00577727
43,44,1.00792,0.0271542,-0.00595703
43,45,1.00726,0.0252511,-0.00616002
43,46,1.00662,0.0232898,-0.00638626
43,47,1.00601,0.0212761,-0.00663556
43,48,1.00542,0.0192154,-0.00690759
43,49,1.00485,0.017113,-0.00720179
43,50,1.00429,0.0149739,-0.00751742
43,51,1.00375,0.0128031,-0.00785356
43,52,1.00322,0.0106053,-0.00820907
43,53,1.0027,0.00838527,-0.00858261
43,54,1.00217,0.00614762,-0.0089727
43,55,1.00165,0.00389697,-0.00937763
43,56,1.00112,0.00163793,-0.00979556
43,57,1.00059,-0.000624851,-0.0102245
43,58,1.00004,-0.00288669,-0.0106624
43,59,0.999482,-0.00514284,-0.0111069
43,60,0.998904,-0.00738847,-0.0115558
43,61,0.998306,-0.00961869,-0.0120067
43,62,0.997686,-0.0118285,-0.0124573
43,63,0.99704,-0.0140129,-0.012905
43,64,0.996369,-0.0161668,-0.0133474
43,65,0.995669,-0.0182849,-0.0137821
43,66,0.994941,-0.0203621,-0.0142066
43,67,0.994184,-0.0223932,-0.0146186
43,68,0.993397,-0.0243729,-0.0150157
43,69,0.992582,-0.0262961,-0.0153955
43,70,0.991739,-0.0281575,-0.0157558
43,71,0.99087,-0.0299522,-0.0160943
43,72,0.989977,-0.031675,-0.0164089
43,73,0.98906,-0.0333211,-0.0166974
43,74,0.988125,-0.0348857,-0.0169579
43,75,0.987172,-0.0363643,-0.0171884
43,76,0.986204,-0.0377523,-0.0173871
43,77,0.985226,-0.0390457,-0.0175525
43,78,0.98424,-0.0402405,-0.017683
43,79,0.98325,-0.0413329,-0.0177773
43,80,0.982258,-0.0423196,-0.0178344
43,81,0.981267,-0.0431973,-0.0178535
43,82,0.98028,-0.0439632,-0.0178338
43,83,0.9793,-0.0446149,-0.0177751
43,84,0.978329,-0.0451503,-0.0176774
43,85,0.977368,-0.0455675,-0.0175407
43,86,0.97642,-0.0458653,-0.0173658
43,87,0.975485,-0.0460426,-0.0171532
43,88,0.974564,-0.0460991,-0.0169041
43,89,0.973658,-0.0460347,-0.0166197
43,90,0.972766,-0.0458498,-0.0163015
43,91,0.97189,-0.0455456,-0.0159512
43,92,0.971028,-0.0451235,-0.0155708
43,93,0.97018,-0.0445857,-0.0151622
43,94,0.969345,-0.0439349,-0.0147279
43,95,0.968522,-0.0431745,-0.01427
43,96,0.967712,-0.0423084,-0.013791
43,97,0.966912,-0.0413413,-0.0132934
43,98,0.966123,-0.0402782,-0.0127798
43,99,0.965344,-0.0391247,-0.0122528
43,100,0.964574,-0.0378872,-0.0117151
43,101,0.963812,-0.0365719,-0.0111691
43,102,0.96306,-0.0351859,-0.0106175
43,103,0.962317,-0.0337361,-0.0100629
43,104,0.961583,-0.0322301,-0.00950791
43,105,0.960859,-0.0306757,-0.00895499
43,106,0.960147,-0.0290814,-0.00840668
43,107,0.959447,-0.0274567,-0.00786549
43,108,0.958762,-0.0258129,-0.0073339
43,109,0.958092,-0.0241637,-0.00681433
43,110,0.95744,-0.0225265,-0.00630914
43,111,0.956809,-0.0209229,-0.00582055
43,112,0.9562,-0.0193801,-0.00535067
43,113,0.955617,-0.0179307,-0.00490138
43,114,0.955062,-0.0166122,-0.00447439
43,115,0.954538,-0.0154648,-0.00407133
43,116,0.954048,-0.0145276,-0.00369378
43,117,0.953595,-0.0138314,-0.00334337
43,118,0.953181,-0.0133892,-0.00302159
43,119,0.952809,-0.0131833,-0.00272909
43,120,0.952481,-0.0131483,-0.00246404
43,121,0.952198,-0.0131526,-0.00221934
43,122,0.951964,-0.0129803,-0.00197893
43,123,0.951777,-0.0123205,-0.0017141
43,124,0.951639,-0.0107729,-0.00138144
43,125,0.951548,-0.00787692,-0.000931301
43,126,0.951505,-0.00315052,-0.000339991
43,127,1,-0.00343474,0
44,0,1,0,0
44,1,1.0475,0.0057308,-0.00048381
44,2,1.04732,0.0151491,-0.00142973
44,3,1.04705,0.020946,-0.00219692
44,4,1.04669,0.0238362,-0.00276134
44,5,1.04624,0.0249055,-0.00317776
44,6,1.0457,0.0251199,-0.00351171
44,7,1.04507,0.0251283,-0.00380879
44,8,1.04436,0.025277,-0.00408932
44,9,1.04358,0.0257027,-0.00435653
44,10,1.04272,0.026422,-0.00460616
44,11,1.04179,0.0273943,-0.00483268
44,12,1.04081,0.0285579,-0.00503197
44,13,1.03977,0.0298488,-0.00520194
44,14,1.03868,0.0312097,-0.00534207
44,15,1.03756,0.0325933,-0.00545286
44,16,1.0364,0.0339621,-0.00553529
44,17,1.03521,0.035288,-0.00559064
44,18,1.03401,0.0365499,-0.00562035
44,19,1.03278,0.0377318,-0.00562604
44,20,1.03155,0.0388214,-0.00560954
44,21,1.0303,0.0398087,-0.00557295
44,22,1.02906,0.0406852,-0.00551863
44,23,1.02782,0.0414434,-0.00544917
44,24,1.02659,0.0420767,-0.00536739
44,25,1.02537,0.0425793,-0.00527623
44,26,1.02416,0.0429467,-0.00517871
44,27,1.02297,0.0431749,-0.00507787
44,28,1.02181,0.0432616,-0.00497667
44,29,1.02066,0.0432053,-0.00487803
44,30,1.01955,0.0430061,-0.00478467
44,31,1.01846,0.0426648,-0.00469921
44,32,1.0174,0.0421836,-0.00462406
44,33,1.01637,0.0415654,-0.00456146
44,34,1.01538,0.0408142,-0.00451346
44,35,1.01442,0.0399342,-0.00448193
44,36,1.01349,0.0389307,-0.00446858
44,37,1.0126,0.037809,-0.00447491
44,38,1.01174,0.0365749,-0.00450229
44,39,1.01092,0.0352341,-0.00455189
44,40,1.01013,0.0337929,-0.00462475
44,41,1.00938,0.0322572,-0.00472171
44,42,1.00866,0.030633,-0.00484346
44,43,1.00796,0.0289265,-0.00499051
44,44,1.0073,0.0271433,-0.00516321
44,45,1.00666,0.0252895,-0.0053617
44,46,1.00605,0.0233706,-0.00558594
44,47,1.00546,0.0213923,-0.00583568
44,48,1.00489,0.01936,-0.00611047
44,49,1.00434,0.0172792,-0.00640964
44,50,1.00381,0.0151552,-0.00673232
44,51,1.00328,0.0129933,-0.00707743
44,52,1.00276,0.0107988,-0.00744366
44,53,1.00225,0.00857675,-0.00782951
44,54,1.00174,0.00633248,-0.0082333
44,55,1.00123,0.00407116,-0.00865314
44,56,1.00072,0.00179797,-0.00908702
44,57,1.00019,-0.000481861,-0.00953275
44,58,0.999658,-0.00276312,-0.00998803
44,59,0.999109,-0.00504056,-0.0104505
44,60,0.998543,-0.00730893,-0.0109176
44,61,0.997957,-0.00956296,-0.0113869
44,62,0.997349,-0.0117974,-0.0118559
44,63,0.996717,-0.0140069,-0.0123218
44,64,0.996059,-0.0161863,-0.0127822
44,65,0.995375,-0.0183303,-0.0132345
44,66,0.994663,-0.0204337,-0.0136762
44,67,0.993923,-0.0224912,-0.0141047
44,68,0.993155,-0.0244978,-0.0145177
44,69,0.99236,-0.0264484,-0.0149127
44,70,0.991538,-0.0283378,-0.0152874
44,71,0.990692,-0.0301612,-0.0156395
44,72,0.989822,-0.0319138,-0.0159668
44,73,0.988931,-0.0335907,-0.0162672
44,74,0.988022,-0.0351874,-0.0165386
44,75,0.987097,-0.0366994,-0.0167791
44,76,0.986159,-0.0381222,-0.016987
44,77,0.985212,-0.0394517,-0.0171607
44,78,0.984258,-0.0406839,-0.0172985
44,79,0.9833,-0.0418148,-0.0173994
44,80,0.982342,-0.0428408,-0.0174621
44,81,0.981386,-0.0437585,-0.017486
44,82,0.980434,-0.0445647,-0.0174705
44,83,0.97949,-0.0452563,-0.0174152
44,84,0.978555,-0.0458308,-0.0173202
44,85,0.977631,-0.0462858,-0.0171857
44,86,0.97672,-0.0466193,-0.0170123
44,87,0.975821,-0.0468296,-0.0168008
44,88,0.974936,-0.0469156,-0.0165523
44,89,0.974065,-0.0468767,-0.0162682
44,90,0.973209,-0.0467125,-0.0159501
44,91,0.972366,-0.0464235,-0.0155997
44,92,0.971536,-0.0460107,-0.015219
44,93,0.970719,-0.0454758,-0.0148102
44,94,0.969914,-0.0448212,-0.0143756
44,95,0.96912,-0.04405,-0.0139176
44,96,0.968336,-0.043166,-0.0134387
44,97,0.967562,-0.0421739,-0.0129415
44,98,0.966796,-0.041079,-0.0124287
44,99,0.966038,-0.0398872,-0.011903
44,100,0.965287,-0.038605,-0.011367
44,101,0.964544,-0.0372395,-0.0108234
44,102,0.963808,-0.0357981,-0.0102749
44,103,0.963079,-0.0342886,-0.00972413
44,104,0.962358,-0.032719,-0.00917371
44,105,0.961646,-0.0310977,-0.00862623
44,106,0.960943,-0.0294339,-0.00808426
44,107,0.960251,-0.0277377,-0.00755034
44,108,0.959572,-0.0260209,-0.00702698
44,109,0.958908,-0.0242979,-0.00651665
44,110,0.958261,-0.0225865,-0.00602172
44,111,0.957632,-0.020909,-0.00554448
44,112,0.957025,-0.0192931,-0.00508704
44,113,0.956443,-0.0177719,-0.00465135
44,114,0.955888,-0.0163835,-0.00423915
44,115,0.955363,-0.0151686,-0.0038521
44,116,0.954871,-0.0141664,-0.00349181
44,117,0.954415,-0.0134078,-0.00315992
44,118,0.953998,-0.0129065,-0.00285797
44,119,0.953622,-0.0126458,-0.00258658
44,120,0.95329,-0.0125639,-0.00234385
44,121,0.953003,-0.0125356,-0.00212248
44,122,0.952764,-0.0123557,-0.00190561
44,123,0.952573,-0.0117269,-0.00166276
44,124,0.952431,-0.0102608,-0.00134967
44,125,0.952337,-0.00749401,-0.000915608
44,126,0.952288,-0.00289706,-0.000329124
44,127,1,-0.00343474,0
45,0,1,0,0
45,1,1.04647,0.00596757,-0.000510775
45,2,1.04629,0.0153035,-0.00148515
45,3,1.04601,0.0209136,-0.00227242
45,4,1.04564,0.0236508,-0.00283752
45,5,1.04518,0.0246447,-0.00324357
45,6,1.04463,0.0248505,-0.00356502
45,7,1.04399,0.02489,-0.00385023
45,8,1.04326,0.0250879,-0.0041197
45,9,1.04246,0.0255686,-0.00437609
45,10,1.04159,0.0263447,-0.0046145
45,11,1.04066,0.027375,-0.00482896
45,12,1.03967,0.0285987,-0.00501513
45,13,1.03863,0.0299522,-0.00517076
45,14,1.03754,0.0313778,-0.00529527
45,15,1.03642,0.0328272,-0.00538909
45,16,1.03526,0.0342617,-0.00545318
45,17,1.03408,0.0356518,-0.00548877
45,18,1.03287,0.0369751,-0.0054973
45,19,1.03166,0.0382145,-0.00548037
45,20,1.03043,0.0393567,-0.00543982
45,21,1.0292,0.0403911,-0.00537779
45,22,1.02797,0.0413087,-0.00529667
45,23,1.02674,0.0421016,-0.00519916
45,24,1.02553,0.0427631,-0.00508816
45,25,1.02432,0.0432875,-0.00496679
45,26,1.02313,0.04367,-0.00483822
45,27,1.02196,0.0439072,-0.00470571
45,28,1.02082,0.0439969,-0.00457247
45,29,1.01969,0.0439378,-0.00444163
45,30,1.0186,0.0437303,-0.00431622
45,31,1.01753,0.0433758,-0.00419911
45,32,1.0165,0.0428766,-0.00409298
45,33,1.01549,0.0422364,-0.00400035
45,34,1.01452,0.0414592,-0.00392353
45,35,1.01359,0.0405501,-0.00386464
45,36,1.01268,0.0395147,-0.00382559
45,37,1.01182,0.0383589,-0.00380811
45,38,1.01098,0.0370889,-0.00381371
45,39,1.01019,0.0357113,-0.00384374
45,40,1.00942,0.0342327,-0.00389932
45,41,1.00869,0.0326596,-0.00398139
45,42,1.00799,0.0309986,-0.0040907
45,43,1.00732,0.0292563,-0.00422779
45,44,1.00668,0.0274389,-0.00439297
45,45,1.00606,0.0255526,-0.00458638
45,46,1.00548,0.0236033,-0.00480791
45,47,1.00491,0.021597,-0.00505722
45,48,1.00436,0.0195391,-0.00533378
45,49,1.00383,0.0174351,-0.00563679
45,50,1.00331,0.0152904,-0.00596525
45,51,1.00281,0.0131101,-0.00631791
45,52,1.00231,0.0108993,-0.00669333
45,53,1.00182,0.00866287,-0.00708983
45,54,1.00133,0.00640586,-0.00750556
45,55,1.00083,0.00413315,-0.00793846
45,56,1.00033,0.00184967,-0.00838634
45,57,0.999828,-0.00043964,-0.00884685
45,58,0.99931,-0.00272981,-0.00931753
45,59,0.998778,-0.00501582,-0.00979582
45,60,0.998228,-0.00729259,-0.0102791
45,61,0.997659,-0.00955501,-0.0107647
45,62,0.997068,-0.0117979,-0.0112499
45,63,0.996454,-0.014016,-0.0117321
45,64,0.995814,-0.016204,-0.0122085
45,65,0.995148,-0.0183567,-0.0126765
45,66,0.994455,-0.0204688,-0.0131334
45,67,0.993735,-0.0225349,-0.0135768
45,68,0.992988,-0.0245497,-0.014004
45,69,0.992214,-0.0265079,-0.0144126
45,70,0.991415,-0.0284044,-0.0148002
45,71,0.990591,-0.030234,-0.0151645
45,72,0.989744,-0.0319916,-0.0155033
45,73,0.988877,-0.0336722,-0.0158144
45,74,0.987993,-0.0352711,-0.0160958
45,75,0.987092,-0.0367835,-0.0163455
45,76,0.98618,-0.038205,-0.0165617
45,77,0.985258,-0.0395312,-0.0167428
45,78,0.984329,-0.0407581,-0.0168874
45,79,0.983398,-0.0418818,-0.0169943
45,80,0.982465,-0.0428987,-0.0170622
45,81,0.981536,-0.0438054,-0.0170906
45,82,0.980611,-0.0445991,-0.0170789
45,83,0.979693,-0.045277,-0.0170268
45,84,0.978785,-0.0458367,-0.0169343
45,85,0.977888,-0.0462764,-0.0168018
45,86,0.977004,-0.0465943,-0.0166299
45,87,0.976133,-0.0467895,-0.0164195
45,88,0.975276,-0.0468611,-0.0161717
45,89,0.974433,-0.046809,-0.0158879
45,90,0.973605,-0.0466333,-0.0155697
45,91,0.972792,-0.046335,-0.0152192
45,92,0.971992,-0.0459153,-0.0148382
45,93,0.971205,-0.0453763,-0.014429
45,94,0.970431,-0.0447204,-0.0139941
45,95,0.969667,-0.043951,-0.0135359
45,96,0.968914,-0.0430718,-0.013057
45,97,0.96817,-0.0420874,-0.0125601
45,98,0.967434,-0.0410026,-0.0120479
45,99,0.966706,-0.0398232,-0.0115232
45,100,0.965984,-0.0385552,-0.0109888
45,101,0.965268,-0.0372052,-0.0104474
45,102,0.964558,-0.0357798,-0.00990181
45,103,0.963854,-0.0342863,-0.00935471
45,104,0.963156,-0.0327321,-0.00880881
45,105,0.962465,-0.031125,-0.00826676
45,106,0.961781,-0.0294734,-0.0077312
45,107,0.961106,-0.027787,-0.0072047
45,108,0.960441,-0.026077,-0.00668983
45,109,0.959789,-0.0243573,-0.00618909
45,110,0.959151,-0.0226454,-0.00570492
45,111,0.95853,-0.0209633,-0.00523962
45,112,0.957928,-0.0193384,-0.00479537
45,113,0.957348,-0.0178039,-0.00437414
45,114,0.956794,-0.0163975,-0.00397774
45,115,0.956269,-0.0151597,-0.00360781
45,116,0.955775,-0.0141295,-0.003266
45,117,0.955317,-0.0133379,-0.00295396
45,118,0.954896,-0.0127989,-0.00267318
45,119,0.954516,-0.0124975,-0.00242427
45,120,0.954179,-0.0123764,-0.00220526
45,121,0.953888,-0.0123189,-0.0020085
45,122,0.953643,-0.0121327,-0.00181652
45,123,0.953446,-0.0115371,-0.00159789
45,124,0.953297,-0.0101577,-0.00130544
45,125,0.953195,-0.00752707,-0.000886872
45,126,0.95314,-0.00305962,-0.000322817
45,127,1,-0.00343474,0
46,0,1,0,0
46,1,1.04526,0.00582628,-0.000521529
46,2,1.04506,0.0150553,-0.00153979
46,3,1.04476,0.0204293,-0.00234359
46,4,1.04438,0.0229643,-0.0029077
46,5,1.0439,0.0238352,-0.00330526
46,6,1.04333,0.0239801,-0.00361599
46,7,1.04267,0.0239889,-0.00389101
46,8,1.04193,0.0241614,-0.00415098
46,9,1.04112,0.02461,-0.00439787
46,10,1.04023,0.025344,-0.00462619
46,11,1.03928,0.026324,-0.00482961
46,12,1.03827,0.027492,-0.00500359
46,13,1.03721,0.0287876,-0.0051458
46,14,1.0361,0.0301555,-0.00525559
46,15,1.03496,0.0315494,-0.00533335
46,16,1.03379,0.0329323,-0.00538004
46,17,1.0326,0.0342758,-0.00539685
46,18,1.03139,0.0355589,-0.00538522
46,19,1.03017,0.0367656,-0.00534674
46,20,1.02894,0.0378837,-0.00528328
46,21,1.02772,0.0389035,-0.00519697
46,22,1.02649,0.0398165,-0.00509028
46,23,1.02528,0.0406156,-0.00496596
46,24,1.02408,0.0412941,-0.00482702
46,25,1.0229,0.0418461,-0.0046767
46,26,1.02174,0.0422668,-0.00451834
46,27,1.0206,0.0425519,-0.00435539
46,28,1.01948,0.0426986,-0.00419126
46,29,1.0184,0.0427049,-0.00402933
46,30,1.01734,0.04257,-0.00387287
46,31,1.01632,0.0422941,-0.003725
46,32,1.01532,0.0418788,-0.00358869
46,33,1.01437,0.0413261,-0.00346671
46,34,1.01344,0.0406393,-0.0033616
46,35,1.01255,0.0398222,-0.00327573
46,36,1.0117,0.0388792,-0.00321122
46,37,1.01088,0.0378152,-0.00317
46,38,1.01009,0.0366355,-0.00315376
46,39,1.00934,0.0353455,-0.00316397
46,40,1.00862,0.0339509,-0.00320189
46,41,1.00793,0.0324575,-0.00326855
46,42,1.00727,0.0308712,-0.00336473
46,43,1.00663,0.0291978,-0.00349102
46,44,1.00603,0.0274432,-0.00364773
46,45,1.00545,0.0256132,-0.00383497
46,46,1.00489,0.0237135,-0.00405258
46,47,1.00436,0.0217499,-0.00430017
46,48,1.00384,0.0197279,-0.00457709
46,49,1.00333,0.0176532,-0.00488244
46,50,1.00284,0.0155313,-0.00521509
46,51,1.00236,0.0133677,-0.00557366
46,52,1.00189,0.011168,-0.00595653
46,53,1.00142,0.00893754,-0.0063619
46,54,1.00095,0.00668188,-0.00678772
46,55,1.00047,0.00440645,-0.0072318
46,56,0.999995,0.00211671,-0.00769177
46,57,0.999508,-0.000181876,-0.00816511
46,58,0.999009,-0.00248385,-0.00864922
46,59,0.998496,-0.00478376,-0.00914139
46,60,0.997966,-0.00707614,-0.00963885
46,61,0.997416,-0.00935556,-0.0101388
46,62,0.996846,-0.0116166,-0.0106385
46,63,0.996252,-0.0138538,-0.011135
46,64,0.995633,-0.0160619,-0.0116256
46,65,0.994989,-0.0182354,-0.0121075
46,66,0.994318,-0.0203691,-0.0125781
46,67,0.993621,-0.0224577,-0.0130347
46,68,0.992897,-0.024496,-0.0134747
46,69,0.992147,-0.026479,-0.0138955
46,70,0.991373,-0.0284014,-0.0142949
46,71,0.990575,-0.0302584,-0.0146703
46,72,0.989756,-0.032045,-0.0150196
46,73,0.988917,-0.0337565,-0.0153405
46,74,0.988061,-0.0353881,-0.015631
46,75,0.98719,-0.0369354,-0.0158891
46,76,0.986309,-0.0383937,-0.016113
46,77,0.985418,-0.0397589,-0.0163011
46,78,0.984523,-0.0410267,-0.016452
46,79,0.983624,-0.0421932,-0.0165643
46,80,0.982726,-0.0432545,-0.0166371
46,81,0.981832,-0.044207,-0.0166696
46,82,0.980942,-0.0450473,-0.0166613
46,83,0.980061,-0.0457721,-0.016612
46,84,0.979189,-0.0463787,-0.0165217
46,85,0.978329,-0.0468644,-0.0163909
46,86,0.977482,-0.0472268,-0.01622
46,87,0.976647,-0.0474643,-0.0160102
46,88,0.975827,-0.0475752,-0.0157626
46,89,0.97502,-0.0475586,-0.0154787
46,90,0.974228,-0.0474139,-0.0151601
46,91,0.973448,-0.0471414,-0.0148089
46,92,0.972682,-0.0467417,-0.0144272
46,93,0.971927,-0.0462161,-0.0140172
46,94,0.971183,-0.0455669,-0.0135816
46,95,0.970449,-0.0447969,-0.0131227
46,96,0.969723,-0.0439097,-0.0126434
46,97,0.969005,-0.0429098,-0.0121464
46,98,0.968294,-0.0418022,-0.0116346
46,99,0.967588,-0.0405928,-0.0111108
46,100,0.966887,-0.039288,-0.0105778
46,101,0.96619,-0.0378948,-0.0100385
46,102,0.965497,-0.0364206,-0.00949581
46,103,0.964809,-0.0348731,-0.00895247
46,104,0.964124,-0.0332603,-0.00841125
46,105,0.963445,-0.0315907,-0.00787487
46,106,0.962771,-0.0298735,-0.00734603
46,107,0.962104,-0.0281188,-0.00682738
46,108,0.961446,-0.0263386,-0.0063215
46,109,0.960799,-0.0245472,-0.00583097
46,110,0.960165,-0.0227627,-0.00535824
46,111,0.959546,-0.0210077,-0.00490569
46,112,0.958945,-0.0193102,-0.00447551
46,113,0.958365,-0.0177038,-0.00406972
46,114,0.957809,-0.0162269,-0.00369015
46,115,0.957281,-0.0149204,-0.00333848
46,116,0.956783,-0.0138235,-0.00301635
46,117,0.95632,-0.0129674,-0.00272537
46,118,0.955894,-0.0123664,-0.00246701
46,119,0.955507,-0.0120073,-0.00224184
46,120,0.955164,-0.0118361,-0.00204778
46,121,0.954865,-0.0117434,-0.001877
46,122,0.954613,-0.0115488,-0.00171139
46,123,0.954409,-0.0109866,-0.00151805
46,124,0.954253,-0.00969479,-0.00124944
46,125,0.954145,-0.00719945,-0.000853137
46,126,0.954081,-0.00285436,-0.00030476
46,127,1,-0.00343474,0
47,0,1,0,0
47,1,1.04387,0.00605187,-0.000546994
47,2,1.04367,0.0151823,-0.00158987
47,3,1.04337,0.0203298,-0.00240944
47,4,1.04297,0.0226856,-0.00297341
47,5,1.04249,0.0234714,-0.00336291
47,6,1.04191,0.0236061,-0.00366488
47,7,1.04124,0.023646,-0.00393198
47,8,1.04049,0.0238664,-0.00418449
47,9,1.03967,0.0243675,-0.00442369
47,10,1.03877,0.025155,-0.00464352
47,11,1.03782,0.0261899,-0.00483732
47,12,1.03681,0.0274154,-0.00500037
47,13,1.03575,0.0287717,-0.00513027
47,14,1.03465,0.0302035,-0.00522631
47,15,1.03352,0.0316635,-0.00528885
47,16,1.03236,0.0331136,-0.00531882
47,17,1.03118,0.034524,-0.00531744
47,18,1.02998,0.0358723,-0.00528613
47,19,1.02878,0.0371414,-0.00522651
47,20,1.02757,0.038318,-0.00514048
47,21,1.02637,0.0393915,-0.00503022
47,22,1.02517,0.0403529,-0.00489826
47,23,1.02398,0.0411944,-0.00474744
47,24,1.02281,0.0419092,-0.00458089
47,25,1.02166,0.0424914,-0.00440197
47,26,1.02052,0.0429358,-0.00421422
47,27,1.01941,0.0432386,-0.00402125
47,28,1.01833,0.0433968,-0.00382671
47,29,1.01728,0.0434088,-0.0036342
47,30,1.01625,0.0432741,-0.00344722
47,31,1.01526,0.0429933,-0.00326916
47,32,1.0143,0.0425683,-0.00310323
47,33,1.01338,0.0420016,-0.00295242
47,34,1.01248,0.0412969,-0.00281954
47,35,1.01163,0.0404584,-0.00270717
47,36,1.0108,0.0394913,-0.00261763
47,37,1.01001,0.0384008,-0.00255303
47,38,1.00926,0.0371928,-0.00251521
47,39,1.00854,0.0358733,-0.00250579
47,40,1.00785,0.0344487,-0.00252612
47,41,1.00719,0.0329252,-0.00257731
47,42,1.00656,0.0313093,-0.0026602
47,43,1.00596,0.0296073,-0.00277538
47,44,1.00538,0.0278254,-0.00292318
47,45,1.00483,0.0259699,-0.00310367
47,46,1.0043,0.0240467,-0.00331663
47,47,1.0038,0.0220617,-0.00356161
47,48,1.00331,0.0200208,-0.00383785
47,49,1.00283,0.0179294,-0.00414437
47,50,1.00237,0.0157932,-0.0044799
47,51,1.00191,0.0136175,-0.00484292
47,52,1.00147,0.0114076,-0.0052317
47,53,1.00102,0.00916869,-0.00564427
47,54,1.00058,0.00690607,-0.00607844
47,55,1.00013,0.00462486,-0.00653187
47,56,0.999677,0.00233023,-0.00700204
47,57,0.999214,2.73433e-05,-0.00748631
47,58,0.99874,-0.00227861,-0.00798191
47,59,0.998252,-0.00458241,-0.00848601
47,60,0.997746,-0.00687881,-0.00899574
47,61,0.99722,-0.00916253,-0.00950817
47,62,0.996674,-0.0114283,-0.0100204
47,63,0.996104,-0.0136707,-0.0105295
47,64,0.995509,-0.0158844,-0.0110326
47,65,0.994889,-0.018064,-0.0115269
47,66,0.994243,-0.0202042,-0.0120096
47,67,0.99357,-0.0222996,-0.012478
47,68,0.992871,-0.0243448,-0.0129294
47,69,0.992147,-0.0263346,-0.0133613
47,70,0.991398,-0.0282636,-0.0137713
47,71,0.990625,-0.0301267,-0.0141568
47,72,0.989832,-0.0319187,-0.0145157
47,73,0.989018,-0.0336347,-0.0148456
47,74,0.988188,-0.0352697,-0.0151445
47,75,0.987344,-0.0368189,-0.0154104
47,76,0.986488,-0.0382777,-0.0156416
47,77,0.985624,-0.0396417,-0.0158363
47,78,0.984755,-0.0409067,-0.0159931
47,79,0.983882,-0.0420685,-0.0161107
47,80,0.98301,-0.0431235,-0.0161881
47,81,0.982142,-0.044068,-0.0162246
47,82,0.981278,-0.0448989,-0.0162197
47,83,0.980423,-0.0456132,-0.0161732
47,84,0.979578,-0.0462083,-0.0160852
47,85,0.978744,-0.046682,-0.015956
47,86,0.977923,-0.0470324,-0.0157864
47,87,0.977116,-0.0472582,-0.0155773
47,88,0.976323,-0.0473583,-0.01533
47,89,0.975545,-0.0473322,-0.0150461
47,90,0.974781,-0.04718,-0.0147272
47,91,0.974031,-0.046902,-0.0143755
47,92,0.973294,-0.0464995,-0.0139931
47,93,0.97257,-0.0459742,-0.0135824
47,94,0.971857,-0.0453284,-0.0131459
47,95,0.971155,-0.044565,-0.0126864
47,96,0.970461,-0.0436877,-0.0122066
47,97,0.969775,-0.0427008,-0.0117093
47,98,0.969096,-0.0416091,-0.0111976
47,99,0.968422,-0.0404182,-0.0106743
47,100,0.967752,-0.0391338,-0.0101424
47,101,0.967086,-0.0377625,-0.00960493
47,102,0.966422,-0.036311,-0.00906475
47,103,0.965761,-0.0347863,-0.00852477
47,104,0.965102,-0.0331957,-0.00798787
47,105,0.964446,-0.031547,-0.00745683
47,106,0.963794,-0.0298486,-0.00693443
47,107,0.963147,-0.02811,-0.00642339
47,108,0.962506,-0.0263426,-0.00592638
47,109,0.961872,-0.0245602,-0.005446
47,110,0.961249,-0.0227804,-0.00498478
47,111,0.960638,-0.0210255,-0.00454515
47,112,0.960044,-0.0193232,-0.00412936
47,113,0.959467,-0.0177069,-0.00373947
47,114,0.958913,-0.0162149,-0.00337734
47,115,0.958384,-0.014888,-0.00304468
47,116,0.957884,-0.013765,-0.00274309
47,117,0.957417,-0.0128773,-0.00247417
47,118,0.956986,-0.0122395,-0.0022393
47,119,0.956593,-0.0118404,-0.00203899
47,120,0.956243,-0.0116304,-0.00187106
47,121,0.955937,-0.011509,-0.00172737
47,122,0.955677,-0.0113096,-0.00158936
47,123,0.955465,-0.0107842,-0.00142347
47,124,0.955299,-0.00958474,-0.00117994
47,125,0.955181,-0.00722874,-0.000805985
47,126,0.955109,-0.0030003,-0.000290598
47,127,1,-0.00343474,0
48,0,1,0,0
48,1,1.04226,0.00594595,-0.000558057
48,2,1.04204,0.0149518,-0.00163841
48,3,1.04173,0.019829,-0.00246929
48,4,1.04133,0.0219633,-0.00303139
48,5,1.04083,0.0226218,-0.00341498
48,6,1.04024,0.0226981,-0.00371036
48,7,1.03956,0.0227106,-0.00397148
48,8,1.0388,0.0229078,-0.00421821
48,9,1.03797,0.0233777,-0.00445106
48,10,1.03706,0.0241235,-0.00466344
48,11,1.03609,0.0251081,-0.00484846
48,12,1.03507,0.026278,-0.0050013
48,13,1.03401,0.0275764,-0.00511949
48,14,1.0329,0.0289506,-0.00520232
48,15,1.03176,0.0303552,-0.00525015
48,16,1.0306,0.0317536,-0.00526393
48,17,1.02942,0.0331174,-0.00524489
48,18,1.02823,0.0344253,-0.00519448
48,19,1.02703,0.0356615,-0.00511438
48,20,1.02584,0.0368138,-0.0050065
48,21,1.02465,0.0378725,-0.00487311
48,22,1.02347,0.0388294,-0.00471678
48,23,1.02231,0.0396772,-0.00454044
48,24,1.02116,0.0404093,-0.00434734
48,25,1.02004,0.0410198,-0.00414096
48,26,1.01895,0.0415034,-0.00392499
48,27,1.01788,0.0418556,-0.0037032
48,28,1.01684,0.0420728,-0.00347944
48,29,1.01583,0.0421524,-0.00325752
48,30,1.01486,0.0420931,-0.00304116
48,31,1.01391,0.0418942,-0.00283396
48,32,1.01301,0.0415565,-0.00263937
48,33,1.01213,0.0410815,-0.00246061
48,34,1.0113,0.0404715,-0.0023007
48,35,1.01049,0.0397297,-0.00216242
48,36,1.00972,0.03886,-0.0020483
48,37,1.00899,0.0378665,-0.0019606
48,38,1.00829,0.0367542,-0.00190133
48,39,1.00761,0.035528,-0.00187222
48,40,1.00697,0.0341933,-0.00187473
48,41,1.00636,0.0327556,-0.00191004
48,42,1.00578,0.0312207,-0.00197907
48,43,1.00523,0.0295941,-0.00208241
48,44,1.00469,0.0278817,-0.00222041
48,45,1.00419,0.0260893,-0.00239311
48,46,1.0037,0.0242227,-0.00260027
48,47,1.00323,0.0222876,-0.00284135
48,48,1.00277,0.0202899,-0.00311553
48,49,1.00233,0.0182352,-0.00342172
48,50,1.0019,0.0161293,-0.00375856
48,51,1.00148,0.0139779,-0.0041244
48,52,1.00107,0.0117868,-0.00451738
48,53,1.00065,0.00956149,-0.00493539
48,54,1.00024,0.0073078,-0.00537613
48,55,0.999818,0.00503134,-0.0058371
48,56,0.999393,0.00273777,-0.00631565
48,57,0.998958,0.000432734,-0.006809
48,58,0.998511,-0.00187814,-0.00731428
48,59,0.998049,-0.00418926,-0.00782853
48,60,0.99757,-0.00649503,-0.00834875
48,61,0.997071,-0.0087899,-0.00887194
48,62,0.996551,-0.0110684,-0.00939508
48,63,0.996007,-0.0133249,-0.00991518
48,64,0.995439,-0.0155541,-0.0104293
48,65,0.994846,-0.0177506,-0.0109345
48,66,0.994226,-0.019909,-0.011428
48,67,0.993581,-0.0220241,-0.011907
48,68,0.992909,-0.0240906,-0.0123688
48,69,0.992212,-0.0261033,-0.0128108
48,70,0.991491,-0.0280572,-0.0132304
48,71,0.990747,-0.0299472,-0.0136253
48,72,0.989982,-0.0317684,-0.0139931
48,73,0.989198,-0.033516,-0.0143315
48,74,0.988399,-0.0351851,-0.0146384
48,75,0.987585,-0.0367711,-0.0149117
48,76,0.986761,-0.0382695,-0.0151498
48,77,0.985929,-0.0396757,-0.0153508
48,78,0.985092,-0.0409855,-0.0155133
48,79,0.984253,-0.0421947,-0.015636
48,80,0.983416,-0.0432993,-0.0157179
48,81,0.982582,-0.0442954,-0.0157583
48,82,0.981755,-0.0451794,-0.0157567
48,83,0.980936,-0.0459479,-0.0157128
48,84,0.980127,-0.0465977,-0.0156269
48,85,0.979331,-0.0471258,-0.0154992
48,86,0.978547,-0.0475298,-0.0153306
48,87,0.977777,-0.0478074,-0.015122
48,88,0.977022,-0.0479568,-0.0148748
48,89,0.97628,-0.0479766,-0.0145906
48,90,0.975553,-0.0478662,-0.0142711
48,91,0.974839,-0.0476251,-0.0139185
48,92,0.974137,-0.0472537,-0.013535
48,93,0.973447,-0.0467532,-0.0131232
48,94,0.972767,-0.0461253,-0.0126856
48,95,0.972096,-0.0453725,-0.0122249
48,96,0.971433,-0.0444981,-0.0117442
48,97,0.970776,-0.0435063,-0.0112463
48,98,0.970124,-0.042402,-0.0107344
48,99,0.969475,-0.0411907,-0.0102113
48,100,0.968829,-0.0398787,-0.00968025
48,101,0.968185,-0.0384728,-0.00914427
48,102,0.967542,-0.0369803,-0.00860641
48,103,0.966899,-0.0354088,-0.00806964
48,104,0.966257,-0.0337662,-0.00753694
48,105,0.965617,-0.0320611,-0.00701119
48,106,0.964978,-0.0303024,-0.00649524
48,107,0.964342,-0.0285003,-0.00599189
48,108,0.96371,-0.0266668,-0.00550387
48,109,0.963085,-0.0248163,-0.00503387
48,110,0.962468,-0.0229669,-0.00458446
48,111,0.961861,-0.0211416,-0.00415814
48,112,0.961269,-0.0193685,-0.0037572
48,113,0.960693,-0.0176816,-0.00338377
48,114,0.960138,-0.0161199,-0.00303975
48,115,0.959607,-0.0147242,-0.00272683
48,116,0.959104,-0.0135342,-0.00244662
48,117,0.958632,-0.0125809,-0.00220064
48,118,0.958194,-0.0118798,-0.00199022
48,119,0.957795,-0.011421,-0.00181575
48,120,0.957436,-0.0111588,-0.00167492
48,121,0.957121,-0.0110004,-0.00155946
48,122,0.956852,-0.0107918,-0.00145031
48,123,0.95663,-0.0103013,-0.00131286
48,124,0.956456,-0.00919257,-0.00109757
48,125,0.956329,-0.00697205,-0.000752617
48,126,0.956245,-0.00284769,-0.000264794
48,127,1,-0.00343474,0
49,0,1,0,0
49,1,1.04043,0.00615119,-0.000582356
49,2,1.04022,0.0150354,-0.00168124
49,3,1.03991,0.019654,-0.00252159
49,4,1.03951,0.0215924,-0.00308244
49,5,1.03901,0.0221622,-0.00346093
49,6,1.03842,0.0222295,-0.00375197
49,7,1.03774,0.0222741,-0.00400951
49,8,1.03698,0.0225187,-0.00425248
49,9,1.03614,0.0230394,-0.00448065
49,10,1.03524,0.0238368,-0.00468701
49,11,1.03428,0.0248746,-0.00486444
49,12,1.03327,0.0261009,-0.00500804
49,13,1.03221,0.0274599,-0.00511532
49,14,1.03112,0.0288987,-0.00518558
49,15,1.03,0.0303714,-0.00521918
49,16,1.02886,0.0318401,-0.00521712
49,17,1.0277,0.0332751,-0.00518067
49,18,1.02654,0.0346536,-0.00511134
49,19,1.02538,0.0359585,-0.00501086
49,20,1.02421,0.0371764,-0.00488125
49,21,1.02306,0.0382967,-0.00472482
49,22,1.02192,0.0393103,-0.00454426
49,23,1.0208,0.0402095,-0.00434259
49,24,1.01969,0.040987,-0.00412319
49,25,1.01861,0.0416368,-0.00388967
49,26,1.01756,0.0421534,-0.00364586
49,27,1.01653,0.0425323,-0.00339574
49,28,1.01553,0.0427699,-0.00314331
49,29,1.01457,0.0428641,-0.00289259
49,30,1.01363,0.0428134,-0.0026475
49,31,1.01273,0.0426179,-0.00241187
49,32,1.01187,0.0422785,-0.00218933
49,33,1.01103,0.0417972,-0.00198333
49,34,1.01024,0.0411769,-0.00179707
49,35,1.00947,0.0404212,-0.00163352
49,36,1.00874,0.0395345,-0.00149539
49,37,1.00804,0.0385217,-0.0013851
49,38,1.00738,0.0373881,-0.00130477
49,39,1.00675,0.0361393,-0.00125627
49,40,1.00614,0.0347814,-0.00124115
49,41,1.00557,0.0333204,-0.00126065
49,42,1.00502,0.0317624,-0.00131571
49,43,1.0045,0.0301137,-0.00140699
49,44,1.00401,0.0283805,-0.00153481
49,45,1.00354,0.026569,-0.00169919
49,46,1.00308,0.0246851,-0.00189985
49,47,1.00265,0.0227349,-0.00213619
49,48,1.00223,0.0207242,-0.00240733
49,49,1.00183,0.0186588,-0.00271208
49,50,1.00143,0.0165444,-0.00304896
49,51,1.00105,0.0143865,-0.00341625
49,52,1.00066,0.0121906,-0.00381196
49,53,1.00028,0.00996217,-0.00423385
49,54,0.999903,0.0077066,-0.00467952
49,55,0.999517,0.00542923,-0.00514633
49,56,0.999125,0.00313541,-0.00563154
49,57,0.998722,0.000830456,-0.00613224
49,58,0.998307,-0.00148029,-0.00664546
49,59,0.997876,-0.00379147,-0.00716814
49,60,0.997428,-0.00609775,-0.00769719
49,61,0.996959,-0.00839374,-0.00822952
49,62,0.996469,-0.0106741,-0.00876201
49,63,0.995954,-0.0129333,-0.00929163
49,64,0.995415,-0.0151661,-0.00981533
49,65,0.994851,-0.017367,-0.0103302
49,66,0.99426,-0.0195306,-0.0108333
49,67,0.993642,-0.0216515,-0.0113218
49,68,0.992999,-0.0237243,-0.0117929
49,69,0.992329,-0.0257438,-0.0122441
49,70,0.991636,-0.0277045,-0.0126727
49,71,0.990919,-0.0296013,-0.0130762
49,72,0.990182,-0.031429,-0.0134523
49,73,0.989425,-0.0331824,-0.0137987
49,74,0.988652,-0.0348565,-0.0141131
49,75,0.987865,-0.0364465,-0.0143936
49,76,0.987068,-0.0379476,-0.0146383
49,77,0.986262,-0.0393552,-0.0148454
49,78,0.985451,-0.0406648,-0.0150135
49,79,0.984639,-0.0418723,-0.0151414
49,80,0.983827,-0.0429736,-0.0152279
49,81,0.983019,-0.0439649,-0.0152722
49,82,0.982217,-0.0448428,-0.015274
49,83,0.981424,-0.0456041,-0.015233
49,84,0.980641,-0.0462458,-0.0151494
49,85,0.979871,-0.0467655,-0.0150236
49,86,0.979114,-0.047161,-0.0148562
49,87,0.978371,-0.0474306,-0.0146485
49,88,0.977643,-0.0475729,-0.0144017
49,89,0.97693,-0.0475871,-0.0141175
49,90,0.976231,-0.0474729,-0.0137977
49,91,0.975547,-0.0472305,-0.0134445
49,92,0.974877,-0.0468607,-0.0130602
49,93,0.974218,-0.0463648,-0.0126473
49,94,0.973571,-0.045745,-0.0122086
49,95,0.972934,-0.045004,-0.011747
49,96,0.972306,-0.044145,-0.0112653
49,97,0.971684,-0.043172,-0.0107667
49,98,0.971067,-0.0420899,-0.0102543
49,99,0.970454,-0.0409036,-0.00973115
49,100,0.969843,-0.0396192,-0.00920056
49,101,0.969234,-0.0382426,-0.00866566
49,102,0.968625,-0.0367805,-0.00812962
49,103,0.968015,-0.0352398,-0.00759553
49,104,0.967405,-0.0336276,-0.00706646
49,105,0.966793,-0.0319516,-0.00654541
49,106,0.966182,-0.03022,-0.00603533
49,107,0.965571,-0.0284422,-0.00553911
49,108,0.964961,-0.0266295,-0.00505959
49,109,0.964355,-0.0247956,-0.0045995
49,110,0.963754,-0.0229581,-0.00416155
49,111,0.963161,-0.0211394,-0.00374826
49,112,0.962578,-0.0193676,-0.00336204
49,113,0.96201,-0.0176763,-0.00300506
49,114,0.96146,-0.0161042,-0.00267926
49,115,0.960931,-0.0146923,-0.00238637
49,116,0.960427,-0.0134797,-0.00212797
49,117,0.959952,-0.0124978,-0.00190551
49,118,0.95951,-0.0117624,-0.00172021
49,119,0.959105,-0.0112656,-0.00157233
49,120,0.95874,-0.0109662,-0.00145944
49,121,0.958417,-0.0107804,-0.00137303
49,122,0.958139,-0.0105688,-0.00129375
49,123,0.957907,-0.0101176,-0.00118671
49,124,0.957722,-0.00910386,-0.00100094
49,125,0.957582,-0.00701966,-0.000685644
49,126,0.957488,-0.00298774,-0.000242249
49,127,1,-0.00343474,0
50,0,1,0,0
50,1,1.03836,0.0060642,-0.000593455
50,2,1.03814,0.0147973,-0.00172093
50,3,1.03783,0.0191211,-0.0025654
50,4,1.03742,0.0208299,-0.00312323
50,5,1.03693,0.0212752,-0.00349878
50,6,1.03633,0.0212898,-0.00378772
50,7,1.03566,0.0213117,-0.00404362
50,8,1.03489,0.0215364,-0.00428442
50,9,1.03406,0.0220287,-0.00450907
50,10,1.03316,0.022787,-0.00471022
50,11,1.0322,0.0237772,-0.00488062
50,12,1.03119,0.0249507,-0.00501537
50,13,1.03014,0.0262548,-0.005112
50,14,1.02905,0.0276389,-0.00516986
50,15,1.02794,0.029059,-0.00518938
50,16,1.02682,0.0304786,-0.00517161
50,17,1.02568,0.0318694,-0.00511792
50,18,1.02453,0.0332098,-0.00502992
50,19,1.02339,0.0344837,-0.00490942
50,20,1.02225,0.0356789,-0.00475852
50,21,1.02113,0.0367857,-0.00457965
50,22,1.02002,0.037796,-0.00437558
50,23,1.01893,0.0387023,-0.00414946
50,24,1.01787,0.0394981,-0.00390474
50,25,1.01683,0.0401772,-0.00364518
50,26,1.01582,0.0407339,-0.00337475
50,27,1.01484,0.0411633,-0.00309755
50,28,1.0139,0.0414613,-0.00281776
50,29,1.01298,0.0416247,-0.00253956
50,30,1.01211,0.0416513,-0.00226705
50,31,1.01126,0.04154,-0.00200424
50,32,1.01046,0.0412907,-0.00175494
50,33,1.00968,0.040904,-0.00152277
50,34,1.00895,0.0403817,-0.00131114
50,35,1.00824,0.0397264,-0.00112316
50,36,1.00757,0.0389411,-0.000961692
50,37,1.00693,0.0380296,-0.000829304
50,38,1.00633,0.0369962,-0.000728256
50,39,1.00575,0.0358457,-0.000660507
50,40,1.0052,0.0345828,-0.000627694
50,41,1.00468,0.033213,-0.000631138
50,42,1.00419,0.0317417,-0.000671834
50,43,1.00372,0.0301744,-0.00075045
50,44,1.00328,0.0285169,-0.000867326
50,45,1.00285,0.0267748,-0.00102248
50,46,1.00245,0.0249541,-0.00121558
50,47,1.00206,0.0230604,-0.00144601
50,48,1.00168,0.0210998,-0.00171282
50,49,1.00132,0.019078,-0.00201473
50,50,1.00097,0.0170009,-0.0023502
50,51,1.00062,0.0148744,-0.00271741
50,52,1.00028,0.0127042,-0.00311425
50,53,0.999935,0.0104963,-0.00353842
50,54,0.99959,0.0082565,-0.00398737
50,55,0.999241,0.00599053,-0.00445839
50,56,0.998883,0.00370421,-0.0049486
50,57,0.998515,0.00140331,-0.00545503
50,58,0.998133,-0.000906448,-0.00597459
50,59,0.997736,-0.00321938,-0.00650414
50,60,0.99732,-0.00552981,-0.00704051
50,61,0.996883,-0.00783215,-0.00758052
50,62,0.996424,-0.0101208,-0.00812101
50,63,0.995941,-0.0123903,-0.00865885
50,64,0.995433,-0.0146351,-0.00919096
50,65,0.994899,-0.0168499,-0.00971431
50,66,0.994338,-0.0190292,-0.010226
50,67,0.99375,-0.0211678,-0.0107231
50,68,0.993136,-0.0232604,-0.0112028
50,69,0.992497,-0.0253018,-0.0116624
50,70,0.991833,-0.0272869,-0.0120994
50,71,0.991147,-0.0292106,-0.0125111
50,72,0.990439,-0.031068,-0.0128951
50,73,0.989713,-0.032854,-0.0132491
50,74,0.988971,-0.0345639,-0.0135709
50,75,0.988215,-0.0361928,-0.0138583
50,76,0.987449,-0.037736,-0.0141096
50,77,0.986676,-0.0391891,-0.0143228
50,78,0.985898,-0.0405474,-0.0144966
50,79,0.985119,-0.0418066,-0.0146296
50,80,0.984342,-0.0429625,-0.0147207
50,81,0.983569,-0.044011,-0.0147691
50,82,0.982804,-0.0449482,-0.0147744
50,83,0.982047,-0.0457704,-0.0147364
50,84,0.981302,-0.0464742,-0.0146551
50,85,0.980569,-0.0470563,-0.0145311
50,86,0.97985,-0.0475139,-0.0143651
50,87,0.979145,-0.0478445,-0.0141582
50,88,0.978455,-0.0480457,-0.0139117
50,89,0.977781,-0.0481161,-0.0136274
50,90,0.97712,-0.0480543,-0.0133071
50,91,0.976474,-0.0478597,-0.0129531
50,92,0.975841,-0.0475323,-0.0125677
50,93,0.975219,-0.0470727,-0.0121537
50,94,0.974608,-0.0464823,-0.0117137
50,95,0.974006,-0.0457634,-0.0112507
50,96,0.973411,-0.0449187,-0.0107677
50,97,0.972822,-0.0439522,-0.0102681
50,98,0.972236,-0.0428683,-0.00975485
50,99,0.971653,-0.0416724,-0.00923137
50,100,0.971072,-0.0403704,-0.00870093
50,101,0.970489,-0.0389689,-0.00816682
50,102,0.969906,-0.037475,-0.0076323
50,103,0.969321,-0.035896,-0.0071006
50,104,0.968733,-0.0342398,-0.00657489
50,105,0.968143,-0.0325147,-0.0060583
50,106,0.96755,-0.0307297,-0.00555386
50,107,0.966957,-0.0288947,-0.00506457
50,108,0.966363,-0.0270216,-0.00459336
50,109,0.96577,-0.0251248,-0.00414308
50,110,0.965181,-0.0232224,-0.00371648
50,111,0.964598,-0.0213375,-0.00331621
50,112,0.964023,-0.0194985,-0.00294474
50,113,0.963461,-0.0177396,-0.00260432
50,114,0.962914,-0.0161001,-0.00229695
50,115,0.962386,-0.0146213,-0.00202438
50,116,0.961881,-0.0133428,-0.00178816
50,117,0.961404,-0.0122962,-0.00158968
50,118,0.960959,-0.0114978,-0.00143003
50,119,0.960548,-0.010941,-0.00130932
50,120,0.960175,-0.0105888,-0.00122497
50,121,0.959844,-0.0103652,-0.00116837
50,122,0.959557,-0.0101439,-0.00111988
50,123,0.959315,-0.00972795,-0.00104403
50,124,0.959119,-0.00880502,-0.000890787
50,125,0.958969,-0.00684977,-0.000611582
50,126,0.95886,-0.0028921,-0.000208363
50,127,1,-0.00343474,0
51,0,1,0,0
51,1,1.03604,0.0062337,-0.000615762
51,2,1.03584,0.0148117,-0.00175281
51,3,1.03554,0.0188557,-0.00259865
51,4,1.03515,0.0203643,-0.00315376
51,5,1.03466,0.0207243,-0.00352731
51,6,1.03408,0.020734,-0.00381636
51,7,1.03341,0.0207901,-0.00407283
51,8,1.03266,0.0210626,-0.00431319
51,9,1.03184,0.0216054,-0.00453571
51,10,1.03096,0.0224149,-0.00473273
51,11,1.03002,0.0234584,-0.00489696
51,12,1.02903,0.024689,-0.00502352
51,13,1.02801,0.0260551,-0.00510999
51,14,1.02696,0.0275065,-0.00515579
51,15,1.02588,0.0289981,-0.00516145
51,16,1.02479,0.0304926,-0.00512809
51,17,1.02369,0.0319601,-0.00505722
51,18,1.02259,0.0333775,-0.00495055
51,19,1.02149,0.0347274,-0.00481002
51,20,1.0204,0.0359963,-0.00463787
51,21,1.01932,0.0371733,-0.00443662
51,22,1.01827,0.0382492,-0.00420919
51,23,1.01723,0.0392162,-0.00395882
51,24,1.01622,0.0400668,-0.00368911
51,25,1.01523,0.0407945,-0.00340393
51,26,1.01428,0.0413935,-0.00310738
51,27,1.01335,0.0418587,-0.00280372
51,28,1.01246,0.042186,-0.00249727
51,29,1.0116,0.0423724,-0.00219236
51,30,1.01077,0.0424159,-0.00189327
51,31,1.00997,0.0423159,-0.00160414
51,32,1.00921,0.0420724,-0.00132896
51,33,1.00849,0.0416867,-0.00107152
51,34,1.0078,0.0411612,-0.00083535
51,35,1.00714,0.0404987,-0.000623739
51,36,1.00651,0.039703,-0.000439673
51,37,1.00591,0.0387786,-0.000285841
51,38,1.00535,0.0377303,-0.000164618
51,39,1.00482,0.0365634,-7.80529e-05
51,40,1.00431,0.0352834,-2.78623e-05
51,41,1.00384,0.0338963,-1.54257e-05
51,42,1.00339,0.0324078,-4.17796e-05
51,43,1.00296,0.0308243,-0.000107616
51,44,1.00256,0.0291516,-0.000213282
51,45,1.00217,0.027396,-0.000358778
51,46,1.00181,0.0255636,-0.000543765
51,47,1.00146,0.0236602,-0.000767565
51,48,1.00113,0.0216919,-0.00102917
51,49,1.00081,0.0196645,-0.00132727
51,50,1.0005,0.0175838,-0.00166022
51,51,1.00019,0.0154555,-0.00202612
51,52,0.999887,0.0132853,-0.00242281
51,53,0.999585,0.0110786,-0.00284786
51,54,0.99928,0.00884105,-0.00329866
51,55,0.99897,0.00657812,-0.0037724
51,56,0.998651,0.00429525,-0.00426613
51,57,0.998321,0.00199787,-0.00477679
51,58,0.997976,-0.000308579,-0.00530121
51,59,0.997615,-0.00261869,-0.00583618
51,60,0.997235,-0.00492704,-0.00637846
51,61,0.996833,-0.0072282,-0.00692481
51,62,0.996408,-0.00951676,-0.00747202
51,63,0.995959,-0.0117873,-0.00801688
51,64,0.995483,-0.0140343,-0.00855628
51,65,0.994981,-0.0162525,-0.00908714
51,66,0.994451,-0.0184364,-0.00960646
51,67,0.993895,-0.0205805,-0.0101113
51,68,0.993311,-0.0226795,-0.0105989
51,69,0.992701,-0.024728,-0.0110664
51,70,0.992067,-0.0267207,-0.0115111
51,71,0.991409,-0.0286522,-0.0119305
51,72,0.99073,-0.0305172,-0.0123221
51,73,0.990032,-0.0323107,-0.0126834
51,74,0.989317,-0.0340274,-0.0130123
51,75,0.988589,-0.0356624,-0.0133066
51,76,0.987849,-0.0372107,-0.0135644
51,77,0.987103,-0.0386675,-0.0137838
51,78,0.986351,-0.0400283,-0.0139633
51,79,0.985598,-0.0412886,-0.0141015
51,80,0.984847,-0.0424441,-0.0141974
51,81,0.9841,-0.0434908,-0.0142502
51,82,0.98336,-0.0444249,-0.0142593
51,83,0.982629,-0.0452431,-0.0142246
51,84,0.981909,-0.045942,-0.0141462
51,85,0.981202,-0.0465189,-0.0140244
51,86,0.98051,-0.0469713,-0.0138602
51,87,0.979832,-0.047297,-0.0136546
51,88,0.97917,-0.0474946,-0.0134089
51,89,0.978524,-0.0475627,-0.013125
51,90,0.977894,-0.0475007,-0.0128047
51,91,0.977279,-0.0473085,-0.0124504
51,92,0.976678,-0.0469864,-0.0120644
51,93,0.97609,-0.0465357,-0.0116495
51,94,0.975513,-0.0459579,-0.0112085
51,95,0.974948,-0.0452555,-0.0107444
51,96,0.97439,-0.0444314,-0.0102604
51,97,0.973839,-0.0434894,-0.0097597
51,98,0.973294,-0.0424338,-0.00924566
51,99,0.972751,-0.0412697,-0.00872166
51,100,0.97221,-0.0400024,-0.00819111
51,101,0.971669,-0.038638,-0.00765741
51,102,0.971126,-0.0371828,-0.00712396
51,103,0.97058,-0.0356433,-0.00659409
51,104,0.970031,-0.0340267,-0.00607113
51,105,0.969478,-0.0323402,-0.00555829
51,106,0.968921,-0.030592,-0.00505876
51,107,0.968361,-0.028791,-0.00457564
51,108,0.967797,-0.0269484,-0.00411198
51,109,0.967233,-0.0250778,-0.00367073
51,110,0.966668,-0.0231966,-0.00325477
51,111,0.966106,-0.0213273,-0.00286685
51,112,0.96555,-0.0194978,-0.00250954
51,113,0.965002,-0.0177422,-0.0021852
51,114,0.964466,-0.0160994,-0.00189589
51,115,0.963947,-0.0146106,-0.0016434
51,116,0.963447,-0.0133153,-0.00142928
51,117,0.962973,-0.012245,-0.00125483
51,118,0.962527,-0.0114169,-0.00112099
51,119,0.962113,-0.0108261,-0.00102772
51,120,0.961736,-0.01044,-0.000972281
51,121,0.961399,-0.0101917,-0.000945865
51,122,0.961104,-0.00996964,-0.000928771
51,123,0.960853,-0.0095946,-0.000885701
51,124,0.960646,-0.00876581,-0.000766176
51,125,0.960482,-0.00693703,-0.000524086
51,126,0.960362,-0.00303619,-0.000177245
51,127,1,-0.00343474,0
52,0,1,0,0
52,1,1.03347,0.00614502,-0.000625287
52,2,1.03327,0.014535,-0.00177895
52,3,1.03299,0.0182723,-0.00262015
52,4,1.03261,0.0195564,-0.00317063
52,5,1.03213,0.0198019,-0.00354406
52,6,1.03157,0.0197673,-0.0038352
52,7,1.03092,0.019807,-0.00409385
52,8,1.03018,0.0200645,-0.00433503
52,9,1.02938,0.0205835,-0.00455623
52,10,1.02852,0.0213586,-0.00474961
52,11,1.0276,0.0223597,-0.0049079
52,12,1.02663,0.023543,-0.00502633
52,13,1.02563,0.0248599,-0.00510261
52,14,1.0246,0.026262,-0.00513626
52,15,1.02355,0.0277064,-0.00512793
52,16,1.02249,0.0291568,-0.00507891
52,17,1.02142,0.0305846,-0.00499084
52,18,1.02035,0.0319678,-0.0048656
52,19,1.01929,0.0332902,-0.00470528
52,20,1.01824,0.0345392,-0.00451226
52,21,1.01721,0.0357051,-0.0042892
52,22,1.0162,0.0367794,-0.00403913
52,23,1.01521,0.0377548,-0.00376542
52,24,1.01425,0.0386246,-0.00347177
52,25,1.01331,0.0393822,-0.00316218
52,26,1.01241,0.0400217,-0.00284084
52,27,1.01154,0.0405379,-0.00251213
52,28,1.01071,0.0409259,-0.00218049
52,29,1.00991,0.0411822,-0.00185038
52,30,1.00914,0.0413039,-0.00152619
52,31,1.00841,0.0412891,-0.00121221
52,32,1.00771,0.041137,-0.000912549
52,33,1.00705,0.0408478,-0.00063113
52,34,1.00642,0.0404224,-0.00037162
52,35,1.00583,0.0398627,-0.000137422
52,36,1.00526,0.0391713,6.83573e-05
52,37,1.00473,0.0383515,0.000242918
52,38,1.00423,0.037407,0.000383787
52,39,1.00376,0.0363421,0.000488829
52,40,1.00331,0.0351615,0.000556251
52,41,1.0029,0.0338702,0.000584614
52,42,1.0025,0.0324733,0.000572835
52,43,1.00213,0.0309762,0.00052019
52,44,1.00178,0.0293846,0.000426317
52,45,1.00145,0.0277041,0.000291211
52,46,1.00114,0.0259406,0.000115227
52,47,1.00085,0.0240997,-0.000100936
52,48,1.00056,0.0221875,-0.000356235
52,49,1.00029,0.0202099,-0.0006493
52,50,1.00002,0.0181727,-0.00097845
52,51,0.999764,0.0160819,-0.00134171
52,52,0.999505,0.0139435,-0.00173685
52,53,0.999247,0.0117634,-0.00216137
52,54,0.998984,0.00954741,-0.00261259
52,55,0.998715,0.00730154,-0.00308763
52,56,0.998437,0.00503163,-0.00358347
52,57,0.998146,0.00274348,-0.00409696
52,58,0.99784,0.000442891,-0.00462489
52,59,0.997517,-0.0018644,-0.00516398
52,60,0.997173,-0.0041727,-0.00571093
52,61,0.996808,-0.00647637,-0.00626244
52,62,0.996418,-0.00876982,-0.00681525
52,63,0.996003,-0.0110475,-0.00736611
52,64,0.995561,-0.013304,-0.00791185
52,65,0.995092,-0.0155337,-0.00844935
52,66,0.994595,-0.0177315,-0.00897556
52,67,0.994071,-0.0198918,-0.00948752
52,68,0.993519,-0.0220096,-0.00998232
52,69,0.992941,-0.0240794,-0.0104572
52,70,0.992337,-0.0260962,-0.0109093
52,71,0.99171,-0.0280548,-0.0113361
52,72,0.991062,-0.0299502,-0.011735
52,73,0.990395,-0.0317773,-0.0121036
52,74,0.989712,-0.0335312,-0.0124396
52,75,0.989015,-0.0352069,-0.0127408
52,76,0.988308,-0.0367997,-0.0130051
52,77,0.987594,-0.0383048,-0.0132308
52,78,0.986876,-0.0397175,-0.0134162
52,79,0.986157,-0.0410333,-0.0135599
52,80,0.98544,-0.0422477,-0.0136609
52,81,0.984728,-0.0433564,-0.0137182
52,82,0.984025,-0.0443554,-0.0137314
52,83,0.983331,-0.0452405,-0.0137003
52,84,0.982649,-0.0460081,-0.0136249
52,85,0.98198,-0.0466546,-0.0135056
52,86,0.981327,-0.0471769,-0.0133434
52,87,0.980688,-0.047572,-0.0131392
52,88,0.980066,-0.0478374,-0.0128945
52,89,0.97946,-0.0479711,-0.0126111
52,90,0.97887,-0.0479715,-0.0122909
52,91,0.978295,-0.0478374,-0.0119362
52,92,0.977733,-0.0475686,-0.0115496
52,93,0.977185,-0.0471651,-0.0111338
52,94,0.976647,-0.0466281,-0.0106917
52,95,0.97612,-0.0459591,-0.0102264
52,96,0.9756,-0.0451609,-0.0097411
52,97,0.975087,-0.0442366,-0.00923924
52,98,0.974577,-0.0431906,-0.00872421
52,99,0.97407,-0.0420277,-0.00819949
52,100,0.973563,-0.0407536,-0.00766862
52,101,0.973055,-0.0393746,-0.00713511
52,102,0.972545,-0.0378973,-0.00660247
52,103,0.972031,-0.036329,-0.00607419
52,104,0.971512,-0.0346774,-0.00555369
52,105,0.970988,-0.0329503,-0.00504431
52,106,0.970459,-0.0311566,-0.00454937
52,107,0.969924,-0.0293061,-0.00407209
52,108,0.969385,-0.0274103,-0.00361562
52,109,0.968843,-0.0254836,-0.00318306
52,110,0.9683,-0.0235439,-0.00277738
52,111,0.967756,-0.0216141,-0.00240147
52,112,0.967216,-0.0197228,-0.002058
52,113,0.966683,-0.0179046,-0.00174943
52,114,0.966159,-0.0161987,-0.00147793
52,115,0.965648,-0.0146469,-0.00124534
52,116,0.965156,-0.013289,-0.00105319
52,117,0.964685,-0.0121568,-0.000902702
52,118,0.96424,-0.011268,-0.000794685
52,119,0.963826,-0.0106191,-0.000728904
52,120,0.963446,-0.0101815,-0.000702441
52,121,0.963103,-0.00989608,-0.000706448
52,122,0.962801,-0.00966448,-0.000721165
52,123,0.962541,-0.00932394,-0.000711272
52,124,0.962324,-0.00858248,-0.000628108
52,125,0.96215,-0.00686891,-0.000429191
52,126,0.962013,-0.00300121,-0.000135325
52,127,1,-0.00343474,0
53,0,1,0,0
53,1,1.03065,0.00626117,-0.000643365
53,2,1.03049,0.0144533,-0.00179432
53,3,1.03023,0.0179032,-0.00262745
53,4,1.02987,0.0189959,-0.00317325
53,5,1.02942,0.0191665,-0.00354724
53,6,1.02888,0.0191335,-0.00384224
53,7,1.02826,0.0192104,-0.00410479
53,8,1.02756,0.0195169,-0.00434804
53,9,1.02679,0.0200872,-0.00456884
53,10,1.02596,0.0209147,-0.00475927
53,11,1.02508,0.0219706,-0.00491213
53,12,1.02416,0.0232134,-0.00502282
53,13,1.0232,0.0245953,-0.00508916
53,14,1.02222,0.0260684,-0.00511082
53,15,1.02123,0.0275889,-0.00508862
53,16,1.02022,0.0291195,-0.00502401
53,17,1.01921,0.03063,-0.0049188
53,18,1.0182,0.0320972,-0.00477506
53,19,1.0172,0.0335031,-0.00459505
53,20,1.01621,0.0348338,-0.00438132
53,21,1.01524,0.0360782,-0.00413667
53,22,1.01429,0.0372271,-0.00386428
53,23,1.01337,0.038272,-0.00356765
53,24,1.01247,0.0392056,-0.00325059
53,25,1.0116,0.0400207,-0.0029172
53,26,1.01076,0.0407113,-0.0025718
53,27,1.00995,0.0412717,-0.00221885
53,28,1.00917,0.0416973,-0.00186292
53,29,1.00843,0.0419845,-0.00150856
53,30,1.00772,0.0421307,-0.00116028
53,31,1.00704,0.0421343,-0.000822476
53,32,1.0064,0.041995,-0.000499376
53,33,1.00578,0.0417133,-0.000195004
53,34,1.00521,0.0412909,8.68604e-05
53,35,1.00466,0.0407302,0.00034271
53,36,1.00414,0.0400343,0.000569336
53,37,1.00366,0.0392072,0.000763848
53,38,1.0032,0.0382533,0.000923688
53,39,1.00278,0.0371775,0.00104664
53,40,1.00238,0.0359851,0.00113086
53,41,1.002,0.0346815,0.00117484
53,42,1.00166,0.0332726,0.00117747
53,43,1.00133,0.0317642,0.00113799
53,44,1.00103,0.0301624,0.00105603
53,45,1.00075,0.0284731,0.00093158
53,46,1.00048,0.0267024,0.000765
53,47,1.00023,0.0248563,0.000557014
53,48,0.999992,0.0229408,0.000308693
53,49,0.999764,0.0209617,2.14458e-05
53,50,0.999545,0.0189249,-0.000303002
53,51,0.99933,0.0168362,-0.000662629
53,52,0.999118,0.0147012,-0.00105514
53,53,0.998904,0.0125257,-0.001478
53,54,0.998686,0.0103153,-0.00192845
53,55,0.998461,0.00807542,-0.00240357
53,56,0.998225,0.0058117,-0.00290027
53,57,0.997977,0.0035296,-0.00341536
53,58,0.997712,0.0012346,-0.00394558
53,59,0.997429,-0.00106783,-0.0044876
53,60,0.997124,-0.00337224,-0.00503807
53,61,0.996797,-0.0056732,-0.00559366
53,62,0.996445,-0.00796525,-0.00615104
53,63,0.996066,-0.010243,-0.00670695
53,64,0.99566,-0.0125009,-0.00725816
53,65,0.995225,-0.0147336,-0.0078015
53,66,0.994762,-0.0169356,-0.0083339
53,67,0.99427,-0.0191016,-0.00885232
53,68,0.99375,-0.021226,-0.00935383
53,69,0.993203,-0.0233035,-0.00983556
53,70,0.99263,-0.0253287,-0.0102947
53,71,0.992033,-0.0272962,-0.0107286
53,72,0.991414,-0.0292006,-0.0111347
53,73,0.990776,-0.0310366,-0.0115104
53,74,0.990121,-0.0327991,-0.0118533
53,75,0.989452,-0.0344828,-0.0121613
53,76,0.988772,-0.0360827,-0.0124323
53,77,0.988085,-0.0375938,-0.0126643
53,78,0.987394,-0.0390113,-0.0128558
53,79,0.986701,-0.0403306,-0.0130053
53,80,0.98601,-0.0415471,-0.0131116
53,81,0.985325,-0.0426566,-0.0131739
53,82,0.984647,-0.043655,-0.0131916
53,83,0.983979,-0.0445387,-0.0131645
53,84,0.983323,-0.0453041,-0.0130927
53,85,0.982681,-0.045948,-0.0129765
53,86,0.982054,-0.0464677,-0.0128168
53,87,0.981443,-0.0468607,-0.0126148
53,88,0.980849,-0.0471251,-0.0123717
53,89,0.980273,-0.0472593,-0.0120895
53,90,0.979713,-0.0472623,-0.0117701
53,91,0.979169,-0.0471336,-0.0114158
53,92,0.978642,-0.0468732,-0.0110292
53,93,0.978128,-0.046482,-0.010613
53,94,0.977628,-0.0459611,-0.0101704
53,95,0.977139,-0.0453127,-0.00970435
53,96,0.97666,-0.0445395,-0.00921827
53,97,0.976188,-0.0436447,-0.00871555
53,98,0.975723,-0.0426325,-0.00819973
53,99,0.975261,-0.0415075,-0.0076744
53,100,0.9748,-0.0402749,-0.00714317
53,101,0.974339,-0.0389404,-0.00660971
53,102,0.973877,-0.03751,-0.00607763
53,103,0.97341,-0.0359902,-0.00555053
53,104,0.972939,-0.0343875,-0.00503198
53,105,0.972462,-0.0327091,-0.00452546
53,106,0.971978,-0.0309626,-0.0040344
53,107,0.971487,-0.029157,-0.00356217
53,108,0.970989,-0.0273029,-0.00311205
53,109,0.970486,-0.0254135,-0.00268727
53,110,0.969979,-0.023506,-0.00229095
53,111,0.969468,-0.0216027,-0.0019261
53,112,0.968958,-0.0197315,-0.00159555
53,113,0.96845,-0.0179265,-0.00130188
53,114,0.967948,-0.0162267,-0.00104738
53,115,0.967456,-0.0146736,-0.000833958
53,116,0.966979,-0.013307,-0.000663148
53,117,0.966519,-0.0121589,-0.000536113
53,118,0.966082,-0.0112473,-0.000453499
53,119,0.965673,-0.0105708,-0.000414874
53,120,0.965294,-0.0101049,-0.000417141
53,121,0.96495,-0.0097993,-0.000451335
53,122,0.964644,-0.00956979,-0.000497885
53,123,0.964377,-0.00927081,-0.000522196
53,124,0.964151,-0.00861907,-0.000476254
53,125,0.963964,-0.00701484,-0.000321617
53,126,0.963816,-0.00315764,-9.59741e-05
53,127,1,-0.00343474,0
54,0,1,0,0
54,1,1.0276,0.00615075,-0.000648381
54,2,1.02746,0.0141108,-0.00180066
54,3,1.02723,0.0172566,-0.00261934
54,4,1.0269,0.0181431,-0.00315827
54,5,1.02648,0.0182156,-0.00353411
54,6,1.02597,0.0181491,-0.0038343
54,7,1.02538,0.0182165,-0.00410175
54,8,1.02472,0.0185139,-0.00434775
54,9,1.02399,0.0190662,-0.00456852
54,10,1.0232,0.0198659,-0.00475608
54,11,1.02236,0.0208867,-0.00490346
54,12,1.02148,0.0220897,-0.00500622
54,13,1.02057,0.0234298,-0.00506241
54,14,1.01963,0.0248612,-0.00507188
54,15,1.01868,0.0263414,-0.00503564
54,16,1.01772,0.0278343,-0.00495534
54,17,1.01676,0.029311,-0.00483303
54,18,1.0158,0.030749,-0.00467095
54,19,1.01485,0.0321316,-0.00447159
54,20,1.01392,0.0334458,-0.00423766
54,21,1.013,0.0346816,-0.00397213
54,22,1.01211,0.0358305,-0.00367832
54,23,1.01124,0.0368849,-0.00335984
54,24,1.0104,0.037838,-0.0030206
54,25,1.00959,0.0386829,-0.0026648
54,26,1.00881,0.0394136,-0.00229684
54,27,1.00807,0.0400243,-0.00192126
54,28,1.00735,0.04051,-0.00154269
54,29,1.00667,0.0408664,-0.00116577
54,30,1.00602,0.0410901,-0.000795075
54,31,1.00541,0.0411787,-0.000435091
54,32,1.00483,0.0411308,-9.01246e-05
54,33,1.00429,0.0409458,0.000235717
54,34,1.00377,0.0406243,0.00053857
54,35,1.00329,0.0401675,0.000814845
54,36,1.00284,0.0395774,0.00106125
54,37,1.00242,0.0388568,0.00127482
54,38,1.00203,0.0380091,0.00145291
54,39,1.00167,0.0370382,0.00159325
54,40,1.00133,0.0359482,0.00169392
54,41,1.00102,0.034744,0.00175337
54,42,1.00073,0.0334304,0.00177044
54,43,1.00047,0.0320127,0.00174433
54,44,1.00022,0.0304963,0.00167466
54,45,0.999997,0.0288867,0.00156138
54,46,0.999787,0.0271898,0.00140487
54,47,0.999591,0.0254112,0.00120585
54,48,0.999407,0.0235569,0.000965398
54,49,0.999231,0.0216327,0.000684948
54,50,0.999063,0.0196446,0.000366253
54,51,0.998898,0.0175985,1.13698e-05
54,52,0.998734,0.0155006,-0.000377371
54,53,0.998567,0.0133566,-0.000797389
54,54,0.998395,0.0111726,-0.00124589
54,55,0.998215,0.00895448,-0.00171991
54,56,0.998024,0.00670818,-0.00221631
54,57,0.997818,0.00443954,-0.00273187
54,58,0.997595,0.00215436,-0.00326327
54,59,0.997353,-0.000141581,-0.00380715
54,60,0.997089,-0.00244259,-0.00436014
54,61,0.9968,-0.00474299,-0.00491884
54,62,0.996486,-0.0070372,-0.00547992
54,63,0.996144,-0.00931967,-0.00604005
54,64,0.995773,-0.0115849,-0.00659598
54,65,0.995374,-0.0138275,-0.00714451
54,66,0.994945,-0.0160419,-0.00768249
54,67,0.994487,-0.018223,-0.00820688
54,68,0.994,-0.0203653,-0.00871467
54,69,0.993485,-0.0224636,-0.00920295
54,70,0.992945,-0.0245127,-0.00966888
54,71,0.99238,-0.0265074,-0.0101097
54,72,0.991793,-0.0284425,-0.0105228
54,73,0.991186,-0.0303129,-0.0109055
54,74,0.990563,-0.0321136,-0.0112555
54,75,0.989927,-0.0338395,-0.0115705
54,76,0.98928,-0.0354856,-0.0118482
54,77,0.988626,-0.0370471,-0.0120869
54,78,0.987968,-0.0385192,-0.0122848
54,79,0.987311,-0.039897,-0.0124403
54,80,0.986655,-0.0411759,-0.0125523
54,81,0.986006,-0.0423514,-0.0126199
54,82,0.985365,-0.0434192,-0.0126425
54,83,0.984734,-0.0443748,-0.0126198
54,84,0.984117,-0.0452145,-0.0125519
54,85,0.983514,-0.0459342,-0.0124392
54,86,0.982927,-0.0465306,-0.0122825
54,87,0.982357,-0.0470003,-0.0120829
54,88,0.981805,-0.0473405,-0.0118418
54,89,0.98127,-0.0475488,-0.011561
54,90,0.980752,-0.0476231,-0.0112426
54,91,0.98025,-0.0475621,-0.0108889
54,92,0.979764,-0.0473648,-0.0105025
54,93,0.979293,-0.0470312,-0.0100862
54,94,0.978835,-0.0465616,-0.00964313
54,95,0.978388,-0.0459575,-0.00917649
54,96,0.97795,-0.045221,-0.00868966
54,97,0.97752,-0.044355,-0.00818616
54,98,0.977095,-0.0433633,-0.00766959
54,99,0.976674,-0.0422504,-0.00714366
54,100,0.976254,-0.0410216,-0.00661209
54,101,0.975833,-0.0396828,-0.00607864
54,102,0.975409,-0.0382405,-0.00554706
54,103,0.974982,-0.0367015,-0.00502108
54,104,0.974549,-0.0350732,-0.00450435
54,105,0.97411,-0.0333633,-0.00400052
54,106,0.973663,-0.0315802,-0.00351313
54,107,0.973209,-0.0297334,-0.00304567
54,108,0.972746,-0.0278343,-0.00260157
54,109,0.972277,-0.0258967,-0.00218418
54,110,0.971802,-0.0239383,-0.00179677
54,111,0.971322,-0.0219819,-0.00144249
54,112,0.97084,-0.0200559,-0.00112432
54,113,0.970359,-0.0181949,-0.000844974
54,114,0.969881,-0.0164382,-0.000606869
54,115,0.969409,-0.014828,-0.000412002
54,116,0.968949,-0.0134042,-0.000261935
54,117,0.968504,-0.0121993,-0.000157763
54,118,0.968079,-0.0112316,-9.99825e-05
54,119,0.967677,-0.0105013,-8.79462e-05
54,120,0.967303,-0.00998742,-0.000118374
54,121,0.96696,-0.00964722,-0.000182312
54,122,0.966652,-0.00940921,-0.000260414
54,123,0.966381,-0.00914305,-0.000318716
54,124,0.966147,-0.00857121,-0.00031206
54,125,0.965951,-0.00706083,-0.000207143
54,126,0.965787,-0.00318548,-4.66532e-05
54,127,1,-0.00343474,0
55,0,1,0,0
55,1,1.02435,0.00619875,-0.000658918
55,2,1.02424,0.013914,-0.00179294
55,3,1.02404,0.01678,-0.00259337
55,4,1.02375,0.0174965,-0.00312492
55,5,1.02338,0.0175099,-0.00350264
55,6,1.02291,0.017453,-0.00380897
55,7,1.02237,0.0175608,-0.00408223
55,8,1.02175,0.0179086,-0.00433159
55,9,1.02107,0.0185137,-0.00455271
55,10,1.02034,0.0193676,-0.00473768
55,11,1.01956,0.0204458,-0.00487977
55,12,1.01874,0.0217113,-0.00497479
55,13,1.0179,0.0231202,-0.005021
55,14,1.01703,0.0246266,-0.00501846
55,15,1.01615,0.0261875,-0.00496837
55,16,1.01527,0.0277658,-0.00487263
55,17,1.01438,0.029331,-0.00473347
55,18,1.0135,0.0308592,-0.0045534
55,19,1.01262,0.032332,-0.00433508
55,20,1.01177,0.033735,-0.00408142
55,21,1.01093,0.0350569,-0.00379557
55,22,1.01011,0.036288,-0.00348097
55,23,1.00931,0.0374198,-0.00314136
55,24,1.00854,0.0384445,-0.00278077
55,25,1.0078,0.0393549,-0.00240345
55,26,1.00709,0.0401444,-0.00201389
55,27,1.00641,0.0408069,-0.00161671
55,28,1.00576,0.0413373,-0.00121659
55,29,1.00514,0.0417316,-0.000818232
55,30,1.00455,0.0419864,-0.000426283
55,31,1.004,0.0420997,-4.52813e-05
55,32,1.00347,0.0420706,0.000320398
55,33,1.00298,0.041899,0.00066658
55,34,1.00252,0.0415859,0.000989335
55,35,1.00209,0.0411333,0.001285
55,36,1.00169,0.0405437,0.00155023
55,37,1.00131,0.0398207,0.00178197
55,38,1.00097,0.0389683,0.00197754
55,39,1.00066,0.0379908,0.00213459
55,40,1.00037,0.0368934,0.00225116
55,41,1.0001,0.0356812,0.00232564
55,42,0.999862,0.0343597,0.00235684
55,43,0.999644,0.0329347,0.00234393
55,44,0.999446,0.031412,0.00228649
55,45,0.999267,0.0297974,0.00218447
55,46,0.999105,0.028097,0.00203824
55,47,0.998958,0.0263166,0.0018485
55,48,0.998822,0.0244622,0.00161637
55,49,0.998695,0.0225397,0.00134327
55,50,0.998575,0.020555,0.00103099
55,51,0.998459,0.0185139,0.000681594
55,52,0.998342,0.016422,0.000297445
55,53,0.998224,0.0142852,-0.000118852
55,54,0.998099,0.012109,-0.000564476
55,55,0.997965,0.00989897,-0.00103642
55,56,0.997819,0.00766078,-0.00153155
55,57,0.997658,0.00539992,-0.00204658
55,58,0.997479,0.00312189,-0.0025782
55,59,0.997279,0.000832163,-0.003123
55,60,0.997056,-0.00146378,-0.00367758
55,61,0.996808,-0.00376049,-0.00423853
55,62,0.996533,-0.00605252,-0.00480248
55,63,0.996229,-0.0083344,-0.00536608
55,64,0.995896,-0.0106007,-0.00592603
55,65,0.995532,-0.012846,-0.0064791
55,66,0.995138,-0.0150647,-0.00702212
55,67,0.994714,-0.0172516,-0.00755197
55,68,0.994261,-0.019401,-0.00806562
55,69,0.993779,-0.0215075,-0.00856009
55,70,0.99327,-0.0235657,-0.0090325
55,71,0.992736,-0.0255702,-0.00948002
55,72,0.99218,-0.0275154,-0.00989995
55,73,0.991604,-0.0293961,-0.0102897
55,74,0.99101,-0.0312068,-0.0106467
55,75,0.990403,-0.0329422,-0.0109686
55,76,0.989784,-0.0345972,-0.0112533
55,77,0.989158,-0.0361665,-0.0114987
55,78,0.988529,-0.0376453,-0.0117031
55,79,0.987898,-0.0390285,-0.011865
55,80,0.98727,-0.0403115,-0.0119831
55,81,0.986647,-0.0414899,-0.0120564
55,82,0.986033,-0.0425592,-0.0120844
55,83,0.985429,-0.0435155,-0.0120667
55,84,0.984839,-0.0443549,-0.0120033
55,85,0.984263,-0.0450741,-0.0118947
55,86,0.983704,-0.0456699,-0.0117417
55,87,0.983162,-0.0461395,-0.0115453
55,88,0.982638,-0.0464806,-0.011307
55,89,0.982133,-0.0466913,-0.0110285
55,90,0.981646,-0.0467703,-0.0107119
55,91,0.981177,-0.0467166,-0.0103597
55,92,0.980726,-0.0465301,-0.00997436
55,93,0.980291,-0.046211,-0.00955882
55,94,0.979871,-0.0457603,-0.00911616
55,95,0.979465,-0.0451796,-0.00864967
55,96,0.97907,-0.0444714,-0.0081628
55,97,0.978685,-0.0436387,-0.00765913
55,98,0.978308,-0.0426852,-0.00714235
55,99,0.977936,-0.0416152,-0.00661624
55,100,0.977568,-0.0404337,-0.00608463
55,101,0.9772,-0.0391461,-0.00555139
55,102,0.976831,-0.037758,-0.00502037
55,103,0.976459,-0.0362756,-0.00449541
55,104,0.976082,-0.0347053,-0.00398031
55,105,0.975699,-0.0330538,-0.00347882
55,106,0.975308,-0.0313285,-0.00299462
55,107,0.974909,-0.0295379,-0.00253134
55,108,0.9745,-0.027692,-0.00209255
55,109,0.974083,-0.0258038,-0.00168173
55,110,0.973658,-0.02389,-0.00130232
55,111,0.973225,-0.0219724,-0.000957615
55,112,0.972787,-0.0200787,-0.000650757
55,113,0.972345,-0.0182428,-0.000384642
55,114,0.971904,-0.0165038,-0.000161818
55,115,0.971465,-0.0149034,1.56008e-05
55,116,0.971034,-0.0134816,0.00014601
55,117,0.970613,-0.0122707,0.000228366
55,118,0.970207,-0.01129,0.000262327
55,119,0.969821,-0.010541,0.000248758
55,120,0.969458,-0.010007,0.000191128
55,121,0.969123,-0.00965313,9.84246e-05
55,122,0.968818,-0.00942118,-1.04848e-05
55,123,0.968546,-0.00919626,-0.00010302
55,124,0.968308,-0.00870578,-0.000135921
55,125,0.968101,-0.00728011,-8.15673e-05
55,126,0.967928,-0.00335987,-1.46329e-07
55,127,1,-0.00343474,0
56,0,1,0,0
56,1,1.0209,0.00605214,-0.000655782
56,2,1.02082,0.0134911,-0.00177298
56,3,1.02066,0.0160707,-0.00254867
56,4,1.02041,0.0166105,-0.00307027
56,5,1.02008,0.0165469,-0.00345022
56,6,1.01966,0.0164683,-0.00376302
56,7,1.01917,0.0165734,-0.00404225
56,8,1.01861,0.0169178,-0.00429495
56,9,1.01799,0.0175111,-0.00451623
56,10,1.01732,0.0183446,-0.00469834
56,11,1.0166,0.0193956,-0.00483482
56,12,1.01585,0.0206297,-0.0049218
56,13,1.01507,0.022005,-0.00495779
56,14,1.01426,0.0234777,-0.00494307
56,15,1.01345,0.0250058,-0.0048791
56,16,1.01263,0.0265533,-0.004768
56,17,1.01181,0.0280906,-0.00461226
56,18,1.01099,0.0295948,-0.00441461
56,19,1.01018,0.0310482,-0.00417794
56,20,1.00939,0.0324379,-0.00390534
56,21,1.00862,0.0337531,-0.00360014
56,22,1.00786,0.0349854,-0.00326591
56,23,1.00713,0.0361269,-0.00290649
56,24,1.00643,0.0371706,-0.00252599
56,25,1.00575,0.0381096,-0.00212875
56,26,1.00511,0.0389376,-0.0017193
56,27,1.00449,0.0396485,-0.00130228
56,28,1.0039,0.0402369,-0.00088243
56,29,1.00335,0.0406982,-0.00046447
56,30,1.00283,0.0410286,-5.3083e-05
56,31,1.00234,0.0412251,0.00034716
56,32,1.00188,0.0412859,0.000731844
56,33,1.00145,0.0412098,0.00109675
56,34,1.00106,0.0409969,0.00143791
56,35,1.00069,0.0406478,0.00175161
56,36,1.00036,0.0401642,0.00203445
56,37,1.00005,0.0395484,0.00228332
56,38,0.999771,0.0388032,0.00249548
56,39,0.999519,0.0379321,0.00266855
56,40,0.999293,0.0369391,0.00280049
56,41,0.999091,0.0358285,0.00288966
56,42,0.998912,0.034605,0.00293481
56,43,0.998755,0.0332737,0.00293509
56,44,0.998617,0.0318397,0.00289003
56,45,0.998497,0.0303084,0.00279957
56,46,0.998392,0.0286855,0.00266404
56,47,0.998301,0.0269765,0.00248415
56,48,0.99822,0.0251874,0.00226097
56,49,0.998147,0.023324,0.00199596
56,50,0.99808,0.0213922,0.00169089
56,51,0.998015,0.0193979,0.00134784
56,52,0.99795,0.0173471,0.000969176
56,53,0.99788,0.0152459,0.000557521
56,54,0.997804,0.0131,0.000115713
56,55,0.997717,0.0109156,-0.000353232
56,56,0.997617,0.00869846,-0.000846146
56,57,0.997501,0.00645447,-0.00135975
56,58,0.997366,0.00418945,-0.00189069
56,59,0.997208,0.00190918,-0.00243555
56,60,0.997027,-0.00038062,-0.00299091
56,61,0.996819,-0.0026743,-0.00355335
56,62,0.996583,-0.00496624,-0.00411945
56,63,0.996318,-0.00725089,-0.00468585
56,64,0.996022,-0.00952275,-0.00524922
56,65,0.995695,-0.0117763,-0.00580629
56,66,0.995337,-0.0140063,-0.00635386
56,67,0.994948,-0.0162071,-0.00688877
56,68,0.994529,-0.0183736,-0.00740793
56,69,0.994081,-0.0205004,-0.00790833
56,70,0.993606,-0.0225821,-0.00838701
56,71,0.993105,-0.0246136,-0.00884112
56,72,0.992582,-0.0265897,-0.00926786
56,73,0.992039,-0.028505,-0.00966455
56,74,0.991479,-0.0303545,-0.0100286
56,75,0.990905,-0.032133,-0.0103577
56,76,0.99032,-0.0338354,-0.0106495
56,77,0.989729,-0.0354566,-0.010902
56,78,0.989134,-0.0369917,-0.0111133
56,79,0.988539,-0.0384358,-0.0112819
56,80,0.987947,-0.0397839,-0.0114065
56,81,0.987362,-0.0410313,-0.011486
56,82,0.986786,-0.0421734,-0.0115198
56,83,0.986221,-0.0432058,-0.0115075
56,84,0.98567,-0.0441241,-0.0114492
56,85,0.985135,-0.0449242,-0.0113452
56,86,0.984617,-0.0456024,-0.0111963
56,87,0.984118,-0.0461549,-0.0110036
56,88,0.983637,-0.0465787,-0.0107685
56,89,0.983175,-0.0468709,-0.0104928
56,90,0.982732,-0.0470291,-0.0101786
56,91,0.982307,-0.0470515,-0.0098282
56,92,0.9819,-0.046937,-0.00944432
56,93,0.98151,-0.0466847,-0.00902987
56,94,0.981135,-0.046295,-0.00858798
56,95,0.980773,-0.0457687,-0.00812199
56,96,0.980424,-0.0451074,-0.0076354
56,97,0.980084,-0.0443137,-0.00713187
56,98,0.979752,-0.043391,-0.00661518
56,99,0.979425,-0.0423434,-0.00608919
56,100,0.979102,-0.0411759,-0.00555783
56,101,0.97878,-0.039894,-0.00502505
56,102,0.978457,-0.0385038,-0.00449483
56,103,0.978132,-0.0370119,-0.0039711
56,104,0.977801,-0.0354252,-0.00345779
56,105,0.977465,-0.0337513,-0.00295875
56,106,0.977121,-0.0319982,-0.0024778
56,107,0.976769,-0.030175,-0.00201868
56,108,0.976407,-0.0282926,-0.00158508
56,109,0.976036,-0.0263646,-0.00118063
56,110,0.975656,-0.0244082,-0.000808893
56,111,0.975267,-0.0224456,-0.000473334
56,112,0.974872,-0.0205052,-0.000177252
56,113,0.974471,-0.0186212,7.62952e-05
56,114,0.974068,-0.016833,0.000284604
56,115,0.973665,-0.0151829,0.000445443
56,116,0.973266,-0.013711,0.000557151
56,117,0.972874,-0.0124503,0.000618725
56,118,0.972493,-0.0114204,0.000629972
56,119,0.972128,-0.0106243,0.000591983
56,120,0.971782,-0.0100482,0.000508419
56,121,0.971458,-0.00966431,0.000388173
56,122,0.97116,-0.00942581,0.000249573
56,123,0.970891,-0.00923091,0.000123822
56,124,0.97065,-0.00880866,5.01164e-05
56,125,0.970439,-0.00744779,4.93739e-05
56,126,0.970252,-0.00345021,5.5152e-05
56,127,1,-0.00343474,0
57,0,1,0,0
57,1,1.01729,0.00602447,-0.000655275
57,2,1.01726,0.0131761,-0.00173624
57,3,1.01714,0.0154985,-0.00248334
57,4,1.01694,0.0158992,-0.00299384
57,5,1.01666,0.0157959,-0.0033751
57,6,1.0163,0.0157348,-0.00369424
57,7,1.01588,0.0158828,-0.00397936
57,8,1.01538,0.0162783,-0.00423522
57,9,1.01483,0.0169252,-0.00445648
57,10,1.01424,0.0178145,-0.00463558
57,11,1.0136,0.018925,-0.00476643
57,12,1.01293,0.0202242,-0.00484545
57,13,1.01223,0.0216713,-0.00487141
57,14,1.01152,0.0232222,-0.00484484
57,15,1.01079,0.0248348,-0.00476743
57,16,1.01006,0.0264716,-0.00464151
57,17,1.00932,0.0281017,-0.00446983
57,18,1.0086,0.0297006,-0.00425532
57,19,1.00788,0.0312494,-0.0040011
57,20,1.00717,0.0327332,-0.00371045
57,21,1.00648,0.0341404,-0.00338685
57,22,1.00581,0.0354608,-0.003034
57,23,1.00516,0.0366859,-0.00265584
57,24,1.00453,0.0378076,-0.00225657
57,25,1.00393,0.0388184,-0.00184057
57,26,1.00336,0.0397113,-0.00141242
57,27,1.00281,0.0404802,-0.000976804
57,28,1.00229,0.0411195,-0.000538465
57,29,1.0018,0.0416245,-0.00010216
57,30,1.00134,0.0419916,0.00032741
57,31,1.00091,0.0422182,0.00074565
57,32,1.00051,0.0423029,0.00114812
57,33,1.00013,0.042245,0.00153057
57,34,0.99979,0.0420451,0.001889
57,35,0.999475,0.0417045,0.00221965
57,36,0.999188,0.0412256,0.00251907
57,37,0.99893,0.0406113,0.00278413
57,38,0.998698,0.0398651,0.00301204
57,39,0.998494,0.0389912,0.00320036
57,40,0.998314,0.0379941,0.00334701
57,41,0.998159,0.0368789,0.00345032
57,42,0.998028,0.0356507,0.00350899
57,43,0.997917,0.0343151,0.00352212
57,44,0.997827,0.0328777,0.00348923
57,45,0.997755,0.0313442,0.00341022
57,46,0.997698,0.0297204,0.00328539
57,47,0.997655,0.0280122,0.00311545
57,48,0.997624,0.0262254,0.00290146
57,49,0.9976,0.0243659,0.00264486
57,50,0.997582,0.0224396,0.00234741
57,51,0.997566,0.0204521,0.0020112
57,52,0.997549,0.0184093,0.00163859
57,53,0.997528,0.0163168,0.00123221
57,54,0.9975,0.0141802,0.000794902
57,55,0.99746,0.0120053,0.000329681
57,56,0.997407,0.00979751,-0.000160278
57,57,0.997336,0.00756243,-0.000671691
57,58,0.997245,0.00530555,-0.00120119
57,59,0.997132,0.00303238,-0.00174537
57,60,0.996993,0.000748386,-0.00230078
57,61,0.996827,-0.00154097,-0.002864
57,62,0.996631,-0.00383022,-0.00343158
57,63,0.996405,-0.00611392,-0.00400016
57,64,0.996148,-0.0083866,-0.00456637
57,65,0.995858,-0.0106428,-0.00512693
57,66,0.995536,-0.012877,-0.00567857
57,67,0.995183,-0.0150839,-0.00621812
57,68,0.994799,-0.0172577,-0.00674244
57,69,0.994385,-0.0193932,-0.00724845
57,70,0.993943,-0.0214847,-0.00773317
57,71,0.993475,-0.0235267,-0.00819365
57,72,0.992985,-0.0255137,-0.00862706
57,73,0.992473,-0.0274403,-0.00903066
57,74,0.991944,-0.0293009,-0.00940181
57,75,0.991401,-0.0310902,-0.00973806
57,76,0.990847,-0.0328027,-0.0100371
57,77,0.990285,-0.0344332,-0.0102968
57,78,0.98972,-0.0359765,-0.0105152
57,79,0.989154,-0.0374274,-0.0106908
57,80,0.988591,-0.0387812,-0.0108221
57,81,0.988034,-0.040033,-0.0109082
57,82,0.987486,-0.0411783,-0.0109484
57,83,0.98695,-0.0422128,-0.0109421
57,84,0.986427,-0.0431324,-0.0108895
57,85,0.98592,-0.0439334,-0.0107909
57,86,0.985431,-0.0446123,-0.010647
57,87,0.98496,-0.045166,-0.0104588
57,88,0.984509,-0.0455919,-0.0102278
57,89,0.984078,-0.0458878,-0.00995584
57,90,0.983668,-0.0460518,-0.0096449
57,91,0.983277,-0.0460829,-0.00929742
57,92,0.982906,-0.0459803,-0.00891605
57,93,0.982553,-0.045744,-0.00850375
57,94,0.982218,-0.0453746,-0.00806367
57,95,0.981899,-0.0448735,-0.00759919
57,96,0.981594,-0.0442426,-0.00711387
57,97,0.981301,-0.0434848,-0.00661142
57,98,0.981019,-0.0426034,-0.00609568
57,99,0.980746,-0.0416024,-0.00557059
57,100,0.980478,-0.0404865,-0.00504015
57,101,0.980214,-0.0392609,-0.00450842
57,102,0.979952,-0.037931,-0.00397945
57,103,0.979689,-0.0365026,-0.00345729
57,104,0.979422,-0.0349819,-0.00294596
57,105,0.979151,-0.0333752,-0.00244945
57,106,0.978873,-0.0316897,-0.00197166
57,107,0.978586,-0.0299332,-0.00151646
57,108,0.978291,-0.0281156,-0.00108768
57,109,0.977985,-0.026249,-0.000689079
57,110,0.977668,-0.0243498,-0.000324357
57,111,0.977342,-0.022439,2.86724e-06
57,112,0.977006,-0.020544,0.000289124
57,113,0.976662,-0.0186984,0.000531183
57,114,0.976312,-0.0169409,0.000726173
57,115,0.975959,-0.0153133,0.000871727
57,116,0.975604,-0.0138559,0.000966111
57,117,0.975253,-0.0126016,0.00100835
57,118,0.974908,-0.0115705,0.000998407
57,119,0.974573,-0.0107671,0.000937594
57,120,0.974252,-0.0101814,0.000829763
57,121,0.973948,-0.00979251,0.000683754
57,122,0.973664,-0.00956507,0.000517086
57,123,0.973403,-0.00940999,0.000358821
57,124,0.973165,-0.00905646,0.000244875
57,125,0.972949,-0.00774824,0.000188835
57,126,0.972755,-0.00364431,0.000106825
57,127,1,-0.00343474,0
58,0,1,0,0
58,1,1.01356,0.0058366,-0.00064069
58,2,1.01356,0.0126765,-0.00168512
58,3,1.01349,0.0147444,-0.0023973
58,4,1.01334,0.0150059,-0.00289364
58,5,1.01311,0.0148485,-0.00327539
58,6,1.01282,0.0147767,-0.00360001
58,7,1.01246,0.0149274,-0.00389016
58,8,1.01203,0.0153238,-0.0041484
58,9,1.01156,0.0159643,-0.0043689
58,10,1.01104,0.0168394,-0.00454436
58,11,1.01048,0.0179299,-0.00466905
58,12,1.00989,0.0192053,-0.00473976
58,13,1.00928,0.0206264,-0.00475552
58,14,1.00865,0.0221509,-0.0047171
58,15,1.008,0.0237373,-0.00462643
58,16,1.00735,0.0253492,-0.00448608
58,17,1.00669,0.0269566,-0.00429902
58,18,1.00604,0.0285356,-0.00406841
58,19,1.0054,0.0300683,-0.00379757
58,20,1.00477,0.0315408,-0.00348997
58,21,1.00415,0.0329423,-0.00314923
58,22,1.00355,0.034264,-0.00277917
58,23,1.00297,0.0354979,-0.00238383
58,24,1.00241,0.0366369,-0.00196745
58,25,1.00188,0.037674,-0.00153447
58,26,1.00137,0.0386026,-0.00108947
58,27,1.00089,0.0394166,-0.000637148
58,28,1.00044,0.0401104,-0.000182248
58,29,1.00001,0.040679,0.000270476
58,30,0.999615,0.0411183,0.000716327
58,31,0.999248,0.0414249,0.00115071
58,32,0.998911,0.0415965,0.00156918
58,33,0.998602,0.0416317,0.00196748
58,34,0.998323,0.0415298,0.00234159
58,35,0.998073,0.0412912,0.00268773
58,36,0.99785,0.040917,0.00300243
58,37,0.997655,0.040409,0.00328252
58,38,0.997487,0.0397698,0.00352516
58,39,0.997345,0.0390025,0.00372788
58,40,0.997228,0.0381105,0.00388856
58,41,0.997135,0.037098,0.00400548
58,42,0.997064,0.0359693,0.0040773
58,43,0.997014,0.0347292,0.00410308
58,44,0.996983,0.0333827,0.00408229
58,45,0.996969,0.0319349,0.0040148
58,46,0.99697,0.0303913,0.00390088
58,47,0.996983,0.0287574,0.0037412
58,48,0.997007,0.027039,0.0035368
58,49,0.997037,0.0252417,0.00328909
58,50,0.997072,0.0233715,0.00299982
58,51,0.997108,0.0214342,0.00267106
58,52,0.997142,0.0194357,0.00230517
58,53,0.997171,0.017382,0.00190476
58,54,0.997191,0.0152791,0.00147266
58,55,0.9972,0.0131327,0.00101188
58,56,0.997193,0.0109489,0.000525601
58,57,0.997167,0.00873348,1.7098e-05
58,58,0.997121,0.00649225,-0.000510263
58,59,0.997051,0.00423099,-0.00105307
58,60,0.996954,0.00195542,-0.00160787
58,61,0.996829,-0.000328803,-0.00217123
58,62,0.996674,-0.00261605,-0.00273971
58,63,0.996488,-0.00490077,-0.00330991
58,64,0.996269,-0.00717743,-0.00387845
58,65,0.996017,-0.00944056,-0.00444202
58,66,0.995732,-0.0116847,-0.00499733
58,67,0.995415,-0.0139045,-0.00554115
58,68,0.995067,-0.0160945,-0.00607032
58,69,0.994688,-0.0182493,-0.00658171
58,70,0.994281,-0.0203637,-0.00707228
58,71,0.993849,-0.0224324,-0.00753902
58,72,0.993392,-0.0244499,-0.00797906
58,73,0.992916,-0.026411,-0.00838957
58,74,0.992422,-0.0283106,-0.00876788
58,75,0.991914,-0.0301432,-0.00911144
58,76,0.991395,-0.0319037,-0.00941789
58,77,0.99087,-0.0335869,-0.00968504
58,78,0.990341,-0.0351877,-0.00991094
58,79,0.989813,-0.036701,-0.0100939
58,80,0.989288,-0.0381216,-0.0102325
58,81,0.988771,-0.0394448,-0.0103257
58,82,0.988263,-0.0406656,-0.0103726
58,83,0.987767,-0.0417793,-0.010373
58,84,0.987286,-0.0427814,-0.0103266
58,85,0.986822,-0.0436675,-0.0102339
58,86,0.986376,-0.0444334,-0.0100955
58,87,0.985949,-0.0450753,-0.00991246
58,88,0.985543,-0.0455897,-0.00968622
58,89,0.985157,-0.0459733,-0.00941853
58,90,0.984792,-0.0462235,-0.00911148
58,91,0.984448,-0.046338,-0.00876747
58,92,0.984123,-0.0463152,-0.00838918
58,93,0.983817,-0.0461541,-0.00797958
58,94,0.983529,-0.0458544,-0.00754186
58,95,0.983258,-0.0454166,-0.00707945
58,96,0.983001,-0.0448419,-0.00659595
58,97,0.982757,-0.0441326,-0.00609514
58,98,0.982524,-0.0432915,-0.00558091
58,99,0.9823,-0.0423225,-0.00505729
58,100,0.982082,-0.0412301,-0.00452835
58,101,0.981869,-0.0400196,-0.00399824
58,102,0.981658,-0.0386967,-0.00347109
58,103,0.981448,-0.0372677,-0.00295105
58,104,0.981235,-0.0357394,-0.00244224
58,105,0.981018,-0.0341189,-0.00194873
58,106,0.980796,-0.0324139,-0.00147453
58,107,0.980566,-0.0306332,-0.00102363
58,108,0.980328,-0.0287872,-0.000599927
58,109,0.98008,-0.026889,-0.000207314
58,110,0.979822,-0.0249553,0.000150386
58,111,0.979554,-0.0230079,0.000469421
58,112,0.979275,-0.0210744,0.000746173
58,113,0.978988,-0.0191887,0.000977251
58,114,0.978692,-0.0173903,0.00115963
58,115,0.978391,-0.0157213,0.00129081
58,116,0.978086,-0.0142222,0.00136898
58,117,0.97778,-0.0129263,0.0013932
58,118,0.977477,-0.0118545,0.00136356
58,119,0.977178,-0.0110124,0.00128163
58,120,0.976888,-0.0103926,0.00115145
58,121,0.97661,-0.00997996,0.000981673
58,122,0.976345,-0.00974866,0.000788936
58,123,0.976097,-0.00961942,0.000600095
58,124,0.975866,-0.0093178,0.000445652
58,125,0.975651,-0.00803787,0.000330967
58,126,0.975449,-0.00379318,0.000165757
58,127,1,-0.00343474,0
59,0,1,0,0
59,1,1.00974,0.00573559,-0.000626581
59,2,1.00978,0.0122589,-0.00161601
59,3,1.00976,0.0141053,-0.00228967
59,4,1.00966,0.0142645,-0.00277002
59,5,1.0095,0.0140876,-0.00315023
59,6,1.00927,0.01404,-0.00347898
59,7,1.00899,0.0142337,-0.00377305
59,8,1.00865,0.0146798,-0.00403267
59,9,1.00826,0.0153728,-0.00425164
59,10,1.00783,0.0163034,-0.00442294
59,11,1.00736,0.0174539,-0.00454124
59,12,1.00687,0.0187951,-0.00460366
59,13,1.00635,0.020289,-0.00460949
59,14,1.00582,0.021893,-0.00455974
59,15,1.00528,0.0235652,-0.00445651
59,16,1.00472,0.0252681,-0.0043026
59,17,1.00417,0.0269702,-0.00410117
59,18,1.00361,0.0286464,-0.00385558
59,19,1.00307,0.030277,-0.00356934
59,20,1.00253,0.0318468,-0.00324606
59,21,1.002,0.0333437,-0.0028895
59,22,1.00149,0.0347575,-0.00250359
59,23,1.00099,0.0360791,-0.00209244
59,24,1.00052,0.0373005,-0.00166035
59,25,1.00006,0.038414,-0.00121177
59,26,0.999629,0.0394124,-0.000751298
59,27,0.999219,0.0402892,-0.000283639
59,28,0.998834,0.0410386,0.000186466
59,29,0.998473,0.0416555,0.000654275
59,30,0.998138,0.0421361,0.0011151
59,31,0.99783,0.0424772,0.00156435
59,32,0.997548,0.0426768,0.00199758
59,33,0.997293,0.0427341,0.00241053
59,34,0.997065,0.0426489,0.00279917
59,35,0.996863,0.0424224,0.00315971
59,36,0.996689,0.0420562,0.00348864
59,37,0.996541,0.0415528,0.00378279
59,38,0.996419,0.0409156,0.00403927
59,39,0.996323,0.0401481,0.00425557
59,40,0.996251,0.0392548,0.00442955
59,41,0.996203,0.0382401,0.00455943
59,42,0.996178,0.037109,0.00464384
59,43,0.996173,0.0358668,0.0046818
59,44,0.996188,0.0345189,0.00467274
59,45,0.996221,0.0330707,0.0046165
59,46,0.996269,0.0315281,0.00451331
59,47,0.99633,0.0298966,0.00436381
59,48,0.996401,0.028182,0.00416901
59,49,0.996479,0.0263901,0.00393029
59,50,0.996562,0.0245267,0.0036494
59,51,0.996646,0.0225974,0.00332837
59,52,0.996728,0.0206079,0.00296953
59,53,0.996805,0.018564,0.00257549
59,54,0.996872,0.0164713,0.00214906
59,55,0.996927,0.0143353,0.00169324
59,56,0.996966,0.0121616,0.00121119
59,57,0.996986,0.00995575,0.000706162
59,58,0.996984,0.00772328,0.000181525
59,59,0.996958,0.00546968,-0.000359317
59,60,0.996904,0.0032004,-0.000912928
59,61,0.996821,0.000920932,-0.00147586
59,62,0.996707,-0.00136328,-0.00204468
59,63,0.99656,-0.00364676,-0.00261597
59,64,0.99638,-0.00592405,-0.00318635
59,65,0.996167,-0.00818967,-0.00375246
59,66,0.99592,-0.0104381,-0.00431101
59,67,0.99564,-0.0126639,-0.00485873
59,68,0.995328,-0.0148615,-0.00539241
59,69,0.994985,-0.0170253,-0.00590888
59,70,0.994614,-0.0191498,-0.00640504
59,71,0.994216,-0.0212294,-0.00687784
59,72,0.993794,-0.0232586,-0.00732434
59,73,0.993351,-0.0252317,-0.00774166
59,74,0.992891,-0.0271432,-0.00812707
59,75,0.992416,-0.0289875,-0.00847795
59,76,0.99193,-0.0307591,-0.00879188
59,77,0.991438,-0.0324526,-0.00906661
59,78,0.990941,-0.0340627,-0.00930015
59,79,0.990444,-0.035584,-0.00949074
59,80,0.989951,-0.0370115,-0.00963692
59,81,0.989464,-0.0383402,-0.00973755
59,82,0.988987,-0.0395653,-0.00979182
59,83,0.988521,-0.0406822,-0.00979926
59,84,0.988071,-0.0416866,-0.0097598
59,85,0.987637,-0.0425745,-0.00967371
59,86,0.987221,-0.043342,-0.00954164
59,87,0.986826,-0.0439859,-0.00936464
59,88,0.986451,-0.0445031,-0.00914408
59,89,0.986098,-0.044891,-0.00888172
59,90,0.985767,-0.0451475,-0.00857964
59,91,0.985457,-0.045271,-0.00824024
59,92,0.985169,-0.0452607,-0.00786621
59,93,0.984902,-0.045116,-0.00746053
59,94,0.984656,-0.0448372,-0.00702641
59,95,0.984428,-0.0444253,-0.00656731
59,96,0.984217,-0.043882,-0.00608686
59,97,0.984023,-0.0432098,-0.00558888
59,98,0.983842,-0.0424117,-0.00507734
59,99,0.983673,-0.0414915,-0.00455629
59,100,0.983515,-0.0404537,-0.0040299
59,101,0.983363,-0.039303,-0.00350236
59,102,0.983218,-0.0380449,-0.00297791
59,103,0.983075,-0.0366848,-0.00246076
59,104,0.982932,-0.0352288,-0.00195512
59,105,0.982788,-0.0336829,-0.00146515
59,106,0.98264,-0.0320538,-0.000994947
59,107,0.982486,-0.0303492,-0.00054858
59,108,0.982324,-0.0285783,-0.000130062
59,109,0.982153,-0.0267528,0.000256629
59,110,0.981972,-0.0248882,0.000607553
59,111,0.98178,-0.0230051,0.000918834
59,112,0.981577,-0.0211301,0.00118671
59,113,0.981362,-0.0192962,0.00140765
59,114,0.981137,-0.0175419,0.00157846
59,115,0.980903,-0.0159089,0.00169651
59,116,0.980661,-0.0144377,0.00175992
59,117,0.980413,-0.0131615,0.00176776
59,118,0.980163,-0.0121019,0.00172029
59,119,0.979912,-0.0112658,0.0016193
59,120,0.979663,-0.0106487,0.00146903
59,121,0.979419,-0.0102413,0.001278
59,122,0.979182,-0.0100267,0.00106167
59,123,0.978954,-0.00993439,0.000843942
59,124,0.978735,-0.0096842,0.000650551
59,125,0.978524,-0.00841794,0.000477998
59,126,0.978322,-0.00400375,0.000219632
59,127,1,-0.00343474,0
60,0,1,0,0
60,1,1.00587,0.00551195,-0.000598665
60,2,1.00595,0.0117052,-0.00153225
60,3,1.00597,0.0133403,-0.00216149
60,4,1.00592,0.0134012,-0.0026223
60,5,1.00582,0.0131927,-0.00299901
60,6,1.00566,0.0131432,-0.00332983
60,7,1.00545,0.0133424,-0.00362596
60,8,1.00519,0.0137911,-0.00388542
60,9,1.00489,0.0144803,-0.00410158
60,10,1.00455,0.0154006,-0.00426772
60,11,1.00418,0.0165359,-0.00437893
60,12,1.00378,0.0178586,-0.00443264
60,13,1.00336,0.0193319,-0.00442843
60,14,1.00292,0.0209145,-0.00436748
60,15,1.00246,0.0225653,-0.0042521
60,16,1.002,0.0242475,-0.00408525
60,17,1.00153,0.0259302,-0.00387028
60,18,1.00106,0.027589,-0.00361073
60,19,1.0006,0.0292051,-0.00331027
60,20,1.00014,0.0307643,-0.00297266
60,21,0.99969,0.0322554,-0.00260177
60,22,0.999253,0.0336691,-0.00220162
60,23,0.99883,0.0349976,-0.00177637
60,24,0.998424,0.0362334,-0.00133035
60,25,0.998037,0.0373697,-0.000868034
60,26,0.99767,0.0383997,-0.000394017
60,27,0.997326,0.0393173,8.70256e-05
60,28,0.997005,0.0401167,0.000570373
60,29,0.996708,0.0407926,0.00105131
60,30,0.996436,0.0413407,0.00152518
60,31,0.99619,0.0417573,0.00198742
60,32,0.995971,0.0420397,0.0024336
60,33,0.995778,0.0421861,0.00285948
60,34,0.995612,0.0421956,0.00326102
60,35,0.995472,0.042068,0.00363445
60,36,0.99536,0.041804,0.00397623
60,37,0.995273,0.0414051,0.00428317
60,38,0.995212,0.0408734,0.00455238
60,39,0.995177,0.0402115,0.00478129
60,40,0.995165,0.0394227,0.00496774
60,41,0.995177,0.0385106,0.00510991
60,42,0.99521,0.0374794,0.00520638
60,43,0.995264,0.0363334,0.00525613
60,44,0.995337,0.0350775,0.00525855
60,45,0.995426,0.0337165,0.00521342
60,46,0.995529,0.0322557,0.00512094
60,47,0.995645,0.0307005,0.00498171
60,48,0.99577,0.0290564,0.00479669
60,49,0.995901,0.027329,0.00456725
60,50,0.996036,0.0255241,0.00429507
60,51,0.996171,0.0236474,0.00398216
60,52,0.996303,0.0217049,0.00363083
60,53,0.996429,0.0197023,0.00324365
60,54,0.996544,0.0176457,0.00282341
60,55,0.996646,0.0155407,0.00237308
60,56,0.996731,0.0133934,0.0018958
60,57,0.996796,0.0112096,0.00139482
60,58,0.996838,0.00899495,0.000873465
60,59,0.996855,0.00675535,0.000335139
60,60,0.996843,0.00449649,-0.000216733
60,61,0.996802,0.00222401,-0.00077871
60,62,0.996728,-5.64484e-05,-0.00134736
60,63,0.996622,-0.00233933,-0.00191925
60,64,0.996481,-0.00461908,-0.002491
60,65,0.996306,-0.00689022,-0.00305925
60,66,0.996098,-0.00914728,-0.00362065
60,67,0.995855,-0.0113848,-0.00417191
60,68,0.995581,-0.0135974,-0.0047098
60,69,0.995275,-0.0157797,-0.0052311
60,70,0.99494,-0.0179262,-0.00573266
60,71,0.994579,-0.0200317,-0.00621138
60,72,0.994194,-0.0220906,-0.00666426
60,73,0.993788,-0.0240978,-0.00708838
60,74,0.993365,-0.0260478,-0.00748093
60,75,0.992928,-0.0279353,-0.00783924
60,76,0.99248,-0.0297549,-0.00816083
60,77,0.992026,-0.0315014,-0.0084434
60,78,0.991569,-0.0331695,-0.00868488
60,79,0.991112,-0.0347539,-0.00888346
60,80,0.99066,-0.0362494,-0.00903764
60,81,0.990214,-0.0376509,-0.0091462
60,82,0.989779,-0.0389534,-0.0092083
60,83,0.989358,-0.0401519,-0.00922343
60,84,0.988951,-0.0412415,-0.00919145
60,85,0.988562,-0.0422178,-0.0091126
60,86,0.988192,-0.0430761,-0.00898751
60,87,0.987843,-0.0438125,-0.00881718
60,88,0.987516,-0.0444229,-0.00860298
60,89,0.98721,-0.0449039,-0.00834664
60,90,0.986927,-0.0452525,-0.00805022
60,91,0.986666,-0.0454659,-0.00771613
60,92,0.986428,-0.0455423,-0.00734707
60,93,0.98621,-0.0454801,-0.00694601
60,94,0.986013,-0.0452788,-0.00651621
60,95,0.985836,-0.0449384,-0.00606115
60,96,0.985676,-0.0444597,-0.0055845
60,97,0.985533,-0.0438445,-0.00509012
60,98,0.985405,-0.0430955,-0.00458205
60,99,0.985289,-0.042216,-0.00406439
60,100,0.985184,-0.0412103,-0.00354137
60,101,0.985088,-0.0400834,-0.00301728
60,102,0.984998,-0.0388407,-0.00249639
60,103,0.984913,-0.0374883,-0.00198303
60,104,0.98483,-0.0360327,-0.00148145
60,105,0.984747,-0.0344807,-0.000995883
60,106,0.984662,-0.0328397,-0.000530514
60,107,0.984573,-0.0311183,-8.94693e-05
60,108,0.984478,-0.0293264,0.000323167
60,109,0.984375,-0.0274765,0.000703343
60,110,0.984263,-0.0255847,0.00104704
60,111,0.984142,-0.0236723,0.00135029
60,112,0.984009,-0.0217663,0.00160923
60,113,0.983866,-0.0199001,0.00182019
60,114,0.98371,-0.0181126,0.00197988
60,115,0.983545,-0.0164461,0.00208553
60,116,0.983369,-0.0149413,0.00213523
60,117,0.983184,-0.0136322,0.00212807
60,118,0.982992,-0.0125409,0.00206445
60,119,0.982795,-0.0116752,0.00194644
60,120,0.982593,-0.0110331,0.00177848
60,121,0.98239,-0.0106093,0.00156881
60,122,0.982187,-0.0103937,0.00133167
60,123,0.981984,-0.010321,0.00108787
60,124,0.981783,-0.0101013,0.000856304
60,125,0.981581,-0.00882014,0.000623924
60,126,0.981378,-0.0042026,0.000278963
60,127,1,-0.00343474,0
61,0,1,0,0
61,1,1.002,0.00534945,-0.000570243
61,2,1.00211,0.0112172,-0.00143138
61,3,1.00217,0.012676,-0.00201316
61,4,1.00218,0.0126734,-0.00245204
61,5,1.00214,0.0124638,-0.00282221
61,6,1.00206,0.0124423,-0.00315266
61,7,1.00192,0.0126817,-0.00344877
61,8,1.00175,0.0131755,-0.00370632
61,9,1.00154,0.0139131,-0.00391835
61,10,1.0013,0.0148856,-0.00407844
61,11,1.00103,0.0160781,-0.00418208
61,12,1.00073,0.0174644,-0.00422702
61,13,1.00041,0.0190085,-0.00421304
61,14,1.00008,0.0206688,-0.0041415
61,15,0.999732,0.0224037,-0.00401483
61,16,0.999375,0.0241755,-0.00383613
61,17,0.999011,0.025952,-0.00360889
61,18,0.998646,0.0277074,-0.00333678
61,19,0.99828,0.0294214,-0.00302358
61,20,0.997919,0.0310784,-0.00267318
61,21,0.997563,0.0326658,-0.00228953
61,22,0.997216,0.0341732,-0.00187671
61,23,0.996881,0.0355914,-0.00143893
61,24,0.996558,0.0369121,-0.000980539
61,25,0.99625,0.0381276,-0.00050601
61,26,0.995959,0.0392306,-1.99246e-05
61,27,0.995686,0.0402143,0.00047306
61,28,0.995433,0.0410727,0.000968253
61,29,0.9952,0.0418005,0.00146097
61,30,0.994989,0.0423934,0.00194658
61,31,0.9948,0.0428479,0.00242054
61,32,0.994635,0.0431618,0.00287845
61,33,0.994494,0.0433335,0.00331608
61,34,0.994378,0.0433627,0.0037294
61,35,0.994286,0.04325,0.00411463
61,36,0.99422,0.0429966,0.00446824
61,37,0.994178,0.0426047,0.00478701
61,38,0.994161,0.0420771,0.00506802
61,39,0.994169,0.0414172,0.00530869
61,40,0.9942,0.0406288,0.00550682
61,41,0.994255,0.0397163,0.00566056
61,42,0.994331,0.0386843,0.00576844
61,43,0.994428,0.0375376,0.00582941
61,44,0.994544,0.0362816,0.0058428
61,45,0.994677,0.0349214,0.00580838
61,46,0.994825,0.0334626,0.00572628
61,47,0.994986,0.0319107,0.00559707
61,48,0.995156,0.0302714,0.00542168
61,49,0.995333,0.0285501,0.00520142
61,50,0.995513,0.0267527,0.00493795
61,51,0.995694,0.0248847,0.00463325
61,52,0.995872,0.0229517,0.00428958
61,53,0.996043,0.0209594,0.00390948
61,54,0.996204,0.0189135,0.00349571
61,55,0.996351,0.0168193,0.00305121
61,56,0.996481,0.0146825,0.00257909
61,57,0.99659,0.0125087,0.00208256
61,58,0.996676,0.0103032,0.00156493
61,59,0.996735,0.00807165,0.00102959
61,60,0.996766,0.00581943,0.000479926
61,61,0.996766,0.00355202,-8.0619e-05
61,62,0.996734,0.00127489,-0.000648621
61,63,0.996668,-0.0010065,-0.00122066
61,64,0.996567,-0.00328666,-0.00179334
61,65,0.996432,-0.00556013,-0.00236327
61,66,0.996262,-0.00782138,-0.00292712
61,67,0.996058,-0.0100649,-0.00348156
61,68,0.995821,-0.0122851,-0.00402331
61,69,0.995554,-0.0144764,-0.00454912
61,70,0.995256,-0.0166333,-0.00505579
61,71,0.994932,-0.01875,-0.0055402
61,72,0.994584,-0.020821,-0.00599926
61,73,0.994215,-0.0228406,-0.00643002
61,74,0.993828,-0.0248031,-0.0068296
61,75,0.993427,-0.0267029,-0.00719529
61,76,0.993016,-0.0285343,-0.00752453
61,77,0.992597,-0.0302919,-0.00781498
61,78,0.992175,-0.03197,-0.00806451
61,79,0.991753,-0.0335633,-0.00827128
61,80,0.991335,-0.0350664,-0.0084337
61,81,0.990924,-0.0364742,-0.00855054
61,82,0.990522,-0.0377818,-0.00862089
61,83,0.990134,-0.0389841,-0.00864421
61,84,0.989761,-0.0400768,-0.0086203
61,85,0.989405,-0.0410553,-0.0085494
61,86,0.989068,-0.0419158,-0.00843207
61,87,0.988753,-0.0426544,-0.00826929
61,88,0.988459,-0.0432679,-0.00806241
61,89,0.988188,-0.0437533,-0.00781313
61,90,0.987941,-0.0441082,-0.00752351
61,91,0.987717,-0.0443306,-0.00719593
61,92,0.987516,-0.0444191,-0.00683309
61,93,0.987339,-0.0443731,-0.00643799
61,94,0.987185,-0.0441925,-0.00601387
61,95,0.987053,-0.0438778,-0.00556424
61,96,0.986941,-0.0434304,-0.00509281
61,97,0.986849,-0.0428525,-0.00460346
61,98,0.986774,-0.0421469,-0.00410026
61,99,0.986716,-0.0413172,-0.00358738
61,100,0.986672,-0.0403675,-0.0030691
61,101,0.986641,-0.0393025,-0.00254975
61,102,0.986619,-0.0381273,-0.00203369
61,103,0.986606,-0.0368474,-0.00152527
61,104,0.986598,-0.0354686,-0.00102883
61,105,0.986593,-0.0339967,-0.000548661
61,106,0.986588,-0.0324383,-8.89947e-05
61,107,0.986583,-0.0308005,0.000345985
61,108,0.986573,-0.0290922,0.000752142
61,109,0.986557,-0.0273246,0.00112537
61,110,0.986533,-0.0255124,0.0014616
61,111,0.9865,-0.0236756,0.00175678
61,112,0.986456,-0.0218399,0.00200698
61,113,0.986399,-0.0200377,0.00220842
61,114,0.986329,-0.0183071,0.00235769
61,115,0.986246,-0.0166896,0.00245197
61,116,0.98615,-0.0152257,0.00248926
61,117,0.986041,-0.0139497,0.00246872
61,118,0.985919,-0.012884,0.00239092
61,119,0.985786,-0.012038,0.00225818
61,120,0.985643,-0.0114117,0.00207516
61,121,0.98549,-0.0110041,0.00184989
61,122,0.985328,-0.0108106,0.00159509
61,123,0.985159,-0.0107698,0.00132775
61,124,0.984982,-0.0105792,0.00106053
61,125,0.984794,-0.00926688,0.000770296
61,126,0.984598,-0.00442069,0.000331257
61,127,1,-0.00343474,0
62,0,1,0,0
62,1,0.99815,0.00510453,-0.000529181
62,2,0.998291,0.010646,-0.00131778
62,3,0.998392,0.0119443,-0.00184691
62,4,0.998451,0.0118837,-0.00226004
62,5,0.998469,0.0116624,-0.0026208
62,6,0.998449,0.0116444,-0.00294787
62,7,0.998394,0.0118886,-0.00324128
62,8,0.998304,0.0123833,-0.00349472
62,9,0.998183,0.013116,-0.00370085
62,10,0.998034,0.0140786,-0.00385353
62,11,0.997858,0.0152572,-0.00394865
62,12,0.997658,0.0166269,-0.00398426
62,13,0.997438,0.0181526,-0.00396033
62,14,0.997201,0.0197937,-0.00387834
62,15,0.996949,0.0215091,-0.00374082
62,16,0.996686,0.0232617,-0.00355098
62,17,0.996413,0.0250198,-0.00331239
62,18,0.996136,0.0267583,-0.00302883
62,19,0.995856,0.0284577,-0.00270419
62,20,0.995576,0.0301031,-0.00234242
62,21,0.995299,0.031683,-0.00194756
62,22,0.995027,0.0331879,-0.00152372
62,23,0.994764,0.0346097,-0.00107515
62,24,0.994511,0.035941,-0.000606185
62,25,0.994271,0.0371748,-0.000121298
62,26,0.994046,0.0383044,0.000374959
62,27,0.993837,0.0393236,0.000877968
62,28,0.993646,0.0402264,0.00138308
62,29,0.993474,0.0410075,0.00188566
62,30,0.993324,0.0416623,0.00238111
62,31,0.993196,0.0421868,0.00286495
62,32,0.99309,0.0425782,0.0033328
62,33,0.993009,0.0428342,0.00378046
62,34,0.992951,0.0429535,0.00420393
62,35,0.992918,0.0429356,0.00459942
62,36,0.99291,0.0427809,0.00496343
62,37,0.992927,0.0424903,0.00529271
62,38,0.992968,0.0420656,0.00558433
62,39,0.993033,0.0415092,0.00583571
62,40,0.993122,0.0408237,0.00604458
62,41,0.993233,0.0400127,0.00620908
62,42,0.993366,0.0390797,0.0063277
62,43,0.993519,0.0380291,0.00639934
62,44,0.99369,0.0368651,0.00642329
62,45,0.993877,0.0355926,0.00639926
62,46,0.994078,0.0342165,0.00632735
62,47,0.994291,0.032742,0.00620807
62,48,0.994513,0.0311744,0.0060423
62,49,0.99474,0.0295192,0.00583131
62,50,0.994971,0.027782,0.00557671
62,51,0.9952,0.0259684,0.00528042
62,52,0.995426,0.0240843,0.00494469
62,53,0.995644,0.0221354,0.00457199
62,54,0.995851,0.0201275,0.00416505
62,55,0.996044,0.0180664,0.00372677
62,56,0.996218,0.015958,0.00326021
62,57,0.996371,0.0138081,0.00276856
62,58,0.9965,0.0116224,0.00225511
62,59,0.996602,0.00940667,0.0017232
62,60,0.996675,0.00716663,0.00117621
62,61,0.996716,0.00490793,0.000617551
62,62,0.996724,0.00263619,5.06466e-05
62,63,0.996698,0.000356981,-0.000521094
62,64,0.996638,-0.00192415,-0.00109427
62,65,0.996542,-0.00420169,-0.00166549
62,66,0.996411,-0.00647017,-0.0022314
62,67,0.996246,-0.00872411,-0.00278866
62,68,0.996048,-0.0109581,-0.00333394
62,69,0.995819,-0.0131666,-0.00386398
62,70,0.995561,-0.0153444,-0.00437554
62,71,0.995276,-0.0174858,-0.00486544
62,72,0.994967,-0.0195857,-0.00533055
62,73,0.994638,-0.0216384,-0.00576787
62,74,0.994291,-0.0236386,-0.00617447
62,75,0.99393,-0.0255809,-0.00654758
62,76,0.993559,-0.0274599,-0.0068846
62,77,0.993182,-0.0292701,-0.00718312
62,78,0.992803,-0.0310062,-0.00744096
62,79,0.992424,-0.0326627,-0.00765623
62,80,0.99205,-0.0342344,-0.00782728
62,81,0.991683,-0.0357158,-0.00795284
62,82,0.991327,-0.0371019,-0.00803194
62,83,0.990985,-0.0383874,-0.00806398
62,84,0.990659,-0.0395673,-0.00804876
62,85,0.990351,-0.0406367,-0.00798642
62,86,0.990064,-0.0415909,-0.00787752
62,87,0.989797,-0.0424255,-0.00772299
62,88,0.989554,-0.0431362,-0.00752415
62,89,0.989333,-0.0437192,-0.00728268
62,90,0.989137,-0.0441711,-0.00700062
62,91,0.988965,-0.0444889,-0.00668035
62,92,0.988817,-0.0446702,-0.00632455
62,93,0.988692,-0.0447132,-0.00593623
62,94,0.988591,-0.0446169,-0.00551865
62,95,0.988512,-0.0443809,-0.00507532
62,96,0.988454,-0.0440057,-0.00461
62,97,0.988416,-0.0434927,-0.00412661
62,98,0.988397,-0.0428442,-0.00362926
62,99,0.988395,-0.0420631,-0.00312217
62,100,0.988408,-0.0411536,-0.00260967
62,101,0.988435,-0.0401201,-0.00209614
62,102,0.988473,-0.0389681,-0.00158602
62,103,0.988521,-0.0377033,-0.00108371
62,104,0.988577,-0.036332,-0.000593594
62,105,0.988638,-0.0348608,-0.000120013
62,106,0.988702,-0.033297,0.000332763
62,107,0.988767,-0.0316486,0.000760519
62,108,0.988831,-0.0299254,0.00115909
62,109,0.988891,-0.0281393,0.00152436
62,110,0.988945,-0.0263059,0.00185223
62,111,0.988992,-0.0244456,0.00213863
62,112,0.989029,-0.0225848,0.00237958
62,113,0.989054,-0.0207564,0.00257125
62,114,0.989067,-0.0189989,0.00271019
62,115,0.989066,-0.0173542,0.00279351
62,116,0.98905,-0.0158637,0.00281921
62,117,0.989018,-0.0145621,0.00278652
62,118,0.98897,-0.0134727,0.00269619
62,119,0.988906,-0.0126059,0.00255086
62,120,0.988825,-0.0119633,0.00235538
62,121,0.988728,-0.0115465,0.00211747
62,122,0.988614,-0.011354,0.00184829
62,123,0.988483,-0.0113239,0.00156088
62,124,0.988335,-0.0111371,0.00125966
62,125,0.988167,-0.00976121,0.000911061
62,126,0.987979,-0.00465608,0.000387136
62,127,1,-0.00343474,0
63,0,1,0,0
63,1,0.994371,0.00489903,-0.000487903
63,2,0.994539,0.0101291,-0.00119001
63,3,0.994676,0.0113019,-0.00166438
63,4,0.99478,0.0112149,-0.00204914
63,5,0.994855,0.0110077,-0.0023968
63,6,0.994902,0.0110183,-0.00271726
63,7,0.994921,0.0112964,-0.00300517
63,8,0.994915,0.011828,-0.00325216
63,9,0.994883,0.0126013,-0.00345059
63,10,0.994829,0.0136089,-0.00359459
63,11,0.994752,0.0148385,-0.00368043
63,12,0.994655,0.016266,-0.00370641
63,13,0.99454,0.0178567,-0.00367266
63,14,0.994409,0.0195701,-0.00358073
63,15,0.994263,0.0213647,-0.00343319
63,16,0.994104,0.0232022,-0.00323329
63,17,0.993937,0.0250499,-0.00298465
63,18,0.993761,0.0268814,-0.00269109
63,19,0.993581,0.0286758,-0.00235655
63,20,0.993398,0.0304167,-0.00198502
63,21,0.993215,0.0320914,-0.00158058
63,22,0.993034,0.0336891,-0.00114737
63,23,0.992858,0.0352006,-0.000689615
63,24,0.992688,0.0366173,-0.000211668
63,25,0.992527,0.0379314,0.000282038
63,26,0.992376,0.0391355,0.000786982
63,27,0.992238,0.0402228,0.00129859
63,28,0.992114,0.0411869,0.00181224
63,29,0.992006,0.0420223,0.00232337
63,30,0.991915,0.0427244,0.00282741
63,31,0.991843,0.0432895,0.0033199
63,32,0.991791,0.0437148,0.00379653
63,33,0.99176,0.0439985,0.0042531
63,34,0.99175,0.0441399,0.00468563
63,35,0.991763,0.0441391,0.00509036
63,36,0.991799,0.043997,0.00546377
63,37,0.991858,0.0437153,0.00580261
63,38,0.991941,0.0432965,0.00610394
63,39,0.992047,0.0427434,0.00636515
63,40,0.992176,0.0420597,0.00658396
63,41,0.992327,0.0412493,0.00675845
63,42,0.9925,0.0403166,0.00688711
63,43,0.992692,0.0392661,0.00696877
63,44,0.992903,0.0381028,0.00700269
63,45,0.993131,0.0368317,0.00698854
63,46,0.993374,0.0354581,0.00692637
63,47,0.993628,0.0339873,0.00681663
63,48,0.993892,0.0324247,0.00666019
63,49,0.994162,0.0307759,0.00645824
63,50,0.994435,0.0290464,0.00621235
63,51,0.994707,0.0272417,0.00592442
63,52,0.994976,0.0253673,0.00559661
63,53,0.995237,0.0234288,0.00523138
63,54,0.995487,0.0214318,0.0048314
63,55,0.995723,0.0193817,0.00439953
63,56,0.99594,0.017284,0.00393879
63,57,0.996135,0.0151443,0.00345232
63,58,0.996307,0.012968,0.00294337
63,59,0.99645,0.0107605,0.00241525
63,60,0.996565,0.00852737,0.00187132
63,61,0.996647,0.006274,0.00131496
63,62,0.996696,0.00400586,0.00074957
63,63,0.996711,0.0017284,0.00017855
63,64,0.99669,-0.000552891,-0.000394703
63,65,0.996635,-0.00283253,-0.000966799
63,66,0.996544,-0.005105,-0.00153437
63,67,0.996419,-0.00736477,-0.00209405
63,68,0.996261,-0.00960625,-0.0026425
63,69,0.996071,-0.0118238,-0.00317643
63,70,0.995853,-0.0140119,-0.00369254
63,71,0.995607,-0.0161648,-0.00418764
63,72,0.995338,-0.0182768,-0.00465854
63,73,0.995048,-0.0203422,-0.00510219
63,74,0.994741,-0.0223552,-0.00551563
63,75,0.99442,-0.0243102,-0.00589602
63,76,0.994089,-0.0262013,-0.00624073
63,77,0.993751,-0.0280231,-0.00654728
63,78,0.99341,-0.0297697,-0.00681346
63,79,0.993069,-0.0314356,-0.00703731
63,80,0.992733,-0.0330154,-0.00721717
63,81,0.992405,-0.0345037,-0.00735169
63,82,0.992086,-0.0358952,-0.00743988
63,83,0.991781,-0.037185,-0.00748108
63,84,0.991492,-0.0383681,-0.00747505
63,85,0.991221,-0.0394401,-0.00742191
63,86,0.990969,-0.0403964,-0.00732216
63,87,0.990739,-0.0412333,-0.00717672
63,88,0.990533,-0.0419468,-0.00698686
63,89,0.99035,-0.0425339,-0.00675424
63,90,0.990191,-0.0429916,-0.00648088
63,91,0.990058,-0.0433178,-0.00616913
63,92,0.989951,-0.0435106,-0.00582168
63,93,0.989869,-0.043569,-0.00544152
63,94,0.989812,-0.0434924,-0.00503192
63,95,0.989779,-0.0432812,-0.00459641
63,96,0.989771,-0.0429365,-0.00413875
63,97,0.989785,-0.04246,-0.00366291
63,98,0.989822,-0.0418543,-0.003173
63,99,0.989879,-0.0411226,-0.0026733
63,100,0.989955,-0.0402691,-0.00216817
63,101,0.990049,-0.0392981,-0.00166205
63,102,0.990158,-0.0382148,-0.0011594
63,103,0.99028,-0.0370244,-0.000664686
63,104,0.990414,-0.0357325,-0.000182322
63,105,0.990557,-0.034345,0.000283323
63,106,0.990706,-0.0328682,0.000727951
63,107,0.990859,-0.031309,0.00114734
63,108,0.991014,-0.0296758,0.00153731
63,109,0.991168,-0.0279794,0.00189376
63,110,0.991317,-0.0262338,0.00221258
63,111,0.991461,-0.0244582,0.00248972
63,112,0.991595,-0.0226775,0.00272118
63,113,0.991718,-0.0209234,0.00290314
63,114,0.991827,-0.0192333,0.00303209
63,115,0.991921,-0.0176488,0.00310514
63,116,0.991997,-0.0162106,0.0031203
63,117,0.992054,-0.0149537,0.00307688
63,118,0.99209,-0.0139024,0.00297589
63,119,0.992105,-0.0130679,0.00282023
63,120,0.992095,-0.0124536,0.00261502
63,121,0.992062,-0.0120632,0.0023677
63,122,0.992003,-0.0118972,0.00208762
63,123,0.991918,-0.0118909,0.00178316
63,124,0.991805,-0.0117056,0.00145123
63,125,0.991662,-0.0102497,0.00104747
63,126,0.991491,-0.0048672,0.000433659
63,127,1,-0.00343474,0
64,0,1,0,0
64,1,0.990684,0.00465266,-0.000435937
64,2,0.99087,0.00958287,-0.00105332
64,3,0.991036,0.010649,-0.00146875
64,4,0.991181,0.0105413,-0.00182141
64,5,0.991306,0.0103383,-0.0021527
64,6,0.991413,0.0103544,-0.00246299
64,7,0.991501,0.0106333,-0.00274221
64,8,0.991571,0.0111602,-0.00298008
64,9,0.991622,0.0119238,-0.00316863
64,10,0.991654,0.012918,-0.00330227
64,11,0.991668,0.0141311,-0.00337758
64,12,0.991664,0.0155401,-0.00339312
64,13,0.991643,0.0171111,-0.00334913
64,14,0.991606,0.018804,-0.00324719
64,15,0.991553,0.0205779,-0.0030899
64,16,0.991486,0.0223949,-0.00288048
64,17,0.991408,0.0242227,-0.00262256
64,18,0.991319,0.0260355,-0.00231999
64,19,0.991222,0.0278131,-0.0019767
64,20,0.991119,0.0295398,-0.00159672
64,21,0.991013,0.0312038,-0.00118412
64,22,0.990906,0.0327953,-0.000743041
64,23,0.990801,0.034306,-0.000277715
64,24,0.990699,0.0357285,0.000207548
64,25,0.990604,0.0370555,0.000708349
64,26,0.990517,0.0382806,0.00122021
64,27,0.990441,0.0393971,0.00173862
64,28,0.990377,0.0403993,0.00225902
64,29,0.990328,0.0412815,0.00277687
64,30,0.990295,0.0420391,0.0032877
64,31,0.99028,0.0426678,0.00378709
64,32,0.990285,0.0431645,0.00427076
64,33,0.990309,0.0435267,0.00473457
64,34,0.990356,0.0437527,0.00517456
64,35,0.990424,0.0438417,0.00558699
64,36,0.990516,0.0437937,0.00596835
64,37,0.99063,0.0436092,0.00631541
64,38,0.990768,0.0432896,0.0066252
64,39,0.990928,0.042837,0.00689511
64,40,0.991111,0.0422536,0.00712284
64,41,0.991316,0.0415426,0.00730643
64,42,0.991542,0.0407074,0.00744433
64,43,0.991787,0.0397517,0.00753534
64,44,0.99205,0.0386798,0.00757868
64,45,0.992329,0.037496,0.00757395
64,46,0.992622,0.0362051,0.00752118
64,47,0.992926,0.034812,0.00742075
64,48,0.993238,0.0333218,0.00727347
64,49,0.993556,0.0317399,0.00708049
64,50,0.993876,0.0300717,0.00684332
64,51,0.994195,0.0283227,0.00656381
64,52,0.994509,0.0264986,0.00624406
64,53,0.994815,0.0246049,0.00588648
64,54,0.995109,0.0226475,0.00549369
64,55,0.995387,0.0206321,0.00506849
64,56,0.995647,0.0185645,0.00461386
64,57,0.995885,0.0164503,0.0041329
64,58,0.996098,0.0142954,0.00362882
64,59,0.996283,0.0121055,0.00310487
64,60,0.996438,0.00988614,0.00256439
64,61,0.996561,0.00764308,0.00201072
64,62,0.99665,0.00538188,0.00144726
64,63,0.996705,0.00310814,0.00087737
64,64,0.996725,0.000827397,0.000304454
64,65,0.996709,-0.00145483,-0.000268108
64,66,0.996659,-0.00373306,-0.000836936
64,67,0.996574,-0.0060018,-0.00139866
64,68,0.996456,-0.0082556,-0.00194993
64,69,0.996307,-0.010489,-0.0024874
64,70,0.99613,-0.0126965,-0.00300778
64,71,0.995926,-0.0148728,-0.00350782
64,72,0.995698,-0.0170123,-0.00398431
64,73,0.995451,-0.0191095,-0.00443414
64,74,0.995186,-0.0211591,-0.00485431
64,75,0.994908,-0.0231555,-0.00524196
64,76,0.994621,-0.0250933,-0.00559437
64,77,0.994328,-0.0269668,-0.00590906
64,78,0.994033,-0.0287708,-0.00618375
64,79,0.993739,-0.0304996,-0.00641644
64,80,0.99345,-0.0321477,-0.00660541
64,81,0.993169,-0.0337098,-0.00674927
64,82,0.9929,-0.0351804,-0.00684698
64,83,0.992645,-0.0365541,-0.00689785
64,84,0.992406,-0.0378258,-0.00690158
64,85,0.992186,-0.0389902,-0.00685825
64,86,0.991987,-0.0400425,-0.00676833
64,87,0.99181,-0.0409778,-0.00663267
64,88,0.991657,-0.0417917,-0.00645254
64,89,0.991528,-0.04248,-0.00622956
64,90,0.991424,-0.0430389,-0.00596571
64,91,0.991346,-0.0434652,-0.00566334
64,92,0.991294,-0.0437559,-0.00532512
64,93,0.991268,-0.0439089,-0.00495403
64,94,0.991267,-0.0439228,-0.00455336
64,95,0.991291,-0.0437968,-0.00412665
64,96,0.991339,-0.043531,-0.00367767
64,97,0.991412,-0.0431264,-0.00321041
64,98,0.991506,-0.0425849,-0.00272904
64,99,0.991623,-0.0419093,-0.00223787
64,100,0.991759,-0.0411032,-0.00174131
64,101,0.991914,-0.0401709,-0.00124383
64,102,0.992086,-0.0391176,-0.000749944
64,103,0.992273,-0.0379488,-0.000264153
64,104,0.992474,-0.0366707,0.00020909
64,105,0.992686,-0.0352897,0.000665398
64,106,0.992907,-0.0338129,0.00110047
64,107,0.993135,-0.0322481,0.00151008
64,108,0.993367,-0.0306046,0.00189008
64,109,0.9936,-0.028894,0.0022364
64,110,0.993833,-0.0271312,0.00254498
64,111,0.994061,-0.0253359,0.0028118
64,112,0.994283,-0.0235339,0.00303294
64,113,0.994495,-0.0217572,0.00320458
64,114,0.994695,-0.020044,0.00332326
64,115,0.994878,-0.0184363,0.00338612
64,116,0.995044,-0.0169758,0.00339124
64,117,0.995188,-0.0156983,0.00333808
64,118,0.995308,-0.014629,0.00322786
64,119,0.995401,-0.0137804,0.00306385
64,120,0.995466,-0.013157,0.00285142
64,121,0.995499,-0.0127631,0.00259764
64,122,0.995499,-0.012598,0.00231001
64,123,0.995463,-0.0125901,0.00199223
64,124,0.99539,-0.0123763,0.00163178
64,125,0.995276,-0.0108051,0.00117368
64,126,0.995123,-0.00512156,0.000482167
64,127,1,-0.00343474,0
65,0,1,0,0
65,1,0.987127,0.00442508,-0.000385091
65,2,0.987329,0.00907957,-0.000906899
65,3,0.987519,0.0100726,-0.00126252
65,4,0.987699,0.00997138,-0.00158072
65,5,0.98787,0.00979383,-0.00189179
65,6,0.988031,0.00983593,-0.00218837
65,7,0.988184,0.0101395,-0.00245573
65,8,0.988326,0.0106921,-0.00268182
65,9,0.988456,0.011485,-0.00285836
65,10,0.988573,0.0125138,-0.00298002
65,11,0.988677,0.0137679,-0.0030437
65,12,0.988767,0.0152251,-0.00304817
65,13,0.988842,0.0168521,-0.00299376
65,14,0.988903,0.0186086,-0.00288203
65,15,0.988949,0.0204531,-0.00271554
65,16,0.988982,0.0223472,-0.00249744
65,17,0.989002,0.0242574,-0.00223131
65,18,0.989011,0.0261566,-0.00192096
65,19,0.98901,0.0280233,-0.00157029
65,20,0.989001,0.0298408,-0.0011833
65,21,0.988986,0.0315956,-0.00076404
65,22,0.988967,0.0332768,-0.000316619
65,23,0.988946,0.0348749,0.000154776
65,24,0.988926,0.0363813,0.000645876
65,25,0.988907,0.037788,0.00115233
65,26,0.988894,0.0390875,0.00166973
65,27,0.988887,0.0402727,0.0021936
65,28,0.988889,0.0413371,0.00271946
65,29,0.988902,0.042275,0.00324283
65,30,0.988928,0.0430815,0.00375927
65,31,0.988968,0.0437526,0.00426443
65,32,0.989024,0.044285,0.00475407
65,33,0.989098,0.0446768,0.00522408
65,34,0.989191,0.0449266,0.00567053
65,35,0.989303,0.0450343,0.00608969
65,36,0.989436,0.0450004,0.00647807
65,37,0.989591,0.0448261,0.00683243
65,38,0.989768,0.0445136,0.00714981
65,39,0.989966,0.0440654,0.00742758
65,40,0.990187,0.0434846,0.00766341
65,41,0.990429,0.042775,0.00785532
65,42,0.990691,0.0419404,0.00800173
65,43,0.990973,0.0409853,0.00810141
65,44,0.991273,0.0399142,0.00815352
65,45,0.991589,0.038732,0.00815763
65,46,0.99192,0.0374436,0.00811372
65,47,0.992262,0.0360543,0.00802213
65,48,0.992612,0.0345691,0.00788361
65,49,0.992969,0.0329935,0.00769926
65,50,0.993328,0.0313329,0.00747055
65,51,0.993687,0.0295926,0.00719926
65,52,0.994041,0.0277781,0.00688745
65,53,0.994387,0.0258948,0.00653747
65,54,0.994721,0.0239482,0.00615188
65,55,0.99504,0.0219437,0.00573344
65,56,0.99534,0.0198868,0.00528506
65,57,0.995619,0.0177829,0.00480981
65,58,0.995872,0.0156374,0.00431082
65,59,0.996097,0.0134558,0.00379133
65,60,0.996293,0.0112436,0.00325462
65,61,0.996456,0.00900607,0.00270401
65,62,0.996586,0.00674872,0.00214284
65,63,0.996681,0.004477,0.00157449
65,64,0.996741,0.00219637,0.00100231
65,65,0.996766,-8.76844e-05,0.000429699
65,66,0.996756,-0.00236965,-0.000139973
65,67,0.996713,-0.00464397,-0.000703328
65,68,0.996636,-0.00690508,-0.001257
65,69,0.996529,-0.00914735,-0.00179763
65,70,0.996393,-0.0113651,-0.00232189
65,71,0.996231,-0.0135527,-0.0028265
65,72,0.996046,-0.0157043,-0.00330823
65,73,0.995841,-0.0178143,-0.00376393
65,74,0.99562,-0.0198767,-0.00419056
65,75,0.995385,-0.0218859,-0.00458521
65,76,0.99514,-0.023836,-0.00494515
65,77,0.99489,-0.0257212,-0.00526783
65,78,0.994637,-0.0275359,-0.00555093
65,79,0.994386,-0.0292742,-0.00579243
65,80,0.994139,-0.0309306,-0.00599056
65,81,0.9939,-0.0324996,-0.0061439
65,82,0.993672,-0.0339757,-0.00625136
65,83,0.993458,-0.0353538,-0.00631222
65,84,0.993259,-0.0366286,-0.00632613
65,85,0.99308,-0.0377954,-0.00629314
65,86,0.992921,-0.0388495,-0.00621367
65,87,0.992784,-0.0397867,-0.00608857
65,88,0.99267,-0.0406028,-0.00591904
65,89,0.992582,-0.0412945,-0.00570668
65,90,0.992519,-0.0418584,-0.00545345
65,91,0.992483,-0.0422919,-0.00516167
65,92,0.992474,-0.0425928,-0.00483399
65,93,0.992492,-0.0427598,-0.00447339
65,94,0.992538,-0.042792,-0.00408315
65,95,0.992611,-0.0426892,-0.0036668
65,96,0.992711,-0.0424522,-0.00322813
65,97,0.992837,-0.0420825,-0.00277116
65,98,0.992989,-0.0415823,-0.00230005
65,99,0.993166,-0.0409547,-0.00181916
65,100,0.993367,-0.0402034,-0.00133291
65,101,0.99359,-0.0393328,-0.000845826
65,102,0.993834,-0.0383478,-0.000362438
65,103,0.994097,-0.0372536,0.00011273
65,104,0.994377,-0.0360557,0.000575205
65,105,0.994673,-0.03476,0.00102059
65,106,0.994981,-0.0333724,0.0014446
65,107,0.995299,-0.0318999,0.00184303
65,108,0.995625,-0.0303504,0.00221178
65,109,0.995955,-0.0287342,0.00254683
65,110,0.996287,-0.0270648,0.0028442
65,111,0.996616,-0.0253605,0.00309995
65,112,0.99694,-0.0236455,0.00331022
65,113,0.997254,-0.0219506,0.00347129
65,114,0.997556,-0.0203129,0.00357976
65,115,0.99784,-0.0187735,0.00363283
65,116,0.998104,-0.0173738,0.00362868
65,117,0.998344,-0.0161501,0.00356694
65,118,0.998556,-0.0151285,0.00344909
65,119,0.998736,-0.0143226,0.00327878
65,120,0.99888,-0.0137378,0.00306164
65,121,0.998986,-0.0133787,0.00280442
65,122,0.99905,-0.0132421,0.00251257
65,123,0.999069,-0.0132464,0.0021845
65,124,0.99904,-0.0130017,0.00179923
65,125,0.998961,-0.0113001,0.0012911
65,126,0.998836,-0.00530708,0.000519005
65,127,1,-0.00343474,0
66,0,1,0,0
66,1,0.983713,0.00419804,-0.000325931
66,2,0.983922,0.0085983,-0.000756503
66,3,0.984131,0.00953792,-0.00104941
66,4,0.984339,0.00944836,-0.00132994
66,5,0.984547,0.00928688,-0.00161765
66,6,0.984756,0.00933366,-0.00189695
66,7,0.984963,0.00963116,-0.00214913
66,8,0.985168,0.0101707,-0.00236058
66,9,0.985367,0.0109461,-0.00252272
66,10,0.985559,0.0119544,-0.00263044
66,11,0.985741,0.0131861,-0.00268096
66,12,0.985912,0.0146196,-0.00267322
66,13,0.986071,0.0162219,-0.00260759
66,14,0.986216,0.0179535,-0.00248565
66,15,0.986347,0.0197732,-0.00230983
66,16,0.986463,0.0216427,-0.00208321
66,17,0.986566,0.0235291,-0.00180928
66,18,0.986655,0.0254056,-0.00149177
66,19,0.986732,0.0272514,-0.00113453
66,20,0.986799,0.0290503,-0.000741492
66,21,0.986857,0.0307898,-0.000316667
66,22,0.986908,0.0324599,0.000135888
66,23,0.986955,0.0340519,0.000612041
66,24,0.986999,0.0355583,0.00110758
66,25,0.987044,0.0369717,0.00161823
66,26,0.987091,0.0382856,0.00213963
66,27,0.987143,0.0394932,0.00266739
66,28,0.987203,0.0405886,0.0031971
66,29,0.987272,0.0415662,0.00372435
66,30,0.987353,0.042421,0.00424477
66,31,0.987448,0.0431486,0.00475407
66,32,0.987558,0.0437456,0.00524805
66,33,0.987685,0.0442091,0.00572267
66,34,0.98783,0.0445372,0.00617403
66,35,0.987995,0.0447288,0.00659843
66,36,0.988181,0.0447835,0.0069924
66,37,0.988388,0.0447015,0.00735272
66,38,0.988617,0.0444838,0.00767643
66,39,0.988867,0.0441319,0.00796088
66,40,0.989138,0.0436481,0.00820374
66,41,0.989431,0.0430349,0.008403
66,42,0.989743,0.0422954,0.00855705
66,43,0.990075,0.0414332,0.00866462
66,44,0.990424,0.0404519,0.00872485
66,45,0.990788,0.0393559,0.00873725
66,46,0.991165,0.0381495,0.00870173
66,47,0.991554,0.0368375,0.00861861
66,48,0.99195,0.0354247,0.00848857
66,49,0.992352,0.0339163,0.00831267
66,50,0.992756,0.0323175,0.00809229
66,51,0.993157,0.0306336,0.00782917
66,52,0.993554,0.0288702,0.00752532
66,53,0.993942,0.0270328,0.00718301
66,54,0.994318,0.025127,0.00680475
66,55,0.994678,0.0231585,0.00639323
66,56,0.995019,0.021133,0.00595132
66,57,0.995337,0.0190561,0.00548202
66,58,0.995631,0.0169335,0.00498841
66,59,0.995896,0.0147708,0.00447369
66,60,0.996131,0.0125739,0.00394109
66,61,0.996334,0.0103481,0.0033939
66,62,0.996504,0.00809922,0.00283542
66,63,0.996639,0.00583271,0.00226899
66,64,0.99674,0.00355414,0.00169797
66,65,0.996805,0.00126903,0.00112573
66,66,0.996836,-0.00101714,0.000555639
66,67,0.996834,-0.00329887,-8.92625e-06
66,68,0.996799,-0.00557069,-0.000564587
66,69,0.996734,-0.00782714,-0.00110798
66,70,0.996641,-0.0100627,-0.00163575
66,71,0.996523,-0.012272,-0.0021446
66,72,0.996382,-0.0144495,-0.00263126
66,73,0.996221,-0.0165897,-0.00309257
66,74,0.996045,-0.0186871,-0.00352545
66,75,0.995856,-0.0207362,-0.00392696
66,76,0.995659,-0.0227314,-0.00429433
66,77,0.995456,-0.0246672,-0.00462498
66,78,0.995252,-0.0265379,-0.00491656
66,79,0.995051,-0.0283381,-0.005167
66,80,0.994854,-0.0300621,-0.0053745
66,81,0.994667,-0.0317044,-0.00553759
66,82,0.994491,-0.0332593,-0.00565516
66,83,0.99433,-0.0347213,-0.00572643
66,84,0.994186,-0.0360851,-0.00575103
66,85,0.994061,-0.0373453,-0.00572894
66,86,0.993958,-0.0384966,-0.00566058
66,87,0.993877,-0.039534,-0.00554671
66,88,0.993821,-0.0404527,-0.00538853
66,89,0.99379,-0.0412483,-0.00518758
66,90,0.993786,-0.0419166,-0.00494581
66,91,0.993808,-0.0424538,-0.00466551
66,92,0.993858,-0.042857,-0.00434931
66,93,0.993935,-0.0431234,-0.00400017
66,94,0.994041,-0.0432511,-0.00362136
66,95,0.994174,-0.0432391,-0.00321643
66,96,0.994334,-0.0430871,-0.00278917
66,97,0.994521,-0.0427955,-0.0023436
66,98,0.994734,-0.042366,-0.00188394
66,99,0.994973,-0.0418008,-0.00141454
66,100,0.995237,-0.0411034,-0.000939872
66,101,0.995524,-0.0402779,-0.000464489
66,102,0.995833,-0.039329,7.05053e-06
66,103,0.996163,-0.0382622,0.0004702
66,104,0.996512,-0.0370833,0.000920474
66,105,0.996878,-0.0357988,0.00135348
66,106,0.997259,-0.0344155,0.00176495
66,107,0.997653,-0.032941,0.00215073
66,108,0.998057,-0.0313842,0.00250678
66,109,0.998468,-0.0297562,0.00282916
66,110,0.998883,-0.0280715,0.003114
66,111,0.999299,-0.0263491,0.0033575
66,112,0.999711,-0.0246139,0.0035559
66,113,1.00011,-0.0228973,0.00370562
66,114,1.00051,-0.0212372,0.00380337
66,115,1.00088,-0.0196754,0.0038465
66,116,1.00124,-0.0182544,0.00383332
66,117,1.00157,-0.0170116,0.00376367
66,118,1.00187,-0.0159746,0.00363933
66,119,1.00213,-0.0151583,0.00346433
66,120,1.00235,-0.0145687,0.0032446
66,121,1.00253,-0.0142091,0.00298649
66,122,1.00266,-0.0140706,0.00269338
66,123,1.00273,-0.0140568,0.00235848
66,124,1.00275,-0.0137469,0.00195068
66,125,1.00271,-0.0118782,0.0013944
66,126,1.00261,-0.00556081,0.000556896
66,127,1,-0.00343474,0
67,0,1,0,0
67,1,0.980469,0.00396757,-0.000269846
67,2,0.980684,0.00814439,-0.000601414
67,3,0.980906,0.00906128,-0.000832237
67,4,0.981136,0.00900597,-0.00107343
67,5,0.981376,0.00887772,-0.0013343
67,6,0.981625,0.00894565,-0.00159295
67,7,0.981881,0.00925683,-0.00182689
67,8,0.982141,0.00980899,-0.00202099
67,9,0.982403,0.0106002,-0.00216646
67,10,0.982664,0.0116299,-0.00225843
67,11,0.98292,0.0128899,-0.00229439
67,12,0.98317,0.0143595,-0.00227345
67,13,0.983411,0.0160059,-0.00219605
67,14,0.983641,0.0177894,-0.00206367
67,15,0.983859,0.0196686,-0.00187863
67,16,0.984064,0.0216044,-0.00164389
67,17,0.984255,0.0235632,-0.0013628
67,18,0.984433,0.0255169,-0.00103896
67,19,0.984598,0.0274436,-0.000676131
67,20,0.984752,0.0293258,-0.000278151
67,21,0.984895,0.0311497,0.000151066
67,22,0.985029,0.0329041,0.000607536
67,23,0.985156,0.0345792,0.00108721
67,24,0.985278,0.0361661,0.00158596
67,25,0.985397,0.0376568,0.00209957
67,26,0.985515,0.0390434,0.00262379
67,27,0.985635,0.0403187,0.00315429
67,28,0.985758,0.0414761,0.00368674
67,29,0.985888,0.0425095,0.0042168
67,30,0.986026,0.0434138,0.00474016
67,31,0.986174,0.0441844,0.00525261
67,32,0.986335,0.0448182,0.00574998
67,33,0.986509,0.0453124,0.00622828
67,34,0.9867,0.0456655,0.00668365
67,35,0.986907,0.0458769,0.00711242
67,36,0.987133,0.0459467,0.00751114
67,37,0.987379,0.0458758,0.00787658
67,38,0.987644,0.0456658,0.00820579
67,39,0.98793,0.0453191,0.00849613
67,40,0.988237,0.0448383,0.00874523
67,41,0.988564,0.0442267,0.00895109
67,42,0.98891,0.0434881,0.00911205
67,43,0.989276,0.0426264,0.00922682
67,44,0.989658,0.0416459,0.00929449
67,45,0.990057,0.0405513,0.00931454
67,46,0.990469,0.0393472,0.00928685
67,47,0.990892,0.0380385,0.00921167
67,48,0.991324,0.0366304,0.00908964
67,49,0.991761,0.0351278,0.00892176
67,50,0.9922,0.0335362,0.00870938
67,51,0.992638,0.0318606,0.00845415
67,52,0.993072,0.0301064,0.00815804
67,53,0.993497,0.028279,0.00782325
67,54,0.99391,0.0263837,0.00745224
67,55,0.994308,0.0244259,0.00704764
67,56,0.994687,0.0224109,0.00661226
67,57,0.995044,0.0203441,0.00614903
67,58,0.995375,0.018231,0.00566098
67,59,0.995679,0.0160768,0.00515126
67,60,0.995954,0.0138869,0.00462304
67,61,0.996196,0.0116669,0.00407957
67,62,0.996405,0.00942205,0.00352413
67,63,0.996581,0.00715781,0.00296001
67,64,0.996722,0.00487963,0.00239056
67,65,0.996828,0.00259299,0.00181912
67,66,0.9969,0.000303398,0.00124905
67,67,0.99694,-0.0019836,0.000683728
67,68,0.996948,-0.00426243,0.000126538
67,69,0.996926,-0.00652745,-0.000419147
67,70,0.996877,-0.00877299,-0.000949968
67,71,0.996802,-0.0109933,-0.0014626
67,72,0.996706,-0.0131827,-0.00195376
67,73,0.996591,-0.0153354,-0.00242025
67,74,0.99646,-0.0174455,-0.00285898
67,75,0.996318,-0.0195071,-0.00326698
67,76,0.996166,-0.0215145,-0.00364145
67,77,0.99601,-0.0234617,-0.00397978
67,78,0.995852,-0.025343,-0.00427961
67,79,0.995696,-0.0271525,-0.00453881
67,80,0.995546,-0.0288844,-0.00475559
67,81,0.995404,-0.0305332,-0.00492843
67,82,0.995273,-0.0320933,-0.00505618
67,83,0.995156,-0.0335591,-0.00513804
67,84,0.995056,-0.0349255,-0.0051736
67,85,0.994976,-0.0361873,-0.00516283
67,86,0.994916,-0.0373396,-0.00510608
67,87,0.994878,-0.0383779,-0.00500411
67,88,0.994865,-0.0392978,-0.00485806
67,89,0.994878,-0.0400955,-0.00466944
67,90,0.994918,-0.0407673,-0.00444018
67,91,0.994985,-0.0413103,-0.00417252
67,92,0.995081,-0.041722,-0.00386908
67,93,0.995205,-0.0420004,-0.00353281
67,94,0.995359,-0.0421443,-0.00316694
67,95,0.995543,-0.0421533,-0.00277502
67,96,0.995756,-0.0420277,-0.00236084
67,97,0.995999,-0.0417685,-0.00192843
67,98,0.996271,-0.0413777,-0.00148199
67,99,0.996572,-0.0408582,-0.00102591
67,100,0.9969,-0.0402132,-0.00056467
67,101,0.997256,-0.0394472,-0.000102828
67,102,0.997638,-0.0385647,0.00035504
67,103,0.998044,-0.0375709,0.000804383
67,104,0.998473,-0.0364712,0.00124072
67,105,0.998923,-0.0352713,0.00165969
67,106,0.999391,-0.0339772,0.00205704
67,107,0.999875,-0.0325956,0.00242869
67,108,1.00037,-0.0311341,0.00277068
67,109,1.00088,-0.0296026,0.00307919
67,110,1.00139,-0.028014,0.00335047
67,111,1.00191,-0.0263857,0.00358087
67,112,1.00242,-0.0247413,0.00376678
67,113,1.00292,-0.0231107,0.00390478
67,114,1.00342,-0.0215304,0.00399174
67,115,1.00389,-0.0200417,0.00402515
67,116,1.00435,-0.0186868,0.00400349
67,117,1.00477,-0.0175035,0.00392684
67,118,1.00516,-0.0165204,0.00379729
67,119,1.00551,-0.0157538,0.00361926
67,120,1.00582,-0.0152103,0.00339896
67,121,1.00607,-0.0148911,0.00314241
67,122,1.00626,-0.01478,0.00285077
67,123,1.0064,-0.0147632,0.00251155
67,124,1.00646,-0.0143864,0.0020849
67,125,1.00646,-0.012339,0.00148565
67,126,1.0064,-0.00570081,0.000581195
67,127,1,-0.00343474,0
68,0,1,0,0
68,1,0.977401,0.00377803,-0.000207799
68,2,0.977614,0.00775944,-0.000447529
68,3,0.977843,0.00867242,-0.000614719
68,4,0.978089,0.00865558,-0.000814253
68,5,0.978352,0.00855189,-0.00104578
68,6,0.978632,0.00862187,-0.00128065
68,7,0.978926,0.00891902,-0.00149329
68,8,0.979232,0.0094483,-0.00166734
68,9,0.979546,0.0102122,-0.00179378
68,10,0.979863,0.0112124,-0.00186795
68,11,0.980181,0.0124416,-0.00188762
68,12,0.980496,0.0138796,-0.00185206
68,13,0.980805,0.0154941,-0.00176173
68,14,0.981105,0.0172458,-0.00161804
68,15,0.981394,0.0190935,-0.0014232
68,16,0.98167,0.0209985,-0.00118
68,17,0.981933,0.0229272,-0.00089164
68,18,0.982181,0.0248524,-0.000561582
68,19,0.982416,0.0267522,-0.000193456
68,20,0.982637,0.02861,0.000209005
68,21,0.982846,0.0304127,0.00064199
68,22,0.983045,0.0321498,0.00110162
68,23,0.983234,0.0338123,0.00158392
68,24,0.983416,0.0353925,0.00208488
68,25,0.983594,0.0368829,0.00260036
68,26,0.983769,0.0382765,0.00312621
68,27,0.983945,0.0395667,0.00365819
68,28,0.984123,0.0407473,0.00419204
68,29,0.984306,0.0418126,0.00472353
68,30,0.984496,0.0427572,0.00524843
68,31,0.984696,0.0435766,0.00576256
68,32,0.984907,0.0442672,0.00626188
68,33,0.985133,0.0448257,0.00674241
68,34,0.985373,0.04525,0.00720035
68,35,0.985631,0.0455385,0.00763208
68,36,0.985907,0.0456906,0.00803417
68,37,0.986202,0.0457061,0.00840342
68,38,0.986517,0.0455856,0.00873689
68,39,0.986851,0.0453304,0.00903193
68,40,0.987206,0.0449422,0.00928618
68,41,0.987581,0.0444233,0.00949762
68,42,0.987975,0.0437765,0.00966457
68,43,0.988387,0.0430049,0.00978571
68,44,0.988816,0.042112,0.00986009
68,45,0.98926,0.0411017,0.00988717
68,46,0.989716,0.0399782,0.00986676
68,47,0.990183,0.0387458,0.00979906
68,48,0.990658,0.0374094,0.00968468
68,49,0.991137,0.0359737,0.00952454
68,50,0.991618,0.0344438,0.00931993
68,51,0.992097,0.0328249,0.00907245
68,52,0.992571,0.0311223,0.008784
68,53,0.993036,0.0293414,0.00845673
68,54,0.993488,0.0274877,0.00809301
68,55,0.993925,0.0255667,0.00769542
68,56,0.994342,0.0235841,0.0072667
68,57,0.994737,0.0215454,0.00680972
68,58,0.995107,0.0194563,0.00632746
68,59,0.99545,0.0173223,0.005823
68,60,0.995763,0.0151491,0.00529948
68,61,0.996044,0.0129421,0.00476008
68,62,0.996292,0.0107071,0.00420804
68,63,0.996507,0.00844958,0.00364664
68,64,0.996688,0.00617498,0.00307918
68,65,0.996835,0.00388886,0.00250898
68,66,0.996949,0.0015967,0.00193941
68,67,0.99703,-0.000695997,0.00137381
68,68,0.997081,-0.00298377,0.000815574
68,69,0.997102,-0.00526113,0.000268075
68,70,0.997097,-0.00752261,-0.000265321
68,71,0.997068,-0.00976272,-0.000781277
68,72,0.997018,-0.011976,-0.00127651
68,73,0.996949,-0.0141568,-0.00174779
68,74,0.996866,-0.0162998,-0.00219202
68,75,0.996772,-0.0183993,-0.00260621
68,76,0.99667,-0.0204497,-0.00298755
68,77,0.996564,-0.0224456,-0.0033334
68,78,0.996458,-0.0243811,-0.00364137
68,79,0.996354,-0.0262507,-0.00390934
68,80,0.996257,-0.0280487,-0.00413545
68,81,0.996169,-0.0297695,-0.00431818
68,82,0.996094,-0.0314072,-0.00445635
68,83,0.996033,-0.0329563,-0.00454913
68,84,0.995991,-0.0344112,-0.00459606
68,85,0.995968,-0.0357663,-0.00459709
68,86,0.995967,-0.0370161,-0.00455252
68,87,0.995989,-0.0381554,-0.00446308
68,88,0.996036,-0.0391791,-0.00432987
68,89,0.99611,-0.0400824,-0.00415437
68,90,0.996211,-0.0408608,-0.00393845
68,91,0.99634,-0.0415103,-0.00368434
68,92,0.996498,-0.0420273,-0.00339462
68,93,0.996685,-0.0424088,-0.00307221
68,94,0.996902,-0.0426525,-0.00272033
68,95,0.997149,-0.0427568,-0.00234252
68,96,0.997426,-0.0427211,-0.00194256
68,97,0.997732,-0.0425453,-0.00152447
68,98,0.998068,-0.0422307,-0.00109247
68,99,0.998434,-0.0417792,-0.000650943
68,100,0.998827,-0.0411937,-0.000204396
68,101,0.999249,-0.0404781,0.000242607
68,102,0.999697,-0.0396369,0.00068548
68,103,1.00017,-0.0386752,0.00111967
68,104,1.00067,-0.0375988,0.00154071
68,105,1.00119,-0.0364137,0.00194426
68,106,1.00173,-0.0351268,0.00232613
68,107,1.00229,-0.0337453,0.00268229
68,108,1.00286,-0.0322778,0.0030089
68,109,1.00344,-0.0307351,0.00330226
68,110,1.00404,-0.029131,0.00355879
68,111,1.00463,-0.0274838,0.00377499
68,112,1.00523,-0.0258176,0.00394748
68,113,1.00582,-0.0241634,0.004073
68,114,1.0064,-0.0225583,0.00414864
68,115,1.00696,-0.0210447,0.00417207
68,116,1.0075,-0.0196659,0.004142
68,117,1.00801,-0.0184615,0.00405875
68,118,1.00848,-0.0174619,0.00392476
68,119,1.00891,-0.0166851,0.00374484
68,120,1.00929,-0.0161378,0.00352548
68,121,1.00961,-0.015818,0.00327228
68,122,1.00987,-0.0156987,0.00298424
68,123,1.01006,-0.0156441,0.00264345
68,124,1.01017,-0.0151625,0.0021999
68,125,1.01021,-0.0128998,0.00156031
68,126,1.01018,-0.00593563,0.000606646
68,127,1,-0.00343474,0
69,0,1,0,0
69,1,0.974525,0.00355914,-0.000150951
69,2,0.974735,0.00737927,-0.000293717
69,3,0.974967,0.00831523,-0.000399451
69,4,0.975222,0.00835509,-0.000556662
69,5,0.975503,0.00828961,-0.000756146
69,6,0.975807,0.00837498,-0.000964489
69,7,0.976133,0.00867452,-0.00115319
69,8,0.976477,0.00920277,-0.00130477
69,9,0.976834,0.00996825,-0.00141007
69,10,0.977202,0.0109757,-0.00146463
69,11,0.977575,0.0122194,-0.00146648
69,12,0.97795,0.0136797,-0.00141508
69,13,0.978323,0.0153247,-0.0013109
69,14,0.978691,0.017115,-0.00115529
69,15,0.979051,0.0190091,-0.000950287
69,16,0.9794,0.0209678,-0.000698521
69,17,0.979738,0.0229568,-0.00040301
69,18,0.980063,0.0249477,-6.70517e-05
69,19,0.980375,0.0269179,0.000305884
69,20,0.980673,0.0288494,0.000712206
69,21,0.980959,0.030728,0.00114824
69,22,0.981233,0.0325419,0.00161022
69,23,0.981496,0.0342811,0.00209431
69,24,0.98175,0.0359365,0.00259658
69,25,0.981998,0.0374997,0.00311304
69,26,0.98224,0.0389627,0.00363962
69,27,0.98248,0.040318,0.00417218
69,28,0.98272,0.0415587,0.00470658
69,29,0.982961,0.0426786,0.00523864
69,30,0.983207,0.043672,0.00576423
69,31,0.983459,0.0445343,0.00627927
69,32,0.98372,0.0452616,0.00677973
69,33,0.983992,0.0458511,0.00726171
69,34,0.984276,0.0463008,0.00772147
69,35,0.984575,0.0466096,0.00815541
69,36,0.98489,0.0467772,0.00856013
69,37,0.985222,0.0468041,0.00893245
69,38,0.985572,0.0466917,0.00926945
69,39,0.985941,0.0464417,0.00956847
69,40,0.986329,0.0460566,0.00982716
69,41,0.986736,0.0455393,0.0100435
69,42,0.987162,0.0448931,0.0102157
69,43,0.987605,0.0441217,0.0103425
69,44,0.988066,0.0432292,0.010423
69,45,0.988541,0.0422197,0.0104565
69,46,0.989029,0.0410979,0.0104427
69,47,0.989528,0.0398683,0.010382
69,48,0.990034,0.0385358,0.0102747
69,49,0.990547,0.0371053,0.0101218
69,50,0.991061,0.0355818,0.00992461
69,51,0.991573,0.0339705,0.00968455
69,52,0.992081,0.0322765,0.00940349
69,53,0.99258,0.030505,0.00908352
69,54,0.993067,0.0286613,0.00872696
69,55,0.993539,0.0267505,0.00833631
69,56,0.993992,0.0247781,0.00791425
69,57,0.994424,0.0227493,0.00746358
69,58,0.99483,0.0206694,0.00698724
69,59,0.99521,0.0185437,0.00648823
69,60,0.99556,0.0163776,0.00596964
69,61,0.99588,0.0141765,0.0054346
69,62,0.996167,0.0119457,0.00488632
69,63,0.996421,0.00969056,0.00432802
69,64,0.996642,0.00741662,0.00376297
69,65,0.99683,0.00512929,0.00319449
69,66,0.996986,0.00283407,0.00262589
69,67,0.997109,0.000536501,0.00206053
69,68,0.997203,-0.00175784,0.00150179
69,69,0.997269,-0.00404332,0.000953032
69,70,0.997309,-0.00631426,0.000417627
69,71,0.997325,-0.00856494,-0.000101086
69,72,0.997321,-0.0107896,-0.00059981
69,73,0.9973,-0.0129824,-0.00107532
69,74,0.997265,-0.0151374,-0.00152451
69,75,0.997219,-0.0172489,-0.00194436
69,76,0.997165,-0.0193109,-0.00233206
69,77,0.997108,-0.0213175,-0.00268496
69,78,0.99705,-0.0232628,-0.00300068
69,79,0.996996,-0.0251409,-0.00327704
69,80,0.996947,-0.026946,-0.00351221
69,81,0.996907,-0.0286724,-0.00370465
69,82,0.99688,-0.0303142,-0.00385313
69,83,0.996867,-0.031866,-0.00395683
69,84,0.996872,-0.0333222,-0.00401526
69,85,0.996896,-0.0346775,-0.00402833
69,86,0.996941,-0.0359269,-0.00399633
69,87,0.997009,-0.0370655,-0.00391994
69,88,0.997103,-0.0380887,-0.00380023
69,89,0.997223,-0.0389921,-0.00363865
69,90,0.997371,-0.0397721,-0.00343703
69,91,0.997547,-0.040425,-0.00319756
69,92,0.997753,-0.0409481,-0.0029228
69,93,0.997989,-0.041339,-0.00261561
69,94,0.998257,-0.041596,-0.00227921
69,95,0.998556,-0.0417184,-0.00191708
69,96,0.998888,-0.0417058,-0.00153301
69,97,0.999251,-0.0415591,-0.00113098
69,98,0.999647,-0.0412798,-0.000715218
69,99,1.00007,-0.0408703,-0.000290086
69,100,1.00053,-0.0403337,0.000139922
69,101,1.00102,-0.039674,0.000570247
69,102,1.00154,-0.0388957,0.000996316
69,103,1.00209,-0.0380037,0.0014136
69,104,1.00267,-0.0370033,0.00181765
69,105,1.00327,-0.0359002,0.00220418
69,106,1.00389,-0.0347002,0.00256906
69,107,1.00454,-0.0334096,0.00290837
69,108,1.0052,-0.0320361,0.00321837
69,109,1.00588,-0.0305889,0.00349551
69,110,1.00656,-0.0290805,0.00373637
69,111,1.00725,-0.0275275,0.00393767
69,112,1.00794,-0.0259526,0.00409622
69,113,1.00862,-0.0243851,0.00420898
69,114,1.0093,-0.0228611,0.00427323
69,115,1.00995,-0.0214219,0.00428687
69,116,1.01058,-0.0201109,0.00424882
69,117,1.01117,-0.0189683,0.00415966
69,118,1.01173,-0.0180255,0.00402215
69,119,1.01223,-0.0173021,0.00384149
69,120,1.01269,-0.016805,0.00362443
69,121,1.01308,-0.016528,0.00337619
69,122,1.0134,-0.0164322,0.00309347
69,123,1.01364,-0.0163564,0.00275267
69,124,1.01381,-0.0157709,0.00229558
69,125,1.0139,-0.0132868,0.00162141
69,126,1.0139,-0.00601273,0.000617275
69,127,1,-0.00343474,0
70,0,1,0,0
70,1,0.971837,0.00342045,-9.00992e-05
70,2,0.972038,0.00711021,-0.000145737
70,3,0.972268,0.00808595,-0.00018973
70,4,0.972528,0.00818561,-0.000303365
70,5,0.972819,0.00815065,-0.000469245
70,6,0.97314,0.00823493,-0.000648693
70,7,0.973487,0.00851266,-0.000811032
70,8,0.973859,0.00900843,-0.000937902
70,9,0.97425,0.00973667,-0.00101998
70,10,0.974655,0.0107049,-0.00105304
70,11,0.975071,0.0119085,-0.00103536
70,12,0.975492,0.0133284,-0.000966554
70,13,0.975916,0.0149329,-0.000847147
70,14,0.976336,0.0166829,-0.000678401
70,15,0.976751,0.0185373,-0.000462234
70,16,0.977157,0.0204572,-0.000201088
70,17,0.977552,0.0224086,0.000102193
70,18,0.977935,0.0243634,0.000444488
70,19,0.978305,0.0262995,0.000822491
70,20,0.978661,0.0281993,0.00123276
70,21,0.979003,0.0300494,0.00167176
70,22,0.979333,0.0318387,0.00213586
70,23,0.979652,0.0335579,0.00262136
70,24,0.97996,0.0351989,0.00312444
70,25,0.980261,0.0367539,0.00364123
70,26,0.980556,0.0382158,0.00416776
70,27,0.980847,0.0395776,0.00470004
70,28,0.981137,0.0408331,0.005234
70,29,0.981428,0.0419761,0.00576558
70,30,0.981723,0.0430012,0.00629074
70,31,0.982023,0.0439036,0.00680547
70,32,0.982333,0.0446792,0.00730585
70,33,0.982652,0.0453248,0.00778803
70,34,0.982985,0.0458376,0.00824833
70,35,0.983331,0.0462159,0.0086832
70,36,0.983694,0.0464585,0.00908929
70,37,0.984073,0.0465651,0.00946345
70,38,0.98447,0.0465359,0.00980279
70,39,0.984886,0.0463717,0.0101046
70,40,0.98532,0.046074,0.0103667
70,41,0.985773,0.0456447,0.0105869
70,42,0.986243,0.0450862,0.0107635
70,43,0.986731,0.0444013,0.0108951
70,44,0.987235,0.0435932,0.0109809
70,45,0.987753,0.0426655,0.01102
70,46,0.988284,0.0416221,0.0110124
70,47,0.988824,0.0404671,0.0109581
70,48,0.989372,0.039205,0.0108575
70,49,0.989924,0.0378403,0.0107116
70,50,0.990477,0.036378,0.0105214
70,51,0.991028,0.034823,0.0102886
70,52,0.991574,0.0331804,0.0100148
70,53,0.992111,0.0314556,0.00970201
70,54,0.992635,0.0296538,0.00935258
70,55,0.993144,0.0277804,0.00896891
70,56,0.993634,0.025841,0.0085536
70,57,0.994102,0.0238411,0.0081094
70,58,0.994545,0.0217861,0.00763916
70,59,0.994962,0.0196817,0.00714585
70,60,0.99535,0.0175333,0.00663248
70,61,0.995707,0.0153466,0.00610214
70,62,0.996032,0.0131269,0.00555799
70,63,0.996326,0.0108799,0.00500322
70,64,0.996586,0.00861111,0.00444106
70,65,0.996814,0.00632595,0.00387478
70,66,0.997011,0.00402993,0.0033077
70,67,0.997177,0.00172854,0.00274315
70,68,0.997314,-0.000572744,0.00218448
70,69,0.997423,-0.00286844,0.00163506
70,70,0.997508,-0.00515308,0.00109825
70,71,0.99757,-0.00742116,0.000577377
70,72,0.997613,-0.00966718,7.57405e-05
70,73,0.99764,-0.0118856,-0.000403442
70,74,0.997653,-0.014071,-0.000857048
70,75,0.997657,-0.0162176,-0.00128209
70,76,0.997655,-0.0183201,-0.00167573
70,77,0.997649,-0.0203726,-0.00203534
70,78,0.997645,-0.0223696,-0.0023585
70,79,0.997644,-0.0243053,-0.00264308
70,80,0.99765,-0.0261741,-0.00288719
70,81,0.997667,-0.0279701,-0.00308931
70,82,0.997697,-0.0296877,-0.00324819
70,83,0.997742,-0.031321,-0.00336298
70,84,0.997806,-0.0328642,-0.00343318
70,85,0.99789,-0.0343117,-0.00345867
70,86,0.997996,-0.0356578,-0.0034397
70,87,0.998126,-0.0368971,-0.00337693
70,88,0.998283,-0.0380241,-0.00327137
70,89,0.998466,-0.0390337,-0.00312444
70,90,0.998678,-0.0399212,-0.00293794
70,91,0.998918,-0.0406822,-0.00271399
70,92,0.99919,-0.0413126,-0.00245513
70,93,0.999491,-0.0418091,-0.00216418
70,94,0.999825,-0.0421688,-0.0018443
70,95,1.00019,-0.0423899,-0.00149897
70,96,1.00059,-0.042471,-0.00113192
70,97,1.00102,-0.0424117,-0.000747129
70,98,1.00148,-0.0422128,-0.000348785
70,99,1.00197,-0.0418758,5.87558e-05
70,100,1.0025,-0.0414031,0.000471018
70,101,1.00305,-0.0407981,0.000883458
70,102,1.00364,-0.040065,0.00129152
70,103,1.00426,-0.0392087,0.0016907
70,104,1.0049,-0.0382347,0.00207659
70,105,1.00557,-0.0371487,0.00244496
70,106,1.00626,-0.0359573,0.00279174
70,107,1.00697,-0.0346676,0.00311311
70,108,1.00771,-0.0332879,0.00340546
70,109,1.00845,-0.0318283,0.00366541
70,110,1.00921,-0.0303022,0.00388972
70,111,1.00997,-0.0287272,0.0040753
70,112,1.01073,-0.0271267,0.0042192
70,113,1.01149,-0.025531,0.00431862
70,114,1.01224,-0.0239771,0.00437108
70,115,1.01296,-0.0225076,0.00437469
70,116,1.01366,-0.0211674,0.00432862
70,117,1.01433,-0.0199986,0.00423371
70,118,1.01495,-0.0190352,0.00409307
70,119,1.01553,-0.0182986,0.00391226
70,120,1.01604,-0.0177955,0.00369825
70,121,1.01649,-0.0175147,0.00345577
70,122,1.01687,-0.0174018,0.00317939
70,123,1.01717,-0.0172661,0.00284032
70,124,1.01738,-0.0165364,0.00237102
70,125,1.0175,-0.0137965,0.00166534
70,126,1.01754,-0.00621568,0.000630354
70,127,1,-0.00343474,0
71,0,1,0,0
71,1,0.969347,0.00322157,-3.63864e-05
71,2,0.969539,0.00681521,-1.67307e-06
71,3,0.969763,0.00785326,1.24701e-05
71,4,0.970023,0.00802699,-5.80297e-05
71,5,0.970319,0.00803325,-0.000188575
71,6,0.97065,0.00812738,-0.000337255
71,7,0.971014,0.00839724,-0.000471313
71,8,0.971406,0.0088795,-0.0005716
71,9,0.971823,0.00959599,-0.000628748
71,10,0.97226,0.0105579,-0.000638738
71,11,0.972712,0.0117624,-0.000600115
71,12,0.973174,0.0131908,-0.000512666
71,13,0.973643,0.0148119,-0.000376956
71,14,0.974113,0.0165866,-0.000194193
71,15,0.974581,0.0184736,3.38423e-05
71,16,0.975043,0.0204335,0.000304879
71,17,0.975498,0.0224318,0.000616264
71,18,0.975943,0.0244397,0.000965061
71,19,0.976376,0.0264341,0.00134814
71,20,0.976797,0.0283964,0.00176224
71,21,0.977205,0.030312,0.00220396
71,22,0.977601,0.0321688,0.00266985
71,23,0.977985,0.0339564,0.00315633
71,24,0.978359,0.0356653,0.00365975
71,25,0.978723,0.0372868,0.00417635
71,26,0.97908,0.0388128,0.00470231
71,27,0.979431,0.0402355,0.00523373
71,28,0.979779,0.0415476,0.00576668
71,29,0.980126,0.0427425,0.00629721
71,30,0.980474,0.0438144,0.00682136
71,31,0.980825,0.0447581,0.00733522
71,32,0.981182,0.0455694,0.00783493
71,33,0.981547,0.0462451,0.00831674
71,34,0.981921,0.0467827,0.008777
71,35,0.982308,0.0471808,0.00921222
71,36,0.982708,0.0474387,0.0096191
71,37,0.983124,0.0475565,0.00999451
71,38,0.983555,0.047535,0.0103356
71,39,0.984004,0.0473757,0.0106397
71,40,0.98447,0.0470806,0.0109044
71,41,0.984953,0.0466523,0.0111279
71,42,0.985454,0.0460938,0.0113082
71,43,0.985972,0.0454084,0.0114441
71,44,0.986505,0.0445998,0.0115345
71,45,0.987053,0.043672,0.0115788
71,46,0.987613,0.0426293,0.0115766
71,47,0.988183,0.041476,0.0115282
71,48,0.98876,0.0402168,0.0114338
71,49,0.989343,0.0388563,0.0112943
71,50,0.989926,0.0373994,0.0111109
71,51,0.990509,0.035851,0.0108848
71,52,0.991086,0.0342161,0.010618
71,53,0.991655,0.0324998,0.0103122
71,54,0.992212,0.0307072,0.00996973
71,55,0.992754,0.0288434,0.00959293
71,56,0.993278,0.0269136,0.00918433
71,57,0.99378,0.024923,0.00874663
71,58,0.994259,0.0228769,0.0082826
71,59,0.994711,0.0207805,0.00779515
71,60,0.995135,0.0186392,0.00728724
71,61,0.995529,0.0164581,0.0067619
71,62,0.995892,0.0142428,0.00622225
71,63,0.996224,0.0119984,0.00567142
71,64,0.996524,0.00973056,0.00511261
71,65,0.996793,0.00744456,0.00454907
71,66,0.997031,0.00514594,0.00398408
71,67,0.997239,0.00284021,0.00342094
71,68,0.997419,0.000532976,0.00286299
71,69,0.997573,-0.00177015,0.00231359
71,70,0.997703,-0.00406349,0.00177607
71,71,0.997811,-0.0063413,0.00125376
71,72,0.997902,-0.00859782,0.00074995
71,73,0.997976,-0.0108272,0.00026784
71,74,0.998038,-0.0130236,-0.000189455
71,75,0.998091,-0.0151811,-0.000618953
71,76,0.998138,-0.0172938,-0.00101784
71,77,0.998183,-0.0193558,-0.00138348
71,78,0.998229,-0.0213612,-0.00171348
71,79,0.998278,-0.0233039,-0.00200569
71,80,0.998335,-0.0251782,-0.00225827
71,81,0.998401,-0.0269781,-0.00246965
71,82,0.998481,-0.0286979,-0.00263862
71,83,0.998575,-0.0303319,-0.00276432
71,84,0.998688,-0.0318744,-0.00284622
71,85,0.99882,-0.03332,-0.00288418
71,86,0.998975,-0.0346634,-0.00287846
71,87,0.999154,-0.0358995,-0.00282965
71,88,0.999358,-0.0370233,-0.00273877
71,89,0.999589,-0.0380304,-0.00260717
71,90,0.999849,-0.0389166,-0.00243661
71,91,1.00014,-0.0396779,-0.00222919
71,92,1.00046,-0.0403112,-0.00198736
71,93,1.00081,-0.0408136,-0.00171393
71,94,1.0012,-0.0411831,-0.00141199
71,95,1.00162,-0.0414183,-0.00108498
71,96,1.00207,-0.0415185,-0.000736566
71,97,1.00255,-0.041484,-0.000370698
71,98,1.00308,-0.0413159,8.48239e-06
71,99,1.00363,-0.041016,0.000396661
71,100,1.00422,-0.0405873,0.000789403
71,101,1.00484,-0.0400331,0.00118221
71,102,1.0055,-0.0393579,0.00157056
71,103,1.00619,-0.0385662,0.00195001
71,104,1.0069,-0.0376631,0.0023162
71,105,1.00765,-0.0366542,0.00266497
71,106,1.00842,-0.035545,0.00299236
71,107,1.00921,-0.0343419,0.00329466
71,108,1.01003,-0.0330521,0.00356839
71,109,1.01086,-0.0316844,0.00381033
71,110,1.0117,-0.0302507,0.00401744
71,111,1.01254,-0.0287671,0.00418685
71,112,1.01338,-0.0272555,0.00431583
71,113,1.01422,-0.0257445,0.0044018
71,114,1.01505,-0.0242699,0.00444252
71,115,1.01585,-0.0228735,0.00443631
71,116,1.01663,-0.0216,0.00438258
71,117,1.01736,-0.0204923,0.0042824
71,118,1.01806,-0.019586,0.00413918
71,119,1.0187,-0.0189038,0.0039588
71,120,1.01927,-0.0184524,0.00374843
71,121,1.01978,-0.0182142,0.00351233
71,122,1.02021,-0.0181184,0.00324283
71,123,1.02055,-0.0179423,0.00290589
71,124,1.02081,-0.0170738,0.00242725
71,125,1.02097,-0.01408,0.00169616
71,126,1.02105,-0.0062189,0.000628156
71,127,1,-0.00343474,0
72,0,1,0,0
72,1,0.967042,0.00314168,1.99746e-05
72,2,0.967221,0.00666973,0.000132957
72,3,0.967438,0.00778406,0.000204531
72,4,0.967693,0.00803385,0.000177398
72,5,0.967989,0.00807487,8.26981e-05
72,6,0.968324,0.00816525,-3.3775e-05
72,7,0.968696,0.00840695,-0.000137922
72,8,0.969101,0.00884861,-0.000210063
72,9,0.969534,0.00951916,-0.000240753
72,10,0.969992,0.0104331,-0.000226183
72,11,0.970469,0.0115887,-0.000165152
72,12,0.97096,0.012968,-5.76233e-05
72,13,0.97146,0.01454,9.57737e-05
72,14,0.971966,0.0162658,0.000293873
72,15,0.972472,0.0181045,0.000535006
72,16,0.972975,0.0200171,0.000817057
72,17,0.973472,0.0219694,0.00113754
72,18,0.97396,0.0239328,0.00149371
72,19,0.974438,0.0258848,0.0018826
72,20,0.974905,0.0278073,0.0023011
72,21,0.975359,0.0296862,0.00274599
72,22,0.975802,0.0315102,0.00321395
72,23,0.976232,0.0332694,0.00370155
72,24,0.976652,0.0349553,0.00420528
72,25,0.977063,0.03656,0.00472153
72,26,0.977466,0.0380759,0.0052466
72,27,0.977863,0.039496,0.00577674
72,28,0.978256,0.0408134,0.00630812
72,29,0.978648,0.042022,0.0068369
72,30,0.979041,0.043116,0.00735926
72,31,0.979438,0.0440903,0.00787136
72,32,0.97984,0.0449405,0.00836946
72,33,0.98025,0.045663,0.00884987
72,34,0.98067,0.0462549,0.00930903
72,35,0.981102,0.0467139,0.00974352
72,36,0.981547,0.0470386,0.0101501
72,37,0.982008,0.0472282,0.0105256
72,38,0.982484,0.0472827,0.0108674
72,39,0.982977,0.0472024,0.0111726
72,40,0.983488,0.0469886,0.0114391
72,41,0.984015,0.0466426,0.0116648
72,42,0.984559,0.0461667,0.011848
72,43,0.98512,0.0455632,0.0119873
72,44,0.985695,0.0448351,0.0120816
72,45,0.986284,0.0439856,0.0121303
72,46,0.986884,0.0430183,0.012133
72,47,0.987494,0.0419371,0.0120899
72,48,0.988111,0.0407462,0.0120012
72,49,0.988731,0.0394499,0.0118678
72,50,0.989353,0.0380528,0.0116907
72,51,0.989972,0.0365597,0.0114713
72,52,0.990586,0.0349756,0.0112112
72,53,0.991191,0.0333055,0.0109123
72,54,0.991783,0.0315546,0.0105767
72,55,0.992361,0.0297283,0.0102068
72,56,0.99292,0.0278318,0.00980501
72,57,0.993457,0.0258706,0.00937392
72,58,0.993971,0.0238501,0.0089163
72,59,0.994459,0.0217758,0.00843496
72,60,0.994919,0.0196531,0.00793281
72,61,0.99535,0.0174875,0.00741285
72,62,0.99575,0.0152846,0.00687811
72,63,0.99612,0.0130498,0.00633171
72,64,0.996459,0.0107887,0.0057768
72,65,0.996767,0.00850665,0.00521658
72,66,0.997046,0.0062092,0.00465431
72,67,0.997295,0.00390181,0.00409326
72,68,0.997518,0.00158996,0.00353676
72,69,0.997715,-0.000720863,0.00298812
72,70,0.99789,-0.00302519,0.00245067
72,71,0.998044,-0.00531753,0.00192771
72,72,0.998181,-0.0075924,0.0014225
72,73,0.998303,-0.00984428,0.000938222
72,74,0.998414,-0.0120676,0.000477975
72,75,0.998516,-0.014257,4.47137e-05
72,76,0.998614,-0.0164066,-0.000358766
72,77,0.998711,-0.018511,-0.000729859
72,78,0.99881,-0.0205645,-0.00106619
72,79,0.998913,-0.0225614,-0.00136563
72,80,0.999025,-0.024496,-0.00162634
72,81,0.999148,-0.0263624,-0.00184678
72,82,0.999285,-0.0281548,-0.00202573
72,83,0.999438,-0.0298675,-0.00216233
72,84,0.999611,-0.0314945,-0.00225604
72,85,0.999804,-0.0330299,-0.00230672
72,86,1.00002,-0.0344681,-0.00231458
72,87,1.00026,-0.0358032,-0.0022802
72,88,1.00053,-0.0370297,-0.00220455
72,89,1.00083,-0.0381423,-0.00208894
72,90,1.00115,-0.0391357,-0.00193508
72,91,1.00151,-0.0400052,-0.00174502
72,92,1.00189,-0.0407465,-0.00152114
72,93,1.00231,-0.0413556,-0.0012662
72,94,1.00277,-0.0418294,-0.000983231
72,95,1.00325,-0.0421652,-0.000675597
72,96,1.00377,-0.0423614,-0.000346925
72,97,1.00433,-0.0424171,-1.09208e-06
72,98,1.00491,-0.0423322,0.000357813
72,99,1.00554,-0.0421079,0.000725529
72,100,1.00619,-0.0417461,0.00109767
72,101,1.00688,-0.0412496,0.00146979
72,102,1.0076,-0.0406223,0.00183743
72,103,1.00835,-0.0398686,0.00219619
72,104,1.00913,-0.0389935,0.00254179
72,105,1.00994,-0.0380028,0.00287014
72,106,1.01077,-0.0369024,0.00317736
72,107,1.01163,-0.0356994,0.00345987
72,108,1.0125,-0.0344016,0.00371433
72,109,1.01339,-0.0330188,0.00393768
72,110,1.01429,-0.0315638,0.00412708
72,111,1.01519,-0.0300536,0.00427986
72,112,1.0161,-0.0285109,0.00439352
72,113,1.01699,-0.0269655,0.00446571
72,114,1.01787,-0.0254542,0.00449442
72,115,1.01873,-0.0240203,0.0044782
72,116,1.01956,-0.0227103,0.00441667
72,117,1.02035,-0.0215696,0.00431115
72,118,1.0211,-0.0206365,0.00416533
72,119,1.02179,-0.019936,0.00398537
72,120,1.02241,-0.0194744,0.00377856
72,121,1.02296,-0.019227,0.0035486
72,122,1.02343,-0.0191033,0.00328581
72,123,1.02382,-0.0188451,0.00295167
72,124,1.02411,-0.0177972,0.00246433
72,125,1.02431,-0.0145181,0.00171108
72,126,1.02442,-0.00638556,0.000630776
72,127,1,-0.00343474,0
73,0,1,0,0
73,1,0.964928,0.00296523,6.76307e-05
73,2,0.965094,0.00645943,0.000261064
73,3,0.9653,0.00766801,0.000385298
73,4,0.965549,0.00800455,0.000400071
73,5,0.965841,0.00808853,0.000341986
73,6,0.966176,0.00818413,0.000258656
73,7,0.966551,0.00840966,0.0001855
73,8,0.966963,0.00882753,0.000142667
73,9,0.967408,0.00947505,0.00013956
73,10,0.967881,0.0103709,0.000179779
73,11,0.968377,0.0115152,0.000264282
73,12,0.968892,0.0128906,0.000392917
73,13,0.96942,0.0144664,0.000564975
73,14,0.969957,0.0162037,0.000779311
73,15,0.970499,0.0180616,0.00103436
73,16,0.971042,0.0200008,0.00132813
73,17,0.971582,0.0219865,0.00165833
73,18,0.972117,0.0239899,0.00202236
73,19,0.972645,0.0259874,0.00241743
73,20,0.973163,0.0279601,0.0028406
73,21,0.973671,0.0298931,0.00328883
73,22,0.974168,0.0317739,0.00375893
73,23,0.974655,0.0335916,0.00424765
73,24,0.975131,0.0353366,0.00475162
73,25,0.975597,0.0369999,0.00526739
73,26,0.976056,0.038573,0.00579139
73,27,0.976507,0.0400478,0.00632002
73,28,0.976954,0.0414168,0.00684958
73,29,0.977398,0.042673,0.00737636
73,30,0.977841,0.0438102,0.00789663
73,31,0.978285,0.0448228,0.00840668
73,32,0.978732,0.0457063,0.00890285
73,33,0.979186,0.0464569,0.00938153
73,34,0.979647,0.0470719,0.00983925
73,35,0.980118,0.0475493,0.0102726
73,36,0.9806,0.047888,0.0106785
73,37,0.981096,0.0480876,0.0110538
73,38,0.981605,0.0481487,0.0113957
73,39,0.982131,0.0480722,0.0117017
73,40,0.982672,0.0478598,0.0119694
73,41,0.983229,0.0475137,0.0121969
73,42,0.983802,0.0470366,0.0123824
73,43,0.984391,0.0464313,0.0125245
73,44,0.984995,0.0457014,0.0126222
73,45,0.985612,0.0448505,0.0126748
73,46,0.98624,0.0438825,0.0126819
73,47,0.986878,0.0428016,0.0126436
73,48,0.987523,0.0416121,0.0125602
73,49,0.988173,0.0403185,0.0124324
73,50,0.988823,0.0389254,0.0122613
73,51,0.989472,0.0374376,0.0120481
73,52,0.990116,0.0358599,0.0117945
73,53,0.990751,0.0341971,0.0115022
73,54,0.991375,0.0324544,0.0111734
73,55,0.991983,0.0306366,0.0108102
73,56,0.992574,0.0287489,0.0104151
73,57,0.993145,0.0267963,0.00999073
73,58,0.993692,0.0247841,0.00953962
73,59,0.994214,0.0227175,0.00906459
73,60,0.994709,0.0206015,0.00856848
73,61,0.995175,0.0184416,0.00805423
73,62,0.995612,0.0162431,0.00752483
73,63,0.996019,0.0140112,0.00698335
73,64,0.996396,0.0117513,0.00643289
73,65,0.996744,0.00946893,0.00587662
73,66,0.997063,0.00716952,0.00531776
73,67,0.997354,0.00485858,0.00475955
73,68,0.997619,0.0025417,0.00420528
73,69,0.997859,0.0002245,0.00365825
73,70,0.998078,-0.00208735,0.00312174
73,71,0.998278,-0.00438811,0.00259904
73,72,0.998461,-0.00667202,0.00209336
73,73,0.998631,-0.00893327,0.00160788
73,74,0.998789,-0.011166,0.00114563
73,75,0.998941,-0.0133643,0.00070956
73,76,0.999088,-0.0155223,0.000302416
73,77,0.999234,-0.0176341,-7.323e-05
73,78,0.999383,-0.0196937,-0.000415033
73,79,0.999536,-0.0216952,-0.000720901
73,80,0.999698,-0.0236327,-0.000989021
73,81,0.999871,-0.0255004,-0.00121788
73,82,1.00006,-0.0272923,-0.00140627
73,83,1.00026,-0.0290027,-0.00155335
73,84,1.00048,-0.0306259,-0.0016586
73,85,1.00072,-0.0321564,-0.00172185
73,86,1.00099,-0.0335885,-0.0017433
73,87,1.00128,-0.0349171,-0.00172353
73,88,1.0016,-0.0361369,-0.00166345
73,89,1.00194,-0.0372433,-0.00156435
73,90,1.00231,-0.0382315,-0.00142788
73,91,1.00272,-0.0390974,-0.00125602
73,92,1.00316,-0.0398374,-0.00105111
73,93,1.00363,-0.0404481,-0.000815819
73,94,1.00413,-0.040927,-0.000553114
73,95,1.00467,-0.0412721,-0.000266273
73,96,1.00524,-0.0414824,4.11552e-05
73,97,1.00585,-0.0415573,0.000365376
73,98,1.0065,-0.0414975,0.00070238
73,99,1.00718,-0.0413044,0.00104799
73,100,1.00789,-0.0409803,0.0013979
73,101,1.00865,-0.0405282,0.00174774
73,102,1.00943,-0.0399519,0.00209314
73,103,1.01025,-0.0392559,0.00242978
73,104,1.0111,-0.038445,0.00275346
73,105,1.01197,-0.0375244,0.0030602
73,106,1.01288,-0.0364996,0.00334623
73,107,1.0138,-0.0353766,0.00360809
73,108,1.01475,-0.0341624,0.00384259
73,109,1.0157,-0.0328655,0.00404684
73,110,1.01667,-0.0314975,0.00421817
73,111,1.01764,-0.0300736,0.00435412
73,112,1.01861,-0.0286153,0.00445239
73,113,1.01957,-0.0271505,0.00451087
73,114,1.02052,-0.0257149,0.00452772
73,115,1.02143,-0.0243509,0.00450169
73,116,1.02232,-0.023105,0.0044326
73,117,1.02316,-0.0220235,0.00432197
73,118,1.02396,-0.021146,0.0041737
73,119,1.02469,-0.0204995,0.00399418
73,120,1.02536,-0.0200891,0.00379074
73,121,1.02595,-0.0198824,0.00356656
73,122,1.02646,-0.0197683,0.00330987
73,123,1.02688,-0.0194518,0.0029778
73,124,1.02721,-0.0182364,0.00248418
73,125,1.02744,-0.0146836,0.001715
73,126,1.02759,-0.0063129,0.000618238
73,127,1,-0.00343474,0
74,0,1,0,0
74,1,0.962986,0.00294724,0.000117231
74,2,0.963137,0.00643521,0.000377309
74,3,0.963332,0.0077487,0.000552885
74,4,0.963571,0.00817292,0.000608967
74,5,0.963856,0.00829467,0.000587043
74,6,0.964187,0.00838489,0.000537384
74,7,0.96456,0.00857795,0.000496009
74,8,0.964973,0.00894945,0.000483282
74,9,0.965422,0.00954452,0.000508613
74,10,0.965902,0.0103855,0.000575403
74,11,0.966409,0.0114739,0.00068437
74,12,0.966937,0.012793,0.000835178
74,13,0.967482,0.0143121,0.00102703
74,14,0.968039,0.0159928,0.00125878
74,15,0.968604,0.0177945,0.00152892
74,16,0.969172,0.0196781,0.0018356
74,17,0.96974,0.0216096,0.00217665
74,18,0.970305,0.0235602,0.00254962
74,19,0.970864,0.0255069,0.00295188
74,20,0.971416,0.0274314,0.00338064
74,21,0.971958,0.0293191,0.003833
74,22,0.972491,0.0311583,0.00430593
74,23,0.973015,0.0329388,0.00479632
74,24,0.973528,0.0346517,0.00530095
74,25,0.974033,0.0362888,0.00581651
74,26,0.97453,0.0378422,0.00633958
74,27,0.975021,0.0393045,0.00686668
74,28,0.975508,0.0406687,0.00739427
74,29,0.975991,0.0419283,0.00791875
74,30,0.976475,0.0430773,0.00843652
74,31,0.97696,0.0441101,0.00894399
74,32,0.977449,0.0450222,0.00943759
74,33,0.977945,0.0458094,0.00991382
74,34,0.978448,0.0464686,0.0103693
74,35,0.978961,0.0469972,0.0108007
74,36,0.979487,0.0473934,0.011205
74,37,0.980025,0.0476561,0.0115791
74,38,0.980578,0.0477848,0.0119203
74,39,0.981146,0.0477795,0.0122261
74,40,0.981729,0.047641,0.0124942
74,41,0.982329,0.0473706,0.0127226
74,42,0.982944,0.0469698,0.0129096
74,43,0.983575,0.046441,0.0130538
74,44,0.984219,0.0457865,0.0131541
74,45,0.984876,0.0450094,0.01321
74,46,0.985544,0.0441129,0.0132209
74,47,0.98622,0.0431007,0.0131869
74,48,0.986903,0.0419765,0.0131083
74,49,0.987589,0.0407446,0.0129857
74,50,0.988276,0.0394093,0.0128202
74,51,0.988961,0.0379751,0.012613
74,52,0.98964,0.0364468,0.0123657
74,53,0.99031,0.0348294,0.0120799
74,54,0.990968,0.0331277,0.0117578
74,55,0.991611,0.031347,0.0114014
74,56,0.992236,0.0294925,0.0110132
74,57,0.99284,0.0275694,0.0105956
74,58,0.993421,0.0255832,0.0101512
74,59,0.993978,0.0235392,0.00968281
74,60,0.994507,0.0214428,0.0091931
74,61,0.995009,0.0192995,0.00868501
74,62,0.995482,0.0171147,0.00816146
74,63,0.995926,0.0148939,0.00762548
74,64,0.99634,0.0126426,0.00708012
74,65,0.996726,0.0103662,0.00652853
74,66,0.997084,0.0080703,0.00597387
74,67,0.997414,0.00576027,0.00541935
74,68,0.99772,0.0034416,0.00486822
74,69,0.998003,0.00111978,0.00432374
74,70,0.998265,-0.00119973,0.00378915
74,71,0.998508,-0.00351147,0.0032677
74,72,0.998736,-0.00580995,0.00276258
74,73,0.998951,-0.00808971,0.00227688
74,74,0.999157,-0.0103452,0.00181362
74,75,0.999356,-0.012571,0.00137567
74,76,0.999553,-0.0147616,0.000965756
74,77,0.999749,-0.0169113,0.000586383
74,78,0.999948,-0.0190146,0.000239851
74,79,1.00015,-0.0210657,-7.17932e-05
74,80,1.00037,-0.0230591,-0.000346776
74,81,1.0006,-0.0249889,-0.000583616
74,82,1.00084,-0.0268493,-0.000781146
74,83,1.0011,-0.0286344,-0.000938523
74,84,1.00138,-0.0303383,-0.00105524
74,85,1.00168,-0.031955,-0.00113113
74,86,1.00201,-0.0334787,-0.00116638
74,87,1.00236,-0.0349035,-0.00116154
74,88,1.00274,-0.0362236,-0.00111748
74,89,1.00315,-0.0374332,-0.00103544
74,90,1.00359,-0.0385271,-0.000917019
74,91,1.00406,-0.0395,-0.000764125
74,92,1.00456,-0.0403471,-0.000579018
74,93,1.0051,-0.0410641,-0.000364275
74,94,1.00567,-0.0416474,-0.000122782
74,95,1.00628,-0.0420936,0.00014228
74,96,1.00692,-0.0424007,0.000427463
74,97,1.00759,-0.0425669,0.000729069
74,98,1.0083,-0.0425918,0.00104319
74,99,1.00905,-0.0424757,0.00136574
74,100,1.00983,-0.04222,0.00169253
74,101,1.01064,-0.0418271,0.00201925
74,102,1.01149,-0.0413001,0.00234165
74,103,1.01236,-0.0406429,0.00265548
74,104,1.01327,-0.0398604,0.00295666
74,105,1.0142,-0.0389578,0.00324128
74,106,1.01516,-0.0379409,0.00350571
74,107,1.01613,-0.0368162,0.00374657
74,108,1.01713,-0.0355914,0.00396084
74,109,1.01813,-0.034276,0.00414576
74,110,1.01915,-0.0328821,0.00429883
74,111,1.02016,-0.0314264,0.00441779
74,112,1.02117,-0.0299309,0.00450053
74,113,1.02217,-0.0284249,0.00454512
74,114,1.02315,-0.0269454,0.00454992
74,115,1.0241,-0.0255364,0.00451386
74,116,1.02502,-0.0242464,0.00443693
74,117,1.0259,-0.0231245,0.00432082
74,118,1.02673,-0.0222137,0.00416964
74,119,1.02749,-0.0215431,0.00398995
74,120,1.02819,-0.0211172,0.00378903
74,121,1.02881,-0.0208949,0.00356942
74,122,1.02934,-0.020742,0.00331761
74,123,1.02979,-0.0203234,0.00298739
74,124,1.03014,-0.0189012,0.00248752
74,125,1.0304,-0.0150477,0.0017056
74,126,1.03056,-0.00644883,0.000613547
74,127,1,-0.00343474,0
75,0,1,0,0
75,1,0.961218,0.00279058,0.000156984
75,2,0.961356,0.00629973,0.00048567
75,3,0.961537,0.00773159,0.000706973
75,4,0.961766,0.00825091,0.000802099
75,5,0.962042,0.00841635,0.000816299
75,6,0.962366,0.00850835,0.000800396
75,7,0.962735,0.00867926,0.000791073
75,8,0.963146,0.00901937,0.000808876
75,9,0.963595,0.00958285,0.000863101
75,10,0.964078,0.0103966,0.000956956
75,11,0.964591,0.011464,0.00109094
75,12,0.96513,0.0127689,0.00126452
75,13,0.965689,0.014281,0.00147681
75,14,0.966263,0.0159619,0.00172663
75,15,0.966849,0.0177708,0.00201254
75,16,0.967442,0.0196688,0.00233278
75,17,0.968039,0.0216213,0.0026853
75,18,0.968636,0.0235992,0.0030678
75,19,0.969231,0.0255789,0.00347778
75,20,0.969821,0.0275414,0.0039126
75,21,0.970405,0.0294713,0.0043695
75,22,0.970981,0.031356,0.00484561
75,23,0.97155,0.0331843,0.00533795
75,24,0.97211,0.0349464,0.00584347
75,25,0.972662,0.036633,0.00635899
75,26,0.973207,0.0382353,0.00688126
75,27,0.973746,0.0397449,0.00740694
75,28,0.97428,0.0411541,0.00793261
75,29,0.97481,0.0424555,0.00845483
75,30,0.975339,0.0436425,0.0089701
75,31,0.975869,0.0447092,0.00947496
75,32,0.9764,0.0456507,0.00996594
75,33,0.976937,0.0464628,0.0104397
75,34,0.977479,0.0471422,0.0108928
75,35,0.97803,0.0476866,0.0113221
75,36,0.978591,0.0480945,0.0117246
75,37,0.979163,0.048365,0.0120974
75,38,0.979749,0.0484983,0.0124376
75,39,0.980348,0.0484948,0.012743
75,40,0.980962,0.048356,0.0130111
75,41,0.98159,0.0480835,0.0132401
75,42,0.982234,0.0476796,0.0134282
75,43,0.982892,0.0471471,0.0135741
75,44,0.983564,0.0464888,0.0136767
75,45,0.984248,0.0457084,0.0137354
75,46,0.984943,0.0448092,0.0137497
75,47,0.985647,0.0437953,0.0137195
75,48,0.986357,0.0426706,0.0136453
75,49,0.987071,0.0414396,0.0135277
75,50,0.987786,0.0401064,0.0133674
75,51,0.988499,0.0386758,0.0131659
75,52,0.989207,0.0371522,0.0129246
75,53,0.989906,0.0355406,0.0126452
75,54,0.990594,0.0338456,0.0123296
75,55,0.991267,0.0320722,0.01198
75,56,0.991922,0.0302254,0.0115986
75,57,0.992558,0.0283102,0.011188
75,58,0.993171,0.0263315,0.0107505
75,59,0.99376,0.0242947,0.010289
75,60,0.994323,0.0222048,0.00980603
75,61,0.994859,0.020067,0.00930454
75,62,0.995367,0.0178867,0.00878737
75,63,0.995846,0.0156691,0.00825751
75,64,0.996297,0.0134197,0.00771797
75,65,0.99672,0.0111438,0.00717183
75,66,0.997116,0.00884685,0.00662222
75,67,0.997486,0.00653446,0.00607232
75,68,0.997832,0.00421215,0.00552532
75,69,0.998156,0.00188554,0.00498443
75,70,0.99846,-0.000439709,0.00445286
75,71,0.998746,-0.00275789,0.00393381
75,72,0.999018,-0.00506326,0.00343039
75,73,0.999278,-0.00735003,0.00294566
75,74,0.999529,-0.0096124,0.00248258
75,75,0.999775,-0.0118445,0.00204396
75,76,1.00002,-0.0140405,0.00163245
75,77,1.00026,-0.0161945,0.00125049
75,78,1.00051,-0.0183007,0.00090033
75,79,1.00076,-0.0203531,0.00058395
75,80,1.00102,-0.0223459,0.000303069
75,81,1.0013,-0.0242733,5.9116e-05
75,82,1.00159,-0.0261293,-0.000146782
75,83,1.0019,-0.0279083,-0.000313816
75,84,1.00222,-0.0296043,-0.0004415
75,85,1.00257,-0.0312119,-0.00052968
75,86,1.00295,-0.0327253,-0.00057854
75,87,1.00335,-0.0341391,-0.000588599
75,88,1.00377,-0.0354479,-0.000560713
75,89,1.00423,-0.0366467,-0.000496073
75,90,1.00472,-0.0377306,-0.000396202
75,91,1.00523,-0.0386949,-0.000262949
75,92,1.00579,-0.0395356,-9.84841e-05
75,93,1.00637,-0.0402489,9.47135e-05
75,94,1.00699,-0.0408316,0.000313864
75,95,1.00765,-0.0412814,0.000555903
75,96,1.00834,-0.0415962,0.000817501
75,97,1.00907,-0.0417753,0.00109508
75,98,1.00983,-0.0418184,0.00138487
75,99,1.01063,-0.0417264,0.00168291
75,100,1.01147,-0.0415009,0.00198511
75,101,1.01234,-0.0411445,0.00228733
75,102,1.01324,-0.0406605,0.00258539
75,103,1.01418,-0.0400528,0.0028752
75,104,1.01514,-0.0393261,0.00315277
75,105,1.01613,-0.0384851,0.00341433
75,106,1.01715,-0.0375353,0.00365634
75,107,1.01818,-0.0364825,0.00387558
75,108,1.01923,-0.0353335,0.00406914
75,109,1.02029,-0.0340966,0.00423441
75,110,1.02136,-0.0327827,0.00436905
75,111,1.02243,-0.031407,0.00447096
75,112,1.02349,-0.0299902,0.0045382
75,113,1.02453,-0.0285599,0.004569
75,114,1.02555,-0.0271518,0.00456186
75,115,1.02655,-0.0258091,0.00451587
75,116,1.02751,-0.0245803,0.00443113
75,117,1.02842,-0.0235153,0.00430947
75,118,1.02927,-0.0226588,0.00415512
75,119,1.03007,-0.0220412,0.00397471
75,120,1.03079,-0.0216656,0.00377544
75,121,1.03143,-0.0214814,0.0035592
75,122,1.03199,-0.021331,0.00331072
75,123,1.03246,-0.0208397,0.00298075
75,124,1.03283,-0.0192311,0.00247671
75,125,1.03311,-0.0150985,0.00168821
75,126,1.0333,-0.00630747,0.000593963
75,127,1,-0.00343474,0
76,0,1,0,0
76,1,0.959604,0.00283388,0.000198547
76,2,0.959727,0.00638717,0.000580809
76,3,0.959896,0.00794453,0.000846306
76,4,0.960113,0.00855886,0.000979324
76,5,0.960379,0.00876407,0.00102842
76,6,0.960693,0.00885015,0.00104604
76,7,0.961054,0.00898647,0.0010688
76,8,0.961458,0.00927703,0.00111721
76,9,0.961903,0.00978416,0.00120049
76,10,0.962385,0.0105387,0.00132169
76,11,0.962898,0.0115454,0.00148109
76,12,0.963439,0.0127887,0.00167799
76,13,0.964004,0.0142386,0.00191139
76,14,0.964586,0.0158568,0.00218009
76,15,0.965183,0.0176031,0.00248267
76,16,0.965789,0.0194387,0.00281744
76,17,0.966401,0.0213297,0.00318245
76,18,0.967016,0.0232473,0.00357551
76,19,0.967631,0.0251685,0.00399425
76,20,0.968243,0.0270747,0.00443613
76,21,0.96885,0.0289511,0.00489853
76,22,0.969452,0.0307856,0.00537871
76,23,0.970048,0.0325679,0.00587381
76,24,0.970637,0.0342887,0.00638092
76,25,0.971219,0.0359394,0.006897
76,26,0.971795,0.0375121,0.00741893
76,27,0.972366,0.0389991,0.00794351
76,28,0.972933,0.040393,0.00846747
76,29,0.973498,0.0416869,0.00898748
76,30,0.974063,0.0428747,0.00950019
76,31,0.974628,0.0439506,0.0100022
76,32,0.975198,0.0449095,0.0104903
76,33,0.975772,0.0457472,0.0109611
76,34,0.976353,0.0464599,0.0114114
76,35,0.976944,0.0470449,0.0118381
76,36,0.977545,0.0475,0.0122381
76,37,0.978157,0.0478236,0.0126088
76,38,0.978784,0.0480149,0.0129474
76,39,0.979424,0.0480737,0.0132516
76,40,0.980079,0.0480003,0.013519
76,41,0.980748,0.0477956,0.0137479
76,42,0.981432,0.0474609,0.0139364
76,43,0.982131,0.046998,0.0140834
76,44,0.982842,0.0464091,0.0141877
76,45,0.983566,0.045697,0.0142485
76,46,0.984299,0.0448644,0.0142657
76,47,0.985041,0.0439148,0.014239
76,48,0.985788,0.0428516,0.0141688
76,49,0.986538,0.0416789,0.0140557
76,50,0.987289,0.0404006,0.0139005
76,51,0.988036,0.0390212,0.0137045
76,52,0.988778,0.0375452,0.0134691
76,53,0.989511,0.0359773,0.0131959
76,54,0.990233,0.0343222,0.0128869
76,55,0.990939,0.0325852,0.0125441
76,56,0.991627,0.0307711,0.0121698
76,57,0.992296,0.0288852,0.0117663
76,58,0.992942,0.0269327,0.0113361
76,59,0.993564,0.0249191,0.0108819
76,60,0.99416,0.0228496,0.0104062
76,61,0.99473,0.0207296,0.00991185
76,62,0.995271,0.0185646,0.00940174
76,63,0.995785,0.01636,0.00887874
76,64,0.996271,0.0141212,0.00834584
76,65,0.99673,0.0118538,0.00780607
76,66,0.997162,0.00956326,0.00726251
76,67,0.997569,0.00725495,0.00671829
76,68,0.997953,0.00493437,0.00617654
76,69,0.998316,0.00260697,0.00564043
76,70,0.998659,0.000278189,0.00511311
76,71,0.998986,-0.00204654,0.00459769
76,72,0.999299,-0.00436179,0.00409724
76,73,0.999601,-0.00666215,0.00361475
76,74,0.999895,-0.00894219,0.00315308
76,75,1.00018,-0.0111965,0.00271498
76,76,1.00047,-0.0134196,0.002303
76,77,1.00076,-0.015606,0.00191954
76,78,1.00106,-0.0177503,0.00156673
76,79,1.00136,-0.0198468,0.00124649
76,80,1.00167,-0.0218899,0.000960474
76,81,1.002,-0.023874,0.000710049
76,82,1.00234,-0.0257932,0.000496291
76,83,1.0027,-0.0276417,0.000319972
76,84,1.00308,-0.0294135,0.000181551
76,85,1.00349,-0.0311027,8.11718e-05
76,86,1.00392,-0.0327033,1.86579e-05
76,87,1.00438,-0.0342092,-6.48869e-06
76,88,1.00487,-0.0356145,4.91452e-06
76,89,1.00539,-0.0369133,5.17309e-05
76,90,1.00594,-0.0380997,0.00013251
76,91,1.00652,-0.0391684,0.000245487
76,92,1.00713,-0.040114,0.000388597
76,93,1.00779,-0.0409318,0.000559471
76,94,1.00847,-0.0416174,0.000755455
76,95,1.00919,-0.0421672,0.000973619
76,96,1.00995,-0.0425781,0.00121077
76,97,1.01074,-0.042848,0.00146349
76,98,1.01157,-0.0429757,0.00172813
76,99,1.01243,-0.0429607,0.00200088
76,100,1.01332,-0.0428038,0.00227782
76,101,1.01425,-0.0425066,0.00255491
76,102,1.01521,-0.0420718,0.00282812
76,103,1.01619,-0.0415028,0.00309348
76,104,1.01721,-0.0408038,0.00334712
76,105,1.01824,-0.0399799,0.00358538
76,106,1.0193,-0.0390364,0.00380483
76,107,1.02037,-0.0379797,0.00400237
76,108,1.02146,-0.0368172,0.00417519
76,109,1.02255,-0.0355581,0.00432081
76,110,1.02365,-0.0342142,0.00443703
76,111,1.02474,-0.0328016,0.00452187
76,112,1.02582,-0.0313422,0.00457352
76,113,1.02689,-0.0298647,0.00459036
76,114,1.02793,-0.0284064,0.00457103
76,115,1.02894,-0.0270121,0.00451471
76,116,1.02991,-0.0257328,0.00442162
76,117,1.03084,-0.0246213,0.0042937
76,118,1.03171,-0.0237256,0.00413526
76,119,1.03251,-0.0230788,0.00395298
76,120,1.03324,-0.0226827,0.00375385
76,121,1.0339,-0.0224766,0.00353904
76,122,1.03447,-0.0222774,0.00329191
76,123,1.03494,-0.021669,0.00296142
76,124,1.03533,-0.0198373,0.00245281
76,125,1.03562,-0.0154033,0.00166059
76,126,1.03581,-0.00642699,0.000585364
76,127,1,-0.00343474,0
77,0,1,0,0
77,1,0.958143,0.00269065,0.000229507
77,2,0.958254,0.00631012,0.00066776
77,3,0.958409,0.00800211,0.000971298
77,4,0.958614,0.00871588,0.0011394
77,5,0.958869,0.00896456,0.00122278
77,6,0.959173,0.00905008,0.00127332
77,7,0.959525,0.00916043,0.00132777
77,8,0.959922,0.00941464,0.00140654
77,9,0.960361,0.00988439,0.0015187
77,10,0.960839,0.0106052,0.00166713
77,11,0.961351,0.0115839,0.00185191
77,12,0.961893,0.0128055,0.0020722
77,13,0.962461,0.0142401,0.00232688
77,14,0.963051,0.0158495,0.0026147
77,15,0.963657,0.0175935,0.00293426
77,16,0.964277,0.0194332,0.00328393
77,17,0.964906,0.0213344,0.00366185
77,18,0.965542,0.0232683,0.00406591
77,19,0.96618,0.0252111,0.00449384
77,20,0.96682,0.0271439,0.00494323
77,21,0.967457,0.0290512,0.00541157
77,22,0.968092,0.0309202,0.00589622
77,23,0.968723,0.0327396,0.00639448
77,24,0.969349,0.0344993,0.00690355
77,25,0.96997,0.03619,0.00742053
77,26,0.970586,0.0378026,0.00794245
77,27,0.971198,0.0393285,0.00846624
77,28,0.971806,0.0407597,0.00898877
77,29,0.972412,0.0420885,0.00950684
77,30,0.973017,0.0433081,0.0100172
77,31,0.973623,0.0444123,0.0105167
77,32,0.974231,0.0453956,0.011002
77,33,0.974843,0.0462535,0.0114701
77,34,0.975462,0.0469825,0.0119176
77,35,0.976087,0.0475795,0.0123418
77,36,0.976722,0.0480428,0.0127395
77,37,0.977368,0.0483712,0.0131082
77,38,0.978026,0.0485641,0.0134451
77,39,0.978696,0.0486219,0.013748
77,40,0.979381,0.0485454,0.0140147
77,41,0.980079,0.048336,0.0142433
77,42,0.980791,0.0479955,0.0144321
77,43,0.981517,0.0475263,0.0145799
77,44,0.982256,0.0469312,0.0146856
77,45,0.983006,0.046213,0.0147484
77,46,0.983766,0.0453753,0.0147682
77,47,0.984534,0.0444215,0.0147447
77,48,0.985308,0.0433554,0.0146782
77,49,0.986085,0.0421812,0.0145694
77,50,0.986863,0.0409029,0.014419
77,51,0.987639,0.0395248,0.0142283
77,52,0.988409,0.0380515,0.0139987
77,53,0.98917,0.0364876,0.0137317
77,54,0.98992,0.0348376,0.0134293
77,55,0.990655,0.0331063,0.0130934
77,56,0.991373,0.0312987,0.0127262
77,57,0.992072,0.0294196,0.0123301
77,58,0.992748,0.0274741,0.0119075
77,59,0.993401,0.0254671,0.0114609
77,60,0.994028,0.0234039,0.010993
77,61,0.994629,0.0212896,0.0105065
77,62,0.995204,0.0191294,0.0100041
77,63,0.99575,0.0169287,0.00948883
77,64,0.99627,0.0146928,0.00896348
77,65,0.996763,0.0124271,0.00843108
77,66,0.99723,0.010137,0.00789465
77,67,0.997673,0.00782813,0.00735725
77,68,0.998094,0.00550595,0.00682199
77,69,0.998493,0.00317607,0.00629194
77,70,0.998875,0.000844117,0.00577019
77,71,0.999241,-0.00148426,0.00525979
77,72,0.999593,-0.00380336,0.00476373
77,73,0.999935,-0.00610749,0.00428489
77,74,1.00027,-0.00839089,0.00382607
77,75,1.0006,-0.0106478,0.00338992
77,76,1.00093,-0.0128725,0.00297889
77,77,1.00126,-0.0150592,0.00259528
77,78,1.0016,-0.0172022,0.00224115
77,79,1.00195,-0.0192955,0.00191831
77,80,1.0023,-0.0213336,0.00162834
77,81,1.00267,-0.0233105,0.00137252
77,82,1.00306,-0.0252205,0.00115188
77,83,1.00346,-0.0270579,0.000967117
77,84,1.00389,-0.0288168,0.000818667
77,85,1.00434,-0.0304916,0.000706647
77,86,1.00481,-0.0320766,0.000630875
77,87,1.00532,-0.0335662,0.000590867
77,88,1.00585,-0.0349548,0.000585839
77,89,1.00641,-0.036237,0.000614707
77,90,1.007,-0.0374078,0.000676094
77,91,1.00763,-0.038462,0.000768326
77,92,1.00829,-0.0393951,0.000889447
77,93,1.00899,-0.0402028,0.00103721
77,94,1.00972,-0.0408815,0.00120912
77,95,1.01049,-0.0414279,0.00140237
77,96,1.01129,-0.0418396,0.00161395
77,97,1.01213,-0.0421149,0.0018406
77,98,1.013,-0.042253,0.00207885
77,99,1.01391,-0.042254,0.00232507
77,100,1.01485,-0.0421188,0.00257549
77,101,1.01583,-0.0418494,0.00282624
77,102,1.01684,-0.0414485,0.00307347
77,103,1.01787,-0.0409197,0.00331332
77,104,1.01893,-0.0402671,0.00354209
77,105,1.02002,-0.0394955,0.00375622
77,106,1.02112,-0.0386099,0.00395243
77,107,1.02224,-0.0376161,0.00412771
77,108,1.02336,-0.0365208,0.00427937
77,109,1.0245,-0.0353321,0.00440504
77,110,1.02563,-0.034061,0.00450264
77,111,1.02676,-0.032722,0.00457028
77,112,1.02787,-0.0313355,0.00460628
77,113,1.02897,-0.029929,0.00460911
77,114,1.03004,-0.0285382,0.0045775
77,115,1.03107,-0.0272074,0.0045107
77,116,1.03206,-0.0259872,0.004409
77,117,1.033,-0.0249313,0.00427439
77,118,1.03389,-0.0240893,0.0041112
77,119,1.0347,-0.0234953,0.00392605
77,120,1.03545,-0.0231488,0.00372564
77,121,1.03611,-0.0229785,0.00351049
77,122,1.03669,-0.0227762,0.00326258
77,123,1.03717,-0.0220862,0.00292939
77,124,1.03756,-0.0200613,0.00241813
77,125,1.03786,-0.0153576,0.001628
77,126,1.03808,-0.00623091,0.000561809
77,127,1,-0.00343474,0
78,0,1,0,0
78,1,0.956814,0.00279217,0.000262569
78,2,0.95691,0.00649515,0.000740964
78,3,0.957055,0.00832536,0.00108114
78,4,0.957248,0.00913749,0.00128289
78,5,0.957492,0.00942691,0.00139879
78,6,0.957785,0.00950686,0.00148146
78,7,0.958127,0.00958245,0.00156703
78,8,0.958514,0.00978631,0.00167563
78,9,0.958945,0.0101983,0.00181623
78,10,0.959416,0.010858,0.00199155
78,11,0.959923,0.0117737,0.00220153
78,12,0.960461,0.0129309,0.00244517
78,13,0.961027,0.0142998,0.00272124
78,14,0.961617,0.0158426,0.00302848
78,15,0.962226,0.0175193,0.00336546
78,16,0.96285,0.0192917,0.00373061
78,17,0.963486,0.0211258,0.00412211
78,18,0.96413,0.0229933,0.00453793
78,19,0.96478,0.0248712,0.00497588
78,20,0.965432,0.0267408,0.00543365
78,21,0.966085,0.0285873,0.0059088
78,22,0.966737,0.0303984,0.00639881
78,23,0.967386,0.0321635,0.00690107
78,24,0.968033,0.0338733,0.00741289
78,25,0.968676,0.035519,0.00793151
78,26,0.969316,0.0370924,0.00845406
78,27,0.969953,0.0385855,0.0089776
78,28,0.970589,0.0399909,0.00949912
78,29,0.971224,0.0413015,0.0100156
78,30,0.971859,0.0425107,0.0105238
78,31,0.972496,0.0436125,0.0110208
78,32,0.973137,0.0446017,0.0115034
78,33,0.973784,0.0454736,0.0119685
78,34,0.974437,0.0462243,0.0124132
78,35,0.975099,0.0468506,0.0128344
78,36,0.975771,0.0473499,0.0132295
78,37,0.976455,0.0477204,0.0135957
78,38,0.977151,0.047961,0.0139305
78,39,0.977861,0.0480711,0.0142316
78,40,0.978585,0.0480505,0.014497
78,41,0.979322,0.0479,0.0147248
78,42,0.980074,0.0476203,0.0149134
78,43,0.980839,0.0472131,0.0150615
78,44,0.981616,0.0466802,0.0151681
78,45,0.982405,0.0460239,0.0152325
78,46,0.983202,0.0452468,0.0152545
78,47,0.984008,0.044352,0.0152338
78,48,0.984818,0.0433428,0.0151708
78,49,0.985631,0.0422227,0.015066
78,50,0.986444,0.0409957,0.0149204
78,51,0.987254,0.0396659,0.0147349
78,52,0.988057,0.0382375,0.014511
78,53,0.988852,0.0367152,0.0142503
78,54,0.989634,0.0351036,0.0139546
78,55,0.990401,0.0334076,0.0136259
78,56,0.991151,0.031632,0.0132662
78,57,0.991881,0.0297821,0.0128779
78,58,0.992589,0.0278629,0.0124634
78,59,0.993273,0.0258798,0.0120251
78,60,0.993931,0.0238381,0.0115656
78,61,0.994563,0.021743,0.0110877
78,62,0.995169,0.0196001,0.010594
78,63,0.995747,0.0174147,0.0100873
78,64,0.996298,0.0151922,0.0095706
78,65,0.996823,0.0129383,0.00904672
78,66,0.997323,0.0106581,0.00851866
78,67,0.997799,0.00835735,0.00798943
78,68,0.998252,0.00604129,0.00746203
78,69,0.998686,0.00371539,0.00693949
78,70,0.999102,0.00138501,0.0064248
78,71,0.999502,-0.000944487,0.00592093
78,72,0.99989,-0.00326777,0.00543076
78,73,1.00027,-0.00557951,0.00495708
78,74,1.00064,-0.00787443,0.00450259
78,75,1.00101,-0.0101472,0.0040698
78,76,1.00138,-0.0123926,0.00366109
78,77,1.00175,-0.0146051,0.00327862
78,78,1.00213,-0.0167796,0.00292434
78,79,1.00252,-0.0189105,0.00259997
78,80,1.00292,-0.0209923,0.00230699
78,81,1.00333,-0.0230196,0.0020466
78,82,1.00377,-0.0249865,0.00181974
78,83,1.00422,-0.0268873,0.00162707
78,84,1.0047,-0.0287161,0.00146897
78,85,1.0052,-0.0304669,0.00134555
78,86,1.00573,-0.0321337,0.00125662
78,87,1.00628,-0.0337102,0.00120171
78,88,1.00687,-0.0351904,0.00118008
78,89,1.00749,-0.0365681,0.00119072
78,90,1.00815,-0.0378372,0.00123232
78,91,1.00883,-0.0389919,0.00130333
78,92,1.00955,-0.0400264,0.0014019
78,93,1.01031,-0.0409354,0.00152595
78,94,1.0111,-0.041714,0.00167311
78,95,1.01193,-0.042358,0.00184077
78,96,1.01279,-0.0428636,0.00202611
78,97,1.01369,-0.0432279,0.00222603
78,98,1.01462,-0.0434489,0.00243727
78,99,1.01559,-0.0435255,0.00265638
78,100,1.01658,-0.0434577,0.00287977
78,101,1.01761,-0.0432465,0.00310377
78,102,1.01866,-0.0428939,0.00332467
78,103,1.01973,-0.0424027,0.00353877
78,104,1.02083,-0.0417769,0.00374249
78,105,1.02195,-0.0410209,0.00393241
78,106,1.02308,-0.04014,0.00410534
78,107,1.02423,-0.0391404,0.00425837
78,108,1.02538,-0.0380293,0.00438891
78,109,1.02653,-0.0368157,0.00449465
78,110,1.02768,-0.0355114,0.00457359
78,111,1.02882,-0.034132,0.00462394
78,112,1.02994,-0.0326991,0.00464408
78,113,1.03104,-0.0312413,0.00463256
78,114,1.03211,-0.029796,0.00458817
78,115,1.03314,-0.0284091,0.00451022
78,116,1.03413,-0.0271341,0.00439904
78,117,1.03507,-0.0260275,0.00425665
78,118,1.03595,-0.0251426,0.00408739
78,119,1.03677,-0.0245158,0.00389776
78,120,1.03751,-0.0241448,0.00369411
78,121,1.03817,-0.0239472,0.0034762
78,122,1.03874,-0.0236885,0.00322517
78,123,1.03922,-0.0228728,0.00288834
78,124,1.03961,-0.0206214,0.0023737
78,125,1.03991,-0.0156294,0.00158793
78,126,1.04012,-0.00635346,0.000552011
78,127,1,-0.00343474,0
79,0,1,0,0
79,1,0.955617,0.00265359,0.000284581
79,2,0.955702,0.00645628,0.000806462
79,3,0.955834,0.00842986,0.00117683
79,4,0.956016,0.009342,0.00140911
79,5,0.956249,0.00967366,0.00155656
79,6,0.956532,0.00975145,0.00167028
79,7,0.956864,0.00979899,0.00178605
79,8,0.957242,0.0099638,0.00192373
79,9,0.957665,0.0103351,0.00209206
79,10,0.958129,0.0109571,0.00229363
79,11,0.95863,0.0118403,0.00252824
79,12,0.959164,0.0129707,0.00279476
79,13,0.959729,0.0143186,0.00309188
79,14,0.960319,0.0158463,0.00341827
79,15,0.960932,0.0175135,0.00377253
79,16,0.961562,0.0192821,0.0041531
79,17,0.962207,0.021118,0.0045582
79,18,0.962864,0.0229927,0.00498588
79,19,0.963529,0.0248828,0.00543402
79,20,0.9642,0.0267693,0.00590038
79,21,0.964874,0.0286367,0.00638259
79,22,0.96555,0.0304723,0.00687824
79,23,0.966227,0.0322647,0.00738481
79,24,0.966902,0.0340037,0.00789973
79,25,0.967577,0.0356799,0.00842032
79,26,0.96825,0.0372841,0.00894386
79,27,0.968921,0.0388077,0.00946752
79,28,0.969592,0.0402424,0.00998842
79,29,0.970262,0.0415804,0.0105036
79,30,0.970934,0.0428145,0.0110102
79,31,0.971607,0.0439383,0.011505
79,32,0.972283,0.0449461,0.0119852
79,33,0.972965,0.0458329,0.0124478
79,34,0.973652,0.0465948,0.0128899
79,35,0.974348,0.0472286,0.0133086
79,36,0.975052,0.047732,0.0137012
79,37,0.975768,0.0481033,0.0140652
79,38,0.976494,0.0483418,0.0143981
79,39,0.977234,0.0484473,0.0146976
79,40,0.977986,0.0484201,0.0149618
79,41,0.978752,0.0482615,0.0151889
79,42,0.979531,0.0479729,0.0153772
79,43,0.980323,0.0475561,0.0155257
79,44,0.981127,0.0470138,0.0156332
79,45,0.981942,0.0463484,0.0156992
79,46,0.982767,0.0455631,0.0157232
79,47,0.983598,0.0446612,0.0157053
79,48,0.984435,0.0436462,0.0156457
79,49,0.985275,0.0425219,0.015545
79,50,0.986115,0.0412923,0.0154039
79,51,0.986951,0.0399614,0.0152237
79,52,0.987782,0.0385336,0.0150057
79,53,0.988604,0.0370133,0.0147513
79,54,0.989414,0.0354049,0.0144625
79,55,0.990209,0.0337132,0.0141412
79,56,0.990987,0.031943,0.0137893
79,57,0.991744,0.0300989,0.0134093
79,58,0.99248,0.0281861,0.0130034
79,59,0.993193,0.0262095,0.012574
79,60,0.99388,0.0241741,0.0121238
79,61,0.994541,0.0220852,0.0116553
79,62,0.995175,0.019948,0.0111712
79,63,0.995783,0.0177676,0.0106743
79,64,0.996363,0.0155496,0.0101673
79,65,0.996918,0.0132992,0.00965323
79,66,0.997448,0.0110219,0.00913489
79,67,0.997955,0.00872306,0.00861523
79,68,0.99844,0.00640829,0.00809719
79,69,0.998905,0.00408308,0.0075837
79,70,0.999353,0.00175299,0.00707766
79,71,0.999786,-0.000576424,0.00658192
79,72,1.00021,-0.00289957,0.00609928
79,73,1.00062,-0.00521086,0.00563241
79,74,1.00103,-0.0075047,0.00518388
79,75,1.00143,-0.00977547,0.00475609
79,76,1.00184,-0.0120176,0.00435127
79,77,1.00224,-0.0142254,0.00397149
79,78,1.00266,-0.0163934,0.00361855
79,79,1.00308,-0.0185158,0.00329408
79,80,1.00352,-0.0205871,0.00299943
79,81,1.00397,-0.0226015,0.0027357
79,82,1.00444,-0.0245536,0.00250376
79,83,1.00494,-0.0264374,0.00230419
79,84,1.00545,-0.0282474,0.00213733
79,85,1.00599,-0.0299778,0.00200324
79,86,1.00656,-0.0316228,0.00190173
79,87,1.00715,-0.0331768,0.00183235
79,88,1.00778,-0.0346339,0.00179438
79,89,1.00844,-0.0359887,0.00178687
79,90,1.00913,-0.0372355,0.00180862
79,91,1.00986,-0.0383689,0.00185816
79,92,1.01062,-0.039384,0.00193379
79,93,1.01142,-0.040276,0.00203357
79,94,1.01225,-0.0410404,0.00215532
79,95,1.01311,-0.0416734,0.00229661
79,96,1.01402,-0.042172,0.0024548
79,97,1.01495,-0.0425336,0.00262702
79,98,1.01593,-0.0427567,0.00281022
79,99,1.01693,-0.0428406,0.00300116
79,100,1.01796,-0.0427856,0.00319645
79,101,1.01903,-0.0425929,0.00339263
79,102,1.02012,-0.0422647,0.00358616
79,103,1.02123,-0.0418041,0.00377352
79,104,1.02237,-0.041215,0.00395129
79,105,1.02352,-0.0405018,0.00411616
79,106,1.02468,-0.0396695,0.00426507
79,107,1.02586,-0.0387239,0.00439519
79,108,1.02704,-0.0376716,0.00450403
79,109,1.02822,-0.036521,0.00458934
79,110,1.02939,-0.0352825,0.0046492
79,111,1.03055,-0.0339709,0.00468187
79,112,1.03169,-0.0326062,0.00468578
79,113,1.0328,-0.0312157,0.00465952
79,114,1.03389,-0.0298354,0.00460193
79,115,1.03493,-0.0285105,0.00451233
79,116,1.03593,-0.0272941,0.00439106
79,117,1.03687,-0.0262435,0.00424013
79,118,1.03775,-0.0254129,0.00406379
79,119,1.03857,-0.0248397,0.00386834
79,120,1.03931,-0.0245183,0.00365973
79,121,1.03996,-0.024355,0.00343703
79,122,1.04053,-0.0240901,0.00318051
79,123,1.04102,-0.0231907,0.00283765
79,124,1.0414,-0.0207521,0.00232146
79,125,1.0417,-0.0155127,0.00154527
79,126,1.04192,-0.00611917,0.000526532
79,127,1,-0.00343474,0
80,0,1,0,0
80,1,0.954528,0.00280895,0.00030925
80,2,0.954602,0.00672265,0.000858248
80,3,0.954725,0.00883976,0.00125781
80,4,0.954898,0.00984994,0.00151912
80,5,0.95512,0.0102222,0.00169604
80,6,0.955393,0.0102953,0.00183965
80,7,0.955715,0.0103094,0.00198465
80,8,0.956084,0.0104251,0.00215041
80,9,0.956498,0.0107393,0.00234555
80,10,0.956953,0.0113005,0.00257253
80,11,0.957447,0.0121204,0.00283105
80,12,0.957975,0.0131856,0.00311987
80,13,0.958535,0.0144666,0.00343762
80,14,0.959122,0.0159258,0.00378293
80,15,0.959732,0.0175233,0.00415438
80,16,0.960362,0.0192213,0.00455043
80,17,0.961009,0.0209865,0.00496935
80,18,0.961669,0.0227907,0.00540924
80,19,0.962339,0.024611,0.00586802
80,20,0.963017,0.0264289,0.0063435
80,21,0.963701,0.0282297,0.0068334
80,22,0.964388,0.030001,0.00733535
80,23,0.965077,0.0317321,0.00784691
80,24,0.965767,0.0334136,0.00836561
80,25,0.966458,0.0350367,0.00888886
80,26,0.96715,0.036593,0.00941402
80,27,0.967842,0.0380745,0.00993839
80,28,0.968534,0.0394735,0.0104592
80,29,0.969228,0.0407828,0.0109736
80,30,0.969925,0.0419957,0.0114788
80,31,0.970626,0.043106,0.0119718
80,32,0.971331,0.0441082,0.0124498
80,33,0.972043,0.0449973,0.0129099
80,34,0.972763,0.0457693,0.0133494
80,35,0.973491,0.0464205,0.0137654
80,36,0.97423,0.0469483,0.0141555
80,37,0.974981,0.0473505,0.014517
80,38,0.975744,0.0476256,0.0148477
80,39,0.976521,0.0477726,0.0151454
80,40,0.977311,0.0477913,0.0154081
80,41,0.978115,0.0476818,0.0156341
80,42,0.978932,0.0474448,0.015822
80,43,0.979762,0.0470815,0.0159705
80,44,0.980604,0.0465934,0.0160786
80,45,0.981457,0.0459826,0.0161459
80,46,0.982318,0.0452514,0.0161719
80,47,0.983186,0.0444025,0.0161566
80,48,0.984059,0.0434389,0.0161003
80,49,0.984934,0.0423641,0.0160035
80,50,0.985808,0.0411817,0.0158672
80,51,0.986678,0.0398956,0.0156923
80,52,0.987542,0.0385098,0.0154802
80,53,0.988395,0.0370288,0.0152326
80,54,0.989237,0.0354571,0.014951
80,55,0.990062,0.0337995,0.0146375
80,56,0.99087,0.0320607,0.0142941
80,57,0.991657,0.0302457,0.0139229
80,58,0.992422,0.0283598,0.0135264
80,59,0.993162,0.026408,0.0131068
80,60,0.993877,0.0243957,0.0126668
80,61,0.994566,0.0223281,0.0122088
80,62,0.995228,0.0202107,0.0117355
80,63,0.995862,0.0180488,0.0112495
80,64,0.99647,0.0158479,0.0107537
80,65,0.997052,0.0136133,0.0102509
80,66,0.997608,0.0113504,0.00974381
80,67,0.998142,0.00906468,0.00923533
80,68,0.998654,0.00676145,0.0087283
80,69,0.999146,0.00444601,0.00822556
80,70,0.999622,0.00212364,0.00772989
80,71,1.00008,-0.000200431,0.00724404
80,72,1.00053,-0.00252102,0.00677066
80,73,1.00097,-0.00483298,0.0063123
80,74,1.00141,-0.0071312,0.00587139
80,75,1.00185,-0.00941056,0.00545019
80,76,1.00228,-0.011666,0.00505081
80,77,1.00272,-0.0138923,0.00467513
80,78,1.00317,-0.0160844,0.00432486
80,79,1.00363,-0.018237,0.00400148
80,80,1.00411,-0.0203449,0.00370622
80,81,1.0046,-0.0224025,0.00344009
80,82,1.00511,-0.0244044,0.00320385
80,83,1.00564,-0.0263449,0.00299803
80,84,1.0062,-0.0282182,0.0028229
80,85,1.00679,-0.0300181,0.0026785
80,86,1.0074,-0.0317387,0.00256463
80,87,1.00805,-0.0333737,0.00248087
80,88,1.00872,-0.0349168,0.00242653
80,89,1.00944,-0.0363615,0.00240075
80,90,1.01018,-0.0377014,0.00240241
80,91,1.01096,-0.0389304,0.00243017
80,92,1.01178,-0.0400422,0.00248248
80,93,1.01263,-0.041031,0.00255757
80,94,1.01352,-0.0418914,0.00265343
80,95,1.01444,-0.0426182,0.00276785
80,96,1.01539,-0.0432072,0.0028984
80,97,1.01638,-0.0436547,0.00304245
80,98,1.0174,-0.043958,0.00319715
80,99,1.01845,-0.0441152,0.00335949
80,100,1.01953,-0.0441255,0.00352632
80,101,1.02063,-0.0439893,0.00369436
80,102,1.02176,-0.0437079,0.00386027
80,103,1.0229,-0.0432837,0.00402069
80,104,1.02406,-0.0427202,0.00417234
80,105,1.02524,-0.0420217,0.00431205
80,106,1.02642,-0.0411932,0.00443683
80,107,1.02761,-0.0402408,0.00454395
80,108,1.0288,-0.0391717,0.00463096
80,109,1.02999,-0.037995,0.00469568
80,110,1.03116,-0.0367221,0.0047362
80,111,1.03232,-0.0353688,0.00475081
80,112,1.03345,-0.0339561,0.004738
80,113,1.03456,-0.0325128,0.00469635
80,114,1.03564,-0.0310763,0.00462473
80,115,1.03667,-0.0296937,0.00452247
80,116,1.03765,-0.0284207,0.00438991
80,117,1.03858,-0.0273179,0.00422901
80,118,1.03945,-0.0264429,0.00404395
80,119,1.04025,-0.025835,0.00384081
80,120,1.04098,-0.0254866,0.00362504
80,121,1.04162,-0.025292,0.00339498
80,122,1.04218,-0.0249659,0.00313065
80,123,1.04265,-0.0239393,0.002781
80,124,1.04303,-0.0212836,0.00226228
80,125,1.04332,-0.0157811,0.00149706
80,126,1.04351,-0.00626459,0.000516991
80,127,1,-0.00343474,0
81,0,1,0,0
81,1,0.953551,0.00266488,0.000322659
81,2,0.953617,0.00669999,0.000903328
81,3,0.953729,0.00896217,0.0013255
81,4,0.953892,0.0100695,0.00161261
81,5,0.954106,0.0104817,0.00181784
81,6,0.95437,0.0105514,0.00198995
81,7,0.954683,0.0105366,0.00216292
81,8,0.955044,0.0106121,0.00235567
81,9,0.95545,0.0108842,0.00257652
81,10,0.955898,0.0114058,0.00282784
81,11,0.956385,0.0121908,0.00310926
81,12,0.956909,0.0132263,0.00341946
81,13,0.957465,0.0144828,0.003757
81,14,0.95805,0.0159227,0.00412048
81,15,0.958661,0.0175059,0.00450849
81,16,0.959294,0.0191947,0.00491951
81,17,0.959946,0.0209555,0.00535183
81,18,0.960614,0.02276,0.0058036
81,19,0.961294,0.0245852,0.00627278
81,20,0.961986,0.0264123,0.00675724
81,21,0.962685,0.0282259,0.00725474
81,22,0.963391,0.0300133,0.007763
81,23,0.964102,0.0317632,0.00827963
81,24,0.964816,0.0334655,0.00880224
81,25,0.965533,0.0351106,0.00932833
81,26,0.966252,0.0366895,0.00985536
81,27,0.966973,0.0381935,0.0103807
81,28,0.967696,0.0396141,0.0109018
81,29,0.968422,0.0409436,0.0114157
81,30,0.96915,0.0421745,0.0119199
81,31,0.969883,0.0433003,0.0124115
81,32,0.970621,0.044315,0.0128877
81,33,0.971365,0.0452134,0.0133459
81,34,0.972117,0.0459914,0.0137832
81,35,0.972877,0.0466453,0.0141971
81,36,0.973647,0.0471725,0.014585
81,37,0.974429,0.0475711,0.0149445
81,38,0.975221,0.0478399,0.0152734
81,39,0.976027,0.0479783,0.0155696
81,40,0.976845,0.0479866,0.0158312
81,41,0.977677,0.0478654,0.0160565
81,42,0.978522,0.0476158,0.0162441
81,43,0.979379,0.0472395,0.0163928
81,44,0.980247,0.0467385,0.0165018
81,45,0.981127,0.0461153,0.0165705
81,46,0.982014,0.0453727,0.0165986
81,47,0.982909,0.0445135,0.0165861
81,48,0.983808,0.0435413,0.0165332
81,49,0.984709,0.0424594,0.0164407
81,50,0.985609,0.0412717,0.0163092
81,51,0.986505,0.0399821,0.0161399
81,52,0.987395,0.0385947,0.0159342
81,53,0.988275,0.0371138,0.0156936
81,54,0.989142,0.0355438,0.0154198
81,55,0.989994,0.0338893,0.0151146
81,56,0.990827,0.0321548,0.0147802
81,57,0.99164,0.0303453,0.0144187
81,58,0.99243,0.0284656,0.0140324
81,59,0.993195,0.0265206,0.0136236
81,60,0.993935,0.0245154,0.0131948
81,61,0.994648,0.0224551,0.0127485
81,62,0.995334,0.0203449,0.0122872
81,63,0.995993,0.01819,0.0118137
81,64,0.996625,0.0159958,0.0113305
81,65,0.997231,0.0137675,0.0108404
81,66,0.997811,0.0115105,0.0103462
81,67,0.998369,0.00923022,0.00985062
81,68,0.998905,0.00693205,0.00935634
81,69,0.999422,0.0046214,0.00886612
81,70,0.999922,0.00230369,0.00838262
81,71,1.00041,-1.56696e-05,0.00790846
81,72,1.00088,-0.00233126,0.00744615
81,73,1.00135,-0.00463767,0.0069981
81,74,1.00182,-0.0069295,0.00656659
81,75,1.00228,-0.00920137,0.00615373
81,76,1.00274,-0.0114479,0.00576146
81,77,1.00321,-0.0136637,0.00539153
81,78,1.00369,-0.0158433,0.00504551
81,79,1.00418,-0.0179814,0.00472472
81,80,1.00468,-0.0200725,0.00443029
81,81,1.0052,-0.0221111,0.00416309
81,82,1.00575,-0.0240917,0.00392379
81,83,1.00631,-0.0260087,0.00371284
81,84,1.0069,-0.0278565,0.00353045
81,85,1.00752,-0.0296293,0.00337661
81,86,1.00817,-0.0313214,0.00325113
81,87,1.00884,-0.0329268,0.00315357
81,88,1.00955,-0.0344398,0.00308333
81,89,1.0103,-0.0358544,0.00303957
81,90,1.01108,-0.0371648,0.00302129
81,91,1.01189,-0.0383652,0.00302727
81,92,1.01274,-0.0394501,0.00305611
81,93,1.01362,-0.0404142,0.0031062
81,94,1.01454,-0.0412524,0.00317576
81,95,1.01549,-0.0419604,0.00326276
81,96,1.01648,-0.0425341,0.00336501
81,97,1.0175,-0.0429705,0.00348011
81,98,1.01855,-0.0432672,0.00360546
81,99,1.01963,-0.0434228,0.00373829
81,100,1.02073,-0.0434368,0.00387567
81,101,1.02186,-0.0433099,0.00401455
81,102,1.02302,-0.0430437,0.00415179
81,103,1.02419,-0.0426409,0.00428423
81,104,1.02537,-0.042105,0.00440874
81,105,1.02657,-0.0414403,0.00452226
81,106,1.02778,-0.0406519,0.00462195
81,107,1.02899,-0.0397455,0.00470512
81,108,1.03019,-0.0387279,0.00476941
81,109,1.03139,-0.0376075,0.00481266
81,110,1.03258,-0.036395,0.00483301
81,111,1.03375,-0.035105,0.00482877
81,112,1.03489,-0.0337572,0.00479842
81,113,1.036,-0.032379,0.00474059
81,114,1.03708,-0.0310067,0.00465412
81,115,1.03811,-0.0296862,0.00453833
81,116,1.0391,-0.028473,0.00439354
81,117,1.04002,-0.0274279,0.00422162
81,118,1.04088,-0.0266095,0.00402663
81,119,1.04168,-0.026057,0.0038143
81,120,1.0424,-0.0257591,0.00358956
81,121,1.04303,-0.0255983,0.00335015
81,122,1.04358,-0.0252656,0.00307576
81,123,1.04405,-0.0241597,0.00271697
81,124,1.04442,-0.0213345,0.00219755
81,125,1.0447,-0.0156173,0.00144771
81,126,1.0449,-0.00600638,0.000490315
81,127,1,-0.00343474,0
82,0,1,0,0
82,1,0.952662,0.00286918,0.0003394
82,2,0.952719,0.00703095,0.000935059
82,3,0.952825,0.00943519,0.00137942
82,4,0.952981,0.0106369,0.00169091
82,5,0.953188,0.0110885,0.00192221
82,6,0.953444,0.0111547,0.00212146
82,7,0.953749,0.0111088,0.00232117
82,8,0.954102,0.0111377,0.00253959
82,9,0.9545,0.0113551,0.0027849
82,10,0.954942,0.0118177,0.00305935
82,11,0.955422,0.012541,0.00336253
82,12,0.95594,0.0135123,0.00369308
82,13,0.956492,0.0147023,0.00404953
82,14,0.957073,0.0160735,0.00443045
82,15,0.957681,0.0175863,0.00483444
82,16,0.958313,0.0192032,0.00526
82,17,0.958965,0.0208913,0.00570545
82,18,0.959634,0.0226228,0.00616897
82,19,0.960318,0.0243752,0.00664856
82,20,0.961014,0.0261301,0.00714212
82,21,0.961719,0.0278728,0.00764746
82,22,0.962433,0.0295911,0.00816233
82,23,0.963153,0.0312743,0.00868442
82,24,0.963879,0.032913,0.00921137
82,25,0.964609,0.0344984,0.00974077
82,26,0.965343,0.0360219,0.0102702
82,27,0.966081,0.0374757,0.010797
82,28,0.966823,0.038852,0.0113187
82,29,0.967569,0.0401434,0.0118327
82,30,0.968321,0.0413432,0.0123362
82,31,0.969078,0.0424451,0.0128267
82,32,0.969842,0.0434433,0.0133015
82,33,0.970614,0.044333,0.0137578
82,34,0.971395,0.0451096,0.0141931
82,35,0.972186,0.0457695,0.0146049
82,36,0.972989,0.0463097,0.0149907
82,37,0.973804,0.0467278,0.0153482
82,38,0.974631,0.047022,0.0156753
82,39,0.975472,0.0471913,0.0159699
82,40,0.976327,0.0472349,0.0162302
82,41,0.977195,0.0471528,0.0164546
82,42,0.978077,0.0469454,0.0166419
82,43,0.978971,0.0466136,0.0167908
82,44,0.979877,0.0461587,0.0169006
82,45,0.980793,0.0455823,0.0169708
82,46,0.981717,0.0448867,0.017001
82,47,0.982647,0.0440743,0.0169913
82,48,0.983581,0.0431478,0.0169421
82,49,0.984517,0.0421105,0.016854
82,50,0.98545,0.0409658,0.0167277
82,51,0.986379,0.0397173,0.0165644
82,52,0.9873,0.0383691,0.0163655
82,53,0.98821,0.0369254,0.0161325
82,54,0.989106,0.0353906,0.015867
82,55,0.989986,0.0337692,0.0155711
82,56,0.990847,0.0320661,0.0152466
82,57,0.991686,0.0302861,0.0148957
82,58,0.992501,0.0284343,0.0145206
82,59,0.993291,0.0265159,0.0141238
82,60,0.994054,0.024536,0.0137075
82,61,0.99479,0.0225,0.0132742
82,62,0.995498,0.0204131,0.0128266
82,63,0.996178,0.0182807,0.012367
82,64,0.996831,0.0161082,0.0118981
82,65,0.997457,0.0139008,0.0114226
82,66,0.998058,0.0116639,0.0109431
82,67,0.998635,0.00940275,0.0104622
82,68,0.99919,0.00712254,0.00998257
82,69,0.999727,0.00482845,0.00950679
82,70,1.00025,0.00252557,0.00903739
82,71,1.00075,0.000218913,0.00857682
82,72,1.00125,-0.00208654,0.00812746
82,73,1.00174,-0.00438589,0.00769156
82,74,1.00222,-0.00667425,0.0072712
82,75,1.0027,-0.00894679,0.00686836
82,76,1.00319,-0.0111987,0.0064848
82,77,1.00369,-0.013425,0.00612212
82,78,1.00419,-0.0156209,0.00578171
82,79,1.00471,-0.0177814,0.00546476
82,80,1.00524,-0.0199014,0.00517225
82,81,1.00579,-0.0219757,0.00490495
82,82,1.00637,-0.0239988,0.00466343
82,83,1.00697,-0.0259653,0.00444804
82,84,1.0076,-0.0278692,0.00425895
82,85,1.00825,-0.0297048,0.00409612
82,86,1.00894,-0.0314657,0.00395933
82,87,1.00966,-0.0331457,0.00384819
82,88,1.01041,-0.0347382,0.00376212
82,89,1.0112,-0.0362365,0.00370039
82,90,1.01203,-0.0376341,0.00366209
82,91,1.01289,-0.0389243,0.00364615
82,92,1.01378,-0.0401004,0.00365131
82,93,1.01471,-0.041156,0.00367616
82,94,1.01568,-0.0420852,0.00371911
82,95,1.01668,-0.0428822,0.00377837
82,96,1.01771,-0.0435421,0.00385198
82,97,1.01877,-0.0440604,0.00393779
82,98,1.01986,-0.0444338,0.00403344
82,99,1.02098,-0.0446596,0.00413642
82,100,1.02212,-0.0447364,0.00424403
82,101,1.02328,-0.044664,0.00435344
82,102,1.02446,-0.044443,0.00446172
82,103,1.02565,-0.0440756,0.00456588
82,104,1.02685,-0.0435648,0.00466294
82,105,1.02806,-0.0429146,0.00474998
82,106,1.02928,-0.0421302,0.00482423
82,107,1.03049,-0.0412175,0.00488309
82,108,1.03169,-0.0401839,0.00492421
82,109,1.03289,-0.0390383,0.00494548
82,110,1.03407,-0.0377924,0.00494504
82,111,1.03523,-0.0364617,0.00492122
82,112,1.03636,-0.0350671,0.00487248
82,113,1.03745,-0.0336372,0.00479745
82,114,1.03851,-0.0322098,0.00469496
82,115,1.03953,-0.0308328,0.00456432
82,116,1.04049,-0.029564,0.00440581
82,117,1.0414,-0.0284677,0.00422125
82,118,1.04224,-0.0276054,0.00401451
82,119,1.04302,-0.0270182,0.00379101
82,120,1.04372,-0.026692,0.00355514
82,121,1.04434,-0.0264974,0.00330397
82,122,1.04488,-0.0261021,0.00301752
82,123,1.04532,-0.0248744,0.00264927
82,124,1.04568,-0.0218522,0.00212795
82,125,1.04594,-0.0159064,0.00139389
82,126,1.04611,-0.00619034,0.000481242
82,127,1,-0.00343474,0
83,0,1,0,0
83,1,0.951864,0.00270895,0.000344854
83,2,0.951916,0.00700225,0.000961381
83,3,0.952014,0.00954692,0.00142129
83,4,0.952163,0.0108398,0.00175393
83,5,0.952363,0.0113278,0.00201009
83,6,0.952614,0.0113894,0.00223491
83,7,0.952913,0.0113146,0.00245988
83,8,0.95326,0.0113035,0.00270265
83,9,0.953653,0.0114785,0.00297105
83,10,0.954089,0.0119011,0.00326728
83,11,0.954566,0.0125884,0.00359089
83,12,0.95508,0.0135287,0.00394051
83,13,0.955629,0.0146924,0.00431464
83,14,0.956209,0.0160419,0.00471187
83,15,0.956817,0.0175374,0.00513079
83,16,0.957451,0.0191415,0.00556992
83,17,0.958108,0.0208211,0.00602765
83,18,0.958784,0.0225483,0.00650216
83,19,0.959476,0.0243003,0.0069915
83,20,0.960184,0.0260585,0.00749361
83,21,0.960903,0.027808,0.00800634
83,22,0.961633,0.0295359,0.00852747
83,23,0.962372,0.0312311,0.00905476
83,24,0.963119,0.0328837,0.00958589
83,25,0.963872,0.0344841,0.0101185
83,26,0.964631,0.0360233,0.0106503
83,27,0.965395,0.0374927,0.0111787
83,28,0.966165,0.0388839,0.0117012
83,29,0.96694,0.040189,0.0122154
83,30,0.967721,0.0414006,0.0127187
83,31,0.968509,0.042512,0.0132085
83,32,0.969304,0.0435172,0.0136821
83,33,0.970107,0.0444109,0.0141371
83,34,0.970919,0.0451885,0.0145709
83,35,0.971741,0.0458463,0.0149811
83,36,0.972573,0.0463815,0.0153653
83,37,0.973418,0.0467918,0.0157214
83,38,0.974275,0.0470757,0.0160471
83,39,0.975145,0.0472326,0.0163406
83,40,0.976028,0.0472621,0.0166002
83,41,0.976924,0.0471646,0.0168243
83,42,0.977833,0.0469412,0.0170117
83,43,0.978754,0.046593,0.0171613
83,44,0.979687,0.0461219,0.0172724
83,45,0.980629,0.0455301,0.0173444
83,46,0.981579,0.0448201,0.0173772
83,47,0.982536,0.0439945,0.0173709
83,48,0.983495,0.0430567,0.0173257
83,49,0.984456,0.0420099,0.0172424
83,50,0.985415,0.0408576,0.0171219
83,51,0.986368,0.0396037,0.0169652
83,52,0.987314,0.0382522,0.0167737
83,53,0.988248,0.0368072,0.016549
83,54,0.989168,0.035273,0.0162928
83,55,0.990071,0.0336541,0.0160068
83,56,0.990954,0.0319552,0.0156932
83,57,0.991815,0.0301808,0.0153541
83,58,0.992651,0.0283359,0.0149915
83,59,0.993462,0.0264253,0.0146079
83,60,0.994245,0.0244541,0.0142056
83,61,0.995,0.0224273,0.013787
83,62,0.995726,0.02035,0.0133544
83,63,0.996424,0.0182275,0.0129105
83,64,0.997094,0.0160649,0.0124577
83,65,0.997737,0.0138674,0.0119986
83,66,0.998354,0.0116403,0.0115357
83,67,0.998948,0.00938892,0.0110714
83,68,0.99952,0.00711837,0.0106084
83,69,1.00007,0.00483393,0.0101489
83,70,1.00061,0.00254082,0.00969557
83,71,1.00113,0.000244222,0.00925052
83,72,1.00164,-0.00205069,0.008816
83,73,1.00215,-0.00433875,0.00839409
83,74,1.00265,-0.00661485,0.00798671
83,75,1.00316,-0.00887386,0.00759565
83,76,1.00366,-0.0111107,0.00722251
83,77,1.00418,-0.0133201,0.00686871
83,78,1.0047,-0.0154972,0.00653549
83,79,1.00524,-0.0176366,0.00622389
83,80,1.0058,-0.0197331,0.00593474
83,81,1.00638,-0.0217816,0.00566869
83,82,1.00697,-0.0237765,0.00542621
83,83,1.0076,-0.0257125,0.00520756
83,84,1.00825,-0.0275839,0.00501284
83,85,1.00893,-0.029385,0.00484197
83,86,1.00965,-0.0311101,0.00469474
83,87,1.01039,-0.0327531,0.00457075
83,88,1.01117,-0.0343079,0.00446948
83,89,1.01199,-0.0357686,0.00439027
83,90,1.01283,-0.0371288,0.0043323
83,91,1.01372,-0.0383826,0.00429464
83,92,1.01464,-0.0395238,0.00427619
83,93,1.01559,-0.0405465,0.00427572
83,94,1.01658,-0.0414454,0.00429185
83,95,1.0176,-0.0422152,0.00432302
83,96,1.01866,-0.0428514,0.0043675
83,97,1.01974,-0.0433501,0.00442339
83,98,1.02085,-0.0437083,0.00448861
83,99,1.02198,-0.0439239,0.00456086
83,100,1.02314,-0.0439958,0.00463772
83,101,1.02432,-0.0439241,0.00471659
83,102,1.02551,-0.0437099,0.00479475
83,103,1.02672,-0.0433555,0.0048694
83,104,1.02793,-0.0428641,0.00493774
83,105,1.02916,-0.0422401,0.00499698
83,106,1.03038,-0.0414885,0.00504446
83,107,1.0316,-0.0406152,0.00507765
83,108,1.03281,-0.0396272,0.00509427
83,109,1.03401,-0.038533,0.00509224
83,110,1.0352,-0.0373434,0.00506971
83,111,1.03636,-0.0360731,0.00502502
83,112,1.03749,-0.0347417,0.00495665
83,113,1.03859,-0.0333764,0.0048632
83,114,1.03965,-0.0320137,0.00474351
83,115,1.04066,-0.0307004,0.00459686
83,116,1.04162,-0.029494,0.00442347
83,117,1.04252,-0.0284584,0.00422506
83,118,1.04336,-0.0276559,0.00400529
83,119,1.04412,-0.0271268,0.00376917
83,120,1.04481,-0.0268525,0.00352051
83,121,1.04542,-0.0266922,0.00325588
83,122,1.04595,-0.0262923,0.00295552
83,123,1.04638,-0.0249958,0.00257571
83,124,1.04673,-0.0218309,0.00205434
83,125,1.04699,-0.0157104,0.00133961
83,126,1.04716,-0.00591649,0.000453011
83,127,1,-0.00343474,0
84,0,1,0,0
84,1,0.951137,0.00295734,0.000354322
84,2,0.951184,0.00738167,0.000974874
84,3,0.95128,0.0100609,0.00145058
84,4,0.951425,0.0114417,0.00180313
84,5,0.95162,0.0119668,0.00208184
84,6,0.951866,0.012026,0.00233078
84,7,0.95216,0.011923,0.00257962
84,8,0.952503,0.0118689,0.00284523
84,9,0.952891,0.0119927,0.00313524
84,10,0.953323,0.0123594,0.00345177
84,11,0.953795,0.0129877,0.00379438
84,12,0.954306,0.0138659,0.00416171
84,13,0.954853,0.0149649,0.00455227
84,14,0.955431,0.0162469,0.00496466
84,15,0.956039,0.0176727,0.00539752
84,16,0.956673,0.019205,0.00584939
84,17,0.957331,0.0208114,0.00631867
84,18,0.958009,0.0224645,0.0068036
84,19,0.958705,0.0241421,0.00730226
84,20,0.959418,0.0258261,0.00781262
84,21,0.960144,0.027502,0.00833255
84,22,0.960881,0.0291575,0.00885988
84,23,0.96163,0.0307822,0.00939239
84,24,0.962387,0.0323667,0.00992781
84,25,0.963153,0.0339021,0.0104639
84,26,0.963926,0.0353801,0.0109982
84,27,0.964706,0.0367927,0.0115284
84,28,0.965494,0.0381322,0.0120521
84,29,0.966289,0.0393914,0.0125669
84,30,0.967091,0.0405633,0.0130701
84,31,0.967902,0.0416417,0.0135594
84,32,0.968722,0.0426209,0.0140322
84,33,0.969551,0.0434957,0.0144861
84,34,0.970392,0.0442616,0.0149186
84,35,0.971243,0.0449149,0.0153273
84,36,0.972107,0.0454524,0.0157101
84,37,0.972985,0.0458715,0.0160648
84,38,0.973875,0.0461704,0.0163893
84,39,0.97478,0.0463476,0.0166819
84,40,0.975698,0.0464024,0.0169408
84,41,0.97663,0.0463345,0.0171647
84,42,0.977576,0.046144,0.0173524
84,43,0.978533,0.0458317,0.0175028
84,44,0.979502,0.0453985,0.0176153
84,45,0.98048,0.0448461,0.0176894
84,46,0.981466,0.0441763,0.0177251
84,47,0.982456,0.0433914,0.0177225
84,48,0.98345,0.042494,0.0176819
84,49,0.984443,0.0414871,0.017604
84,50,0.985434,0.040374,0.0174898
84,51,0.986418,0.0391581,0.0173404
84,52,0.987392,0.0378435,0.0171572
84,53,0.988354,0.036434,0.0169417
84,54,0.989301,0.0349341,0.0166957
84,55,0.990229,0.0333483,0.0164209
84,56,0.991135,0.0316812,0.0161195
84,57,0.992018,0.0299377,0.0157934
84,58,0.992875,0.0281228,0.0154448
84,59,0.993705,0.0262415,0.015076
84,60,0.994505,0.0242989,0.0146893
84,61,0.995277,0.0223003,0.014287
84,62,0.996019,0.020251,0.0138715
84,63,0.996731,0.018156,0.0134451
84,64,0.997414,0.0160207,0.0130103
84,65,0.99807,0.0138503,0.0125696
84,66,0.998699,0.0116498,0.0121252
84,67,0.999304,0.00942444,0.0116797
84,68,0.999887,0.00717911,0.0112353
84,69,1.00045,0.00491876,0.0107943
84,70,1.001,0.00264824,0.0103589
84,71,1.00153,0.000372279,0.00993139
84,72,1.00206,-0.00190444,0.00951363
84,73,1.00257,-0.0041773,0.00910756
84,74,1.00309,-0.00644176,0.00871493
84,75,1.00361,-0.00869328,0.00833731
84,76,1.00413,-0.0109273,0.00797615
84,77,1.00466,-0.0131394,0.00763269
84,78,1.0052,-0.0153247,0.00730798
84,79,1.00576,-0.0174787,0.00700292
84,80,1.00634,-0.0195965,0.0067182
84,81,1.00694,-0.021673,0.00645435
84,82,1.00757,-0.023703,0.00621172
84,83,1.00822,-0.0256811,0.00599049
84,84,1.0089,-0.0276015,0.00579072
84,85,1.00961,-0.0294583,0.00561229
84,86,1.01036,-0.0312452,0.00545497
84,87,1.01114,-0.0329558,0.00531841
84,88,1.01196,-0.0345835,0.00520212
84,89,1.01281,-0.0361212,0.00510552
84,90,1.0137,-0.0375621,0.00502793
84,91,1.01462,-0.0388992,0.00496852
84,92,1.01558,-0.0401253,0.00492639
84,93,1.01658,-0.0412337,0.00490048
84,94,1.0176,-0.0422177,0.00488962
84,95,1.01866,-0.0430712,0.00489248
84,96,1.01975,-0.0437885,0.00490759
84,97,1.02086,-0.0443647,0.00493328
84,98,1.022,-0.0447956,0.00496773
84,99,1.02316,-0.0450781,0.00500891
84,100,1.02435,-0.0452102,0.00505463
84,101,1.02554,-0.045191,0.00510253
84,102,1.02675,-0.0450208,0.00515011
84,103,1.02797,-0.0447013,0.00519475
84,104,1.02919,-0.0442354,0.00523382
84,105,1.03042,-0.0436268,0.00526465
84,106,1.03164,-0.0428808,0.00528469
84,107,1.03286,-0.0420033,0.00529148
84,108,1.03407,-0.0410018,0.00528279
84,109,1.03526,-0.0398855,0.00525655
84,110,1.03643,-0.0386658,0.00521095
84,111,1.03757,-0.0373583,0.00514429
84,112,1.03869,-0.0359837,0.00505508
84,113,1.03977,-0.0345703,0.0049419
84,114,1.0408,-0.0331561,0.00480359
84,115,1.0418,-0.0317899,0.0046394
84,116,1.04273,-0.0305313,0.00444951
84,117,1.04362,-0.0294474,0.00423555
84,118,1.04443,-0.0286034,0.00400095
84,119,1.04518,-0.0280409,0.00375035
84,120,1.04585,-0.0277381,0.00348697
84,121,1.04645,-0.0275432,0.00320687
84,122,1.04695,-0.0270821,0.00289118
84,123,1.04737,-0.0256745,0.00250008
84,124,1.04771,-0.0223409,0.0019773
84,125,1.04794,-0.0160325,0.0012813
84,126,1.04808,-0.00614759,0.00044381
84,127,1,-0.00343474,0
85,0,1,0,0
85,1,0.950486,0.00277032,0.000352633
85,2,0.950529,0.00732548,0.000984393
85,3,0.950619,0.0101349,0.00146923
85,4,0.950761,0.0115982,0.0018385
85,5,0.950953,0.0121552,0.00213858
85,6,0.951196,0.0122085,0.00240995
85,7,0.951488,0.0120768,0.00268107
85,8,0.951828,0.0119834,0.00296804
85,9,0.952214,0.0120656,0.00327814
85,10,0.952644,0.0123926,0.00361343
85,11,0.953115,0.012985,0.00397349
85,12,0.953625,0.0138318,0.00435699
85,13,0.954172,0.0149037,0.00476248
85,14,0.954751,0.0161628,0.00518859
85,15,0.955362,0.0175696,0.005634
85,16,0.956,0.019087,0.00609729
85,17,0.956664,0.0206822,0.00657692
85,18,0.95735,0.0223279,0.00707115
85,19,0.958056,0.0240015,0.00757811
85,20,0.958781,0.0256849,0.00809578
85,21,0.959521,0.027363,0.0086221
85,22,0.960275,0.0290235,0.00915492
85,23,0.961042,0.0306552,0.00969205
85,24,0.96182,0.0322483,0.0102313
85,25,0.962609,0.0337934,0.0107704
85,26,0.963406,0.0352816,0.011307
85,27,0.964213,0.0367043,0.0118389
85,28,0.965027,0.0380534,0.0123637
85,29,0.965851,0.0393209,0.012879
85,30,0.966683,0.0404996,0.0133824
85,31,0.967524,0.0415827,0.0138714
85,32,0.968374,0.0425642,0.0143437
85,33,0.969235,0.0434386,0.0147969
85,34,0.970106,0.0442013,0.0152285
85,35,0.970988,0.0448487,0.0156364
85,36,0.971883,0.0453774,0.0160183
85,37,0.97279,0.0457852,0.0163722
85,38,0.97371,0.0460705,0.0166962
85,39,0.974644,0.0462322,0.0169884
85,40,0.975591,0.0462699,0.0172474
85,41,0.976552,0.0461837,0.0174717
85,42,0.977525,0.0459744,0.0176603
85,43,0.978509,0.0456431,0.0178122
85,44,0.979505,0.0451913,0.0179268
85,45,0.980509,0.0446211,0.0180038
85,46,0.981521,0.0439346,0.0180431
85,47,0.982537,0.0431346,0.0180449
85,48,0.983555,0.042224,0.0180097
85,49,0.984573,0.041206,0.0179381
85,50,0.985586,0.0400839,0.0178311
85,51,0.986593,0.0388616,0.01769
85,52,0.98759,0.0375428,0.017516
85,53,0.988573,0.0361317,0.0173109
85,54,0.98954,0.0346325,0.0170762
85,55,0.990487,0.0330495,0.0168139
85,56,0.991411,0.0313874,0.016526
85,57,0.992311,0.0296507,0.0162145
85,58,0.993184,0.0278442,0.0158815
85,59,0.994028,0.0259728,0.0155292
85,60,0.994842,0.0240414,0.0151598
85,61,0.995626,0.0220549,0.0147757
85,62,0.996379,0.0200185,0.0143791
85,63,0.997102,0.017937,0.0139722
85,64,0.997795,0.0158157,0.0135575
85,65,0.998459,0.0136595,0.0131371
85,66,0.999097,0.0114735,0.0127134
85,67,0.99971,0.00926268,0.0122886
85,68,1.0003,0.00703212,0.0118648
85,69,1.00087,0.00478675,0.0114443
85,70,1.00143,0.00253152,0.0110289
85,71,1.00197,0.000271305,0.0106208
85,72,1.00251,-0.00198902,0.0102217
85,73,1.00303,-0.00424463,0.00983324
85,74,1.00356,-0.0064907,0.00945708
85,75,1.00409,-0.00872245,0.0090946
85,76,1.00462,-0.0109351,0.00874703
85,77,1.00517,-0.0131237,0.00841544
85,78,1.00573,-0.0152836,0.00810074
85,79,1.0063,-0.0174098,0.00780365
85,80,1.0069,-0.0194972,0.00752472
85,81,1.00751,-0.0215409,0.00726436
85,82,1.00815,-0.0235355,0.00702281
85,83,1.00883,-0.0254758,0.00680018
85,84,1.00953,-0.0273562,0.00659644
85,85,1.01026,-0.029171,0.00641146
85,86,1.01102,-0.0309143,0.00624498
85,87,1.01182,-0.03258,0.00609666
85,88,1.01266,-0.034162,0.00596608
85,89,1.01353,-0.0356539,0.00585272
85,90,1.01443,-0.0370493,0.00575599
85,91,1.01537,-0.0383416,0.00567521
85,92,1.01635,-0.0395244,0.00560962
85,93,1.01736,-0.0405915,0.00555835
85,94,1.0184,-0.0415368,0.00552043
85,95,1.01947,-0.0423546,0.00549475
85,96,1.02057,-0.0430399,0.00548008
85,97,1.02169,-0.0435881,0.005475
85,98,1.02284,-0.0439956,0.00547795
85,99,1.02401,-0.0442598,0.00548715
85,100,1.0252,-0.044379,0.00550067
85,101,1.0264,-0.0443528,0.00551638
85,102,1.02762,-0.044182,0.00553201
85,103,1.02884,-0.0438684,0.00554516
85,104,1.03007,-0.0434152,0.00555336
85,105,1.03129,-0.0428266,0.0055541
85,106,1.03252,-0.0421077,0.00554497
85,107,1.03374,-0.0412646,0.00552358
85,108,1.03495,-0.0403045,0.0054878
85,109,1.03614,-0.039236,0.00543558
85,110,1.03731,-0.0380703,0.00536516
85,111,1.03845,-0.0368216,0.00527486
85,112,1.03956,-0.0355098,0.00516319
85,113,1.04064,-0.0341618,0.00502876
85,114,1.04168,-0.0328141,0.00487039
85,115,1.04266,-0.0315143,0.00468732
85,116,1.0436,-0.0303214,0.00447969
85,117,1.04447,-0.0293022,0.00424898
85,118,1.04529,-0.0285217,0.0039984
85,119,1.04603,-0.0280201,0.00373209
85,120,1.04669,-0.027771,0.00345267
85,121,1.04727,-0.0276116,0.00315591
85,122,1.04777,-0.0271503,0.00282361
85,123,1.04819,-0.0256887,0.00241949
85,124,1.04851,-0.0222451,0.00189724
85,125,1.04874,-0.015806,0.00122275
85,126,1.04889,-0.0058586,0.00041314
85,127,1,-0.00343474,0
86,0,1,0,0
86,1,0.94989,0.00305828,0.000355564
86,2,0.949931,0.00773849,0.000981654
86,3,0.950022,0.0106699,0.00147658
86,4,0.950163,0.0122122,0.00186152
86,5,0.950354,0.0128031,0.00218063
86,6,0.950595,0.0128549,0.00247295
86,7,0.950886,0.0126983,0.00276486
86,8,0.951225,0.0125661,0.00307158
86,9,0.951609,0.0126013,0.00340013
86,10,0.952039,0.0128764,0.00375253
86,11,0.95251,0.0134132,0.00412839
86,12,0.95302,0.0142011,0.00452646
86,13,0.953568,0.0152108,0.00494536
86,14,0.954149,0.0164045,0.00538377
86,15,0.954762,0.0177431,0.00584041
86,16,0.955404,0.0191898,0.00631394
86,17,0.956072,0.0207125,0.00680284
86,18,0.956763,0.0222841,0.00730544
86,19,0.957476,0.0238829,0.00781988
86,20,0.958208,0.025491,0.00834421
86,21,0.958957,0.0270941,0.00887637
86,22,0.959721,0.0286802,0.00941424
86,23,0.9605,0.0302388,0.00995568
86,24,0.961291,0.0317607,0.0104985
86,25,0.962093,0.0332371,0.0110405
86,26,0.962906,0.0346597,0.0115794
86,27,0.96373,0.0360207,0.012113
86,28,0.964564,0.0373124,0.012639
86,29,0.965408,0.0385277,0.013155
86,30,0.966262,0.0396597,0.0136586
86,31,0.967126,0.0407022,0.0141476
86,32,0.968002,0.0416495,0.0146196
86,33,0.96889,0.0424965,0.0150721
86,34,0.969789,0.0432387,0.0155031
86,35,0.970702,0.0438723,0.0159103
86,36,0.971628,0.044394,0.0162915
86,37,0.972567,0.0448012,0.0166449
86,38,0.973521,0.0450919,0.0169684
86,39,0.974489,0.0452647,0.0172606
86,40,0.975472,0.0453187,0.0175199
86,41,0.976467,0.0452533,0.017745
86,42,0.977476,0.0450688,0.0179348
86,43,0.978496,0.0447655,0.0180886
86,44,0.979527,0.0443444,0.0182059
86,45,0.980566,0.0438069,0.0182863
86,46,0.981611,0.0431548,0.0183298
86,47,0.982661,0.0423902,0.0183367
86,48,0.983711,0.0415156,0.0183075
86,49,0.984759,0.0405338,0.0182431
86,50,0.985802,0.0394479,0.0181443
86,51,0.986836,0.0382615,0.0180125
86,52,0.987859,0.0369782,0.0178491
86,53,0.988866,0.0356021,0.0176555
86,54,0.989855,0.0341373,0.0174337
86,55,0.990822,0.0325884,0.0171854
86,56,0.991765,0.0309599,0.0169126
86,57,0.992681,0.0292565,0.0166174
86,58,0.993568,0.0274831,0.0163017
86,59,0.994425,0.0256448,0.0159678
86,60,0.99525,0.0237464,0.0156178
86,61,0.996044,0.0217932,0.0152538
86,62,0.996805,0.0197902,0.0148782
86,63,0.997534,0.0177423,0.014493
86,64,0.998232,0.0156548,0.0141004
86,65,0.998901,0.0135324,0.0137026
86,66,0.999543,0.0113802,0.0133017
86,67,1.00016,0.00920292,0.0128997
86,68,1.00075,0.00700525,0.0124987
86,69,1.00133,0.00479182,0.0121006
86,70,1.00189,0.00256713,0.0117073
86,71,1.00243,0.000335579,0.0113205
86,72,1.00297,-0.0018985,0.0109418
86,73,1.0035,-0.00413087,0.0105728
86,74,1.00404,-0.00635732,0.0102148
86,75,1.00457,-0.00857367,0.00986899
86,76,1.00511,-0.0107757,0.00953645
86,77,1.00567,-0.0129592,0.00921807
86,78,1.00624,-0.0151198,0.00891457
86,79,1.00683,-0.0172531,0.00862653
86,80,1.00744,-0.0193543,0.00835436
86,81,1.00807,-0.0214188,0.00809834
86,82,1.00873,-0.0234413,0.00785861
86,83,1.00943,-0.0254165,0.0076352
86,84,1.01015,-0.0273388,0.00742803
86,85,1.01091,-0.0292021,0.00723693
86,86,1.0117,-0.0310003,0.00706164
86,87,1.01253,-0.0327266,0.00690186
86,88,1.01339,-0.0343743,0.0067572
86,89,1.01429,-0.0359364,0.00662722
86,90,1.01523,-0.0374054,0.00651144
86,91,1.0162,-0.0387741,0.00640932
86,92,1.01721,-0.0400352,0.00632025
86,93,1.01825,-0.0411813,0.00624354
86,94,1.01932,-0.0422056,0.00617842
86,95,1.02042,-0.0431012,0.00612401
86,96,1.02154,-0.0438622,0.0060793
86,97,1.02269,-0.044483,0.00604314
86,98,1.02386,-0.0449591,0.00601419
86,99,1.02505,-0.0452867,0.00599094
86,100,1.02625,-0.0454635,0.00597172
86,101,1.02746,-0.0454881,0.00595462
86,102,1.02868,-0.0453606,0.00593761
86,103,1.02991,-0.0450822,0.00591849
86,104,1.03114,-0.0446555,0.00589497
86,105,1.03236,-0.0440845,0.0058647
86,106,1.03358,-0.0433741,0.00582538
86,107,1.03479,-0.0425304,0.00577474
86,108,1.03599,-0.0415611,0.0057107
86,109,1.03716,-0.0404753,0.00563129
86,110,1.03832,-0.0392846,0.00553475
86,111,1.03944,-0.0380043,0.00541944
86,112,1.04054,-0.0366548,0.0052839
86,113,1.0416,-0.0352644,0.00512673
86,114,1.04261,-0.0338708,0.00494678
86,115,1.04358,-0.0325234,0.00474328
86,116,1.04449,-0.0312834,0.00451633
86,117,1.04535,-0.0302204,0.00426729
86,118,1.04615,-0.0294019,0.00399911
86,119,1.04687,-0.0288692,0.00371551
86,120,1.04752,-0.0285924,0.00341856
86,121,1.04809,-0.0283987,0.00310369
86,122,1.04858,-0.0278802,0.00275408
86,123,1.04897,-0.0263227,0.00233791
86,124,1.04928,-0.0227432,0.00181474
86,125,1.0495,-0.0161601,0.00116036
86,126,1.04962,-0.00613765,0.000403001
86,127,1,-0.00343474,0
87,0,1,0,0
87,1,0.949357,0.00283431,0.000347617
87,2,0.949397,0.00763484,0.000976411
87,3,0.949485,0.0106814,0.00147471
87,4,0.949624,0.0122954,0.00187221
87,5,0.949815,0.0129127,0.0022092
87,6,0.950057,0.012957,0.00252072
87,7,0.950348,0.0127722,0.00283173
87,8,0.950688,0.0126018,0.00315662
87,9,0.951074,0.0125965,0.00350199
87,10,0.951505,0.0128327,0.00386983
87,11,0.951979,0.0133342,0.00425981
87,12,0.952492,0.0140908,0.00467076
87,13,0.953043,0.0150731,0.00510137
87,14,0.95363,0.0162434,0.00555041
87,15,0.954248,0.0175621,0.00601668
87,16,0.954898,0.0189925,0.00649888
87,17,0.955574,0.0205022,0.00699557
87,18,0.956277,0.0220643,0.00750513
87,19,0.957002,0.0236567,0.00802576
87,20,0.957748,0.0252615,0.00855552
87,21,0.958514,0.0268639,0.00909241
87,22,0.959297,0.0284515,0.00963433
87,23,0.960096,0.0300136,0.0101792
87,24,0.960909,0.0315404,0.0107248
87,25,0.961736,0.0330226,0.0112691
87,26,0.962575,0.0344514,0.0118098
87,27,0.963426,0.0358186,0.0123447
87,28,0.964288,0.0371159,0.0128715
87,29,0.965162,0.0383357,0.013388
87,30,0.966047,0.0394707,0.0138919
87,31,0.966943,0.0405144,0.0143809
87,32,0.967851,0.0414606,0.0148527
87,33,0.96877,0.042304,0.0153051
87,34,0.969702,0.0430402,0.0157358
87,35,0.970646,0.043665,0.0161427
87,36,0.971604,0.0441755,0.0165238
87,37,0.972575,0.0445692,0.0168772
87,38,0.97356,0.0448442,0.0172012
87,39,0.974558,0.0449996,0.017494
87,40,0.97557,0.0450346,0.0177544
87,41,0.976594,0.0449495,0.017981
87,42,0.977631,0.0447446,0.018173
87,43,0.978679,0.044421,0.0183297
87,44,0.979736,0.0439802,0.0184504
87,45,0.980801,0.0434238,0.0185352
87,46,0.981871,0.0427542,0.018584
87,47,0.982944,0.0419738,0.0185971
87,48,0.984018,0.0410855,0.0185752
87,49,0.985088,0.0400923,0.018519
87,50,0.986152,0.0389975,0.0184297
87,51,0.987206,0.0378049,0.0183086
87,52,0.988247,0.0365181,0.018157
87,53,0.989271,0.0351413,0.0179766
87,54,0.990275,0.0336784,0.0177692
87,55,0.991256,0.032134,0.0175366
87,56,0.992212,0.0305123,0.0172807
87,57,0.993139,0.0288181,0.0170035
87,58,0.994035,0.0270559,0.0167071
87,59,0.9949,0.0252305,0.0163935
87,60,0.995732,0.0233466,0.0160649
87,61,0.99653,0.0214092,0.0157232
87,62,0.997295,0.019423,0.0153707
87,63,0.998027,0.017393,0.0150092
87,64,0.998727,0.0153238,0.0146409
87,65,0.999398,0.0132204,0.0142678
87,66,1.00004,0.0110875,0.0138917
87,67,1.00066,0.00892988,0.0135146
87,68,1.00125,0.00675219,0.0131384
87,69,1.00183,0.00455908,0.0127647
87,70,1.00239,0.00235514,0.0123952
87,71,1.00293,0.000144919,0.0120315
87,72,1.00348,-0.00206708,0.0116751
87,73,1.00401,-0.00427637,0.0113271
87,74,1.00455,-0.00647849,0.0109888
87,75,1.00509,-0.00866899,0.0106612
87,76,1.00564,-0.0108434,0.0103451
87,77,1.00621,-0.0129971,0.0100413
87,78,1.00678,-0.0151257,0.00975031
87,79,1.00738,-0.0172244,0.00947259
87,80,1.008,-0.0192884,0.00920841
87,81,1.00865,-0.0213129,0.00895791
87,82,1.00932,-0.0232927,0.00872114
87,83,1.01003,-0.0252226,0.00849804
87,84,1.01077,-0.0270972,0.00828849
87,85,1.01154,-0.0289106,0.00809226
87,86,1.01234,-0.0306569,0.0079091
87,87,1.01318,-0.0323301,0.00773869
87,88,1.01406,-0.0339237,0.00758072
87,89,1.01497,-0.0354313,0.00743479
87,90,1.01592,-0.0368461,0.00730053
87,91,1.0169,-0.0381614,0.00717749
87,92,1.01791,-0.0393704,0.00706523
87,93,1.01896,-0.0404666,0.00696322
87,94,1.02003,-0.0414435,0.00687087
87,95,1.02113,-0.042295,0.00678751
87,96,1.02226,-0.0430156,0.00671236
87,97,1.02341,-0.0436005,0.00664449
87,98,1.02458,-0.0440454,0.00658284
87,99,1.02576,-0.0443473,0.00652612
87,100,1.02696,-0.0445041,0.00647292
87,101,1.02817,-0.044515,0.0064216
87,102,1.02939,-0.0443804,0.00637035
87,103,1.03061,-0.0441021,0.00631718
87,104,1.03184,-0.0436829,0.00626004
87,105,1.03306,-0.0431269,0.00619675
87,106,1.03427,-0.0424395,0.00612517
87,107,1.03548,-0.0416266,0.00604315
87,108,1.03667,-0.0406958,0.00594873
87,109,1.03784,-0.0396559,0.00584001
87,110,1.03899,-0.0385179,0.00571531
87,111,1.04012,-0.0372961,0.00557306
87,112,1.04121,-0.0360101,0.00541182
87,113,1.04227,-0.0346865,0.00523024
87,114,1.04328,-0.0333618,0.0050272
87,115,1.04425,-0.0320841,0.00480194
87,116,1.04516,-0.0309136,0.0045545
87,117,1.04602,-0.0299193,0.00428613
87,118,1.04681,-0.029168,0.00399946
87,119,1.04753,-0.028699,0.00369774
87,120,1.04817,-0.0284776,0.00338246
87,121,1.04874,-0.0283212,0.00304892
87,122,1.04922,-0.0278087,0.00268134
87,123,1.04961,-0.0262147,0.00225181
87,124,1.04992,-0.0225604,0.00172984
87,125,1.05014,-0.0158923,0.00109782
87,126,1.05026,-0.00582668,0.000369052
87,127,1,-0.00343474,0
88,0,1,0,0
88,1,0.948867,0.00315786,0.000344775
88,2,0.948908,0.00806828,0.000959477
88,3,0.949,0.0112199,0.00146277
88,4,0.949143,0.0129022,0.00187197
88,5,0.949335,0.0135492,0.00222451
88,6,0.949579,0.0135929,0.00255371
88,7,0.949872,0.0133867,0.00288229
88,8,0.950214,0.013182,0.00322364
88,9,0.950603,0.0131345,0.00358409
88,10,0.951037,0.0133233,0.00396559
88,11,0.951513,0.0137733,0.00436789
88,12,0.952031,0.0144746,0.00478993
88,13,0.952587,0.0153979,0.00523054
88,14,0.953179,0.0165055,0.00568858
88,15,0.953804,0.0177582,0.00616293
88,16,0.954461,0.0191196,0.00665237
88,17,0.955146,0.020558,0.00715554
88,18,0.955857,0.0220469,0.00767086
88,19,0.956593,0.0235647,0.00819658
88,20,0.957351,0.0250941,0.00873083
88,21,0.958129,0.0266208,0.00927161
88,22,0.958925,0.0281331,0.00981688
88,23,0.959739,0.0296206,0.0103646
88,24,0.960568,0.031074,0.0109125
88,25,0.961412,0.0324849,0.0114587
88,26,0.96227,0.0338451,0.0120009
88,27,0.963141,0.0351468,0.0125368
88,28,0.964025,0.0363825,0.0130644
88,29,0.964922,0.0375452,0.0135814
88,30,0.965831,0.0386282,0.0140856
88,31,0.966753,0.0396253,0.0145747
88,32,0.967688,0.040531,0.0150464
88,33,0.968636,0.0413401,0.0154987
88,34,0.969598,0.0420484,0.0159293
88,35,0.970573,0.042652,0.0163362
88,36,0.971563,0.0431477,0.0167174
88,37,0.972567,0.0435329,0.0170712
88,38,0.973586,0.0438057,0.0173958
88,39,0.974619,0.0439644,0.0176897
88,40,0.975665,0.0440083,0.0179516
88,41,0.976725,0.0439367,0.0181803
88,42,0.977797,0.0437497,0.018375
88,43,0.978879,0.0434478,0.0185351
88,44,0.97997,0.0430318,0.0186602
88,45,0.981068,0.0425031,0.0187501
88,46,0.98217,0.0418633,0.018805
88,47,0.983274,0.0411145,0.0188254
88,48,0.984376,0.040259,0.0188118
88,49,0.985474,0.0392997,0.0187652
88,50,0.986563,0.0382396,0.0186867
88,51,0.987641,0.0370821,0.0185777
88,52,0.988703,0.0358309,0.0184396
88,53,0.989746,0.0344898,0.018274
88,54,0.990767,0.033063,0.0180827
88,55,0.991762,0.0315548,0.0178675
88,56,0.99273,0.0299697,0.0176304
88,57,0.993667,0.0283124,0.0173734
88,58,0.994571,0.0265875,0.0170983
88,59,0.995441,0.0248,0.0168072
88,60,0.996277,0.0229546,0.0165021
88,61,0.997077,0.0210561,0.0161849
88,62,0.997842,0.0191096,0.0158576
88,63,0.998573,0.0171197,0.0155221
88,64,0.999271,0.0150912,0.0151803
88,65,0.999939,0.0130288,0.0148339
88,66,1.00058,0.010937,0.0144848
88,67,1.00119,0.0088203,0.0141347
88,68,1.00178,0.00668305,0.0137852
88,69,1.00235,0.00452946,0.0134379
88,70,1.00291,0.00236366,0.0130941
88,71,1.00345,0.000189667,0.0127553
88,72,1.00399,-0.00198858,0.0124227
88,73,1.00453,-0.00416722,0.0120973
88,74,1.00507,-0.00634239,0.0117802
88,75,1.00561,-0.00851027,0.0114721
88,76,1.00617,-0.010667,0.0111737
88,77,1.00673,-0.0128086,0.0108856
88,78,1.00732,-0.0149309,0.0106082
88,79,1.00793,-0.0170299,0.0103417
88,80,1.00856,-0.019101,0.0100863
88,81,1.00922,-0.0211394,0.00984202
88,82,1.00991,-0.0231403,0.00960882
88,83,1.01063,-0.0250984,0.00938655
88,84,1.01139,-0.0270079,0.00917504
88,85,1.01218,-0.028863,0.00897403
88,86,1.013,-0.0306572,0.00878327
88,87,1.01387,-0.0323838,0.00860247
88,88,1.01477,-0.034036,0.00843134
88,89,1.0157,-0.0356065,0.00826956
88,90,1.01668,-0.0370877,0.00811685
88,91,1.01768,-0.0384722,0.00797289
88,92,1.01872,-0.0397524,0.00783736
88,93,1.01979,-0.0409207,0.00770991
88,94,1.02088,-0.0419699,0.00759012
88,95,1.022,-0.042893,0.00747753
88,96,1.02315,-0.0436836,0.00737158
88,97,1.02431,-0.044336,0.00727155
88,98,1.02549,-0.0448451,0.00717664
88,99,1.02669,-0.045207,0.00708581
88,100,1.02789,-0.045419,0.0069979
88,101,1.02911,-0.0454792,0.0069115
88,102,1.03033,-0.0453876,0.00682507
88,103,1.03155,-0.0451452,0.00673684
88,104,1.03276,-0.0447544,0.00664497
88,105,1.03398,-0.044219,0.00654746
88,106,1.03518,-0.0435439,0.00644235
88,107,1.03637,-0.0427353,0.00632763
88,108,1.03755,-0.0418009,0.00620146
88,109,1.03871,-0.0407496,0.00606203
88,110,1.03984,-0.0395932,0.00590775
88,111,1.04095,-0.0383466,0.0057371
88,112,1.04202,-0.03703,0.00554871
88,113,1.04306,-0.035671,0.00534128
88,114,1.04405,-0.0343073,0.00511373
88,115,1.045,-0.0329886,0.00486529
88,116,1.0459,-0.0317771,0.00459602
88,117,1.04674,-0.0307445,0.004307
88,118,1.04752,-0.0299595,0.00400061
88,119,1.04823,-0.0294622,0.00367963
88,120,1.04886,-0.0292144,0.00334507
88,121,1.04942,-0.0290254,0.00299208
88,122,1.04989,-0.0284617,0.00260661
88,123,1.05028,-0.0267893,0.00216539
88,124,1.05057,-0.0230337,0.00164318
88,125,1.05078,-0.0162664,0.00103158
88,126,1.05088,-0.00614815,0.000357415
88,127,1,-0.00343474,0
89,0,1,0,0
89,1,0.94843,0.00288759,0.00033148
89,2,0.948473,0.00789923,0.000941486
89,3,0.948563,0.0111472,0.00144299
89,4,0.948706,0.0128885,0.00186083
89,5,0.948902,0.0135558,0.00222776
89,6,0.949149,0.01359,0.00257282
89,7,0.949446,0.013356,0.0029172
89,8,0.949792,0.0131145,0.00327336
89,9,0.950186,0.0130278,0.0036472
89,10,0.950626,0.0131788,0.00404061
89,11,0.951108,0.0135941,0.00445344
89,12,0.951633,0.0142643,0.00488477
89,13,0.952196,0.0151602,0.00533356
89,14,0.952796,0.0162438,0.00579879
89,15,0.953431,0.0174759,0.00627945
89,16,0.954099,0.01882,0.00677442
89,17,0.954796,0.0202442,0.0072824
89,18,0.955522,0.0217221,0.0078019
89,19,0.956273,0.0232318,0.00833122
89,20,0.957049,0.0247559,0.00886853
89,21,0.957846,0.0262797,0.0094119
89,22,0.958664,0.0277912,0.00995932
89,23,0.959501,0.0292797,0.0105087
89,24,0.960356,0.0307355,0.0110581
89,25,0.961227,0.0321496,0.0116053
89,26,0.962113,0.0335133,0.0121482
89,27,0.963014,0.0348185,0.0126847
89,28,0.963929,0.0360572,0.0132127
89,29,0.964858,0.0372219,0.0137298
89,30,0.9658,0.0383055,0.0142341
89,31,0.966755,0.0393016,0.0147232
89,32,0.967724,0.0402042,0.015195
89,33,0.968706,0.0410081,0.0156473
89,34,0.969702,0.0417088,0.0160782
89,35,0.970712,0.0423025,0.0164855
89,36,0.971735,0.042786,0.0168675
89,37,0.972772,0.0431569,0.0172223
89,38,0.973822,0.0434134,0.0175483
89,39,0.974886,0.0435543,0.0178441
89,40,0.975963,0.0435792,0.0181084
89,41,0.977052,0.0434878,0.0183403
89,42,0.978152,0.0432808,0.0185388
89,43,0.979262,0.042959,0.0187034
89,44,0.980379,0.0425238,0.018834
89,45,0.981501,0.0419769,0.0189303
89,46,0.982627,0.0413205,0.0189927
89,47,0.983753,0.0405569,0.0190217
89,48,0.984875,0.039689,0.0190179
89,49,0.985992,0.0387197,0.0189824
89,50,0.987098,0.0376524,0.0189163
89,51,0.988191,0.0364906,0.018821
89,52,0.989267,0.035238,0.0186981
89,53,0.990322,0.0338985,0.0185491
89,54,0.991353,0.0324762,0.0183758
89,55,0.992356,0.0309754,0.0181801
89,56,0.99333,0.0294003,0.0179639
89,57,0.994271,0.0277554,0.017729
89,58,0.995178,0.0260453,0.0174773
89,59,0.996049,0.0242744,0.0172108
89,60,0.996884,0.0224474,0.0169314
89,61,0.997682,0.0205689,0.0166408
89,62,0.998444,0.0186435,0.0163409
89,63,0.99917,0.0166757,0.0160335
89,64,0.999864,0.0146701,0.0157202
89,65,1.00053,0.0126312,0.0154027
89,66,1.00116,0.0105634,0.0150825
89,67,1.00177,0.00847111,0.0147613
89,68,1.00235,0.00635863,0.0144403
89,69,1.00292,0.00423025,0.014121
89,70,1.00347,0.00209017,0.0138046
89,71,1.00402,-5.74339e-05,0.0134922
89,72,1.00455,-0.00220842,0.0131849
89,73,1.00509,-0.00435865,0.0128835
89,74,1.00563,-0.00650403,0.0125888
89,75,1.00617,-0.00864041,0.0123015
89,76,1.00673,-0.0107636,0.0120221
89,77,1.00731,-0.0128694,0.0117508
89,78,1.0079,-0.0149534,0.0114881
89,79,1.00851,-0.0170111,0.0112339
89,80,1.00915,-0.0190381,0.0109883
89,81,1.00982,-0.0210294,0.0107513
89,82,1.01052,-0.0229802,0.0105226
89,83,1.01125,-0.0248852,0.0103021
89,84,1.01202,-0.0267389,0.0100896
89,85,1.01282,-0.0285357,0.0098847
89,86,1.01365,-0.0302696,0.00968718
89,87,1.01452,-0.0319344,0.00949677
89,88,1.01543,-0.0335236,0.00931318
89,89,1.01637,-0.0350306,0.00913618
89,90,1.01734,-0.0364485,0.00896553
89,91,1.01835,-0.0377705,0.00880103
89,92,1.01939,-0.0389896,0.00864248
89,93,1.02045,-0.040099,0.00848966
89,94,1.02155,-0.0410922,0.00834234
89,95,1.02266,-0.0419627,0.00820021
89,96,1.0238,-0.0427048,0.00806294
89,97,1.02496,-0.0433133,0.00793003
89,98,1.02613,-0.0437839,0.00780091
89,99,1.02732,-0.0441132,0.00767479
89,100,1.02851,-0.0442987,0.00755076
89,101,1.02972,-0.0443394,0.00742767
89,102,1.03092,-0.0442355,0.00730426
89,103,1.03213,-0.0439883,0.00717898
89,104,1.03334,-0.0436008,0.00705026
89,105,1.03454,-0.0430769,0.00691631
89,106,1.03574,-0.0424217,0.00677538
89,107,1.03693,-0.0416416,0.00662565
89,108,1.0381,-0.0407438,0.00646543
89,109,1.03925,-0.0397374,0.00629306
89,110,1.04038,-0.0386333,0.00610707
89,111,1.04148,-0.0374456,0.00590602
89,112,1.04255,-0.0361935,0.00568867
89,113,1.04359,-0.0349033,0.00545377
89,114,1.04459,-0.0336111,0.00520032
89,115,1.04554,-0.0323654,0.00492759
89,116,1.04644,-0.0312271,0.00463559
89,117,1.04728,-0.0302669,0.00432525
89,118,1.04805,-0.0295524,0.00399867
89,119,1.04876,-0.0291212,0.00365811
89,120,1.0494,-0.0289304,0.00330404
89,121,1.04995,-0.028781,0.00293172
89,122,1.05043,-0.0282305,0.00252834
89,123,1.05081,-0.0265405,0.00207451
89,124,1.05111,-0.0227451,0.00155447
89,125,1.05132,-0.015938,0.000965335
89,126,1.05144,-0.00580336,0.00031975
89,127,1,-0.00343474,0
90,0,1,0,0
90,1,0.948028,0.00324338,0.000323631
90,2,0.948074,0.00834192,0.000912348
90,3,0.948172,0.0116747,0.00141431
90,4,0.948321,0.0134722,0.00184004
90,5,0.948521,0.0141646,0.00221905
90,6,0.948773,0.0141988,0.00257843
90,7,0.949075,0.013947,0.00293702
90,8,0.949427,0.013676,0.00330619
90,9,0.949826,0.0135523,0.00369157
90,10,0.950271,0.0136608,0.00409499
90,11,0.950761,0.0140292,0.00451644
90,12,0.951293,0.0146482,0.00495516
90,13,0.951865,0.0154886,0.00541028
90,14,0.952475,0.0165126,0.00588092
90,15,0.95312,0.0176813,0.00636619
90,16,0.953799,0.0189585,0.00686508
90,17,0.954509,0.020313,0.00737638
90,18,0.955248,0.0217189,0.00789867
90,19,0.956014,0.0231549,0.00843034
90,20,0.956805,0.024604,0.00896958
90,21,0.957619,0.0260522,0.00951452
90,22,0.958454,0.0274878,0.0100632
90,23,0.95931,0.0289009,0.0106136
90,24,0.960184,0.0302821,0.0111637
90,25,0.961076,0.0316232,0.0117114
90,26,0.961985,0.0329161,0.0122546
90,27,0.962909,0.0341533,0.0127913
90,28,0.963849,0.0353273,0.0133193
90,29,0.964804,0.0364313,0.0138365
90,30,0.965773,0.0374589,0.0143407
90,31,0.966757,0.038404,0.0148299
90,32,0.967755,0.0392612,0.0153018
90,33,0.968768,0.0400256,0.0157544
90,34,0.969795,0.0406929,0.0161857
90,35,0.970837,0.0412595,0.0165938
90,36,0.971894,0.0417223,0.0169767
90,37,0.972965,0.0420788,0.017333
90,38,0.97405,0.0423269,0.0176609
90,39,0.975148,0.0424654,0.0179591
90,40,0.97626,0.0424933,0.0182265
90,41,0.977383,0.0424102,0.0184621
90,42,0.978517,0.042216,0.0186652
90,43,0.979659,0.0419113,0.0188353
90,44,0.980808,0.041497,0.0189723
90,45,0.981961,0.0409742,0.0190762
90,46,0.983115,0.0403448,0.0191473
90,47,0.984268,0.0396106,0.0191862
90,48,0.985416,0.0387742,0.0191936
90,49,0.986556,0.0378381,0.0191707
90,50,0.987683,0.0368054,0.0191187
90,51,0.988794,0.0356795,0.0190389
90,52,0.989886,0.0344638,0.0189329
90,53,0.990954,0.0331623,0.0188025
90,54,0.991995,0.0317788,0.0186492
90,55,0.993006,0.0303177,0.018475
90,56,0.993985,0.0287832,0.0182817
90,57,0.994929,0.0271798,0.0180711
90,58,0.995837,0.0255121,0.0178451
90,59,0.996706,0.0237845,0.0176054
90,60,0.997537,0.0220018,0.0173538
90,61,0.998331,0.0201684,0.017092
90,62,0.999086,0.018289,0.0168216
90,63,0.999805,0.016368,0.0165444
90,64,1.00049,0.0144098,0.0162616
90,65,1.00114,0.0124187,0.0159749
90,66,1.00177,0.0103989,0.0156857
90,67,1.00237,0.00835446,0.0153951
90,68,1.00294,0.00628928,0.0151044
90,69,1.0035,0.00420722,0.0148149
90,70,1.00405,0.002112,0.0145274
90,71,1.00459,7.24225e-06,0.0142429
90,72,1.00512,-0.00210349,0.0139623
90,73,1.00565,-0.00421669,0.0136862
90,74,1.00619,-0.00632885,0.0134152
90,75,1.00673,-0.00843645,0.0131498
90,76,1.00729,-0.0105359,0.0128902
90,77,1.00787,-0.0126234,0.0126367
90,78,1.00847,-0.0146953,0.0123893
90,79,1.00909,-0.0167473,0.0121481
90,80,1.00974,-0.0187753,0.011913
90,81,1.01041,-0.0207745,0.0116837
90,82,1.01113,-0.0227402,0.01146
90,83,1.01187,-0.0246669,0.0112416
90,84,1.01265,-0.0265492,0.0110283
90,85,1.01347,-0.028381,0.0108197
90,86,1.01432,-0.0301558,0.0106156
90,87,1.01521,-0.031867,0.0104156
90,88,1.01613,-0.0335076,0.0102196
90,89,1.01709,-0.0350701,0.0100273
90,90,1.01809,-0.036547,0.00983857
90,91,1.01911,-0.0379308,0.00965335
90,92,1.02016,-0.0392137,0.00947153
90,93,1.02125,-0.0403881,0.00929303
90,94,1.02235,-0.0414467,0.00911779
90,95,1.02348,-0.0423823,0.00894567
90,96,1.02463,-0.0431885,0.00877653
90,97,1.02579,-0.0438593,0.00861009
90,98,1.02697,-0.0443897,0.00844602
90,99,1.02816,-0.0447755,0.00828376
90,100,1.02936,-0.0450137,0.00812269
90,101,1.03056,-0.0451024,0.00796189
90,102,1.03176,-0.0450413,0.00780037
90,103,1.03297,-0.0448312,0.00763686
90,104,1.03417,-0.0444743,0.00747003
90,105,1.03536,-0.0439742,0.00729833
90,106,1.03654,-0.0433358,0.00712024
90,107,1.03771,-0.0425653,0.00693412
90,108,1.03887,-0.04167,0.00673848
90,109,1.04,-0.0406591,0.00653179
90,110,1.04112,-0.0395439,0.00631274
90,111,1.0422,-0.0383389,0.00607999
90,112,1.04326,-0.037064,0.00583242
90,113,1.04428,-0.0357462,0.00556884
90,114,1.04526,-0.0344227,0.00528837
90,115,1.0462,-0.0331432,0.00499028
90,116,1.04708,-0.0319707,0.0046746
90,117,1.04791,-0.0309779,0.00434209
90,118,1.04868,-0.0302344,0.00399456
90,119,1.04938,-0.0297779,0.00363382
90,120,1.05001,-0.0295627,0.00325995
90,121,1.05056,-0.0293832,0.0028682
90,122,1.05103,-0.0287891,0.00244771
90,123,1.05141,-0.0270393,0.00198362
90,124,1.0517,-0.0231768,0.00146437
90,125,1.0519,-0.0163143,0.000895576
90,126,1.052,-0.00615822,0.000306502
90,127,1,-0.00343474,0
91,0,1,0,0
91,1,0.947672,0.00291856,0.000305898
91,2,0.947721,0.00809205,0.000883535
91,3,0.947819,0.0114992,0.00137907
91,4,0.947971,0.0133419,0.00180966
91,5,0.948176,0.0140478,0.00219955
91,6,0.948434,0.0140705,0.00257134
91,7,0.948743,0.0137912,0.00294228
91,8,0.949102,0.0134849,0.00332275
91,9,0.949509,0.0133234,0.00371789
91,10,0.949963,0.0133953,0.0041295
91,11,0.950462,0.0137295,0.00455771
91,12,0.951004,0.0143176,0.00500193
91,13,0.951586,0.0151303,0.00546147
91,14,0.952208,0.0161298,0.00593563
91,15,0.952866,0.017277,0.00642366
91,16,0.953559,0.0185358,0.00692466
91,17,0.954285,0.0198749,0.00743753
91,18,0.955041,0.0212682,0.00796094
91,19,0.955826,0.0226946,0.00849335
91,20,0.956637,0.0241367,0.00903302
91,21,0.957474,0.0255803,0.00957813
91,22,0.958334,0.0270135,0.0101268
91,23,0.959216,0.0284258,0.0106769
91,24,0.960119,0.0298075,0.0112267
91,25,0.96104,0.03115,0.0117739
91,26,0.96198,0.0324448,0.0123167
91,27,0.962937,0.0336838,0.0128529
91,28,0.96391,0.0348593,0.0133805
91,29,0.9649,0.035964,0.0138974
91,30,0.965904,0.036991,0.0144014
91,31,0.966924,0.0379342,0.0148905
91,32,0.967958,0.0387877,0.0153626
91,33,0.969007,0.0395465,0.0158156
91,34,0.97007,0.0402063,0.0162478
91,35,0.971147,0.0407632,0.016657
91,36,0.972238,0.0412144,0.0170416
91,37,0.973343,0.0415574,0.0174
91,38,0.974461,0.0417905,0.0177306
91,39,0.975591,0.0419126,0.0180323
91,40,0.976733,0.0419231,0.0183038
91,41,0.977886,0.0418221,0.0185443
91,42,0.979047,0.0416099,0.0187533
91,43,0.980215,0.0412876,0.0189302
91,44,0.981388,0.0408564,0.0190751
91,45,0.982564,0.0403181,0.019188
91,46,0.983739,0.0396747,0.0192694
91,47,0.984911,0.0389288,0.0193198
91,48,0.986075,0.0380828,0.0193402
91,49,0.98723,0.03714,0.0193317
91,50,0.988369,0.0361034,0.0192955
91,51,0.989491,0.0349765,0.0192332
91,52,0.99059,0.033763,0.0191462
91,53,0.991664,0.0324667,0.0190362
91,54,0.992709,0.0310915,0.0189051
91,55,0.993722,0.0296415,0.0187545
91,56,0.994701,0.0281209,0.0185862
91,57,0.995642,0.0265339,0.018402
91,58,0.996546,0.0248849,0.0182037
91,59,0.99741,0.023178,0.0179929
91,60,0.998234,0.0214178,0.0177712
91,61,0.999019,0.0196084,0.0175403
91,62,0.999765,0.0177541,0.0173015
91,63,1.00048,0.0158592,0.0170563
91,64,1.00115,0.0139279,0.016806
91,65,1.00179,0.0119643,0.0165519
91,66,1.00241,0.00997241,0.0162951
91,67,1.003,0.00795632,0.0160368
91,68,1.00357,0.00591995,0.015778
91,69,1.00412,0.00386717,0.0155195
91,70,1.00466,0.00180185,0.0152623
91,71,1.00519,-0.000272209,0.015007
91,72,1.00572,-0.00235121,0.0147542
91,73,1.00625,-0.00443135,0.0145044
91,74,1.00679,-0.0065088,0.0142581
91,75,1.00734,-0.00857972,0.0140155
91,76,1.0079,-0.0106402,0.0137767
91,77,1.00848,-0.0126861,0.0135418
91,78,1.00908,-0.0147134,0.0133107
91,79,1.00971,-0.0167178,0.0130833
91,80,1.01036,-0.0186947,0.0128593
91,81,1.01105,-0.0206396,0.0126385
91,82,1.01177,-0.0225474,0.0124206
91,83,1.01252,-0.0244131,0.0122051
91,84,1.01331,-0.0262313,0.0119917
91,85,1.01413,-0.0279961,0.0117801
91,86,1.01499,-0.0297017,0.01157
91,87,1.01588,-0.0313419,0.0113611
91,88,1.0168,-0.0329101,0.0111531
91,89,1.01776,-0.0343997,0.010946
91,90,1.01875,-0.0358039,0.0107396
91,91,1.01978,-0.0371157,0.0105339
91,92,1.02083,-0.0383282,0.0103288
91,93,1.0219,-0.0394346,0.0101246
91,94,1.023,-0.0404282,0.00992115
91,95,1.02412,-0.0413028,0.00971857
91,96,1.02525,-0.0420524,0.00951689
91,97,1.0264,-0.0426719,0.00931604
91,98,1.02757,-0.0431567,0.00911591
91,99,1.02874,-0.0435033,0.00891621
91,100,1.02992,-0.0437092,0.00871655
91,101,1.03111,-0.0437731,0.00851632
91,102,1.0323,-0.043695,0.00831481
91,103,1.03348,-0.0434762,0.00811102
91,104,1.03467,-0.0431192,0.00790392
91,105,1.03585,-0.0426278,0.00769222
91,106,1.03702,-0.0420071,0.00747469
91,107,1.03818,-0.0412633,0.00724991
91,108,1.03933,-0.0404037,0.00701663
91,109,1.04046,-0.0394371,0.0067735
91,110,1.04157,-0.0383741,0.00651941
91,111,1.04265,-0.0372287,0.00625316
91,112,1.04371,-0.0360195,0.00597378
91,113,1.04473,-0.0347723,0.00568021
91,114,1.04571,-0.0335228,0.00537167
91,115,1.04665,-0.0323192,0.00504747
91,116,1.04754,-0.0312232,0.00470762
91,117,1.04837,-0.030306,0.00435275
91,118,1.04914,-0.0296356,0.00398434
91,119,1.04985,-0.0292471,0.00360368
91,120,1.05048,-0.0290901,0.00321041
91,121,1.05103,-0.0289528,0.00280001
91,122,1.05151,-0.0283799,0.00236299
91,123,1.0519,-0.0266312,0.00188805
91,124,1.0522,-0.022762,0.00137239
91,125,1.05241,-0.0159027,0.000826044
91,126,1.05253,-0.00576585,0.000265177
91,127,1,-0.00343474,0
92,0,1,0,0
92,1,0.947345,0.00330394,0.000293804
92,2,0.9474,0.00853508,0.0008441
92,3,0.947508,0.0120044,0.00133597
92,4,0.947668,0.0138903,0.00177076
92,5,0.947881,0.0146164,0.0021692
92,6,0.948145,0.0146396,0.00255183
92,7,0.948462,0.0143461,0.00293344
92,8,0.948828,0.0140154,0.00332332
92,9,0.949244,0.0138223,0.00372627
92,10,0.949707,0.0138571,0.00414408
92,11,0.950215,0.0141493,0.00457702
92,12,0.950768,0.0146905,0.00502473
92,13,0.951362,0.0154517,0.00548675
92,14,0.951996,0.016395,0.00596253
92,15,0.952668,0.0174817,0.00645152
92,16,0.953376,0.0186762,0.00695292
92,17,0.954117,0.0199476,0.00746578
92,18,0.95489,0.0212706,0.00798883
92,19,0.955693,0.0226243,0.00852063
92,20,0.956524,0.0239922,0.00905949
92,21,0.95738,0.0253606,0.00960367
92,22,0.958261,0.026718,0.0101513
92,23,0.959166,0.0280544,0.0107004
92,24,0.960091,0.029361,0.011249
92,25,0.961037,0.0306294,0.0117953
92,26,0.962002,0.031852,0.0123371
92,27,0.962986,0.0330211,0.0128725
92,28,0.963987,0.0341299,0.0133993
92,29,0.965005,0.0351714,0.0139157
92,30,0.966039,0.0361396,0.0144194
92,31,0.967089,0.0370286,0.0149084
92,32,0.968155,0.0378333,0.0153808
92,33,0.969236,0.0385488,0.0158346
92,34,0.970332,0.0391712,0.0162677
92,35,0.971443,0.039697,0.0166785
92,36,0.972568,0.0401232,0.0170653
92,37,0.973707,0.0404475,0.0174263
92,38,0.974859,0.0406681,0.0177603
92,39,0.976023,0.0407837,0.0180661
92,40,0.977198,0.0407935,0.0183425
92,41,0.978382,0.0406971,0.018589
92,42,0.979575,0.0404946,0.0188048
92,43,0.980774,0.0401867,0.0189897
92,44,0.981975,0.0397741,0.0191436
92,45,0.983178,0.0392583,0.0192669
92,46,0.984378,0.0386408,0.01936
92,47,0.985572,0.0379237,0.0194236
92,48,0.986757,0.0371094,0.0194586
92,49,0.987929,0.0362005,0.0194662
92,50,0.989084,0.0352,0.0194477
92,51,0.990217,0.0341111,0.0194047
92,52,0.991326,0.0329372,0.0193386
92,53,0.992407,0.031682,0.0192512
92,54,0.993456,0.0303494,0.0191442
92,55,0.99447,0.0289434,0.0190193
92,56,0.995447,0.027468,0.0188782
92,57,0.996385,0.0259275,0.0187225
92,58,0.997283,0.0243261,0.018554
92,59,0.998139,0.0226682,0.0183742
92,60,0.998955,0.0209579,0.0181844
92,61,0.999729,0.0191996,0.0179862
92,62,1.00046,0.0173974,0.0177809
92,63,1.00116,0.0155553,0.0175696
92,64,1.00183,0.0136775,0.0173535
92,65,1.00246,0.0117677,0.0171337
92,66,1.00306,0.00982984,0.0169111
92,67,1.00364,0.00786746,0.0166865
92,68,1.0042,0.00588415,0.0164609
92,69,1.00474,0.00388332,0.0162349
92,70,1.00527,0.00186834,0.0160092
92,71,1.00579,-0.000157526,0.0157841
92,72,1.00632,-0.00219106,0.0155602
92,73,1.00684,-0.00422906,0.0153378
92,74,1.00738,-0.00626829,0.015117
92,75,1.00793,-0.00830548,0.0148979
92,76,1.00849,-0.0103373,0.0146806
92,77,1.00907,-0.0123601,0.0144648
92,78,1.00968,-0.0143702,0.0142505
92,79,1.01031,-0.0163638,0.0140373
92,80,1.01098,-0.0183366,0.0138248
92,81,1.01167,-0.020284,0.0136127
92,82,1.0124,-0.0222011,0.0134006
92,83,1.01317,-0.0240828,0.0131881
92,84,1.01397,-0.0259234,0.0129747
92,85,1.0148,-0.0277168,0.01276
92,86,1.01567,-0.0294568,0.0125437
92,87,1.01658,-0.0311365,0.0123256
92,88,1.01752,-0.0327489,0.0121055
92,89,1.0185,-0.0342867,0.0118832
92,90,1.0195,-0.0357425,0.0116587
92,91,1.02054,-0.0371086,0.011432
92,92,1.0216,-0.0383774,0.0112033
92,93,1.02268,-0.0395415,0.0109727
92,94,1.02379,-0.0405936,0.0107404
92,95,1.02491,-0.0415267,0.0105067
92,96,1.02605,-0.0423343,0.0102717
92,97,1.02721,-0.0430107,0.0100356
92,98,1.02837,-0.0435508,0.0097985
92,99,1.02954,-0.0439504,0.00956037
92,100,1.03072,-0.0442065,0.00932109
92,101,1.0319,-0.0443171,0.00908032
92,102,1.03308,-0.0442816,0.00883766
92,103,1.03426,-0.0441008,0.0085924
92,104,1.03544,-0.0437766,0.00834383
92,105,1.03661,-0.0433125,0.00809092
92,106,1.03776,-0.0427131,0.00783275
92,107,1.03891,-0.0419844,0.00756813
92,108,1.04004,-0.0411335,0.00729607
92,109,1.04116,-0.0401693,0.00701541
92,110,1.04225,-0.0391027,0.00672527
92,111,1.04332,-0.0379478,0.00642458
92,112,1.04436,-0.0367237,0.00611257
92,113,1.04536,-0.0354569,0.00578826
92,114,1.04633,-0.0341838,0.00545101
92,115,1.04726,-0.032954,0.00510017
92,116,1.04813,-0.0318306,0.00473576
92,117,1.04896,-0.0308868,0.00435823
92,118,1.04972,-0.0301919,0.00396878
92,119,1.05042,-0.0297813,0.00356823
92,120,1.05105,-0.0296021,0.00315591
92,121,1.0516,-0.029438,0.00272743
92,122,1.05207,-0.0288299,0.00227532
92,123,1.05246,-0.0270401,0.00179248
92,124,1.05276,-0.0231357,0.00127916
92,125,1.05297,-0.0162631,0.0007532
92,126,1.05307,-0.00614467,0.000250609
92,127,1,-0.00343474,0
93,0,1,0,0
93,1,0.947059,0.00291773,0.000272534
93,2,0.947118,0.00819193,0.000806288
93,3,0.947227,0.0117115,0.00128749
93,4,0.947392,0.0136281,0.00172345
93,5,0.947611,0.0143606,0.00212916
93,6,0.947884,0.01437,0.0025206
93,7,0.948209,0.0140496,0.00291094
93,8,0.948586,0.0136849,0.0033084
93,9,0.949011,0.0134556,0.00371731
93,10,0.949485,0.0134547,0.00413941
93,11,0.950006,0.0137133,0.00457517
93,12,0.95057,0.0142236,0.00502442
93,13,0.951178,0.0149564,0.00548695
93,14,0.951826,0.0158742,0.00596243
93,15,0.952513,0.0169382,0.00645047
93,16,0.953238,0.0181127,0.00695043
93,17,0.953997,0.0193671,0.0074615
93,18,0.95479,0.0206759,0.00798249
93,19,0.955614,0.0220183,0.00851206
93,20,0.956468,0.0233776,0.0090486
93,21,0.95735,0.0247397,0.00959043
93,22,0.958258,0.026093,0.0101357
93,23,0.95919,0.0274272,0.0106826
93,24,0.960146,0.0287329,0.0112291
93,25,0.961124,0.0300016,0.0117734
93,26,0.962122,0.0312249,0.0123135
93,27,0.96314,0.032395,0.0128474
93,28,0.964176,0.0335045,0.0133731
93,29,0.96523,0.0345464,0.0138885
93,30,0.966301,0.0355139,0.0143918
93,31,0.967388,0.0364012,0.0148808
93,32,0.968491,0.0372027,0.0153536
93,33,0.969609,0.0379136,0.0158083
93,34,0.970742,0.0385296,0.016243
93,35,0.971889,0.0390474,0.0166559
93,36,0.973049,0.039464,0.0170454
93,37,0.974221,0.0397772,0.01741
93,38,0.975406,0.0399854,0.0177484
93,39,0.976601,0.0400876,0.0180594
93,40,0.977805,0.0400833,0.018342
93,41,0.979018,0.0399726,0.0185956
93,42,0.980236,0.0397559,0.0188197
93,43,0.981458,0.0394343,0.0190141
93,44,0.982681,0.039009,0.0191788
93,45,0.983903,0.0384818,0.0193142
93,46,0.98512,0.0378548,0.0194207
93,47,0.986328,0.0371304,0.0194992
93,48,0.987525,0.0363111,0.0195507
93,49,0.988707,0.0354,0.0195764
93,50,0.989869,0.0344001,0.0195776
93,51,0.991007,0.0333148,0.0195559
93,52,0.992118,0.0321476,0.0195128
93,53,0.993199,0.030902,0.01945
93,54,0.994246,0.029582,0.0193692
93,55,0.995256,0.0281914,0.019272
93,56,0.996226,0.0267341,0.01916
93,57,0.997157,0.025214,0.0190349
93,58,0.998045,0.0236352,0.0188981
93,59,0.99889,0.0220018,0.0187511
93,60,0.999694,0.0203176,0.0185951
93,61,1.00046,0.0185867,0.0184314
93,62,1.00118,0.0168129,0.0182612
93,63,1.00186,0.0150002,0.0180853
93,64,1.00252,0.0131524,0.0179049
93,65,1.00313,0.0112732,0.0177207
93,66,1.00373,0.00936628,0.0175335
93,67,1.00429,0.00743534,0.017344
93,68,1.00484,0.00548393,0.0171526
93,69,1.00538,0.00351561,0.0169601
93,70,1.00591,0.00153389,0.0167667
93,71,1.00643,-0.000457713,0.0165727
93,72,1.00695,-0.0024557,0.0163784
93,73,1.00747,-0.00445652,0.0161839
93,74,1.00801,-0.0064566,0.0159893
93,75,1.00856,-0.00845228,0.0157944
93,76,1.00913,-0.0104398,0.015599
93,77,1.00972,-0.0124154,0.015403
93,78,1.01033,-0.0143749,0.0152059
93,79,1.01097,-0.0163142,0.0150073
93,80,1.01164,-0.0182289,0.0148068
93,81,1.01234,-0.0201144,0.014604
93,82,1.01308,-0.0219658,0.0143982
93,83,1.01385,-0.023778,0.014189
93,84,1.01465,-0.0255457,0.0139759
93,85,1.01549,-0.0272632,0.0137585
93,86,1.01637,-0.0289245,0.0135365
93,87,1.01727,-0.0305236,0.0133095
93,88,1.01821,-0.032054,0.0130774
93,89,1.01918,-0.0335091,0.0128401
93,90,1.02018,-0.0348823,0.0125976
93,91,1.02121,-0.0361668,0.0123499
93,92,1.02226,-0.0373558,0.0120973
93,93,1.02334,-0.0384427,0.0118401
93,94,1.02443,-0.0394209,0.0115785
93,95,1.02554,-0.0402845,0.0113129
93,96,1.02666,-0.0410276,0.0110438
93,97,1.0278,-0.0416452,0.0107714
93,98,1.02895,-0.0421329,0.0104962
93,99,1.0301,-0.0424872,0.0102183
93,100,1.03126,-0.0427055,0.00993783
93,101,1.03242,-0.0427865,0.00965485
93,102,1.03359,-0.0427299,0.00936923
93,103,1.03475,-0.0425368,0.0090806
93,104,1.03591,-0.0422095,0.00878857
93,105,1.03706,-0.0417518,0.00849244
93,106,1.03821,-0.0411683,0.00819161
93,107,1.03934,-0.0404649,0.00788518
93,108,1.04047,-0.0396489,0.00757248
93,109,1.04157,-0.0387285,0.00725256
93,110,1.04266,-0.0377143,0.0069248
93,111,1.04373,-0.0366196,0.00658833
93,112,1.04477,-0.0354623,0.00624258
93,113,1.04577,-0.0342676,0.0058867
93,114,1.04674,-0.0330705,0.00552022
93,115,1.04767,-0.0319189,0.00514253
93,116,1.04855,-0.0308744,0.00475366
93,117,1.04938,-0.0300086,0.00435387
93,118,1.05015,-0.0293888,0.00394404
93,119,1.05085,-0.0290473,0.00352448
93,120,1.05149,-0.0289273,0.00309414
93,121,1.05205,-0.0288081,0.00264897
93,122,1.05253,-0.0282292,0.00218285
93,123,1.05292,-0.0264584,0.00169178
93,124,1.05323,-0.0225773,0.00118403
93,125,1.05346,-0.015748,0.000680861
93,126,1.05359,-0.005692,0.000206074
93,127,1,-0.00343474,0
94,0,1,0,0
94,1,0.9468,0.00333087,0.000256957
94,2,0.946867,0.00862889,0.000758368
94,3,0.946989,0.0121865,0.00123209
94,4,0.947164,0.0141329,0.00166857
94,5,0.947392,0.0148804,0.0020792
94,6,0.947673,0.0148909,0.00247783
94,7,0.948007,0.0145599,0.00287513
94,8,0.948393,0.0141761,0.00327818
94,9,0.948829,0.0139211,0.003691
94,10,0.949313,0.0138888,0.0041153
94,11,0.949845,0.0141107,0.00455174
94,12,0.950423,0.0145789,0.00500043
94,13,0.951044,0.0152645,0.00546143
94,14,0.951707,0.01613,0.00593464
94,15,0.952411,0.0171368,0.00641987
94,16,0.953152,0.0182498,0.00691665
94,17,0.95393,0.0194389,0.00742428
94,18,0.954742,0.0206793,0.00794171
94,19,0.955586,0.0219507,0.00846768
94,20,0.956461,0.0232369,0.00900066
94,21,0.957365,0.0245245,0.00953904
94,22,0.958297,0.0258024,0.010081
94,23,0.959254,0.0270609,0.0106248
94,24,0.960235,0.0282912,0.0111686
94,25,0.961239,0.0294853,0.0117103
94,26,0.962265,0.0306355,0.0122482
94,27,0.963311,0.0317348,0.0127803
94,28,0.964377,0.0327761,0.0133046
94,29,0.965461,0.0337532,0.0138191
94,30,0.966563,0.0346601,0.0143219
94,31,0.967682,0.0354911,0.0148109
94,32,0.968817,0.0362414,0.0152844
94,33,0.969968,0.0369066,0.0157403
94,34,0.971133,0.0374828,0.0161769
94,35,0.972313,0.0379667,0.0165925
94,36,0.973506,0.0383556,0.0169855
94,37,0.974711,0.0386475,0.0173544
94,38,0.975928,0.0388406,0.0176979
94,39,0.977154,0.0389338,0.018015
94,40,0.978389,0.0389265,0.0183049
94,41,0.979631,0.0388185,0.0185668
94,42,0.980877,0.03861,0.0188004
94,43,0.982125,0.0383015,0.0190056
94,44,0.983373,0.0378942,0.0191825
94,45,0.984616,0.0373892,0.0193315
94,46,0.985853,0.0367884,0.0194531
94,47,0.987079,0.0360937,0.0195482
94,48,0.98829,0.0353074,0.019618
94,49,0.989483,0.0344321,0.0196636
94,50,0.990654,0.0334707,0.0196864
94,51,0.991798,0.0324262,0.0196879
94,52,0.992913,0.0313019,0.0196698
94,53,0.993994,0.0301013,0.0196335
94,54,0.995038,0.028828,0.0195808
94,55,0.996044,0.0274857,0.0195132
94,56,0.997008,0.0260782,0.0194323
94,57,0.997929,0.0246096,0.0193395
94,58,0.998807,0.0230836,0.0192362
94,59,0.999641,0.0215041,0.0191238
94,60,1.00043,0.0198752,0.0190032
94,61,1.00118,0.0182006,0.0188756
94,62,1.00189,0.016484,0.018742
94,63,1.00256,0.0147293,0.0186031
94,64,1.0032,0.0129399,0.0184596
94,65,1.0038,0.0111195,0.0183123
94,66,1.00438,0.00927128,0.0181616
94,67,1.00494,0.00739862,0.0180081
94,68,1.00548,0.0055047,0.0178521
94,69,1.00601,0.00359259,0.0176938
94,70,1.00653,0.00166533,0.0175336
94,71,1.00704,-0.000274113,0.0173714
94,72,1.00756,-0.00222277,0.0172074
94,73,1.00808,-0.00417767,0.0170415
94,74,1.00862,-0.0061358,0.0168734
94,75,1.00917,-0.00809405,0.016703
94,76,1.00974,-0.0100492,0.0165299
94,77,1.01033,-0.0119978,0.0163538
94,78,1.01095,-0.0139362,0.016174
94,79,1.0116,-0.0158606,0.0159901
94,80,1.01228,-0.0177667,0.0158016
94,81,1.01299,-0.0196502,0.0156077
94,82,1.01374,-0.021506,0.015408
94,83,1.01452,-0.0233289,0.0152019
94,84,1.01534,-0.0251135,0.0149887
94,85,1.01619,-0.0268536,0.0147682
94,86,1.01708,-0.0285429,0.0145399
94,87,1.018,-0.0301749,0.0143034
94,88,1.01895,-0.0317426,0.0140587
94,89,1.01993,-0.0332388,0.0138057
94,90,1.02094,-0.0346563,0.0135444
94,91,1.02198,-0.0359876,0.0132749
94,92,1.02304,-0.0372256,0.0129976
94,93,1.02412,-0.038363,0.0127128
94,94,1.02522,-0.0393927,0.012421
94,95,1.02633,-0.0403083,0.0121227
94,96,1.02746,-0.0411035,0.0118185
94,97,1.02859,-0.0417727,0.0115089
94,98,1.02974,-0.0423112,0.0111945
94,99,1.03089,-0.0427148,0.0108757
94,100,1.03204,-0.0429806,0.0105531
94,101,1.0332,-0.0431067,0.0102269
94,102,1.03435,-0.0430924,0.0098974
94,103,1.0355,-0.0429381,0.00956443
94,104,1.03665,-0.0426457,0.00922803
94,105,1.03779,-0.0422183,0.00888781
94,106,1.03892,-0.0416602,0.00854353
94,107,1.04005,-0.0409771,0.00819457
94,108,1.04115,-0.0401757,0.00784058
94,109,1.04225,-0.0392645,0.00748086
94,110,1.04332,-0.0382537,0.00711506
94,111,1.04437,-0.037157,0.00674249
94,112,1.04539,-0.0359926,0.0063628
94,113,1.04638,-0.034786,0.00597529
94,114,1.04734,-0.0335729,0.00557962
94,115,1.04826,-0.0324024,0.00517523
94,116,1.04913,-0.0313372,0.00476217
94,117,1.04995,-0.0304505,0.00434048
94,118,1.05071,-0.0298107,0.00391077
94,119,1.05141,-0.02945,0.00347289
94,120,1.05204,-0.0293101,0.00302553
94,121,1.0526,-0.0291681,0.00256484
94,122,1.05308,-0.0285628,0.00208671
94,123,1.05348,-0.0267687,0.0015909
94,124,1.05379,-0.0228814,0.0010876
94,125,1.05401,-0.0160784,0.000605402
94,126,1.05413,-0.00608744,0.000190712
94,127,1,-0.00343474,0
95,0,1,0,0
95,1,0.94658,0.0028781,0.000233023
95,2,0.946651,0.00818347,0.000713264
95,3,0.946775,0.011766,0.00117237
95,4,0.946955,0.013728,0.00160631
95,5,0.947191,0.0144748,0.00202049
95,6,0.947482,0.0144693,0.00242413
95,7,0.947826,0.0141118,0.00282633
95,8,0.948223,0.0136957,0.00323306
95,9,0.948671,0.013406,0.00364783
95,10,0.949168,0.0133391,0.00407235
95,11,0.949713,0.0135277,0.00450749
95,12,0.950304,0.0139645,0.00495363
95,13,0.95094,0.0146209,0.00541113
95,14,0.951619,0.0154592,0.00588011
95,15,0.952339,0.0164414,0.00636063
95,16,0.953098,0.0175325,0.00685238
95,17,0.953895,0.0187024,0.00735483
95,18,0.954728,0.0199264,0.00786703
95,19,0.955595,0.0211843,0.00838783
95,20,0.956495,0.0224598,0.0089158
95,21,0.957425,0.0237394,0.00944939
95,22,0.958384,0.0250115,0.00998687
95,23,0.95937,0.0262662,0.0105265
95,24,0.960382,0.0274944,0.0110665
95,25,0.961419,0.0286876,0.0116049
95,26,0.962478,0.0298378,0.01214
95,27,0.963559,0.0309376,0.0126697
95,28,0.96466,0.0319796,0.0131922
95,29,0.96578,0.0329572,0.0137056
95,30,0.966919,0.033864,0.0142078
95,31,0.968074,0.0346943,0.0146971
95,32,0.969246,0.0354429,0.0151715
95,33,0.970433,0.0361052,0.0156291
95,34,0.971634,0.0366773,0.0160682
95,35,0.972848,0.037156,0.0164872
95,36,0.974075,0.0375384,0.0168845
95,37,0.975312,0.0378227,0.0172586
95,38,0.97656,0.0380074,0.0176085
95,39,0.977815,0.0380915,0.017933
95,40,0.979077,0.0380747,0.0182315
95,41,0.980343,0.0379572,0.0185032
95,42,0.981611,0.0377396,0.018748
95,43,0.982879,0.0374227,0.0189656
95,44,0.984144,0.037008,0.0191564
95,45,0.985402,0.0364972,0.0193208
95,46,0.986651,0.0358924,0.0194593
95,47,0.987886,0.0351958,0.019573
95,48,0.989104,0.03441,0.019663
95,49,0.990301,0.0335378,0.0197304
95,50,0.991473,0.0325822,0.0197767
95,51,0.992617,0.0315463,0.0198034
95,52,0.993728,0.0304335,0.019812
95,53,0.994804,0.0292472,0.0198042
95,54,0.995842,0.0279909,0.0197814
95,55,0.996838,0.0266682,0.0197452
95,56,0.997792,0.0252827,0.0196971
95,57,0.998701,0.023838,0.0196383
95,58,0.999566,0.0223379,0.0195701
95,59,1.00039,0.0207861,0.0194937
95,60,1.00116,0.019186,0.0194099
95,61,1.0019,0.0175414,0.0193197
95,62,1.00259,0.0158558,0.0192238
95,63,1.00325,0.0141327,0.0191229
95,64,1.00388,0.0123756,0.0190174
95,65,1.00447,0.0105878,0.0189078
95,66,1.00504,0.0087728,0.0187945
95,67,1.00559,0.00693382,0.0186776
95,68,1.00613,0.00507416,0.0185574
95,69,1.00665,0.0031971,0.018434
95,70,1.00716,0.0013059,0.0183073
95,71,1.00768,-0.000596164,0.0181773
95,72,1.0082,-0.0025058,0.0180438
95,73,1.00872,-0.00441965,0.0179066
95,74,1.00926,-0.00633429,0.0177653
95,75,1.00982,-0.00824621,0.0176196
95,76,1.0104,-0.0101518,0.0174689
95,77,1.011,-0.0120472,0.0173127
95,78,1.01162,-0.0139286,0.0171503
95,79,1.01228,-0.0157918,0.0169812
95,80,1.01297,-0.0176324,0.0168045
95,81,1.01369,-0.019446,0.0166198
95,82,1.01444,-0.0212277,0.0164261
95,83,1.01523,-0.0229724,0.016223
95,84,1.01605,-0.0246749,0.0160099
95,85,1.01691,-0.0263295,0.0157862
95,86,1.01779,-0.0279306,0.0155514
95,87,1.01871,-0.0294721,0.0153054
95,88,1.01966,-0.0309477,0.015048
95,89,1.02064,-0.0323513,0.014779
95,90,1.02164,-0.0336762,0.0144986
95,91,1.02267,-0.0349163,0.0142069
95,92,1.02372,-0.0360649,0.0139044
95,93,1.02478,-0.0371158,0.0135915
95,94,1.02587,-0.038063,0.0132688
95,95,1.02696,-0.0389008,0.012937
95,96,1.02807,-0.0396237,0.0125967
95,97,1.02919,-0.040227,0.0122488
95,98,1.03031,-0.0407065,0.0118941
95,99,1.03144,-0.041059,0.0115333
95,100,1.03258,-0.0412818,0.0111672
95,101,1.03371,-0.0413737,0.0107964
95,102,1.03485,-0.0413343,0.0104214
95,103,1.03598,-0.0411645,0.0100426
95,104,1.03711,-0.0408663,0.00966032
95,105,1.03824,-0.0404431,0.0092745
95,106,1.03936,-0.0398993,0.00888531
95,107,1.04047,-0.0392403,0.00849246
95,108,1.04157,-0.0384729,0.00809594
95,109,1.04265,-0.0376051,0.00769534
95,110,1.04372,-0.0366467,0.00729061
95,111,1.04477,-0.0356104,0.00688128
95,112,1.04579,-0.0345134,0.00646725
95,113,1.04678,-0.0333799,0.00604796
95,114,1.04774,-0.0322443,0.00562328
95,115,1.04866,-0.0311537,0.00519267
95,116,1.04953,-0.0301692,0.00475618
95,117,1.05036,-0.029362,0.00431366
95,118,1.05112,-0.0287983,0.0038654
95,119,1.05183,-0.0285073,0.0034107
95,120,1.05246,-0.0284272,0.00294796
95,121,1.05303,-0.0283326,0.00247368
95,122,1.05351,-0.0277642,0.00198502
95,123,1.05392,-0.0260053,0.00148434
95,124,1.05424,-0.0221679,0.000989178
95,125,1.05448,-0.0154453,0.000530749
95,126,1.05464,-0.0055648,0.000143654
95,127,1,-0.00343474,0
96,0,1,0,0
96,1,0.946385,0.00331803,0.000214724
96,2,0.946466,0.00861066,0.000658571
96,3,0.946604,0.0122065,0.0011066
96,4,0.946795,0.0141848,0.00153733
96,5,0.947041,0.0149416,0.00195266
96,6,0.947342,0.0149376,0.00235965
96,7,0.947696,0.0145736,0.00276487
96,8,0.948103,0.0141439,0.00317317
96,9,0.948561,0.0138346,0.00358775
96,10,0.94907,0.0137424,0.00401028
96,11,0.949628,0.0139,0.00444192
96,12,0.950233,0.0143,0.00488333
96,13,0.950884,0.0149138,0.00533522
96,14,0.951579,0.015704,0.00579797
96,15,0.952316,0.0166328,0.00627189
96,16,0.953093,0.0176657,0.00675685
96,17,0.953909,0.0187733,0.00725249
96,18,0.954763,0.0199313,0.00775797
96,19,0.955651,0.0211202,0.00827227
96,20,0.956573,0.0223243,0.00879402
96,21,0.957526,0.0235306,0.00932178
96,22,0.958509,0.0247282,0.00985385
96,23,0.959521,0.0259078,0.0103886
96,24,0.960559,0.0270608,0.0109242
96,25,0.961622,0.0281795,0.0114588
96,26,0.962709,0.0292565,0.0119907
96,27,0.963819,0.0302849,0.0125179
96,28,0.964949,0.0312581,0.0130386
96,29,0.966099,0.0321701,0.0135508
96,30,0.967268,0.0330151,0.0140528
96,31,0.968454,0.0337879,0.0145425
96,32,0.969657,0.034484,0.0150182
96,33,0.970875,0.0350992,0.015478
96,34,0.972107,0.0356298,0.0159203
96,35,0.973352,0.0360731,0.0163433
96,36,0.974609,0.0364263,0.0167457
96,37,0.975876,0.0366878,0.0171261
96,38,0.977152,0.036856,0.0174833
96,39,0.978434,0.03693,0.0178164
96,40,0.979722,0.0369092,0.0181247
96,41,0.981013,0.0367937,0.0184075
96,42,0.982304,0.0365838,0.0186648
96,43,0.983593,0.0362801,0.0188964
96,44,0.984877,0.0358836,0.0191026
96,45,0.986151,0.0353957,0.019284
96,46,0.987413,0.0348182,0.0194412
96,47,0.98866,0.0341528,0.0195751
96,48,0.989886,0.0334019,0.019687
96,49,0.991089,0.0325679,0.019778
96,50,0.992264,0.0316535,0.0198496
96,51,0.993408,0.0306615,0.0199032
96,52,0.994517,0.0295951,0.0199404
96,53,0.995588,0.0284573,0.0199626
96,54,0.996618,0.0272515,0.0199714
96,55,0.997606,0.0259812,0.0199682
96,56,0.998549,0.0246498,0.0199543
96,57,0.999447,0.0232608,0.019931
96,58,1.0003,0.0218178,0.0198992
96,59,1.00111,0.0203242,0.01986
96,60,1.00187,0.0187836,0.0198142
96,61,1.00259,0.0171995,0.0197625
96,62,1.00327,0.0155751,0.0197053
96,63,1.00392,0.0139139,0.0196432
96,64,1.00453,0.012219,0.0195765
96,65,1.00511,0.0104936,0.0195054
96,66,1.00567,0.00874068,0.01943
96,67,1.00622,0.00696323,0.0193504
96,68,1.00674,0.00516414,0.0192665
96,69,1.00726,0.00334622,0.0191782
96,70,1.00777,0.00151227,0.0190854
96,71,1.00828,-0.000334952,0.0189878
96,72,1.0088,-0.00219266,0.018885
96,73,1.00933,-0.00405804,0.0187766
96,74,1.00987,-0.00592818,0.0186621
96,75,1.01043,-0.00780007,0.0185408
96,76,1.01101,-0.00967053,0.0184123
96,77,1.01162,-0.0115362,0.0182758
96,78,1.01226,-0.0133934,0.0181304
96,79,1.01292,-0.0152384,0.0179756
96,80,1.01362,-0.017067,0.0178103
96,81,1.01435,-0.0188745,0.017634
96,82,1.01512,-0.0206563,0.0174457
96,83,1.01592,-0.0224071,0.0172448
96,84,1.01675,-0.0241213,0.0170307
96,85,1.01762,-0.0257931,0.0168029
96,86,1.01852,-0.0274163,0.0165608
96,87,1.01945,-0.0289844,0.0163041
96,88,1.02041,-0.0304908,0.0160328
96,89,1.0214,-0.0319287,0.0157467
96,90,1.02241,-0.033291,0.0154461
96,91,1.02344,-0.0345709,0.0151311
96,92,1.0245,-0.0357615,0.0148022
96,93,1.02557,-0.036856,0.0144601
96,94,1.02666,-0.0378481,0.0141054
96,95,1.02775,-0.0387316,0.0137388
96,96,1.02886,-0.0395008,0.0133616
96,97,1.02998,-0.0401505,0.0129744
96,98,1.0311,-0.0406764,0.0125785
96,99,1.03223,-0.0410746,0.0121748
96,100,1.03335,-0.0413423,0.0117645
96,101,1.03448,-0.0414777,0.0113483
96,102,1.03561,-0.0414799,0.0109274
96,103,1.03673,-0.0413494,0.0105022
96,104,1.03785,-0.0410877,0.0100737
96,105,1.03896,-0.0406975,0.00964199
96,106,1.04007,-0.0401828,0.00920777
96,107,1.04117,-0.0395486,0.00877101
96,108,1.04225,-0.0388013,0.00833209
96,109,1.04332,-0.0379486,0.00789086
96,110,1.04437,-0.0370002,0.00744759
96,111,1.0454,-0.0359689,0.007002
96,112,1.04641,-0.034872,0.00655427
96,113,1.04739,-0.0337339,0.00610396
96,114,1.04833,-0.0325895,0.00565113
96,115,1.04924,-0.0314867,0.00519523
96,116,1.0501,-0.0304879,0.00473636
96,117,1.05091,-0.0296651,0.00427411
96,118,1.05167,-0.0290854,0.00380849
96,119,1.05237,-0.0287781,0.00333832
96,120,1.053,-0.0286806,0.00286181
96,121,1.05357,-0.028567,0.00237567
96,122,1.05405,-0.0279809,0.00187896
96,123,1.05446,-0.0262151,0.00137734
96,124,1.05478,-0.0223977,0.00088932
96,125,1.05502,-0.015738,0.00045315
96,126,1.05516,-0.00597296,0.000128097
96,127,1,-0.00343474,0
97,0,1,0,0
97,1,0.946229,0.00279549,0.000188969
97,2,0.946314,0.00805778,0.000607772
97,3,0.946454,0.0116526,0.00103746
97,4,0.946651,0.0136316,0.00146191
97,5,0.946905,0.0143806,0.00187688
97,6,0.947215,0.0143587,0.00228492
97,7,0.94758,0.0139688,0.002691
97,8,0.947999,0.0135085,0.00309885
97,9,0.94847,0.0131662,0.0035112
97,10,0.948992,0.0130404,0.00392972
97,11,0.949563,0.0131649,0.00435582
97,12,0.950182,0.0135328,0.00479048
97,13,0.950848,0.0141158,0.00523477
97,14,0.951558,0.0148769,0.00568936
97,15,0.952312,0.0157786,0.00615482
97,16,0.953108,0.0167867,0.0066312
97,17,0.953943,0.0178721,0.00711833
97,18,0.954817,0.0190108,0.00761551
97,19,0.955728,0.0201835,0.00812185
97,20,0.956673,0.0213742,0.00863604
97,21,0.957652,0.02257,0.00915675
97,22,0.958662,0.0237597,0.00968234
97,23,0.959702,0.0249336,0.0102112
97,24,0.96077,0.026083,0.0107416
97,25,0.961864,0.0271996,0.0112719
97,26,0.962983,0.0282758,0.0118
97,27,0.964126,0.0293044,0.0123244
97,28,0.96529,0.0302783,0.0128431
97,29,0.966474,0.0311912,0.0133542
97,30,0.967677,0.0320372,0.013856
97,31,0.968898,0.0328108,0.0143465
97,32,0.970135,0.033507,0.0148239
97,33,0.971386,0.0341217,0.0152866
97,34,0.972651,0.0346513,0.0157327
97,35,0.973927,0.0350926,0.0161608
97,36,0.975214,0.0354432,0.0165694
97,37,0.97651,0.0357014,0.0169572
97,38,0.977812,0.0358658,0.017323
97,39,0.97912,0.0359357,0.0176661
97,40,0.98043,0.0359109,0.0179856
97,41,0.981741,0.0357915,0.0182812
97,42,0.98305,0.0355781,0.0185526
97,43,0.984353,0.0352719,0.0187999
97,44,0.985649,0.0348741,0.0190234
97,45,0.986933,0.0343864,0.0192235
97,46,0.988202,0.0338108,0.0194011
97,47,0.989452,0.0331494,0.0195572
97,48,0.99068,0.0324046,0.0196927
97,49,0.991882,0.0315792,0.0198091
97,50,0.993054,0.0306758,0.0199076
97,51,0.994192,0.0296975,0.0199899
97,52,0.995294,0.0286471,0.0200572
97,53,0.996356,0.0275279,0.0201111
97,54,0.997375,0.0263431,0.0201529
97,55,0.998351,0.0250959,0.020184
97,56,0.999282,0.0237896,0.0202057
97,57,1.00017,0.0224275,0.0202188
97,58,1.001,0.0210129,0.0202245
97,59,1.0018,0.0195492,0.0202235
97,60,1.00255,0.0180395,0.0202165
97,61,1.00326,0.0164872,0.0202039
97,62,1.00393,0.0148954,0.020186
97,63,1.00456,0.0132673,0.0201633
97,64,1.00516,0.0116061,0.0201357
97,65,1.00574,0.00991494,0.0201032
97,66,1.0063,0.00819682,0.020066
97,67,1.00683,0.00645483,0.0200236
97,68,1.00736,0.00469204,0.0199761
97,69,1.00787,0.00291152,0.0199229
97,70,1.00839,0.00111634,0.0198638
97,71,1.0089,-0.000690364,0.0197983
97,72,1.00942,-0.00250543,0.0197259
97,73,1.00996,-0.00432562,0.0196459
97,74,1.01051,-0.00614759,0.0195578
97,75,1.01108,-0.0079679,0.0194607
97,76,1.01167,-0.00978297,0.0193539
97,77,1.01229,-0.0115891,0.0192366
97,78,1.01293,-0.0133823,0.0191078
97,79,1.01361,-0.0151585,0.0189666
97,80,1.01432,-0.0169135,0.0188123
97,81,1.01506,-0.0186427,0.0186438
97,82,1.01583,-0.0203414,0.0184604
97,83,1.01664,-0.0220046,0.0182613
97,84,1.01748,-0.0236271,0.0180457
97,85,1.01835,-0.0252036,0.0178131
97,86,1.01925,-0.0267285,0.0175631
97,87,1.02018,-0.028196,0.0172952
97,88,1.02114,-0.0296003,0.0170094
97,89,1.02212,-0.0309355,0.0167057
97,90,1.02312,-0.0321955,0.0163841
97,91,1.02415,-0.0333744,0.0160451
97,92,1.02519,-0.0344663,0.0156892
97,93,1.02625,-0.0354656,0.015317
97,94,1.02732,-0.0363667,0.0149295
97,95,1.0284,-0.0371644,0.0145275
97,96,1.02949,-0.0378539,0.0141123
97,97,1.03058,-0.038431,0.013685
97,98,1.03168,-0.0388918,0.0132469
97,99,1.03279,-0.0392332,0.0127994
97,100,1.0339,-0.0394531,0.0123439
97,101,1.03501,-0.0395501,0.0118815
97,102,1.03611,-0.0395236,0.0114137
97,103,1.03722,-0.0393745,0.0109413
97,104,1.03832,-0.0391045,0.0104657
97,105,1.03942,-0.0387164,0.00998748
97,106,1.04051,-0.0382143,0.00950759
97,107,1.0416,-0.037603,0.00902642
97,108,1.04267,-0.0368888,0.00854474
97,109,1.04373,-0.0360789,0.00806269
97,110,1.04478,-0.0351826,0.00758088
97,111,1.0458,-0.0342116,0.00709926
97,112,1.0468,-0.0331824,0.0066183
97,113,1.04778,-0.032118,0.00613768
97,114,1.04872,-0.0310518,0.00565768
97,115,1.04963,-0.0300299,0.00517776
97,116,1.05049,-0.0291128,0.00469804
97,117,1.05131,-0.0283703,0.00421783
97,118,1.05207,-0.027867,0.00373684
97,119,1.05277,-0.0276291,0.00325331
97,120,1.0534,-0.0275915,0.00276524
97,121,1.05397,-0.0275277,0.00226964
97,122,1.05446,-0.0269854,0.00176669
97,123,1.05488,-0.0252691,0.00126415
97,124,1.05522,-0.0215248,0.000787399
97,125,1.05547,-0.0149793,0.000376691
97,126,1.05565,-0.00537458,7.93014e-05
97,127,1,-0.00343474,0
98,0,1,0,0
98,1,0.946098,0.00326217,0.000168703
98,2,0.946195,0.00847437,0.000547926
98,3,0.946349,0.012058,0.00096306
98,4,0.946557,0.0140401,0.00138052
98,5,0.946822,0.0147942,0.00179274
98,6,0.947142,0.0147745,0.00220011
98,7,0.947517,0.0143822,0.0026051
98,8,0.947946,0.0139142,0.00301031
98,9,0.948428,0.0135588,0.00341818
98,10,0.948961,0.0134141,0.0038304
98,11,0.949545,0.0135137,0.00424869
98,12,0.950178,0.0138505,0.0046744
98,13,0.950858,0.0143961,0.00510897
98,14,0.951584,0.0151138,0.00555336
98,15,0.952355,0.0159664,0.00600848
98,16,0.953168,0.0169202,0.00647454
98,17,0.954022,0.0179468,0.0069516
98,18,0.954916,0.0190226,0.00743905
98,19,0.955847,0.0201289,0.00793615
98,20,0.956814,0.0212505,0.00844168
98,21,0.957815,0.0223749,0.0089544
98,22,0.958849,0.0234917,0.00947272
98,23,0.959913,0.0245917,0.00999514
98,24,0.961005,0.0256669,0.0105199
98,25,0.962125,0.0267096,0.0110454
98,26,0.96327,0.0277129,0.0115697
98,27,0.964439,0.0286702,0.0120912
98,28,0.96563,0.0295753,0.012608
98,29,0.966842,0.0304225,0.0131183
98,30,0.968073,0.0312063,0.0136202
98,31,0.969321,0.0319219,0.014112
98,32,0.970585,0.0325651,0.0145918
98,33,0.971864,0.033132,0.015058
98,34,0.973156,0.0336193,0.0155088
98,35,0.974459,0.0340245,0.0159428
98,36,0.975772,0.0343453,0.0163586
98,37,0.977092,0.0345799,0.0167549
98,38,0.978418,0.0347273,0.0171306
98,39,0.979748,0.0347866,0.0174848
98,40,0.981078,0.0347575,0.017817
98,41,0.982408,0.03464,0.0181267
98,42,0.983733,0.0344346,0.0184138
98,43,0.985051,0.0341419,0.0186783
98,44,0.986359,0.033763,0.0189205
98,45,0.987653,0.0332993,0.019141
98,46,0.98893,0.0327522,0.0193406
98,47,0.990185,0.0321237,0.0195203
98,48,0.991416,0.0314158,0.0196811
98,49,0.992618,0.0306307,0.0198243
98,50,0.993787,0.0297709,0.0199514
98,51,0.994921,0.0288391,0.0200636
98,52,0.996016,0.0278379,0.0201624
98,53,0.99707,0.0267703,0.0202492
98,54,0.99808,0.0256391,0.0203252
98,55,0.999045,0.0244475,0.0203918
98,56,0.999963,0.0231985,0.0204499
98,57,1.00083,0.0218953,0.0205005
98,58,1.00166,0.020541,0.0205444
98,59,1.00244,0.0191388,0.0205823
98,60,1.00318,0.0176916,0.0206145
98,61,1.00387,0.0162027,0.0206415
98,62,1.00453,0.014675,0.0206633
98,63,1.00516,0.0131115,0.0206802
98,64,1.00575,0.0115151,0.0206918
98,65,1.00632,0.0098886,0.0206982
98,66,1.00687,0.00823477,0.020699
98,67,1.0074,0.00655636,0.020694
98,68,1.00792,0.00485601,0.0206825
98,69,1.00844,0.00313637,0.0206643
98,70,1.00895,0.00140008,0.0206386
98,71,1.00947,-0.00035022,0.0206049
98,72,1.01,-0.00211185,0.0205624
98,73,1.01054,-0.00388205,0.0205103
98,74,1.0111,-0.00565796,0.020448
98,75,1.01167,-0.00743658,0.0203743
98,76,1.01228,-0.00921473,0.0202885
98,77,1.0129,-0.010989,0.0201894
98,78,1.01356,-0.0127559,0.0200762
98,79,1.01425,-0.0145114,0.0199478
98,80,1.01497,-0.0162514,0.0198032
98,81,1.01572,-0.0179713,0.0196414
98,82,1.01651,-0.0196664,0.0194615
98,83,1.01733,-0.0213315,0.0192627
98,84,1.01818,-0.0229613,0.0190442
98,85,1.01906,-0.02455,0.0188054
98,86,1.01998,-0.0260917,0.0185459
98,87,1.02092,-0.0275802,0.0182653
98,88,1.02189,-0.0290093,0.0179634
98,89,1.02288,-0.0303725,0.0176404
98,90,1.02389,-0.0316635,0.0172965
98,91,1.02492,-0.0328758,0.016932
98,92,1.02597,-0.0340033,0.0165476
98,93,1.02703,-0.0350399,0.0161441
98,94,1.0281,-0.0359798,0.0157226
98,95,1.02919,-0.0368175,0.0152841
98,96,1.03027,-0.037548,0.0148301
98,97,1.03137,-0.0381668,0.0143618
98,98,1.03247,-0.0386698,0.0138811
98,99,1.03357,-0.0390536,0.0133893
98,100,1.03467,-0.0393158,0.0128884
98,101,1.03577,-0.0394546,0.0123797
98,102,1.03687,-0.0394691,0.0118651
98,103,1.03796,-0.0393596,0.0113458
98,104,1.03906,-0.0391272,0.0108236
98,105,1.04014,-0.0387744,0.0102994
98,106,1.04122,-0.0383044,0.00977465
98,107,1.04229,-0.0377219,0.00925001
98,108,1.04335,-0.0370324,0.00872667
98,109,1.04439,-0.0362431,0.00820502
98,110,1.04542,-0.0353627,0.00768606
98,111,1.04643,-0.034403,0.0071699
98,112,1.04742,-0.0333803,0.0066573
98,113,1.04838,-0.032318,0.00614806
98,114,1.0493,-0.0312496,0.00564266
98,115,1.0502,-0.030222,0.00514052
98,116,1.05105,-0.0292962,0.00464179
98,117,1.05185,-0.028543,0.00414547
98,118,1.0526,-0.0280274,0.00365099
98,119,1.05329,-0.0277758,0.00315611
98,120,1.05392,-0.027723,0.00265865
98,121,1.05449,-0.027644,0.00215578
98,122,1.05498,-0.027092,0.00164946
98,123,1.05539,-0.0253836,0.0011503
98,124,1.05573,-0.0216825,0.000683947
98,125,1.05598,-0.0152339,0.000297468
98,126,1.05614,-0.0057953,6.41083e-05
98,127,1,-0.00343474,0
99,0,1,0,0
99,1,0.946007,0.00266877,0.000141917
99,2,0.946107,0.0078129,0.000492929
99,3,0.946262,0.01137,0.000886204
99,4,0.946476,0.0133382,0.00129358
99,5,0.946748,0.0140777,0.00170144
99,6,0.947078,0.0140383,0.00210573
99,7,0.947463,0.0136211,0.00250739
99,8,0.947904,0.0131244,0.00290788
99,9,0.948397,0.0127379,0.0033092
99,10,0.948943,0.0125608,0.00371306
99,11,0.94954,0.0126273,0.00412152
99,12,0.950186,0.0129308,0.00453626
99,13,0.95088,0.0134436,0.00495916
99,14,0.951621,0.0141295,0.00539149
99,15,0.952407,0.0149516,0.00583446
99,16,0.953237,0.0158771,0.0062885
99,17,0.954109,0.0168777,0.00675388
99,18,0.955022,0.0179305,0.00723013
99,19,0.955973,0.0190168,0.00771666
99,20,0.956962,0.0201216,0.00821232
99,21,0.957986,0.0212322,0.00871599
99,22,0.959044,0.0223382,0.00922613
99,23,0.960133,0.0234301,0.00974132
99,24,0.961252,0.0244995,0.0102598
99,25,0.9624,0.0255385,0.0107801
99,26,0.963574,0.0265399,0.0113003
99,27,0.964772,0.0274967,0.0118188
99,28,0.965993,0.0284024,0.0123337
99,29,0.967235,0.0292508,0.0128433
99,30,0.968496,0.0300365,0.0133458
99,31,0.969774,0.0307542,0.0138393
99,32,0.971068,0.0313995,0.0143221
99,33,0.972375,0.0319685,0.0147926
99,34,0.973695,0.0324577,0.0152491
99,35,0.975024,0.0328645,0.0156901
99,36,0.976362,0.0331866,0.0161143
99,37,0.977705,0.0334225,0.0165203
99,38,0.979053,0.0335709,0.0169072
99,39,0.980401,0.0336313,0.0172742
99,40,0.981749,0.0336035,0.0176206
99,41,0.983093,0.0334878,0.017946
99,42,0.98443,0.0332848,0.0182503
99,43,0.985757,0.0329955,0.0185337
99,44,0.987072,0.0326212,0.0187963
99,45,0.98837,0.0321635,0.0190389
99,46,0.989648,0.0316241,0.0192621
99,47,0.990902,0.031005,0.019467
99,48,0.99213,0.0303086,0.0196546
99,49,0.993327,0.0295371,0.0198262
99,50,0.994489,0.0286931,0.019983
99,51,0.995615,0.0277792,0.0201265
99,52,0.9967,0.0267981,0.020258
99,53,0.997742,0.0257526,0.0203787
99,54,0.99874,0.0246456,0.0204898
99,55,0.999692,0.0234799,0.0205926
99,56,1.0006,0.0222585,0.0206878
99,57,1.00146,0.0209843,0.0207764
99,58,1.00227,0.0196603,0.0208589
99,59,1.00304,0.0182894,0.0209359
99,60,1.00377,0.0168745,0.0210076
99,61,1.00445,0.0154186,0.0210741
99,62,1.0051,0.0139246,0.0211356
99,63,1.00572,0.0123955,0.0211917
99,64,1.00631,0.010834,0.0212424
99,65,1.00688,0.00924313,0.0212872
99,66,1.00742,0.00762574,0.0213256
99,67,1.00796,0.00598472,0.0213571
99,68,1.00848,0.00432299,0.0213812
99,69,1.009,0.00264349,0.021397
99,70,1.00952,0.000949197,0.0214039
99,71,1.01005,-0.000756836,0.0214011
99,72,1.01059,-0.0024715,0.0213876
99,73,1.01114,-0.00419159,0.0213625
99,74,1.01171,-0.0059138,0.0213248
99,75,1.0123,-0.00763469,0.0212735
99,76,1.01291,-0.00935071,0.0212075
99,77,1.01355,-0.0110581,0.0211257
99,78,1.01423,-0.012753,0.0210269
99,79,1.01493,-0.0144314,0.02091
99,80,1.01566,-0.016089,0.020774
99,81,1.01642,-0.0177213,0.0206177
99,82,1.01722,-0.0193237,0.0204402
99,83,1.01805,-0.0208914,0.0202406
99,84,1.01891,-0.0224195,0.0200181
99,85,1.01979,-0.0239027,0.0197721
99,86,1.02071,-0.0253359,0.019502
99,87,1.02165,-0.0267137,0.0192076
99,88,1.02261,-0.0280307,0.0188888
99,89,1.0236,-0.0292815,0.0185456
99,90,1.0246,-0.0304606,0.0181783
99,91,1.02562,-0.0315628,0.0177875
99,92,1.02666,-0.0325829,0.0173738
99,93,1.02771,-0.0335158,0.0169383
99,94,1.02876,-0.0343569,0.016482
99,95,1.02983,-0.0351015,0.0160063
99,96,1.0309,-0.0357456,0.0155129
99,97,1.03198,-0.0362855,0.0150032
99,98,1.03306,-0.0367178,0.0144794
99,99,1.03414,-0.03704,0.013943
99,100,1.03522,-0.03725,0.0133964
99,101,1.0363,-0.0373464,0.0128412
99,102,1.03738,-0.0373289,0.0122798
99,103,1.03846,-0.037198,0.0117137
99,104,1.03954,-0.036955,0.011145
99,105,1.04061,-0.0366023,0.0105751
99,106,1.04167,-0.0361434,0.0100059
99,107,1.04273,-0.0355825,0.00943836
99,108,1.04378,-0.0349252,0.00887407
99,109,1.04481,-0.0341779,0.00831371
99,110,1.04583,-0.033349,0.00775864
99,111,1.04683,-0.0324493,0.00720918
99,112,1.04781,-0.0314942,0.00666639
99,113,1.04877,-0.0305057,0.0061302
99,114,1.04969,-0.0295157,0.00560126
99,115,1.05058,-0.0285694,0.00507899
99,116,1.05142,-0.0277256,0.00456354
99,117,1.05222,-0.0270528,0.00405358
99,118,1.05297,-0.0266131,0.00354826
99,119,1.05367,-0.0264303,0.00304471
99,120,1.0543,-0.0264371,0.00254056
99,121,1.05486,-0.0264095,0.00203323
99,122,1.05535,-0.0259074,0.00152561
99,123,1.05577,-0.0242607,0.00102996
99,124,1.05612,-0.0206527,0.000578479
99,125,1.05639,-0.014349,0.000219779
99,126,1.05658,-0.00511921,1.43805e-05
99,127,1,-0.00343474,0
100,0,1,0,0
100,1,0.945942,0.00316307,0.000120426
100,2,0.946054,0.00822088,0.00042947
100,3,0.946223,0.0117431,0.000804862
100,4,0.946449,0.0137017,0.00120146
100,5,0.946731,0.0144419,0.0016026
100,6,0.947069,0.0144056,0.0020021
100,7,0.947464,0.0139903,0.00239845
100,8,0.947913,0.013492,0.00279199
100,9,0.948417,0.0130993,0.00318449
100,10,0.948973,0.0129101,0.00357769
100,11,0.949581,0.0129582,0.00397405
100,12,0.950239,0.0132368,0.00437561
100,13,0.950946,0.0137179,0.00478474
100,14,0.951701,0.0143656,0.00520302
100,15,0.952503,0.0151436,0.00563202
100,16,0.953349,0.0160193,0.00607237
100,17,0.954237,0.0169652,0.00652457
100,18,0.955168,0.0179589,0.00698827
100,19,0.956138,0.0189823,0.00746306
100,20,0.957146,0.020021,0.00794784
100,21,0.95819,0.021063,0.00844163
100,22,0.959268,0.0220984,0.00894291
100,23,0.960378,0.0231184,0.00945037
100,24,0.961519,0.0241153,0.0099623
100,25,0.962689,0.0250819,0.0104772
100,26,0.963885,0.0260115,0.0109933
100,27,0.965106,0.0268979,0.0115089
100,28,0.96635,0.0277354,0.0120222
100,29,0.967615,0.0285185,0.0125315
100,30,0.968898,0.0292423,0.013035
100,31,0.9702,0.0299022,0.0135309
100,32,0.971516,0.0304945,0.0140175
100,33,0.972845,0.0310155,0.0144932
100,34,0.974186,0.0314625,0.0149563
100,35,0.975536,0.0318329,0.0154054
100,36,0.976893,0.0321249,0.015839
100,37,0.978255,0.0323369,0.016256
100,38,0.979619,0.0324681,0.0166555
100,39,0.980984,0.0325178,0.0170364
100,40,0.982345,0.0324857,0.0173984
100,41,0.983701,0.032372,0.0177409
100,42,0.985048,0.032177,0.0180639
100,43,0.986384,0.0319017,0.0183675
100,44,0.987704,0.0315468,0.018652
100,45,0.989006,0.0311137,0.018918
100,46,0.990286,0.0306038,0.0191662
100,47,0.99154,0.0300187,0.0193976
100,48,0.992765,0.0293604,0.0196132
100,49,0.993958,0.0286307,0.0198142
100,50,0.995114,0.027832,0.020002
100,51,0.996232,0.0269664,0.0201777
100,52,0.997308,0.0260363,0.0203426
100,53,0.998341,0.0250444,0.020498
100,54,0.999328,0.0239931,0.0206448
100,55,1.00027,0.0228851,0.0207842
100,56,1.00116,0.0217231,0.0209169
100,57,1.00201,0.0205099,0.0210437
100,58,1.00281,0.0192482,0.0211649
100,59,1.00357,0.0179408,0.021281
100,60,1.00429,0.0165904,0.0213919
100,61,1.00497,0.0151997,0.0214979
100,62,1.00561,0.0137715,0.0215985
100,63,1.00622,0.0123084,0.0216936
100,64,1.00681,0.0108131,0.0217827
100,65,1.00737,0.0092882,0.0218653
100,66,1.00792,0.00773622,0.0219406
100,67,1.00845,0.00615975,0.022008
100,68,1.00898,0.00456132,0.0220667
100,69,1.0095,0.00294346,0.0221157
100,70,1.01003,0.00130874,0.0221542
100,71,1.01057,-0.000340258,0.0221812
100,72,1.01111,-0.00200085,0.0221955
100,73,1.01167,-0.0036703,0.0221961
100,74,1.01225,-0.0053457,0.0221819
100,75,1.01286,-0.00702403,0.0221515
100,76,1.01349,-0.00870208,0.0221039
100,77,1.01414,-0.0103764,0.0220377
100,78,1.01483,-0.0120434,0.0219517
100,79,1.01554,-0.0136991,0.0218447
100,80,1.01629,-0.0153394,0.0217154
100,81,1.01707,-0.0169598,0.0215628
100,82,1.01788,-0.0185556,0.0213858
100,83,1.01872,-0.0201218,0.0211834
100,84,1.01959,-0.0216532,0.0209549
100,85,1.0205,-0.0231444,0.0206995
100,86,1.02142,-0.0245898,0.020417
100,87,1.02238,-0.0259836,0.0201068
100,88,1.02335,-0.0273201,0.0197691
100,89,1.02435,-0.0285935,0.0194039
100,90,1.02536,-0.0297981,0.0190116
100,91,1.02639,-0.0309281,0.0185928
100,92,1.02743,-0.0319782,0.0181485
100,93,1.02848,-0.032943,0.0176797
100,94,1.02954,-0.0338176,0.0171878
100,95,1.03061,-0.0345974,0.0166742
100,96,1.03168,-0.0352779,0.0161408
100,97,1.03276,-0.0358554,0.0155895
100,98,1.03383,-0.0363265,0.0150225
100,99,1.03491,-0.0366881,0.0144418
100,100,1.03599,-0.0369382,0.01385
100,101,1.03706,-0.037075,0.0132492
100,102,1.03814,-0.0370978,0.0126419
100,103,1.03921,-0.0370066,0.0120303
100,104,1.04027,-0.0368022,0.0114166
100,105,1.04133,-0.0364865,0.0108028
100,106,1.04238,-0.0360624,0.010191
100,107,1.04342,-0.0355337,0.00958262
100,108,1.04445,-0.0349052,0.00897959
100,109,1.04547,-0.034183,0.00838286
100,110,1.04647,-0.0333752,0.00779414
100,111,1.04746,-0.0324925,0.00721391
100,112,1.04842,-0.0315498,0.00664355
100,113,1.04935,-0.0305694,0.00608304
100,114,1.05026,-0.0295833,0.00553325
100,115,1.05113,-0.0286369,0.00499349
100,116,1.05196,-0.0277897,0.00446395
100,117,1.05274,-0.0271105,0.00394293
100,118,1.05348,-0.0266617,0.00342928
100,119,1.05416,-0.0264673,0.00291963
100,120,1.05478,-0.0264609,0.00241146
100,121,1.05534,-0.0264214,0.00190223
100,122,1.05583,-0.0259166,0.00139648
100,123,1.05625,-0.0242907,0.000908933
100,124,1.05659,-0.0207465,0.000471529
100,125,1.05685,-0.0145709,0.000139554
100,126,1.05703,-0.00555551,2.01973e-08
100,127,1,-0.00343474,0
101,0,1,0,0
101,1,0.945918,0.00249989,9.33419e-05
101,2,0.946031,0.0074537,0.0003717
101,3,0.9462,0.010925,0.000721964
101,4,0.94643,0.0128556,0.00110473
101,5,0.946719,0.0135747,0.00149751
101,6,0.947066,0.0135174,0.0018898
101,7,0.94747,0.0130786,0.00227861
101,8,0.947929,0.012554,0.00266314
101,9,0.948443,0.0121323,0.00304478
101,10,0.94901,0.0119118,0.00342532
101,11,0.949629,0.0119267,0.00380761
101,12,0.950299,0.0121706,0.00419408
101,13,0.951018,0.0126164,0.00458759
101,14,0.951785,0.0132288,0.00499005
101,15,0.9526,0.0139724,0.00540339
101,16,0.953459,0.0148153,0.00582845
101,17,0.954363,0.0157306,0.006266
101,18,0.955309,0.0166965,0.0067158
101,19,0.956296,0.0176952,0.00717763
101,20,0.957322,0.0187125,0.00765047
101,21,0.958385,0.0197365,0.00813345
101,22,0.959483,0.0207572,0.00862512
101,23,0.960615,0.0217656,0.00912424
101,24,0.961778,0.0227537,0.00962913
101,25,0.96297,0.0237141,0.0101384
101,26,0.96419,0.0246398,0.0106501
101,27,0.965434,0.0255243,0.0111629
101,28,0.966703,0.0263615,0.0116748
101,29,0.967992,0.0271457,0.0121841
101,30,0.9693,0.0278716,0.0126892
101,31,0.970625,0.0285346,0.0131882
101,32,0.971964,0.0291305,0.0136793
101,33,0.973316,0.0296557,0.0141611
101,34,0.974678,0.0301071,0.0146318
101,35,0.976048,0.0304822,0.01509
101,36,0.977423,0.0307791,0.0155344
101,37,0.978802,0.0309963,0.0159637
101,38,0.98018,0.0311329,0.016377
101,39,0.981557,0.0311883,0.0167734
101,40,0.982929,0.0311625,0.0171524
101,41,0.984293,0.0310556,0.0175135
101,42,0.985646,0.0308684,0.0178567
101,43,0.986985,0.0306017,0.018182
101,44,0.988307,0.0302566,0.0184897
101,45,0.989608,0.0298347,0.0187805
101,46,0.990885,0.0293374,0.0190549
101,47,0.992135,0.0287667,0.019314
101,48,0.993353,0.0281243,0.0195588
101,49,0.994538,0.0274125,0.0197903
101,50,0.995685,0.0266334,0.0200097
101,51,0.996793,0.0257892,0.0202184
101,52,0.997858,0.0248824,0.0204173
101,53,0.998879,0.0239154,0.0206077
101,54,0.999855,0.0228907,0.0207906
101,55,1.00078,0.0218107,0.0209667
101,56,1.00167,0.0206781,0.0211369
101,57,1.00251,0.0194955,0.0213016
101,58,1.0033,0.0182655,0.0214612
101,59,1.00405,0.0169906,0.0216159
101,60,1.00476,0.0156737,0.0217656
101,61,1.00543,0.0143172,0.0219101
101,62,1.00607,0.012924,0.0220491
101,63,1.00668,0.0114967,0.0221822
101,64,1.00727,0.010038,0.0223086
101,65,1.00784,0.00855065,0.0224278
101,66,1.00839,0.0070374,0.0225387
101,67,1.00893,0.00550106,0.0226406
101,68,1.00946,0.00394446,0.0227324
101,69,1.01,0.00237049,0.0228132
101,70,1.01054,0.000782095,0.0228816
101,71,1.01109,-0.000817691,0.0229367
101,72,1.01165,-0.00242576,0.0229772
101,73,1.01222,-0.0040389,0.0230017
101,74,1.01282,-0.00565379,0.0230091
101,75,1.01344,-0.00726699,0.0229979
101,76,1.01409,-0.00887492,0.0229667
101,77,1.01476,-0.0104739,0.0229143
101,78,1.01546,-0.0120599,0.0228393
101,79,1.01619,-0.0136291,0.0227402
101,80,1.01695,-0.0151773,0.0226159
101,81,1.01775,-0.0167001,0.0224652
101,82,1.01857,-0.018193,0.0222869
101,83,1.01942,-0.0196516,0.0220801
101,84,1.0203,-0.021071,0.021844
101,85,1.0212,-0.0224465,0.0215779
101,86,1.02213,-0.0237733,0.0212814
101,87,1.02309,-0.0250465,0.0209542
101,88,1.02406,-0.0262614,0.0205963
101,89,1.02505,-0.027413,0.020208
101,90,1.02606,-0.0284969,0.0197897
101,91,1.02708,-0.0295083,0.0193423
101,92,1.02811,-0.030443,0.0188666
101,93,1.02915,-0.0312967,0.018364
101,94,1.0302,-0.0320655,0.017836
101,95,1.03125,-0.0327458,0.0172843
101,96,1.03231,-0.0333341,0.016711
101,97,1.03337,-0.0338273,0.0161182
101,98,1.03443,-0.0342229,0.0155084
101,99,1.03549,-0.0345186,0.014884
101,100,1.03654,-0.0347126,0.0142477
101,101,1.0376,-0.0348039,0.0136021
101,102,1.03866,-0.0347918,0.0129501
101,103,1.03971,-0.0346767,0.012294
101,104,1.04076,-0.0344597,0.0116368
101,105,1.0418,-0.0341425,0.0109805
101,106,1.04284,-0.033728,0.0103278
101,107,1.04386,-0.0332197,0.00968026
101,108,1.04488,-0.0326224,0.0090404
101,109,1.04589,-0.0319415,0.00840931
101,110,1.04688,-0.0311845,0.00778911
101,111,1.04785,-0.0303613,0.00718042
101,112,1.0488,-0.0294858,0.00658495
101,113,1.04973,-0.0285789,0.0060027
101,114,1.05062,-0.0276711,0.00543479
101,115,1.05149,-0.0268059,0.00488043
101,116,1.05231,-0.0260405,0.0043398
101,117,1.05309,-0.0254411,0.00381082
101,118,1.05382,-0.0250674,0.00329205
101,119,1.05449,-0.0249404,0.00277945
101,120,1.05511,-0.0249929,0.00227033
101,121,1.05566,-0.025006,0.00176231
101,122,1.05615,-0.0245558,0.00126067
101,123,1.05657,-0.0230018,0.000781401
101,124,1.05692,-0.0195682,0.000362814
101,125,1.0572,-0.0135651,6.13398e-05
101,126,1.05741,-0.00480288,-4.98503e-05
101,127,1,-0.00343474,0
102,0,1,0,0
102,1,0.94592,0.00302349,7.13401e-05
102,2,0.946044,0.00785763,0.000306127
102,3,0.946227,0.0112719,0.000635411
102,4,0.946467,0.0131811,0.00100374
102,5,0.946765,0.0138966,0.00138596
102,6,0.94712,0.0138437,0.00176944
102,7,0.947531,0.0134114,0.00214882
102,8,0.947998,0.0128917,0.0025222
102,9,0.948519,0.0124707,0.00289079
102,10,0.949095,0.0122454,0.00325645
102,11,0.949723,0.0122487,0.00362251
102,12,0.950402,0.0124742,0.00399179
102,13,0.951132,0.0128944,0.00436769
102,14,0.951911,0.0134745,0.00475244
102,15,0.952737,0.0141794,0.0051484
102,16,0.95361,0.0149777,0.0055566
102,17,0.954527,0.0158433,0.00597809
102,18,0.955488,0.0167547,0.00641274
102,19,0.956489,0.0176948,0.00686052
102,20,0.957531,0.01865,0.00732049
102,21,0.958609,0.0196091,0.00779192
102,22,0.959724,0.0205624,0.00827338
102,23,0.960872,0.0215019,0.00876374
102,24,0.962052,0.0224201,0.00926133
102,25,0.963261,0.0233103,0.00976479
102,26,0.964498,0.0241662,0.0102723
102,27,0.96576,0.0249821,0.0107824
102,28,0.967045,0.0257525,0.0112932
102,29,0.968352,0.0264725,0.0118031
102,30,0.969676,0.0271375,0.0123103
102,31,0.971018,0.0277434,0.012813
102,32,0.972373,0.0282867,0.0133095
102,33,0.97374,0.0287644,0.0137983
102,34,0.975117,0.0291736,0.0142776
102,35,0.9765,0.0295125,0.014746
102,36,0.977888,0.0297792,0.0152022
102,37,0.979277,0.0299726,0.015645
102,38,0.980666,0.0300917,0.0160733
102,39,0.982051,0.0301362,0.0164864
102,40,0.98343,0.0301058,0.0168836
102,41,0.984799,0.0300008,0.0172646
102,42,0.986156,0.0298214,0.0176291
102,43,0.987497,0.0295685,0.0179773
102,44,0.988819,0.0292428,0.0183094
102,45,0.990118,0.0288455,0.018626
102,46,0.991392,0.0283779,0.0189276
102,47,0.992637,0.0278413,0.0192153
102,48,0.99385,0.0272374,0.0194898
102,49,0.995027,0.0265679,0.0197524
102,50,0.996167,0.0258346,0.0200041
102,51,0.997265,0.0250394,0.0202461
102,52,0.998321,0.0241844,0.0204793
102,53,0.999332,0.0232717,0.0207048
102,54,1.0003,0.0223036,0.0209236
102,55,1.00122,0.0212823,0.0211363
102,56,1.00209,0.0202101,0.0213435
102,57,1.00292,0.0190894,0.0215456
102,58,1.00371,0.0179226,0.021743
102,59,1.00445,0.0167121,0.0219354
102,60,1.00516,0.0154604,0.0221229
102,61,1.00583,0.0141699,0.0223051
102,62,1.00646,0.0128431,0.0224813
102,63,1.00707,0.0114824,0.0226511
102,64,1.00766,0.0100903,0.0228136
102,65,1.00823,0.00866915,0.0229679
102,66,1.00879,0.00722152,0.023113
102,67,1.00933,0.00574981,0.0232478
102,68,1.00988,0.00425649,0.0233712
102,69,1.01042,0.00274408,0.0234818
102,70,1.01097,0.00121512,0.0235785
102,71,1.01153,-0.000327775,0.0236599
102,72,1.01211,-0.00188191,0.0237245
102,73,1.0127,-0.00344446,0.023771
102,74,1.01331,-0.00501251,0.0237978
102,75,1.01395,-0.00658295,0.0238036
102,76,1.01461,-0.00815251,0.0237868
102,77,1.0153,-0.00971774,0.0237458
102,78,1.01602,-0.011275,0.0236794
102,79,1.01677,-0.0128203,0.0235859
102,80,1.01755,-0.0143495,0.0234642
102,81,1.01836,-0.0158584,0.0233129
102,82,1.0192,-0.0173423,0.0231308
102,83,1.02006,-0.0187966,0.0229172
102,84,1.02096,-0.0202162,0.022671
102,85,1.02188,-0.0215962,0.0223918
102,86,1.02282,-0.0229313,0.022079
102,87,1.02379,-0.0242166,0.0217326
102,88,1.02478,-0.0254467,0.0213527
102,89,1.02578,-0.0266166,0.0209395
102,90,1.02679,-0.0277214,0.0204937
102,91,1.02782,-0.0287562,0.0200161
102,92,1.02886,-0.0297164,0.0195081
102,93,1.02991,-0.0305977,0.0189709
102,94,1.03096,-0.0313961,0.0184064
102,95,1.03201,-0.0321076,0.0178165
102,96,1.03307,-0.0327288,0.0172035
102,97,1.03413,-0.0332566,0.0165698
102,98,1.03519,-0.0336882,0.0159181
102,99,1.03624,-0.0340212,0.0152511
102,100,1.0373,-0.0342537,0.014572
102,101,1.03835,-0.0343842,0.0138835
102,102,1.0394,-0.034412,0.0131889
102,103,1.04044,-0.0343368,0.0124909
102,104,1.04148,-0.0341592,0.0117928
102,105,1.04251,-0.0338806,0.0110969
102,106,1.04353,-0.0335032,0.0104064
102,107,1.04454,-0.0330299,0.00972301
102,108,1.04554,-0.0324649,0.00904969
102,109,1.04653,-0.0318132,0.00838771
102,110,1.0475,-0.0310819,0.00773957
102,111,1.04845,-0.0302804,0.00710599
102,112,1.04938,-0.0294226,0.00648898
102,113,1.05029,-0.0285292,0.00588855
102,114,1.05116,-0.0276307,0.00530604
102,115,1.052,-0.0267706,0.00474048
102,116,1.05281,-0.0260064,0.00419207
102,117,1.05357,-0.0254044,0.0036583
102,118,1.05428,-0.0250242,0.00313746
102,119,1.05495,-0.0248874,0.00262491
102,120,1.05555,-0.024928,0.00211787
102,121,1.0561,-0.0249319,0.00161387
102,122,1.05658,-0.0244849,0.00111969
102,123,1.05699,-0.0229627,0.000653453
102,124,1.05733,-0.0196109,0.000252883
102,125,1.0576,-0.0137643,-1.91085e-05
102,126,1.05779,-0.00526003,-6.30123e-05
102,127,1,-0.00343474,0
103,0,1,0,0
103,1,0.945962,0.00229364,4.4624e-05
103,2,0.946086,0.00699133,0.000246985
103,3,0.946268,0.0103318,0.000548284
103,4,0.946511,0.0121996,0.000899304
103,5,0.946813,0.0128883,0.00126941
103,6,0.947174,0.0128135,0.00164181
103,7,0.947593,0.0123595,0.00200969
103,8,0.948068,0.0118163,0.00237002
103,9,0.948598,0.0113687,0.00272371
103,10,0.949181,0.0111133,0.00307268
103,11,0.949818,0.0110832,0.00342072
103,12,0.950506,0.0112724,0.00377109
103,13,0.951244,0.0116544,0.0041277
103,14,0.952032,0.0121953,0.00449316
103,15,0.952869,0.012861,0.00487021
103,16,0.953752,0.0136212,0.00526011
103,17,0.95468,0.0144505,0.0056642
103,18,0.955652,0.0153283,0.00608248
103,19,0.956666,0.016238,0.00651512
103,20,0.95772,0.0171661,0.00696126
103,21,0.958813,0.0181016,0.00742031
103,22,0.959942,0.0190351,0.00789087
103,23,0.961105,0.0199582,0.00837194
103,24,0.962301,0.0208633,0.00886184
103,25,0.963527,0.0217436,0.00935931
103,26,0.96478,0.0225925,0.00986252
103,27,0.96606,0.0234039,0.01037
103,28,0.967362,0.0241721,0.01088
103,29,0.968686,0.0248918,0.0113908
103,30,0.970027,0.0255582,0.0119005
103,31,0.971385,0.026167,0.0124076
103,32,0.972756,0.0267145,0.0129102
103,33,0.974138,0.0271973,0.0134068
103,34,0.975528,0.0276126,0.0138956
103,35,0.976924,0.0279582,0.0143753
103,36,0.978323,0.0282325,0.0148445
103,37,0.979722,0.0284339,0.0153019
103,38,0.981118,0.0285619,0.0157464
103,39,0.982509,0.0286158,0.0161774
103,40,0.983892,0.0285955,0.016594
103,41,0.985263,0.0285014,0.016996
103,42,0.98662,0.0283339,0.017383
103,43,0.987959,0.0280939,0.0177552
103,44,0.989278,0.0277823,0.0181126
103,45,0.990573,0.0274002,0.0184559
103,46,0.99184,0.0269492,0.0187856
103,47,0.993078,0.0264307,0.0191025
103,48,0.994282,0.0258464,0.0194074
103,49,0.99545,0.025198,0.0197015
103,50,0.996579,0.0244873,0.0199856
103,51,0.997668,0.0237163,0.0202609
103,52,0.998713,0.022887,0.0205282
103,53,0.999715,0.0220015,0.0207886
103,54,1.00067,0.0210619,0.0210428
103,55,1.00158,0.0200704,0.0212913
103,56,1.00245,0.0190292,0.0215348
103,57,1.00327,0.0179406,0.0217734
103,58,1.00405,0.0168069,0.0220073
103,59,1.00479,0.0156305,0.0222363
103,60,1.0055,0.0144139,0.0224602
103,61,1.00617,0.0131594,0.0226783
103,62,1.00681,0.0118695,0.0228901
103,63,1.00742,0.0105468,0.0230948
103,64,1.00802,0.00919397,0.0232914
103,65,1.0086,0.00781352,0.0234788
103,66,1.00916,0.00640819,0.0236559
103,67,1.00972,0.00498073,0.0238214
103,68,1.01028,0.00353394,0.0239739
103,69,1.01084,0.00207072,0.0241121
103,70,1.01141,0.000594017,0.0242345
103,71,1.01199,-0.00089311,0.0243396
103,72,1.01258,-0.00238753,0.0244259
103,73,1.01319,-0.00388599,0.0244917
103,74,1.01382,-0.00538516,0.0245355
103,75,1.01448,-0.00688158,0.0245556
103,76,1.01516,-0.00837166,0.0245504
103,77,1.01587,-0.00985172,0.0245184
103,78,1.01661,-0.0113179,0.024458
103,79,1.01737,-0.0127664,0.0243677
103,80,1.01817,-0.014193,0.0242461
103,81,1.01899,-0.0155937,0.0240919
103,82,1.01984,-0.0169642,0.023904
103,83,1.02072,-0.0183004,0.0236814
103,84,1.02163,-0.0195977,0.0234234
103,85,1.02255,-0.020852,0.0231292
103,86,1.0235,-0.0220589,0.0227988
103,87,1.02447,-0.0232142,0.0224318
103,88,1.02546,-0.0243138,0.0220286
103,89,1.02646,-0.0253536,0.0215896
103,90,1.02747,-0.0263298,0.0211156
103,91,1.02849,-0.0272386,0.0206076
103,92,1.02952,-0.0280766,0.020067
103,93,1.03056,-0.0288405,0.0194954
103,94,1.0316,-0.0295273,0.0188947
103,95,1.03264,-0.0301341,0.0182672
103,96,1.03368,-0.0306583,0.0176155
103,97,1.03473,-0.0310977,0.0169419
103,98,1.03577,-0.03145,0.0162499
103,99,1.03681,-0.0317137,0.015542
103,100,1.03785,-0.0318872,0.014822
103,101,1.03888,-0.0319696,0.0140927
103,102,1.03991,-0.0319603,0.0133579
103,103,1.04094,-0.0318594,0.0126205
103,104,1.04196,-0.0316675,0.0118841
103,105,1.04298,-0.031386,0.0111515
103,106,1.04398,-0.0310169,0.010426
103,107,1.04498,-0.0305632,0.00970978
103,108,1.04596,-0.0300284,0.0090061
103,109,1.04694,-0.0294173,0.00831641
103,110,1.04789,-0.0287361,0.00764358
103,111,1.04883,-0.0279936,0.00698841
103,112,1.04975,-0.0272025,0.00635325
103,113,1.05064,-0.0263821,0.00573807
103,114,1.0515,-0.0255615,0.00514445
103,115,1.05233,-0.0247822,0.00457122
103,116,1.05312,-0.0240991,0.00401863
103,117,1.05387,-0.023576,0.00348366
103,118,1.05458,-0.0232693,0.00296435
103,119,1.05523,-0.0231983,0.00245533
103,120,1.05582,-0.0232965,0.00195367
103,121,1.05636,-0.0233534,0.00145691
103,122,1.05684,-0.0229646,0.00097248
103,123,1.05725,-0.0215228,0.000519402
103,124,1.0576,-0.0182964,0.000141696
103,125,1.05788,-0.0126468,-9.69747e-05
103,126,1.0581,-0.00443428,-0.000112266
103,127,1,-0.00343474,0
104,0,1,0,0
104,1,0.946031,0.00284878,2.27904e-05
104,2,0.946165,0.00739773,0.000180815
104,3,0.946359,0.0106611,0.000458486
104,4,0.946611,0.0124963,0.000791841
104,5,0.94692,0.0131777,0.00114798
104,6,0.947287,0.0131088,0.00150798
104,7,0.94771,0.0126662,0.00186275
104,8,0.94819,0.0121344,0.00220816
104,9,0.948725,0.0116949,0.00254503
104,10,0.949314,0.011442,0.00287535
104,11,0.949956,0.0114076,0.00320348
104,12,0.950651,0.0115851,0.00353306
104,13,0.951397,0.0119481,0.00386862
104,14,0.952193,0.012463,0.00421309
104,15,0.953037,0.013096,0.00456968
104,16,0.953929,0.0138176,0.00493985
104,17,0.954867,0.0146028,0.00532525
104,18,0.955849,0.0154315,0.00572598
104,19,0.956873,0.0162877,0.00614248
104,20,0.957938,0.0171587,0.00657389
104,21,0.959041,0.0180338,0.00701984
104,22,0.960181,0.0189043,0.00747892
104,23,0.961355,0.0197624,0.00795027
104,24,0.962562,0.0206013,0.0084322
104,25,0.963799,0.0214147,0.00892353
104,26,0.965064,0.0221967,0.00942241
104,27,0.966354,0.022942,0.00992748
104,28,0.967667,0.0236457,0.0104368
104,29,0.969001,0.0243031,0.0109488
104,30,0.970352,0.0249103,0.0114617
104,31,0.971719,0.0254634,0.0119737
104,32,0.973099,0.0259593,0.0124831
104,33,0.974489,0.0263953,0.0129882
104,34,0.975886,0.0267691,0.0134874
104,35,0.977288,0.0270788,0.0139792
104,36,0.978691,0.0273229,0.0144622
104,37,0.980094,0.0275004,0.0149351
104,38,0.981493,0.0276106,0.0153968
104,39,0.982886,0.0276531,0.0158466
104,40,0.984269,0.0276278,0.0162835
104,41,0.985639,0.0275347,0.0167073
104,42,0.986994,0.0273744,0.0171176
104,43,0.988329,0.0271473,0.0175144
104,44,0.989643,0.0268543,0.0178979
104,45,0.990932,0.0264961,0.0182684
104,46,0.992193,0.0260739,0.0186265
104,47,0.993423,0.0255888,0.0189729
104,48,0.994619,0.0250422,0.0193083
104,49,0.995778,0.0244354,0.0196338
104,50,0.996899,0.02377,0.0199501
104,51,0.997978,0.0230475,0.0202584
104,52,0.999015,0.0222696,0.0205593
104,53,1.00001,0.0214381,0.0208539
104,54,1.00096,0.0205548,0.0211426
104,55,1.00186,0.0196217,0.021426
104,56,1.00272,0.0186406,0.0217045
104,57,1.00354,0.0176138,0.0219783
104,58,1.00432,0.0165432,0.0222472
104,59,1.00506,0.0154309,0.0225111
104,60,1.00576,0.0142793,0.0227695
104,61,1.00643,0.0130905,0.0230218
104,62,1.00708,0.0118667,0.0232672
104,63,1.0077,0.0106102,0.0235047
104,64,1.0083,0.00932347,0.0237331
104,65,1.00888,0.0080087,0.0239514
104,66,1.00946,0.00666832,0.024158
104,67,1.01003,0.00530475,0.0243517
104,68,1.0106,0.00392045,0.0245309
104,69,1.01118,0.00251793,0.0246941
104,70,1.01176,0.00109979,0.0248396
104,71,1.01236,-0.00033132,0.0249657
104,72,1.01297,-0.00177263,0.0250708
104,73,1.0136,-0.00322126,0.0251532
104,74,1.01425,-0.0046742,0.025211
104,75,1.01493,-0.00612832,0.0252426
104,76,1.01563,-0.00758029,0.0252462
104,77,1.01636,-0.00902664,0.0252201
104,78,1.01711,-0.0104637,0.0251628
104,79,1.0179,-0.0118877,0.0250726
104,80,1.01872,-0.0132945,0.0249483
104,81,1.01956,-0.01468,0.0247883
104,82,1.02043,-0.01604,0.0245917
104,83,1.02132,-0.0173699,0.0243575
104,84,1.02225,-0.0186653,0.024085
104,85,1.02319,-0.0199215,0.0237736
104,86,1.02415,-0.0211341,0.0234232
104,87,1.02514,-0.0222985,0.0230337
104,88,1.02613,-0.0234103,0.0226056
104,89,1.02715,-0.0244653,0.0221393
104,90,1.02817,-0.0254593,0.021636
104,91,1.0292,-0.0263884,0.0210968
104,92,1.03024,-0.027249,0.0205233
104,93,1.03128,-0.0280376,0.0199173
104,94,1.03233,-0.0287512,0.019281
104,95,1.03337,-0.0293868,0.0186168
104,96,1.03442,-0.0299417,0.0179275
104,97,1.03547,-0.0304136,0.017216
104,98,1.03651,-0.0308004,0.0164856
104,99,1.03755,-0.0311001,0.0157395
104,100,1.03858,-0.0313111,0.0149814
104,101,1.03961,-0.0314323,0.0142146
104,102,1.04063,-0.0314627,0.0134431
104,103,1.04165,-0.0314021,0.01267
104,104,1.04266,-0.0312506,0.0118995
104,105,1.04366,-0.0310091,0.0111342
104,106,1.04465,-0.030679,0.0103781
104,107,1.04563,-0.0302627,0.00963353
104,108,1.0466,-0.0297632,0.00890402
104,109,1.04755,-0.0291847,0.00819116
104,110,1.04848,-0.028533,0.00749819
104,111,1.0494,-0.0278165,0.00682593
104,112,1.05029,-0.0270476,0.00617704
104,113,1.05116,-0.0262455,0.00555143
104,114,1.052,-0.0254389,0.00495088
104,115,1.05281,-0.0246693,0.004374
104,116,1.05358,-0.0239915,0.00382104
104,117,1.0543,-0.0234689,0.00328846
104,118,1.05499,-0.0231579,0.00277407
104,119,1.05562,-0.0230781,0.00227183
104,120,1.05621,-0.0231652,0.00177873
104,121,1.05673,-0.0232146,0.0012921
104,122,1.0572,-0.0228335,0.000820747
104,123,1.0576,-0.0214326,0.000385586
104,124,1.05794,-0.018304,2.98249e-05
104,125,1.05821,-0.0128363,-0.000176687
104,126,1.0584,-0.00491873,-0.000123963
104,127,1,-0.00343474,0
105,0,1,0,0
105,1,0.946139,0.00205712,-2.95569e-06
105,2,0.946271,0.00644183,0.000121753
105,3,0.946462,0.00961038,0.000369271
105,4,0.946713,0.0113919,0.000682474
105,5,0.947025,0.0120411,0.00102339
105,6,0.947396,0.0119499,0.00136909
105,7,0.947825,0.0114881,0.00170906
105,8,0.94831,0.010936,0.00203804
105,9,0.94885,0.0104726,0.00235661
105,10,0.949444,0.0101911,0.00266685
105,11,0.950092,0.010123,0.00297364
105,12,0.950792,0.0102625,0.00328105
105,13,0.951542,0.0105841,0.00359419
105,14,0.952344,0.0110552,0.00391634
105,15,0.953194,0.0116438,0.00425118
105,16,0.954091,0.0123212,0.00460037
105,17,0.955035,0.0130637,0.0049659
105,18,0.956023,0.013852,0.005348
105,19,0.957054,0.0146708,0.00574733
105,20,0.958126,0.0155077,0.00616312
105,21,0.959238,0.0163526,0.00659516
105,22,0.960386,0.0171967,0.00704208
105,23,0.961569,0.0180323,0.00750314
105,24,0.962786,0.0188524,0.00797665
105,25,0.964032,0.0196506,0.00846154
105,26,0.965307,0.0204208,0.00895591
105,27,0.966607,0.0211575,0.00945847
105,28,0.967929,0.0218555,0.00996723
105,29,0.969273,0.0225098,0.0104807
105,30,0.970633,0.0231161,0.0109969
105,31,0.972009,0.0236705,0.0115144
105,32,0.973396,0.0241696,0.012031
105,33,0.974793,0.0246103,0.0125453
105,34,0.976196,0.0249903,0.0130554
105,35,0.977603,0.0253074,0.01356
105,36,0.979011,0.0255601,0.0140575
105,37,0.980416,0.0257474,0.0145468
105,38,0.981816,0.0258683,0.0150264
105,39,0.983208,0.0259224,0.0154957
105,40,0.984589,0.0259098,0.0159536
105,41,0.985956,0.0258304,0.0163999
105,42,0.987306,0.0256848,0.0168341
105,43,0.988636,0.0254735,0.0172561
105,44,0.989943,0.0251975,0.0176659
105,45,0.991224,0.0248575,0.0180639
105,46,0.992476,0.0244548,0.0184505
105,47,0.993696,0.0239906,0.0188264
105,48,0.994883,0.0234662,0.0191921
105,49,0.996032,0.022883,0.0195486
105,50,0.997143,0.0222426,0.0198967
105,51,0.998214,0.0215465,0.0202371
105,52,0.999242,0.0207964,0.0205707
105,53,1.00023,0.019994,0.0208982
105,54,1.00117,0.0191412,0.0212201
105,55,1.00207,0.0182398,0.0215369
105,56,1.00293,0.0172917,0.0218488
105,57,1.00374,0.0162989,0.0221558
105,58,1.00452,0.0152635,0.0224577
105,59,1.00526,0.0141877,0.0227543
105,60,1.00597,0.0130737,0.0230449
105,61,1.00665,0.0119238,0.0233288
105,62,1.0073,0.0107402,0.023605
105,63,1.00793,0.00952554,0.0238725
105,64,1.00854,0.00828223,0.0241299
105,65,1.00914,0.00701287,0.024376
105,66,1.00974,0.00572013,0.0246091
105,67,1.01033,0.00440674,0.0248279
105,68,1.01092,0.00307552,0.0250305
105,69,1.01151,0.00172938,0.0252153
105,70,1.01211,0.000371299,0.0253804
105,71,1.01273,-0.000995635,0.0255242
105,72,1.01337,-0.00236826,0.0256448
105,73,1.01402,-0.00374331,0.0257402
105,74,1.01469,-0.00511744,0.0258087
105,75,1.01539,-0.00648719,0.0258484
105,76,1.01612,-0.00784904,0.0258575
105,77,1.01687,-0.00919935,0.0258342
105,78,1.01764,-0.0105344,0.025777
105,79,1.01845,-0.0118505,0.0256841
105,80,1.01928,-0.0131437,0.0255542
105,81,1.02014,-0.0144103,0.0253859
105,82,1.02102,-0.0156462,0.0251783
105,83,1.02193,-0.0168477,0.0249304
105,84,1.02286,-0.018011,0.0246415
105,85,1.02382,-0.0191322,0.0243112
105,86,1.02479,-0.0202076,0.0239395
105,87,1.02577,-0.0212338,0.0235266
105,88,1.02677,-0.0222073,0.0230729
105,89,1.02778,-0.023125,0.0225791
105,90,1.02881,-0.0239839,0.0220465
105,91,1.02983,-0.0247811,0.0214765
105,92,1.03087,-0.025514,0.0208709
105,93,1.0319,-0.0261805,0.0202316
105,94,1.03294,-0.0267782,0.0195611
105,95,1.03398,-0.0273052,0.0188621
105,96,1.03501,-0.0277598,0.0181375
105,97,1.03604,-0.0281403,0.0173905
105,98,1.03707,-0.0284452,0.0166247
105,99,1.0381,-0.0286733,0.0158433
105,100,1.03912,-0.0288234,0.0150505
105,101,1.04013,-0.0288947,0.0142497
105,102,1.04114,-0.0288866,0.0134453
105,103,1.04214,-0.0287989,0.0126405
105,104,1.04313,-0.028632,0.0118398
105,105,1.04411,-0.0283865,0.0110461
105,106,1.04509,-0.028064,0.0102637
105,107,1.04605,-0.0276664,0.00949492
105,108,1.047,-0.0271964,0.00874384
105,109,1.04794,-0.0266578,0.00801205
105,110,1.04885,-0.0260557,0.00730318
105,111,1.04975,-0.0253975,0.00661802
105,112,1.05063,-0.0246947,0.00595958
105,113,1.05148,-0.0239651,0.00532765
105,114,1.0523,-0.0232358,0.00472428
105,115,1.05309,-0.0225462,0.00414776
105,116,1.05385,-0.0219486,0.00359842
105,117,1.05456,-0.0215034,0.00307212
105,118,1.05523,-0.0212641,0.00256644
105,119,1.05585,-0.021248,0.00207456
105,120,1.05642,-0.0213909,0.00159334
105,121,1.05693,-0.021493,0.00112
105,122,1.05739,-0.0211725,0.00066389
105,123,1.05779,-0.0198587,0.000246571
105,124,1.05813,-0.0168684,-8.25103e-05
105,125,1.05841,-0.0116189,-0.000253156
105,126,1.05864,-0.0040246,-0.000171877
105,127,1,-0.00343474,0
106,0,1,0,0
106,1,0.946271,0.00264623,-2.39874e-05
106,2,0.946412,0.00685828,5.65892e-05
106,3,0.946613,0.00993163,0.000278623
106,4,0.946871,0.0116703,0.000571784
106,5,0.947187,0.0123089,0.000896213
106,6,0.947561,0.0122253,0.00122682
106,7,0.947992,0.0117798,0.00155091
106,8,0.948479,0.011246,0.0018621
106,9,0.949021,0.0107982,0.00216094
106,10,0.949617,0.0105267,0.00244961
106,11,0.950267,0.0104618,0.00273358
106,12,0.95097,0.0105967,0.00301733
106,13,0.951724,0.0109061,0.00330664
106,14,0.952529,0.011358,0.0036051
106,15,0.953383,0.0119205,0.00391689
106,16,0.954285,0.0125657,0.00424387
106,17,0.955234,0.0132703,0.00458839
106,18,0.956227,0.0140157,0.00495077
106,19,0.957263,0.0147872,0.00533197
106,20,0.95834,0.0155728,0.00573125
106,21,0.959457,0.0163629,0.00614862
106,22,0.96061,0.0171492,0.0065827
106,23,0.961799,0.0179248,0.00703293
106,24,0.96302,0.0186833,0.00749757
106,25,0.964271,0.0194189,0.00797567
106,26,0.96555,0.0201263,0.00846529
106,27,0.966854,0.0208005,0.00896522
106,28,0.96818,0.0214371,0.00947338
106,29,0.969527,0.022032,0.00998838
106,30,0.97089,0.0225814,0.0105081
106,31,0.972268,0.0230822,0.0110311
106,32,0.973657,0.0235314,0.0115552
106,33,0.975054,0.0239266,0.012079
106,34,0.976457,0.0242659,0.0126005
106,35,0.977863,0.0245476,0.0131183
106,36,0.979268,0.0247705,0.0136307
106,37,0.980671,0.0249337,0.0141366
106,38,0.982067,0.0250365,0.0146345
106,39,0.983454,0.0250786,0.0151236
106,40,0.98483,0.0250599,0.0156029
106,41,0.98619,0.0249806,0.0160719
106,42,0.987533,0.0248408,0.01653
106,43,0.988855,0.0246411,0.0169772
106,44,0.990153,0.024382,0.0174133
106,45,0.991425,0.0240643,0.0178386
106,46,0.992668,0.0236887,0.0182533
106,47,0.993879,0.0232563,0.0186581
106,48,0.995056,0.0227679,0.0190534
106,49,0.996197,0.0222247,0.0194401
106,50,0.997299,0.0216278,0.0198188
106,51,0.998362,0.0209786,0.0201902
106,52,0.999383,0.0202784,0.0205551
106,53,1.00036,0.0195286,0.0209139
106,54,1.0013,0.0187307,0.0212673
106,55,1.0022,0.0178863,0.0216154
106,56,1.00305,0.0169971,0.0219585
106,57,1.00387,0.0160648,0.0222964
106,58,1.00465,0.0150913,0.0226289
106,59,1.00539,0.0140785,0.0229556
106,60,1.0061,0.0130283,0.0232756
106,61,1.00679,0.0119428,0.0235883
106,62,1.00745,0.0108241,0.0238924
106,63,1.00809,0.00967431,0.0241867
106,64,1.00871,0.00849572,0.02447
106,65,1.00933,0.00729061,0.0247406
106,66,1.00994,0.00606132,0.0249969
106,67,1.01054,0.00481027,0.0252372
106,68,1.01115,0.00353993,0.0254597
106,69,1.01176,0.00225287,0.0256627
106,70,1.01239,0.000951719,0.025844
106,71,1.01302,-0.000360802,0.0260019
106,72,1.01368,-0.00168187,0.0261342
106,73,1.01435,-0.00300854,0.0262392
106,74,1.01505,-0.00433778,0.0263148
106,75,1.01577,-0.00566641,0.026359
106,76,1.01652,-0.00699112,0.0263701
106,77,1.01729,-0.00830847,0.0263462
106,78,1.01809,-0.00961491,0.0262856
106,79,1.01892,-0.0109067,0.0261867
106,80,1.01977,-0.0121801,0.0260481
106,81,1.02065,-0.0134312,0.0258686
106,82,1.02155,-0.014656,0.0256471
106,83,1.02248,-0.0158505,0.0253828
106,84,1.02343,-0.0170107,0.0250752
106,85,1.0244,-0.0181326,0.0247241
106,86,1.02539,-0.0192123,0.0243295
106,87,1.02639,-0.0202462,0.0238916
106,88,1.02741,-0.0212304,0.0234113
106,89,1.02843,-0.0221617,0.0228895
106,90,1.02946,-0.0230369,0.0223275
106,91,1.0305,-0.0238529,0.021727
106,92,1.03155,-0.0246071,0.0210901
106,93,1.03259,-0.0252971,0.0204188
106,94,1.03363,-0.0259205,0.019716
106,95,1.03468,-0.0264754,0.0189844
106,96,1.03571,-0.0269599,0.0182273
106,97,1.03675,-0.0273724,0.017448
106,98,1.03778,-0.0277112,0.0166503
106,99,1.0388,-0.0279751,0.0158378
106,100,1.03982,-0.0281626,0.0150147
106,101,1.04082,-0.0282728,0.0141847
106,102,1.04182,-0.0283048,0.0133523
106,103,1.04281,-0.028258,0.012521
106,104,1.04379,-0.0281324,0.0116956
106,105,1.04476,-0.0279282,0.0108789
106,106,1.04572,-0.0276463,0.0100758
106,107,1.04667,-0.0272881,0.00928844
106,108,1.0476,-0.0268558,0.00852138
106,109,1.04851,-0.0263526,0.00777619
106,110,1.0494,-0.0257832,0.00705684
106,111,1.05028,-0.0251546,0.00636408
106,112,1.05113,-0.0244779,0.00570121
106,113,1.05195,-0.0237705,0.00506788
106,114,1.05275,-0.0230592,0.00446636
106,115,1.05352,-0.0223831,0.00389462
106,116,1.05424,-0.0217941,0.00335302
106,117,1.05493,-0.0213519,0.0028368
106,118,1.05558,-0.0211096,0.00234336
106,119,1.05618,-0.021085,0.00186511
106,120,1.05673,-0.0212167,0.00139891
106,121,1.05723,-0.0213119,0.000941579
106,122,1.05768,-0.0210021,0.00050383
106,123,1.05806,-0.0197365,0.000108886
106,124,1.05839,-0.0168578,-0.000194711
106,125,1.05866,-0.0118124,-0.000330994
106,126,1.05886,-0.00454298,-0.000181932
106,127,1,-0.00343474,0
107,0,1,0,0
107,1,0.946438,0.00179885,-4.82196e-05
107,2,0.946575,0.00582414,-8.30527e-07
107,3,0.946771,0.00878378,0.000189954
107,4,0.947027,0.010457,0.00046121
107,5,0.947344,0.0110587,0.000768468
107,6,0.947719,0.0109531,0.00108272
107,7,0.948152,0.0104914,0.00138985
107,8,0.948641,0.00994093,0.00168236
107,9,0.949185,0.0094723,0.00196059
107,10,0.949784,0.00917382,0.0022268
107,11,0.950435,0.0090752,0.00248707
107,12,0.951139,0.00917034,0.00274626
107,13,0.951894,0.00943501,0.00301079
107,14,0.9527,0.0098386,0.00328458
107,15,0.953555,0.0103509,0.00357233
107,16,0.954458,0.0109454,0.00387608
107,17,0.955407,0.0116002,0.0041986
107,18,0.956402,0.0122976,0.0045403
107,19,0.957439,0.0130237,0.00490243
107,20,0.958518,0.0137673,0.00528429
107,21,0.959636,0.0145191,0.00568614
107,22,0.960792,0.0152712,0.0061066
107,23,0.961983,0.0160167,0.00654528
107,24,0.963206,0.0167491,0.00700041
107,25,0.96446,0.0174626,0.00747118
107,26,0.965742,0.0181519,0.00795557
107,27,0.967048,0.0188116,0.00845247
107,28,0.968377,0.0194373,0.00895974
107,29,0.969726,0.0200244,0.00947602
107,30,0.971091,0.020569,0.00999911
107,31,0.97247,0.0210676,0.0105275
107,32,0.973859,0.0215171,0.0110592
107,33,0.975256,0.021915,0.0115924
107,34,0.976658,0.0222588,0.0121253
107,35,0.978062,0.0225469,0.0126564
107,36,0.979465,0.0227779,0.0131839
107,37,0.980863,0.0229506,0.0137065
107,38,0.982255,0.0230645,0.0142227
107,39,0.983636,0.0231189,0.0147317
107,40,0.985004,0.0231139,0.0152323
107,41,0.986357,0.0230495,0.0157238
107,42,0.987691,0.0229259,0.0162057
107,43,0.989004,0.0227437,0.0166777
107,44,0.990293,0.0225034,0.0171395
107,45,0.991555,0.0222058,0.0175914
107,46,0.992788,0.0218516,0.0180335
107,47,0.993989,0.021442,0.0184662
107,48,0.995156,0.0209778,0.01889
107,49,0.996288,0.0204602,0.0193055
107,50,0.997382,0.0198904,0.0197132
107,51,0.998437,0.0192697,0.0201139
107,52,0.999452,0.0185994,0.020508
107,53,1.00043,0.017881,0.0208961
107,54,1.00136,0.0171158,0.0212785
107,55,1.00226,0.0163056,0.0216554
107,56,1.00311,0.015452,0.0220269
107,57,1.00393,0.0145568,0.0223928
107,58,1.00472,0.0136218,0.0227527
107,59,1.00547,0.012649,0.0231061
107,60,1.00619,0.0116405,0.0234522
107,61,1.00688,0.0105983,0.0237899
107,62,1.00756,0.00952483,0.0241182
107,63,1.00821,0.00842235,0.0244356
107,64,1.00886,0.00729335,0.0247406
107,65,1.00949,0.00614036,0.0250317
107,66,1.01012,0.00496603,0.025307
107,67,1.01074,0.0037731,0.0255648
107,68,1.01137,0.0025644,0.025803
107,69,1.01201,0.00134285,0.0260198
107,70,1.01266,0.000111442,0.026213
107,71,1.01332,-0.00112673,0.0263807
107,72,1.014,-0.00236849,0.0265208
107,73,1.0147,-0.0036106,0.0266312
107,74,1.01542,-0.00484974,0.0267098
107,75,1.01617,-0.00608253,0.0267548
107,76,1.01694,-0.00730554,0.0267641
107,77,1.01773,-0.00851529,0.026736
107,78,1.01855,-0.00970826,0.0266687
107,79,1.0194,-0.0108809,0.0265608
107,80,1.02027,-0.0120298,0.0264107
107,81,1.02117,-0.0131513,0.0262174
107,82,1.02209,-0.014242,0.0259799
107,83,1.02303,-0.0152986,0.0256975
107,84,1.02399,-0.0163177,0.0253698
107,85,1.02497,-0.0172963,0.0249968
107,86,1.02597,-0.0182314,0.0245786
107,87,1.02698,-0.0191201,0.0241157
107,88,1.028,-0.0199599,0.0236091
107,89,1.02902,-0.0207484,0.02306
107,90,1.03006,-0.0214836,0.0224699
107,91,1.03109,-0.0221635,0.0218406
107,92,1.03213,-0.0227865,0.0211744
107,93,1.03317,-0.0233511,0.0204737
107,94,1.03421,-0.0238561,0.0197415
107,95,1.03524,-0.0243002,0.0189808
107,96,1.03627,-0.0246825,0.018195
107,97,1.0373,-0.025002,0.0173875
107,98,1.03831,-0.0252577,0.0165625
107,99,1.03932,-0.0254488,0.0157235
107,100,1.04033,-0.0255744,0.0148751
107,101,1.04132,-0.0256339,0.014021
107,102,1.0423,-0.0256266,0.0131661
107,103,1.04328,-0.0255521,0.0123137
107,104,1.04424,-0.0254104,0.011469
107,105,1.04519,-0.0252016,0.010635
107,106,1.04613,-0.0249266,0.00981652
107,107,1.04706,-0.0245866,0.0090161
107,108,1.04797,-0.0241832,0.00823842
107,109,1.04886,-0.0237193,0.00748509
107,110,1.04974,-0.0231988,0.0067604
107,111,1.05059,-0.022628,0.006065
107,112,1.05143,-0.0220167,0.00540256
107,113,1.05223,-0.021381,0.0047725
107,114,1.05301,-0.0207462,0.00417737
107,115,1.05375,-0.0201491,0.00361476
107,116,1.05446,-0.0196388,0.0030851
107,117,1.05514,-0.0192722,0.00258297
107,118,1.05577,-0.0190993,0.00210558
107,119,1.05635,-0.0191358,0.00164446
107,120,1.05689,-0.019321,0.0011964
107,121,1.05737,-0.0194678,0.000757983
107,122,1.05781,-0.01922,0.000340427
107,123,1.05819,-0.0180467,-3.25758e-05
107,124,1.05852,-0.0153172,-0.000306306
107,125,1.05879,-0.0105078,-0.000404858
107,126,1.05902,-0.00358584,-0.000227823
107,127,1,-0.00343474,0
108,0,1,0,0
108,1,0.946627,0.00242401,-6.78728e-05
108,2,0.94677,0.00625808,-6.32642e-05
108,3,0.946973,0.00910647,0.000101365
108,4,0.947235,0.0107272,0.00035152
108,5,0.947553,0.011315,0.000641138
108,6,0.947929,0.011219,0.000938997
108,7,0.948361,0.0107788,0.00122884
108,8,0.948849,0.0102535,0.001502
108,9,0.949391,0.00980808,0.00175887
108,10,0.949988,0.00952742,0.00200177
108,11,0.950639,0.00943944,0.00223742
108,12,0.951342,0.00953742,0.00247108
108,13,0.952096,0.00979717,0.00270985
108,14,0.952902,0.0101885,0.00295798
108,15,0.953756,0.0106818,0.00322071
108,16,0.954659,0.0112511,0.00350025
108,17,0.955608,0.0118749,0.00379979
108,18,0.956602,0.0125364,0.00411983
108,19,0.957639,0.0132219,0.00446195
108,20,0.958718,0.0139207,0.00482549
108,21,0.959836,0.0146242,0.00521095
108,22,0.960991,0.0153248,0.00561694
108,23,0.962181,0.0160162,0.00604328
108,24,0.963403,0.0166927,0.00648816
108,25,0.964656,0.017349,0.00695089
108,26,0.965936,0.0179803,0.00742942
108,27,0.96724,0.0185823,0.0079227
108,28,0.968566,0.0191508,0.00842851
108,29,0.969911,0.0196822,0.00894556
108,30,0.971272,0.0201732,0.00947154
108,31,0.972647,0.0206211,0.010005
108,32,0.974031,0.0210231,0.0105437
108,33,0.975422,0.0213774,0.011086
108,34,0.976818,0.0216821,0.0116299
108,35,0.978214,0.0219358,0.0121739
108,36,0.979609,0.0221374,0.0127159
108,37,0.980999,0.0222862,0.0132548
108,38,0.982381,0.0223817,0.0137888
108,39,0.983753,0.0224234,0.0143171
108,40,0.985111,0.0224114,0.0148382
108,41,0.986453,0.0223456,0.0153516
108,42,0.987776,0.0222263,0.0158563
108,43,0.989077,0.0220537,0.0163521
108,44,0.990355,0.0218284,0.0168386
108,45,0.991606,0.0215507,0.0173158
108,46,0.992828,0.0212213,0.0177838
108,47,0.994019,0.020841,0.0182429
108,48,0.995177,0.0204103,0.0186933
108,49,0.996299,0.0199302,0.0191356
108,50,0.997386,0.0194014,0.0195702
108,51,0.998434,0.0188251,0.0199978
108,52,0.999445,0.0182022,0.0204186
108,53,1.00042,0.0175339,0.0208332
108,54,1.00135,0.0168213,0.0212416
108,55,1.00224,0.0160658,0.0216443
108,56,1.0031,0.0152689,0.0220409
108,57,1.00392,0.0144319,0.0224314
108,58,1.00471,0.0135566,0.0228151
108,59,1.00547,0.0126446,0.0231915
108,60,1.0062,0.0116977,0.0235597
108,61,1.00691,0.0107178,0.0239186
108,62,1.0076,0.00970689,0.0242669
108,63,1.00827,0.00866708,0.0246031
108,64,1.00892,0.00760051,0.0249257
108,65,1.00957,0.00650943,0.0252329
108,66,1.01022,0.00539618,0.0255229
108,67,1.01087,0.00426318,0.0257937
108,68,1.01152,0.00311292,0.0260432
108,69,1.01218,0.00194799,0.0262694
108,70,1.01285,0.000771053,0.0264701
108,71,1.01354,-0.000415121,0.0266433
108,72,1.01424,-0.00160769,0.0267867
108,73,1.01496,-0.0028037,0.0268983
108,74,1.01571,-0.00400012,0.0269759
108,75,1.01648,-0.00519381,0.0270175
108,76,1.01727,-0.00638154,0.0270212
108,77,1.01809,-0.00756001,0.0269852
108,78,1.01894,-0.00872582,0.0269078
108,79,1.01981,-0.00987552,0.0267875
108,80,1.0207,-0.0110056,0.026623
108,81,1.02162,-0.0121125,0.0264132
108,82,1.02256,-0.0131928,0.0261573
108,83,1.02352,-0.0142429,0.0258547
108,84,1.02451,-0.0152595,0.0255053
108,85,1.0255,-0.0162391,0.0251092
108,86,1.02652,-0.0171788,0.0246666
108,87,1.02754,-0.0180754,0.0241785
108,88,1.02858,-0.0189262,0.0236459
108,89,1.02962,-0.0197287,0.0230702
108,90,1.03067,-0.0204805,0.0224532
108,91,1.03172,-0.0211797,0.0217969
108,92,1.03277,-0.0218245,0.021104
108,93,1.03381,-0.0224132,0.0203769
108,94,1.03486,-0.0229446,0.0196188
108,95,1.0359,-0.0234173,0.0188329
108,96,1.03693,-0.0238303,0.0180229
108,97,1.03796,-0.0241825,0.0171923
108,98,1.03898,-0.0244728,0.0163453
108,99,1.03999,-0.0247004,0.0154857
108,100,1.04099,-0.0248643,0.0146181
108,101,1.04197,-0.0249634,0.0137463
108,102,1.04295,-0.0249969,0.0128754
108,103,1.04391,-0.0249641,0.0120087
108,104,1.04486,-0.0248646,0.0111516
108,105,1.0458,-0.0246982,0.0103069
108,106,1.04672,-0.024465,0.00948009
108,107,1.04763,-0.0241658,0.00867331
108,108,1.04852,-0.023802,0.00789166
108,109,1.04939,-0.0233756,0.00713663
108,110,1.05024,-0.0228902,0.00641285
108,111,1.05107,-0.0223515,0.00572083
108,112,1.05187,-0.0217692,0.00506454
108,113,1.05265,-0.0211588,0.00444316
108,114,1.0534,-0.0205452,0.0038595
108,115,1.05412,-0.0199645,0.00331072
108,116,1.0548,-0.0194651,0.00279731
108,117,1.05545,-0.0191029,0.00231316
108,118,1.05606,-0.0189273,0.00185531
108,119,1.05662,-0.0189545,0.0014145
108,120,1.05714,-0.0191273,0.000987488
108,121,1.05761,-0.0192665,0.000570389
108,122,1.05803,-0.0190308,0.00017576
108,123,1.05839,-0.0179113,-0.00017121
108,124,1.05871,-0.0153049,-0.000416698
108,125,1.05897,-0.0107187,-0.000479543
108,126,1.05916,-0.00414413,-0.000236137
108,127,1,-0.00343474,0
109,0,1,0,0
109,1,0.946844,0.00152763,-9.0105e-05
109,2,0.946982,0.00515758,-0.000117382
109,3,0.947178,0.00787518,1.634e-05
109,4,0.947435,0.00941939,0.000244354
109,5,0.947752,0.00996608,0.000516407
109,6,0.948127,0.0098489,0.000797403
109,7,0.948558,0.00939592,0.00106967
109,8,0.949045,0.00885822,0.00132334
109,9,0.949586,0.00839554,0.00155866
109,10,0.950182,0.00808999,0.00177799
109,11,0.95083,0.00796867,0.00198872
109,12,0.95153,0.00802538,0.00219644
109,13,0.952282,0.00823726,0.00240897
109,14,0.953084,0.00857583,0.00263084
109,15,0.953935,0.00901321,0.00286786
109,16,0.954834,0.00952513,0.00312244
109,17,0.955779,0.0100917,0.00339818
109,18,0.95677,0.010697,0.00369569
109,19,0.957803,0.0113287,0.0040169
109,20,0.958878,0.0119768,0.00436116
109,21,0.959992,0.012633,0.00472926
109,22,0.961144,0.0132904,0.00511981
109,23,0.96233,0.0139428,0.00553284
109,24,0.963549,0.0145846,0.00596648
109,25,0.964797,0.0152106,0.00642023
109,26,0.966073,0.0158158,0.00689192
109,27,0.967374,0.0163958,0.00738065
109,28,0.968696,0.0169464,0.00788409
109,29,0.970036,0.0174636,0.00840102
109,30,0.971393,0.0179441,0.00892901
109,31,0.972761,0.0183846,0.00946665
109,32,0.97414,0.0187824,0.0100115
109,33,0.975525,0.0191352,0.0105621
109,34,0.976913,0.0194411,0.0111161
109,35,0.978302,0.0196984,0.011672
109,36,0.979688,0.0199058,0.0122277
109,37,0.981069,0.0200624,0.0127819
109,38,0.982441,0.0201676,0.0133327
109,39,0.983802,0.0202209,0.0138791
109,40,0.98515,0.0202221,0.0144196
109,41,0.98648,0.0201711,0.0149535
109,42,0.987792,0.0200683,0.0154796
109,43,0.989082,0.0199137,0.0159977
109,44,0.990348,0.0197079,0.0165071
109,45,0.991588,0.0194514,0.0170078
109,46,0.992799,0.0191447,0.0174996
109,47,0.99398,0.0187886,0.0179827
109,48,0.995129,0.0183838,0.0184573
109,49,0.996244,0.0179312,0.0189238
109,50,0.997324,0.0174316,0.0193825
109,51,0.998367,0.016886,0.0198339
109,52,0.999374,0.0162956,0.0202781
109,53,1.00034,0.0156614,0.0207157
109,54,1.00128,0.0149847,0.0211466
109,55,1.00217,0.0142668,0.021571
109,56,1.00304,0.0135093,0.0219887
109,57,1.00387,0.0127136,0.0223995
109,58,1.00466,0.0118815,0.0228026
109,59,1.00543,0.0110147,0.0231974
109,60,1.00618,0.0101152,0.023583
109,61,1.0069,0.0091849,0.0239581
109,62,1.0076,0.0082261,0.0243215
109,63,1.00829,0.00724104,0.0246715
109,64,1.00897,0.0062321,0.0250065
109,65,1.00964,0.00520181,0.0253247
109,66,1.01031,0.00415276,0.025624
109,67,1.01099,0.00308768,0.0259026
109,68,1.01166,0.00200939,0.0261582
109,69,1.01235,0.000920766,0.0263887
109,70,1.01305,-0.0001752,0.0265919
109,71,1.01376,-0.00127546,0.0267656
109,72,1.01449,-0.00237691,0.0269075
109,73,1.01524,-0.00347637,0.0270156
109,74,1.01601,-0.00457064,0.0270877
109,75,1.0168,-0.00565649,0.0271219
109,76,1.01762,-0.00673067,0.0271161
109,77,1.01846,-0.00778992,0.0270686
109,78,1.01933,-0.00883102,0.0269778
109,79,1.02022,-0.00985078,0.0268423
109,80,1.02114,-0.0108461,0.0266609
109,81,1.02207,-0.0118138,0.0264326
109,82,1.02303,-0.0127511,0.0261568
109,83,1.02401,-0.0136551,0.0258332
109,84,1.025,-0.0145233,0.0254616
109,85,1.02601,-0.015353,0.0250424
109,86,1.02703,-0.0161422,0.0245761
109,87,1.02807,-0.0168888,0.0240639
109,88,1.02911,-0.0175909,0.023507
109,89,1.03015,-0.0182472,0.022907
109,90,1.0312,-0.0188564,0.022266
109,91,1.03225,-0.0194173,0.0215862
109,92,1.0333,-0.0199292,0.0208704
109,93,1.03435,-0.0203914,0.0201213
109,94,1.03539,-0.0208035,0.0193423
109,95,1.03643,-0.021165,0.0185365
109,96,1.03745,-0.0214755,0.0177081
109,97,1.03847,-0.0217346,0.0168603
109,98,1.03948,-0.0219418,0.0159978
109,99,1.04048,-0.0220967,0.0151241
109,100,1.04146,-0.0221986,0.0142441
109,101,1.04244,-0.022247,0.0133616
109,102,1.0434,-0.0222411,0.0124816
109,103,1.04435,-0.0221804,0.0116077
109,104,1.04528,-0.0220645,0.0107452
109,105,1.0462,-0.0218932,0.00989693
109,106,1.0471,-0.0216665,0.0090685
109,107,1.04799,-0.021385,0.00826205
109,108,1.04886,-0.0210494,0.00748293
109,109,1.04971,-0.0206616,0.00673247
109,110,1.05054,-0.0202243,0.00601565
109,111,1.05134,-0.0197426,0.00533277
109,112,1.05213,-0.0192247,0.00468814
109,113,1.05288,-0.0186852,0.00408067
109,114,1.05361,-0.0181468,0.00351344
109,115,1.05431,-0.0176436,0.00298315
109,116,1.05497,-0.0172211,0.00249041
109,117,1.0556,-0.0169322,0.00202832
109,118,1.05619,-0.016823,0.00159381
109,119,1.05673,-0.016908,0.00117663
109,120,1.05723,-0.0171311,0.000773546
109,121,1.05769,-0.0173199,0.000380313
109,122,1.05809,-0.0171464,1.00167e-05
109,123,1.05845,-0.0161231,-0.000311805
109,124,1.05877,-0.0136751,-0.000525225
109,125,1.05903,-0.0093394,-0.000549499
109,126,1.05925,-0.00312934,-0.000279371
109,127,1,-0.00343474,0
110,0,1,0,0
110,1,0.947077,0.00218999,-0.000107885
110,2,0.947219,0.00561502,-0.000175313
110,3,0.947421,0.00820695,-6.69479e-05
110,4,0.947681,0.00968943,0.000140518
110,5,0.947997,0.0102193,0.00039542
110,6,0.948369,0.0101137,0.000660324
110,7,0.948797,0.00968751,0.000915418
110,8,0.94928,0.00918205,0.00114964
110,9,0.949817,0.00875037,0.0013633
110,10,0.950408,0.00847053,0.0015588
110,11,0.951051,0.00836763,0.00174421
110,12,0.951747,0.00843477,0.00192549
110,13,0.952494,0.00864919,0.0021112
110,14,0.953291,0.00898288,0.00230615
110,15,0.954138,0.00940857,0.00251675
110,16,0.955032,0.0099026,0.00274557
110,17,0.955973,0.0104456,0.00299668
110,18,0.956959,0.0110224,0.00327074
110,19,0.957987,0.0116208,0.00357007
110,20,0.959057,0.0122314,0.00389403
110,21,0.960166,0.0128465,0.00424372
110,22,0.961312,0.0134596,0.00461772
110,23,0.962492,0.0140648,0.00501628
110,24,0.963704,0.0146573,0.0054375
110,25,0.964946,0.0152323,0.00588103
110,26,0.966215,0.0157857,0.00634465
110,27,0.967508,0.0163135,0.00682755
110,28,0.968821,0.0168121,0.0073273
110,29,0.970153,0.0172785,0.00784276
110,30,0.9715,0.0177097,0.00837138
110,31,0.972859,0.0181032,0.00891179
110,32,0.974227,0.0184568,0.0094614
110,33,0.975601,0.0187688,0.0100187
110,34,0.976978,0.0190377,0.0105813
110,35,0.978355,0.0192622,0.0111476
110,36,0.979728,0.0194414,0.0117153
110,37,0.981096,0.0195747,0.012283
110,38,0.982455,0.0196615,0.0128488
110,39,0.983802,0.0197017,0.0134114
110,40,0.985136,0.019695,0.0139692
110,41,0.986453,0.0196414,0.0145214
110,42,0.987751,0.019541,0.0150666
110,43,0.989028,0.0193942,0.0156046
110,44,0.990281,0.019201,0.0161343
110,45,0.991509,0.0189619,0.0166557
110,46,0.992708,0.0186772,0.0171684
110,47,0.993879,0.0183474,0.0176725
110,48,0.995018,0.017973,0.018168
110,49,0.996125,0.0175547,0.0186553
110,50,0.997198,0.0170929,0.0191343
110,51,0.998237,0.0165885,0.0196057
110,52,0.99924,0.0160421,0.0200693
110,53,1.00021,0.0154548,0.0205257
110,54,1.00114,0.0148275,0.0209746
110,55,1.00204,0.0141612,0.0214163
110,56,1.00291,0.0134571,0.0218504
110,57,1.00375,0.0127165,0.0222765
110,58,1.00455,0.0119409,0.022694
110,59,1.00533,0.0111318,0.0231021
110,60,1.00609,0.0102908,0.0234998
110,61,1.00683,0.00941962,0.0238859
110,62,1.00755,0.00852026,0.0242588
110,63,1.00825,0.00759466,0.0246172
110,64,1.00895,0.00664494,0.0249591
110,65,1.00965,0.00567329,0.0252827
110,66,1.01034,0.00468202,0.025586
110,67,1.01103,0.00367353,0.0258669
110,68,1.01173,0.00265031,0.0261232
110,69,1.01244,0.00161493,0.0263527
110,70,1.01316,0.000570069,0.0265532
110,71,1.0139,-0.000481552,0.0267223
110,72,1.01466,-0.00153712,0.026858
110,73,1.01543,-0.00259374,0.026958
110,74,1.01623,-0.00364847,0.0270202
110,75,1.01705,-0.00469831,0.0270427
110,76,1.01789,-0.0057402,0.0270235
110,77,1.01876,-0.00677105,0.026961
110,78,1.01965,-0.00778774,0.0268536
110,79,1.02056,-0.00878716,0.0267001
110,80,1.0215,-0.00976621,0.0264994
110,81,1.02246,-0.0107218,0.0262507
110,82,1.02344,-0.011651,0.0259536
110,83,1.02444,-0.0125509,0.0256078
110,84,1.02545,-0.0134187,0.0252136
110,85,1.02648,-0.0142518,0.0247716
110,86,1.02753,-0.0150479,0.0242824
110,87,1.02858,-0.0158046,0.0237474
110,88,1.02963,-0.0165202,0.0231682
110,89,1.0307,-0.0171929,0.0225466
110,90,1.03176,-0.0178212,0.0218849
110,91,1.03282,-0.0184039,0.0211854
110,92,1.03388,-0.0189402,0.0204513
110,93,1.03494,-0.0194291,0.0196852
110,94,1.03599,-0.0198701,0.0188909
110,95,1.03703,-0.0202625,0.0180715
110,96,1.03806,-0.020606,0.0172311
110,97,1.03908,-0.0208999,0.0163733
110,98,1.04009,-0.0211438,0.0155026
110,99,1.04109,-0.0213369,0.0146226
110,100,1.04207,-0.0214784,0.0137384
110,101,1.04304,-0.0215676,0.0128532
110,102,1.04399,-0.0216036,0.0119727
110,103,1.04493,-0.0215855,0.0110998
110,104,1.04585,-0.0215126,0.0102403
110,105,1.04675,-0.0213842,0.00939677
110,106,1.04764,-0.0212,0.00857496
110,107,1.04851,-0.0209601,0.00777684
110,108,1.04935,-0.0206649,0.00700802
110,109,1.05018,-0.0203157,0.00626962
110,110,1.05098,-0.0199148,0.00556692
110,111,1.05176,-0.0194668,0.00489997
110,112,1.05252,-0.0189797,0.00427344
110,113,1.05325,-0.0184673,0.00368588
110,114,1.05395,-0.017952,0.00314065
110,115,1.05462,-0.0174668,0.00263394
110,116,1.05525,-0.0170563,0.00216645
110,117,1.05585,-0.0167719,0.00173049
110,118,1.05642,-0.0166589,0.00132288
110,119,1.05694,-0.0167325,0.000932472
110,120,1.05742,-0.0169403,0.000556063
110,121,1.05786,-0.0171191,0.000188811
110,122,1.05825,-0.0169573,-0.000154828
110,123,1.0586,-0.0159914,-0.000447933
110,124,1.0589,-0.013676,-0.000631379
110,125,1.05914,-0.00957898,-0.000619713
110,126,1.05933,-0.00373225,-0.000285922
110,127,1,-0.00343474,0
111,0,1,0,0
111,1,0.947331,0.00125138,-0.000127705
111,2,0.947466,0.00445937,-0.000224518
111,3,0.94766,0.00690494,-0.000145142
111,4,0.947914,0.00830042,4.1568e-05
111,5,0.948226,0.00878527,0.000280099
111,6,0.948595,0.0086598,0.000529149
111,7,0.949019,0.00822508,0.000767437
111,8,0.949498,0.00771215,0.000982627
111,9,0.950031,0.00726743,0.00117493
111,10,0.950617,0.00696543,0.00134678
111,11,0.951256,0.00683009,0.00150692
111,12,0.951946,0.00685505,0.00166167
111,13,0.952686,0.007019,0.00182033
111,14,0.953477,0.00729582,0.00198798
111,15,0.954316,0.00766025,0.00217165
111,16,0.955202,0.00809049,0.00237406
111,17,0.956135,0.00856886,0.00259975
111,18,0.957113,0.00908146,0.00284948
111,19,0.958133,0.00961746,0.00312591
111,20,0.959194,0.0101683,0.00342846
111,21,0.960295,0.0107268,0.0037585
111,22,0.961432,0.0112871,0.00411461
111,23,0.962604,0.0118438,0.00449728
111,24,0.963807,0.0123921,0.00490455
111,25,0.96504,0.0129274,0.00533626
111,26,0.9663,0.0134457,0.0057901
111,27,0.967583,0.0139429,0.00626542
111,28,0.968888,0.0144154,0.00675965
111,29,0.97021,0.0148598,0.00727176
111,30,0.971547,0.0152731,0.00779904
111,31,0.972895,0.0156526,0.00834019
111,32,0.974252,0.0159959,0.00889246
111,33,0.975615,0.016301,0.00945438
111,34,0.97698,0.0165661,0.0100233
111,35,0.978344,0.0167899,0.0105976
111,36,0.979705,0.0169712,0.0111749
111,37,0.98106,0.0171091,0.0117537
111,38,0.982406,0.0172031,0.0123317
111,39,0.98374,0.0172526,0.0129078
111,40,0.98506,0.0172575,0.0134801
111,41,0.986364,0.0172177,0.0140476
111,42,0.987648,0.0171331,0.0146089
111,43,0.988912,0.017004,0.0151633
111,44,0.990153,0.0168305,0.0157099
111,45,0.991369,0.0166131,0.0162484
111,46,0.992558,0.016352,0.0167781
111,47,0.993719,0.0160478,0.0172992
111,48,0.99485,0.0157009,0.0178114
111,49,0.99595,0.015312,0.018315
111,50,0.997018,0.0148818,0.0188098
111,51,0.998053,0.0144109,0.0192962
111,52,0.999055,0.0139003,0.0197742
111,53,1.00002,0.0133508,0.0202441
111,54,1.00096,0.0127634,0.0207057
111,55,1.00187,0.0121393,0.021159
111,56,1.00274,0.0114797,0.0216036
111,57,1.00359,0.010786,0.0220392
111,58,1.00441,0.0100598,0.022465
111,59,1.0052,0.00930262,0.0228802
111,60,1.00598,0.00851629,0.0232838
111,61,1.00673,0.00770272,0.0236744
111,62,1.00747,0.00686397,0.0240506
111,63,1.0082,0.00600222,0.0244108
111,64,1.00892,0.0051198,0.0247532
111,65,1.00964,0.00421914,0.0250759
111,66,1.01036,0.00330277,0.0253767
111,67,1.01108,0.00237335,0.0256537
111,68,1.0118,0.00143362,0.0259046
111,69,1.01254,0.000486391,0.0261271
111,70,1.01329,-0.000465455,0.0263191
111,71,1.01405,-0.00141898,0.0264783
111,72,1.01484,-0.00237121,0.0266024
111,73,1.01564,-0.00331914,0.0266894
111,74,1.01646,-0.00425978,0.0267372
111,75,1.0173,-0.00519011,0.026744
111,76,1.01817,-0.00610719,0.0267078
111,77,1.01906,-0.00700807,0.0266271
111,78,1.01998,-0.00788992,0.0265005
111,79,1.02091,-0.00874995,0.026327
111,80,1.02187,-0.00958553,0.0261055
111,81,1.02285,-0.0103941,0.0258356
111,82,1.02384,-0.0111734,0.0255169
111,83,1.02486,-0.0119211,0.0251495
111,84,1.02589,-0.0126353,0.0247339
111,85,1.02693,-0.0133143,0.0242707
111,86,1.02798,-0.0139565,0.0237611
111,87,1.02904,-0.0145607,0.0232066
111,88,1.0301,-0.0151259,0.0226089
111,89,1.03117,-0.0156513,0.0219701
111,90,1.03224,-0.0161364,0.0212927
111,91,1.03331,-0.016581,0.0205793
111,92,1.03437,-0.0169849,0.019833
111,93,1.03542,-0.0173483,0.0190567
111,94,1.03647,-0.0176711,0.0182543
111,95,1.03751,-0.0179536,0.0174289
111,96,1.03854,-0.0181959,0.0165847
111,97,1.03955,-0.0183981,0.0157251
111,98,1.04055,-0.01856,0.0148549
111,99,1.04154,-0.0186814,0.0139773
111,100,1.04251,-0.018762,0.0130975
111,101,1.04346,-0.0188011,0.0122188
111,102,1.0444,-0.0187981,0.0113465
111,103,1.04532,-0.0187523,0.0104836
111,104,1.04623,-0.018663,0.00963586
111,105,1.04711,-0.0185294,0.00880564
111,106,1.04798,-0.0183513,0.00799882
111,107,1.04883,-0.0181283,0.00721713
111,108,1.04965,-0.0178606,0.00646643
111,109,1.05046,-0.017549,0.00574756
111,110,1.05124,-0.0171951,0.00506613
111,111,1.052,-0.0168027,0.00442188
111,112,1.05273,-0.0163788,0.00381983
111,113,1.05344,-0.0159356,0.00325817
111,114,1.05411,-0.0154937,0.00274057
111,115,1.05476,-0.0150839,0.00226267
111,116,1.05538,-0.0147477,0.00182528
111,117,1.05596,-0.0145332,0.00141988
111,118,1.0565,-0.0144829,0.00104318
111,119,1.05701,-0.01461,0.00068297
111,120,1.05747,-0.0148641,0.000336077
111,121,1.05789,-0.0150892,-2.80232e-06
111,122,1.05827,-0.0149885,-0.000318637
111,123,1.05861,-0.0141212,-0.000584229
111,124,1.0589,-0.0119714,-0.000734454
111,125,1.05915,-0.00813633,-0.000684517
111,126,1.05937,-0.00266487,-0.000325933
111,127,1,-0.00343474,0
112,0,1,0,0
112,1,0.947592,0.00195069,-0.000143241
112,2,0.947731,0.00494395,-0.000276352
112,3,0.947929,0.00725072,-0.000220128
112,4,0.948183,0.00857558,-5.19695e-05
112,5,0.948492,0.00904077,0.000171238
112,6,0.948857,0.00892916,0.000405688
112,7,0.949275,0.00852686,0.000627967
112,8,0.949748,0.00805351,0.000824507
112,9,0.950274,0.00764778,0.000995604
112,10,0.950852,0.0073796,0.00114373
112,11,0.951483,0.00727064,0.00127838
112,12,0.952165,0.0073138,0.00140622
112,13,0.952898,0.0074879,0.00153734
112,14,0.953681,0.00776737,0.00167709
112,15,0.954512,0.00812764,0.00183312
112,16,0.95539,0.00854757,0.00200828
112,17,0.956315,0.00901007,0.00220762
112,18,0.957284,0.00950177,0.00243193
112,19,0.958295,0.0100123,0.00268427
112,20,0.959348,0.0105334,0.00296404
112,21,0.960439,0.0110585,0.00327295
112,22,0.961566,0.0115821,0.00360953
112,23,0.962728,0.0120993,0.00397453
112,24,0.963921,0.0126056,0.00436592
112,25,0.965143,0.0130973,0.00478376
112,26,0.966392,0.0135706,0.00522562
112,27,0.967664,0.0140221,0.00569101
112,28,0.968956,0.0144489,0.00617724
112,29,0.970265,0.0148482,0.0066834
112,30,0.971589,0.0152176,0.00720662
112,31,0.972923,0.0155549,0.00774566
112,32,0.974266,0.0158582,0.0082976
112,33,0.975614,0.0161262,0.008861
112,34,0.976964,0.0163574,0.00943297
112,35,0.978313,0.0165508,0.010012
112,36,0.979658,0.0167058,0.0105954
112,37,0.980997,0.0168216,0.0111816
112,38,0.982327,0.016898,0.0117682
112,39,0.983645,0.0169345,0.012354
112,40,0.984949,0.016931,0.0129367
112,41,0.986237,0.0168876,0.0135153
112,42,0.987507,0.0168042,0.0140882
112,43,0.988756,0.0166808,0.0146546
112,44,0.989983,0.0165178,0.0152133
112,45,0.991186,0.0163151,0.015764
112,46,0.992363,0.0160731,0.0163058
112,47,0.993514,0.0157921,0.0168386
112,48,0.994636,0.0154724,0.0173621
112,49,0.995729,0.0151142,0.0178763
112,50,0.996791,0.0147182,0.0183811
112,51,0.997823,0.0142847,0.0188768
112,52,0.998824,0.0138143,0.0193631
112,53,0.999794,0.0133078,0.0198403
112,54,1.00073,0.0127658,0.0203081
112,55,1.00164,0.0121893,0.0207665
112,56,1.00253,0.0115792,0.021215
112,57,1.00338,0.0109367,0.0216534
112,58,1.00421,0.010263,0.0220806
112,59,1.00502,0.00955943,0.0224961
112,60,1.00581,0.00882759,0.0228985
112,61,1.00658,0.00806907,0.0232867
112,62,1.00734,0.00728566,0.0236592
112,63,1.00809,0.00647924,0.0240144
112,64,1.00883,0.00565184,0.0243504
112,65,1.00957,0.00480559,0.0246654
112,66,1.01031,0.00394271,0.0249572
112,67,1.01106,0.00306554,0.0252239
112,68,1.01181,0.0021765,0.0254631
112,69,1.01257,0.00127809,0.0256727
112,70,1.01334,0.000372888,0.0258504
112,71,1.01413,-0.000536478,0.0259942
112,72,1.01494,-0.00144732,0.0261017
112,73,1.01577,-0.00235692,0.0261711
112,74,1.01662,-0.0032625,0.0262002
112,75,1.01749,-0.00416131,0.0261874
112,76,1.01838,-0.00505056,0.0261308
112,77,1.01929,-0.00592749,0.0260292
112,78,1.02023,-0.00678936,0.0258812
112,79,1.02119,-0.00763349,0.0256859
112,80,1.02217,-0.00845725,0.0254426
112,81,1.02317,-0.00925813,0.025151
112,82,1.02419,-0.0100337,0.024811
112,83,1.02523,-0.0107818,0.024423
112,84,1.02628,-0.0115002,0.0239875
112,85,1.02734,-0.0121872,0.0235057
112,86,1.02841,-0.0128409,0.0229788
112,87,1.02949,-0.0134601,0.0224084
112,88,1.03057,-0.0140434,0.0217968
112,89,1.03165,-0.01459,0.0211461
112,90,1.03274,-0.0150991,0.0204589
112,91,1.03382,-0.0155703,0.0197381
112,92,1.03489,-0.0160032,0.0189868
112,93,1.03596,-0.0163978,0.0182081
112,94,1.03701,-0.0167539,0.0174059
112,95,1.03806,-0.0170714,0.0165832
112,96,1.03909,-0.0173505,0.0157443
112,97,1.04011,-0.0175909,0.0148926
112,98,1.04111,-0.0177923,0.0140326
112,99,1.04209,-0.0179544,0.0131675
112,100,1.04306,-0.0180766,0.0123025
112,101,1.04401,-0.0181582,0.0114405
112,102,1.04494,-0.0181982,0.0105869
112,103,1.04585,-0.0181956,0.00974427
112,104,1.04674,-0.0181495,0.00891849
112,105,1.04761,-0.018059,0.00811157
112,106,1.04846,-0.0179232,0.00732954
112,107,1.04928,-0.0177416,0.00657378
112,108,1.05009,-0.017514,0.00585036
112,109,1.05087,-0.0172407,0.0051598
112,110,1.05163,-0.0169232,0.004508
112,111,1.05236,-0.0165647,0.00389437
112,112,1.05306,-0.0161718,0.00332425
112,113,1.05374,-0.0157562,0.00279543
112,114,1.05439,-0.0153377,0.00231188
112,115,1.05501,-0.0149459,0.00186863
112,116,1.0556,-0.014621,0.00146663
112,117,1.05616,-0.0144094,0.00109646
112,118,1.05668,-0.0143524,0.000754753
112,119,1.05716,-0.014464,0.000428278
112,120,1.05761,-0.014698,0.000113919
112,121,1.05802,-0.0149085,-0.000194346
112,122,1.05838,-0.0148168,-0.000480116
112,123,1.0587,-0.0140081,-0.000714906
112,124,1.05898,-0.011998,-0.000834239
112,125,1.05922,-0.00841362,-0.000749129
112,126,1.0594,-0.00331542,-0.000330787
112,127,1,-0.00343474,0
113,0,1,0,0
113,1,0.947867,0.000976347,-0.000160347
113,2,0.947998,0.00374308,-0.000319381
113,3,0.948186,0.00588922,-0.000288958
113,4,0.948433,0.0071172,-0.00013904
113,5,0.948737,0.0075342,6.98984e-05
113,6,0.949096,0.00740486,0.00029019
113,7,0.949509,0.00699905,0.00049691
113,8,0.949976,0.00652403,0.000675186
113,9,0.950495,0.00611033,0.000825298
113,10,0.951067,0.0058235,0.000949751
113,11,0.95169,0.00568379,0.00105881
113,12,0.952363,0.00568456,0.00115949
113,13,0.953087,0.00580628,0.00126265
113,14,0.95386,0.00602548,0.00137391
113,15,0.954681,0.00631978,0.00150156
113,16,0.955549,0.00667011,0.00164857
113,17,0.956462,0.00706122,0.00182048
113,18,0.95742,0.00748129,0.00201808
113,19,0.95842,0.00792121,0.00224485
113,20,0.95946,0.00837383,0.00250016
113,21,0.960539,0.00883336,0.00278604
113,22,0.961655,0.00929486,0.00310097
113,23,0.962804,0.00975394,0.00344598
113,24,0.963985,0.0102066,0.00381896
113,25,0.965195,0.0106491,0.00422017
113,26,0.96643,0.011078,0.0046471
113,27,0.967689,0.0114898,0.00509943
113,28,0.968968,0.0118816,0.00557434
113,29,0.970264,0.0122506,0.00607103
113,30,0.971574,0.0125941,0.0065865
113,31,0.972895,0.0129099,0.00711957
113,32,0.974223,0.013196,0.00766716
113,33,0.975557,0.0134506,0.00822785
113,34,0.976892,0.0136723,0.00879856
113,35,0.978226,0.0138598,0.00937778
113,36,0.979556,0.0140122,0.00996255
113,37,0.98088,0.0141287,0.0105514
113,38,0.982194,0.0142087,0.0111415
113,39,0.983497,0.0142518,0.0117317
113,40,0.984786,0.0142577,0.0123194
113,41,0.986059,0.0142263,0.0129037
113,42,0.987315,0.0141575,0.0134825
113,43,0.98855,0.0140512,0.014055
113,44,0.989764,0.0139078,0.0146198
113,45,0.990956,0.0137272,0.0151764
113,46,0.992123,0.0135097,0.0157237
113,47,0.993264,0.0132556,0.0162616
113,48,0.994378,0.0129653,0.0167895
113,49,0.995465,0.012639,0.0173075
113,50,0.996524,0.0122774,0.0178151
113,51,0.997554,0.0118809,0.0183126
113,52,0.998555,0.0114501,0.0187996
113,53,0.999528,0.0109859,0.0192764
113,54,1.00047,0.0104889,0.0197426
113,55,1.00139,0.0099602,0.0201983
113,56,1.00228,0.00940081,0.0206427
113,57,1.00315,0.00881194,0.0210756
113,58,1.00399,0.00819493,0.0214962
113,59,1.00482,0.00755128,0.0219037
113,60,1.00562,0.00688261,0.0222968
113,61,1.00642,0.00619069,0.0226746
113,62,1.0072,0.00547746,0.0230353
113,63,1.00797,0.00474497,0.0233775
113,64,1.00874,0.00399539,0.0236993
113,65,1.0095,0.00323104,0.023999
113,66,1.01027,0.00245432,0.0242744
113,67,1.01104,0.00166775,0.0245237
113,68,1.01182,0.000873899,0.0247444
113,69,1.01261,7.54259e-05,0.0249347
113,70,1.01341,-0.000724973,0.0250923
113,71,1.01422,-0.00152457,0.0252151
113,72,1.01506,-0.00232063,0.0253011
113,73,1.01591,-0.00311041,0.0253483
113,74,1.01678,-0.00389122,0.0253549
113,75,1.01768,-0.00466039,0.0253193
113,76,1.01859,-0.00541532,0.0252398
113,77,1.01953,-0.00615353,0.0251154
113,78,1.02049,-0.0068726,0.0249449
113,79,1.02147,-0.00757027,0.0247276
113,80,1.02247,-0.00824442,0.024463
113,81,1.02349,-0.00889311,0.024151
113,82,1.02452,-0.00951457,0.0237919
113,83,1.02558,-0.0101073,0.0233861
113,84,1.02664,-0.0106699,0.0229346
113,85,1.02771,-0.0112013,0.0224386
113,86,1.0288,-0.0117008,0.0218996
113,87,1.02989,-0.0121676,0.0213197
113,88,1.03098,-0.0126016,0.0207009
113,89,1.03207,-0.0130025,0.0200457
113,90,1.03316,-0.0133706,0.0193569
113,91,1.03424,-0.0137062,0.0186374
113,92,1.03532,-0.0140096,0.0178905
113,93,1.03639,-0.0142815,0.0171191
113,94,1.03744,-0.0145224,0.0163272
113,95,1.03849,-0.014733,0.0155177
113,96,1.03951,-0.0149137,0.0146951
113,97,1.04053,-0.0150649,0.0138622
113,98,1.04152,-0.0151868,0.0130237
113,99,1.0425,-0.0152792,0.0121824
113,100,1.04345,-0.015342,0.0113435
113,101,1.04439,-0.0153746,0.0105094
113,102,1.04531,-0.0153764,0.00968559
113,103,1.0462,-0.0153465,0.00887426
113,104,1.04708,-0.015284,0.00808122
113,105,1.04793,-0.0151879,0.00730811
113,106,1.04876,-0.0150575,0.00656106
113,107,1.04956,-0.0148918,0.00584105
113,108,1.05035,-0.0146904,0.00515435
113,109,1.05111,-0.0144532,0.0045011
113,110,1.05184,-0.014181,0.00388751
113,111,1.05255,-0.0138762,0.0033126
113,112,1.05323,-0.0135443,0.00278208
113,113,1.05389,-0.0131956,0.00229329
113,114,1.05452,-0.0128479,0.00185053
113,115,1.05512,-0.0125283,0.00144821
113,116,1.05569,-0.012274,0.00108743
113,117,1.05622,-0.012128,0.000757833
113,118,1.05673,-0.0121286,0.000455941
113,119,1.05719,-0.0122881,0.000167382
113,120,1.05762,-0.0125627,-0.000110976
113,121,1.05801,-0.0128147,-0.000385747
113,122,1.05836,-0.0127811,-0.000639944
113,123,1.05868,-0.0120716,-0.000844884
113,124,1.05895,-0.010232,-0.000930283
113,125,1.05919,-0.00691765,-0.000807927
113,126,1.05939,-0.00220015,-0.000367119
113,127,1,-0.00343474,0
114,0,1,0,0
114,1,0.94814,0.00171077,-0.000173444
114,2,0.948272,0.00425585,-0.000364039
114,3,0.948463,0.00625125,-0.000353751
114,4,0.948709,0.00740036,-0.000219812
114,5,0.949008,0.00779545,-2.4131e-05
114,6,0.949361,0.00768284,0.000182992
114,7,0.949767,0.00731561,0.000374575
114,8,0.950225,0.00688797,0.000534542
114,9,0.950736,0.00652162,0.000663352
114,10,0.951298,0.00627693,0.000763599
114,11,0.951911,0.00617164,0.000846381
114,12,0.952575,0.00619838,0.000919073
114,13,0.953289,0.00633781,0.000993363
114,14,0.954051,0.00656713,0.00107511
114,15,0.954862,0.00686474,0.00117322
114,16,0.955719,0.00721232,0.00129076
114,17,0.956622,0.00759523,0.00143373
114,18,0.957568,0.00800219,0.00160291
114,19,0.958557,0.00842455,0.00180218
114,20,0.959586,0.00885557,0.00203082
114,21,0.960653,0.00928982,0.00229122
114,22,0.961756,0.00972276,0.00258175
114,23,0.962893,0.0101504,0.00290374
114,24,0.96406,0.0105692,0.00325497
114,25,0.965257,0.0109759,0.00363595
114,26,0.966478,0.0113674,0.00404406
114,27,0.967723,0.0117411,0.00447916
114,28,0.968987,0.0120943,0.00493831
114,29,0.970268,0.0124249,0.00542083
114,30,0.971562,0.0127307,0.00592358
114,31,0.972867,0.01301,0.00644548
114,32,0.97418,0.0132614,0.00698327
114,33,0.975496,0.0134835,0.00753557
114,34,0.976815,0.0136753,0.00809911
114,35,0.978132,0.0138359,0.00867238
114,36,0.979444,0.0139647,0.00925221
114,37,0.980751,0.0140612,0.00983706
114,38,0.982048,0.014125,0.010424
114,39,0.983334,0.014156,0.0110116
114,40,0.984606,0.0141538,0.0115972
114,41,0.985863,0.0141184,0.0121797
114,42,0.987103,0.0140498,0.0127569
114,43,0.988324,0.013948,0.0133278
114,44,0.989524,0.013813,0.0138907
114,45,0.990702,0.013645,0.0144452
114,46,0.991858,0.0134439,0.0149898
114,47,0.992989,0.01321,0.0155245
114,48,0.994095,0.0129434,0.0160482
114,49,0.995175,0.0126443,0.0165612
114,50,0.996229,0.012313,0.0170628
114,51,0.997257,0.0119499,0.0175533
114,52,0.998257,0.0115553,0.0180321
114,53,0.999232,0.0111297,0.0184995
114,54,1.00018,0.0106737,0.018955
114,55,1.0011,0.0101881,0.0193987
114,56,1.002,0.00967358,0.0198298
114,57,1.00288,0.00913117,0.0202483
114,58,1.00374,0.00856194,0.020653
114,59,1.00458,0.0079671,0.0210436
114,60,1.0054,0.00734802,0.0214186
114,61,1.00621,0.00670619,0.021777
114,62,1.00701,0.00604323,0.0221174
114,63,1.0078,0.00536092,0.0224383
114,64,1.00859,0.00466112,0.0227379
114,65,1.00938,0.00394584,0.0230146
114,66,1.01017,0.00321716,0.0232662
114,67,1.01097,0.00247728,0.023491
114,68,1.01177,0.00172847,0.0236868
114,69,1.01258,0.000973046,0.0238517
114,70,1.01341,0.000213411,0.0239835
114,71,1.01425,-0.000548015,0.0240804
114,72,1.01511,-0.00130878,0.0241403
114,73,1.01599,-0.00206642,0.0241617
114,74,1.01689,-0.00281847,0.0241427
114,75,1.01781,-0.00356251,0.0240819
114,76,1.01875,-0.00429612,0.023978
114,77,1.01971,-0.00501695,0.0238299
114,78,1.02069,-0.00572274,0.0236368
114,79,1.02169,-0.00641128,0.0233983
114,80,1.02272,-0.00708051,0.023114
114,81,1.02376,-0.00772848,0.0227841
114,82,1.02481,-0.00835338,0.0224091
114,83,1.02589,-0.00895359,0.0219897
114,84,1.02697,-0.00952769,0.0215271
114,85,1.02806,-0.0100744,0.0210228
114,86,1.02917,-0.0105928,0.0204785
114,87,1.03027,-0.011082,0.0198962
114,88,1.03138,-0.0115416,0.0192784
114,89,1.03249,-0.011971,0.0186276
114,90,1.03359,-0.0123703,0.0179468
114,91,1.03469,-0.0127395,0.0172387
114,92,1.03578,-0.0130787,0.0165068
114,93,1.03686,-0.0133883,0.015754
114,94,1.03792,-0.0136685,0.014984
114,95,1.03897,-0.0139197,0.0141999
114,96,1.04001,-0.0141421,0.0134057
114,97,1.04102,-0.0143359,0.0126041
114,98,1.04202,-0.014501,0.0117998
114,99,1.04299,-0.0146372,0.0109952
114,100,1.04394,-0.0147439,0.0101951
114,101,1.04487,-0.0148205,0.00940176
114,102,1.04578,-0.0148661,0.00862046
114,103,1.04666,-0.0148796,0.0078529
114,104,1.04753,-0.01486,0.00710488
114,105,1.04836,-0.0148061,0.00637756
114,106,1.04917,-0.0147167,0.00567714
114,107,1.04996,-0.0145909,0.00500412
114,108,1.05072,-0.0144279,0.00436498
114,109,1.05146,-0.0142274,0.00375941
114,110,1.05217,-0.0139898,0.00319391
114,111,1.05286,-0.0137172,0.00266707
114,112,1.05352,-0.0134148,0.00218498
114,113,1.05415,-0.0130923,0.0017445
114,114,1.05475,-0.0127665,0.00135026
114,115,1.05532,-0.0124631,0.000996026
114,116,1.05587,-0.0122175,0.000683022
114,117,1.05638,-0.0120707,0.000399932
114,118,1.05686,-0.0120595,0.000143181
114,119,1.05731,-0.012197,-0.000102737
114,120,1.05772,-0.012444,-0.000340961
114,121,1.05809,-0.012674,-0.000578978
114,122,1.05843,-0.0126439,-0.000798531
114,123,1.05873,-0.0119913,-0.00096982
114,124,1.05899,-0.0102951,-0.00102309
114,125,1.05921,-0.00723943,-0.000866476
114,126,1.05939,-0.0028998,-0.000370485
114,127,1,-0.00343474,0
115,0,1,0,0
115,1,0.948415,0.000706927,-0.000187687
115,2,0.94854,0.00301873,-0.000400348
115,3,0.948721,0.0048409,-0.000412326
115,4,0.948959,0.00588453,-0.000294264
115,5,0.949252,0.00622946,-0.000111392
115,6,0.949598,0.00610249,8.22733e-05
115,7,0.949997,0.00573793,0.000258314
115,8,0.950448,0.00531542,0.000399457
115,9,0.950951,0.00494703,0.000506297
115,10,0.951504,0.00468799,0.000581552
115,11,0.952108,0.00455433,0.00063717
115,12,0.952762,0.00453923,0.000680883
115,13,0.953465,0.00462515,0.000725186
115,14,0.954216,0.00479163,0.000776149
115,15,0.955014,0.00501951,0.000843279
115,16,0.955859,0.00529272,0.000929669
115,17,0.956749,0.00559863,0.00104177
115,18,0.957682,0.00592764,0.00118031
115,19,0.958657,0.0062725,0.00134951
115,20,0.959673,0.00662758,0.00154858
115,21,0.960726,0.00698838,0.00178021
115,22,0.961815,0.00735108,0.00204269
115,23,0.962937,0.00771228,0.00233761
115,24,0.964091,0.00806882,0.00266266
115,25,0.965272,0.00841777,0.0030186
115,26,0.966479,0.00875632,0.00340269
115,27,0.967709,0.00908183,0.003815
115,28,0.968958,0.00939184,0.00425245
115,29,0.970224,0.00968406,0.00471454
115,30,0.971503,0.00995643,0.00519798
115,31,0.972792,0.0102071,0.00570178
115,32,0.974088,0.0104343,0.00622253
115,33,0.975389,0.0106368,0.00675891
115,34,0.976691,0.0108133,0.00730747
115,35,0.977992,0.0109627,0.00786671
115,36,0.979289,0.0110843,0.00843325
115,37,0.980579,0.0111773,0.00900554
115,38,0.98186,0.0112413,0.00958042
115,39,0.98313,0.0112759,0.0101564
115,40,0.984387,0.0112807,0.0107307
115,41,0.985629,0.0112556,0.0113019
115,42,0.986854,0.0112005,0.0118677
115,43,0.988061,0.0111152,0.0124271
115,44,0.989249,0.0109998,0.0129782
115,45,0.990416,0.0108543,0.0135202
115,46,0.991561,0.0106789,0.0140518
115,47,0.992684,0.0104736,0.0145726
115,48,0.993783,0.0102386,0.0150817
115,49,0.994858,0.00997421,0.015579
115,50,0.995909,0.00968069,0.0160638
115,51,0.996935,0.00935842,0.0165363
115,52,0.997937,0.00900785,0.016996
115,53,0.998915,0.00862953,0.017443
115,54,0.999869,0.00822411,0.0178769
115,55,1.0008,0.00779236,0.0182977
115,56,1.00171,0.00733517,0.0187049
115,57,1.0026,0.00685357,0.0190981
115,58,1.00347,0.00634872,0.0194766
115,59,1.00433,0.00582193,0.0198399
115,60,1.00517,0.00527466,0.0201867
115,61,1.006,0.0047085,0.0205161
115,62,1.00682,0.00412518,0.0208267
115,63,1.00764,0.00352657,0.0211173
115,64,1.00845,0.00291466,0.021386
115,65,1.00926,0.00229155,0.0216314
115,66,1.01008,0.00165942,0.0218516
115,67,1.0109,0.00102056,0.022045
115,68,1.01173,0.0003773,0.0222093
115,69,1.01257,-0.000267966,0.0223431
115,70,1.01342,-0.000912832,0.0224441
115,71,1.01429,-0.00155488,0.0225109
115,72,1.01517,-0.00219171,0.0225415
115,73,1.01607,-0.00282095,0.0225344
115,74,1.017,-0.00344029,0.0224882
115,75,1.01794,-0.00404749,0.0224016
115,76,1.0189,-0.00464042,0.0222734
115,77,1.01988,-0.00521706,0.0221029
115,78,1.02088,-0.0057755,0.0218894
115,79,1.02191,-0.00631403,0.0216328
115,80,1.02295,-0.00683108,0.021333
115,81,1.02401,-0.00732528,0.0209904
115,82,1.02508,-0.00779546,0.0206056
115,83,1.02617,-0.00824067,0.0201796
115,84,1.02726,-0.00866018,0.0197139
115,85,1.02837,-0.0090535,0.01921
115,86,1.02949,-0.00942037,0.0186698
115,87,1.0306,-0.00976077,0.0180956
115,88,1.03172,-0.0100749,0.0174899
115,89,1.03284,-0.0103631,0.0168552
115,90,1.03395,-0.0106261,0.0161945
115,91,1.03505,-0.0108644,0.0155106
115,92,1.03614,-0.011079,0.0148068
115,93,1.03723,-0.0112708,0.014086
115,94,1.03829,-0.0114405,0.0133518
115,95,1.03934,-0.0115891,0.0126068
115,96,1.04037,-0.0117173,0.0118552
115,97,1.04138,-0.0118254,0.0110992
115,98,1.04237,-0.011914,0.0103432
115,99,1.04334,-0.011983,0.00958924
115,100,1.04428,-0.0120323,0.00884203
115,101,1.0452,-0.0120613,0.00810315
115,102,1.0461,-0.0120695,0.00737787
115,103,1.04697,-0.012056,0.00666728
115,104,1.04782,-0.0120196,0.00597717
115,105,1.04864,-0.0119594,0.00530812
115,106,1.04943,-0.0118741,0.00466639
115,107,1.0502,-0.0117626,0.00405197
115,108,1.05094,-0.0116238,0.00347152
115,109,1.05166,-0.011457,0.00292425
115,110,1.05235,-0.0112622,0.00241696
115,111,1.05301,-0.0110406,0.00194781
115,112,1.05365,-0.0107962,0.00152326
115,113,1.05426,-0.0105372,0.00113972
115,114,1.05484,-0.0102784,0.00080216
115,115,1.0554,-0.0100432,0.000503703
115,116,1.05592,-0.00986335,0.000245738
115,117,1.05642,-0.00977651,1.59684e-05
115,118,1.05688,-0.00981625,-0.000189304
115,119,1.05731,-0.00999446,-0.000386844
115,120,1.05771,-0.0102745,-0.000579898
115,121,1.05807,-0.0105388,-0.000776729
115,122,1.05839,-0.0105615,-0.000958619
115,123,1.05868,-0.0100058,-0.00109576
115,124,1.05894,-0.00848184,-0.00111303
115,125,1.05916,-0.00570021,-0.000919494
115,126,1.05935,-0.00174151,-0.000402886
115,127,1,-0.00343474,0
116,0,1,0,0
116,1,0.948681,0.0014732,-0.000198382
116,2,0.948806,0.00355898,-0.000437754
116,3,0.948988,0.0052204,-0.000467399
116,4,0.949223,0.00617844,-0.000363983
116,5,0.949511,0.00650057,-0.000194128
116,6,0.94985,0.00639432,-1.4373e-05
116,7,0.950241,0.00607534,0.000145099
116,8,0.950683,0.00570853,0.000266018
116,9,0.951175,0.00539606,0.000349339
116,10,0.951718,0.00518745,0.000397979
116,11,0.952311,0.00509608,0.00042479
116,12,0.952954,0.00511442,0.000437857
116,13,0.953646,0.00522529,0.000450463
116,14,0.954386,0.00540905,0.000468825
116,15,0.955173,0.00564746,0.000502994
116,16,0.956006,0.0059253,0.000556024
116,17,0.956883,0.00623063,0.000634749
116,18,0.957804,0.00655439,0.000739784
116,19,0.958767,0.00688979,0.000875651
116,20,0.959769,0.00723157,0.00104144
116,21,0.960809,0.00757557,0.00124012
116,22,0.961885,0.00791829,0.00146987
116,23,0.962994,0.0082567,0.00173255
116,24,0.964133,0.00858801,0.00202575
116,25,0.9653,0.00890968,0.00235047
116,26,0.966492,0.00921935,0.00270386
116,27,0.967707,0.00951485,0.00308621
116,28,0.96894,0.00979418,0.00349433
116,29,0.97019,0.0100555,0.00392789
116,30,0.971453,0.0102973,0.00438347
116,31,0.972726,0.0105182,0.00486021
116,32,0.974006,0.0107169,0.00535455
116,33,0.97529,0.0108924,0.00586526
116,34,0.976575,0.011044,0.00638873
116,35,0.977858,0.0111709,0.00692347
116,36,0.979137,0.0112726,0.00746595
116,37,0.98041,0.0113487,0.00801459
116,38,0.981674,0.0113989,0.00856605
116,39,0.982927,0.011423,0.00911881
116,40,0.984168,0.0114208,0.00966982
116,41,0.985394,0.0113922,0.0102178
116,42,0.986604,0.0113372,0.01076
116,43,0.987796,0.0112555,0.0112955
116,44,0.988971,0.0111474,0.0118221
116,45,0.990125,0.0110126,0.0123391
116,46,0.99126,0.0108513,0.0128449
116,47,0.992373,0.0106634,0.0133392
116,48,0.993464,0.010449,0.0138207
116,49,0.994533,0.0102083,0.0142895
116,50,0.99558,0.00994129,0.0147447
116,51,0.996604,0.00964823,0.0151865
116,52,0.997606,0.00932938,0.0156144
116,53,0.998586,0.00898508,0.0160286
116,54,0.999544,0.00861577,0.0164286
116,55,1.00048,0.008222,0.0168145
116,56,1.0014,0.00780442,0.0171858
116,57,1.0023,0.00736383,0.0175423
116,58,1.00318,0.00690112,0.0178833
116,59,1.00405,0.00641735,0.0182085
116,60,1.00491,0.00591369,0.0185166
116,61,1.00576,0.00539146,0.0188071
116,62,1.0066,0.00485209,0.0190785
116,63,1.00744,0.00429715,0.0193298
116,64,1.00827,0.00372832,0.0195595
116,65,1.00911,0.00314737,0.0197662
116,66,1.00995,0.00255618,0.0199481
116,67,1.01079,0.0019567,0.0201039
116,68,1.01164,0.00135095,0.0202315
116,69,1.01251,0.00074099,0.0203296
116,70,1.01338,0.000128915,0.0203964
116,71,1.01427,-0.000483158,0.0204303
116,72,1.01518,-0.00109311,0.0204298
116,73,1.01611,-0.00169885,0.0203936
116,74,1.01705,-0.0022983,0.0203203
116,75,1.01802,-0.00288944,0.020209
116,76,1.019,-0.00347032,0.0200588
116,77,1.02001,-0.00403905,0.0198691
116,78,1.02103,-0.00459386,0.0196395
116,79,1.02207,-0.00513309,0.0193701
116,80,1.02314,-0.00565519,0.019061
116,81,1.02422,-0.00615876,0.0187128
116,82,1.02531,-0.00664259,0.0183264
116,83,1.02642,-0.0071056,0.0179029
116,84,1.02753,-0.00754692,0.0174439
116,85,1.02866,-0.00796586,0.0169511
116,86,1.02979,-0.00836194,0.0164267
116,87,1.03093,-0.00873486,0.0158727
116,88,1.03206,-0.00908454,0.0152919
116,89,1.03319,-0.00941105,0.0146866
116,90,1.03432,-0.00971463,0.01406
116,91,1.03543,-0.00999565,0.0134146
116,92,1.03654,-0.0102546,0.0127538
116,93,1.03763,-0.010492,0.0120799
116,94,1.03871,-0.0107083,0.0113967
116,95,1.03976,-0.0109041,0.0107064
116,96,1.0408,-0.0110797,0.0100128
116,97,1.04181,-0.0112353,0.00931784
116,98,1.0428,-0.0113711,0.00862566
116,99,1.04377,-0.0114868,0.00793768
116,100,1.04471,-0.0115821,0.00725851
116,101,1.04562,-0.0116562,0.00658909
116,102,1.04651,-0.0117084,0.00593453
116,103,1.04737,-0.0117377,0.0052953
116,104,1.0482,-0.0117428,0.00467711
116,105,1.04901,-0.0117226,0.00407994
116,106,1.04979,-0.0116757,0.00351007
116,107,1.05054,-0.011601,0.00296694
116,108,1.05126,-0.0114972,0.00245735
116,109,1.05196,-0.0113634,0.00198002
116,110,1.05263,-0.0111996,0.00154205
116,111,1.05327,-0.0110068,0.00114113
116,112,1.05388,-0.0107885,0.000784136
116,113,1.05447,-0.0105523,0.000466999
116,114,1.05503,-0.010312,0.000195063
116,115,1.05556,-0.0100891,-3.91743e-05
116,116,1.05607,-0.00991345,-0.000234156
116,117,1.05654,-0.00982009,-0.000403144
116,118,1.05698,-0.00984086,-0.000549961
116,119,1.0574,-0.00998815,-0.000692582
116,120,1.05778,-0.0102304,-0.00083438
116,121,1.05812,-0.0104624,-0.000984674
116,122,1.05844,-0.0104794,-0.00112374
116,123,1.05872,-0.00997506,-0.00122101
116,124,1.05896,-0.00859373,-0.00120205
116,125,1.05917,-0.00607332,-0.000973145
116,126,1.05933,-0.00249092,-0.000405244
116,127,1,-0.00343474,0
117,0,1,0,0
117,1,0.948939,0.0004464,-0.000209869
117,2,0.949057,0.00229542,-0.000468304
117,3,0.949229,0.00377411,-0.000518409
117,4,0.949456,0.0046207,-0.000431239
117,5,0.949736,0.0048928,-0.000276101
117,6,0.950069,0.00477709,-0.000112671
117,7,0.950452,0.00446801,2.78027e-05
117,8,0.950886,0.00411377,0.00012617
117,9,0.95137,0.00380558,0.000183756
117,10,0.951904,0.00358719,0.000203705
117,11,0.952487,0.00347016,0.000199746
117,12,0.953119,0.00344765,0.000180259
117,13,0.953799,0.00350458,0.000159224
117,14,0.954527,0.00362393,0.000142913
117,15,0.955302,0.00379012,0.000141818
117,16,0.956122,0.00399039,0.000158868
117,17,0.956986,0.00421494,0.00020119
117,18,0.957894,0.00445647,0.000269212
117,19,0.958843,0.00470964,0.000367706
117,20,0.959831,0.00497039,0.000495591
117,21,0.960857,0.0052355,0.00065609
117,22,0.961918,0.00550226,0.000847242
117,23,0.963012,0.00576821,0.00107117
117,24,0.964137,0.00603109,0.00132536
117,25,0.965289,0.00628872,0.00161105
117,26,0.966466,0.00653902,0.00192531
117,27,0.967666,0.00678001,0.00226865
117,28,0.968884,0.00700982,0.00263779
117,29,0.970118,0.00722672,0.00303259
117,30,0.971366,0.0074291,0.00344954
117,31,0.972623,0.00761553,0.00388792
117,32,0.973887,0.00778474,0.00434406
117,33,0.975155,0.00793561,0.00481684
117,34,0.976424,0.00806719,0.0053025
117,35,0.977692,0.00817867,0.00579965
117,36,0.978955,0.00826937,0.00630459
117,37,0.980212,0.00833873,0.00681578
117,38,0.981461,0.00838631,0.00732971
117,39,0.982698,0.00841176,0.00784485
117,40,0.983924,0.00841478,0.00835801
117,41,0.985136,0.00839517,0.00886782
117,42,0.986332,0.00835275,0.0093715
117,43,0.987512,0.00828742,0.00986797
117,44,0.988674,0.00819909,0.0103549
117,45,0.989818,0.0080877,0.0108317
117,46,0.990943,0.00795326,0.0112964
117,47,0.992048,0.00779577,0.0117489
117,48,0.993133,0.00761531,0.0121877
117,49,0.994197,0.00741198,0.0126129
117,50,0.995241,0.00718594,0.0130236
117,51,0.996264,0.00693743,0.0134202
117,52,0.997267,0.00666675,0.0138019
117,53,0.99825,0.00637428,0.0141691
117,54,0.999214,0.00606052,0.0145214
117,55,1.00016,0.00572605,0.014859
117,56,1.00109,0.00537159,0.0151814
117,57,1.002,0.00499798,0.0154888
117,58,1.0029,0.00460617,0.0157804
117,59,1.00378,0.00419728,0.0160561
117,60,1.00466,0.00377253,0.016315
117,61,1.00553,0.00333329,0.0165566
117,62,1.00639,0.00288104,0.0167796
117,63,1.00724,0.00241741,0.0169834
117,64,1.0081,0.00194411,0.0171665
117,65,1.00896,0.00146294,0.0173278
117,66,1.00982,0.000975804,0.0174659
117,67,1.01069,0.000484654,0.0175794
117,68,1.01156,-8.50757e-06,0.0176667
117,69,1.01245,-0.000501655,0.0177267
117,70,1.01335,-0.000992755,0.0177577
117,71,1.01426,-0.00147979,0.0177585
117,72,1.01519,-0.00196077,0.0177277
117,73,1.01614,-0.00243378,0.0176643
117,74,1.01711,-0.00289695,0.0175671
117,75,1.01809,-0.00334853,0.0174355
117,76,1.0191,-0.00378687,0.0172687
117,77,1.02012,-0.00421045,0.0170664
117,78,1.02117,-0.0046179,0.0168284
117,79,1.02223,-0.00500801,0.0165549
117,80,1.02331,-0.00537975,0.0162463
117,81,1.0244,-0.00573225,0.0159033
117,82,1.02551,-0.00606488,0.015527
117,83,1.02663,-0.00637717,0.0151185
117,84,1.02776,-0.00666887,0.0146796
117,85,1.0289,-0.00693995,0.014212
117,86,1.03004,-0.00719057,0.0137179
117,87,1.03119,-0.00742108,0.0131994
117,88,1.03233,-0.00763203,0.0126592
117,89,1.03348,-0.00782411,0.0120995
117,90,1.03461,-0.00799814,0.0115233
117,91,1.03573,-0.00815508,0.010933
117,92,1.03684,-0.0082959,0.0103318
117,93,1.03794,-0.00842162,0.00972178
117,94,1.03901,-0.00853321,0.00910643
117,95,1.04007,-0.00863159,0.00848744
117,96,1.04111,-0.0087175,0.00786856
117,97,1.04212,-0.00879153,0.00725102
117,98,1.0431,-0.00885405,0.00663884
117,99,1.04406,-0.00890518,0.00603276
117,100,1.045,-0.00894479,0.0054372
117,101,1.0459,-0.00897251,0.00485242
117,102,1.04678,-0.00898769,0.00428337
117,103,1.04763,-0.00898951,0.00372984
117,104,1.04845,-0.00897694,0.00319746
117,105,1.04924,-0.00894883,0.00268554
117,106,1.05,-0.0089039,0.0022004
117,107,1.05073,-0.00884081,0.00174088
117,108,1.05144,-0.00875822,0.00131393
117,109,1.05212,-0.00865494,0.000917757
117,110,1.05277,-0.00853024,0.000559762
117,111,1.05339,-0.00838447,0.000237224
117,112,1.05399,-0.00822008,-4.25946e-05
117,113,1.05456,-0.00804319,-0.000284163
117,114,1.0551,-0.0078654,-0.000481721
117,115,1.05562,-0.0077055,-0.000643339
117,116,1.0561,-0.00758987,-0.000767243
117,117,1.05656,-0.00754981,-0.000867603
117,118,1.05699,-0.00761391,-0.000948355
117,119,1.05739,-0.00779329,-0.00102873
117,120,1.05775,-0.00805935,-0.00111232
117,121,1.05809,-0.00831644,-0.00120936
117,122,1.05839,-0.00837807,-0.00129992
117,123,1.05866,-0.00796493,-0.00135379
117,124,1.0589,-0.00675299,-0.00129219
117,125,1.05911,-0.0045047,-0.00102298
117,126,1.05929,-0.00129616,-0.000433852
117,127,1,-0.00343474,0
118,0,1,0,0
118,1,0.949179,0.00124092,-0.00021863
118,2,0.949295,0.00286386,-0.000500822
118,3,0.949467,0.00417574,-0.000569922
118,4,0.94969,0.00493314,-0.000501023
118,5,0.949965,0.00518358,-0.000364059
118,6,0.95029,0.00509372,-0.00022052
118,7,0.950666,0.00483759,-0.000102748
118,8,0.95109,0.00454717,-3.04939e-05
118,9,0.951565,0.0043029,-1.87158e-06
118,10,0.952088,0.00414244,-1.34814e-05
118,11,0.952661,0.00407471,-5.07677e-05
118,12,0.953282,0.00409232,-0.000105156
118,13,0.953951,0.00418079,-0.000162101
118,14,0.954668,0.00432414,-0.000215421
118,15,0.955431,0.00450787,-0.000254324
118,16,0.956239,0.00472014,-0.000276141
118,17,0.957091,0.0049519,-0.000273565
118,18,0.957987,0.00519642,-0.000246449
118,19,0.958923,0.00544874,-0.000189844
118,20,0.959899,0.00570512,-0.000105059
118,21,0.960912,0.00596263,1.13366e-05
118,22,0.96196,0.00621879,0.000157224
118,23,0.96304,0.00647145,0.000334965
118,24,0.964151,0.00671862,0.000541931
118,25,0.96529,0.00695846,0.00077962
118,26,0.966453,0.00718924,0.00104502
118,27,0.967638,0.00740938,0.00133887
118,28,0.968842,0.00761741,0.00165783
118,29,0.970062,0.007812,0.00200198
118,30,0.971294,0.00799197,0.00236773
118,31,0.972536,0.0081563,0.00275457
118,32,0.973784,0.00830411,0.00315873
118,33,0.975037,0.00843465,0.00357924
118,34,0.97629,0.00854731,0.00401227
118,35,0.977541,0.0086416,0.00445652
118,36,0.978789,0.00871711,0.0049082
118,37,0.98003,0.00877353,0.00536585
118,38,0.981263,0.00881061,0.00582584
118,39,0.982485,0.00882816,0.00628671
118,40,0.983695,0.00882602,0.00674513
118,41,0.984892,0.00880408,0.00719979
118,42,0.986074,0.00876221,0.00764777
118,43,0.987241,0.00870034,0.00808804
118,44,0.988391,0.00861836,0.0085182
118,45,0.989523,0.00851621,0.00893757
118,46,0.990638,0.00839382,0.00934429
118,47,0.991734,0.00825114,0.00973809
118,48,0.992812,0.00808812,0.0101176
118,49,0.99387,0.00790476,0.010483
118,50,0.99491,0.00770109,0.0108334
118,51,0.995931,0.00747718,0.0111691
118,52,0.996934,0.00723319,0.0114895
118,53,0.997919,0.00696932,0.0117953
118,54,0.998886,0.00668586,0.0120859
118,55,0.999838,0.0063832,0.0123619
118,56,1.00077,0.00606184,0.0126229
118,57,1.0017,0.00572239,0.0128692
118,58,1.00261,0.00536555,0.0131004
118,59,1.0035,0.00499218,0.0133164
118,60,1.00439,0.00460324,0.0135167
118,61,1.00528,0.00419981,0.0137009
118,62,1.00616,0.00378309,0.0138681
118,63,1.00703,0.00335437,0.0140179
118,64,1.00791,0.00291507,0.014149
118,65,1.00878,0.00246668,0.0142606
118,66,1.00967,0.00201076,0.0143515
118,67,1.01056,0.00154895,0.0144207
118,68,1.01145,0.00108292,0.0144668
118,69,1.01236,0.00061437,0.0144889
118,70,1.01328,0.000145035,0.0144855
118,71,1.01422,-0.000323364,0.0144557
118,72,1.01517,-0.000789122,0.0143984
118,73,1.01614,-0.00125056,0.0143127
118,74,1.01713,-0.00170606,0.0141976
118,75,1.01813,-0.00215404,0.0140528
118,76,1.01916,-0.00259302,0.0138776
118,77,1.0202,-0.00302159,0.013672
118,78,1.02126,-0.00343847,0.0134358
118,79,1.02235,-0.00384247,0.0131695
118,80,1.02344,-0.00423253,0.0128734
118,81,1.02456,-0.00460773,0.0125485
118,82,1.02568,-0.00496731,0.0121959
118,83,1.02682,-0.00531065,0.0118167
118,84,1.02797,-0.00563728,0.0114129
118,85,1.02913,-0.00594692,0.0109859
118,86,1.03029,-0.00623942,0.0105381
118,87,1.03145,-0.0065148,0.0100713
118,88,1.03261,-0.00677323,0.00958824
118,89,1.03377,-0.007015,0.00909087
118,90,1.03491,-0.00724052,0.00858215
118,91,1.03605,-0.0074503,0.00806396
118,92,1.03717,-0.00764488,0.00753945
118,93,1.03827,-0.00782482,0.0070102
118,94,1.03936,-0.00799069,0.00647954
118,95,1.04042,-0.00814297,0.0059486
118,96,1.04146,-0.00828203,0.00542089
118,97,1.04248,-0.00840812,0.00489701
118,98,1.04346,-0.00852131,0.00438075
118,99,1.04442,-0.00862146,0.00387216
118,100,1.04535,-0.00870824,0.00337544
118,101,1.04625,-0.0087811,0.00289013
118,102,1.04712,-0.00883928,0.00242102
118,103,1.04796,-0.00888189,0.00196716
118,104,1.04877,-0.00890785,0.00153409
118,105,1.04955,-0.00891601,0.00112043
118,106,1.0503,-0.00890508,0.000732515
118,107,1.05102,-0.00887379,0.000368546
118,108,1.05171,-0.00882082,3.56321e-05
118,109,1.05237,-0.00874505,-0.000268544
118,110,1.053,-0.00864576,-0.000536284
118,111,1.0536,-0.00852323,-0.000770727
118,112,1.05418,-0.00837962,-0.000964173
118,113,1.05473,-0.00822038,-0.00112146
118,114,1.05525,-0.00805591,-0.00123637
118,115,1.05575,-0.0079031,-0.00131746
118,116,1.05622,-0.00778571,-0.00136267
118,117,1.05666,-0.00773215,-0.00138698
118,118,1.05707,-0.0077688,-0.00139438
118,119,1.05745,-0.0079071,-0.00140522
118,120,1.05781,-0.00812371,-0.00142323
118,121,1.05813,-0.00833602,-0.00145975
118,122,1.05843,-0.00838036,-0.00149412
118,123,1.05869,-0.00800915,-0.00149585
118,124,1.05892,-0.00693346,-0.00138752
118,125,1.05911,-0.00494109,-0.00107605
118,126,1.05926,-0.00209727,-0.000436217
118,127,1,-0.00343474,0
119,0,1,0,0
119,1,0.949402,0.000200079,-0.000228137
119,2,0.94951,0.00158988,-0.000530546
119,3,0.949672,0.00271571,-0.000624974
119,4,0.949888,0.0033598,-0.000580551
119,5,0.950156,0.00356246,-0.000468014
119,6,0.950475,0.0034686,-0.000350634
119,7,0.950843,0.00322914,-0.000261123
119,8,0.95126,0.00295771,-0.00021969
119,9,0.951727,0.00272282,-0.00022394
119,10,0.952241,0.0025561,-0.000270297
119,11,0.952804,0.00246474,-0.000343546
119,12,0.953415,0.00244238,-0.000435111
119,13,0.954074,0.00247695,-0.000530097
119,14,0.954779,0.00255538,-0.000622605
119,15,0.95553,0.00266609,-0.000701739
119,16,0.956326,0.00279982,-0.000765237
119,17,0.957167,0.00294969,-0.000805748
119,18,0.958049,0.00311075,-0.000823502
119,19,0.958973,0.00327948,-0.000813465
119,20,0.959936,0.00345331,-0.000777226
119,21,0.960936,0.00363022,-0.000711193
119,22,0.961971,0.0038085,-0.000617667
119,23,0.963038,0.00398658,-0.000494068
119,24,0.964136,0.004163,-0.000343134
119,25,0.965261,0.00433629,-0.000163118
119,26,0.966411,0.00450505,4.29056e-05
119,27,0.967582,0.00466791,0.000275928
119,28,0.968772,0.00482358,0.000532588
119,29,0.969978,0.00497082,0.000813188
119,30,0.971196,0.00510851,0.00111412
119,31,0.972424,0.00523562,0.0014351
119,32,0.973658,0.00535123,0.00177233
119,33,0.974897,0.00545453,0.00212505
119,34,0.976136,0.0055448,0.00248937
119,35,0.977373,0.00562145,0.00286418
119,36,0.978606,0.00568395,0.00324564
119,37,0.979833,0.00573187,0.00363243
119,38,0.981052,0.00576483,0.00402088
119,39,0.98226,0.00578252,0.00440964
119,40,0.983457,0.00578469,0.00479534
119,41,0.984641,0.00577111,0.00517677
119,42,0.985811,0.00574158,0.00555096
119,43,0.986966,0.00569596,0.00591699
119,44,0.988105,0.0056341,0.00627242
119,45,0.989227,0.00555587,0.00661668
119,46,0.990333,0.00546119,0.00694791
119,47,0.991422,0.00534998,0.00726595
119,48,0.992493,0.00522222,0.00756951
119,49,0.993547,0.00507788,0.00785882
119,50,0.994584,0.00491703,0.00813306
119,51,0.995604,0.00473976,0.00839279
119,52,0.996607,0.00454623,0.00863756
119,53,0.997595,0.00433668,0.00886808
119,54,0.998567,0.00411144,0.00908412
119,55,0.999524,0.00387093,0.00928641
119,56,1.00047,0.00361568,0.00947476
119,57,1.0014,0.00334631,0.00964979
119,58,1.00232,0.00306358,0.00981121
119,59,1.00323,0.00276835,0.00995941
119,60,1.00414,0.00246161,0.0100939
119,61,1.00504,0.00214444,0.0102148
119,62,1.00593,0.00181806,0.0103214
119,63,1.00683,0.00148376,0.0104135
119,64,1.00772,0.00114292,0.0104902
119,65,1.00862,0.000797025,0.010551
119,66,1.00952,0.000447591,0.0105949
119,67,1.01043,9.61929e-05,0.0106211
119,68,1.01135,-0.000255571,0.0106286
119,69,1.01228,-0.000606092,0.0106165
119,70,1.01322,-0.000953768,0.0105839
119,71,1.01418,-0.00129703,0.0105298
119,72,1.01515,-0.00163434,0.0104533
119,73,1.01614,-0.00196425,0.0103539
119,74,1.01714,-0.00228537,0.0102307
119,75,1.01816,-0.00259642,0.0100834
119,76,1.01921,-0.00289622,0.00991164
119,77,1.02027,-0.00318374,0.00971529
119,78,1.02135,-0.00345806,0.00949444
119,79,1.02244,-0.00371843,0.00924946
119,80,1.02356,-0.00396425,0.00898092
119,81,1.02468,-0.0041951,0.00868963
119,82,1.02583,-0.0044107,0.00837672
119,83,1.02698,-0.00461096,0.0080434
119,84,1.02814,-0.00479598,0.00769132
119,85,1.02931,-0.00496598,0.00732201
119,86,1.03048,-0.00512139,0.00693761
119,87,1.03165,-0.00526276,0.00653981
119,88,1.03282,-0.00539077,0.00613112
119,89,1.03399,-0.00550624,0.0057132
119,90,1.03514,-0.00561005,0.00528884
119,91,1.03628,-0.00570317,0.00485948
119,92,1.03741,-0.00578658,0.0044281
119,93,1.03852,-0.00586125,0.00399574
119,94,1.03961,-0.00592811,0.00356551
119,95,1.04067,-0.00598801,0.00313793
119,96,1.04171,-0.00604165,0.00271629
119,97,1.04273,-0.00608959,0.00230052
119,98,1.04371,-0.0061322,0.00189416
119,99,1.04467,-0.00616962,0.00149655
119,100,1.04559,-0.00620179,0.00111169
119,101,1.04648,-0.0062284,0.000738358
119,102,1.04735,-0.00624896,0.00038119
119,103,1.04818,-0.00626277,3.85065e-05
119,104,1.04897,-0.00626895,-0.000284268
119,105,1.04974,-0.00626645,-0.000589202
119,106,1.05048,-0.0062541,-0.000869968
119,107,1.05118,-0.0062306,-0.00112899
119,108,1.05186,-0.00619455,-0.00135903
119,109,1.0525,-0.00614457,-0.00156293
119,110,1.05312,-0.00607954,-0.00173268
119,111,1.05371,-0.00599906,-0.00187182
119,112,1.05427,-0.00590429,-0.00197218
119,113,1.0548,-0.00579917,-0.0020389
119,114,1.05531,-0.00569195,-0.00206523
119,115,1.05579,-0.00559661,-0.00206008
119,116,1.05624,-0.00553327,-0.002021
119,117,1.05667,-0.00552635,-0.00196363
119,118,1.05707,-0.00559878,-0.00189188
119,119,1.05745,-0.00576068,-0.00182713
119,120,1.05779,-0.00599186,-0.0017732
119,121,1.05811,-0.00621982,-0.00174222
119,122,1.05839,-0.00629987,-0.00171334
119,123,1.05865,-0.00601204,-0.00165661
119,124,1.05887,-0.00509839,-0.00149174
119,125,1.05906,-0.00336771,-0.00112912
119,126,1.05923,-0.00087767,-0.000461847
119,127,1,-0.00343474,0
120,0,1,0,0
120,1,0.949599,0.00102283,-0.000236435
120,2,0.949704,0.00219742,-0.00056649
120,3,0.949863,0.00315804,-0.000691654
120,4,0.950075,0.00371303,-0.00068007
120,5,0.950338,0.00389608,-0.000600724
120,6,0.950651,0.00383226,-0.000517303
120,7,0.951012,0.00365111,-0.000462856
120,8,0.951421,0.0034491,-0.000457879
120,9,0.951879,0.00328346,-0.000499447
120,10,0.952384,0.00317968,-0.000583938
120,11,0.952938,0.0031425,-0.000695706
120,12,0.953539,0.00316532,-0.000826416
120,13,0.954187,0.00323693,-0.000961106
120,14,0.954882,0.0033455,-0.00109439
120,15,0.955623,0.00348062,-0.0012155
120,16,0.956409,0.00363402,-0.00132275
120,17,0.957239,0.0037995,-0.00140888
120,18,0.958111,0.0039726,-0.00147462
120,19,0.959024,0.00415012,-0.00151492
120,20,0.959975,0.00432968,-0.00153171
120,21,0.960964,0.00450942,-0.00152128
120,22,0.961988,0.00468778,-0.00148614
120,23,0.963044,0.00486339,-0.00142351
120,24,0.96413,0.00503495,-0.00133624
120,25,0.965243,0.00520125,-0.00122233
120,26,0.966381,0.00536117,-0.00108491
120,27,0.967541,0.00551363,-0.00092271
120,28,0.968718,0.00565765,-0.000739102
120,29,0.969912,0.00579237,-0.000533516
120,30,0.971117,0.00591698,-0.000309532
120,31,0.972332,0.00603081,-6.7195e-05
120,32,0.973554,0.00613326,0.000189754
120,33,0.974779,0.00622384,0.000460766
120,34,0.976004,0.00630215,0.000742021
120,35,0.977228,0.00636783,0.0010326
120,36,0.978448,0.00642062,0.00132872
120,37,0.979662,0.00646028,0.00162924
120,38,0.980867,0.00648663,0.00193054
120,39,0.982062,0.00649952,0.00223144
120,40,0.983246,0.00649879,0.00252862
120,41,0.984417,0.00648431,0.00282101
120,42,0.985575,0.00645596,0.00310572
120,43,0.986718,0.0064136,0.00338197
120,44,0.987846,0.00635712,0.00364739
120,45,0.988959,0.00628637,0.00390156
120,46,0.990055,0.00620123,0.00414273
120,47,0.991136,0.00610156,0.00437089
120,48,0.992201,0.00598727,0.00458487
120,49,0.993249,0.00585825,0.00478511
120,50,0.994282,0.00571445,0.00497093
120,51,0.9953,0.00555583,0.00514311
120,52,0.996303,0.00538243,0.00530139
120,53,0.997291,0.00519433,0.00544672
120,54,0.998266,0.00499169,0.00557911
120,55,0.999228,0.00477475,0.00569956
120,56,1.00018,0.00454384,0.00580814
120,57,1.00112,0.00429937,0.00590575
120,58,1.00205,0.00404187,0.0059924
120,59,1.00297,0.00377195,0.00606877
120,60,1.00389,0.00349035,0.00613467
120,61,1.0048,0.0031979,0.00619051
120,62,1.00571,0.00289549,0.00623588
120,63,1.00662,0.00258416,0.00627087
120,64,1.00753,0.00226498,0.00629483
120,65,1.00845,0.00193911,0.00630758
120,66,1.00937,0.00160776,0.00630829
120,67,1.0103,0.00127219,0.00629655
120,68,1.01123,0.000933705,0.00627143
120,69,1.01218,0.000593601,0.0062324
120,70,1.01314,0.000253194,0.00617849
120,71,1.01411,-8.6211e-05,0.00610916
120,72,1.0151,-0.000423336,0.00602354
120,73,1.01611,-0.000756937,0.00592114
120,74,1.01713,-0.00108582,0.00580132
120,75,1.01817,-0.00140886,0.00566377
120,76,1.01923,-0.00172499,0.00550816
120,77,1.02031,-0.00203324,0.00533447
120,78,1.02141,-0.00233272,0.00514277
120,79,1.02252,-0.00262265,0.00493337
120,80,1.02365,-0.00290236,0.00470686
120,81,1.02479,-0.00317128,0.00446391
120,82,1.02595,-0.00342898,0.0042056
120,83,1.02712,-0.00367513,0.00393296
120,84,1.0283,-0.00390953,0.00364757
120,85,1.02948,-0.00413211,0.00335069
120,86,1.03067,-0.00434289,0.00304434
120,87,1.03185,-0.00454203,0.00272988
120,88,1.03304,-0.00472976,0.00240967
120,89,1.03421,-0.00490643,0.00208496
120,90,1.03538,-0.00507242,0.00175836
120,91,1.03653,-0.0052282,0.00143082
120,92,1.03767,-0.00537423,0.00110513
120,93,1.03879,-0.00551099,0.000781762
120,94,1.03988,-0.00563892,0.000463616
120,95,1.04096,-0.0057584,0.000150583
120,96,1.042,-0.00586974,-0.000154267
120,97,1.04302,-0.0059731,-0.000451698
120,98,1.044,-0.00606853,-0.000738355
120,99,1.04496,-0.00615592,-0.00101564
120,100,1.04588,-0.00623499,-0.00127974
120,101,1.04677,-0.00630533,-0.00153261
120,102,1.04762,-0.00636634,-0.00176979
120,103,1.04845,-0.00641732,-0.00199369
120,104,1.04924,-0.00645741,-0.00219898
120,105,1.04999,-0.00648567,-0.00238846
120,106,1.05072,-0.00650106,-0.00255579
120,107,1.05141,-0.00650247,-0.00270407
120,108,1.05207,-0.00648872,-0.00282595
120,109,1.0527,-0.00645868,-0.00292478
120,110,1.0533,-0.00641145,-0.00299231
120,111,1.05388,-0.00634675,-0.00303243
120,112,1.05442,-0.00626561,-0.00303654
120,113,1.05494,-0.00617139,-0.00300998
120,114,1.05543,-0.00607112,-0.00294545
120,115,1.0559,-0.00597668,-0.00285205
120,116,1.05634,-0.00590526,-0.00272684
120,117,1.05675,-0.00587795,-0.00258586
120,118,1.05714,-0.00591503,-0.00243283
120,119,1.05751,-0.00602663,-0.00228981
120,120,1.05784,-0.00619794,-0.00216061
120,121,1.05815,-0.00637016,-0.00205803
120,122,1.05843,-0.00642246,-0.00196029
120,123,1.05868,-0.00616732,-0.00183688
120,124,1.05889,-0.00538063,-0.00160916
120,125,1.05908,-0.00389137,-0.00118947
120,126,1.05921,-0.00173726,-0.000465937
120,127,1,-0.00343474,0
121,0,1,0,0
121,1,0.94977,-1.53007e-05,-0.000245935
121,2,0.949865,0.000947244,-0.000607411
121,3,0.950015,0.00172774,-0.000776108
121,4,0.950221,0.00217043,-0.000809225
121,5,0.950478,0.00230676,-0.000773534
121,6,0.950786,0.00224125,-0.000733137
121,7,0.951142,0.00207939,-0.000721046
121,8,0.951545,0.0018984,-0.000758058
121,9,0.951996,0.00174321,-0.000840886
121,10,0.952494,0.00163339,-0.000966062
121,11,0.953039,0.00157232,-0.00111784
121,12,0.953631,0.00155483,-0.00128843
121,13,0.954271,0.00157245,-0.00146315
121,14,0.954956,0.00161649,-0.00163738
121,15,0.955688,0.00167952,-0.00180072
121,16,0.956464,0.00175582,-0.0019522
121,17,0.957283,0.00184132,-0.00208482
121,18,0.958145,0.00193321,-0.00219985
121,19,0.959048,0.00202962,-0.00229233
121,20,0.959989,0.00212918,-0.00236454
121,21,0.960967,0.00223089,-0.0024127
121,22,0.961981,0.00233385,-0.00243951
121,23,0.963026,0.00243723,-0.00244202
121,24,0.964102,0.00254018,-0.00242317
121,25,0.965204,0.00264188,-0.00238072
121,26,0.966331,0.00274148,-0.0023178
121,27,0.96748,0.00283815,-0.00223289
121,28,0.968647,0.00293108,-0.00212931
121,29,0.96983,0.00301948,-0.00200621
121,30,0.971024,0.00310265,-0.0018671
121,31,0.972228,0.00317991,-0.00171173
121,32,0.973439,0.00325064,-0.00154375
121,33,0.974652,0.00331431,-0.00136345
121,34,0.975867,0.00337042,-0.00117453
121,35,0.977079,0.00341855,-0.000977667
121,36,0.978288,0.00345831,-0.000776529
121,37,0.97949,0.00348936,-0.000572013
121,38,0.980684,0.00351141,-0.000367631
121,39,0.981868,0.00352419,-0.00016434
121,40,0.983041,0.00352745,3.4651e-05
121,41,0.984201,0.00352098,0.000228493
121,42,0.985348,0.00350456,0.000414416
121,43,0.986482,0.00347799,0.000591832
121,44,0.9876,0.0034411,0.000758518
121,45,0.988704,0.0033937,0.000914265
121,46,0.989793,0.00333564,0.00105746
121,47,0.990867,0.00326677,0.00118833
121,48,0.991926,0.00318697,0.00130589
121,49,0.99297,0.00309616,0.00141079
121,50,0.994,0.00299427,0.00150259
121,51,0.995016,0.00288129,0.0015823
121,52,0.996018,0.00275728,0.00164991
121,53,0.997008,0.00262235,0.00170666
121,54,0.997986,0.00247666,0.00175282
121,55,0.998953,0.00232049,0.00178969
121,56,0.999909,0.00215419,0.00181762
121,57,1.00086,0.00197819,0.00183784
121,58,1.0018,0.00179304,0.00185063
121,59,1.00273,0.00159936,0.001857
121,60,1.00366,0.00139789,0.00185707
121,61,1.00459,0.00118944,0.00185152
121,62,1.00551,0.000974923,0.00184024
121,63,1.00643,0.000755313,0.00182358
121,64,1.00736,0.000531662,0.00180117
121,65,1.00829,0.000305077,0.00177305
121,66,1.00923,7.67032e-05,0.00173863
121,67,1.01017,-0.000152281,0.00169768
121,68,1.01112,-0.000380687,0.00164946
121,69,1.01209,-0.000607327,0.00159358
121,70,1.01306,-0.000831031,0.00152922
121,71,1.01405,-0.00105066,0.0014559
121,72,1.01506,-0.00126513,0.00137288
121,73,1.01608,-0.00147341,0.00127968
121,74,1.01712,-0.00167456,0.00117571
121,75,1.01817,-0.00186772,0.00106064
121,76,1.01925,-0.00205212,0.000934128
121,77,1.02034,-0.00222712,0.000796067
121,78,1.02145,-0.0023922,0.000646496
121,79,1.02257,-0.00254695,0.000485584
121,80,1.02372,-0.0026911,0.000313823
121,81,1.02487,-0.00282452,0.000131688
121,82,1.02604,-0.00294721,-5.98425e-05
121,83,1.02722,-0.0030593,-0.000260019
121,84,1.02841,-0.00316105,-0.000467385
121,85,1.02961,-0.00325286,-0.000681014
121,86,1.0308,-0.00333521,-0.000899029
121,87,1.032,-0.00340871,-0.00112047
121,88,1.03319,-0.00347406,-0.00134314
121,89,1.03438,-0.00353202,-0.00156624
121,90,1.03555,-0.00358339,-0.00178732
121,91,1.03671,-0.00362904,-0.00200594
121,92,1.03785,-0.00366981,-0.00221951
121,93,1.03898,-0.00370652,-0.0024281
121,94,1.04008,-0.00373996,-0.00262901
121,95,1.04115,-0.00377083,-0.00282295
121,96,1.0422,-0.00379973,-0.00300704
121,97,1.04321,-0.00382714,-0.00318269
121,98,1.0442,-0.00385337,-0.00334673
121,99,1.04515,-0.0038786,-0.00350126
121,100,1.04607,-0.00390283,-0.00364261
121,101,1.04695,-0.0039259,-0.00377347
121,102,1.0478,-0.00394746,-0.00388951
121,103,1.04862,-0.00396704,-0.00399386
121,104,1.0494,-0.00398401,-0.0040813
121,105,1.05015,-0.0039976,-0.00415533
121,106,1.05086,-0.0040069,-0.00420967
121,107,1.05154,-0.00401087,-0.00424805
121,108,1.05219,-0.00400833,-0.00426307
121,109,1.05281,-0.00399802,-0.00425863
121,110,1.0534,-0.00397877,-0.00422627
121,111,1.05396,-0.00394978,-0.00417025
121,112,1.0545,-0.00391119,-0.00408153
121,113,1.055,-0.00386499,-0.00396565
121,114,1.05549,-0.00381612,-0.00381466
121,115,1.05594,-0.00377351,-0.00363773
121,116,1.05637,-0.00375061,-0.00343125
121,117,1.05677,-0.00376432,-0.0032114
121,118,1.05715,-0.00383124,-0.00298145
121,119,1.05751,-0.00396009,-0.002764
121,120,1.05784,-0.00413933,-0.00256267
121,121,1.05814,-0.00432093,-0.00239062
121,122,1.05842,-0.00440392,-0.00222528
121,123,1.05867,-0.00422867,-0.00203545
121,124,1.05888,-0.00359852,-0.0017392
121,125,1.05906,-0.00235469,-0.00125325
121,126,1.0592,-0.000513863,-0.000489604
121,127,1,-0.00343474,0
122,0,1,0,0
122,1,0.949906,0.000846474,-0.000256135
122,2,0.949992,0.00162905,-0.000660074
122,3,0.95014,0.0022525,-0.000882247
122,4,0.950343,0.00260554,-0.000969325
122,5,0.950599,0.00272026,-0.000984999
122,6,0.950903,0.00268386,-0.000993937
122,7,0.951254,0.00257998,-0.00102918
122,8,0.951651,0.00246818,-0.00111149
122,9,0.952095,0.0023821,-0.00123715
122,10,0.952585,0.0023355,-0.00140302
122,11,0.953123,0.00232973,-0.00159357
122,12,0.953708,0.0023597,-0.00180191
122,13,0.954339,0.00241801,-0.00201398
122,14,0.955017,0.00249724,-0.00222619
122,15,0.95574,0.00259109,-0.00242871
122,16,0.956508,0.00269469,-0.00262142
122,17,0.95732,0.00280448,-0.0027977
122,18,0.958174,0.00291797,-0.00295937
122,19,0.959068,0.00303338,-0.00310161
122,20,0.960001,0.00314942,-0.00322702
122,21,0.960972,0.00326507,-0.00333178
122,22,0.961977,0.00337946,-0.00341874
122,23,0.963014,0.0034918,-0.00348479
122,24,0.964081,0.00360136,-0.0035329
122,25,0.965175,0.00370743,-0.00356061
122,26,0.966294,0.00380935,-0.003571
122,27,0.967434,0.0039065,-0.00356228
122,28,0.968592,0.00399831,-0.00353767
122,29,0.969766,0.00408427,-0.00349604
122,30,0.970952,0.00416394,-0.00344078
122,31,0.972147,0.00423691,-0.00337134
122,32,0.973348,0.00430284,-0.00329124
122,33,0.974552,0.00436146,-0.00320047
122,34,0.975757,0.00441252,-0.0031026
122,35,0.976959,0.00445581,-0.00299801
122,36,0.978158,0.00449116,-0.00289024
122,37,0.97935,0.00451842,-0.00277992
122,38,0.980534,0.00453744,-0.00267043
122,39,0.981708,0.0045481,-0.00256249
122,40,0.982871,0.00455025,-0.00245916
122,41,0.984021,0.00454376,-0.00236107
122,42,0.985159,0.00452848,-0.00227085
122,43,0.986283,0.00450425,-0.00218886
122,44,0.987392,0.00447091,-0.00211717
122,45,0.988488,0.00442828,-0.00205578
122,46,0.989569,0.00437619,-0.00200613
122,47,0.990636,0.00431445,-0.00196776
122,48,0.991689,0.00424289,-0.00194148
122,49,0.992729,0.00416136,-0.00192637
122,50,0.993755,0.00406971,-0.00192267
122,51,0.994768,0.00396784,-0.00192909
122,52,0.99577,0.00385568,-0.00194541
122,53,0.99676,0.00373323,-0.0019701
122,54,0.997739,0.00360051,-0.00200262
122,55,0.998709,0.00345765,-0.0020414
122,56,0.999669,0.00330482,-0.00208578
122,57,1.00062,0.00314228,-0.00213425
122,58,1.00157,0.00297037,-0.00218624
122,59,1.00251,0.00278951,-0.00224046
122,60,1.00345,0.0026002,-0.00229652
122,61,1.00439,0.00240303,-0.00235346
122,62,1.00532,0.00219863,-0.00241116
122,63,1.00626,0.00198774,-0.00246904
122,64,1.0072,0.00177113,-0.00252724
122,65,1.00814,0.00154962,-0.00258555
122,66,1.00909,0.00132409,-0.00264438
122,67,1.01005,0.00109544,-0.00270383
122,68,1.01101,0.000864573,-0.00276449
122,69,1.01199,0.000632427,-0.0028267
122,70,1.01298,0.000399921,-0.00289117
122,71,1.01399,0.000167963,-0.00295836
122,72,1.015,-6.25606e-05,-0.00302899
122,73,1.01604,-0.000290799,-0.00310356
122,74,1.01709,-0.000515944,-0.00318265
122,75,1.01816,-0.00073724,-0.00326671
122,76,1.01925,-0.000953989,-0.0033561
122,77,1.02035,-0.00116556,-0.00345108
122,78,1.02148,-0.0013714,-0.00355169
122,79,1.02262,-0.00157102,-0.00365796
122,80,1.02377,-0.00176402,-0.0037695
122,81,1.02494,-0.00195009,-0.00388608
122,82,1.02612,-0.00212898,-0.00400685
122,83,1.02732,-0.00230056,-0.00413136
122,84,1.02852,-0.00246475,-0.00425829
122,85,1.02973,-0.00262155,-0.00438706
122,86,1.03093,-0.00277105,-0.00451592
122,87,1.03214,-0.00291338,-0.00464432
122,88,1.03335,-0.00304875,-0.0047702
122,89,1.03454,-0.00317739,-0.00489318
122,90,1.03573,-0.00329959,-0.00501097
122,91,1.0369,-0.00341564,-0.00512361
122,92,1.03805,-0.00352584,-0.00522864
122,93,1.03918,-0.00363048,-0.00532667
122,94,1.04029,-0.00372982,-0.00541512
122,95,1.04137,-0.00382407,-0.00549528
122,96,1.04242,-0.00391339,-0.0055644
122,97,1.04343,-0.00399787,-0.00562452
122,98,1.04442,-0.00407747,-0.00567258
122,99,1.04537,-0.00415212,-0.00571134
122,100,1.04629,-0.0042216,-0.00573727
122,101,1.04717,-0.00428562,-0.00575374
122,102,1.04802,-0.00434379,-0.00575655
122,103,1.04883,-0.00439565,-0.00574953
122,104,1.0496,-0.00444065,-0.0057276
122,105,1.05034,-0.00447818,-0.00569494
122,106,1.05105,-0.00450755,-0.00564537
122,107,1.05172,-0.00452804,-0.0055833
122,108,1.05236,-0.00453884,-0.00550134
122,109,1.05297,-0.00453913,-0.00540399
122,110,1.05355,-0.00452817,-0.00528266
122,111,1.0541,-0.00450554,-0.00514203
122,112,1.05462,-0.00447149,-0.00497275
122,113,1.05512,-0.0044277,-0.00478049
122,114,1.05559,-0.004378,-0.0045567
122,115,1.05603,-0.00432933,-0.00431044
122,116,1.05645,-0.00429207,-0.00403729
122,117,1.05685,-0.00427951,-0.00375322
122,118,1.05722,-0.00430517,-0.0034608
122,119,1.05757,-0.00437733,-0.00318279
122,120,1.05789,-0.00448973,-0.00292262
122,121,1.05819,-0.00460872,-0.00269405
122,122,1.05847,-0.0046591,-0.00247365
122,123,1.05872,-0.00451556,-0.00222812
122,124,1.05894,-0.00401225,-0.00187274
122,125,1.05911,-0.00299925,-0.00132296
122,126,1.05923,-0.00144393,-0.000496272
122,127,1,-0.00343474,0
123,0,1,0,0
123,1,0.949999,-0.000159716,-0.000268291
123,2,0.95007,0.000457777,-0.000718982
123,3,0.950216,0.00090671,-0.000996311
123,4,0.950421,0.00114374,-0.00113603
123,5,0.950677,0.00120807,-0.00120194
123,6,0.950979,0.00116661,-0.00125954
123,7,0.951326,0.00107806,-0.00134089
123,8,0.951719,0.000982332,-0.00146583
123,9,0.952157,0.000901282,-0.0016299
123,10,0.952642,0.000843555,-0.00183033
123,11,0.953173,0.000809819,-0.00205222
123,12,0.953751,0.000796834,-0.00228995
123,13,0.954376,0.000800097,-0.00253045
123,14,0.955047,0.000815284,-0.00277139
123,15,0.955764,0.000838898,-0.00300375
123,16,0.956526,0.000868389,-0.0032283
123,17,0.95733,0.000902054,-0.00343884
123,18,0.958177,0.000938806,-0.00363773
123,19,0.959065,0.000977972,-0.00382027
123,20,0.959992,0.0010191,-0.00398932
123,21,0.960955,0.00106184,-0.00414099
123,22,0.961953,0.00110589,-0.0042782
123,23,0.962984,0.0011509,-0.00439768
123,24,0.964045,0.00119652,-0.00450234
123,25,0.965132,0.00124236,-0.00458948
123,26,0.966245,0.00128802,-0.00466209
123,27,0.967378,0.00133309,-0.00471807
123,28,0.96853,0.00137714,-0.00476051
123,29,0.969697,0.00141976,-0.00478797
123,30,0.970876,0.00146055,-0.00480366
123,31,0.972064,0.00149915,-0.00480676
123,32,0.973258,0.00153519,-0.00480059
123,33,0.974455,0.00156835,-0.00478486
123,34,0.975652,0.00159833,-0.00476296
123,35,0.976848,0.00162483,-0.00473505
123,36,0.978038,0.00164759,-0.00470448
123,37,0.979223,0.00166637,-0.00467168
123,38,0.980399,0.00168092,-0.00463987
123,39,0.981565,0.00169102,-0.00460958
123,40,0.982719,0.00169644,-0.00458375
123,41,0.983862,0.00169696,-0.00456282
123,42,0.984992,0.00169236,-0.00454931
123,43,0.986108,0.00168242,-0.00454343
123,44,0.987211,0.00166693,-0.0045471
123,45,0.988299,0.00164566,-0.00456018
123,46,0.989374,0.00161842,-0.00458396
123,47,0.990436,0.00158499,-0.00461783
123,48,0.991484,0.0015452,-0.00466241
123,49,0.992519,0.00149889,-0.00471664
123,50,0.993542,0.00144594,-0.00478055
123,51,0.994554,0.00138624,-0.00485266
123,52,0.995554,0.00131976,-0.00493253
123,53,0.996544,0.00124651,-0.00501843
123,54,0.997525,0.00116656,-0.0051096
123,55,0.998498,0.00108004,-0.00520423
123,56,0.999462,0.000987177,-0.00530144
123,57,1.00042,0.000888245,-0.00539951
123,58,1.00137,0.00078361,-0.00549761
123,59,1.00232,0.000673712,-0.00559427
123,60,1.00327,0.000559062,-0.00568887
123,61,1.00421,0.000440242,-0.00578029
123,62,1.00516,0.000317896,-0.0058682
123,63,1.00611,0.000192722,-0.00595186
123,64,1.00706,6.54645e-05,-0.00603129
123,65,1.00801,-6.30955e-05,-0.00610613
123,66,1.00897,-0.000192155,-0.00617669
123,67,1.00994,-0.000320896,-0.00624298
123,68,1.01092,-0.000448501,-0.00630552
123,69,1.01191,-0.000574164,-0.00636461
123,70,1.01291,-0.000697104,-0.00642091
123,71,1.01393,-0.00081657,-0.00647489
123,72,1.01496,-0.000931863,-0.00652725
123,73,1.016,-0.00104234,-0.00657854
123,74,1.01707,-0.00114742,-0.00662937
123,75,1.01815,-0.0012466,-0.00668027
123,76,1.01924,-0.00133947,-0.00673165
123,77,1.02036,-0.0014257,-0.00678391
123,78,1.02149,-0.00150505,-0.00683715
123,79,1.02264,-0.00157739,-0.00689158
123,80,1.02381,-0.0016427,-0.00694689
123,81,1.02499,-0.00170103,-0.00700309
123,82,1.02618,-0.00175254,-0.00705941
123,83,1.02738,-0.00179751,-0.00711567
123,84,1.02859,-0.00183627,-0.00717065
123,85,1.02981,-0.00186924,-0.00722405
123,86,1.03102,-0.00189693,-0.00727427
123,87,1.03224,-0.00191988,-0.00732106
123,88,1.03345,-0.00193871,-0.00736248
123,89,1.03465,-0.00195403,-0.00739853
123,90,1.03585,-0.00196652,-0.00742703
123,91,1.03702,-0.00197681,-0.00744842
123,92,1.03818,-0.00198557,-0.00746037
123,93,1.03931,-0.0019934,-0.00746393
123,94,1.04043,-0.00200088,-0.00745664
123,95,1.04151,-0.00200852,-0.00744028
123,96,1.04256,-0.00201676,-0.00741222
123,97,1.04358,-0.00202596,-0.00737504
123,98,1.04457,-0.00203638,-0.00732582
123,99,1.04552,-0.00204818,-0.00726788
123,100,1.04644,-0.0020614,-0.00719785
123,101,1.04731,-0.00207601,-0.0071197
123,102,1.04816,-0.00209185,-0.00702939
123,103,1.04896,-0.00210868,-0.0069314
123,104,1.04973,-0.00212617,-0.00682082
123,105,1.05046,-0.00214388,-0.00670249
123,106,1.05116,-0.0021613,-0.0065704
123,107,1.05183,-0.00217777,-0.00642961
123,108,1.05246,-0.00219257,-0.00627289
123,109,1.05306,-0.00220485,-0.00610532
123,110,1.05363,-0.00221373,-0.00591838
123,111,1.05418,-0.00221843,-0.00571718
123,112,1.05469,-0.00221861,-0.00549223
123,113,1.05518,-0.00221479,-0.00524936
123,114,1.05564,-0.00220901,-0.0049795
123,115,1.05608,-0.00220552,-0.00469144
123,116,1.05649,-0.00221113,-0.00437978
123,117,1.05688,-0.00223492,-0.00405991
123,118,1.05725,-0.00228652,-0.00373327
123,119,1.05759,-0.00237226,-0.00342237
123,120,1.05791,-0.00248865,-0.00313055
123,121,1.05821,-0.00261293,-0.00287285
123,122,1.05849,-0.00269192,-0.00262689
123,123,1.05875,-0.00263188,-0.0023588
123,124,1.05899,-0.00229691,-0.00197588
123,125,1.05917,-0.00153585,-0.00138579
123,126,1.05929,-0.000243542,-0.000518317
123,127,1,-0.00343474,0
124,0,1,0,0
124,1,0.950023,0.000763429,-0.000281557
124,2,0.950097,0.00123701,-0.00076552
124,3,0.950252,0.00152817,-0.00106785
124,4,0.950469,0.00167101,-0.00123333
124,5,0.950729,0.00171262,-0.00133115
124,6,0.951031,0.00169741,-0.00142389
124,7,0.951375,0.00166116,-0.0015384
124,8,0.951763,0.00162728,-0.00169147
124,9,0.952195,0.001608,-0.00187738
124,10,0.952674,0.00160753,-0.0020939
124,11,0.9532,0.00162532,-0.00232725
124,12,0.953773,0.00165853,-0.00257354
124,13,0.954393,0.00170364,-0.00282115
124,14,0.955059,0.00175736,-0.00306926
124,15,0.955771,0.00181694,-0.00330981
124,16,0.956528,0.00188029,-0.00354449
124,17,0.957328,0.00194588,-0.00376757
124,18,0.958171,0.00201264,-0.00398184
124,19,0.959054,0.00207975,-0.0041827
124,20,0.959977,0.00214661,-0.00437318
124,21,0.960936,0.00221272,-0.00454928
124,22,0.96193,0.00227765,-0.00471394
124,23,0.962957,0.00234102,-0.00486365
124,24,0.964013,0.00240246,-0.00500124
124,25,0.965097,0.00246163,-0.00512374
124,26,0.966205,0.00251825,-0.00523398
124,27,0.967335,0.00257204,-0.00532956
124,28,0.968482,0.00262277,-0.00541338
124,29,0.969645,0.00267023,-0.00548367
124,30,0.97082,0.00271426,-0.00554345
124,31,0.972003,0.00275471,-0.00559156
124,32,0.973193,0.00279147,-0.00563113
124,33,0.974385,0.00282445,-0.0056616
124,34,0.975577,0.00285356,-0.00568614
124,35,0.976767,0.00287873,-0.00570467
124,36,0.977952,0.00289989,-0.00572038
124,37,0.979131,0.00291698,-0.00573348
124,38,0.980301,0.0029299,-0.00574707
124,39,0.98146,0.00293857,-0.00576151
124,40,0.982609,0.00294288,-0.00577962
124,41,0.983745,0.0029427,-0.00580175
124,42,0.984868,0.00293788,-0.0058303
124,43,0.985978,0.00292825,-0.00586539
124,44,0.987074,0.00291362,-0.0059089
124,45,0.988157,0.00289379,-0.0059606
124,46,0.989226,0.00286854,-0.00602171
124,47,0.990283,0.00283767,-0.00609156
124,48,0.991326,0.00280094,-0.00617072
124,49,0.992357,0.00275816,-0.00625806
124,50,0.993377,0.00270913,-0.00635355
124,51,0.994386,0.00265368,-0.00645565
124,52,0.995385,0.00259168,-0.00656386
124,53,0.996375,0.00252306,-0.00667639
124,54,0.997356,0.00244775,-0.0067924
124,55,0.99833,0.00236579,-0.00691002
124,56,0.999297,0.00227723,-0.0070283
124,57,1.00026,0.00218223,-0.00714547
124,58,1.00122,0.00208096,-0.00726062
124,59,1.00217,0.00197369,-0.00737224
124,60,1.00312,0.00186073,-0.00747964
124,61,1.00408,0.00174246,-0.00758164
124,62,1.00503,0.00161929,-0.00767786
124,63,1.00598,0.00149169,-0.00776752
124,64,1.00694,0.00136016,-0.00785055
124,65,1.0079,0.00122522,-0.00792659
124,66,1.00887,0.00108742,-0.00799585
124,67,1.00985,0.000947333,-0.00805833
124,68,1.01084,0.000805518,-0.00811447
124,69,1.01184,0.000662547,-0.00816454
124,70,1.01285,0.000518979,-0.00820914
124,71,1.01388,0.00037536,-0.00824871
124,72,1.01491,0.000232213,-0.0082839
124,73,1.01597,9.00376e-05,-0.00831524
124,74,1.01704,-5.07007e-05,-0.00834329
124,75,1.01813,-0.000189573,-0.00836858
124,76,1.01924,-0.000326189,-0.00839148
124,77,1.02036,-0.000460205,-0.00841243
124,78,1.0215,-0.000591322,-0.00843151
124,79,1.02266,-0.000719292,-0.00844897
124,80,1.02384,-0.000843912,-0.00846453
124,81,1.02502,-0.000965031,-0.00847827
124,82,1.02622,-0.00108254,-0.00848946
124,83,1.02744,-0.00119637,-0.00849804
124,84,1.02865,-0.00130651,-0.00850285
124,85,1.02988,-0.00141295,-0.00850379
124,86,1.03111,-0.00151573,-0.0084993
124,87,1.03233,-0.00161491,-0.00848939
124,88,1.03355,-0.00171056,-0.0084722
124,89,1.03476,-0.00180275,-0.00844802
124,90,1.03596,-0.00189157,-0.00841479
124,91,1.03714,-0.00197708,-0.00837328
124,92,1.03831,-0.00205935,-0.00832128
124,93,1.03945,-0.00213843,-0.00826022
124,94,1.04057,-0.00221434,-0.00818778
124,95,1.04165,-0.00228707,-0.00810616
124,96,1.04271,-0.00235659,-0.00801287
124,97,1.04373,-0.00242283,-0.00791094
124,98,1.04472,-0.0024857,-0.0077976
124,99,1.04568,-0.00254506,-0.00767665
124,100,1.04659,-0.00260073,-0.00754489
124,101,1.04747,-0.00265254,-0.0074068
124,102,1.04831,-0.00270025,-0.00725853
124,103,1.04911,-0.00274363,-0.0071051
124,104,1.04988,-0.00278243,-0.00694181
124,105,1.05061,-0.0028164,-0.00677408
124,106,1.0513,-0.00284524,-0.00659614
124,107,1.05196,-0.0028687,-0.00641365
124,108,1.05259,-0.00288648,-0.00621962
124,109,1.05318,-0.00289829,-0.00601976
124,110,1.05375,-0.00290386,-0.00580574
124,111,1.05428,-0.00290302,-0.00558324
124,112,1.05479,-0.00289586,-0.00534278
124,113,1.05527,-0.00288297,-0.00509051
124,114,1.05573,-0.0028658,-0.00481696
124,115,1.05616,-0.00284703,-0.00453062
124,116,1.05657,-0.00283086,-0.00422492
124,117,1.05695,-0.00282293,-0.00391418
124,118,1.05731,-0.00282948,-0.00359807
124,119,1.05765,-0.00285541,-0.00329805
124,120,1.05797,-0.00290072,-0.00301697
124,121,1.05827,-0.00295526,-0.00277184
124,122,1.05856,-0.00299167,-0.00254452
124,123,1.05883,-0.00295666,-0.00230754
124,124,1.0591,-0.00276188,-0.00196882
124,125,1.05931,-0.00226202,-0.00141316
124,126,1.05944,-0.00125148,-0.000528318
124,127,1,-0.00343474,0
125,0,1,0,0
125,1,0.949923,-0.000199558,-0.000279137
125,2,0.950058,8.88087e-05,-0.000715114
125,3,0.950247,0.000210282,-0.000966082
125,4,0.950478,0.000252044,-0.0011058
125,5,0.950744,0.000254622,-0.00119944
125,6,0.951045,0.000234957,-0.00129644
125,7,0.951386,0.00020544,-0.00141246
125,8,0.951769,0.000174587,-0.00155873
125,9,0.952197,0.000146826,-0.00172814
125,10,0.952671,0.000123673,-0.00191977
125,11,0.953192,0.000105014,-0.00212195
125,12,0.953761,9.00883e-05,-0.00233327
125,13,0.954378,7.79898e-05,-0.0025442
125,14,0.955041,6.79776e-05,-0.0027557
125,15,0.95575,5.9511e-05,-0.00296091
125,16,0.956504,5.2298e-05,-0.00316247
125,17,0.957302,4.6184e-05,-0.00335513
125,18,0.958142,4.11537e-05,-0.0035421
125,19,0.959023,3.72137e-05,-0.00371888
125,20,0.959943,3.44195e-05,-0.00388865
125,21,0.9609,3.27841e-05,-0.00404734
125,22,0.961892,3.23326e-05,-0.00419791
125,23,0.962917,3.30303e-05,-0.00433669
125,24,0.963972,3.48503e-05,-0.00446645
125,25,0.965054,3.77105e-05,-0.00458401
125,26,0.966161,4.15428e-05,-0.00469204
125,27,0.967289,4.62339e-05,-0.0047879
125,28,0.968435,5.16918e-05,-0.00487427
125,29,0.969596,5.77885e-05,-0.00494908
125,30,0.970769,6.44214e-05,-0.00501508
125,31,0.971951,7.14584e-05,-0.00507079
125,32,0.973138,7.87934e-05,-0.00511904
125,33,0.974328,8.62941e-05,-0.0051589
125,34,0.975518,9.38515e-05,-0.00519326
125,35,0.976705,0.00010133,-0.00522166
125,36,0.977887,0.000108614,-0.00524701
125,37,0.979062,0.000115558,-0.00526918
125,38,0.980228,0.000122031,-0.00529099
125,39,0.981384,0.00012787,-0.0053125
125,40,0.982528,0.000132922,-0.00533632
125,41,0.98366,0.000137002,-0.00536254
125,42,0.984779,0.000139932,-0.00539339
125,43,0.985884,0.000141506,-0.00542885
125,44,0.986976,0.000141525,-0.00547067
125,45,0.988054,0.00013977,-0.00551855
125,46,0.989119,0.000136035,-0.00557369
125,47,0.990171,0.000130105,-0.00563542
125,48,0.99121,0.000121789,-0.00570439
125,49,0.992239,0.0001109,-0.00577956
125,50,0.993256,9.72886e-05,-0.00586103
125,51,0.994263,8.08241e-05,-0.00594744
125,52,0.995261,6.14242e-05,-0.00603848
125,53,0.99625,3.90417e-05,-0.0061326
125,54,0.997231,1.36855e-05,-0.00622919
125,55,0.998206,-1.45906e-05,-0.00632665
125,56,0.999175,-4.56724e-05,-0.00642427
125,57,1.00014,-7.93977e-05,-0.00652053
125,58,1.0011,-0.000115545,-0.00661479
125,59,1.00206,-0.000153849,-0.00670572
125,60,1.00302,-0.000193993,-0.00679285
125,61,1.00397,-0.000235624,-0.00687517
125,62,1.00493,-0.000278351,-0.00695243
125,63,1.00589,-0.000321761,-0.00702396
125,64,1.00686,-0.000365416,-0.00708974
125,65,1.00783,-0.000408872,-0.00714944
125,66,1.0088,-0.000451676,-0.00720327
125,67,1.00979,-0.000493383,-0.00725117
125,68,1.01078,-0.000533557,-0.00729352
125,69,1.01179,-0.000571782,-0.00733049
125,70,1.01281,-0.000607665,-0.00736253
125,71,1.01384,-0.000640851,-0.00738995
125,72,1.01488,-0.000671014,-0.00741323
125,73,1.01594,-0.000697881,-0.00743274
125,74,1.01702,-0.000721221,-0.00744885
125,75,1.01812,-0.000740864,-0.00746194
125,76,1.01923,-0.000756689,-0.00747219
125,77,1.02036,-0.000768646,-0.0074799
125,78,1.02151,-0.000776735,-0.00748499
125,79,1.02267,-0.00078103,-0.00748764
125,80,1.02385,-0.000781655,-0.00748744
125,81,1.02504,-0.000778804,-0.00748446
125,82,1.02625,-0.000772713,-0.00747791
125,83,1.02747,-0.000763682,-0.00746779
125,84,1.02869,-0.000752033,-0.00745295
125,85,1.02992,-0.000738146,-0.00743344
125,86,1.03115,-0.000722403,-0.00740778
125,87,1.03238,-0.000705229,-0.0073762
125,88,1.03361,-0.00068703,-0.00733696
125,89,1.03483,-0.000668244,-0.00729066
125,90,1.03603,-0.000649268,-0.00723538
125,91,1.03722,-0.000630521,-0.00717221
125,92,1.03839,-0.000612359,-0.00709914
125,93,1.03954,-0.000595158,-0.00701791
125,94,1.04066,-0.00057921,-0.00692636
125,95,1.04175,-0.000564823,-0.00682702
125,96,1.04281,-0.000552212,-0.00671753
125,97,1.04383,-0.000541607,-0.00660122
125,98,1.04482,-0.000533133,-0.00647543
125,99,1.04578,-0.000526937,-0.00634425
125,100,1.04669,-0.00052306,-0.00620455
125,101,1.04757,-0.000521566,-0.00606114
125,102,1.04841,-0.000522416,-0.00591022
125,103,1.04921,-0.000525603,-0.00575716
125,104,1.04997,-0.000531012,-0.00559735
125,105,1.0507,-0.000538563,-0.00543661
125,106,1.05139,-0.000548063,-0.00526935
125,107,1.05204,-0.000559342,-0.00510168
125,108,1.05267,-0.000572106,-0.00492688
125,109,1.05326,-0.000586073,-0.00475123
125,110,1.05382,-0.000600841,-0.00456675
125,111,1.05435,-0.000616057,-0.00437976
125,112,1.05486,-0.000631359,-0.00418113
125,113,1.05534,-0.000646632,-0.00397748
125,114,1.05579,-0.000662059,-0.00375927
125,115,1.05622,-0.000678451,-0.00353477
125,116,1.05662,-0.000697292,-0.00329623
125,117,1.057,-0.000720837,-0.00305629
125,118,1.05736,-0.000751675,-0.00281192
125,119,1.05769,-0.000791952,-0.00258189
125,120,1.05801,-0.00084167,-0.0023668
125,121,1.05831,-0.000896339,-0.00218493
125,122,1.0586,-0.000944349,-0.00202577
125,123,1.05889,-0.000965329,-0.00187827
125,124,1.05919,-0.000920912,-0.00166715
125,125,1.05949,-0.000701146,-0.00127379
125,126,1.05976,-6.7658e-05,-0.000522128
125,127,1,-0.00343474,0
126,0,1,0,0
126,1,0.949715,0.000643359,-0.000183967
126,2,0.94996,0.000724772,-0.000374216
126,3,0.95022,0.000744359,-0.000453251
126,4,0.950469,0.000753007,-0.000506275
126,5,0.950735,0.000759715,-0.000549371
126,6,0.951033,0.000766009,-0.000598687
126,7,0.951368,0.000773853,-0.000655407
126,8,0.951745,0.000785049,-0.000726453
126,9,0.952168,0.000800489,-0.000805258
126,10,0.952637,0.000820204,-0.000894082
126,11,0.953155,0.000843782,-0.000985141
126,12,0.953722,0.000870543,-0.00108081
126,13,0.954337,0.000899788,-0.00117453
126,14,0.954998,0.000930787,-0.00126956
126,15,0.955707,0.000962938,-0.00136056
126,16,0.95646,0.000995663,-0.00145126
126,17,0.957258,0.00102853,-0.00153704
126,18,0.958098,0.00106111,-0.00162163
126,19,0.958979,0.00109312,-0.00170086
126,20,0.959899,0.00112424,-0.0017782
126,21,0.960857,0.00115427,-0.00184981
126,22,0.96185,0.00118298,-0.00191886
126,23,0.962876,0.00121026,-0.00198186
126,24,0.963932,0.00123594,-0.00204172
126,25,0.965015,0.00125997,-0.0020953
126,26,0.966123,0.00128227,-0.00214533
126,27,0.967252,0.00130282,-0.00218907
126,28,0.968399,0.00132161,-0.00222908
126,29,0.969562,0.00133866,-0.00226305
126,30,0.970736,0.001354,-0.00229342
126,31,0.971918,0.00136769,-0.0023183
126,32,0.973106,0.00137977,-0.00234004
126,33,0.974297,0.00139033,-0.00235714
126,34,0.975487,0.00139941,-0.00237186
126,35,0.976674,0.0014071,-0.00238305
126,36,0.977855,0.00141343,-0.00239287
126,37,0.979029,0.00141846,-0.00240043
126,38,0.980194,0.0014222,-0.00240776
126,39,0.981348,0.00142469,-0.00241418
126,40,0.982489,0.0014259,-0.00242154
126,41,0.983619,0.00142584,-0.00242925
126,42,0.984734,0.00142443,-0.00243892
126,43,0.985836,0.00142165,-0.00245
126,44,0.986925,0.0014174,-0.00246382
126,45,0.987999,0.0014116,-0.00247977
126,46,0.989061,0.00140414,-0.00249889
126,47,0.99011,0.00139493,-0.00252046
126,48,0.991147,0.00138384,-0.00254521
126,49,0.992172,0.00137078,-0.00257233
126,50,0.993187,0.00135562,-0.00260227
126,51,0.994192,0.00133829,-0.00263413
126,52,0.995188,0.00131867,-0.00266813
126,53,0.996177,0.00129672,-0.00270334
126,54,0.997158,0.00127236,-0.00273981
126,55,0.998133,0.00124558,-0.00277664
126,56,0.999103,0.00121634,-0.0028138
126,57,1.00007,0.00118466,-0.00285046
126,58,1.00103,0.00115057,-0.00288658
126,59,1.00199,0.0011141,-0.00292146
126,60,1.00295,0.00107531,-0.0029551
126,61,1.00391,0.00103428,-0.00298694
126,62,1.00487,0.000991097,-0.00301705
126,63,1.00584,0.000945853,-0.00304502
126,64,1.0068,0.00089865,-0.003071
126,65,1.00778,0.000849602,-0.00309474
126,66,1.00876,0.000798816,-0.00311644
126,67,1.00975,0.000746414,-0.00313597
126,68,1.01075,0.000692508,-0.00315357
126,69,1.01175,0.000637222,-0.00316921
126,70,1.01278,0.000580666,-0.00318313
126,71,1.01381,0.000522965,-0.00319537
126,72,1.01486,0.000464229,-0.00320612
126,73,1.01592,0.000404581,-0.00321548
126,74,1.01701,0.000344126,-0.00322355
126,75,1.0181,0.000282989,-0.00323044
126,76,1.01922,0.000221269,-0.00323612
126,77,1.02035,0.000159092,-0.0032407
126,78,1.0215,9.655e-05,-0.00324398
126,79,1.02267,3.37756e-05,-0.00324607
126,80,1.02385,-2.91434e-05,-0.00324655
126,81,1.02505,-9.2066e-05,-0.00324556
126,82,1.02626,-0.000154905,-0.00324246
126,83,1.02748,-0.000217502,-0.00323745
126,84,1.02871,-0.000279766,-0.00322965
126,85,1.02995,-0.000341516,-0.00321942
126,86,1.03119,-0.000402653,-0.00320562
126,87,1.03242,-0.000462965,-0.00318889
126,88,1.03365,-0.000522343,-0.00316785
126,89,1.03488,-0.000580546,-0.00314348
126,90,1.03609,-0.000637456,-0.00311418
126,91,1.03728,-0.000692801,-0.00308139
126,92,1.03845,-0.000746467,-0.00304328
126,93,1.03961,-0.000798157,-0.00300182
126,94,1.04073,-0.000847767,-0.00295489
126,95,1.04183,-0.000894993,-0.00290508
126,96,1.04289,-0.000939752,-0.00284993
126,97,1.04392,-0.000981741,-0.00279267
126,98,1.04491,-0.00102092,-0.00273041
126,99,1.04587,-0.00105699,-0.00266705
126,100,1.04678,-0.00108996,-0.00259914
126,101,1.04766,-0.00111957,-0.00253122
126,102,1.0485,-0.00114587,-0.00245921
126,103,1.0493,-0.00116864,-0.00238827
126,104,1.05006,-0.001188,-0.00231354
126,105,1.05079,-0.00120377,-0.00224078
126,106,1.05148,-0.00121613,-0.0021643
126,107,1.05213,-0.00122497,-0.00209036
126,108,1.05275,-0.00123056,-0.00201241
126,109,1.05334,-0.00123285,-0.00193715
126,110,1.0539,-0.00123219,-0.00185708
126,111,1.05443,-0.00122862,-0.00177931
126,112,1.05493,-0.00122254,-0.00169542
126,113,1.05541,-0.00121412,-0.00161294
126,114,1.05586,-0.0012038,-0.00152285
126,115,1.05629,-0.00119185,-0.00143358
126,116,1.05669,-0.00117882,-0.00133639
126,117,1.05707,-0.00116509,-0.00124174
126,118,1.05743,-0.00115136,-0.00114254
126,119,1.05776,-0.00113815,-0.0010523
126,120,1.05807,-0.00112609,-0.000965805
126,121,1.05836,-0.00111526,-0.000897424
126,122,1.05865,-0.00110543,-0.000837954
126,123,1.05894,-0.00109678,-0.000793628
126,124,1.05927,-0.00108862,-0.000743604
126,125,1.05972,-0.00106092,-0.000659284
126,126,1.06024,-0.000892852,-0.000347007
126,127,1,-0.00343474,0
127,0,1,0,0
127,1,1,0.00343474,0
127,2,1,0.0068612,0
127,3,1,0.0102711,0
127,4,1,0.0136563,0
127,5,1,0.0170086,0
127,6,1,0.0203199,0
127,7,1,0.0235823,0
127,8,1,0.0267878,0
127,9,1,0.0299289,0
127,10,1,0.0329978,0
127,11,1,0.0359872,0
127,12,1,0.0388899,0
127,13,1,0.041699,0
127,14,1,0.0444075,0
127,15,1,0.0470091,0
127,16,1,0.0494975,0
127,17,1,0.0518666,0
127,18,1,0.0541107,0
127,19,1,0.0562245,0
127,20,1,0.0582029,0
127,21,1,0.060041,0
127,22,1,0.0617345,0
127,23,1,0.0632793,0
127,24,1,0.0646716,0
127,25,1,0.0659081,0
127,26,1,0.0669858,0
127,27,1,0.0679022,0
127,28,1,0.068655,0
127,29,1,0.0692424,0
127,30,1,0.0696629,0
127,31,1,0.0699157,0
127,32,1,0.07,0
127,33,1,0.0699157,0
127,34,1,0.0696629,0
127,35,1,0.0692424,0
127,36,1,0.068655,0
127,37,1,0.0679022,0
127,38,1,0.0669858,0
127,39,1,0.0659081,0
127,40,1,0.0646716,0
127,41,1,0.0632793,0
127,42,1,0.0617345,0
127,43,1,0.060041,0
127,44,1,0.0582029,0
127,45,1,0.0562245,0
127,46,1,0.0541107,0
127,47,1,0.0518666,0
127,48,1,0.0494975,0
127,49,1,0.0470091,0
127,50,1,0.0444075,0
127,51,1,0.041699,0
127,52,1,0.0388899,0
127,53,1,0.0359872,0
127,54,1,0.0329978,0
127,55,1,0.0299289,0
127,56,1,0.0267878,0
127,57,1,0.0235823,0
127,58,1,0.0203199,0
127,59,1,0.0170086,0
127,60,1,0.0136563,0
127,61,1,0.0102711,0
127,62,1,0.0068612,0
127,63,1,0.00343474,0
127,64,1,8.57253e-18,0
127,65,1,-0.00343474,0
127,66,1,-0.0068612,0
127,67,1,-0.0102711,0
127,68,1,-0.0136563,0
127,69,1,-0.0170086,0
127,70,1,-0.0203199,0
127,71,1,-0.0235823,0
127,72,1,-0.0267878,0
127,73,1,-0.0299289,0
127,74,1,-0.0329978,0
127,75,1,-0.0359872,0
127,76,1,-0.0388899,0
127,77,1,-0.041699,0
127,78,1,-0.0444075,0
127,79,1,-0.0470091,0
127,80,1,-0.0494975,0
127,81,1,-0.0518666,0
127,82,1,-0.0541107,0
127,83,1,-0.0562245,0
127,84,1,-0.0582029,0
127,85,1,-0.060041,0
127,86,1,-0.0617345,0
127,87,1,-0.0632793,0
127,88,1,-0.0646716,0
127,89,1,-0.0659081,0
127,90,1,-0.0669858,0
127,91,1,-0.0679022,0
127,92,1,-0.068655,0
127,93,1,-0.0692424,0
127,94,1,-0.0696629,0
127,95,1,-0.0699157,0
127,96,1,-0.07,0
127,97,1,-0.0699157,0
127,98,1,-0.0696629,0
127,99,1,-0.0692424,0
127,100,1,-0.068655,0
127,101,1,-0.0679022,0
127,102,1,-0.0669858,0
127,103,1,-0.0659081,0
127,104,1,-0.0646716,0
127,105,1,-0.0632793,0
127,106,1,-0.0617345,0
127,107,1,-0.060041,0
127,108,1,-0.0582029,0
127,109,1,-0.0562245,0
127,110,1,-0.0541107,0
127,111,1,-0.0518666,0
127,112,1,-0.0494975,0
127,113,1,-0.0470091,0
127,114,1,-0.0444075,0
127,115,1,-0.041699,0
127,116,1,-0.0388899,0
127,117,1,-0.0359872,0
127,118,1,-0.0329978,0
127,119,1,-0.0299289,0
127,120,1,-0.0267878,0
127,121,1,-0.0235823,0
127,122,1,-0.0203199,0
127,123,1,-0.0170086,0
127,124,1,-0.0136563,0
127,125,1,-0.0102711,0
127,126,1,-0.0068612,0
127,127,1,-0.00343474,0
