x,y,rho,ux,uy
0,0,1,0,0
0,1,1,0.00343474,0
0,2,1,0.0068612,0
0,3,1,0.0102711,0
0,4,1,0.0136563,0
0,5,1,0.0170086,0
0,6,1,0.0203199,0
0,7,1,0.0235823,0
0,8,1,0.0267878,0
0,9,1,0.0299289,0
0,10,1,0.0329978,0
0,11,1,0.0359872,0
0,12,1,0.0388899,0
0,13,1,0.041699,0
0,14,1,0.0444075,0
0,15,1,0.0470091,0
0,16,1,0.0494975,0
0,17,1,0.0518666,0
0,18,1,0.0541107,0
0,19,1,0.0562245,0
0,20,1,0.0582029,0
0,21,1,0.060041,0
0,22,1,0.0617345,0
0,23,1,0.0632793,0
0,24,1,0.0646716,0
0,25,1,0.0659081,0
0,26,1,0.0669858,0
0,27,1,0.0679022,0
0,28,1,0.068655,0
0,29,1,0.0692424,0
0,30,1,0.0696629,0
0,31,1,0.0699157,0
0,32,1,0.07,0
0,33,1,0.0699157,0
0,34,1,0.0696629,0
0,35,1,0.0692424,0
0,36,1,0.068655,0
0,37,1,0.0679022,0
0,38,1,0.0669858,0
0,39,1,0.0659081,0
0,40,1,0.0646716,0
0,41,1,0.0632793,0
0,42,1,0.0617345,0
0,43,1,0.060041,0
0,44,1,0.0582029,0
0,45,1,0.0562245,0
0,46,1,0.0541107,0
0,47,1,0.0518666,0
0,48,1,0.0494975,0
0,49,1,0.0470091,0
0,50,1,0.0444075,0
0,51,1,0.041699,0
0,52,1,0.0388899,0
0,53,1,0.0359872,0
0,54,1,0.0329978,0
0,55,1,0.0299289,0
0,56,1,0.0267878,0
0,57,1,0.0235823,0
0,58,1,0.0203199,0
0,59,1,0.0170086,0
0,60,1,0.0136563,0
0,61,1,0.0102711,0
0,62,1,0.0068612,0
0,63,1,0.00343474,0
0,64,1,8.57253e-18,0
0,65,1,-0.00343474,0
0,66,1,-0.0068612,0
0,67,1,-0.0102711,0
0,68,1,-0.0136563,0
0,69,1,-0.0170086,0
0,70,1,-0.0203199,0
0,71,1,-0.0235823,0
0,72,1,-0.0267878,0
0,73,1,-0.0299289,0
0,74,1,-0.0329978,0
0,75,1,-0.0359872,0
0,76,1,-0.0388899,0
0,77,1,-0.041699,0
0,78,1,-0.0444075,0
0,79,1,-0.0470091,0
0,80,1,-0.0494975,0
0,81,1,-0.0518666,0
0,82,1,-0.0541107,0
0,83,1,-0.0562245,0
0,84,1,-0.0582029,0
0,85,1,-0.060041,0
0,86,1,-0.0617345,0
0,87,1,-0.0632793,0
0,88,1,-0.0646716,0
0,89,1,-0.0659081,0
0,90,1,-0.0669858,0
0,91,1,-0.0679022,0
0,92,1,-0.068655,0
0,93,1,-0.0692424,0
0,94,1,-0.0696629,0
0,95,1,-0.0699157,0
0,96,1,-0.07,0
0,97,1,-0.0699157,0
0,98,1,-0.0696629,0
0,99,1,-0.0692424,0
0,100,1,-0.068655,0
0,101,1,-0.0679022,0
0,102,1,-0.0669858,0
0,103,1,-0.0659081,0
0,104,1,-0.0646716,0
0,105,1,-0.0632793,0
0,106,1,-0.0617345,0
0,107,1,-0.060041,0
0,108,1,-0.0582029,0
0,109,1,-0.0562245,0
0,110,1,-0.0541107,0
0,111,1,-0.0518666,0
0,112,1,-0.0494975,0
0,113,1,-0.0470091,0
0,114,1,-0.0444075,0
0,115,1,-0.041699,0
0,116,1,-0.0388899,0
0,117,1,-0.0359872,0
0,118,1,-0.0329978,0
0,119,1,-0.0299289,0
0,120,1,-0.0267878,0
0,121,1,-0.0235823,0
0,122,1,-0.0203199,0
0,123,1,-0.0170086,0
0,124,1,-0.0136563,0
0,125,1,-0.0102711,0
0,126,1,-0.0068612,0
0,127,1,-0.00343474,0
1,0,1,0,0
1,1,1.01653,0.000789857,0.000329191
1,2,1.0161,0.000931017,0.000655734
1,3,1.01572,0.000943977,0.000814413
1,4,1.01543,0.000946398,0.000955362
1,5,1.01513,0.000954549,0.00108606
1,6,1.01482,0.000965622,0.00121073
1,7,1.01448,0.000977755,0.00132776
1,8,1.01411,0.000990701,0.00144545
1,9,1.0137,0.00100442,0.00155974
1,10,1.01327,0.00101857,0.00167479
1,11,1.01281,0.00103283,0.00178398
1,12,1.01232,0.00104675,0.00189001
1,13,1.0118,0.00105998,0.00198625
1,14,1.01127,0.00107209,0.00207569
1,15,1.01072,0.00108279,0.00215279
1,16,1.01016,0.00109173,0.00222123
1,17,1.00959,0.00109871,0.00227655
1,18,1.00902,0.00110341,0.0023228
1,19,1.00845,0.00110572,0.00235623
1,20,1.0079,0.00110538,0.00238091
1,21,1.00735,0.00110235,0.00239355
1,22,1.00683,0.0010964,0.002398
1,23,1.00632,0.00108754,0.00239137
1,24,1.00585,0.00107562,0.00237723
1,25,1.0054,0.00106066,0.00235306
1,26,1.00499,0.00104256,0.00232213
1,27,1.00462,0.00102139,0.00228227
1,28,1.00429,0.000997078,0.00223649
1,29,1.004,0.000969732,0.00218297
1,30,1.00377,0.000939326,0.00212444
1,31,1.00358,0.00090599,0.00205944
1,32,1.00344,0.000869747,0.0019904
1,33,1.00336,0.000830757,0.00191623
1,34,1.00333,0.000789087,0.0018391
1,35,1.00335,0.000744931,0.00175821
1,36,1.00342,0.000698397,0.0016755
1,37,1.00355,0.000649714,0.00159044
1,38,1.00373,0.00059903,0.00150475
1,39,1.00396,0.0005466,0.00141814
1,40,1.00424,0.000492611,0.00133209
1,41,1.00456,0.000437337,0.00124652
1,42,1.00492,0.000380993,0.0011627
1,43,1.00532,0.000323866,0.00108071
1,44,1.00575,0.000266188,0.00100162
1,45,1.00621,0.000208245,0.000925618
1,46,1.0067,0.000150275,0.000853582
1,47,1.00721,9.25544e-05,0.000785791
1,48,1.00773,3.53096e-05,0.000722934
1,49,1.00826,-2.12043e-05,0.000665353
1,50,1.0088,-7.67836e-05,0.000613566
1,51,1.00934,-0.000131207,0.000567958
1,52,1.00988,-0.000184305,0.000528889
1,53,1.01041,-0.0002359,0.000496779
1,54,1.01093,-0.000285864,0.000471845
1,55,1.01143,-0.000334069,0.000454537
1,56,1.01192,-0.000380435,0.000444942
1,57,1.01239,-0.000424886,0.000443539
1,58,1.01283,-0.000467394,0.000450293
1,59,1.01325,-0.00050793,0.000465706
1,60,1.01364,-0.000546515,0.000489622
1,61,1.01399,-0.000583167,0.000522559
1,62,1.01432,-0.000617947,0.000564233
1,63,1.01462,-0.000650912,0.000615165
1,64,1.01488,-0.000682156,0.000674923
1,65,1.01511,-0.000711765,0.000744017
1,66,1.01531,-0.000739854,0.000821845
1,67,1.01547,-0.000766525,0.000908887
1,68,1.01559,-0.000791906,0.00100435
1,69,1.01568,-0.000816104,0.00110866
1,70,1.01573,-0.000839249,0.00122081
1,71,1.01574,-0.000861441,0.00134119
1,72,1.01571,-0.000882801,0.00146854
1,73,1.01564,-0.000903418,0.0016032
1,74,1.01553,-0.000923397,0.00174368
1,75,1.01538,-0.000942806,0.00189027
1,76,1.01518,-0.000961729,0.00204124
1,77,1.01493,-0.00098021,0.00219686
1,78,1.01464,-0.000998307,0.00235514
1,79,1.01431,-0.00101604,0.00251639
1,80,1.01392,-0.00103344,0.00267837
1,81,1.01348,-0.00105048,0.00284143
1,82,1.013,-0.00106719,0.00300311
1,83,1.01246,-0.0010835,0.00316387
1,84,1.01187,-0.0010994,0.00332099
1,85,1.01123,-0.0011148,0.00347513
1,86,1.01054,-0.00112966,0.00362334
1,87,1.00979,-0.00114387,0.0037665
1,88,1.009,-0.00115735,0.00390148
1,89,1.00816,-0.00116997,0.00402943
1,90,1.00727,-0.00118164,0.00414704
1,91,1.00634,-0.00119221,0.00425585
1,92,1.00536,-0.00120157,0.00435239
1,93,1.00435,-0.00120958,0.0044386
1,94,1.0033,-0.00121612,0.00451085
1,95,1.00222,-0.00122108,0.00457161
1,96,1.00112,-0.00122435,0.00461708
1,97,0.999988,-0.00122583,0.00465025
1,98,0.998843,-0.00122545,0.00466712
1,99,0.997685,-0.00122313,0.00467129
1,100,0.996521,-0.00121887,0.00465852
1,101,0.995354,-0.00121264,0.004633
1,102,0.994191,-0.00120445,0.00459019
1,103,0.993037,-0.00119435,0.00453491
1,104,0.991896,-0.00118242,0.00446225
1,105,0.990774,-0.00116874,0.00437763
1,106,0.989674,-0.00115346,0.00427575
1,107,0.988603,-0.00113675,0.00416263
1,108,0.987563,-0.0011188,0.00403255
1,109,0.986559,-0.00109987,0.00389214
1,110,0.985595,-0.00108025,0.0037353
1,111,0.984675,-0.00106028,0.00356935
1,112,0.9838,-0.00104037,0.00338797
1,113,0.982976,-0.00102097,0.00319933
1,114,0.982204,-0.00100256,0.00299711
1,115,0.981486,-0.000985649,0.00279057
1,116,0.980826,-0.000970673,0.00257359
1,117,0.980223,-0.000957949,0.00235638
1,118,0.979679,-0.000947563,0.00213269
1,119,0.979194,-0.000939325,0.0019128
1,120,0.978767,-0.000932727,0.0016891
1,121,0.978395,-0.000927021,0.0014704
1,122,0.978077,-0.000921795,0.00124671
1,123,0.977809,-0.000918857,0.00102769
1,124,0.977565,-0.000922245,0.000811791
1,125,0.97727,-0.000918665,0.000608985
1,126,0.976932,-0.000803192,0.000293059
1,127,1,-0.00343474,0
2,0,1,0,0
2,1,1.01606,6.85559e-05,0.000510802
2,2,1.01585,0.000562901,0.00133995
2,3,1.01561,0.000711515,0.00192586
2,4,1.01535,0.000752683,0.00236985
2,5,1.01507,0.000768341,0.00273803
2,6,1.01476,0.000768204,0.00307141
2,7,1.01442,0.000755331,0.00338238
2,8,1.01406,0.000734736,0.0036857
2,9,1.01366,0.000711539,0.00398095
2,10,1.01323,0.000689585,0.00427305
2,11,1.01277,0.000671104,0.00455411
2,12,1.01229,0.000656946,0.00482439
2,13,1.01178,0.00064698,0.00507473
2,14,1.01125,0.000640591,0.00530588
2,15,1.01071,0.000637006,0.00551072
2,16,1.01016,0.000635556,0.00569192
2,17,1.0096,0.000635727,0.00584461
2,18,1.00903,0.00063722,0.00597277
2,19,1.00848,0.000639857,0.00607296
2,20,1.00793,0.00064359,0.00614962
2,21,1.00739,0.00064839,0.00620002
2,22,1.00687,0.000654274,0.00622858
2,23,1.00637,0.00066122,0.006233
2,24,1.0059,0.000669215,0.00621746
2,25,1.00546,0.000678192,0.00618002
2,26,1.00506,0.00068809,0.00612456
2,27,1.00469,0.000698793,0.00604952
2,28,1.00436,0.0007102,0.00595847
2,29,1.00408,0.00072216,0.00585023
2,30,1.00385,0.000734541,0.00572808
2,31,1.00366,0.00074717,0.00559119
2,32,1.00353,0.000759898,0.00544262
2,33,1.00344,0.000772542,0.00528188
2,34,1.00341,0.00078495,0.00511179
2,35,1.00344,0.000796946,0.00493222
2,36,1.00351,0.00080839,0.00474579
2,37,1.00364,0.000819128,0.00455266
2,38,1.00382,0.000829048,0.00435527
2,39,1.00405,0.000838035,0.00415408
2,40,1.00432,0.000846014,0.00395134
2,41,1.00464,0.000852919,0.00374776
2,42,1.005,0.000858721,0.00354541
2,43,1.00539,0.000863403,0.0033452
2,44,1.00582,0.000866984,0.00314902
2,45,1.00627,0.000869492,0.00295794
2,46,1.00676,0.000870987,0.00277369
2,47,1.00726,0.000871532,0.00259741
2,48,1.00777,0.000871217,0.00243069
2,49,1.0083,0.000870128,0.00227473
2,50,1.00883,0.000868371,0.00213094
2,51,1.00936,0.00086604,0.00200058
2,52,1.00989,0.000863238,0.00188486
2,53,1.01042,0.000860054,0.00178506
2,54,1.01093,0.000856577,0.00170222
2,55,1.01143,0.000852873,0.00163759
2,56,1.01191,0.000849006,0.00159202
2,57,1.01236,0.000845013,0.00156673
2,58,1.0128,0.00084092,0.00156234
2,59,1.01321,0.00083673,0.00157999
2,60,1.01359,0.000832432,0.00162006
2,61,1.01394,0.000827992,0.00168354
2,62,1.01426,0.000823366,0.00177052
2,63,1.01455,0.000818487,0.00188182
2,64,1.01481,0.000813283,0.00201717
2,65,1.01503,0.000807667,0.00217715
2,66,1.01522,0.000801551,0.0023611
2,67,1.01537,0.000794837,0.00256931
2,68,1.01549,0.000787437,0.00280066
2,69,1.01556,0.000779256,0.00305516
2,70,1.01561,0.000770215,0.00333119
2,71,1.01561,0.000760238,0.00362843
2,72,1.01557,0.00074927,0.00394479
2,73,1.0155,0.000737258,0.00427964
2,74,1.01538,0.00072418,0.00463041
2,75,1.01522,0.000710017,0.00499621
2,76,1.01502,0.000694784,0.00537402
2,77,1.01477,0.000678498,0.00576275
2,78,1.01448,0.000661213,0.00615894
2,79,1.01414,0.000642981,0.0065614
2,80,1.01375,0.000623892,0.00696631
2,81,1.01331,0.000604034,0.00737242
2,82,1.01282,0.000583525,0.00777562
2,83,1.01228,0.000562479,0.00817471
2,84,1.01169,0.000541038,0.00856535
2,85,1.01105,0.000519328,0.0089465
2,86,1.01036,0.000497505,0.00931365
2,87,1.00962,0.000475693,0.00966606
2,88,1.00884,0.000454042,0.00999911
2,89,1.008,0.000432661,0.0103125
2,90,1.00712,0.000411677,0.0106015
2,91,1.00619,0.000391161,0.0108665
2,92,1.00522,0.000371202,0.0111026
2,93,1.00422,0.000351819,0.011311
2,94,1.00318,0.000333047,0.0114868
2,95,1.00211,0.000314841,0.0116318
2,96,1.00101,0.000297176,0.0117414
2,97,0.999895,0.000279945,0.0118181
2,98,0.998761,0.000263065,0.0118572
2,99,0.997614,0.000246375,0.0118621
2,100,0.996461,0.000229753,0.0118281
2,101,0.995305,0.000213006,0.0117594
2,102,0.994153,0.000196,0.0116512
2,103,0.99301,0.000178541,0.0115083
2,104,0.99188,0.000160516,0.0113259
2,105,0.990768,0.000141763,0.0111095
2,106,0.989679,0.000122219,0.010854
2,107,0.988618,0.00010178,0.0105657
2,108,0.987588,8.04387e-05,0.0102393
2,109,0.986594,5.81394e-05,0.00988172
2,110,0.985639,3.49e-05,0.00948764
2,111,0.984727,1.0652e-05,0.00906512
2,112,0.983861,-1.46456e-05,0.00860902
2,113,0.983044,-4.11611e-05,0.00812893
2,114,0.982279,-6.90544e-05,0.00762052
2,115,0.981567,-9.85591e-05,0.00709535
2,116,0.980911,-0.000129744,0.00655017
2,117,0.980312,-0.000162441,0.00599809
2,118,0.979771,-0.000195897,0.00543567
2,119,0.979288,-0.000228703,0.00487496
2,120,0.978863,-0.000258768,0.00430865
2,121,0.978495,-0.000283981,0.0037441
2,122,0.978179,-0.000303695,0.00316884
2,123,0.977912,-0.000320641,0.00258592
2,124,0.977687,-0.000333371,0.00196991
2,125,0.9775,-0.000273452,0.00128746
2,126,0.97735,7.93578e-05,0.000464203
2,127,1,-0.00343474,0
3,0,1,0,0
3,1,1.01573,0.00100318,0.000537191
3,2,1.01567,0.00170713,0.00157622
3,3,1.01551,0.00204502,0.00243726
3,4,1.01529,0.00222012,0.00312874
3,5,1.01503,0.0023228,0.00369659
3,6,1.01474,0.00238217,0.00419097
3,7,1.01441,0.0024137,0.00463891
3,8,1.01405,0.00242962,0.00506567
3,9,1.01366,0.0024404,0.00547675
3,10,1.01324,0.00245358,0.00587961
3,11,1.01279,0.00247319,0.00626717
3,12,1.01231,0.00250021,0.00663919
3,13,1.01181,0.00253359,0.00698563
3,14,1.01129,0.0025712,0.00730612
3,15,1.01076,0.00261065,0.00759275
3,16,1.01021,0.00264974,0.00784754
3,17,1.00966,0.00268672,0.00806539
3,18,1.00911,0.00272028,0.00825019
3,19,1.00856,0.00274953,0.00839867
3,20,1.00801,0.00277388,0.00851549
3,21,1.00748,0.00279292,0.00859831
3,22,1.00697,0.00280639,0.00865181
3,23,1.00648,0.00281409,0.00867412
3,24,1.00601,0.00281589,0.00866967
3,25,1.00558,0.00281165,0.00863689
3,26,1.00518,0.00280126,0.00857989
3,27,1.00481,0.00278463,0.00849739
3,28,1.00449,0.00276167,0.00839315
3,29,1.00421,0.00273233,0.00826621
3,30,1.00397,0.00269656,0.00812
3,31,1.00379,0.00265433,0.00795389
3,32,1.00365,0.00260564,0.00777106
3,33,1.00357,0.00255051,0.0075712
3,34,1.00354,0.002489,0.00735729
3,35,1.00356,0.00242121,0.00712938
3,36,1.00363,0.00234728,0.00689027
3,37,1.00376,0.00226738,0.00664037
3,38,1.00393,0.00218175,0.00638234
3,39,1.00416,0.00209065,0.00611697
3,40,1.00442,0.00199442,0.00584681
3,41,1.00474,0.00189342,0.00557295
3,42,1.00509,0.00178807,0.00529787
3,43,1.00548,0.00167884,0.00502294
3,44,1.0059,0.00156619,0.00475056
3,45,1.00635,0.00145067,0.00448235
3,46,1.00682,0.00133278,0.00422061
3,47,1.00731,0.0012131,0.00396715
3,48,1.00782,0.00109215,0.00372419
3,49,1.00834,0.000970488,0.00349367
3,50,1.00886,0.000848633,0.00327768
3,51,1.00938,0.000727087,0.00307825
3,52,1.0099,0.000606323,0.00289734
3,53,1.01042,0.000486773,0.002737
3,54,1.01092,0.000368828,0.00259901
3,55,1.01141,0.000252832,0.00248536
3,56,1.01188,0.00013908,0.00239762
3,57,1.01232,2.78134e-05,0.00233767
3,58,1.01275,-8.07739e-05,0.00230676
3,59,1.01315,-0.000186541,0.0023066
3,60,1.01352,-0.000289393,0.00233806
3,61,1.01386,-0.000389281,0.00240257
3,62,1.01417,-0.000486193,0.00250056
3,63,1.01445,-0.000580155,0.00263309
3,64,1.0147,-0.000671219,0.00280006
3,65,1.01491,-0.000759462,0.0030021
3,66,1.01509,-0.000844977,0.0032385
3,67,1.01523,-0.000927867,0.00350942
3,68,1.01534,-0.00100824,0.00381348
3,69,1.01541,-0.0010862,0.00415035
3,70,1.01544,-0.00116186,0.00451798
3,71,1.01543,-0.0012353,0.00491552
3,72,1.01539,-0.0013066,0.00534028
3,73,1.01531,-0.00137581,0.00579095
3,74,1.01518,-0.00144298,0.0062642
3,75,1.01501,-0.00150811,0.00675833
3,76,1.0148,-0.00157121,0.00726947
3,77,1.01455,-0.00163222,0.00779561
3,78,1.01425,-0.0016911,0.00833239
3,79,1.0139,-0.00174776,0.00887761
3,80,1.01351,-0.00180208,0.00942652
3,81,1.01307,-0.00185393,0.00997686
3,82,1.01258,-0.00190315,0.0105235
3,83,1.01204,-0.00194957,0.0110644
3,84,1.01145,-0.001993,0.0115941
3,85,1.01081,-0.00203322,0.0121107
3,86,1.01012,-0.00207002,0.0126088
3,87,1.00938,-0.00210319,0.0130867
3,88,1.0086,-0.0021325,0.0135391
3,89,1.00777,-0.00215775,0.0139646
3,90,1.00689,-0.00217873,0.0143581
3,91,1.00597,-0.00219528,0.0147189
3,92,1.00501,-0.00220725,0.0150418
3,93,1.00401,-0.00221451,0.015327
3,94,1.00298,-0.002217,0.0155695
3,95,1.00192,-0.00221467,0.0157701
3,96,1.00083,-0.00220756,0.015924
3,97,0.999728,-0.00219571,0.016033
3,98,0.998604,-0.00217926,0.0160924
3,99,0.997469,-0.00215837,0.0161048
3,100,0.996326,-0.00213326,0.0160657
3,101,0.995183,-0.0021042,0.0159785
3,102,0.994042,-0.0020715,0.0158387
3,103,0.99291,-0.00203552,0.0156505
3,104,0.991792,-0.00199663,0.0154093
3,105,0.990691,-0.00195527,0.0151202
3,106,0.989614,-0.0019119,0.0147785
3,107,0.988563,-0.00186703,0.0143902
3,108,0.987544,-0.00182127,0.0139503
3,109,0.98656,-0.00177534,0.013466
3,110,0.985615,-0.0017301,0.0129324
3,111,0.984713,-0.00168667,0.0123581
3,112,0.983856,-0.00164642,0.0117389
3,113,0.983047,-0.00161101,0.0110853
3,114,0.982289,-0.00158231,0.0103945
3,115,0.981584,-0.00156216,0.00967947
3,116,0.980934,-0.00155198,0.00893883
3,117,0.98034,-0.00155211,0.00818717
3,118,0.979804,-0.00156106,0.00742232
3,119,0.979326,-0.00157493,0.00665644
3,120,0.978906,-0.00158759,0.00588106
3,121,0.978543,-0.00159207,0.00509954
3,122,0.978238,-0.00158293,0.00429189
3,123,0.977987,-0.00155596,0.00344978
3,124,0.977791,-0.00149836,0.00254076
3,125,0.977672,-0.00134019,0.00155121
3,126,0.977654,-0.000898635,0.00049964
3,127,1,-0.00343474,0
4,0,1,0,0
4,1,1.01557,5.59257e-06,0.000541011
4,2,1.01555,0.000775468,0.00163811
4,3,1.01543,0.00127407,0.00263641
4,4,1.01525,0.00159264,0.00348184
4,5,1.01502,0.00178602,0.00418526
4,6,1.01474,0.00188896,0.00479097
4,7,1.01443,0.00192873,0.00533071
4,8,1.01408,0.00193048,0.0058355
4,9,1.01369,0.00191627,0.00631554
4,10,1.01328,0.00190243,0.0067812
4,11,1.01283,0.00189862,0.00722703
4,12,1.01236,0.00190866,0.0076532
4,13,1.01187,0.00193224,0.0080497
4,14,1.01136,0.00196677,0.00841569
4,15,1.01083,0.00200887,0.00874296
4,16,1.0103,0.00205533,0.00903311
4,17,1.00975,0.00210358,0.00928094
4,18,1.0092,0.00215179,0.00949021
4,19,1.00866,0.00219878,0.0096578
4,20,1.00812,0.00224388,0.00978843
4,21,1.0076,0.00228674,0.00988004
4,22,1.00709,0.00232718,0.00993747
4,23,1.0066,0.00236512,0.00995914
4,24,1.00614,0.00240048,0.00994965
4,25,1.00571,0.0024332,0.00990768
4,26,1.00531,0.00246317,0.00983747
4,27,1.00495,0.00249027,0.00973796
4,28,1.00463,0.00251433,0.00961298
4,29,1.00435,0.00253518,0.00946175
4,30,1.00411,0.0025526,0.00928775
4,31,1.00393,0.00256639,0.00909049
4,32,1.00379,0.00257629,0.00887319
4,33,1.00371,0.00258206,0.00863568
4,34,1.00368,0.00258345,0.00838097
4,35,1.00369,0.00258023,0.00810928
4,36,1.00376,0.00257219,0.00782349
4,37,1.00389,0.00255912,0.0075242
4,38,1.00406,0.00254087,0.00721422
4,39,1.00427,0.00251734,0.00689456
4,40,1.00454,0.00248845,0.00656799
4,41,1.00484,0.00245421,0.00623589
4,42,1.00519,0.00241465,0.00590104
4,43,1.00557,0.00236987,0.00556516
4,44,1.00598,0.00232002,0.005231
4,45,1.00642,0.0022653,0.00490061
4,46,1.00689,0.00220596,0.0045767
4,47,1.00737,0.00214228,0.00426155
4,48,1.00787,0.00207457,0.00395784
4,49,1.00838,0.00200317,0.003668
4,50,1.00889,0.00192843,0.00339463
4,51,1.0094,0.00185072,0.00314027
4,52,1.00991,0.0017704,0.00290737
4,53,1.01042,0.00168784,0.00269847
4,54,1.01091,0.00160339,0.00251583
4,55,1.01138,0.0015174,0.00236193
4,56,1.01184,0.00143018,0.00223873
4,57,1.01228,0.00134206,0.00214855
4,58,1.01269,0.0012533,0.00209297
4,59,1.01308,0.00116416,0.00207404
4,60,1.01344,0.00107489,0.00209289
4,61,1.01377,0.000985696,0.00215119
4,62,1.01407,0.000896772,0.00224951
4,63,1.01434,0.000808291,0.00238904
4,64,1.01457,0.000720413,0.00256972
4,65,1.01477,0.000633284,0.00279219
4,66,1.01494,0.000547039,0.00305567
4,67,1.01507,0.00046181,0.00336021
4,68,1.01516,0.000377722,0.00370427
4,69,1.01522,0.000294906,0.00408729
4,70,1.01524,0.000213492,0.00450695
4,71,1.01523,0.000133621,0.00496211
4,72,1.01517,5.54397e-05,0.0054497
4,73,1.01508,-2.08913e-05,0.00596804
4,74,1.01494,-9.52013e-05,0.00651339
4,75,1.01477,-0.000167304,0.0070836
4,76,1.01455,-0.000237,0.00767432
4,77,1.01429,-0.000304076,0.00828306
4,78,1.01398,-0.000368306,0.00890498
4,79,1.01363,-0.000429452,0.00953734
4,80,1.01323,-0.000487268,0.0101749
4,81,1.01278,-0.000541497,0.0108148
4,82,1.01229,-0.000591885,0.0114516
4,83,1.01174,-0.000638175,0.0120824
4,84,1.01115,-0.000680119,0.0127016
4,85,1.01051,-0.000717478,0.0133065
4,86,1.00982,-0.000750035,0.0138914
4,87,1.00909,-0.000777594,0.0144539
4,88,1.0083,-0.000799995,0.0149884
4,89,1.00747,-0.000817113,0.015493
4,90,1.0066,-0.000828874,0.015962
4,91,1.00568,-0.000835253,0.0163943
4,92,1.00473,-0.000836286,0.0167843
4,93,1.00374,-0.00083207,0.0171317
4,94,1.00272,-0.000822771,0.0174311
4,95,1.00167,-0.00080862,0.0176828
4,96,1.00059,-0.000789918,0.0178818
4,97,0.999492,-0.000767028,0.0180294
4,98,0.998379,-0.000740374,0.0181204
4,99,0.997254,-0.00071043,0.0181573
4,100,0.996123,-0.000677715,0.018135
4,101,0.994991,-0.000642774,0.0180568
4,102,0.993862,-0.000606176,0.0179178
4,103,0.992742,-0.000568489,0.017722
4,104,0.991635,-0.000530287,0.0174648
4,105,0.990546,-0.000492127,0.017151
4,106,0.98948,-0.000454568,0.0167759
4,107,0.988441,-0.000418181,0.0163455
4,108,0.987432,-0.000383587,0.0158549
4,109,0.986459,-0.000351513,0.0153114
4,110,0.985525,-0.000322872,0.0147106
4,111,0.984632,-0.000298847,0.0140613
4,112,0.983784,-0.000280967,0.0133602
4,113,0.982984,-0.000271119,0.0126183
4,114,0.982234,-0.000271425,0.011834
4,115,0.981537,-0.000283883,0.0110211
4,116,0.980893,-0.000309697,0.0101795
4,117,0.980306,-0.000348263,0.00932419
4,118,0.979776,-0.000395976,0.00845358
4,119,0.979303,-0.000445301,0.00757894
4,120,0.97889,-0.000484889,0.00669012
4,121,0.978536,-0.000501459,0.00578672
4,122,0.978242,-0.000483224,0.00484395
4,123,0.978012,-0.000421136,0.00384849
4,124,0.977848,-0.000302642,0.00277237
4,125,0.977763,-9.51326e-05,0.00163243
4,126,0.977782,0.000275979,0.000506158
4,127,1,-0.00343474,0
5,0,1,0,0
5,1,1.01553,0.000884056,0.000534864
5,2,1.01552,0.00165609,0.00164457
5,3,1.01542,0.00228232,0.0026881
5,4,1.01527,0.0027543,0.00360184
5,5,1.01506,0.00308145,0.00437763
5,6,1.0148,0.0032871,0.00504706
5,7,1.0145,0.00340199,0.00563892
5,8,1.01416,0.00346028,0.00618527
5,9,1.01379,0.00349299,0.00669876
5,10,1.01338,0.00352332,0.00719157
5,11,1.01295,0.00356507,0.0076597
5,12,1.01249,0.00362366,0.0081039
5,13,1.012,0.00369857,0.00851454
5,14,1.0115,0.0037859,0.00889066
5,15,1.01098,0.00388053,0.00922404
5,16,1.01045,0.00397748,0.00951599
5,17,1.00991,0.00407262,0.00976134
5,18,1.00938,0.00416287,0.00996368
5,19,1.00884,0.00424616,0.01012
5,20,1.00831,0.00432116,0.0102351
5,21,1.00779,0.00438708,0.0103071
5,22,1.00729,0.00444348,0.0103409
5,23,1.0068,0.0044901,0.0103353
5,24,1.00634,0.0045268,0.0102949
5,25,1.00591,0.00455349,0.0102187
5,26,1.00552,0.00457009,0.0101112
5,27,1.00516,0.00457655,0.00997137
5,28,1.00483,0.0045728,0.00980331
5,29,1.00455,0.00455876,0.00960646
5,30,1.00432,0.00453438,0.00938439
5,31,1.00413,0.00449959,0.00913686
5,32,1.00399,0.00445431,0.00886716
5,33,1.0039,0.0043985,0.0085754
5,34,1.00387,0.00433212,0.00826468
5,35,1.00388,0.00425516,0.00793549
5,36,1.00394,0.00416765,0.00759081
5,37,1.00406,0.00406969,0.00723156
5,38,1.00422,0.00396141,0.0068607
5,39,1.00443,0.00384302,0.00647956
5,40,1.00468,0.0037148,0.00609109
5,41,1.00498,0.00357708,0.00569705
5,42,1.00532,0.0034303,0.00530042
5,43,1.00569,0.00327495,0.0049033
5,44,1.00609,0.00311158,0.00450871
5,45,1.00652,0.00294079,0.00411905
5,46,1.00697,0.00276327,0.00373734
5,47,1.00744,0.0025797,0.00336621
5,48,1.00793,0.0023908,0.00300863
5,49,1.00842,0.00219734,0.00266741
5,50,1.00892,0.00200005,0.00234539
5,51,1.00942,0.00179969,0.00204546
5,52,1.00992,0.00159698,0.00177031
5,53,1.01041,0.00139265,0.00152279
5,54,1.01089,0.00118736,0.00130534
5,55,1.01135,0.000981787,0.0011207
5,56,1.01179,0.000776524,0.000970993
5,57,1.01222,0.000572144,0.000858712
5,58,1.01261,0.000369175,0.000785568
5,59,1.01299,0.000168098,0.000753721
5,60,1.01333,-3.0643e-05,0.000764363
5,61,1.01365,-0.000226648,0.000819219
5,62,1.01394,-0.000419552,0.000918869
5,63,1.01419,-0.000609024,0.00106451
5,64,1.01441,-0.000794762,0.00125602
5,65,1.0146,-0.000976491,0.001494
5,66,1.01475,-0.00115395,0.00177757
5,67,1.01487,-0.00132691,0.00210668
5,68,1.01495,-0.00149514,0.00247965
5,69,1.015,-0.00165841,0.00289578
5,70,1.015,-0.00181652,0.00335259
5,71,1.01498,-0.00196925,0.00384874
5,72,1.01491,-0.00211637,0.00438099
5,73,1.0148,-0.00225768,0.00494743
5,74,1.01466,-0.00239293,0.00554412
5,75,1.01447,-0.0025219,0.00616867
5,76,1.01424,-0.00264433,0.00681652
5,77,1.01397,-0.00275998,0.0074849
5,78,1.01365,-0.00286857,0.00816874
5,79,1.01329,-0.00296984,0.00886504
5,80,1.01288,-0.00306349,0.00956831
5,81,1.01243,-0.00314925,0.0102754
5,82,1.01193,-0.00322683,0.0109806
5,83,1.01138,-0.00329593,0.0116808
5,84,1.01079,-0.00335628,0.01237
5,85,1.01015,-0.0034076,0.0130453
5,86,1.00946,-0.00344964,0.0137006
5,87,1.00872,-0.00348216,0.0143334
5,88,1.00794,-0.00350496,0.0149375
5,89,1.00711,-0.00351788,0.0155108
5,90,1.00624,-0.00352078,0.0160474
5,91,1.00533,-0.00351361,0.0165457
5,92,1.00438,-0.00349636,0.0169999
5,93,1.0034,-0.00346909,0.0174091
5,94,1.00238,-0.00343193,0.0177678
5,95,1.00134,-0.0033851,0.0180758
5,96,1.00027,-0.00332889,0.0183278
5,97,0.999187,-0.00326369,0.0185247
5,98,0.998084,-0.00318995,0.0186611
5,99,0.996971,-0.00310823,0.0187389
5,100,0.995851,-0.00301915,0.0187531
5,101,0.99473,-0.00292341,0.0187063
5,102,0.993613,-0.00282175,0.0185937
5,103,0.992505,-0.002715,0.0184189
5,104,0.99141,-0.00260404,0.0181772
5,105,0.990333,-0.0024898,0.0178732
5,106,0.989279,-0.00237332,0.0175023
5,107,0.988251,-0.00225573,0.0170701
5,108,0.987255,-0.00213838,0.0165722
5,109,0.986292,-0.0020229,0.0160158
5,110,0.985368,-0.0019113,0.0153969
5,111,0.984486,-0.00180614,0.0147245
5,112,0.983648,-0.00171057,0.013996
5,113,0.982857,-0.00162833,0.0132227
5,114,0.982116,-0.00156348,0.0124038
5,115,0.981427,-0.00151975,0.0115537
5,116,0.980791,-0.00149946,0.0106728
5,117,0.980211,-0.00150183,0.00977651
5,118,0.979688,-0.00152117,0.00886323
5,119,0.979223,-0.00154536,0.00794329
5,120,0.978817,-0.00155606,0.00700534
5,121,0.978472,-0.00153161,0.00604657
5,122,0.97819,-0.00145303,0.00504068
5,123,0.977974,-0.00131119,0.00397545
5,124,0.97783,-0.00110986,0.0028323
5,125,0.977763,-0.000869376,0.00164521
5,126,0.977787,-0.000624053,0.000503847
5,127,1,-0.00343474,0
6,0,1,0,0
6,1,1.01556,-0.000103058,0.000534242
6,2,1.01554,0.000657987,0.00162701
6,3,1.01546,0.0013794,0.00267007
6,4,1.01532,0.00197319,0.00359889
6,5,1.01512,0.00240431,0.0043976
6,6,1.01488,0.00267734,0.00509006
6,7,1.01459,0.00282336,0.00570041
6,8,1.01426,0.00288591,0.00625891
6,9,1.0139,0.00290753,0.00677846
6,10,1.0135,0.00292141,0.00727173
6,11,1.01308,0.00294834,0.00773556
6,12,1.01263,0.00299766,0.00817103
6,13,1.01215,0.0030703,0.00856895
6,14,1.01165,0.00316229,0.0089283
6,15,1.01114,0.00326764,0.009241
6,16,1.01062,0.0033803,0.00950818
6,17,1.01009,0.00349519,0.00972473
6,18,1.00956,0.00360858,0.00989409
6,19,1.00903,0.00371794,0.0100134
6,20,1.0085,0.00382177,0.0100874
6,21,1.00799,0.00391923,0.0101145
6,22,1.00749,0.00400992,0.0100996
6,23,1.00701,0.00409368,0.0100418
6,24,1.00655,0.00417043,0.00994582
6,25,1.00612,0.00424015,0.0098111
6,26,1.00573,0.0043028,0.00964209
6,27,1.00536,0.0043583,0.00943839
6,28,1.00504,0.00440653,0.00920409
6,29,1.00476,0.00444734,0.00893906
6,30,1.00452,0.00448052,0.00864703
6,31,1.00433,0.00450579,0.00832816
6,32,1.00419,0.00452288,0.00798593
6,33,1.0041,0.00453143,0.00762081
6,34,1.00406,0.0045311,0.00723613
6,35,1.00406,0.00452153,0.00683274
6,36,1.00412,0.00450237,0.00641387
6,37,1.00423,0.0044733,0.00598082
6,38,1.00439,0.00443403,0.00553676
6,39,1.00459,0.00438434,0.00508344
6,40,1.00483,0.00432406,0.00462403
6,41,1.00512,0.00425313,0.00416068
6,42,1.00545,0.00417154,0.00369659
6,43,1.00581,0.00407938,0.00323425
6,44,1.0062,0.00397683,0.00277687
6,45,1.00662,0.00386415,0.00232722
6,46,1.00706,0.00374168,0.00188849
6,47,1.00752,0.00360983,0.00146363
6,48,1.00799,0.00346909,0.00105576
6,49,1.00847,0.00331997,0.000667929
6,50,1.00896,0.00316308,0.000303129
6,51,1.00945,0.00299903,-3.5575e-05
6,52,1.00993,0.00282848,-0.000345408
6,53,1.0104,0.00265209,-0.000623386
6,54,1.01087,0.00247056,-0.000867018
6,55,1.01131,0.00228458,-0.0010735
6,56,1.01174,0.00209486,-0.00124071
6,57,1.01215,0.00190209,-0.00136613
6,58,1.01254,0.00170695,-0.0014481
6,59,1.01289,0.00151012,-0.00148446
6,60,1.01323,0.00131225,-0.00147411
6,61,1.01353,0.00111401,-0.00141537
6,62,1.0138,0.000916009,-0.00130778
6,63,1.01404,0.000718865,-0.00115021
6,64,1.01424,0.000523172,-0.000942911
6,65,1.01441,0.000329508,-0.000685386
6,66,1.01455,0.000138434,-0.000378645
6,67,1.01465,-4.95016e-05,-2.28605e-05
6,68,1.01472,-0.000233764,0.000380158
6,69,1.01475,-0.000413831,0.00082957
6,70,1.01475,-0.000589188,0.00132277
6,71,1.01471,-0.000759332,0.00185828
6,72,1.01462,-0.000923766,0.00243272
6,73,1.01451,-0.001082,0.00304405
6,74,1.01435,-0.00123354,0.00368819
6,75,1.01415,-0.00137791,0.0043626
6,76,1.0139,-0.00151464,0.0050626
6,77,1.01362,-0.00164325,0.00578528
6,78,1.01329,-0.00176327,0.00652543
6,79,1.01292,-0.00187426,0.00727988
6,80,1.01251,-0.00197576,0.00804302
6,81,1.01205,-0.00206734,0.00881158
6,82,1.01154,-0.0021486,0.0095796
6,83,1.01099,-0.00221914,0.0103438
6,84,1.01038,-0.00227863,0.0110982
6,85,1.00974,-0.00232672,0.0118394
6,86,1.00905,-0.00236317,0.0125614
6,87,1.00831,-0.00238776,0.0132613
6,88,1.00752,-0.00240034,0.0139328
6,89,1.0067,-0.00240082,0.0145735
6,90,1.00583,-0.00238923,0.0151773
6,91,1.00493,-0.00236566,0.0157422
6,92,1.00398,-0.0023303,0.0162623
6,93,1.003,-0.00228346,0.0167365
6,94,1.002,-0.00222553,0.0171587
6,95,1.00096,-0.00215704,0.0175287
6,96,0.999903,-0.00207862,0.0178408
6,97,0.998825,-0.00199099,0.0180955
6,98,0.997733,-0.00189498,0.0182875
6,99,0.99663,-0.00179151,0.0184181
6,100,0.995521,-0.00168157,0.0184821
6,101,0.994412,-0.00156622,0.0184819
6,102,0.993307,-0.00144654,0.0184126
6,103,0.99221,-0.00132369,0.0182774
6,104,0.991127,-0.00119881,0.0180716
6,105,0.990062,-0.00107311,0.0177996
6,106,0.98902,-0.000947814,0.0174568
6,107,0.988004,-0.000824278,0.0170488
6,108,0.987019,-0.000704027,0.0165713
6,109,0.986068,-0.00058888,0.0160314
6,110,0.985154,-0.000481105,0.0154255
6,111,0.984282,-0.00038355,0.0147627
6,112,0.983454,-0.000299753,0.0140409
6,113,0.982672,-0.000233871,0.0132717
6,114,0.98194,-0.00019033,0.0124549
6,115,0.981259,-0.000172984,0.0116049
6,116,0.980631,-0.000183664,0.0107229
6,117,0.980058,-0.000220069,0.00982389
6,118,0.979541,-0.000273384,0.00890663
6,119,0.979084,-0.000326477,0.00798059
6,120,0.978686,-0.000354225,0.00703411
6,121,0.97835,-0.000327699,0.00606343
6,122,0.978078,-0.000223198,0.00504303
6,123,0.977873,-3.54776e-05,0.00396322
6,124,0.97774,0.000209537,0.00281162
6,125,0.977683,0.000443234,0.00162811
6,126,0.977704,0.000543853,0.000502261
6,127,1,-0.00343474,0
7,0,1,0,0
7,1,1.01567,0.00077083,0.000523773
7,2,1.01565,0.00152642,0.00160103
7,3,1.01558,0.00233892,0.0026212
7,4,1.01545,0.00306169,0.00353416
7,5,1.01527,0.00362097,0.00432414
7,6,1.01503,0.0040028,0.00501026
7,7,1.01476,0.00423494,0.00561347
7,8,1.01444,0.00436548,0.00616162
7,9,1.01409,0.00444422,0.00666666
7,10,1.01371,0.00451097,0.00714079
7,11,1.01329,0.00459093,0.00758113
7,12,1.01285,0.0046955,0.00798876
7,13,1.01238,0.00482579,0.00835483
7,14,1.0119,0.00497675,0.00867825
7,15,1.01139,0.00514079,0.00895114
7,16,1.01088,0.00531011,0.00917445
7,17,1.01036,0.00547805,0.00934322
7,18,1.00983,0.00563955,0.00946072
7,19,1.00931,0.00579113,0.0095243
7,20,1.00879,0.00593053,0.00953854
7,21,1.00828,0.00605645,0.00950212
7,22,1.00778,0.00616817,0.00942004
7,23,1.00731,0.00626532,0.00929167
7,24,1.00685,0.00634777,0.00912194
7,25,1.00642,0.00641546,0.00891061
7,26,1.00603,0.00646838,0.00866233
7,27,1.00566,0.00650654,0.00837717
7,28,1.00534,0.00652993,0.00805942
7,29,1.00506,0.00653851,0.00770944
7,30,1.00481,0.0065322,0.00733121
7,31,1.00462,0.00651092,0.00692537
7,32,1.00447,0.00647453,0.00649568
7,33,1.00437,0.00642289,0.0060431
7,34,1.00432,0.00635585,0.00557123
7,35,1.00432,0.00627327,0.00508144
7,36,1.00436,0.00617504,0.00457722
7,37,1.00446,0.0060611,0.00406035
7,38,1.00461,0.00593145,0.00353428
7,39,1.0048,0.00578618,0.0030012
7,40,1.00503,0.00562545,0.00246457
7,41,1.0053,0.00544954,0.00192693
7,42,1.00561,0.00525884,0.00139172
7,43,1.00596,0.00505383,0.00086179
7,44,1.00634,0.00483509,0.000340557
7,45,1.00674,0.00460332,-0.00016892
7,46,1.00717,0.0043593,-0.000663296
7,47,1.00761,0.00410387,-0.00113938
7,48,1.00806,0.00383796,-0.00159397
7,49,1.00853,0.00356254,-0.00202383
7,50,1.009,0.00327863,-0.00242595
7,51,1.00947,0.00298728,-0.00279716
7,52,1.00993,0.00268953,-0.00313469
7,53,1.01039,0.00238645,-0.00343554
7,54,1.01084,0.0020791,-0.00369728
7,55,1.01127,0.00176852,-0.00391714
7,56,1.01168,0.00145573,-0.00409309
7,57,1.01207,0.00114173,-0.0042227
7,58,1.01244,0.000827473,-0.00430444
7,59,1.01278,0.000513901,-0.00433627
7,60,1.01309,0.0002019,-0.00431725
7,61,1.01337,-0.000107672,-0.00424584
7,62,1.01363,-0.000413995,-0.00412174
7,63,1.01385,-0.000716285,-0.00394399
7,64,1.01404,-0.00101379,-0.00371301
7,65,1.01419,-0.00130579,-0.00342845
7,66,1.01432,-0.00159161,-0.00309151
7,67,1.0144,-0.00187056,-0.0027025
7,68,1.01445,-0.00214203,-0.0022634
7,69,1.01447,-0.0024054,-0.00177519
7,70,1.01445,-0.00266006,-0.00124063
7,71,1.01439,-0.00290544,-0.000661346
7,72,1.01429,-0.00314098,-4.08258e-05
7,73,1.01416,-0.00336613,0.000618739
7,74,1.01399,-0.00358035,0.00131317
7,75,1.01377,-0.00378311,0.00203979
7,76,1.01352,-0.0039739,0.00279383
7,77,1.01322,-0.0041522,0.00357224
7,78,1.01288,-0.00431753,0.00436975
7,79,1.0125,-0.00446939,0.00518305
7,80,1.01208,-0.00460731,0.00600645
7,81,1.01161,-0.00473084,0.00683654
7,82,1.01109,-0.00483953,0.00766731
7,83,1.01053,-0.00493297,0.00849534
7,84,1.00992,-0.00501078,0.00931442
7,85,1.00927,-0.00507261,0.0101213
7,86,1.00858,-0.00511815,0.0109095
7,87,1.00784,-0.00514715,0.0116762
7,88,1.00705,-0.00515942,0.0124149
7,89,1.00623,-0.00515482,0.0131231
7,90,1.00536,-0.00513331,0.0137944
7,91,1.00446,-0.00509494,0.0144266
7,92,1.00352,-0.00503984,0.0150138
7,93,1.00255,-0.00496827,0.0155543
7,94,1.00155,-0.00488059,0.0160423
7,95,1.00052,-0.00477729,0.0164771
7,96,0.999472,-0.00465897,0.0168528
7,97,0.998404,-0.00452637,0.0171697
7,98,0.997322,-0.00438035,0.0174222
7,99,0.996229,-0.00422189,0.0176115
7,100,0.995132,-0.00405209,0.0177323
7,101,0.994034,-0.00387214,0.0177865
7,102,0.992941,-0.00368337,0.0177694
7,103,0.991856,-0.00348715,0.0176838
7,104,0.990785,-0.00328499,0.017525
7,105,0.989731,-0.00307851,0.0172971
7,106,0.9887,-0.00286948,0.0169958
7,107,0.987696,-0.0026599,0.0166263
7,108,0.986722,-0.00245212,0.0161846
7,109,0.985781,-0.00224898,0.0156777
7,110,0.984879,-0.00205398,0.0151024
7,111,0.984017,-0.00187148,0.0144677
7,112,0.983198,-0.00170677,0.013772
7,113,0.982426,-0.00156591,0.0130268
7,114,0.981702,-0.00145527,0.0122326
7,115,0.98103,-0.00138031,0.0114037
7,116,0.98041,-0.00134365,0.0105417
7,117,0.979845,-0.00134238,0.00966147
7,118,0.979336,-0.00136494,0.00876186
7,119,0.978885,-0.00138901,0.00785186
7,120,0.978494,-0.00138214,0.00692015
7,121,0.978165,-0.00130774,0.00596294
7,122,0.977901,-0.00113811,0.00495622
7,123,0.977703,-0.000873731,0.00389185
7,124,0.977575,-0.000564781,0.00276095
7,125,0.977519,-0.000328785,0.00160282
7,126,0.977538,-0.000358184,0.000494492
7,127,1,-0.00343474,0
8,0,1,0,0
8,1,1.01583,-0.000178716,0.000521944
8,2,1.01581,0.000580288,0.0015703
8,3,1.01574,0.00147535,0.00256172
8,4,1.01561,0.00230431,0.00344545
8,5,1.01543,0.00295828,0.00420831
8,6,1.01521,0.00340666,0.00486977
8,7,1.01494,0.00367499,0.00544881
8,8,1.01464,0.00381773,0.0059711
8,9,1.0143,0.00389421,0.00644752
8,10,1.01392,0.00395319,0.00688933
8,11,1.01351,0.00402651,0.00729349
8,12,1.01308,0.00412946,0.00766084
8,13,1.01262,0.00426477,0.00798274
8,14,1.01214,0.0044275,0.00825796
8,15,1.01165,0.00460932,0.00847883
8,16,1.01114,0.00480145,0.00864614
8,17,1.01063,0.0049963,0.0087551
8,18,1.01011,0.00518808,0.0088088
8,19,1.00959,0.0053728,0.00880482
8,20,1.00907,0.00554794,0.00874761
8,21,1.00856,0.00571204,0.00863618
8,22,1.00807,0.00586433,0.0084755
8,23,1.0076,0.00600447,0.00826536
8,24,1.00714,0.00613231,0.00801076
8,25,1.00671,0.00624782,0.00771196
8,26,1.00632,0.00635099,0.00737379
8,27,1.00595,0.00644177,0.00699684
8,28,1.00562,0.00652007,0.00658566
8,29,1.00534,0.00658576,0.00614118
8,30,1.00509,0.00663861,0.00566766
8,31,1.00489,0.00667831,0.00516633
8,32,1.00474,0.00670451,0.00464126
8,33,1.00463,0.00671678,0.00409402
8,34,1.00457,0.00671465,0.00352852
8,35,1.00456,0.00669762,0.00294669
8,36,1.0046,0.00666519,0.00235236
8,37,1.00469,0.00661691,0.00174784
8,38,1.00482,0.00655235,0.00113688
8,39,1.005,0.00647117,0.000522179
8,40,1.00522,0.00637311,-9.25608e-05
8,41,1.00549,0.00625804,-0.000704365
8,42,1.00578,0.00612593,-0.00130956
8,43,1.00612,0.00597687,-0.00190497
8,44,1.00648,0.00581111,-0.00248699
8,45,1.00687,0.00562899,-0.00305231
8,46,1.00728,0.00543101,-0.00359749
8,47,1.00771,0.00521776,-0.00411915
8,48,1.00815,0.00498994,-0.00461405
8,49,1.0086,0.00474836,-0.00507888
8,50,1.00905,0.00449391,-0.00551065
8,51,1.0095,0.00422755,-0.00590617
8,52,1.00995,0.00395029,-0.00626277
8,53,1.01039,0.00366322,-0.00657751
8,54,1.01082,0.00336745,-0.00684809
8,55,1.01123,0.00306411,-0.00707186
8,56,1.01162,0.00275436,-0.00724697
8,57,1.01199,0.00243938,-0.00737114
8,58,1.01234,0.00212034,-0.00744305
8,59,1.01267,0.0017984,-0.00746086
8,60,1.01296,0.00147473,-0.00742382
8,61,1.01323,0.00115047,-0.00733062
8,62,1.01346,0.000826745,-0.00718117
8,63,1.01367,0.00050466,-0.00697473
8,64,1.01384,0.000185293,-0.00671191
8,65,1.01398,-0.0001303,-0.00639259
8,66,1.01408,-0.000441095,-0.00601815
8,67,1.01415,-0.000746092,-0.00558912
8,68,1.01418,-0.00104432,-0.00510763
8,69,1.01418,-0.00133483,-0.00457487
8,70,1.01414,-0.00161672,-0.00399372
8,71,1.01407,-0.00188908,-0.00336599
8,72,1.01395,-0.00215106,-0.00269528
8,73,1.0138,-0.0024018,-0.00198395
8,74,1.01361,-0.00264049,-0.00123626
8,75,1.01339,-0.00286634,-0.000455024
8,76,1.01312,-0.00307856,0.000354909
8,77,1.01281,-0.00327642,0.00119037
8,78,1.01245,-0.00345918,0.00204603
8,79,1.01206,-0.00362616,0.00291847
8,80,1.01162,-0.00377667,0.00380196
8,81,1.01114,-0.00391011,0.00469296
8,82,1.01062,-0.00402588,0.00558544
8,83,1.01005,-0.00412344,0.00647586
8,84,1.00944,-0.00420231,0.00735798
8,85,1.00878,-0.00426207,0.00822836
8,86,1.00808,-0.0043024,0.00908066
8,87,1.00734,-0.00432304,0.00991168
8,88,1.00655,-0.00432383,0.0107151
8,89,1.00573,-0.00430474,0.0114879
8,90,1.00486,-0.00426585,0.0122241
8,91,1.00396,-0.00420738,0.012921
8,92,1.00303,-0.00412968,0.0135727
8,93,1.00206,-0.00403326,0.0141773
8,94,1.00106,-0.00391879,0.014729
8,95,1.00004,-0.00378709,0.0152266
8,96,0.999003,-0.00363914,0.0156645
8,97,0.997943,-0.00347606,0.0160425
8,98,0.99687,-0.00329915,0.0163551
8,99,0.995788,-0.00310982,0.0166031
8,100,0.994701,-0.0029096,0.0167813
8,101,0.993614,-0.00270012,0.0168912
8,102,0.992532,-0.00248311,0.0169282
8,103,0.991458,-0.00226037,0.0168948
8,104,0.990398,-0.00203378,0.0167865
8,105,0.989356,-0.00180529,0.0166069
8,106,0.988337,-0.001577,0.0163521
8,107,0.987343,-0.00135123,0.0160268
8,108,0.98638,-0.00113063,0.0156276
8,109,0.985451,-0.000918361,0.0151609
8,110,0.984558,-0.000718296,0.0146243
8,111,0.983706,-0.000535209,0.0140263
8,112,0.982897,-0.000374856,0.0133659
8,113,0.982133,-0.000243787,0.0126544
8,114,0.981418,-0.000148713,0.0118929
8,115,0.980753,-9.5116e-05,0.0110953
8,116,0.98014,-8.49753e-05,0.0102638
8,117,0.979581,-0.00011358,0.00941261
8,118,0.979079,-0.000166054,0.00854115
8,119,0.978634,-0.000214938,0.00765797
8,120,0.978249,-0.000221289,0.00675243
8,121,0.977927,-0.000142224,0.00582085
8,122,0.977668,5.27365e-05,0.00484078
8,123,0.977475,0.000357089,0.00380492
8,124,0.977351,0.000699711,0.00270421
8,125,0.977296,0.000922496,0.00157515
8,126,0.977309,0.00077018,0.000493355
8,127,1,-0.00343474,0
9,0,1,0,0
9,1,1.01605,0.000690328,0.000510173
9,2,1.01604,0.00146652,0.00154254
9,3,1.01597,0.00245668,0.00250184
9,4,1.01585,0.00340939,0.00335076
9,5,1.01568,0.00418508,0.00407972
9,6,1.01547,0.00473902,0.00470762
9,7,1.01522,0.00509398,0.00525325
9,8,1.01492,0.00530815,0.00574095
9,9,1.01459,0.00544695,0.00618063
9,10,1.01423,0.0055648,0.00658253
9,11,1.01383,0.00569734,0.00694339
9,12,1.01341,0.00586163,0.00726362
9,13,1.01296,0.00606045,0.00753474
9,14,1.01249,0.00628782,0.00775534
9,15,1.01201,0.00653381,0.00791797
9,16,1.01151,0.00678793,0.00802325
9,17,1.011,0.00704101,0.00806657
9,18,1.01049,0.00728595,0.00805088
9,19,1.00998,0.00751772,0.00797396
9,20,1.00947,0.00773305,0.00784019
9,21,1.00896,0.00792991,0.00764884
9,22,1.00847,0.00810719,0.00740491
9,23,1.008,0.00826428,0.00710857
9,24,1.00755,0.00840093,0.00676496
9,25,1.00712,0.00851704,0.0063748
9,26,1.00672,0.00861261,0.00594314
9,27,1.00635,0.00868764,0.00547114
9,28,1.00602,0.00874215,0.00496361
9,29,1.00572,0.00877608,0.00442209
9,30,1.00547,0.00878937,0.00385118
9,31,1.00526,0.00878185,0.00325273
9,32,1.0051,0.00875334,0.00263116
9,33,1.00498,0.0087036,0.00198866
9,34,1.00491,0.00863236,0.00132952
9,35,1.00489,0.00853937,0.000656265
9,36,1.00491,0.00842439,-2.69332e-05
9,37,1.00498,0.00828724,-0.000717199
9,38,1.0051,0.0081278,-0.00141045
9,39,1.00527,0.00794608,-0.00210353
9,40,1.00547,0.0077422,-0.00279245
9,41,1.00572,0.00751642,-0.00347382
9,42,1.006,0.00726914,-0.00414377
9,43,1.00631,0.00700093,-0.00479878
9,44,1.00665,0.00671248,-0.00543515
9,45,1.00702,0.00640464,-0.00604933
9,46,1.00741,0.00607841,-0.00663781
9,47,1.00782,0.00573489,-0.00719712
9,48,1.00824,0.0053753,-0.00772402
9,49,1.00867,0.00500093,-0.00821516
9,50,1.0091,0.00461319,-0.00866766
9,51,1.00953,0.00421349,-0.00907838
9,52,1.00996,0.00380333,-0.00944482
9,53,1.01037,0.00338422,-0.00976413
9,54,1.01078,0.00295766,-0.0100342
9,55,1.01117,0.00252519,-0.0102527
9,56,1.01155,0.00208831,-0.0104178
9,57,1.0119,0.0016485,-0.0105276
9,58,1.01223,0.00120723,-0.010581
9,59,1.01253,0.000765917,-0.0105764
9,60,1.0128,0.000325953,-0.0105133
9,61,1.01305,-0.000111318,-0.0103906
9,62,1.01327,-0.000544598,-0.0102086
9,63,1.01345,-0.000972631,-0.00996674
9,64,1.0136,-0.00139421,-0.00966585
9,65,1.01372,-0.00180816,-0.00930608
9,66,1.01381,-0.00221337,-0.00888901
9,67,1.01386,-0.00260875,-0.00841541
9,68,1.01387,-0.00299327,-0.00788758
9,69,1.01385,-0.00336593,-0.00730693
9,70,1.0138,-0.00372576,-0.00667649
9,71,1.0137,-0.00407182,-0.00599824
9,72,1.01357,-0.00440323,-0.0052759
9,73,1.01341,-0.00471911,-0.00451197
9,74,1.0132,-0.00501863,-0.00371082
9,75,1.01296,-0.00530097,-0.00287538
9,76,1.01267,-0.00556535,-0.00201054
9,77,1.01235,-0.00581101,-0.0011196
9,78,1.01198,-0.00603723,-0.00020791
9,79,1.01158,-0.00624331,0.000721012
9,80,1.01113,-0.00642857,0.00166144
9,81,1.01063,-0.0065924,0.00260974
9,82,1.0101,-0.00673419,0.00355989
9,83,1.00952,-0.0068534,0.00450824
9,84,1.0089,-0.00694954,0.00544861
9,85,1.00824,-0.00702217,0.00637742
9,86,1.00754,-0.00707094,0.00728839
9,87,1.00679,-0.00709556,0.00817817
9,88,1.006,-0.00709585,0.00904044
9,89,1.00518,-0.0070717,0.00987221
9,90,1.00432,-0.00702316,0.0106672
9,91,1.00342,-0.00695036,0.0114229
9,92,1.00249,-0.00685362,0.0121332
9,93,1.00152,-0.00673335,0.0127962
9,94,1.00054,-0.00659017,0.0134059
9,95,0.999522,-0.00642484,0.013961
9,96,0.998488,-0.00623828,0.0144559
9,97,0.997437,-0.00603161,0.0148902
9,98,0.996373,-0.0058061,0.0152585
9,99,0.995301,-0.00556319,0.0155611
9,100,0.994224,-0.00530448,0.0157931
9,101,0.993147,-0.00503172,0.0159558
9,102,0.992075,-0.00474682,0.0160444
9,103,0.991012,-0.0044518,0.0160612
9,104,0.989963,-0.00414886,0.016002
9,105,0.988932,-0.0038404,0.01587
9,106,0.987922,-0.00352904,0.0156614
9,107,0.986939,-0.00321777,0.0153809
9,108,0.985986,-0.00291012,0.0150252
9,109,0.985066,-0.00261027,0.0146004
9,110,0.984183,-0.00232342,0.0141046
9,111,0.98334,-0.00205585,0.0135459
9,112,0.982539,-0.00181507,0.0129239
9,113,0.981784,-0.00160952,0.0122495
9,114,0.981076,-0.00144776,0.0115243
9,115,0.980418,-0.00133673,0.0107618
9,116,0.979813,-0.00127906,0.00996444
9,117,0.979261,-0.00126929,0.00914613
9,118,0.978764,-0.00128984,0.00830663
9,119,0.978325,-0.0013083,0.00745415
9,120,0.977946,-0.00127902,0.00657884
9,121,0.977627,-0.00115238,0.00567718
9,122,0.977372,-0.000894716,0.00472774
9,123,0.977181,-0.00051818,0.00372285
9,124,0.977056,-0.000114753,0.00265397
9,125,0.976998,0.000116105,0.00155369
9,126,0.97701,-0.000138467,0.000485194
9,127,1,-0.00343474,0
10,0,1,0,0
10,1,1.01633,-0.000216058,0.000509606
10,2,1.0163,0.00058622,0.00151502
10,3,1.01624,0.00166885,0.00244712
10,4,1.01612,0.00272886,0.0032631
10,5,1.01596,0.00359705,0.00395626
10,6,1.01575,0.00421592,0.00454787
10,7,1.0155,0.00460781,0.00505677
10,8,1.01522,0.00483744,0.00550636
10,9,1.01489,0.00497908,0.00590601
10,10,1.01454,0.0050953,0.00626507
10,11,1.01415,0.00522775,0.00658001
10,12,1.01374,0.00539698,0.0068508
10,13,1.0133,0.00560725,0.00706909
10,14,1.01284,0.00585265,0.00723324
10,15,1.01236,0.00612257,0.00733603
10,16,1.01187,0.0064056,0.00737789
10,17,1.01136,0.00669165,0.00735445
10,18,1.01086,0.00697288,0.00726848
10,19,1.01035,0.00724374,0.00711802
10,20,1.00984,0.00750057,0.00690733
10,21,1.00934,0.00774112,0.00663601
10,22,1.00885,0.00796411,0.00630906
10,23,1.00838,0.00816886,0.00592707
10,24,1.00793,0.00835502,0.00549527
10,25,1.0075,0.00852242,0.00501493
10,26,1.00709,0.00867098,0.0044913
10,27,1.00672,0.00880062,0.00392611
10,28,1.00638,0.00891121,0.00332449
10,29,1.00608,0.00900257,0.0026886
10,30,1.00583,0.00907445,0.00202339
10,31,1.00561,0.00912649,0.00133137
10,32,1.00544,0.00915825,0.000617347
10,33,1.00531,0.00916921,-0.000115849
10,34,1.00523,0.00915881,-0.000863558
10,35,1.0052,0.00912643,-0.00162263
10,36,1.00521,0.00907148,-0.00238853
10,37,1.00527,0.00899341,-0.00315784
10,38,1.00538,0.00889173,-0.00392616
10,39,1.00552,0.00876603,-0.00468986
10,40,1.00572,0.00861606,-0.00544469
10,41,1.00594,0.00844169,-0.00618691
10,42,1.00621,0.00824299,-0.00691245
10,43,1.00651,0.00802015,-0.00761756
10,44,1.00683,0.00777358,-0.00829841
10,45,1.00718,0.00750386,-0.00895132
10,46,1.00756,0.00721171,-0.00957278
10,47,1.00794,0.00689804,-0.0101593
10,48,1.00835,0.0065639,-0.0107076
10,49,1.00875,0.00621048,-0.0112145
10,50,1.00917,0.00583908,-0.0116773
10,51,1.00958,0.0054511,-0.0120929
10,52,1.00998,0.00504805,-0.012459
10,53,1.01038,0.0046315,-0.0127731
10,54,1.01077,0.00420305,-0.0130333
10,55,1.01114,0.00376439,-0.0132373
10,56,1.01149,0.00331719,-0.0133838
10,57,1.01182,0.00286317,-0.0134711
10,58,1.01213,0.00240404,-0.0134984
10,59,1.01241,0.0019415,-0.0134644
10,60,1.01267,0.00147725,-0.0133689
10,61,1.01289,0.00101293,-0.0132112
10,62,1.01309,0.000550205,-0.0129916
10,63,1.01325,9.06628e-05,-0.01271
10,64,1.01338,-0.000364131,-0.0123674
10,65,1.01348,-0.000812653,-0.0119644
10,66,1.01354,-0.00125342,-0.0115026
10,67,1.01358,-0.00168501,-0.010983
10,68,1.01357,-0.00210603,-0.0104082
10,69,1.01353,-0.00251513,-0.0097797
10,70,1.01346,-0.00291102,-0.00910072
10,71,1.01335,-0.00329243,-0.0083734
10,72,1.0132,-0.00365817,-0.00760154
10,73,1.01301,-0.00400705,-0.00678781
10,74,1.01279,-0.00433794,-0.00593658
10,75,1.01253,-0.00464976,-0.00505094
10,76,1.01223,-0.00494144,-0.00413577
10,77,1.01189,-0.00521198,-0.00319447
10,78,1.01151,-0.0054604,-0.00223237
10,79,1.01108,-0.00568578,-0.00125307
10,80,1.01062,-0.00588725,-0.000262236
10,81,1.01012,-0.00606397,0.000736393
10,82,1.00957,-0.0062152,0.0017369
10,83,1.00899,-0.00634024,0.00273554
10,84,1.00836,-0.0064385,0.00372621
10,85,1.00769,-0.00650945,0.00470526
10,86,1.00698,-0.00655269,0.00566649
10,87,1.00623,-0.00656793,0.00660645
10,88,1.00544,-0.00655502,0.00751894
10,89,1.00462,-0.00651396,0.00840081
10,90,1.00375,-0.0064449,0.00924593
10,91,1.00286,-0.00634818,0.0100516
10,92,1.00193,-0.00622431,0.0108118
10,93,1.00097,-0.00607403,0.0115244
10,94,0.999987,-0.00589826,0.0121836
10,95,0.998979,-0.00569813,0.0127879
10,96,0.997952,-0.00547499,0.0133319
10,97,0.996909,-0.00523038,0.0138147
10,98,0.995853,-0.00496606,0.0142312
10,99,0.994789,-0.00468396,0.0145815
10,100,0.993722,-0.00438617,0.0148606
10,101,0.992655,-0.00407495,0.0150697
10,102,0.991593,-0.00375267,0.0152042
10,103,0.99054,-0.00342187,0.0152661
10,104,0.989501,-0.00308518,0.0152513
10,105,0.988479,-0.00274542,0.0151628
10,106,0.98748,-0.00240564,0.014997
10,107,0.986507,-0.00206922,0.0147582
10,108,0.985563,-0.00174007,0.0144436
10,109,0.984652,-0.0014228,0.0140589
10,110,0.983777,-0.00112302,0.0136025
10,111,0.982942,-0.000847509,0.0130822
10,112,0.982149,-0.000604282,0.012498
10,113,0.981401,-0.000402243,0.0118605
10,114,0.9807,-0.000250259,0.0111716
10,115,0.980048,-0.000155244,0.0104441
10,116,0.979448,-0.000119106,0.00968116
10,117,0.978901,-0.000134599,0.00889582
10,118,0.978409,-0.000180903,0.00808832
10,119,0.977974,-0.000220768,0.00726646
10,120,0.977598,-0.000202443,0.00642115
10,121,0.977282,-7.03633e-05,0.00554873
10,122,0.97703,0.000212116,0.0046288
10,123,0.976841,0.000628178,0.00365328
10,124,0.976717,0.00106806,0.00261192
10,125,0.976659,0.00129721,0.00153452
10,126,0.976662,0.000947617,0.000487748
10,127,1,-0.00343474,0
11,0,1,0,0
11,1,1.01666,0.000637193,0.000498101
11,2,1.01665,0.00147807,0.00149313
11,3,1.01658,0.00266884,0.00239887
11,4,1.01647,0.00385849,0.00318419
11,5,1.01632,0.00484999,0.00384486
11,6,1.01612,0.00557453,0.00440182
11,7,1.01588,0.00605367,0.00487482
11,8,1.0156,0.00635667,0.00528685
11,9,1.01529,0.00656393,0.00564694
11,10,1.01495,0.00674327,0.0059637
11,11,1.01457,0.00693971,0.0062335
11,12,1.01417,0.00717522,0.0064559
11,13,1.01374,0.00745387,0.00662269
11,14,1.01329,0.00776857,0.00673204
11,15,1.01282,0.00810711,0.00677694
11,16,1.01234,0.00845633,0.00675766
11,17,1.01185,0.0088046,0.00667007
11,18,1.01135,0.00914274,0.00651677
11,19,1.01084,0.00946416,0.00629604
11,20,1.01034,0.00976438,0.00601207
11,21,1.00985,0.0100406,0.00566476
11,22,1.00936,0.010291,0.00525912
11,23,1.00889,0.0105148,0.00479613
11,24,1.00844,0.0107113,0.00428119
11,25,1.008,0.0108803,0.00371602
11,26,1.0076,0.0110217,0.00310612
11,27,1.00722,0.0111355,0.0024538
11,28,1.00687,0.0112215,0.00176451
11,29,1.00657,0.0112796,0.00104102
11,30,1.0063,0.0113098,0.000288654
11,31,1.00607,0.0113119,-0.00048943
11,32,1.00588,0.0112855,-0.00128804
11,33,1.00574,0.0112304,-0.00210371
11,34,1.00565,0.0111462,-0.00293139
11,35,1.0056,0.0110325,-0.00376734
11,36,1.00559,0.0108892,-0.00460666
11,37,1.00563,0.0107159,-0.00544543
11,38,1.00572,0.0105126,-0.00627894
11,39,1.00585,0.0102792,-0.00710313
11,40,1.00602,0.0100159,-0.00791353
11,41,1.00622,0.00972316,-0.00870607
11,42,1.00647,0.00940149,-0.00947656
11,43,1.00674,0.00905166,-0.010221
11,44,1.00704,0.00867463,-0.0109356
11,45,1.00737,0.00827156,-0.0116165
11,46,1.00772,0.00784378,-0.0122604
11,47,1.00808,0.00739279,-0.0128636
11,48,1.00846,0.00692024,-0.0134231
11,49,1.00884,0.00642788,-0.0139359
11,50,1.00923,0.0059176,-0.0143993
11,51,1.00962,0.00539132,-0.0148106
11,52,1.01,0.00485106,-0.0151677
11,53,1.01037,0.00429886,-0.0154682
11,54,1.01074,0.00373677,-0.0157107
11,55,1.01108,0.00316684,-0.0158932
11,56,1.01141,0.00259113,-0.0160147
11,57,1.01172,0.00201166,-0.0160738
11,58,1.012,0.00143039,-0.0160699
11,59,1.01226,0.000849269,-0.0160022
11,60,1.0125,0.000270178,-0.0158707
11,61,1.0127,-0.000305059,-0.015675
11,62,1.01287,-0.000874677,-0.0154158
11,63,1.01302,-0.00143697,-0.0150932
11,64,1.01313,-0.00199031,-0.0147085
11,65,1.01321,-0.0025331,-0.0142624
11,66,1.01325,-0.00306384,-0.0137568
11,67,1.01326,-0.00358106,-0.0131931
11,68,1.01324,-0.00408337,-0.0125738
11,69,1.01318,-0.00456942,-0.0119006
11,70,1.01308,-0.00503792,-0.0111769
11,71,1.01295,-0.00548763,-0.0104051
11,72,1.01279,-0.00591736,-0.00958881
11,73,1.01258,-0.00632594,-0.00873097
11,74,1.01234,-0.00671229,-0.00783593
11,75,1.01207,-0.00707534,-0.00690687
11,76,1.01175,-0.00741407,-0.00594863
11,77,1.01139,-0.00772749,-0.00496469
11,78,1.011,-0.00801468,-0.0039603
11,79,1.01056,-0.00827475,-0.00293913
11,80,1.01009,-0.00850686,-0.00190673
11,81,1.00957,-0.00871022,-0.000866905
11,82,1.00902,-0.00888411,0.000174563
11,83,1.00842,-0.00902786,0.00121386
11,84,1.00779,-0.00914089,0.00224504
11,85,1.00711,-0.0092227,0.00326438
11,86,1.0064,-0.00927288,0.00426583
11,87,1.00564,-0.00929114,0.00524585
11,88,1.00485,-0.00927729,0.0061984
11,89,1.00403,-0.0092313,0.00712022
11,90,1.00316,-0.00915328,0.00800534
11,91,1.00227,-0.00904348,0.00885093
11,92,1.00134,-0.00890236,0.00965114
11,93,1.00039,-0.00873055,0.0104037
11,94,0.999411,-0.00852888,0.0111029
11,95,0.998409,-0.0082984,0.0117471
11,96,0.997388,-0.00804036,0.012331
11,97,0.996352,-0.00775622,0.0128536
11,98,0.995304,-0.00744769,0.0133099
11,99,0.994249,-0.00711664,0.0136998
11,100,0.99319,-0.00676519,0.0140186
11,101,0.992131,-0.00639564,0.0142669
11,102,0.991078,-0.00601048,0.0144406
11,103,0.990034,-0.0056124,0.0145413
11,104,0.989003,-0.00520431,0.0145652
11,105,0.98799,-0.00478941,0.0145149
11,106,0.986999,-0.00437123,0.0143871
11,107,0.986033,-0.0039538,0.0141858
11,108,0.985097,-0.00354185,0.0139084
11,109,0.984194,-0.00314103,0.0135605
11,110,0.983326,-0.00275819,0.0131406
11,111,0.982498,-0.0024016,0.0126562
11,112,0.981711,-0.00208095,0.0121077
11,113,0.980969,-0.00180694,0.0115051
11,114,0.980273,-0.00159015,0.0108506
11,115,0.979627,-0.00143884,0.0101566
11,116,0.979031,-0.00135551,0.00942637
11,117,0.978489,-0.00133219,0.00867236
11,118,0.978001,-0.00134557,0.00789517
11,119,0.977569,-0.00135386,0.00710216
11,120,0.977196,-0.00129911,0.00628491
11,121,0.976882,-0.00111933,0.00543966
11,122,0.976629,-0.000774365,0.00454658
11,123,0.976439,-0.000285191,0.00359656
11,124,0.976312,0.000220274,0.00257993
11,125,0.976249,0.000469939,0.00152312
11,126,0.976252,4.35422e-05,0.000480515
11,127,1,-0.00343474,0
12,0,1,0,0
12,1,1.01704,-0.000226956,0.000499243
12,2,1.01702,0.000657145,0.00147166
12,3,1.01695,0.0019521,0.00235795
12,4,1.01684,0.003256,0.00311806
12,5,1.01669,0.00434343,0.00374934
12,6,1.0165,0.00513489,0.00427501
12,7,1.01626,0.00565313,0.00471518
12,8,1.01599,0.00597471,0.00509238
12,9,1.01569,0.00618892,0.00541566
12,10,1.01535,0.00637144,0.00569301
12,11,1.01499,0.00657288,0.00592078
12,12,1.01459,0.00681844,0.00609816
12,13,1.01417,0.00711349,0.00621712
12,14,1.01373,0.00745098,0.00627561
12,15,1.01327,0.00781803,0.00626689
12,16,1.01279,0.00820063,0.00619104
12,17,1.0123,0.00858626,0.00604418
12,18,1.01181,0.008965,0.00582875
12,19,1.01131,0.00932968,0.00554331
12,20,1.01081,0.00967541,0.00519193
12,21,1.01032,0.00999902,0.00477486
12,22,1.00983,0.0102986,0.00429709
12,23,1.00936,0.0105729,0.00376003
12,24,1.0089,0.0108212,0.00316918
12,25,1.00847,0.0110432,0.0025268
12,26,1.00806,0.0112385,0.00183859
12,27,1.00767,0.011407,0.00110746
12,28,1.00732,0.0115484,0.000339148
12,29,1.00701,0.0116624,-0.000462939
12,30,1.00673,0.0117487,-0.0012931
12,31,1.00649,0.0118069,-0.00214756
12,32,1.0063,0.0118364,-0.00302073
12,33,1.00614,0.0118368,-0.00390852
12,34,1.00603,0.0118073,-0.00480551
12,35,1.00597,0.0117474,-0.0057074
12,36,1.00595,0.0116565,-0.00660896
12,37,1.00598,0.0115339,-0.00750579
12,38,1.00605,0.0113792,-0.0083929
12,39,1.00616,0.0111921,-0.00926587
12,40,1.00631,0.0109725,-0.01012
12,41,1.0065,0.0107204,-0.0109511
12,42,1.00673,0.0104361,-0.0117548
12,43,1.00698,0.0101201,-0.012527
12,44,1.00727,0.00977309,-0.0132639
12,45,1.00757,0.00939599,-0.0139616
12,46,1.0079,0.00898995,-0.0146169
12,47,1.00824,0.00855631,-0.0152264
12,48,1.0086,0.00809661,-0.0157871
12,49,1.00896,0.00761253,-0.0162962
12,50,1.00932,0.00710591,-0.0167513
12,51,1.00969,0.00657871,-0.01715
12,52,1.01004,0.00603298,-0.0174905
12,53,1.0104,0.00547086,-0.0177708
12,54,1.01073,0.00489456,-0.0179896
12,55,1.01106,0.0043063,-0.0181453
12,56,1.01136,0.00370835,-0.0182374
12,57,1.01165,0.00310298,-0.0182646
12,58,1.01191,0.00249244,-0.0182269
12,59,1.01215,0.00187899,-0.0181237
12,60,1.01236,0.00126482,-0.0179552
12,61,1.01254,0.000652105,-0.0177214
12,62,1.01269,4.2964e-05,-0.0174233
12,63,1.01281,-0.000560538,-0.0170612
12,64,1.0129,-0.00115639,-0.0166367
12,65,1.01295,-0.00174266,-0.0161506
12,66,1.01298,-0.00231746,-0.0156051
12,67,1.01297,-0.00287898,-0.0150017
12,68,1.01292,-0.00342546,-0.014343
12,69,1.01284,-0.00395521,-0.013631
12,70,1.01273,-0.00446661,-0.012869
12,71,1.01258,-0.0049581,-0.0120594
12,72,1.01239,-0.00542817,-0.0112062
12,73,1.01217,-0.00587535,-0.0103121
12,74,1.01191,-0.00629826,-0.0093815
12,75,1.01161,-0.00669554,-0.00841768
12,76,1.01128,-0.00706591,-0.00742538
12,77,1.01091,-0.00740812,-0.00640811
12,78,1.0105,-0.00772098,-0.005371
12,79,1.01005,-0.00800338,-0.00431776
12,80,1.00956,-0.00825425,-0.0032538
12,81,1.00904,-0.0084726,-0.00218295
12,82,1.00847,-0.00865752,-0.00111082
12,83,1.00786,-0.0088082,-4.12604e-05
12,84,1.00722,-0.00892392,0.00101995
12,85,1.00654,-0.00900407,0.00206905
12,86,1.00582,-0.0090482,0.00310017
12,87,1.00506,-0.00905599,0.00410972
12,88,1.00427,-0.0090273,0.00509183
12,89,1.00344,-0.00896214,0.00604317
12,90,1.00258,-0.00886077,0.00695795
12,91,1.00168,-0.00872362,0.00783322
12,92,1.00076,-0.0085514,0.00866334
12,93,0.999808,-0.00834501,0.00944586
12,94,0.998833,-0.00810565,0.0101754
12,95,0.997836,-0.00783474,0.01085
12,96,0.996821,-0.007534,0.0114646
12,97,0.995791,-0.00720538,0.012018
12,98,0.99475,-0.00685107,0.0125055
12,99,0.993701,-0.00647351,0.0129267
12,100,0.99265,-0.00607536,0.013277
12,101,0.991599,-0.00565946,0.0135571
12,102,0.990554,-0.00522888,0.0137628
12,103,0.989518,-0.00478684,0.0138956
12,104,0.988495,-0.00433677,0.0139518
12,105,0.98749,-0.00388235,0.0139339
12,106,0.986506,-0.00342761,0.0138388
12,107,0.985548,-0.00297704,0.0136701
12,108,0.984618,-0.00253581,0.0134256
12,109,0.983721,-0.00211004,0.0131105
12,110,0.98286,-0.00170707,0.0127235
12,111,0.982037,-0.00133567,0.0122718
12,112,0.981256,-0.00100602,0.011756
12,113,0.980518,-0.000729267,0.0111857
12,114,0.979827,-0.000516273,0.0105633
12,115,0.979183,-0.000375217,0.00990053
12,116,0.978591,-0.000307848,0.00920078
12,117,0.97805,-0.000304478,0.00847591
12,118,0.977564,-0.000338712,0.00772676
12,119,0.977133,-0.000364157,0.00696019
12,120,0.976761,-0.000316972,0.00616839
12,121,0.976447,-0.000129173,0.00534731
12,122,0.976195,0.000243003,0.00447789
12,123,0.976004,0.000775318,0.00355062
12,124,0.975876,0.00132415,0.00255395
12,125,0.975811,0.00158481,0.00151236
12,126,0.975804,0.00108664,0.00048699
12,127,1,-0.00343474,0
13,0,1,0,0
13,1,1.01748,0.000601821,0.000488577
13,2,1.01746,0.0015393,0.00145585
13,3,1.0174,0.00295374,0.00232279
13,4,1.0173,0.00439518,0.00306055
13,5,1.01715,0.0056108,0.00366779
13,6,1.01697,0.00651095,0.00416667
13,7,1.01674,0.00711886,0.00457823
13,8,1.01648,0.00751644,0.00492483
13,9,1.01619,0.0077994,0.00521545
13,10,1.01586,0.00804862,0.00545763
13,11,1.01551,0.00831788,0.00564782
13,12,1.01512,0.00863355,0.00578489
13,13,1.01471,0.00900065,0.00586106
13,14,1.01428,0.00941089,0.0058741
13,15,1.01383,0.0098497,0.00581754
13,16,1.01337,0.0103014,0.00569129
13,17,1.01289,0.0107517,0.00549172
13,18,1.0124,0.0111897,0.00522114
13,19,1.01191,0.0116069,0.00487833
13,20,1.01141,0.0119976,0.00446727
13,21,1.01092,0.0123581,0.00398853
13,22,1.01044,0.0126859,0.00344711
13,23,1.00997,0.0129796,0.00284482
13,24,1.00951,0.0132382,0.00218726
13,25,1.00907,0.0134612,0.00147716
13,26,1.00865,0.0136481,0.000720475
13,27,1.00826,0.0137988,-7.93628e-05
13,28,1.0079,0.0139131,-0.000916287
13,29,1.00758,0.0139908,-0.00178631
13,30,1.00729,0.0140317,-0.00268338
13,31,1.00703,0.0140356,-0.00360311
13,32,1.00682,0.014002,-0.00453953
13,33,1.00665,0.0139308,-0.00548801
13,34,1.00653,0.0138214,-0.00644275
13,35,1.00644,0.0136737,-0.00739895
13,36,1.0064,0.0134873,-0.00835108
13,37,1.00641,0.0132622,-0.00929432
13,38,1.00645,0.0129983,-0.0102234
13,39,1.00654,0.0126958,-0.0111337
13,40,1.00667,0.0123551,-0.0120204
13,41,1.00683,0.011977,-0.012879
13,42,1.00703,0.0115622,-0.0137051
13,43,1.00726,0.0111119,-0.0144946
13,44,1.00751,0.0106275,-0.0152438
13,45,1.00779,0.0101106,-0.0159489
13,46,1.00809,0.00956315,-0.0166067
13,47,1.00841,0.00898704,-0.0172139
13,48,1.00873,0.00838452,-0.0177681
13,49,1.00907,0.00775794,-0.0182664
13,50,1.0094,0.00710974,-0.0187069
13,51,1.00974,0.00644245,-0.0190874
13,52,1.01007,0.00575867,-0.0194064
13,53,1.0104,0.00506102,-0.0196622
13,54,1.01071,0.00435213,-0.019854
13,55,1.01101,0.00363461,-0.0199805
13,56,1.01129,0.00291104,-0.0200415
13,57,1.01155,0.00218397,-0.0200361
13,58,1.01179,0.00145586,-0.0199645
13,59,1.012,0.000729125,-0.0198264
13,60,1.01219,6.10339e-06,-0.0196226
13,61,1.01234,-0.000710954,-0.019353
13,62,1.01247,-0.00141988,-0.019019
13,63,1.01257,-0.00211858,-0.0186212
13,64,1.01264,-0.00280506,-0.0181612
13,65,1.01267,-0.00347739,-0.0176402
13,66,1.01267,-0.00413373,-0.0170605
13,67,1.01264,-0.00477232,-0.0164235
13,68,1.01258,-0.00539146,-0.0157322
13,69,1.01248,-0.00598953,-0.0149885
13,70,1.01234,-0.00656497,-0.0141958
13,71,1.01217,-0.00711628,-0.0133566
13,72,1.01197,-0.00764203,-0.0124748
13,73,1.01173,-0.00814084,-0.0115532
13,74,1.01145,-0.00861138,-0.0105961
13,75,1.01114,-0.00905239,-0.00960682
13,76,1.01079,-0.00946263,-0.00858993
13,77,1.0104,-0.00984096,-0.00754899
13,78,1.00998,-0.0101863,-0.00648897
13,79,1.00952,-0.0104975,-0.00541359
13,80,1.00902,-0.0107736,-0.00432807
13,81,1.00848,-0.0110138,-0.00323625
13,82,1.0079,-0.0112172,-0.00214356
13,83,1.00729,-0.0113829,-0.00105385
13,84,1.00664,-0.0115105,2.7299e-05
13,85,1.00595,-0.0115992,0.0010961
13,86,1.00522,-0.0116488,0.0021469
13,87,1.00446,-0.0116588,0.00317605
13,88,1.00367,-0.0116291,0.00417791
13,89,1.00284,-0.0115598,0.00514906
13,90,1.00198,-0.011451,0.00608393
13,91,1.00108,-0.0113031,0.00697949
13,92,1.00016,-0.0111168,0.0078303
13,93,0.999215,-0.0108927,0.00863378
13,94,0.998244,-0.0106321,0.00938474
13,95,0.997252,-0.0103362,0.0100812
13,96,0.996242,-0.0100065,0.0107182
13,97,0.995218,-0.00964487,0.0112944
13,98,0.994183,-0.00925341,0.0118053
13,99,0.993141,-0.00883442,0.0122503
13,100,0.992096,-0.00839048,0.0126252
13,101,0.991052,-0.00792441,0.0129302
13,102,0.990013,-0.00743927,0.0131616
13,103,0.988983,-0.00693837,0.0133205
13,104,0.987966,-0.00642534,0.0134035
13,105,0.986966,-0.00590412,0.0134127
13,106,0.985988,-0.00537914,0.0133455
13,107,0.985035,-0.00485546,0.013205
13,108,0.98411,-0.00433899,0.0129893
13,109,0.983217,-0.00383679,0.0127031
13,110,0.98236,-0.00335736,0.0123457
13,111,0.98154,-0.00291084,0.0119236
13,112,0.980762,-0.00250897,0.0114378
13,113,0.980027,-0.00216455,0.0108971
13,114,0.979339,-0.00189001,0.0103042
13,115,0.978698,-0.00169477,0.00967028
13,116,0.978107,-0.00158112,0.00899876
13,117,0.977568,-0.00153873,0.00830079
13,118,0.977083,-0.00153897,0.0075775
13,119,0.976652,-0.00153132,0.0068352
13,120,0.976279,-0.00144621,0.00606671
13,121,0.975964,-0.00120944,0.00526775
13,122,0.975708,-0.000773365,0.00441982
13,123,0.975513,-0.000165233,0.00351235
13,124,0.97538,0.000455141,0.0025349
13,125,0.975308,0.00074813,0.00150878
13,126,0.975302,0.000195418,0.000480849
13,127,1,-0.00343474,0
14,0,1,0,0
14,1,1.01796,-0.000219222,0.000491666
14,2,1.01793,0.000773062,0.00143982
14,3,1.01787,0.00229996,0.00229353
14,4,1.01776,0.00386184,0.00301378
14,5,1.01762,0.00517766,0.00360001
14,6,1.01744,0.00614794,0.00407621
14,7,1.01722,0.00679796,0.00446354
14,8,1.01696,0.00721741,0.00478393
14,9,1.01668,0.00751096,0.00504652
14,10,1.01636,0.00776718,0.00525841
14,11,1.01601,0.00804522,0.00541616
14,12,1.01563,0.00837447,0.00551839
14,13,1.01523,0.0087612,0.00555756
14,14,1.01481,0.00919715,0.00553129
14,15,1.01436,0.00966717,0.00543337
14,16,1.0139,0.0101547,0.00526356
14,17,1.01343,0.0106449,0.00501847
14,18,1.01294,0.0111256,0.00470025
14,19,1.01245,0.0115883,0.00430795
14,20,1.01196,0.0120265,0.00384546
14,21,1.01147,0.0124361,0.00331363
14,22,1.01099,0.0128144,0.00271747
14,23,1.01052,0.0131596,0.00205917
14,24,1.01005,0.0134704,0.00134444
14,25,1.00961,0.0137461,0.000576486
14,26,1.00919,0.0139861,-0.00023855
14,27,1.00879,0.01419,-0.00109669
14,28,1.00843,0.0143572,-0.00199159
14,29,1.00809,0.0144876,-0.00291868
14,30,1.00779,0.0145806,-0.00387158
14,31,1.00753,0.0146357,-0.00484534
14,32,1.0073,0.0146525,-0.00583365
14,33,1.00712,0.0146304,-0.00683133
14,34,1.00698,0.0145688,-0.00783228
14,35,1.00688,0.014467,-0.00883125
14,36,1.00682,0.0143247,-0.00982242
14,37,1.00681,0.0141414,-0.0108006
14,38,1.00684,0.0139168,-0.0117605
14,39,1.00691,0.0136509,-0.0126971
14,40,1.00702,0.0133439,-0.0136055
14,41,1.00716,0.012996,-0.0144811
14,42,1.00734,0.0126081,-0.0153196
14,43,1.00754,0.012181,-0.0161169
14,44,1.00778,0.0117159,-0.0168693
14,45,1.00803,0.0112142,-0.0175733
14,46,1.00831,0.0106777,-0.0182258
14,47,1.0086,0.0101082,-0.0188239
14,48,1.0089,0.00950792,-0.0193651
14,49,1.00921,0.00887907,-0.0198471
14,50,1.00952,0.00822412,-0.0202682
14,51,1.00983,0.00754565,-0.0206266
14,52,1.01014,0.00684632,-0.020921
14,53,1.01044,0.00612887,-0.0211503
14,54,1.01073,0.00539609,-0.0213138
14,55,1.011,0.00465079,-0.0214107
14,56,1.01125,0.00389579,-0.021441
14,57,1.01149,0.0031339,-0.0214042
14,58,1.0117,0.00236787,-0.0213007
14,59,1.01189,0.00160044,-0.0211307
14,60,1.01205,0.000834279,-0.0208949
14,61,1.01218,7.19914e-05,-0.0205939
14,62,1.01229,-0.000683891,-0.0202289
14,63,1.01236,-0.00143092,-0.0198008
14,64,1.01241,-0.00216671,-0.0193114
14,65,1.01242,-0.00288899,-0.018762
14,66,1.0124,-0.00359555,-0.018155
14,67,1.01234,-0.00428426,-0.0174919
14,68,1.01226,-0.0049531,-0.0167757
14,69,1.01214,-0.0056001,-0.0160085
14,70,1.01198,-0.00622337,-0.0151935
14,71,1.01179,-0.00682111,-0.0143334
14,72,1.01157,-0.00739157,-0.0134318
14,73,1.01131,-0.00793308,-0.0124916
14,74,1.01102,-0.00844402,-0.0115172
14,75,1.01069,-0.00892283,-0.0105115
14,76,1.01032,-0.00936804,-0.00947933
14,77,1.00992,-0.00977821,-0.008424
14,78,1.00948,-0.010152,-0.00735037
14,79,1.009,-0.010488,-0.00626213
14,80,1.00849,-0.0107852,-0.00516432
14,81,1.00794,-0.0110423,-0.00406075
14,82,1.00736,-0.0112584,-0.00295665
14,83,1.00673,-0.0114324,-0.00185586
14,84,1.00607,-0.0115636,-0.000763764
14,85,1.00538,-0.0116513,0.000315849
14,86,1.00465,-0.011695,0.00137754
14,87,1.00389,-0.0116943,0.00241762
14,88,1.00309,-0.0116492,0.00343066
14,89,1.00226,-0.0115596,0.0044132
14,90,1.00139,-0.0114259,0.00535989
14,91,1.0005,-0.0112486,0.00626759
14,92,0.999582,-0.0110286,0.00713109
14,93,0.998637,-0.0107669,0.00794773
14,94,0.99767,-0.0104651,0.00871251
14,95,0.996682,-0.0101247,0.00942331
14,96,0.995676,-0.00974792,0.0100755
14,97,0.994657,-0.00933695,0.0106675
14,98,0.993627,-0.00889444,0.011195
14,99,0.99259,-0.0084233,0.0116573
14,100,0.991551,-0.0079267,0.0120504
14,101,0.990512,-0.00740805,0.0123744
14,102,0.989478,-0.00687102,0.0126257
14,103,0.988453,-0.00631951,0.0128053
14,104,0.987442,-0.00575771,0.01291
14,105,0.986447,-0.00519014,0.0129416
14,106,0.985473,-0.00462174,0.0128978
14,107,0.984524,-0.00405809,0.0127814
14,108,0.983604,-0.00350561,0.0125907
14,109,0.982714,-0.00297185,0.0123301
14,110,0.98186,-0.00246583,0.0119991
14,111,0.981043,-0.00199818,0.0116038
14,112,0.980267,-0.00158115,0.0111453
14,113,0.979533,-0.00122795,0.0106319
14,114,0.978845,-0.000951248,0.0100664
14,115,0.978204,-0.000760348,0.00945927
14,116,0.977613,-0.000656804,0.00881405
14,117,0.977073,-0.000628641,0.00814114
14,118,0.976586,-0.000644306,0.00744187
14,119,0.976153,-0.000648901,0.00672203
14,120,0.975778,-0.000567128,0.00597498
14,121,0.97546,-0.000318754,0.00519617
14,122,0.975201,0.000147973,0.00436794
14,123,0.975004,0.00080368,0.00347952
14,124,0.974867,0.00147455,0.00251843
14,125,0.974792,0.00179077,0.00150406
14,126,0.974772,0.00118923,0.000491191
14,127,1,-0.00343474,0
15,0,1,0,0
15,1,1.01849,0.00058189,0.000482468
15,2,1.01847,0.00163916,0.00142931
15,3,1.01841,0.00329342,0.00226824
15,4,1.01831,0.00499892,0.00297243
15,5,1.01817,0.00644737,0.00354215
15,6,1.018,0.00752963,0.00399978
15,7,1.01779,0.00827207,0.00436714
15,8,1.01754,0.00877021,0.00466592
15,9,1.01726,0.00913535,0.00490521
15,10,1.01695,0.0094612,0.00509174
15,11,1.01662,0.00980995,0.00522228
15,12,1.01625,0.010212,0.00529523
15,13,1.01586,0.0106732,0.00530334
15,14,1.01545,0.011184,0.00524409
15,15,1.01501,0.0117276,0.00511157
15,16,1.01456,0.0122856,0.00490539
15,17,1.0141,0.0128416,0.00462239
15,18,1.01362,0.0133823,0.00426456
15,19,1.01314,0.0138978,0.0038312
15,20,1.01265,0.0143811,0.00332609
15,21,1.01217,0.0148274,0.00275036
15,22,1.01168,0.0152333,0.00210899
15,23,1.01121,0.0155967,0.00140453
15,24,1.01075,0.0159162,0.000642782
15,25,1.0103,0.0161908,-0.000172631
15,26,1.00987,0.0164198,-0.00103537
15,27,1.00946,0.0166028,-0.00194099
15,28,1.00909,0.0167394,-0.00288286
15,29,1.00874,0.0168292,-0.00385592
15,30,1.00842,0.0168721,-0.00485347
15,31,1.00814,0.0168676,-0.00587006
15,32,1.0079,0.0168156,-0.00689905
15,33,1.0077,0.0167157,-0.00793484
15,34,1.00753,0.0165678,-0.008971
15,35,1.00741,0.0163715,-0.0100019
15,36,1.00733,0.0161269,-0.0110216
15,37,1.00729,0.0158341,-0.0120245
15,38,1.00729,0.0154933,-0.0130052
15,39,1.00734,0.0151052,-0.0139586
15,40,1.00741,0.0146705,-0.0148796
15,41,1.00753,0.0141904,-0.0157638
15,42,1.00768,0.0136663,-0.0166067
15,43,1.00785,0.0130998,-0.0174045
15,44,1.00805,0.0124928,-0.0181535
15,45,1.00828,0.0118478,-0.0188505
15,46,1.00853,0.011167,-0.0194924
15,47,1.00879,0.0104532,-0.0200768
15,48,1.00906,0.00970929,-0.0206014
15,49,1.00934,0.00893814,-0.0210642
15,50,1.00962,0.0081429,-0.0214638
15,51,1.0099,0.0073267,-0.0217986
15,52,1.01018,0.00649274,-0.022068
15,53,1.01045,0.00564421,-0.0222708
15,54,1.01071,0.00478429,-0.022407
15,55,1.01096,0.00391611,-0.0224759
15,56,1.01119,0.00304274,-0.0224778
15,57,1.01139,0.00216717,-0.0224126
15,58,1.01158,0.0012923,-0.022281
15,59,1.01174,0.000420927,-0.0220832
15,60,1.01188,-0.000444243,-0.0218203
15,61,1.01199,-0.00130062,-0.0214931
15,62,1.01207,-0.00214572,-0.0211029
15,63,1.01213,-0.00297716,-0.0206508
15,64,1.01215,-0.00379266,-0.0201386
15,65,1.01214,-0.00459004,-0.0195678
15,66,1.0121,-0.00536722,-0.0189408
15,67,1.01202,-0.00612219,-0.0182592
15,68,1.01191,-0.00685305,-0.0175259
15,69,1.01177,-0.00755796,-0.0167431
15,70,1.0116,-0.00823514,-0.015914
15,71,1.01139,-0.00888292,-0.0150411
15,72,1.01115,-0.00949965,-0.014128
15,73,1.01087,-0.0100838,-0.0131777
15,74,1.01056,-0.0106338,-0.0121942
15,75,1.01022,-0.0111482,-0.0111808
15,76,1.00984,-0.0116257,-0.0101416
15,77,1.00942,-0.012065,-0.00908025
15,78,1.00897,-0.0124647,-0.00800131
15,79,1.00848,-0.0128237,-0.00690844
15,80,1.00796,-0.0131408,-0.00580648
15,81,1.0074,-0.0134152,-0.00469921
15,82,1.0068,-0.0136457,-0.00359165
15,83,1.00617,-0.0138316,-0.00248762
15,84,1.00551,-0.0139722,-0.00139229
15,85,1.00481,-0.0140668,-0.000309461
15,86,1.00407,-0.014115,0.000755645
15,87,1.00331,-0.0141166,0.00179933
15,88,1.00251,-0.0140713,0.00281637
15,89,1.00167,-0.0139793,0.00380325
15,90,1.00081,-0.0138408,0.00475484
15,91,0.999922,-0.0136564,0.00566795
15,92,0.999005,-0.0134267,0.00653757
15,93,0.998063,-0.0131528,0.00736094
15,94,0.997098,-0.0128359,0.0081333
15,95,0.996114,-0.0124776,0.00885241
15,96,0.995113,-0.0120796,0.00951383
15,97,0.994099,-0.0116443,0.0101159
15,98,0.993073,-0.0111738,0.0106546
15,99,0.992041,-0.0106711,0.011129
15,100,0.991006,-0.010139,0.0115354
15,101,0.989971,-0.00958086,0.0118735
15,102,0.988942,-0.00900025,0.0121403
15,103,0.98792,-0.00840105,0.0123362
15,104,0.986912,-0.00778749,0.0124586
15,105,0.98592,-0.00716426,0.0125089
15,106,0.984948,-0.0065366,0.012485
15,107,0.984001,-0.00591051,0.0123894
15,108,0.983081,-0.00529302,0.0122208
15,109,0.982193,-0.00469252,0.011983
15,110,0.981339,-0.00411902,0.0116758
15,111,0.980522,-0.00358439,0.0113049
15,112,0.979745,-0.00310227,0.0108715
15,113,0.979011,-0.00268736,0.0103833
15,114,0.978322,-0.00235375,0.00984333
15,115,0.97768,-0.00211188,0.00926119
15,116,0.977087,-0.00196378,0.0086406
15,117,0.976545,-0.00189697,0.00799121
15,118,0.976055,-0.00187796,0.00731457
15,119,0.97562,-0.00184818,0.00661595
15,120,0.97524,-0.00172711,0.00588928
15,121,0.974917,-0.00142864,0.00512993
15,122,0.974652,-0.000896919,0.00432081
15,123,0.974447,-0.000163278,0.00345018
15,124,0.974302,0.000584365,0.0025069
15,125,0.974217,0.000944778,0.00150666
15,126,0.974197,0.000313696,0.000486587
15,127,1,-0.00343474,0
16,0,1,0,0
16,1,1.01905,-0.00019189,0.000488005
16,2,1.01902,0.000931072,0.00141848
16,3,1.01896,0.00270281,0.00224776
16,4,1.01885,0.00453211,0.00293941
16,5,1.01871,0.00608323,0.00349438
16,6,1.01854,0.00723772,0.00393661
16,7,1.01833,0.00802445,0.00428775
16,8,1.01809,0.00854688,0.00456893
16,9,1.01782,0.00892519,0.00478936
16,10,1.01751,0.00926054,0.00495537
16,11,1.01718,0.00962025,0.00506389
16,12,1.01682,0.0100377,0.0051131
16,13,1.01644,0.0105198,0.00509608
16,14,1.01603,0.0110573,0.00501014
16,15,1.0156,0.0116326,0.00484966
16,16,1.01516,0.0122269,0.00461409
16,17,1.0147,0.012823,0.00430053
16,18,1.01423,0.0134068,0.0039108
16,19,1.01375,0.0139678,0.00344442
16,20,1.01326,0.0144985,0.00290505
16,21,1.01278,0.0149937,0.00229408
16,22,1.01229,0.0154495,0.00161648
16,23,1.01182,0.0158636,0.0008751
16,24,1.01135,0.0162341,7.58232e-05
16,25,1.0109,0.0165597,-0.000777342
16,26,1.01046,0.0168394,-0.00167789
16,27,1.01005,0.0170726,-0.00262093
16,28,1.00967,0.0172585,-0.00359959
16,29,1.00931,0.0173968,-0.00460836
16,30,1.00898,0.017487,-0.00564025
16,31,1.00869,0.0175284,-0.00668937
16,32,1.00843,0.0175207,-0.00774881
16,33,1.00821,0.0174634,-0.00881255
16,34,1.00803,0.0173561,-0.00987393
16,35,1.0079,0.0171983,-0.010927
16,36,1.0078,0.0169899,-0.0119656
16,37,1.00774,0.0167308,-0.0129841
16,38,1.00772,0.0164211,-0.0139768
16,39,1.00774,0.0160612,-0.0149385
16,40,1.0078,0.0156516,-0.0158643
16,41,1.00789,0.0151933,-0.0167496
16,42,1.00802,0.0146875,-0.0175903
16,43,1.00817,0.0141357,-0.0183824
16,44,1.00835,0.0135396,-0.0191226
16,45,1.00855,0.0129015,-0.0198078
16,46,1.00877,0.0122236,-0.0204353
16,47,1.009,0.0115085,-0.0210027
16,48,1.00925,0.0107589,-0.0215083
16,49,1.0095,0.00997789,-0.0219503
16,50,1.00976,0.00916843,-0.0223275
16,51,1.01001,0.00833375,-0.0226389
16,52,1.01026,0.00747712,-0.0228839
16,53,1.01051,0.00660185,-0.0230619
16,54,1.01074,0.00571128,-0.0231729
16,55,1.01096,0.00480875,-0.0232168
16,56,1.01116,0.00389755,-0.0231939
16,57,1.01134,0.00298095,-0.0231045
16,58,1.0115,0.00206216,-0.0229494
16,59,1.01164,0.00114429,-0.0227291
16,60,1.01175,0.000230392,-0.0224449
16,61,1.01183,-0.000676587,-0.0220975
16,62,1.01189,-0.0015738,-0.0216886
16,63,1.01192,-0.00245849,-0.0212192
16,64,1.01192,-0.00332803,-0.0206914
16,65,1.01188,-0.00417986,-0.0201065
16,66,1.01182,-0.00501155,-0.0194669
16,67,1.01172,-0.00582075,-0.0187744
16,68,1.0116,-0.00660522,-0.0180316
16,69,1.01143,-0.00736278,-0.017241
16,70,1.01124,-0.00809137,-0.0164054
16,71,1.01101,-0.00878899,-0.0155274
16,72,1.01075,-0.00945372,-0.0146106
16,73,1.01046,-0.0100837,-0.0136578
16,74,1.01013,-0.0106772,-0.0126729
16,75,1.00977,-0.0112324,-0.0116589
16,76,1.00937,-0.0117477,-0.0106202
16,77,1.00894,-0.0122216,-0.00956002
16,78,1.00848,-0.0126525,-0.00848285
16,79,1.00798,-0.0130389,-0.00739229
16,80,1.00744,-0.0133796,-0.00629299
16,81,1.00688,-0.0136733,-0.00518867
16,82,1.00627,-0.0139188,-0.00408416
16,83,1.00564,-0.0141151,-0.00298327
16,84,1.00497,-0.0142612,-0.00189094
16,85,1.00426,-0.0143566,-0.000810974
16,86,1.00352,-0.0144005,0.000251599
16,87,1.00275,-0.0143927,0.00129307
16,88,1.00195,-0.0143329,0.00230841
16,89,1.00112,-0.0142213,0.00329408
16,90,1.00026,-0.0140582,0.00424513
16,91,0.999371,-0.0138443,0.00515831
16,92,0.998456,-0.0135805,0.00602884
16,93,0.997516,-0.0132681,0.00685386
16,94,0.996555,-0.0129087,0.00762884
16,95,0.995574,-0.0125043,0.00835143
16,96,0.994576,-0.0120571,0.00901741
16,97,0.993565,-0.0115697,0.00962503
16,98,0.992543,-0.0110452,0.0101705
16,99,0.991514,-0.0104869,0.0106526
16,100,0.990483,-0.00989836,0.011068
16,101,0.989451,-0.00928351,0.0114164
16,102,0.988425,-0.00864656,0.0116948
16,103,0.987406,-0.00799202,0.0119035
16,104,0.9864,-0.00732475,0.0120401
16,105,0.98541,-0.00665001,0.0121059
16,106,0.98444,-0.00597364,0.0120988
16,107,0.983494,-0.00530218,0.0120213
16,108,0.982575,-0.00464322,0.0118721
16,109,0.981687,-0.00400565,0.0116547
16,110,0.980832,-0.00340002,0.0113692
16,111,0.980015,-0.00283874,0.0110206
16,112,0.979236,-0.00233592,0.0106105
16,113,0.9785,-0.00190666,0.010146
16,114,0.977808,-0.00156527,0.00962998
16,115,0.977163,-0.00132205,0.00907155
16,116,0.976565,-0.00117836,0.00847438
16,117,0.976019,-0.00112015,0.00784744
16,118,0.975524,-0.00111118,0.0071924
16,119,0.975083,-0.00108876,0.00651409
16,120,0.974697,-0.000966871,0.00580698
16,121,0.974369,-0.000653399,0.00506624
16,122,0.974098,-8.79681e-05,0.00427572
16,123,0.973887,0.000697126,0.00342366
16,124,0.973736,0.00150212,0.00249648
16,125,0.973645,0.00189932,0.00150734
16,126,0.973608,0.00124784,0.000500951
16,127,1,-0.00343474,0
17,0,1,0,0
17,1,1.01966,0.000583273,0.000481095
17,2,1.01963,0.00178478,0.00141351
17,3,1.01957,0.00368965,0.00223046
17,4,1.01947,0.00566607,0.00290975
17,5,1.01933,0.0073523,0.00345332
17,6,1.01916,0.00862069,0.00388324
17,7,1.01896,0.00950158,0.00422156
17,8,1.01873,0.0101046,0.00448902
17,9,1.01847,0.0105564,0.00469473
17,10,1.01817,0.0109633,0.00484465
17,11,1.01785,0.0113955,0.0049359
17,12,1.0175,0.0118872,0.00496652
17,13,1.01713,0.012445,0.00492988
17,14,1.01673,0.013058,0.00482319
17,15,1.01632,0.0137073,0.00464111
17,16,1.01588,0.014372,0.00438296
17,17,1.01543,0.0150336,0.00404604
17,18,1.01497,0.0156767,0.00363203
17,19,1.01449,0.0162897,0.00314062
17,20,1.01401,0.0168643,0.00257536
17,21,1.01353,0.0173944,0.00193786
17,22,1.01305,0.017876,0.00123303
17,23,1.01257,0.018306,0.000463992
17,24,1.0121,0.0186825,-0.000363316
17,25,1.01164,0.0190039,-0.00124456
17,26,1.0112,0.0192692,-0.00217309
17,27,1.01078,0.0194776,-0.00314366
17,28,1.01038,0.0196286,-0.00414918
17,29,1.01001,0.0197218,-0.00518375
17,30,1.00966,0.0197568,-0.00624015
17,31,1.00935,0.0197333,-0.00731211
17,32,1.00908,0.0196513,-0.00839247
17,33,1.00883,0.0195105,-0.0094749
17,34,1.00863,0.019311,-0.0105526
17,35,1.00847,0.0190529,-0.0116192
17,36,1.00834,0.0187365,-0.0126686
17,37,1.00826,0.0183624,-0.0136949
17,38,1.00821,0.0179312,-0.0146925
17,39,1.0082,0.0174442,-0.015656
17,40,1.00823,0.0169026,-0.0165806
17,41,1.00829,0.0163083,-0.0174618
17,42,1.00838,0.0156633,-0.0182955
17,43,1.0085,0.01497,-0.0190781
17,44,1.00865,0.0142309,-0.0198062
17,45,1.00881,0.0134492,-0.0204771
17,46,1.009,0.0126278,-0.0210884
17,47,1.0092,0.0117703,-0.0216379
17,48,1.00942,0.0108801,-0.0221241
17,49,1.00964,0.00996085,-0.0225456
17,50,1.00986,0.00901628,-0.0229015
17,51,1.01009,0.00805012,-0.0231911
17,52,1.01031,0.00706612,-0.023414
17,53,1.01052,0.00606798,-0.02357
17,54,1.01072,0.00505934,-0.0236593
17,55,1.01091,0.00404377,-0.0236819
17,56,1.01109,0.00302472,-0.0236386
17,57,1.01124,0.00200554,-0.0235298
17,58,1.01138,0.000989455,-0.0233564
17,59,1.01149,-2.0452e-05,-0.0231192
17,60,1.01158,-0.00102122,-0.0228194
17,61,1.01164,-0.00201001,-0.0224581
17,62,1.01167,-0.00298413,-0.0220367
17,63,1.01168,-0.00394099,-0.0215566
17,64,1.01165,-0.00487813,-0.0210196
17,65,1.0116,-0.00579319,-0.0204272
17,66,1.01152,-0.00668391,-0.0197818
17,67,1.0114,-0.00754813,-0.0190852
17,68,1.01125,-0.00838377,-0.0183399
17,69,1.01107,-0.00918883,-0.0175482
17,70,1.01086,-0.00996139,-0.0167129
17,71,1.01062,-0.0106996,-0.0158366
17,72,1.01034,-0.0114016,-0.0149227
17,73,1.01003,-0.0120658,-0.0139739
17,74,1.00969,-0.0126905,-0.012994
17,75,1.00931,-0.013274,-0.0119859
17,76,1.0089,-0.0138149,-0.0109538
17,77,1.00846,-0.0143117,-0.00990084
17,78,1.00798,-0.0147629,-0.00883137
17,79,1.00747,-0.0151674,-0.0077489
17,80,1.00693,-0.0155238,-0.00665789
17,81,1.00635,-0.015831,-0.00556203
17,82,1.00575,-0.016088,-0.00446593
17,83,1.0051,-0.0162939,-0.00337338
17,84,1.00443,-0.016448,-0.00228914
17,85,1.00372,-0.0165495,-0.001217
17,86,1.00298,-0.0165981,-0.000161787
17,87,1.00221,-0.0165934,0.000872764
17,88,1.00141,-0.0165353,0.00188181
17,89,1.00058,-0.016424,0.0028618
17,90,0.999716,-0.0162598,0.00380796
17,91,0.998829,-0.0160433,0.00471699
17,92,0.997916,-0.0157754,0.00558431
17,93,0.99698,-0.0154572,0.00640698
17,94,0.996022,-0.0150901,0.00718068
17,95,0.995045,-0.0146759,0.00790298
17,96,0.994051,-0.0142167,0.00856987
17,97,0.993043,-0.0137149,0.00917949
17,98,0.992025,-0.0131732,0.00972825
17,99,0.991,-0.0125946,0.0102149
17,100,0.989971,-0.0119826,0.0106363
17,101,0.988942,-0.0113406,0.010992
17,102,0.987918,-0.0106729,0.0112791
17,103,0.986901,-0.00998372,0.011498
17,104,0.985895,-0.00927786,0.0116463
17,105,0.984906,-0.00856062,0.0117251
17,106,0.983935,-0.00783799,0.0117327
17,107,0.982988,-0.00711679,0.0116711
17,108,0.982067,-0.00640508,0.0115393
17,109,0.981176,-0.00571241,0.0113405
17,110,0.980319,-0.00505018,0.0110749
17,111,0.979498,-0.00443184,0.0107472
17,112,0.978716,-0.00387271,0.0103588
17,113,0.977975,-0.00338922,0.00991654
17,114,0.977279,-0.00299692,0.0094233
17,115,0.976628,-0.00270713,0.00888741
17,116,0.976026,-0.00252171,0.00831262
17,117,0.975474,-0.0024262,0.00770722
17,118,0.974973,-0.00238275,0.00707308
17,119,0.974525,-0.00232553,0.00641457
17,120,0.974132,-0.00216389,0.00572674
17,121,0.973795,-0.00180026,0.00500482
17,122,0.973514,-0.00117001,0.00423325
17,123,0.973293,-0.000306159,0.00339938
17,124,0.97313,0.000580262,0.00249085
17,125,0.973026,0.0010355,0.00151618
17,126,0.972987,0.000387006,0.000498625
17,127,1,-0.00343474,0
18,0,1,0,0
18,1,1.02028,-0.000136565,0.000489801
18,2,1.02024,0.00114561,0.00140873
18,3,1.02017,0.00317157,0.00221803
18,4,1.02006,0.00527226,0.00288758
18,5,1.01992,0.00706094,0.00342048
18,6,1.01975,0.00840147,0.0038403
18,7,1.01955,0.00932702,0.00416869
18,8,1.01932,0.00995506,0.0044257
18,9,1.01906,0.010421,0.00462043
18,10,1.01877,0.0108382,0.00475844
18,11,1.01846,0.0112818,0.00483699
18,12,1.01812,0.0117887,0.00485395
18,13,1.01775,0.0123668,0.00480296
18,14,1.01736,0.0130054,0.00468116
18,15,1.01694,0.0136851,0.00448345
18,16,1.01651,0.0143845,0.00420903
18,17,1.01607,0.0150844,0.00385537
18,18,1.0156,0.0157688,0.00342401
18,19,1.01513,0.0164255,0.00291481
18,20,1.01466,0.0170456,0.00233118
18,21,1.01417,0.0176227,0.00167492
18,22,1.01369,0.0181521,0.000950869
18,23,1.01321,0.0186304,0.000162402
18,24,1.01274,0.0190553,-0.000684538
18,25,1.01227,0.0194248,-0.00158532
18,26,1.01183,0.0197375,-0.00253321
18,27,1.0114,0.0199925,-0.00352262
18,28,1.01099,0.0201888,-0.00454629
18,29,1.01061,0.0203259,-0.00559801
18,30,1.01025,0.0204032,-0.00667032
18,31,1.00993,0.0204204,-0.00775667
18,32,1.00963,0.0203771,-0.00884969
18,33,1.00938,0.0202729,-0.00994279
18,34,1.00916,0.0201079,-0.011029
18,35,1.00898,0.019882,-0.0121019
18,36,1.00883,0.0195954,-0.013155
18,37,1.00873,0.0192485,-0.0141826
18,38,1.00866,0.018842,-0.0151789
18,39,1.00863,0.0183767,-0.0161386
18,40,1.00863,0.017854,-0.0170571
18,41,1.00867,0.0172753,-0.0179297
18,42,1.00874,0.0166427,-0.0187528
18,43,1.00883,0.0159582,-0.0195227
18,44,1.00895,0.0152245,-0.0202364
18,45,1.0091,0.0144442,-0.0208913
18,46,1.00926,0.0136204,-0.0214853
18,47,1.00943,0.0127565,-0.0220165
18,48,1.00961,0.0118557,-0.0224838
18,49,1.00981,0.0109217,-0.0228858
18,50,1.01,0.00995821,-0.0232221
18,51,1.0102,0.00896896,-0.0234921
18,52,1.01039,0.00795778,-0.0236958
18,53,1.01058,0.00692847,-0.0238332
18,54,1.01075,0.00588484,-0.0239047
18,55,1.01091,0.00483066,-0.0239106
18,56,1.01106,0.00376963,-0.0238516
18,57,1.01119,0.00270536,-0.0237285
18,58,1.01129,0.00164139,-0.0235423
18,59,1.01138,0.000581137,-0.0232939
18,60,1.01144,-0.000472083,-0.0229845
18,61,1.01147,-0.00151508,-0.0226152
18,62,1.01148,-0.00254478,-0.0221876
18,63,1.01146,-0.00355824,-0.0217031
18,64,1.01142,-0.00455261,-0.0211633
18,65,1.01134,-0.00552519,-0.02057
18,66,1.01123,-0.00647337,-0.0199252
18,67,1.0111,-0.00739465,-0.0192307
18,68,1.01093,-0.00828663,-0.0184891
18,69,1.01073,-0.00914702,-0.0177025
18,70,1.0105,-0.00997358,-0.0168736
18,71,1.01024,-0.0107642,-0.0160049
18,72,1.00994,-0.0115168,-0.0150996
18,73,1.00962,-0.0122294,-0.0141605
18,74,1.00926,-0.0129001,-0.0131909
18,75,1.00887,-0.0135271,-0.0121941
18,76,1.00845,-0.0141085,-0.0111736
18,77,1.008,-0.0146426,-0.0101328
18,78,1.00751,-0.0151279,-0.00907584
18,79,1.00699,-0.0155627,-0.00800607
18,80,1.00644,-0.0159456,-0.0069278
18,81,1.00586,-0.0162753,-0.00584467
18,82,1.00525,-0.0165504,-0.00476114
18,83,1.0046,-0.0167698,-0.00368093
18,84,1.00392,-0.0169327,-0.00260865
18,85,1.00321,-0.0170381,-0.00154808
18,86,1.00247,-0.0170854,-0.000503869
18,87,1.0017,-0.0170743,0.000520238
18,88,1.0009,-0.0170046,0.00151957
18,89,1.00007,-0.0168764,0.00249054
18,90,0.999209,-0.0166901,0.00342855
18,91,0.998325,-0.0164463,0.00433026
18,92,0.997414,-0.0161462,0.00519126
18,93,0.996481,-0.0157911,0.00600857
18,94,0.995526,-0.0153827,0.00677804
18,95,0.994551,-0.0149233,0.00749716
18,96,0.99356,-0.0144152,0.00816213
18,97,0.992556,-0.0138615,0.00877101
18,98,0.99154,-0.0132653,0.00932041
18,99,0.990517,-0.0126303,0.00980901
18,100,0.989491,-0.0119605,0.0102338
18,101,0.988464,-0.0112602,0.0105943
18,102,0.98744,-0.0105341,0.0108878
18,103,0.986424,-0.00978708,0.0111145
18,104,0.985419,-0.00902472,0.0112723
18,105,0.984429,-0.00825287,0.0113621
18,106,0.983458,-0.00747812,0.0113824
18,107,0.982509,-0.00670789,0.0113349
18,108,0.981586,-0.00595081,0.0112189
18,109,0.980693,-0.00521699,0.0110372
18,110,0.979833,-0.00451837,0.01079
18,111,0.979007,-0.00386895,0.0104818
18,112,0.978221,-0.00328454,0.010114
18,113,0.977475,-0.00278195,0.00969293
18,114,0.976772,-0.00237697,0.00922148
18,115,0.976115,-0.0020808,0.00870733
18,116,0.975506,-0.00189465,0.00815422
18,117,0.974946,-0.00180263,0.00756978
18,118,0.974436,-0.00176435,0.006956
18,119,0.97398,-0.00171015,0.00631689
18,120,0.973577,-0.00154418,0.00564802
18,121,0.973231,-0.00116295,0.00494458
18,122,0.972942,-0.000496878,0.00419198
18,123,0.972711,0.000421444,0.00337767
18,124,0.97254,0.00137218,0.00248633
18,125,0.972427,0.00188077,0.00152295
18,126,0.972367,0.0012494,0.000517248
18,127,1,-0.00343474,0
19,0,1,0,0
19,1,1.02093,0.000617524,0.000486008
19,2,1.02089,0.00199777,0.00141047
19,3,1.02082,0.00416237,0.002209
19,4,1.02072,0.00641144,0.0028683
19,5,1.02058,0.00833534,0.00339314
19,6,1.02042,0.00978974,0.00380522
19,7,1.02022,0.0108097,0.00412636
19,8,1.02,0.0115187,0.00437609
19,9,1.01974,0.0120589,0.00456329
19,10,1.01946,0.0125484,0.00469312
19,11,1.01916,0.0130651,0.00476301
19,12,1.01882,0.0136466,0.0047707
19,13,1.01847,0.0143002,0.00471014
19,14,1.01808,0.0150138,0.00457838
19,15,1.01768,0.0157664,0.00437059
19,16,1.01726,0.0165351,0.00408583
19,17,1.01682,0.017299,0.00372176
19,18,1.01637,0.0180409,0.00327975
19,19,1.01591,0.0187476,0.00275979
19,20,1.01543,0.0194092,0.00216515
19,21,1.01495,0.0200188,0.00149778
19,22,1.01447,0.020571,0.000762412
19,23,1.01399,0.0210623,-3.73918e-05
19,24,1.01351,0.0214898,-0.000895703
19,25,1.01304,0.0218516,-0.00180767
19,26,1.01259,0.0221461,-0.0027665
19,27,1.01215,0.0223723,-0.00376633
19,28,1.01172,0.0225294,-0.00479981
19,29,1.01133,0.0226169,-0.00586044
19,30,1.01095,0.0226346,-0.00694064
19,31,1.01061,0.0225822,-0.00803359
19,32,1.01029,0.0224598,-0.00913179
19,33,1.01001,0.0222676,-0.0102284
19,34,1.00977,0.022006,-0.0113164
19,35,1.00956,0.0216755,-0.0123893
19,36,1.00939,0.0212769,-0.0134405
19,37,1.00925,0.0208114,-0.0144642
19,38,1.00915,0.0202804,-0.0154546
19,39,1.00909,0.0196857,-0.0164067
19,40,1.00906,0.0190294,-0.0173156
19,41,1.00906,0.0183139,-0.0181771
19,42,1.0091,0.0175421,-0.0189875
19,43,1.00916,0.0167171,-0.0197433
19,44,1.00924,0.0158423,-0.0204419
19,45,1.00935,0.0149214,-0.0210807
19,46,1.00948,0.0139584,-0.021658
19,47,1.00962,0.0129572,-0.0221721
19,48,1.00977,0.0119221,-0.022622
19,49,1.00993,0.0108572,-0.0230069
19,50,1.01009,0.00976687,-0.0233262
19,51,1.01026,0.00865534,-0.0235799
19,52,1.01042,0.00752681,-0.023768
19,53,1.01057,0.0063854,-0.0238907
19,54,1.01072,0.0052351,-0.0239486
19,55,1.01085,0.00407981,-0.0239423
19,56,1.01097,0.00292325,-0.0238725
19,57,1.01107,0.00176902,-0.0237402
19,58,1.01115,0.000620548,-0.0235463
19,59,1.01121,-0.000518896,-0.023292
19,60,1.01125,-0.00164618,-0.0229784
19,61,1.01126,-0.00275834,-0.0226067
19,62,1.01125,-0.00385254,-0.0221784
19,63,1.01121,-0.00492606,-0.021695
19,64,1.01114,-0.00597632,-0.021158
19,65,1.01104,-0.00700085,-0.0205692
19,66,1.01092,-0.00799726,-0.0199304
19,67,1.01076,-0.00896328,-0.0192435
19,68,1.01058,-0.0098967,-0.0185108
19,69,1.01036,-0.0107954,-0.0177344
19,70,1.01011,-0.0116573,-0.0169169
19,71,1.00984,-0.0124805,-0.0160607
19,72,1.00953,-0.013263,-0.0151688
19,73,1.00919,-0.0140029,-0.0142439
19,74,1.00882,-0.0146984,-0.0132893
19,75,1.00842,-0.0153479,-0.0123079
19,76,1.00799,-0.0159496,-0.0113033
19,77,1.00753,-0.016502,-0.0102788
19,78,1.00703,-0.0170035,-0.0092381
19,79,1.00651,-0.0174527,-0.00818478
19,80,1.00595,-0.0178483,-0.00712287
19,81,1.00536,-0.018189,-0.00605597
19,82,1.00474,-0.0184739,-0.00498836
19,83,1.0041,-0.0187018,-0.00392376
19,84,1.00341,-0.018872,-0.0028666
19,85,1.0027,-0.0189838,-0.00182064
19,86,1.00196,-0.0190368,-0.000790391
19,87,1.00119,-0.0190306,0.000220407
19,88,1.00039,-0.0189652,0.00120724
19,89,0.999565,-0.0188407,0.00216649
19,90,0.99871,-0.0186576,0.00309373
19,91,0.997829,-0.0184164,0.00398558
19,92,0.996922,-0.0181183,0.00483778
19,93,0.995993,-0.0177644,0.00564732
19,94,0.995042,-0.0173564,0.00641022
19,95,0.994072,-0.0168962,0.00712392
19,96,0.993085,-0.016386,0.0077848
19,97,0.992084,-0.0158284,0.00839085
19,98,0.991072,-0.0152265,0.00893886
19,99,0.990053,-0.0145834,0.00942745
19,100,0.989028,-0.0139029,0.00985386
19,101,0.988003,-0.0131889,0.0102173
19,102,0.986981,-0.0124458,0.0105156
19,103,0.985965,-0.0116784,0.0107485
19,104,0.984959,-0.0108918,0.0109144
19,105,0.983968,-0.0100919,0.0110137
19,106,0.982994,-0.00928527,0.0110453
19,107,0.982043,-0.00847943,0.0110106
19,108,0.981116,-0.00768331,0.0109091
19,109,0.980218,-0.00690749,0.0107432
19,110,0.979353,-0.00616461,0.0105134
19,111,0.978522,-0.00546949,0.0102237
19,112,0.977728,-0.00483899,0.00987556
19,113,0.976976,-0.00429102,0.00947472
19,114,0.976266,-0.00384246,0.00902419
19,115,0.975601,-0.00350542,0.00853098
19,116,0.974983,-0.00328156,0.00799884
19,117,0.974414,-0.00315478,0.00743479
19,118,0.973896,-0.00308341,0.00684096
19,119,0.97343,-0.0029952,0.00622102
19,120,0.973017,-0.00279031,0.00557112
19,121,0.972658,-0.00236029,0.00488665
19,122,0.972356,-0.00163112,0.00415363
19,123,0.972111,-0.000634571,0.00335864
19,124,0.971924,0.000402129,0.00248732
19,125,0.971796,0.000985892,0.00153897
19,126,0.971731,0.00040002,0.000518014
19,127,1,-0.00343474,0
20,0,1,0,0
20,1,1.02158,-4.06917e-05,0.000498561
20,2,1.02153,0.00144241,0.00141313
20,3,1.02144,0.00373211,0.00220554
20,4,1.02133,0.00610362,0.00285688
20,5,1.02119,0.00812699,0.00337386
20,6,1.02102,0.00965098,0.00377985
20,7,1.02082,0.0107138,0.00409607
20,8,1.0206,0.0114468,0.00434121
20,9,1.02035,0.0120003,0.00452402
20,10,1.02007,0.0124991,0.00464925
20,11,1.01977,0.0130257,0.00471441
20,12,1.01944,0.0136206,0.00471711
20,13,1.01908,0.014292,0.00465155
20,14,1.01871,0.0150282,0.0045147
20,15,1.01831,0.015808,0.00430198
20,16,1.01789,0.016608,0.0040123
20,17,1.01746,0.0174067,0.00364351
20,18,1.01701,0.0181864,0.0031968
20,19,1.01654,0.0189333,0.00267227
20,20,1.01607,0.0196371,0.00207303
20,21,1.01559,0.0202903,0.00140114
20,22,1.01511,0.020887,0.000661243
20,23,1.01462,0.0214233,-0.000142979
20,24,1.01414,0.0218957,-0.00100563
20,25,1.01367,0.022302,-0.0019217
20,26,1.01321,0.0226403,-0.00288434
20,27,1.01276,0.0229091,-0.00388751
20,28,1.01233,0.0231075,-0.00492377
20,29,1.01192,0.0232347,-0.00598641
20,30,1.01153,0.0232903,-0.00706775
20,31,1.01117,0.023274,-0.00816076
20,32,1.01085,0.0231857,-0.00925786
20,33,1.01055,0.0230255,-0.0103521
20,34,1.01029,0.0227936,-0.0114363
20,35,1.01006,0.0224907,-0.0125039
20,36,1.00987,0.0221174,-0.0135484
20,37,1.00971,0.0216747,-0.0145638
20,38,1.00959,0.0211641,-0.0155446
20,39,1.00951,0.0205871,-0.0164857
20,40,1.00946,0.0199457,-0.0173824
20,41,1.00943,0.0192422,-0.0182306
20,42,1.00944,0.0184794,-0.0190267
20,43,1.00948,0.01766,-0.0197675
20,44,1.00954,0.0167875,-0.0204505
20,45,1.00962,0.0158652,-0.0210735
20,46,1.00971,0.014897,-0.0216349
20,47,1.00983,0.0138867,-0.0221331
20,48,1.00995,0.0128384,-0.0225676
20,49,1.01008,0.0117562,-0.0229375
20,50,1.01021,0.0106445,-0.0232428
20,51,1.01035,0.00950731,-0.0234833
20,52,1.01048,0.00834906,-0.0236594
20,53,1.0106,0.00717393,-0.0237714
20,54,1.01072,0.00598609,-0.0238201
20,55,1.01082,0.00478963,-0.0238061
20,56,1.01091,0.00358854,-0.0237303
20,57,1.01099,0.00238669,-0.0235936
20,58,1.01104,0.00118784,-0.0233972
20,59,1.01107,-4.38388e-06,-0.0231421
20,60,1.01108,-0.0011865,-0.0228296
20,61,1.01107,-0.00235516,-0.0224607
20,62,1.01103,-0.00350715,-0.0220371
20,63,1.01097,-0.00463939,-0.0215599
20,64,1.01088,-0.00574892,-0.0210309
20,65,1.01076,-0.00683293,-0.0204515
20,66,1.01061,-0.00788869,-0.0198237
20,67,1.01044,-0.0089136,-0.0191491
20,68,1.01023,-0.00990517,-0.01843
20,69,1.01,-0.010861,-0.0176683
20,70,1.00974,-0.0117787,-0.0168666
20,71,1.00945,-0.0126562,-0.0160271
20,72,1.00913,-0.0134911,-0.0151526
20,73,1.00878,-0.0142815,-0.0142458
20,74,1.0084,-0.0150253,-0.0133097
20,75,1.00799,-0.0157205,-0.0123473
20,76,1.00755,-0.0163653,-0.0113619
20,77,1.00707,-0.0169578,-0.0103568
20,78,1.00657,-0.0174963,-0.00933554
20,79,1.00604,-0.0179792,-0.00830156
20,80,1.00548,-0.0184048,-0.00725877
20,81,1.00489,-0.0187717,-0.00621073
20,82,1.00427,-0.0190785,-0.00516158
20,83,1.00362,-0.0193242,-0.004115
20,84,1.00294,-0.0195075,-0.00307528
20,85,1.00223,-0.0196276,-0.00204616
20,86,1.00149,-0.019684,-0.00103202
20,87,1.00073,-0.019676,-3.66076e-05
20,88,0.999929,-0.0196037,0.000935708
20,89,0.999105,-0.0194669,0.00188129
20,90,0.998253,-0.0192662,0.00279586
20,91,0.997375,-0.0190023,0.003676
20,92,0.996473,-0.0186762,0.0045176
20,93,0.995547,-0.0182895,0.00531762
20,94,0.9946,-0.017844,0.00607222
20,95,0.993633,-0.0173419,0.00677881
20,96,0.99265,-0.0167859,0.00743393
20,97,0.991652,-0.0161791,0.00803552
20,98,0.990642,-0.015525,0.00858056
20,99,0.989625,-0.0148274,0.00906758
20,100,0.988602,-0.0140906,0.00949402
20,101,0.987578,-0.0133193,0.00985905
20,102,0.986556,-0.0125183,0.0101606
20,103,0.98554,-0.0116932,0.0103984
20,104,0.984534,-0.0108497,0.0105708
20,105,0.983541,-0.00999445,0.0106784
20,106,0.982566,-0.00913448,0.0107201
20,107,0.981611,-0.00827802,0.010697
20,108,0.980682,-0.00743457,0.0106089
20,109,0.97978,-0.00661529,0.0104578
20,110,0.978909,-0.0058334,0.0102444
20,111,0.978073,-0.00510426,0.00997223
20,112,0.977273,-0.00444524,0.00964294
20,113,0.976513,-0.00387466,0.00926166
20,114,0.975795,-0.00340961,0.0088314
20,115,0.975122,-0.00306214,0.00835861
20,116,0.974494,-0.00283334,0.00784695
20,117,0.973915,-0.0027058,0.00730288
20,118,0.973385,-0.00263559,0.00672863
20,119,0.972907,-0.0025469,0.00612757
20,120,0.972483,-0.0023351,0.0054964
20,121,0.972113,-0.00188593,0.0048306
20,122,0.971799,-0.00112001,0.00411719
20,123,0.971542,-6.68833e-05,0.00334293
20,124,0.971344,0.00104148,0.00248996
20,125,0.971204,0.00169904,0.00155293
20,126,0.971115,0.00117844,0.00054102
20,127,1,-0.00343474,0
21,0,1,0,0
21,1,1.02224,0.000698446,0.000498449
21,2,1.02218,0.00230723,0.00142292
21,3,1.0221,0.00474237,0.00220608
21,4,1.02199,0.00726183,0.00284869
21,5,1.02185,0.00941823,0.00336012
21,6,1.02168,0.011054,0.00376199
21,7,1.02149,0.0122096,0.00407554
21,8,1.02127,0.0130228,0.00431881
21,9,1.02102,0.01365,0.00450019
21,10,1.02075,0.0142207,0.00462401
21,11,1.02046,0.0148198,0.0046879
21,12,1.02014,0.0154884,0.00468936
21,13,1.01979,0.0162341,0.00462287
21,14,1.01943,0.0170438,0.00448535
21,15,1.01904,0.0178947,0.00427243
21,16,1.01863,0.0187617,0.00398294
21,17,1.0182,0.019622,0.00361484
21,18,1.01776,0.0204565,0.00316915
21,19,1.0173,0.0212505,0.00264607
21,20,1.01683,0.0219929,0.00204852
21,21,1.01636,0.0226754,0.00137863
21,22,1.01587,0.0232918,0.000640901
21,23,1.01539,0.0238375,-0.000160893
21,24,1.0149,0.0243092,-0.00102094
21,25,1.01442,0.0247041,-0.00193411
21,26,1.01395,0.0250205,-0.0028936
21,27,1.01349,0.0252568,-0.0038932
21,28,1.01304,0.0254122,-0.00492548
21,29,1.01262,0.0254862,-0.00598356
21,30,1.01221,0.0254784,-0.00705971
21,31,1.01184,0.0253891,-0.00814678
21,32,1.01148,0.0252184,-0.00923714
21,33,1.01116,0.0249671,-0.0103237
21,34,1.01087,0.0246359,-0.0113994
21,35,1.01062,0.024226,-0.0124575
21,36,1.0104,0.0237389,-0.0134915
21,37,1.01021,0.0231765,-0.0144956
21,38,1.01005,0.0225408,-0.0154641
21,39,1.00994,0.0218346,-0.0163922
21,40,1.00985,0.0210606,-0.0172753
21,41,1.00979,0.0202222,-0.0181093
21,42,1.00977,0.019323,-0.0188909
21,43,1.00976,0.0183669,-0.019617
21,44,1.00979,0.0173581,-0.0202853
21,45,1.00983,0.0163011,-0.0208938
21,46,1.0099,0.0152004,-0.021441
21,47,1.00997,0.0140606,-0.0219258
21,48,1.01006,0.0128866,-0.0223474
21,49,1.01016,0.0116831,-0.0227054
21,50,1.01026,0.0104548,-0.0229999
21,51,1.01037,0.00920633,-0.0232309
21,52,1.01047,0.00794231,-0.0233989
21,53,1.01056,0.00666713,-0.0235043
21,54,1.01065,0.00538504,-0.0235479
21,55,1.01072,0.00410012,-0.0235305
21,56,1.01079,0.00281628,-0.0234532
21,57,1.01083,0.00153725,-0.0233167
21,58,1.01086,0.000266578,-0.0231222
21,59,1.01087,-0.000992371,-0.0228709
21,60,1.01086,-0.00223639,-0.0225639
21,61,1.01082,-0.00346242,-0.0222024
21,62,1.01076,-0.00466756,-0.0217877
21,63,1.01068,-0.00584902,-0.0213212
21,64,1.01057,-0.00700416,-0.0208043
21,65,1.01043,-0.0081304,-0.0202386
21,66,1.01027,-0.00922529,-0.0196257
21,67,1.01008,-0.0102864,-0.0189674
21,68,1.00986,-0.0113116,-0.0182656
21,69,1.00961,-0.0122984,-0.0175224
21,70,1.00934,-0.0132448,-0.0167399
21,71,1.00903,-0.0141486,-0.0159204
21,72,1.0087,-0.0150079,-0.0150666
21,73,1.00834,-0.0158205,-0.0141809
21,74,1.00795,-0.0165846,-0.0132664
21,75,1.00753,-0.0172983,-0.0123258
21,76,1.00708,-0.0179598,-0.0113624
21,77,1.00661,-0.0185674,-0.0103792
21,78,1.0061,-0.0191194,-0.00937983
21,79,1.00557,-0.0196145,-0.00836756
21,80,1.00501,-0.020051,-0.00734618
21,81,1.00441,-0.0204278,-0.00631919
21,82,1.00379,-0.0207437,-0.00529061
21,83,1.00314,-0.0209975,-0.00426407
21,84,1.00246,-0.0211886,-0.00324374
21,85,1.00176,-0.0213162,-0.00223336
21,86,1.00102,-0.0213798,-0.00123718
21,87,1.00025,-0.0213791,-0.000258918
21,88,0.999462,-0.021314,0.000697151
21,89,0.998642,-0.0211849,0.0016274
21,90,0.997795,-0.020992,0.00252766
21,91,0.996923,-0.0207362,0.0033945
21,92,0.996026,-0.0204185,0.00422397
21,93,0.995106,-0.0200403,0.00501298
21,94,0.994164,-0.0196032,0.00575785
21,95,0.993203,-0.0191094,0.00645595
21,96,0.992225,-0.0185612,0.00710399
21,97,0.991232,-0.0179614,0.00769985
21,98,0.990227,-0.0173132,0.00824069
21,99,0.989213,-0.0166199,0.008725
21,100,0.988194,-0.0158856,0.00915037
21,101,0.987172,-0.0151142,0.00951591
21,102,0.986152,-0.0143106,0.00981969
21,103,0.985137,-0.0134797,0.0100614
21,104,0.98413,-0.012627,0.0102396
21,105,0.983137,-0.0117588,0.0103546
21,106,0.982159,-0.0108821,0.0104055
21,107,0.981202,-0.010005,0.0103934
21,108,0.980268,-0.00913717,0.0103178
21,109,0.979361,-0.00829007,0.0101809
21,110,0.978484,-0.00747737,0.00998323
21,111,0.977641,-0.00671509,0.00972794
21,112,0.976834,-0.00602141,0.00941678
21,113,0.976066,-0.00541554,0.00905442
21,114,0.97534,-0.00491551,0.0086438
21,115,0.974657,-0.00453413,0.00819081
21,116,0.974019,-0.00427296,0.00769907
21,117,0.97343,-0.0041145,0.00717452
21,118,0.972889,-0.0040139,0.00661948
21,119,0.972399,-0.00389337,0.00603711
21,120,0.971962,-0.00364493,0.00542466
21,121,0.971577,-0.00314993,0.00477798
21,122,0.971248,-0.00232425,0.00408471
21,123,0.970974,-0.00119475,0.00333076
21,124,0.970758,4.20956e-06,0.00249891
21,125,0.970599,0.000757939,0.00157702
21,126,0.970502,0.000336148,0.000545543
21,127,1,-0.00343474,0
22,0,1,0,0
22,1,1.02288,0.000108923,0.000515199
22,2,1.0228,0.00185117,0.00143415
22,3,1.0227,0.00441719,0.00221295
22,4,1.02258,0.00705564,0.00284908
22,5,1.02243,0.00930597,0.00335495
22,6,1.02226,0.0110063,0.00375409
22,7,1.02206,0.012201,0.00406701
22,8,1.02184,0.0130351,0.00431077
22,9,1.0216,0.013673,0.0044935
22,10,1.02133,0.0142505,0.00461907
22,11,1.02104,0.0148567,0.00468515
22,12,1.02072,0.015535,0.00468911
22,13,1.02038,0.0162945,0.00462567
22,14,1.02001,0.0171223,0.00449168
22,15,1.01962,0.0179956,0.00428299
22,16,1.01922,0.018889,0.00399832
22,17,1.01879,0.0197792,0.00363572
22,18,1.01835,0.0206467,0.00319607
22,19,1.0179,0.0214762,0.00267961
22,20,1.01743,0.0222563,0.00208909
22,21,1.01695,0.022978,0.00142667
22,22,1.01646,0.0236347,0.000696691
22,23,1.01597,0.0242214,-9.70212e-05
22,24,1.01548,0.0247341,-0.000948769
22,25,1.015,0.0251698,-0.00185334
22,26,1.01452,0.0255262,-0.002804
22,27,1.01405,0.0258015,-0.00379445
22,28,1.0136,0.0259947,-0.00481727
22,29,1.01316,0.0261048,-0.00586548
22,30,1.01275,0.0261315,-0.00693135
22,31,1.01235,0.0260748,-0.00800763
22,32,1.01199,0.025935,-0.0090867
22,33,1.01165,0.0257125,-0.0101614
22,34,1.01134,0.0254081,-0.0112247
22,35,1.01107,0.0250231,-0.0122697
22,36,1.01083,0.0245587,-0.0132903
22,37,1.01062,0.0240168,-0.0142804
22,38,1.01045,0.0233995,-0.0152346
22,39,1.0103,0.0227092,-0.016148
22,40,1.01019,0.0219486,-0.0170163
22,41,1.01011,0.0211209,-0.0178355
22,42,1.01006,0.0202295,-0.0186024
22,43,1.01003,0.0192781,-0.0193141
22,44,1.01003,0.0182707,-0.0199685
22,45,1.01005,0.0172114,-0.0205637
22,46,1.01008,0.0161047,-0.0210984
22,47,1.01013,0.0149551,-0.0215717
22,48,1.01019,0.0137671,-0.0219829
22,49,1.01026,0.0125454,-0.0223319
22,50,1.01033,0.0112947,-0.0226187
22,51,1.0104,0.0100196,-0.0228436
22,52,1.01047,0.0087247,-0.023007
22,53,1.01054,0.00741458,-0.0231097
22,54,1.0106,0.00609365,-0.0231523
22,55,1.01064,0.0047662,-0.0231357
22,56,1.01068,0.00343642,-0.0230609
22,57,1.0107,0.00210836,-0.0229289
22,58,1.0107,0.000785898,-0.0227407
22,59,1.01068,-0.00052722,-0.0224974
22,60,1.01064,-0.00182741,-0.0222002
22,61,1.01058,-0.00311122,-0.0218502
22,62,1.0105,-0.00437537,-0.0214486
22,63,1.01039,-0.00561669,-0.0209967
22,64,1.01026,-0.00683217,-0.0204959
22,65,1.01011,-0.00801891,-0.0199475
22,66,1.00993,-0.00917413,-0.0193533
22,67,1.00972,-0.0102951,-0.0187146
22,68,1.00948,-0.0113794,-0.0180335
22,69,1.00922,-0.0124244,-0.0173118
22,70,1.00893,-0.0134277,-0.0165515
22,71,1.00862,-0.014387,-0.0157549
22,72,1.00828,-0.0153001,-0.0149244
22,73,1.00791,-0.0161648,-0.0140625
22,74,1.00751,-0.0169789,-0.0131719
22,75,1.00709,-0.0177405,-0.0122554
22,76,1.00663,-0.0184475,-0.011316
22,77,1.00615,-0.019098,-0.0103568
22,78,1.00565,-0.0196902,-0.00938125
22,79,1.00511,-0.0202223,-0.0083925
22,80,1.00455,-0.0206928,-0.00739424
22,81,1.00396,-0.0210999,-0.00638994
22,82,1.00334,-0.0214424,-0.00538348
22,83,1.00269,-0.021719,-0.00437847
22,84,1.00202,-0.0219285,-0.00337897
22,85,1.00132,-0.02207,-0.00238869
22,86,1.00058,-0.0221428,-0.00141178
22,87,0.999824,-0.0221465,-0.000451952
22,88,0.999037,-0.0220807,0.000486634
22,89,0.998223,-0.0219456,0.00140034
22,90,0.997382,-0.0217416,0.00228513
22,91,0.996515,-0.0214694,0.00313756
22,92,0.995624,-0.0211301,0.00395378
22,93,0.994709,-0.0207252,0.0047307
22,94,0.993773,-0.0202567,0.00546478
22,95,0.992816,-0.0197269,0.00615336
22,96,0.991842,-0.0191385,0.00679329
22,97,0.990853,-0.0184947,0.00738244
22,98,0.989852,-0.0177991,0.00791811
22,99,0.988841,-0.0170558,0.00839875
22,100,0.987824,-0.0162692,0.00882213
22,101,0.986804,-0.0154441,0.00918727
22,102,0.985785,-0.0145857,0.00949242
22,103,0.98477,-0.0136998,0.00973719
22,104,0.983764,-0.0127924,0.00992028
22,105,0.982769,-0.0118704,0.0100419
22,106,0.98179,-0.0109416,0.0101013
22,107,0.980831,-0.0100145,0.0100992
22,108,0.979894,-0.00909959,0.0100356
22,109,0.978983,-0.00820877,0.00991215
22,110,0.978102,-0.00735634,0.00972949
22,111,0.977254,-0.0065589,0.00949053
22,112,0.97644,-0.00583512,0.00919696
22,113,0.975665,-0.00520465,0.00885301
22,114,0.97493,-0.00468576,0.00846156
22,115,0.974238,-0.00429121,0.00802799
22,116,0.973591,-0.00402209,0.00755579
22,117,0.97299,-0.00385975,0.0070504
22,118,0.972437,-0.00375735,0.00651422
22,119,0.971934,-0.00363394,0.00595022
22,120,0.971484,-0.00337714,0.0053562
22,121,0.971086,-0.00286272,0.00472822
22,122,0.970743,-0.00200071,0.00405497
22,123,0.970456,-0.000813574,0.00332262
22,124,0.970226,0.000464769,0.00250994
22,125,0.970053,0.00131682,0.00159891
22,126,0.96993,0.00101931,0.000572785
22,127,1,-0.00343474,0
23,0,1,0,0
23,1,1.02351,0.00083876,0.000518834
23,2,1.02343,0.0027426,0.00145269
23,3,1.02332,0.00546316,0.00222421
23,4,1.0232,0.00824803,0.0028531
23,5,1.02305,0.0106271,0.0033556
23,6,1.02288,0.012435,0.0037538
23,7,1.02269,0.0137193,0.00406811
23,8,1.02247,0.0146314,0.00431482
23,9,1.02223,0.0153413,0.00450152
23,10,1.02197,0.0159893,0.00463165
23,11,1.02168,0.0166664,0.00470293
23,12,1.02137,0.0174167,0.00471265
23,13,1.02104,0.0182484,0.00465575
23,14,1.02068,0.0191474,0.00452908
23,15,1.0203,0.0200892,0.00432868
23,16,1.0199,0.0210468,0.00405315
23,17,1.01949,0.0219955,0.00370066
23,18,1.01905,0.0229146,0.00327191
23,19,1.0186,0.023788,0.00276716
23,20,1.01814,0.0246033,0.00218896
23,21,1.01766,0.025351,0.00153946
23,22,1.01717,0.026024,0.000822834
23,23,1.01668,0.0266168,4.28895e-05
23,24,1.01619,0.0271254,-0.00079482
23,25,1.0157,0.0275465,-0.00168508
23,26,1.01521,0.0278779,-0.00262125
23,27,1.01473,0.0281177,-0.00359701
23,28,1.01426,0.028265,-0.00460501
23,29,1.0138,0.0283192,-0.00563823
23,30,1.01337,0.0282802,-0.00668898
23,31,1.01295,0.0281484,-0.00774999
23,32,1.01256,0.0279244,-0.00881365
23,33,1.0122,0.0276095,-0.00987284
23,34,1.01186,0.0272049,-0.0109204
23,35,1.01156,0.0267127,-0.0119498
23,36,1.01129,0.0261349,-0.0129546
23,37,1.01105,0.0254743,-0.013929
23,38,1.01084,0.0247338,-0.0148677
23,39,1.01066,0.0239167,-0.0157659
23,40,1.01052,0.023027,-0.0166192
23,41,1.0104,0.0220686,-0.0174239
23,42,1.01031,0.021046,-0.018177
23,43,1.01025,0.019964,-0.0188756
23,44,1.01021,0.0188273,-0.0195178
23,45,1.01019,0.0176411,-0.0201018
23,46,1.01019,0.0164106,-0.0206265
23,47,1.01021,0.0151409,-0.021091
23,48,1.01023,0.0138373,-0.0214949
23,49,1.01027,0.012505,-0.021838
23,50,1.01031,0.0111491,-0.0221205
23,51,1.01035,0.00977444,-0.0223427
23,52,1.01039,0.00838586,-0.0225052
23,53,1.01043,0.00698794,-0.0226087
23,54,1.01046,0.00558509,-0.022654
23,55,1.01048,0.0041815,-0.0226419
23,56,1.01048,0.00278116,-0.0225735
23,57,1.01048,0.00138785,-0.0224496
23,58,1.01046,5.16216e-06,-0.0222713
23,59,1.01042,-0.0013635,-0.0220397
23,60,1.01036,-0.00271488,-0.0217557
23,61,1.01028,-0.00404592,-0.0214206
23,62,1.01018,-0.00535366,-0.0210354
23,63,1.01005,-0.00663528,-0.0206013
23,64,1.0099,-0.00788806,-0.0201196
23,65,1.00973,-0.00910938,-0.0195916
23,66,1.00953,-0.0102967,-0.0190188
23,67,1.00931,-0.0114476,-0.0184025
23,68,1.00907,-0.0125596,-0.0177447
23,69,1.00879,-0.0136304,-0.0170469
23,70,1.0085,-0.0146577,-0.0163113
23,71,1.00817,-0.0156392,-0.0155398
23,72,1.00782,-0.0165729,-0.0147348
23,73,1.00745,-0.0174566,-0.0138986
23,74,1.00704,-0.0182883,-0.0130338
23,75,1.00662,-0.0190659,-0.0121432
23,76,1.00616,-0.0197875,-0.0112297
23,77,1.00568,-0.0204514,-0.0102962
23,78,1.00517,-0.0210559,-0.00934597
23,79,1.00464,-0.0215992,-0.00838227
23,80,1.00408,-0.02208,-0.00740861
23,81,1.00349,-0.0224968,-0.00642841
23,82,1.00287,-0.0228484,-0.00544545
23,83,1.00223,-0.0231338,-0.00446331
23,84,1.00156,-0.023352,-0.00348594
23,85,1.00086,-0.0235025,-0.00251704
23,86,1.00013,-0.0235845,-0.00156064
23,87,0.999377,-0.023598,-0.000620461
23,88,0.998596,-0.0235429,0.000299451
23,89,0.997789,-0.0234193,0.00119547
23,90,0.996955,-0.0232277,0.00206364
23,91,0.996096,-0.022969,0.00290055
23,92,0.995212,-0.0226443,0.00370245
23,93,0.994305,-0.022255,0.00446626
23,94,0.993376,-0.0218029,0.00518855
23,95,0.992428,-0.0212901,0.00586667
23,96,0.991461,-0.0207192,0.0064976
23,97,0.990479,-0.0200929,0.00707919
23,98,0.989484,-0.0194145,0.0076089
23,99,0.988479,-0.0186877,0.00808513
23,100,0.987467,-0.0179163,0.00850581
23,101,0.986451,-0.0171048,0.00886993
23,102,0.985436,-0.0162579,0.00917587
23,103,0.984424,-0.0153808,0.00942317
23,104,0.983419,-0.0144792,0.00961066
23,105,0.982426,-0.0135596,0.00973844
23,106,0.981447,-0.0126294,0.00980582
23,107,0.980486,-0.0116971,0.00981352
23,108,0.979547,-0.010773,0.00976141
23,109,0.978634,-0.00986914,0.00965104
23,110,0.977748,-0.00900012,0.00948304
23,111,0.976895,-0.00818296,0.00926001
23,112,0.976076,-0.00743692,0.00898361
23,113,0.975293,-0.00678233,0.00865767
23,114,0.974551,-0.0062382,0.00828494
23,115,0.97385,-0.00581792,0.00787033
23,116,0.973193,-0.00552304,0.00741721
23,117,0.972582,-0.00533496,0.0069306
23,118,0.972018,-0.00520628,0.00641296
23,119,0.971503,-0.00505462,0.00586714
23,120,0.971039,-0.00476505,0.00529149
23,121,0.970626,-0.00420939,0.00468261
23,122,0.970266,-0.00329269,0.00402981
23,123,0.96996,-0.0020324,0.00331846
23,124,0.96971,-0.000658712,0.00252758
23,125,0.969515,0.000314348,0.00163135
23,126,0.969381,0.000179409,0.000581399
23,127,1,-0.00343474,0
24,0,1,0,0
24,1,1.0241,0.000323015,0.000539615
24,2,1.02399,0.00239872,0.00147271
24,3,1.02388,0.00525849,0.00224208
24,4,1.02374,0.00815794,0.00286611
24,5,1.02358,0.0106231,0.00336517
24,6,1.0234,0.0124883,0.0037637
24,7,1.0232,0.0138058,0.00408125
24,8,1.02298,0.0147342,0.00433304
24,9,1.02274,0.0154509,0.00452624
24,10,1.02247,0.0161016,0.00466377
24,11,1.02219,0.0167815,0.00474335
24,12,1.02187,0.0175368,0.00476214
24,13,1.02154,0.018377,0.00471528
24,14,1.02119,0.0192885,0.00459958
24,15,1.02081,0.0202467,0.00441125
24,16,1.02041,0.0212245,0.0041488
24,17,1.02,0.0221971,0.00381048
24,18,1.01956,0.0231434,0.00339679
24,19,1.01911,0.0240468,0.00290801
24,20,1.01864,0.0248944,0.00234649
24,21,1.01816,0.0256764,0.00171435
24,22,1.01767,0.0263851,0.00101555
24,23,1.01718,0.0270146,0.000253867
24,24,1.01668,0.0275603,-0.000565316
24,25,1.01618,0.0280185,-0.00143682
24,26,1.01569,0.0283864,-0.00235412
24,27,1.0152,0.0286622,-0.00331095
24,28,1.01472,0.0288443,-0.00430002
24,29,1.01425,0.0289321,-0.00531434
24,30,1.01381,0.0289254,-0.00634628
24,31,1.01338,0.0288242,-0.00738858
24,32,1.01298,0.0286293,-0.00843368
24,33,1.0126,0.0283418,-0.00947451
24,34,1.01225,0.027963,-0.010504
24,35,1.01192,0.0274947,-0.0115155
24,36,1.01163,0.0269391,-0.0125029
24,37,1.01137,0.0262988,-0.0134603
24,38,1.01114,0.0255765,-0.0143825
24,39,1.01094,0.0247757,-0.0152648
24,40,1.01078,0.0238998,-0.0161031
24,41,1.01064,0.0229527,-0.0168936
24,42,1.01052,0.0219386,-0.0176335
24,43,1.01043,0.020862,-0.01832
24,44,1.01037,0.0197275,-0.0189514
24,45,1.01032,0.0185399,-0.0195259
24,46,1.01029,0.0173041,-0.0200425
24,47,1.01028,0.0160252,-0.0205005
24,48,1.01028,0.0147081,-0.0208995
24,49,1.01028,0.013358,-0.0212395
24,50,1.01029,0.0119798,-0.0215207
24,51,1.0103,0.0105784,-0.0217434
24,52,1.01031,0.00915882,-0.0219083
24,53,1.01032,0.00772566,-0.022016
24,54,1.01032,0.00628356,-0.0220674
24,55,1.01031,0.00483694,-0.0220633
24,56,1.01029,0.00339011,-0.0220047
24,57,1.01026,0.00194718,-0.0218923
24,58,1.01021,0.00051213,-0.0217274
24,59,1.01015,-0.00091125,-0.0215107
24,60,1.01007,-0.00231932,-0.0212433
24,61,1.00997,-0.00370858,-0.0209262
24,62,1.00984,-0.00507572,-0.0205605
24,63,1.0097,-0.00641751,-0.0201471
24,64,1.00953,-0.00773091,-0.0196873
24,65,1.00934,-0.00901295,-0.0191823
24,66,1.00913,-0.0102608,-0.0186334
24,67,1.0089,-0.0114718,-0.0180419
24,68,1.00864,-0.0126432,-0.0174096
24,69,1.00836,-0.0137725,-0.0167379
24,70,1.00805,-0.0148572,-0.0160289
24,71,1.00772,-0.015895,-0.0152843
24,72,1.00736,-0.0168835,-0.0145065
24,73,1.00698,-0.0178204,-0.0136977
24,74,1.00658,-0.0187037,-0.0128603
24,75,1.00615,-0.019531,-0.011997
24,76,1.00569,-0.0203005,-0.0111107
24,77,1.00521,-0.02101,-0.0102042
24,78,1.00471,-0.0216578,-0.00928057
24,79,1.00418,-0.0222419,-0.00834308
24,80,1.00362,-0.0227607,-0.00739514
24,81,1.00303,-0.0232126,-0.00644012
24,82,1.00242,-0.023596,-0.0054817
24,83,1.00179,-0.0239097,-0.00452343
24,84,1.00112,-0.0241524,-0.00356917
24,85,1.00043,-0.0243233,-0.00262259
24,86,0.999716,-0.0244214,-0.00168763
24,87,0.99897,-0.0244465,-0.000767999
24,88,0.998198,-0.024398,0.000132354
24,89,0.997399,-0.0242762,0.00100982
24,90,0.996573,-0.0240814,0.00186054
24,91,0.995722,-0.0238143,0.00268111
24,92,0.994846,-0.023476,0.00346789
24,93,0.993946,-0.023068,0.00421781
24,94,0.993024,-0.0225923,0.00492756
24,95,0.992082,-0.0220512,0.00559449
24,96,0.991121,-0.0214475,0.0062157
24,97,0.990145,-0.0207845,0.00678905
24,98,0.989155,-0.0200658,0.00731211
24,99,0.988154,-0.0192956,0.0077833
24,100,0.987147,-0.0184783,0.00820067
24,101,0.986135,-0.0176188,0.00856317
24,102,0.985123,-0.0167226,0.00886932
24,103,0.984113,-0.0157953,0.00911859
24,104,0.983111,-0.0148435,0.00930994
24,105,0.982119,-0.0138741,0.00944338
24,106,0.981141,-0.0128951,0.00951829
24,107,0.980181,-0.0119158,0.00953527
24,108,0.979242,-0.0109468,0.00949424
24,109,0.978327,-0.0100011,0.00939653
24,110,0.97744,-0.00909362,0.00924281
24,111,0.976584,-0.00824204,0.00903536
24,112,0.975761,-0.00746614,0.0087758
24,113,0.974974,-0.00678666,0.00846756
24,114,0.974225,-0.00622287,0.00811328
24,115,0.973517,-0.00578818,0.00771738
24,116,0.972852,-0.00548372,0.0072831
24,117,0.972231,-0.00528997,0.00681502
24,118,0.971656,-0.0051578,0.00631563
24,119,0.971129,-0.00500215,0.00578772
24,120,0.970652,-0.0047041,0.00523019
24,121,0.970226,-0.00413023,0.00463998
24,122,0.969852,-0.00317913,0.00400747
24,123,0.969532,-0.00186138,0.00331833
24,124,0.969267,-0.000400376,0.00254717
24,125,0.969057,0.000699404,0.00166106
24,126,0.968896,0.000757776,0.000612319
24,127,1,-0.00343474,0
25,0,1,0,0
25,1,1.02466,0.00104743,0.00054648
25,2,1.02455,0.00332742,0.00149964
25,3,1.02443,0.00635361,0.0022642
25,4,1.02428,0.00939739,0.00288264
25,5,1.02413,0.0119851,0.00338042
25,6,1.02395,0.0139518,0.00378094
25,7,1.02375,0.0153542,0.00410357
25,8,1.02353,0.0163569,0.00436266
25,9,1.02329,0.0171429,0.00456469
25,10,1.02303,0.0178618,0.0047121
25,11,1.02275,0.0186105,0.0048026
25,12,1.02244,0.0194354,0.00483326
25,13,1.02212,0.0203453,0.00479943
25,14,1.02177,0.021325,0.00469792
25,15,1.0214,0.0223486,0.00452508
25,16,1.02101,0.0233874,0.00427936
25,17,1.0206,0.0244152,0.00395905
25,18,1.02017,0.0254098,0.00356448
25,19,1.01972,0.0263537,0.0030959
25,20,1.01926,0.0272332,0.00255544
25,21,1.01878,0.0280379,0.00194514
25,22,1.01829,0.0287597,0.00126876
25,23,1.01779,0.0293923,0.000529972
25,24,1.01729,0.029931,-0.000266052
25,25,1.01678,0.030372,-0.00111421
25,26,1.01627,0.0307126,-0.00200817
25,27,1.01577,0.0309507,-0.00294173
25,28,1.01528,0.0310853,-0.00390773
25,29,1.01479,0.0311158,-0.00489927
25,30,1.01433,0.0310423,-0.00590881
25,31,1.01388,0.0308655,-0.00692915
25,32,1.01345,0.0305865,-0.00795284
25,33,1.01304,0.030207,-0.00897284
25,34,1.01266,0.0297291,-0.00998216
25,35,1.01231,0.0291554,-0.0109743
25,36,1.01199,0.0284888,-0.0119431
25,37,1.01169,0.0277327,-0.0128829
25,38,1.01143,0.0268911,-0.0137884
25,39,1.0112,0.0259682,-0.0146552
25,40,1.01099,0.0249685,-0.015479
25,41,1.01082,0.023897,-0.0162565
25,42,1.01067,0.0227587,-0.0169846
25,43,1.01054,0.0215592,-0.0176608
25,44,1.01044,0.0203039,-0.0182834
25,45,1.01036,0.0189984,-0.0188507
25,46,1.0103,0.0176486,-0.0193619
25,47,1.01025,0.0162599,-0.0198161
25,48,1.01022,0.0148381,-0.0202132
25,49,1.01019,0.0133885,-0.0205531
25,50,1.01017,0.0119166,-0.0208359
25,51,1.01015,0.0104273,-0.0210623
25,52,1.01014,0.00892571,-0.0212326
25,53,1.01012,0.0074164,-0.0213477
25,54,1.01009,0.00590387,-0.0214082
25,55,1.01006,0.00439234,-0.021415
25,56,1.01001,0.00288582,-0.0213691
25,57,1.00996,0.0013881,-0.0212712
25,58,1.00989,-9.72373e-05,-0.0211223
25,59,1.0098,-0.00156678,-0.0209232
25,60,1.0097,-0.00301728,-0.0206749
25,61,1.00958,-0.00444564,-0.0203783
25,62,1.00944,-0.00584889,-0.0200343
25,63,1.00928,-0.00722417,-0.0196439
25,64,1.0091,-0.00856872,-0.0192081
25,65,1.0089,-0.00987985,-0.0187281
25,66,1.00868,-0.0111549,-0.018205
25,67,1.00843,-0.0123914,-0.0176401
25,68,1.00817,-0.0135869,-0.0170349
25,69,1.00788,-0.0147388,-0.016391
25,70,1.00756,-0.0158447,-0.01571
25,71,1.00723,-0.0169024,-0.0149938
25,72,1.00687,-0.0179096,-0.0142446
25,73,1.00648,-0.018864,-0.0134644
25,74,1.00608,-0.0197634,-0.0126557
25,75,1.00565,-0.0206058,-0.0118209
25,76,1.00519,-0.0213893,-0.0109629
25,77,1.00472,-0.0221117,-0.0100844
25,78,1.00421,-0.0227715,-0.00918848
25,79,1.00369,-0.0233668,-0.00827825
25,80,1.00313,-0.0238962,-0.00735706
25,81,1.00255,-0.0243581,-0.00642822
25,82,1.00195,-0.0247514,-0.00549534
25,83,1.00132,-0.025075,-0.00456194
25,84,1.00066,-0.0253279,-0.00363178
25,85,0.99998,-0.0255095,-0.00270851
25,86,0.99927,-0.0256191,-0.00179598
25,87,0.998533,-0.0256567,-0.000897883
25,88,0.99777,-0.025622,-1.80681e-05
25,89,0.99698,-0.0255155,0.000839872
25,90,0.996163,-0.0253376,0.00167218
25,91,0.995322,-0.0250891,0.00247548
25,92,0.994455,-0.0247712,0.00324623
25,93,0.993565,-0.0243853,0.00398138
25,94,0.992653,-0.0239333,0.00467774
25,95,0.99172,-0.0234175,0.00533267
25,96,0.990769,-0.0228402,0.00594341
25,97,0.989802,-0.0222045,0.00650782
25,98,0.988821,-0.0215137,0.00702361
25,99,0.987829,-0.0207713,0.00748917
25,100,0.98683,-0.0199814,0.0079027
25,101,0.985826,-0.0191484,0.00826313
25,102,0.984821,-0.0182771,0.00856909
25,103,0.983818,-0.0173728,0.00882001
25,104,0.982822,-0.0164413,0.00901493
25,105,0.981835,-0.0154892,0.00915379
25,106,0.980861,-0.014524,0.00923604
25,107,0.979904,-0.0135547,0.00926213
25,108,0.978967,-0.0125918,0.00923203
25,109,0.978054,-0.011648,0.00914687
25,110,0.977167,-0.0107385,0.00900727
25,111,0.97631,-0.00988108,0.00881527
25,112,0.975485,-0.00909595,0.00857237
25,113,0.974695,-0.0084043,0.00828165
25,114,0.973942,-0.00782592,0.00794558
25,115,0.973229,-0.00737474,0.00756815
25,116,0.972558,-0.0070523,0.00715244
25,117,0.971929,-0.00683926,0.00670267
25,118,0.971346,-0.00668631,0.00622139
25,119,0.970809,-0.00650753,0.00571133
25,120,0.970319,-0.00618215,0.00517198
25,121,0.969879,-0.00557336,0.00460093
25,122,0.969489,-0.0045744,0.00398921
25,123,0.96915,-0.00318808,0.00332172
25,124,0.968864,-0.00162695,0.00257286
25,125,0.968632,-0.00037781,0.00170105
25,126,0.968457,-8.39571e-05,0.000624862
25,127,1,-0.00343474,0
26,0,1,0,0
26,1,1.02515,0.00060766,0.000570572
26,2,1.02502,0.00310349,0.0015275
26,3,1.02489,0.00628009,0.0022925
26,4,1.02473,0.00943375,0.00290792
26,5,1.02456,0.0120981,0.00340433
26,6,1.02437,0.0141128,0.00380796
26,7,1.02417,0.0155406,0.00413734
26,8,1.02394,0.0165535,0.00440564
26,9,1.0237,0.017341,0.00461877
26,10,1.02343,0.0180576,0.0047786
26,11,1.02315,0.0188037,0.00488275
26,12,1.02284,0.0196279,0.00492818
26,13,1.02252,0.02054,0.00491039
26,14,1.02217,0.0215255,0.00482619
26,15,1.0218,0.0225588,0.00467205
26,16,1.0214,0.0236111,0.00444632
26,17,1.02099,0.024656,0.00414733
26,18,1.02056,0.0256713,0.00377526
26,19,1.02011,0.0266389,0.00333029
26,20,1.01964,0.027545,0.00281434
26,21,1.01916,0.0283787,0.00222935
26,22,1.01867,0.0291314,0.00157884
26,23,1.01816,0.0297964,0.000866367
26,24,1.01765,0.0303683,9.68863e-05
26,25,1.01714,0.0308431,-0.000724626
26,26,1.01663,0.0312175,-0.00159204
26,27,1.01612,0.0314892,-0.00249924
26,28,1.01561,0.0316567,-0.00343927
26,29,1.01512,0.0317194,-0.0044053
26,30,1.01464,0.0316771,-0.00538994
26,31,1.01418,0.0315304,-0.00638606
26,32,1.01373,0.0312803,-0.00738634
26,33,1.01331,0.0309284,-0.0083838
26,34,1.01292,0.0304767,-0.00937156
26,35,1.01255,0.0299279,-0.0103432
26,36,1.01221,0.0292847,-0.0112926
26,37,1.0119,0.0285505,-0.0122143
26,38,1.01161,0.027729,-0.013103
26,39,1.01136,0.0268242,-0.0139544
26,40,1.01113,0.0258404,-0.0147643
26,41,1.01093,0.0247823,-0.0155294
26,42,1.01076,0.0236548,-0.0162467
26,43,1.01061,0.0224628,-0.016914
26,44,1.01049,0.0212118,-0.0175293
26,45,1.01038,0.0199069,-0.0180913
26,46,1.01029,0.0185535,-0.0185989
26,47,1.01021,0.0171572,-0.0190516
26,48,1.01015,0.0157232,-0.019449
26,49,1.01009,0.0142569,-0.0197912
26,50,1.01004,0.0127636,-0.0200784
26,51,1.01,0.0112484,-0.0203109
26,52,1.00995,0.00971631,-0.0204894
26,53,1.0099,0.00817214,-0.0206145
26,54,1.00985,0.0066206,-0.0206869
26,55,1.00979,0.0050662,-0.0207074
26,56,1.00972,0.00351329,-0.0206768
26,57,1.00964,0.00196604,-0.0205959
26,58,1.00955,0.000428426,-0.0204656
26,59,1.00944,-0.00109571,-0.0202866
26,60,1.00932,-0.00260272,-0.0200597
26,61,1.00918,-0.00408908,-0.0197858
26,62,1.00902,-0.00555144,-0.0194657
26,63,1.00885,-0.00698655,-0.0191002
26,64,1.00865,-0.00839133,-0.0186903
26,65,1.00844,-0.00976277,-0.018237
26,66,1.0082,-0.011098,-0.0177413
26,67,1.00795,-0.0123943,-0.0172045
26,68,1.00767,-0.0136489,-0.016628
26,69,1.00738,-0.0148592,-0.016013
26,70,1.00706,-0.0160227,-0.0153614
26,71,1.00672,-0.0171369,-0.0146747
26,72,1.00636,-0.0181995,-0.0139551
26,73,1.00598,-0.0192081,-0.0132046
26,74,1.00557,-0.0201605,-0.0124255
26,75,1.00515,-0.0210545,-0.0116202
26,76,1.0047,-0.0218879,-0.0107914
26,77,1.00422,-0.0226588,-0.00994176
26,78,1.00373,-0.0233652,-0.00907438
26,79,1.00321,-0.0240051,-0.00819223
26,80,1.00266,-0.024577,-0.00729859
26,81,1.00209,-0.025079,-0.00639675
26,82,1.0015,-0.0255096,-0.00549021
26,83,1.00088,-0.0258676,-0.00458247
26,84,1.00023,-0.0261516,-0.00367722
26,85,0.999563,-0.0263607,-0.00277805
26,86,0.998864,-0.0264941,-0.00188876
26,87,0.998138,-0.0265511,-0.00101298
26,88,0.997385,-0.0265315,-0.000154491
26,89,0.996606,-0.0264354,0.000683149
26,90,0.9958,-0.026263,0.00149628
26,91,0.994969,-0.0260151,0.00228155
26,92,0.994112,-0.0256927,0.00303553
26,93,0.993231,-0.0252973,0.0037552
26,94,0.992328,-0.0248309,0.00443747
26,95,0.991404,-0.0242958,0.00507974
26,96,0.99046,-0.0236948,0.00567935
26,97,0.989501,-0.0230311,0.00623421
26,98,0.988527,-0.0223084,0.00674213
26,99,0.987542,-0.0215308,0.00720153
26,100,0.98655,-0.0207029,0.00761069
26,101,0.985552,-0.0198295,0.00796857
26,102,0.984553,-0.0189159,0.00827387
26,103,0.983557,-0.0179682,0.00852602
26,104,0.982566,-0.0169926,0.00872412
26,105,0.981585,-0.0159964,0.00886805
26,106,0.980616,-0.0149877,0.00895731
26,107,0.979664,-0.013976,0.00899223
26,108,0.978732,-0.0129725,0.0089728
26,109,0.977823,-0.0119904,0.00889995
26,110,0.976939,-0.0110455,0.0087743
26,111,0.976084,-0.0101561,0.00859758
26,112,0.975261,-0.00934305,0.00837122
26,113,0.974471,-0.00862785,0.00809793
26,114,0.973718,-0.00803058,0.00778
26,115,0.973003,-0.00756521,0.007421
26,116,0.972327,-0.00723301,0.00702382
26,117,0.971693,-0.00701389,0.00659234
26,118,0.971103,-0.00685714,0.0061291
26,119,0.970557,-0.00667462,0.00563686
26,120,0.970058,-0.00634215,0.00511565
26,121,0.969607,-0.00571791,0.00456354
26,122,0.969205,-0.00468814,0.00397261
26,123,0.968853,-0.00324586,0.00332807
26,124,0.968553,-0.00158942,0.00259955
26,125,0.968305,-0.000181803,0.00173724
26,126,0.968104,0.000382639,0.000658386
26,127,1,-0.00343474,0
27,0,1,0,0
27,1,1.02561,0.00132805,0.000579642
27,2,1.02548,0.00407489,0.00156127
27,3,1.02533,0.00743244,0.00232424
27,4,1.02518,0.0107283,0.00293593
27,5,1.025,0.0135076,0.00343308
27,6,1.02482,0.0156159,0.00384132
27,7,1.02461,0.0171225,0.00417905
27,8,1.02439,0.0182051,0.00445849
27,9,1.02414,0.0190583,0.00468471
27,10,1.02388,0.0198401,0.00485907
27,11,1.0236,0.0206522,0.00497906
27,12,1.0233,0.0215432,0.00504159
27,13,1.02298,0.0225219,0.00504231
27,14,1.02263,0.0235726,0.00497803
27,15,1.02227,0.024668,0.00484537
27,16,1.02188,0.0257779,0.0046426
27,17,1.02148,0.0268747,0.00436806
27,18,1.02105,0.027935,0.00402174
27,19,1.0206,0.0289399,0.00360377
27,20,1.02014,0.0298748,0.00311583
27,21,1.01965,0.0307282,0.00255972
27,22,1.01916,0.0314913,0.00193872
27,23,1.01865,0.032157,0.00125621
27,24,1.01813,0.0327198,0.000516886
27,25,1.01761,0.0331756,-0.000274431
27,26,1.01709,0.0335211,-0.00111185
27,27,1.01656,0.0337542,-0.00198943
27,28,1.01604,0.0338736,-0.00290041
27,29,1.01553,0.0338789,-0.00383809
27,30,1.01503,0.0337704,-0.00479527
27,31,1.01454,0.033549,-0.00576495
27,32,1.01407,0.0332163,-0.00673991
27,33,1.01362,0.0327747,-0.00771332
27,34,1.0132,0.0322268,-0.00867838
27,35,1.0128,0.0315759,-0.00962878
27,36,1.01243,0.0308259,-0.0105585
27,37,1.01208,0.0299809,-0.0114621
27,38,1.01176,0.0290455,-0.0123344
27,39,1.01148,0.0280249,-0.0131711
27,40,1.01122,0.0269242,-0.0139682
27,41,1.01098,0.0257492,-0.0147224
27,42,1.01078,0.0245057,-0.0154307
27,43,1.01059,0.0231997,-0.0160909
27,44,1.01043,0.0218372,-0.0167011
27,45,1.01029,0.0204243,-0.01726
27,46,1.01017,0.0189671,-0.0177665
27,47,1.01006,0.0174717,-0.01822
27,48,1.00997,0.0159438,-0.0186204
27,49,1.00988,0.014389,-0.0189674
27,50,1.00981,0.0128129,-0.0192614
27,51,1.00973,0.0112207,-0.0195026
27,52,1.00966,0.00961736,-0.0196917
27,53,1.00959,0.00800753,-0.0198292
27,54,1.00951,0.00639571,-0.0199158
27,55,1.00943,0.00478611,-0.0199522
27,56,1.00934,0.00318272,-0.0199391
27,57,1.00924,0.00158931,-0.0198772
27,58,1.00912,9.452e-06,-0.0197674
27,59,1.009,-0.00155346,-0.0196102
27,60,1.00886,-0.00309617,-0.0194064
27,61,1.0087,-0.00461558,-0.0191568
27,62,1.00853,-0.00610867,-0.018862
27,63,1.00834,-0.00757254,-0.0185228
27,64,1.00814,-0.00900437,-0.0181401
27,65,1.00792,-0.0104014,-0.0177147
27,66,1.00767,-0.0117609,-0.0172477
27,67,1.00741,-0.0130803,-0.01674
27,68,1.00713,-0.014357,-0.016193
27,69,1.00683,-0.0155884,-0.015608
27,70,1.00651,-0.016772,-0.0149866
27,71,1.00617,-0.0179053,-0.0143303
27,72,1.00581,-0.0189861,-0.0136412
27,73,1.00543,-0.0200119,-0.0129211
27,74,1.00503,-0.0209805,-0.0121723
27,75,1.00461,-0.0218897,-0.0113972
27,76,1.00416,-0.0227374,-0.0105984
27,77,1.0037,-0.0235217,-0.00977845
27,78,1.00321,-0.0242407,-0.00894035
27,79,1.00269,-0.0248926,-0.00808705
27,80,1.00216,-0.0254759,-0.00722177
27,81,1.0016,-0.0259891,-0.00634774
27,82,1.00101,-0.0264309,-0.00546839
27,83,1.0004,-0.0268001,-0.00458718
27,84,0.999765,-0.027096,-0.00370771
27,85,0.999102,-0.0273177,-0.00283356
27,86,0.998414,-0.0274648,-0.00196844
27,87,0.997698,-0.027537,-0.00111593
27,88,0.996956,-0.0275342,-0.000279735
27,89,0.996188,-0.0274569,0.000536637
27,90,0.995393,-0.0273054,0.00132962
27,91,0.994573,-0.0270807,0.0020959
27,92,0.993727,-0.0267839,0.00283216
27,93,0.992858,-0.0264166,0.00353542
27,94,0.991967,-0.0259805,0.00420271
27,95,0.991054,-0.0254779,0.00483148
27,96,0.990123,-0.0249114,0.00541917
27,97,0.989176,-0.0242839,0.00596374
27,98,0.988214,-0.0235986,0.00646311
27,99,0.987241,-0.0228593,0.00691573
27,100,0.986261,-0.0220698,0.00732
27,101,0.985275,-0.0212347,0.00767485
27,102,0.984288,-0.0203586,0.00797912
27,103,0.983303,-0.0194468,0.00823218
27,104,0.982323,-0.0185051,0.00843322
27,105,0.981353,-0.0175402,0.00858205
27,106,0.980394,-0.0165597,0.00867819
27,107,0.979452,-0.0155726,0.00872189
27,108,0.978528,-0.0145898,0.0087131
27,109,0.977627,-0.0136242,0.0086526
27,110,0.97675,-0.0126916,0.00854091
27,111,0.975902,-0.0118103,0.00837953
27,112,0.975084,-0.0110012,0.00816974
27,113,0.974298,-0.0102861,0.00791392
27,114,0.973547,-0.00968547,0.00761415
27,115,0.972833,-0.00921358,0.00727361
27,116,0.972158,-0.00887209,0.006895
27,117,0.971522,-0.00864124,0.00648188
27,118,0.970928,-0.00847046,0.00603684
27,119,0.970377,-0.00827132,0.00556267
27,120,0.96987,-0.0079185,0.00505998
27,121,0.969408,-0.00726731,0.00452757
27,122,0.968993,-0.00619812,0.00395822
27,123,0.968625,-0.00469314,0.00333632
27,124,0.968305,-0.00293174,0.00263083
27,125,0.968035,-0.0013435,0.00178263
27,126,0.967819,-0.000463819,0.000674063
27,127,1,-0.00343474,0
28,0,1,0,0
28,1,1.02599,0.000963281,0.000605885
28,2,1.02584,0.00397236,0.0015949
28,3,1.02568,0.007494,0.00236104
28,4,1.02551,0.0108954,0.00297171
28,5,1.02532,0.0137406,0.00346945
28,6,1.02512,0.015886,0.00388326
28,7,1.02491,0.0174089,0.00423078
28,8,1.02468,0.0184944,0.00452297
28,9,1.02443,0.0193428,0.00476422
28,10,1.02416,0.0201163,0.00495526
28,11,1.02388,0.0209197,0.00509341
28,12,1.02357,0.0218036,0.00517547
28,13,1.02324,0.0227777,0.00519721
28,14,1.0229,0.023827,0.00515541
28,15,1.02253,0.0249246,0.00504679
28,16,1.02214,0.0260406,0.00486956
28,17,1.02172,0.0271474,0.00462204
28,18,1.02129,0.0282213,0.00430408
28,19,1.02084,0.0292435,0.00391568
28,20,1.02037,0.030199,0.0034583
28,21,1.01988,0.031076,0.00293361
28,22,1.01938,0.0318651,0.00234459
28,23,1.01887,0.032559,0.00169447
28,24,1.01835,0.0331516,0.000987676
28,25,1.01782,0.0336382,0.000228824
28,26,1.01728,0.0340154,-0.000576446
28,27,1.01675,0.0342805,-0.00142237
28,28,1.01622,0.0344319,-0.00230241
28,29,1.0157,0.034469,-0.00321004
28,30,1.01518,0.0343919,-0.00413824
28,31,1.01469,0.0342013,-0.00508015
28,32,1.01421,0.0338988,-0.00602871
28,33,1.01374,0.0334864,-0.00697718
28,34,1.0133,0.0329669,-0.00791891
28,35,1.01289,0.0323434,-0.00884766
28,36,1.0125,0.0316195,-0.00975751
28,37,1.01214,0.0307994,-0.010643
28,38,1.0118,0.0298873,-0.0114993
28,39,1.01149,0.028888,-0.0123219
28,40,1.01121,0.0278067,-0.0131069
28,41,1.01096,0.0266485,-0.013851
28,42,1.01073,0.025419,-0.0145515
28,43,1.01052,0.0241238,-0.0152058
28,44,1.01034,0.0227685,-0.0158124
28,45,1.01017,0.0213589,-0.0163697
28,46,1.01002,0.0199008,-0.0168768
28,47,1.00989,0.0183999,-0.017333
28,48,1.00977,0.0168618,-0.0177381
28,49,1.00966,0.0152921,-0.0180919
28,50,1.00955,0.0136961,-0.0183947
28,51,1.00945,0.0120792,-0.0186467
28,52,1.00935,0.0104464,-0.0188484
28,53,1.00925,0.00880256,-0.0190002
28,54,1.00915,0.00715249,-0.019103
28,55,1.00905,0.00550071,-0.0191571
28,56,1.00893,0.00385157,-0.0191634
28,57,1.00881,0.00220925,-0.0191223
28,58,1.00868,0.000577746,-0.0190346
28,59,1.00853,-0.00103909,-0.0189009
28,60,1.00837,-0.00263759,-0.0187217
28,61,1.0082,-0.00421422,-0.0184978
28,62,1.00802,-0.00576559,-0.0182297
28,63,1.00782,-0.00728844,-0.017918
28,64,1.0076,-0.00877963,-0.0175636
28,65,1.00737,-0.0102361,-0.0171672
28,66,1.00712,-0.011655,-0.0167296
28,67,1.00685,-0.0130335,-0.016252
28,68,1.00657,-0.0143687,-0.0157354
28,69,1.00627,-0.0156581,-0.0151811
28,70,1.00595,-0.0168991,-0.0145906
28,71,1.00561,-0.0180891,-0.0139653
28,72,1.00525,-0.0192258,-0.0133073
28,73,1.00488,-0.0203067,-0.0126182
28,74,1.00448,-0.0213295,-0.0119004
28,75,1.00406,-0.0222921,-0.0111561
28,76,1.00363,-0.0231922,-0.0103879
28,77,1.00317,-0.0240278,-0.00959821
28,78,1.00269,-0.0247968,-0.00879002
28,79,1.00219,-0.0254974,-0.00796625
28,80,1.00167,-0.0261278,-0.00713
28,81,1.00112,-0.0266863,-0.00628448
28,82,1.00055,-0.0271713,-0.00543305
28,83,0.999952,-0.0275815,-0.00457913
28,84,0.999329,-0.0279155,-0.00372624
28,85,0.998681,-0.0281723,-0.00287791
28,86,0.998006,-0.0283511,-0.00203777
28,87,0.997304,-0.0284512,-0.00120936
28,88,0.996575,-0.0284724,-0.000396297
28,89,0.995819,-0.0284147,0.000397967
28,90,0.995037,-0.0282782,0.00116995
28,91,0.994229,-0.0280637,0.00191642
28,92,0.993395,-0.0277722,0.00263414
28,93,0.992537,-0.0274052,0.0033202
28,94,0.991656,-0.0269646,0.00397173
28,95,0.990754,-0.0264526,0.00458624
28,96,0.989833,-0.025872,0.0051613
28,97,0.988895,-0.025226,0.00569489
28,98,0.987944,-0.0245182,0.00618506
28,99,0.986981,-0.0237528,0.00663029
28,100,0.98601,-0.022934,0.00702909
28,101,0.985034,-0.0220669,0.0073804
28,102,0.984058,-0.0211567,0.00768314
28,103,0.983083,-0.0202091,0.00793668
28,104,0.982114,-0.0192307,0.00814027
28,105,0.981154,-0.0182286,0.00829365
28,106,0.980207,-0.0172109,0.0083964
28,107,0.979275,-0.0161874,0.00844863
28,108,0.978363,-0.0151693,0.00845029
28,109,0.977472,-0.0141703,0.00840199
28,110,0.976607,-0.0132066,0.00830418
28,111,0.975768,-0.0122972,0.00815812
28,112,0.974959,-0.0114633,0.00796494
28,113,0.974181,-0.0107273,0.00772667
28,114,0.973437,-0.0101097,0.0074452
28,115,0.972729,-0.00962514,0.00712333
28,116,0.972057,-0.00927494,0.00676354
28,117,0.971423,-0.00903883,0.00636907
28,118,0.970829,-0.0088652,0.00594252
28,119,0.970275,-0.0086639,0.00548676
28,120,0.969764,-0.00830674,0.00500294
28,121,0.969296,-0.00764442,0.00449044
28,122,0.968873,-0.00654955,0.00394301
28,123,0.968494,-0.00499133,0.00334533
28,124,0.968163,-0.00312664,0.00266128
28,125,0.96788,-0.00134553,0.00182252
28,126,0.967639,-0.000112549,0.000708533
28,127,1,-0.00343474,0
29,0,1,0,0
29,1,1.02632,0.0016785,0.000615814
29,2,1.02617,0.00498592,0.001633
29,3,1.026,0.00870506,0.00239988
29,4,1.02583,0.012247,0.00300876
29,5,1.02564,0.0151985,0.00350911
29,6,1.02544,0.0174286,0.00392977
29,7,1.02523,0.0190226,0.00428836
29,8,1.02499,0.0201722,0.00459486
29,9,1.02475,0.0210821,0.00485273
29,10,1.02448,0.0219174,0.00506209
29,11,1.0242,0.0227836,0.00522011
29,12,1.0239,0.0237311,0.00532349
29,13,1.02357,0.0247688,0.0053681
29,14,1.02323,0.02588,0.00535077
29,15,1.02286,0.0270364,0.00526831
29,16,1.02248,0.0282068,0.00511885
29,17,1.02207,0.0293623,0.00490071
29,18,1.02164,0.0304781,0.00461355
29,19,1.02119,0.0315347,0.00425728
29,20,1.02072,0.0325162,0.0038331
29,21,1.02023,0.0334106,0.0033425
29,22,1.01973,0.034208,0.00278819
29,23,1.01921,0.0349007,0.00217317
29,24,1.01868,0.0354828,0.00150158
29,25,1.01814,0.0359495,0.000777802
29,26,1.01759,0.0362973,7.18758e-06
29,27,1.01704,0.0365239,-0.00080472
29,28,1.01649,0.0366278,-0.00165165
29,29,1.01595,0.0366087,-0.00252726
29,30,1.01542,0.036467,-0.00342475
29,31,1.0149,0.0362042,-0.00433744
29,32,1.01439,0.0358222,-0.00525843
29,33,1.0139,0.0353237,-0.00618112
29,34,1.01343,0.0347122,-0.00709898
29,35,1.01299,0.0339917,-0.00800588
29,36,1.01256,0.0331665,-0.00889596
29,37,1.01217,0.0322418,-0.0097639
29,38,1.0118,0.0312227,-0.0106048
29,39,1.01146,0.030115,-0.0114142
29,40,1.01115,0.0289248,-0.0121884
29,41,1.01086,0.0276582,-0.0129239
29,42,1.0106,0.0263217,-0.013618
29,43,1.01036,0.0249217,-0.0142684
29,44,1.01014,0.0234647,-0.0148731
29,45,1.00994,0.0219572,-0.0154308
29,46,1.00977,0.0204054,-0.0159405
29,47,1.0096,0.0188157,-0.0164014
29,48,1.00945,0.017194,-0.0168132
29,49,1.00931,0.0155461,-0.0171758
29,50,1.00918,0.0138774,-0.0174893
29,51,1.00906,0.0121933,-0.0177539
29,52,1.00894,0.0104987,-0.0179699
29,53,1.00881,0.00879834,-0.0181378
29,54,1.00869,0.00709657,-0.0182582
29,55,1.00856,0.00539761,-0.0183316
29,56,1.00843,0.00370542,-0.0183585
29,57,1.00829,0.00202375,-0.0183395
29,58,1.00814,0.000356141,-0.0182751
29,59,1.00798,-0.00129399,-0.0181659
29,60,1.00781,-0.00292339,-0.0180123
29,61,1.00763,-0.00452892,-0.0178149
29,62,1.00743,-0.00610752,-0.0175742
29,63,1.00722,-0.00765622,-0.0172908
29,64,1.007,-0.00917214,-0.0169653
29,65,1.00676,-0.0106524,-0.0165984
29,66,1.00651,-0.0120943,-0.0161909
29,67,1.00624,-0.013495,-0.0157438
29,68,1.00595,-0.0148518,-0.015258
29,69,1.00565,-0.0161622,-0.0147349
29,70,1.00534,-0.0174234,-0.0141757
29,71,1.005,-0.018633,-0.0135819
29,72,1.00465,-0.0197884,-0.0129553
29,73,1.00428,-0.0208873,-0.0122978
29,74,1.00389,-0.0219272,-0.0116115
29,75,1.00348,-0.0229061,-0.0108985
29,76,1.00306,-0.0238216,-0.0101613
29,77,1.00261,-0.0246718,-0.00940246
29,78,1.00214,-0.0254548,-0.00862481
29,79,1.00165,-0.0261687,-0.0078312
29,80,1.00114,-0.026812,-0.0070247
29,81,1.0006,-0.0273831,-0.00620844
29,82,1.00004,-0.0278808,-0.00538574
29,83,0.999454,-0.028304,-0.00455995
29,84,0.998843,-0.0286516,-0.00373454
29,85,0.998206,-0.0289231,-0.00291297
29,86,0.997543,-0.0291178,-0.00209879
29,87,0.996853,-0.0292357,-0.0012955
29,88,0.996136,-0.0292765,-0.000506616
29,89,0.995392,-0.0292407,0.000264476
29,90,0.994622,-0.0291287,0.00101439
29,91,0.993827,-0.0289415,0.00173997
29,92,0.993006,-0.0286802,0.00243807
29,93,0.992161,-0.0283464,0.00310588
29,94,0.991294,-0.0279418,0.00374062
29,95,0.990406,-0.0274687,0.00433988
29,96,0.989499,-0.0269296,0.00490135
29,97,0.988576,-0.0263275,0.00542308
29,98,0.98764,-0.0256655,0.00590323
29,99,0.986693,-0.0249474,0.00634033
29,100,0.985738,-0.0241769,0.00673298
29,101,0.984779,-0.0233584,0.00708017
29,102,0.983819,-0.0224967,0.00738088
29,103,0.982862,-0.0215968,0.00763449
29,104,0.98191,-0.0206645,0.00784029
29,105,0.980968,-0.0197063,0.00799799
29,106,0.980038,-0.0187299,0.00810717
29,107,0.979123,-0.0177443,0.00816785
29,108,0.978228,-0.0167605,0.00817995
29,109,0.977354,-0.0157916,0.00814391
29,110,0.976504,-0.0148537,0.00806008
29,111,0.975681,-0.0139655,0.00792949
29,112,0.974886,-0.0131484,0.0077531
29,113,0.974122,-0.0124245,0.00753262
29,114,0.97339,-0.0118148,0.00726972
29,115,0.972691,-0.0113338,0.00696682
29,116,0.972028,-0.0109835,0.00662619
29,117,0.971401,-0.0107439,0.00625082
29,118,0.970812,-0.0105639,0.00584331
29,119,0.97026,-0.0103536,0.00540665
29,120,0.969748,-0.00998427,0.00494254
29,121,0.969276,-0.00930428,0.00445115
29,122,0.968844,-0.00817972,0.00392688
29,123,0.968454,-0.00656557,0.00335351
29,124,0.968107,-0.00459096,0.0026938
29,125,0.967803,-0.00259584,0.0018697
29,126,0.967548,-0.000964395,0.000725854
29,127,1,-0.00343474,0
30,0,1,0,0
30,1,1.02657,0.0013849,0.000642803
30,2,1.02639,0.0049999,0.00166958
30,3,1.02621,0.0088985,0.00244212
30,4,1.02602,0.0125423,0.00305199
30,5,1.02582,0.0155487,0.0035547
30,6,1.02561,0.0178038,0.00398296
30,7,1.02539,0.019404,0.00435374
30,8,1.02515,0.0205481,0.00467581
30,9,1.02489,0.0214461,0.00495182
30,10,1.02462,0.0222666,0.00518122
30,11,1.02433,0.0231177,0.00536094
30,12,1.02402,0.0240512,0.00548752
30,13,1.02369,0.0250769,0.00555695
30,14,1.02334,0.0261793,0.00556602
30,15,1.02297,0.0273303,0.00551162
30,16,1.02258,0.0284991,0.00539182
30,17,1.02216,0.0296569,0.00520488
30,18,1.02173,0.0307794,0.00495032
30,19,1.02127,0.0318466,0.00462791
30,20,1.02079,0.0328426,0.00423862
30,21,1.0203,0.0337551,0.00378374
30,22,1.01978,0.0345738,0.0032657
30,23,1.01926,0.0352907,0.00268728
30,24,1.01872,0.0358994,0.00205231
30,25,1.01817,0.0363946,0.00136494
30,26,1.01761,0.0367724,0.000630211
30,27,1.01706,0.0370301,-0.000146557
30,28,1.0165,0.037166,-0.000959363
30,29,1.01595,0.0371793,-0.00180208
30,30,1.01541,0.0370704,-0.00266814
30,31,1.01487,0.0368402,-0.00355101
30,32,1.01435,0.0364907,-0.00444401
30,33,1.01385,0.0360245,-0.00534064
30,34,1.01337,0.0354447,-0.00623451
30,35,1.01291,0.0347552,-0.00711957
30,36,1.01248,0.0339602,-0.00799008
30,37,1.01207,0.0330644,-0.00884075
30,38,1.01168,0.0320728,-0.00966671
30,39,1.01132,0.0309909,-0.0104636
30,40,1.01099,0.0298243,-0.0112276
30,41,1.01068,0.0285788,-0.0119554
30,42,1.0104,0.0272603,-0.0126441
30,43,1.01014,0.0258749,-0.0132914
30,44,1.0099,0.0244287,-0.0138955
30,45,1.00968,0.0229278,-0.0144547
30,46,1.00948,0.0213781,-0.0149682
30,47,1.00929,0.0197857,-0.0154351
30,48,1.00912,0.0181562,-0.015855
30,49,1.00895,0.0164954,-0.0162276
30,50,1.0088,0.0148088,-0.0165531
30,51,1.00865,0.0131016,-0.0168315
30,52,1.0085,0.011379,-0.0170632
30,53,1.00836,0.00964593,-0.0172485
30,54,1.00821,0.00790711,-0.0173878
30,55,1.00806,0.00616708,-0.0174815
30,56,1.00791,0.00443022,-0.0175302
30,57,1.00775,0.0027007,-0.0175343
30,58,1.00758,0.000982549,-0.0174942
30,59,1.00741,-0.000720392,-0.0174103
30,60,1.00722,-0.00240442,-0.0172831
30,61,1.00703,-0.00406598,-0.0171129
30,62,1.00682,-0.00570163,-0.0169003
30,63,1.0066,-0.00730809,-0.0166457
30,64,1.00637,-0.00888217,-0.0163496
30,65,1.00613,-0.0104208,-0.0160127
30,66,1.00587,-0.0119209,-0.0156358
30,67,1.0056,-0.0133798,-0.0152195
30,68,1.00532,-0.0147945,-0.0147649
30,69,1.00502,-0.0161624,-0.0142732
30,70,1.00471,-0.0174807,-0.0137457
30,71,1.00438,-0.0187471,-0.0131837
30,72,1.00403,-0.0199589,-0.012589
30,73,1.00367,-0.0211139,-0.0119633
30,74,1.0033,-0.0222095,-0.0113087
30,75,1.0029,-0.0232436,-0.0106275
30,76,1.00249,-0.024214,-0.00992183
30,77,1.00205,-0.0251185,-0.00919437
30,78,1.0016,-0.0259552,-0.0084478
30,79,1.00112,-0.0267221,-0.00768496
30,80,1.00062,-0.0274174,-0.00690885
30,81,1.0001,-0.0280394,-0.00612256
30,82,0.99956,-0.0285864,-0.00532934
30,83,0.998991,-0.0290571,-0.00453249
30,84,0.998396,-0.0294502,-0.00373539
30,85,0.997775,-0.0297646,-0.00294146
30,86,0.997128,-0.0299994,-0.00215417
30,87,0.996453,-0.030154,-0.00137692
30,88,0.995752,-0.0302279,-0.000613167
30,89,0.995023,-0.0302212,0.000133793
30,90,0.994267,-0.030134,0.000860675
30,91,0.993485,-0.0299669,0.00156439
30,92,0.992677,-0.029721,0.00224193
30,93,0.991845,-0.0293977,0.00289054
30,94,0.99099,-0.0289986,0.00350758
30,95,0.990115,-0.0285262,0.00409071
30,96,0.98922,-0.027983,0.00463774
30,97,0.98831,-0.0273722,0.00514679
30,98,0.987386,-0.0266974,0.00561612
30,99,0.986452,-0.0259624,0.00604435
30,100,0.985511,-0.0251717,0.00643016
30,101,0.984566,-0.0243299,0.00677258
30,102,0.98362,-0.0234424,0.00707067
30,103,0.982678,-0.0225148,0.0073238
30,104,0.981743,-0.0215533,0.00753134
30,105,0.980817,-0.0205651,0.00769293
30,106,0.979905,-0.0195583,0.00780818
30,107,0.979009,-0.0185426,0.00787702
30,108,0.978132,-0.0175294,0.00789933
30,109,0.977278,-0.0165325,0.0078754
30,110,0.976447,-0.0155684,0.00780549
30,111,0.975642,-0.0146564,0.0076904
30,112,0.974866,-0.0138183,0.00753091
30,113,0.97412,-0.0130767,0.00732845
30,114,0.973404,-0.0124529,0.00708442
30,115,0.972721,-0.0119614,0.00680092
30,116,0.972071,-0.0116042,0.00647999
30,117,0.971455,-0.011361,0.00612434
30,118,0.970874,-0.0111799,0.00573658
30,119,0.970329,-0.01097,0.0053198
30,120,0.96982,-0.0106002,0.00487625
30,121,0.969349,-0.0099145,0.00440667
30,122,0.968916,-0.00877056,0.00390637
30,123,0.968521,-0.00710672,0.00335926
30,124,0.968167,-0.00502075,0.00272282
30,125,0.967854,-0.00279673,0.00190908
30,126,0.967578,-0.000727758,0.000759041
30,127,1,-0.00343474,0
31,0,1,0,0
31,1,1.02675,0.00209172,0.000652157
31,2,1.02658,0.00604962,0.00170894
31,3,1.0264,0.0101632,0.00248462
31,4,1.02621,0.0139465,0.00309457
31,5,1.02601,0.0170504,0.00360151
31,6,1.0258,0.0193801,0.00403837
31,7,1.02557,0.0210431,0.00442227
31,8,1.02533,0.0222449,0.00476102
31,9,1.02507,0.0231998,0.00505628
31,10,1.0248,0.0240781,0.00530683
31,11,1.02451,0.0249886,0.00550938
31,12,1.02421,0.0259825,0.00566035
31,13,1.02388,0.0270686,0.00575582
31,14,1.02353,0.0282297,0.0057926
31,15,1.02316,0.0294364,0.00576766
31,16,1.02277,0.0306565,0.00567898
31,17,1.02236,0.0318602,0.00552482
31,18,1.02192,0.0330218,0.00530451
31,19,1.02146,0.0341209,0.00501768
31,20,1.02099,0.0351409,0.00466505
31,21,1.02049,0.0360688,0.00424771
31,22,1.01997,0.0368942,0.00376779
31,23,1.01943,0.037609,0.00322782
31,24,1.01889,0.0382065,0.00263129
31,25,1.01833,0.0386817,0.00198208
31,26,1.01776,0.0390306,0.00128494
31,27,1.01719,0.0392508,0.000544887
31,28,1.01661,0.0393407,-0.000232354
31,29,1.01604,0.0393001,-0.0010409
31,30,1.01548,0.0391295,-0.00187443
31,31,1.01492,0.0388306,-0.00272662
31,32,1.01437,0.0384057,-0.00359096
31,33,1.01385,0.0378582,-0.00446111
31,34,1.01334,0.0371919,-0.0053308
31,35,1.01285,0.0364114,-0.00619411
31,36,1.01238,0.0355217,-0.00704533
31,37,1.01194,0.0345285,-0.00787925
31,38,1.01152,0.0334377,-0.00869102
31,39,1.01113,0.0322555,-0.00947631
31,40,1.01077,0.0309886,-0.0102312
31,41,1.01043,0.0296436,-0.0109525
31,42,1.01011,0.0282273,-0.0116371
31,43,1.00982,0.0267467,-0.0122828
31,44,1.00955,0.0252085,-0.0128876
31,45,1.00931,0.0236193,-0.0134499
31,46,1.00908,0.0219858,-0.0139687
31,47,1.00886,0.0203142,-0.014443
31,48,1.00866,0.0186106,-0.0148723
31,49,1.00848,0.0168809,-0.0152563
31,50,1.0083,0.0151305,-0.0155951
31,51,1.00812,0.0133647,-0.0158885
31,52,1.00796,0.0115884,-0.0161369
31,53,1.00779,0.00980633,-0.0163404
31,54,1.00763,0.00802279,-0.0164995
31,55,1.00746,0.00624198,-0.0166144
31,56,1.00729,0.00446782,-0.0166855
31,57,1.00712,0.00270405,-0.0167132
31,58,1.00694,0.000954234,-0.0166979
31,59,1.00675,-0.00077821,-0.0166397
31,60,1.00656,-0.00248998,-0.0165392
31,61,1.00635,-0.00417788,-0.0163965
31,62,1.00614,-0.00583879,-0.0162122
31,63,1.00592,-0.00746967,-0.0159866
31,64,1.00568,-0.00906754,-0.0157201
31,65,1.00544,-0.0106294,-0.0154133
31,66,1.00518,-0.0121525,-0.0150668
31,67,1.00492,-0.0136339,-0.0146815
31,68,1.00464,-0.0150708,-0.0142583
31,69,1.00434,-0.0164605,-0.0137981
31,70,1.00404,-0.0178002,-0.0133023
31,71,1.00372,-0.0190874,-0.0127723
31,72,1.00338,-0.0203195,-0.0122096
31,73,1.00303,-0.0214939,-0.011616
31,74,1.00266,-0.0226084,-0.0109935
31,75,1.00228,-0.0236605,-0.0103443
31,76,1.00188,-0.0246481,-0.00967064
31,77,1.00145,-0.025569,-0.008975
31,78,1.00101,-0.0264214,-0.00826006
31,79,1.00055,-0.0272035,-0.0075286
31,80,1.00007,-0.0279135,-0.00678357
31,81,0.99956,-0.0285499,-0.00602801
31,82,0.999029,-0.0291116,-0.0052651
31,83,0.998473,-0.0295972,-0.00449807
31,84,0.997891,-0.030006,-0.00373024
31,85,0.997284,-0.0303371,-0.00296497
31,86,0.996649,-0.0305901,-0.00220562
31,87,0.995988,-0.0307646,-0.00145554
31,88,0.995299,-0.0308608,-0.000718071
31,89,0.994583,-0.0308789,3.57028e-06
31,90,0.99384,-0.0308194,0.000706209
31,91,0.993072,-0.0306831,0.00138685
31,92,0.992278,-0.0304714,0.0020426
31,93,0.991461,-0.0301855,0.00267081
31,94,0.990621,-0.0298274,0.00326896
31,95,0.989762,-0.0293992,0.00383481
31,96,0.988884,-0.0289035,0.00436628
31,97,0.987992,-0.0283431,0.00486159
31,98,0.987086,-0.0277211,0.00531913
31,99,0.986172,-0.0270411,0.00573756
31,100,0.985251,-0.026307,0.00611568
31,101,0.984327,-0.0255228,0.00645258
31,102,0.983405,-0.0246932,0.00674737
31,103,0.982486,-0.0238231,0.00699946
31,104,0.981574,-0.0229182,0.00720824
31,105,0.980674,-0.0219849,0.00737335
31,106,0.979787,-0.0210307,0.00749437
31,107,0.978917,-0.0200645,0.00757119
31,108,0.978066,-0.0190974,0.00760362
31,109,0.977238,-0.0181427,0.0075918
31,110,0.976433,-0.0172164,0.0075359
31,111,0.975654,-0.0163376,0.00743648
31,112,0.974903,-0.0155277,0.00729415
31,113,0.97418,-0.0148094,0.00711005
31,114,0.973487,-0.0142038,0.00688535
31,115,0.972826,-0.0137257,0.00662179
31,116,0.972195,-0.0133773,0.00632121
31,117,0.971596,-0.0131388,0.00598608
31,118,0.97103,-0.0129593,0.00561902
31,119,0.970496,-0.0127484,0.00522325
31,120,0.969996,-0.0123753,0.00480157
31,121,0.969528,-0.0116819,0.00435549
31,122,0.969095,-0.0105186,0.00388086
31,123,0.968695,-0.00880593,0.00336062
31,124,0.96833,-0.00660464,0.00275057
31,125,0.968,-0.00413224,0.00195311
31,126,0.967711,-0.00158258,0.00077585
31,127,1,-0.00343474,0
32,0,1,0,0
32,1,1.02686,0.00186334,0.00067846
32,2,1.02667,0.00616993,0.00174532
32,3,1.02647,0.0104788,0.00252857
32,4,1.02627,0.0143613,0.00314133
32,5,1.02605,0.017509,0.00365213
32,6,1.02583,0.0198515,0.00409808
32,7,1.02559,0.0215098,0.00449587
32,8,1.02534,0.0226972,0.00485215
32,9,1.02508,0.0236327,0.00516771
32,10,1.0248,0.0244894,0.00544064
32,11,1.0245,0.025378,0.00566731
32,12,1.02418,0.0263508,0.00584401
32,13,1.02384,0.0274177,0.00596685
32,14,1.02349,0.0285622,0.00603262
32,15,1.02311,0.0297557,0.00603836
32,16,1.02271,0.0309665,0.00598198
32,17,1.02229,0.032165,0.00586169
32,18,1.02184,0.033326,0.00567663
32,19,1.02137,0.034429,0.00542631
32,20,1.02089,0.0354574,0.00511121
32,21,1.02038,0.036398,0.00473219
32,22,1.01985,0.0372402,0.0042911
32,23,1.01931,0.0379754,0.00379021
32,24,1.01875,0.0385966,0.00323269
32,25,1.01818,0.0390982,0.00262216
32,26,1.01761,0.0394761,0.00196302
32,27,1.01703,0.0397272,0.00126004
32,28,1.01644,0.0398496,0.000518648
32,29,1.01586,0.0398428,-0.000255524
32,30,1.01529,0.039707,-0.0010564
32,31,1.01472,0.0394435,-0.00187784
32,32,1.01417,0.0390545,-0.00271354
32,33,1.01363,0.038543,-0.00355731
32,34,1.01311,0.0379126,-0.00440301
32,35,1.01261,0.0371677,-0.00524479
32,36,1.01213,0.0363129,-0.00607704
32,37,1.01167,0.0353536,-0.00689457
32,38,1.01124,0.0342952,-0.00769256
32,39,1.01083,0.0331438,-0.00846669
32,40,1.01045,0.0319054,-0.00921307
32,41,1.0101,0.0305861,-0.00992831
32,42,1.00977,0.0291925,-0.0106095
32,43,1.00946,0.0277308,-0.0112542
32,44,1.00917,0.0262073,-0.0118603
32,45,1.0089,0.0246284,-0.0124263
32,46,1.00865,0.0230003,-0.012951
32,47,1.00841,0.021329,-0.0134333
32,48,1.00819,0.0196204,-0.0138728
32,49,1.00798,0.0178802,-0.0142689
32,50,1.00778,0.016114,-0.0146215
32,51,1.00759,0.0143271,-0.0149306
32,52,1.0074,0.0125246,-0.0151963
32,53,1.00721,0.0107114,-0.0154187
32,54,1.00703,0.0088924,-0.0155981
32,55,1.00684,0.00707201,-0.0157347
32,56,1.00666,0.00525464,-0.0158287
32,57,1.00647,0.00344448,-0.0158804
32,58,1.00627,0.00164558,-0.0158901
32,59,1.00607,-0.000138185,-0.015858
32,60,1.00587,-0.00190308,-0.0157844
32,61,1.00566,-0.00364551,-0.0156695
32,62,1.00544,-0.00536198,-0.0155135
32,63,1.00521,-0.00704916,-0.0153169
32,64,1.00497,-0.00870378,-0.0150801
32,65,1.00473,-0.0103227,-0.0148034
32,66,1.00447,-0.0119029,-0.0144875
32,67,1.00421,-0.0134415,-0.0141332
32,68,1.00393,-0.0149355,-0.0137412
32,69,1.00365,-0.0163822,-0.0133126
32,70,1.00335,-0.017779,-0.0128487
32,71,1.00304,-0.0191232,-0.0123506
32,72,1.00271,-0.0204123,-0.0118201
32,73,1.00238,-0.0216439,-0.0112588
32,74,1.00202,-0.0228156,-0.0106687
32,75,1.00166,-0.0239251,-0.0100519
32,76,1.00127,-0.0249702,-0.00941057
32,77,1.00087,-0.0259488,-0.00874721
32,78,1.00044,-0.0268588,-0.00806444
32,79,0.999998,-0.0276983,-0.00736497
32,80,0.999533,-0.0284654,-0.0066517
32,81,0.999045,-0.0291585,-0.00592763
32,82,0.998532,-0.0297758,-0.00519584
32,83,0.997995,-0.030316,-0.00445951
32,84,0.997432,-0.0307777,-0.0037219
32,85,0.996843,-0.0311597,-0.00298625
32,86,0.996226,-0.0314613,-0.00225587
32,87,0.995582,-0.0316816,-0.001534
32,88,0.99491,-0.0318202,-0.000823888
32,89,0.99421,-0.0318769,-0.000128647
32,90,0.993484,-0.031852,0.000548659
32,91,0.99273,-0.031746,0.00120514
32,92,0.991952,-0.0315597,0.00183803
32,93,0.991149,-0.0312945,0.00244478
32,94,0.990324,-0.030952,0.00302299
32,95,0.989479,-0.0305345,0.00357054
32,96,0.988616,-0.0300445,0.00408547
32,97,0.987739,-0.029485,0.00456611
32,98,0.986849,-0.0288595,0.00501093
32,99,0.985951,-0.0281718,0.00541871
32,100,0.985047,-0.0274261,0.00578833
32,101,0.984142,-0.0266271,0.00611892
32,102,0.983238,-0.0257797,0.0064097
32,103,0.98234,-0.0248895,0.00666008
32,104,0.981451,-0.0239627,0.0068695
32,105,0.980574,-0.0230061,0.00703758
32,106,0.979712,-0.022028,0.00716392
32,107,0.978868,-0.0210377,0.00724831
32,108,0.978044,-0.0200467,0.00729054
32,109,0.977243,-0.019069,0.00729063
32,110,0.976467,-0.0181212,0.00724862
32,111,0.975717,-0.0172227,0.00716488
32,112,0.974994,-0.0163955,0.00703986
32,113,0.974299,-0.0156626,0.0068744
32,114,0.973634,-0.0150454,0.00666945
32,115,0.972998,-0.014559,0.00642643
32,116,0.972391,-0.0142055,0.00614695
32,117,0.971814,-0.0139651,0.00583326
32,118,0.971267,-0.0137866,0.00548795
32,119,0.970749,-0.0135789,0.0051144
32,120,0.970262,-0.0132095,0.00471589
32,121,0.969804,-0.0125164,0.00429451
32,122,0.969377,-0.0113405,0.00384683
32,123,0.96898,-0.00958175,0.00335571
32,124,0.968614,-0.00726066,0.00277157
32,125,0.96828,-0.00452299,0.00198659
32,126,0.967977,-0.001455,0.000805082
32,127,1,-0.00343474,0
33,0,1,0,0
33,1,1.0269,0.00255721,0.000685923
33,2,1.02672,0.00724562,0.00178277
33,3,1.02652,0.0117865,0.00257087
33,4,1.02632,0.0158082,0.00318531
33,5,1.0261,0.0190447,0.00370163
33,6,1.02588,0.0214514,0.00415739
33,7,1.02564,0.0231635,0.00456958
33,8,1.02539,0.0244018,0.00494402
33,9,1.02512,0.025389,0.00528047
33,10,1.02484,0.0262996,0.00557632
33,11,1.02454,0.0272441,0.00582765
33,12,1.02422,0.0282742,0.00603063
33,13,1.02389,0.0293983,0.0061814
33,14,1.02353,0.0305986,0.00627679
33,15,1.02315,0.0318449,0.00631389
33,16,1.02275,0.0331043,0.00629054
33,17,1.02233,0.034346,0.0062049
33,18,1.02188,0.035544,0.00605597
33,19,1.02142,0.0366769,0.00584308
33,20,1.02092,0.0377276,0.00556647
33,21,1.02041,0.0386824,0.0052268
33,22,1.01988,0.0395305,0.00482558
33,23,1.01933,0.0402631,0.00436483
33,24,1.01876,0.0408733,0.00384739
33,25,1.01818,0.0413555,0.00327657
33,26,1.01759,0.0417056,0.00265644
33,27,1.01699,0.041921,0.00199148
33,28,1.01639,0.0419999,0.00128679
33,29,1.01579,0.0419422,0.00054775
33,30,1.0152,0.0417485,-0.000219826
33,31,1.01461,0.0414206,-0.00101003
33,32,1.01403,0.0409612,-0.00181674
33,33,1.01346,0.040374,-0.00263394
33,34,1.01291,0.0396633,-0.0034556
33,35,1.01239,0.0388341,-0.00427598
33,36,1.01188,0.0378919,-0.00508954
33,37,1.01139,0.0368429,-0.00589111
33,38,1.01093,0.0356933,-0.0066759
33,39,1.0105,0.0344501,-0.00743955
33,40,1.01009,0.0331201,-0.00817814
33,41,1.0097,0.0317104,-0.00888824
33,42,1.00934,0.0302281,-0.00956686
33,43,1.009,0.0286804,-0.0102115
33,44,1.00869,0.0270741,-0.0108199
33,45,1.00839,0.0254162,-0.0113906
33,46,1.00811,0.0237132,-0.011922
33,47,1.00785,0.0219716,-0.0124133
33,48,1.00761,0.0201974,-0.0128636
33,49,1.00738,0.0183964,-0.0132725
33,50,1.00716,0.0165742,-0.0136397
33,51,1.00694,0.0147359,-0.013965
33,52,1.00674,0.0128864,-0.0142484
33,53,1.00653,0.0110304,-0.01449
33,54,1.00633,0.00917214,-0.01469
33,55,1.00613,0.00731588,-0.0148483
33,56,1.00594,0.00546549,-0.0149653
33,57,1.00573,0.00362473,-0.0150411
33,58,1.00553,0.0017972,-0.0150758
33,59,1.00532,-1.36397e-05,-0.0150696
33,60,1.00511,-0.00180442,-0.0150227
33,61,1.00489,-0.00357188,-0.0149353
33,62,1.00467,-0.0053128,-0.0148076
33,63,1.00444,-0.00702406,-0.0146398
33,64,1.00421,-0.00870256,-0.0144323
33,65,1.00396,-0.0103453,-0.0141855
33,66,1.00371,-0.0119492,-0.0138999
33,67,1.00346,-0.0135114,-0.0135763
33,68,1.00319,-0.015029,-0.0132155
33,69,1.00291,-0.0164991,-0.0128184
33,70,1.00262,-0.017919,-0.0123862
33,71,1.00232,-0.019286,-0.0119201
33,72,1.00201,-0.0205973,-0.0114218
33,73,1.00169,-0.0218506,-0.010893
33,74,1.00135,-0.0230433,-0.0103354
33,75,1.001,-0.024173,-0.00975121
33,76,1.00063,-0.0252376,-0.0091426
33,77,1.00024,-0.0262348,-0.00851198
33,78,0.999831,-0.0271628,-0.0078619
33,79,0.999403,-0.0280197,-0.00719504
33,80,0.998953,-0.0288037,-0.00651425
33,81,0.998479,-0.0295134,-0.00582244
33,82,0.997982,-0.0301475,-0.00512265
33,83,0.99746,-0.0307048,-0.00441798
33,84,0.996911,-0.0311843,-0.00371159
33,85,0.996335,-0.0315852,-0.00300667
33,86,0.995733,-0.0319072,-0.00230641
33,87,0.995102,-0.0321498,-0.00161396
33,88,0.994444,-0.0323131,-0.000932447
33,89,0.993759,-0.0323972,-0.000264894
33,90,0.993046,-0.0324028,0.000385765
33,91,0.992308,-0.0323306,0.00101676
33,92,0.991544,-0.0321818,0.00162545
33,93,0.990758,-0.0319577,0.00220941
33,94,0.98995,-0.0316602,0.00276638
33,95,0.989123,-0.0312914,0.00329436
33,96,0.98828,-0.0308537,0.00379152
33,97,0.987423,-0.0303499,0.00425629
33,98,0.986555,-0.0297831,0.00468727
33,99,0.98568,-0.0291566,0.00508334
33,100,0.984802,-0.0284742,0.00544346
33,101,0.983924,-0.0277399,0.00576686
33,102,0.983049,-0.026958,0.00605281
33,103,0.98218,-0.0261335,0.00630076
33,104,0.981322,-0.0252718,0.00651019
33,105,0.980478,-0.0243791,0.00668073
33,106,0.979649,-0.0234627,0.00681195
33,107,0.97884,-0.0225315,0.00690362
33,108,0.978052,-0.0215965,0.00695545
33,109,0.977287,-0.0206709,0.00696736
33,110,0.976547,-0.0197708,0.00693926
33,111,0.975833,-0.0189153,0.00687137
33,112,0.975146,-0.018126,0.00676392
33,113,0.974487,-0.0174257,0.00661751
33,114,0.973855,-0.0168357,0.00643285
33,115,0.973251,-0.016371,0.00621108
33,116,0.972675,-0.0160341,0.00595357
33,117,0.972126,-0.015806,0.00566239
33,118,0.971604,-0.0156363,0.00534012
33,119,0.971109,-0.0154353,0.00499029
33,120,0.970639,-0.0150713,0.00461667
33,121,0.970195,-0.0143803,0.00422204
33,122,0.969776,-0.013195,0.00380341
33,123,0.969382,-0.0113938,0.00334245
33,124,0.969012,-0.00895126,0.00278749
33,125,0.968667,-0.00593128,0.0020216
33,126,0.968354,-0.00230673,0.000818726
33,127,1,-0.00343474,0
34,0,1,0,0
34,1,1.02687,0.00238681,0.000710243
34,2,1.02666,0.00745836,0.00181587
34,3,1.02645,0.0122093,0.00261263
34,4,1.02623,0.0163285,0.00323134
34,5,1.02601,0.0195986,0.00375265
34,6,1.02577,0.0220058,0.00421842
34,7,1.02552,0.0237022,0.00464544
34,8,1.02526,0.0249171,0.00503847
34,9,1.02498,0.0258772,0.00539639
34,10,1.02469,0.0267594,0.00571586
34,11,1.02438,0.0276752,0.00599262
34,12,1.02405,0.0286773,0.00622263
34,13,1.0237,0.0297749,0.00640207
34,14,1.02333,0.0309511,0.00652775
34,15,1.02294,0.0321764,0.00659677
34,16,1.02253,0.0334187,0.00660695
34,17,1.0221,0.0346479,0.00655635
34,18,1.02164,0.0358381,0.00644383
34,19,1.02116,0.0369683,0.00626856
34,20,1.02066,0.0380213,0.00603056
34,21,1.02013,0.0389835,0.00573024
34,22,1.01959,0.0398439,0.00536886
34,23,1.01903,0.0405933,0.00494814
34,24,1.01846,0.0412245,0.00447061
34,25,1.01787,0.0417315,0.00393929
34,26,1.01727,0.0421097,0.00335794
34,27,1.01666,0.0423561,0.00273072
34,28,1.01605,0.0424686,0.00206246
34,29,1.01545,0.0424464,0.00135825
34,30,1.01484,0.0422901,0.000623667
34,31,1.01424,0.0420009,-0.000135606
34,32,1.01366,0.0415812,-0.000913643
34,33,1.01308,0.0410344,-0.00170456
34,34,1.01252,0.0403643,-0.00250249
34,35,1.01198,0.0395757,-0.00330175
34,36,1.01147,0.0386737,-0.00409688
34,37,1.01097,0.0376639,-0.00488274
34,38,1.0105,0.0365523,-0.00565454
34,39,1.01005,0.0353451,-0.00640792
34,40,1.00963,0.0340487,-0.00713891
34,41,1.00923,0.0326698,-0.00784403
34,42,1.00885,0.0312148,-0.00852022
34,43,1.00849,0.0296904,-0.00916487
34,44,1.00816,0.0281031,-0.00977578
34,45,1.00785,0.0264592,-0.0103511
34,46,1.00755,0.0247651,-0.0108895
34,47,1.00728,0.023027,-0.0113898
34,48,1.00701,0.0212506,-0.0118511
34,49,1.00676,0.0194418,-0.0122728
34,50,1.00652,0.0176062,-0.0126546
34,51,1.00629,0.015749,-0.0129961
34,52,1.00606,0.0138753,-0.0132973
34,53,1.00584,0.0119902,-0.0135582
34,54,1.00563,0.0100983,-0.0137786
34,55,1.00541,0.00820432,-0.0139587
34,56,1.0052,0.00631251,-0.0140986
34,57,1.00498,0.00442714,-0.0141983
34,58,1.00477,0.0025523,-0.0142579
34,59,1.00455,0.000691896,-0.0142775
34,60,1.00433,-0.00115026,-0.0142572
34,61,1.00411,-0.00297052,-0.014197
34,62,1.00389,-0.00476533,-0.0140972
34,63,1.00366,-0.00653128,-0.0139579
34,64,1.00342,-0.00826505,-0.0137795
34,65,1.00318,-0.00996344,-0.0135623
34,66,1.00294,-0.0116234,-0.0133069
34,67,1.00268,-0.0132418,-0.0130138
34,68,1.00243,-0.0148158,-0.0126839
34,69,1.00216,-0.0163427,-0.0123181
34,70,1.00188,-0.0178196,-0.0119175
34,71,1.0016,-0.019244,-0.0114834
34,72,1.00131,-0.0206133,-0.0110174
34,73,1.001,-0.021925,-0.0105211
34,74,1.00068,-0.0231768,-0.00999626
34,75,1.00034,-0.0243663,-0.009445
34,76,0.999992,-0.0254913,-0.00886949
34,77,0.999624,-0.0265497,-0.00827208
34,78,0.999237,-0.0275394,-0.00765526
34,79,0.99883,-0.0284584,-0.00702168
34,80,0.998401,-0.0293049,-0.00637409
34,81,0.997949,-0.0300771,-0.00571537
34,82,0.997473,-0.0307735,-0.00504848
34,83,0.996971,-0.0313923,-0.00437642
34,84,0.996443,-0.0319324,-0.00370229
34,85,0.995887,-0.0323925,-0.00302916
34,86,0.995304,-0.0327715,-0.00236012
34,87,0.994693,-0.0330689,-0.00169822
34,88,0.994053,-0.0332839,-0.00104648
34,89,0.993386,-0.0334164,-0.000407778
34,90,0.992691,-0.0334664,0.000215064
34,91,0.99197,-0.0334343,0.000819406
34,92,0.991224,-0.033321,0.00140275
34,93,0.990454,-0.0331275,0.00196279
34,94,0.989663,-0.0328555,0.00249742
34,95,0.988853,-0.032507,0.00300474
34,96,0.988028,-0.0320845,0.00348308
34,97,0.987189,-0.0315908,0.00393098
34,98,0.986341,-0.0310292,0.00434716
34,99,0.985487,-0.0304034,0.00473059
34,100,0.98463,-0.0297175,0.00508034
34,101,0.983775,-0.0289759,0.0053957
34,102,0.982924,-0.0281835,0.00567602
34,103,0.982083,-0.0273456,0.00592081
34,104,0.981253,-0.0264682,0.00612958
34,105,0.980438,-0.0255581,0.00630194
34,106,0.979642,-0.0246231,0.00643751
34,107,0.978866,-0.0236727,0.00653598
34,108,0.978113,-0.0227183,0.00659703
34,109,0.977384,-0.0217737,0.00662047
34,110,0.976681,-0.0208556,0.00660613
34,111,0.976005,-0.0199835,0.00655404
34,112,0.975357,-0.0191795,0.00646429
34,113,0.974735,-0.0184668,0.00633723
34,114,0.974141,-0.0178668,0.00617335
34,115,0.973573,-0.017395,0.00597352
34,116,0.973031,-0.017054,0.00573889
34,117,0.972515,-0.0168248,0.00547133
34,118,0.972022,-0.0166574,0.0051734
34,119,0.971552,-0.0164619,0.0048488
34,120,0.971105,-0.0161053,0.0045017
34,121,0.97068,-0.01542,0.0041354
34,122,0.970276,-0.0142282,0.00374741
34,123,0.969892,-0.012384,0.00331904
34,124,0.969528,-0.00981247,0.00279323
34,125,0.969187,-0.0064921,0.00204316
34,126,0.968866,-0.00227754,0.000841141
34,127,1,-0.00343474,0
35,0,1,0,0
35,1,1.02677,0.00306264,0.000714747
35,2,1.02657,0.00854727,0.00184849
35,3,1.02637,0.0135455,0.00265089
35,4,1.02615,0.0178039,0.00327244
35,5,1.02592,0.0211546,0.00380016
35,6,1.02568,0.0236158,0.00427636
35,7,1.02543,0.0253569,0.00471832
35,8,1.02517,0.0266156,0.00513009
35,9,1.02489,0.0276221,0.00550954
35,10,1.0246,0.028554,0.00585264
35,11,1.02428,0.0295224,0.00615477
35,12,1.02395,0.0305787,0.00641176
35,13,1.02361,0.0317307,0.0066198
35,14,1.02324,0.0329599,0.00677572
35,15,1.02285,0.0342355,0.00687668
35,16,1.02243,0.0355242,0.00692042
35,17,1.022,0.0367946,0.00690496
35,18,1.02154,0.03802,0.006829
35,19,1.02105,0.0391786,0.00669156
35,20,1.02055,0.0402529,0.00649241
35,21,1.02002,0.0412287,0.00623176
35,22,1.01947,0.0420947,0.00591056
35,23,1.0189,0.0428418,0.00553026
35,24,1.01831,0.0434626,0.00509308
35,25,1.01771,0.0439513,0.00460171
35,26,1.0171,0.0443037,0.00405957
35,27,1.01648,0.0445167,0.00347055
35,28,1.01585,0.0445887,0.00283912
35,29,1.01522,0.0445193,0.00217014
35,30,1.0146,0.0443093,0.00146888
35,31,1.01398,0.0439606,0.00074081
35,32,1.01337,0.043476,-8.34543e-06
35,33,1.01277,0.0428595,-0.000772871
35,34,1.01218,0.0421156,-0.00154702
35,35,1.01162,0.0412498,-0.00232522
35,36,1.01107,0.0402678,-0.00310205
35,37,1.01055,0.039176,-0.00387242
35,38,1.01005,0.0379813,-0.00463153
35,39,1.00957,0.0366907,-0.00537498
35,40,1.00912,0.0353114,-0.00609877
35,41,1.0087,0.0338506,-0.00679935
35,42,1.00829,0.0323157,-0.00747357
35,43,1.00791,0.0307139,-0.00811872
35,44,1.00756,0.0290523,-0.0087325
35,45,1.00722,0.0273378,-0.00931299
35,46,1.0069,0.0255769,-0.00985864
35,47,1.0066,0.0237762,-0.0103682
35,48,1.00632,0.0219417,-0.0108407
35,49,1.00605,0.0200791,-0.0112755
35,50,1.00579,0.018194,-0.0116719
35,51,1.00554,0.0162914,-0.0120297
35,52,1.0053,0.0143762,-0.0123486
35,53,1.00506,0.012453,-0.0126285
35,54,1.00483,0.0105263,-0.0128692
35,55,1.00461,0.00860004,-0.0130708
35,56,1.00438,0.00667829,-0.0132332
35,57,1.00416,0.00476481,-0.0133564
35,58,1.00394,0.00286326,-0.0134404
35,59,1.00372,0.000977185,-0.0134853
35,60,1.0035,-0.00088997,-0.0134909
35,61,1.00327,-0.00273484,-0.0134575
35,62,1.00305,-0.00455411,-0.0133851
35,63,1.00282,-0.00634455,-0.0132738
35,64,1.00259,-0.00810297,-0.013124
35,65,1.00236,-0.00982623,-0.0129359
35,66,1.00212,-0.0115112,-0.0127101
35,67,1.00188,-0.013155,-0.0124472
35,68,1.00163,-0.0147544,-0.0121479
35,69,1.00138,-0.0163067,-0.0118131
35,70,1.00112,-0.017809,-0.011444
35,71,1.00085,-0.0192584,-0.0110418
35,72,1.00057,-0.0206524,-0.010608
35,73,1.00028,-0.0219883,-0.0101443
35,74,0.999975,-0.0232637,-0.00965235
35,75,0.999658,-0.024476,-0.0091343
35,76,0.999325,-0.0256231,-0.00859224
35,77,0.998975,-0.0267028,-0.00802848
35,78,0.998605,-0.027713,-0.00744548
35,79,0.998216,-0.028652,-0.00684581
35,80,0.997804,-0.029518,-0.00623218
35,81,0.997368,-0.0303094,-0.00560738
35,82,0.996908,-0.0310248,-0.0049743
35,83,0.996422,-0.0316631,-0.00433587
35,84,0.99591,-0.0322233,-0.00369506
35,85,0.995369,-0.0327046,-0.00305486
35,86,0.994801,-0.0331063,-0.00241826
35,87,0.994204,-0.0334282,-0.00178818
35,88,0.993579,-0.0336702,-0.0011675
35,89,0.992927,-0.0338324,-0.000559001
35,90,0.992248,-0.0339153,3.46587e-05
35,91,0.991542,-0.0339197,0.00061097
35,92,0.990813,-0.0338465,0.00116758
35,93,0.990062,-0.0336972,0.00170233
35,94,0.98929,-0.0334733,0.00221326
35,95,0.988501,-0.033177,0.00269861
35,96,0.987698,-0.0328106,0.00315685
35,97,0.986884,-0.0323766,0.00358664
35,98,0.986062,-0.0318782,0.00398684
35,99,0.985236,-0.0313184,0.00435651
35,100,0.98441,-0.0307009,0.00469485
35,101,0.983587,-0.0300296,0.00500121
35,102,0.982771,-0.0293086,0.00527504
35,103,0.981966,-0.0285425,0.00551587
35,104,0.981175,-0.0277367,0.00572328
35,105,0.980401,-0.0268971,0.00589689
35,106,0.979646,-0.0260309,0.0060363
35,107,0.978914,-0.0251468,0.00614119
35,108,0.978205,-0.0242556,0.00621119
35,109,0.977522,-0.0233705,0.00624603
35,110,0.976865,-0.0225075,0.00624544
35,111,0.976235,-0.0216858,0.00620929
35,112,0.975632,-0.0209269,0.0061375
35,113,0.975056,-0.0202537,0.00603024
35,114,0.974506,-0.0196875,0.00588775
35,115,0.973981,-0.0192437,0.00571065
35,116,0.97348,-0.0189252,0.00549991
35,117,0.973001,-0.0187139,0.00525722
35,118,0.972543,-0.0185612,0.00498513
35,119,0.972105,-0.0183788,0.00468747
35,120,0.971685,-0.0180349,0.00436884
35,121,0.971282,-0.0173602,0.00403313
35,122,0.970895,-0.0161676,0.00367805
35,123,0.970522,-0.0142858,0.00328353
35,124,0.970163,-0.0115855,0.00279014
35,125,0.969817,-0.0079511,0.00206305
35,126,0.969492,-0.00311629,0.000848782
35,127,1,-0.00343474,0
36,0,1,0,0
36,1,1.0266,0.00294252,0.00073602
36,2,1.02638,0.00883652,0.00187564
36,3,1.02616,0.0140576,0.00268679
36,4,1.02593,0.0184121,0.00331354
36,5,1.0257,0.0217872,0.00384693
36,6,1.02545,0.0242373,0.00433351
36,7,1.02518,0.025952,0.0047905
36,8,1.02491,0.0271784,0.00522102
36,9,1.02462,0.0281504,0.00562214
36,10,1.02431,0.0290472,0.00598908
36,11,1.02399,0.0299804,0.00631683
36,12,1.02364,0.0310021,0.00660104
36,13,1.02328,0.0321206,0.00683787
36,14,1.0229,0.0333184,0.00702415
36,15,1.02249,0.0345656,0.00715704
36,16,1.02206,0.0358297,0.00723423
36,17,1.02161,0.0370802,0.00725369
36,18,1.02114,0.0382909,0.00721395
36,19,1.02064,0.0394403,0.00711389
36,20,1.02012,0.040511,0.00695307
36,21,1.01958,0.041489,0.00673146
36,22,1.01902,0.0423629,0.00644977
36,23,1.01844,0.0431232,0.00610917
36,24,1.01784,0.0437624,0.00571156
36,25,1.01723,0.0442743,0.00525937
36,26,1.01661,0.0446541,0.00475569
36,27,1.01599,0.0448984,0.00420411
36,28,1.01535,0.0450051,0.00360882
36,29,1.01472,0.0449734,0.00297439
36,30,1.01409,0.0448035,0.00230584
36,31,1.01346,0.0444969,0.00160844
36,32,1.01284,0.0440561,0.000887693
36,33,1.01224,0.0434844,0.00014917
36,34,1.01165,0.0427861,-0.000601513
36,35,1.01107,0.041966,-0.00135887
36,36,1.01052,0.0410295,-0.00211755
36,37,1.00999,0.0399825,-0.00287248
36,38,1.00948,0.0388311,-0.00361887
36,39,1.00899,0.0375819,-0.0043523
36,40,1.00853,0.0362414,-0.00506873
36,41,1.00809,0.0348163,-0.00576453
36,42,1.00768,0.0333134,-0.00643649
36,43,1.00728,0.0317394,-0.00708182
36,44,1.00691,0.0301008,-0.00769811
36,45,1.00656,0.0284042,-0.00828335
36,46,1.00623,0.0266558,-0.00883587
36,47,1.00591,0.0248618,-0.00935432
36,48,1.00561,0.0230281,-0.00983761
36,49,1.00532,0.0211605,-0.0102849
36,50,1.00505,0.0192645,-0.0106956
36,51,1.00478,0.0173453,-0.0110692
36,52,1.00452,0.0154083,-0.0114054
36,53,1.00427,0.0134582,-0.0117039
36,54,1.00403,0.0114999,-0.0119645
36,55,1.00379,0.00953801,-0.012187
36,56,1.00356,0.00757687,-0.0123715
36,57,1.00333,0.00562081,-0.0125177
36,58,1.0031,0.00367394,-0.0126257
36,59,1.00287,0.00174028,-0.0126952
36,60,1.00264,-0.000176324,-0.0127264
36,61,1.00242,-0.00207213,-0.0127192
36,62,1.00219,-0.00394352,-0.0126736
36,63,1.00197,-0.005787,-0.0125899
36,64,1.00174,-0.00759919,-0.0124681
36,65,1.00152,-0.00937683,-0.0123088
36,66,1.00129,-0.0111168,-0.0121122
36,67,1.00106,-0.0128159,-0.011879
36,68,1.00082,-0.0144713,-0.0116099
36,69,1.00058,-0.0160802,-0.0113059
36,70,1.00034,-0.0176397,-0.0109681
36,71,1.00009,-0.0191473,-0.0105977
36,72,0.999828,-0.0206002,-0.0101962
36,73,0.999558,-0.0219962,-0.00976512
36,74,0.999276,-0.0233327,-0.00930634
36,75,0.99898,-0.0246074,-0.0088218
36,76,0.998669,-0.0258181,-0.00831361
36,77,0.998342,-0.0269626,-0.00778403
36,78,0.997995,-0.0280389,-0.00723546
36,79,0.997629,-0.0290449,-0.00667043
36,80,0.99724,-0.0299788,-0.00609156
36,81,0.996828,-0.0308387,-0.00550157
36,82,0.996391,-0.031623,-0.00490327
36,83,0.995928,-0.0323301,-0.00429948
36,84,0.995437,-0.0329585,-0.00369308
36,85,0.994919,-0.033507,-0.00308695
36,86,0.994372,-0.0339744,-0.00248394
36,87,0.993796,-0.03436,-0.00188686
36,88,0.993192,-0.0346629,-0.00129845
36,89,0.99256,-0.0348829,-0.000721344
36,90,0.991901,-0.0350199,-0.000158057
36,91,0.991216,-0.035074,0.00038905
36,92,0.990506,-0.035046,0.000917777
36,93,0.989775,-0.0349368,0.00142612
36,94,0.989023,-0.0347479,0.00191226
36,95,0.988255,-0.034481,0.00237459
36,96,0.987474,-0.0341386,0.00281171
36,97,0.986682,-0.0337232,0.00322242
36,98,0.985884,-0.0332379,0.00360571
36,99,0.985083,-0.0326864,0.00396075
36,100,0.984284,-0.0320724,0.00428682
36,101,0.98349,-0.0314003,0.00458339
36,102,0.982705,-0.0306746,0.00484996
36,103,0.981932,-0.0299006,0.00508613
36,104,0.981176,-0.0290839,0.00529151
36,105,0.980438,-0.0282313,0.00546575
36,106,0.979722,-0.0273503,0.00560847
36,107,0.979031,-0.0264503,0.00571932
36,108,0.978364,-0.0255425,0.00579789
36,109,0.977725,-0.0246407,0.00584385
36,110,0.977113,-0.0237615,0.00585684
36,111,0.976529,-0.0229244,0.0058366
36,112,0.975973,-0.0221516,0.00578293
36,113,0.975443,-0.0214661,0.00569576
36,114,0.974938,-0.0208898,0.00557518
36,115,0.974458,-0.0204383,0.00542157
36,116,0.973999,-0.0201149,0.00523568
36,117,0.973561,-0.019902,0.00501906
36,118,0.97314,-0.0197513,0.00477422
36,119,0.972737,-0.019575,0.00450514
36,120,0.972348,-0.0192409,0.00421676
36,121,0.971971,-0.0185759,0.00391335
36,122,0.971607,-0.0173813,0.00359285
36,123,0.971252,-0.0154575,0.00323454
36,124,0.970906,-0.0126183,0.0027738
36,125,0.970571,-0.00865162,0.00206686
36,126,0.970246,-0.00317006,0.000861683
36,127,1,-0.00343474,0
37,0,1,0,0
37,1,1.02637,0.00359528,0.000736794
37,2,1.02617,0.00992485,0.001901
37,3,1.02595,0.0154054,0.00271757
37,4,1.02572,0.0198991,0.00334775
37,5,1.02549,0.0233473,0.00388798
37,6,1.02523,0.0258417,0.00438506
37,7,1.02497,0.0275922,0.0048568
37,8,1.02469,0.0288553,0.0053058
37,9,1.0244,0.0298685,0.00572817
37,10,1.02409,0.030811,0.00611843
37,11,1.02376,0.0317935,0.00647123
37,12,1.02342,0.0328665,0.00678204
37,13,1.02305,0.0340368,0.00704702
37,14,1.02267,0.0352852,0.00726304
37,15,1.02226,0.0365807,0.00742726
37,16,1.02183,0.0378892,0.00753736
37,17,1.02138,0.0391794,0.00759121
37,18,1.0209,0.0404241,0.00758723
37,19,1.0204,0.0416012,0.00752416
37,20,1.01988,0.0426926,0.00740132
37,21,1.01933,0.0436841,0.00721849
37,22,1.01876,0.044564,0.00697609
37,23,1.01817,0.0453228,0.00667504
37,24,1.01756,0.0459529,0.00631693
37,25,1.01694,0.0464483,0.00590389
37,26,1.01631,0.0468044,0.0054387
37,27,1.01566,0.0470182,0.00492465
37,28,1.01501,0.0470878,0.0043656
37,29,1.01436,0.0470126,0.00376586
37,30,1.01371,0.0467936,0.00313019
37,31,1.01306,0.0464325,0.00246361
37,32,1.01242,0.0459324,0.00177144
37,33,1.01179,0.0452971,0.00105906
37,34,1.01118,0.0445315,0.00033197
37,35,1.01058,0.0436411,-0.000404447
37,36,1.01001,0.0426318,-0.0011449
37,37,1.00945,0.0415104,-0.00188436
37,38,1.00891,0.0402838,-0.00261801
37,39,1.0084,0.038959,-0.00334143
37,40,1.00792,0.0375435,-0.00405052
37,41,1.00745,0.0360447,-0.00474158
37,42,1.00701,0.0344698,-0.00541132
37,43,1.0066,0.0328263,-0.00605684
37,44,1.0062,0.0311211,-0.00667563
37,45,1.00583,0.0293613,-0.00726557
37,46,1.00547,0.0275532,-0.00782487
37,47,1.00514,0.0257035,-0.00835206
37,48,1.00482,0.0238179,-0.00884593
37,49,1.00451,0.0219023,-0.00930555
37,50,1.00422,0.0199622,-0.00973015
37,51,1.00394,0.0180025,-0.0101192
37,52,1.00367,0.0160282,-0.0104721
37,53,1.00341,0.0140438,-0.0107887
37,54,1.00316,0.0120538,-0.0110685
37,55,1.00291,0.0100624,-0.0113115
37,56,1.00267,0.00807341,-0.0115173
37,57,1.00243,0.00609084,-0.0116858
37,58,1.0022,0.00411839,-0.0118169
37,59,1.00197,0.0021597,-0.0119105
37,60,1.00174,0.000218326,-0.0119664
37,61,1.00152,-0.00170227,-0.0119846
37,62,1.0013,-0.00359867,-0.0119652
37,63,1.00108,-0.00546754,-0.0119082
37,64,1.00086,-0.00730557,-0.0118139
37,65,1.00065,-0.00910954,-0.0116826
37,66,1.00043,-0.0108763,-0.0115146
37,67,1.00021,-0.0126026,-0.0113107
37,68,0.999992,-0.0142856,-0.0110715
37,69,0.999769,-0.0159222,-0.010798
37,70,0.999541,-0.0175095,-0.0104913
37,71,0.999307,-0.0190447,-0.0101525
37,72,0.999066,-0.0205251,-0.00978316
37,73,0.998815,-0.021948,-0.00938486
37,74,0.998552,-0.0233109,-0.00895937
37,75,0.998276,-0.0246113,-0.00850861
37,76,0.997986,-0.025847,-0.00803466
37,77,0.997678,-0.0270157,-0.00753973
37,78,0.997351,-0.0281154,-0.00702618
37,79,0.997003,-0.0291442,-0.00649646
37,80,0.996633,-0.0301003,-0.00595313
37,81,0.996238,-0.0309822,-0.00539882
37,82,0.995819,-0.0317882,-0.00483624
37,83,0.995372,-0.0325173,-0.00426813
37,84,0.994898,-0.0331682,-0.00369724
37,85,0.994396,-0.0337402,-0.00312634
37,86,0.993865,-0.0342325,-0.00255814
37,87,0.993305,-0.0346448,-0.00199533
37,88,0.992717,-0.0349768,-0.00144049
37,89,0.992101,-0.0352286,-0.000896107
37,90,0.991459,-0.0354004,-0.000364539
37,91,0.990792,-0.035493,0.000152013
37,92,0.990101,-0.0355073,0.000651511
37,93,0.989391,-0.0354444,0.00113211
37,94,0.988662,-0.0353059,0.00159215
37,95,0.987918,-0.0350936,0.00203019
37,96,0.987163,-0.0348098,0.00244496
37,97,0.986401,-0.034457,0.00283542
37,98,0.985634,-0.0340379,0.00320068
37,99,0.984867,-0.0335557,0.00354002
37,100,0.984104,-0.0330136,0.00385285
37,101,0.983349,-0.0324154,0.00413872
37,102,0.982605,-0.0317651,0.0043972
37,103,0.981876,-0.031067,0.00462797
37,104,0.981166,-0.0303262,0.00483068
37,105,0.980477,-0.0295486,0.005005
37,106,0.979811,-0.0287409,0.00515058
37,107,0.97917,-0.0279118,0.00526704
37,108,0.978557,-0.0270719,0.00535395
37,109,0.977971,-0.0262342,0.00541092
37,110,0.977413,-0.0254147,0.00543751
37,111,0.976883,-0.0246325,0.00543336
37,112,0.976381,-0.0239091,0.00539811
37,113,0.975904,-0.0232672,0.00533154
37,114,0.975451,-0.0227284,0.00523354
37,115,0.975021,-0.0223084,0.00510427
37,116,0.97461,-0.0220109,0.00494431
37,117,0.974218,-0.0218191,0.00475507
37,118,0.97384,-0.0216866,0.00453904
37,119,0.973475,-0.0215276,0.0043003
37,120,0.97312,-0.0212114,0.00404412
37,121,0.972774,-0.0205632,0.00377521
37,122,0.972433,-0.019374,0.00349148
37,123,0.972097,-0.0174149,0.00317058
37,124,0.971763,-0.0144386,0.00274546
37,125,0.97143,-0.0101303,0.00206611
37,126,0.971107,-0.00398265,0.000860692
37,127,1,-0.00343474,0
38,0,1,0,0
38,1,1.02607,0.00351784,0.000754222
38,2,1.02586,0.0102741,0.00192004
38,3,1.02563,0.0159867,0.00274445
38,4,1.02539,0.0205755,0.00338012
38,5,1.02514,0.0240401,0.00392623
38,6,1.02488,0.0265129,0.0044335
38,7,1.0246,0.028227,0.0049198
38,8,1.02431,0.0294493,0.00538694
38,9,1.024,0.0304209,0.00583028
38,10,1.02368,0.031322,0.00624367
38,11,1.02334,0.0322634,0.00662131
38,12,1.02298,0.0332955,0.00695851
38,13,1.0226,0.0344258,0.00725138
38,14,1.0222,0.035636,0.00749677
38,15,1.02177,0.036896,0.00769186
38,16,1.02133,0.038173,0.00783426
38,17,1.02086,0.0394362,0.00792181
38,18,1.02036,0.0406594,0.00795276
38,19,1.01985,0.0418209,0.00792573
38,20,1.01931,0.0429031,0.00783984
38,21,1.01875,0.0438917,0.00769467
38,22,1.01817,0.044775,0.00749039
38,23,1.01757,0.0455436,0.00722769
38,24,1.01695,0.0461895,0.00690788
38,25,1.01632,0.0467064,0.0065328
38,26,1.01568,0.0470893,0.00610495
38,27,1.01503,0.0473345,0.00562732
38,28,1.01437,0.0474399,0.0051035
38,29,1.01371,0.0474043,0.00453754
38,30,1.01306,0.047228,0.00393393
38,31,1.01241,0.0469124,0.00329749
38,32,1.01176,0.0464599,0.00263333
38,33,1.01113,0.0458739,0.00194668
38,34,1.01051,0.0451586,0.0012429
38,35,1.00991,0.0443189,0.00052729
38,36,1.00933,0.0433604,-0.000194943
38,37,1.00877,0.0422888,-0.000918785
38,38,1.00823,0.0411107,-0.00163945
38,39,1.00771,0.0398324,-0.00235249
38,40,1.00722,0.0384607,-0.00305376
38,41,1.00674,0.0370023,-0.00373952
38,42,1.00629,0.0354639,-0.00440639
38,43,1.00587,0.0338524,-0.00505141
38,44,1.00546,0.0321742,-0.00567196
38,45,1.00507,0.0304359,-0.00626583
38,46,1.00471,0.0286438,-0.00683112
38,47,1.00436,0.0268039,-0.00736624
38,48,1.00402,0.0249221,-0.00786989
38,49,1.0037,0.0230043,-0.008341
38,50,1.0034,0.0210559,-0.00877871
38,51,1.0031,0.0190822,-0.00918233
38,52,1.00282,0.0170885,-0.0095513
38,53,1.00255,0.0150796,-0.00988515
38,54,1.00228,0.0130603,-0.0101835
38,55,1.00202,0.0110354,-0.010446
38,56,1.00177,0.00900931,-0.0106725
38,57,1.00153,0.00698635,-0.0108626
38,58,1.00129,0.00497074,-0.0110161
38,59,1.00106,0.00296657,-0.0111329
38,60,1.00083,0.00097777,-0.0112128
38,61,1.00061,-0.000991836,-0.0112558
38,62,1.00039,-0.00293856,-0.0112618
38,63,1.00018,-0.00485883,-0.0112309
38,64,0.999972,-0.00674919,-0.0111634
38,65,0.999765,-0.00860632,-0.0110596
38,66,0.999561,-0.010427,-0.0109198
38,67,0.999357,-0.0122082,-0.0107447
38,68,0.999153,-0.0139468,-0.010535
38,69,0.998947,-0.01564,-0.0102917
38,70,0.998738,-0.017285,-0.0100158
38,71,0.998524,-0.0188791,-0.00970858
38,72,0.998304,-0.0204198,-0.00937147
38,73,0.998075,-0.0219045,-0.00900607
38,74,0.997836,-0.0233308,-0.00861411
38,75,0.997584,-0.0246964,-0.00819749
38,76,0.997317,-0.025999,-0.00775824
38,77,0.997034,-0.0272364,-0.00729855
38,78,0.996732,-0.0284065,-0.00682069
38,79,0.996409,-0.0295073,-0.00632705
38,80,0.996064,-0.0305368,-0.00582011
38,81,0.995694,-0.0314932,-0.00530242
38,82,0.995299,-0.0323746,-0.00477658
38,83,0.994877,-0.0331794,-0.0042452
38,84,0.994427,-0.0339061,-0.00371094
38,85,0.993949,-0.0345533,-0.0031764
38,86,0.993441,-0.0351196,-0.00264419
38,87,0.992905,-0.0356042,-0.00211681
38,88,0.99234,-0.036006,-0.00159671
38,89,0.991747,-0.0363246,-0.0010862
38,90,0.991128,-0.0365597,-0.000587485
38,91,0.990485,-0.0367113,-0.000102587
38,92,0.989818,-0.0367798,0.000366621
38,93,0.989132,-0.036766,0.00081846
38,94,0.988428,-0.0366711,0.00125144
38,95,0.98771,-0.0364967,0.00166426
38,96,0.986982,-0.0362449,0.00205582
38,97,0.986247,-0.0359181,0.0024252
38,98,0.98551,-0.0355192,0.00277165
38,99,0.984774,-0.0350515,0.00309456
38,100,0.984044,-0.0345186,0.00339347
38,101,0.983324,-0.0339247,0.00366798
38,102,0.982617,-0.0332741,0.00391778
38,103,0.981927,-0.0325718,0.00414258
38,104,0.981258,-0.0318234,0.0043421
38,105,0.980612,-0.0310351,0.00451604
38,106,0.979991,-0.0302145,0.00466406
38,107,0.979398,-0.0293707,0.00478579
38,108,0.978833,-0.0285148,0.00488078
38,109,0.978297,-0.0276605,0.00494859
38,110,0.97779,-0.0268242,0.00498872
38,111,0.977312,-0.0260256,0.00500071
38,112,0.976861,-0.0252866,0.00498409
38,113,0.976436,-0.0246304,0.00493849
38,114,0.976034,-0.0240789,0.00486361
38,115,0.975654,-0.0236483,0.00475945
38,116,0.975291,-0.0233427,0.0046264
38,117,0.974944,-0.0231463,0.00446573
38,118,0.974609,-0.0230134,0.00427989
38,119,0.974284,-0.0228591,0.00407306
38,120,0.973965,-0.0225528,0.0038508
38,121,0.973651,-0.0219159,0.00361796
38,122,0.973339,-0.0207265,0.00337243
38,123,0.973027,-0.0187242,0.00309095
38,124,0.972712,-0.015598,0.00270165
38,125,0.972397,-0.010931,0.00204735
38,126,0.972082,-0.00410016,0.000861945
38,127,1,-0.00343474,0
39,0,1,0,0
39,1,1.02573,0.00414297,0.000750784
39,2,1.02552,0.0113481,0.00193629
39,3,1.0253,0.0173285,0.00276489
39,4,1.02506,0.0220558,0.00340397
39,5,1.02481,0.0255868,0.00395684
39,6,1.02455,0.028095,0.00447414
39,7,1.02427,0.0298364,0.00497438
39,8,1.02398,0.0310886,0.00545899
39,9,1.02367,0.0320962,0.00592248
39,10,1.02334,0.0330392,0.00635802
39,11,1.023,0.0340268,0.00675947
39,12,1.02264,0.0351077,0.00712198
39,13,1.02226,0.0362875,0.00744163
39,14,1.02185,0.0375464,0.00771529
39,15,1.02142,0.0388529,0.00794017
39,16,1.02098,0.0401729,0.00811385
39,17,1.0205,0.0414749,0.00823408
39,18,1.02001,0.0427315,0.00829904
39,19,1.01948,0.0439204,0.00830716
39,20,1.01894,0.0450234,0.00825743
39,21,1.01837,0.0460259,0.0081492
39,22,1.01778,0.0469162,0.00798242
39,23,1.01718,0.0476844,0.00775753
39,24,1.01655,0.0483229,0.00747556
39,25,1.01591,0.0488254,0.00713809
39,26,1.01525,0.0491872,0.00674731
39,27,1.01459,0.0494049,0.00630593
39,28,1.01392,0.0494766,0.00581726
39,29,1.01324,0.0494017,0.00528507
39,30,1.01257,0.0491807,0.00471359
39,31,1.0119,0.0488156,0.0041074
39,32,1.01123,0.0483091,0.00347143
39,33,1.01058,0.0476653,0.00281072
39,34,1.00994,0.0468889,0.00213049
39,35,1.00932,0.0459854,0.00143594
39,36,1.00872,0.0449609,0.000732198
39,37,1.00813,0.043822,2.42438e-05
39,38,1.00757,0.0425756,-0.000683155
39,39,1.00703,0.0412291,-0.00138552
39,40,1.00651,0.0397896,-0.00207869
39,41,1.00601,0.0382646,-0.00275885
39,42,1.00554,0.0366614,-0.00342255
39,43,1.00509,0.0349872,-0.00406673
39,44,1.00467,0.0332491,-0.0046887
39,45,1.00426,0.0314539,-0.0052861
39,46,1.00388,0.0296082,-0.00585695
39,47,1.00351,0.0277181,-0.00639953
39,48,1.00316,0.0257898,-0.00691243
39,49,1.00282,0.0238288,-0.00739446
39,50,1.0025,0.0218405,-0.00784465
39,51,1.0022,0.0198301,-0.0082622
39,52,1.0019,0.0178025,-0.00864644
39,53,1.00162,0.0157621,-0.0089968
39,54,1.00135,0.0137135,-0.00931281
39,55,1.00108,0.0116609,-0.00959407
39,56,1.00083,0.00960836,-0.00984022
39,57,1.00058,0.00755984,-0.0100509
39,58,1.00034,0.00551918,-0.010226
39,59,1.00011,0.00349013,-0.0103651
39,60,0.999888,0.00147633,-0.0104681
39,61,0.999671,-0.000518626,-0.0105349
39,62,0.999461,-0.00249123,-0.0105655
39,63,0.999256,-0.00443804,-0.01056
39,64,0.999057,-0.00635566,-0.0105186
39,65,0.998863,-0.00824079,-0.0104415
39,66,0.998673,-0.0100902,-0.0103293
39,67,0.998484,-0.0119006,-0.0101825
39,68,0.998297,-0.0136691,-0.0100019
39,69,0.99811,-0.0153924,-0.00978838
39,70,0.99792,-0.0170678,-0.00954312
39,71,0.997727,-0.0186923,-0.00926733
39,72,0.997527,-0.0202632,-0.00896244
39,73,0.99732,-0.0217777,-0.00863
39,74,0.997102,-0.0232334,-0.00827176
39,75,0.996871,-0.0246278,-0.00788958
39,76,0.996626,-0.0259584,-0.00748545
39,77,0.996363,-0.0272231,-0.00706149
39,78,0.996081,-0.0284197,-0.00661993
39,79,0.995779,-0.0295462,-0.00616308
39,80,0.995453,-0.0306009,-0.00569332
39,81,0.995102,-0.0315819,-0.00521312
39,82,0.994725,-0.0324878,-0.00472495
39,83,0.994321,-0.0333172,-0.00423133
39,84,0.993888,-0.0340688,-0.00373477
39,85,0.993427,-0.0347416,-0.00323773
39,86,0.992936,-0.0353349,-0.00274267
39,87,0.992417,-0.035848,-0.00225193
39,88,0.99187,-0.0362806,-0.00176779
39,89,0.991296,-0.0366326,-0.0012924
39,90,0.990697,-0.036904,-0.000827768
39,91,0.990074,-0.0370953,-0.00037576
39,92,0.98943,-0.0372073,6.19387e-05
39,93,0.988768,-0.0372409,0.000483823
39,94,0.98809,-0.0371976,0.000888572
39,95,0.987402,-0.037079,0.00127506
39,96,0.986705,-0.0368871,0.00164233
39,97,0.986005,-0.0366241,0.00198962
39,98,0.985305,-0.0362928,0.00231631
39,99,0.98461,-0.0358959,0.00262192
39,100,0.983923,-0.0354366,0.00290609
39,101,0.983248,-0.0349184,0.00316852
39,102,0.98259,-0.034345,0.00340898
39,103,0.981951,-0.0337207,0.00362725
39,104,0.981335,-0.03305,0.00382311
39,105,0.980744,-0.0323388,0.00399629
39,106,0.980181,-0.0315936,0.00414647
39,107,0.979646,-0.0308227,0.00427328
39,108,0.97914,-0.0300366,0.00437628
39,109,0.978664,-0.0292482,0.00445497
39,110,0.978218,-0.0284733,0.00450881
39,111,0.977799,-0.0277309,0.00453723
39,112,0.977408,-0.0270425,0.00453968
39,113,0.97704,-0.0264308,0.00451562
39,114,0.976695,-0.0259176,0.00446461
39,115,0.976369,-0.025519,0.00438646
39,116,0.976059,-0.0252396,0.0042814
39,117,0.975761,-0.0250648,0.00415056
39,118,0.975473,-0.0249508,0.00399638
39,119,0.97519,-0.0248154,0.0038231
39,120,0.974911,-0.0245295,0.00363646
39,121,0.974631,-0.0239129,0.00344159
39,122,0.974348,-0.0227318,0.00323607
39,123,0.974059,-0.0206935,0.00299481
39,124,0.973762,-0.0174209,0.00264376
39,125,0.973457,-0.0123913,0.00202192
39,126,0.973149,-0.00487112,0.00085031
39,127,1,-0.00343474,0
40,0,1,0,0
40,1,1.02532,0.00410102,0.000763817
40,2,1.0251,0.0117411,0.00194571
40,3,1.02486,0.0179589,0.00278025
40,4,1.02462,0.0227799,0.00342444
40,5,1.02435,0.0263203,0.0039829
40,6,1.02408,0.0287978,0.00450971
40,7,1.02379,0.0304938,0.00502345
40,8,1.02349,0.0316975,0.0055249
40,9,1.02316,0.0326571,0.00600792
40,10,1.02282,0.033553,0.00646506
40,11,1.02246,0.0344939,0.00688977
40,12,1.02208,0.0355283,0.007277
40,13,1.02168,0.0366622,0.00762281
40,14,1.02126,0.0378766,0.00792402
40,15,1.02082,0.0391411,0.00817787
40,16,1.02035,0.0404229,0.00838187
40,17,1.01986,0.0416914,0.00853373
40,18,1.01934,0.0429201,0.0086315
40,19,1.01881,0.0440874,0.0086735
40,20,1.01825,0.0451756,0.00865853
40,21,1.01767,0.0461702,0.00858579
40,22,1.01707,0.0470597,0.00845501
40,23,1.01645,0.0478342,0.0082664
40,24,1.01581,0.0484858,0.00802076
40,25,1.01516,0.0490079,0.00771941
40,26,1.0145,0.0493955,0.00736428
40,27,1.01383,0.0496446,0.00695782
40,28,1.01315,0.0497529,0.00650308
40,29,1.01248,0.0497191,0.00600355
40,30,1.0118,0.0495432,0.00546326
40,31,1.01113,0.0492264,0.00488656
40,32,1.01047,0.0487711,0.00427816
40,33,1.00981,0.0481805,0.00364296
40,34,1.00917,0.0474586,0.00298604
40,35,1.00855,0.0466103,0.00231248
40,36,1.00794,0.0456411,0.00162734
40,37,1.00735,0.0445568,0.000935547
40,38,1.00679,0.0433637,0.000241845
40,39,1.00624,0.0420681,-0.000449288
40,40,1.00572,0.0406769,-0.00113366
40,41,1.00522,0.0391966,-0.00180742
40,42,1.00474,0.037634,-0.00246707
40,43,1.00429,0.0359957,-0.00310947
40,44,1.00385,0.0342883,-0.00373183
40,45,1.00343,0.0325181,-0.00433173
40,46,1.00304,0.0306914,-0.00490707
40,47,1.00266,0.0288143,-0.00545604
40,48,1.0023,0.0268927,-0.00597712
40,49,1.00195,0.0249321,-0.00646902
40,50,1.00162,0.0229383,-0.00693064
40,51,1.0013,0.0209165,-0.00736109
40,52,1.00099,0.0188718,-0.00775958
40,53,1.0007,0.0168093,-0.00812546
40,54,1.00042,0.0147339,-0.00845816
40,55,1.00015,0.0126502,-0.00875718
40,56,0.999884,0.0105629,-0.0090221
40,57,0.999634,0.00847628,-0.00925252
40,58,0.999393,0.00639471,-0.00944813
40,59,0.999161,0.00432233,-0.00960867
40,60,0.998939,0.00226317,-0.00973393
40,61,0.998727,0.000221128,-0.00982379
40,62,0.998523,-0.00180003,-0.00987822
40,63,0.998327,-0.00379666,-0.00989731
40,64,0.998139,-0.00576526,-0.00988124
40,65,0.997957,-0.00770245,-0.00983036
40,66,0.997781,-0.00960498,-0.00974512
40,67,0.997609,-0.0114697,-0.00962617
40,68,0.99744,-0.0132936,-0.00947428
40,69,0.997273,-0.0150738,-0.00929038
40,70,0.997104,-0.0168075,-0.0090756
40,71,0.996932,-0.0184919,-0.00883118
40,72,0.996756,-0.0201245,-0.00855855
40,73,0.996572,-0.0217028,-0.00825927
40,74,0.996379,-0.0232243,-0.00793504
40,75,0.996173,-0.0246866,-0.0075877
40,76,0.995953,-0.0260874,-0.00721919
40,77,0.995716,-0.0274246,-0.00683159
40,78,0.995461,-0.0286959,-0.00642704
40,79,0.995184,-0.0298992,-0.00600778
40,80,0.994884,-0.0310326,-0.0055761
40,81,0.994559,-0.032094,-0.00513433
40,82,0.994209,-0.0330815,-0.00468486
40,83,0.99383,-0.0339933,-0.00423004
40,84,0.993424,-0.0348277,-0.00377225
40,85,0.992989,-0.0355832,-0.00331381
40,86,0.992524,-0.0362583,-0.00285699
40,87,0.992032,-0.0368517,-0.00240397
40,88,0.991511,-0.0373624,-0.00195686
40,89,0.990964,-0.0377895,-0.00151761
40,90,0.990392,-0.0381326,-0.00108805
40,91,0.989797,-0.0383913,-0.000669864
40,92,0.989182,-0.0385658,-0.000264547
40,93,0.988549,-0.0386566,0.000126573
40,94,0.987903,-0.0386645,0.000502348
40,95,0.987246,-0.038591,0.000861815
40,96,0.986582,-0.0384378,0.00120418
40,97,0.985917,-0.0382071,0.00152882
40,98,0.985253,-0.0379015,0.00183524
40,99,0.984595,-0.037524,0.00212309
40,100,0.983948,-0.0370781,0.0023921
40,101,0.983315,-0.0365675,0.00264208
40,102,0.982701,-0.0359965,0.00287288
40,103,0.982108,-0.0353697,0.00308434
40,104,0.981539,-0.0346924,0.00327628
40,105,0.980997,-0.0339708,0.00344849
40,106,0.980484,-0.0332122,0.00360068
40,107,0.980001,-0.0324255,0.00373249
40,108,0.979549,-0.0316216,0.00384345
40,109,0.979127,-0.0308141,0.00393306
40,110,0.978734,-0.0300193,0.00400073
40,111,0.978371,-0.0292568,0.00404581
40,112,0.978033,-0.0285486,0.00406765
40,113,0.97772,-0.0279178,0.0040656
40,114,0.977428,-0.0273868,0.00403907
40,115,0.977153,-0.026972,0.00398769
40,116,0.976892,-0.026679,0.00391155
40,117,0.976641,-0.0264941,0.00381163
40,118,0.976397,-0.0263748,0.00369032
40,119,0.976156,-0.0262403,0.00355191
40,120,0.975915,-0.0259618,0.00340229
40,121,0.97567,-0.0253553,0.00324658
40,122,0.975418,-0.0241729,0.00308198
40,123,0.975157,-0.0220871,0.00288232
40,124,0.974885,-0.0186536,0.00256942
40,125,0.974602,-0.0132464,0.00197755
40,126,0.97431,-0.00503091,0.000838684
40,127,1,-0.00343474,0
41,0,1,0,0
41,1,1.02486,0.0046946,0.000755936
41,2,1.02466,0.0127881,0.0019516
41,3,1.02443,0.0192772,0.00278823
41,4,1.02418,0.0242352,0.00343511
41,5,1.02392,0.0278359,0.00399977
41,6,1.02365,0.0303405,0.00453567
41,7,1.02336,0.032056,0.00506201
41,8,1.02305,0.0332833,0.00557931
41,9,1.02273,0.034274,0.00608069
41,10,1.02238,0.0352082,0.00655811
41,11,1.02202,0.0361926,0.00700467
41,12,1.02164,0.0372735,0.00741518
41,13,1.02124,0.0384549,0.00778565
41,14,1.02081,0.0397164,0.00811296
41,15,1.02036,0.0410262,0.00839433
41,16,1.01989,0.0423502,0.00862725
41,17,1.0194,0.0436568,0.00880939
41,18,1.01888,0.0449189,0.00893868
41,19,1.01834,0.0461139,0.00901335
41,20,1.01777,0.0472235,0.00903203
41,21,1.01719,0.0482332,0.00899375
41,22,1.01658,0.0491308,0.00889804
41,23,1.01595,0.0499067,0.00874491
41,24,1.01531,0.0505528,0.00853491
41,25,1.01465,0.051063,0.00826912
41,26,1.01398,0.0514322,0.0079492
41,27,1.01329,0.0516569,0.00757733
41,28,1.0126,0.0517351,0.00715631
41,29,1.01191,0.0516658,0.00668937
41,30,1.01122,0.0514495,0.00618027
41,31,1.01053,0.0510878,0.00563316
41,32,1.00985,0.0505835,0.00505254
41,33,1.00918,0.0499403,0.00444313
41,34,1.00852,0.0491629,0.00380984
41,35,1.00788,0.0482566,0.00315766
41,36,1.00725,0.0472275,0.00249154
41,37,1.00664,0.046082,0.00181636
41,38,1.00606,0.0448269,0.00113683
41,39,1.00549,0.0434694,0.000457422
41,40,1.00495,0.0420166,-0.000217648
41,41,1.00443,0.0404759,-0.00088449
41,42,1.00393,0.0388545,-0.00153954
41,43,1.00345,0.0371594,-0.00217959
41,44,1.003,0.0353976,-0.00280178
41,45,1.00256,0.0335758,-0.00340357
41,46,1.00215,0.0317004,-0.00398275
41,47,1.00176,0.0297778,-0.00453743
41,48,1.00138,0.0278137,-0.00506597
41,49,1.00102,0.0258138,-0.00556695
41,50,1.00068,0.0237834,-0.00603919
41,51,1.00035,0.0217278,-0.00648166
41,52,1.00003,0.0196517,-0.0068935
41,53,0.999729,0.0175598,-0.00727395
41,54,0.999441,0.0154566,-0.00762236
41,55,0.999165,0.0133465,-0.00793814
41,56,0.998902,0.0112335,-0.0082208
41,57,0.99865,0.00912184,-0.00846991
41,58,0.998411,0.00701534,-0.00868509
41,59,0.998183,0.00491789,-0.00886604
41,60,0.997966,0.00283324,-0.00901256
41,61,0.997761,0.00076507,-0.0091245
41,62,0.997566,-0.001283,-0.00920185
41,63,0.997382,-0.00330745,-0.00924469
41,64,0.997206,-0.00530482,-0.00925324
41,65,0.99704,-0.00727173,-0.00922785
41,66,0.99688,-0.00920486,-0.00916902
41,67,0.996726,-0.011101,-0.0090774
41,68,0.996576,-0.012957,-0.0089538
41,69,0.996428,-0.0147698,-0.00879919
41,70,0.99628,-0.0165364,-0.00861467
41,71,0.99613,-0.0182539,-0.00840153
41,72,0.995975,-0.0199196,-0.00816117
41,73,0.995814,-0.0215307,-0.00789516
41,74,0.995642,-0.0230845,-0.00760516
41,75,0.995459,-0.0245786,-0.00729298
41,76,0.995261,-0.0260106,-0.00696053
41,77,0.995046,-0.0273781,-0.0066098
41,78,0.994811,-0.0286789,-0.00624287
41,79,0.994555,-0.0299109,-0.00586188
41,80,0.994275,-0.0310722,-0.00546903
41,81,0.99397,-0.0321609,-0.00506654
41,82,0.993638,-0.0331754,-0.00465665
41,83,0.993278,-0.0341141,-0.00424158
41,84,0.992891,-0.0349755,-0.00382355
41,85,0.992474,-0.0357585,-0.00340472
41,86,0.992029,-0.0364621,-0.00298718
41,87,0.991555,-0.0370854,-0.00257295
41,88,0.991055,-0.0376279,-0.00216392
41,89,0.990529,-0.0380891,-0.00176187
41,90,0.98998,-0.0384689,-0.00136843
41,91,0.98941,-0.0387676,-0.000985083
41,92,0.988821,-0.0389856,-0.000613142
41,93,0.988218,-0.0391236,-0.000253745
41,94,0.987603,-0.0391829,9.21418e-05
41,95,0.986981,-0.0391648,0.000423726
41,96,0.986355,-0.039071,0.000740377
41,97,0.985731,-0.0389036,0.00104162
41,98,0.985111,-0.038665,0.00132709
41,99,0.9845,-0.0383579,0.00159658
41,100,0.983903,-0.037985,0.00184991
41,101,0.983324,-0.0375497,0.002087
41,102,0.982765,-0.0370554,0.00230776
41,103,0.982229,-0.0365062,0.00251213
41,104,0.981721,-0.0359063,0.00269998
41,105,0.98124,-0.0352613,0.00287113
41,106,0.98079,-0.0345775,0.00302532
41,107,0.98037,-0.0338631,0.00316221
41,108,0.979982,-0.0331281,0.00328134
41,109,0.979624,-0.0323855,0.00338216
41,110,0.979295,-0.0316508,0.00346403
41,111,0.978994,-0.0309431,0.00352627
41,112,0.978718,-0.0302837,0.0035681
41,113,0.978464,-0.0296956,0.00358875
41,114,0.978229,-0.0292005,0.00358749
41,115,0.978009,-0.0288154,0.00356379
41,116,0.977801,-0.0285463,0.00351759
41,117,0.9776,-0.0283808,0.00344972
41,118,0.977402,-0.0282787,0.00336253
41,119,0.977204,-0.0281619,0.0032603
41,120,0.977002,-0.0279037,0.003149
41,121,0.976793,-0.0273178,0.00303375
41,122,0.976573,-0.0261433,0.00291123
41,123,0.976339,-0.0240179,0.00275334
41,124,0.976088,-0.0204284,0.00248028
41,125,0.975821,-0.0146465,0.00192544
41,126,0.975542,-0.00574404,0.000815336
41,127,1,-0.00343474,0
42,0,1,0,0
42,1,1.02435,0.00468154,0.000764249
42,2,1.02413,0.0132097,0.00195041
42,3,1.02389,0.0199372,0.00279029
42,4,1.02364,0.0249865,0.00344124
42,5,1.02337,0.0285907,0.0040107
42,6,1.02308,0.0310568,0.00455498
42,7,1.02278,0.0327192,0.00509326
42,8,1.02246,0.0338912,0.00562556
42,9,1.02212,0.0348283,0.00614445
42,10,1.02176,0.0357104,0.00664132
42,11,1.02138,0.0366433,0.00710891
42,12,1.02098,0.0376728,0.00754184
42,13,1.02056,0.038803,0.0079361
42,14,1.02012,0.0400144,0.00828853
42,15,1.01965,0.0412763,0.00859635
42,16,1.01916,0.0425561,0.00885703
42,17,1.01865,0.0438232,0.00906815
42,18,1.01811,0.0450514,0.00922758
42,19,1.01756,0.0462191,0.00933341
42,20,1.01698,0.0473085,0.00938415
42,21,1.01638,0.0483054,0.00937867
42,22,1.01576,0.049198,0.00931634
42,23,1.01512,0.0499765,0.00919696
42,24,1.01446,0.0506329,0.0090209
42,25,1.0138,0.0511606,0.008789
42,26,1.01312,0.0515543,0.0085027
42,27,1.01243,0.05181,0.00816395
42,28,1.01174,0.051925,0.00777528
42,29,1.01105,0.0518978,0.00733971
42,30,1.01036,0.0517283,0.00686078
42,31,1.00967,0.0514173,0.00634241
42,32,1.009,0.0509669,0.00578891
42,33,1.00833,0.0503801,0.00520482
42,34,1.00767,0.0496608,0.00459493
42,35,1.00703,0.0488135,0.00396407
42,36,1.0064,0.0478436,0.00331713
42,37,1.0058,0.0467566,0.00265889
42,38,1.00521,0.0455587,0.00199404
42,39,1.00464,0.0442562,0.00132703
42,40,1.0041,0.0428555,0.00066206
42,41,1.00357,0.0413632,3.05498e-06
42,42,1.00307,0.0397859,-0.000646387
42,43,1.00259,0.03813,-0.001283
42,44,1.00213,0.0364021,-0.00190385
42,45,1.00168,0.0346083,-0.00250634
42,46,1.00126,0.032755,-0.00308816
42,47,1.00086,0.030848,-0.00364733
42,48,1.00047,0.0288933,-0.00418209
42,49,1.0001,0.0268965,-0.00469094
42,50,0.999746,0.0248631,-0.0051726
42,51,0.999407,0.0227985,-0.00562593
42,52,0.999083,0.0207079,-0.00604996
42,53,0.998774,0.0185964,-0.00644385
42,54,0.998478,0.0164689,-0.00680685
42,55,0.998197,0.0143301,-0.00713831
42,56,0.99793,0.0121847,-0.00743767
42,57,0.997676,0.0100372,-0.00770443
42,58,0.997437,0.00789208,-0.00793818
42,59,0.997211,0.00575346,-0.0081386
42,60,0.996999,0.00362548,-0.00830545
42,61,0.9968,0.00151212,-0.00843861
42,62,0.996614,-0.000582794,-0.00853805
42,63,0.99644,-0.00265557,-0.00860389
42,64,0.996278,-0.00470267,-0.00863637
42,65,0.996126,-0.00672065,-0.00863586
42,66,0.995982,-0.00870623,-0.00860291
42,67,0.995846,-0.0106563,-0.0085382
42,68,0.995716,-0.0125677,-0.00844256
42,69,0.995589,-0.0144376,-0.00831699
42,70,0.995463,-0.0162632,-0.00816263
42,71,0.995336,-0.0180417,-0.00798075
42,72,0.995205,-0.0197706,-0.00777277
42,73,0.995067,-0.0214472,-0.00754024
42,74,0.994921,-0.0230691,-0.00728481
42,75,0.994763,-0.0246339,-0.00700823
42,76,0.994591,-0.0261392,-0.00671237
42,77,0.994402,-0.0275827,-0.00639914
42,78,0.994194,-0.0289622,-0.00607055
42,79,0.993964,-0.0302754,-0.00572863
42,80,0.993711,-0.0315202,-0.00537547
42,81,0.993433,-0.0326945,-0.00501316
42,82,0.993129,-0.0337962,-0.00464379
42,83,0.992797,-0.0348232,-0.00426944
42,84,0.992438,-0.0357738,-0.00389214
42,85,0.99205,-0.036646,-0.00351389
42,86,0.991634,-0.0374382,-0.00313658
42,87,0.99119,-0.0381489,-0.00276204
42,88,0.990721,-0.0387766,-0.00239195
42,89,0.990227,-0.0393202,-0.0020279
42,90,0.98971,-0.0397789,-0.00167132
42,91,0.989173,-0.0401521,-0.00132348
42,92,0.98862,-0.0404395,-0.0009855
42,93,0.988052,-0.0406413,-0.00065833
42,94,0.987475,-0.0407581,-0.000342754
42,95,0.986892,-0.0407909,-3.93982e-05
42,96,0.986307,-0.040741,0.000251265
42,97,0.985724,-0.0406104,0.000528902
42,98,0.985148,-0.0404015,0.000793295
42,99,0.984583,-0.0401168,0.00104433
42,100,0.984033,-0.0397596,0.00128194
42,101,0.983502,-0.0393333,0.00150614
42,102,0.982992,-0.0388419,0.00171693
42,103,0.982508,-0.0382899,0.00191429
42,104,0.982052,-0.0376822,0.00209816
42,105,0.981625,-0.0370248,0.0022684
42,106,0.981229,-0.0363247,0.00242479
42,107,0.980865,-0.0355908,0.00256699
42,108,0.980531,-0.0348337,0.00269454
42,109,0.980228,-0.0340669,0.00280689
42,110,0.979954,-0.0333067,0.00290334
42,111,0.979707,-0.0325726,0.00298315
42,112,0.979485,-0.0318866,0.00304545
42,113,0.979283,-0.0312722,0.00308936
42,114,0.979099,-0.0307517,0.003114
42,115,0.978928,-0.0303426,0.0031187
42,116,0.978767,-0.030052,0.00310322
42,117,0.978611,-0.0298687,0.00306827
42,118,0.978455,-0.0297543,0.0030161
42,119,0.978297,-0.0296324,0.00295098
42,120,0.978132,-0.0293768,0.00287888
42,121,0.977957,-0.0287971,0.0028047
42,122,0.977769,-0.027617,0.00272446
42,123,0.977564,-0.0254373,0.00260888
42,124,0.97734,-0.0216764,0.00237504
42,125,0.9771,-0.015508,0.00185468
42,126,0.976842,-0.00592436,0.000790714
42,127,1,-0.00343474,0
43,0,1,0,0
43,1,1.0238,0.00524031,0.0007519
43,2,1.02359,0.0142178,0.00194525
43,3,1.02336,0.0212156,0.00278436
43,4,1.02311,0.0263989,0.00343669
43,5,1.02284,0.0300577,0.00401127
43,6,1.02256,0.0325438,0.0045633
43,7,1.02225,0.0342186,0.00511242
43,8,1.02193,0.0354082,0.00565849
43,9,1.02159,0.036372,0.00619343
43,10,1.02123,0.0372891,0.00670815
43,11,1.02085,0.038263,0.00719508
43,12,1.02045,0.0393369,0.00764871
43,13,1.02002,0.0405131,0.00806501
43,14,1.01958,0.0417702,0.00844083
43,15,1.01911,0.0430765,0.00877342
43,16,1.01862,0.044398,0.0090602
43,17,1.0181,0.0457033,0.00929873
43,18,1.01756,0.0469653,0.00948677
43,19,1.017,0.0481615,0.00962235
43,20,1.01642,0.0492736,0.00970382
43,21,1.01581,0.050287,0.00972994
43,22,1.01519,0.0511895,0.00969989
43,23,1.01454,0.0519715,0.00961331
43,24,1.01388,0.0526248,0.00947035
43,25,1.01321,0.0531431,0.00927165
43,26,1.01252,0.0535212,0.00901842
43,27,1.01183,0.0537556,0.00871237
43,28,1.01112,0.0538438,0.00835579
43,29,1.01042,0.0537847,0.00795147
43,30,1.00972,0.0535786,0.00750269
43,31,1.00901,0.0532268,0.00701316
43,32,1.00832,0.0527318,0.00648699
43,33,1.00763,0.0520971,0.00592854
43,34,1.00696,0.051327,0.00534242
43,35,1.0063,0.0504267,0.00473334
43,36,1.00566,0.049402,0.00410607
43,37,1.00503,0.0482589,0.00346533
43,38,1.00443,0.0470043,0.00281573
43,39,1.00384,0.045645,0.00216171
43,40,1.00328,0.0441879,0.00150746
43,41,1.00274,0.0426402,0.000856938
43,42,1.00222,0.0410089,0.000213766
43,43,1.00172,0.0393009,-0.000418732
43,44,1.00124,0.037523,-0.00103755
43,45,1.00078,0.0356818,-0.00164
43,46,1.00034,0.0337837,-0.0022237
43,47,0.999924,0.0318347,-0.00278655
43,48,0.999524,0.0298407,-0.00332671
43,49,0.999142,0.0278073,-0.00384256
43,50,0.998777,0.0257399,-0.00433271
43,51,0.998429,0.0236436,-0.00479594
43,52,0.998097,0.0215233,-0.00523117
43,53,0.997782,0.0193838,-0.00563746
43,54,0.997483,0.0172296,-0.006014
43,55,0.997199,0.015065,-0.00636007
43,56,0.996931,0.0128945,-0.00667503
43,57,0.996679,0.0107221,-0.00695836
43,58,0.996443,0.00855189,-0.00720961
43,59,0.996223,0.0063878,-0.00742845
43,60,0.996018,0.00423369,-0.00761464
43,61,0.995829,0.00209334,-0.00776805
43,62,0.995654,-2.95854e-05,-0.0078887
43,63,0.995493,-0.00213148,-0.00797671
43,64,0.995345,-0.00420882,-0.00803236
43,65,0.995209,-0.00625819,-0.00805607
43,66,0.995084,-0.00827624,-0.00804843
43,67,0.994966,-0.0102597,-0.00801014
43,68,0.994856,-0.0122054,-0.00794209
43,69,0.994749,-0.0141103,-0.00784529
43,70,0.994645,-0.0159713,-0.00772091
43,71,0.994539,-0.0177855,-0.00757023
43,72,0.994431,-0.01955,-0.00739468
43,73,0.994316,-0.0212622,-0.00719576
43,74,0.994192,-0.0229193,-0.00697512
43,75,0.994056,-0.0245187,-0.00673447
43,76,0.993905,-0.026058,-0.00647559
43,77,0.993738,-0.0275346,-0.00620036
43,78,0.993551,-0.0289463,-0.00591066
43,79,0.993342,-0.0302909,-0.00560843
43,80,0.993109,-0.0315661,-0.00529563
43,81,0.992851,-0.03277,-0.00497422
43,82,0.992567,-0.0339006,-0.00464613
43,83,0.992255,-0.0349563,-0.00431328
43,84,0.991915,-0.0359353,-0.00397753
43,85,0.991548,-0.0368361,-0.00364068
43,86,0.991153,-0.0376575,-0.00330442
43,87,0.990732,-0.0383984,-0.00297038
43,88,0.990285,-0.0390577,-0.00264004
43,89,0.989816,-0.0396349,-0.00231477
43,90,0.989327,-0.0401296,-0.00199579
43,91,0.98882,-0.0405415,-0.00168418
43,92,0.988298,-0.0408708,-0.00138083
43,93,0.987765,-0.041118,-0.00108652
43,94,0.987226,-0.0412839,-0.00080183
43,95,0.986684,-0.0413696,-0.000527222
43,96,0.986143,-0.0413766,-0.000263004
43,97,0.985608,-0.0413067,-9.36043e-06
43,98,0.985083,-0.041162,0.000233627
43,99,0.984572,-0.0409447,0.00046596
43,100,0.984079,-0.0406577,0.000687697
43,101,0.983607,-0.0403038,0.000898926
43,102,0.983159,-0.0398862,0.00109973
43,103,0.982739,-0.0394087,0.00129017
43,104,0.982347,-0.0388755,0.00147023
43,105,0.981986,-0.0382916,0.00163983
43,106,0.981657,-0.0376633,0.00179875
43,107,0.981359,-0.0369984,0.00194668
43,108,0.981091,-0.0363069,0.00208316
43,109,0.980853,-0.0356014,0.00220759
43,110,0.980643,-0.0348977,0.00231926
43,111,0.980458,-0.0342144,0.00241732
43,112,0.980295,-0.0335731,0.00250083
43,113,0.980151,-0.0329969,0.00256878
43,114,0.980022,-0.032508,0.00262015
43,115,0.979904,-0.0321241,0.00265409
43,116,0.979792,-0.0318529,0.0026702
43,117,0.979682,-0.0316848,0.00266906
43,118,0.97957,-0.0315838,0.0026528
43,119,0.979452,-0.0314765,0.00262563
43,120,0.979325,-0.0312387,0.00259344
43,121,0.979184,-0.0306772,0.00256091
43,122,0.979027,-0.0295016,0.00252328
43,123,0.97885,-0.0272761,0.00244942
43,124,0.97865,-0.023351,0.00225569
43,125,0.978428,-0.0168064,0.00177626
43,126,0.978188,-0.00656454,0.000755706
43,127,1,-0.00343474,0
44,0,1,0,0
44,1,1.02319,0.00525011,0.000755357
44,2,1.02297,0.0146542,0.001933
44,3,1.02273,0.0218868,0.00277202
44,4,1.02247,0.0271579,0.00342677
44,5,1.0222,0.030815,0.0040049
44,6,1.0219,0.0332563,0.00456379
44,7,1.02159,0.0348715,0.00512295
44,8,1.02125,0.0360003,0.00568177
44,9,1.0209,0.0369057,0.00623174
44,10,1.02052,0.0377665,0.00676328
44,11,1.02012,0.0386849,0.00726854
44,12,1.0197,0.0397032,0.00774185
44,13,1.01926,0.0408237,0.00817914
44,14,1.0188,0.0420259,0.00857724
44,15,1.01831,0.0432792,0.00893338
44,16,1.0178,0.044551,0.00924497
44,17,1.01726,0.0458112,0.0095095
44,18,1.01671,0.0470339,0.00972467
44,19,1.01613,0.0481974,0.00988839
44,20,1.01553,0.0492843,0.00999892
44,21,1.01491,0.0502802,0.0100549
44,22,1.01428,0.0511734,0.0100553
44,23,1.01362,0.0519542,0.00999974
44,24,1.01296,0.0526147,0.00988809
44,25,1.01228,0.0531481,0.00972085
44,26,1.01159,0.053549,0.00949901
44,27,1.01089,0.0538132,0.00922408
44,28,1.01019,0.0539379,0.00889815
44,29,1.00949,0.0539214,0.00852377
44,30,1.00879,0.0537629,0.00810402
44,31,1.00809,0.0534633,0.00764241
44,32,1.0074,0.0530241,0.00714284
44,33,1.00672,0.0524481,0.00660951
44,34,1.00605,0.0517387,0.00604686
44,35,1.0054,0.0509002,0.00545946
44,36,1.00476,0.0499376,0.00485199
44,37,1.00414,0.0488563,0.00422905
44,38,1.00353,0.0476619,0.0035952
44,39,1.00295,0.0463606,0.00295483
44,40,1.00239,0.0449586,0.00231212
44,41,1.00184,0.0434623,0.00167101
44,42,1.00132,0.041878,0.00103515
44,43,1.00082,0.040212,0.000407893
44,44,1.00033,0.0384706,-0.0002077
44,45,0.999871,0.0366601,-0.000808881
44,46,0.999426,0.0347865,-0.00139319
44,47,0.998999,0.0328557,-0.00195844
44,48,0.998591,0.0308735,-0.0025027
44,49,0.998201,0.0288456,-0.00302427
44,50,0.997828,0.0267776,-0.00352164
44,51,0.997472,0.0246748,-0.00399351
44,52,0.997133,0.0225424,-0.0044387
44,53,0.996812,0.0203856,-0.0048562
44,54,0.996507,0.0182094,-0.0052451
44,55,0.996221,0.0160186,-0.00560462
44,56,0.995951,0.013818,-0.00593408
44,57,0.9957,0.0116122,-0.0062329
44,58,0.995466,0.00940552,-0.00650063
44,59,0.99525,0.00720239,-0.0067369
44,60,0.995052,0.00500695,-0.00694148
44,61,0.994871,0.00282322,-0.00711427
44,62,0.994706,0.000655095,-0.0072553
44,63,0.994558,-0.00149371,-0.00736473
44,64,0.994424,-0.00361959,-0.00744289
44,65,0.994304,-0.00571912,-0.00749024
44,66,0.994195,-0.00778897,-0.00750741
44,67,0.994097,-0.00982598,-0.00749516
44,68,0.994006,-0.0118271,-0.0074544
44,69,0.993921,-0.0137894,-0.00738619
44,70,0.993838,-0.0157099,-0.0072917
44,71,0.993756,-0.0175861,-0.00717225
44,72,0.993671,-0.0194151,-0.00702923
44,73,0.99358,-0.0211944,-0.00686417
44,74,0.99348,-0.0229215,-0.00667865
44,75,0.99337,-0.0245939,-0.00647434
44,76,0.993245,-0.0262091,-0.00625298
44,77,0.993103,-0.0277648,-0.00601632
44,78,0.992942,-0.0292585,-0.00576617
44,79,0.99276,-0.0306878,-0.00550435
44,80,0.992555,-0.0320505,-0.00523267
44,81,0.992326,-0.0333441,-0.00495294
44,82,0.99207,-0.0345665,-0.00466693
44,83,0.991788,-0.0357154,-0.00437638
44,84,0.991479,-0.0367885,-0.00408295
44,85,0.991143,-0.0377838,-0.00378822
44,86,0.990781,-0.0386992,-0.00349371
44,87,0.990394,-0.0395329,-0.00320081
44,88,0.989983,-0.0402831,-0.00291078
44,89,0.989551,-0.0409483,-0.00262477
44,90,0.9891,-0.0415272,-0.00234379
44,91,0.988633,-0.042019,-0.00206869
44,92,0.988154,-0.0424228,-0.00180019
44,93,0.987665,-0.0427386,-0.00153883
44,94,0.987171,-0.0429665,-0.00128505
44,95,0.986675,-0.043107,-0.00103912
44,96,0.986183,-0.0431612,-0.00080119
44,97,0.985698,-0.0431307,-0.00057131
44,98,0.985224,-0.0430174,-0.000349433
44,99,0.984765,-0.0428237,-0.000135444
44,100,0.984325,-0.0425524,7.08143e-05
44,101,0.983907,-0.0422068,0.000269515
44,102,0.983515,-0.0417905,0.000460816
44,103,0.98315,-0.0413077,0.000644836
44,104,0.982814,-0.0407631,0.000821616
44,105,0.982509,-0.0401625,0.000991102
44,106,0.982235,-0.0395128,0.00115312
44,107,0.981991,-0.0388224,0.00130734
44,108,0.981778,-0.0381021,0.00145331
44,109,0.981594,-0.0373652,0.00159041
44,110,0.981436,-0.036628,0.00171787
44,111,0.981302,-0.03591,0.00183477
44,112,0.981189,-0.0352333,0.00194006
44,113,0.981092,-0.0346217,0.00203262
44,114,0.981008,-0.034098,0.00211128
44,115,0.980933,-0.0336807,0.00217502
44,116,0.980863,-0.0333786,0.00222328
44,117,0.980792,-0.0331837,0.00225648
44,118,0.980718,-0.0330619,0.00227661
44,119,0.980635,-0.0329419,0.00228779
44,120,0.980541,-0.0327,0.00229576
44,121,0.980432,-0.0321386,0.00230475
44,122,0.980304,-0.0309505,0.00230914
44,123,0.980156,-0.0286621,0.00227667
44,124,0.979984,-0.0245569,0.00212188
44,125,0.979792,-0.0176284,0.00168066
44,126,0.979577,-0.00674543,0.000719141
44,127,1,-0.00343474,0
45,0,1,0,0
45,1,1.02255,0.0057714,0.000738679
45,2,1.02234,0.0156133,0.00191659
45,3,1.02211,0.0231104,0.00275142
45,4,1.02186,0.028511,0.00340568
45,5,1.02158,0.0322171,0.00398744
45,6,1.02129,0.0346718,0.00455237
45,7,1.02098,0.0362932,0.00512029
45,8,1.02064,0.0374344,0.00569044
45,9,1.02029,0.0383625,0.0062538
45,10,1.01991,0.0392553,0.00680038
45,11,1.01951,0.0402123,0.00732209
45,12,1.01909,0.0412733,0.00781316
45,13,1.01864,0.0424383,0.00826951
45,14,1.01818,0.0436853,0.00868799
45,15,1.01769,0.0449824,0.00906583
45,16,1.01718,0.046296,0.00940043
45,17,1.01664,0.0475948,0.00968924
45,18,1.01609,0.0488521,0.00992989
45,19,1.01551,0.0500454,0.0101202
45,20,1.0149,0.0511565,0.0102584
45,21,1.01428,0.0521708,0.0103429
45,22,1.01364,0.0530762,0.0103726
45,23,1.01299,0.0538628,0.010347
45,24,1.01232,0.0545228,0.0102658
45,25,1.01163,0.0550494,0.0101292
45,26,1.01093,0.0554376,0.00993818
45,27,1.01023,0.0556835,0.00969393
45,28,1.00952,0.0557845,0.00939832
45,29,1.00881,0.0557393,0.00905372
45,30,1.0081,0.0555477,0.00866297
45,31,1.00739,0.0552108,0.00822936
45,32,1.00669,0.0547306,0.00775659
45,33,1.00599,0.0541104,0.00724866
45,34,1.00531,0.0533542,0.00670986
45,35,1.00464,0.0524666,0.00614461
45,36,1.00399,0.0514532,0.00555743
45,37,1.00335,0.0503198,0.00495285
45,38,1.00273,0.0490728,0.00433535
45,39,1.00213,0.0477186,0.00370925
45,40,1.00155,0.0462642,0.00307872
45,41,1.00099,0.0447163,0.00244769
45,42,1.00045,0.0430816,0.00181983
45,43,0.999932,0.041367,0.00119852
45,44,0.999433,0.039579,0.000586892
45,45,0.998954,0.0377241,-1.22513e-05
45,46,0.998495,0.0358085,-0.000596367
45,47,0.998056,0.0338382,-0.00116318
45,48,0.997636,0.031819,-0.00171067
45,49,0.997235,0.0297566,-0.00223703
45,50,0.996853,0.0276562,-0.00274068
45,51,0.99649,0.0255231,-0.00322018
45,52,0.996145,0.0233622,-0.00367431
45,53,0.99582,0.0211783,-0.00410194
45,54,0.995513,0.018976,-0.00450212
45,55,0.995226,0.0167599,-0.00487399
45,56,0.994958,0.0145342,-0.00521684
45,57,0.99471,0.0123033,-0.00553007
45,58,0.994481,0.0100713,-0.00581319
45,59,0.994273,0.00784221,-0.00606585
45,60,0.994083,0.00561995,-0.00628783
45,61,0.993913,0.00340836,-0.00647906
45,62,0.993761,0.00121119,-0.0066396
45,63,0.993627,-0.000967931,-0.00676966
45,64,0.993509,-0.00312544,-0.00686962
45,65,0.993405,-0.00525786,-0.00693998
45,66,0.993315,-0.00736185,-0.00698143
45,67,0.993235,-0.00943409,-0.00699477
45,68,0.993164,-0.0114714,-0.00698096
45,69,0.993099,-0.0134706,-0.00694109
45,70,0.993038,-0.0154288,-0.00687635
45,71,0.992976,-0.0173428,-0.00678805
45,72,0.992913,-0.0192099,-0.00667761
45,73,0.992843,-0.0210272,-0.00654651
45,74,0.992765,-0.0227919,-0.00639631
45,75,0.992676,-0.0245013,-0.00622862
45,76,0.992572,-0.0261528,-0.00604508
45,77,0.992451,-0.0277437,-0.00584738
45,78,0.992311,-0.0292717,-0.00563721
45,79,0.992149,-0.0307343,-0.00541626
45,80,0.991965,-0.0321291,-0.0051862
45,81,0.991755,-0.0334538,-0.00494867
45,82,0.991521,-0.0347062,-0.00470528
45,83,0.99126,-0.0358843,-0.00445755
45,84,0.990972,-0.0369862,-0.00420697
45,85,0.990659,-0.03801,-0.0039549
45,86,0.990321,-0.038954,-0.00370264
45,87,0.98996,-0.0398167,-0.00345134
45,88,0.989577,-0.040597,-0.00320207
45,89,0.989174,-0.0412936,-0.00295573
45,90,0.988755,-0.0419058,-0.00271311
45,91,0.988323,-0.0424332,-0.00247486
45,92,0.987881,-0.0428753,-0.00224147
45,93,0.987433,-0.0432324,-0.0020133
45,94,0.986983,-0.043505,-0.0017906
45,95,0.986535,-0.0436937,-0.00157346
45,96,0.986094,-0.0437998,-0.00136187
45,97,0.985662,-0.0438247,-0.00115575
45,98,0.985245,-0.0437703,-0.000954901
45,99,0.984846,-0.0436386,-0.000759106
45,100,0.984468,-0.0434321,-0.000568103
45,101,0.984115,-0.0431533,-0.00038163
45,102,0.983788,-0.0428053,-0.000199455
45,103,0.98349,-0.0423916,-2.13984e-05
45,104,0.983222,-0.0419161,0.000152629
45,105,0.982985,-0.0413836,0.000322605
45,106,0.982778,-0.0408002,0.00048837
45,107,0.982601,-0.0401734,0.000649608
45,108,0.982453,-0.0395133,0.000805834
45,109,0.982332,-0.0388322,0.000956391
45,110,0.982235,-0.0381458,0.00110044
45,111,0.98216,-0.0374729,0.00123699
45,112,0.982102,-0.0368353,0.00136487
45,113,0.982058,-0.0362561,0.00148281
45,114,0.982025,-0.0357582,0.00158948
45,115,0.981997,-0.0353604,0.00168369
45,116,0.98197,-0.0350722,0.00176472
45,117,0.98194,-0.0348873,0.00183279
45,118,0.981904,-0.0347742,0.00188975
45,119,0.981857,-0.0346645,0.00193957
45,120,0.981797,-0.0344364,0.00198775
45,121,0.981718,-0.0338889,0.00203808
45,122,0.98162,-0.0326995,0.00208396
45,123,0.981498,-0.0303577,0.00209153
45,124,0.981352,-0.0260828,0.00197584
45,125,0.98118,-0.0187882,0.00157859
45,126,0.980986,-0.00730048,0.000673654
45,127,1,-0.00343474,0
46,0,1,0,0
46,1,1.02185,0.00579858,0.000737305
46,2,1.02164,0.0160519,0.00189327
46,3,1.0214,0.023776,0.00272423
46,4,1.02114,0.0292596,0.00337872
46,5,1.02086,0.0329594,0.00396237
46,6,1.02055,0.0353641,0.00453235
46,7,1.02023,0.036921,0.00510812
46,8,1.01988,0.0379969,0.00568848
46,9,1.01952,0.0388628,0.00626408
46,10,1.01912,0.0396961,0.00682457
46,11,1.01871,0.0405944,0.0073616
46,12,1.01827,0.0415964,0.00786931
46,13,1.01781,0.0427019,0.00834358
46,14,1.01733,0.0438898,0.00878125
46,15,1.01682,0.0451294,0.00917955
46,16,1.01629,0.0463886,0.00953583
46,17,1.01573,0.0476375,0.00984749
46,18,1.01516,0.0488504,0.0101121
46,19,1.01456,0.0500061,0.0103274
46,20,1.01395,0.0510872,0.0104915
46,21,1.01332,0.0520794,0.0106028
46,22,1.01267,0.0529712,0.0106601
46,23,1.012,0.0537529,0.0106626
46,24,1.01133,0.0544166,0.01061
46,25,1.01064,0.0549555,0.0105023
46,26,1.00994,0.0553642,0.0103403
46,27,1.00924,0.0556383,0.0101251
46,28,1.00853,0.0557748,0.00985835
46,29,1.00783,0.0557715,0.00954215
46,30,1.00712,0.0556276,0.00917918
46,31,1.00642,0.0553433,0.00877255
46,32,1.00573,0.0549199,0.00832576
46,33,1.00504,0.0543596,0.00784263
46,34,1.00437,0.0536656,0.00732727
46,35,1.00371,0.0528416,0.00678396
46,36,1.00306,0.0518923,0.00621709
46,37,1.00243,0.0508226,0.00563108
46,38,1.00181,0.049638,0.00503032
46,39,1.00122,0.0483441,0.00441907
46,40,1.00064,0.0469469,0.00380146
46,41,1.00008,0.0454524,0.00318137
46,42,0.99954,0.0438669,0.00256249
46,43,0.999019,0.0421963,0.00194822
46,44,0.998517,0.0404469,0.00134171
46,45,0.998035,0.0386247,0.000745817
46,46,0.997571,0.0367357,0.000163152
46,47,0.997126,0.0347857,-0.000403942
46,48,0.9967,0.0327805,-0.00095336
46,49,0.996292,0.0307257,-0.00148321
46,50,0.995904,0.0286269,-0.00199182
46,51,0.995535,0.0264895,-0.00247769
46,52,0.995186,0.0243188,-0.00293948
46,53,0.994856,0.02212,-0.00337601
46,54,0.994547,0.0198981,-0.00378625
46,55,0.994259,0.017658,-0.0041693
46,56,0.993991,0.0154046,-0.00452441
46,57,0.993746,0.0131426,-0.00485094
46,58,0.993521,0.0108763,-0.00514842
46,59,0.993319,0.00861026,-0.00541648
46,60,0.993137,0.00634862,-0.00565494
46,61,0.992977,0.00409546,-0.00586374
46,62,0.992836,0.00185469,-0.00604299
46,63,0.992715,-0.000369921,-0.00619297
46,64,0.992612,-0.00257478,-0.00631408
46,65,0.992525,-0.00475641,-0.0064069
46,66,0.992452,-0.00691148,-0.00647217
46,67,0.99239,-0.00903682,-0.00651073
46,68,0.992339,-0.0111293,-0.0065236
46,69,0.992294,-0.013186,-0.00651188
46,70,0.992254,-0.0152041,-0.00647681
46,71,0.992214,-0.0171806,-0.00641969
46,72,0.992172,-0.019113,-0.00634193
46,73,0.992126,-0.0209985,-0.00624498
46,74,0.992071,-0.0228345,-0.00613037
46,75,0.992005,-0.0246184,-0.00599963
46,76,0.991926,-0.0263476,-0.00585434
46,77,0.99183,-0.0280195,-0.00569607
46,78,0.991716,-0.0296317,-0.00552639
46,79,0.991582,-0.0311815,-0.00534685
46,80,0.991425,-0.0326663,-0.00515896
46,81,0.991245,-0.0340835,-0.0049642
46,82,0.99104,-0.0354307,-0.00476396
46,83,0.990811,-0.0367051,-0.00455958
46,84,0.990558,-0.0379044,-0.00435231
46,85,0.99028,-0.0390259,-0.00414331
46,86,0.989979,-0.0400673,-0.00393363
46,87,0.989657,-0.0410264,-0.00372421
46,88,0.989315,-0.0419009,-0.00351585
46,89,0.988956,-0.0426889,-0.00330925
46,90,0.988582,-0.0433888,-0.00310496
46,91,0.988197,-0.0439991,-0.00290341
46,92,0.987805,-0.0445187,-0.00270489
46,93,0.987408,-0.0449469,-0.00250957
46,94,0.98701,-0.0452836,-0.00231749
46,95,0.986617,-0.0455288,-0.0021286
46,96,0.986231,-0.0456832,-0.00194274
46,97,0.985856,-0.045748,-0.00175967
46,98,0.985496,-0.0457247,-0.0015791
46,99,0.985155,-0.0456155,-0.00140069
46,100,0.984836,-0.0454228,-0.0012241
46,101,0.984541,-0.0451496,-0.00104898
46,102,0.984272,-0.0447992,-0.000875042
46,103,0.984031,-0.0443755,-0.000702054
46,104,0.98382,-0.0438832,-0.000529888
46,105,0.983638,-0.0433278,-0.000358545
46,106,0.983485,-0.0427158,-0.000188176
46,107,0.983361,-0.0420559,-1.91041e-05
46,108,0.983263,-0.0413586,0.000148157
46,109,0.983191,-0.0406371,0.000312899
46,110,0.983141,-0.039908,0.000474217
46,111,0.98311,-0.0391907,0.000631012
46,112,0.983095,-0.0385078,0.000782003
46,113,0.983092,-0.0378831,0.00092577
46,114,0.983096,-0.0373403,0.00106083
46,115,0.983104,-0.0368991,0.00118581
46,116,0.983112,-0.0365702,0.00129979
46,117,0.983115,-0.036349,0.00140283
46,118,0.98311,-0.0362062,0.00149661
46,119,0.983092,-0.0360756,0.00158488
46,120,0.983059,-0.0358358,0.00167285
46,121,0.983008,-0.0352804,0.00176365
46,122,0.982936,-0.0340698,0.00184968
46,123,0.982841,-0.0316556,0.00189622
46,124,0.982722,-0.0271954,0.001818
46,125,0.982579,-0.0195316,0.00146184
46,126,0.982412,-0.00746568,0.000627241
46,127,1,-0.00343474,0
47,0,1,0,0
47,1,1.02113,0.00628024,0.000716569
47,2,1.02093,0.0169529,0.00186582
47,3,1.0207,0.0249316,0.00268877
47,4,1.02044,0.0305383,0.00334045
47,5,1.02017,0.0342813,0.00392584
47,6,1.01987,0.0366938,0.0044999
47,7,1.01954,0.0382514,0.00508214
47,8,1.0192,0.0393352,0.00567119
47,9,1.01883,0.0402203,0.00625727
47,10,1.01844,0.0410828,0.00682974
47,11,1.01802,0.0420177,0.00738009
47,12,1.01759,0.0430606,0.00790241
47,13,1.01712,0.0442095,0.00839257
47,14,1.01664,0.0454415,0.00884744
47,15,1.01613,0.0467246,0.00926424
47,16,1.0156,0.0480257,0.00964032
47,17,1.01505,0.049314,0.00997304
47,18,1.01448,0.0505628,0.0102599
47,19,1.01389,0.0517499,0.0104986
47,20,1.01327,0.0528572,0.0106872
47,21,1.01264,0.05387,0.0108239
47,22,1.01199,0.0547764,0.0109075
47,23,1.01133,0.0555665,0.0109371
47,24,1.01065,0.0562323,0.0109121
47,25,1.00996,0.0567673,0.0108326
47,26,1.00926,0.057166,0.0106991
47,27,1.00855,0.0574246,0.0105124
47,28,1.00784,0.0575402,0.0102741
47,29,1.00712,0.0575111,0.00998611
47,30,1.00641,0.0573368,0.00965084
47,31,1.0057,0.057018,0.00927122
47,32,1.005,0.0565565,0.00885054
47,33,1.0043,0.055955,0.00839244
47,34,1.00362,0.055217,0.00790085
47,35,1.00294,0.0543468,0.00737987
47,36,1.00228,0.0533496,0.00683377
47,37,1.00164,0.0522307,0.00626683
47,38,1.00101,0.0509962,0.00568335
47,39,1.0004,0.0496523,0.00508753
47,40,0.999803,0.0482053,0.00448342
47,41,0.999229,0.0466619,0.0038749
47,42,0.998674,0.0450285,0.00326566
47,43,0.998139,0.0433117,0.00265911
47,44,0.997623,0.0415179,0.00205843
47,45,0.997126,0.0396533,0.00146654
47,46,0.99665,0.0377242,0.000886114
47,47,0.996193,0.0357363,0.00031957
47,48,0.995757,0.0336956,-0.0002309
47,49,0.995341,0.0316075,-0.000763327
47,50,0.994945,0.0294774,-0.00127594
47,51,0.99457,0.0273106,-0.00176715
47,52,0.994217,0.025112,-0.00223556
47,53,0.993885,0.0228865,-0.00267992
47,54,0.993576,0.0206388,-0.00309913
47,55,0.993289,0.0183735,-0.00349226
47,56,0.993024,0.016095,-0.00385853
47,57,0.992784,0.0138077,-0.00419729
47,58,0.992566,0.0115157,-0.00450806
47,59,0.992372,0.00922319,-0.0047905
47,60,0.992201,0.00693411,-0.00504447
47,61,0.992052,0.00465234,-0.00526993
47,62,0.991925,0.00238165,-0.00546707
47,63,0.991818,0.000125735,-0.00563619
47,64,0.99173,-0.00211184,-0.00577777
47,65,0.99166,-0.00432758,-0.00589246
47,66,0.991604,-0.0065181,-0.00598103
47,67,0.991561,-0.00868007,-0.0060444
47,68,0.991528,-0.0108103,-0.0060836
47,69,0.991503,-0.0129055,-0.00609979
47,70,0.991481,-0.0149627,-0.0060942
47,71,0.991461,-0.0169789,-0.00606816
47,72,0.991439,-0.0189509,-0.00602304
47,73,0.991412,-0.020876,-0.00596027
47,74,0.991377,-0.0227512,-0.00588133
47,75,0.991332,-0.0245736,-0.00578767
47,76,0.991272,-0.0263405,-0.00568078
47,77,0.991196,-0.0280491,-0.00556213
47,78,0.991102,-0.0296966,-0.00543315
47,79,0.990988,-0.0312803,-0.00529524
47,80,0.990851,-0.0327977,-0.00514975
47,81,0.990692,-0.0342461,-0.00499796
47,82,0.99051,-0.035623,-0.00484107
47,83,0.990304,-0.0369259,-0.00468021
47,84,0.990074,-0.0381526,-0.00451641
47,85,0.989822,-0.0393008,-0.0043506
47,86,0.989549,-0.0403684,-0.00418359
47,87,0.989256,-0.0413536,-0.00401608
47,88,0.988946,-0.0422546,-0.00384865
47,89,0.988621,-0.0430698,-0.00368175
47,90,0.988285,-0.0437982,-0.00351571
47,91,0.98794,-0.0444386,-0.00335074
47,92,0.987591,-0.0449906,-0.00318692
47,93,0.987241,-0.0454538,-0.00302423
47,94,0.986893,-0.0458282,-0.00286253
47,95,0.986552,-0.0461144,-0.00270158
47,96,0.986222,-0.0463132,-0.00254109
47,97,0.985906,-0.0464257,-0.00238068
47,98,0.985608,-0.0464534,-0.00221992
47,99,0.98533,-0.0463981,-0.00205838
47,100,0.985076,-0.0462622,-0.00189562
47,101,0.984848,-0.0460478,-0.00173122
47,102,0.984646,-0.045758,-0.00156482
47,103,0.984473,-0.0453957,-0.00139614
47,104,0.984329,-0.044965,-0.00122504
47,105,0.984214,-0.0444703,-0.00105148
47,106,0.984127,-0.0439175,-0.000875636
47,107,0.984066,-0.0433143,-0.00069784
47,108,0.98403,-0.0426703,-0.000518654
47,109,0.984017,-0.0419981,-0.000338852
47,110,0.984023,-0.0413133,-0.000159432
47,111,0.984045,-0.0406349,1.83916e-05
47,112,0.984079,-0.0399847,0.0001932
47,113,0.984123,-0.0393865,0.000363409
47,114,0.98417,-0.0388637,0.000527355
47,115,0.984219,-0.0384363,0.000683482
47,116,0.984264,-0.0381159,0.000830672
47,117,0.984302,-0.0378996,0.000968786
47,118,0.984329,-0.0377608,0.00109931
47,119,0.984342,-0.037636,0.00122575
47,120,0.984338,-0.0374053,0.00135292
47,121,0.984314,-0.0368584,0.00148331
47,122,0.984268,-0.0356392,0.00160825
47,123,0.984198,-0.0331639,0.00169181
47,124,0.984102,-0.0285322,0.00165072
47,125,0.983981,-0.0205249,0.00134068
47,126,0.983835,-0.00792785,0.000573418
47,127,1,-0.00343474,0
48,0,1,0,0
48,1,1.02035,0.00631986,0.000710535
48,2,1.02014,0.0173828,0.00183181
48,3,1.01991,0.0255768,0.00264681
48,4,1.01965,0.0312603,0.00329611
48,5,1.01937,0.0349925,0.00388141
48,6,1.01906,0.037351,0.00445847
48,7,1.01873,0.0388403,0.00504619
48,8,1.01837,0.0398555,0.00564276
48,9,1.01799,0.0406758,0.00623812
48,10,1.01759,0.0414764,0.00682137
48,11,1.01716,0.0423502,0.00738387
48,12,1.01671,0.0433314,0.00791962
48,13,1.01623,0.0444178,0.0084245
48,14,1.01573,0.0455873,0.00889537
48,15,1.0152,0.0468092,0.00932943
48,16,1.01466,0.0480518,0.00972399
48,17,1.01409,0.0492859,0.0100764
48,18,1.0135,0.0504859,0.010384
48,19,1.01289,0.0516308,0.0106446
48,20,1.01227,0.0527035,0.010856
48,21,1.01163,0.0536898,0.0110164
48,22,1.01097,0.0545783,0.0111246
48,23,1.0103,0.0553595,0.0111794
48,24,1.00962,0.0560253,0.0111803
48,25,1.00892,0.0565693,0.0111272
48,26,1.00823,0.0569857,0.0110203
48,27,1.00752,0.0572701,0.0108605
48,28,1.00682,0.0574192,0.0106491
48,29,1.00611,0.0574306,0.0103878
48,30,1.00541,0.057303,0.010079
48,31,1.00471,0.0570364,0.0097252
48,32,1.00402,0.0566314,0.00932968
48,33,1.00333,0.0560899,0.00889585
48,34,1.00265,0.0554145,0.00842746
48,35,1.00199,0.0546087,0.00792847
48,36,1.00134,0.0536763,0.00740299
48,37,1.0007,0.0526221,0.00685519
48,38,1.00008,0.0514511,0.00628924
48,39,0.999479,0.0501685,0.00570927
48,40,0.998891,0.04878,0.00511927
48,41,0.99832,0.0472913,0.00452307
48,42,0.997767,0.0457084,0.00392434
48,43,0.997232,0.0440371,0.00332649
48,44,0.996715,0.0422833,0.00273273
48,45,0.996217,0.040453,0.002146
48,46,0.995737,0.0385521,0.00156902
48,47,0.995277,0.0365862,0.00100428
48,48,0.994837,0.0345612,0.000454043
48,49,0.994417,0.0324827,-7.96577e-05
48,50,0.994017,0.0303562,-0.000594972
48,51,0.993639,0.0281872,-0.00109024
48,52,0.993283,0.025981,-0.001564
48,53,0.99295,0.0237428,-0.00201492
48,54,0.99264,0.0214778,-0.00244189
48,55,0.992354,0.0191909,-0.00284392
48,56,0.992093,0.0168869,-0.0032202
48,57,0.991856,0.0145707,-0.00357009
48,58,0.991644,0.0122467,-0.00389311
48,59,0.991458,0.00991931,-0.00418896
48,60,0.991296,0.00759284,-0.00445751
48,61,0.991157,0.00527135,-0.00469879
48,62,0.991042,0.00295878,-0.00491303
48,63,0.990949,0.000658898,-0.00510059
48,64,0.990875,-0.00162467,-0.00526203
48,65,0.99082,-0.00388844,-0.00539804
48,66,0.990781,-0.00612907,-0.00550946
48,67,0.990755,-0.00834333,-0.00559725
48,68,0.99074,-0.0105281,-0.0056625
48,69,0.990733,-0.0126804,-0.00570637
48,70,0.99073,-0.0147972,-0.00573013
48,71,0.99073,-0.0168757,-0.0057351
48,72,0.990728,-0.018913,-0.00572263
48,73,0.990722,-0.0209065,-0.00569412
48,74,0.990708,-0.0228532,-0.00565096
48,75,0.990684,-0.0247505,-0.00559457
48,76,0.990648,-0.0265956,-0.0055263
48,77,0.990596,-0.0283857,-0.00544751
48,78,0.990528,-0.030118,-0.00535949
48,79,0.99044,-0.0317897,-0.00526347
48,80,0.990332,-0.0333978,-0.00516062
48,81,0.990203,-0.0349396,-0.00505202
48,82,0.990053,-0.0364121,-0.00493868
48,83,0.989881,-0.0378123,-0.00482148
48,84,0.989689,-0.0391374,-0.00470122
48,85,0.989476,-0.0403843,-0.00457858
48,86,0.989245,-0.0415504,-0.00445414
48,87,0.988996,-0.0426328,-0.00432836
48,88,0.988733,-0.043629,-0.00420155
48,89,0.988458,-0.0445366,-0.00407395
48,90,0.988174,-0.0453533,-0.00394565
48,91,0.987884,-0.0460773,-0.00381665
48,92,0.987591,-0.0467071,-0.00368681
48,93,0.987298,-0.0472416,-0.00355592
48,94,0.98701,-0.0476799,-0.00342367
48,95,0.98673,-0.048022,-0.00328968
48,96,0.986462,-0.0482679,-0.00315349
48,97,0.986207,-0.0484186,-0.00301459
48,98,0.985971,-0.0484753,-0.00287248
48,99,0.985755,-0.0484396,-0.0027266
48,100,0.985561,-0.0483138,-0.00257645
48,101,0.985392,-0.0481005,-0.00242154
48,102,0.985249,-0.047803,-0.00226147
48,103,0.985132,-0.0474248,-0.00209593
48,104,0.985043,-0.0469705,-0.00192475
48,105,0.984979,-0.0464454,-0.00174791
48,106,0.984942,-0.0458561,-0.00156559
48,107,0.984928,-0.045211,-0.00137816
48,108,0.984937,-0.0445208,-0.00118624
48,109,0.984966,-0.0437988,-0.000990679
48,110,0.985011,-0.0430615,-0.00079258
48,111,0.98507,-0.0423288,-0.000593282
48,112,0.985139,-0.0416234,-0.000394348
48,113,0.985215,-0.0409698,-0.000197527
48,114,0.985293,-0.0403923,-4.66139e-06
48,115,0.98537,-0.0399119,0.000182502
48,116,0.985441,-0.0395416,0.000362655
48,117,0.985504,-0.0392802,0.000535457
48,118,0.985556,-0.0391033,0.000702173
48,119,0.985592,-0.0389496,0.00086603
48,120,0.985611,-0.0386991,0.00103137
48,121,0.98561,-0.0381357,0.00119987
48,122,0.985586,-0.0368856,0.00136179
48,123,0.985539,-0.0343288,0.00148082
48,124,0.985468,-0.0295111,0.00147498
48,125,0.985375,-0.021161,0.00120809
48,126,0.985256,-0.00806621,0.000520023
48,127,1,-0.00343474,0
49,0,1,0,0
49,1,1.01955,0.00676018,0.000686116
49,2,1.01936,0.0182184,0.00179384
49,3,1.01914,0.026653,0.00259682
49,4,1.01888,0.0324514,0.00324063
49,5,1.01861,0.0362209,0.00382549
49,6,1.0183,0.0385818,0.00440449
49,7,1.01797,0.0400672,0.00499626
49,8,1.01762,0.0410865,0.00559875
49,9,1.01724,0.0419228,0.00620156
49,10,1.01684,0.0427502,0.00679361
49,11,1.01641,0.0436585,0.00736619
49,12,1.01596,0.0446792,0.00791328
49,13,1.01549,0.0458079,0.00843081
49,14,1.01499,0.0470207,0.00891563
49,15,1.01447,0.0482861,0.00936496
49,16,1.01393,0.0495711,0.00977609
49,17,1.01336,0.0508454,0.0101463
49,18,1.01278,0.0520826,0.010473
49,19,1.01218,0.0532608,0.0107538
49,20,1.01156,0.0543619,0.0109865
49,21,1.01092,0.0553713,0.0111694
49,22,1.01026,0.056277,0.0113008
49,23,1.00959,0.0570693,0.0113798
49,24,1.00891,0.0577401,0.0114056
49,25,1.00822,0.0582828,0.011378
49,26,1.00753,0.058692,0.0112972
49,27,1.00682,0.0589634,0.0111637
49,28,1.00611,0.0590941,0.0109788
49,29,1.0054,0.059082,0.010744
49,30,1.0047,0.0589263,0.0104614
49,31,1.00399,0.0586273,0.0101335
49,32,1.00329,0.0581863,0.00976316
49,33,1.0026,0.0576055,0.00935375
49,34,1.00191,0.056888,0.00890879
49,35,1.00124,0.0560378,0.00843207
49,36,1.00058,0.0550594,0.00792756
49,37,0.999927,0.0539578,0.00739928
49,38,0.999294,0.0527386,0.00685131
49,39,0.998676,0.0514076,0.00628767
49,40,0.998074,0.0499709,0.00571229
49,41,0.99749,0.0484348,0.00512897
49,42,0.996923,0.0468054,0.00454133
49,43,0.996375,0.0450892,0.00395281
49,44,0.995845,0.0432922,0.00336663
49,45,0.995335,0.0414206,0.00278577
49,46,0.994845,0.0394806,0.002213
49,47,0.994376,0.0374778,0.00165088
49,48,0.993927,0.035418,0.00110173
49,49,0.9935,0.0333068,0.000567665
49,50,0.993095,0.0311496,5.0609e-05
49,51,0.992713,0.0289515,-0.000447715
49,52,0.992355,0.0267177,-0.000925771
49,53,0.992021,0.024453,-0.0013822
49,54,0.991713,0.0221623,-0.00181583
49,55,0.99143,0.0198501,-0.00222566
49,56,0.991173,0.017521,-0.00261087
49,57,0.990943,0.0151793,-0.00297082
49,58,0.99074,0.0128293,-0.00330506
49,59,0.990563,0.0104752,-0.00361332
49,60,0.990411,0.00812086,-0.00389551
49,61,0.990285,0.00577029,-0.00415172
49,62,0.990183,0.00342726,-0.00438223
49,63,0.990103,0.00109548,-0.00458749
49,64,0.990045,-0.00122145,-0.00476811
49,65,0.990005,-0.00352002,-0.00492484
49,66,0.989981,-0.00579681,-0.00505857
49,67,0.989972,-0.00804847,-0.00517033
49,68,0.989973,-0.0102717,-0.00526122
49,69,0.989983,-0.0124633,-0.00533246
49,70,0.989998,-0.01462,-0.00538529
49,71,0.990014,-0.0167388,-0.00542105
49,72,0.99003,-0.0188166,-0.00544105
49,73,0.990041,-0.0208501,-0.00544664
49,74,0.990045,-0.0228365,-0.00543916
49,75,0.990039,-0.0247726,-0.00541991
49,76,0.99002,-0.0266555,-0.00539016
49,77,0.989987,-0.028482,-0.00535113
49,78,0.989938,-0.0302491,-0.00530394
49,79,0.98987,-0.031954,-0.00524968
49,80,0.989783,-0.0335935,-0.00518931
49,81,0.989677,-0.0351647,-0.00512371
49,82,0.98955,-0.0366648,-0.00505367
49,83,0.989403,-0.0380908,-0.00497986
49,84,0.989237,-0.03944,-0.00490282
49,85,0.989054,-0.0407098,-0.00482301
49,86,0.988853,-0.0418975,-0.00474074
49,87,0.988639,-0.0430009,-0.00465624
49,88,0.988412,-0.0440178,-0.00456959
49,89,0.988176,-0.0449461,-0.00448078
49,90,0.987934,-0.0457842,-0.00438968
49,91,0.987689,-0.0465307,-0.00429606
49,92,0.987444,-0.0471847,-0.0041996
49,93,0.987203,-0.0477453,-0.0040999
49,94,0.986969,-0.0482123,-0.00399646
49,95,0.986745,-0.0485857,-0.00388874
49,96,0.986535,-0.0488662,-0.00377614
49,97,0.986342,-0.0490545,-0.00365804
49,98,0.986169,-0.049152,-0.00353381
49,99,0.986017,-0.0491602,-0.0034028
49,100,0.985889,-0.049081,-0.00326443
49,101,0.985786,-0.0489168,-0.00311817
49,102,0.985709,-0.0486702,-0.00296355
49,103,0.985658,-0.0483443,-0.00280025
49,104,0.985633,-0.0479426,-0.00262809
49,105,0.985632,-0.0474699,-0.00244705
49,106,0.985656,-0.0469318,-0.00225735
49,107,0.985701,-0.0463358,-0.00205941
49,108,0.985765,-0.0456919,-0.00185393
49,109,0.985847,-0.0450124,-0.00164185
49,110,0.985942,-0.0443133,-0.0014244
49,111,0.986047,-0.0436136,-0.00120306
49,112,0.986159,-0.0429355,-0.000979553
49,113,0.986275,-0.0423031,-0.000755813
49,114,0.986389,-0.0417407,-0.000533872
49,115,0.9865,-0.0412696,-0.000315674
49,116,0.986603,-0.0409036,-0.000102729
49,117,0.986695,-0.0406432,0.000104415
49,118,0.986774,-0.0404665,0.000306784
49,119,0.986835,-0.0403147,0.000507267
49,120,0.986879,-0.0400689,0.000709664
49,121,0.986901,-0.0395079,0.000914858
49,122,0.9869,-0.0382417,0.00111204
49,123,0.986876,-0.0356169,0.00126427
49,124,0.986827,-0.0306314,0.00129308
49,125,0.986754,-0.0219711,0.00107369
49,126,0.986656,-0.00843295,0.000460645
49,127,1,-0.00343474,0
50,0,1,0,0
50,1,1.0187,0.00680782,0.000675705
50,2,1.01851,0.01863,0.00174978
50,3,1.01828,0.027265,0.00254059
50,4,1.01802,0.0331324,0.00317911
50,5,1.01774,0.0368866,0.00376165
50,6,1.01743,0.0391902,0.00434146
50,7,1.0171,0.0406047,0.00493628
50,8,1.01673,0.0415534,0.0055435
50,9,1.01635,0.0423234,0.00615255
50,10,1.01593,0.0430874,0.00675219
50,11,1.01549,0.0439329,0.00733364
50,12,1.01503,0.04489,0.00789092
50,13,1.01454,0.0459538,0.00841991
50,14,1.01403,0.0471015,0.00891751
50,15,1.01349,0.0483026,0.00938089
50,16,1.01294,0.0495257,0.00980731
50,17,1.01236,0.050742,0.010194
50,18,1.01176,0.0519265,0.0105384
50,19,1.01115,0.0530584,0.0108379
50,20,1.01052,0.0541205,0.0110903
50,21,1.00987,0.055099,0.0112939
50,22,1.00921,0.0559825,0.0114469
50,23,1.00854,0.0567616,0.0115483
50,24,1.00786,0.0574284,0.0115973
50,25,1.00717,0.0579763,0.0115934
50,26,1.00648,0.0583996,0.0115368
50,27,1.00578,0.0586938,0.011428
50,28,1.00508,0.0588552,0.0112679
50,29,1.00438,0.0588812,0.011058
50,30,1.00368,0.0587702,0.0108002
50,31,1.00299,0.0585217,0.0104969
50,32,1.0023,0.0581359,0.0101507
50,33,1.00162,0.0576141,0.00976473
50,34,1.00095,0.0569586,0.00934247
50,35,1.00029,0.0561721,0.0088875
50,36,0.999642,0.0552582,0.00840363
50,37,0.999005,0.0542212,0.00789477
50,38,0.998381,0.0530654,0.00736485
50,39,0.997772,0.051796,0.0068178
50,40,0.997178,0.0504181,0.00625749
50,41,0.996599,0.0489372,0.00568764
50,42,0.996037,0.0473589,0.00511185
50,43,0.995491,0.0456889,0.00453354
50,44,0.994964,0.0439329,0.00395593
50,45,0.994454,0.0420967,0.00338202
50,46,0.993964,0.040186,0.00281463
50,47,0.993493,0.0382066,0.00225634
50,48,0.993043,0.0361642,0.00170953
50,49,0.992615,0.0340643,0.00117639
50,50,0.992209,0.0319125,0.000658894
50,51,0.991826,0.0297142,0.000158814
50,52,0.991468,0.0274749,-0.000322259
50,53,0.991136,0.0251998,-0.000782927
50,54,0.990829,0.0228941,-0.00122198
50,55,0.99055,0.0205626,-0.00163842
50,56,0.990298,0.0182104,-0.00203141
50,57,0.990074,0.0158422,-0.00240032
50,58,0.989877,0.0134625,-0.00274474
50,59,0.989709,0.0110757,-0.00306442
50,60,0.989567,0.0086862,-0.00335933
50,61,0.989451,0.006298,-0.00362962
50,62,0.989361,0.00391508,-0.00387563
50,63,0.989294,0.00154121,-0.00409787
50,64,0.989248,-0.000819954,-0.00429701
50,65,0.989222,-0.0031649,-0.00447387
50,66,0.989213,-0.00549025,-0.00462941
50,67,0.989218,-0.00779273,-0.00476469
50,68,0.989235,-0.0100691,-0.00488085
50,69,0.98926,-0.0123164,-0.00497911
50,70,0.989291,-0.0145315,-0.00506076
50,71,0.989324,-0.0167114,-0.00512707
50,72,0.989357,-0.0188532,-0.00517936
50,73,0.989386,-0.020954,-0.00521891
50,74,0.989409,-0.0230107,-0.00524699
50,75,0.989423,-0.0250204,-0.00526479
50,76,0.989426,-0.0269801,-0.00527347
50,77,0.989416,-0.0288868,-0.0052741
50,78,0.989392,-0.0307374,-0.00526766
50,79,0.989351,-0.0325288,-0.00525503
50,80,0.989293,-0.0342577,-0.00523698
50,81,0.989218,-0.0359208,-0.00521419
50,82,0.989126,-0.0375149,-0.0051872
50,83,0.989017,-0.0390366,-0.00515644
50,84,0.988892,-0.0404826,-0.00512223
50,85,0.988752,-0.0418495,-0.00508475
50,86,0.988598,-0.043134,-0.00504408
50,87,0.988433,-0.044333,-0.00500019
50,88,0.98826,-0.0454433,-0.00495291
50,89,0.988079,-0.0464622,-0.00490201
50,90,0.987895,-0.0473869,-0.00484713
50,91,0.98771,-0.0482151,-0.00478783
50,92,0.987527,-0.0489449,-0.00472358
50,93,0.987349,-0.0495746,-0.00465381
50,94,0.987179,-0.0501031,-0.00457785
50,95,0.987021,-0.0505298,-0.00449502
50,96,0.986876,-0.0508545,-0.00440458
50,97,0.986747,-0.0510777,-0.00430581
50,98,0.986637,-0.0512004,-0.00419797
50,99,0.986548,-0.0512238,-0.00408036
50,100,0.98648,-0.0511501,-0.00395232
50,101,0.986435,-0.0509816,-0.00381327
50,102,0.986413,-0.0507213,-0.00366275
50,103,0.986414,-0.0503729,-0.00350041
50,104,0.986438,-0.0499406,-0.00332608
50,105,0.986485,-0.0494298,-0.00313978
50,106,0.986551,-0.0488471,-0.00294177
50,107,0.986637,-0.048201,-0.00273253
50,108,0.986738,-0.0475021,-0.00251286
50,109,0.986854,-0.046764,-0.00228381
50,110,0.98698,-0.0460035,-0.00204672
50,111,0.987114,-0.0452406,-0.00180323
50,112,0.987253,-0.0444984,-0.00155522
50,113,0.987393,-0.0438019,-0.00130481
50,114,0.98753,-0.0431764,-0.00105421
50,115,0.987662,-0.0426441,-0.000805549
50,116,0.987785,-0.0422204,-0.000560533
50,117,0.987897,-0.0419075,-0.000319917
50,118,0.987993,-0.0416854,-8.29325e-05
50,119,0.988074,-0.0414975,0.000152939
50,120,0.988135,-0.0412242,0.000390902
50,121,0.988175,-0.0406379,0.000630888
50,122,0.988194,-0.0393309,0.000861091
50,123,0.988189,-0.036617,0.00104478
50,124,0.988162,-0.03145,0.00110633
50,125,0.988114,-0.0224839,0.000931476
50,126,0.98804,-0.00853897,0.000403502
50,127,1,-0.00343474,0
51,0,1,0,0
51,1,1.01783,0.00720554,0.000648046
51,2,1.01766,0.0193943,0.00170208
51,3,1.01744,0.0282526,0.00247672
51,4,1.01719,0.0342248,0.00310685
51,5,1.01691,0.0380097,0.0036866
51,6,1.01661,0.0403107,0.00426612
51,7,1.01628,0.0417174,0.00486251
51,8,1.01592,0.0426669,0.00547286
51,9,1.01554,0.0434502,0.00608629
51,10,1.01513,0.0442387,0.00669151
51,11,1.0147,0.0451169,0.00727976
51,12,1.01424,0.0461119,0.00784509
51,13,1.01375,0.0472169,0.00838347
51,14,1.01325,0.0484072,0.00889178
51,15,1.01272,0.0496516,0.00936722
51,16,1.01217,0.0509175,0.00980701
51,17,1.0116,0.0521751,0.0102084
51,18,1.01101,0.0533983,0.0105686
51,19,1.01041,0.0545652,0.0108852
51,20,1.00978,0.055658,0.0111559
51,21,1.00914,0.0566621,0.0113788
51,22,1.00849,0.0575654,0.0115522
51,23,1.00783,0.0583584,0.0116748
51,24,1.00715,0.0590328,0.011746
51,25,1.00647,0.0595821,0.011765
51,26,1.00578,0.0600007,0.0117319
51,27,1.00508,0.0602841,0.0116471
51,28,1.00438,0.0604292,0.0115114
51,29,1.00368,0.0604337,0.0113261
51,30,1.00298,0.0602963,0.0110929
51,31,1.00229,0.0600169,0.0108139
51,32,1.0016,0.0595964,0.0104917
51,33,1.00091,0.0590365,0.0101293
51,34,1.00023,0.0583398,0.00972986
51,35,0.999563,0.0575099,0.00929681
51,36,0.998904,0.0565508,0.00883381
51,37,0.998257,0.055467,0.00834463
51,38,0.997622,0.0542639,0.00783309
51,39,0.997002,0.0529467,0.00730302
51,40,0.996396,0.0515212,0.00675819
51,41,0.995806,0.0499934,0.00620228
51,42,0.995232,0.0483692,0.00563886
51,43,0.994676,0.0466546,0.00507133
51,44,0.994137,0.0448558,0.00450291
51,45,0.993618,0.0429788,0.00393663
51,46,0.993119,0.0410293,0.00337534
51,47,0.992641,0.0390133,0.00282168
51,48,0.992186,0.0369363,0.00227808
51,49,0.991753,0.034804,0.00174678
51,50,0.991344,0.0326216,0.0012298
51,51,0.99096,0.0303945,0.000728975
51,52,0.990602,0.0281277,0.000245933
51,53,0.990271,0.0258262,-0.000217897
51,54,0.989968,0.0234948,-0.000661293
51,55,0.989694,0.0211382,-0.00108324
51,56,0.989448,0.0187609,-0.00148291
51,57,0.989232,0.0163672,-0.00185972
51,58,0.989044,0.0139616,-0.00221327
51,59,0.988885,0.011548,-0.00254338
51,60,0.988755,0.00913069,-0.00285006
51,61,0.988651,0.00671344,-0.00313353
51,62,0.988572,0.0043001,-0.00339419
51,63,0.988518,0.0018944,-0.00363263
51,64,0.988485,-0.000500039,-0.00384958
51,65,0.988472,-0.00287967,-0.00404592
51,66,0.988477,-0.00524102,-0.00422265
51,67,0.988495,-0.00758067,-0.00438088
51,68,0.988526,-0.00989527,-0.00452178
51,69,0.988565,-0.0121815,-0.0046466
51,70,0.988609,-0.0144361,-0.00475659
51,71,0.988656,-0.0166557,-0.00485304
51,72,0.988703,-0.0188371,-0.00493719
51,73,0.988747,-0.020977,-0.00501028
51,74,0.988785,-0.0230722,-0.00507348
51,75,0.988815,-0.0251194,-0.00512789
51,76,0.988835,-0.0271152,-0.00517454
51,77,0.988842,-0.0290563,-0.00521433
51,78,0.988836,-0.0309394,-0.00524809
51,79,0.988816,-0.0327611,-0.00527651
51,80,0.98878,-0.034518,-0.00530016
51,81,0.988729,-0.0362069,-0.00531949
51,82,0.988662,-0.0378243,-0.00533482
51,83,0.98858,-0.039367,-0.00534635
51,84,0.988485,-0.0408318,-0.00535414
51,85,0.988377,-0.0422154,-0.00535814
51,86,0.988258,-0.043515,-0.00535818
51,87,0.988131,-0.0447276,-0.00535397
51,88,0.987998,-0.0458507,-0.00534513
51,89,0.98786,-0.0468818,-0.00533119
51,90,0.987722,-0.0478187,-0.00531156
51,91,0.987585,-0.0486597,-0.00528561
51,92,0.987453,-0.0494033,-0.00525263
51,93,0.987329,-0.0500485,-0.00521183
51,94,0.987215,-0.0505946,-0.00516241
51,95,0.987114,-0.0510413,-0.00510353
51,96,0.987028,-0.051389,-0.00503434
51,97,0.986961,-0.0516382,-0.00495398
51,98,0.986912,-0.05179,-0.00486163
51,99,0.986885,-0.0518458,-0.00475651
51,100,0.98688,-0.0518075,-0.00463791
51,101,0.986897,-0.0516772,-0.00450521
51,102,0.986937,-0.0514575,-0.00435792
51,103,0.986999,-0.0511514,-0.0041957
51,104,0.987082,-0.0507626,-0.00401839
51,105,0.987185,-0.0502956,-0.00382606
51,106,0.987307,-0.0497563,-0.00361902
51,107,0.987444,-0.0491522,-0.00339786
51,108,0.987595,-0.0484932,-0.00316344
51,109,0.987757,-0.0477919,-0.00291695
51,110,0.987927,-0.0470644,-0.00265989
51,111,0.988101,-0.04633,-0.00239404
51,112,0.988277,-0.0456112,-0.00212148
51,113,0.988451,-0.0449326,-0.00184449
51,114,0.988619,-0.0443192,-0.00156548
51,115,0.98878,-0.0437936,-0.00128677
51,116,0.988929,-0.0433718,-0.00101026
51,117,0.989065,-0.0430577,-0.00073692
51,118,0.989185,-0.0428337,-0.000466251
51,119,0.989287,-0.042645,-0.000196152
51,120,0.989369,-0.0423723,7.59111e-05
51,121,0.98943,-0.0417828,0.000348961
51,122,0.989468,-0.0404525,0.000610244
51,123,0.989484,-0.037666,0.000823073
51,124,0.989477,-0.0323402,0.000916827
51,125,0.989448,-0.0231065,0.000790222
51,126,0.989393,-0.00881285,0.000341559
51,127,1,-0.00343474,0
52,0,1,0,0
52,1,1.01692,0.00725741,0.000633622
52,2,1.01674,0.0197798,0.00164878
52,3,1.01652,0.0288208,0.002407
52,4,1.01627,0.0348525,0.00302876
52,5,1.01599,0.0386171,0.00360384
52,6,1.01568,0.0408582,0.00418194
52,7,1.01535,0.0421926,0.00477892
52,8,1.01499,0.0430707,0.00539123
52,9,1.0146,0.0437869,0.00600784
52,10,1.01418,0.0445113,0.00661742
52,11,1.01374,0.0453258,0.00721128
52,12,1.01327,0.0462559,0.00778353
52,13,1.01277,0.0472943,0.00833014
52,14,1.01225,0.0484174,0.00884802
52,15,1.01171,0.049595,0.00933432
52,16,1.01115,0.0507962,0.00978624
52,17,1.01057,0.0519926,0.010201
52,18,1.00997,0.0531595,0.0105757
52,19,1.00936,0.0542762,0.0109079
52,20,1.00873,0.0553259,0.0111953
52,21,1.00808,0.0562947,0.0114359
52,22,1.00743,0.0571714,0.011628
52,23,1.00676,0.0579466,0.0117702
52,24,1.00609,0.0586127,0.0118617
52,25,1.00541,0.0591628,0.0119018
52,26,1.00473,0.0595914,0.0118904
52,27,1.00404,0.0598936,0.0118279
52,28,1.00335,0.0600659,0.0117148
52,29,1.00267,0.0601051,0.0115524
52,30,1.00198,0.0600093,0.0113422
52,31,1.0013,0.0597776,0.0110862
52,32,1.00062,0.0594099,0.0107868
52,33,0.999952,0.0589069,0.0104468
52,34,0.99929,0.0582703,0.0100692
52,35,0.998636,0.0575026,0.00965739
52,36,0.997992,0.0566067,0.00921475
52,37,0.997358,0.0555864,0.00874495
52,38,0.996736,0.0544458,0.0082517
52,39,0.996127,0.0531895,0.0077387
52,40,0.995531,0.0518224,0.00720966
52,41,0.994949,0.0503496,0.00666817
52,42,0.994383,0.0487764,0.00611776
52,43,0.993832,0.0471084,0.00556179
52,44,0.993299,0.0453511,0.00500348
52,45,0.992783,0.04351,0.00444587
52,46,0.992287,0.041591,0.00389181
52,47,0.991812,0.0395995,0.00334397
52,48,0.991358,0.0375413,0.00280483
52,49,0.990927,0.0354219,0.00227665
52,50,0.99052,0.0332468,0.0017615
52,51,0.990139,0.0310216,0.00126125
52,52,0.989785,0.0287516,0.000777544
52,53,0.989458,0.026442,0.00031184
52,54,0.989159,0.024098,-0.000134635
52,55,0.98889,0.0217246,-0.000560864
52,56,0.988651,0.0193268,-0.000966055
52,57,0.988442,0.0169092,-0.00134963
52,58,0.988262,0.0144765,-0.00171125
52,59,0.988112,0.012033,-0.00205076
52,60,0.987991,0.00958304,-0.00236825
52,61,0.987897,0.00713074,-0.002664
52,62,0.987829,0.00468005,-0.00293848
52,63,0.987785,0.00223478,-0.00319232
52,64,0.987764,-0.000201391,-0.00342634
52,65,0.987762,-0.00262491,-0.00364147
52,66,0.987778,-0.00503234,-0.00383875
52,67,0.987808,-0.00742032,-0.00401934
52,68,0.987851,-0.00978558,-0.00418444
52,69,0.987902,-0.0121249,-0.00433528
52,70,0.987959,-0.0144352,-0.00447312
52,71,0.98802,-0.0167132,-0.00459922
52,72,0.988081,-0.0189558,-0.00471477
52,73,0.98814,-0.0211599,-0.00482094
52,74,0.988194,-0.0233223,-0.00491881
52,75,0.988243,-0.0254398,-0.00500937
52,76,0.988282,-0.0275092,-0.00509349
52,77,0.988312,-0.029527,-0.00517195
52,78,0.988331,-0.0314898,-0.00524538
52,79,0.988338,-0.0333942,-0.00531427
52,80,0.988332,-0.0352366,-0.00537899
52,81,0.988315,-0.0370134,-0.00543977
52,82,0.988285,-0.0387207,-0.00549668
52,83,0.988244,-0.0403549,-0.00554968
52,84,0.988193,-0.0419122,-0.00559859
52,85,0.988132,-0.0433887,-0.0056431
52,86,0.988065,-0.0447808,-0.00568279
52,87,0.987992,-0.0460849,-0.00571714
52,88,0.987916,-0.0472973,-0.00574552
52,89,0.987839,-0.0484147,-0.00576724
52,90,0.987763,-0.0494342,-0.0057815
52,91,0.98769,-0.0503528,-0.00578745
52,92,0.987624,-0.0511683,-0.00578421
52,93,0.987566,-0.0518786,-0.00577083
52,94,0.987518,-0.0524823,-0.00574634
52,95,0.987484,-0.0529782,-0.00570978
52,96,0.987464,-0.0533661,-0.00566018
52,97,0.98746,-0.0536459,-0.00559659
52,98,0.987474,-0.0538184,-0.00551812
52,99,0.987506,-0.0538848,-0.00542392
52,100,0.987558,-0.0538469,-0.00531326
52,101,0.987629,-0.053707,-0.00518549
52,102,0.987719,-0.053468,-0.00504013
52,103,0.987828,-0.0531335,-0.00487687
52,104,0.987954,-0.0527077,-0.00469557
52,105,0.988097,-0.0521961,-0.00449637
52,106,0.988254,-0.0516053,-0.00427965
52,107,0.988424,-0.0509439,-0.00404609
52,108,0.988605,-0.0502228,-0.00379666
52,109,0.988793,-0.0494557,-0.0035327
52,110,0.988986,-0.0486596,-0.00325582
52,111,0.989182,-0.0478549,-0.00296797
52,112,0.989377,-0.047065,-0.0026714
52,113,0.989569,-0.0463156,-0.00236857
52,114,0.989754,-0.0456326,-0.00206204
52,115,0.989931,-0.0450396,-0.00175433
52,116,0.990095,-0.0445542,-0.00144749
52,117,0.990245,-0.0441819,-0.00114271
52,118,0.99038,-0.0439069,-0.000839767
52,119,0.990496,-0.043676,-0.00053702
52,120,0.990592,-0.0433687,-0.000232638
52,121,0.990668,-0.0427454,7.13799e-05
52,122,0.990722,-0.0413651,0.000361455
52,123,0.990755,-0.0384841,0.000601795
52,124,0.990767,-0.032987,0.000725978
52,125,0.990758,-0.0234921,0.000644677
52,126,0.990723,-0.0088862,0.000283815
52,127,1,-0.00343474,0
53,0,1,0,0
53,1,1.01599,0.00761174,0.000603187
53,2,1.01583,0.0204683,0.00159221
53,3,1.01562,0.0297125,0.00233013
53,4,1.01538,0.035837,0.00294049
53,5,1.01511,0.0396248,0.00351038
53,6,1.01481,0.0418585,0.00408594
53,7,1.01448,0.0431816,0.00468205
53,8,1.01412,0.0440578,0.00529471
53,9,1.01374,0.0447852,0.00591266
53,10,1.01333,0.045532,0.00652461
53,11,1.01289,0.0463772,0.007122
53,12,1.01243,0.0473435,0.00769905
53,13,1.01195,0.0484216,0.00825181
53,14,1.01144,0.0495866,0.00877719
53,15,1.01091,0.0508072,0.00927236
53,16,1.01036,0.0520514,0.00973448
53,17,1.00979,0.0532898,0.0101607
53,18,1.00921,0.0544967,0.0105482
53,19,1.0086,0.0556503,0.0108944
53,20,1.00798,0.0567327,0.011197
53,21,1.00735,0.0577295,0.0114538
53,22,1.00671,0.0586286,0.0116632
53,23,1.00605,0.0594203,0.0118238
53,24,1.00539,0.0600965,0.0119346
53,25,1.00472,0.0606504,0.0119949
53,26,1.00404,0.0610764,0.0120045
53,27,1.00336,0.06137,0.0119635
53,28,1.00267,0.0615276,0.0118725
53,29,1.00199,0.0615467,0.0117325
53,30,1.0013,0.0614258,0.011545
53,31,1.00062,0.0611642,0.0113117
53,32,0.999944,0.0607624,0.0110349
53,33,0.999271,0.0602217,0.0107172
53,34,0.998603,0.0595444,0.0103615
53,35,0.997943,0.0587333,0.0099709
53,36,0.997292,0.0577922,0.00954873
53,37,0.996651,0.0567252,0.00909849
53,38,0.996021,0.055537,0.00862376
53,39,0.995403,0.0542328,0.00812813
53,40,0.994798,0.0528179,0.00761521
53,41,0.994207,0.051298,0.00708856
53,42,0.993632,0.0496788,0.00655162
53,43,0.993073,0.0479661,0.00600776
53,44,0.992532,0.0461659,0.00546016
53,45,0.99201,0.0442839,0.00491188
53,46,0.991509,0.042326,0.00436579
53,47,0.991029,0.0402979,0.00382459
53,48,0.990572,0.0382052,0.00329078
53,49,0.99014,0.0360534,0.00276666
53,50,0.989733,0.0338479,0.00225433
53,51,0.989354,0.031594,0.00175569
53,52,0.989002,0.0292967,0.0012724
53,53,0.988679,0.0269609,0.000805932
53,54,0.988386,0.0245916,0.000357499
53,55,0.988124,0.0221934,-7.18933e-05
53,56,0.987893,0.0197709,-0.00048148
53,57,0.987692,0.0173284,-0.000870725
53,58,0.987522,0.0148703,-0.00123933
53,59,0.987381,0.0124007,-0.00158721
53,60,0.98727,0.00992367,-0.00191451
53,61,0.987186,0.00744316,-0.00222157
53,62,0.987129,0.00496299,-0.00250894
53,63,0.987095,0.00248693,-0.00277731
53,64,0.987084,1.86298e-05,-0.00302756
53,65,0.987093,-0.0024383,-0.00326068
53,66,0.987119,-0.00488031,-0.00347775
53,67,0.987159,-0.00730392,-0.00367995
53,68,0.987212,-0.00970565,-0.0038685
53,69,0.987273,-0.0120821,-0.00404464
53,70,0.987341,-0.0144297,-0.00420961
53,71,0.987412,-0.0167451,-0.00436462
53,72,0.987484,-0.0190249,-0.00451082
53,73,0.987555,-0.0212654,-0.00464929
53,74,0.987623,-0.0234633,-0.00478102
53,75,0.987685,-0.0256149,-0.00490686
53,76,0.98774,-0.0277166,-0.00502756
53,77,0.987787,-0.0297647,-0.00514372
53,78,0.987824,-0.0317556,-0.00525579
53,79,0.987852,-0.0336855,-0.00536409
53,80,0.987869,-0.0355506,-0.00546876
53,81,0.987877,-0.0373472,-0.0055698
53,82,0.987875,-0.0390715,-0.00566706
53,83,0.987864,-0.0407198,-0.00576027
53,84,0.987845,-0.0422884,-0.00584899
53,85,0.98782,-0.0437738,-0.00593269
53,86,0.987791,-0.0451724,-0.00601071
53,87,0.987758,-0.0464809,-0.00608228
53,88,0.987725,-0.0476964,-0.00614657
53,89,0.987693,-0.0488159,-0.00620264
53,90,0.987664,-0.0498369,-0.00624951
53,91,0.987642,-0.0507573,-0.00628615
53,92,0.987627,-0.0515751,-0.00631146
53,93,0.987622,-0.052289,-0.00632436
53,94,0.987629,-0.0528981,-0.00632373
53,95,0.98765,-0.0534019,-0.00630847
53,96,0.987687,-0.0538003,-0.00627749
53,97,0.987741,-0.0540938,-0.00622977
53,98,0.987812,-0.0542834,-0.00616431
53,99,0.987902,-0.0543704,-0.00608024
53,100,0.988011,-0.0543565,-0.00597677
53,101,0.988138,-0.0542439,-0.00585325
53,102,0.988283,-0.0540352,-0.00570919
53,103,0.988446,-0.0537335,-0.00554431
53,104,0.988625,-0.0533426,-0.00535852
53,105,0.988818,-0.0528671,-0.00515203
53,106,0.989023,-0.0523129,-0.0049253
53,107,0.989239,-0.0516878,-0.0046791
53,108,0.989463,-0.0510016,-0.00441454
53,109,0.989692,-0.0502673,-0.00413307
53,110,0.989923,-0.049501,-0.00383649
53,111,0.990153,-0.0487224,-0.00352689
53,112,0.990381,-0.0479541,-0.00320669
53,113,0.990603,-0.0472212,-0.00287852
53,114,0.990815,-0.0465496,-0.00254513
53,115,0.991017,-0.0459629,-0.00220919
53,116,0.991205,-0.0454793,-0.00187294
53,117,0.991377,-0.0451056,-0.00153776
53,118,0.991532,-0.044828,-0.00120375
53,119,0.991668,-0.044595,-0.000869735
53,120,0.991783,-0.0442854,-0.000534663
53,121,0.991877,-0.0436536,-0.000201486
53,122,0.991949,-0.042244,0.000115473
53,123,0.991999,-0.0392887,0.000381198
53,124,0.992029,-0.0336474,0.000535475
53,125,0.992037,-0.0239339,0.000502609
53,126,0.99202,-0.00907383,0.000222052
53,127,1,-0.00343474,0
54,0,1,0,0
54,1,1.01503,0.00766472,0.000585138
54,2,1.01485,0.0208215,0.00153052
54,3,1.01465,0.0302282,0.00224784
54,4,1.01441,0.0364011,0.00284669
54,5,1.01414,0.0401631,0.00340955
54,6,1.01384,0.0423345,0.0039815
54,7,1.01351,0.0435847,0.00457579
54,8,1.01315,0.0443898,0.00518767
54,9,1.01276,0.0450503,0.00580578
54,10,1.01234,0.0457329,0.00641892
54,11,1.0119,0.046514,0.00701868
54,12,1.01143,0.0474145,0.00759939
54,13,1.01094,0.048425,0.00815717
54,14,1.01042,0.0495212,0.00868893
54,15,1.00989,0.050673,0.00919181
54,16,1.00933,0.05185,0.00966292
54,17,1.00875,0.0530244,0.0100994
54,18,1.00816,0.0541717,0.0104983
54,19,1.00755,0.0552714,0.010857
54,20,1.00692,0.0563066,0.0111732
54,21,1.00629,0.0572638,0.0114448
54,22,1.00564,0.0581316,0.0116699
54,23,1.00499,0.0589008,0.0118471
54,24,1.00433,0.0595637,0.0119754
54,25,1.00367,0.0601136,0.012054
54,26,1.003,0.0605448,0.0120826
54,27,1.00233,0.0608526,0.0120613
54,28,1.00166,0.0610328,0.0119905
54,29,1.00099,0.0610824,0.0118712
54,30,1.00032,0.0609991,0.0117047
54,31,0.999654,0.0607815,0.0114926
54,32,0.998993,0.0604291,0.011237
54,33,0.998338,0.0599422,0.0109404
54,34,0.997688,0.0593221,0.0106054
54,35,0.997046,0.0585707,0.0102352
54,36,0.996412,0.0576907,0.00983285
54,37,0.995787,0.0566852,0.00940172
54,38,0.995173,0.055558,0.00894526
54,39,0.994569,0.0543134,0.00846698
54,40,0.993977,0.0529558,0.00797039
54,41,0.993398,0.0514903,0.00745895
54,42,0.992834,0.0499217,0.00693606
54,43,0.992285,0.0482555,0.00640503
54,44,0.991753,0.046497,0.00586903
54,45,0.991239,0.0446516,0.0053311
54,46,0.990744,0.042725,0.0047941
54,47,0.990271,0.0407227,0.00426074
54,48,0.989821,0.0386502,0.00373354
54,49,0.989394,0.0365132,0.0032148
54,50,0.988994,0.0343171,0.00270665
54,51,0.98862,0.0320673,0.00221098
54,52,0.988275,0.0297692,0.00172947
54,53,0.987959,0.0274281,0.00126357
54,54,0.987674,0.025049,0.000814496
54,55,0.987419,0.0226371,0.000383223
54,56,0.987195,0.0201971,-2.9518e-05
54,57,0.987002,0.0177339,-0.000423235
54,58,0.986841,0.0152519,-0.000797677
54,59,0.986709,0.0127557,-0.00115282
54,60,0.986606,0.0102494,-0.00148888
54,61,0.986531,0.00773725,-0.00180625
54,62,0.986482,0.0052232,-0.00210554
54,63,0.986457,0.00271109,-0.00238752
54,64,0.986454,0.000204656,-0.00265311
54,65,0.986471,-0.00229248,-0.00290334
54,66,0.986505,-0.00477679,-0.00313936
54,67,0.986553,-0.00724481,-0.00336234
54,68,0.986614,-0.00969315,-0.00357354
54,69,0.986684,-0.0121185,-0.00377417
54,70,0.986761,-0.0145174,-0.00396546
54,71,0.986842,-0.0168866,-0.00414857
54,72,0.986926,-0.0192228,-0.0043246
54,73,0.987009,-0.0215226,-0.00449453
54,74,0.987091,-0.0237824,-0.00465924
54,75,0.98717,-0.025999,-0.00481947
54,76,0.987244,-0.0281685,-0.00497582
54,77,0.987313,-0.0302875,-0.00512872
54,78,0.987375,-0.0323521,-0.00527844
54,79,0.987431,-0.0343585,-0.00542509
54,80,0.987481,-0.0363028,-0.0055686
54,81,0.987524,-0.0381808,-0.00570875
54,82,0.987561,-0.0399886,-0.00584516
54,83,0.987594,-0.0417219,-0.00597731
54,84,0.987623,-0.0433765,-0.00610453
54,85,0.987648,-0.0449482,-0.00622604
54,86,0.987673,-0.046433,-0.00634094
54,87,0.987698,-0.0478267,-0.00644825
54,88,0.987725,-0.0491254,-0.00654689
54,89,0.987756,-0.0503255,-0.00663573
54,90,0.987792,-0.0514233,-0.00671358
54,91,0.987834,-0.0524159,-0.00677922
54,92,0.987886,-0.0533005,-0.0068314
54,93,0.987948,-0.0540746,-0.00686887
54,94,0.988021,-0.0547365,-0.00689037
54,95,0.988107,-0.055285,-0.0068947
54,96,0.988207,-0.0557192,-0.00688068
54,97,0.988321,-0.0560391,-0.00684719
54,98,0.988451,-0.0562452,-0.00679321
54,99,0.988596,-0.0563386,-0.0067178
54,100,0.988756,-0.0563209,-0.00662018
54,101,0.988931,-0.0561945,-0.00649971
54,102,0.989121,-0.0559622,-0.00635592
54,103,0.989323,-0.0556277,-0.00618856
54,104,0.989538,-0.0551952,-0.00599764
54,105,0.989764,-0.0546704,-0.00578342
54,106,0.989998,-0.0540599,-0.00554645
54,107,0.990239,-0.0533726,-0.00528762
54,108,0.990485,-0.0526194,-0.00500816
54,109,0.990734,-0.0518143,-0.00470966
54,110,0.990983,-0.0509745,-0.00439403
54,111,0.991229,-0.0501207,-0.00406354
54,112,0.991471,-0.0492767,-0.00372076
54,113,0.991705,-0.0484685,-0.00336846
54,114,0.991931,-0.047723,-0.00300955
54,115,0.992144,-0.0470649,-0.00264682
54,116,0.992343,-0.0465137,-0.00228268
54,117,0.992527,-0.0460779,-0.0019187
54,118,0.992694,-0.0457453,-0.00155528
54,119,0.992841,-0.0454651,-0.00119177
54,120,0.992968,-0.0451146,-0.000827899
54,121,0.993075,-0.0444411,-0.000467661
54,122,0.99316,-0.0429734,-0.000125939
54,123,0.993224,-0.0399212,0.000163841
54,124,0.993269,-0.0341239,0.000346668
54,125,0.993295,-0.0241987,0.000359313
54,126,0.993292,-0.00911808,0.00016635
54,127,1,-0.00343474,0
55,0,1,0,0
55,1,1.01404,0.00797536,0.000552349
55,2,1.01389,0.0214313,0.00146591
55,3,1.01369,0.0310184,0.00215886
55,4,1.01346,0.0372701,0.00274334
55,5,1.0132,0.0410469,0.00329864
55,6,1.01291,0.0432061,0.00386589
55,7,1.01259,0.044442,0.00445696
55,8,1.01224,0.045243,0.00506648
55,9,1.01186,0.0459126,0.00568293
55,10,1.01146,0.0466156,0.00629528
55,11,1.01103,0.0474253,0.00689535
55,12,1.01057,0.04836,0.00747764
55,13,1.01009,0.0494085,0.00803836
55,14,1.00959,0.0505453,0.00857444
55,15,1.00906,0.0517394,0.00908301
55,16,1.00852,0.0529594,0.00956114
55,17,1.00796,0.0541762,0.0100059
55,18,1.00738,0.0553644,0.0104144
55,19,1.00678,0.0565024,0.010784
55,20,1.00618,0.0575722,0.0111123
55,21,1.00556,0.0585593,0.011397
55,22,1.00493,0.0594517,0.0116364
55,23,1.00429,0.0602396,0.011829
55,24,1.00364,0.0609149,0.0119736
55,25,1.00299,0.0614708,0.0120696
55,26,1.00233,0.0619014,0.0121163
55,27,1.00167,0.0622021,0.0121139
55,28,1.00101,0.0623692,0.0120628
55,29,1.00034,0.0623998,0.0119636
55,30,0.999676,0.0622921,0.0118175
55,31,0.999013,0.0620451,0.0116262
55,32,0.998353,0.0616589,0.0113915
55,33,0.997696,0.0611343,0.0111158
55,34,0.997045,0.0604733,0.0108015
55,35,0.996399,0.0596782,0.0104516
55,36,0.995761,0.0587524,0.0100691
55,37,0.995132,0.0576996,0.00965714
55,38,0.994511,0.0565243,0.00921914
55,39,0.993902,0.0552312,0.00875846
55,40,0.993304,0.0538253,0.0082785
55,41,0.99272,0.0523121,0.00778267
55,42,0.992151,0.050697,0.0072743
55,43,0.991597,0.0489857,0.00675665
55,44,0.991061,0.047184,0.00623288
55,45,0.990545,0.0452975,0.005706
55,46,0.990049,0.043332,0.00517889
55,47,0.989575,0.041293,0.00465423
55,48,0.989126,0.0391862,0.00413457
55,49,0.988702,0.037017,0.00362221
55,50,0.988305,0.0347908,0.00311929
55,51,0.987936,0.0325127,0.0026277
55,52,0.987597,0.030188,0.00214911
55,53,0.987288,0.0278214,0.00168495
55,54,0.98701,0.0254179,0.00123643
55,55,0.986763,0.0229821,0.000804468
55,56,0.986548,0.0205186,0.000389766
55,57,0.986364,0.0180318,-7.24e-06
55,58,0.986212,0.0155259,-0.000386356
55,59,0.986089,0.0130052,-0.000747625
55,60,0.985994,0.0104736,-0.00109131
55,61,0.985928,0.00793522,-0.0014179
55,62,0.985887,0.00539385,-0.00172805
55,63,0.985869,0.00285331,-0.00202259
55,64,0.985874,0.000317312,-0.00230249
55,65,0.985897,-0.00221046,-0.00256883
55,66,0.985938,-0.00472637,-0.00282277
55,67,0.985993,-0.00722682,-0.00306553
55,68,0.98606,-0.00970819,-0.00329835
55,69,0.986136,-0.0121669,-0.00352244
55,70,0.98622,-0.0145993,-0.00373898
55,71,0.986309,-0.0170018,-0.0039491
55,72,0.986401,-0.0193706,-0.0041538
55,73,0.986495,-0.021702,-0.004354
55,74,0.986588,-0.0239923,-0.00455045
55,75,0.98668,-0.0262375,-0.00474377
55,76,0.986769,-0.0284337,-0.0049344
55,77,0.986854,-0.0305769,-0.00512261
55,78,0.986936,-0.0326631,-0.00530849
55,79,0.987014,-0.0346882,-0.00549195
55,80,0.987088,-0.0366479,-0.00567271
55,81,0.987158,-0.0385382,-0.00585034
55,82,0.987224,-0.0403548,-0.00602423
55,83,0.987289,-0.0420937,-0.00619363
55,84,0.987352,-0.0437507,-0.00635766
55,85,0.987415,-0.0453219,-0.0065153
55,86,0.987479,-0.0468033,-0.00666543
55,87,0.987546,-0.0481914,-0.00680686
55,88,0.987616,-0.0494826,-0.00693829
55,89,0.987692,-0.0506737,-0.00705841
55,90,0.987775,-0.0517619,-0.00716582
55,91,0.987866,-0.0527445,-0.00725914
55,92,0.987967,-0.0536196,-0.00733695
55,93,0.988078,-0.0543853,-0.00739785
55,94,0.988202,-0.0550406,-0.00744047
55,95,0.98834,-0.0555847,-0.00746347
55,96,0.988491,-0.0560174,-0.00746559
55,97,0.988657,-0.0563392,-0.00744563
55,98,0.988837,-0.0565508,-0.00740251
55,99,0.989033,-0.0566536,-0.00733527
55,100,0.989243,-0.0566494,-0.00724309
55,101,0.989467,-0.0565404,-0.00712535
55,102,0.989705,-0.0563293,-0.00698161
55,103,0.989954,-0.0560194,-0.00681166
55,104,0.990214,-0.0556146,-0.00661557
55,105,0.990483,-0.0551196,-0.00639367
55,106,0.99076,-0.0545406,-0.00614663
55,107,0.991041,-0.0538854,-0.00587543
55,108,0.991325,-0.0531642,-0.00558144
55,109,0.991609,-0.0523899,-0.00526636
55,110,0.991892,-0.0515788,-0.00493227
55,111,0.99217,-0.0507507,-0.00458158
55,112,0.992441,-0.0499285,-0.00421699
55,113,0.992703,-0.0491379,-0.00384145
55,114,0.992954,-0.048405,-0.00345798
55,115,0.993191,-0.0477549,-0.00306954
55,116,0.993413,-0.0472074,-0.00267865
55,117,0.993617,-0.0467719,-0.0022871
55,118,0.993803,-0.0464378,-0.0018956
55,119,0.993969,-0.0461553,-0.00150404
55,120,0.994114,-0.0458004,-0.00111301
55,121,0.994237,-0.0451142,-0.000727427
55,122,0.994339,-0.0436128,-0.000362642
55,123,0.99442,-0.0404878,-5.06126e-05
55,124,0.99448,-0.0345658,0.000160716
55,125,0.99452,-0.0244741,0.000221434
55,126,0.994533,-0.00922848,0.000106904
55,127,1,-0.00343474,0
56,0,1,0,0
56,1,1.01303,0.00802709,0.000531013
56,2,1.01287,0.0217478,0.00139651
56,3,1.01268,0.0314748,0.00206479
56,4,1.01245,0.0377617,0.00263473
56,5,1.01219,0.0415062,0.00318078
56,6,1.0119,0.0436011,0.00374234
56,7,1.01158,0.0447645,0.00432927
56,8,1.01123,0.0454953,0.00493535
56,9,1.01085,0.0460991,0.00554899
56,10,1.01045,0.0467384,0.00615939
56,11,1.01001,0.0474838,0.00675862
56,12,1.00955,0.0483524,0.00734137
56,13,1.00906,0.0493324,0.00790391
56,14,1.00856,0.0503991,0.00844318
56,15,1.00803,0.0515228,0.00895628
56,16,1.00748,0.0526736,0.00944024
56,17,1.00691,0.0538238,0.00989207
56,18,1.00633,0.0549493,0.0103089
56,19,1.00573,0.0560297,0.0106879
56,20,1.00512,0.0570483,0.0110266
56,21,1.00451,0.0579913,0.0113229
56,22,1.00388,0.0588476,0.0115749
56,23,1.00324,0.059608,0.0117811
56,24,1.0026,0.0602647,0.0119402
56,25,1.00196,0.0608111,0.0120516
56,26,1.00131,0.0612414,0.0121146
56,27,1.00066,0.0615509,0.0121292
56,28,1.00001,0.0617354,0.0120957
56,29,0.999364,0.0617914,0.0120147
56,30,0.998717,0.0617165,0.0118874
56,31,0.998073,0.0615089,0.0117152
56,32,0.997432,0.0611679,0.0114999
56,33,0.996796,0.0606932,0.0112436
56,34,0.996165,0.0600859,0.0109489
56,35,0.99554,0.0593473,0.0106183
56,36,0.994923,0.0584797,0.0102549
56,37,0.994313,0.0574861,0.0098616
56,38,0.993712,0.0563697,0.00944175
56,39,0.99312,0.0551345,0.00899858
56,40,0.99254,0.0537847,0.00853541
56,41,0.991972,0.052325,0.00805554
56,42,0.991418,0.0507601,0.00756224
56,43,0.990879,0.0490952,0.00705872
56,44,0.990357,0.0473355,0.00654808
56,45,0.989853,0.0454864,0.0060333
56,46,0.98937,0.0435533,0.00551722
56,47,0.988908,0.0415416,0.00500254
56,48,0.98847,0.039457,0.00449176
56,49,0.988056,0.0373047,0.00398718
56,50,0.98767,0.0350904,0.00349091
56,51,0.987311,0.0328193,0.00300485
56,52,0.986982,0.0304969,0.00253062
56,53,0.986682,0.0281282,0.00206966
56,54,0.986414,0.0257185,0.00162309
56,55,0.986176,0.0232727,0.00119184
56,56,0.98597,0.0207957,0.00077653
56,57,0.985795,0.0182921,0.000377553
56,58,0.98565,0.0157666,-4.95614e-06
56,59,0.985535,0.0132235,-0.000371103
56,60,0.985448,0.0106672,-0.000721217
56,61,0.985387,0.00810178,-0.00105584
56,62,0.985352,0.00553125,-0.00137569
56,63,0.98534,0.00295955,-0.00168164
56,64,0.985349,0.000390452,-0.00197473
56,65,0.985378,-0.00217232,-0.00225606
56,66,0.985422,-0.00472512,-0.00252682
56,67,0.985482,-0.00726437,-0.00278824
56,68,0.985553,-0.00978654,-0.00304155
56,69,0.985635,-0.0122881,-0.00328794
56,70,0.985725,-0.0147655,-0.00352858
56,71,0.985821,-0.0172152,-0.0037645
56,72,0.985923,-0.0196337,-0.00399667
56,73,0.986027,-0.0220172,-0.00422588
56,74,0.986133,-0.0243622,-0.00445279
56,75,0.986241,-0.0266648,-0.00467787
56,76,0.986348,-0.0289211,-0.00490142
56,77,0.986456,-0.0311273,-0.00512354
56,78,0.986563,-0.0332791,-0.00534414
56,79,0.986671,-0.0353724,-0.00556292
56,80,0.986778,-0.037403,-0.00577942
56,81,0.986885,-0.0393664,-0.00599298
56,82,0.986993,-0.0412581,-0.00620277
56,83,0.987103,-0.0430737,-0.00640782
56,84,0.987215,-0.0448086,-0.00660702
56,85,0.987331,-0.0464582,-0.00679912
56,86,0.98745,-0.0480181,-0.0069828
56,87,0.987575,-0.0494839,-0.00715664
56,88,0.987707,-0.0508513,-0.00731916
56,89,0.987845,-0.0521162,-0.00746882
56,90,0.987991,-0.0532749,-0.00760407
56,91,0.988147,-0.0543239,-0.00772334
56,92,0.988312,-0.0552602,-0.00782507
56,93,0.988488,-0.0560811,-0.00790773
56,94,0.988674,-0.0567847,-0.00796982
56,95,0.988873,-0.0573694,-0.00800991
56,96,0.989082,-0.0578342,-0.00802666
56,97,0.989304,-0.0581791,-0.00801882
56,98,0.989537,-0.0584042,-0.00798526
56,99,0.989781,-0.0585107,-0.00792502
56,100,0.990037,-0.0585001,-0.00783729
56,101,0.990302,-0.0583749,-0.00772146
56,102,0.990577,-0.058138,-0.00757714
56,103,0.99086,-0.057793,-0.00740419
56,104,0.99115,-0.0573444,-0.00720274
56,105,0.991445,-0.0567978,-0.00697322
56,106,0.991744,-0.0561603,-0.00671639
56,107,0.992045,-0.0554406,-0.00643336
56,108,0.992346,-0.0546499,-0.00612558
56,109,0.992645,-0.0538023,-0.00579489
56,110,0.992941,-0.0529152,-0.0054435
56,111,0.99323,-0.0520095,-0.00507393
56,112,0.993512,-0.0511092,-0.00468902
56,113,0.993785,-0.0502409,-0.00429183
56,114,0.994045,-0.0494319,-0.0038855
56,115,0.994292,-0.0487082,-0.00347308
56,116,0.994523,-0.048091,-0.00305721
56,117,0.994737,-0.0475911,-0.00263988
56,118,0.994933,-0.0471991,-0.00222211
56,119,0.995109,-0.0468655,-0.00180435
56,120,0.995265,-0.0464642,-0.00138804
56,121,0.995399,-0.0457291,-0.000979066
56,122,0.995512,-0.0441633,-0.00059304
56,123,0.995605,-0.0409421,-0.0002597
56,124,0.995678,-0.0348837,-2.12074e-05
56,125,0.995731,-0.0246315,8.46424e-05
56,126,0.995755,-0.00924942,5.51126e-05
56,127,1,-0.00343474,0
57,0,1,0,0
57,1,1.01201,0.00829417,0.000496175
57,2,1.01187,0.0222769,0.00132445
57,3,1.01168,0.0321593,0.00196441
57,4,1.01147,0.0385087,0.00251715
57,5,1.01122,0.0422585,0.00305347
57,6,1.01094,0.0443361,0.00360832
57,7,1.01063,0.0454827,0.00418977
57,8,1.01029,0.0462078,0.00479085
57,9,1.00993,0.0468188,0.00539991
57,10,1.00953,0.0474763,0.00600642
57,11,1.00911,0.0482479,0.00660279
57,12,1.00866,0.0491482,0.00718392
57,13,1.00819,0.0501641,0.0077462
57,14,1.0077,0.0512698,0.00828659
57,15,1.00719,0.0524344,0.00880218
57,16,1.00666,0.0536274,0.00928995
57,17,1.00611,0.0548199,0.0097469
57,18,1.00555,0.0559867,0.0101701
57,19,1.00497,0.0571062,0.0105567
57,20,1.00438,0.0581606,0.0109043
57,21,1.00378,0.0591351,0.0112106
57,22,1.00317,0.0600178,0.0114737
57,23,1.00256,0.0607987,0.0116921
57,24,1.00193,0.0614697,0.0118645
57,25,1.0013,0.0620238,0.0119901
57,26,1.00067,0.0624552,0.0120684
57,27,1.00003,0.0627591,0.0120991
57,28,0.99939,0.0629316,0.0120824
57,29,0.99875,0.0629695,0.0120191
57,30,0.99811,0.0628707,0.01191
57,31,0.997471,0.0626341,0.0117564
57,32,0.996834,0.0622592,0.0115601
57,33,0.9962,0.0617467,0.0113231
57,34,0.99557,0.0610981,0.0110477
57,35,0.994945,0.0603153,0.0107364
57,36,0.994327,0.0594014,0.010392
57,37,0.993716,0.0583599,0.0100175
57,38,0.993113,0.0571947,0.00961597
57,39,0.99252,0.0559103,0.00919058
57,40,0.991939,0.0545116,0.00874454
57,41,0.99137,0.0530038,0.00828107
57,42,0.990816,0.051392,0.00780337
57,43,0.990277,0.0496819,0.00731459
57,44,0.989756,0.0478789,0.00681779
57,45,0.989255,0.0459887,0.0063159
57,46,0.988775,0.0440169,0.00581175
57,47,0.988317,0.041969,0.005308
57,48,0.987885,0.0398505,0.00480713
57,49,0.987478,0.0376669,0.00431144
57,50,0.987099,0.0354234,0.00382299
57,51,0.986749,0.0331252,0.00334367
57,52,0.986428,0.0307774,0.00287507
57,53,0.986138,0.028385,0.00241857
57,54,0.985879,0.0259526,0.00197527
57,55,0.98565,0.0234849,0.00154604
57,56,0.985453,0.0209865,0.00113145
57,57,0.985287,0.0184618,0.000731823
57,58,0.98515,0.015915,0.000347236
57,59,0.985042,0.0133504,-2.24817e-05
57,60,0.984962,0.010772,-0.000377724
57,61,0.984908,0.00818375,-0.000719089
57,62,0.984877,0.00558963,-0.00104736
57,63,0.98487,0.00299345,-0.00136346
57,64,0.984883,0.000399033,-0.00166846
57,65,0.984914,-0.00218987,-0.00196349
57,66,0.984962,-0.00476951,-0.00224977
57,67,0.985024,-0.00733616,-0.00252853
57,68,0.985099,-0.00988605,-0.00280098
57,69,0.985184,-0.0124154,-0.0030683
57,70,0.985278,-0.0149205,-0.00333159
57,71,0.98538,-0.0173973,-0.00359185
57,72,0.985488,-0.0198421,-0.00384994
57,73,0.9856,-0.0222507,-0.00410657
57,74,0.985717,-0.0246192,-0.00436228
57,75,0.985837,-0.0269433,-0.0046174
57,76,0.98596,-0.0292188,-0.00487209
57,77,0.986085,-0.0314415,-0.00512628
57,78,0.986212,-0.0336069,-0.00537971
57,79,0.986342,-0.0357106,-0.0056319
57,80,0.986474,-0.0377481,-0.00588217
57,81,0.98661,-0.0397148,-0.00612967
57,82,0.986748,-0.0416064,-0.00637338
57,83,0.986891,-0.0434182,-0.00661211
57,84,0.987038,-0.0451458,-0.00684454
57,85,0.987191,-0.0467849,-0.00706922
57,86,0.98735,-0.0483314,-0.00728463
57,87,0.987515,-0.0497811,-0.00748915
57,88,0.987688,-0.0511303,-0.00768111
57,89,0.987869,-0.0523755,-0.00785881
57,90,0.988059,-0.0535136,-0.00802051
57,91,0.988259,-0.0545416,-0.00816449
57,92,0.988468,-0.0554572,-0.00828904
57,93,0.988689,-0.0562587,-0.00839251
57,94,0.98892,-0.0569444,-0.00847328
57,95,0.989162,-0.0575137,-0.00852983
57,96,0.989416,-0.0579663,-0.00856072
57,97,0.989682,-0.0583024,-0.00856466
57,98,0.989958,-0.058523,-0.00854047
57,99,0.990245,-0.0586293,-0.00848717
57,100,0.990543,-0.0586233,-0.00840395
57,101,0.99085,-0.0585073,-0.00829021
57,102,0.991166,-0.0582841,-0.00814561
57,103,0.991488,-0.0579573,-0.00797006
57,104,0.991817,-0.0575308,-0.00776376
57,105,0.99215,-0.0570098,-0.00752721
57,106,0.992485,-0.0564003,-0.00726128
57,107,0.992822,-0.0557105,-0.00696717
57,108,0.993157,-0.0549506,-0.00664645
57,109,0.993489,-0.0541335,-0.00630107
57,110,0.993816,-0.0532758,-0.00593335
57,111,0.994136,-0.0523972,-0.00554595
57,112,0.994446,-0.0515209,-0.00514183
57,113,0.994745,-0.0506728,-0.00472415
57,114,0.99503,-0.0498796,-0.00429615
57,115,0.9953,-0.0491672,-0.00386098
57,116,0.995554,-0.048557,-0.00342142
57,117,0.995789,-0.0480607,-0.0029796
57,118,0.996004,-0.0476695,-0.00253691
57,119,0.996199,-0.0473344,-0.00209438
57,120,0.996372,-0.0469273,-0.00165431
57,121,0.996522,-0.0461764,-0.00122346
57,122,0.996651,-0.0445744,-0.000817604
57,123,0.996759,-0.0412853,-0.000464416
57,124,0.996846,-0.0351253,-0.000198547
57,125,0.996912,-0.0247592,-4.55483e-05
57,126,0.99695,-0.0092922,-6.86865e-07
57,127,1,-0.00343474,0
58,0,1,0,0
58,1,1.01096,0.00834305,0.00047176
58,2,1.01082,0.0225534,0.00124773
58,3,1.01064,0.0325506,0.00185912
58,4,1.01042,0.03892,0.00239451
58,5,1.01018,0.0426302,0.00291956
58,6,1.0099,0.0446416,0.00346679
58,7,1.0096,0.0457165,0.00404191
58,8,1.00926,0.0463733,0.00463694
58,9,1.0089,0.0469199,0.00524029
58,10,1.0085,0.0475145,0.00584177
58,11,1.00808,0.0482221,0.00643413
58,12,1.00763,0.0490559,0.00701252
58,13,1.00716,0.0500027,0.00757341
58,14,1.00667,0.0510372,0.00811378
58,15,1.00615,0.0521301,0.00863067
58,16,1.00562,0.0532519,0.00912103
58,17,1.00507,0.0543753,0.0095818
58,18,1.00451,0.0554764,0.01001
58,19,1.00393,0.0565349,0.0104027
58,20,1.00334,0.0575339,0.0107576
58,21,1.00275,0.0584597,0.0110722
58,22,1.00214,0.0593011,0.0113447
58,23,1.00153,0.060049,0.0115735
58,24,1.00091,0.0606957,0.0117573
58,25,1.00029,0.0612345,0.0118953
58,26,0.99967,0.0616598,0.0119867
58,27,0.999047,0.0619665,0.0120316
58,28,0.998424,0.0621504,0.0120299
58,29,0.997802,0.0622081,0.0119822
58,30,0.997182,0.0621367,0.0118895
58,31,0.996564,0.0619344,0.0117529
58,32,0.995949,0.0615999,0.011574
58,33,0.995338,0.0611329,0.0113548
58,34,0.994732,0.060534,0.0110975
58,35,0.994131,0.0598042,0.0108044
58,36,0.993537,0.0589455,0.0104784
58,37,0.99295,0.0579604,0.0101221
58,38,0.992371,0.056852,0.00973859
58,39,0.991801,0.0556239,0.00933091
58,40,0.991242,0.0542802,0.00890217
58,41,0.990695,0.0528252,0.0084555
58,42,0.990162,0.0512635,0.00799402
58,43,0.989644,0.0496,0.00752078
58,44,0.989143,0.0478399,0.0070388
58,45,0.98866,0.0459884,0.00655094
58,46,0.988198,0.0440507,0.00605998
58,47,0.987758,0.0420323,0.00556853
58,48,0.987342,0.0399385,0.00507903
58,49,0.986951,0.0377748,0.00459373
58,50,0.986586,0.0355466,0.00411466
58,51,0.98625,0.0332591,0.00364365
58,52,0.985943,0.0309176,0.00318226
58,53,0.985665,0.0285274,0.00273181
58,54,0.985417,0.0260933,0.00229335
58,55,0.985199,0.0236205,0.00186768
58,56,0.985012,0.0211136,0.00145533
58,57,0.984854,0.0185774,0.00105655
58,58,0.984724,0.0160165,0.000671351
58,59,0.984622,0.0134352,0.000299507
58,60,0.984547,0.0108378,-5.94396e-05
58,61,0.984497,0.00822861,-0.000406143
58,62,0.984469,0.00561158,-0.000741433
58,63,0.984464,0.00299072,-0.00106629
58,64,0.984478,0.000369888,-0.00138179
58,65,0.984511,-0.0022471,-0.00168913
58,66,0.98456,-0.00485648,-0.00198951
58,67,0.984623,-0.00745455,-0.00228416
58,68,0.984699,-0.0100376,-0.0025743
58,69,0.984787,-0.0126019,-0.00286105
58,70,0.984885,-0.0151438,-0.00314548
58,71,0.984992,-0.0176596,-0.00342851
58,72,0.985107,-0.0201453,-0.00371094
58,73,0.985229,-0.0225972,-0.00399336
58,74,0.985359,-0.0250113,-0.0042762
58,75,0.985494,-0.0273836,-0.00455968
58,76,0.985635,-0.0297099,-0.00484378
58,77,0.985783,-0.031986,-0.0051283
58,78,0.985937,-0.0342075,-0.00541278
58,79,0.986097,-0.0363699,-0.00569657
58,80,0.986263,-0.0384686,-0.00597882
58,81,0.986437,-0.040499,-0.00625847
58,82,0.986618,-0.0424563,-0.00653428
58,83,0.986806,-0.0443357,-0.00680488
58,84,0.987002,-0.0461324,-0.00706874
58,85,0.987207,-0.0478415,-0.00732422
58,86,0.98742,-0.0494583,-0.00756958
58,87,0.987643,-0.0509781,-0.00780304
58,88,0.987874,-0.0523963,-0.00802272
58,89,0.988115,-0.0537087,-0.00822676
58,90,0.988366,-0.0549112,-0.00841326
58,91,0.988626,-0.0560001,-0.00858035
58,92,0.988895,-0.0569722,-0.00872618
58,93,0.989174,-0.0578247,-0.00884898
58,94,0.989463,-0.0585553,-0.00894703
58,95,0.98976,-0.0591623,-0.00901873
58,96,0.990067,-0.0596447,-0.00906258
58,97,0.990381,-0.0600021,-0.00907723
58,98,0.990704,-0.060235,-0.0090615
58,99,0.991034,-0.0603441,-0.00901438
58,100,0.99137,-0.0603314,-0.0089351
58,101,0.991712,-0.060199,-0.0088231
58,102,0.992059,-0.0599501,-0.00867807
58,103,0.992409,-0.0595883,-0.0085
58,104,0.992762,-0.0591184,-0.00828915
58,105,0.993116,-0.058546,-0.00804613
58,106,0.99347,-0.0578782,-0.00777187
58,107,0.993822,-0.057124,-0.00746768
58,108,0.99417,-0.0562946,-0.00713522
58,109,0.994514,-0.0554042,-0.00677654
58,110,0.994851,-0.0544702,-0.00639406
58,111,0.99518,-0.0535136,-0.00599054
58,112,0.995499,-0.0525586,-0.00556901
58,113,0.995806,-0.0516322,-0.00513272
58,114,0.9961,-0.0507622,-0.00468499
58,115,0.996379,-0.0499755,-0.00422901
58,116,0.996641,-0.0492949,-0.00376767
58,117,0.996885,-0.0487331,-0.00330326
58,118,0.997109,-0.0482822,-0.00283751
58,119,0.997314,-0.047893,-0.00237204
58,120,0.997496,-0.0474345,-0.00191
58,121,0.997657,-0.0466285,-0.00145904
58,122,0.997796,-0.0449573,-0.00103483
58,123,0.997914,-0.0415756,-0.000662356
58,124,0.998011,-0.0353018,-0.000370334
58,125,0.998087,-0.0248253,-0.000173184
58,126,0.998132,-0.00929619,-4.75602e-05
58,127,1,-0.00343474,0
59,0,1,0,0
59,1,1.0099,0.00856701,0.000434978
59,2,1.00978,0.0230009,0.00116843
59,3,1.00961,0.0331256,0.0017477
59,4,1.00941,0.0395389,0.00226334
59,5,1.00918,0.0432437,0.00277674
59,6,1.00891,0.0452328,0.00331543
59,7,1.00862,0.0462888,0.0038829
59,8,1.0083,0.0469385,0.00447039
59,9,1.00795,0.0474906,0.00506628
59,10,1.00757,0.0481009,0.00566081
59,11,1.00716,0.0488318,0.00624717
59,12,1.00673,0.0496944,0.00682076
59,13,1.00628,0.0506743,0.00737818
59,14,1.0058,0.0517452,0.00791643
59,15,1.00531,0.0528771,0.00843253
59,16,1.0048,0.0540397,0.00892341
59,17,1.00427,0.0552045,0.00938597
59,18,1.00373,0.0563466,0.00981718
59,19,1.00318,0.0574442,0.0102142
59,20,1.00261,0.0584795,0.0105745
59,21,1.00203,0.0594377,0.0108958
59,22,1.00145,0.0603067,0.0111761
59,23,1.00086,0.0610766,0.0114138
59,24,1.00026,0.061739,0.0116077
59,25,0.999658,0.062287,0.0117568
59,26,0.999052,0.0627146,0.0118604
59,27,0.998444,0.063017,0.0119184
59,28,0.997833,0.06319,0.0119308
59,29,0.997222,0.0632303,0.0118982
59,30,0.996612,0.0631358,0.0118212
59,31,0.996002,0.0629047,0.0117011
59,32,0.995394,0.0625367,0.0115393
59,33,0.994789,0.0620319,0.0113377
59,34,0.994188,0.0613915,0.0110983
59,35,0.993592,0.0606173,0.0108235
59,36,0.993001,0.059712,0.0105157
59,37,0.992417,0.0586787,0.0101778
59,38,0.991842,0.0575213,0.0098126
59,39,0.991276,0.0562439,0.00942299
59,40,0.990722,0.0548512,0.00901201
59,41,0.99018,0.0533481,0.0085827
59,42,0.989652,0.0517398,0.00813808
59,43,0.989141,0.0500315,0.00768114
59,44,0.988647,0.0482287,0.00721482
59,45,0.988172,0.0463369,0.00674193
59,46,0.987719,0.0443615,0.00626518
59,47,0.987289,0.0423081,0.00578714
59,48,0.986883,0.0401821,0.00531019
59,49,0.986503,0.0379887,0.00483654
59,50,0.986151,0.0357333,0.00436816
59,51,0.985826,0.0334209,0.00390683
59,52,0.98553,0.0310566,0.00345405
59,53,0.985264,0.0286452,0.00301109
59,54,0.985027,0.0261915,0.00257894
59,55,0.984819,0.0237001,0.00215833
59,56,0.98464,0.0211754,0.00174971
59,57,0.98449,0.018622,0.00135329
59,58,0.984367,0.016044,0.000968995
59,59,0.984271,0.0134457,0.00059654
59,60,0.9842,0.010831,0.000235408
59,61,0.984153,0.00820412,-0.000115111
59,62,0.984128,0.0055689,-0.000455897
59,63,0.984123,0.00292926,-0.000787965
59,64,0.984138,0.000289092,-0.00111244
59,65,0.984171,-0.00234777,-0.00143051
59,66,0.984219,-0.00497747,-0.00174339
59,67,0.984282,-0.00759614,-0.00205232
59,68,0.984359,-0.0101999,-0.00235847
59,69,0.984448,-0.0127848,-0.00266295
59,70,0.984549,-0.0153469,-0.00296676
59,71,0.98466,-0.0178821,-0.00327076
59,72,0.984781,-0.0203863,-0.00357565
59,73,0.984911,-0.0228552,-0.00388194
59,74,0.98505,-0.0252846,-0.00418994
59,75,0.985198,-0.02767,-0.00449973
59,76,0.985355,-0.0300069,-0.00481116
59,77,0.98552,-0.0322909,-0.00512386
59,78,0.985695,-0.0345171,-0.00543724
59,79,0.985878,-0.0366809,-0.00575046
59,80,0.98607,-0.0387775,-0.0060625
59,81,0.986272,-0.0408021,-0.00637211
59,82,0.986483,-0.04275,-0.00667789
59,83,0.986703,-0.0446162,-0.00697827
59,84,0.986933,-0.0463962,-0.00727154
59,85,0.987173,-0.0480853,-0.00755589
59,86,0.987422,-0.049679,-0.0078294
59,87,0.987682,-0.0511731,-0.00809011
59,88,0.987951,-0.0525635,-0.00833598
59,89,0.98823,-0.0538465,-0.00856499
59,90,0.988518,-0.0550187,-0.0087751
59,91,0.988816,-0.056077,-0.00896428
59,92,0.989123,-0.0570188,-0.00913058
59,93,0.989439,-0.0578423,-0.00927209
59,94,0.989765,-0.0585457,-0.009387
59,95,0.990099,-0.0591282,-0.00947361
59,96,0.990441,-0.0595895,-0.00953036
59,97,0.990792,-0.0599297,-0.00955586
59,98,0.99115,-0.0601499,-0.00954888
59,99,0.991515,-0.0602513,-0.00950841
59,100,0.991886,-0.0602361,-0.00943366
59,101,0.992262,-0.0601066,-0.00932411
59,102,0.992643,-0.0598659,-0.00917949
59,103,0.993028,-0.0595177,-0.00899982
59,104,0.993414,-0.0590662,-0.00878545
59,105,0.993801,-0.0585165,-0.00853703
59,106,0.994188,-0.057875,-0.00825559
59,107,0.994572,-0.0571499,-0.00794251
59,108,0.994953,-0.0563514,-0.00759955
59,109,0.995327,-0.0554926,-0.00722884
59,110,0.995694,-0.0545899,-0.00683289
59,111,0.996052,-0.0536631,-0.00641454
59,112,0.996399,-0.0527355,-0.00597692
59,113,0.996733,-0.051833,-0.00552334
59,114,0.997052,-0.050983,-0.00505718
59,115,0.997355,-0.0502122,-0.00458172
59,116,0.997639,-0.049543,-0.0040999
59,117,0.997905,-0.0489888,-0.00361421
59,118,0.998149,-0.0485419,-0.0031267
59,119,0.998372,-0.0481527,-0.00263963
59,120,0.998573,-0.0476879,-0.002157
59,121,0.99875,-0.046864,-0.00168719
59,122,0.998904,-0.0451561,-0.00124576
59,123,0.999037,-0.0417142,-0.000855174
59,124,0.999148,-0.0353644,-0.000536609
59,125,0.999235,-0.0248243,-0.000293794
59,126,0.999293,-0.00928004,-9.91901e-05
59,127,1,-0.00343474,0
60,0,1,0,0
60,1,1.00883,0.00861203,0.000407486
60,2,1.0087,0.0232349,0.00108434
60,3,1.00854,0.0334465,0.00163132
60,4,1.00834,0.0398622,0.00212711
60,5,1.00811,0.043519,0.00262752
60,6,1.00786,0.0454401,0.00315685
60,7,1.00757,0.0464261,0.00371586
60,8,1.00725,0.0470098,0.00429477
60,9,1.0069,0.0474994,0.00488208
60,10,1.00653,0.0480478,0.00546854
60,11,1.00612,0.048715,0.00604774
60,12,1.0057,0.0495108,0.00661538
60,13,1.00525,0.0504208,0.00716816
60,14,1.00477,0.0514196,0.0077031
60,15,1.00428,0.0524783,0.00821719
60,16,1.00377,0.0535679,0.00870731
60,17,1.00324,0.0546613,0.0091703
60,18,1.0027,0.0557346,0.00960313
60,19,1.00215,0.0567676,0.0100029
60,20,1.00159,0.0577433,0.0103671
60,21,1.00101,0.0586481,0.0106933
60,22,1.00044,0.0594707,0.0109796
60,23,0.999852,0.0602019,0.0112244
60,24,0.999264,0.060834,0.0114264
60,25,0.998673,0.0613605,0.0115847
60,26,0.998081,0.0617757,0.0116985
60,27,0.997489,0.0620746,0.0117677
60,28,0.996897,0.0622529,0.0117922
60,29,0.996306,0.062307,0.0117726
60,30,0.995717,0.0622341,0.0117096
60,31,0.995131,0.062032,0.0116043
60,32,0.994548,0.0616994,0.0114581
60,33,0.99397,0.0612356,0.0112727
60,34,0.993396,0.0606409,0.0110501
60,35,0.992828,0.0599162,0.0107926
60,36,0.992266,0.0590632,0.0105025
60,37,0.991712,0.058084,0.0101825
60,38,0.991166,0.0569817,0.00983536
60,39,0.990629,0.0557594,0.00946386
60,40,0.990104,0.054421,0.00907092
60,41,0.98959,0.0529707,0.00865948
60,42,0.98909,0.051413,0.00823246
60,43,0.988606,0.0497525,0.00779277
60,44,0.988138,0.0479943,0.00734322
60,45,0.987689,0.0461433,0.00688658
60,46,0.98726,0.0442048,0.00642546
60,47,0.986853,0.0421841,0.00596234
60,48,0.986469,0.0400864,0.00549955
60,49,0.98611,0.037917,0.00503922
60,50,0.985777,0.0356814,0.00458326
60,51,0.98547,0.0333845,0.00413335
60,52,0.98519,0.0310318,0.00369095
60,53,0.984938,0.0286282,0.00325724
60,54,0.984714,0.0261787,0.00283315
60,55,0.984517,0.0236883,0.00241933
60,56,0.984348,0.0211616,0.00201618
60,57,0.984205,0.0186034,0.00162381
60,58,0.984088,0.0160182,0.00124211
60,59,0.983996,0.0134104,0.000870717
60,60,0.983928,0.0107842,0.00050906
60,61,0.983882,0.00814397,0.000156378
60,62,0.983857,0.00549372,-0.00018825
60,63,0.983852,0.00283747,-0.000525877
60,64,0.983865,0.000179195,-0.000857648
60,65,0.983896,-0.00247722,-0.00118477
60,66,0.983943,-0.00512792,-0.00150846
60,67,0.984005,-0.00776906,-0.00182994
60,68,0.984082,-0.0103968,-0.00215035
60,69,0.984171,-0.0130073,-0.00247078
60,70,0.984274,-0.0155967,-0.00279216
60,71,0.984389,-0.018161,-0.00311528
60,72,0.984517,-0.0206962,-0.00344077
60,73,0.984657,-0.0231984,-0.00376902
60,74,0.984808,-0.0256633,-0.00410025
60,75,0.984972,-0.0280866,-0.0044344
60,76,0.985148,-0.0304641,-0.00477121
60,77,0.985336,-0.0327911,-0.00511014
60,78,0.985537,-0.0350633,-0.00545045
60,79,0.98575,-0.0372757,-0.00579115
60,80,0.985976,-0.0394237,-0.00613104
60,81,0.986215,-0.0415023,-0.00646871
60,82,0.986467,-0.0435066,-0.00680257
60,83,0.986731,-0.0454314,-0.00713089
60,84,0.987008,-0.0472719,-0.00745177
60,85,0.987297,-0.0490228,-0.00776324
60,86,0.987598,-0.0506793,-0.0080632
60,87,0.987911,-0.0522364,-0.00834952
60,88,0.988234,-0.0536895,-0.00862001
60,89,0.988567,-0.0550339,-0.00887249
60,90,0.988911,-0.0562656,-0.00910476
60,91,0.989263,-0.0573805,-0.0093147
60,92,0.989624,-0.0583754,-0.0095002
60,93,0.989993,-0.0592471,-0.00965925
60,94,0.990369,-0.0599934,-0.00978997
60,95,0.990751,-0.0606124,-0.00989057
60,96,0.99114,-0.061103,-0.00995944
60,97,0.991533,-0.0614647,-0.00999514
60,98,0.991931,-0.0616979,-0.00999643
60,99,0.992333,-0.0618036,-0.0099623
60,100,0.992737,-0.0617833,-0.00989198
60,101,0.993143,-0.0616396,-0.00978498
60,102,0.993551,-0.0613755,-0.00964107
60,103,0.993958,-0.0609948,-0.00946033
60,104,0.994365,-0.0605023,-0.00924317
60,105,0.994769,-0.0599038,-0.00899032
60,106,0.995171,-0.0592064,-0.00870287
60,107,0.995568,-0.0584191,-0.00838227
60,108,0.995959,-0.0575531,-0.00803035
60,109,0.996343,-0.0566226,-0.00764932
60,110,0.996719,-0.055645,-0.00724174
60,111,0.997085,-0.0546413,-0.00681052
60,112,0.997439,-0.0536359,-0.00635883
60,113,0.99778,-0.0526558,-0.00589002
60,114,0.998107,-0.0517295,-0.00540752
60,115,0.998417,-0.0508847,-0.00491461
60,116,0.99871,-0.0501453,-0.00441432
60,117,0.998984,-0.0495252,-0.00390928
60,118,0.999238,-0.0490175,-0.00340188
60,119,0.99947,-0.0485714,-0.00289499
60,120,0.99968,-0.048051,-0.00239343
60,121,0.999866,-0.0471667,-0.00190634
60,122,1.00003,-0.0453867,-0.00144885
60,123,1.00017,-0.0418583,-0.00104043
60,124,1.00029,-0.0354185,-0.000696562
60,125,1.00039,-0.0248152,-0.000411164
60,126,1.00045,-0.00927277,-0.000140897
60,127,1,-0.00343474,0
61,0,1,0,0
61,1,1.00775,0.00879336,0.000368613
61,2,1.00764,0.0235993,0.000997532
61,3,1.00749,0.0339075,0.00150878
61,4,1.0073,0.040346,0.00198263
61,5,1.00709,0.0439857,0.00246975
61,6,1.00685,0.0458796,0.00298886
61,7,1.00657,0.0468451,0.00353815
61,8,1.00627,0.0474206,0.00410698
61,9,1.00594,0.0479139,0.00468401
61,10,1.00558,0.0484753,0.00526049
61,11,1.00519,0.0491624,0.00583056
61,12,1.00478,0.0499834,0.0063902
61,13,1.00435,0.050923,0.00693624
61,14,1.0039,0.0519551,0.00746575
61,15,1.00343,0.0530501,0.00797568
61,16,1.00294,0.0541781,0.0084629
61,17,1.00244,0.0553111,0.00892424
61,18,1.00193,0.0564241,0.00935663
61,19,1.0014,0.0574956,0.00975719
61,20,1.00086,0.0585075,0.0101233
61,21,1.00031,0.0594449,0.0104527
61,22,0.999757,0.0602956,0.0107434
61,23,0.999195,0.0610496,0.0109938
61,24,0.998629,0.0616986,0.0112025
61,25,0.998058,0.0622355,0.0113687
61,26,0.997485,0.0626543,0.0114916
61,27,0.99691,0.0629501,0.011571
61,28,0.996334,0.0631187,0.0116069
61,29,0.995758,0.0631566,0.0115997
61,30,0.995182,0.0630614,0.0115501
61,31,0.994609,0.0628315,0.0114592
61,32,0.994037,0.0624661,0.0113282
61,33,0.993469,0.0619651,0.0111589
61,34,0.992906,0.0613296,0.0109531
61,35,0.992347,0.0605611,0.0107129
61,36,0.991795,0.059662,0.0104407
61,37,0.99125,0.0586353,0.0101389
61,38,0.990714,0.0574846,0.00981024
61,39,0.990188,0.0562138,0.00945737
61,40,0.989673,0.0548275,0.0090831
61,41,0.989172,0.0533303,0.00869027
61,42,0.988684,0.0517272,0.00828169
61,43,0.988213,0.0500234,0.00786016
61,44,0.987759,0.0482242,0.00742843
61,45,0.987325,0.046335,0.00698915
61,46,0.986911,0.0443611,0.00654486
61,47,0.98652,0.0423078,0.00609797
61,48,0.986151,0.0401806,0.00565071
61,49,0.985808,0.0379847,0.00520513
61,50,0.985489,0.0357251,0.00476307
61,51,0.985197,0.0334071,0.00432615
61,52,0.984931,0.0310354,0.00389572
61,53,0.984691,0.0286149,0.00347289
61,54,0.984478,0.0261503,0.00305852
61,55,0.984292,0.0236461,0.00265319
61,56,0.984131,0.0211069,0.0022572
61,57,0.983995,0.018537,0.0018706
61,58,0.983883,0.0159405,0.00149322
61,59,0.983794,0.0133218,0.00112462
61,60,0.983728,0.0106848,0.000764181
61,61,0.983682,0.00803355,0.000411086
61,62,0.983657,0.00537211,6.43732e-05
61,63,0.98365,0.00270438,-0.00027704
61,64,0.983662,3.42883e-05,-0.000614321
61,65,0.98369,-0.00263425,-0.000948682
61,66,0.983735,-0.0052973,-0.00128135
61,67,0.983795,-0.0079509,-0.00161351
61,68,0.98387,-0.0105911,-0.00194629
61,69,0.98396,-0.0132137,-0.00228071
61,70,0.984065,-0.0158147,-0.00261767
61,71,0.984184,-0.0183898,-0.00295788
61,72,0.984317,-0.0209348,-0.00330187
61,73,0.984465,-0.0234452,-0.00364997
61,74,0.984627,-0.0259165,-0.00400224
61,75,0.984803,-0.0283442,-0.00435855
61,76,0.984995,-0.0307235,-0.00471848
61,77,0.985201,-0.0330497,-0.00508138
61,78,0.985422,-0.0353178,-0.00544634
61,79,0.985658,-0.0375229,-0.00581225
61,80,0.985909,-0.0396601,-0.00617774
61,81,0.986175,-0.0417243,-0.00654126
61,82,0.986455,-0.0437105,-0.00690107
61,83,0.986749,-0.0456137,-0.00725527
61,84,0.987056,-0.047429,-0.00760182
61,85,0.987376,-0.0491516,-0.00793858
61,86,0.987708,-0.0507768,-0.00826332
61,87,0.988052,-0.0523001,-0.00857375
61,88,0.988407,-0.0537173,-0.00886755
61,89,0.988771,-0.0550245,-0.00914238
61,90,0.989145,-0.056218,-0.00939594
61,91,0.989528,-0.0572947,-0.00962595
61,92,0.989919,-0.0582519,-0.00983021
61,93,0.990317,-0.0590873,-0.0100066
61,94,0.990722,-0.0597993,-0.0101531
61,95,0.991132,-0.060387,-0.0102679
61,96,0.991549,-0.0608498,-0.0103493
61,97,0.99197,-0.061188,-0.0103959
61,98,0.992396,-0.0614026,-0.0104062
61,99,0.992826,-0.061495,-0.0103794
61,100,0.993258,-0.0614672,-0.0103146
61,101,0.993693,-0.0613219,-0.0102113
61,102,0.994129,-0.0610622,-0.0100694
61,103,0.994566,-0.060692,-0.00988903
61,104,0.995002,-0.0602155,-0.00967052
61,105,0.995437,-0.0596382,-0.00941471
61,106,0.995868,-0.0589664,-0.00912275
61,107,0.996295,-0.0582083,-0.00879615
61,108,0.996717,-0.0573743,-0.00843679
61,109,0.997131,-0.0564772,-0.00804693
61,110,0.997536,-0.0555334,-0.00762919
61,111,0.997931,-0.0545628,-0.00718654
61,112,0.998313,-0.0535886,-0.0067222
61,113,0.998681,-0.0526369,-0.00623955
61,114,0.999033,-0.0517353,-0.00574204
61,115,0.999369,-0.0509112,-0.00523301
61,116,0.999685,-0.0501882,-0.00471553
61,117,0.999981,-0.0495802,-0.0041924
61,118,1.00025,-0.04908,-0.00366636
61,119,1.00051,-0.0486359,-0.00314088
61,120,1.00073,-0.0481091,-0.00262162
61,121,1.00094,-0.0472059,-0.0021183
61,122,1.00112,-0.0453905,-0.00164565
61,123,1.00127,-0.0418119,-0.0012204
61,124,1.0014,-0.0353225,-0.000850755
61,125,1.00151,-0.0247022,-0.000521696
61,126,1.00159,-0.00920451,-0.000188482
61,127,1,-0.00343474,0
62,0,1,0,0
62,1,1.00666,0.00883383,0.000337799
62,2,1.00655,0.0237879,0.000905523
62,3,1.0064,0.0341517,0.00138099
62,4,1.00623,0.0405725,0.00183289
62,5,1.00602,0.0441551,0.00230558
62,6,1.00578,0.0459796,0.00281372
62,7,1.00551,0.0468772,0.00335247
62,8,1.00521,0.0473898,0.00391019
62,9,1.00489,0.0478226,0.00447579
62,10,1.00454,0.0483231,0.00504116
62,11,1.00416,0.0489466,0.00560091
62,12,1.00375,0.0497004,0.00615135
62,13,1.00332,0.0505694,0.00668945
62,14,1.00288,0.0515284,0.00721227
62,15,1.00241,0.0525487,0.00771676
62,16,1.00192,0.0536019,0.00819974
62,17,1.00142,0.0546611,0.008658
62,18,1.00091,0.0557024,0.00908846
62,19,1.00039,0.0567057,0.00948823
62,20,0.999851,0.0576538,0.00985469
62,21,0.99931,0.058533,0.0101855
62,22,0.998762,0.0593321,0.0104788
62,23,0.998209,0.0600418,0.0107329
62,24,0.997654,0.0606546,0.0109465
62,25,0.997097,0.0611638,0.0111186
62,26,0.996539,0.0615639,0.0112487
62,27,0.995982,0.0618499,0.0113364
62,28,0.995426,0.0620176,0.0113818
62,29,0.994873,0.0620634,0.0113852
62,30,0.994322,0.0619843,0.0113474
62,31,0.993776,0.0617781,0.0112693
62,32,0.993233,0.0614434,0.0111522
62,33,0.992696,0.0609793,0.0109978
62,34,0.992165,0.0603859,0.0108077
62,35,0.99164,0.059664,0.0105842
62,36,0.991123,0.0588149,0.0103293
62,37,0.990613,0.0578407,0.0100455
62,38,0.990113,0.0567441,0.00973525
62,39,0.989623,0.0555281,0.00940125
62,40,0.989144,0.0541965,0.00904614
62,41,0.988678,0.0527531,0.00867262
62,42,0.988226,0.0512023,0.00828341
62,43,0.987789,0.0495486,0.00788118
62,44,0.987368,0.0477969,0.00746857
62,45,0.986966,0.0459519,0.00704812
62,46,0.986582,0.0440189,0.00662226
62,47,0.98622,0.0420029,0.00619329
62,48,0.985879,0.0399091,0.00576335
62,49,0.98556,0.0377427,0.00533439
62,50,0.985264,0.0355088,0.00490814
62,51,0.984993,0.0332126,0.00448613
62,52,0.984745,0.0308592,0.00406962
62,53,0.984521,0.0284536,0.00365964
62,54,0.984322,0.0260006,0.00325694
62,55,0.984146,0.0235051,0.00286202
62,56,0.983994,0.0209718,0.00247512
62,57,0.983864,0.0184052,0.00209622
62,58,0.983757,0.01581,0.00172505
62,59,0.98367,0.0131904,0.00136113
62,60,0.983604,0.0105508,0.00100378
62,61,0.983558,0.00789528,0.000652133
62,62,0.98353,0.00522805,0.0003052
62,63,0.983521,0.00255312,-3.81332e-05
62,64,0.983529,-0.000125494,-0.00037905
62,65,0.983554,-0.00280385,-0.000718768
62,66,0.983596,-0.00547801,-0.0010585
62,67,0.983653,-0.00814406,-0.00139942
62,68,0.983727,-0.010798,-0.00174262
62,69,0.983818,-0.013436,-0.00208909
62,70,0.983924,-0.0160539,-0.00243964
62,71,0.984047,-0.0186478,-0.00279493
62,72,0.984187,-0.0212134,-0.00315541
62,73,0.984345,-0.0237466,-0.0035213
62,74,0.984519,-0.026243,-0.00389259
62,75,0.984712,-0.0286982,-0.004269
62,76,0.984922,-0.0311078,-0.00465002
62,77,0.985151,-0.033467,-0.00503486
62,78,0.985398,-0.0357711,-0.00542249
62,79,0.985663,-0.0380152,-0.00581164
62,80,0.985946,-0.0401944,-0.00620082
62,81,0.986246,-0.0423036,-0.00658832
62,82,0.986564,-0.0443377,-0.00697227
62,83,0.986898,-0.0462914,-0.00735061
62,84,0.987248,-0.0481596,-0.00772116
62,85,0.987612,-0.0499371,-0.00808162
62,86,0.987991,-0.0516186,-0.00842964
62,87,0.988382,-0.0531993,-0.00876276
62,88,0.988784,-0.0546742,-0.00907854
62,89,0.989197,-0.0560386,-0.00937451
62,90,0.989619,-0.0572881,-0.00964822
62,91,0.990049,-0.0584188,-0.00989728
62,92,0.990487,-0.0594271,-0.0101194
62,93,0.99093,-0.0603098,-0.0103123
62,94,0.991379,-0.0610645,-0.010474
62,95,0.991831,-0.0616892,-0.0106025
62,96,0.992287,-0.0621827,-0.010696
62,97,0.992746,-0.0625444,-0.0107532
62,98,0.993206,-0.0627747,-0.0107725
62,99,0.993667,-0.0628744,-0.0107531
62,100,0.994128,-0.0628453,-0.0106941
62,101,0.994589,-0.0626897,-0.0105951
62,102,0.995048,-0.0624108,-0.0104559
62,103,0.995505,-0.0620124,-0.0102767
62,104,0.995958,-0.0614994,-0.0100579
62,105,0.996408,-0.0608774,-0.00980037
62,106,0.996852,-0.0601536,-0.00950534
62,107,0.99729,-0.0593371,-0.00917434
62,108,0.997721,-0.0584389,-0.00880929
62,109,0.998144,-0.0574731,-0.00841249
62,110,0.998556,-0.056457,-0.0079866
62,111,0.998958,-0.0554116,-0.0075346
62,112,0.999347,-0.0543613,-0.00705973
62,113,0.999721,-0.0533334,-0.00656539
62,114,1.00008,-0.0523567,-0.00605502
62,115,1.00042,-0.0514596,-0.00553195
62,116,1.00075,-0.0506669,-0.00499931
62,117,1.00105,-0.0499932,-0.00446003
62,118,1.00133,-0.0494312,-0.0039172
62,119,1.00159,-0.048928,-0.00337487
62,120,1.00183,-0.0483416,-0.00283948
62,121,1.00204,-0.0473736,-0.00232132
62,122,1.00223,-0.0454846,-0.00183446
62,123,1.00239,-0.0418275,-0.00139248
62,124,1.00253,-0.0352721,-0.000998432
62,125,1.00264,-0.0246315,-0.000628894
62,126,1.00272,-0.00919037,-0.000225313
62,127,1,-0.00343474,0
63,0,1,0,0
63,1,1.00557,0.00897258,0.000296424
63,2,1.00548,0.0240668,0.000810493
63,3,1.00534,0.0344924,0.00124682
63,4,1.00517,0.0409125,0.00167498
63,5,1.00498,0.0444657,0.00213303
63,6,1.00475,0.0462584,0.00262936
63,7,1.0045,0.0471344,0.00315629
63,8,1.00422,0.047638,0.00370141
63,9,1.00391,0.0480727,0.00425388
63,10,1.00358,0.0485831,0.00480625
63,11,1.00322,0.0492225,0.00535372
63,12,1.00283,0.0499973,0.00589291
63,13,1.00243,0.0508917,0.00642095
63,14,1.002,0.05188,0.00693493
63,15,1.00156,0.0529331,0.00743179
63,16,1.0011,0.0540217,0.00790835
63,17,1.00062,0.0551179,0.00836138
63,18,1.00013,0.0561969,0.00878782
63,19,0.999635,0.0572372,0.00918477
63,20,0.999128,0.0582205,0.00954963
63,21,0.998612,0.059132,0.00988012
63,22,0.998089,0.0599593,0.0101743
63,23,0.997562,0.0606924,0.0104305
63,24,0.99703,0.0613228,0.0106476
63,25,0.996496,0.0618436,0.0108245
63,26,0.99596,0.0622488,0.0109607
63,27,0.995424,0.0625333,0.0110558
63,28,0.994888,0.0626929,0.01111
63,29,0.994353,0.0627242,0.0111235
63,30,0.993821,0.0626247,0.011097
63,31,0.993291,0.0623925,0.0110315
63,32,0.992766,0.0620267,0.0109282
63,33,0.992245,0.0615272,0.0107887
63,34,0.99173,0.0608948,0.0106146
63,35,0.991222,0.0601309,0.010408
63,36,0.99072,0.0592377,0.0101708
63,37,0.990228,0.0582181,0.00990551
63,38,0.989745,0.0570752,0.00961442
63,39,0.989273,0.0558131,0.00930005
63,40,0.988813,0.054436,0.00896494
63,41,0.988366,0.0529484,0.0086117
63,42,0.987933,0.0513551,0.00824291
63,43,0.987516,0.0496612,0.00786114
63,44,0.987117,0.0478719,0.0074689
63,45,0.986735,0.0459922,0.00706861
63,46,0.986373,0.0440276,0.0066626
63,47,0.98603,0.0419832,0.00625305
63,48,0.985709,0.0398643,0.005842
63,49,0.985409,0.0376759,0.00543128
63,50,0.985132,0.0354231,0.00502253
63,51,0.984877,0.0331108,0.00461717
63,52,0.984644,0.030744,0.00421636
63,53,0.984434,0.0283273,0.00382103
63,54,0.984246,0.0258653,0.00343185
63,55,0.984079,0.0233625,0.00304923
63,56,0.983934,0.0208233,0.0026733
63,57,0.98381,0.0182521,0.00230397
63,58,0.983706,0.0156529,0.00194092
63,59,0.983621,0.0130299,0.00158358
63,60,0.983555,0.0103872,0.00123123
63,61,0.983507,0.00772882,0.000882959
63,62,0.983477,0.00505865,0.000537727
63,63,0.983464,0.00238066,0.000194402
63,64,0.983469,-0.000301208,-0.000148211
63,65,0.98349,-0.00298299,-0.000491331
63,66,0.983528,-0.00566072,-0.000836159
63,67,0.983584,-0.00833038,-0.00118385
63,68,0.983657,-0.0109879,-0.00153545
63,69,0.983747,-0.0136291,-0.00189189
63,70,0.983856,-0.0162498,-0.00225395
63,71,0.983983,-0.0188457,-0.00262219
63,72,0.984129,-0.0214122,-0.002997
63,73,0.984295,-0.023945,-0.0033785
63,74,0.98448,-0.0264394,-0.00376658
63,75,0.984686,-0.0288906,-0.00416086
63,76,0.984912,-0.0312937,-0.00456071
63,77,0.985158,-0.0336439,-0.00496524
63,78,0.985424,-0.0359361,-0.00537328
63,79,0.98571,-0.0381652,-0.00578346
63,80,0.986016,-0.040326,-0.00619416
63,81,0.98634,-0.0424135,-0.00660354
63,82,0.986682,-0.0444223,-0.00700961
63,83,0.987041,-0.0463474,-0.00741018
63,84,0.987416,-0.0481837,-0.00780296
63,85,0.987806,-0.0499263,-0.00818552
63,86,0.988209,-0.0515702,-0.00855537
63,87,0.988624,-0.0531109,-0.00890996
63,88,0.989051,-0.054544,-0.0092467
63,89,0.989487,-0.0558654,-0.009563
63,90,0.989932,-0.0570712,-0.00985632
63,91,0.990384,-0.0581583,-0.0101241
63,92,0.990843,-0.0591237,-0.010364
63,93,0.991308,-0.059965,-0.0105737
63,94,0.991778,-0.0606806,-0.0107509
63,95,0.992251,-0.0612693,-0.0108938
63,96,0.992728,-0.0617306,-0.0110004
63,97,0.993208,-0.0620646,-0.0110691
63,98,0.99369,-0.0622723,-0.0110987
63,99,0.994173,-0.0623551,-0.0110881
63,100,0.994657,-0.0623151,-0.0110364
63,101,0.995141,-0.062155,-0.0109432
63,102,0.995625,-0.061878,-0.0108084
63,103,0.996107,-0.061488,-0.010632
63,104,0.996587,-0.0609895,-0.0104147
63,105,0.997064,-0.0603879,-0.0101573
63,106,0.997536,-0.0596896,-0.00986089
63,107,0.998003,-0.0589028,-0.0095272
63,108,0.998462,-0.0580378,-0.00915813
63,109,0.998914,-0.0571074,-0.00875601
63,110,0.999355,-0.0561277,-0.00832352
63,111,0.999785,-0.0551187,-0.00786367
63,112,1.0002,-0.0541034,-0.00737972
63,113,1.0006,-0.053108,-0.00687506
63,114,1.00099,-0.0521607,-0.00635315
63,115,1.00136,-0.0512893,-0.00581733
63,116,1.0017,-0.0505178,-0.00527076
63,117,1.00203,-0.0498608,-0.00471654
63,118,1.00233,-0.04931,-0.00415809
63,119,1.00261,-0.0488107,-0.00360007
63,120,1.00287,-0.0482184,-0.00304964
63,121,1.00309,-0.0472314,-0.00251754
63,122,1.0033,-0.0453098,-0.0020172
63,123,1.00348,-0.0416138,-0.00155945
63,124,1.00363,-0.0350349,-0.00114056
63,125,1.00375,-0.0244194,-0.000729819
63,126,1.00384,-0.0090746,-0.000269381
63,127,1,-0.00343474,0
64,0,1,0,0
64,1,1.00447,0.00900771,0.000261807
64,2,1.00438,0.0242058,0.00070962
64,3,1.00425,0.0346517,0.00110696
64,4,1.00409,0.0410317,0.00151148
64,5,1.0039,0.0445182,0.00195388
64,6,1.00368,0.0462406,0.00243766
64,7,1.00344,0.0470517,0.00295192
64,8,1.00316,0.0474955,0.00348333
64,9,1.00286,0.047872,0.00402151
64,10,1.00253,0.0483225,0.00455969
64,11,1.00218,0.0488984,0.00509365
64,12,1.0018,0.0496055,0.00562035
64,13,1.0014,0.0504285,0.00613705
64,14,1.00098,0.0513426,0.00664089
64,15,1.00054,0.0523197,0.00712877
64,16,1.00008,0.0533315,0.0075975
64,17,0.999612,0.0543516,0.00804385
64,18,0.999129,0.0553562,0.00846474
64,19,0.998635,0.0563248,0.00885729
64,20,0.998133,0.0572405,0.00921892
64,21,0.997624,0.0580893,0.00954737
64,22,0.99711,0.0588601,0.0098407
64,23,0.996593,0.0595435,0.0100974
64,24,0.996075,0.0601321,0.0103161
64,25,0.995555,0.0606195,0.010496
64,26,0.995037,0.061,0.0106365
64,27,0.994521,0.0612689,0.0107373
64,28,0.994009,0.061422,0.0107986
64,29,0.9935,0.0614558,0.0108206
64,30,0.992996,0.0613674,0.0108041
64,31,0.992498,0.0611544,0.0107499
64,32,0.992007,0.0608154,0.0106593
64,33,0.991522,0.0603495,0.0105338
64,34,0.991045,0.0597566,0.010375
64,35,0.990577,0.0590373,0.0101847
64,36,0.990117,0.0581929,0.00996511
64,37,0.989667,0.0572253,0.00971829
64,38,0.989227,0.0561369,0.00944657
64,39,0.988798,0.0549306,0.00915232
64,40,0.988381,0.0536099,0.00883796
64,41,0.987977,0.0521785,0.00850595
64,42,0.987587,0.0506407,0.00815874
64,43,0.987212,0.0490007,0.00779877
64,44,0.986852,0.0472631,0.00742841
64,45,0.986508,0.0454328,0.00704995
64,46,0.986182,0.0435146,0.00666558
64,47,0.985873,0.0415135,0.00627735
64,48,0.985583,0.0394345,0.00588716
64,49,0.985312,0.0372826,0.00549672
64,50,0.98506,0.035063,0.00510755
64,51,0.984827,0.0327805,0.00472094
64,52,0.984614,0.0304401,0.00433796
64,53,0.984421,0.0280467,0.00395941
64,54,0.984246,0.0256051,0.00358586
64,55,0.98409,0.02312,0.00321762
64,56,0.983953,0.020596,0.00285474
64,57,0.983833,0.0180376,0.00249706
64,58,0.983732,0.0154492,0.00214416
64,59,0.983648,0.0128352,0.00179543
64,60,0.983581,0.0101998,0.00145008
64,61,0.983531,0.00754709,0.00110717
64,62,0.983497,0.00488122,0.000765613
64,63,0.983481,0.00220622,0.00042427
64,64,0.983481,-0.00047392,8.19316e-05
64,65,0.983498,-0.00315523,-0.000262616
64,66,0.983533,-0.00583374,-0.000610561
64,67,0.983587,-0.00850549,-0.000963024
64,68,0.983658,-0.0111665,-0.00132102
64,69,0.98375,-0.0138127,-0.00168544
64,70,0.983861,-0.01644,-0.00205698
64,71,0.983993,-0.0190443,-0.00243616
64,72,0.984146,-0.0216214,-0.00282327
64,73,0.984322,-0.0241669,-0.00321835
64,74,0.98452,-0.0266765,-0.0036212
64,75,0.984741,-0.0291455,-0.00403134
64,76,0.984985,-0.0315695,-0.00444805
64,77,0.985252,-0.0339435,-0.00487031
64,78,0.985542,-0.0362628,-0.00529687
64,79,0.985854,-0.0385223,-0.00572623
64,80,0.986188,-0.0407171,-0.00615666
64,81,0.986544,-0.0428418,-0.00658621
64,82,0.986919,-0.0448913,-0.00701276
64,83,0.987313,-0.0468603,-0.00743403
64,84,0.987725,-0.0487435,-0.00784758
64,85,0.988152,-0.0505354,-0.00825089
64,86,0.988595,-0.052231,-0.00864133
64,87,0.98905,-0.053825,-0.00901624
64,88,0.989517,-0.0553123,-0.00937291
64,89,0.989994,-0.0566884,-0.00970864
64,90,0.99048,-0.0579485,-0.0100208
64,91,0.990973,-0.0590886,-0.0103067
64,92,0.991471,-0.0601049,-0.0105638
64,93,0.991975,-0.0609942,-0.0107897
64,94,0.992482,-0.0617539,-0.0109823
64,95,0.992991,-0.0623818,-0.0111393
64,96,0.993502,-0.0628766,-0.0112588
64,97,0.994014,-0.0632378,-0.0113394
64,98,0.994526,-0.0634653,-0.0113795
64,99,0.995037,-0.0635601,-0.011378
64,100,0.995546,-0.0635238,-0.0113342
64,101,0.996053,-0.0633587,-0.0112476
64,102,0.996557,-0.0630679,-0.0111181
64,103,0.997057,-0.0626554,-0.0109457
64,104,0.997553,-0.0621257,-0.0107311
64,105,0.998043,-0.0614847,-0.0104751
64,106,0.998526,-0.0607395,-0.010179
64,107,0.999003,-0.0598988,-0.00984436
64,108,0.999471,-0.0589738,-0.00947312
64,109,0.999929,-0.0579784,-0.00906764
64,110,1.00038,-0.0569297,-0.0086306
64,111,1.00081,-0.0558485,-0.00816502
64,112,1.00124,-0.0547594,-0.00767412
64,113,1.00164,-0.0536897,-0.00716132
64,114,1.00203,-0.0526687,-0.00663001
64,115,1.00241,-0.0517254,-0.00608354
64,116,1.00276,-0.0508851,-0.00552508
64,117,1.00309,-0.0501624,-0.00495787
64,118,1.0034,-0.0495491,-0.00438565
64,119,1.00369,-0.0489886,-0.00381363
64,120,1.00395,-0.0483331,-0.00324967
64,121,1.00419,-0.0472778,-0.00270491
64,122,1.0044,-0.0452826,-0.00219194
64,123,1.00458,-0.0415167,-0.00171845
64,124,1.00474,-0.0348948,-0.00127632
64,125,1.00487,-0.0242973,-0.000827657
64,126,1.00497,-0.0090565,-0.000301902
64,127,1,-0.00343474,0
65,0,1,0,0
65,1,1.00337,0.00910295,0.000217313
65,2,1.00329,0.024394,0.000605348
65,3,1.00317,0.0348624,0.000960435
65,4,1.00302,0.0412161,0.00133979
65,5,1.00285,0.0446609,0.00176636
65,6,1.00265,0.0463478,0.0022367
65,7,1.00242,0.0471368,0.00273696
65,8,1.00216,0.0475711,0.00325314
65,9,1.00187,0.0479475,0.00377529
65,10,1.00156,0.0484045,0.00429742
65,11,1.00123,0.0489921,0.0048159
65,12,1.00087,0.0497155,0.00532807
65,13,1.00049,0.0505591,0.00583131
65,14,1.00009,0.051498,0.00632283
65,15,0.999678,0.0525037,0.00679954
65,16,0.999247,0.0535472,0.00725825
65,17,0.998802,0.0546011,0.00769576
65,18,0.998346,0.0556407,0.008109
65,19,0.997879,0.0566443,0.00849514
65,20,0.997405,0.0575938,0.00885164
65,21,0.996923,0.0584741,0.00917627
65,22,0.996437,0.0592729,0.00946716
65,23,0.995947,0.0599802,0.00972278
65,24,0.995455,0.0605875,0.00994193
65,25,0.994962,0.0610879,0.0101237
65,26,0.994469,0.0614754,0.0102677
65,27,0.993978,0.0617451,0.0103736
65,28,0.99349,0.0618927,0.0104414
65,29,0.993006,0.0619149,0.0104717
65,30,0.992526,0.061809,0.0104649
65,31,0.992051,0.0615731,0.0104221
65,32,0.991583,0.0612064,0.0103444
65,33,0.991122,0.0607086,0.0102332
65,34,0.990669,0.0600802,0.0100901
65,35,0.990224,0.0593227,0.00991686
65,36,0.989789,0.058438,0.00971548
65,37,0.989363,0.0574287,0.00948799
65,38,0.988949,0.0562981,0.00923657
65,39,0.988546,0.0550499,0.00896346
65,40,0.988156,0.0536881,0.00867097
65,41,0.987778,0.052217,0.00836141
65,42,0.987415,0.0506415,0.00803709
65,43,0.987066,0.0489662,0.00770031
65,44,0.986733,0.0471962,0.00735329
65,45,0.986416,0.0453366,0.0069982
65,46,0.986115,0.0433924,0.00663708
65,47,0.985831,0.0413687,0.00627184
65,48,0.985564,0.0392706,0.00590425
65,49,0.985314,0.037103,0.00553589
65,50,0.985082,0.0348709,0.00516815
65,51,0.984867,0.0325791,0.00480218
65,52,0.98467,0.0302323,0.00443894
65,53,0.984489,0.0278351,0.00407911
65,54,0.984325,0.025392,0.00372316
65,55,0.984178,0.0229073,0.00337128
65,56,0.984047,0.0203854,0.00302345
65,57,0.983931,0.0178303,0.00267939
65,58,0.983832,0.0152464,0.00233863
65,59,0.983748,0.0126374,0.00200049
65,60,0.983679,0.0100076,0.00166412
65,61,0.983626,0.00736065,0.00132853
65,62,0.98359,0.00470063,0.000992627
65,63,0.983569,0.00203142,0.000655229
65,64,0.983566,-0.000643095,0.000315132
65,65,0.98358,-0.00331897,-2.88746e-05
65,66,0.983613,-0.00599223,-0.000377957
65,67,0.983664,-0.00865884,-0.000733207
65,68,0.983736,-0.0113147,-0.0010956
65,69,0.983828,-0.0139557,-0.00146596
65,70,0.983943,-0.0165774,-0.00184494
65,71,0.98408,-0.0191756,-0.00223298
65,72,0.98424,-0.0217456,-0.00263029
65,73,0.984425,-0.024283,-0.00303684
65,74,0.984634,-0.026783,-0.00345232
65,75,0.984867,-0.0292407,-0.00387619
65,76,0.985126,-0.0316512,-0.00430761
65,77,0.985408,-0.0340095,-0.00474548
65,78,0.985715,-0.0363104,-0.00518845
65,79,0.986046,-0.0385487,-0.00563492
65,80,0.986399,-0.0407191,-0.00608307
65,81,0.986773,-0.0428165,-0.00653087
65,82,0.987167,-0.0448354,-0.00697609
65,83,0.987581,-0.0467706,-0.00741636
65,84,0.988011,-0.0486171,-0.00784915
65,85,0.988457,-0.0503695,-0.00827184
65,86,0.988917,-0.0520231,-0.00868171
65,87,0.98939,-0.0535731,-0.00907599
65,88,0.989873,-0.0550148,-0.00945187
65,89,0.990366,-0.0563441,-0.00980655
65,90,0.990867,-0.0575571,-0.0101373
65,91,0.991374,-0.0586504,-0.0104413
65,92,0.991887,-0.0596207,-0.0107159
65,93,0.992404,-0.0604658,-0.0109587
65,94,0.992925,-0.0611836,-0.0111673
65,95,0.993449,-0.0617728,-0.0113395
65,96,0.993975,-0.0622328,-0.0114732
65,97,0.994502,-0.0625638,-0.0115669
65,98,0.99503,-0.0627663,-0.0116191
65,99,0.995558,-0.0628419,-0.0116285
65,100,0.996086,-0.0627926,-0.0115944
65,101,0.996613,-0.0626211,-0.0115163
65,102,0.997138,-0.0623306,-0.0113939
65,103,0.997661,-0.061925,-0.0112275
65,104,0.99818,-0.0614089,-0.0110175
65,105,0.998695,-0.0607876,-0.0107649
65,106,0.999205,-0.0600677,-0.0104708
65,107,0.999708,-0.0592573,-0.010137
65,108,1.0002,-0.0583664,-0.00976531
65,109,1.00069,-0.0574079,-0.00935811
65,110,1.00117,-0.0563979,-0.0089181
65,111,1.00163,-0.0553558,-0.00844826
65,112,1.00208,-0.0543049,-0.00795184
65,113,1.00251,-0.0532716,-0.00743222
65,114,1.00293,-0.0522842,-0.0068928
65,115,1.00333,-0.051371,-0.0063369
65,116,1.0037,-0.0505565,-0.00576774
65,117,1.00406,-0.0498547,-0.00518868
65,118,1.00439,-0.0492559,-0.00460382
65,119,1.00469,-0.0487015,-0.0040189
65,120,1.00497,-0.0480408,-0.00344243
65,121,1.00522,-0.0469671,-0.00288581
65,122,1.00545,-0.0449431,-0.00236087
65,123,1.00565,-0.0411505,-0.0018727
65,124,1.00582,-0.0345297,-0.00140695
65,125,1.00596,-0.0239948,-0.000919917
65,126,1.00607,-0.00889572,-0.000343124
65,127,1,-0.00343474,0
66,0,1,0,0
66,1,1.00226,0.00913127,0.000178273
66,2,1.00219,0.0244769,0.000494523
66,3,1.00207,0.0349255,0.000807782
66,4,1.00193,0.0412147,0.00116217
66,5,1.00177,0.0445834,0.00157195
66,6,1.00157,0.0462001,0.00202805
66,7,1.00135,0.0469279,0.00251333
66,8,1.0011,0.0473062,0.0030131
66,9,1.00082,0.0476266,0.00351799
66,10,1.00052,0.0480246,0.0040228
66,11,1.00019,0.0485487,0.00452454
66,12,0.999839,0.049204,0.00502087
66,13,0.999466,0.0499754,0.00550933
66,14,0.999073,0.0508391,0.00598717
66,15,0.998663,0.0517674,0.00645132
66,16,0.998237,0.0527327,0.00689859
66,17,0.997797,0.0537085,0.0073258
66,18,0.997346,0.0546712,0.00772991
66,19,0.996886,0.0556003,0.00810812
66,20,0.996418,0.0564787,0.00845794
66,21,0.995945,0.0572926,0.00877719
66,22,0.995469,0.0580307,0.00906405
66,23,0.994992,0.0586838,0.00931705
66,24,0.994515,0.0592445,0.00953505
66,25,0.994039,0.0597065,0.00971726
66,26,0.993568,0.0600645,0.0098632
66,27,0.993101,0.0603138,0.00997268
66,28,0.99264,0.0604504,0.0100458
66,29,0.992185,0.0604707,0.0100831
66,30,0.991739,0.0603721,0.010085
66,31,0.991302,0.0601523,0.0100526
66,32,0.990873,0.0598096,0.00998704
66,33,0.990455,0.0593434,0.00988961
66,34,0.990046,0.0587533,0.00976189
66,35,0.989648,0.0580399,0.00960558
66,36,0.989261,0.0572042,0.00942254
66,37,0.988886,0.056248,0.00921471
66,38,0.988522,0.0551736,0.00898415
66,39,0.98817,0.0539838,0.00873298
66,40,0.98783,0.0526817,0.00846335
66,41,0.987503,0.051271,0.00817744
66,42,0.987188,0.0497555,0.0078774
66,43,0.986887,0.0481395,0.00756537
66,44,0.986599,0.0464273,0.00724342
66,45,0.986324,0.0446234,0.00691355
66,46,0.986063,0.0427327,0.00657763
66,47,0.985816,0.0407599,0.00623743
66,48,0.985584,0.0387097,0.00589456
66,49,0.985364,0.0365871,0.00555044
66,50,0.985159,0.0343969,0.00520631
66,51,0.984968,0.0321439,0.0048632
66,52,0.98479,0.029833,0.0045219
66,53,0.984626,0.0274687,0.004183
66,54,0.984475,0.0250557,0.00384683
66,55,0.984337,0.0225987,0.00351348
66,56,0.984213,0.0201019,0.00318282
66,57,0.984102,0.01757,0.00285449
66,58,0.984004,0.015007,0.00252794
66,59,0.98392,0.0124173,0.00220243
66,60,0.98385,0.00980495,0.00187704
66,61,0.983795,0.00717403,0.00155077
66,62,0.983755,0.00452857,0.00122247
66,63,0.983731,0.00187254,0.000890964
66,64,0.983724,-0.000790115,0.000555042
66,65,0.983735,-0.00345544,0.000213504
66,66,0.983765,-0.0061195,-0.000134793
66,67,0.983815,-0.00877831,-0.000490906
66,68,0.983887,-0.0114279,-0.000855766
66,69,0.983981,-0.0140642,-0.00123015
66,70,0.984099,-0.0166831,-0.00161464
66,71,0.984242,-0.0192804,-0.00200961
66,72,0.98441,-0.0218518,-0.00241521
66,73,0.984605,-0.0243929,-0.00283131
66,74,0.984826,-0.0268994,-0.00325755
66,75,0.985074,-0.0293665,-0.00369328
66,76,0.985349,-0.0317897,-0.00413758
66,77,0.98565,-0.034164,-0.00458927
66,78,0.985977,-0.0364845,-0.00504692
66,79,0.98633,-0.0387463,-0.00550885
66,80,0.986707,-0.040944,-0.00597314
66,81,0.987107,-0.0430726,-0.00643768
66,82,0.987529,-0.0451266,-0.00690016
66,83,0.987971,-0.0471007,-0.00735812
66,84,0.988431,-0.0489896,-0.00780896
66,85,0.988908,-0.0507877,-0.00824994
66,86,0.9894,-0.0524898,-0.00867826
66,87,0.989905,-0.0540906,-0.00909105
66,88,0.990422,-0.0555849,-0.00948541
66,89,0.990948,-0.056968,-0.00985842
66,90,0.991482,-0.058235,-0.0102072
66,91,0.992023,-0.0593818,-0.0105289
66,92,0.992569,-0.0604044,-0.0108209
66,93,0.993119,-0.0612993,-0.0110804
66,94,0.993672,-0.0620639,-0.011305
66,95,0.994227,-0.0626957,-0.0114924
66,96,0.994783,-0.0631933,-0.0116406
66,97,0.995338,-0.0635559,-0.0117478
66,98,0.995893,-0.0637834,-0.0118125
66,99,0.996445,-0.0638765,-0.0118335
66,100,0.996996,-0.0638367,-0.0118098
66,101,0.997543,-0.0636663,-0.011741
66,102,0.998087,-0.0633682,-0.0116269
66,103,0.998626,-0.0629462,-0.0114675
66,104,0.999159,-0.062405,-0.0112635
66,105,0.999687,-0.0617502,-0.0110157
66,106,1.00021,-0.0609889,-0.0107254
66,107,1.00072,-0.0601297,-0.0103941
66,108,1.00122,-0.0591835,-0.0100238
66,109,1.00171,-0.058164,-0.00961684
66,110,1.00219,-0.0570883,-0.00917586
66,111,1.00266,-0.0559771,-0.00870386
66,112,1.00312,-0.0548548,-0.00820403
66,113,1.00355,-0.053749,-0.00767973
66,114,1.00397,-0.0526895,-0.00713432
66,115,1.00438,-0.0517056,-0.00657107
66,116,1.00476,-0.050823,-0.00599325
66,117,1.00512,-0.0500559,-0.00540432
66,118,1.00545,-0.0493937,-0.00480867
66,119,1.00576,-0.048776,-0.00421255
66,120,1.00605,-0.048049,-0.00362504
66,121,1.00631,-0.0469041,-0.00305781
66,122,1.00654,-0.0448073,-0.00252172
66,123,1.00675,-0.0409539,-0.00201892
66,124,1.00692,-0.0343114,-0.00153146
66,125,1.00707,-0.0238281,-0.00100944
66,126,1.00718,-0.00887546,-0.000371937
66,127,1,-0.00343474,0
67,0,1,0,0
67,1,1.00115,0.00918049,0.000129977
67,2,1.00109,0.0245656,0.000380034
67,3,1.00099,0.0349928,0.000648288
67,4,1.00086,0.0412286,0.000976407
67,5,1.0007,0.0445438,0.00136915
67,6,1.00052,0.0461224,0.00180998
67,7,1.00031,0.0468285,0.00227885
67,8,1.00008,0.0471972,0.00276059
67,9,0.999819,0.0475157,0.00324646
67,10,0.999533,0.0479167,0.00373209
67,11,0.999224,0.048448,0.00421513
67,12,0.998893,0.0491146,0.00469358
67,13,0.998542,0.0499017,0.00516517
67,14,0.998172,0.0507853,0.00562719
67,15,0.997786,0.0517378,0.00607662
67,16,0.997385,0.0527307,0.00651032
67,17,0.996972,0.0537368,0.00692513
67,18,0.996548,0.0547316,0.0073181
67,19,0.996116,0.0556934,0.00768648
67,20,0.995677,0.0566041,0.00802785
67,21,0.995233,0.0574488,0.00834012
67,22,0.994787,0.0582149,0.00862153
67,23,0.994339,0.0588927,0.00887069
67,24,0.993892,0.0594737,0.00908653
67,25,0.993447,0.059951,0.00926833
67,26,0.993006,0.0603189,0.00941564
67,27,0.992569,0.0605724,0.00952836
67,28,0.992139,0.0607073,0.00960663
67,29,0.991715,0.0607204,0.00965087
67,30,0.9913,0.060609,0.00966176
67,31,0.990893,0.0603713,0.00964019
67,32,0.990496,0.0600062,0.00958727
67,33,0.990108,0.0595135,0.00950431
67,34,0.989732,0.0588935,0.00939279
67,35,0.989366,0.0581476,0.00925432
67,36,0.989012,0.0572776,0.00909064
67,37,0.988669,0.0562859,0.00890361
67,38,0.988339,0.0551756,0.00869514
67,39,0.98802,0.0539502,0.00846721
67,40,0.987714,0.0526134,0.00822183
67,41,0.98742,0.0511695,0.00796101
67,42,0.987138,0.0496231,0.00768677
67,43,0.986869,0.0479786,0.00740108
67,44,0.986613,0.0462409,0.00710584
67,45,0.986368,0.0444149,0.00680287
67,46,0.986136,0.0425054,0.00649392
67,47,0.985916,0.0405173,0.00618056
67,48,0.985708,0.0384556,0.00586425
67,49,0.985512,0.0363249,0.00554625
67,50,0.985327,0.0341301,0.00522765
67,51,0.985154,0.0318758,0.00490933
67,52,0.984991,0.0295664,0.00459194
67,53,0.984839,0.0272065,0.00427594
67,54,0.984699,0.0248003,0.00396152
67,55,0.984568,0.0223521,0.00364867
67,56,0.984449,0.019866,0.00333714
67,57,0.984341,0.0173459,0.0030265
67,58,0.984245,0.014796,0.0027161
67,59,0.984161,0.01222,0.00240513
67,60,0.984089,0.00962184,0.00209264
67,61,0.984032,0.00700533,0.00177757
67,62,0.983989,0.00437429,0.00145876
67,63,0.983962,0.00173252,0.00113501
67,64,0.983953,-0.000916122,0.000805125
67,65,0.983962,-0.00356778,0.000467911
67,66,0.983991,-0.0062185,0.000122256
67,67,0.984041,-0.00886431,-0.00023286
67,68,0.984115,-0.0115011,-0.000598318
67,69,0.984212,-0.0141247,-0.000974838
67,70,0.984335,-0.0167308,-0.00136294
67,71,0.984483,-0.019315,-0.00176293
67,72,0.984659,-0.0218728,-0.00217488
67,73,0.984863,-0.0243995,-0.00259859
67,74,0.985094,-0.0268904,-0.00303362
67,75,0.985354,-0.0293405,-0.00347924
67,76,0.985641,-0.0317448,-0.00393446
67,77,0.985956,-0.0340983,-0.00439803
67,78,0.986297,-0.0363957,-0.00486845
67,79,0.986664,-0.0386317,-0.00534396
67,80,0.987055,-0.040801,-0.0058226
67,81,0.987469,-0.0428983,-0.00630217
67,82,0.987904,-0.0449181,-0.00678032
67,83,0.988358,-0.0468553,-0.00725452
67,84,0.988831,-0.0487044,-0.00772208
67,85,0.989319,-0.0504603,-0.00818024
67,86,0.989821,-0.052118,-0.00862609
67,87,0.990336,-0.0536726,-0.0090567
67,88,0.990862,-0.0551193,-0.00946907
67,89,0.991396,-0.0564539,-0.00986021
67,90,0.991939,-0.0576722,-0.0102271
67,91,0.992487,-0.0587707,-0.0105669
67,92,0.993041,-0.0597459,-0.0108766
67,93,0.993599,-0.0605954,-0.0111536
67,94,0.99416,-0.0613169,-0.0113953
67,95,0.994724,-0.0619089,-0.0115993
67,96,0.995289,-0.0623705,-0.0117634
67,97,0.995856,-0.0627017,-0.0118857
67,98,0.996422,-0.0629029,-0.0119647
67,99,0.996989,-0.0629755,-0.011999
67,100,0.997554,-0.0629214,-0.0119877
67,101,0.998118,-0.0627432,-0.0119302
67,102,0.99868,-0.0624441,-0.0118263
67,103,0.999238,-0.0620279,-0.0116761
67,104,0.999793,-0.0614992,-0.0114801
67,105,1.00034,-0.0608634,-0.0112391
67,106,1.00089,-0.060127,-0.0109543
67,107,1.00142,-0.0592979,-0.0106273
67,108,1.00195,-0.0583862,-0.0102602
67,109,1.00247,-0.0574046,-0.00985503
67,110,1.00298,-0.056369,-0.00941462
67,111,1.00347,-0.0552988,-0.00894188
67,112,1.00395,-0.0542172,-0.00844001
67,113,1.00441,-0.0531509,-0.00791231
67,114,1.00486,-0.0521284,-0.00736212
67,115,1.00528,-0.0511785,-0.00679271
67,116,1.00568,-0.0503256,-0.00620736
67,117,1.00606,-0.0495831,-0.00560968
67,118,1.00642,-0.0489385,-0.00500434
67,119,1.00675,-0.0483287,-0.00439809
67,120,1.00705,-0.0475974,-0.00380053
67,121,1.00732,-0.0464355,-0.00322345
67,122,1.00757,-0.0443145,-0.00267693
67,123,1.00779,-0.0404463,-0.00216071
67,124,1.00798,-0.0338275,-0.00165126
67,125,1.00814,-0.0234402,-0.001094
67,126,1.00826,-0.00867055,-0.000410914
67,127,1,-0.00343474,0
68,0,1,0,0
68,1,1.00003,0.00919936,8.59371e-05
68,2,0.999969,0.0245824,0.000258433
68,3,0.999876,0.0349447,0.000482484
68,4,0.999755,0.0410906,0.00078456
68,5,0.999609,0.0443215,0.00115925
68,6,0.999436,0.0458311,0.00158386
68,7,0.999237,0.0464807,0.00203515
68,8,0.999011,0.0467973,0.00249756
68,9,0.998759,0.0470625,0.00296308
68,10,0.998481,0.0474056,0.00342822
68,11,0.99818,0.0478735,0.00389122
68,12,0.997856,0.0484717,0.00435046
68,13,0.997511,0.0491861,0.00480382
68,14,0.997147,0.0499939,0.00524867
68,15,0.996767,0.0508683,0.00568202
68,16,0.996372,0.0517819,0.00610076
68,17,0.995965,0.0527086,0.00650181
68,18,0.995547,0.0536249,0.00688226
68,19,0.995123,0.0545102,0.00723944
68,20,0.994693,0.0553476,0.00757102
68,21,0.99426,0.0561231,0.00787496
68,22,0.993826,0.0568256,0.00814962
68,23,0.993394,0.057446,0.00839367
68,24,0.992966,0.0579771,0.00860613
68,25,0.992542,0.0584127,0.00878635
68,26,0.992126,0.0587476,0.00893397
68,27,0.991718,0.0589775,0.00904892
68,28,0.991319,0.0590984,0.00913142
68,29,0.990932,0.0591071,0.00918192
68,30,0.990556,0.0590009,0.00920111
68,31,0.990193,0.0587775,0.00918988
68,32,0.989842,0.0584356,0.00914933
68,33,0.989504,0.0579741,0.00908072
68,34,0.989179,0.0573929,0.00898546
68,35,0.988867,0.0566922,0.00886509
68,36,0.988569,0.0558732,0.00872126
68,37,0.988283,0.0549372,0.00855569
68,38,0.988009,0.0538865,0.00837017
68,39,0.987748,0.0527236,0.00816654
68,40,0.987498,0.0514514,0.00794666
68,41,0.987259,0.0500734,0.00771237
68,42,0.987031,0.0485932,0.00746551
68,43,0.986813,0.0470147,0.00720787
68,44,0.986606,0.0453421,0.00694118
68,45,0.986407,0.0435797,0.00666709
68,46,0.986218,0.041732,0.00638714
68,47,0.986037,0.0398034,0.00610273
68,48,0.985864,0.0377987,0.00581513
68,49,0.985699,0.0357223,0.00552544
68,50,0.985541,0.033579,0.00523457
68,51,0.985391,0.0313733,0.00494324
68,52,0.985248,0.0291097,0.00465195
68,53,0.985112,0.0267928,0.004361
68,54,0.984983,0.0244269,0.00407046
68,55,0.984862,0.0220165,0.00378019
68,56,0.98475,0.0195658,0.00348984
68,57,0.984646,0.0170789,0.00319888
68,58,0.984551,0.01456,0.00290658
68,59,0.984468,0.0120132,0.00261208
68,60,0.984395,0.00944245,0.00231437
68,61,0.984336,0.00685166,0.00201234
68,62,0.984291,0.00424475,0.00170483
68,63,0.984263,0.00162561,0.00139064
68,64,0.984251,-0.00100189,0.00106856
68,65,0.984259,-0.00363388,0.000737435
68,66,0.984288,-0.00626646,0.000396178
68,67,0.984339,-0.0088957,4.38137e-05
68,68,0.984415,-0.0115176,-0.000320491
68,69,0.984515,-0.0141282,-0.000697397
68,70,0.984643,-0.0167232,-0.00108736
68,71,0.984798,-0.0192986,-0.00149063
68,72,0.984982,-0.02185,-0.00190719
68,73,0.985195,-0.0243731,-0.00233679
68,74,0.985438,-0.0268632,-0.0027789
68,75,0.98571,-0.0293159,-0.00323274
68,76,0.986011,-0.0317262,-0.00369725
68,77,0.986341,-0.0340895,-0.00417112
68,78,0.986699,-0.0364007,-0.00465278
68,79,0.987083,-0.0386547,-0.00514043
68,80,0.987493,-0.0408464,-0.00563204
68,81,0.987926,-0.0429704,-0.00612537
68,82,0.988382,-0.0450214,-0.006618
68,83,0.988859,-0.046994,-0.00710736
68,84,0.989354,-0.0488827,-0.0075907
68,85,0.989866,-0.0506821,-0.00806517
68,86,0.990393,-0.0523866,-0.00852783
68,87,0.990933,-0.053991,-0.00897564
68,88,0.991485,-0.05549,-0.00940552
68,89,0.992046,-0.0568786,-0.00981439
68,90,0.992616,-0.0581519,-0.0101992
68,91,0.993192,-0.0593055,-0.0105568
68,92,0.993774,-0.0603353,-0.0108843
68,93,0.99436,-0.0612375,-0.0111788
68,94,0.994948,-0.0620092,-0.0114377
68,95,0.995539,-0.0626479,-0.0116585
68,96,0.99613,-0.0631517,-0.0118388
68,97,0.996722,-0.0635196,-0.0119768
68,98,0.997312,-0.0637513,-0.0120706
68,99,0.997901,-0.0638473,-0.012119
68,100,0.998487,-0.0638089,-0.012121
68,101,0.99907,-0.063638,-0.0120758
68,102,0.999649,-0.0633377,-0.0119832
68,103,1.00022,-0.0629115,-0.0118433
68,104,1.00079,-0.0623639,-0.0116565
68,105,1.00135,-0.0617005,-0.0114237
68,106,1.0019,-0.0609282,-0.011146
68,107,1.00245,-0.0600555,-0.0108251
68,108,1.00298,-0.0590932,-0.0104628
68,109,1.0035,-0.0580548,-0.0100614
68,110,1.00401,-0.056957,-0.00962346
68,111,1.00451,-0.0558207,-0.00915201
68,112,1.00499,-0.0546701,-0.00865015
68,113,1.00545,-0.0535332,-0.00812114
68,114,1.0059,-0.0524401,-0.00756827
68,115,1.00633,-0.0514206,-0.00699478
68,116,1.00673,-0.0505003,-0.00640394
68,117,1.00712,-0.0496925,-0.00579949
68,118,1.00747,-0.0489838,-0.00518635
68,119,1.00781,-0.0483088,-0.0045717
68,120,1.00811,-0.0475085,-0.00396558
68,121,1.00839,-0.0462734,-0.00337991
68,122,1.00864,-0.0440809,-0.00282379
68,123,1.00887,-0.0401606,-0.0022943
68,124,1.00906,-0.0335392,-0.00176511
68,125,1.00923,-0.0232333,-0.00117611
68,126,1.00935,-0.00864919,-0.000436483
68,127,1,-0.00343474,0
69,0,1,0,0
69,1,0.9989,0.00919796,3.33131e-05
69,2,0.998851,0.0245587,0.000133269
69,3,0.998768,0.034851,0.00031005
69,4,0.998659,0.0409159,0.000584903
69,5,0.998526,0.0440831,0.000941134
69,6,0.998368,0.0455535,0.00134825
69,7,0.998183,0.0461828,0.00178037
69,8,0.997972,0.0464903,0.00222173
69,9,0.997736,0.0467519,0.0026651
69,10,0.997476,0.0470948,0.00310786
69,11,0.997192,0.0475656,0.0035489
69,12,0.996888,0.0481703,0.00398694
69,13,0.996564,0.0488956,0.00442005
69,14,0.996222,0.0497187,0.00484567
69,15,0.995866,0.0506128,0.0052609
69,16,0.995496,0.0515502,0.0056627
69,17,0.995115,0.0525039,0.00604806
69,18,0.994726,0.0534496,0.00641419
69,19,0.994331,0.0543658,0.00675851
69,20,0.993931,0.0552344,0.00707879
69,21,0.99353,0.0560405,0.00737311
69,22,0.993129,0.0567719,0.00763991
69,23,0.992731,0.0574186,0.00787797
69,24,0.992337,0.0579726,0.0080864
69,25,0.991949,0.0584269,0.00826463
69,26,0.991569,0.0587761,0.00841236
69,27,0.991198,0.0590152,0.00852959
69,28,0.990837,0.0591402,0.00861656
69,29,0.990488,0.0591478,0.00867376
69,30,0.99015,0.0590355,0.00870187
69,31,0.989826,0.0588014,0.00870176
69,32,0.989515,0.0584444,0.00867451
69,33,0.989217,0.0579641,0.00862129
69,34,0.988932,0.057361,0.00854346
69,35,0.988661,0.0566359,0.00844245
69,36,0.988403,0.0557906,0.0083198
69,37,0.988157,0.0548274,0.0081771
69,38,0.987924,0.0537491,0.00801602
69,39,0.987702,0.0525589,0.00783822
69,40,0.987491,0.0512604,0.0076454
69,41,0.987291,0.0498577,0.00743925
69,42,0.987101,0.0483549,0.00722143
69,43,0.986919,0.0467564,0.00699355
69,44,0.986745,0.0450668,0.00675714
69,45,0.986579,0.0432906,0.00651368
69,46,0.98642,0.0414326,0.00626452
69,47,0.986267,0.0394973,0.00601087
69,48,0.986119,0.0374895,0.00575382
69,49,0.985977,0.0354136,0.00549428
69,50,0.985839,0.0332741,0.005233
69,51,0.985706,0.0310755,0.00497052
69,52,0.985578,0.028822,0.00470718
69,53,0.985454,0.0265179,0.00444313
69,54,0.985335,0.0241672,0.0041783
69,55,0.985221,0.021774,0.00391243
69,56,0.985113,0.0193421,0.00364507
69,57,0.985013,0.0168754,0.00337557
69,58,0.98492,0.0143777,0.00310313
69,59,0.984837,0.0118526,0.00282682
69,60,0.984765,0.00930392,0.00254559
69,61,0.984705,0.00673529,0.0022583
69,62,0.984659,0.00415039,0.00196377
69,63,0.98463,0.00155291,0.00166079
69,64,0.984618,-0.0010534,0.00134817
69,65,0.984627,-0.00366476,0.00102477
69,66,0.984657,-0.0062773,0.00068956
69,67,0.984711,-0.00888706,0.000341598
69,68,0.98479,-0.01149,-1.98925e-05
69,69,0.984895,-0.014082,-0.000395509
69,70,0.985028,-0.0166587,-0.000785646
69,71,0.985191,-0.0192157,-0.00119047
69,72,0.985382,-0.0217485,-0.00160992
69,73,0.985604,-0.0242524,-0.00204365
69,74,0.985856,-0.0267226,-0.00249109
69,75,0.986138,-0.0291542,-0.00295139
69,76,0.986449,-0.031542,-0.00342343
69,77,0.986789,-0.033881,-0.00390585
69,78,0.987156,-0.0361659,-0.00439705
69,79,0.98755,-0.0383914,-0.00489517
69,80,0.987969,-0.0405521,-0.00539815
69,81,0.98841,-0.0426427,-0.00590373
69,82,0.988874,-0.0446576,-0.00640946
69,83,0.989357,-0.0465915,-0.00691272
69,84,0.989857,-0.0484391,-0.00741073
69,85,0.990374,-0.050195,-0.0079006
69,86,0.990905,-0.0518543,-0.00837934
69,87,0.991448,-0.0534117,-0.00884385
69,88,0.992003,-0.0548626,-0.00929098
69,89,0.992567,-0.0562024,-0.00971755
69,90,0.993138,-0.0574268,-0.0101204
69,91,0.993717,-0.0585319,-0.0104963
69,92,0.994301,-0.0595143,-0.0108423
69,93,0.99489,-0.0603709,-0.0111554
69,94,0.995482,-0.0610995,-0.0114326
69,95,0.996077,-0.0616981,-0.0116716
69,96,0.996674,-0.0621656,-0.0118697
69,97,0.997273,-0.0625016,-0.0120249
69,98,0.997872,-0.0627065,-0.0121355
69,99,0.998471,-0.0627811,-0.0121999
69,100,0.999069,-0.0627274,-0.012217
69,101,0.999665,-0.0625477,-0.0121861
69,102,1.00026,-0.0622451,-0.0121069
69,103,1.00085,-0.0618234,-0.0119793
69,104,1.00144,-0.0612871,-0.0118037
69,105,1.00202,-0.0606415,-0.0115811
69,106,1.00259,-0.0598931,-0.0113124
69,107,1.00316,-0.0590499,-0.0109992
69,108,1.00371,-0.0581217,-0.0106434
69,109,1.00426,-0.0571212,-0.0102473
69,110,1.00479,-0.0560641,-0.0098134
69,111,1.00531,-0.0549698,-0.00934461
69,112,1.00582,-0.0538617,-0.00884406
69,113,1.0063,-0.0527664,-0.00831497
69,114,1.00677,-0.051713,-0.0077606
69,115,1.00722,-0.0507304,-0.00718416
69,116,1.00764,-0.0498431,-0.00658897
69,117,1.00804,-0.049063,-0.00597885
69,118,1.00842,-0.0483744,-0.00535901
69,119,1.00877,-0.0477091,-0.00473703
69,120,1.00909,-0.0469057,-0.00412335
69,121,1.00938,-0.0456554,-0.00352989
69,122,1.00965,-0.0434436,-0.00296497
69,123,1.00988,-0.0395199,-0.00242362
69,124,1.01009,-0.0329426,-0.0018745
69,125,1.01027,-0.0227624,-0.00125365
69,126,1.01041,-0.00840001,-0.000473614
69,127,1,-0.00343474,0
70,0,1,0,0
70,1,0.997751,0.00920327,-1.60158e-05
70,2,0.99771,0.0244959,8.5082e-07
70,3,0.997637,0.0346739,0.000131632
70,4,0.997539,0.0406237,0.000379443
70,5,0.997415,0.0436999,0.000716016
70,6,0.997265,0.0451045,0.00110445
70,7,0.99709,0.0456827,0.00151601
70,8,0.996888,0.0459429,0.00193487
70,9,0.99666,0.046154,0.00235467
70,10,0.996407,0.0464404,0.00277369
70,11,0.996132,0.0468485,0.00319142
70,12,0.995835,0.0473851,0.00360692
70,13,0.995518,0.048038,0.00401845
70,14,0.995183,0.0487853,0.00442355
70,15,0.994834,0.0496015,0.00481939
70,16,0.994471,0.0504596,0.00520301
70,17,0.994098,0.0513338,0.00557151
70,18,0.993718,0.0522007,0.00592217
70,19,0.993333,0.0530399,0.00625254
70,20,0.992945,0.0538344,0.00656048
70,21,0.992559,0.0545705,0.0068442
70,22,0.992175,0.0552371,0.00710223
70,23,0.991796,0.0558252,0.00733346
70,24,0.991425,0.0563279,0.00753709
70,25,0.991064,0.0567392,0.00771264
70,26,0.990715,0.0570541,0.00785988
70,27,0.990378,0.0572685,0.0079789
70,28,0.990056,0.0573785,0.00806996
70,29,0.989749,0.0573812,0.00813358
70,30,0.989458,0.0572739,0.00817047
70,31,0.989184,0.0570545,0.00818149
70,32,0.988925,0.0567215,0.00816766
70,33,0.988683,0.056274,0.00813015
70,34,0.988457,0.0557116,0.0080702
70,35,0.988246,0.0550346,0.00798917
70,36,0.98805,0.0542437,0.00788848
70,37,0.987866,0.0533404,0.00776961
70,38,0.987695,0.0523265,0.00763406
70,39,0.987535,0.0512043,0.00748336
70,40,0.987384,0.0499765,0.00731903
70,41,0.987243,0.0486463,0.00714258
70,42,0.987108,0.0472169,0.00695547
70,43,0.98698,0.0456921,0.00675912
70,44,0.986857,0.0440757,0.00655488
70,45,0.986738,0.0423717,0.006344
70,46,0.986621,0.0405843,0.00612763
70,47,0.986507,0.0387177,0.00590678
70,48,0.986394,0.0367762,0.00568234
70,49,0.986283,0.0347642,0.00545503
70,50,0.986172,0.0326859,0.00522539
70,51,0.986061,0.0305456,0.00499379
70,52,0.985952,0.0283477,0.0047604
70,53,0.985843,0.0260963,0.00452522
70,54,0.985736,0.0237956,0.00428802
70,55,0.985632,0.0214498,0.00404842
70,56,0.985531,0.0190627,0.00380585
70,57,0.985436,0.0166385,0.00355957
70,58,0.985346,0.0141809,0.00330871
70,59,0.985265,0.011694,0.00305227
70,60,0.985194,0.00918142,0.00278915
70,61,0.985135,0.00664702,0.0025182
70,62,0.98509,0.00409456,0.00223821
70,63,0.985061,0.00152779,0.00194798
70,64,0.98505,-0.0010495,0.00164636
70,65,0.98506,-0.00363354,0.00133223
70,66,0.985093,-0.00622047,0.00100459
70,67,0.985149,-0.00880644,0.000662564
70,68,0.985232,-0.0113875,0.000305422
70,69,0.985343,-0.0139596,-6.73666e-05
70,70,0.985482,-0.0165186,-0.000456132
70,71,0.985651,-0.0190604,-0.000860978
70,72,0.985851,-0.0215807,-0.00128177
70,73,0.986081,-0.024075,-0.00171811
70,74,0.986342,-0.0265388,-0.00216937
70,75,0.986634,-0.0289675,-0.00263465
70,76,0.986956,-0.0313564,-0.00311278
70,77,0.987307,-0.0337005,-0.00360237
70,78,0.987687,-0.0359948,-0.00410176
70,79,0.988093,-0.0382344,-0.0046091
70,80,0.988525,-0.0404139,-0.00512229
70,81,0.98898,-0.0425281,-0.00563904
70,82,0.989458,-0.0445715,-0.00615688
70,83,0.989956,-0.0465387,-0.00667315
70,84,0.990473,-0.0484243,-0.00718507
70,85,0.991007,-0.0502226,-0.00768969
70,86,0.991556,-0.0519281,-0.00818395
70,87,0.992119,-0.0535355,-0.00866472
70,88,0.992693,-0.0550392,-0.00912875
70,89,0.993278,-0.0564341,-0.0095728
70,90,0.993872,-0.0577152,-0.00999357
70,91,0.994473,-0.0588778,-0.0103878
70,92,0.99508,-0.0599174,-0.0107523
70,93,0.995693,-0.0608302,-0.011084
70,94,0.996309,-0.0616128,-0.0113799
70,95,0.996928,-0.0622623,-0.0116373
70,96,0.997548,-0.0627768,-0.0118536
70,97,0.99817,-0.0631547,-0.0120267
70,98,0.99879,-0.0633954,-0.0121545
70,99,0.99941,-0.0634992,-0.0122356
70,100,1.00003,-0.0634671,-0.0122687
70,101,1.00064,-0.0633009,-0.012253
70,102,1.00125,-0.0630032,-0.0121881
70,103,1.00185,-0.0625776,-0.0120739
70,104,1.00245,-0.0620284,-0.0119109
70,105,1.00304,-0.061361,-0.0116997
70,106,1.00362,-0.0605822,-0.0114414
70,107,1.00419,-0.0597004,-0.0111376
70,108,1.00475,-0.0587261,-0.01079
70,109,1.0053,-0.0576728,-0.0104009
70,110,1.00584,-0.056557,-0.00997287
70,111,1.00635,-0.0553995,-0.00950869
70,112,1.00686,-0.0542248,-0.00901145
70,113,1.00734,-0.0530608,-0.00848432
70,114,1.00781,-0.0519383,-0.00793052
70,115,1.00825,-0.0508873,-0.00735321
70,116,1.00868,-0.0499332,-0.00675571
70,117,1.00908,-0.0490878,-0.00614196
70,118,1.00946,-0.0483344,-0.00551735
70,119,1.00981,-0.0476023,-0.0048898
70,120,1.01013,-0.0467278,-0.00427009
70,121,1.01043,-0.0454027,-0.00367015
70,122,1.01069,-0.0431212,-0.00309735
70,123,1.01093,-0.0391535,-0.00254441
70,124,1.01114,-0.0325905,-0.00197793
70,125,1.01132,-0.0225184,-0.00132883
70,126,1.01146,-0.00837845,-0.000496178
70,127,1,-0.00343474,0
71,0,1,0,0
71,1,0.996588,0.00914443,-7.30668e-05
71,2,0.99656,0.0243431,-0.000134398
71,3,0.996498,0.0343984,-5.25608e-05
71,4,0.996412,0.0402406,0.000167042
71,5,0.996302,0.0432453,0.000483261
71,6,0.996167,0.0446116,0.000851438
71,7,0.996005,0.0451722,0.00124065
71,8,0.995818,0.0454243,0.00163517
71,9,0.995606,0.0456307,0.00202957
71,10,0.995371,0.0459142,0.002423
71,11,0.995113,0.0463215,0.00281555
71,12,0.994835,0.0468606,0.00320664
71,13,0.994538,0.0475202,0.0035947
71,14,0.994226,0.048279,0.00397742
71,15,0.9939,0.0491114,0.00435206
71,16,0.993564,0.0499901,0.00471577
71,17,0.993219,0.0508889,0.00506578
71,18,0.992868,0.0517835,0.0053995
71,19,0.992514,0.0526526,0.00571462
71,20,0.99216,0.0534784,0.00600912
71,21,0.991809,0.0542461,0.00628134
71,22,0.991462,0.0549435,0.00652995
71,23,0.991122,0.0555611,0.00675392
71,24,0.990792,0.0560908,0.00695256
71,25,0.990473,0.0565259,0.00712547
71,26,0.990167,0.0568611,0.00727251
71,27,0.989874,0.0570915,0.00739379
71,28,0.989598,0.0572133,0.00748963
71,29,0.989337,0.0572232,0.00756054
71,30,0.989093,0.0571186,0.00760723
71,31,0.988866,0.0568977,0.00763053
71,32,0.988655,0.0565592,0.00763141
71,33,0.988461,0.0561027,0.00761096
71,34,0.988283,0.0555283,0.00757034
71,35,0.988119,0.0548369,0.00751081
71,36,0.98797,0.0540299,0.00743365
71,37,0.987832,0.0531095,0.0073402
71,38,0.987707,0.0520779,0.00723182
71,39,0.987591,0.0509384,0.00710986
71,40,0.987483,0.0496942,0.00697567
71,41,0.987383,0.048349,0.00683058
71,42,0.987288,0.0469066,0.00667586
71,43,0.987197,0.0453713,0.00651273
71,44,0.987109,0.0437472,0.00634234
71,45,0.987022,0.0420386,0.00616572
71,46,0.986936,0.0402499,0.00598382
71,47,0.986849,0.0383855,0.00579746
71,48,0.986761,0.0364496,0.0056073
71,49,0.986671,0.0344465,0.00541387
71,50,0.98658,0.0323804,0.00521752
71,51,0.986486,0.0302555,0.00501843
71,52,0.98639,0.0280757,0.00481661
71,53,0.986293,0.025845,0.00461187
71,54,0.986195,0.0235671,0.00440387
71,55,0.986099,0.021246,0.00419208
71,56,0.986004,0.0188851,0.00397582
71,57,0.985913,0.0164881,0.00375425
71,58,0.985827,0.0140586,0.00352642
71,59,0.985748,0.0116002,0.00329128
71,60,0.985679,0.00911618,0.0030477
71,61,0.985622,0.00661021,0.00279448
71,62,0.985579,0.0040858,0.00253043
71,63,0.985553,0.00154651,0.00225435
71,64,0.985545,-0.00100404,0.00196511
71,65,0.985559,-0.00356213,0.00166164
71,66,0.985596,-0.00612398,0.00134297
71,67,0.985657,-0.0086857,0.00100829
71,68,0.985746,-0.0112433,0.000656926
71,69,0.985862,-0.0137926,0.00028842
71,70,0.986009,-0.0163293,-9.74949e-05
71,71,0.986185,-0.0188491,-0.000500855
71,72,0.986392,-0.0213474,-0.000921461
71,73,0.98663,-0.0238195,-0.00135887
71,74,0.986899,-0.0262606,-0.00181238
71,75,0.987198,-0.0286657,-0.00228105
71,76,0.987527,-0.0310298,-0.0027637
71,77,0.987885,-0.0333476,-0.00325889
71,78,0.98827,-0.035614,-0.00376495
71,79,0.988681,-0.0378236,-0.00428002
71,80,0.989117,-0.039971,-0.00480198
71,81,0.989575,-0.0420507,-0.00532856
71,82,0.990055,-0.0440573,-0.00585727
71,83,0.990554,-0.0459854,-0.00638547
71,84,0.991071,-0.0478296,-0.00691033
71,85,0.991604,-0.0495845,-0.0074289
71,86,0.992151,-0.0512448,-0.0079381
71,87,0.992712,-0.0528055,-0.00843472
71,88,0.993283,-0.0542615,-0.00891549
71,89,0.993866,-0.0556082,-0.00937706
71,90,0.994457,-0.0568409,-0.00981605
71,91,0.995056,-0.0579556,-0.0102291
71,92,0.995661,-0.0589485,-0.0106129
71,93,0.996273,-0.0598163,-0.0109642
71,94,0.996889,-0.0605561,-0.0112799
71,95,0.997509,-0.0611659,-0.0115571
71,96,0.998132,-0.0616442,-0.0117931
71,97,0.998757,-0.0619901,-0.0119857
71,98,0.999384,-0.0622036,-0.0121326
71,99,1.00001,-0.0622854,-0.0122322
71,100,1.00064,-0.0622371,-0.0122833
71,101,1.00126,-0.0620608,-0.0122848
71,102,1.00188,-0.0617595,-0.0122362
71,103,1.0025,-0.0613368,-0.0121374
71,104,1.00311,-0.0607972,-0.0119888
71,105,1.00372,-0.0601459,-0.0117909
71,106,1.00432,-0.0593895,-0.0115449
71,107,1.00491,-0.0585357,-0.0112521
71,108,1.00549,-0.0575945,-0.0109143
71,109,1.00606,-0.0565783,-0.0105338
71,110,1.00661,-0.0555029,-0.010113
71,111,1.00715,-0.0543877,-0.00965481
71,112,1.00767,-0.0532561,-0.00916214
71,113,1.00818,-0.052135,-0.00863818
71,114,1.00866,-0.051054,-0.0080861
71,115,1.00912,-0.0500422,-0.00750905
71,116,1.00956,-0.0491237,-0.00691037
71,117,1.00998,-0.0483085,-0.00629409
71,118,1.01037,-0.0475774,-0.00566584
71,119,1.01073,-0.0468567,-0.00503384
71,120,1.01107,-0.0459805,-0.00440914
71,121,1.01138,-0.0446424,-0.00380355
71,122,1.01166,-0.0423468,-0.00322379
71,123,1.01191,-0.0383861,-0.00266088
71,124,1.01213,-0.0318851,-0.00207692
71,125,1.01232,-0.0219656,-0.00139956
71,126,1.01248,-0.00808438,-0.000531597
71,127,1,-0.00343474,0
72,0,1,0,0
72,1,0.995398,0.00913065,-0.000127402
72,2,0.995381,0.0241848,-0.000276372
72,3,0.995333,0.0340734,-0.000241655
72,4,0.995259,0.0397767,-5.02206e-05
72,5,0.99516,0.0426865,0.000244165
72,6,0.995035,0.0439919,0.000590605
72,7,0.994884,0.044508,0.000955857
72,8,0.994706,0.044718,0.00132447
72,9,0.994503,0.0448775,0.00169198
72,10,0.994276,0.0451068,0.00205842
72,11,0.994027,0.0454529,0.00242448
72,12,0.993758,0.0459253,0.0027899
72,13,0.99347,0.0465137,0.00315329
72,14,0.993166,0.0471982,0.00351248
72,15,0.992849,0.0479542,0.00386486
72,16,0.992522,0.0487552,0.00420768
72,17,0.992188,0.0495761,0.00453831
72,18,0.99185,0.0503934,0.00485429
72,19,0.991511,0.051187,0.00515344
72,20,0.991173,0.0519401,0.0054339
72,21,0.990841,0.0526391,0.00569411
72,22,0.990517,0.053273,0.00593285
72,23,0.990203,0.0538332,0.00614923
72,24,0.989902,0.0543127,0.00634264
72,25,0.989616,0.0547059,0.00651276
72,26,0.989347,0.0550079,0.00665952
72,27,0.989097,0.0552148,0.00678307
72,28,0.988865,0.0553229,0.00688379
72,29,0.988654,0.0553294,0.0069622
72,30,0.988463,0.0552317,0.007019
72,31,0.988292,0.0550276,0.00705499
72,32,0.988141,0.0547158,0.0070711
72,33,0.988009,0.0542951,0.00706835
72,34,0.987894,0.053765,0.00704783
72,35,0.987795,0.0531257,0.00701066
72,36,0.987711,0.0523778,0.00695803
72,37,0.987639,0.0515223,0.00689112
72,38,0.987578,0.0505609,0.00681115
72,39,0.987526,0.0494955,0.00671928
72,40,0.98748,0.0483286,0.0066167
72,41,0.987439,0.0470629,0.00650452
72,42,0.9874,0.0457015,0.00638383
72,43,0.987363,0.0442477,0.00625562
72,44,0.987324,0.042705,0.00612082
72,45,0.987283,0.041077,0.00598026
72,46,0.987239,0.0393676,0.00583466
72,47,0.98719,0.0375805,0.0056846
72,48,0.987135,0.0357199,0.00553054
72,49,0.987075,0.0337896,0.00537279
72,50,0.987009,0.0317935,0.0052115
72,51,0.986937,0.0297358,0.00504665
72,52,0.98686,0.0276203,0.00487807
72,53,0.986778,0.0254509,0.00470542
72,54,0.986694,0.0232315,0.00452819
72,55,0.986607,0.020966,0.00434573
72,56,0.986521,0.018658,0.00415725
72,57,0.986436,0.0163113,0.00396182
72,58,0.986356,0.0139296,0.00375841
72,59,0.986282,0.0115166,0.00354592
72,60,0.986218,0.00907579,0.00332319
72,61,0.986164,0.00661092,0.00308901
72,62,0.986125,0.00412558,0.00284218
72,63,0.986103,0.00162342,0.00258153
72,64,0.986099,-0.000891909,0.00230595
72,65,0.986117,-0.00341668,0.00201441
72,66,0.986159,-0.00594712,0.001706
72,67,0.986226,-0.0084794,0.00137997
72,68,0.98632,-0.0110096,0.00103572
72,69,0.986443,-0.0135338,0.000672831
72,70,0.986596,-0.0160478,0.000291119
72,71,0.986779,-0.0185474,-0.000109396
72,72,0.986993,-0.0210284,-0.000528455
72,73,0.987238,-0.0234864,-0.000965564
72,74,0.987514,-0.0259168,-0.00141999
72,75,0.987821,-0.028315,-0.00189074
72,76,0.988157,-0.0306763,-0.00237662
72,77,0.988522,-0.0329957,-0.00287618
72,78,0.988914,-0.0352684,-0.00338775
72,79,0.989333,-0.0374892,-0.00390944
72,80,0.989776,-0.0396529,-0.00443917
72,81,0.990243,-0.0417542,-0.00497465
72,82,0.990732,-0.0437877,-0.0055134
72,83,0.991241,-0.0457479,-0.00605278
72,84,0.991768,-0.0476293,-0.00658995
72,85,0.992312,-0.0494262,-0.00712194
72,86,0.992873,-0.0511331,-0.00764562
72,87,0.993447,-0.0527443,-0.00815776
72,88,0.994034,-0.0542542,-0.00865501
72,89,0.994633,-0.0556576,-0.00913393
72,90,0.995241,-0.056949,-0.00959105
72,91,0.995859,-0.0581236,-0.0100229
72,92,0.996484,-0.0591765,-0.010426
72,93,0.997116,-0.0601037,-0.010797
72,94,0.997753,-0.0609013,-0.0111328
72,95,0.998394,-0.0615661,-0.0114301
72,96,0.999038,-0.0620956,-0.0116862
72,97,0.999684,-0.0624881,-0.0118987
72,98,1.00033,-0.0627426,-0.0120652
72,99,1.00097,-0.0628588,-0.0121841
72,100,1.00162,-0.0628376,-0.0122537
72,101,1.00226,-0.0626804,-0.0122732
72,102,1.00289,-0.0623897,-0.0122418
72,103,1.00352,-0.0619688,-0.0121595
72,104,1.00414,-0.0614218,-0.0120263
72,105,1.00476,-0.0607541,-0.011843
72,106,1.00536,-0.0599724,-0.0116105
72,107,1.00596,-0.0590848,-0.0113302
72,108,1.00654,-0.0581019,-0.0110039
72,109,1.0071,-0.0570368,-0.0106336
72,110,1.00765,-0.0559063,-0.0102219
72,111,1.00819,-0.0547308,-0.00977146
72,112,1.00871,-0.0535349,-0.00928532
72,113,1.00921,-0.0523472,-0.00876654
72,114,1.00969,-0.0511986,-0.00821823
72,115,1.01015,-0.0501194,-0.00764352
72,116,1.01058,-0.0491348,-0.00704575
72,117,1.011,-0.0482546,-0.00642902
72,118,1.01138,-0.0474582,-0.00579911
72,119,1.01175,-0.0466695,-0.00516447
72,120,1.01208,-0.0457207,-0.00453635
72,121,1.01239,-0.0443071,-0.00392653
72,122,1.01267,-0.0419438,-0.00334082
72,123,1.01292,-0.0379463,-0.0027683
72,124,1.01315,-0.0314743,-0.00216971
72,125,1.01334,-0.0216869,-0.00146784
72,126,1.01349,-0.00806379,-0.000551153
72,127,1,-0.00343474,0
73,0,1,0,0
73,1,0.994186,0.00900566,-0.000188289
73,2,0.994183,0.0238836,-0.000419601
73,3,0.994148,0.0335949,-0.000434825
73,4,0.994089,0.0391664,-0.000272825
73,5,0.994005,0.042,-1.32821e-06
73,6,0.993895,0.0432701,0.000321485
73,7,0.993758,0.0437724,0.000660787
73,8,0.993596,0.0439762,0.00100159
73,9,0.993409,0.0441309,0.00134039
73,10,0.993199,0.0443555,0.0016781
73,11,0.992968,0.0446984,0.00201593
73,12,0.992718,0.0451704,0.00235398
73,13,0.992452,0.0457629,0.00269106
73,14,0.992171,0.0464563,0.00302515
73,15,0.99188,0.0472264,0.00335378
73,16,0.991581,0.0480466,0.00367437
73,17,0.991277,0.048891,0.00398441
73,18,0.990971,0.0497358,0.00428163
73,19,0.990667,0.05056,0.004564
73,20,0.990368,0.051346,0.00482979
73,21,0.990076,0.0520792,0.0050776
73,22,0.989795,0.0527478,0.00530633
73,23,0.989526,0.0533422,0.00551519
73,24,0.989272,0.0538545,0.00570366
73,25,0.989036,0.0542785,0.0058715
73,26,0.988818,0.0546086,0.0060187
73,27,0.98862,0.0548402,0.00614545
73,28,0.988442,0.0549696,0.00625212
73,29,0.988285,0.0549933,0.00633925
73,30,0.988148,0.0549089,0.00640748
73,31,0.988032,0.0547144,0.00645761
73,32,0.987936,0.0544083,0.00649047
73,33,0.987858,0.05399,0.00650699
73,34,0.987796,0.0534595,0.00650817
73,35,0.98775,0.0528173,0.00649501
73,36,0.987717,0.0520647,0.00646855
73,37,0.987696,0.0512033,0.00642984
73,38,0.987683,0.0502353,0.0063799
73,39,0.987677,0.0491634,0.00631975
73,40,0.987675,0.0479907,0.00625037
73,41,0.987676,0.0467203,0.00617268
73,42,0.987677,0.0453559,0.00608756
73,43,0.987676,0.0439012,0.00599579
73,44,0.987671,0.0423602,0.00589808
73,45,0.987662,0.0407366,0.00579503
73,46,0.987646,0.0390346,0.00568715
73,47,0.987623,0.0372581,0.00557479
73,48,0.987591,0.035411,0.00545819
73,49,0.987552,0.0334974,0.00533746
73,50,0.987504,0.0315211,0.00521252
73,51,0.987448,0.0294858,0.00508319
73,52,0.987384,0.0273953,0.0049491
73,53,0.987315,0.0252531,0.00480975
73,54,0.98724,0.0230629,0.00466448
73,55,0.987163,0.020828,0.00451252
73,56,0.987084,0.0185519,0.00435296
73,57,0.987007,0.016238,0.00418478
73,58,0.986933,0.0138896,0.00400691
73,59,0.986865,0.01151,0.00381818
73,60,0.986805,0.00910257,0.00361739
73,61,0.986758,0.00667065,0.00340333
73,62,0.986724,0.00421764,0.00317482
73,63,0.986707,0.00174699,0.00293071
73,64,0.98671,-0.000737768,0.00266991
73,65,0.986735,-0.00323302,0.00239146
73,66,0.986783,-0.00573503,0.00209449
73,67,0.986857,-0.00823996,0.00177831
73,68,0.986959,-0.0107438,0.00144238
73,69,0.987089,-0.0132425,0.00108638
73,70,0.987249,-0.0157318,0.000710171
73,71,0.98744,-0.0182073,0.000313835
73,72,0.987661,-0.0206644,-0.000102314
73,73,0.987912,-0.0230984,-0.000537733
73,74,0.988194,-0.0255045,-0.00099165
73,75,0.988506,-0.0278779,-0.00146306
73,76,0.988846,-0.0302133,-0.00195075
73,77,0.989214,-0.0325056,-0.00245325
73,78,0.989608,-0.0347497,-0.00296892
73,79,0.990027,-0.03694,-0.00349588
73,80,0.99047,-0.0390713,-0.00403207
73,81,0.990935,-0.041138,-0.00457522
73,82,0.991421,-0.0431348,-0.00512289
73,83,0.991926,-0.0450562,-0.00567242
73,84,0.992448,-0.0468966,-0.00622102
73,85,0.992987,-0.0486506,-0.0067657
73,86,0.993541,-0.0503129,-0.00730332
73,87,0.994109,-0.0518782,-0.0078306
73,88,0.99469,-0.0533413,-0.00834415
73,89,0.995282,-0.0546973,-0.00884046
73,90,0.995884,-0.0559412,-0.00931596
73,91,0.996496,-0.0570688,-0.00976707
73,92,0.997117,-0.0580759,-0.0101902
73,93,0.997744,-0.0589587,-0.0105819
73,94,0.998378,-0.0597141,-0.0109387
73,95,0.999018,-0.0603395,-0.0112574
73,96,0.999661,-0.060833,-0.0115351
73,97,1.00031,-0.0611933,-0.011769
73,98,1.00096,-0.0614201,-0.0119569
73,99,1.00161,-0.0615136,-0.0120967
73,100,1.00226,-0.061475,-0.0121868
73,101,1.0029,-0.0613064,-0.0122261
73,102,1.00355,-0.0610103,-0.0122139
73,103,1.00419,-0.0605904,-0.0121498
73,104,1.00482,-0.060051,-0.0120341
73,105,1.00545,-0.0593973,-0.0118671
73,106,1.00607,-0.0586357,-0.0116499
73,107,1.00667,-0.0577742,-0.0113838
73,108,1.00727,-0.0568225,-0.0110704
73,109,1.00785,-0.0557932,-0.0107119
73,110,1.00842,-0.0547019,-0.0103106
73,111,1.00897,-0.0535681,-0.00986936
73,112,1.00951,-0.0524155,-0.00939099
73,113,1.01002,-0.0512712,-0.00887858
73,114,1.01052,-0.0501652,-0.00833521
73,115,1.01099,-0.0491269,-0.00776399
73,116,1.01144,-0.0481797,-0.00716827
73,117,1.01186,-0.0473317,-0.00655223
73,118,1.01226,-0.0465596,-0.00592183
73,119,1.01263,-0.045784,-0.00528572
73,120,1.01298,-0.0448352,-0.00465529
73,121,1.0133,-0.0434112,-0.00404214
73,122,1.01359,-0.0410387,-0.00345151
73,123,1.01385,-0.0370576,-0.0028712
73,124,1.01409,-0.0306636,-0.00225787
73,125,1.01429,-0.021053,-0.00153151
73,126,1.01446,-0.00772419,-0.000584743
73,127,1,-0.00343474,0
74,0,1,0,0
74,1,0.992939,0.00896647,-0.000246536
74,2,0.992952,0.0236135,-0.000568185
74,3,0.992934,0.0331046,-0.000630911
74,4,0.99289,0.0385168,-0.000498519
74,5,0.992819,0.0412547,-0.000251722
74,6,0.992722,0.0424708,4.57037e-05
74,7,0.992597,0.0429362,0.000357283
74,8,0.992446,0.0431041,0.000668608
74,9,0.99227,0.0432162,0.000977239
74,10,0.992071,0.04339,0.00128488
74,11,0.99185,0.0436747,0.00159329
74,12,0.991611,0.0440828,0.00190287
74,13,0.991356,0.0446071,0.00221266
74,14,0.991087,0.0452295,0.00252078
74,15,0.990809,0.0459266,0.00282491
74,16,0.990524,0.0466727,0.00312263
74,17,0.990235,0.0474429,0.00341161
74,18,0.989948,0.0482143,0.0036897
74,19,0.989664,0.048967,0.00395504
74,20,0.989388,0.0496843,0.00420604
74,21,0.989122,0.0503527,0.00444143
74,22,0.98887,0.0509615,0.00466023
74,23,0.988634,0.0515022,0.00486174
74,24,0.988418,0.0519681,0.00504553
74,25,0.988222,0.0523535,0.00521143
74,26,0.988049,0.052654,0.00535946
74,27,0.987899,0.0528655,0.00548986
74,28,0.987773,0.0529846,0.00560301
74,29,0.987672,0.0530084,0.00569943
74,30,0.987594,0.0529343,0.00577975
74,31,0.98754,0.0527603,0.0058447
74,32,0.987507,0.0524846,0.00589508
74,33,0.987494,0.0521062,0.00593173
74,34,0.987499,0.0516244,0.00595552
74,35,0.98752,0.051039,0.00596735
74,36,0.987553,0.0503503,0.00596813
74,37,0.987598,0.0495593,0.00595875
74,38,0.98765,0.0486671,0.00594006
74,39,0.987706,0.0476754,0.00591291
74,40,0.987765,0.0465863,0.00587807
74,41,0.987824,0.0454021,0.00583626
74,42,0.987879,0.0441256,0.00578814
74,43,0.987929,0.0427596,0.00573428
74,44,0.987972,0.0413071,0.00567514
74,45,0.988006,0.0397716,0.00561109
74,46,0.98803,0.0381563,0.00554241
74,47,0.988042,0.0364647,0.00546922
74,48,0.988043,0.0347004,0.00539152
74,49,0.988031,0.032867,0.0053092
74,50,0.988008,0.0309681,0.00522199
74,51,0.987974,0.0290072,0.00512949
74,52,0.987929,0.026988,0.00503115
74,53,0.987876,0.024914,0.00492631
74,54,0.987816,0.0227888,0.00481418
74,55,0.987751,0.020616,0.00469384
74,56,0.987683,0.018399,0.00456429
74,57,0.987615,0.0161413,0.00442443
74,58,0.98755,0.0138464,0.00427311
74,59,0.98749,0.0115177,0.00410914
74,60,0.987438,0.0091588,0.0039313
74,61,0.987398,0.00677306,0.00373838
74,62,0.987371,0.00436402,0.0035292
74,63,0.987362,0.00193522,0.00330264
74,64,0.987372,-0.000509751,0.00305767
74,65,0.987404,-0.00296724,0.00279336
74,66,0.98746,-0.00543354,0.00250892
74,67,0.987541,-0.00790485,0.00220371
74,68,0.98765,-0.0103773,0.00187728
74,69,0.987787,-0.0128469,0.00152934
74,70,0.987954,-0.0153096,0.00115983
74,71,0.988151,-0.0177611,0.000768899
74,72,0.988377,-0.0201974,0.000356893
74,73,0.988634,-0.0226138,-7.56056e-05
74,74,0.988921,-0.025006,-0.000527799
74,75,0.989237,-0.0273693,-0.000998672
74,76,0.989581,-0.0296991,-0.001487
74,77,0.989952,-0.0319904,-0.00199134
74,78,0.990349,-0.0342383,-0.00251005
74,79,0.990772,-0.0364378,-0.0030413
74,80,0.991218,-0.0385837,-0.00358304
74,81,0.991686,-0.0406707,-0.00413303
74,82,0.992176,-0.0426933,-0.00468886
74,83,0.992686,-0.044646,-0.00524791
74,84,0.993214,-0.0465233,-0.00580736
74,85,0.993761,-0.0483195,-0.00636425
74,86,0.994323,-0.0500287,-0.0069154
74,87,0.994901,-0.0516453,-0.0074575
74,88,0.995493,-0.0531635,-0.0079871
74,89,0.996097,-0.0545776,-0.00850061
74,90,0.996714,-0.0558822,-0.00899437
74,91,0.997342,-0.0570718,-0.00946468
74,92,0.997979,-0.0581415,-0.00990784
74,93,0.998624,-0.0590866,-0.0103202
74,94,0.999276,-0.0599029,-0.0106982
74,95,0.999934,-0.0605868,-0.0110385
74,96,1.0006,-0.0611353,-0.0113379
74,97,1.00126,-0.0615463,-0.0115937
74,98,1.00193,-0.0618183,-0.0118033
74,99,1.00259,-0.0619508,-0.0119645
74,100,1.00326,-0.0619441,-0.0120757
74,101,1.00392,-0.0617995,-0.0121355
74,102,1.00457,-0.061519,-0.0121432
74,103,1.00522,-0.0611059,-0.0120983
74,104,1.00586,-0.0605641,-0.0120009
74,105,1.00649,-0.059899,-0.0118514
74,106,1.00712,-0.0591169,-0.0116508
74,107,1.00772,-0.0582261,-0.0114002
74,108,1.00832,-0.057237,-0.0111012
74,109,1.0089,-0.0561626,-0.0107561
74,110,1.00946,-0.0550196,-0.010367
74,111,1.01,-0.0538286,-0.0099367
74,112,1.01053,-0.0526143,-0.00946802
74,113,1.01104,-0.0514055,-0.00896398
74,114,1.01152,-0.0502336,-0.00842761
74,115,1.01199,-0.0491292,-0.00786197
74,116,1.01243,-0.0481169,-0.00727043
74,117,1.01285,-0.0472043,-0.0066572
74,118,1.01324,-0.0463669,-0.00602834
74,119,1.01361,-0.0455227,-0.00539263
74,120,1.01395,-0.0445006,-0.00476153
74,121,1.01427,-0.0430012,-0.00414652
74,122,1.01456,-0.0405632,-0.00355207
74,123,1.01482,-0.0365517,-0.0029644
74,124,1.01505,-0.0301994,-0.00233941
74,125,1.01526,-0.0207428,-0.00159248
74,126,1.01542,-0.00770627,-0.000601089
74,127,1,-0.00343474,0
75,0,1,0,0
75,1,0.991664,0.00876563,-0.0003098
75,2,0.991694,0.0231451,-0.000715522
75,3,0.991691,0.0324048,-0.000828459
75,4,0.991664,0.0376651,-0.000727117
75,5,0.99161,0.0403256,-0.000506439
75,6,0.991529,0.0415115,-0.000236559
75,7,0.991421,0.041968,4.52005e-05
75,8,0.991287,0.0421327,0.000325181
75,9,0.991128,0.042241,0.000601924
75,10,0.990948,0.0424099,0.000877918
75,11,0.990747,0.0426905,0.00115542
75,12,0.99053,0.0430973,0.00143513
75,13,0.990298,0.0436248,0.00171632
75,14,0.990056,0.0442557,0.00199728
75,15,0.989806,0.0449667,0.00227588
75,16,0.989552,0.0457324,0.00254985
75,17,0.989299,0.0465273,0.00281705
75,18,0.989048,0.047328,0.00307551
75,19,0.988805,0.0481139,0.00332351
75,20,0.988573,0.0488676,0.00355964
75,21,0.988354,0.0495748,0.00378274
75,22,0.988152,0.0502238,0.00399193
75,23,0.987969,0.0508053,0.00418663
75,24,0.987807,0.0513116,0.00436648
75,25,0.987668,0.0517363,0.00453134
75,26,0.987553,0.0520742,0.00468128
75,27,0.987463,0.0523206,0.00481654
75,28,0.987398,0.0524717,0.00493749
75,29,0.987358,0.0525241,0.00504463
75,30,0.987341,0.0524752,0.00513855
75,31,0.987347,0.0523226,0.0052199
75,32,0.987374,0.052065,0.00528939
75,33,0.987419,0.0517012,0.00534776
75,34,0.987481,0.0512311,0.00539578
75,35,0.987557,0.0506549,0.0054342
75,36,0.987644,0.0499734,0.00546379
75,37,0.987739,0.0491879,0.00548527
75,38,0.987839,0.0483004,0.00549932
75,39,0.987942,0.047313,0.0055066
75,40,0.988044,0.0462284,0.00550769
75,41,0.988142,0.0450494,0.00550309
75,42,0.988235,0.0437793,0.00549324
75,43,0.988319,0.0424214,0.00547849
75,44,0.988394,0.0409791,0.00545907
75,45,0.988457,0.0394561,0.00543513
75,46,0.988507,0.0378558,0.0054067
75,47,0.988544,0.0361818,0.00537366
75,48,0.988566,0.0344379,0.00533582
75,49,0.988574,0.0326275,0.00529283
75,50,0.988569,0.030754,0.00524421
75,51,0.98855,0.0288211,0.00518937
75,52,0.98852,0.026832,0.0051276
75,53,0.98848,0.02479,0.00505806
75,54,0.988432,0.0226984,0.00497983
75,55,0.988378,0.0205604,0.00489188
75,56,0.98832,0.0183792,0.00479309
75,57,0.988262,0.0161579,0.00468231
75,58,0.988206,0.0138996,0.00455832
75,59,0.988156,0.0116076,0.00441989
75,60,0.988113,0.00928495,0.00426579
75,61,0.988082,0.00693491,0.00409481
75,62,0.988065,0.00456075,0.0039058
75,63,0.988065,0.00216584,0.00369767
75,64,0.988084,-0.000246374,0.00346943
75,65,0.988125,-0.00267233,0.00322022
75,66,0.98819,-0.00510834,0.00294929
75,67,0.98828,-0.00755061,0.0026561
75,68,0.988398,-0.00999518,0.00234023
75,69,0.988543,-0.012438,0.00200148
75,70,0.988717,-0.0148747,0.00163985
75,71,0.988921,-0.0173011,0.00125552
75,72,0.989153,-0.0197125,0.000848904
75,73,0.989415,-0.0221042,0.000420606
75,74,0.989705,-0.0244716,-2.85585e-05
75,75,0.990023,-0.0268096,-0.00049757
75,76,0.990369,-0.0291131,-0.000985209
75,77,0.99074,-0.0313772,-0.00149006
75,78,0.991135,-0.0335964,-0.00201051
75,79,0.991555,-0.0357656,-0.00254477
75,80,0.991997,-0.0378792,-0.00309082
75,81,0.99246,-0.039932,-0.0036465
75,82,0.992943,-0.0419183,-0.0042094
75,83,0.993445,-0.0438327,-0.00477697
75,84,0.993966,-0.0456696,-0.00534641
75,85,0.994503,-0.0474235,-0.00591475
75,86,0.995056,-0.0490889,-0.00647884
75,87,0.995624,-0.0506604,-0.00703533
75,88,0.996206,-0.0521325,-0.00758072
75,89,0.996802,-0.0535,-0.00811137
75,90,0.99741,-0.0547578,-0.00862352
75,91,0.998029,-0.0559012,-0.00911337
75,92,0.998658,-0.0569255,-0.00957707
75,93,0.999297,-0.0578266,-0.0100108
75,94,0.999944,-0.058601,-0.010411
75,95,1.0006,-0.0592456,-0.010774
75,96,1.00126,-0.0597579,-0.0110965
75,97,1.00192,-0.0601363,-0.0113755
75,98,1.00259,-0.0603798,-0.0116083
75,99,1.00325,-0.0604884,-0.0117926
75,100,1.00392,-0.060463,-0.0119266
75,101,1.00458,-0.0603051,-0.0120087
75,102,1.00524,-0.0600173,-0.0120381
75,103,1.0059,-0.059603,-0.0120142
75,104,1.00655,-0.0590663,-0.011937
75,105,1.00719,-0.0584125,-0.0118068
75,106,1.00782,-0.057648,-0.0116244
75,107,1.00844,-0.0567808,-0.0113909
75,108,1.00904,-0.0558206,-0.0111081
75,109,1.00963,-0.05478,-0.0107777
75,110,1.01021,-0.0536747,-0.0104023
75,111,1.01077,-0.0525243,-0.00998427
75,112,1.0113,-0.0513525,-0.00952657
75,113,1.01182,-0.0501872,-0.00903213
75,114,1.01232,-0.0490585,-0.00850394
75,115,1.01279,-0.0479961,-0.00794506
75,116,1.01324,-0.0470227,-0.00735888
75,117,1.01367,-0.0461441,-0.00674966
75,118,1.01407,-0.0453326,-0.00612356
75,119,1.01445,-0.0445034,-0.00548946
75,120,1.0148,-0.0434834,-0.00485886
75,121,1.01512,-0.0419765,-0.00424297
75,122,1.01542,-0.0395344,-0.00364585
75,123,1.0157,-0.0355477,-0.00305277
75,124,1.01594,-0.029287,-0.00241598
75,125,1.01615,-0.0200292,-0.00164849
75,126,1.01634,-0.00732079,-0.000632537
75,127,1,-0.00343474,0
76,0,1,0,0
76,1,0.99035,0.00869516,-0.000369938
76,2,0.9904,0.0227499,-0.000865993
76,3,0.990419,0.031738,-0.00102604
76,4,0.99041,0.0368232,-0.000956158
76,5,0.990373,0.0393907,-0.000763703
76,6,0.990307,0.0405311,-0.000523305
76,7,0.990213,0.0409593,-0.00027319
76,8,0.990093,0.041095,-2.61672e-05
76,9,0.989949,0.0411664,0.000217342
76,10,0.989783,0.0412893,0.000460548
76,11,0.989597,0.0415164,0.000706165
76,12,0.989394,0.0418641,0.000955198
76,13,0.989178,0.0423286,0.00120712
76,14,0.988953,0.0428937,0.00146041
76,15,0.988722,0.0435374,0.00171311
76,16,0.988489,0.044235,0.00196315
76,17,0.988257,0.0449619,0.00220852
76,18,0.988032,0.0456955,0.00244744
76,19,0.987817,0.0464163,0.00267835
76,20,0.987616,0.0471077,0.00289994
76,21,0.987431,0.0477565,0.00311119
76,22,0.987267,0.0483521,0.00331132
76,23,0.987124,0.048886,0.00349981
76,24,0.987007,0.0493517,0.00367635
76,25,0.986916,0.0497435,0.00384087
76,26,0.986853,0.0500571,0.00399345
76,27,0.986818,0.0502884,0.00413432
76,28,0.98681,0.0504341,0.00426385
76,29,0.98683,0.0504912,0.0043825
76,30,0.986875,0.050457,0.00449081
76,31,0.986946,0.0503293,0.00458937
76,32,0.987038,0.0501063,0.00467881
76,33,0.98715,0.0497867,0.00475978
76,34,0.987278,0.0493696,0.00483291
76,35,0.98742,0.0488546,0.00489886
76,36,0.987572,0.0482416,0.00495821
76,37,0.987731,0.0475312,0.00501154
76,38,0.987893,0.0467242,0.00505937
76,39,0.988056,0.045822,0.00510213
76,40,0.988215,0.0448262,0.00514022
76,41,0.988367,0.0437387,0.00517392
76,42,0.988511,0.0425619,0.00520344
76,43,0.988643,0.0412981,0.00522889
76,44,0.988761,0.0399501,0.00525029
76,45,0.988865,0.0385206,0.00526752
76,46,0.988952,0.0370126,0.00528037
76,47,0.989022,0.0354292,0.00528851
76,48,0.989074,0.0337735,0.00529149
76,49,0.98911,0.0320486,0.00528875
76,50,0.989129,0.0302578,0.00527962
76,51,0.989132,0.0284044,0.0052633
76,52,0.989122,0.0264915,0.00523891
76,53,0.9891,0.0245225,0.00520546
76,54,0.989068,0.0225005,0.00516189
76,55,0.989029,0.020429,0.00510704
76,56,0.988985,0.018311,0.00503974
76,57,0.98894,0.01615,0.00495873
76,58,0.988896,0.0139491,0.00486277
76,59,0.988857,0.0117117,0.0047506
76,60,0.988826,0.00944109,0.00462097
76,61,0.988806,0.00714067,0.00447269
76,62,0.9888,0.00481382,0.00430464
76,63,0.98881,0.00246402,0.00411576
76,64,0.988839,9.47898e-05,0.00390511
76,65,0.98889,-0.00229027,0.0036719
76,66,0.988964,-0.00468748,0.00341545
76,67,0.989063,-0.00709307,0.00313525
76,68,0.989188,-0.00950319,0.00283099
76,69,0.98934,-0.0119139,0.00250251
76,70,0.989521,-0.0143211,0.00214986
76,71,0.989729,-0.0167207,0.00177328
76,72,0.989966,-0.0191084,0.00137321
76,73,0.990231,-0.0214799,0.000950258
76,74,0.990524,-0.0238306,0.000505264
76,75,0.990844,-0.0261562,3.92348e-05
76,76,0.991189,-0.0284518,-0.000446632
76,77,0.99156,-0.0307127,-0.000950953
76,78,0.991956,-0.032934,-0.00147216
76,79,0.992375,-0.0351106,-0.0020085
76,80,0.992816,-0.0372375,-0.00255802
76,81,0.993279,-0.0393093,-0.00311859
76,82,0.993762,-0.0413206,-0.00368788
76,83,0.994266,-0.0432659,-0.00426333
76,84,0.994788,-0.0451394,-0.00484219
76,85,0.995329,-0.0469355,-0.00542151
76,86,0.995887,-0.0486482,-0.00599811
76,87,0.996462,-0.0502716,-0.00656862
76,88,0.997052,-0.0517997,-0.00712948
76,89,0.997658,-0.0532265,-0.007677
76,90,0.998277,-0.0545463,-0.00820732
76,91,0.998909,-0.0557533,-0.00871653
76,92,0.999552,-0.0568421,-0.00920065
76,93,1.00021,-0.0578077,-0.00965577
76,94,1.00087,-0.0586453,-0.010078
76,95,1.00154,-0.059351,-0.0104637
76,96,1.00221,-0.0599213,-0.0108093
76,97,1.00289,-0.0603534,-0.0111117
76,98,1.00357,-0.0606457,-0.0113681
76,99,1.00425,-0.0607969,-0.0115758
76,100,1.00493,-0.0608072,-0.011733
76,101,1.00561,-0.0606775,-0.011838
76,102,1.00628,-0.0604096,-0.0118898
76,103,1.00694,-0.0600064,-0.0118877
76,104,1.00759,-0.0594719,-0.0118315
76,105,1.00824,-0.0588112,-0.0117216
76,106,1.00887,-0.0580307,-0.0115586
76,107,1.00948,-0.0571385,-0.0113436
76,108,1.01008,-0.0561449,-0.0110782
76,109,1.01066,-0.0550632,-0.0107643
76,110,1.01123,-0.0539097,-0.0104041
76,111,1.01178,-0.0527052,-0.0100002
76,112,1.0123,-0.0514747,-0.00955541
76,113,1.01281,-0.0502473,-0.00907256
76,114,1.0133,-0.0490547,-0.00855463
76,115,1.01376,-0.047928,-0.00800465
76,116,1.0142,-0.0468907,-0.00742598
76,117,1.01462,-0.0459485,-0.00682292
76,118,1.01501,-0.0450721,-0.00620166
76,119,1.01538,-0.0441746,-0.00557111
76,120,1.01572,-0.0430815,-0.00494269
76,121,1.01604,-0.0415002,-0.00432746
76,122,1.01634,-0.0389951,-0.00372879
76,123,1.0166,-0.0349837,-0.00313074
76,124,1.01685,-0.0287759,-0.00248542
76,125,1.01706,-0.0196918,-0.00170141
76,126,1.01723,-0.0073079,-0.000645346
76,127,1,-0.00343474,0
77,0,1,0,0
77,1,0.989006,0.00840938,-0.00043324
77,2,0.989075,0.0220998,-0.00101189
77,3,0.989112,0.030806,-0.00122167
77,4,0.989123,0.0357245,-0.00118486
77,5,0.989105,0.0382168,-0.0010223
77,6,0.989059,0.0393339,-0.000813668
77,7,0.988984,0.0397592,-0.000597249
77,8,0.988884,0.0398956,-0.000384893
77,9,0.988761,0.0399656,-0.000176095
77,10,0.988617,0.0400852,3.30319e-05
77,11,0.988454,0.0403093,0.000245624
77,12,0.988278,0.0406571,0.000462968
77,13,0.98809,0.0411261,0.000684749
77,14,0.987896,0.0417016,0.000909657
77,15,0.987698,0.0423615,0.00113591
77,16,0.987502,0.0430814,0.00136162
77,17,0.987312,0.0438363,0.00158498
77,18,0.987131,0.0446032,0.00180436
77,19,0.986963,0.0453619,0.00201834
77,20,0.986813,0.0460952,0.00222577
77,21,0.986682,0.046789,0.00242571
77,22,0.986575,0.0474318,0.00261749
77,23,0.986493,0.0480144,0.00280064
77,24,0.986437,0.0485292,0.00297491
77,25,0.98641,0.0489699,0.00314022
77,26,0.986411,0.049331,0.00329668
77,27,0.986442,0.0496081,0.00344449
77,28,0.9865,0.0497971,0.003584
77,29,0.986585,0.0498944,0.00371561
77,30,0.986695,0.0498973,0.0038398
77,31,0.986829,0.0498032,0.00395707
77,32,0.986983,0.0496104,0.00406796
77,33,0.987154,0.0493176,0.00417299
77,34,0.98734,0.048924,0.00427268
77,35,0.987537,0.0484297,0.00436753
77,36,0.987741,0.0478351,0.00445798
77,37,0.987949,0.0471411,0.00454443
77,38,0.988158,0.0463491,0.00462721
77,39,0.988363,0.045461,0.00470658
77,40,0.988562,0.044479,0.00478269
77,41,0.988751,0.0434055,0.00485565
77,42,0.988929,0.0422432,0.00492541
77,43,0.989093,0.0409951,0.00499187
77,44,0.98924,0.0396642,0.0050548
77,45,0.98937,0.0382536,0.00511385
77,46,0.989481,0.0367665,0.00516858
77,47,0.989573,0.035206,0.00521843
77,48,0.989647,0.0335755,0.00526272
77,49,0.989701,0.031878,0.00530069
77,50,0.989738,0.0301167,0.00533146
77,51,0.989758,0.0282947,0.00535406
77,52,0.989763,0.0264151,0.00536743
77,53,0.989756,0.0244808,0.00537044
77,54,0.989738,0.022495,0.00536191
77,55,0.989712,0.0204606,0.00534057
77,56,0.989682,0.0183804,0.00530516
77,57,0.98965,0.0162576,0.00525437
77,58,0.98962,0.014095,0.00518691
77,59,0.989594,0.0118957,0.0051015
77,60,0.989575,0.00966274,0.00499689
77,61,0.989567,0.00739921,0.00487192
77,62,0.989573,0.00510833,0.00472547
77,63,0.989596,0.00279339,0.00455654
77,64,0.989636,0.000457795,0.00436425
77,65,0.989698,-0.00189495,0.00414785
77,66,0.989783,-0.00426118,0.00390674
77,67,0.989892,-0.00663713,0.00364049
77,68,0.990026,-0.00901886,0.00334882
77,69,0.990187,-0.0114023,0.00303164
77,70,0.990375,-0.0137832,0.00268907
77,71,0.990589,-0.0161573,0.00232136
77,72,0.990831,-0.01852,0.001929
77,73,0.991099,-0.0208667,0.00151261
77,74,0.991393,-0.0231926,0.00107302
77,75,0.991713,-0.0254928,0.000611223
77,76,0.992057,-0.0277624,0.000128393
77,77,0.992425,-0.0299961,-0.000374132
77,78,0.992816,-0.0321889,-0.000894836
77,79,0.99323,-0.0343355,-0.00143202
77,80,0.993664,-0.0364305,-0.00198381
77,81,0.994119,-0.0384684,-0.00254812
77,82,0.994593,-0.0404437,-0.00312269
77,83,0.995086,-0.042351,-0.00370501
77,84,0.995598,-0.0441846,-0.00429237
77,85,0.996127,-0.0459388,-0.00488184
77,86,0.996674,-0.0476081,-0.00547025
77,87,0.997236,-0.0491866,-0.00605423
77,88,0.997815,-0.0506689,-0.00663018
77,89,0.998409,-0.0520494,-0.00719433
77,90,0.999017,-0.0533226,-0.00774278
77,91,0.999638,-0.0544834,-0.00827148
77,92,1.00027,-0.0555268,-0.00877637
77,93,1.00092,-0.0564483,-0.00925335
77,94,1.00157,-0.0572437,-0.00969843
77,95,1.00223,-0.0579096,-0.0101077
77,96,1.0029,-0.0584429,-0.0104776
77,97,1.00358,-0.0588414,-0.0108046
77,98,1.00426,-0.0591039,-0.0110858
77,99,1.00493,-0.0592298,-0.0113185
77,100,1.00561,-0.0592196,-0.0115006
77,101,1.00629,-0.0590746,-0.0116301
77,102,1.00696,-0.0587969,-0.011706
77,103,1.00763,-0.05839,-0.0117274
77,104,1.00828,-0.0578578,-0.0116941
77,105,1.00893,-0.0572056,-0.0116062
77,106,1.00956,-0.0564398,-0.0114643
77,107,1.01019,-0.0555683,-0.0112695
77,108,1.01079,-0.0546012,-0.0110232
77,109,1.01138,-0.0535508,-0.0107272
77,110,1.01196,-0.0524331,-0.0103838
77,111,1.01251,-0.0512678,-0.00999543
77,112,1.01305,-0.0500789,-0.00956482
77,113,1.01356,-0.0488946,-0.00909484
77,114,1.01405,-0.0477455,-0.00858841
77,115,1.01452,-0.0466613,-0.00804855
77,116,1.01497,-0.0456641,-0.00747863
77,117,1.01539,-0.0447573,-0.00688298
77,118,1.01579,-0.0439088,-0.00626782
77,119,1.01616,-0.0430282,-0.00564208
77,120,1.01651,-0.0419398,-0.00501708
77,121,1.01684,-0.0403546,-0.00440354
77,122,1.01714,-0.0378502,-0.00380455
77,123,1.01742,-0.0338711,-0.00320358
77,124,1.01767,-0.0277667,-0.00254944
77,125,1.01789,-0.0189011,-0.00174891
77,126,1.01808,-0.00687662,-0.000674216
77,127,1,-0.00343474,0
78,0,1,0,0
78,1,0.987625,0.00830383,-0.000492393
78,2,0.987718,0.0215729,-0.00115803
78,3,0.987781,0.0299617,-0.00141375
78,4,0.987813,0.0346948,-0.00141058
78,5,0.987816,0.0371,-0.00128017
78,6,0.987788,0.0381815,-0.00110522
78,7,0.987733,0.0385879,-0.00092419
78,8,0.987652,0.0387031,-0.000747897
78,9,0.987547,0.038743,-0.000574884
78,10,0.987422,0.0388233,-0.000400666
78,11,0.98728,0.0390006,-0.000221729
78,12,0.987124,0.0392961,-3.65239e-05
78,13,0.986959,0.0397094,0.000154848
78,14,0.986789,0.0402267,0.000351268
78,15,0.986618,0.0408273,0.000551144
78,16,0.986451,0.0414872,0.000752762
78,17,0.986292,0.0421825,0.000954479
78,18,0.986144,0.0428909,0.00115482
78,19,0.986014,0.043593,0.0013525
78,20,0.985903,0.0442725,0.00154646
78,21,0.985815,0.0449163,0.00173588
78,22,0.985753,0.0455138,0.00192013
78,23,0.985719,0.0460566,0.0020988
78,24,0.985715,0.0465381,0.00227165
78,25,0.985742,0.0469527,0.00243863
78,26,0.9858,0.047296,0.00259982
78,27,0.985889,0.0475639,0.00275543
78,28,0.986008,0.0477528,0.00290573
78,29,0.986155,0.0478597,0.00305109
78,30,0.986329,0.0478818,0.00319192
78,31,0.986527,0.0478167,0.00332864
78,32,0.986746,0.0476624,0.0034617
78,33,0.986981,0.0474172,0.00359151
78,34,0.987231,0.0470801,0.00371847
78,35,0.98749,0.0466502,0.00384294
78,36,0.987756,0.0461273,0.00396519
78,37,0.988023,0.0455114,0.00408546
78,38,0.988289,0.0448032,0.0042039
78,39,0.988549,0.0440035,0.00432056
78,40,0.9888,0.0431134,0.00443541
78,41,0.989038,0.0421346,0.00454829
78,42,0.989262,0.0410689,0.00465896
78,43,0.989469,0.0399182,0.00476707
78,44,0.989656,0.0386848,0.00487214
78,45,0.989823,0.0373711,0.0049736
78,46,0.989969,0.0359795,0.00507077
78,47,0.990093,0.0345128,0.00516285
78,48,0.990195,0.0329735,0.00524895
78,49,0.990277,0.0313646,0.00532809
78,50,0.990338,0.0296889,0.0053992
78,51,0.990381,0.0279493,0.00546112
78,52,0.990407,0.0261487,0.00551265
78,53,0.99042,0.0242901,0.00555251
78,54,0.990421,0.0223765,0.00557939
78,55,0.990413,0.0204109,0.00559195
78,56,0.9904,0.0183964,0.00558883
78,57,0.990384,0.0163361,0.00556868
78,58,0.990369,0.0142331,0.00553017
78,59,0.990358,0.0120906,0.00547201
78,60,0.990354,0.00991186,0.00539296
78,61,0.990361,0.00770009,0.00529186
78,62,0.99038,0.00545865,0.00516764
78,63,0.990415,0.00319096,0.00501936
78,64,0.990468,0.000900513,0.00484618
78,65,0.990541,-0.00140913,0.00464741
78,66,0.990636,-0.00373431,0.00442252
78,67,0.990754,-0.00607129,0.00417113
78,68,0.990897,-0.00841624,0.00389303
78,69,0.991064,-0.0107652,0.00358819
78,70,0.991257,-0.0131143,0.00325675
78,71,0.991476,-0.0154592,0.00289902
78,72,0.99172,-0.0177958,0.00251547
78,73,0.991989,-0.0201199,0.00210674
78,74,0.992283,-0.022427,0.00167366
78,75,0.992602,-0.0247126,0.00121718
78,76,0.992944,-0.0269722,0.000738432
78,77,0.993309,-0.029201,0.000238707
78,78,0.993697,-0.0313941,-0.00028054
78,79,0.994107,-0.0335467,-0.000817679
78,80,0.994537,-0.0356535,-0.0013709
78,81,0.994989,-0.0377094,-0.00193818
78,82,0.995461,-0.0397089,-0.00251731
78,83,0.995952,-0.0416464,-0.00310584
78,84,0.996463,-0.0435161,-0.0037011
78,85,0.996994,-0.0453123,-0.00430018
78,86,0.997542,-0.0470287,-0.0048999
78,87,0.998109,-0.0486593,-0.00549688
78,88,0.998694,-0.0501979,-0.00608748
78,89,0.999295,-0.0516381,-0.00666789
78,90,0.999911,-0.052974,-0.0072341
78,91,1.00054,-0.0541993,-0.00778198
78,92,1.00119,-0.0553082,-0.00830733
78,93,1.00185,-0.0562953,-0.00880595
78,94,1.00251,-0.0571554,-0.00927366
78,95,1.00319,-0.0578839,-0.00970645
78,96,1.00387,-0.058477,-0.0101005
78,97,1.00456,-0.0589315,-0.0104522
78,98,1.00525,-0.0592451,-0.0107584
78,99,1.00594,-0.0594164,-0.0110163
78,100,1.00663,-0.0594449,-0.0112234
78,101,1.00731,-0.0593312,-0.011378
78,102,1.00799,-0.059077,-0.0114785
78,103,1.00866,-0.058685,-0.0115242
78,104,1.00932,-0.0581589,-0.0115145
78,105,1.00996,-0.0575039,-0.0114496
78,106,1.01059,-0.0567261,-0.01133
78,107,1.01121,-0.0558339,-0.0111566
78,108,1.01181,-0.0548375,-0.0109308
78,109,1.01239,-0.05375,-0.0106543
78,110,1.01295,-0.0525879,-0.0103293
78,111,1.01349,-0.051372,-0.00995822
78,112,1.01401,-0.0501276,-0.00954373
78,113,1.01451,-0.0488841,-0.00908862
78,114,1.01499,-0.0476737,-0.00859578
78,115,1.01545,-0.0465275,-0.00806819
78,116,1.01588,-0.0454682,-0.0075092
78,117,1.01629,-0.0444993,-0.00692315
78,118,1.01668,-0.0435871,-0.00631621
78,119,1.01704,-0.0426393,-0.00569723
78,120,1.01738,-0.0414792,-0.00507734
78,121,1.0177,-0.0398215,-0.00446708
78,122,1.01799,-0.0372573,-0.00386891
78,123,1.01826,-0.0332587,-0.0032654
78,124,1.01851,-0.0272168,-0.00260583
78,125,1.01873,-0.0185423,-0.00179295
78,126,1.01891,-0.00687183,-0.00068311
78,127,1,-0.00343474,0
79,0,1,0,0
79,1,0.986218,0.00792642,-0.000552712
79,2,0.986332,0.0207347,-0.00129574
79,3,0.986416,0.0287982,-0.00159991
79,4,0.986471,0.0333558,-0.00163208
79,5,0.986496,0.0356911,-0.00153555
79,6,0.986491,0.0367573,-0.00139646
79,7,0.986459,0.0371675,-0.00125261
79,8,0.986403,0.0372884,-0.00111375
79,9,0.986324,0.0373306,-0.000977618
79,10,0.986226,0.0374108,-0.000839186
79,11,0.986113,0.0375885,-0.000694606
79,12,0.98599,0.0378875,-0.000542086
79,13,0.98586,0.0383092,-0.000381521
79,14,0.985727,0.0388408,-0.000213831
79,15,0.985597,0.0394621,-4.042e-05
79,16,0.985474,0.0401492,0.000137178
79,17,0.985363,0.0408777,0.000317485
79,18,0.985268,0.0416251,0.000499167
79,19,0.985192,0.0423714,0.000681073
79,20,0.985139,0.0430996,0.000862248
79,21,0.985112,0.0437957,0.00104193
79,22,0.985114,0.0444484,0.00121956
79,23,0.985146,0.0450483,0.00139474
79,24,0.985209,0.045588,0.00156727
79,25,0.985305,0.0460611,0.00173708
79,26,0.985432,0.046462,0.00190422
79,27,0.98559,0.046786,0.00206885
79,28,0.985777,0.047029,0.00223122
79,29,0.985991,0.0471872,0.00239162
79,30,0.986231,0.0472575,0.00255037
79,31,0.986492,0.0472371,0.0027078
79,32,0.986771,0.047124,0.00286425
79,33,0.987065,0.0469165,0.00302002
79,34,0.98737,0.0466135,0.00317536
79,35,0.987681,0.0462146,0.00333047
79,36,0.987995,0.0457198,0.0034855
79,37,0.988308,0.0451297,0.00364047
79,38,0.988616,0.0444452,0.00379536
79,39,0.988915,0.0436677,0.00395001
79,40,0.989201,0.0427989,0.00410418
79,41,0.989473,0.041841,0.0042575
79,42,0.989728,0.0407961,0.00440949
79,43,0.989962,0.0396667,0.00455958
79,44,0.990176,0.0384555,0.00470706
79,45,0.990367,0.037165,0.00485112
79,46,0.990535,0.0357982,0.00499085
79,47,0.99068,0.0343577,0.00512524
79,48,0.990802,0.0328466,0.00525319
79,49,0.990902,0.0312674,0.00537352
79,50,0.990982,0.0296232,0.00548497
79,51,0.991042,0.0279167,0.00558622
79,52,0.991086,0.0261506,0.00567592
79,53,0.991116,0.0243279,0.00575266
79,54,0.991133,0.0224512,0.00581502
79,55,0.991142,0.0205233,0.00586157
79,56,0.991145,0.0185471,0.00589089
79,57,0.991146,0.0165253,0.00590158
79,58,0.991147,0.0144608,0.00589228
79,59,0.991152,0.0123565,0.00586169
79,60,0.991163,0.0102153,0.00580859
79,61,0.991185,0.00804045,0.00573183
79,62,0.991219,0.00583493,0.00563039
79,63,0.991268,0.00360203,0.00550335
79,64,0.991334,0.00134512,0.00534995
79,65,0.99142,-0.00093232,0.00516956
79,66,0.991526,-0.00322666,0.0049617
79,67,0.991655,-0.00553415,0.00472605
79,68,0.991806,-0.00785087,0.00446246
79,69,0.991982,-0.0101728,0.00417095
79,70,0.992181,-0.0124957,0.00385169
79,71,0.992404,-0.0148154,0.00350501
79,72,0.992652,-0.0171272,0.00313141
79,73,0.992922,-0.0194267,0.00273152
79,74,0.993217,-0.0217091,0.00230613
79,75,0.993533,-0.0239696,0.00185618
79,76,0.993872,-0.0262033,0.00138274
79,77,0.994232,-0.0284052,0.000887052
79,78,0.994614,-0.03057,0.000370499
79,79,0.995015,-0.0326926,-0.000165364
79,80,0.995437,-0.0347676,-0.000718797
79,81,0.995878,-0.0367896,-0.00128787
79,82,0.996339,-0.0387531,-0.00187042
79,83,0.996819,-0.0406525,-0.00246408
79,84,0.997317,-0.0424821,-0.00306623
79,85,0.997834,-0.0442361,-0.00367397
79,86,0.99837,-0.0459088,-0.00428418
79,87,0.998923,-0.0474942,-0.00489345
79,88,0.999493,-0.0489864,-0.00549813
79,89,1.00008,-0.0503797,-0.00609436
79,90,1.00068,-0.0516683,-0.00667807
79,91,1.0013,-0.0528466,-0.00724505
79,92,1.00194,-0.0539093,-0.00779099
79,93,1.00258,-0.0548512,-0.00831154
79,94,1.00324,-0.055668,-0.00880239
79,95,1.00391,-0.0563554,-0.00925935
79,96,1.00458,-0.0569101,-0.00967843
79,97,1.00526,-0.0573294,-0.0100559
79,98,1.00594,-0.0576114,-0.0103883
79,99,1.00663,-0.0577553,-0.0106727
79,100,1.00731,-0.057761,-0.0109065
79,101,1.00799,-0.0576296,-0.0110876
79,102,1.00867,-0.057363,-0.0112145
79,103,1.00934,-0.0569644,-0.0112862
79,104,1.00999,-0.0564377,-0.011302
79,105,1.01064,-0.0557882,-0.0112618
79,106,1.01127,-0.0550223,-0.0111662
79,107,1.01189,-0.0541479,-0.0110159
79,108,1.01249,-0.0531751,-0.0108122
79,109,1.01308,-0.0521166,-0.0105568
79,110,1.01364,-0.0509882,-0.0102518
79,111,1.01419,-0.0498099,-0.00989951
79,112,1.01471,-0.048606,-0.00950253
79,113,1.01522,-0.0474051,-0.00906364
79,114,1.0157,-0.0462382,-0.00858569
79,115,1.01616,-0.045135,-0.00807164
79,116,1.01659,-0.0441169,-0.00752486
79,117,1.01701,-0.0431848,-0.00694967
79,118,1.0174,-0.0423022,-0.00635225
79,119,1.01776,-0.0413739,-0.00574134
79,120,1.01811,-0.0402216,-0.00512786
79,121,1.01843,-0.0385639,-0.00452193
79,122,1.01873,-0.0360056,-0.00392583
79,123,1.019,-0.0320459,-0.00332186
79,124,1.01926,-0.0261175,-0.0026564
79,125,1.01949,-0.0176784,-0.00183105
79,126,1.01969,-0.00639533,-0.00070892
79,127,1,-0.00343474,0
80,0,1,0,0
80,1,0.984783,0.00778587,-0.000607446
80,2,0.984924,0.0200802,-0.00143051
80,3,0.985036,0.027789,-0.00177864
80,4,0.985117,0.032157,-0.00184667
80,5,0.985166,0.0344138,-0.00178617
80,6,0.985186,0.035455,-0.00168457
80,7,0.985178,0.0358558,-0.00157923
80,8,0.985145,0.035964,-0.0014788
80,9,0.985091,0.0359843,-0.00138021
80,10,0.98502,0.0360332,-0.00127797
80,11,0.984935,0.0361725,-0.00116795
80,12,0.98484,0.0364282,-0.00104815
80,13,0.984741,0.0368032,-0.000918253
80,14,0.984642,0.0372864,-0.000779004
80,15,0.984548,0.037858,-0.000631623
80,16,0.984463,0.0384951,-0.000477479
80,17,0.984392,0.039174,-0.000317906
80,18,0.984339,0.0398729,-0.000154109
80,19,0.984309,0.0405725,1.28602e-05
80,20,0.984304,0.0412565,0.000182125
80,21,0.984327,0.0419119,0.000352981
80,22,0.984381,0.0425281,0.000524894
80,23,0.984468,0.0430967,0.000697496
80,24,0.984588,0.0436109,0.000870567
80,25,0.984741,0.0440651,0.00104402
80,26,0.984927,0.0444545,0.00121789
80,27,0.985145,0.044775,0.00139228
80,28,0.985394,0.0450229,0.00156738
80,29,0.98567,0.0451949,0.00174342
80,30,0.985971,0.045288,0.00192065
80,31,0.986293,0.0452996,0.0020993
80,32,0.986633,0.0452275,0.00227961
80,33,0.986987,0.0450697,0.00246176
80,34,0.98735,0.0448248,0.00264587
80,35,0.987719,0.0444917,0.00283201
80,36,0.988088,0.0440698,0.00302014
80,37,0.988454,0.0435589,0.00321013
80,38,0.988813,0.042959,0.00340176
80,39,0.98916,0.0422707,0.00359467
80,40,0.989493,0.0414947,0.00378841
80,41,0.989809,0.0406322,0.00398239
80,42,0.990105,0.0396846,0.00417591
80,43,0.990378,0.0386534,0.00436814
80,44,0.990628,0.0375404,0.00455817
80,45,0.990853,0.0363476,0.00474494
80,46,0.991053,0.035077,0.00492733
80,47,0.991229,0.0337311,0.0051041
80,48,0.991379,0.032312,0.00527396
80,49,0.991506,0.0308223,0.00543551
80,50,0.991611,0.0292644,0.00558734
80,51,0.991696,0.027641,0.00572797
80,52,0.991762,0.0259548,0.00585588
80,53,0.991814,0.0242084,0.00596958
80,54,0.991852,0.0224048,0.00606751
80,55,0.991882,0.0205466,0.00614819
80,56,0.991905,0.0186368,0.00621012
80,57,0.991924,0.0166785,0.00625187
80,58,0.991944,0.0146745,0.00627206
80,59,0.991966,0.0126281,0.00626938
80,60,0.991995,0.0105423,0.00624263
80,61,0.992033,0.00842033,0.00619069
80,62,0.992082,0.00626555,0.00611257
80,63,0.992146,0.00408131,0.00600742
80,64,0.992226,0.00187107,0.0058745
80,65,0.992323,-0.000361635,0.00571326
80,66,0.99244,-0.00261317,0.00552327
80,67,0.992578,-0.00487984,0.00530427
80,68,0.992737,-0.00715783,0.00505616
80,69,0.992918,-0.00944327,0.00477898
80,70,0.993122,-0.0117322,0.00447295
80,71,0.993347,-0.0140205,0.00413841
80,72,0.993596,-0.0163042,0.00377584
80,73,0.993866,-0.0185789,0.00338587
80,74,0.994158,-0.0208405,0.00296926
80,75,0.994471,-0.0230844,0.0025269
80,76,0.994805,-0.0253061,0.0020598
80,77,0.99516,-0.0275011,0.00156914
80,78,0.995536,-0.0296645,0.00105623
80,79,0.995932,-0.0317915,0.000522543
80,80,0.996348,-0.033877,-3.02579e-05
80,81,0.996783,-0.0359156,-0.000600314
80,82,0.997239,-0.0379021,-0.00118554
80,83,0.997715,-0.0398307,-0.00178363
80,84,0.998211,-0.0416956,-0.00239198
80,85,0.998727,-0.0434907,-0.00300776
80,86,0.999262,-0.0452099,-0.00362785
80,87,0.999817,-0.0468468,-0.00424883
80,88,1.00039,-0.0483949,-0.00486703
80,89,1.00098,-0.0498476,-0.00547856
80,90,1.00159,-0.0511985,-0.00607927
80,91,1.00222,-0.0524412,-0.00666487
80,92,1.00286,-0.0535693,-0.00723094
80,93,1.00352,-0.054577,-0.00777302
80,94,1.00419,-0.0554587,-0.00828666
80,95,1.00486,-0.0562093,-0.00876753
80,96,1.00555,-0.0568246,-0.00921144
80,97,1.00624,-0.0573008,-0.00961451
80,98,1.00693,-0.0576353,-0.00997314
80,99,1.00762,-0.0578262,-0.0102842
80,100,1.00831,-0.0578727,-0.0105448
80,101,1.009,-0.0577751,-0.0107529
80,102,1.00968,-0.0575347,-0.0109067
80,103,1.01035,-0.0571542,-0.011005
80,104,1.011,-0.0566371,-0.011047
80,105,1.01165,-0.0559884,-0.0110326
80,106,1.01227,-0.0552145,-0.010962
80,107,1.01288,-0.0543235,-0.0108361
80,108,1.01347,-0.0533257,-0.010656
80,109,1.01404,-0.0522341,-0.0104232
80,110,1.01459,-0.0510654,-0.0101398
80,111,1.01512,-0.0498405,-0.0098081
80,112,1.01563,-0.0485848,-0.00943055
80,113,1.01612,-0.0473282,-0.00900988
80,114,1.01658,-0.0461031,-0.0085489
80,115,1.01703,-0.0449407,-0.00805055
80,116,1.01745,-0.043863,-0.00751815
80,117,1.01784,-0.0428709,-0.00695602
80,118,1.01822,-0.0419268,-0.00637023
80,119,1.01858,-0.0409335,-0.00576932
80,120,1.01891,-0.039712,-0.00516394
80,121,1.01922,-0.0379849,-0.00456392
80,122,1.01951,-0.0353707,-0.003971
80,123,1.01978,-0.0313966,-0.00336683
80,124,1.02003,-0.0255386,-0.00269889
80,125,1.02025,-0.0173057,-0.00186537
80,126,1.02044,-0.00640234,-0.00071355
80,127,1,-0.00343474,0
81,0,1,0,0
81,1,0.983335,0.00731436,-0.000661477
81,2,0.983499,0.019059,-0.00155293
81,3,0.983633,0.026409,-0.00194738
81,4,0.983738,0.0305988,-0.00205288
81,5,0.983813,0.0327933,-0.00202987
81,6,0.98386,0.0338276,-0.00196757
81,7,0.98388,0.034239,-0.00190205
81,8,0.983878,0.0343582,-0.00184091
81,9,0.983856,0.0343857,-0.00178044
81,10,0.983819,0.0344395,-0.00171477
81,11,0.983771,0.0345841,-0.00163953
81,12,0.983716,0.0348485,-0.00155252
81,13,0.983659,0.0352374,-0.00145326
81,14,0.983606,0.0357407,-0.00134229
81,15,0.98356,0.0363391,-0.00122065
81,16,0.983528,0.0370096,-0.00108957
81,17,0.983512,0.0377283,-0.000950235
81,18,0.983518,0.0384729,-0.000803731
81,19,0.98355,0.0392236,-0.000651019
81,20,0.983609,0.0399635,-0.00049291
81,21,0.983699,0.0406788,-0.000330064
81,22,0.983822,0.0413579,-0.000162991
81,23,0.983978,0.0419917,7.94087e-06
81,24,0.984168,0.0425725,0.0001825
81,25,0.984392,0.0430936,0.000360572
81,26,0.984648,0.0435496,0.000542141
81,27,0.984936,0.0439354,0.000727273
81,28,0.985252,0.0442466,0.000916083
81,29,0.985593,0.0444792,0.00110872
81,30,0.985958,0.0446299,0.00130535
81,31,0.98634,0.0446955,0.0015061
81,32,0.986738,0.0446737,0.0017111
81,33,0.987146,0.0445624,0.0019204
81,34,0.98756,0.0443603,0.00213399
81,35,0.987975,0.0440664,0.00235176
81,36,0.988389,0.0436804,0.00257352
81,37,0.988795,0.0432024,0.00279897
81,38,0.989191,0.0426329,0.00302768
81,39,0.989573,0.0419729,0.00325909
81,40,0.989937,0.0412236,0.00349255
81,41,0.990282,0.0403868,0.00372724
81,42,0.990604,0.0394642,0.00396224
81,43,0.990903,0.0384579,0.00419651
81,44,0.991176,0.0373701,0.0044289
81,45,0.991423,0.0362031,0.00465815
81,46,0.991644,0.0349592,0.00488291
81,47,0.99184,0.033641,0.00510175
81,48,0.99201,0.0322509,0.00531317
81,49,0.992156,0.0307916,0.00551562
81,50,0.99228,0.0292655,0.0057075
81,51,0.992384,0.0276752,0.00588719
81,52,0.992469,0.0260233,0.00605307
81,53,0.992539,0.0243123,0.00620349
81,54,0.992597,0.0225449,0.00633684
81,55,0.992645,0.0207237,0.00645154
81,56,0.992687,0.0188514,0.00654606
81,57,0.992725,0.0169307,0.00661892
81,58,0.992763,0.0149644,0.00666873
81,59,0.992804,0.0129552,0.00669419
81,60,0.99285,0.0109062,0.0066941
81,61,0.992905,0.00882024,0.00666737
81,62,0.992971,0.00670055,0.00661306
81,63,0.99305,0.00455031,0.00653034
81,64,0.993144,0.00237285,0.00641856
81,65,0.993254,0.000171646,0.00627718
81,66,0.993383,-0.00204971,0.00610586
81,67,0.993531,-0.00428749,0.00590437
81,68,0.993699,-0.00653782,0.00567265
81,69,0.993887,-0.0087967,0.00541078
81,70,0.994095,-0.01106,0.005119
81,71,0.994325,-0.0133235,0.00479765
81,72,0.994574,-0.0155827,0.00444722
81,73,0.994844,-0.0178331,0.00406832
81,74,0.995135,-0.0200702,0.00366165
81,75,0.995444,-0.0222891,0.00322806
81,76,0.995774,-0.0244851,0.00276852
81,77,0.996122,-0.0266531,0.00228412
81,78,0.99649,-0.028788,0.00177608
81,79,0.996876,-0.0308848,0.00124581
81,80,0.997281,-0.032938,0.000694881
81,81,0.997705,-0.0349423,0.000125067
81,82,0.998149,-0.0368921,-0.000461629
81,83,0.998611,-0.0387817,-0.00106296
81,84,0.999093,-0.0406055,-0.0016764
81,85,0.999594,-0.0423574,-0.00229916
81,86,1.00011,-0.0440315,-0.00292814
81,87,1.00065,-0.0456218,-0.00355995
81,88,1.00121,-0.047122,-0.00419092
81,89,1.00179,-0.0485261,-0.00481712
81,90,1.00239,-0.0498281,-0.00543436
81,91,1.003,-0.0510219,-0.00603828
81,92,1.00363,-0.0521018,-0.00662438
81,93,1.00427,-0.0530624,-0.00718809
81,94,1.00492,-0.0538986,-0.00772482
81,95,1.00559,-0.0546059,-0.00823008
81,96,1.00626,-0.0551805,-0.00869954
81,97,1.00694,-0.0556192,-0.00912912
81,98,1.00762,-0.0559196,-0.00951505
81,99,1.00831,-0.0560806,-0.00985396
81,100,1.00899,-0.0561016,-0.0101429
81,101,1.00967,-0.0559835,-0.0103795
81,102,1.01034,-0.055728,-0.0105617
81,103,1.01101,-0.0553379,-0.0106883
81,104,1.01166,-0.0548172,-0.0107583
81,105,1.0123,-0.054171,-0.0107715
81,106,1.01292,-0.0534059,-0.0107278
81,107,1.01353,-0.0525299,-0.010628
81,108,1.01412,-0.0515531,-0.0104732
81,109,1.01469,-0.0504882,-0.0102647
81,110,1.01524,-0.0493512,-0.0100046
81,111,1.01577,-0.0481624,-0.00969494
81,112,1.01628,-0.0469462,-0.00933827
81,113,1.01677,-0.0457316,-0.00893722
81,114,1.01723,-0.04455,-0.00849454
81,115,1.01768,-0.0434312,-0.00801319
81,116,1.0181,-0.0423955,-0.00749647
81,117,1.01849,-0.0414417,-0.00694868
81,118,1.01887,-0.0405293,-0.00637582
81,119,1.01923,-0.0395582,-0.00578624
81,120,1.01956,-0.0383483,-0.00519026
81,121,1.01987,-0.0366259,-0.00459722
81,122,1.02017,-0.0340229,-0.00400869
81,123,1.02044,-0.0300939,-0.00340638
81,124,1.0207,-0.0243578,-0.00273529
81,125,1.02093,-0.0163741,-0.00189328
81,126,1.02114,-0.00588167,-0.000735835
81,127,1,-0.00343474,0
82,0,1,0,0
82,1,0.981876,0.00714416,-0.000708259
82,2,0.982068,0.0182938,-0.0016694
82,3,0.982232,0.0252631,-0.00210493
82,4,0.982366,0.0292651,-0.00224813
82,5,0.982469,0.0313909,-0.00226437
82,6,0.982544,0.0324105,-0.00224246
82,7,0.982594,0.0328217,-0.0022175
82,8,0.982623,0.0329371,-0.00219608
82,9,0.982633,0.0329514,-0.00217385
82,10,0.98263,0.0329832,-0.00214466
82,11,0.982618,0.0330991,-0.00210397
82,12,0.982601,0.0333302,-0.00204939
82,13,0.982585,0.0336831,-0.00198027
82,14,0.982574,0.0341483,-0.00189699
82,15,0.982573,0.0347078,-0.00180043
82,16,0.982587,0.035339,-0.00169166
82,17,0.982621,0.0360187,-0.00157176
82,18,0.982678,0.0367252,-0.00144171
82,19,0.982762,0.0374392,-0.00130241
82,20,0.982876,0.0381448,-0.00115461
82,21,0.983022,0.0388285,-0.000998956
82,22,0.983201,0.0394798,-0.000835945
82,23,0.983415,0.0400901,-0.000665956
82,24,0.983664,0.0406524,-0.000489244
82,25,0.983947,0.0411609,-0.000305959
82,26,0.984263,0.0416108,-0.000116163
82,27,0.984609,0.0419975,8.01527e-05
82,28,0.984984,0.0423173,0.000283041
82,29,0.985383,0.0425665,0.000492578
82,30,0.985805,0.0427421,0.000708835
82,31,0.986244,0.042841,0.000931862
82,32,0.986696,0.0428608,0.00116166
82,33,0.987157,0.0427993,0.00139817
82,34,0.987623,0.0426548,0.00164124
82,35,0.988089,0.0424259,0.00189062
82,36,0.98855,0.0421116,0.00214594
82,37,0.989003,0.0417114,0.00240674
82,38,0.989443,0.0412249,0.00267239
82,39,0.989867,0.0406524,0.00294214
82,40,0.990272,0.0399942,0.00321511
82,41,0.990655,0.0392511,0.00349029
82,42,0.991014,0.038424,0.00376652
82,43,0.991347,0.0375141,0.00404256
82,44,0.991654,0.0365228,0.00431703
82,45,0.991933,0.0354518,0.00458846
82,46,0.992184,0.0343028,0.00485528
82,47,0.992409,0.0330776,0.00511588
82,48,0.992607,0.0317784,0.00536857
82,49,0.99278,0.0304072,0.00561163
82,50,0.99293,0.0289664,0.00584331
82,51,0.993059,0.0274583,0.00606184
82,52,0.993169,0.0258854,0.00626547
82,53,0.993263,0.0242501,0.00645247
82,54,0.993344,0.0225552,0.00662114
82,55,0.993414,0.0208034,0.00676983
82,56,0.993478,0.0189973,0.00689697
82,57,0.993538,0.01714,0.00700106
82,58,0.993596,0.0152343,0.00708068
82,59,0.993656,0.0132832,0.00713454
82,60,0.993721,0.0112899,0.00716146
82,61,0.993794,0.00925756,0.00716039
82,62,0.993876,0.00718942,0.00713041
82,63,0.99397,0.00508883,0.00707074
82,64,0.994077,0.00295922,0.00698078
82,65,0.9942,0.000804108,0.00686006
82,66,0.994339,-0.00137293,0.00670824
82,67,0.994495,-0.00356821,0.00652517
82,68,0.994669,-0.00577801,0.00631081
82,69,0.994862,-0.00799849,0.00606526
82,70,0.995074,-0.0102258,0.00578878
82,71,0.995304,-0.0124559,0.0054817
82,72,0.995553,-0.0146848,0.00514449
82,73,0.99582,-0.0169084,0.00477772
82,74,0.996106,-0.0191224,0.00438207
82,75,0.996411,-0.0213227,0.00395832
82,76,0.996733,-0.0235046,0.00350736
82,77,0.997075,-0.0256638,0.0030302
82,78,0.997435,-0.0277955,0.002528
82,79,0.997813,-0.0298948,0.00200206
82,80,0.998211,-0.0319568,0.00145387
82,81,0.998627,-0.0339761,0.000885135
82,82,0.999064,-0.0359473,0.000297773
82,83,0.999521,-0.0378646,-0.000306033
82,84,0.999998,-0.0397222,-0.00092382
82,85,1.0005,-0.0415138,-0.00155283
82,86,1.00101,-0.0432331,-0.00219001
82,87,1.00155,-0.0448735,-0.00283196
82,88,1.00211,-0.0464283,-0.00347503
82,89,1.00269,-0.0478905,-0.00411524
82,90,1.00329,-0.0492535,-0.00474838
82,91,1.00391,-0.0505104,-0.00537002
82,92,1.00454,-0.0516547,-0.00597557
82,93,1.00519,-0.05268,-0.00656037
82,94,1.00586,-0.0535803,-0.00711971
82,95,1.00653,-0.0543502,-0.00764898
82,96,1.00721,-0.054985,-0.00814368
82,97,1.0079,-0.0554805,-0.00859957
82,98,1.00859,-0.0558337,-0.00901269
82,99,1.00927,-0.0560424,-0.00937952
82,100,1.00996,-0.0561054,-0.00969692
82,101,1.01064,-0.0560227,-0.00996229
82,102,1.01131,-0.0557955,-0.0101735
82,103,1.01198,-0.055426,-0.010329
82,104,1.01262,-0.0549179,-0.0104278
82,105,1.01326,-0.0542761,-0.0104694
82,106,1.01387,-0.0535068,-0.0104537
82,107,1.01447,-0.0526181,-0.0103814
82,108,1.01505,-0.0516205,-0.0102532
82,109,1.0156,-0.050527,-0.0100706
82,110,1.01614,-0.0493542,-0.00983531
82,111,1.01665,-0.0481231,-0.00954954
82,112,1.01714,-0.0468594,-0.00921564
82,113,1.01761,-0.0455932,-0.00883618
82,114,1.01805,-0.0443573,-0.00841388
82,115,1.01848,-0.0431826,-0.00795163
82,116,1.01888,-0.0420906,-0.00745273
82,117,1.01926,-0.0410797,-0.00692141
82,118,1.01963,-0.0401088,-0.00636353
82,119,1.01997,-0.039076,-0.00578717
82,120,1.02029,-0.0378008,-0.00520223
82,121,1.02059,-0.0360134,-0.00461769
82,122,1.02088,-0.0333592,-0.00403459
82,123,1.02114,-0.029421,-0.00343423
82,124,1.02139,-0.0237622,-0.00276335
82,125,1.02161,-0.0159965,-0.0019172
82,126,1.02181,-0.00590478,-0.000735925
82,127,1,-0.00343474,0
83,0,1,0,0
83,1,0.980425,0.00658147,-0.000752935
83,2,0.980638,0.0171077,-0.00177003
83,3,0.980825,0.0236969,-0.00224881
83,4,0.980985,0.0275233,-0.00243099
83,5,0.981117,0.0295953,-0.00248739
83,6,0.981223,0.0306158,-0.00250701
83,7,0.981306,0.0310437,-0.00252329
83,8,0.981371,0.0311755,-0.00254181
83,9,0.98142,0.0312023,-0.00255782
83,10,0.981458,0.0312443,-0.00256498
83,11,0.98149,0.0313715,-0.00255857
83,12,0.981521,0.0316175,-0.00253609
83,13,0.981554,0.0319906,-0.00249673
83,14,0.981597,0.0324825,-0.0024407
83,15,0.981652,0.0330753,-0.00236872
83,16,0.981726,0.0337465,-0.00228174
83,17,0.981822,0.0344726,-0.00218071
83,18,0.981943,0.0352314,-0.00206652
83,19,0.982094,0.0360032,-0.00194002
83,20,0.982276,0.0367712,-0.0018019
83,21,0.982492,0.0375213,-0.0016528
83,22,0.982742,0.0382422,-0.00149321
83,23,0.983027,0.0389244,-0.00132352
83,24,0.983346,0.03956,-0.00114401
83,25,0.983698,0.0401424,-0.00095489
83,26,0.984082,0.0406657,-0.000756255
83,27,0.984495,0.0411247,-0.000548162
83,28,0.984934,0.0415148,-0.000330628
83,29,0.985395,0.0418318,-0.00010366
83,30,0.985875,0.0420718,0.000132724
83,31,0.98637,0.0422317,0.000378467
83,32,0.986874,0.0423085,0.000633454
83,33,0.987384,0.0423001,0.000897492
83,34,0.987895,0.0422046,0.00117029
83,35,0.988402,0.0420207,0.00145144
83,36,0.988901,0.0417478,0.00174041
83,37,0.989389,0.0413854,0.00203655
83,38,0.989861,0.0409338,0.00233903
83,39,0.990315,0.0403936,0.00264692
83,40,0.990747,0.0397655,0.00295913
83,41,0.991156,0.0390508,0.00327444
83,42,0.991538,0.0382511,0.00359148
83,43,0.991894,0.0373678,0.00390879
83,44,0.992222,0.0364029,0.00422479
83,45,0.992521,0.0353584,0.0045378
83,46,0.992793,0.0342363,0.00484609
83,47,0.993037,0.0330388,0.00514783
83,48,0.993255,0.0317681,0.00544119
83,49,0.993447,0.0304265,0.00572426
83,50,0.993617,0.0290164,0.00599518
83,51,0.993766,0.0275402,0.00625204
83,52,0.993896,0.0260001,0.00649298
83,53,0.994011,0.0243988,0.00671619
83,54,0.994112,0.0227385,0.00691988
83,55,0.994204,0.021022,0.00710236
83,56,0.994288,0.0192517,0.00726201
83,57,0.994368,0.0174303,0.0073973
83,58,0.994446,0.0155606,0.00750682
83,59,0.994526,0.0136453,0.00758926
83,60,0.99461,0.0116873,0.00764348
83,61,0.9947,0.00968951,0.00766844
83,62,0.994799,0.00765512,0.00766326
83,63,0.994908,0.00558728,0.00762721
83,64,0.99503,0.00348931,0.00755972
83,65,0.995165,0.00136463,0.00746035
83,66,0.995315,-0.000783185,0.00732884
83,67,0.995481,-0.00295046,0.00716504
83,68,0.995663,-0.00513336,0.00696895
83,69,0.995861,-0.00732797,0.00674069
83,70,0.996076,-0.0095302,0.00648051
83,71,0.996309,-0.0117359,0.00618874
83,72,0.996558,-0.0139407,0.00586583
83,73,0.996824,-0.0161402,0.00551232
83,74,0.997106,-0.0183298,0.00512882
83,75,0.997406,-0.020505,0.00471607
83,76,0.997722,-0.0226609,0.00427488
83,77,0.998055,-0.0247926,0.00380618
83,78,0.998406,-0.0268952,0.00331105
83,79,0.998774,-0.0289634,0.00279069
83,80,0.99916,-0.0309921,0.00224652
83,81,0.999564,-0.0329756,0.00168013
83,82,0.999987,-0.0349086,0.00109337
83,83,1.00043,-0.0367853,0.000488343
83,84,1.00089,-0.0385998,-0.000132567
83,85,1.00137,-0.040346,-0.000766661
83,86,1.00188,-0.0420178,-0.00141092
83,87,1.0024,-0.043609,-0.002062
83,88,1.00294,-0.0451132,-0.00271624
83,89,1.0035,-0.0465241,-0.00336968
83,90,1.00409,-0.0478351,-0.00401807
83,91,1.00469,-0.0490402,-0.00465696
83,92,1.0053,-0.0501332,-0.00528169
83,93,1.00594,-0.0511082,-0.00588749
83,94,1.00658,-0.05196,-0.00646958
83,95,1.00724,-0.0526835,-0.00702318
83,96,1.00791,-0.0532744,-0.00754367
83,97,1.00858,-0.0537293,-0.00802663
83,98,1.00926,-0.0540454,-0.00846792
83,99,1.00993,-0.054221,-0.00886382
83,100,1.01061,-0.0542555,-0.009211
83,101,1.01128,-0.0541492,-0.00950664
83,102,1.01194,-0.0539037,-0.00974842
83,103,1.0126,-0.0535217,-0.0099346
83,104,1.01324,-0.053007,-0.0100639
83,105,1.01386,-0.0523648,-0.0101358
83,106,1.01447,-0.0516016,-0.0101499
83,107,1.01507,-0.0507253,-0.0101067
83,108,1.01564,-0.0497463,-0.010007
83,109,1.01619,-0.0486773,-0.00985191
83,110,1.01672,-0.0475345,-0.00964321
83,111,1.01724,-0.0463382,-0.00938289
83,112,1.01772,-0.0451131,-0.00907324
83,113,1.01819,-0.0438886,-0.00871678
83,114,1.01864,-0.0426962,-0.00831619
83,115,1.01906,-0.0415657,-0.00787434
83,116,1.01946,-0.0405168,-0.00739452
83,117,1.01984,-0.0395458,-0.00688094
83,118,1.0202,-0.0386089,-0.0063393
83,119,1.02054,-0.0376016,-0.00577744
83,120,1.02086,-0.0363423,-0.0052048
83,121,1.02117,-0.0345651,-0.00462978
83,122,1.02145,-0.0319279,-0.00405328
83,123,1.02172,-0.0280408,-0.00345683
83,124,1.02197,-0.0225105,-0.00278522
83,125,1.02221,-0.0150043,-0.00193437
83,126,1.02242,-0.00534148,-0.000754288
83,127,1,-0.00343474,0
84,0,1,0,0
84,1,0.978987,0.00639279,-0.000788674
84,2,0.979226,0.0162618,-0.00186239
84,3,0.979443,0.0224572,-0.00237844
84,4,0.979633,0.0261022,-0.00259925
84,5,0.979796,0.0281156,-0.00269692
84,6,0.979934,0.0291306,-0.0027584
84,7,0.980052,0.0295666,-0.00281589
84,8,0.980154,0.0297026,-0.00287412
84,9,0.980242,0.029725,-0.00292794
84,10,0.980322,0.0297545,-0.00297085
84,11,0.980398,0.0298631,-0.00299809
84,12,0.980474,0.0300862,-0.00300703
84,13,0.980557,0.0304337,-0.0029967
84,14,0.98065,0.0308982,-0.00296718
84,15,0.980758,0.0314626,-0.00291903
84,16,0.980886,0.0321048,-0.00285308
84,17,0.981037,0.0328019,-0.00277018
84,18,0.981216,0.0335322,-0.00267114
84,19,0.981424,0.0342765,-0.00255676
84,20,0.981665,0.0350186,-0.0024277
84,21,0.981939,0.0357451,-0.00228459
84,22,0.982248,0.0364453,-0.00212793
84,23,0.982591,0.0371103,-0.00195813
84,24,0.982969,0.0377331,-0.0017755
84,25,0.983378,0.0383074,-0.00158029
84,26,0.983819,0.0388283,-0.00137265
84,27,0.984287,0.039291,-0.0011527
84,28,0.984779,0.0396914,-0.000920519
84,29,0.985293,0.0400258,-0.000676194
84,30,0.985824,0.0402907,-0.000419831
84,31,0.986368,0.0404831,-0.000151586
84,32,0.98692,0.0406001,0.000128314
84,33,0.987476,0.0406393,0.000419552
84,34,0.988031,0.0405988,0.000721696
84,35,0.98858,0.0404768,0.00103419
84,36,0.989121,0.0402722,0.00135634
84,37,0.989648,0.0399839,0.0016873
84,38,0.990158,0.0396114,0.00202609
84,39,0.990648,0.0391546,0.00237156
84,40,0.991116,0.0386135,0.00272241
84,41,0.991558,0.0379885,0.00307723
84,42,0.991973,0.0372801,0.00343446
84,43,0.99236,0.0364894,0.00379241
84,44,0.992718,0.0356173,0.00414931
84,45,0.993048,0.0346652,0.0045033
84,46,0.993348,0.0336345,0.00485244
84,47,0.99362,0.0325269,0.00519475
84,48,0.993865,0.031344,0.00552821
84,49,0.994085,0.030088,0.0058508
84,50,0.994282,0.0287607,0.00616048
84,51,0.994457,0.0273643,0.00645526
84,52,0.994612,0.0259013,0.00673318
84,53,0.994752,0.0243739,0.00699232
84,54,0.994878,0.0227846,0.00723084
84,55,0.994993,0.0211362,0.00744699
84,56,0.9951,0.0194312,0.00763912
84,57,0.995203,0.0176725,0.00780568
84,58,0.995302,0.015863,0.00794525
84,59,0.995403,0.0140056,0.00805653
84,60,0.995506,0.0121034,0.00813839
84,61,0.995614,0.0101596,0.00818983
84,62,0.995729,0.00817732,0.00820999
84,63,0.995853,0.00615997,0.00819818
84,64,0.995988,0.0041109,0.00815386
84,65,0.996135,0.00203359,0.00807665
84,66,0.996294,-6.84369e-05,0.00796629
84,67,0.996467,-0.00219157,0.00782268
84,68,0.996654,-0.00433214,0.00764583
84,69,0.996856,-0.00648641,0.00743587
84,70,0.997072,-0.00865058,0.00719303
84,71,0.997303,-0.0108208,0.00691764
84,72,0.99755,-0.0129931,0.0066101
84,73,0.997811,-0.0151636,0.00627091
84,74,0.998088,-0.017328,0.00590064
84,75,0.99838,-0.0194823,0.00549992
84,76,0.998688,-0.021622,0.00506952
84,77,0.999013,-0.0237428,0.00461027
84,78,0.999354,-0.02584,0.00412316
84,79,0.999712,-0.0279087,0.00360932
84,80,1.00009,-0.029944,0.00307005
84,81,1.00048,-0.0319406,0.00250687
84,82,1.0009,-0.033893,0.00192155
84,83,1.00133,-0.0357953,0.0013161
84,84,1.00179,-0.0376416,0.000692864
84,85,1.00227,-0.0394255,5.44674e-05
84,86,1.00276,-0.0411404,-0.000596109
84,87,1.00328,-0.0427795,-0.00125556
84,88,1.00383,-0.044336,-0.00192023
84,89,1.00439,-0.0458027,-0.00258617
84,90,1.00497,-0.0471726,-0.00324911
84,91,1.00558,-0.0484385,-0.00390456
84,92,1.0062,-0.0495936,-0.00454781
84,93,1.00683,-0.0506312,-0.00517402
84,94,1.00748,-0.0515451,-0.00577831
84,95,1.00815,-0.0523294,-0.00635579
84,96,1.00882,-0.0529791,-0.00690169
84,97,1.00949,-0.0534897,-0.00741146
84,98,1.01017,-0.0538578,-0.00788078
84,99,1.01085,-0.0540809,-0.00830575
84,100,1.01153,-0.0541576,-0.00868283
84,101,1.0122,-0.0540876,-0.00900903
84,102,1.01286,-0.0538719,-0.00928181
84,103,1.01351,-0.0535126,-0.00949924
84,104,1.01414,-0.0530131,-0.00965989
84,105,1.01476,-0.0523783,-0.00976289
84,106,1.01536,-0.0516145,-0.00980791
84,107,1.01594,-0.0507297,-0.00979511
84,108,1.0165,-0.0497343,-0.00972515
84,109,1.01703,-0.0486414,-0.00959914
84,110,1.01755,-0.0474676,-0.00941859
84,111,1.01804,-0.046234,-0.00918544
84,112,1.01851,-0.0449663,-0.00890185
84,113,1.01896,-0.0436948,-0.0085703
84,114,1.01938,-0.0424526,-0.00819338
84,115,1.01979,-0.0412705,-0.00777395
84,116,1.02017,-0.0401691,-0.00731525
84,117,1.02053,-0.0391449,-0.0068214
84,118,1.02088,-0.0381533,-0.00629795
84,119,1.0212,-0.0370886,-0.00575236
84,120,1.02151,-0.0357692,-0.00519356
84,121,1.0218,-0.0339328,-0.00462949
84,122,1.02208,-0.0312504,-0.00406048
84,123,1.02234,-0.0273595,-0.00346784
84,124,1.02258,-0.0219122,-0.00279873
84,125,1.0228,-0.0146324,-0.00194751
84,126,1.023,-0.00538548,-0.00074968
84,127,1,-0.00343474,0
85,0,1,0,0
85,1,0.977583,0.00574744,-0.000821676
85,2,0.977841,0.014941,-0.00193636
85,3,0.978078,0.020748,-0.00249161
85,4,0.978294,0.0242243,-0.00275182
85,5,0.978487,0.026192,-0.00289087
85,6,0.978659,0.0272139,-0.00299456
85,7,0.978815,0.0276711,-0.00309317
85,8,0.978957,0.0278278,-0.00319066
85,9,0.979089,0.0278674,-0.0032817
85,10,0.979217,0.0279125,-0.00335975
85,11,0.979343,0.0280379,-0.00341999
85,12,0.979474,0.0282818,-0.00345971
85,13,0.979613,0.0286555,-0.00347782
85,14,0.979765,0.0291527,-0.00347424
85,15,0.979935,0.0297562,-0.0034494
85,16,0.980127,0.0304442,-0.00340398
85,17,0.980345,0.0311932,-0.00333875
85,18,0.980591,0.0319811,-0.00325445
85,19,0.980868,0.0327883,-0.00315179
85,20,0.981178,0.0335978,-0.00303145
85,21,0.981522,0.0343956,-0.00289401
85,22,0.9819,0.03517,-0.00273998
85,23,0.982312,0.0359115,-0.0025698
85,24,0.982757,0.0366121,-0.00238382
85,25,0.983233,0.0372648,-0.0021823
85,26,0.983737,0.0378635,-0.00196547
85,27,0.984267,0.038403,-0.0017335
85,28,0.984818,0.0388783,-0.00148654
85,29,0.985388,0.0392848,-0.00122476
85,30,0.985971,0.0396187,-0.000948367
85,31,0.986564,0.0398764,-0.000657613
85,32,0.987162,0.0400547,-0.000352847
85,33,0.98776,0.040151,-3.45188e-05
85,34,0.988354,0.0401633,0.000296795
85,35,0.98894,0.0400899,0.000640382
85,36,0.989513,0.0399298,0.000995379
85,37,0.99007,0.0396823,0.00136077
85,38,0.990608,0.0393471,0.00173537
85,39,0.991123,0.0389246,0.00211785
85,40,0.991614,0.0384152,0.00250672
85,41,0.992078,0.0378197,0.00290037
85,42,0.992515,0.0371394,0.00329703
85,43,0.992922,0.0363755,0.00369484
85,44,0.9933,0.0355296,0.00409183
85,45,0.993648,0.0346034,0.00448596
85,46,0.993968,0.0335986,0.00487512
85,47,0.99426,0.0325174,0.00525718
85,48,0.994525,0.0313616,0.00562997
85,49,0.994765,0.0301333,0.00599132
85,50,0.994981,0.0288348,0.0063391
85,51,0.995177,0.0274682,0.00667119
85,52,0.995354,0.0260359,0.00698554
85,53,0.995515,0.0245401,0.00728017
85,54,0.995662,0.0229833,0.00755317
85,55,0.995799,0.021368,0.00780275
85,56,0.995927,0.0196966,0.00802722
85,57,0.996051,0.0179717,0.00822502
85,58,0.996171,0.0161961,0.00839472
85,59,0.996291,0.0143725,0.00853503
85,60,0.996413,0.0125037,0.00864483
85,61,0.996538,0.0105927,0.00872313
85,62,0.99667,0.00864256,0.00876911
85,63,0.996809,0.00665644,0.00878212
85,64,0.996958,0.00463762,0.00876163
85,65,0.997116,0.00258949,0.0087073
85,66,0.997285,0.000515555,0.00861889
85,67,0.997466,-0.00158055,0.00849632
85,68,0.997659,-0.00369509,0.0083396
85,69,0.997865,-0.00582418,0.00814888
85,70,0.998084,-0.00796384,0.00792437
85,71,0.998315,-0.01011,0.00766636
85,72,0.99856,-0.0122584,0.00737524
85,73,0.998819,-0.0144047,0.00705145
85,74,0.999091,-0.0165445,0.00669549
85,75,0.999377,-0.0186732,0.00630795
85,76,0.999677,-0.0207862,0.00588949
85,77,0.999992,-0.0228785,0.00544089
85,78,1.00032,-0.0249452,0.00496302
85,79,1.00067,-0.0269813,0.00445693
85,80,1.00103,-0.0289814,0.00392383
85,81,1.00141,-0.0309401,0.00336515
85,82,1.00181,-0.0328517,0.00278256
85,83,1.00223,-0.0347106,0.00217799
85,84,1.00267,-0.0365106,0.0015537
85,85,1.00313,-0.0382458,0.000912235
85,86,1.00361,-0.0399097,0.000256523
85,87,1.00412,-0.0414959,-0.000410185
85,88,1.00464,-0.0429979,-0.00108428
85,89,1.00518,-0.0444091,-0.00176183
85,90,1.00575,-0.0457229,-0.00243857
85,91,1.00633,-0.0469327,-0.00311
85,92,1.00693,-0.0480323,-0.00377138
85,93,1.00755,-0.0490155,-0.00441781
85,94,1.00818,-0.0498766,-0.0050443
85,95,1.00883,-0.0506104,-0.00564589
85,96,1.00948,-0.0512123,-0.00621766
85,97,1.01014,-0.0516784,-0.0067549
85,98,1.0108,-0.0520057,-0.00725313
85,99,1.01147,-0.0521922,-0.00770823
85,100,1.01213,-0.0522369,-0.00811648
85,101,1.01279,-0.0521401,-0.00847465
85,102,1.01343,-0.0519029,-0.00877999
85,103,1.01407,-0.051528,-0.00903033
85,104,1.0147,-0.0510191,-0.00922401
85,105,1.01531,-0.0503812,-0.00935999
85,106,1.0159,-0.0496209,-0.00943768
85,107,1.01647,-0.0487462,-0.0094571
85,108,1.01702,-0.0477674,-0.00941868
85,109,1.01755,-0.0466973,-0.00932342
85,110,1.01806,-0.0455521,-0.00917266
85,111,1.01855,-0.0443521,-0.00896822
85,112,1.01902,-0.0431225,-0.00871216
85,113,1.01946,-0.0418927,-0.00840687
85,114,1.01988,-0.0406943,-0.0080549
85,115,1.02028,-0.0395572,-0.00765911
85,116,1.02067,-0.0385001,-0.0072227
85,117,1.02103,-0.0375176,-0.00674975
85,118,1.02137,-0.0365625,-0.00624564
85,119,1.02169,-0.0355271,-0.0057175
85,120,1.022,-0.0342287,-0.00517372
85,121,1.02229,-0.0324086,-0.00462153
85,122,1.02257,-0.0297499,-0.00406106
85,123,1.02283,-0.025916,-0.00347405
85,124,1.02307,-0.0206022,-0.00280621
85,125,1.02331,-0.0135879,-0.00195371
85,126,1.02352,-0.00478158,-0.000763827
85,127,1,-0.00343474,0
86,0,1,0,0
86,1,0.976219,0.00555685,-0.000844209
86,2,0.976499,0.0140554,-0.00200081
86,3,0.976765,0.0194685,-0.00258863
86,4,0.977009,0.0227733,-0.00288712
86,5,0.977234,0.0246915,-0.00306786
86,6,0.977441,0.0257148,-0.0032132
86,7,0.977635,0.0261862,-0.00335214
86,8,0.977818,0.0263539,-0.003488
86,9,0.977995,0.0263968,-0.00361527
86,10,0.978169,0.026438,-0.00372746
86,11,0.978345,0.026554,-0.00381975
86,12,0.978528,0.0267845,-0.00388937
86,13,0.978722,0.0271422,-0.00393508
86,14,0.97893,0.0276214,-0.00395666
86,15,0.979158,0.0282057,-0.00395443
86,16,0.979409,0.0288734,-0.00392893
86,17,0.979686,0.0296017,-0.00388081
86,18,0.979992,0.0303689,-0.00381077
86,19,0.980329,0.0311558,-0.00371946
86,20,0.980698,0.031946,-0.00360753
86,21,0.981101,0.032726,-0.00347554
86,22,0.981537,0.0334848,-0.00332402
86,23,0.982005,0.0342134,-0.00315342
86,24,0.982505,0.0349044,-0.00296412
86,25,0.983034,0.0355516,-0.00275644
86,26,0.98359,0.0361494,-0.00253063
86,27,0.984169,0.0366932,-0.00228693
86,28,0.984768,0.0371785,-0.00202556
86,29,0.985384,0.0376013,-0.00174678
86,30,0.986011,0.0379581,-0.00145086
86,31,0.986646,0.0382454,-0.00113817
86,32,0.987284,0.0384603,-0.000809173
86,33,0.987921,0.0386001,-0.000464443
86,34,0.988551,0.0386627,-0.000104696
86,35,0.989173,0.0386461,0.000269205
86,36,0.98978,0.0385488,0.000656232
86,37,0.99037,0.0383696,0.0010552
86,38,0.99094,0.0381077,0.00146474
86,39,0.991487,0.0377626,0.00188334
86,40,0.992008,0.0373342,0.00230934
86,41,0.992502,0.0368224,0.0027409
86,42,0.992967,0.0362278,0.0031761
86,43,0.993403,0.0355508,0.00361287
86,44,0.99381,0.0347923,0.00404908
86,45,0.994186,0.0339534,0.00448251
86,46,0.994533,0.0330352,0.0049109
86,47,0.994852,0.0320393,0.00533194
86,48,0.995145,0.0309671,0.00574335
86,49,0.995411,0.0298205,0.00614283
86,50,0.995655,0.0286013,0.00652813
86,51,0.995877,0.0273115,0.00689703
86,52,0.99608,0.0259534,0.0072474
86,53,0.996266,0.0245292,0.00757719
86,54,0.996438,0.0230414,0.00788445
86,55,0.996599,0.0214924,0.00816732
86,56,0.996751,0.0198849,0.0084241
86,57,0.996897,0.0182217,0.0086532
86,58,0.997039,0.0165056,0.00885319
86,59,0.997179,0.0147395,0.0090228
86,60,0.99732,0.0129266,0.0091609
86,61,0.997463,0.0110697,0.00926653
86,62,0.99761,0.0091723,0.0093389
86,63,0.997763,0.0072375,0.00937735
86,64,0.997923,0.00526867,0.00938142
86,65,0.998091,0.00326921,0.00935076
86,66,0.998268,0.00124259,0.00928516
86,67,0.998455,-0.000807669,0.00918454
86,68,0.998651,-0.00287799,0.00904893
86,69,0.998858,-0.00496474,0.00887844
86,70,0.999076,-0.00706424,0.00867327
86,71,0.999305,-0.00917274,0.00843369
86,72,0.999546,-0.0112864,0.00816003
86,73,0.999798,-0.0134014,0.00785267
86,74,1.00006,-0.0155137,0.00751205
86,75,1.00034,-0.0176191,0.00713869
86,76,1.00063,-0.0197136,0.00673317
86,77,1.00093,-0.0217926,0.00629617
86,78,1.00125,-0.0238517,0.00582848
86,79,1.00159,-0.0258859,0.00533104
86,80,1.00194,-0.0278903,0.00480499
86,81,1.00231,-0.0298596,0.00425165
86,82,1.0027,-0.0317882,0.00367261
86,83,1.00311,-0.0336702,0.00306972
86,84,1.00354,-0.0354994,0.00244515
86,85,1.004,-0.0372694,0.00180139
86,86,1.00447,-0.0389735,0.0011413
86,87,1.00497,-0.0406047,0.000468081
86,88,1.00549,-0.0421559,-0.000214699
86,89,1.00603,-0.0436198,-0.000903132
86,90,1.00659,-0.0449892,-0.00159297
86,91,1.00717,-0.0462566,-0.00227971
86,92,1.00778,-0.0474151,-0.00295856
86,93,1.00839,-0.0484577,-0.00362459
86,94,1.00903,-0.0493779,-0.00427276
86,95,1.00967,-0.0501698,-0.00489799
86,96,1.01033,-0.0508279,-0.00549525
86,97,1.01099,-0.0513477,-0.00605969
86,98,1.01165,-0.0517254,-0.00658666
86,99,1.01231,-0.0519583,-0.00707188
86,100,1.01297,-0.0520448,-0.0075114
86,101,1.01363,-0.0519844,-0.00790179
86,102,1.01427,-0.0517779,-0.00824008
86,103,1.0149,-0.0514272,-0.00852388
86,104,1.01552,-0.0509358,-0.00875131
86,105,1.01612,-0.0503082,-0.0089211
86,106,1.0167,-0.0495509,-0.00903246
86,107,1.01725,-0.0486718,-0.00908522
86,108,1.01779,-0.0476812,-0.00907961
86,109,1.01831,-0.0465921,-0.00901647
86,110,1.0188,-0.0454211,-0.00889699
86,111,1.01927,-0.0441893,-0.00872284
86,112,1.01971,-0.0429225,-0.00849596
86,113,1.02014,-0.0416511,-0.00821869
86,114,1.02054,-0.0404081,-0.00789348
86,115,1.02092,-0.0392243,-0.00752315
86,116,1.02129,-0.0381193,-0.00711087
86,117,1.02163,-0.0370882,-0.00666065
86,118,1.02196,-0.0360832,-0.00617761
86,119,1.02227,-0.0349958,-0.00566852
86,120,1.02256,-0.0336436,-0.00514111
86,121,1.02284,-0.0317715,-0.00460206
86,122,1.0231,-0.0290749,-0.00405086
86,123,1.02335,-0.0252435,-0.00346913
86,124,1.02359,-0.0200171,-0.00280558
86,125,1.02381,-0.0132336,-0.00195606
86,126,1.02401,-0.00485179,-0.000754506
86,127,1,-0.00343474,0
87,0,1,0,0
87,1,0.974919,0.00484217,-0.000864365
87,2,0.975212,0.0126395,-0.00204559
87,3,0.975494,0.0176686,-0.00266772
87,4,0.975763,0.0208141,-0.00300469
87,5,0.976017,0.0226929,-0.00322631
87,6,0.976258,0.0237263,-0.00341284
87,7,0.976491,0.0242212,-0.00359129
87,8,0.976717,0.024412,-0.00376444
87,9,0.976942,0.0244751,-0.00392687
87,10,0.977167,0.0245354,-0.00407218
87,11,0.977398,0.0246724,-0.00419559
87,12,0.977638,0.024928,-0.00429428
87,13,0.977891,0.0253163,-0.0043669
87,14,0.978162,0.0258323,-0.00441309
87,15,0.978454,0.0264598,-0.004433
87,16,0.97877,0.0271771,-0.00442707
87,17,0.979114,0.0279608,-0.00439583
87,18,0.979487,0.0287889,-0.00433989
87,19,0.979892,0.0296415,-0.00425984
87,20,0.980329,0.0305017,-0.00415628
87,21,0.980799,0.0313554,-0.00402978
87,22,0.981301,0.0321906,-0.00388086
87,23,0.981834,0.0329978,-0.00370996
87,24,0.982396,0.0337686,-0.00351751
87,25,0.982985,0.034496,-0.00330384
87,26,0.983599,0.0351737,-0.00306927
87,27,0.984234,0.0357962,-0.00281408
87,28,0.984885,0.0363582,-0.00253858
87,29,0.98555,0.0368552,-0.00224309
87,30,0.986223,0.0372828,-0.00192799
87,31,0.9869,0.0376374,-0.00159374
87,32,0.987578,0.0379155,-0.00124094
87,33,0.988251,0.0381143,-0.000870292
87,34,0.988915,0.0382314,-0.000482648
87,35,0.989567,0.0382649,-7.9032e-05
87,36,0.990202,0.0382135,0.000339366
87,37,0.990818,0.0380761,0.000771183
87,38,0.991411,0.0378523,0.00121488
87,39,0.99198,0.037542,0.00166877
87,40,0.992522,0.0371454,0.00213099
87,41,0.993035,0.036663,0.00259954
87,42,0.99352,0.0360958,0.00307231
87,43,0.993974,0.0354448,0.00354708
87,44,0.994399,0.0347113,0.00402152
87,45,0.994794,0.0338968,0.00449327
87,46,0.99516,0.0330029,0.00495992
87,47,0.995498,0.0320314,0.00541904
87,48,0.99581,0.0309841,0.0058682
87,49,0.996097,0.029863,0.006305
87,50,0.996361,0.0286701,0.00672709
87,51,0.996604,0.0274076,0.00713216
87,52,0.996828,0.0260776,0.007518
87,53,0.997036,0.0246825,0.00788251
87,54,0.997229,0.0232245,0.00822367
87,55,0.997412,0.021706,0.0085396
87,56,0.997585,0.0201296,0.00882856
87,57,0.997751,0.0184979,0.00908896
87,58,0.997913,0.0168134,0.00931936
87,59,0.998072,0.0150789,0.00951847
87,60,0.998231,0.0132972,0.00968519
87,61,0.99839,0.0114713,0.00981856
87,62,0.998553,0.00960422,0.00991781
87,63,0.99872,0.007699,0.0099823
87,64,0.998892,0.0057589,0.0100116
87,65,0.99907,0.00378727,0.0100053
87,66,0.999255,0.00178755,0.00996329
87,67,0.999448,-0.000236705,0.00988545
87,68,0.999649,-0.00228182,0.00977179
87,69,0.999858,-0.00434402,0.00962243
87,70,1.00008,-0.00641942,0.00943753
87,71,1.0003,-0.00850401,0.00921733
87,72,1.00054,-0.0105937,0.00896211
87,73,1.00079,-0.0126842,0.00867219
87,74,1.00105,-0.0147712,0.00834796
87,75,1.00132,-0.0168501,0.00798984
87,76,1.0016,-0.0189164,0.00759835
87,77,1.00189,-0.0209653,0.00717406
87,78,1.0022,-0.0229919,0.0067177
87,79,1.00252,-0.024991,0.00623012
87,80,1.00286,-0.0269573,0.00571233
87,81,1.00322,-0.0288855,0.00516557
87,82,1.00359,-0.0307698,0.00459134
87,83,1.00398,-0.0326044,0.00399138
87,84,1.0044,-0.0343832,0.00336779
87,85,1.00483,-0.0360999,0.00272296
87,86,1.00528,-0.0377482,0.00205966
87,87,1.00576,-0.0393215,0.00138103
87,88,1.00626,-0.0408131,0.000690574
87,89,1.00678,-0.0422162,-7.85057e-06
87,90,1.00732,-0.0435241,-0.000710029
87,91,1.00788,-0.0447301,-0.00141146
87,92,1.00846,-0.0458277,-0.00210737
87,93,1.00906,-0.0468107,-0.00279279
87,94,1.00967,-0.047673,-0.00346259
87,95,1.0103,-0.0484094,-0.00411164
87,96,1.01093,-0.049015,-0.00473478
87,97,1.01157,-0.0494857,-0.00532703
87,98,1.01222,-0.0498183,-0.00588355
87,99,1.01286,-0.0500106,-0.00639988
87,100,1.01351,-0.0500614,-0.00687185
87,101,1.01414,-0.0499706,-0.0072958
87,102,1.01477,-0.0497394,-0.00766851
87,103,1.01539,-0.0493702,-0.00798735
87,104,1.01599,-0.0488665,-0.00825018
87,105,1.01658,-0.0482335,-0.00845548
87,106,1.01715,-0.0474775,-0.00860223
87,107,1.0177,-0.0466066,-0.00869003
87,108,1.01823,-0.0456309,-0.00871891
87,109,1.01874,-0.0445633,-0.0086895
87,110,1.01923,-0.04342,-0.00860282
87,111,1.01969,-0.0422213,-0.00846039
87,112,1.02013,-0.0409924,-0.00826404
87,113,1.02055,-0.0397628,-0.008016
87,114,1.02095,-0.0385644,-0.00771868
87,115,1.02133,-0.0374265,-0.00737488
87,116,1.02169,-0.0363674,-0.00698774
87,117,1.02203,-0.03538,-0.0065612
87,118,1.02235,-0.0344145,-0.00610022
87,119,1.02266,-0.0333604,-0.00561117
87,120,1.02295,-0.0320349,-0.00510116
87,121,1.02323,-0.0301862,-0.00457606
87,122,1.02349,-0.0275206,-0.00403502
87,123,1.02374,-0.0237523,-0.00346022
87,124,1.02398,-0.0186631,-0.00279941
87,125,1.02421,-0.0121469,-0.00195148
87,126,1.02443,-0.00420988,-0.000764278
87,127,1,-0.00343474,0
88,0,1,0,0
88,1,0.973686,0.00467015,-0.000872784
88,2,0.973995,0.0117621,-0.00208094
88,3,0.974301,0.0164094,-0.00273027
88,4,0.974595,0.0193951,-0.00310379
88,5,0.974879,0.0212313,-0.00336582
88,6,0.975155,0.0222699,-0.00359217
88,7,0.975426,0.0227826,-0.00380861
88,8,0.975695,0.0229888,-0.00401762
88,9,0.975965,0.023061,-0.00421378
88,10,0.97624,0.0231242,-0.0043909
88,11,0.976523,0.0232591,-0.00454428
88,12,0.976818,0.0235089,-0.00467103
88,13,0.977128,0.0238887,-0.00476971
88,14,0.977457,0.024394,-0.0048398
88,15,0.977808,0.0250091,-0.00488129
88,16,0.978184,0.0257125,-0.00489449
88,17,0.978588,0.0264814,-0.0048798
88,18,0.979021,0.0272941,-0.00483776
88,19,0.979484,0.0281311,-0.00476888
88,20,0.979979,0.0289761,-0.00467372
88,21,0.980504,0.0298153,-0.00455283
88,22,0.98106,0.0306375,-0.0044067
88,23,0.981645,0.0314336,-0.00423581
88,24,0.982258,0.0321959,-0.00404058
88,25,0.982895,0.032918,-0.00382139
88,26,0.983554,0.0335941,-0.0035786
88,27,0.984232,0.0342194,-0.00331254
88,28,0.984925,0.0347892,-0.00302359
88,29,0.985628,0.0352993,-0.00271215
88,30,0.986338,0.0357459,-0.00237868
88,31,0.987051,0.0361255,-0.00202376
88,32,0.987761,0.0364349,-0.00164808
88,33,0.988466,0.0366714,-0.00125248
88,34,0.989161,0.0368324,-0.00083796
88,35,0.989842,0.0369159,-0.000405683
88,36,0.990506,0.0369202,4.30025e-05
88,37,0.99115,0.0368439,0.000506569
88,38,0.991771,0.0366859,0.000983312
88,39,0.992366,0.0364456,0.00147136
88,40,0.992935,0.0361225,0.00196869
88,41,0.993475,0.0357166,0.00247312
88,42,0.993985,0.035228,0.00298238
88,43,0.994466,0.034657,0.00349407
88,44,0.994917,0.0340044,0.00400573
88,45,0.995339,0.0332711,0.00451484
88,46,0.995731,0.0324579,0.00501884
88,47,0.996096,0.0315663,0.00551518
88,48,0.996434,0.0305977,0.00600131
88,49,0.996747,0.0295537,0.00647474
88,50,0.997037,0.028436,0.00693299
88,51,0.997306,0.0272466,0.0073737
88,52,0.997556,0.0259876,0.00779459
88,53,0.997789,0.0246612,0.00819348
88,54,0.998007,0.0232698,0.00856832
88,55,0.998213,0.0218158,0.00891719
88,56,0.998409,0.0203019,0.00923832
88,57,0.998597,0.0187306,0.0095301
88,58,0.998779,0.0171049,0.00979109
88,59,0.998957,0.0154277,0.01002
88,60,0.999133,0.0137018,0.0102157
88,61,0.999309,0.0119304,0.0103773
88,62,0.999486,0.0101166,0.010504
88,63,0.999664,0.00826355,0.0105952
88,64,0.999846,0.00637461,0.0106504
88,65,1.00003,0.00445306,0.0106693
88,66,1.00022,0.00250228,0.0106517
88,67,1.00042,0.000525675,0.0105975
88,68,1.00062,-0.00147328,0.0105067
88,69,1.00083,-0.00349106,0.0103795
88,70,1.00105,-0.00552411,0.0102158
88,71,1.00127,-0.00756879,0.010016
88,72,1.0015,-0.00962141,0.00978015
88,73,1.00174,-0.0116782,0.00950864
88,74,1.00199,-0.0137352,0.00920174
88,75,1.00225,-0.0157886,0.00885981
88,76,1.00252,-0.017834,0.00848325
88,77,1.0028,-0.0198671,0.00807257
88,78,1.00309,-0.0218834,0.0076284
88,79,1.0034,-0.0238782,0.00715147
88,80,1.00373,-0.0258462,0.00664273
88,81,1.00407,-0.0277822,0.00610332
88,82,1.00443,-0.0296806,0.00553462
88,83,1.00481,-0.0315353,0.00493831
88,84,1.00522,-0.0333401,0.00431637
88,85,1.00564,-0.0350884,0.00367113
88,86,1.00609,-0.0367734,0.00300529
88,87,1.00656,-0.038388,0.00232188
88,88,1.00705,-0.039925,0.00162438
88,89,1.00756,-0.0413768,0.000916582
88,90,1.0081,-0.0427362,0.000202667
88,91,1.00866,-0.0439957,-0.000512887
88,92,1.00924,-0.0451481,-0.00122529
88,93,1.00983,-0.0461864,-0.00192957
88,94,1.01044,-0.047104,-0.00262054
88,95,1.01106,-0.0478948,-0.003293
88,96,1.01169,-0.0485533,-0.00394168
88,97,1.01233,-0.0490747,-0.00456148
88,98,1.01297,-0.0494554,-0.0051474
88,99,1.01362,-0.0496923,-0.00569479
88,100,1.01425,-0.0497837,-0.00619927
88,101,1.01489,-0.049729,-0.00665698
88,102,1.01551,-0.0495288,-0.00706443
88,103,1.01612,-0.049185,-0.00741876
88,104,1.01671,-0.0487008,-0.00771756
88,105,1.01729,-0.0480808,-0.00795909
88,106,1.01785,-0.0473313,-0.00814206
88,107,1.01838,-0.0464601,-0.00826586
88,108,1.0189,-0.0454773,-0.00833028
88,109,1.01939,-0.0443959,-0.00833577
88,110,1.01986,-0.0432325,-0.00828314
88,111,1.0203,-0.0420078,-0.00817379
88,112,1.02073,-0.0407476,-0.00800938
88,113,1.02113,-0.0394824,-0.00779206
88,114,1.02151,-0.0382451,-0.00752416
88,115,1.02187,-0.0370662,-0.00720845
88,116,1.02221,-0.0359646,-0.006848
88,117,1.02253,-0.0349338,-0.00644669
88,118,1.02284,-0.0339239,-0.00600922
88,119,1.02313,-0.0328242,-0.00554153
88,120,1.02341,-0.0314524,-0.00505002
88,121,1.02368,-0.0295603,-0.00453988
88,122,1.02393,-0.0268656,-0.00400951
88,123,1.02417,-0.0231068,-0.00344102
88,124,1.02439,-0.0181087,-0.00278571
88,125,1.02461,-0.0118237,-0.00194349
88,126,1.02481,-0.00431213,-0.000750394
88,127,1,-0.00343474,0
89,0,1,0,0
89,1,0.972544,0.00390261,-0.000880257
89,2,0.972861,0.0102956,-0.00209677
89,3,0.973177,0.0145743,-0.00277499
89,4,0.973491,0.0174112,-0.00318477
89,5,0.973801,0.0192116,-0.00348559
89,6,0.974109,0.0202602,-0.00375057
89,7,0.974417,0.0207952,-0.00400362
89,8,0.974729,0.0210241,-0.00424693
89,9,0.975045,0.021117,-0.00447539
89,10,0.975371,0.0212007,-0.00468304
89,11,0.975708,0.0213583,-0.00486526
89,12,0.976059,0.021635,-0.00501917
89,13,0.976429,0.0220471,-0.0051432
89,14,0.976819,0.0225907,-0.00523667
89,15,0.977233,0.0232503,-0.00529941
89,16,0.977673,0.0240042,-0.00533155
89,17,0.97814,0.0248292,-0.00533338
89,18,0.978637,0.0257031,-0.00530531
89,19,0.979164,0.0266061,-0.00524778
89,20,0.979722,0.027521,-0.0051613
89,21,0.980309,0.0284336,-0.00504634
89,22,0.980925,0.0293319,-0.00490341
89,23,0.981569,0.0302061,-0.00473297
89,24,0.982238,0.0310477,-0.00453544
89,25,0.982929,0.0318495,-0.00431125
89,26,0.983639,0.032605,-0.00406077
89,27,0.984365,0.0333084,-0.00378442
89,28,0.985103,0.0339545,-0.00348261
89,29,0.985849,0.0345384,-0.00315582
89,30,0.986599,0.0350557,-0.00280464
89,31,0.987348,0.0355025,-0.00242972
89,32,0.988093,0.035875,-0.00203189
89,33,0.988829,0.0361703,-0.00161211
89,34,0.989552,0.0363858,-0.00117152
89,35,0.990259,0.0365194,-0.000711434
89,36,0.990947,0.0365694,-0.000233365
89,37,0.991613,0.0365345,0.000261002
89,38,0.992254,0.0364142,0.000769796
89,39,0.992869,0.036208,0.00129098
89,40,0.993456,0.0359159,0.00182236
89,41,0.994014,0.0355383,0.0023616
89,42,0.994542,0.0350758,0.00290626
89,43,0.995041,0.0345294,0.0034538
89,44,0.995509,0.0339,0.0040016
89,45,0.995948,0.0331891,0.00454702
89,46,0.996359,0.0323981,0.00508738
89,47,0.996742,0.0315286,0.00561999
89,48,0.9971,0.0305824,0.00614222
89,49,0.997432,0.0295613,0.00665146
89,50,0.997742,0.0284673,0.00714517
89,51,0.998032,0.0273025,0.0076209
89,52,0.998302,0.0260689,0.0080763
89,53,0.998556,0.0247689,0.00850916
89,54,0.998795,0.0234046,0.00891736
89,55,0.999022,0.0219785,0.00929897
89,56,0.999238,0.020493,0.00965219
89,57,0.999445,0.0189508,0.00997538
89,58,0.999646,0.0173543,0.0102671
89,59,0.999841,0.0157063,0.010526
89,60,1.00003,0.0140096,0.0107511
89,61,1.00022,0.0122671,0.0109413
89,62,1.00041,0.0104817,0.0110959
89,63,1.0006,0.00865654,0.0112144
89,64,1.0008,0.00679479,0.0112961
89,65,1.00099,0.0048997,0.0113409
89,66,1.00119,0.00297465,0.0113484
89,67,1.00139,0.0010231,0.0113187
89,68,1.00159,-0.000951357,0.0112516
89,69,1.0018,-0.00294505,0.0111472
89,70,1.00202,-0.00495417,0.0110056
89,71,1.00224,-0.00697482,0.010827
89,72,1.00246,-0.00900296,0.0106115
89,73,1.00269,-0.0110345,0.0103593
89,74,1.00294,-0.013065,0.0100706
89,75,1.00318,-0.0150902,0.00974579
89,76,1.00344,-0.0171054,0.00938513
89,77,1.00371,-0.0191059,0.00898906
89,78,1.00399,-0.0210868,0.00855809
89,79,1.00429,-0.023043,0.00809289
89,80,1.0046,-0.0249692,0.00759429
89,81,1.00493,-0.0268598,0.00706332
89,82,1.00527,-0.0287093,0.00650128
89,83,1.00563,-0.0305115,0.00590974
89,84,1.00601,-0.0322605,0.00529058
89,85,1.00642,-0.0339499,0.00464602
89,86,1.00684,-0.0355731,0.00397867
89,87,1.00729,-0.0371236,0.00329147
89,88,1.00776,-0.0385946,0.00258782
89,89,1.00825,-0.0399793,0.00187143
89,90,1.00876,-0.0412708,0.00114644
89,91,1.0093,-0.0424624,0.000417286
89,92,1.00985,-0.0435476,-0.000311261
89,93,1.01042,-0.0445201,-0.00103421
89,94,1.01101,-0.0453738,-0.00174635
89,95,1.01161,-0.0461034,-0.00244241
89,96,1.01222,-0.0467039,-0.00311701
89,97,1.01283,-0.0471712,-0.00376492
89,98,1.01345,-0.047502,-0.00438097
89,99,1.01408,-0.0476939,-0.00496034
89,100,1.0147,-0.0477456,-0.00549841
89,101,1.01531,-0.0476569,-0.00599107
89,102,1.01592,-0.0474289,-0.00643458
89,103,1.01651,-0.0470637,-0.00682582
89,104,1.01709,-0.0465648,-0.00716207
89,105,1.01766,-0.0459372,-0.00744134
89,106,1.0182,-0.0451872,-0.00766206
89,107,1.01873,-0.0443226,-0.00782335
89,108,1.01923,-0.0433537,-0.00792477
89,109,1.01972,-0.042293,-0.00796655
89,110,1.02018,-0.0411568,-0.00794929
89,111,1.02062,-0.0399652,-0.00787421
89,112,1.02104,-0.0387433,-0.00774284
89,113,1.02144,-0.0375205,-0.00755722
89,114,1.02182,-0.0363288,-0.00731961
89,115,1.02217,-0.0351972,-0.00703277
89,116,1.02251,-0.0341431,-0.00669975
89,117,1.02283,-0.0331583,-0.00632436
89,118,1.02314,-0.0321911,-0.0059111
89,119,1.02343,-0.0311293,-0.0054655
89,120,1.0237,-0.0297903,-0.0049933
89,121,1.02396,-0.0279294,-0.00449872
89,122,1.02421,-0.025274,-0.00397973
89,123,1.02445,-0.021585,-0.00341899
89,124,1.02469,-0.0167264,-0.00276728
89,125,1.02491,-0.0107059,-0.00192881
89,126,1.02512,-0.00363539,-0.000755804
89,127,1,-0.00343474,0
90,0,1,0,0
90,1,0.971493,0.00377145,-0.000875021
90,2,0.971818,0.00947627,-0.00210462
90,3,0.972152,0.0133954,-0.00280442
90,4,0.972487,0.0160849,-0.00324785
90,5,0.972822,0.0178465,-0.00358638
90,6,0.973161,0.0189009,-0.00388802
90,7,0.973505,0.019454,-0.00417565
90,8,0.973856,0.0197001,-0.00445143
90,9,0.974216,0.0198053,-0.00471048
90,10,0.974589,0.0198961,-0.00494716
90,11,0.974976,0.0200563,-0.00515697
90,12,0.97538,0.0203322,-0.005337
90,13,0.975805,0.0207406,-0.00548556
90,14,0.976251,0.0212782,-0.00560178
90,15,0.976722,0.0219294,-0.0056853
90,16,0.977218,0.0226732,-0.00573611
90,17,0.977743,0.0234865,-0.00575433
90,18,0.978296,0.0243475,-0.00574025
90,19,0.978877,0.0252369,-0.0056942
90,20,0.979488,0.0261379,-0.00561663
90,21,0.980126,0.0270368,-0.00550797
90,22,0.980792,0.0279222,-0.00536868
90,23,0.981482,0.0287848,-0.00519922
90,24,0.982195,0.0296166,-0.00500002
90,25,0.982928,0.0304111,-0.00477151
90,26,0.983677,0.0311624,-0.00451413
90,27,0.984441,0.0318653,-0.00422832
90,28,0.985213,0.0325151,-0.00391456
90,29,0.985992,0.0331073,-0.00357341
90,30,0.986772,0.0336381,-0.00320553
90,31,0.987551,0.0341038,-0.0028117
90,32,0.988323,0.0345009,-0.00239285
90,33,0.989085,0.0348267,-0.00195006
90,34,0.989833,0.0350785,-0.00148461
90,35,0.990565,0.0352541,-0.000997959
90,36,0.991277,0.0353515,-0.000491762
90,37,0.991967,0.0353693,3.21372e-05
90,38,0.992632,0.0353064,0.000571711
90,39,0.99327,0.0351617,0.00112477
90,40,0.993881,0.0349348,0.00168895
90,41,0.994463,0.0346255,0.00226178
90,42,0.995015,0.0342337,0.00284065
90,43,0.995537,0.0337597,0.0034229
90,44,0.996031,0.033204,0.00400577
90,45,0.996495,0.0325673,0.00458648
90,46,0.99693,0.0318507,0.00516223
90,47,0.997339,0.0310552,0.00573024
90,48,0.997721,0.0301822,0.00628777
90,49,0.998079,0.0292333,0.00683211
90,50,0.998415,0.0282101,0.00736066
90,51,0.998729,0.0271144,0.0078709
90,52,0.999024,0.0259484,0.00836041
90,53,0.999302,0.0247142,0.00882692
90,54,0.999564,0.0234141,0.00926829
90,55,0.999813,0.0220505,0.00968254
90,56,1.00005,0.020626,0.0100678
90,57,1.00028,0.0191431,0.0104225
90,58,1.0005,0.0176048,0.0107452
90,59,1.00071,0.0160137,0.0110344
90,60,1.00092,0.0143729,0.0112892
90,61,1.00112,0.0126852,0.0115086
90,62,1.00132,0.0109539,0.0116917
90,63,1.00152,0.00918205,0.011838
90,64,1.00172,0.00737275,0.011947
90,65,1.00192,0.00552926,0.0120183
90,66,1.00212,0.00365485,0.0120518
90,67,1.00232,0.00175284,0.0120473
90,68,1.00253,-0.000173443,0.0120047
90,69,1.00273,-0.00212059,0.0119241
90,70,1.00294,-0.00408514,0.0118054
90,71,1.00315,-0.0060636,0.0116489
90,72,1.00337,-0.00805237,0.0114545
90,73,1.00359,-0.0100478,0.0112224
90,74,1.00382,-0.012046,0.0109529
90,75,1.00406,-0.014043,0.010646
90,76,1.0043,-0.0160349,0.010302
90,77,1.00456,-0.0180171,0.00992123
90,78,1.00483,-0.0199851,0.00950416
90,79,1.00511,-0.0219342,0.00905133
90,80,1.0054,-0.0238592,0.00856347
90,81,1.00571,-0.0257548,0.00804152
90,82,1.00604,-0.0276151,0.00748668
90,83,1.00639,-0.0294341,0.00690041
90,84,1.00676,-0.0312056,0.0062845
90,85,1.00715,-0.0329227,0.00564107
90,86,1.00757,-0.0345786,0.00497263
90,87,1.008,-0.0361662,0.00428206
90,88,1.00846,-0.0376781,0.00357266
90,89,1.00895,-0.0391069,0.00284808
90,90,1.00945,-0.0404451,0.00211241
90,91,1.00998,-0.0416854,0.00137003
90,92,1.01052,-0.0428206,0.000625715
90,93,1.01109,-0.0438436,-0.000115554
90,94,1.01167,-0.044748,-0.000848524
90,95,1.01226,-0.0455276,-0.00156786
90,96,1.01287,-0.0461771,-0.00226811
90,97,1.01348,-0.0466916,-0.00294392
90,98,1.0141,-0.0470674,-0.00358996
90,99,1.01471,-0.0473016,-0.00420121
90,100,1.01533,-0.0473923,-0.00477286
90,101,1.01593,-0.0473389,-0.00530056
90,102,1.01653,-0.0471418,-0.0057803
90,103,1.01711,-0.0468029,-0.0062087
90,104,1.01769,-0.0463253,-0.00658277
90,105,1.01824,-0.0457134,-0.00690024
90,106,1.01877,-0.0449732,-0.00715926
90,107,1.01929,-0.0441125,-0.00735871
90,108,1.01978,-0.0431413,-0.00749787
90,109,1.02025,-0.0420723,-0.00757677
90,110,1.02069,-0.0409218,-0.00759578
90,111,1.02111,-0.0397104,-0.00755596
90,112,1.02152,-0.0384637,-0.00745867
90,113,1.0219,-0.0372119,-0.00730586
90,114,1.02226,-0.0359876,-0.00709969
90,115,1.0226,-0.0348211,-0.0068429
90,116,1.02292,-0.0337306,-0.00653846
90,117,1.02322,-0.0327084,-0.00619014
90,118,1.02351,-0.0317031,-0.00580216
90,119,1.02379,-0.0306028,-0.00537962
90,120,1.02405,-0.0292259,-0.00492748
90,121,1.0243,-0.0273315,-0.00444919
90,122,1.02454,-0.0246572,-0.00394182
90,123,1.02476,-0.0209859,-0.00338792
90,124,1.02498,-0.0162214,-0.00274227
90,125,1.02519,-0.0104284,-0.00191143
90,126,1.02539,-0.00377608,-0.000737698
90,127,1,-0.00343474,0
91,0,1,0,0
91,1,0.970557,0.00296859,-0.000871261
91,2,0.970883,0.00800334,-0.00209446
91,3,0.971221,0.0115783,-0.0028177
91,4,0.971568,0.0141293,-0.00329422
91,5,0.971923,0.0158554,-0.00366826
91,6,0.972288,0.0169159,-0.00400492
91,7,0.972664,0.0174872,-0.00432539
91,8,0.973053,0.0177525,-0.00463183
91,9,0.973455,0.017876,-0.00491985
91,10,0.973874,0.0179856,-0.00518413
91,11,0.974311,0.0181672,-0.00542033
91,12,0.974767,0.0184686,-0.00562554
91,13,0.975246,0.0189079,-0.00579791
91,14,0.975748,0.0194821,-0.00593641
91,15,0.976276,0.0201759,-0.00604048
91,16,0.976831,0.0209679,-0.00610988
91,17,0.977413,0.0218349,-0.00614458
91,18,0.978024,0.0227546,-0.00614471
91,19,0.978663,0.0237071,-0.00611051
91,20,0.97933,0.0246752,-0.0060423
91,21,0.980023,0.0256446,-0.00594045
91,22,0.980742,0.0266031,-0.0058054
91,23,0.981483,0.0275407,-0.00563756
91,24,0.982245,0.0284489,-0.00543738
91,25,0.983025,0.0293203,-0.00520528
91,26,0.983819,0.0301482,-0.00494174
91,27,0.984624,0.0309267,-0.00464723
91,28,0.985436,0.0316503,-0.00432232
91,29,0.986251,0.0323142,-0.00396764
91,30,0.987066,0.0329136,-0.00358393
91,31,0.987875,0.0334445,-0.00317207
91,32,0.988676,0.0339031,-0.00273311
91,33,0.989465,0.0342861,-0.00226826
91,34,0.990238,0.0345909,-0.00177893
91,35,0.990993,0.0348151,-0.00126673
91,36,0.991726,0.0349569,-0.000733452
91,37,0.992435,0.035015,-0.0001811
91,38,0.993119,0.0349883,0.000388149
91,39,0.993775,0.0348763,0.000971951
91,40,0.994403,0.0346789,0.0015678
91,41,0.995001,0.0343963,0.00217308
91,42,0.99557,0.0340289,0.00278505
91,43,0.996109,0.0335775,0.00340089
91,44,0.996619,0.0330431,0.00401774
91,45,0.9971,0.0324268,0.0046327
91,46,0.997553,0.03173,0.00524286
91,47,0.99798,0.0309543,0.00584535
91,48,0.998381,0.0301012,0.00643732
91,49,0.998758,0.0291727,0.00701601
91,50,0.999112,0.0281705,0.00757872
91,51,0.999445,0.0270968,0.00812288
91,52,0.99976,0.0259535,0.00864602
91,53,1.00006,0.024743,0.00914581
91,54,1.00034,0.0234673,0.00962008
91,55,1.00061,0.022129,0.0100668
91,56,1.00086,0.0207304,0.0104841
91,57,1.00111,0.019274,0.0108704
91,58,1.00134,0.0177624,0.0112241
91,59,1.00157,0.0161984,0.0115439
91,60,1.00179,0.0145846,0.0118288
91,61,1.00201,0.0129238,0.0120776
91,62,1.00222,0.0112191,0.0122897
91,63,1.00243,0.00947338,0.0124644
91,64,1.00264,0.00768976,0.0126011
91,65,1.00284,0.00587145,0.0126997
91,66,1.00305,0.00402173,0.0127597
91,67,1.00325,0.00214399,0.0127811
91,68,1.00345,0.000241714,0.0127637
91,69,1.00366,-0.0016815,0.0127074
91,70,1.00386,-0.00362195,0.0126124
91,71,1.00407,-0.0055758,0.0124787
91,72,1.00428,-0.00753911,0.0123061
91,73,1.00449,-0.00950778,0.0120949
91,74,1.00471,-0.0114776,0.0118452
91,75,1.00494,-0.0134441,0.0115569
91,76,1.00517,-0.0154029,0.0112303
91,77,1.00541,-0.0173491,0.0108657
91,78,1.00566,-0.0192778,0.0104633
91,79,1.00593,-0.021184,0.0100237
91,80,1.0062,-0.0230622,0.00954742
91,81,1.0065,-0.024907,0.00903536
91,82,1.0068,-0.0267126,0.00848858
91,83,1.00713,-0.028473,0.00790844
91,84,1.00748,-0.0301821,0.00729664
91,85,1.00785,-0.0318334,0.00665517
91,86,1.00824,-0.0334205,0.00598644
91,87,1.00865,-0.0349367,0.00529323
91,88,1.00908,-0.0363753,0.00457873
91,89,1.00954,-0.0377295,0.00384653
91,90,1.01002,-0.0389925,0.00310063
91,91,1.01052,-0.0401577,0.00234538
91,92,1.01104,-0.0412185,0.0015855
91,93,1.01158,-0.0421688,0.000825981
91,94,1.01213,-0.0430027,7.21027e-05
91,95,1.0127,-0.0437149,-0.000670754
91,96,1.01328,-0.0443004,-0.00139703
91,97,1.01387,-0.0447553,-0.00210125
91,98,1.01446,-0.0450763,-0.00277793
91,99,1.01506,-0.0452609,-0.00342186
91,100,1.01565,-0.0453079,-0.00402799
91,101,1.01624,-0.0452169,-0.00459173
91,102,1.01682,-0.0449888,-0.00510878
91,103,1.01739,-0.0446259,-0.0055755
91,104,1.01795,-0.0441314,-0.00598856
91,105,1.01849,-0.04351,-0.00634544
91,106,1.01901,-0.042768,-0.00664395
91,107,1.01951,-0.041913,-0.00688271
91,108,1.02,-0.040955,-0.00706072
91,109,1.02046,-0.0399065,-0.00717777
91,110,1.0209,-0.0387833,-0.00723398
91,111,1.02132,-0.0376054,-0.00723027
91,112,1.02172,-0.0363978,-0.00716777
91,113,1.02209,-0.0351895,-0.00704838
91,114,1.02245,-0.0340122,-0.00687414
91,115,1.02278,-0.0328947,-0.00664781
91,116,1.0231,-0.0318538,-0.0063723
91,117,1.02341,-0.0308801,-0.00605136
91,118,1.02369,-0.029921,-0.00568899
91,119,1.02396,-0.0288633,-0.0052899
91,120,1.02422,-0.0275259,-0.0048583
91,121,1.02447,-0.025671,-0.00439664
91,122,1.02471,-0.0230452,-0.00390137
91,123,1.02494,-0.019451,-0.00335554
91,124,1.02516,-0.0148275,-0.00271372
91,125,1.02537,-0.00929194,-0.00188791
91,126,1.02558,-0.00306835,-0.000738971
91,127,1,-0.00343474,0
92,0,1,0,0
92,1,0.969729,0.00290006,-0.000854077
92,2,0.970055,0.00728897,-0.00207892
92,3,0.970402,0.0105342,-0.00281845
92,4,0.970763,0.0129496,-0.00332501
92,5,0.971137,0.014638,-0.00373316
92,6,0.971526,0.0157015,-0.00410254
92,7,0.971931,0.0162884,-0.00445358
92,8,0.972353,0.0165698,-0.00478868
92,9,0.972793,0.016706,-0.00510387
92,10,0.973253,0.0168242,-0.00539421
92,11,0.973733,0.0170106,-0.00565554
92,12,0.974237,0.0173135,-0.0058849
92,13,0.974764,0.0177511,-0.0060803
92,14,0.975317,0.018321,-0.00624051
92,15,0.975895,0.0190078,-0.00636473
92,16,0.976501,0.0197906,-0.00645252
92,17,0.977134,0.0206463,-0.00650366
92,18,0.977794,0.021553,-0.00651811
92,19,0.978482,0.0224913,-0.00649596
92,20,0.979195,0.0234444,-0.00643746
92,21,0.979933,0.0243984,-0.00634289
92,22,0.980694,0.0253418,-0.00621262
92,23,0.981476,0.0262651,-0.00604704
92,24,0.982277,0.0271604,-0.00584659
92,25,0.983092,0.0280206,-0.00561171
92,26,0.98392,0.0288399,-0.00534288
92,27,0.984756,0.0296128,-0.00504064
92,28,0.985597,0.0303345,-0.0047056
92,29,0.986439,0.0310005,-0.00433845
92,30,0.987279,0.0316067,-0.00394004
92,31,0.988113,0.0321492,-0.00351134
92,32,0.988937,0.0326246,-0.00305351
92,33,0.989748,0.03303,-0.00256787
92,34,0.990542,0.0333625,-0.00205597
92,35,0.991318,0.0336199,-0.00151954
92,36,0.992071,0.0338002,-0.000960532
92,37,0.992801,0.0339017,-0.000381071
92,38,0.993506,0.0339232,0.000216517
92,39,0.994183,0.0338638,0.000829746
92,40,0.994832,0.0337227,0.00145597
92,41,0.995452,0.0334996,0.00209244
92,42,0.996043,0.0331945,0.00273629
92,43,0.996605,0.0328075,0.00338457
92,44,0.997137,0.0323391,0.00403431
92,45,0.997642,0.0317899,0.0046825
92,46,0.998119,0.0311608,0.00532612
92,47,0.998569,0.0304528,0.00596222
92,48,0.998994,0.0296674,0.00658787
92,49,0.999394,0.0288059,0.00720021
92,50,0.999772,0.02787,0.00779651
92,51,1.00013,0.0268615,0.0083741
92,52,1.00047,0.0257824,0.00893048
92,53,1.00079,0.0246348,0.00946327
92,54,1.00109,0.0234209,0.00997026
92,55,1.00138,0.0221432,0.0104494
92,56,1.00165,0.0208041,0.0108988
92,57,1.00191,0.0194062,0.0113167
92,58,1.00216,0.0179522,0.0117017
92,59,1.00241,0.016445,0.0120523
92,60,1.00264,0.0148873,0.0123675
92,61,1.00287,0.013282,0.0126463
92,62,1.00309,0.0116322,0.0128878
92,63,1.00331,0.00994093,0.0130914
92,64,1.00352,0.00821116,0.0132566
92,65,1.00372,0.00644606,0.0133829
92,66,1.00393,0.00464877,0.0134702
92,67,1.00413,0.00282247,0.0135181
92,68,1.00433,0.000970415,0.0135266
92,69,1.00453,-0.000904129,0.0134955
92,70,1.00473,-0.00279782,0.0134248
92,71,1.00492,-0.00470724,0.0133145
92,72,1.00512,-0.00662888,0.0131645
92,73,1.00532,-0.00855914,0.0129748
92,74,1.00553,-0.0104942,0.0127454
92,75,1.00574,-0.0124303,0.0124764
92,76,1.00595,-0.0143632,0.0121678
92,77,1.00618,-0.0162885,0.0118197
92,78,1.00641,-0.0182018,0.0114325
92,79,1.00666,-0.020098,0.0110064
92,80,1.00692,-0.0219722,0.010542
92,81,1.0072,-0.0238187,0.0100401
92,82,1.00749,-0.0256318,0.00950158
92,83,1.0078,-0.0274054,0.00892776
92,84,1.00813,-0.029133,0.00832019
92,85,1.00848,-0.030808,0.00768078
92,86,1.00886,-0.0324234,0.00701185
92,87,1.00926,-0.033972,0.00631606
92,88,1.00968,-0.0354467,0.00559655
92,89,1.01013,-0.0368399,0.00485679
92,90,1.01059,-0.0381444,0.00410075
92,91,1.01108,-0.0393529,0.00333272
92,92,1.0116,-0.0404584,0.00255741
92,93,1.01213,-0.041454,0.00177979
92,94,1.01267,-0.0423335,0.00100517
92,95,1.01323,-0.0430909,0.000238976
92,96,1.01381,-0.043721,-0.000513132
92,97,1.01439,-0.0442192,-0.00124558
92,98,1.01497,-0.0445818,-0.0019527
92,99,1.01556,-0.0448061,-0.00262913
92,100,1.01614,-0.0448901,-0.00326958
92,101,1.01672,-0.0448332,-0.00386924
92,102,1.01729,-0.044636,-0.00442353
92,103,1.01785,-0.0443,-0.00492853
92,104,1.0184,-0.0438283,-0.00538063
92,105,1.01893,-0.0432252,-0.005777
92,106,1.01944,-0.0424964,-0.00611515
92,107,1.01993,-0.0416495,-0.00639345
92,108,1.0204,-0.0406943,-0.00661059
92,109,1.02085,-0.039643,-0.00676615
92,110,1.02127,-0.0385117,-0.00685999
92,111,1.02168,-0.0373206,-0.00689285
92,112,1.02206,-0.036095,-0.00686569
92,113,1.02242,-0.0348645,-0.00678031
92,114,1.02276,-0.0336616,-0.00663865
92,115,1.02308,-0.0325159,-0.00644344
92,116,1.02339,-0.031445,-0.00619754
92,117,1.02367,-0.0304404,-0.00590463
92,118,1.02395,-0.02945,-0.00556847
92,119,1.02421,-0.0283615,-0.00519333
92,120,1.02445,-0.0269954,-0.00478263
92,121,1.02469,-0.0251179,-0.00433797
92,122,1.02491,-0.0224847,-0.00385473
92,123,1.02513,-0.0189176,-0.00331576
92,124,1.02533,-0.0143911,-0.00267987
92,125,1.02553,-0.00907563,-0.00186269
92,126,1.02572,-0.00325441,-0.000717204
92,127,1,-0.00343474,0
93,0,1,0,0
93,1,0.96903,0.0020784,-0.000841547
93,2,0.969351,0.00584909,-0.00204794
93,3,0.969695,0.00878115,-0.00280599
93,4,0.97006,0.0110674,-0.0033421
93,5,0.970447,0.0127176,-0.00378189
93,6,0.970854,0.0137802,-0.00418221
93,7,0.971283,0.0143779,-0.00456202
93,8,0.971734,0.0146723,-0.00492395
93,9,0.972208,0.0148217,-0.00526466
93,10,0.972705,0.0149541,-0.00557965
93,11,0.973227,0.0151575,-0.00586491
93,12,0.973774,0.0154816,-0.00611749
93,13,0.974347,0.0159455,-0.00633523
93,14,0.974947,0.0165471,-0.0065167
93,15,0.975575,0.0172713,-0.00666083
93,16,0.97623,0.0180969,-0.00676698
93,17,0.976912,0.0190007,-0.00683466
93,18,0.977622,0.0199605,-0.0068637
93,19,0.978358,0.0209562,-0.006854
93,20,0.97912,0.0219707,-0.0068057
93,21,0.979905,0.0229895,-0.00671897
93,22,0.980711,0.0240005,-0.00659414
93,23,0.981537,0.0249936,-0.00643153
93,24,0.982379,0.0259599,-0.00623156
93,25,0.983234,0.026892,-0.00599468
93,26,0.984099,0.0277832,-0.0057214
93,27,0.984971,0.0286272,-0.00541228
93,28,0.985846,0.0294186,-0.00506799
93,29,0.98672,0.0301523,-0.0046893
93,30,0.987589,0.0308234,-0.00427714
93,31,0.98845,0.0314278,-0.00383257
93,32,0.989299,0.0319616,-0.00335686
93,33,0.990133,0.0324215,-0.00285147
93,34,0.99095,0.0328044,-0.00231805
93,35,0.991745,0.0331081,-0.00175848
93,36,0.992518,0.0333306,-0.00117484
93,37,0.993266,0.0334703,-0.000569391
93,38,0.993987,0.0335261,5.53996e-05
93,39,0.994681,0.0334974,0.000696914
93,40,0.995346,0.033384,0.00135238
93,41,0.995982,0.0331857,0.00201891
93,42,0.996589,0.0329031,0.00269352
93,43,0.997167,0.0325368,0.00337317
93,44,0.997716,0.0320876,0.00405475
93,45,0.998236,0.0315566,0.00473517
93,46,0.99873,0.0309452,0.00541132
93,47,0.999197,0.0302547,0.00608017
93,48,0.999639,0.0294869,0.00673869
93,49,1.00006,0.0286434,0.00738399
93,50,1.00045,0.0277261,0.00801324
93,51,1.00083,0.0267369,0.00862375
93,52,1.00118,0.025678,0.00921294
93,53,1.00152,0.0245515,0.0097784
93,54,1.00184,0.0233596,0.0103179
93,55,1.00214,0.0221046,0.0108292
93,56,1.00243,0.020789,0.0113106
93,57,1.00271,0.0194152,0.0117603
93,58,1.00297,0.0179857,0.0121766
93,59,1.00323,0.0165033,0.0125583
93,60,1.00348,0.0149705,0.0129042
93,61,1.00371,0.0133903,0.0132132
93,62,1.00394,0.0117653,0.0134845
93,63,1.00416,0.0100986,0.0137174
93,64,1.00438,0.00839321,0.0139114
93,65,1.00459,0.00665222,0.014066
93,66,1.00479,0.00487883,0.014181
93,67,1.00499,0.00307636,0.0142559
93,68,1.00519,0.0012482,0.0142907
93,69,1.00538,-0.000602125,0.0142852
93,70,1.00558,-0.00247098,0.0142393
93,71,1.00576,-0.0043546,0.0141529
93,72,1.00595,-0.0062491,0.0140259
93,73,1.00614,-0.00815043,0.0138581
93,74,1.00634,-0.0100544,0.0136496
93,75,1.00653,-0.0119566,0.0134002
93,76,1.00674,-0.0138525,0.0131099
93,77,1.00694,-0.0157374,0.0127789
93,78,1.00716,-0.0176063,0.0124072
93,79,1.00739,-0.0194542,0.0119952
93,80,1.00763,-0.0212755,0.0115432
93,81,1.00788,-0.0230648,0.0110519
93,82,1.00815,-0.0248162,0.0105222
93,83,1.00844,-0.0265239,0.00995513
93,84,1.00875,-0.0281816,0.00935226
93,85,1.00908,-0.0297829,0.00871537
93,86,1.00942,-0.0313214,0.00804664
93,87,1.0098,-0.0327905,0.00734865
93,88,1.01019,-0.0341836,0.00662443
93,89,1.01061,-0.0354941,0.00587737
93,90,1.01105,-0.0367152,0.00511137
93,91,1.01151,-0.0378407,0.00433065
93,92,1.01199,-0.0388642,0.00353991
93,93,1.01249,-0.0397797,0.00274409
93,94,1.01301,-0.0405817,0.00194855
93,95,1.01354,-0.0412651,0.00115875
93,96,1.01409,-0.0418252,0.000380449
93,97,1.01465,-0.0422581,-0.000380665
93,98,1.01521,-0.0425607,-0.00111876
93,99,1.01577,-0.0427309,-0.00182829
93,100,1.01634,-0.0427671,-0.00250371
93,101,1.0169,-0.0426693,-0.00313999
93,102,1.01745,-0.0424382,-0.00373225
93,103,1.01799,-0.0420759,-0.0042763
93,104,1.01853,-0.0415855,-0.00476817
93,105,1.01904,-0.0409716,-0.00520478
93,106,1.01954,-0.04024,-0.00558328
93,107,1.02003,-0.0393984,-0.00590179
93,108,1.02049,-0.0384563,-0.00615865
93,109,1.02093,-0.0374258,-0.00635324
93,110,1.02135,-0.0363225,-0.00648512
93,111,1.02175,-0.0351659,-0.00655489
93,112,1.02213,-0.0339806,-0.00656328
93,113,1.02249,-0.0327953,-0.00651201
93,114,1.02282,-0.0316411,-0.00640292
93,115,1.02314,-0.0305465,-0.00623875
93,116,1.02345,-0.0295275,-0.00602231
93,117,1.02373,-0.0285743,-0.00575727
93,118,1.024,-0.0276336,-0.00544718
93,119,1.02426,-0.0265927,-0.00509596
93,120,1.0245,-0.0252729,-0.00470625
93,121,1.02474,-0.0234437,-0.00427859
93,122,1.02496,-0.0208689,-0.00380759
93,123,1.02518,-0.0173869,-0.00327648
93,124,1.02538,-0.0130025,-0.00264402
93,125,1.02559,-0.0079338,-0.00183216
93,126,1.02579,-0.00252016,-0.000714818
93,127,1,-0.00343474,0
94,0,1,0,0
94,1,0.968448,0.00209163,-0.000815041
94,2,0.968761,0.00527905,-0.0020149
94,3,0.969106,0.00791647,-0.00278483
94,4,0.969477,0.0100781,-0.00334727
94,5,0.969874,0.0116891,-0.00381736
94,6,0.970297,0.0127495,-0.00424631
94,7,0.970746,0.0133578,-0.00465265
94,8,0.971222,0.013665,-0.00503949
94,9,0.971724,0.0138254,-0.00540403
94,10,0.972253,0.0139657,-0.00574221
94,11,0.972809,0.0141737,-0.00605022
94,12,0.973394,0.0144991,-0.00632506
94,13,0.974006,0.014961,-0.00656441
94,14,0.974647,0.0155575,-0.00676659
94,15,0.975316,0.0162738,-0.00693027
94,16,0.976014,0.0170886,-0.00705456
94,17,0.976738,0.0179792,-0.00713873
94,18,0.977489,0.0189236,-0.00718242
94,19,0.978266,0.0199023,-0.00718537
94,20,0.979066,0.0208985,-0.00714757
94,21,0.979889,0.0218984,-0.0070691
94,22,0.980731,0.0228902,-0.00695021
94,23,0.98159,0.0238643,-0.00679117
94,24,0.982464,0.0248127,-0.00659239
94,25,0.983349,0.0257282,-0.00635428
94,26,0.984243,0.0266048,-0.00607741
94,27,0.98514,0.0274369,-0.00576234
94,28,0.986039,0.0282195,-0.00540981
94,29,0.986936,0.0289479,-0.00502064
94,30,0.987826,0.029618,-0.00459586
94,31,0.988708,0.0302258,-0.00413661
94,32,0.989576,0.0307679,-0.00364426
94,33,0.990429,0.0312411,-0.00312038
94,34,0.991264,0.0316427,-0.00256676
94,35,0.992078,0.0319702,-0.00198537
94,36,0.992869,0.0322216,-0.00137843
94,37,0.993636,0.0323952,-0.000748334
94,38,0.994376,0.0324897,-9.76662e-05
94,39,0.995088,0.0325041,0.00057083
94,40,0.995773,0.0324377,0.00125426
94,41,0.996429,0.0322901,0.00194962
94,42,0.997056,0.0320611,0.00265382
94,43,0.997655,0.0317509,0.0033637
94,44,0.998225,0.03136,0.00407607
94,45,0.998767,0.0308888,0.00478774
94,46,0.999283,0.0303382,0.00549552
94,47,0.999772,0.0297094,0.00619628
94,48,1.00024,0.0290035,0.00688696
94,49,1.00068,0.028222,0.00756456
94,50,1.00109,0.0273664,0.00822622
94,51,1.00149,0.0264386,0.00886917
94,52,1.00186,0.0254405,0.00949081
94,53,1.00222,0.0243742,0.0100887
94,54,1.00256,0.0232418,0.0106604
94,55,1.00288,0.0220457,0.011204
94,56,1.00318,0.0207884,0.0117173
94,57,1.00348,0.0194723,0.0121987
94,58,1.00375,0.0181001,0.0126466
94,59,1.00402,0.0166745,0.0130595
94,60,1.00428,0.0151983,0.0134363
94,61,1.00452,0.0136742,0.0137759
94,62,1.00475,0.0121052,0.0140774
94,63,1.00498,0.0104942,0.01434
94,64,1.0052,0.00884415,0.0145633
94,65,1.00541,0.00715802,0.0147466
94,66,1.00561,0.00543886,0.0148897
94,67,1.0058,0.00368974,0.0149922
94,68,1.00599,0.0019138,0.0150538
94,69,1.00618,0.000114203,0.0150744
94,70,1.00636,-0.00170579,0.0150537
94,71,1.00654,-0.00354285,0.0149916
94,72,1.00671,-0.00539353,0.0148879
94,73,1.00689,-0.00725425,0.0147424
94,74,1.00706,-0.00912129,0.0145549
94,75,1.00724,-0.0109907,0.0143254
94,76,1.00742,-0.0128584,0.0140537
94,77,1.00761,-0.01472,0.0137398
94,78,1.00781,-0.0165708,0.0133838
94,79,1.00802,-0.018406,0.0129857
94,80,1.00824,-0.0202203,0.012546
94,81,1.00847,-0.0220081,0.0120651
94,82,1.00872,-0.0237637,0.0115439
94,83,1.00899,-0.0254807,0.0109834
94,84,1.00928,-0.027153,0.0103849
94,85,1.00959,-0.0287736,0.00975019
94,86,1.00992,-0.0303358,0.00908131
94,87,1.01028,-0.0318325,0.00838075
94,88,1.01066,-0.0332565,0.00765147
94,89,1.01106,-0.0346006,0.00689679
94,90,1.01149,-0.0358578,0.00612055
94,91,1.01194,-0.0370211,0.00532694
94,92,1.01241,-0.0380837,0.00452061
94,93,1.0129,-0.0390392,0.00370653
94,94,1.0134,-0.0398816,0.00289006
94,95,1.01393,-0.0406052,0.00207674
94,96,1.01446,-0.0412053,0.00127241
94,97,1.01501,-0.0416774,0.000482855
94,98,1.01556,-0.0420183,-0.000285917
94,99,1.01612,-0.0422252,-0.00102819
94,100,1.01667,-0.0422966,-0.00173819
94,101,1.01722,-0.0422317,-0.00241067
94,102,1.01777,-0.0420312,-0.00304046
94,103,1.0183,-0.0416965,-0.00362309
94,104,1.01882,-0.0412305,-0.00415431
94,105,1.01933,-0.0406373,-0.00463074
94,106,1.01982,-0.0399224,-0.0050492
94,107,1.02029,-0.0390932,-0.00540754
94,108,1.02074,-0.0381589,-0.00570383
94,109,1.02117,-0.0371315,-0.00593718
94,110,1.02158,-0.0360264,-0.00610691
94,111,1.02196,-0.0348634,-0.00621343
94,112,1.02233,-0.0336672,-0.00625728
94,113,1.02267,-0.0324669,-0.0062401
94,114,1.023,-0.0312944,-0.0061636
94,115,1.0233,-0.0301787,-0.00603053
94,116,1.02359,-0.0291366,-0.00584361
94,117,1.02387,-0.0281593,-0.00560652
94,118,1.02412,-0.0271945,-0.00532255
94,119,1.02437,-0.0261309,-0.00499521
94,120,1.0246,-0.024792,-0.00462637
94,121,1.02482,-0.0229517,-0.00421567
94,122,1.02503,-0.0203821,-0.00375652
94,123,1.02523,-0.0169379,-0.00323177
94,124,1.02543,-0.0126535,-0.00260446
94,125,1.02562,-0.0077945,-0.00180121
94,126,1.0258,-0.00275888,-0.000690198
94,127,1,-0.00343474,0
95,0,1,0,0
95,1,0.968003,0.00126496,-0.000796782
95,2,0.968305,0.00390355,-0.0019696
95,3,0.96864,0.00626262,-0.00275421
95,4,0.969008,0.00830329,-0.00334284
95,5,0.969408,0.00987114,-0.00384077
95,6,0.96984,0.0109215,-0.00429674
95,7,0.970303,0.0115313,-0.00472803
95,8,0.970797,0.0118431,-0.00513817
95,9,0.971323,0.0120093,-0.00552507
95,10,0.971879,0.0121571,-0.00588519
95,11,0.972466,0.0123754,-0.00621486
95,12,0.973083,0.0127149,-0.0065111
95,13,0.97373,0.0131958,-0.0067714
95,14,0.974408,0.0138163,-0.00699384
95,15,0.975115,0.0145619,-0.00717681
95,16,0.975851,0.0154113,-0.00731915
95,17,0.976614,0.0163415,-0.00741988
95,18,0.977405,0.0173304,-0.00747843
95,19,0.978221,0.018358,-0.00749433
95,20,0.97906,0.0194073,-0.00746745
95,21,0.97992,0.0204638,-0.00739774
95,22,0.980799,0.0215153,-0.00728536
95,23,0.981694,0.0225515,-0.00713053
95,24,0.982602,0.0235637,-0.00693363
95,25,0.983521,0.0245441,-0.00669505
95,26,0.984445,0.0254859,-0.00641536
95,27,0.985373,0.0263828,-0.00609516
95,28,0.9863,0.0272292,-0.00573525
95,29,0.987224,0.0280199,-0.00533651
95,30,0.98814,0.0287499,-0.00490003
95,31,0.989045,0.029415,-0.00442705
95,32,0.989935,0.0300112,-0.00391906
95,33,0.99081,0.030535,-0.00337771
95,34,0.991664,0.0309835,-0.00280491
95,35,0.992497,0.0313541,-0.00220276
95,36,0.993305,0.0316448,-0.0015736
95,37,0.994089,0.0318539,-0.000919938
95,38,0.994845,0.0319803,-0.000244485
95,39,0.995573,0.0320233,0.000449901
95,40,0.996273,0.0319823,0.00116021
95,41,0.996945,0.0318575,0.00188333
95,42,0.997587,0.0316491,0.00261607
95,43,0.998201,0.0313576,0.00335518
95,44,0.998786,0.0309838,0.00409737
95,45,0.999344,0.0305289,0.00483937
95,46,0.999875,0.029994,0.00557792
95,47,1.00038,0.0293805,0.00630981
95,48,1.00086,0.0286901,0.00703191
95,49,1.00132,0.0279243,0.00774118
95,50,1.00175,0.0270852,0.00843467
95,51,1.00216,0.0261744,0.0091096
95,52,1.00255,0.0251943,0.00976327
95,53,1.00292,0.0241467,0.0103932
95,54,1.00327,0.023034,0.010997
95,55,1.00361,0.0218584,0.0115726
95,56,1.00393,0.0206223,0.0121178
95,57,1.00423,0.0193281,0.012631
95,58,1.00452,0.0179784,0.0131104
95,59,1.00479,0.0165756,0.0135547
95,60,1.00506,0.0151225,0.0139626
95,61,1.00531,0.0136217,0.0143329
95,62,1.00555,0.0120761,0.0146647
95,63,1.00577,0.0104884,0.0149574
95,64,1.00599,0.00886175,0.0152101
95,65,1.0062,0.00719906,0.0154224
95,66,1.0064,0.0055035,0.0155938
95,67,1.00659,0.00377828,0.015724
95,68,1.00677,0.00202676,0.0158126
95,69,1.00695,0.000252369,0.0158594
95,70,1.00712,-0.00154129,0.015864
95,71,1.00729,-0.00335052,0.0158263
95,72,1.00745,-0.00517143,0.015746
95,73,1.00761,-0.00700003,0.0156228
95,74,1.00777,-0.0088321,0.0154565
95,75,1.00794,-0.0106633,0.0152469
95,76,1.0081,-0.012489,0.0149938
95,77,1.00827,-0.0143045,0.014697
95,78,1.00845,-0.0161049,0.0143565
95,79,1.00864,-0.0178849,0.0139724
95,80,1.00883,-0.0196391,0.0135449
95,81,1.00905,-0.0213621,0.0130745
95,82,1.00927,-0.0230479,0.0125618
95,83,1.00951,-0.0246908,0.0120078
95,84,1.00978,-0.0262844,0.0114137
95,85,1.01006,-0.0278226,0.0107811
95,86,1.01036,-0.0292991,0.010112
95,87,1.01069,-0.0307074,0.00940877
95,88,1.01103,-0.032041,0.00867434
95,89,1.01141,-0.0332937,0.00791193
95,90,1.0118,-0.0344591,0.00712531
95,91,1.01222,-0.0355311,0.00631862
95,92,1.01266,-0.0365038,0.00549651
95,93,1.01312,-0.0373716,0.00466393
95,94,1.0136,-0.0381294,0.0038263
95,95,1.01409,-0.0387724,0.00298918
95,96,1.0146,-0.0392963,0.00215852
95,97,1.01512,-0.0396977,0.00134023
95,98,1.01565,-0.0399737,0.000540488
95,99,1.01618,-0.0401223,-0.000234828
95,100,1.01672,-0.0401422,-0.000979705
95,101,1.01725,-0.0400334,-0.00168866
95,102,1.01777,-0.0397965,-0.00235622
95,103,1.01829,-0.0394335,-0.00297768
95,104,1.0188,-0.0389475,-0.00354842
95,105,1.0193,-0.0383428,-0.0040648
95,106,1.01978,-0.0376248,-0.0045233
95,107,1.02024,-0.0368009,-0.00492152
95,108,1.02068,-0.0358802,-0.00525716
95,109,1.02111,-0.0348744,-0.00552914
95,110,1.02151,-0.0337985,-0.00573648
95,111,1.0219,-0.0326716,-0.00587943
95,112,1.02226,-0.0315174,-0.00595832
95,113,1.0226,-0.0303643,-0.00597471
95,114,1.02293,-0.0292427,-0.00593018
95,115,1.02323,-0.0281804,-0.00582753
95,116,1.02352,-0.0271928,-0.00566943
95,117,1.02379,-0.0262699,-0.00545957
95,118,1.02405,-0.0253584,-0.00520104
95,119,1.02429,-0.0243474,-0.00489707
95,120,1.02452,-0.0230617,-0.00454873
95,121,1.02474,-0.0212787,-0.00415462
95,122,1.02495,-0.0187778,-0.00370722
95,123,1.02515,-0.0154273,-0.0031896
95,124,1.02535,-0.0112862,-0.00256472
95,125,1.02554,-0.00666049,-0.00176609
95,126,1.02572,-0.002003,-0.000684922
95,127,1,-0.00343474,0
96,0,1,0,0
96,1,0.967673,0.00137482,-0.000764054
96,2,0.96796,0.00350701,-0.0019258
96,3,0.968289,0.00560932,-0.00271915
96,4,0.968655,0.00753539,-0.00333086
96,5,0.969058,0.00906109,-0.00385562
96,6,0.969496,0.0101026,-0.0043366
96,7,0.969969,0.0107168,-0.0047909
96,8,0.970478,0.0110369,-0.00522271
96,9,0.97102,0.011211,-0.00563056
96,10,0.971597,0.0113645,-0.00601139
96,11,0.972207,0.0115856,-0.00636173
96,12,0.972851,0.0119246,-0.00667857
96,13,0.973526,0.0124015,-0.00695916
96,14,0.974234,0.0130146,-0.00720137
96,15,0.974972,0.0137494,-0.00740326
96,16,0.975739,0.0145847,-0.0075634
96,17,0.976535,0.0154981,-0.00768056
96,18,0.977357,0.0164675,-0.00775393
96,19,0.978205,0.0174737,-0.00778286
96,20,0.979074,0.0184999,-0.00776708
96,21,0.979964,0.0195321,-0.00770639
96,22,0.980872,0.0205587,-0.0076009
96,23,0.981794,0.0215701,-0.00745073
96,24,0.982728,0.0225578,-0.00725625
96,25,0.98367,0.0235149,-0.00701783
96,26,0.984617,0.024435,-0.00673606
96,27,0.985567,0.0253125,-0.00641154
96,28,0.986514,0.0261422,-0.00604514
96,29,0.987456,0.0269195,-0.00563778
96,30,0.98839,0.0276398,-0.00519063
96,31,0.989312,0.0282995,-0.00470502
96,32,0.99022,0.0288948,-0.00418251
96,33,0.99111,0.0294225,-0.00362488
96,34,0.991981,0.0298799,-0.00303412
96,35,0.99283,0.0302646,-0.00241246
96,36,0.993655,0.0305744,-0.00176233
96,37,0.994455,0.0308076,-0.00108636
96,38,0.995228,0.030963,-0.000387366
96,39,0.995974,0.0310394,0.000331685
96,40,0.996692,0.0310362,0.00106768
96,41,0.997382,0.0309529,0.00181741
96,42,0.998043,0.0307894,0.00257758
96,43,0.998676,0.0305458,0.00334486
96,44,0.999281,0.0302224,0.00411588
96,45,0.999859,0.02982,0.00488729
96,46,1.00041,0.0293393,0.00565575
96,47,1.00093,0.0287812,0.006418
96,48,1.00143,0.0281472,0.00717083
96,49,1.00191,0.0274385,0.00791115
96,50,1.00236,0.0266567,0.00863595
96,51,1.00279,0.0258035,0.00934239
96,52,1.0032,0.024881,0.0100277
96,53,1.00358,0.023891,0.0106895
96,54,1.00395,0.0228358,0.0113251
96,55,1.0043,0.0217175,0.0119325
96,56,1.00463,0.0205387,0.0125096
96,57,1.00495,0.0193016,0.0130545
96,58,1.00524,0.018009,0.0135655
96,59,1.00553,0.0166633,0.0140412
96,60,1.0058,0.0152672,0.0144803
96,61,1.00605,0.0138236,0.0148815
96,62,1.00629,0.012335,0.0152439
96,63,1.00652,0.0108044,0.0155666
96,64,1.00673,0.00923454,0.015849
96,65,1.00694,0.00762836,0.0160905
96,66,1.00713,0.00598877,0.0162904
96,67,1.00731,0.00431875,0.0164485
96,68,1.00749,0.00262132,0.0165642
96,69,1.00765,0.00089957,0.0166373
96,70,1.00781,-0.000843304,0.0166674
96,71,1.00796,-0.00260402,0.0166541
96,72,1.00811,-0.00437916,0.0165972
96,73,1.00825,-0.00616518,0.0164962
96,74,1.00839,-0.00795831,0.0163509
96,75,1.00853,-0.00975463,0.0161609
96,76,1.00868,-0.01155,0.015926
96,77,1.00883,-0.0133399,0.0156459
96,78,1.00898,-0.0151197,0.0153205
96,79,1.00915,-0.0168844,0.0149498
96,80,1.00932,-0.0186287,0.0145339
96,81,1.00951,-0.0203471,0.0140732
96,82,1.00971,-0.0220336,0.0135683
96,83,1.00993,-0.0236822,0.0130199
96,84,1.01017,-0.0252864,0.0124292
96,85,1.01044,-0.0268396,0.0117979
96,86,1.01072,-0.0283351,0.0111277
96,87,1.01103,-0.029766,0.010421
96,88,1.01136,-0.0311254,0.00968068
96,89,1.01171,-0.0324065,0.00890982
96,90,1.01209,-0.0336025,0.00811219
96,91,1.01249,-0.0347068,0.00729191
96,92,1.01292,-0.0357132,0.00645364
96,93,1.01337,-0.0366157,0.00560233
96,94,1.01383,-0.0374087,0.00474343
96,95,1.01431,-0.0380872,0.00388258
96,96,1.01481,-0.0386468,0.00302583
96,97,1.01532,-0.0390836,0.00217918
96,98,1.01584,-0.0393946,0.00134897
96,99,1.01636,-0.0395774,0.000541253
96,100,1.01688,-0.0396306,-0.000237733
96,101,1.0174,-0.0395537,-0.000982302
96,102,1.01792,-0.0393472,-0.0016867
96,103,1.01843,-0.0390127,-0.00234597
96,104,1.01893,-0.0385528,-0.00295519
96,105,1.01942,-0.0379714,-0.00351046
96,106,1.01989,-0.0372737,-0.00400793
96,107,1.02034,-0.0364666,-0.00444495
96,108,1.02077,-0.0355589,-0.00481891
96,109,1.02119,-0.034562,-0.00512853
96,110,1.02158,-0.0334908,-0.00537254
96,111,1.02195,-0.0323644,-0.00555104
96,112,1.02231,-0.0312067,-0.00566414
96,113,1.02264,-0.0300461,-0.00571336
96,114,1.02295,-0.0289135,-0.00570012
96,115,1.02325,-0.0278373,-0.00562727
96,116,1.02353,-0.0268339,-0.00549739
96,117,1.02379,-0.0258939,-0.0053142
96,118,1.02403,-0.0249657,-0.00508054
96,119,1.02427,-0.02394,-0.00479932
96,120,1.02449,-0.022645,-0.00447082
96,121,1.02469,-0.0208627,-0.0040928
96,122,1.02489,-0.0183803,-0.00365641
96,123,1.02508,-0.0150792,-0.00314415
96,124,1.02526,-0.0110419,-0.00252309
96,125,1.02543,-0.00661334,-0.00173207
96,126,1.02559,-0.00230175,-0.000658505
96,127,1,-0.00343474,0
97,0,1,0,0
97,1,0.967477,0.000553094,-0.000743198
97,2,0.96775,0.00221711,-0.00187301
97,3,0.968063,0.00407772,-0.00267853
97,4,0.968419,0.00589013,-0.00331373
97,5,0.968816,0.00736638,-0.00386315
97,6,0.969254,0.00838739,-0.00436792
97,7,0.969732,0.00899279,-0.00484408
97,8,0.970249,0.00930839,-0.00529635
97,9,0.970804,0.00947989,-0.00572404
97,10,0.971396,0.00963275,-0.00612461
97,11,0.972025,0.00985581,-0.00649476
97,12,0.972689,0.0102004,-0.00683148
97,13,0.973388,0.0106869,-0.00713182
97,14,0.97412,0.0113141,-0.00739337
97,15,0.974884,0.0120678,-0.0076139
97,16,0.975679,0.012927,-0.00779171
97,17,0.976503,0.0138691,-0.00792527
97,18,0.977353,0.014872,-0.00801355
97,19,0.978229,0.0159163,-0.0080557
97,20,0.979128,0.0169847,-0.00805129
97,21,0.980046,0.0180631,-0.00799998
97,22,0.980982,0.0191392,-0.0079018
97,23,0.981932,0.0202028,-0.00775679
97,24,0.982893,0.0212449,-0.00756529
97,25,0.983862,0.0222579,-0.00732763
97,26,0.984835,0.0232348,-0.00704442
97,27,0.985808,0.0241691,-0.00671629
97,28,0.986779,0.0250552,-0.00634413
97,29,0.987744,0.0258877,-0.00592893
97,30,0.9887,0.0266616,-0.00547193
97,31,0.989643,0.0273726,-0.00497453
97,32,0.99057,0.0280166,-0.00443841
97,33,0.991479,0.0285901,-0.00386539
97,34,0.992368,0.0290901,-0.00325762
97,35,0.993234,0.0295139,-0.0026174
97,36,0.994076,0.0298594,-0.00194728
97,37,0.994891,0.030125,-0.00124998
97,38,0.99568,0.0303093,-0.000528443
97,39,0.996441,0.0304117,0.000214283
97,40,0.997174,0.0304316,0.000974978
97,41,0.997878,0.0303689,0.00175035
97,42,0.998554,0.0302238,0.00253702
97,43,0.999201,0.0299969,0.00333157
97,44,0.999821,0.029689,0.00413055
97,45,1.00041,0.0293009,0.00493054
97,46,1.00098,0.0288339,0.00572814
97,47,1.00152,0.0282894,0.00652002
97,48,1.00203,0.027669,0.00730292
97,49,1.00252,0.0269741,0.00807369
97,50,1.00298,0.0262068,0.00882928
97,51,1.00342,0.0253688,0.00956677
97,52,1.00384,0.0244622,0.0102834
97,53,1.00424,0.023489,0.0109766
97,54,1.00462,0.0224514,0.0116438
97,55,1.00498,0.0213517,0.0122828
97,56,1.00532,0.0201922,0.0128915
97,57,1.00564,0.0189752,0.013468
97,58,1.00595,0.0177032,0.0140106
97,59,1.00624,0.0163788,0.0145176
97,60,1.00651,0.0150044,0.0149878
97,61,1.00677,0.0135828,0.0154198
97,62,1.00701,0.0121166,0.0158127
97,63,1.00723,0.0106086,0.0161656
97,64,1.00745,0.00906182,0.0164776
97,65,1.00765,0.00747911,0.016748
97,66,1.00783,0.00586356,0.0169764
97,67,1.00801,0.00421834,0.0171621
97,68,1.00817,0.00254675,0.0173048
97,69,1.00833,0.000852184,0.0174039
97,70,1.00847,-0.000861801,0.0174591
97,71,1.00861,-0.00259151,0.0174698
97,72,1.00874,-0.00433309,0.0174358
97,73,1.00887,-0.00608252,0.0173566
97,74,1.00899,-0.0078356,0.0172317
97,75,1.00912,-0.00958794,0.0170608
97,76,1.00924,-0.011335,0.0168435
97,77,1.00937,-0.0130719,0.0165796
97,78,1.0095,-0.0147937,0.0162687
97,79,1.00964,-0.0164953,0.0159108
97,80,1.00979,-0.0181712,0.0155059
97,81,1.00995,-0.019816,0.0150543
97,82,1.01013,-0.0214238,0.0145564
97,83,1.01032,-0.0229888,0.0140131
97,84,1.01053,-0.024505,0.0134254
97,85,1.01076,-0.0259664,0.0127947
97,86,1.01101,-0.0273667,0.0121229
97,87,1.01129,-0.0286999,0.0114123
97,88,1.01159,-0.0299599,0.0106655
97,89,1.01191,-0.0311406,0.0098857
97,90,1.01225,-0.0322361,0.00907664
97,91,1.01263,-0.0332409,0.0082424
97,92,1.01302,-0.0341496,0.00738763
97,93,1.01343,-0.0349571,0.0065173
97,94,1.01387,-0.0356588,0.00563692
97,95,1.01432,-0.0362504,0.00475217
97,96,1.01479,-0.0367283,0.00386922
97,97,1.01527,-0.0370893,0.00299418
97,98,1.01577,-0.037331,0.00213357
97,99,1.01627,-0.0374516,0.00129359
97,100,1.01677,-0.0374503,0.000480701
97,101,1.01727,-0.0373269,-0.000299193
97,102,1.01777,-0.0370823,-0.00104005
97,103,1.01827,-0.0367182,-0.0017367
97,104,1.01875,-0.0362376,-0.00238388
97,105,1.01923,-0.0356444,-0.00297744
97,106,1.01969,-0.0349439,-0.0035132
97,107,1.02014,-0.0341428,-0.00398828
97,108,1.02057,-0.0332498,-0.00439973
97,109,1.02098,-0.032276,-0.00474608
97,110,1.02137,-0.0312357,-0.00502576
97,111,1.02174,-0.0301473,-0.00523875
97,112,1.0221,-0.0290338,-0.00538492
97,113,1.02243,-0.0279227,-0.00546574
97,114,1.02274,-0.0268436,-0.0054825
97,115,1.02304,-0.0258234,-0.00543812
97,116,1.02332,-0.0248772,-0.00533511
97,117,1.02358,-0.0239946,-0.00517726
97,118,1.02382,-0.0231234,-0.00496723
97,119,1.02406,-0.0221552,-0.0047077
97,120,1.02427,-0.0209199,-0.00439821
97,121,1.02448,-0.0192036,-0.0040355
97,122,1.02468,-0.0168003,-0.00360969
97,123,1.02486,-0.0136022,-0.00310335
97,124,1.02504,-0.0097096,-0.00248323
97,125,1.02521,-0.00549926,-0.00169522
97,126,1.02538,-0.00152912,-0.000651397
97,127,1,-0.00343474,0
98,0,1,0,0
98,1,0.967388,0.000769302,-0.000707362
98,2,0.967639,0.00201175,-0.00182501
98,3,0.967942,0.00365423,-0.00263756
98,4,0.968289,0.0053615,-0.00329343
98,5,0.968681,0.00679215,-0.003867
98,6,0.969118,0.0077974,-0.00439402
98,7,0.969597,0.00840087,-0.00489055
98,8,0.970118,0.00871995,-0.00536212
98,9,0.97068,0.00889592,-0.00580864
98,10,0.971282,0.00905187,-0.00622812
98,11,0.971923,0.00927535,-0.00661739
98,12,0.972602,0.00961694,-0.00697341
98,13,0.973317,0.0100967,-0.007293
98,14,0.974067,0.0107134,-0.00757351
98,15,0.974851,0.0114526,-0.00781235
98,16,0.975667,0.0122937,-0.00800756
98,17,0.976512,0.0132143,-0.00815731
98,18,0.977385,0.0141928,-0.00826038
98,19,0.978283,0.0152101,-0.00831568
98,20,0.979204,0.0162496,-0.00832266
98,21,0.980144,0.0172975,-0.00828083
98,22,0.9811,0.0183421,-0.00819014
98,23,0.982071,0.0193739,-0.00805055
98,24,0.983051,0.0203844,-0.00786238
98,25,0.984038,0.0213664,-0.00762592
98,26,0.985029,0.0223136,-0.0073418
98,27,0.98602,0.0232203,-0.00701067
98,28,0.987007,0.024081,-0.00663345
98,29,0.987987,0.0248912,-0.00621119
98,30,0.988958,0.0256463,-0.00574519
98,31,0.989915,0.0263424,-0.00523692
98,32,0.990857,0.0269759,-0.00468814
98,33,0.991781,0.0275436,-0.00410078
98,34,0.992684,0.0280425,-0.00347706
98,35,0.993565,0.0284704,-0.00281937
98,36,0.994421,0.0288251,-0.00213037
98,37,0.995252,0.0291048,-0.00141287
98,38,0.996057,0.0293083,-0.0006699
98,39,0.996834,0.0294345,9.53985e-05
98,40,0.997583,0.0294827,0.000879715
98,41,0.998304,0.0294525,0.00167969
98,42,0.998997,0.0293437,0.00249184
98,43,0.999661,0.0291565,0.00331269
98,44,1.0003,0.0288913,0.00413871
98,45,1.00091,0.0285485,0.00496644
98,46,1.00149,0.0281291,0.00579239
98,47,1.00205,0.027634,0.00661318
98,48,1.00258,0.0270645,0.00742548
98,49,1.00308,0.0264218,0.00822611
98,50,1.00356,0.0257077,0.00901193
98,51,1.00402,0.0249237,0.00978
98,52,1.00445,0.0240717,0.0105275
98,53,1.00486,0.0231537,0.0112517
98,54,1.00525,0.0221718,0.0119502
98,55,1.00562,0.0211281,0.0126206
98,56,1.00597,0.0200249,0.0132608
98,57,1.0063,0.0188647,0.0138687
98,58,1.00661,0.0176498,0.0144426
98,59,1.0069,0.0163827,0.0149808
98,60,1.00718,0.0150661,0.015482
98,61,1.00743,0.0137024,0.0159447
98,62,1.00767,0.0122945,0.016368
98,63,1.0079,0.0108449,0.0167508
98,64,1.0081,0.00935634,0.0170922
98,65,1.00829,0.0078317,0.0173915
98,66,1.00847,0.00627375,0.0176481
98,67,1.00864,0.00468539,0.0178613
98,68,1.00879,0.00306957,0.0180305
98,69,1.00893,0.00142933,0.0181553
98,70,1.00905,-0.000232191,0.0182351
98,71,1.00917,-0.00191172,0.0182694
98,72,1.00928,-0.00360586,0.0182578
98,73,1.00939,-0.00531102,0.0181996
98,74,1.00949,-0.00702344,0.0180944
98,75,1.00959,-0.00873912,0.0179418
98,76,1.00969,-0.0104539,0.0177412
98,77,1.00979,-0.0121631,0.0174924
98,78,1.0099,-0.0138622,0.0171948
98,79,1.01002,-0.0155461,0.0168485
98,80,1.01014,-0.0172094,0.0164533
98,81,1.01028,-0.0188466,0.0160095
98,82,1.01043,-0.0204519,0.0155174
98,83,1.0106,-0.0220191,0.0149777
98,84,1.01078,-0.023542,0.0143915
98,85,1.01099,-0.0250141,0.0137601
98,86,1.01122,-0.026429,0.0130853
98,87,1.01147,-0.0277802,0.0123694
98,88,1.01175,-0.029061,0.011615
98,89,1.01206,-0.0302651,0.0108253
98,90,1.01238,-0.0313862,0.0100039
98,91,1.01274,-0.0324182,0.00915498
98,92,1.01311,-0.0333556,0.00828321
98,93,1.01351,-0.0341929,0.00739358
98,94,1.01393,-0.0349252,0.00649167
98,95,1.01437,-0.0355482,0.00558322
98,96,1.01483,-0.0360578,0.00467451
98,97,1.0153,-0.0364509,0.00377175
98,98,1.01578,-0.0367248,0.00288162
98,99,1.01627,-0.0368777,0.00201045
98,100,1.01676,-0.0369083,0.00116495
98,101,1.01726,-0.0368164,0.000351175
98,102,1.01775,-0.0366024,-0.000424569
98,103,1.01823,-0.0362679,-0.0011569
98,104,1.01871,-0.0358154,-0.00184025
98,105,1.01918,-0.0352484,-0.00247027
98,106,1.01963,-0.0345718,-0.00304246
98,107,1.02007,-0.033792,-0.00355372
98,108,1.02049,-0.0329173,-0.00400081
98,109,1.0209,-0.0319584,-0.00438209
98,110,1.02128,-0.0309293,-0.00469568
98,111,1.02164,-0.0298484,-0.00494147
98,112,1.02199,-0.0287387,-0.00511908
98,113,1.02231,-0.0276275,-0.00522999
98,114,1.02262,-0.026545,-0.00527531
98,115,1.02291,-0.0255183,-0.00525805
98,116,1.02318,-0.0245633,-0.00518062
98,117,1.02343,-0.0236707,-0.00504689
98,118,1.02367,-0.02279,-0.00485929
98,119,1.02389,-0.0218151,-0.00462025
98,120,1.0241,-0.02058,-0.00432857
98,121,1.0243,-0.018876,-0.00398019
98,122,1.02448,-0.0165044,-0.00356387
98,123,1.02465,-0.0133679,-0.00306143
98,124,1.02481,-0.00958369,-0.00244338
98,125,1.02497,-0.00555734,-0.00166114
98,126,1.02512,-0.00189475,-0.000624454
98,127,1,-0.00343474,0
99,0,1,0,0
99,1,0.967421,-4.1737e-05,-0.000686698
99,2,0.967658,0.000818306,-0.00177095
99,3,0.96794,0.00225566,-0.00259453
99,4,0.968272,0.00385589,-0.0032721
99,5,0.968652,0.00523059,-0.00386805
99,6,0.969081,0.00620514,-0.00441662
99,7,0.969556,0.00678964,-0.00493294
99,8,0.970076,0.00709503,-0.00542309
99,9,0.970641,0.00725996,-0.00588781
99,10,0.971248,0.00740691,-0.00632559
99,11,0.971897,0.00762363,-0.00673343
99,12,0.972585,0.00796121,-0.00710829
99,13,0.973312,0.00844027,-0.00744674
99,14,0.974076,0.00905993,-0.00774589
99,15,0.974875,0.00980624,-0.00800282
99,16,0.975706,0.0106588,-0.00821528
99,17,0.976569,0.0115954,-0.00838116
99,18,0.97746,0.0125945,-0.00849903
99,19,0.978376,0.0136369,-0.00856756
99,20,0.979316,0.0147059,-0.00858607
99,21,0.980276,0.0157873,-0.00855393
99,22,0.981252,0.0168693,-0.008471
99,23,0.982242,0.0179414,-0.00833716
99,24,0.983243,0.018995,-0.00815269
99,25,0.98425,0.0200221,-0.00791786
99,26,0.98526,0.0210158,-0.00763332
99,27,0.98627,0.0219696,-0.00729971
99,28,0.987276,0.0228777,-0.00691802
99,29,0.988275,0.0237347,-0.0064893
99,30,0.989264,0.0245356,-0.00601496
99,31,0.990239,0.0252759,-0.00549651
99,32,0.991198,0.0259516,-0.00493582
99,33,0.992139,0.0265591,-0.00433486
99,34,0.993058,0.0270953,-0.00369598
99,35,0.993954,0.0275575,-0.00302163
99,36,0.994826,0.0279436,-0.00231459
99,37,0.995672,0.0282519,-0.00157773
99,38,0.996491,0.028481,-0.000814181
99,39,0.997282,0.0286302,-2.71632e-05
99,40,0.998045,0.0286989,0.000779926
99,41,0.99878,0.0286869,0.00160365
99,42,0.999486,0.0285944,0.00244046
99,43,1.00016,0.028422,0.00328682
99,44,1.00081,0.0281702,0.00413912
99,45,1.00144,0.0278401,0.00499384
99,46,1.00203,0.0274328,0.00584743
99,47,1.0026,0.0269496,0.00669647
99,48,1.00314,0.026392,0.00753757
99,49,1.00366,0.0257617,0.00836746
99,50,1.00415,0.0250604,0.009183
99,51,1.00461,0.0242899,0.00998116
99,52,1.00506,0.0234523,0.0107591
99,53,1.00548,0.0225495,0.011514
99,54,1.00588,0.0215837,0.0122433
99,55,1.00625,0.020557,0.0129447
99,56,1.00661,0.0194718,0.013616
99,57,1.00694,0.0183303,0.014255
99,58,1.00725,0.0171349,0.0148599
99,59,1.00755,0.0158881,0.015429
99,60,1.00782,0.0145923,0.0159608
99,61,1.00807,0.0132502,0.0164539
99,62,1.00831,0.0118644,0.0169071
99,63,1.00853,0.0104377,0.0173194
99,64,1.00873,0.00897277,0.0176898
99,65,1.00891,0.00747261,0.0180174
99,66,1.00908,0.00594024,0.0183015
99,67,1.00923,0.00437877,0.0185414
99,68,1.00937,0.00279145,0.0187364
99,69,1.0095,0.00118169,0.018886
99,70,1.00961,-0.000447003,0.0189896
99,71,1.00971,-0.00209092,0.0190464
99,72,1.00981,-0.00374622,0.0190561
99,73,1.00989,-0.00540885,0.0190179
99,74,1.00997,-0.00707462,0.0189313
99,75,1.01005,-0.00873911,0.0187957
99,76,1.01013,-0.0103977,0.0186106
99,77,1.0102,-0.0120457,0.0183755
99,78,1.01029,-0.013678,0.0180901
99,79,1.01037,-0.0152895,0.0177541
99,80,1.01047,-0.016875,0.0173673
99,81,1.01058,-0.0184288,0.01693
99,82,1.0107,-0.0199454,0.0164424
99,83,1.01084,-0.0214191,0.0159052
99,84,1.01099,-0.022844,0.0153194
99,85,1.01117,-0.0242145,0.0146862
99,86,1.01136,-0.0255246,0.0140075
99,87,1.01158,-0.0267686,0.0132854
99,88,1.01183,-0.0279408,0.0125226
99,89,1.0121,-0.0290358,0.0117222
99,90,1.01239,-0.0300482,0.010888
99,91,1.01271,-0.0309729,0.0100239
99,92,1.01305,-0.0318053,0.00913485
99,93,1.01342,-0.032541,0.00822575
99,94,1.01381,-0.0331758,0.00730227
99,95,1.01422,-0.0337063,0.00637024
99,96,1.01465,-0.0341294,0.00543603
99,97,1.0151,-0.0344425,0.00450598
99,98,1.01555,-0.0346436,0.0035869
99,99,1.01602,-0.0347314,0.00268529
99,100,1.01649,-0.0347052,0.00180804
99,101,1.01697,-0.034565,0.000961386
99,102,1.01744,-0.0343119,0.000151893
99,103,1.01792,-0.0339473,-0.00061487
99,104,1.01838,-0.0334741,-0.00133304
99,105,1.01884,-0.0328959,-0.00199808
99,106,1.01929,-0.0322174,-0.00260515
99,107,1.01972,-0.031445,-0.00315099
99,108,1.02014,-0.0305866,-0.00363203
99,109,1.02054,-0.0296527,-0.00404647
99,110,1.02093,-0.0286567,-0.00439216
99,111,1.02129,-0.0276162,-0.00466888
99,112,1.02164,-0.0265533,-0.00487602
99,113,1.02196,-0.0254943,-0.00501505
99,114,1.02227,-0.0244679,-0.00508695
99,115,1.02256,-0.0235,-0.0050948
99,116,1.02283,-0.022605,-0.00504096
99,117,1.02309,-0.0217728,-0.00492943
99,118,1.02333,-0.0209527,-0.00476244
99,119,1.02355,-0.0200396,-0.0045423
99,120,1.02376,-0.0188702,-0.0042671
99,121,1.02395,-0.0172405,-0.00393188
99,122,1.02414,-0.014958,-0.0035243
99,123,1.02431,-0.0119337,-0.00302613
99,124,1.02447,-0.00829633,-0.0024072
99,125,1.02462,-0.00447271,-0.00162566
99,126,1.02477,-0.00110967,-0.000616805
99,127,1,-0.00343474,0
100,0,1,0,0
100,1,0.967546,0.000285225,-0.000650511
100,2,0.967758,0.000810602,-0.00172431
100,3,0.968025,0.00206758,-0.00255456
100,4,0.968345,0.00357181,-0.00325131
100,5,0.968715,0.0048979,-0.00386968
100,6,0.969135,0.00585053,-0.0044388
100,7,0.969604,0.00642754,-0.00497392
100,8,0.97012,0.00673233,-0.00548203
100,9,0.970683,0.00689888,-0.00596441
100,10,0.971291,0.00704675,-0.00642009
100,11,0.971942,0.00726191,-0.00684619
100,12,0.972635,0.00759437,-0.00723961
100,13,0.973368,0.00806416,-0.00759668
100,14,0.974141,0.00867016,-0.00791425
100,15,0.974949,0.00939841,-0.00818904
100,16,0.975792,0.0102287,-0.00841857
100,17,0.976666,0.0111392,-0.00860038
100,18,0.97757,0.0121087,-0.00873287
100,19,0.9785,0.0131186,-0.0088145
100,20,0.979453,0.0141526,-0.00884446
100,21,0.980427,0.0151971,-0.00882196
100,22,0.981417,0.0162408,-0.00874682
100,23,0.982421,0.0172739,-0.00861881
100,24,0.983435,0.0182882,-0.00843822
100,25,0.984455,0.0192764,-0.00820528
100,26,0.985479,0.0202322,-0.00792064
100,27,0.986501,0.0211497,-0.00758496
100,28,0.98752,0.0220236,-0.00719928
100,29,0.988531,0.0228491,-0.00676469
100,30,0.989532,0.0236218,-0.00628266
100,31,0.99052,0.0243377,-0.00575475
100,32,0.991491,0.0249931,-0.00518292
100,33,0.992444,0.0255848,-0.00456921
100,34,0.993376,0.02611,-0.00391605
100,35,0.994285,0.0265663,-0.00322597
100,36,0.99517,0.0269515,-0.00250182
100,37,0.996029,0.0272641,-0.00174656
100,38,0.996862,0.0275026,-0.000963407
100,39,0.997668,0.0276661,-0.000155634
100,40,0.998445,0.0277538,0.000673275
100,41,0.999195,0.0277654,0.00151983
100,42,0.999916,0.0277007,0.00238039
100,43,1.00061,0.0275599,0.00325138
100,44,1.00127,0.0273432,0.00412912
100,45,1.00191,0.0270514,0.00501003
100,46,1.00252,0.0266851,0.00589051
100,47,1.0031,0.0262455,0.00676708
100,48,1.00366,0.0257336,0.00763629
100,49,1.00419,0.0251508,0.00849484
100,50,1.00469,0.0244987,0.00933949
100,51,1.00517,0.0237788,0.0101672
100,52,1.00562,0.022993,0.010975
100,53,1.00605,0.0221432,0.0117601
100,54,1.00646,0.0212312,0.0125198
100,55,1.00684,0.0202594,0.0132518
100,56,1.0072,0.0192298,0.0139536
100,57,1.00753,0.0181447,0.0146233
100,58,1.00785,0.0170064,0.0152588
100,59,1.00814,0.0158173,0.0158583
100,60,1.00841,0.01458,0.0164202
100,61,1.00866,0.0132968,0.0169432
100,62,1.00889,0.0119702,0.0174258
100,63,1.0091,0.010603,0.017867
100,64,1.00929,0.00919769,0.0182657
100,65,1.00946,0.00775696,0.0186209
100,66,1.00962,0.00628358,0.0189318
100,67,1.00976,0.00478036,0.0191976
100,68,1.00988,0.00325021,0.0194176
100,69,1.00998,0.00169612,0.019591
100,70,1.01008,0.00012123,0.0197172
100,71,1.01016,-0.0014712,0.0197955
100,72,1.01023,-0.00307774,0.0198252
100,73,1.01029,-0.00469479,0.0198057
100,74,1.01035,-0.00631852,0.0197362
100,75,1.0104,-0.00794491,0.0196161
100,76,1.01045,-0.00956968,0.0194448
100,77,1.0105,-0.0111883,0.0192219
100,78,1.01055,-0.012796,0.0189467
100,79,1.01061,-0.0143877,0.0186191
100,80,1.01068,-0.0159581,0.0182389
100,81,1.01076,-0.0175017,0.0178061
100,82,1.01086,-0.0190128,0.0173211
100,83,1.01097,-0.0204854,0.0167844
100,84,1.0111,-0.0219135,0.016197
100,85,1.01125,-0.023291,0.0155602
100,86,1.01142,-0.0246117,0.0148758
100,87,1.01162,-0.0258694,0.014146
100,88,1.01184,-0.0270582,0.0133734
100,89,1.01209,-0.0281721,0.0125611
100,90,1.01236,-0.0292056,0.011713
100,91,1.01266,-0.0301533,0.0108332
100,92,1.01299,-0.0310101,0.00992637
100,93,1.01334,-0.0317716,0.00899769
100,94,1.01371,-0.0324334,0.00805285
100,95,1.01411,-0.0329919,0.00709776
100,96,1.01452,-0.0334438,0.00613891
100,97,1.01495,-0.0337866,0.00518271
100,98,1.0154,-0.0340181,0.00423615
100,99,1.01585,-0.0341368,0.0033058
100,100,1.01632,-0.0341419,0.00239877
100,101,1.01678,-0.0340334,0.00152141
100,102,1.01725,-0.0338117,0.000680529
100,103,1.01772,-0.0334783,-0.000118163
100,104,1.01818,-0.0330356,-0.000868535
100,105,1.01863,-0.0324867,-0.00156589
100,106,1.01907,-0.0318361,-0.00220511
100,107,1.0195,-0.0310896,-0.00278278
100,108,1.01991,-0.0302548,-0.00329504
100,109,1.0203,-0.0293417,-0.00373997
100,110,1.02068,-0.0283636,-0.00411514
100,111,1.02104,-0.0273375,-0.00442028
100,112,1.02138,-0.0262855,-0.00465452
100,113,1.0217,-0.0252339,-0.00481938
100,114,1.02201,-0.0242114,-0.00491565
100,115,1.02229,-0.0232442,-0.00494657
100,116,1.02256,-0.0223474,-0.00491435
100,117,1.02281,-0.0215119,-0.00482315
100,118,1.02304,-0.0206891,-0.00467497
100,119,1.02325,-0.0197769,-0.00447197
100,120,1.02345,-0.0186165,-0.00421154
100,121,1.02364,-0.0170098,-0.00388804
100,122,1.02381,-0.0147718,-0.00348778
100,123,1.02397,-0.0118214,-0.00299165
100,124,1.02411,-0.00829785,-0.00237277
100,125,1.02425,-0.00464547,-0.00159458
100,126,1.02437,-0.00154776,-0.000590719
100,127,1,-0.00343474,0
101,0,1,0,0
101,1,0.967777,-0.000513286,-0.000632198
101,2,0.967974,-0.000284929,-0.00167395
101,3,0.968219,0.000802028,-0.00251523
101,4,0.96852,0.00220554,-0.00323274
101,5,0.968874,0.00346979,-0.00387217
101,6,0.969281,0.00438247,-0.00446161
101,7,0.96974,0.00493144,-0.00501549
101,8,0.970249,0.00521435,-0.00554135
101,9,0.970806,0.00536221,-0.00604121
101,10,0.971411,0.00549329,-0.00651462
101,11,0.972061,0.00569325,-0.00695877
101,12,0.972755,0.00601228,-0.0073706
101,13,0.973491,0.00647081,-0.00774612
101,14,0.974267,0.00706821,-0.00808198
101,15,0.975081,0.00779102,-0.00837453
101,16,0.97593,0.00861952,-0.00862104
101,17,0.976812,0.00953213,-0.00881876
101,18,0.977724,0.0105081,-0.0089659
101,19,0.978664,0.0115288,-0.00906067
101,20,0.979628,0.012578,-0.00910217
101,21,0.980613,0.0136419,-0.00908945
101,22,0.981615,0.0147089,-0.00902227
101,23,0.982632,0.015769,-0.00890032
101,24,0.983659,0.0168133,-0.00872387
101,25,0.984693,0.0178342,-0.00849311
101,26,0.985731,0.0188245,-0.00820873
101,27,0.986768,0.019778,-0.00787136
101,28,0.987801,0.0206887,-0.00748213
101,29,0.988827,0.0215512,-0.00704212
101,30,0.989842,0.0223605,-0.00655291
101,31,0.990845,0.0231121,-0.00601609
101,32,0.99183,0.023802,-0.0054337
101,33,0.992797,0.0244266,-0.00480785
101,34,0.993744,0.0249827,-0.00414105
101,35,0.994667,0.0254677,-0.00343589
101,36,0.995565,0.0258794,-0.00269533
101,37,0.996438,0.0262161,-0.00192237
101,38,0.997284,0.0264764,-0.00112032
101,39,0.998103,0.0266594,-0.000292511
101,40,0.998893,0.0267646,0.000557489
101,41,0.999654,0.0267918,0.00142614
101,42,1.00039,0.0267411,0.00230974
101,43,1.00109,0.0266129,0.00320464
101,44,1.00177,0.026408,0.00410712
101,45,1.00241,0.0261271,0.00501354
101,46,1.00303,0.0257715,0.00592025
101,47,1.00363,0.0253424,0.0068237
101,48,1.00419,0.0248412,0.0077204
101,49,1.00473,0.0242695,0.00860698
101,50,1.00524,0.023629,0.00948015
101,51,1.00572,0.0229215,0.0103368
101,52,1.00618,0.022149,0.0111739
101,53,1.00662,0.0213133,0.0119886
101,54,1.00703,0.0204166,0.0127782
101,55,1.00741,0.0194609,0.0135401
101,56,1.00777,0.0184485,0.014272
101,57,1.00811,0.0173816,0.0149716
101,58,1.00842,0.0162625,0.015637
101,59,1.00871,0.0150936,0.0162662
101,60,1.00898,0.0138774,0.0168575
101,61,1.00922,0.0126163,0.0174095
101,62,1.00945,0.0113129,0.0179206
101,63,1.00965,0.00996985,0.0183897
101,64,1.00983,0.00859001,0.0188156
101,65,1.00999,0.0071762,0.0191972
101,66,1.01013,0.00573139,0.0195336
101,67,1.01025,0.00425868,0.019824
101,68,1.01036,0.0027613,0.0200675
101,69,1.01045,0.00124264,0.0202632
101,70,1.01052,-0.00029379,0.0204105
101,71,1.01058,-0.00184429,0.0205085
101,72,1.01063,-0.003405,0.0205565
101,73,1.01067,-0.00497188,0.0205537
101,74,1.01071,-0.00654072,0.0204994
101,75,1.01073,-0.0081071,0.0203929
101,76,1.01076,-0.00966645,0.0202335
101,77,1.01078,-0.011214,0.0200206
101,78,1.01081,-0.0127449,0.0197538
101,79,1.01084,-0.0142539,0.0194327
101,80,1.01088,-0.0157359,0.0190571
101,81,1.01092,-0.0171856,0.018627
101,82,1.01099,-0.0185975,0.0181427
101,83,1.01106,-0.0199662,0.0176049
101,84,1.01116,-0.0212862,0.0170144
101,85,1.01128,-0.0225521,0.0163726
101,86,1.01141,-0.0237583,0.0156813
101,87,1.01158,-0.0248998,0.0149426
101,88,1.01176,-0.0259713,0.0141592
101,89,1.01198,-0.0269681,0.0133344
101,90,1.01222,-0.0278853,0.012472
101,91,1.01248,-0.0287187,0.011576
101,92,1.01278,-0.0294643,0.0106514
101,93,1.0131,-0.0301184,0.00970326
101,94,1.01344,-0.0306777,0.00873746
101,95,1.01381,-0.0311394,0.00775993
101,96,1.01419,-0.0315011,0.00677729
101,97,1.0146,-0.0317608,0.00579602
101,98,1.01502,-0.031917,0.00482326
101,99,1.01545,-0.0319689,0.00386568
101,100,1.0159,-0.031916,0.00293057
101,101,1.01635,-0.0317586,0.00202438
101,102,1.0168,-0.0314976,0.00115415
101,103,1.01725,-0.0311346,0.000325702
101,104,1.0177,-0.030672,-0.000454574
101,105,1.01815,-0.0301131,-0.00118186
101,106,1.01858,-0.0294623,-0.00185074
101,107,1.01901,-0.0287251,-0.00245771
101,108,1.01942,-0.0279089,-0.00299859
101,109,1.01981,-0.0270232,-0.00347138
101,110,1.02019,-0.0260807,-0.00387336
101,111,1.02056,-0.0250979,-0.00420424
101,112,1.0209,-0.0240955,-0.0044629
101,113,1.02123,-0.0230989,-0.00465089
101,114,1.02153,-0.0221353,-0.00476885
101,115,1.02182,-0.0212296,-0.00482018
101,116,1.02209,-0.0203956,-0.00480699
101,117,1.02234,-0.0196234,-0.00473363
101,118,1.02258,-0.0188643,-0.00460192
101,119,1.02279,-0.0180178,-0.00441399
101,120,1.02299,-0.0169285,-0.00416655
101,121,1.02318,-0.0154034,-0.00385323
101,122,1.02335,-0.0132636,-0.00345926
101,123,1.02351,-0.0104341,-0.00296539
101,124,1.02365,-0.00705995,-0.00234363
101,125,1.02378,-0.00359572,-0.00156341
101,126,1.02391,-0.000753169,-0.000583916
101,127,1,-0.00343474,0
102,0,1,0,0
102,1,0.968078,-7.60326e-05,-0.000597836
102,2,0.968248,-9.82899e-05,-0.0016328
102,3,0.968478,0.000843887,-0.00248137
102,4,0.968764,0.00216044,-0.00321736
102,5,0.969105,0.00337411,-0.00387831
102,6,0.9695,0.00426015,-0.00448753
102,7,0.969948,0.00479749,-0.00505965
102,8,0.970447,0.00507704,-0.00560306
102,9,0.970997,0.00522486,-0.00612032
102,10,0.971595,0.00535581,-0.00661145
102,11,0.972241,0.00555327,-0.00707371
102,12,0.972932,0.005866,-0.00750398
102,13,0.973667,0.00631365,-0.007898
102,14,0.974443,0.00689524,-0.00825216
102,15,0.975258,0.00759729,-0.00856245
102,16,0.97611,0.00840025,-0.0088259
102,17,0.976997,0.00928289,-0.00903944
102,18,0.977914,0.0102249,-0.00920113
102,19,0.97886,0.0112081,-0.00930895
102,20,0.97983,0.0122169,-0.00936191
102,21,0.980822,0.0132381,-0.0093589
102,22,0.981833,0.0142605,-0.00929967
102,23,0.982857,0.0152748,-0.00918379
102,24,0.983893,0.0162726,-0.00901156
102,25,0.984935,0.017247,-0.00878311
102,26,0.985982,0.0181915,-0.00849919
102,27,0.987028,0.0191004,-0.00816042
102,28,0.98807,0.0199683,-0.00776798
102,29,0.989105,0.0207904,-0.00732299
102,30,0.99013,0.0215624,-0.0068271
102,31,0.991142,0.0222803,-0.00628192
102,32,0.992138,0.0229404,-0.0056896
102,33,0.993115,0.0235395,-0.00505229
102,34,0.994072,0.024075,-0.00437258
102,35,0.995006,0.0245443,-0.00365312
102,36,0.995916,0.0249454,-0.00289695
102,37,0.996801,0.0252768,-0.00210713
102,38,0.997658,0.0255369,-0.00128703
102,39,0.998489,0.025725,-0.000440048
102,40,0.999292,0.0258403,0.000430185
102,41,1.00007,0.0258824,0.00132008
102,42,1.00081,0.0258511,0.00222587
102,43,1.00153,0.0257468,0.00314386
102,44,1.00222,0.0255696,0.00407026
102,45,1.00288,0.0253202,0.0050014
102,46,1.00351,0.0249994,0.00593354
102,47,1.00411,0.0246081,0.00686312
102,48,1.00468,0.0241475,0.00778655
102,49,1.00523,0.0236189,0.00870043
102,50,1.00575,0.0230238,0.0096014
102,51,1.00624,0.0223636,0.0104863
102,52,1.00671,0.0216402,0.0113519
102,53,1.00714,0.0208553,0.0121955
102,54,1.00756,0.0200108,0.0130141
102,55,1.00794,0.0191087,0.0138053
102,56,1.0083,0.0181512,0.0145664
102,57,1.00864,0.0171404,0.0152952
102,58,1.00895,0.0160784,0.0159895
102,59,1.00923,0.0149675,0.0166475
102,60,1.00949,0.0138101,0.0172673
102,61,1.00973,0.0126086,0.0178472
102,62,1.00994,0.0113653,0.0183857
102,63,1.01013,0.0100828,0.0188816
102,64,1.0103,0.00876356,0.0193334
102,65,1.01045,0.0074102,0.0197401
102,66,1.01057,0.00602541,0.0201007
102,67,1.01068,0.00461196,0.0204141
102,68,1.01076,0.00317271,0.0206795
102,69,1.01083,0.00171065,0.0208958
102,70,1.01088,0.000228912,0.0210623
102,71,1.01092,-0.00126923,0.0211781
102,72,1.01094,-0.00278034,0.0212424
102,73,1.01096,-0.00430075,0.0212543
102,74,1.01096,-0.00582663,0.021213
102,75,1.01096,-0.0073539,0.0211177
102,76,1.01095,-0.00887827,0.0209678
102,77,1.01095,-0.0103952,0.0207627
102,78,1.01095,-0.0118999,0.0205017
102,79,1.01095,-0.0133874,0.0201845
102,80,1.01096,-0.0148525,0.019811
102,81,1.01098,-0.0162898,0.0193811
102,82,1.01101,-0.0176937,0.0188952
102,83,1.01106,-0.0190586,0.0183538
102,84,1.01113,-0.0203788,0.017758
102,85,1.01122,-0.0216485,0.0171091
102,86,1.01133,-0.0228621,0.0164089
102,87,1.01147,-0.0240139,0.0156597
102,88,1.01163,-0.0250985,0.0148642
102,89,1.01182,-0.0261107,0.0140257
102,90,1.01204,-0.0270456,0.0131481
102,91,1.01229,-0.0278987,0.0122356
102,92,1.01256,-0.0286657,0.0112931
102,93,1.01286,-0.0293428,0.0103259
102,94,1.01319,-0.0299266,0.00933982
102,95,1.01354,-0.0304142,0.00834097
102,96,1.01391,-0.030803,0.00733604
102,97,1.01431,-0.0310911,0.00633158
102,98,1.01472,-0.031277,0.00533484
102,99,1.01514,-0.0313596,0.00435257
102,100,1.01557,-0.0313385,0.0033922
102,101,1.01601,-0.0312136,0.00246025
102,102,1.01646,-0.0309857,0.00156394
102,103,1.0169,-0.0306561,0.000709173
102,104,1.01735,-0.0302268,-9.74481e-05
102,105,1.01779,-0.0297009,-0.000851034
102,106,1.01822,-0.029082,-0.00154591
102,107,1.01864,-0.0283756,-0.00217851
102,108,1.01904,-0.0275883,-0.00274437
102,109,1.01944,-0.0267294,-0.00324147
102,110,1.01981,-0.025811,-0.0036668
102,111,1.02017,-0.0248493,-0.00402008
102,112,1.02051,-0.0238648,-0.00429994
102,113,1.02084,-0.0228826,-0.00450803
102,114,1.02114,-0.0219299,-0.00464479
102,115,1.02143,-0.0210318,-0.00471381
102,116,1.02169,-0.0202024,-0.00471706
102,117,1.02194,-0.0194332,-0.0046591
102,118,1.02217,-0.0186776,-0.00454151
102,119,1.02238,-0.0178387,-0.00436639
102,120,1.02258,-0.0167662,-0.0041298
102,121,1.02275,-0.0152738,-0.00382484
102,122,1.02291,-0.01319,-0.00343542
102,123,1.02306,-0.0104462,-0.00294143
102,124,1.02319,-0.00719174,-0.0023176
102,125,1.0233,-0.00388752,-0.00153804
102,126,1.0234,-0.00126724,-0.00056002
102,127,1,-0.00343474,0
103,0,1,0,0
103,1,0.968465,-0.000863345,-0.000583274
103,2,0.968622,-0.00110195,-0.00158953
103,3,0.96883,-0.000297249,-0.00244988
103,4,0.969096,0.000924777,-0.00320627
103,5,0.969419,0.00207186,-0.00388766
103,6,0.969798,0.00291027,-0.00451678
103,7,0.970233,0.00341209,-0.00510746
103,8,0.970721,0.00366307,-0.00566862
103,9,0.971261,0.00378588,-0.00620346
103,10,0.971851,0.0038934,-0.00671247
103,11,0.97249,0.00406817,-0.00719294
103,12,0.973176,0.00435879,-0.00764177
103,13,0.973907,0.00478517,-0.00805436
103,14,0.97468,0.00534685,-0.0084269
103,15,0.975494,0.00603097,-0.008755
103,16,0.976345,0.00681865,-0.00903548
103,17,0.977232,0.00768925,-0.00926495
103,18,0.978151,0.00862294,-0.00944131
103,19,0.979099,0.0096019,-0.00956232
103,20,0.980074,0.0106107,-0.0096269
103,21,0.98107,0.0116361,-0.00963379
103,22,0.982086,0.0126668,-0.0095827
103,23,0.983118,0.0136933,-0.00947313
103,24,0.984161,0.0147069,-0.00930538
103,25,0.985212,0.0157,-0.00907954
103,26,0.986267,0.0166659,-0.00879641
103,27,0.987323,0.0175981,-0.00845658
103,28,0.988375,0.0184909,-0.00806132
103,29,0.989421,0.0193389,-0.00761175
103,30,0.990458,0.0201371,-0.00710962
103,31,0.991481,0.0208812,-0.00655656
103,32,0.992488,0.021567,-0.00595481
103,33,0.993478,0.022191,-0.00530656
103,34,0.994446,0.0227501,-0.00461451
103,35,0.995392,0.0232417,-0.00388133
103,36,0.996314,0.0236635,-0.00311015
103,37,0.99721,0.0240138,-0.00230408
103,38,0.998079,0.0242913,-0.00146659
103,39,0.998921,0.024495,-0.000601084
103,40,0.999734,0.0246244,0.00028871
103,41,1.00052,0.0246792,0.00119917
103,42,1.00127,0.0246595,0.00212645
103,43,1.002,0.0245658,0.00306683
103,44,1.0027,0.0243985,0.00401645
103,45,1.00336,0.0241586,0.00497159
103,46,1.004,0.0238472,0.00592846
103,47,1.00461,0.0234653,0.00688343
103,48,1.00519,0.0230145,0.00783285
103,49,1.00574,0.0224961,0.00877328
103,50,1.00627,0.021912,0.00970126
103,51,1.00676,0.0212637,0.0106136
103,52,1.00723,0.0205531,0.011507
103,53,1.00767,0.0197821,0.0123785
103,54,1.00808,0.0189527,0.0132253
103,55,1.00846,0.0180669,0.0140447
103,56,1.00882,0.0171269,0.0148339
103,57,1.00915,0.0161348,0.0155908
103,58,1.00946,0.0150928,0.016313
103,59,1.00974,0.0140033,0.0169985
103,60,1.00999,0.0128686,0.0176453
103,61,1.01022,0.0116911,0.0182517
103,62,1.01042,0.0104734,0.0188161
103,63,1.0106,0.00921811,0.019337
103,64,1.01075,0.00792791,0.019813
103,65,1.01088,0.00660564,0.020243
103,66,1.01099,0.00525424,0.0206256
103,67,1.01108,0.00387679,0.02096
103,68,1.01115,0.00247651,0.0212449
103,69,1.01119,0.00105674,0.0214795
103,70,1.01123,-0.000378988,0.0216628
103,71,1.01124,-0.00182699,0.0217939
103,72,1.01124,-0.00328343,0.0218718
103,73,1.01123,-0.00474427,0.0218957
103,74,1.01121,-0.00620532,0.0218647
103,75,1.01118,-0.00766223,0.021778
103,76,1.01115,-0.00911046,0.0216349
103,77,1.01111,-0.0105453,0.0214348
103,78,1.01108,-0.0119621,0.021177
103,79,1.01105,-0.0133557,0.0208613
103,80,1.01103,-0.0147212,0.0204874
103,81,1.01101,-0.0160536,0.0200555
103,82,1.01101,-0.0173476,0.0195657
103,83,1.01103,-0.0185981,0.0190189
103,84,1.01106,-0.0198002,0.018416
103,85,1.01111,-0.0209487,0.0177584
103,86,1.01119,-0.0220389,0.017048
103,87,1.01129,-0.0230661,0.0162872
103,88,1.01142,-0.0240258,0.0154788
103,89,1.01158,-0.0249137,0.0146262
103,90,1.01176,-0.0257261,0.0137332
103,91,1.01197,-0.0264593,0.0128043
103,92,1.01222,-0.0271101,0.0118444
103,93,1.01249,-0.0276756,0.0108588
103,94,1.01278,-0.0281534,0.00985361
103,95,1.0131,-0.0285413,0.00883482
103,96,1.01345,-0.0288376,0.00780928
103,97,1.01382,-0.029041,0.00678359
103,98,1.0142,-0.0291506,0.00576511
103,99,1.01461,-0.0291659,0.00476063
103,100,1.01502,-0.0290867,0.0037777
103,101,1.01545,-0.0289135,0.00282289
103,102,1.01588,-0.0286472,0.00190358
103,103,1.01631,-0.0282893,0.00102569
103,104,1.01675,-0.0278419,0.000196052
103,105,1.01718,-0.027308,-0.000580424
103,106,1.01761,-0.0266912,-0.00129782
103,107,1.01803,-0.0259966,-0.00195254
103,108,1.01844,-0.0252306,-0.00253986
103,109,1.01883,-0.024402,-0.00305775
103,110,1.01921,-0.0235222,-0.00350292
103,111,1.01957,-0.0226067,-0.00387512
103,112,1.01992,-0.0216748,-0.00417273
103,113,1.02025,-0.0207505,-0.00439753
103,114,1.02056,-0.0198595,-0.00454975
103,115,1.02085,-0.0190255,-0.00463321
103,116,1.02112,-0.0182615,-0.00464976
103,117,1.02138,-0.0175579,-0.00460422
103,118,1.02161,-0.0168688,-0.00449797
103,119,1.02182,-0.0160989,-0.00433317
103,120,1.02202,-0.0151018,-0.00410529
103,121,1.0222,-0.013697,-0.00380682
103,122,1.02236,-0.011719,-0.00342069
103,123,1.0225,-0.00910376,-0.00292666
103,124,1.02263,-0.00600164,-0.00229793
103,125,1.02274,-0.00287282,-0.00151357
103,126,1.02284,-0.000464038,-0.000555352
103,127,1,-0.00343474,0
104,0,1,0,0
104,1,0.9689,-0.000320321,-0.000552251
104,2,0.96903,-0.000732068,-0.00155636
104,3,0.969222,-3.9642e-05,-0.00242515
104,4,0.969473,0.0011044,-0.00319977
104,5,0.969782,0.00220026,-0.00390227
104,6,0.970148,0.00300901,-0.004551
104,7,0.97057,0.00349676,-0.00515997
104,8,0.971046,0.00374319,-0.00573898
104,9,0.971575,0.00386579,-0.00629159
104,10,0.972155,0.00397356,-0.00681876
104,11,0.972786,0.00414628,-0.00731778
104,12,0.973464,0.00443082,-0.00778547
104,13,0.974188,0.00484613,-0.00821693
104,14,0.974957,0.00539128,-0.00860812
104,15,0.975767,0.00605336,-0.00895424
104,16,0.976616,0.00681365,-0.00925191
104,17,0.977502,0.00765189,-0.00949741
104,18,0.978421,0.00854869,-0.00968853
104,19,0.97937,0.00948672,-0.00982278
104,20,0.980345,0.0104511,-0.00989904
104,21,0.981345,0.0114292,-0.00991588
104,22,0.982364,0.0124103,-0.00987302
104,23,0.983399,0.0133854,-0.00976985
104,24,0.984446,0.0143466,-0.00960672
104,25,0.985502,0.0152869,-0.00938366
104,26,0.986562,0.0162,-0.00910155
104,27,0.987624,0.0170804,-0.00876095
104,28,0.988682,0.0179228,-0.00836322
104,29,0.989735,0.0187225,-0.00790948
104,30,0.990778,0.0194752,-0.00740158
104,31,0.991809,0.0201769,-0.00684117
104,32,0.992824,0.0208243,-0.00623059
104,33,0.993821,0.021414,-0.00557205
104,34,0.994799,0.0219435,-0.00486834
104,35,0.995754,0.0224103,-0.00412217
104,36,0.996685,0.0228125,-0.00333677
104,37,0.99759,0.0231485,-0.00251526
104,38,0.998469,0.023417,-0.00166119
104,39,0.99932,0.0236171,-0.000778018
104,40,1.00014,0.023748,0.00013047
104,41,1.00094,0.0238096,0.00106062
104,42,1.0017,0.0238016,0.0020085
104,43,1.00244,0.0237242,0.00297038
104,44,1.00314,0.0235778,0.00394231
104,45,1.00382,0.0233628,0.00492054
104,46,1.00446,0.0230802,0.0059012
104,47,1.00508,0.0227308,0.00688063
104,48,1.00567,0.0223157,0.0078551
104,49,1.00622,0.0218362,0.00882109
104,50,1.00675,0.0212936,0.00977508
104,51,1.00725,0.0206894,0.0107138
104,52,1.00772,0.0200253,0.0116338
104,53,1.00816,0.0193029,0.0125323
104,54,1.00857,0.0185241,0.013406
104,55,1.00895,0.0176907,0.0142524
104,56,1.0093,0.0168046,0.0150685
104,57,1.00963,0.015868,0.0158521
104,58,1.00993,0.0148829,0.0166007
104,59,1.0102,0.0138515,0.0173121
104,60,1.01044,0.0127758,0.0179844
104,61,1.01065,0.0116583,0.0186156
104,62,1.01084,0.0105012,0.0192039
104,63,1.01101,0.00930685,0.019748
104,64,1.01114,0.00807779,0.0202462
104,65,1.01126,0.00681651,0.0206972
104,66,1.01134,0.00552565,0.0210997
104,67,1.01141,0.00420792,0.0214526
104,68,1.01146,0.00286618,0.0217547
104,69,1.01148,0.00150339,0.022005
104,70,1.01148,0.000122673,0.0222024
104,71,1.01147,-0.00127268,0.022346
104,72,1.01145,-0.0026792,0.0224348
104,73,1.01141,-0.00409325,0.0224678
104,74,1.01136,-0.00551097,0.0224441
104,75,1.0113,-0.00692829,0.022363
104,76,1.01124,-0.00834094,0.0222236
104,77,1.01117,-0.00974444,0.0220254
104,78,1.01111,-0.0111341,0.0217678
104,79,1.01105,-0.0125051,0.0214505
104,80,1.01099,-0.0138523,0.0210733
104,81,1.01095,-0.0151707,0.0206363
104,82,1.01092,-0.016455,0.0201401
104,83,1.01091,-0.0176998,0.0195852
104,84,1.01091,-0.0189,0.0189728
104,85,1.01094,-0.0200502,0.0183045
104,86,1.01099,-0.0211454,0.0175822
104,87,1.01107,-0.0221806,0.0168083
104,88,1.01117,-0.023151,0.0159859
104,89,1.0113,-0.0240524,0.0151184
104,90,1.01146,-0.0248804,0.0142098
104,91,1.01166,-0.0256315,0.0132646
104,92,1.01188,-0.0263021,0.0122879
104,93,1.01213,-0.0268893,0.0112851
104,94,1.01241,-0.0273907,0.0102623
104,95,1.01272,-0.0278039,0.00922553
104,96,1.01305,-0.0281272,0.00818182
104,97,1.0134,-0.0283593,0.00713773
104,98,1.01378,-0.0284991,0.00610074
104,99,1.01417,-0.0285462,0.00507759
104,100,1.01457,-0.0285002,0.00407597
104,101,1.01499,-0.0283615,0.00310241
104,102,1.01542,-0.0281307,0.00216442
104,103,1.01584,-0.0278091,0.00126789
104,104,1.01627,-0.0273984,0.000419826
104,105,1.0167,-0.0269012,-0.000374903
104,106,1.01712,-0.0263207,-0.00111016
104,107,1.01754,-0.0256616,-0.00178239
104,108,1.01795,-0.0249298,-0.00238662
104,109,1.01834,-0.0241336,-0.00292086
104,110,1.01872,-0.023284,-0.00338156
104,111,1.01908,-0.0223959,-0.00376855
104,112,1.01943,-0.0214885,-0.00407996
104,113,1.01976,-0.0205851,-0.00431771
104,114,1.02007,-0.0197114,-0.00448185
104,115,1.02036,-0.0188911,-0.00457643
104,116,1.02063,-0.0181376,-0.00460313
104,117,1.02088,-0.0174425,-0.00456706
104,118,1.02111,-0.0167622,-0.00446935
104,119,1.02132,-0.0160055,-0.00431223
104,120,1.02151,-0.0150317,-0.00409052
104,121,1.02168,-0.0136677,-0.00379642
104,122,1.02183,-0.0117555,-0.00341162
104,123,1.02197,-0.00923631,-0.00291505
104,124,1.02208,-0.00625987,-0.00228218
104,125,1.02218,-0.00328203,-0.00149586
104,126,1.02226,-0.00105488,-0.000534723
104,127,1,-0.00343474,0
105,0,1,0,0
105,1,0.969398,-0.00109998,-0.0005421
105,2,0.969518,-0.00165527,-0.00152198
105,3,0.96969,-0.00107111,-0.00240352
105,4,0.969921,-1.54716e-05,-0.00319836
105,5,0.970213,0.00101044,-0.00392097
105,6,0.970563,0.00176568,-0.00458953
105,7,0.970971,0.00221221,-0.0052173
105,8,0.971434,0.00242506,-0.0058145
105,9,0.971952,0.00251787,-0.00638524
105,10,0.972522,0.002597,-0.00693092
105,11,0.973143,0.00274083,-0.00744877
105,12,0.973813,0.0029957,-0.00793563
105,13,0.97453,0.00338068,-0.00838623
105,14,0.975292,0.00389539,-0.00879633
105,15,0.976097,0.00452767,-0.00916073
105,16,0.976941,0.00525965,-0.00947588
105,17,0.977823,0.00607186,-0.00973772
105,18,0.978739,0.00694562,-0.00994392
105,19,0.979686,0.00786415,-0.0100917
105,20,0.980661,0.00881295,-0.01018
105,21,0.98166,0.00977959,-0.0102072
105,22,0.98268,0.0107534,-0.0101729
105,23,0.983718,0.0117253,-0.0100766
105,24,0.984768,0.012687,-0.00991849
105,25,0.985829,0.0136314,-0.00969866
105,26,0.986894,0.0145517,-0.00941802
105,27,0.987962,0.0154419,-0.00907713
105,28,0.989027,0.0162963,-0.00867743
105,29,0.990088,0.0171097,-0.00822005
105,30,0.991139,0.0178773,-0.00770691
105,31,0.992178,0.0185947,-0.00713972
105,32,0.993203,0.019258,-0.00652089
105,33,0.994209,0.0198637,-0.00585266
105,34,0.995196,0.0204087,-0.00513793
105,35,0.996161,0.0208906,-0.00437943
105,36,0.997101,0.021307,-0.00358047
105,37,0.998016,0.0216563,-0.00274421
105,38,0.998904,0.0219372,-0.0018743
105,39,0.999764,0.0221486,-0.000974195
105,40,1.0006,0.0222901,-4.77784e-05
105,41,1.0014,0.0223613,0.000901266
105,42,1.00217,0.0223623,0.00186895
105,43,1.00291,0.0222934,0.00285148
105,44,1.00362,0.0221552,0.00384485
105,45,1.0043,0.0219485,0.00484527
105,46,1.00495,0.0216742,0.00584879
105,47,1.00557,0.0213335,0.0068517
105,48,1.00616,0.0209278,0.00785017
105,49,1.00672,0.0204583,0.00884066
105,50,1.00724,0.0199268,0.00981952
105,51,1.00774,0.0193348,0.0107834
105,52,1.00821,0.018684,0.0117289
105,53,1.00865,0.0179763,0.0126528
105,54,1.00905,0.0172135,0.0135521
105,55,1.00943,0.0163977,0.0144238
105,56,1.00978,0.0155308,0.0152653
105,57,1.01009,0.0146149,0.0160738
105,58,1.01038,0.0136521,0.0168468
105,59,1.01064,0.0126447,0.0175822
105,60,1.01087,0.011595,0.0182777
105,61,1.01108,0.0105053,0.0189314
105,62,1.01125,0.00937804,0.0195414
105,63,1.0114,0.00821587,0.0201061
105,64,1.01152,0.00702141,0.0206237
105,65,1.01162,0.00579743,0.021093
105,66,1.01169,0.00454686,0.0215124
105,67,1.01173,0.00327271,0.0218808
105,68,1.01176,0.00197818,0.0221969
105,69,1.01176,0.000666587,0.0224597
105,70,1.01174,-0.00065858,0.0226679
105,71,1.01171,-0.00199368,0.0228206
105,72,1.01165,-0.00333491,0.0229167
105,73,1.01159,-0.00467832,0.0229553
105,74,1.01151,-0.00601979,0.0229355
105,75,1.01142,-0.00735506,0.0228566
105,76,1.01133,-0.00867974,0.0227176
105,77,1.01123,-0.00998931,0.022518
105,78,1.01114,-0.0112792,0.0222575
105,79,1.01105,-0.0125446,0.0219356
105,80,1.01096,-0.013781,0.0215523
105,81,1.01088,-0.0149834,0.0211079
105,82,1.01082,-0.0161472,0.0206027
105,83,1.01077,-0.0172678,0.0200378
105,84,1.01074,-0.0183405,0.0194143
105,85,1.01073,-0.019361,0.0187338
105,86,1.01074,-0.020325,0.0179985
105,87,1.01078,-0.0212285,0.017211
105,88,1.01085,-0.0220678,0.0163743
105,89,1.01095,-0.0228393,0.015492
105,90,1.01108,-0.0235402,0.0145684
105,91,1.01124,-0.0241674,0.0136078
105,92,1.01143,-0.0247187,0.0126156
105,93,1.01165,-0.025192,0.0115972
105,94,1.0119,-0.0255855,0.0105589
105,95,1.01218,-0.0258979,0.00950661
105,96,1.01248,-0.0261282,0.0084475
105,97,1.01281,-0.0262755,0.00738812
105,98,1.01317,-0.0263396,0.006336
105,99,1.01354,-0.0263202,0.00529786
105,100,1.01393,-0.0262176,0.00428143
105,101,1.01433,-0.0260322,0.0032932
105,102,1.01474,-0.0257651,0.00234078
105,103,1.01516,-0.0254174,0.00142997
105,104,1.01559,-0.0249912,0.000567933
105,105,1.01601,-0.0244887,-0.000240544
105,106,1.01643,-0.0239131,-0.000989132
105,107,1.01684,-0.0232689,-0.00167435
105,108,1.01725,-0.0225614,-0.00229099
105,109,1.01765,-0.0217986,-0.00283716
105,110,1.01803,-0.0209907,-0.00330901
105,111,1.0184,-0.0201518,-0.00370653
105,112,1.01875,-0.0192999,-0.00402755
105,113,1.01909,-0.0184572,-0.0042742
105,114,1.01941,-0.0176479,-0.00444631
105,115,1.01971,-0.016894,-0.00454821
105,116,1.01998,-0.0162079,-0.00458143
105,117,1.02024,-0.0155805,-0.00455141
105,118,1.02048,-0.0149686,-0.00445907
105,119,1.02069,-0.0142834,-0.00430678
105,120,1.02088,-0.0133883,-0.00408882
105,121,1.02106,-0.0121163,-0.00379697
105,122,1.02121,-0.0103158,-0.00341202
105,123,1.02134,-0.0079314,-0.00291291
105,124,1.02146,-0.00510982,-0.0022732
105,125,1.02155,-0.00229695,-0.00147953
105,126,1.02163,-0.000241527,-0.000533153
105,127,1,-0.00343474,0
106,0,1,0,0
106,1,0.969922,-0.00045882,-0.000515304
106,2,0.970016,-0.0011189,-0.00149778
106,3,0.970174,-0.000618275,-0.00238891
106,4,0.970392,0.000368175,-0.00320172
106,5,0.970671,0.00134355,-0.00394508
106,6,0.971008,0.00206782,-0.00463321
106,7,0.971403,0.00249948,-0.00527952
106,8,0.971854,0.00270814,-0.00589506
106,9,0.97236,0.00280205,-0.00648421
106,10,0.972919,0.00288323,-0.00704878
106,11,0.97353,0.00302693,-0.00758592
106,12,0.974191,0.00327748,-0.00809242
106,13,0.9749,0.00365277,-0.00856262
106,14,0.975655,0.00415189,-0.00899209
106,15,0.976453,0.00476256,-0.00937519
106,16,0.977293,0.0054671,-0.00970821
106,17,0.978171,0.00624639,-0.00998673
106,18,0.979084,0.00708218,-0.0102083
106,19,0.980029,0.00795824,-0.0103701
106,20,0.981003,0.00886057,-0.0104707
106,21,0.982002,0.00977733,-0.0105085
106,22,0.983022,0.0106985,-0.0104832
106,23,0.984061,0.0116154,-0.0103939
106,24,0.985113,0.0125206,-0.0102413
106,25,0.986175,0.0134075,-0.0100251
106,26,0.987244,0.0142701,-0.00974635
106,27,0.988315,0.015103,-0.00940566
106,28,0.989385,0.0159011,-0.00900454
106,29,0.99045,0.0166599,-0.00854411
106,30,0.991506,0.0173753,-0.0080264
106,31,0.992551,0.0180434,-0.00745312
106,32,0.993581,0.018661,-0.0068268
106,33,0.994594,0.019225,-0.00614969
106,34,0.995587,0.0197328,-0.00542479
106,35,0.996559,0.0201821,-0.00465486
106,36,0.997506,0.0205711,-0.00384329
106,37,0.998428,0.0208982,-0.00299326
106,38,0.999324,0.0211622,-0.00210851
106,39,1.00019,0.0213623,-0.00119252
106,40,1.00103,0.0214978,-0.000249249
106,41,1.00184,0.0215683,0.000717591
106,42,1.00262,0.0215739,0.00170393
106,43,1.00336,0.0215146,0.00270595
106,44,1.00408,0.0213909,0.00371956
106,45,1.00477,0.0212031,0.00474093
106,46,1.00542,0.0209522,0.00576603
106,47,1.00604,0.0206389,0.00679108
106,48,1.00663,0.0202643,0.00781219
106,49,1.00719,0.0198295,0.00882573
106,50,1.00772,0.019336,0.00982795
106,51,1.00821,0.0187849,0.0108154
106,52,1.00868,0.0181779,0.0117846
106,53,1.00911,0.0175166,0.0127323
106,54,1.00951,0.0168025,0.0136553
106,55,1.00988,0.0160376,0.0145506
106,56,1.01022,0.0152235,0.0154152
106,57,1.01053,0.0143622,0.0162464
106,58,1.0108,0.0134557,0.0170417
106,59,1.01105,0.0125059,0.0177987
106,60,1.01127,0.011515,0.018515
106,61,1.01146,0.010485,0.0191886
106,62,1.01161,0.00941825,0.0198174
106,63,1.01174,0.00831696,0.0203998
106,64,1.01185,0.00718353,0.0209339
106,65,1.01192,0.00602042,0.0214183
106,66,1.01197,0.0048302,0.0218515
106,67,1.01199,0.00361555,0.022232
106,68,1.01199,0.00237928,0.0225588
106,69,1.01197,0.00112433,0.0228304
106,70,1.01192,-0.000146201,0.0230459
106,71,1.01186,-0.00142904,0.023204
106,72,1.01178,-0.00272076,0.0233039
106,73,1.01168,-0.00401775,0.0233444
106,74,1.01158,-0.00531619,0.0233248
106,75,1.01146,-0.00661211,0.0232442
106,76,1.01133,-0.00790133,0.023102
106,77,1.01121,-0.00917952,0.0228975
106,78,1.01108,-0.0104422,0.0226305
106,79,1.01096,-0.0116847,0.0223007
106,80,1.01084,-0.0129023,0.0219081
106,81,1.01073,-0.0140902,0.0214532
106,82,1.01064,-0.0152435,0.0209365
106,83,1.01056,-0.0163576,0.0203591
106,84,1.0105,-0.0174275,0.0197223
106,85,1.01046,-0.0184488,0.019028
106,86,1.01045,-0.0194168,0.0182784
106,87,1.01047,-0.0203276,0.0174763
106,88,1.01051,-0.021177,0.016625
106,89,1.01059,-0.0219614,0.015728
106,90,1.01069,-0.0226776,0.0147899
106,91,1.01083,-0.0233227,0.0138151
106,92,1.011,-0.0238941,0.0128091
106,93,1.0112,-0.0243896,0.0117773
106,94,1.01144,-0.0248075,0.0107261
106,95,1.0117,-0.0251464,0.00966154
106,96,1.01199,-0.0254051,0.00859068
106,97,1.01231,-0.0255829,0.00752008
106,98,1.01265,-0.0256793,0.0064573
106,99,1.01301,-0.0256941,0.00540895
106,100,1.01339,-0.0256273,0.00438283
106,101,1.01379,-0.0254793,0.00338525
106,102,1.01419,-0.0252509,0.00242391
106,103,1.01461,-0.0249429,0.00150447
106,104,1.01502,-0.0245571,0.000634176
106,105,1.01544,-0.0240953,-0.000182318
106,106,1.01586,-0.0235605,-0.000938528
106,107,1.01628,-0.0229563,-0.00163112
106,108,1.01668,-0.0222881,-0.00225466
106,109,1.01708,-0.0215629,-0.0028074
106,110,1.01746,-0.0207906,-0.00328525
106,111,1.01783,-0.0199848,-0.00368835
106,112,1.01819,-0.0191631,-0.00401429
106,113,1.01852,-0.0183471,-0.0042654
106,114,1.01884,-0.0175607,-0.00444129
106,115,1.01914,-0.0168258,-0.00454661
106,116,1.01942,-0.016155,-0.00458269
106,117,1.01968,-0.0155406,-0.00455531
106,118,1.01991,-0.0149417,-0.00446511
106,119,1.02013,-0.0142739,-0.00431465
106,120,1.02032,-0.0134071,-0.0040976
106,121,1.02049,-0.0121821,-0.00380562
106,122,1.02064,-0.0104552,-0.00341836
106,123,1.02076,-0.00817514,-0.00291411
106,124,1.02086,-0.00548462,-0.0022683
106,125,1.02094,-0.00281612,-0.00147034
106,126,1.021,-0.000906977,-0.000516433
106,127,1,-0.00343474,0
107,0,1,0,0
107,1,0.970487,-0.00123563,-0.000509593
107,2,0.970573,-0.00197634,-0.0014727
107,3,0.970713,-0.00155864,-0.0023773
107,4,0.970915,-0.000654642,-0.00320988
107,5,0.971178,0.000248799,-0.00397284
107,6,0.9715,0.00091546,-0.00468065
107,7,0.971882,0.00130199,-0.00534593
107,8,0.972322,0.00147371,-0.00598013
107,9,0.972817,0.0015346,-0.00658802
107,10,0.973366,0.00158339,-0.00717184
107,11,0.973968,0.00169337,-0.00772861
107,12,0.974621,0.00190799,-0.00825512
107,13,0.975322,0.00224511,-0.00874529
107,14,0.976069,0.00270435,-0.00919454
107,15,0.976861,0.00327433,-0.00959679
107,16,0.977695,0.00393836,-0.00994817
107,17,0.978567,0.00467834,-0.0102439
107,18,0.979475,0.00547694,-0.0104815
107,19,0.980417,0.00631868,-0.0106577
107,20,0.981388,0.00719015,-0.0107713
107,21,0.982385,0.00807988,-0.0108204
107,22,0.983405,0.00897805,-0.0108047
107,23,0.984443,0.00987611,-0.0107234
107,24,0.985497,0.0107665,-0.0105769
107,25,0.986561,0.0116423,-0.0103651
107,26,0.987633,0.0124974,-0.0100891
107,27,0.988707,0.013326,-0.00974944
107,28,0.989782,0.0141226,-0.00934773
107,29,0.990852,0.0148823,-0.0088851
107,30,0.991914,0.0156005,-0.0083637
107,31,0.992966,0.0162731,-0.00778522
107,32,0.994003,0.0168963,-0.00715233
107,33,0.995023,0.0174667,-0.00646727
107,34,0.996024,0.0179815,-0.00573316
107,35,0.997002,0.0184381,-0.00495276
107,36,0.997957,0.0188344,-0.00412958
107,37,0.998886,0.0191687,-0.00326681
107,38,0.999788,0.0194398,-0.00236827
107,39,1.00066,0.0196468,-0.00143748
107,40,1.00151,0.0197889,-0.000478484
107,41,1.00232,0.019866,0.000504991
107,42,1.0031,0.0198781,0.00150878
107,43,1.00385,0.0198254,0.00252904
107,44,1.00457,0.0197085,0.00356158
107,45,1.00526,0.019528,0.00460253
107,46,1.00591,0.0192849,0.00564776
107,47,1.00653,0.0189803,0.00669345
107,48,1.00712,0.0186153,0.00773559
107,49,1.00768,0.0181913,0.00877049
107,50,1.0082,0.0177098,0.00979428
107,51,1.00869,0.0171722,0.0108035
107,52,1.00915,0.0165802,0.0117944
107,53,1.00958,0.0159356,0.0127637
107,54,1.00997,0.01524,0.0137081
107,55,1.01033,0.0144954,0.0146244
107,56,1.01066,0.0137036,0.0155097
107,57,1.01096,0.0128667,0.016361
107,58,1.01122,0.0119867,0.0171757
107,59,1.01146,0.0110656,0.0179512
107,60,1.01166,0.0101058,0.0186851
107,61,1.01183,0.00910945,0.0193752
107,62,1.01198,0.008079,0.0200194
107,63,1.01209,0.00701692,0.0206159
107,64,1.01217,0.0059258,0.0211627
107,65,1.01223,0.00480837,0.0216584
107,66,1.01226,0.00366746,0.0221012
107,67,1.01226,0.00250605,0.0224899
107,68,1.01223,0.00132725,0.022823
107,69,1.01219,0.000134314,0.0230993
107,70,1.01212,-0.00106935,0.0233177
107,71,1.01203,-0.0022802,0.023477
107,72,1.01192,-0.00349454,0.0235763
107,73,1.01179,-0.00470854,0.0236146
107,74,1.01166,-0.00591827,0.023591
107,75,1.01151,-0.00711963,0.0235048
107,76,1.01136,-0.00830846,0.0233554
107,77,1.0112,-0.00948051,0.0231425
107,78,1.01104,-0.0106315,0.0228656
107,79,1.01088,-0.011757,0.0225247
107,80,1.01073,-0.0128528,0.0221201
107,81,1.01059,-0.0139145,0.0216523
107,82,1.01046,-0.0149378,0.021122
107,83,1.01035,-0.0159188,0.0205304
107,84,1.01025,-0.0168534,0.0198791
107,85,1.01018,-0.0177379,0.0191702
107,86,1.01013,-0.0185687,0.018406
107,87,1.01011,-0.0193425,0.0175895
107,88,1.01012,-0.0200563,0.0167241
107,89,1.01017,-0.0207076,0.0158137
107,90,1.01024,-0.021294,0.0148626
107,91,1.01034,-0.0218134,0.0138758
107,92,1.01048,-0.0222644,0.0128585
107,93,1.01066,-0.0226456,0.0118163
107,94,1.01086,-0.0229559,0.0107557
107,95,1.0111,-0.0231948,0.0096826
107,96,1.01137,-0.0233617,0.00860418
107,97,1.01166,-0.0234565,0.00752687
107,98,1.01198,-0.0234792,0.00645824
107,99,1.01232,-0.0234299,0.00540475
107,100,1.01269,-0.023309,0.00437419
107,101,1.01307,-0.0231173,0.00337272
107,102,1.01346,-0.0228554,0.00240804
107,103,1.01387,-0.0225246,0.00148562
107,104,1.01428,-0.0221263,0.000612774
107,105,1.0147,-0.0216625,-0.000206035
107,106,1.01511,-0.0211358,-0.000964188
107,107,1.01553,-0.0205497,-0.00165854
107,108,1.01594,-0.019909,-0.00228345
107,109,1.01634,-0.0192203,-0.00283738
107,110,1.01673,-0.0184928,-0.00331596
107,111,1.01711,-0.017739,-0.00371954
107,112,1.01747,-0.0169755,-0.00404544
107,113,1.01781,-0.0162226,-0.00429625
107,114,1.01814,-0.0155026,-0.00447135
107,115,1.01845,-0.014836,-0.00457572
107,116,1.01874,-0.0142341,-0.00461053
107,117,1.019,-0.0136886,-0.00458193
107,118,1.01924,-0.0131595,-0.00449033
107,119,1.01946,-0.0125645,-0.00433854
107,120,1.01966,-0.0117784,-0.00411967
107,121,1.01983,-0.0106484,-0.00382519
107,122,1.01998,-0.00903709,-0.00343396
107,123,1.02011,-0.00689599,-0.00292443
107,124,1.02021,-0.00436204,-0.00226988
107,125,1.02029,-0.00185042,-0.00146244
107,126,1.02035,-7.95996e-05,-0.000518425
107,127,1,-0.00343474,0
108,0,1,0,0
108,1,0.971056,-0.000506196,-0.000487389
108,2,0.971119,-0.00129396,-0.00145723
108,3,0.971248,-0.000935249,-0.00237214
108,4,0.971438,-9.20348e-05,-0.00322206
108,5,0.97169,0.000762701,-0.00400504
108,6,0.972002,0.00139859,-0.00473208
108,7,0.972373,0.00177093,-0.00541594
108,8,0.972802,0.00194016,-0.00606882
108,9,0.973287,0.00200472,-0.00669567
108,10,0.973826,0.00205866,-0.00729908
108,11,0.974419,0.00217177,-0.00787592
108,12,0.975063,0.00238522,-0.00842296
108,13,0.975757,0.00271555,-0.00893368
108,14,0.976498,0.00316175,-0.0094033
108,15,0.977284,0.00371229,-0.0098253
108,16,0.978112,0.00435066,-0.0101956
108,17,0.97898,0.0050591,-0.0105092
108,18,0.979886,0.00582073,-0.0107634
108,19,0.980824,0.00662055,-0.0109547
108,20,0.981794,0.00744569,-0.011082
108,21,0.98279,0.00828524,-0.011143
108,22,0.983809,0.00912994,-0.0111377
108,23,0.984848,0.00997184,-0.011065
108,24,0.985902,0.010804,-0.0109255
108,25,0.986968,0.0116202,-0.0107189
108,26,0.988042,0.0124149,-0.0104466
108,27,0.98912,0.0131829,-0.0101089
108,28,0.990197,0.0139197,-0.00970758
108,29,0.991271,0.0146208,-0.00924379
108,30,0.992337,0.0152825,-0.0087198
108,31,0.993393,0.015901,-0.00813729
108,32,0.994435,0.0164733,-0.00749904
108,33,0.99546,0.0169966,-0.00680729
108,34,0.996466,0.0174683,-0.00606529
108,35,0.99745,0.0178864,-0.0052758
108,36,0.99841,0.0182491,-0.00444243
108,37,0.999344,0.018555,-0.00356838
108,38,1.00025,0.018803,-0.00265758
108,39,1.00113,0.0189922,-0.00171355
108,40,1.00198,0.0191221,-0.000740442
108,41,1.00279,0.0191924,0.000258003
108,42,1.00358,0.0192031,0.00127752
108,43,1.00433,0.0191542,0.00231423
108,44,1.00505,0.0190461,0.00336386
108,45,1.00574,0.0188794,0.00442248
108,46,1.0064,0.0186547,0.00548585
108,47,1.00702,0.0183729,0.00655011
108,48,1.0076,0.0180348,0.00761112
108,49,1.00816,0.0176417,0.00866511
108,50,1.00868,0.0171946,0.00970812
108,51,1.00916,0.0166949,0.0107365
108,52,1.00961,0.016144,0.0117465
108,53,1.01003,0.0155433,0.0127348
108,54,1.01041,0.0148944,0.0136977
108,55,1.01076,0.0141988,0.0146322
108,56,1.01108,0.0134584,0.0155349
108,57,1.01136,0.0126747,0.0164031
108,58,1.01162,0.0118497,0.0172337
108,59,1.01183,0.0109852,0.0180242
108,60,1.01202,0.0100832,0.0187721
108,61,1.01217,0.00914572,0.019475
108,62,1.0123,0.00817483,0.0201306
108,63,1.01239,0.00717274,0.0207371
108,64,1.01245,0.00614174,0.0212925
108,65,1.01248,0.00508421,0.0217952
108,66,1.01249,0.00400263,0.0222434
108,67,1.01246,0.00289962,0.0226357
108,68,1.01241,0.00177793,0.0229707
108,69,1.01234,0.000640433,0.0232473
108,70,1.01224,-0.000509838,0.023464
108,71,1.01212,-0.0016697,0.02362
108,72,1.01199,-0.00283581,0.0237142
108,73,1.01183,-0.00400466,0.0237458
108,74,1.01167,-0.00517258,0.0237139
108,75,1.01149,-0.00633577,0.023618
108,76,1.01131,-0.00749025,0.0234575
108,77,1.01112,-0.00863193,0.0232321
108,78,1.01093,-0.00975662,0.0229417
108,79,1.01074,-0.01086,0.0225865
108,80,1.01056,-0.0119379,0.0221668
108,81,1.01039,-0.0129857,0.0216834
108,82,1.01023,-0.0139994,0.0211372
108,83,1.01009,-0.0149745,0.0205296
108,84,1.00996,-0.0159071,0.0198625
108,85,1.00987,-0.0167932,0.0191381
108,86,1.00979,-0.017629,0.018359
108,87,1.00975,-0.0184112,0.0175283
108,88,1.00973,-0.0191365,0.0166497
108,89,1.00975,-0.0198022,0.0157271
108,90,1.0098,-0.0204057,0.0147652
108,91,1.00989,-0.020945,0.0137687
108,92,1.01001,-0.0214184,0.0127434
108,93,1.01016,-0.0218244,0.0116945
108,94,1.01035,-0.0221619,0.0106287
108,95,1.01057,-0.0224302,0.00955182
108,96,1.01083,-0.0226288,0.00847104
108,97,1.01111,-0.0227574,0.00739262
108,98,1.01142,-0.0228158,0.00632411
108,99,1.01175,-0.0228042,0.00527177
108,100,1.01211,-0.0227228,0.00424333
108,101,1.01248,-0.0225721,0.00324469
108,102,1.01287,-0.0223527,0.00228355
108,103,1.01327,-0.0220654,0.00136509
108,104,1.01368,-0.0217114,0.00049668
108,105,1.01409,-0.0212923,-0.000317507
108,106,1.0145,-0.0208104,-0.00107074
108,107,1.01492,-0.0202687,-0.00176014
108,108,1.01533,-0.0196715,-0.00237988
108,109,1.01573,-0.0190249,-0.00292866
108,110,1.01612,-0.0183377,-0.00340188
108,111,1.0165,-0.0176219,-0.00380014
108,112,1.01686,-0.0168933,-0.00412049
108,113,1.01721,-0.0161718,-0.00436582
108,114,1.01754,-0.0154791,-0.00453526
108,115,1.01785,-0.0148355,-0.00463415
108,116,1.01814,-0.0142526,-0.00466345
108,117,1.01841,-0.0137231,-0.00462972
108,118,1.01866,-0.0132098,-0.00453305
108,119,1.01888,-0.0126351,-0.00437652
108,120,1.01907,-0.0118804,-0.00415267
108,121,1.01924,-0.0108015,-0.00385302
108,122,1.01939,-0.00926908,-0.00345541
108,123,1.01951,-0.00723818,-0.00293784
108,124,1.0196,-0.00483935,-0.00227522
108,125,1.01967,-0.00246753,-0.00146153
108,126,1.01971,-0.000814841,-0.000505728
108,127,1,-0.00343474,0
109,0,1,0,0
109,1,0.971645,-0.0012854,-0.000485673
109,2,0.971703,-0.00210183,-0.00144081
109,3,0.971818,-0.00180485,-0.00236932
109,4,0.971994,-0.00103842,-0.00323804
109,5,0.972233,-0.000256327,-0.00403968
109,6,0.972534,0.000319512,-0.00478585
109,7,0.972894,0.000644412,-0.00548851
109,8,0.973314,0.000774876,-0.00616025
109,9,0.97379,0.000804629,-0.00680627
109,10,0.974322,0.000823835,-0.00742957
109,11,0.974908,0.000899759,-0.00802682
109,12,0.975545,0.00107234,-0.00859478
109,13,0.976233,0.00135794,-0.0091265
109,14,0.976968,0.0017561,-0.00961704
109,15,0.977748,0.00225625,-0.0100594
109,16,0.978572,0.00284305,-0.0104494
109,17,0.979436,0.00349994,-0.0107816
109,18,0.980337,0.00421117,-0.0110533
109,19,0.981273,0.00496269,-0.0112607
109,20,0.982239,0.00574238,-0.0114026
109,21,0.983234,0.00653992,-0.0114768
109,22,0.984252,0.00734642,-0.011483
109,23,0.985291,0.00815415,-0.0114201
109,24,0.986346,0.00895622,-0.0112889
109,25,0.987413,0.00974639,-0.0110889
109,26,0.988489,0.0105189,-0.0108215
109,27,0.98957,0.0112685,-0.0104872
109,28,0.990651,0.0119901,-0.0100877
109,29,0.991729,0.0126791,-0.00962429
109,30,0.992801,0.0133313,-0.00909923
109,31,0.993862,0.0139429,-0.00851423
109,32,0.994909,0.0145102,-0.0078722
109,33,0.99594,0.0150301,-0.00717539
109,34,0.996951,0.0154999,-0.00642715
109,35,0.997941,0.0159173,-0.00563023
109,36,0.998906,0.0162803,-0.00478839
109,37,0.999846,0.0165872,-0.00390482
109,38,1.00076,0.016837,-0.00298355
109,39,1.00164,0.0170286,-0.00202813
109,40,1.00249,0.0171615,-0.00104281
109,41,1.00331,0.0172354,-3.1353e-05
109,42,1.0041,0.0172503,0.00100186
109,43,1.00485,0.0172065,0.00205292
109,44,1.00557,0.0171043,0.00311744
109,45,1.00626,0.0169446,0.00419144
109,46,1.00691,0.016728,0.00527057
109,47,1.00753,0.0164555,0.00635089
109,48,1.00811,0.0161283,0.00742815
109,49,1.00866,0.0157477,0.0084985
109,50,1.00917,0.0153148,0.00955781
109,51,1.00965,0.0148313,0.0106024
109,52,1.01009,0.0142985,0.0116284
109,53,1.0105,0.013718,0.0126322
109,54,1.01087,0.0130916,0.0136101
109,55,1.01121,0.0124209,0.014559
109,56,1.01151,0.0117078,0.0154754
109,57,1.01178,0.010954,0.0163563
109,58,1.01202,0.0101616,0.0171987
109,59,1.01222,0.00933259,0.0179999
109,60,1.01239,0.00846898,0.0187571
109,61,1.01252,0.00757301,0.0194681
109,62,1.01263,0.00664696,0.0201304
109,63,1.0127,0.00569322,0.020742
109,64,1.01274,0.00471429,0.0213009
109,65,1.01275,0.00371278,0.0218054
109,66,1.01274,0.00269142,0.0222537
109,67,1.01269,0.00165309,0.0226444
109,68,1.01262,0.000600756,0.0229761
109,69,1.01252,-0.000462444,0.0232476
109,70,1.01239,-0.00153327,0.0234576
109,71,1.01225,-0.00260834,0.0236052
109,72,1.01209,-0.00368416,0.0236894
109,73,1.0119,-0.00475714,0.0237095
109,74,1.01171,-0.00582357,0.0236648
109,75,1.0115,-0.00687967,0.0235548
109,76,1.01128,-0.0079216,0.0233792
109,77,1.01106,-0.00894546,0.0231378
109,78,1.01084,-0.00994737,0.0228307
109,79,1.01062,-0.0109234,0.0224583
109,80,1.01041,-0.0118698,0.0220212
109,81,1.0102,-0.0127827,0.0215204
109,82,1.01001,-0.0136586,0.0209569
109,83,1.00983,-0.0144939,0.0203326
109,84,1.00968,-0.0152852,0.0196495
109,85,1.00954,-0.0160297,0.0189099
109,86,1.00944,-0.0167244,0.0181169
109,87,1.00936,-0.0173668,0.0172736
109,88,1.00931,-0.0179546,0.0163839
109,89,1.0093,-0.0184861,0.0154519
109,90,1.00932,-0.0189596,0.0144823
109,91,1.00937,-0.0193738,0.0134801
109,92,1.00946,-0.019728,0.0124509
109,93,1.00959,-0.0200214,0.0114001
109,94,1.00975,-0.0202537,0.0103343
109,95,1.00995,-0.0204247,0.00925923
109,96,1.01018,-0.0205346,0.00818201
109,97,1.01044,-0.0205835,0.00710873
109,98,1.01073,-0.0205717,0.00604685
109,99,1.01105,-0.0204997,0.00500236
109,100,1.01139,-0.020368,0.00398292
109,101,1.01175,-0.0201772,0.00299412
109,102,1.01213,-0.019928,0.00204359
109,103,1.01252,-0.0196214,0.0011362
109,104,1.01292,-0.0192586,0.000279303
109,105,1.01333,-0.0188409,-0.000523238
109,106,1.01375,-0.0183705,-0.00126462
109,107,1.01416,-0.01785,-0.00194226
109,108,1.01457,-0.0172834,-0.00255018
109,109,1.01498,-0.0166761,-0.00308736
109,110,1.01538,-0.0160362,-0.00354896
109,111,1.01577,-0.0153748,-0.00393587
109,112,1.01614,-0.0147065,-0.00424487
109,113,1.0165,-0.0140498,-0.00447917
109,114,1.01684,-0.0134251,-0.00463764
109,115,1.01716,-0.0128509,-0.00472605
109,116,1.01746,-0.0123375,-0.00474511
109,117,1.01773,-0.0118774,-0.00470186
109,118,1.01798,-0.0114339,-0.00459609
109,119,1.01821,-0.0109324,-0.00443123
109,120,1.01841,-0.0102591,-0.00419928
109,121,1.01859,-0.00927638,-0.00389172
109,122,1.01874,-0.00786132,-0.00348574
109,123,1.01887,-0.00597132,-0.00295974
109,124,1.01896,-0.00372939,-0.00228634
109,125,1.01903,-0.00150812,-0.00146136
109,126,1.01907,3.20106e-05,-0.000511189
109,127,1,-0.00343474,0
110,0,1,0,0
110,1,0.972219,-0.00047895,-0.000468034
110,2,0.972258,-0.00129591,-0.00143301
110,3,0.972364,-0.00103773,-0.00237196
110,4,0.972532,-0.000324253,-0.00325689
110,5,0.972763,0.000411882,-0.00407736
110,6,0.973056,0.000958418,-0.00484204
110,7,0.973408,0.00127101,-0.00556299
110,8,0.97382,0.00140178,-0.00625349
110,9,0.974289,0.00143883,-0.00691881
110,10,0.974814,0.00146733,-0.00756232
110,11,0.975393,0.00155074,-0.00818044
110,12,0.976024,0.00172649,-0.00876992
110,13,0.976706,0.00200947,-0.00932331
110,14,0.977437,0.00239852,-0.00983552
110,15,0.978214,0.00288293,-0.0102991
110,16,0.979034,0.00344751,-0.0107097
110,17,0.979895,0.00407603,-0.0110614
110,18,0.980795,0.00475317,-0.0113516
110,19,0.98173,0.00546538,-0.0115761
110,20,0.982696,0.00620106,-0.0117339
110,21,0.98369,0.00695039,-0.0118223
110,22,0.98471,0.00770504,-0.0118413
110,23,0.98575,0.00845786,-0.0117896
110,24,0.986807,0.00920255,-0.0116681
110,25,0.987876,0.0099335,-0.0114762
110,26,0.988955,0.0106456,-0.0112154
110,27,0.990039,0.0113343,-0.0108861
110,28,0.991124,0.0119951,-0.0104903
110,29,0.992206,0.0126243,-0.0100291
110,30,0.993281,0.0132181,-0.00950486
110,31,0.994346,0.0137734,-0.00891938
110,32,0.995398,0.0142872,-0.00827566
110,33,0.996433,0.0147569,-0.00757593
110,34,0.997449,0.0151804,-0.00682368
110,35,0.998443,0.0155556,-0.00602165
110,36,0.999412,0.0158811,-0.00517371
110,37,1.00035,0.0161554,-0.00428305
110,38,1.00127,0.0163777,-0.00335384
110,39,1.00215,0.016547,-0.00238962
110,40,1.00301,0.0166631,-0.00139476
110,41,1.00383,0.0167256,-0.00037305
110,42,1.00462,0.0167345,0.000671017
110,43,1.00537,0.0166899,0.00173351
110,44,1.00609,0.0165921,0.00280988
110,45,1.00677,0.0164418,0.00389614
110,46,1.00742,0.0162394,0.00498778
110,47,1.00803,0.0159858,0.00608081
110,48,1.00861,0.0156818,0.00717083
110,49,1.00915,0.0153285,0.00825391
110,50,1.00965,0.0149269,0.00932579
110,51,1.01012,0.0144782,0.0103827
110,52,1.01055,0.0139836,0.0114205
110,53,1.01095,0.0134446,0.0124357
110,54,1.01131,0.0128624,0.0134244
110,55,1.01163,0.0122386,0.0143832
110,56,1.01192,0.0115747,0.0153086
110,57,1.01217,0.0108723,0.0161975
110,58,1.01239,0.010133,0.0170467
110,59,1.01258,0.00935876,0.0178535
110,60,1.01273,0.00855122,0.018615
110,61,1.01284,0.00771234,0.0193287
110,62,1.01293,0.00684407,0.0199923
110,63,1.01298,0.0059485,0.0206035
110,64,1.013,0.00502779,0.0211604
110,65,1.01298,0.00408422,0.0216613
110,66,1.01294,0.00312015,0.0221042
110,67,1.01287,0.00213809,0.0224878
110,68,1.01277,0.00114065,0.0228107
110,69,1.01264,0.000130603,0.0230717
110,70,1.01249,-0.000889179,0.0232696
110,71,1.01232,-0.00191567,0.0234036
110,72,1.01213,-0.0029457,0.0234728
110,73,1.01192,-0.00397599,0.0234767
110,74,1.01169,-0.00500311,0.0234145
110,75,1.01145,-0.00602352,0.0232862
110,76,1.01121,-0.00703358,0.0230915
110,77,1.01096,-0.00802956,0.0228306
110,78,1.0107,-0.00900768,0.0225037
110,79,1.01045,-0.00996412,0.0221114
110,80,1.01021,-0.0108951,0.0216547
110,81,1.00998,-0.0117968,0.0211347
110,82,1.00976,-0.0126655,0.0205529
110,83,1.00955,-0.0134977,0.0199113
110,84,1.00937,-0.01429,0.0192122
110,85,1.00921,-0.015039,0.0184582
110,86,1.00908,-0.015742,0.0176526
110,87,1.00898,-0.0163962,0.0167986
110,88,1.00891,-0.0169991,0.0159005
110,89,1.00887,-0.0175489,0.0149624
110,90,1.00887,-0.0180436,0.0139892
110,91,1.0089,-0.018482,0.0129858
110,92,1.00898,-0.0188631,0.0119579
110,93,1.00909,-0.0191859,0.0109109
110,94,1.00923,-0.0194501,0.00985126
110,95,1.00941,-0.0196553,0.00878469
110,96,1.00963,-0.0198016,0.00771815
110,97,1.00988,-0.0198889,0.00665746
110,98,1.01016,-0.0199176,0.00560998
110,99,1.01046,-0.0198877,0.00458135
110,100,1.0108,-0.0197999,0.00357911
110,101,1.01115,-0.0196543,0.00260846
110,102,1.01152,-0.0194516,0.00167693
110,103,1.01191,-0.0191924,0.000789002
110,104,1.01231,-0.0188776,-4.80227e-05
110,105,1.01272,-0.0185083,-0.000830674
110,106,1.01313,-0.0180861,-0.0015521
110,107,1.01355,-0.0176135,-0.00221008
110,108,1.01396,-0.0170938,-0.00279851
110,109,1.01437,-0.0165322,-0.00331669
110,110,1.01477,-0.0159361,-0.00375957
110,111,1.01516,-0.015316,-0.00412838
110,112,1.01554,-0.0146861,-0.00441961
110,113,1.0159,-0.014064,-0.00463685
110,114,1.01624,-0.0134696,-0.0047787
110,115,1.01657,-0.0129209,-0.00485135
110,116,1.01687,-0.0124285,-0.00485525
110,117,1.01715,-0.011986,-0.00479791
110,118,1.01741,-0.0115595,-0.00467878
110,119,1.01764,-0.0110792,-0.00450164
110,120,1.01784,-0.0104386,-0.00425791
110,121,1.01802,-0.00950887,-0.0039393
110,122,1.01817,-0.00817534,-0.00352212
110,123,1.01829,-0.00639864,-0.00298456
110,124,1.01838,-0.00429387,-0.00230074
110,125,1.01844,-0.00220901,-0.00146765
110,126,1.01847,-0.000766461,-0.000502151
110,127,1,-0.00343474,0
111,0,1,0,0
111,1,0.972796,-0.00126547,-0.000469566
111,2,0.972833,-0.00207022,-0.00142403
111,3,0.972927,-0.00185669,-0.00237617
111,4,0.973085,-0.00121467,-0.00327849
111,5,0.973307,-0.000550744,-0.0041164
111,6,0.973591,-6.51969e-05,-0.00489939
111,7,0.973936,0.000199135,-0.00563879
111,8,0.974342,0.000290676,-0.00634821
111,9,0.974805,0.000292444,-0.00703308
111,10,0.975326,0.00028513,-0.00769713
111,11,0.975901,0.00032917,-0.00833655
111,12,0.976529,0.000460424,-0.00894807
111,13,0.977208,0.000693445,-0.00952376
111,14,0.977935,0.00102761,-0.0100584
111,15,0.978709,0.00145325,-0.010544
111,16,0.979527,0.00195652,-0.0109762
111,17,0.980387,0.00252256,-0.0113486
111,18,0.981285,0.00313735,-0.0116586
111,19,0.982219,0.00378846,-0.0119018
111,20,0.983184,0.00446524,-0.0120769
111,21,0.984179,0.00515862,-0.0121813
111,22,0.985199,0.0058608,-0.012215
111,23,0.98624,0.006565,-0.0121765
111,24,0.987299,0.00726514,-0.0120667
111,25,0.988372,0.00795569,-0.0118851
111,26,0.989454,0.00863155,-0.0116332
111,27,0.990541,0.00928794,-0.0113114
111,28,0.99163,0.00992041,-0.0109217
111,29,0.992717,0.0105248,-0.0104651
111,30,0.993797,0.0110973,-0.00994444
111,31,0.994867,0.0116343,-0.00936117
111,32,0.995924,0.0121326,-0.00871852
111,33,0.996965,0.0125895,-0.00801869
111,34,0.997985,0.0130024,-0.00726532
111,35,0.998984,0.0133691,-0.00646112
111,36,0.999957,0.0136879,-0.0056101
111,37,1.0009,0.0139574,-0.00471545
111,38,1.00182,0.0141763,-0.00378145
111,39,1.00271,0.0143439,-0.00281167
111,40,1.00356,0.0144597,-0.00181059
111,41,1.00438,0.0145233,-0.000782032
111,42,1.00517,0.0145348,0.000269377
111,43,1.00592,0.0144944,0.00133967
111,44,1.00664,0.0144025,0.00242416
111,45,1.00732,0.0142596,0.00351881
111,46,1.00796,0.0140665,0.00461897
111,47,1.00857,0.0138241,0.00572057
111,48,1.00914,0.0135335,0.00681905
111,49,1.00967,0.0131956,0.00791042
111,50,1.01016,0.0128118,0.00899024
111,51,1.01062,0.0123834,0.0100547
111,52,1.01104,0.0119116,0.0110994
111,53,1.01142,0.011398,0.0121208
111,54,1.01177,0.0108441,0.0131149
111,55,1.01208,0.0102515,0.0140782
111,56,1.01235,0.00962175,0.015007
111,57,1.01259,0.00895669,0.0158981
111,58,1.01279,0.0082581,0.0167482
111,59,1.01296,0.00752784,0.0175546
111,60,1.01309,0.00676788,0.0183141
111,61,1.01318,0.00598026,0.0190243
111,62,1.01325,0.00516714,0.0196828
111,63,1.01328,0.00433074,0.0202874
111,64,1.01327,0.00347343,0.0208359
111,65,1.01324,0.00259764,0.0213266
111,66,1.01317,0.00170596,0.0217578
111,67,1.01308,0.000801056,0.0221281
111,68,1.01295,-0.000114283,0.022436
111,69,1.0128,-0.00103716,0.0226806
111,70,1.01263,-0.00196456,0.0228607
111,71,1.01243,-0.00289338,0.0229757
111,72,1.0122,-0.00382043,0.0230247
111,73,1.01197,-0.00474244,0.0230075
111,74,1.01171,-0.00565606,0.0229237
111,75,1.01144,-0.00655791,0.0227731
111,76,1.01117,-0.00744458,0.0225559
111,77,1.01089,-0.00831266,0.0222726
111,78,1.0106,-0.00915875,0.0219235
111,79,1.01032,-0.00997952,0.0215097
111,80,1.01004,-0.0107717,0.0210323
111,81,1.00978,-0.0115322,0.0204929
111,82,1.00952,-0.0122579,0.0198931
111,83,1.00929,-0.012946,0.0192353
111,84,1.00907,-0.013594,0.0185219
111,85,1.00888,-0.0141995,0.0177559
111,86,1.00872,-0.0147603,0.0169407
111,87,1.00858,-0.0152747,0.0160799
111,88,1.00848,-0.0157411,0.0151778
111,89,1.00842,-0.0161583,0.0142385
111,90,1.00839,-0.0165253,0.0132672
111,91,1.00839,-0.0168417,0.0122686
111,92,1.00844,-0.0171071,0.0112486
111,93,1.00852,-0.0173213,0.0102124
111,94,1.00864,-0.0174845,0.00916637
111,95,1.0088,-0.017597,0.008116
111,96,1.009,-0.0176592,0.00706815
111,97,1.00923,-0.0176716,0.00602829
111,98,1.00949,-0.0176346,0.00500364
111,99,1.00978,-0.017549,0.00399943
111,100,1.0101,-0.0174152,0.00302304
111,101,1.01044,-0.0172338,0.00207922
111,102,1.01081,-0.0170055,0.00117539
111,103,1.01119,-0.0167308,0.000315531
111,104,1.01158,-0.0164106,-0.000493089
111,105,1.01199,-0.016046,-0.00124746
111,106,1.0124,-0.0156383,-0.00194069
111,107,1.01282,-0.0151896,-0.00257099
111,108,1.01324,-0.014703,-0.0031321
111,109,1.01365,-0.0141828,-0.00362373
111,110,1.01406,-0.0136359,-0.00404059
111,111,1.01446,-0.0130718,-0.00438428
111,112,1.01484,-0.0125035,-0.00465102
111,113,1.01521,-0.0119472,-0.00484479
111,114,1.01557,-0.0114211,-0.00496389
111,115,1.0159,-0.0109419,-0.00501501
111,116,1.01622,-0.0105188,-0.00499831
111,117,1.01651,-0.0101449,-0.00492181
111,118,1.01677,-0.00978736,-0.00478464
111,119,1.01701,-0.00937931,-0.00459099
111,120,1.01722,-0.00881933,-0.00433175
111,121,1.01741,-0.00798524,-0.00399873
111,122,1.01756,-0.00676871,-0.00356774
111,123,1.01769,-0.00513236,-0.00301762
111,124,1.01778,-0.00318285,-0.00232027
111,125,1.01784,-0.00124293,-0.00147398
111,126,1.01788,0.000105614,-0.000510526
111,127,1,-0.00343474,0
112,0,1,0,0
112,1,0.973343,-0.000393899,-0.000456215
112,2,0.973364,-0.00116351,-0.00142253
112,3,0.973452,-0.000972688,-0.0023849
112,4,0.973605,-0.000376403,-0.00330224
112,5,0.973821,0.000245064,-0.00415779
112,6,0.9741,0.00070382,-0.00495863
112,7,0.974441,0.000958712,-0.00571613
112,8,0.974842,0.00105422,-0.00644453
112,9,0.975301,0.00106772,-0.00714925
112,10,0.975818,0.00107463,-0.00783435
112,11,0.976389,0.00113133,-0.00849572
112,12,0.977015,0.00127096,-0.00913011
112,13,0.977691,0.00150649,-0.00972906
112,14,0.978418,0.00183656,-0.0102872
112,15,0.979191,0.00225133,-0.0107961
112,16,0.980009,0.00273711,-0.0112512
112,17,0.980869,0.0032794,-0.0116457
112,18,0.981768,0.0038646,-0.0119771
112,19,0.982703,0.00448077,-0.0122405
112,20,0.983671,0.00511774,-0.0124349
112,21,0.984669,0.00576693,-0.0125572
112,22,0.985692,0.00642108,-0.0126077
112,23,0.986737,0.00707393,-0.0125846
112,24,0.9878,0.00771997,-0.012489
112,25,0.988876,0.00835428,-0.0123202
112,26,0.989963,0.00897235,-0.01208
112,27,0.991055,0.00957008,-0.0117684
112,28,0.992149,0.0101436,-0.0113879
112,29,0.99324,0.0106896,-0.0109392
112,30,0.994326,0.0112046,-0.0104253
112,31,0.995401,0.011686,-0.00984768
112,32,0.996463,0.012131,-0.00920966
112,33,0.997508,0.0125374,-0.00851342
112,34,0.998533,0.0129031,-0.00776272
112,35,0.999535,0.0132266,-0.00696026
112,36,1.00051,0.0135065,-0.00611019
112,37,1.00146,0.0137414,-0.00521568
112,38,1.00238,0.0139307,-0.00428116
112,39,1.00327,0.0140737,-0.00331017
112,40,1.00412,0.01417,-0.00230736
112,41,1.00494,0.0142194,-0.00127654
112,42,1.00573,0.0142218,-0.000222509
112,43,1.00648,0.0141776,0.000850749
112,44,1.00719,0.0140869,0.0019384
112,45,1.00786,0.0139502,0.00303635
112,46,1.0085,0.0137681,0.00413978
112,47,1.0091,0.0135414,0.00524459
112,48,1.00966,0.0132708,0.00634602
112,49,1.01018,0.0129573,0.00744003
112,50,1.01066,0.0126017,0.008522
112,51,1.01111,0.0122052,0.00958799
112,52,1.01151,0.0117689,0.0106336
112,53,1.01188,0.0112939,0.011655
112,54,1.01221,0.0107815,0.0126482
112,55,1.01251,0.0102331,0.0136095
112,56,1.01276,0.00965006,0.0145351
112,57,1.01298,0.00903377,0.0154218
112,58,1.01316,0.00838578,0.0162661
112,59,1.01331,0.00770768,0.0170651
112,60,1.01342,0.00700112,0.0178159
112,61,1.0135,0.00626785,0.0185158
112,62,1.01354,0.00550969,0.0191624
112,63,1.01355,0.00472854,0.0197535
112,64,1.01352,0.00392641,0.0202868
112,65,1.01346,0.0031054,0.0207609
112,66,1.01337,0.0022677,0.0211739
112,67,1.01325,0.00141565,0.0215245
112,68,1.0131,0.000551645,0.0218115
112,69,1.01292,-0.000321767,0.0220338
112,70,1.01272,-0.00120194,0.0221907
112,71,1.01249,-0.00208611,0.0222814
112,72,1.01224,-0.0029714,0.0223056
112,73,1.01197,-0.00385486,0.022263
112,74,1.01169,-0.00473339,0.0221534
112,75,1.01139,-0.00560388,0.0219773
112,76,1.01109,-0.0064631,0.0217348
112,77,1.01078,-0.0073078,0.0214268
112,78,1.01047,-0.00813472,0.0210539
112,79,1.01016,-0.00894059,0.0206176
112,80,1.00985,-0.00972219,0.0201192
112,81,1.00956,-0.0104764,0.0195606
112,82,1.00928,-0.0112001,0.0189439
112,83,1.00902,-0.0118905,0.0182716
112,84,1.00878,-0.0125448,0.0175465
112,85,1.00856,-0.0131606,0.0167717
112,86,1.00837,-0.0137356,0.015951
112,87,1.00822,-0.0142678,0.0150879
112,88,1.0081,-0.0147554,0.014187
112,89,1.00801,-0.0151972,0.0132526
112,90,1.00796,-0.015592,0.0122897
112,91,1.00795,-0.0159391,0.0113032
112,92,1.00798,-0.0162378,0.0102987
112,93,1.00804,-0.0164879,0.00928146
112,94,1.00815,-0.0166894,0.00825761
112,95,1.00829,-0.0168424,0.00723237
112,96,1.00848,-0.016947,0.00621245
112,97,1.00869,-0.0170036,0.00520293
112,98,1.00895,-0.0170125,0.0042108
112,99,1.00923,-0.0169741,0.00324082
112,100,1.00954,-0.0168888,0.00230019
112,101,1.00988,-0.0167569,0.00139312
112,102,1.01023,-0.0165789,0.00052686
112,103,1.01061,-0.016355,-0.000295126
112,104,1.011,-0.016086,-0.00106567
112,105,1.01141,-0.0157725,-0.00178227
112,106,1.01182,-0.0154156,-0.00243803
112,107,1.01224,-0.0150171,-0.00303163
112,108,1.01266,-0.0145796,-0.00355671
112,109,1.01307,-0.0141071,-0.00401338
112,110,1.01348,-0.013606,-0.00439617
112,111,1.01389,-0.0130851,-0.00470707
112,112,1.01428,-0.0125569,-0.00494201
112,113,1.01465,-0.0120367,-0.00510542
112,114,1.01501,-0.0115421,-0.00519531
112,115,1.01535,-0.0110892,-0.00521881
112,116,1.01567,-0.0106873,-0.00517583
112,117,1.01597,-0.0103308,-0.00507486
112,118,1.01624,-0.0099895,-0.00491466
112,119,1.01648,-0.00960185,-0.0046998
112,120,1.0167,-0.00907387,-0.00442061
112,121,1.01688,-0.00829245,-0.00406928
112,122,1.01704,-0.00715746,-0.00362086
112,123,1.01716,-0.0056345,-0.00305428
112,124,1.01725,-0.0038215,-0.00234302
112,125,1.01731,-0.00201433,-0.0014862
112,126,1.01733,-0.000749094,-0.000504497
112,127,1,-0.00343474,0
113,0,1,0,0
113,1,0.973875,-0.00119156,-0.000460128
113,2,0.973896,-0.00191827,-0.0014198
113,3,0.973977,-0.00175861,-0.00239495
113,4,0.974123,-0.00122861,-0.00332863
113,5,0.974333,-0.000677814,-0.00420091
113,6,0.974607,-0.000279617,-0.0050198
113,7,0.974944,-7.25219e-05,-0.00579594
113,8,0.975342,-1.55175e-05,-0.00654386
113,9,0.9758,-3.66638e-05,-0.00726903
113,10,0.976315,-6.55175e-05,-0.00797588
113,11,0.976886,-4.92149e-05,-0.00866
113,12,0.977511,4.35039e-05,-0.00931816
113,13,0.978188,0.000225124,-0.00994139
113,14,0.978915,0.000494809,-0.0105243
113,15,0.979689,0.000843878,-0.0110577
113,16,0.980508,0.0012601,-0.0115373
113,17,0.98137,0.0017305,-0.0119557
113,18,0.982271,0.00224296,-0.0123103
113,19,0.983208,0.00278682,-0.0125962
113,20,0.984179,0.003353,-0.0128122
113,21,0.985179,0.00393383,-0.0129551
113,22,0.986206,0.00452271,-0.0130253
113,23,0.987255,0.00511392,-0.0130207
113,24,0.988322,0.00570229,-0.0129426
113,25,0.989403,0.00628311,-0.0127901
113,26,0.990495,0.006852,-0.0125652
113,27,0.991593,0.00740485,-0.0122678
113,28,0.992692,0.0079378,-0.0119005
113,29,0.99379,0.00844723,-0.0114639
113,30,0.994881,0.00892979,-0.0109612
113,31,0.995962,0.0093824,-0.0103937
113,32,0.997029,0.00980226,-0.00976491
113,33,0.99808,0.0101869,-0.00907702
113,34,0.999109,0.0105341,-0.00833389
113,35,1.00012,0.0108419,-0.00753819
113,36,1.0011,0.0111089,-0.0066942
113,37,1.00205,0.0113337,-0.00580507
113,38,1.00297,0.0115153,-0.00487538
113,39,1.00386,0.0116531,-0.00390866
113,40,1.00471,0.0117465,-0.00290971
113,41,1.00553,0.0117954,-0.00188236
113,42,1.00631,0.0117996,-0.000831549
113,43,1.00706,0.0117595,0.000238698
113,44,1.00777,0.0116754,0.00132339
113,45,1.00844,0.0115478,0.00241839
113,46,1.00906,0.0113773,0.00351871
113,47,1.00965,0.0111649,0.00462017
113,48,1.0102,0.0109112,0.00571787
113,49,1.01071,0.0106175,0.00680768
113,50,1.01119,0.0102846,0.00788483
113,51,1.01162,0.00991389,0.00894528
113,52,1.01201,0.00950648,0.00998449
113,53,1.01236,0.00906369,0.0109986
113,54,1.01268,0.00858689,0.0119833
113,55,1.01296,0.00807751,0.012935
113,56,1.01319,0.00753702,0.0138498
113,57,1.0134,0.00696701,0.0147243
113,58,1.01356,0.00636908,0.0155551
113,59,1.01369,0.00574494,0.0163391
113,60,1.01378,0.00509637,0.0170734
113,61,1.01384,0.00442524,0.0177554
113,62,1.01386,0.00373347,0.0183824
113,63,1.01384,0.00302312,0.0189525
113,64,1.01379,0.0022963,0.0194635
113,65,1.01371,0.00155522,0.0199139
113,66,1.0136,0.000802214,0.0203019
113,67,1.01345,3.96721e-05,0.0206264
113,68,1.01328,-0.000729908,0.0208862
113,69,1.01307,-0.00150395,0.0210807
113,70,1.01284,-0.00227978,0.021209
113,71,1.01259,-0.00305468,0.0212708
113,72,1.01232,-0.00382585,0.0212659
113,73,1.01202,-0.00459046,0.0211943
113,74,1.01171,-0.00534562,0.0210562
113,75,1.01138,-0.00608844,0.0208522
113,76,1.01105,-0.00681605,0.020583
113,77,1.01071,-0.00752557,0.0202495
113,78,1.01037,-0.0082142,0.0198529
113,79,1.01003,-0.0088792,0.0193948
113,80,1.00969,-0.00951794,0.018877
113,81,1.00937,-0.0101279,0.0183017
113,82,1.00906,-0.0107068,0.0176713
113,83,1.00877,-0.0112524,0.0169884
113,84,1.0085,-0.0117627,0.0162563
113,85,1.00825,-0.0122361,0.0154782
113,86,1.00803,-0.0126711,0.014658
113,87,1.00785,-0.0130665,0.0137995
113,88,1.0077,-0.0134213,0.0129072
113,89,1.00758,-0.0137349,0.0119855
113,90,1.00751,-0.014007,0.0110395
113,91,1.00747,-0.0142373,0.0100738
113,92,1.00747,-0.014426,0.00909412
113,93,1.00752,-0.0145733,0.00810528
113,94,1.0076,-0.0146797,0.00711339
113,95,1.00773,-0.0147458,0.00612328
113,96,1.00789,-0.0147721,0.00514145
113,97,1.00809,-0.0147593,0.00417248
113,98,1.00833,-0.014708,0.00322318
113,99,1.0086,-0.0146188,0.00229772
113,100,1.0089,-0.0144923,0.0014031
113,101,1.00922,-0.0143289,0.000542936
113,102,1.00957,-0.0141291,-0.000275693
113,103,1.00995,-0.0138933,-0.00104992
113,104,1.01034,-0.013622,-0.00177267
113,105,1.01074,-0.0133159,-0.002442
113,106,1.01115,-0.0129758,-0.00305103
113,107,1.01157,-0.0126031,-0.00359895
113,108,1.01199,-0.0122001,-0.00407927
113,109,1.01242,-0.0117703,-0.00449259
113,110,1.01283,-0.0113192,-0.00483319
113,111,1.01325,-0.0108548,-0.00510351
113,112,1.01365,-0.0103883,-0.00529921
113,113,1.01403,-0.00993357,-0.00542514
113,114,1.0144,-0.00950662,-0.00547902
113,115,1.01475,-0.00912204,-0.00546849
113,116,1.01508,-0.00878792,-0.00539313
113,117,1.01539,-0.00849816,-0.00526196
113,118,1.01567,-0.00822386,-0.00507336
113,119,1.01592,-0.00790632,-0.00483233
113,120,1.01614,-0.00745682,-0.00452866
113,121,1.01634,-0.00676889,-0.00415477
113,122,1.0165,-0.00574851,-0.00368531
113,123,1.01663,-0.00436283,-0.00310019
113,124,1.01673,-0.00270089,-0.00237098
113,125,1.01679,-0.00103225,-0.00149799
113,126,1.01682,0.000152562,-0.00051499
113,127,1,-0.00343474,0
114,0,1,0,0
114,1,0.974367,-0.000266452,-0.000450698
114,2,0.974375,-0.000931593,-0.00142364
114,3,0.974452,-0.000781808,-0.00240945
114,4,0.974595,-0.000290681,-0.00335803
114,5,0.974803,0.000221812,-0.00424795
114,6,0.975075,0.000596541,-0.00508522
114,7,0.97541,0.000797764,-0.00588037
114,8,0.975807,0.000862977,-0.00664851
114,9,0.976264,0.00085848,-0.00739501
114,10,0.976779,0.000849256,-0.00812464
114,11,0.97735,0.000883881,-0.00883267
114,12,0.977976,0.000990722,-0.00951591
114,13,0.978654,0.00118059,-0.0101649
114,14,0.979383,0.00145188,-0.010774
114,15,0.98016,0.00179575,-0.0113338
114,16,0.980982,0.00220015,-0.0118397
114,17,0.981847,0.00265249,-0.012284
114,18,0.982753,0.00314108,-0.0126643
114,19,0.983695,0.00365574,-0.0129751
114,20,0.984671,0.00418786,-0.0132155
114,21,0.985677,0.00473023,-0.0133821
114,22,0.98671,0.00527675,-0.0134752
114,23,0.987765,0.00582217,-0.0134926
114,24,0.988839,0.00636186,-0.0134359
114,25,0.989927,0.00689165,-0.0133039
114,26,0.991025,0.00740774,-0.0130987
114,27,0.99213,0.00790663,-0.0128201
114,28,0.993237,0.00838506,-0.0124708
114,29,0.994341,0.00884004,-0.0120514
114,30,0.995438,0.00926885,-0.0115652
114,31,0.996526,0.009669,-0.0110134
114,32,0.997599,0.0100383,-0.0103997
114,33,0.998654,0.0103748,-0.00972607
114,34,0.999689,0.0106767,-0.00899667
114,35,1.0007,0.0109428,-0.00821405
114,36,1.00168,0.0111717,-0.00738264
114,37,1.00264,0.0113625,-0.00650555
114,38,1.00356,0.0115147,-0.0055875
114,39,1.00445,0.0116275,-0.00463202
114,40,1.0053,0.0117008,-0.00364405
114,41,1.00612,0.0117344,-0.00262742
114,42,1.0069,0.0117283,-0.00158721
114,43,1.00764,0.0116828,-0.000527496
114,44,1.00834,0.0115981,0.000546595
114,45,1.009,0.0114747,0.00163087
114,46,1.00962,0.0113131,0.00272018
114,47,1.0102,0.0111139,0.00381031
114,48,1.01074,0.0108778,0.00489619
114,49,1.01124,0.0106058,0.00597361
114,50,1.0117,0.0102985,0.00703766
114,51,1.01212,0.00995689,0.00808424
114,52,1.01249,0.00958202,0.00910866
114,53,1.01283,0.0091749,0.010107
114,54,1.01313,0.00873662,0.0110748
114,55,1.01339,0.00826834,0.0120085
114,56,1.01361,0.00777127,0.0129041
114,57,1.01379,0.00724667,0.0137581
114,58,1.01394,0.00669587,0.014567
114,59,1.01404,0.00612028,0.0153279
114,60,1.01411,0.00552136,0.0160377
114,61,1.01415,0.00490063,0.0166939
114,62,1.01415,0.00425971,0.0172939
114,63,1.01411,0.00360029,0.0178358
114,64,1.01404,0.00292414,0.0183174
114,65,1.01393,0.00223311,0.0187374
114,66,1.01379,0.00152914,0.0190942
114,67,1.01362,0.000814289,0.0193868
114,68,1.01342,9.06661e-05,0.0196142
114,69,1.01319,-0.000639506,0.019776
114,70,1.01294,-0.00137392,0.0198715
114,71,1.01266,-0.00211018,0.0199007
114,72,1.01236,-0.00284582,0.0198637
114,73,1.01203,-0.00357828,0.0197609
114,74,1.0117,-0.00430497,0.0195926
114,75,1.01135,-0.00502322,0.0193599
114,76,1.01098,-0.00573034,0.0190636
114,77,1.01062,-0.00642365,0.0187053
114,78,1.01025,-0.00710043,0.0182863
114,79,1.00988,-0.00775805,0.0178087
114,80,1.00952,-0.00839389,0.0172745
114,81,1.00917,-0.00900545,0.0166861
114,82,1.00884,-0.00959035,0.0160464
114,83,1.00852,-0.0101463,0.0153583
114,84,1.00823,-0.0106713,0.0146251
114,85,1.00796,-0.0111635,0.0138503
114,86,1.00772,-0.0116211,0.013038
114,87,1.00752,-0.0120429,0.012192
114,88,1.00735,-0.0124277,0.0113168
114,89,1.00721,-0.0127745,0.0104169
114,90,1.00712,-0.0130828,0.00949721
114,91,1.00707,-0.0133521,0.00856227
114,92,1.00705,-0.0135824,0.00761763
114,93,1.00708,-0.0137736,0.00666777
114,94,1.00716,-0.0139258,0.00571867
114,95,1.00727,-0.0140395,0.00477466
114,96,1.00742,-0.0141149,0.00384201
114,97,1.00761,-0.0141525,0.00292479
114,98,1.00784,-0.0141527,0.0020295
114,99,1.0081,-0.0141157,0.00115974
114,100,1.00839,-0.0140421,0.000322235
114,101,1.00871,-0.0139319,-0.000480043
114,102,1.00906,-0.0137855,-0.00124021
114,103,1.00943,-0.0136032,-0.00195604
114,104,1.00982,-0.013385,-0.00262059
114,105,1.01022,-0.0131316,-0.00323252
114,106,1.01063,-0.0128434,-0.00378496
114,107,1.01105,-0.0125217,-0.00427765
114,108,1.01148,-0.0121684,-0.004704
114,109,1.0119,-0.0117866,-0.0050651
114,110,1.01232,-0.0113814,-0.00535503
114,111,1.01274,-0.0109603,-0.00557668
114,112,1.01314,-0.0105336,-0.00572542
114,113,1.01354,-0.0101146,-0.00580659
114,114,1.01391,-0.00971846,-0.00581756
114,115,1.01427,-0.00935907,-0.0057665
114,116,1.01461,-0.00904457,-0.00565264
114,117,1.01492,-0.00877008,-0.00548549
114,118,1.01521,-0.00850967,-0.00526298
114,119,1.01546,-0.00821,-0.00499048
114,120,1.01569,-0.00779006,-0.00465719
114,121,1.01589,-0.0071525,-0.00425592
114,122,1.01606,-0.00621132,-0.00376077
114,123,1.01618,-0.00493617,-0.00315202
114,124,1.01628,-0.00340681,-0.00240313
114,125,1.01634,-0.00186522,-0.00151546
114,126,1.01635,-0.000752465,-0.000511315
114,127,1,-0.00343474,0
115,0,1,0,0
115,1,0.974831,-0.00107699,-0.000456203
115,2,0.97484,-0.0016763,-0.00142678
115,3,0.974912,-0.0015465,-0.00242637
115,4,0.975051,-0.00111627,-0.00339218
115,5,0.975256,-0.000671892,-0.00430017
115,6,0.975526,-0.000356233,-0.00515712
115,7,0.975861,-0.00020143,-0.00597278
115,8,0.976258,-0.000173199,-0.00676252
115,9,0.976716,-0.000210915,-0.0075317
115,10,0.977233,-0.000255027,-0.00828547
115,11,0.977807,-0.000260898,-0.0090188
115,12,0.978436,-0.000202328,-0.00972857
115,13,0.979118,-6.9115e-05,-0.0104048
115,14,0.979851,0.000137672,-0.011042
115,15,0.980632,0.000410432,-0.01163
115,16,0.981459,0.00073871,-0.0121644
115,17,0.982329,0.0011116,-0.0126372
115,18,0.98324,0.001519,-0.0130459
115,19,0.984188,0.00195217,-0.0133847
115,20,0.98517,0.00240372,-0.013653
115,21,0.986182,0.00286745,-0.0138469
115,22,0.987221,0.00333806,-0.0139671
115,23,0.988283,0.00381092,-0.0140111
115,24,0.989364,0.00428189,-0.0139806
115,25,0.99046,0.00474713,-0.0138742
115,26,0.991566,0.00520305,-0.0136942
115,27,0.992678,0.00564627,-0.0134402
115,28,0.993792,0.0060736,-0.0131151
115,29,0.994904,0.00648203,-0.0127193
115,30,0.996009,0.00686876,-0.0122563
115,31,0.997103,0.00723121,-0.0117271
115,32,0.998183,0.00756704,-0.0111356
115,33,0.999245,0.00787415,-0.0104836
115,34,1.00029,0.0081507,-0.00977552
115,35,1.0013,0.00839512,-0.00901372
115,36,1.00229,0.00860609,-0.00820281
115,37,1.00324,0.00878253,-0.00734584
115,38,1.00417,0.00892362,-0.00644768
115,39,1.00506,0.00902878,-0.00551181
115,40,1.00591,0.00909763,-0.00454333
115,41,1.00673,0.00912999,-0.00354605
115,42,1.0075,0.00912589,-0.00252522
115,43,1.00824,0.00908549,-0.0014849
115,44,1.00893,0.00900914,-0.000430389
115,45,1.00959,0.00889729,0.000634091
115,46,1.0102,0.00875052,0.00170326
115,47,1.01077,0.00856953,0.00277282
115,48,1.0113,0.0083551,0.00383759
115,49,1.01178,0.00810808,0.00489329
115,50,1.01223,0.00782941,0.00593489
115,51,1.01263,0.0075201,0.00695823
115,52,1.013,0.0071812,0.0079585
115,53,1.01332,0.00681383,0.00893176
115,54,1.0136,0.00641917,0.00987349
115,55,1.01384,0.00599845,0.01078
115,56,1.01404,0.00555295,0.0116473
115,57,1.01421,0.00508403,0.012472
115,58,1.01433,0.00459308,0.0132504
115,59,1.01442,0.00408158,0.0139797
115,60,1.01447,0.00355106,0.0146569
115,61,1.01449,0.00300312,0.0152795
115,62,1.01446,0.00243943,0.015845
115,63,1.0144,0.00186175,0.0163516
115,64,1.01431,0.00127189,0.0167973
115,65,1.01418,0.000671743,0.0171809
115,66,1.01402,6.32815e-05,0.017501
115,67,1.01383,-0.000551459,0.0177568
115,68,1.0136,-0.00117038,0.0179475
115,69,1.01335,-0.0017913,0.018073
115,70,1.01307,-0.00241202,0.0181329
115,71,1.01276,-0.00303026,0.0181275
115,72,1.01244,-0.00364373,0.0180572
115,73,1.01209,-0.00425009,0.0179226
115,74,1.01172,-0.00484701,0.0177246
115,75,1.01134,-0.00543216,0.0174644
115,76,1.01096,-0.00600322,0.0171433
115,77,1.01056,-0.00655794,0.0167632
115,78,1.01017,-0.00709411,0.0163257
115,79,1.00977,-0.0076096,0.0158332
115,80,1.00938,-0.00810239,0.0152881
115,81,1.00901,-0.0085706,0.0146931
115,82,1.00864,-0.00901249,0.0140512
115,83,1.0083,-0.00942648,0.0133655
115,84,1.00798,-0.00981119,0.0126397
115,85,1.00768,-0.0101655,0.0118773
115,86,1.00742,-0.0104883,0.0110824
115,87,1.00719,-0.0107791,0.0102588
115,88,1.00699,-0.0110373,0.00941129
115,89,1.00683,-0.0112626,0.00854388
115,90,1.00672,-0.0114549,0.00766161
115,91,1.00664,-0.0116146,0.00676867
115,92,1.00661,-0.0117418,0.00587047
115,93,1.00662,-0.0118372,0.00497111
115,94,1.00667,-0.0119011,0.00407632
115,95,1.00677,-0.0119344,0.00318993
115,96,1.0069,-0.0119377,0.00231795
115,97,1.00708,-0.0119116,0.00146382
115,98,1.00729,-0.0118569,0.000633791
115,99,1.00754,-0.0117739,-0.000169229
115,100,1.00783,-0.0116633,-0.000938757
115,101,1.00814,-0.0115254,-0.00167252
115,102,1.00848,-0.0113605,-0.00236383
115,103,1.00885,-0.0111688,-0.00301114
115,104,1.00923,-0.0109506,-0.00360764
115,105,1.00963,-0.0107062,-0.00415262
115,106,1.01005,-0.010436,-0.00463921
115,107,1.01047,-0.0101409,-0.00506774
115,108,1.0109,-0.00982244,-0.00543151
115,109,1.01133,-0.00948327,-0.00573212
115,110,1.01176,-0.00912767,-0.00596343
115,111,1.01218,-0.00876215,-0.00612879
115,112,1.0126,-0.00839593,-0.00622329
115,113,1.013,-0.00804084,-0.00625273
115,114,1.01338,-0.00771033,-0.00621418
115,115,1.01375,-0.00741689,-0.00611628
115,116,1.0141,-0.00716744,-0.00595795
115,117,1.01442,-0.00695683,-0.00574913
115,118,1.01472,-0.00676034,-0.00548733
115,119,1.01499,-0.00652778,-0.00517823
115,120,1.01523,-0.00618333,-0.0048104
115,121,1.01543,-0.00563613,-0.00437689
115,122,1.01561,-0.00480573,-0.00385146
115,123,1.01574,-0.00366266,-0.00321569
115,124,1.01584,-0.00227728,-0.00244172
115,125,1.01591,-0.00086513,-0.00153269
115,126,1.01593,0.000179845,-0.000523162
115,127,1,-0.00343474,0
116,0,1,0,0
116,1,0.975244,-0.000108172,-0.000450419
116,2,0.975244,-0.000625305,-0.00143626
116,3,0.975314,-0.000494191,-0.00244936
116,4,0.975452,-9.59652e-05,-0.00343289
116,5,0.975657,0.000314627,-0.00436137
116,6,0.975929,0.000610412,-0.00523972
116,7,0.976265,0.000763017,-0.00607745
116,8,0.976664,0.000803714,-0.00689042
116,9,0.977124,0.000787565,-0.00768392
116,10,0.977644,0.00076851,-0.00846347
116,11,0.978221,0.000786696,-0.0092238
116,12,0.978854,0.000865276,-0.00996188
116,13,0.97954,0.0010127,-0.0106673
116,14,0.980278,0.00122714,-0.0113345
116,15,0.981065,0.00150084,-0.011953
116,16,0.981898,0.00182359,-0.0125183
116,17,0.982775,0.00218487,-0.0130222
116,18,0.983693,0.00257505,-0.0134622
116,19,0.984649,0.00298585,-0.0138324
116,20,0.985639,0.00341033,-0.0141322
116,21,0.98666,0.00384272,-0.0143576
116,22,0.987708,0.00427816,-0.0145093
116,23,0.988779,0.00471248,-0.0145848
116,24,0.989869,0.00514197,-0.0145857
116,25,0.990974,0.0055633,-0.0145106
116,26,0.992089,0.00597341,-0.0143619
116,27,0.99321,0.00636946,-0.0141391
116,28,0.994334,0.00674881,-0.0138451
116,29,0.995454,0.00710903,-0.0134801
116,30,0.996567,0.0074479,-0.0130478
116,31,0.997669,0.00776339,-0.0125491
116,32,0.998756,0.00805372,-0.011988
116,33,0.999825,0.0083173,-0.0113662
116,34,1.00087,0.00855278,-0.0106881
116,35,1.00189,0.008759,-0.00995604
116,36,1.00288,0.00893505,-0.00917479
116,37,1.00384,0.00908018,-0.00834731
116,38,1.00477,0.00919386,-0.00747856
116,39,1.00566,0.00927571,-0.006572
116,40,1.00651,0.00932554,-0.00563282
116,41,1.00732,0.00934328,-0.00466484
116,42,1.00809,0.00932902,-0.00367341
116,43,1.00882,0.00928295,-0.0026626
116,44,1.00951,0.00920536,-0.00163782
116,45,1.01016,0.00909666,-0.00060333
116,46,1.01076,0.00895732,0.000435475
116,47,1.01132,0.00878789,0.00147429
116,48,1.01184,0.00858899,0.00250778
116,49,1.01231,0.0083613,0.00353167
116,50,1.01274,0.00810553,0.0045408
116,51,1.01313,0.00782248,0.00553102
116,52,1.01348,0.00751295,0.00649741
116,53,1.01378,0.00717782,0.00743602
116,54,1.01405,0.006818,0.0083423
116,55,1.01427,0.00643444,0.0092126
116,56,1.01445,0.00602816,0.0100428
116,57,1.0146,0.0056002,0.0108296
116,58,1.0147,0.00515166,0.0115694
116,59,1.01477,0.00468369,0.0122595
116,60,1.0148,0.00419752,0.0128967
116,61,1.01479,0.0036944,0.013479
116,62,1.01475,0.00317566,0.0140037
116,63,1.01467,0.0026427,0.0144694
116,64,1.01455,0.00209699,0.0148741
116,65,1.0144,0.00154004,0.0152168
116,66,1.01422,0.000973463,0.0154964
116,67,1.014,0.000398924,0.0157123
116,68,1.01375,-0.000181837,0.0158641
116,69,1.01348,-0.000767009,0.0159517
116,70,1.01317,-0.00135472,0.0159752
116,71,1.01284,-0.00194302,0.0159353
116,72,1.01249,-0.00252993,0.0158324
116,73,1.01212,-0.0031134,0.0156678
116,74,1.01173,-0.00369134,0.0154425
116,75,1.01132,-0.00426164,0.0151581
116,76,1.01091,-0.00482217,0.0148163
116,77,1.01049,-0.0053708,0.0144192
116,78,1.01007,-0.00590544,0.0139689
116,79,1.00965,-0.006424,0.0134679
116,80,1.00924,-0.0069245,0.012919
116,81,1.00884,-0.00740501,0.0123251
116,82,1.00846,-0.00786371,0.0116894
116,83,1.00809,-0.00829892,0.0110152
116,84,1.00775,-0.00870911,0.0103062
116,85,1.00744,-0.00909292,0.00956606
116,86,1.00715,-0.00944918,0.00879893
116,87,1.00691,-0.00977693,0.00800862
116,88,1.00669,-0.0100754,0.0071997
116,89,1.00652,-0.010344,0.00637606
116,90,1.00639,-0.0105825,0.00554265
116,91,1.0063,-0.0107906,0.00470327
116,92,1.00625,-0.0109684,0.00386316
116,93,1.00625,-0.011116,0.00302593
116,94,1.00629,-0.0112337,0.00219708
116,95,1.00637,-0.0113218,0.00137984
116,96,1.0065,-0.0113807,0.000579957
116,97,1.00667,-0.0114109,-0.000199813
116,98,1.00687,-0.0114125,-0.000953497
116,99,1.00712,-0.0113861,-0.0016789
116,100,1.00739,-0.0113317,-0.00236981
116,101,1.0077,-0.0112497,-0.00302468
116,102,1.00804,-0.0111401,-0.00363703
116,103,1.0084,-0.0110029,-0.00420604
116,104,1.00879,-0.0108383,-0.00472498
116,105,1.00919,-0.0106465,-0.00519385
116,106,1.0096,-0.0104276,-0.00560578
116,107,1.01003,-0.0101825,-0.00596168
116,108,1.01046,-0.00991234,-0.00625476
116,109,1.01089,-0.00961959,-0.00648712
116,110,1.01133,-0.00930809,-0.00665242
116,111,1.01175,-0.00898385,-0.00675448
116,112,1.01218,-0.00865537,-0.00678811
116,113,1.01258,-0.00833363,-0.00675956
116,114,1.01298,-0.00803121,-0.0066656
116,115,1.01335,-0.00775995,-0.00651533
116,116,1.01371,-0.00752677,-0.00630731
116,117,1.01404,-0.00732778,-0.0060519
116,118,1.01434,-0.00714143,-0.00574607
116,119,1.01462,-0.0069231,-0.00539571
116,120,1.01486,-0.00660483,-0.00498864
116,121,1.01508,-0.00610477,-0.00451816
116,122,1.01525,-0.00535,-0.00395744
116,123,1.01539,-0.00431258,-0.0032887
116,124,1.01549,-0.00305268,-0.00248649
116,125,1.01555,-0.00175801,-0.0015559
116,126,1.01557,-0.00077209,-0.000521433
116,127,1,-0.00343474,0
117,0,1,0,0
117,1,0.975621,-0.000929752,-0.000457011
117,2,0.975621,-0.00136137,-0.00144647
117,3,0.975688,-0.00123955,-0.00247772
117,4,0.975824,-0.000896452,-0.00348305
117,5,0.976029,-0.00055107,-0.00443424
117,6,0.976301,-0.000312718,-0.00533658
117,7,0.976639,-0.000205119,-0.00619876
117,8,0.977041,-0.000199835,-0.00703701
117,9,0.977506,-0.00024762,-0.00785665
117,10,0.978031,-0.000300354,-0.0086637
117,11,0.978613,-0.000322214,-0.00945265
117,12,0.979252,-0.000292464,-0.0102207
117,13,0.979945,-0.000203357,-0.0109569
117,14,0.98069,-5.61804e-05,-0.011656
117,15,0.981484,0.000142667,-0.012307
117,16,0.982325,0.00038467,-0.0129056
117,17,0.98321,0.00066112,-0.0134432
117,18,0.984136,0.000964097,-0.0139176
117,19,0.9851,0.00128684,-0.0143226
117,20,0.986099,0.0016237,-0.0146579
117,21,0.987129,0.00197001,-0.0149192
117,22,0.988186,0.00232179,-0.0151074
117,23,0.989267,0.00267555,-0.0152197
117,24,0.990367,0.00302817,-0.015258
117,25,0.991481,0.00337671,-0.0152207
117,26,0.992606,0.00371843,-0.0151101
117,27,0.993738,0.00405071,-0.0149257
117,28,0.99487,0.00437105,-0.0146704
117,29,0.996,0.00467709,-0.0143445
117,30,0.997122,0.00496662,-0.0139513
117,31,0.998233,0.00523761,-0.0134919
117,32,0.999328,0.00548819,-0.0129702
117,33,1.0004,0.00571672,-0.012388
117,34,1.00146,0.00592172,-0.0117495
117,35,1.00248,0.00610196,-0.0110571
117,36,1.00348,0.0062564,-0.0103156
117,37,1.00444,0.00638419,-0.00952781
117,38,1.00537,0.00648471,-0.00869884
117,39,1.00626,0.0065575,-0.00783206
117,40,1.00711,0.00660229,-0.00693275
117,41,1.00792,0.00661897,-0.00600469
117,42,1.00869,0.00660757,-0.00505332
117,43,1.00941,0.00656828,-0.00408268
117,44,1.01009,0.00650138,-0.00309829
117,45,1.01073,0.00640726,-0.00210439
117,46,1.01133,0.00628644,-0.00110647
117,47,1.01188,0.00613947,-0.000108833
117,48,1.01238,0.005967,0.0008831
117,49,1.01284,0.00576976,0.00186506
117,50,1.01326,0.00554849,0.00283181
117,51,1.01363,0.00530403,0.00377921
117,52,1.01397,0.00503723,0.0047023
117,53,1.01425,0.00474901,0.00559717
117,54,1.0145,0.00444031,0.00645922
117,55,1.01471,0.00411213,0.00728488
117,56,1.01488,0.0037655,0.00807002
117,57,1.015,0.00340151,0.00881149
117,58,1.01509,0.00302128,0.00950572
117,59,1.01514,0.00262598,0.0101501
117,60,1.01515,0.00221685,0.0107416
117,61,1.01512,0.00179515,0.0112782
117,62,1.01506,0.00136222,0.0117576
117,63,1.01495,0.000919428,0.0121784
117,64,1.01482,0.000468224,0.012539
117,65,1.01464,1.00925e-05,0.0128385
117,66,1.01444,-0.000453424,0.013076
117,67,1.0142,-0.000920736,0.0132513
117,68,1.01393,-0.0013902,0.0133641
117,69,1.01363,-0.00186015,0.0134149
117,70,1.0133,-0.00232886,0.0134038
117,71,1.01295,-0.0027946,0.0133319
117,72,1.01257,-0.00325559,0.0132001
117,73,1.01217,-0.00371007,0.0130097
117,74,1.01176,-0.00415627,0.0127623
117,75,1.01133,-0.00459243,0.0124598
117,76,1.01089,-0.00501681,0.012104
117,77,1.01045,-0.00542774,0.0116975
117,78,1.01,-0.00582357,0.0112425
117,79,1.00956,-0.00620275,0.010742
117,80,1.00913,-0.00656382,0.0101987
117,81,1.0087,-0.00690541,0.00961589
117,82,1.00829,-0.0072263,0.00899684
117,83,1.0079,-0.0075254,0.00834494
117,84,1.00754,-0.00780178,0.00766401
117,85,1.0072,-0.00805467,0.0069576
117,86,1.00689,-0.00828348,0.00622989
117,87,1.00662,-0.00848783,0.00548451
117,88,1.00639,-0.00866749,0.00472599
117,89,1.00619,-0.00882243,0.00395789
117,90,1.00604,-0.00895277,0.00318502
117,91,1.00593,-0.00905882,0.00241075
117,92,1.00587,-0.00914098,0.00164012
117,93,1.00585,-0.00919978,0.000876174
117,94,1.00588,-0.00923582,0.000124172
117,95,1.00595,-0.00924972,-0.000613293
117,96,1.00606,-0.00924213,-0.00133076
117,97,1.00622,-0.00921367,-0.00202618
117,98,1.00641,-0.00916487,-0.00269384
117,99,1.00665,-0.00909624,-0.00333232
117,100,1.00692,-0.00900814,-0.00393564
117,101,1.00722,-0.00890087,-0.004503
117,102,1.00756,-0.00877463,-0.00502812
117,103,1.00792,-0.00862953,-0.0055109
117,104,1.0083,-0.00846563,-0.00594474
117,105,1.0087,-0.00828303,-0.00633028
117,106,1.00912,-0.00808188,-0.00666067
117,107,1.00955,-0.00786264,-0.00693742
117,108,1.00998,-0.00762626,-0.0071536
117,109,1.01042,-0.00737459,-0.00731186
117,110,1.01086,-0.00711081,-0.00740563
117,111,1.0113,-0.00683997,-0.00743917
117,112,1.01173,-0.00656938,-0.00740701
117,113,1.01215,-0.00630858,-0.00731585
117,114,1.01255,-0.00606857,-0.00716216
117,115,1.01293,-0.00585967,-0.00695549
117,116,1.0133,-0.00568775,-0.00669404
117,117,1.01364,-0.0055488,-0.00638856
117,118,1.01396,-0.00542268,-0.00603545
117,119,1.01424,-0.00526816,-0.00564074
117,120,1.0145,-0.00502251,-0.00519135
117,121,1.01472,-0.00461001,-0.00468048
117,122,1.0149,-0.00396243,-0.00408078
117,123,1.01505,-0.0030514,-0.0033757
117,124,1.01516,-0.00192636,-0.00253925
117,125,1.01522,-0.0007481,-0.00157956
117,126,1.01524,0.000186889,-0.000534063
117,127,1,-0.00343474,0
118,0,1,0,0
118,1,0.97594,7.679e-05,-0.000454808
118,2,0.975933,-0.0002524,-0.00146351
118,3,0.975999,-0.000117986,-0.0025149
118,4,0.976136,0.000199585,-0.00354442
118,5,0.976343,0.000514814,-0.00452168
118,6,0.976619,0.000735814,-0.0054502
118,7,0.976961,0.000843876,-0.00633851
118,8,0.977367,0.000865024,-0.0072035
118,9,0.977836,0.000843028,-0.0080506
118,10,0.978366,0.000820225,-0.00888633
118,11,0.978955,0.000827734,-0.00970504
118,12,0.9796,0.000883092,-0.0105041
118,13,0.980299,0.000992242,-0.0112724
118,14,0.981052,0.00115313,-0.0120045
118,15,0.981854,0.00135928,-0.0126895
118,16,0.982703,0.00160243,-0.013323
118,17,0.983597,0.0018743,-0.0138964
118,18,0.984533,0.00216745,-0.0144076
118,19,0.985507,0.00247556,-0.0148503
118,20,0.986517,0.00279339,-0.0152243
118,21,0.987557,0.00311666,-0.0155252
118,22,0.988626,0.00344175,-0.0157542
118,23,0.989717,0.00376557,-0.0159082
118,24,0.990829,0.00408538,-0.0159892
118,25,0.991954,0.00439868,-0.0159955
118,26,0.993091,0.00470316,-0.0159294
118,27,0.994233,0.00499669,-0.0157902
118,28,0.995376,0.00527727,-0.015581
118,29,0.996516,0.00554304,-0.0153017
118,30,0.997648,0.00579232,-0.0149559
118,31,0.998768,0.00602358,-0.0145443
118,32,0.999871,0.00623545,-0.0140709
118,33,1.00095,0.00642675,-0.0135374
118,34,1.00201,0.00659647,-0.0129479
118,35,1.00304,0.00674376,-0.0123049
118,36,1.00404,0.00686794,-0.0116129
118,37,1.00501,0.00696851,-0.0108748
118,38,1.00594,0.00704508,-0.0100958
118,39,1.00683,0.00709744,-0.009279
118,40,1.00768,0.00712546,-0.00842981
118,41,1.00849,0.00712917,-0.00755194
118,42,1.00925,0.00710867,-0.00665085
118,43,1.00997,0.00706417,-0.00573054
118,44,1.01065,0.00699593,-0.0047966
118,45,1.01128,0.00690432,-0.00385318
118,46,1.01186,0.00678972,-0.00290587
118,47,1.0124,0.00665261,-0.00195891
118,48,1.01289,0.00649349,-0.00101777
118,49,1.01334,0.00631288,-8.66868e-05
118,50,1.01375,0.00611138,0.000829082
118,51,1.01411,0.00588958,0.00172544
118,52,1.01442,0.00564812,0.00259742
118,53,1.0147,0.00538768,0.00344117
118,54,1.01493,0.00510894,0.00425212
118,55,1.01512,0.00481263,0.00502679
118,56,1.01526,0.0044995,0.00576109
118,57,1.01537,0.00417035,0.00645201
118,58,1.01544,0.003826,0.00709606
118,59,1.01547,0.0034673,0.00769075
118,60,1.01546,0.00309515,0.00823325
118,61,1.01541,0.00271051,0.00872171
118,62,1.01533,0.00231434,0.00915398
118,63,1.01521,0.00190769,0.00952886
118,64,1.01505,0.00149164,0.00984493
118,65,1.01486,0.00106731,0.0101017
118,66,1.01463,0.000635897,0.0102983
118,67,1.01437,0.000198628,0.010435
118,68,1.01407,-0.000243205,0.0105116
118,69,1.01375,-0.000688263,0.010529
118,70,1.0134,-0.00113515,0.0104876
118,71,1.01303,-0.00158244,0.0103888
118,72,1.01263,-0.00202864,0.0102337
118,73,1.01221,-0.00247223,0.010024
118,74,1.01177,-0.00291166,0.00976156
118,75,1.01132,-0.00334536,0.00944849
118,76,1.01086,-0.00377175,0.00908704
118,77,1.0104,-0.00418923,0.00867978
118,78,1.00993,-0.00459624,0.00822942
118,79,1.00947,-0.00499124,0.00773885
118,80,1.00901,-0.00537273,0.00721122
118,81,1.00857,-0.00573929,0.00664967
118,82,1.00814,-0.00608955,0.00605773
118,83,1.00773,-0.00642227,0.00543873
118,84,1.00735,-0.00673633,0.00479656
118,85,1.007,-0.0070307,0.00413461
118,86,1.00668,-0.00730454,0.00345705
118,87,1.00639,-0.00755713,0.00276726
118,88,1.00614,-0.00778794,0.00206966
118,89,1.00593,-0.00799656,0.00136743
118,90,1.00577,-0.00818277,0.000665229
118,91,1.00565,-0.00834647,-3.40699e-05
118,92,1.00557,-0.0084877,-0.000725645
118,93,1.00554,-0.00860659,-0.00140704
118,94,1.00556,-0.00870338,-0.00207326
118,95,1.00562,-0.00877833,-0.00272238
118,96,1.00573,-0.00883175,-0.00334922
118,97,1.00588,-0.00886395,-0.00395245
118,98,1.00607,-0.00887519,-0.00452663
118,99,1.0063,-0.00886572,-0.00507109
118,100,1.00657,-0.00883571,-0.00558009
118,101,1.00687,-0.00878526,-0.00605359
118,102,1.0072,-0.00871443,-0.00648549
118,103,1.00756,-0.00862322,-0.00687642
118,104,1.00794,-0.0085116,-0.00721987
118,105,1.00834,-0.00837958,-0.00751717
118,106,1.00876,-0.00822725,-0.00776146
118,107,1.00919,-0.00805499,-0.00795484
118,108,1.00963,-0.00786363,-0.00809027
118,109,1.01008,-0.00765481,-0.0081709
118,110,1.01052,-0.00743139,-0.00818995
118,111,1.01096,-0.00719792,-0.00815212
118,112,1.0114,-0.006961,-0.00805166
118,113,1.01182,-0.00672931,-0.00789569
118,114,1.01223,-0.00651292,-0.00768039
118,115,1.01263,-0.00632146,-0.00741575
118,116,1.013,-0.00616086,-0.00709962
118,117,1.01335,-0.00602852,-0.00674309
118,118,1.01367,-0.00590776,-0.00634198
118,119,1.01397,-0.00576329,-0.00590228
118,120,1.01423,-0.00554055,-0.00540987
118,121,1.01446,-0.00517278,-0.00485764
118,122,1.01465,-0.00459846,-0.00421712
118,123,1.0148,-0.00378901,-0.00347205
118,124,1.01491,-0.00278142,-0.00259896
118,125,1.01497,-0.0017072,-0.00160927
118,126,1.01498,-0.000811713,-0.000534139
118,127,1,-0.00343474,0
119,0,1,0,0
119,1,0.976211,-0.000748915,-0.000462255
119,2,0.976204,-0.000970527,-0.0014827
119,3,0.976268,-0.000834415,-0.00255944
119,4,0.976406,-0.000567447,-0.00361695
119,5,0.976615,-0.000316289,-0.00462161
119,6,0.976895,-0.000152712,-0.00557724
119,7,0.977241,-8.94475e-05,-0.00649213
119,8,0.977654,-0.000102936,-0.0073839
119,9,0.978129,-0.000155448,-0.00825829
119,10,0.978666,-0.000210889,-0.0091224
119,11,0.979262,-0.000242833,-0.00997044
119,12,0.979915,-0.000236371,-0.0108001
119,13,0.980623,-0.000186321,-0.0115999
119,14,0.981384,-9.41265e-05,-0.0123648
119,15,0.982195,3.51513e-05,-0.0130835
119,16,0.983054,0.000195083,-0.0137521
119,17,0.983958,0.00037927,-0.0143617
119,18,0.984904,0.000582025,-0.0149106
119,19,0.985889,0.000798588,-0.0153923
119,20,0.986909,0.00102506,-0.015807
119,21,0.987961,0.00125826,-0.0161501
119,22,0.98904,0.00149546,-0.0164229
119,23,0.990144,0.00173432,-0.0166222
119,24,0.991267,0.00197267,-0.0167502
119,25,0.992404,0.00220849,-0.0168047
119,26,0.993552,0.00243983,-0.0167885
119,27,0.994705,0.00266482,-0.0167004
119,28,0.99586,0.00288168,-0.0165435
119,29,0.997011,0.00308869,-0.0163176
119,30,0.998153,0.00328424,-0.0160262
119,31,0.999282,0.00346685,-0.01567
119,32,1.00039,0.00363515,-0.0152528
119,33,1.00149,0.00378794,-0.014776
119,34,1.00255,0.00392414,-0.014244
119,35,1.00359,0.00404285,-0.0136588
119,36,1.00459,0.00414331,-0.013025
119,37,1.00556,0.00422495,-0.0123455
119,38,1.00649,0.0042873,-0.0116252
119,39,1.00739,0.00433007,-0.0108672
119,40,1.00824,0.00435308,-0.010077
119,41,1.00904,0.00435629,-0.00925798
119,42,1.0098,0.00433975,-0.00841577
119,43,1.01052,0.00430363,-0.00755423
119,44,1.01119,0.00424818,-0.00667893
119,45,1.01181,0.00417372,-0.00579398
119,46,1.01239,0.00408065,-0.00490494
119,47,1.01292,0.00396941,-0.004016
119,48,1.0134,0.00384051,-0.00313263
119,49,1.01384,0.00369449,-0.00225899
119,50,1.01423,0.00353192,-0.00140033
119,51,1.01458,0.00335342,-0.000560673
119,52,1.01488,0.00315963,0.000255048
119,53,1.01514,0.00295121,0.00104308
119,54,1.01535,0.00272886,0.0017989
119,55,1.01552,0.0024933,0.00251913
119,56,1.01566,0.00224526,0.0031998
119,57,1.01575,0.00198553,0.003838
119,58,1.0158,0.0017149,0.00443037
119,59,1.01581,0.00143419,0.00497459
119,60,1.01578,0.00114428,0.00546798
119,61,1.01571,0.000846057,0.00590888
119,62,1.01561,0.000540442,0.00629533
119,63,1.01547,0.000228404,0.00662635
119,64,1.01529,-8.90596e-05,0.00690074
119,65,1.01508,-0.000410915,0.00711818
119,66,1.01483,-0.000736092,0.00727821
119,67,1.01455,-0.00106349,0.00738118
119,68,1.01424,-0.00139197,0.00742732
119,69,1.01389,-0.00172037,0.00741758
119,70,1.01352,-0.0020475,0.00735284
119,71,1.01313,-0.00237216,0.0072346
119,72,1.0127,-0.00269311,0.00706432
119,73,1.01226,-0.00300914,0.00684397
119,74,1.01181,-0.003319,0.00657556
119,75,1.01133,-0.00362148,0.00626145
119,76,1.01085,-0.00391537,0.00590412
119,77,1.01037,-0.0041995,0.00550629
119,78,1.00988,-0.00447273,0.00507085
119,79,1.00939,-0.00473398,0.00460077
119,80,1.00892,-0.00498224,0.00409931
119,81,1.00845,-0.00521658,0.00356963
119,82,1.008,-0.00543614,0.00301531
119,83,1.00757,-0.00564019,0.00243959
119,84,1.00717,-0.00582811,0.00184633
119,85,1.0068,-0.00599939,0.00123873
119,86,1.00646,-0.00615367,0.000620897
119,87,1.00615,-0.00629073,-4.13158e-06
119,88,1.00589,-0.00641045,-0.000632054
119,89,1.00567,-0.0065129,-0.00126012
119,90,1.00549,-0.00659822,-0.00188386
119,91,1.00535,-0.0066667,-0.00250092
119,92,1.00526,-0.00671872,-0.00310672
119,93,1.00522,-0.00675472,-0.00369939
119,94,1.00523,-0.00677521,-0.00427421
119,95,1.00528,-0.00678072,-0.00482991
119,96,1.00537,-0.00677178,-0.00536157
119,97,1.00552,-0.00674889,-0.00586858
119,98,1.0057,-0.00671251,-0.00634575
119,99,1.00592,-0.00666304,-0.00679313
119,100,1.00619,-0.00660079,-0.0072052
119,101,1.00648,-0.00652601,-0.00758265
119,102,1.00681,-0.00643882,-0.00791955
119,103,1.00717,-0.00633931,-0.00821722
119,104,1.00755,-0.00622746,-0.00846926
119,105,1.00796,-0.00610327,-0.00867762
119,106,1.00838,-0.00596674,-0.00883544
119,107,1.00881,-0.00581805,-0.00894541
119,108,1.00926,-0.00565774,-0.00900037
119,109,1.00971,-0.00548696,-0.00900394
119,110,1.01016,-0.00530792,-0.00894912
119,111,1.01061,-0.00512422,-0.00884105
119,112,1.01105,-0.00494127,-0.00867368
119,113,1.01149,-0.0047663,-0.00845454
119,114,1.01191,-0.0046078,-0.00817951
119,115,1.01231,-0.00447394,-0.00785903
119,116,1.0127,-0.00436968,-0.00749063
119,117,1.01306,-0.00429254,-0.00708579
119,118,1.01339,-0.00422764,-0.0066398
119,119,1.01369,-0.00414348,-0.00615864
119,120,1.01397,-0.00399115,-0.00562702
119,121,1.01421,-0.00371,-0.00503703
119,122,1.01441,-0.00324234,-0.00435872
119,123,1.01457,-0.00255705,-0.00357585
119,124,1.01468,-0.00167735,-0.00266415
119,125,1.01475,-0.000704583,-0.00163921
119,126,1.01477,0.000164286,-0.000547009
119,127,1,-0.00343474,0
120,0,1,0,0
120,1,0.976418,0.000294609,-0.000463357
120,2,0.976404,0.000199602,-0.00150736
120,3,0.97647,0.000358398,-0.00260982
120,4,0.976612,0.000602516,-0.00369397
120,5,0.976827,0.000823395,-0.00472393
120,6,0.977112,0.000969372,-0.00570317
120,7,0.977465,0.00103394,-0.00664081
120,8,0.977884,0.00103849,-0.00755567
120,9,0.978366,0.00101502,-0.00845373
120,10,0.978909,0.000993514,-0.00934259
120,11,0.979512,0.000995454,-0.0102163
120,12,0.980173,0.00103245,-0.0110728
120,13,0.980889,0.00110789,-0.0119004
120,14,0.981659,0.00121961,-0.0126944
120,15,0.982479,0.00136251,-0.0134433
120,16,0.983348,0.00153049,-0.0141438
120,17,0.984263,0.00171756,-0.0147867
120,18,0.98522,0.0019185,-0.0153709
120,19,0.986216,0.00212892,-0.0158898
120,20,0.987248,0.00234527,-0.0163438
120,21,0.988312,0.00256467,-0.0167283
120,22,0.989404,0.00278469,-0.0170447
120,23,0.99052,0.00300327,-0.0172897
120,24,0.991655,0.00321856,-0.0174656
120,25,0.992805,0.00342887,-0.01757
120,26,0.993965,0.00363264,-0.0176058
120,27,0.995131,0.00382838,-0.0175714
120,28,0.996297,0.00401475,-0.01747
120,29,0.997459,0.00419046,-0.0173012
120,30,0.998612,0.00435436,-0.0170685
120,31,0.999751,0.0045054,-0.016772
120,32,1.00087,0.00464267,-0.0164159
120,33,1.00197,0.00476537,-0.016001
120,34,1.00304,0.00487284,-0.0155318
120,35,1.00409,0.00496453,-0.01501
120,36,1.0051,0.00504002,-0.0144403
120,37,1.00607,0.00509902,-0.0138251
120,38,1.00701,0.00514131,-0.0131693
120,39,1.0079,0.00516681,-0.012476
120,40,1.00875,0.0051755,-0.0117505
120,41,1.00955,0.00516745,-0.010996
120,42,1.01031,0.0051428,-0.0102181
120,43,1.01102,0.00510175,-0.00942055
120,44,1.01169,0.00504454,-0.00860884
120,45,1.0123,0.00497145,-0.00778697
120,46,1.01287,0.00488283,-0.00696046
120,47,1.01339,0.004779,-0.00613342
120,48,1.01386,0.00466036,-0.00531124
120,49,1.01429,0.00452728,-0.00449801
120,50,1.01467,0.00438018,-0.00369892
120,51,1.015,0.00421948,-0.0029179
120,52,1.01529,0.0040456,-0.00215982
120,53,1.01553,0.003859,-0.00142833
120,54,1.01573,0.00366011,-0.000727866
120,55,1.01589,0.00344941,-6.16832e-05
120,56,1.01601,0.00322737,0.000566328
120,57,1.01608,0.00299448,0.00115342
120,58,1.01611,0.00275124,0.00169634
120,59,1.01611,0.0024982,0.00219295
120,60,1.01606,0.00223588,0.0026407
120,61,1.01598,0.00196487,0.00303812
120,62,1.01586,0.00168575,0.00338343
120,63,1.0157,0.00139916,0.00367584
120,64,1.0155,0.00110576,0.00391434
120,65,1.01527,0.000806249,0.00409886
120,66,1.015,0.000501351,0.00422912
120,67,1.0147,0.000191842,0.00430571
120,68,1.01437,-0.000121464,0.00432908
120,69,1.01401,-0.000437708,0.0043004
120,70,1.01362,-0.000755991,0.00422077
120,71,1.0132,-0.00107537,0.00409191
120,72,1.01276,-0.00139486,0.00391549
120,73,1.0123,-0.00171345,0.00369367
120,74,1.01182,-0.00203007,0.00342864
120,75,1.01133,-0.00234365,0.00312292
120,76,1.01083,-0.00265307,0.00277913
120,77,1.01033,-0.00295722,0.00240008
120,78,1.00982,-0.00325498,0.00198877
120,79,1.00932,-0.00354523,0.0015482
120,80,1.00883,-0.00382687,0.00108168
120,81,1.00835,-0.00409887,0.000592299
120,82,1.00788,-0.00436018,8.3658e-05
120,83,1.00744,-0.00460988,-0.000441195
120,84,1.00702,-0.00484709,-0.000978424
120,85,1.00664,-0.00507101,-0.00152511
120,86,1.00628,-0.00528095,-0.00207725
120,87,1.00597,-0.00547635,-0.00263216
120,88,1.00569,-0.00565671,-0.0031857
120,89,1.00546,-0.00582169,-0.00373557
120,90,1.00527,-0.00597103,-0.0042775
120,91,1.00512,-0.0061046,-0.00480966
120,92,1.00503,-0.00622235,-0.00532768
120,93,1.00498,-0.00632432,-0.00583032
120,94,1.00498,-0.00641061,-0.00631306
120,95,1.00502,-0.00648136,-0.00677529
120,96,1.00511,-0.00653676,-0.00721232
120,97,1.00525,-0.00657698,-0.00762421
120,98,1.00543,-0.00660222,-0.00800599
120,99,1.00565,-0.00661261,-0.0083584
120,100,1.00591,-0.00660829,-0.00867611
120,101,1.00621,-0.00658932,-0.0089605
120,102,1.00654,-0.00655576,-0.00920577
120,103,1.0069,-0.00650759,-0.0094139
120,104,1.00728,-0.00644479,-0.00957857
120,105,1.00769,-0.00636734,-0.00970235
120,106,1.00811,-0.00627527,-0.0097784
120,107,1.00855,-0.00616877,-0.00980991
120,108,1.009,-0.00604835,-0.00978965
120,109,1.00945,-0.00591507,-0.00972169
120,110,1.00991,-0.00577087,-0.00959883
120,111,1.01037,-0.00561892,-0.00942658
120,112,1.01082,-0.00546392,-0.00919865
120,113,1.01126,-0.0053122,-0.00892291
120,114,1.01168,-0.00517126,-0.00859499
120,115,1.0121,-0.00504854,-0.00822573
120,116,1.01249,-0.00494905,-0.00781244
120,117,1.01286,-0.00487189,-0.00736702
120,118,1.0132,-0.00480602,-0.00688441
120,119,1.01351,-0.00472654,-0.00637066
120,120,1.0138,-0.00459357,-0.00580942
120,121,1.01404,-0.00435609,-0.00519185
120,122,1.01425,-0.00396302,-0.0044856
120,123,1.01442,-0.0033812,-0.00367248
120,124,1.01454,-0.00261717,-0.00272853
120,125,1.01461,-0.00173705,-0.00167223
120,126,1.01462,-0.000882146,-0.000548474
120,127,1,-0.00343474,0
121,0,1,0,0
121,1,0.976564,-0.000525314,-0.000470433
121,2,0.97655,-0.000488581,-0.00153004
121,3,0.976618,-0.000323059,-0.002655
121,4,0.976764,-0.000132141,-0.00375743
121,5,0.976986,2.08405e-05,-0.00480116
121,6,0.977279,0.000107215,-0.00579254
121,7,0.977639,0.000126544,-0.00674211
121,8,0.978065,9.71246e-05,-0.00766982
121,9,0.978555,4.41852e-05,-0.00858177
121,10,0.979106,-9.03538e-06,-0.00948572
121,11,0.979717,-4.59722e-05,-0.0103755
121,12,0.980387,-5.76591e-05,-0.011249
121,13,0.981112,-4.13864e-05,-0.0120948
121,14,0.981891,1.42734e-06,-0.0129082
121,15,0.982722,6.72328e-05,-0.0136781
121,16,0.983601,0.000151794,-0.0144014
121,17,0.984526,0.000251055,-0.0150693
121,18,0.985495,0.00036152,-0.0156808
121,19,0.986503,0.000480345,-0.0162296
121,20,0.987546,0.000605257,-0.0167162
121,21,0.988623,0.000734417,-0.0171362
121,22,0.989727,0.000866275,-0.017491
121,23,0.990855,0.000999462,-0.0177774
121,24,0.992003,0.0011327,-0.0179975
121,25,0.993165,0.00126478,-0.0181489
121,26,0.994338,0.00139448,-0.0182343
121,27,0.995516,0.00152066,-0.0182521
121,28,0.996694,0.00164215,-0.0182053
121,29,0.997867,0.00175788,-0.0180933
121,30,0.999031,0.00186679,-0.0179192
121,31,1.00018,0.00196792,-0.0176833
121,32,1.00131,0.00206039,-0.0173893
121,33,1.00242,0.00214341,-0.0170379
121,34,1.0035,0.00221631,-0.0166333
121,35,1.00455,0.0022785,-0.0161769
121,36,1.00557,0.00232952,-0.0156734
121,37,1.00655,0.00236902,-0.0151249
121,38,1.00748,0.00239672,-0.0145361
121,39,1.00838,0.00241247,-0.0139099
121,40,1.00923,0.00241621,-0.0132514
121,41,1.01003,0.00240795,-0.0125637
121,42,1.01079,0.00238776,-0.0118522
121,43,1.0115,0.00235582,-0.0111205
121,44,1.01216,0.00231232,-0.0103739
121,45,1.01277,0.00225751,-0.00961642
121,46,1.01333,0.00219171,-0.00885337
121,47,1.01384,0.00211522,-0.00808874
121,48,1.01431,0.0020284,-0.00732786
121,49,1.01472,0.00193162,-0.00657468
121,50,1.01509,0.00182528,-0.00583431
121,51,1.01541,0.00170976,-0.00511057
121,52,1.01568,0.00158548,-0.00440824
121,53,1.01591,0.00145284,-0.00373085
121,54,1.0161,0.00131228,-0.00308276
121,55,1.01624,0.00116421,-0.00246708
121,56,1.01634,0.00100907,-0.00188761
121,57,1.0164,0.000847305,-0.00134695
121,58,1.01642,0.00067936,-0.000848235
121,59,1.0164,0.000505696,-0.000393465
121,60,1.01634,0.000326788,1.4971e-05
121,61,1.01624,0.000143123,0.00037574
121,62,1.0161,-4.47953e-05,0.000687231
121,63,1.01592,-0.000236442,0.000948819
121,64,1.01571,-0.000431274,0.00115968
121,65,1.01546,-0.000628724,0.00131988
121,66,1.01518,-0.000828203,0.00142937
121,67,1.01486,-0.00102909,0.00148886
121,68,1.01451,-0.00123076,0.00149902
121,69,1.01413,-0.00143254,0.00146115
121,70,1.01372,-0.00163374,0.00137656
121,71,1.01328,-0.00183366,0.00124707
121,72,1.01283,-0.00203156,0.00107453
121,73,1.01235,-0.0022267,0.000861178
121,74,1.01185,-0.00241834,0.000609351
121,75,1.01134,-0.00260571,0.000321607
121,76,1.01083,-0.00278805,6.78183e-07
121,77,1.0103,-0.00296461,-0.000350658
121,78,1.00978,-0.00313466,-0.000729334
121,79,1.00926,-0.0032975,-0.00113246
121,80,1.00875,-0.00345246,-0.00155669
121,81,1.00825,-0.0035989,-0.00199912
121,82,1.00777,-0.00373626,-0.0024562
121,83,1.00731,-0.00386403,-0.00292511
121,84,1.00688,-0.00398178,-0.00340212
121,85,1.00648,-0.00408916,-0.00388463
121,86,1.00611,-0.00418591,-0.00436877
121,87,1.00578,-0.00427185,-0.00485227
121,88,1.00549,-0.00434692,-0.00533113
121,89,1.00525,-0.00441113,-0.00580353
121,90,1.00504,-0.00446459,-0.00626537
121,91,1.00489,-0.00450748,-0.00671536
121,92,1.00478,-0.00454007,-0.00714931
121,93,1.00473,-0.00456267,-0.00756654
121,94,1.00472,-0.00457563,-0.00796271
121,95,1.00476,-0.00457936,-0.00833781
121,96,1.00484,-0.00457422,-0.00868733
121,97,1.00498,-0.00456062,-0.00901192
121,98,1.00515,-0.0045389,-0.0093068
121,99,1.00537,-0.00450939,-0.00957329
121,100,1.00563,-0.00447234,-0.0098062
121,101,1.00592,-0.00442799,-0.0100075
121,102,1.00625,-0.00437647,-0.0101716
121,103,1.00661,-0.00431787,-0.0103009
121,104,1.007,-0.00425221,-0.0103893
121,105,1.00741,-0.00417949,-0.0104398
121,106,1.00783,-0.00409969,-0.0104457
121,107,1.00828,-0.00401285,-0.0104106
121,108,1.00873,-0.00391924,-0.0103272
121,109,1.00919,-0.00381949,-0.0102
121,110,1.00966,-0.00371491,-0.0100216
121,111,1.01012,-0.00360777,-0.00979784
121,112,1.01058,-0.00350158,-0.00952224
121,113,1.01103,-0.0034012,-0.00920296
121,114,1.01146,-0.00331251,-0.00883536
121,115,1.01188,-0.00324144,-0.00843067
121,116,1.01228,-0.00319203,-0.00798608
121,117,1.01266,-0.0031636,-0.007514
121,118,1.01302,-0.00314718,-0.00700936
121,119,1.01334,-0.00312234,-0.00647865
121,120,1.01364,-0.00305581,-0.00590501
121,121,1.0139,-0.002904,-0.00527878
121,122,1.01412,-0.00262055,-0.00456492
121,123,1.0143,-0.00216921,-0.00374201
121,124,1.01443,-0.0015381,-0.00278073
121,125,1.01451,-0.000754426,-0.00169984
121,126,1.01452,9.91291e-05,-0.000559879
121,127,1,-0.00343474,0
122,0,1,0,0
122,1,0.976634,0.000552965,-0.000471891
122,2,0.976617,0.000735256,-0.00154528
122,3,0.976694,0.000917556,-0.00267327
122,4,0.976851,0.00107687,-0.00376792
122,5,0.977084,0.00119447,-0.00479856
122,6,0.977386,0.0012627,-0.00577678
122,7,0.977755,0.00128546,-0.00671539
122,8,0.978189,0.00127724,-0.0076348
122,9,0.978686,0.00125679,-0.00854037
122,10,0.979244,0.00124102,-0.00943949
122,11,0.979863,0.00124167,-0.0103254
122,12,0.98054,0.00126462,-0.0111963
122,13,0.981274,0.00131099,-0.0120404
122,14,0.982062,0.00137883,-0.0128539
122,15,0.982903,0.00146462,-0.0136257
122,16,0.983792,0.00156447,-0.0143533
122,17,0.984728,0.0016747,-0.0150283
122,18,0.985708,0.00179216,-0.0156502
122,19,0.986728,0.0019143,-0.0162128
122,20,0.987784,0.00203906,-0.0167171
122,21,0.988872,0.00216477,-0.0171584
122,22,0.989989,0.00229007,-0.0175386
122,23,0.99113,0.00241375,-0.0178542
122,24,0.99229,0.00253474,-0.0181074
122,25,0.993465,0.00265208,-0.0182958
122,26,0.99465,0.00276484,-0.0184218
122,27,0.99584,0.00287215,-0.0184836
122,28,0.99703,0.00297323,-0.0184843
122,29,0.998215,0.00306734,-0.0184226
122,30,0.999391,0.00315381,-0.0183019
122,31,1.00055,0.00323206,-0.0181219
122,32,1.00169,0.00330159,-0.017886
122,33,1.00281,0.00336198,-0.0175948
122,34,1.0039,0.0034129,-0.0172521
122,35,1.00496,0.00345409,-0.0168592
122,36,1.00598,0.00348538,-0.0164203
122,37,1.00696,0.00350668,-0.0159372
122,38,1.0079,0.00351797,-0.0154145
122,39,1.0088,0.00351927,-0.0148548
122,40,1.00965,0.00351067,-0.0142628
122,41,1.01045,0.0034923,-0.0136416
122,42,1.01121,0.00346434,-0.0129963
122,43,1.01192,0.00342699,-0.0123302
122,44,1.01257,0.00338047,-0.0116485
122,45,1.01318,0.00332501,-0.010955
122,46,1.01373,0.00326087,-0.0102549
122,47,1.01424,0.0031883,-0.00955187
122,48,1.01469,0.00310755,-0.00885123
122,49,1.0151,0.00301887,-0.00815672
122,50,1.01545,0.0029225,-0.00747333
122,51,1.01576,0.00281869,-0.00680473
122,52,1.01603,0.00270764,-0.00615556
122,53,1.01625,0.00258959,-0.00552923
122,54,1.01642,0.00246473,-0.00492995
122,55,1.01655,0.00233326,-0.0043607
122,56,1.01664,0.00219538,-0.00382514
122,57,1.01668,0.00205126,-0.00332575
122,58,1.01669,0.00190109,-0.00286552
122,59,1.01665,0.00174505,-0.00244631
122,60,1.01657,0.00158331,-0.00207037
122,61,1.01646,0.00141607,-0.00173891
122,62,1.0163,0.00124352,-0.00145338
122,63,1.01611,0.00106589,-0.00121429
122,64,1.01588,0.000883403,-0.00102233
122,65,1.01562,0.00069632,-0.00087729
122,66,1.01532,0.000504929,-0.000779113
122,67,1.01498,0.00030955,-0.000726964
122,68,1.01462,0.000110542,-0.000720076
122,69,1.01422,-9.16959e-05,-0.000757051
122,70,1.0138,-0.00029672,-0.000836505
122,71,1.01335,-0.000504042,-0.000956565
122,72,1.01287,-0.000713124,-0.00111532
122,73,1.01238,-0.000923384,-0.00131052
122,74,1.01187,-0.00113419,-0.00153982
122,75,1.01134,-0.00134488,-0.00180071
122,76,1.01081,-0.00155473,-0.00209046
122,77,1.01027,-0.00176301,-0.00240643
122,78,1.00973,-0.00196894,-0.00274558
122,79,1.0092,-0.00217174,-0.00310522
122,80,1.00868,-0.00237063,-0.0034821
122,81,1.00817,-0.0025648,-0.00387355
122,82,1.00767,-0.00275349,-0.00427614
122,83,1.0072,-0.00293595,-0.00468738
122,84,1.00676,-0.00311146,-0.00510368
122,85,1.00635,-0.00327936,-0.0055228
122,86,1.00597,-0.00343904,-0.00594105
122,87,1.00563,-0.00358997,-0.00635656
122,88,1.00534,-0.00373166,-0.00676552
122,89,1.00508,-0.00386374,-0.00716654
122,90,1.00488,-0.00398587,-0.0075557
122,91,1.00472,-0.00409783,-0.00793216
122,92,1.00461,-0.00419944,-0.0082919
122,93,1.00454,-0.00429059,-0.00863471
122,94,1.00453,-0.00437126,-0.00895641
122,95,1.00457,-0.00444143,-0.00925746
122,96,1.00465,-0.00450114,-0.00953346
122,97,1.00478,-0.00455046,-0.00978558
122,98,1.00496,-0.00458947,-0.0100091
122,99,1.00517,-0.00461824,-0.0102059
122,100,1.00543,-0.00463686,-0.0103708
122,101,1.00573,-0.0046454,-0.0105063
122,102,1.00606,-0.00464392,-0.0106069
122,103,1.00642,-0.00463245,-0.0106755
122,104,1.00681,-0.00461104,-0.0107059
122,105,1.00722,-0.00457972,-0.0107018
122,106,1.00765,-0.00453855,-0.0106564
122,107,1.0081,-0.00448766,-0.0105738
122,108,1.00856,-0.00442738,-0.0104466
122,109,1.00902,-0.00435833,-0.0102797
122,110,1.00949,-0.00428166,-0.0100656
122,111,1.00996,-0.00419925,-0.0098105
122,112,1.01043,-0.00411397,-0.00950758
122,113,1.01088,-0.00402974,-0.00916528
122,114,1.01133,-0.00395137,-0.00877871
122,115,1.01176,-0.00388391,-0.00835939
122,116,1.01216,-0.00383126,-0.00790442
122,117,1.01255,-0.00379413,-0.00742685
122,118,1.01291,-0.00376737,-0.0069219
122,119,1.01325,-0.00373754,-0.00639716
122,120,1.01355,-0.0036815,-0.00583618
122,121,1.01383,-0.00356744,-0.00522977
122,122,1.01406,-0.00335892,-0.00454084
122,123,1.01426,-0.0030205,-0.00374303
122,124,1.0144,-0.00252148,-0.00279858
122,125,1.01449,-0.00184371,-0.00171791
122,126,1.0145,-0.000988406,-0.00056003
122,127,1,-0.00343474,0
123,0,1,0,0
123,1,0.976621,-0.000264979,-0.000473963
123,2,0.976609,4.47008e-05,-0.00153331
123,3,0.976703,0.000206067,-0.00261806
123,4,0.976878,0.000295434,-0.00365159
123,5,0.977125,0.000342362,-0.00461871
123,6,0.977438,0.000354894,-0.00553918
123,7,0.977816,0.000337907,-0.00642666
123,8,0.978258,0.000300113,-0.00730005
123,9,0.978762,0.000252947,-0.00816261
123,10,0.979328,0.000206953,-0.0090206
123,11,0.979954,0.000169537,-0.00986654
123,12,0.98064,0.000144498,-0.0106988
123,13,0.981382,0.000132724,-0.0115057
123,14,0.982179,0.000133252,-0.0122844
123,15,0.983029,0.000144247,-0.0130241
123,16,0.983929,0.000163685,-0.0137233
123,17,0.984876,0.000189726,-0.0143738
123,18,0.985866,0.000220858,-0.0149761
123,19,0.986897,0.000255906,-0.0155239
123,20,0.987965,0.000293955,-0.0160188
123,21,0.989066,0.000334279,-0.0164562
123,22,0.990195,0.000376251,-0.0168381
123,23,0.991348,0.000419299,-0.017161
123,24,0.992521,0.000462856,-0.0174272
123,25,0.993709,0.000506355,-0.0176339
123,26,0.994906,0.000549213,-0.0177837
123,27,0.996109,0.000590844,-0.0178744
123,28,0.997311,0.000630662,-0.0179088
123,29,0.998508,0.000668096,-0.0178855
123,30,0.999694,0.000702604,-0.0178076
123,31,1.00087,0.000733681,-0.0176744
123,32,1.00202,0.00076087,-0.0174891
123,33,1.00314,0.000783774,-0.0172517
123,34,1.00424,0.000802055,-0.0169661
123,35,1.00531,0.000815445,-0.0166328
123,36,1.00633,0.000823737,-0.0162558
123,37,1.00732,0.000826797,-0.0158367
123,38,1.00827,0.00082455,-0.0153797
123,39,1.00917,0.000816983,-0.0148869
123,40,1.01002,0.000804134,-0.0143628
123,41,1.01083,0.000786091,-0.0138102
123,42,1.01158,0.000762981,-0.0132337
123,43,1.01229,0.000734965,-0.0126365
123,44,1.01294,0.00070223,-0.0120236
123,45,1.01354,0.000664982,-0.0113981
123,46,1.01409,0.00062344,-0.0107653
123,47,1.01459,0.000577831,-0.0101285
123,48,1.01504,0.000528381,-0.00949266
123,49,1.01544,0.000475315,-0.00886135
123,50,1.01579,0.00041885,-0.00823929
123,51,1.01609,0.000359195,-0.00762987
123,52,1.01634,0.000296545,-0.00703752
123,53,1.01655,0.000231084,-0.00646538
123,54,1.01671,0.000162978,-0.00591745
123,55,1.01683,9.23841e-05,-0.00539649
123,56,1.01691,1.94411e-05,-0.00490592
123,57,1.01694,-5.57213e-05,-0.00444804
123,58,1.01693,-0.000132985,-0.00402561
123,59,1.01688,-0.000212239,-0.00364034
123,60,1.01679,-0.000293378,-0.00329429
123,61,1.01666,-0.000376298,-0.00298852
123,62,1.01649,-0.000460891,-0.00272434
123,63,1.01629,-0.000547047,-0.00250215
123,64,1.01605,-0.000634641,-0.00232252
123,65,1.01577,-0.000723539,-0.00218519
123,66,1.01545,-0.000813585,-0.00209003
123,67,1.0151,-0.000904605,-0.00203619
123,68,1.01472,-0.0009964,-0.00202289
123,69,1.01431,-0.00108874,-0.00204877
123,70,1.01387,-0.00118138,-0.0021125
123,71,1.01341,-0.00127404,-0.00221229
123,72,1.01292,-0.00136639,-0.00234633
123,73,1.01241,-0.00145812,-0.00251253
123,74,1.01188,-0.00154885,-0.00270869
123,75,1.01135,-0.0016382,-0.00293251
123,76,1.0108,-0.00172577,-0.00318147
123,77,1.01025,-0.00181116,-0.00345319
123,78,1.0097,-0.00189394,-0.00374486
123,79,1.00915,-0.0019737,-0.00405411
123,80,1.00861,-0.00205003,-0.00437793
123,81,1.00809,-0.00212255,-0.00471403
123,82,1.00758,-0.00219089,-0.00505922
123,83,1.0071,-0.00225472,-0.0054114
123,84,1.00665,-0.00231375,-0.00576724
123,85,1.00623,-0.00236773,-0.0061249
123,86,1.00584,-0.00241646,-0.00648092
123,87,1.00549,-0.00245981,-0.00683382
123,88,1.00519,-0.00249771,-0.00718001
123,89,1.00493,-0.00253011,-0.00751849
123,90,1.00471,-0.00255708,-0.00784551
123,91,1.00454,-0.00257869,-0.00816061
123,92,1.00443,-0.0025951,-0.00845991
123,93,1.00436,-0.00260649,-0.00874353
123,94,1.00434,-0.00261308,-0.0090074
123,95,1.00438,-0.0026151,-0.00925233
123,96,1.00446,-0.00261283,-0.00947398
123,97,1.00458,-0.00260652,-0.00967383
123,98,1.00476,-0.00259644,-0.00984723
123,99,1.00498,-0.00258282,-0.00999636
123,100,1.00523,-0.0025659,-0.0101161
123,101,1.00553,-0.00254586,-0.0102094
123,102,1.00586,-0.00252287,-0.0102705
123,103,1.00623,-0.00249704,-0.010303
123,104,1.00662,-0.00246847,-0.0103006
123,105,1.00703,-0.00243718,-0.0102674
123,106,1.00747,-0.00240321,-0.0101966
123,107,1.00792,-0.00236656,-0.0100928
123,108,1.00839,-0.00232735,-0.00994852
123,109,1.00886,-0.00228581,-0.00976908
123,110,1.00934,-0.00224254,-0.00954689
123,111,1.00982,-0.00219858,-0.00928837
123,112,1.01029,-0.00215566,-0.00898654
123,113,1.01075,-0.00211626,-0.00864996
123,114,1.0112,-0.00208355,-0.00827344
123,115,1.01164,-0.00206088,-0.00786864
123,116,1.01206,-0.00205094,-0.00743248
123,117,1.01245,-0.00205424,-0.00697859
123,118,1.01282,-0.00206728,-0.00650274
123,119,1.01317,-0.0020807,-0.00601419
123,120,1.01349,-0.00207829,-0.0054984
123,121,1.01377,-0.00203752,-0.00494886
123,122,1.01403,-0.00193154,-0.00432947
123,123,1.01424,-0.00172922,-0.0036107
123,124,1.01442,-0.0013891,-0.0027408
123,125,1.01453,-0.000846854,-0.00170982
123,126,1.01455,-1.37271e-06,-0.000566622
123,127,1,-0.00343474,0
124,0,1,0,0
124,1,0.976494,0.000818558,-0.00046767
124,2,0.976517,0.00120534,-0.00145753
124,3,0.976642,0.00133257,-0.00240352
124,4,0.976847,0.00137486,-0.00328294
124,5,0.977111,0.00139589,-0.00410812
124,6,0.977436,0.00140483,-0.00490255
124,7,0.977822,0.00140321,-0.00567541
124,8,0.97827,0.00139466,-0.00644115
124,9,0.978781,0.00138506,-0.00719979
124,10,0.979353,0.0013801,-0.00795602
124,11,0.979985,0.00138365,-0.0087017
124,12,0.980677,0.00139733,-0.00943561
124,13,0.981427,0.00142101,-0.0101469
124,14,0.982233,0.00145344,-0.0108336
124,15,0.983092,0.00149286,-0.0114861
124,16,0.984001,0.00153746,-0.0121039
124,17,0.984958,0.00158562,-0.0126795
124,18,0.985959,0.00163595,-0.0132141
124,19,0.987002,0.00168733,-0.0137019
124,20,0.988081,0.00173888,-0.0141449
124,21,0.989193,0.00178984,-0.0145387
124,22,0.990334,0.00183961,-0.0148855
124,23,0.991499,0.00188764,-0.0151816
124,24,0.992684,0.00193345,-0.0154295
124,25,0.993884,0.00197659,-0.0156263
124,26,0.995093,0.00201665,-0.0157743
124,27,0.996308,0.00205325,-0.0158713
124,28,0.997521,0.00208606,-0.0159198
124,29,0.99873,0.00211479,-0.015918
124,30,0.999927,0.0021392,-0.0158689
124,31,1.00111,0.00215909,-0.0157711
124,32,1.00227,0.00217432,-0.0156279
124,33,1.00341,0.0021848,-0.0154387
124,34,1.00451,0.0021905,-0.0152069
124,35,1.00559,0.00219142,-0.0149328
124,36,1.00662,0.00218762,-0.0146199
124,37,1.00762,0.0021792,-0.0142692
124,38,1.00857,0.0021663,-0.0138847
124,39,1.00947,0.00214907,-0.0134679
124,40,1.01033,0.0021277,-0.013023
124,41,1.01113,0.00210239,-0.0125521
124,42,1.01189,0.00207334,-0.0120596
124,43,1.01259,0.00204078,-0.011548
124,44,1.01325,0.0020049,-0.0110218
124,45,1.01384,0.00196591,-0.0104838
124,46,1.01439,0.00192399,-0.00993856
124,47,1.01489,0.00187931,-0.00938902
124,48,1.01533,0.00183203,-0.00883963
124,49,1.01572,0.00178227,-0.00829337
124,50,1.01606,0.00173012,-0.00775449
124,51,1.01636,0.00167567,-0.00722586
124,52,1.0166,0.00161896,-0.00671143
124,53,1.0168,0.00156001,-0.00621384
124,54,1.01695,0.00149882,-0.00573661
124,55,1.01706,0.00143535,-0.00528206
124,56,1.01713,0.00136955,-0.00485321
124,57,1.01715,0.00130135,-0.00445192
124,58,1.01713,0.00123063,-0.00408062
124,59,1.01707,0.00115729,-0.0037407
124,60,1.01697,0.00108122,-0.00343392
124,61,1.01683,0.00100227,-0.00316113
124,62,1.01665,0.000920321,-0.00292344
124,63,1.01643,0.000835249,-0.00272113
124,64,1.01617,0.000746942,-0.00255469
124,65,1.01588,0.000655307,-0.00242385
124,66,1.01556,0.000560274,-0.00232851
124,67,1.0152,0.000461805,-0.00226793
124,68,1.0148,0.0003599,-0.00224146
124,69,1.01438,0.000254599,-0.00224797
124,70,1.01393,0.00014599,-0.00228636
124,71,1.01345,3.4208e-05,-0.00235517
124,72,1.01295,-8.05569e-05,-0.00245293
124,73,1.01243,-0.000198064,-0.00257795
124,74,1.01189,-0.000318017,-0.00272841
124,75,1.01134,-0.000440071,-0.00290252
124,76,1.01078,-0.00056383,-0.00309818
124,77,1.01022,-0.000688858,-0.00331351
124,78,1.00966,-0.000814675,-0.0035462
124,79,1.0091,-0.000940774,-0.00379437
124,80,1.00855,-0.00106662,-0.0040555
124,81,1.00802,-0.00119166,-0.00432781
124,82,1.00751,-0.00131533,-0.00460855
124,83,1.00702,-0.00143709,-0.00489612
124,84,1.00656,-0.00155637,-0.00518757
124,85,1.00613,-0.00167265,-0.00548154
124,86,1.00573,-0.00178543,-0.00577489
124,87,1.00538,-0.00189423,-0.00606657
124,88,1.00507,-0.00199862,-0.00635326
124,89,1.00481,-0.0020982,-0.00663429
124,90,1.00459,-0.00219265,-0.00690615
124,91,1.00442,-0.00228165,-0.00716867
124,92,1.0043,-0.00236496,-0.00741809
124,93,1.00423,-0.00244238,-0.00765483
124,94,1.00421,-0.00251375,-0.00787487
124,95,1.00424,-0.00257896,-0.00807926
124,96,1.00432,-0.00263792,-0.00826368
124,97,1.00445,-0.0026906,-0.00842985
124,98,1.00463,-0.00273695,-0.00857311
124,99,1.00485,-0.002777,-0.00869586
124,100,1.00511,-0.00281075,-0.00879303
124,101,1.00541,-0.00283824,-0.00886769
124,102,1.00574,-0.00285952,-0.0089143
124,103,1.00611,-0.00287465,-0.00893656
124,104,1.0065,-0.0028837,-0.00892839
124,105,1.00693,-0.00288673,-0.0088941
124,106,1.00737,-0.00288386,-0.00882701
124,107,1.00782,-0.00287521,-0.00873203
124,108,1.0083,-0.00286097,-0.0086019
124,109,1.00877,-0.00284149,-0.00844221
124,110,1.00926,-0.00281726,-0.00824539
124,111,1.00974,-0.0027891,-0.0080181
124,112,1.01022,-0.00275823,-0.00775316
124,113,1.01069,-0.00272633,-0.00745916
124,114,1.01115,-0.0026955,-0.00713044
124,115,1.01159,-0.00266811,-0.0067785
124,116,1.01202,-0.00264629,-0.00639977
124,117,1.01242,-0.0026312,-0.00600804
124,118,1.0128,-0.00262201,-0.00559947
124,119,1.01315,-0.00261494,-0.0051852
124,120,1.01348,-0.00260263,-0.00475362
124,121,1.01378,-0.00257449,-0.00430331
124,122,1.01405,-0.00251747,-0.00380413
124,123,1.01429,-0.0024137,-0.00323148
124,124,1.01451,-0.00222911,-0.00252711
124,125,1.01466,-0.00186356,-0.00164338
124,126,1.01472,-0.00109938,-0.000562188
124,127,1,-0.00343474,0
125,0,1,0,0
125,1,0.976205,-7.12872e-05,-0.000434152
125,2,0.976349,0.00024483,-0.00121062
125,3,0.976535,0.000291156,-0.00186956
125,4,0.976767,0.000274039,-0.00247347
125,5,0.977047,0.00025573,-0.00305278
125,6,0.97738,0.000236181,-0.00362476
125,7,0.977773,0.000211889,-0.00418854
125,8,0.978226,0.000182917,-0.00475183
125,9,0.978741,0.000151071,-0.00531116
125,10,0.979318,0.000118346,-0.00587013
125,11,0.979956,8.62042e-05,-0.00642082
125,12,0.980654,5.54717e-05,-0.00696319
125,13,0.981411,2.64119e-05,-0.00748794
125,14,0.982224,-9.98095e-07,-0.00799485
125,15,0.983092,-2.6942e-05,-0.00847583
125,16,0.98401,-5.15742e-05,-0.00893185
125,17,0.984977,-7.50367e-05,-0.00935653
125,18,0.985988,-9.7377e-05,-0.00975183
125,19,0.98704,-0.00011864,-0.0101127
125,20,0.98813,-0.000138812,-0.0104416
125,21,0.989254,-0.000157925,-0.0107342
125,22,0.990406,-0.000175991,-0.0109932
125,23,0.991583,-0.000193089,-0.0112149
125,24,0.992779,-0.000209293,-0.0114019
125,25,0.993991,-0.000224744,-0.0115509
125,26,0.995212,-0.00023957,-0.0116646
125,27,0.996438,-0.000253955,-0.0117403
125,28,0.997664,-0.000268052,-0.0117805
125,29,0.998884,-0.000282053,-0.0117831
125,30,1.00009,-0.000296105,-0.0117507
125,31,1.00129,-0.000310374,-0.0116818
125,32,1.00246,-0.000324971,-0.0115791
125,33,1.0036,-0.000340014,-0.0114417
125,34,1.00472,-0.000355558,-0.0112726
125,35,1.0058,-0.000371659,-0.0110714
125,36,1.00684,-0.000388311,-0.0108413
125,37,1.00785,-0.000405505,-0.0105826
125,38,1.0088,-0.00042318,-0.0102985
125,39,1.00971,-0.000441271,-0.00999009
125,40,1.01057,-0.000459673,-0.00966069
125,41,1.01138,-0.000478283,-0.00931162
125,42,1.01214,-0.000496967,-0.00894649
125,43,1.01285,-0.000515601,-0.00856694
125,44,1.0135,-0.000534044,-0.0081766
125,45,1.01409,-0.000552171,-0.00777733
125,46,1.01464,-0.000569846,-0.00737274
125,47,1.01513,-0.000586959,-0.0069648
125,48,1.01557,-0.000603398,-0.00655698
125,49,1.01596,-0.000619076,-0.00615127
125,50,1.01629,-0.000633914,-0.00575093
125,51,1.01658,-0.000647862,-0.00535787
125,52,1.01682,-0.000660877,-0.00497508
125,53,1.01701,-0.000672948,-0.00460428
125,54,1.01716,-0.000684075,-0.0042481
125,55,1.01726,-0.000694285,-0.00390803
125,56,1.01731,-0.000703617,-0.00358629
125,57,1.01733,-0.000712136,-0.00328406
125,58,1.0173,-0.000719914,-0.00300312
125,59,1.01723,-0.000727041,-0.00274429
125,60,1.01712,-0.000733614,-0.00250889
125,61,1.01697,-0.00073974,-0.00229737
125,62,1.01678,-0.000745523,-0.0021106
125,63,1.01655,-0.000751073,-0.00194866
125,64,1.01628,-0.000756487,-0.001812
125,65,1.01598,-0.000761862,-0.00170038
125,66,1.01564,-0.000767274,-0.00161383
125,67,1.01527,-0.000772791,-0.00155186
125,68,1.01487,-0.000778456,-0.00151416
125,69,1.01444,-0.000784299,-0.0015
125,70,1.01397,-0.000790322,-0.00150879
125,71,1.01348,-0.000796513,-0.00153964
125,72,1.01297,-0.00080283,-0.00159167
125,73,1.01244,-0.000809219,-0.00166391
125,74,1.01189,-0.000815599,-0.00175523
125,75,1.01133,-0.000821883,-0.00186458
125,76,1.01076,-0.00082796,-0.00199061
125,77,1.01019,-0.000833719,-0.00213224
125,78,1.00962,-0.000839033,-0.00228788
125,79,1.00905,-0.000843785,-0.00245646
125,80,1.0085,-0.000847847,-0.00263616
125,81,1.00796,-0.000851112,-0.00282594
125,82,1.00744,-0.000853468,-0.00302373
125,83,1.00694,-0.000854834,-0.0032286
125,84,1.00647,-0.000855128,-0.00343821
125,85,1.00604,-0.00085431,-0.00365181
125,86,1.00564,-0.000852341,-0.00386679
125,87,1.00528,-0.000849229,-0.00408261
125,88,1.00496,-0.000844984,-0.0042964
125,89,1.00469,-0.000839668,-0.00450796
125,90,1.00447,-0.000833337,-0.00471411
125,91,1.0043,-0.000826105,-0.00491507
125,92,1.00418,-0.000818067,-0.00510736
125,93,1.00411,-0.000809378,-0.0052917
125,94,1.00409,-0.000800162,-0.0054643
125,95,1.00412,-0.000790598,-0.00562644
125,96,1.0042,-0.000780822,-0.005774
125,97,1.00433,-0.000771019,-0.00590891
125,98,1.00451,-0.000761324,-0.00602664
125,99,1.00473,-0.00075191,-0.0061298
125,100,1.00499,-0.000742893,-0.00621345
125,101,1.0053,-0.000734423,-0.0062809
125,102,1.00563,-0.00072658,-0.00632674
125,103,1.00601,-0.000719479,-0.00635494
125,104,1.00641,-0.000713154,-0.00635959
125,105,1.00683,-0.000707669,-0.00634532
125,106,1.00728,-0.000703007,-0.00630566
125,107,1.00774,-0.000699184,-0.00624588
125,108,1.00822,-0.000696153,-0.00615895
125,109,1.00871,-0.000693936,-0.0060508
125,110,1.0092,-0.000692557,-0.00591403
125,111,1.00969,-0.00069219,-0.00575548
125,112,1.01018,-0.000693122,-0.00556785
125,113,1.01066,-0.00069588,-0.00535955
125,114,1.01112,-0.000701142,-0.00512424
125,115,1.01157,-0.000709731,-0.00487272
125,116,1.012,-0.000722319,-0.00460027
125,117,1.01241,-0.000739147,-0.00431994
125,118,1.0128,-0.00075949,-0.00402735
125,119,1.01316,-0.000781276,-0.00373457
125,120,1.01349,-0.000800768,-0.00343258
125,121,1.0138,-0.000812833,-0.00312621
125,122,1.01408,-0.000812148,-0.00279626
125,123,1.01435,-0.000794867,-0.00243373
125,124,1.01461,-0.000749073,-0.00198987
125,125,1.01485,-0.000585668,-0.00139566
125,126,1.01507,-5.19369e-05,-0.000535029
125,127,1,-0.00343474,0
126,0,1,0,0
126,1,0.97581,0.000738672,-0.000273481
126,2,0.976127,0.000843854,-0.000572079
126,3,0.976411,0.000846098,-0.000773671
126,4,0.976659,0.000843031,-0.000989148
126,5,0.97694,0.00084668,-0.00121064
126,6,0.977276,0.00085305,-0.00143499
126,7,0.977672,0.000860283,-0.00165615
126,8,0.978127,0.000868622,-0.00187988
126,9,0.978645,0.000878696,-0.00210138
126,10,0.979224,0.000890955,-0.00232451
126,11,0.979866,0.000905586,-0.00254299
126,12,0.980569,0.000922511,-0.00275942
126,13,0.981332,0.00094144,-0.00296735
126,14,0.982152,0.000961946,-0.00316932
126,15,0.983027,0.000983547,-0.00335961
126,16,0.983954,0.00100576,-0.00354114
126,17,0.984929,0.00102813,-0.00370901
126,18,0.98595,0.00105024,-0.00386635
126,19,0.987012,0.00107176,-0.00400894
126,20,0.988112,0.00109237,-0.00413988
126,21,0.989245,0.00111181,-0.00425542
126,22,0.990408,0.00112986,-0.00435853
126,23,0.991595,0.00114635,-0.00444581
126,24,0.992803,0.00116113,-0.00452006
126,25,0.994026,0.00117408,-0.00457824
126,26,0.995258,0.00118511,-0.00462296
126,27,0.996496,0.00119417,-0.00465157
126,28,0.997732,0.00120124,-0.0046665
126,29,0.998963,0.00120632,-0.00466552
126,30,1.00018,0.00120942,-0.00465095
126,31,1.00139,0.00121061,-0.00462095
126,32,1.00257,0.00120995,-0.00457778
126,33,1.00372,0.00120754,-0.00452
126,34,1.00485,0.00120346,-0.00444985
126,35,1.00594,0.00119786,-0.00436627
126,36,1.00699,0.00119083,-0.00427146
126,37,1.008,0.00118252,-0.00416474
126,38,1.00896,0.00117306,-0.00404831
126,39,1.00988,0.00116257,-0.00392177
126,40,1.01074,0.00115117,-0.00378731
126,41,1.01156,0.00113898,-0.00364478
126,42,1.01232,0.00112611,-0.00349631
126,43,1.01303,0.00111266,-0.00334198
126,44,1.01368,0.00109869,-0.00318383
126,45,1.01428,0.00108427,-0.00302207
126,46,1.01482,0.00106946,-0.00285864
126,47,1.01531,0.0010543,-0.00269384
126,48,1.01575,0.00103879,-0.00252947
126,49,1.01613,0.00102295,-0.00236588
126,50,1.01647,0.00100676,-0.00220471
126,51,1.01675,0.000990187,-0.0020463
126,52,1.01698,0.000973193,-0.00189212
126,53,1.01717,0.000955724,-0.00174247
126,54,1.01731,0.000937701,-0.00159864
126,55,1.0174,0.000919049,-0.00146084
126,56,1.01745,0.000899665,-0.00133017
126,57,1.01746,0.000879451,-0.00120677
126,58,1.01742,0.000858287,-0.00109151
126,59,1.01734,0.00083606,-0.000984443
126,60,1.01722,0.00081264,-0.000886249
126,61,1.01707,0.000787907,-0.000796879
126,62,1.01687,0.000761732,-0.00071683
126,63,1.01663,0.000733999,-0.000645969
126,64,1.01636,0.000704588,-0.000584625
126,65,1.01605,0.000673402,-0.000532605
126,66,1.0157,0.00064034,-0.00049009
126,67,1.01532,0.000605332,-0.000456842
126,68,1.01491,0.00056831,-0.000432914
126,69,1.01447,0.000529242,-0.000418048
126,70,1.014,0.000488099,-0.000412171
126,71,1.0135,0.000444894,-0.000415026
126,72,1.01298,0.000399644,-0.000426415
126,73,1.01244,0.000352414,-0.000446088
126,74,1.01189,0.000303267,-0.000473714
126,75,1.01132,0.000252321,-0.000509062
126,76,1.01074,0.000199685,-0.000551646
126,77,1.01016,0.000145528,-0.000601264
126,78,1.00958,9.00002e-05,-0.000657251
126,79,1.00901,3.33161e-05,-0.000719453
126,80,1.00845,-2.43408e-05,-0.000786994
126,81,1.0079,-8.27184e-05,-0.000859793
126,82,1.00737,-0.000141611,-0.000936741
126,83,1.00687,-0.000200739,-0.00101786
126,84,1.0064,-0.000259887,-0.00110179
126,85,1.00596,-0.000318757,-0.00118871
126,86,1.00556,-0.000377138,-0.00127695
126,87,1.0052,-0.000434724,-0.00136694
126,88,1.00488,-0.000491322,-0.00145668
126,89,1.00461,-0.000546627,-0.00154689
126,90,1.00438,-0.000600472,-0.00163525
126,91,1.00421,-0.000652564,-0.00172282
126,92,1.00409,-0.000702773,-0.00180692
126,93,1.00402,-0.000750818,-0.00188905
126,94,1.004,-0.000796612,-0.00196616
126,95,1.00404,-0.000839897,-0.00204023
126,96,1.00412,-0.000880629,-0.00210778
126,97,1.00425,-0.000918574,-0.00217137
126,98,1.00443,-0.000953734,-0.00222708
126,99,1.00466,-0.0009859,-0.00227806
126,100,1.00493,-0.00101512,-0.00231989
126,101,1.00523,-0.00104122,-0.00235639
126,102,1.00558,-0.00106428,-0.0023826
126,103,1.00595,-0.00108417,-0.002403
126,104,1.00636,-0.00110101,-0.00241209
126,105,1.00679,-0.00111471,-0.00241498
126,106,1.00725,-0.00112545,-0.00240563
126,107,1.00772,-0.00113317,-0.00238976
126,108,1.0082,-0.00113811,-0.00236077
126,109,1.0087,-0.00114025,-0.00232502
126,110,1.00919,-0.0011399,-0.00227539
126,111,1.00969,-0.0011371,-0.00221896
126,112,1.01019,-0.0011322,-0.00214828
126,113,1.01067,-0.00112532,-0.00207139
126,114,1.01115,-0.00111686,-0.00198091
126,115,1.0116,-0.00110701,-0.00188614
126,116,1.01204,-0.00109625,-0.00178014
126,117,1.01245,-0.00108485,-0.0016735
126,118,1.01284,-0.00107331,-0.00155942
126,119,1.01321,-0.00106193,-0.0014487
126,120,1.01354,-0.00105112,-0.00133302
126,121,1.01386,-0.00104093,-0.00122086
126,122,1.01415,-0.00103166,-0.00109959
126,123,1.01443,-0.00102519,-0.000975101
126,124,1.01472,-0.0010242,-0.000838375
126,125,1.01511,-0.00101102,-0.000683831
126,126,1.01556,-0.000860805,-0.000345364
126,127,1,-0.00343474,0
127,0,1,0,0
127,1,1,0.00343474,0
127,2,1,0.0068612,0
127,3,1,0.0102711,0
127,4,1,0.0136563,0
127,5,1,0.0170086,0
127,6,1,0.0203199,0
127,7,1,0.0235823,0
127,8,1,0.0267878,0
127,9,1,0.0299289,0
127,10,1,0.0329978,0
127,11,1,0.0359872,0
127,12,1,0.0388899,0
127,13,1,0.041699,0
127,14,1,0.0444075,0
127,15,1,0.0470091,0
127,16,1,0.0494975,0
127,17,1,0.0518666,0
127,18,1,0.0541107,0
127,19,1,0.0562245,0
127,20,1,0.0582029,0
127,21,1,0.060041,0
127,22,1,0.0617345,0
127,23,1,0.0632793,0
127,24,1,0.0646716,0
127,25,1,0.0659081,0
127,26,1,0.0669858,0
127,27,1,0.0679022,0
127,28,1,0.068655,0
127,29,1,0.0692424,0
127,30,1,0.0696629,0
127,31,1,0.0699157,0
127,32,1,0.07,0
127,33,1,0.0699157,0
127,34,1,0.0696629,0
127,35,1,0.0692424,0
127,36,1,0.068655,0
127,37,1,0.0679022,0
127,38,1,0.0669858,0
127,39,1,0.0659081,0
127,40,1,0.0646716,0
127,41,1,0.0632793,0
127,42,1,0.0617345,0
127,43,1,0.060041,0
127,44,1,0.0582029,0
127,45,1,0.0562245,0
127,46,1,0.0541107,0
127,47,1,0.0518666,0
127,48,1,0.0494975,0
127,49,1,0.0470091,0
127,50,1,0.0444075,0
127,51,1,0.041699,0
127,52,1,0.0388899,0
127,53,1,0.0359872,0
127,54,1,0.0329978,0
127,55,1,0.0299289,0
127,56,1,0.0267878,0
127,57,1,0.0235823,0
127,58,1,0.0203199,0
127,59,1,0.0170086,0
127,60,1,0.0136563,0
127,61,1,0.0102711,0
127,62,1,0.0068612,0
127,63,1,0.00343474,0
127,64,1,8.57253e-18,0
127,65,1,-0.00343474,0
127,66,1,-0.0068612,0
127,67,1,-0.0102711,0
127,68,1,-0.0136563,0
127,69,1,-0.0170086,0
127,70,1,-0.0203199,0
127,71,1,-0.0235823,0
127,72,1,-0.0267878,0
127,73,1,-0.0299289,0
127,74,1,-0.0329978,0
127,75,1,-0.0359872,0
127,76,1,-0.0388899,0
127,77,1,-0.041699,0
127,78,1,-0.0444075,0
127,79,1,-0.0470091,0
127,80,1,-0.0494975,0
127,81,1,-0.0518666,0
127,82,1,-0.0541107,0
127,83,1,-0.0562245,0
127,84,1,-0.0582029,0
127,85,1,-0.060041,0
127,86,1,-0.0617345,0
127,87,1,-0.0632793,0
127,88,1,-0.0646716,0
127,89,1,-0.0659081,0
127,90,1,-0.0669858,0
127,91,1,-0.0679022,0
127,92,1,-0.068655,0
127,93,1,-0.0692424,0
127,94,1,-0.0696629,0
127,95,1,-0.0699157,0
127,96,1,-0.07,0
127,97,1,-0.0699157,0
127,98,1,-0.0696629,0
127,99,1,-0.0692424,0
127,100,1,-0.068655,0
127,101,1,-0.0679022,0
127,102,1,-0.0669858,0
127,103,1,-0.0659081,0
127,104,1,-0.0646716,0
127,105,1,-0.0632793,0
127,106,1,-0.0617345,0
127,107,1,-0.060041,0
127,108,1,-0.0582029,0
127,109,1,-0.0562245,0
127,110,1,-0.0541107,0
127,111,1,-0.0518666,0
127,112,1,-0.0494975,0
127,113,1,-0.0470091,0
127,114,1,-0.0444075,0
127,115,1,-0.041699,0
127,116,1,-0.0388899,0
127,117,1,-0.0359872,0
127,118,1,-0.0329978,0
127,119,1,-0.0299289,0
127,120,1,-0.0267878,0
127,121,1,-0.0235823,0
127,122,1,-0.0203199,0
127,123,1,-0.0170086,0
127,124,1,-0.0136563,0
127,125,1,-0.0102711,0
127,126,1,-0.0068612,0
127,127,1,-0.00343474,0
